day,success,error_type,error,hours,residual_load_missing_raw,residual_load_imputed_hours,residual_load_missing_timestamps,mip_status,mip_message,mip_objective_eur,lp_objective_eur,mip_node_count,mip_gap,mip_dual_bound
2022-08-07 00:00:00+02:00,False,MissingInput,"15 valeurs residual_load_gw manquantes après réparation (brut=15, max_autorisé=2)",15,15,0,2022-08-07 09:00:00+02:00 | 2022-08-07 10:00:00+02:00 | 2022-08-07 11:00:00+02:00 | 2022-08-07 12:00:00+02:00 | 2022-08-07 13:00:00+02:00 | 2022-08-07 14:00:00+02:00 | 2022-08-07 15:00:00+02:00 | 2022-08-07 16:00:00+02:00 | 2022-08-07 17:00:00+02:00 | 2022-08-07 18:00:00+02:00 | 2022-08-07 19:00:00+02:00 | 2022-08-07 20:00:00+02:00 | 2022-08-07 21:00:00+02:00 | 2022-08-07 22:00:00+02:00 | 2022-08-07 23:00:00+02:00,,,,,,,
2022-08-08 00:00:00+02:00,False,MissingInput,"24 valeurs residual_load_gw manquantes après réparation (brut=24, max_autorisé=2)",24,24,0,2022-08-08 00:00:00+02:00 | 2022-08-08 01:00:00+02:00 | 2022-08-08 02:00:00+02:00 | 2022-08-08 03:00:00+02:00 | 2022-08-08 04:00:00+02:00 | 2022-08-08 05:00:00+02:00 | 2022-08-08 06:00:00+02:00 | 2022-08-08 07:00:00+02:00 | 2022-08-08 08:00:00+02:00 | 2022-08-08 09:00:00+02:00 | 2022-08-08 10:00:00+02:00 | 2022-08-08 11:00:00+02:00 | 2022-08-08 12:00:00+02:00 | 2022-08-08 13:00:00+02:00 | 2022-08-08 14:00:00+02:00 | 2022-08-08 15:00:00+02:00 | 2022-08-08 16:00:00+02:00 | 2022-08-08 17:00:00+02:00 | 2022-08-08 18:00:00+02:00 | 2022-08-08 19:00:00+02:00 | 2022-08-08 20:00:00+02:00 | 2022-08-08 21:00:00+02:00 | 2022-08-08 22:00:00+02:00 | 2022-08-08 23:00:00+02:00,,,,,,,
2022-08-09 00:00:00+02:00,False,MissingInput,"24 valeurs residual_load_gw manquantes après réparation (brut=24, max_autorisé=2)",24,24,0,2022-08-09 00:00:00+02:00 | 2022-08-09 01:00:00+02:00 | 2022-08-09 02:00:00+02:00 | 2022-08-09 03:00:00+02:00 | 2022-08-09 04:00:00+02:00 | 2022-08-09 05:00:00+02:00 | 2022-08-09 06:00:00+02:00 | 2022-08-09 07:00:00+02:00 | 2022-08-09 08:00:00+02:00 | 2022-08-09 09:00:00+02:00 | 2022-08-09 10:00:00+02:00 | 2022-08-09 11:00:00+02:00 | 2022-08-09 12:00:00+02:00 | 2022-08-09 13:00:00+02:00 | 2022-08-09 14:00:00+02:00 | 2022-08-09 15:00:00+02:00 | 2022-08-09 16:00:00+02:00 | 2022-08-09 17:00:00+02:00 | 2022-08-09 18:00:00+02:00 | 2022-08-09 19:00:00+02:00 | 2022-08-09 20:00:00+02:00 | 2022-08-09 21:00:00+02:00 | 2022-08-09 22:00:00+02:00 | 2022-08-09 23:00:00+02:00,,,,,,,
2022-08-10 00:00:00+02:00,False,MissingInput,"24 valeurs residual_load_gw manquantes après réparation (brut=24, max_autorisé=2)",24,24,0,2022-08-10 00:00:00+02:00 | 2022-08-10 01:00:00+02:00 | 2022-08-10 02:00:00+02:00 | 2022-08-10 03:00:00+02:00 | 2022-08-10 04:00:00+02:00 | 2022-08-10 05:00:00+02:00 | 2022-08-10 06:00:00+02:00 | 2022-08-10 07:00:00+02:00 | 2022-08-10 08:00:00+02:00 | 2022-08-10 09:00:00+02:00 | 2022-08-10 10:00:00+02:00 | 2022-08-10 11:00:00+02:00 | 2022-08-10 12:00:00+02:00 | 2022-08-10 13:00:00+02:00 | 2022-08-10 14:00:00+02:00 | 2022-08-10 15:00:00+02:00 | 2022-08-10 16:00:00+02:00 | 2022-08-10 17:00:00+02:00 | 2022-08-10 18:00:00+02:00 | 2022-08-10 19:00:00+02:00 | 2022-08-10 20:00:00+02:00 | 2022-08-10 21:00:00+02:00 | 2022-08-10 22:00:00+02:00 | 2022-08-10 23:00:00+02:00,,,,,,,
2022-08-11 00:00:00+02:00,False,MissingInput,"24 valeurs residual_load_gw manquantes après réparation (brut=24, max_autorisé=2)",24,24,0,2022-08-11 00:00:00+02:00 | 2022-08-11 01:00:00+02:00 | 2022-08-11 02:00:00+02:00 | 2022-08-11 03:00:00+02:00 | 2022-08-11 04:00:00+02:00 | 2022-08-11 05:00:00+02:00 | 2022-08-11 06:00:00+02:00 | 2022-08-11 07:00:00+02:00 | 2022-08-11 08:00:00+02:00 | 2022-08-11 09:00:00+02:00 | 2022-08-11 10:00:00+02:00 | 2022-08-11 11:00:00+02:00 | 2022-08-11 12:00:00+02:00 | 2022-08-11 13:00:00+02:00 | 2022-08-11 14:00:00+02:00 | 2022-08-11 15:00:00+02:00 | 2022-08-11 16:00:00+02:00 | 2022-08-11 17:00:00+02:00 | 2022-08-11 18:00:00+02:00 | 2022-08-11 19:00:00+02:00 | 2022-08-11 20:00:00+02:00 | 2022-08-11 21:00:00+02:00 | 2022-08-11 22:00:00+02:00 | 2022-08-11 23:00:00+02:00,,,,,,,
2022-08-12 00:00:00+02:00,False,MissingInput,"24 valeurs residual_load_gw manquantes après réparation (brut=24, max_autorisé=2)",24,24,0,2022-08-12 00:00:00+02:00 | 2022-08-12 01:00:00+02:00 | 2022-08-12 02:00:00+02:00 | 2022-08-12 03:00:00+02:00 | 2022-08-12 04:00:00+02:00 | 2022-08-12 05:00:00+02:00 | 2022-08-12 06:00:00+02:00 | 2022-08-12 07:00:00+02:00 | 2022-08-12 08:00:00+02:00 | 2022-08-12 09:00:00+02:00 | 2022-08-12 10:00:00+02:00 | 2022-08-12 11:00:00+02:00 | 2022-08-12 12:00:00+02:00 | 2022-08-12 13:00:00+02:00 | 2022-08-12 14:00:00+02:00 | 2022-08-12 15:00:00+02:00 | 2022-08-12 16:00:00+02:00 | 2022-08-12 17:00:00+02:00 | 2022-08-12 18:00:00+02:00 | 2022-08-12 19:00:00+02:00 | 2022-08-12 20:00:00+02:00 | 2022-08-12 21:00:00+02:00 | 2022-08-12 22:00:00+02:00 | 2022-08-12 23:00:00+02:00,,,,,,,
2022-08-13 00:00:00+02:00,False,MissingInput,"24 valeurs residual_load_gw manquantes après réparation (brut=24, max_autorisé=2)",24,24,0,2022-08-13 00:00:00+02:00 | 2022-08-13 01:00:00+02:00 | 2022-08-13 02:00:00+02:00 | 2022-08-13 03:00:00+02:00 | 2022-08-13 04:00:00+02:00 | 2022-08-13 05:00:00+02:00 | 2022-08-13 06:00:00+02:00 | 2022-08-13 07:00:00+02:00 | 2022-08-13 08:00:00+02:00 | 2022-08-13 09:00:00+02:00 | 2022-08-13 10:00:00+02:00 | 2022-08-13 11:00:00+02:00 | 2022-08-13 12:00:00+02:00 | 2022-08-13 13:00:00+02:00 | 2022-08-13 14:00:00+02:00 | 2022-08-13 15:00:00+02:00 | 2022-08-13 16:00:00+02:00 | 2022-08-13 17:00:00+02:00 | 2022-08-13 18:00:00+02:00 | 2022-08-13 19:00:00+02:00 | 2022-08-13 20:00:00+02:00 | 2022-08-13 21:00:00+02:00 | 2022-08-13 22:00:00+02:00 | 2022-08-13 23:00:00+02:00,,,,,,,
2022-08-14 00:00:00+02:00,False,MissingInput,"24 valeurs residual_load_gw manquantes après réparation (brut=24, max_autorisé=2)",24,24,0,2022-08-14 00:00:00+02:00 | 2022-08-14 01:00:00+02:00 | 2022-08-14 02:00:00+02:00 | 2022-08-14 03:00:00+02:00 | 2022-08-14 04:00:00+02:00 | 2022-08-14 05:00:00+02:00 | 2022-08-14 06:00:00+02:00 | 2022-08-14 07:00:00+02:00 | 2022-08-14 08:00:00+02:00 | 2022-08-14 09:00:00+02:00 | 2022-08-14 10:00:00+02:00 | 2022-08-14 11:00:00+02:00 | 2022-08-14 12:00:00+02:00 | 2022-08-14 13:00:00+02:00 | 2022-08-14 14:00:00+02:00 | 2022-08-14 15:00:00+02:00 | 2022-08-14 16:00:00+02:00 | 2022-08-14 17:00:00+02:00 | 2022-08-14 18:00:00+02:00 | 2022-08-14 19:00:00+02:00 | 2022-08-14 20:00:00+02:00 | 2022-08-14 21:00:00+02:00 | 2022-08-14 22:00:00+02:00 | 2022-08-14 23:00:00+02:00,,,,,,,
2022-08-15 00:00:00+02:00,False,MissingInput,"24 valeurs residual_load_gw manquantes après réparation (brut=24, max_autorisé=2)",24,24,0,2022-08-15 00:00:00+02:00 | 2022-08-15 01:00:00+02:00 | 2022-08-15 02:00:00+02:00 | 2022-08-15 03:00:00+02:00 | 2022-08-15 04:00:00+02:00 | 2022-08-15 05:00:00+02:00 | 2022-08-15 06:00:00+02:00 | 2022-08-15 07:00:00+02:00 | 2022-08-15 08:00:00+02:00 | 2022-08-15 09:00:00+02:00 | 2022-08-15 10:00:00+02:00 | 2022-08-15 11:00:00+02:00 | 2022-08-15 12:00:00+02:00 | 2022-08-15 13:00:00+02:00 | 2022-08-15 14:00:00+02:00 | 2022-08-15 15:00:00+02:00 | 2022-08-15 16:00:00+02:00 | 2022-08-15 17:00:00+02:00 | 2022-08-15 18:00:00+02:00 | 2022-08-15 19:00:00+02:00 | 2022-08-15 20:00:00+02:00 | 2022-08-15 21:00:00+02:00 | 2022-08-15 22:00:00+02:00 | 2022-08-15 23:00:00+02:00,,,,,,,
2022-08-16 00:00:00+02:00,False,MissingInput,"24 valeurs residual_load_gw manquantes après réparation (brut=24, max_autorisé=2)",24,24,0,2022-08-16 00:00:00+02:00 | 2022-08-16 01:00:00+02:00 | 2022-08-16 02:00:00+02:00 | 2022-08-16 03:00:00+02:00 | 2022-08-16 04:00:00+02:00 | 2022-08-16 05:00:00+02:00 | 2022-08-16 06:00:00+02:00 | 2022-08-16 07:00:00+02:00 | 2022-08-16 08:00:00+02:00 | 2022-08-16 09:00:00+02:00 | 2022-08-16 10:00:00+02:00 | 2022-08-16 11:00:00+02:00 | 2022-08-16 12:00:00+02:00 | 2022-08-16 13:00:00+02:00 | 2022-08-16 14:00:00+02:00 | 2022-08-16 15:00:00+02:00 | 2022-08-16 16:00:00+02:00 | 2022-08-16 17:00:00+02:00 | 2022-08-16 18:00:00+02:00 | 2022-08-16 19:00:00+02:00 | 2022-08-16 20:00:00+02:00 | 2022-08-16 21:00:00+02:00 | 2022-08-16 22:00:00+02:00 | 2022-08-16 23:00:00+02:00,,,,,,,
2022-08-17 00:00:00+02:00,False,MissingInput,"24 valeurs residual_load_gw manquantes après réparation (brut=24, max_autorisé=2)",24,24,0,2022-08-17 00:00:00+02:00 | 2022-08-17 01:00:00+02:00 | 2022-08-17 02:00:00+02:00 | 2022-08-17 03:00:00+02:00 | 2022-08-17 04:00:00+02:00 | 2022-08-17 05:00:00+02:00 | 2022-08-17 06:00:00+02:00 | 2022-08-17 07:00:00+02:00 | 2022-08-17 08:00:00+02:00 | 2022-08-17 09:00:00+02:00 | 2022-08-17 10:00:00+02:00 | 2022-08-17 11:00:00+02:00 | 2022-08-17 12:00:00+02:00 | 2022-08-17 13:00:00+02:00 | 2022-08-17 14:00:00+02:00 | 2022-08-17 15:00:00+02:00 | 2022-08-17 16:00:00+02:00 | 2022-08-17 17:00:00+02:00 | 2022-08-17 18:00:00+02:00 | 2022-08-17 19:00:00+02:00 | 2022-08-17 20:00:00+02:00 | 2022-08-17 21:00:00+02:00 | 2022-08-17 22:00:00+02:00 | 2022-08-17 23:00:00+02:00,,,,,,,
2022-08-18 00:00:00+02:00,False,MissingInput,"24 valeurs residual_load_gw manquantes après réparation (brut=24, max_autorisé=2)",24,24,0,2022-08-18 00:00:00+02:00 | 2022-08-18 01:00:00+02:00 | 2022-08-18 02:00:00+02:00 | 2022-08-18 03:00:00+02:00 | 2022-08-18 04:00:00+02:00 | 2022-08-18 05:00:00+02:00 | 2022-08-18 06:00:00+02:00 | 2022-08-18 07:00:00+02:00 | 2022-08-18 08:00:00+02:00 | 2022-08-18 09:00:00+02:00 | 2022-08-18 10:00:00+02:00 | 2022-08-18 11:00:00+02:00 | 2022-08-18 12:00:00+02:00 | 2022-08-18 13:00:00+02:00 | 2022-08-18 14:00:00+02:00 | 2022-08-18 15:00:00+02:00 | 2022-08-18 16:00:00+02:00 | 2022-08-18 17:00:00+02:00 | 2022-08-18 18:00:00+02:00 | 2022-08-18 19:00:00+02:00 | 2022-08-18 20:00:00+02:00 | 2022-08-18 21:00:00+02:00 | 2022-08-18 22:00:00+02:00 | 2022-08-18 23:00:00+02:00,,,,,,,
2022-08-19 00:00:00+02:00,False,MissingInput,"24 valeurs residual_load_gw manquantes après réparation (brut=24, max_autorisé=2)",24,24,0,2022-08-19 00:00:00+02:00 | 2022-08-19 01:00:00+02:00 | 2022-08-19 02:00:00+02:00 | 2022-08-19 03:00:00+02:00 | 2022-08-19 04:00:00+02:00 | 2022-08-19 05:00:00+02:00 | 2022-08-19 06:00:00+02:00 | 2022-08-19 07:00:00+02:00 | 2022-08-19 08:00:00+02:00 | 2022-08-19 09:00:00+02:00 | 2022-08-19 10:00:00+02:00 | 2022-08-19 11:00:00+02:00 | 2022-08-19 12:00:00+02:00 | 2022-08-19 13:00:00+02:00 | 2022-08-19 14:00:00+02:00 | 2022-08-19 15:00:00+02:00 | 2022-08-19 16:00:00+02:00 | 2022-08-19 17:00:00+02:00 | 2022-08-19 18:00:00+02:00 | 2022-08-19 19:00:00+02:00 | 2022-08-19 20:00:00+02:00 | 2022-08-19 21:00:00+02:00 | 2022-08-19 22:00:00+02:00 | 2022-08-19 23:00:00+02:00,,,,,,,
2022-08-20 00:00:00+02:00,False,MissingInput,"24 valeurs residual_load_gw manquantes après réparation (brut=24, max_autorisé=2)",24,24,0,2022-08-20 00:00:00+02:00 | 2022-08-20 01:00:00+02:00 | 2022-08-20 02:00:00+02:00 | 2022-08-20 03:00:00+02:00 | 2022-08-20 04:00:00+02:00 | 2022-08-20 05:00:00+02:00 | 2022-08-20 06:00:00+02:00 | 2022-08-20 07:00:00+02:00 | 2022-08-20 08:00:00+02:00 | 2022-08-20 09:00:00+02:00 | 2022-08-20 10:00:00+02:00 | 2022-08-20 11:00:00+02:00 | 2022-08-20 12:00:00+02:00 | 2022-08-20 13:00:00+02:00 | 2022-08-20 14:00:00+02:00 | 2022-08-20 15:00:00+02:00 | 2022-08-20 16:00:00+02:00 | 2022-08-20 17:00:00+02:00 | 2022-08-20 18:00:00+02:00 | 2022-08-20 19:00:00+02:00 | 2022-08-20 20:00:00+02:00 | 2022-08-20 21:00:00+02:00 | 2022-08-20 22:00:00+02:00 | 2022-08-20 23:00:00+02:00,,,,,,,
2022-08-21 00:00:00+02:00,False,MissingInput,"24 valeurs residual_load_gw manquantes après réparation (brut=24, max_autorisé=2)",24,24,0,2022-08-21 00:00:00+02:00 | 2022-08-21 01:00:00+02:00 | 2022-08-21 02:00:00+02:00 | 2022-08-21 03:00:00+02:00 | 2022-08-21 04:00:00+02:00 | 2022-08-21 05:00:00+02:00 | 2022-08-21 06:00:00+02:00 | 2022-08-21 07:00:00+02:00 | 2022-08-21 08:00:00+02:00 | 2022-08-21 09:00:00+02:00 | 2022-08-21 10:00:00+02:00 | 2022-08-21 11:00:00+02:00 | 2022-08-21 12:00:00+02:00 | 2022-08-21 13:00:00+02:00 | 2022-08-21 14:00:00+02:00 | 2022-08-21 15:00:00+02:00 | 2022-08-21 16:00:00+02:00 | 2022-08-21 17:00:00+02:00 | 2022-08-21 18:00:00+02:00 | 2022-08-21 19:00:00+02:00 | 2022-08-21 20:00:00+02:00 | 2022-08-21 21:00:00+02:00 | 2022-08-21 22:00:00+02:00 | 2022-08-21 23:00:00+02:00,,,,,,,
2022-08-22 00:00:00+02:00,False,MissingInput,"24 valeurs residual_load_gw manquantes après réparation (brut=24, max_autorisé=2)",24,24,0,2022-08-22 00:00:00+02:00 | 2022-08-22 01:00:00+02:00 | 2022-08-22 02:00:00+02:00 | 2022-08-22 03:00:00+02:00 | 2022-08-22 04:00:00+02:00 | 2022-08-22 05:00:00+02:00 | 2022-08-22 06:00:00+02:00 | 2022-08-22 07:00:00+02:00 | 2022-08-22 08:00:00+02:00 | 2022-08-22 09:00:00+02:00 | 2022-08-22 10:00:00+02:00 | 2022-08-22 11:00:00+02:00 | 2022-08-22 12:00:00+02:00 | 2022-08-22 13:00:00+02:00 | 2022-08-22 14:00:00+02:00 | 2022-08-22 15:00:00+02:00 | 2022-08-22 16:00:00+02:00 | 2022-08-22 17:00:00+02:00 | 2022-08-22 18:00:00+02:00 | 2022-08-22 19:00:00+02:00 | 2022-08-22 20:00:00+02:00 | 2022-08-22 21:00:00+02:00 | 2022-08-22 22:00:00+02:00 | 2022-08-22 23:00:00+02:00,,,,,,,
2022-08-23 00:00:00+02:00,False,MissingInput,"24 valeurs residual_load_gw manquantes après réparation (brut=24, max_autorisé=2)",24,24,0,2022-08-23 00:00:00+02:00 | 2022-08-23 01:00:00+02:00 | 2022-08-23 02:00:00+02:00 | 2022-08-23 03:00:00+02:00 | 2022-08-23 04:00:00+02:00 | 2022-08-23 05:00:00+02:00 | 2022-08-23 06:00:00+02:00 | 2022-08-23 07:00:00+02:00 | 2022-08-23 08:00:00+02:00 | 2022-08-23 09:00:00+02:00 | 2022-08-23 10:00:00+02:00 | 2022-08-23 11:00:00+02:00 | 2022-08-23 12:00:00+02:00 | 2022-08-23 13:00:00+02:00 | 2022-08-23 14:00:00+02:00 | 2022-08-23 15:00:00+02:00 | 2022-08-23 16:00:00+02:00 | 2022-08-23 17:00:00+02:00 | 2022-08-23 18:00:00+02:00 | 2022-08-23 19:00:00+02:00 | 2022-08-23 20:00:00+02:00 | 2022-08-23 21:00:00+02:00 | 2022-08-23 22:00:00+02:00 | 2022-08-23 23:00:00+02:00,,,,,,,
2022-08-24 00:00:00+02:00,False,MissingInput,"24 valeurs residual_load_gw manquantes après réparation (brut=24, max_autorisé=2)",24,24,0,2022-08-24 00:00:00+02:00 | 2022-08-24 01:00:00+02:00 | 2022-08-24 02:00:00+02:00 | 2022-08-24 03:00:00+02:00 | 2022-08-24 04:00:00+02:00 | 2022-08-24 05:00:00+02:00 | 2022-08-24 06:00:00+02:00 | 2022-08-24 07:00:00+02:00 | 2022-08-24 08:00:00+02:00 | 2022-08-24 09:00:00+02:00 | 2022-08-24 10:00:00+02:00 | 2022-08-24 11:00:00+02:00 | 2022-08-24 12:00:00+02:00 | 2022-08-24 13:00:00+02:00 | 2022-08-24 14:00:00+02:00 | 2022-08-24 15:00:00+02:00 | 2022-08-24 16:00:00+02:00 | 2022-08-24 17:00:00+02:00 | 2022-08-24 18:00:00+02:00 | 2022-08-24 19:00:00+02:00 | 2022-08-24 20:00:00+02:00 | 2022-08-24 21:00:00+02:00 | 2022-08-24 22:00:00+02:00 | 2022-08-24 23:00:00+02:00,,,,,,,
2022-08-25 00:00:00+02:00,False,MissingInput,"24 valeurs residual_load_gw manquantes après réparation (brut=24, max_autorisé=2)",24,24,0,2022-08-25 00:00:00+02:00 | 2022-08-25 01:00:00+02:00 | 2022-08-25 02:00:00+02:00 | 2022-08-25 03:00:00+02:00 | 2022-08-25 04:00:00+02:00 | 2022-08-25 05:00:00+02:00 | 2022-08-25 06:00:00+02:00 | 2022-08-25 07:00:00+02:00 | 2022-08-25 08:00:00+02:00 | 2022-08-25 09:00:00+02:00 | 2022-08-25 10:00:00+02:00 | 2022-08-25 11:00:00+02:00 | 2022-08-25 12:00:00+02:00 | 2022-08-25 13:00:00+02:00 | 2022-08-25 14:00:00+02:00 | 2022-08-25 15:00:00+02:00 | 2022-08-25 16:00:00+02:00 | 2022-08-25 17:00:00+02:00 | 2022-08-25 18:00:00+02:00 | 2022-08-25 19:00:00+02:00 | 2022-08-25 20:00:00+02:00 | 2022-08-25 21:00:00+02:00 | 2022-08-25 22:00:00+02:00 | 2022-08-25 23:00:00+02:00,,,,,,,
2022-08-26 00:00:00+02:00,False,MissingInput,"24 valeurs residual_load_gw manquantes après réparation (brut=24, max_autorisé=2)",24,24,0,2022-08-26 00:00:00+02:00 | 2022-08-26 01:00:00+02:00 | 2022-08-26 02:00:00+02:00 | 2022-08-26 03:00:00+02:00 | 2022-08-26 04:00:00+02:00 | 2022-08-26 05:00:00+02:00 | 2022-08-26 06:00:00+02:00 | 2022-08-26 07:00:00+02:00 | 2022-08-26 08:00:00+02:00 | 2022-08-26 09:00:00+02:00 | 2022-08-26 10:00:00+02:00 | 2022-08-26 11:00:00+02:00 | 2022-08-26 12:00:00+02:00 | 2022-08-26 13:00:00+02:00 | 2022-08-26 14:00:00+02:00 | 2022-08-26 15:00:00+02:00 | 2022-08-26 16:00:00+02:00 | 2022-08-26 17:00:00+02:00 | 2022-08-26 18:00:00+02:00 | 2022-08-26 19:00:00+02:00 | 2022-08-26 20:00:00+02:00 | 2022-08-26 21:00:00+02:00 | 2022-08-26 22:00:00+02:00 | 2022-08-26 23:00:00+02:00,,,,,,,
2022-08-27 00:00:00+02:00,False,MissingInput,"24 valeurs residual_load_gw manquantes après réparation (brut=24, max_autorisé=2)",24,24,0,2022-08-27 00:00:00+02:00 | 2022-08-27 01:00:00+02:00 | 2022-08-27 02:00:00+02:00 | 2022-08-27 03:00:00+02:00 | 2022-08-27 04:00:00+02:00 | 2022-08-27 05:00:00+02:00 | 2022-08-27 06:00:00+02:00 | 2022-08-27 07:00:00+02:00 | 2022-08-27 08:00:00+02:00 | 2022-08-27 09:00:00+02:00 | 2022-08-27 10:00:00+02:00 | 2022-08-27 11:00:00+02:00 | 2022-08-27 12:00:00+02:00 | 2022-08-27 13:00:00+02:00 | 2022-08-27 14:00:00+02:00 | 2022-08-27 15:00:00+02:00 | 2022-08-27 16:00:00+02:00 | 2022-08-27 17:00:00+02:00 | 2022-08-27 18:00:00+02:00 | 2022-08-27 19:00:00+02:00 | 2022-08-27 20:00:00+02:00 | 2022-08-27 21:00:00+02:00 | 2022-08-27 22:00:00+02:00 | 2022-08-27 23:00:00+02:00,,,,,,,
2022-08-28 00:00:00+02:00,False,MissingInput,"24 valeurs residual_load_gw manquantes après réparation (brut=24, max_autorisé=2)",24,24,0,2022-08-28 00:00:00+02:00 | 2022-08-28 01:00:00+02:00 | 2022-08-28 02:00:00+02:00 | 2022-08-28 03:00:00+02:00 | 2022-08-28 04:00:00+02:00 | 2022-08-28 05:00:00+02:00 | 2022-08-28 06:00:00+02:00 | 2022-08-28 07:00:00+02:00 | 2022-08-28 08:00:00+02:00 | 2022-08-28 09:00:00+02:00 | 2022-08-28 10:00:00+02:00 | 2022-08-28 11:00:00+02:00 | 2022-08-28 12:00:00+02:00 | 2022-08-28 13:00:00+02:00 | 2022-08-28 14:00:00+02:00 | 2022-08-28 15:00:00+02:00 | 2022-08-28 16:00:00+02:00 | 2022-08-28 17:00:00+02:00 | 2022-08-28 18:00:00+02:00 | 2022-08-28 19:00:00+02:00 | 2022-08-28 20:00:00+02:00 | 2022-08-28 21:00:00+02:00 | 2022-08-28 22:00:00+02:00 | 2022-08-28 23:00:00+02:00,,,,,,,
2022-08-29 00:00:00+02:00,False,MissingInput,"24 valeurs residual_load_gw manquantes après réparation (brut=24, max_autorisé=2)",24,24,0,2022-08-29 00:00:00+02:00 | 2022-08-29 01:00:00+02:00 | 2022-08-29 02:00:00+02:00 | 2022-08-29 03:00:00+02:00 | 2022-08-29 04:00:00+02:00 | 2022-08-29 05:00:00+02:00 | 2022-08-29 06:00:00+02:00 | 2022-08-29 07:00:00+02:00 | 2022-08-29 08:00:00+02:00 | 2022-08-29 09:00:00+02:00 | 2022-08-29 10:00:00+02:00 | 2022-08-29 11:00:00+02:00 | 2022-08-29 12:00:00+02:00 | 2022-08-29 13:00:00+02:00 | 2022-08-29 14:00:00+02:00 | 2022-08-29 15:00:00+02:00 | 2022-08-29 16:00:00+02:00 | 2022-08-29 17:00:00+02:00 | 2022-08-29 18:00:00+02:00 | 2022-08-29 19:00:00+02:00 | 2022-08-29 20:00:00+02:00 | 2022-08-29 21:00:00+02:00 | 2022-08-29 22:00:00+02:00 | 2022-08-29 23:00:00+02:00,,,,,,,
2022-08-30 00:00:00+02:00,False,MissingInput,"24 valeurs residual_load_gw manquantes après réparation (brut=24, max_autorisé=2)",24,24,0,2022-08-30 00:00:00+02:00 | 2022-08-30 01:00:00+02:00 | 2022-08-30 02:00:00+02:00 | 2022-08-30 03:00:00+02:00 | 2022-08-30 04:00:00+02:00 | 2022-08-30 05:00:00+02:00 | 2022-08-30 06:00:00+02:00 | 2022-08-30 07:00:00+02:00 | 2022-08-30 08:00:00+02:00 | 2022-08-30 09:00:00+02:00 | 2022-08-30 10:00:00+02:00 | 2022-08-30 11:00:00+02:00 | 2022-08-30 12:00:00+02:00 | 2022-08-30 13:00:00+02:00 | 2022-08-30 14:00:00+02:00 | 2022-08-30 15:00:00+02:00 | 2022-08-30 16:00:00+02:00 | 2022-08-30 17:00:00+02:00 | 2022-08-30 18:00:00+02:00 | 2022-08-30 19:00:00+02:00 | 2022-08-30 20:00:00+02:00 | 2022-08-30 21:00:00+02:00 | 2022-08-30 22:00:00+02:00 | 2022-08-30 23:00:00+02:00,,,,,,,
2022-08-31 00:00:00+02:00,False,MissingInput,"24 valeurs residual_load_gw manquantes après réparation (brut=24, max_autorisé=2)",24,24,0,2022-08-31 00:00:00+02:00 | 2022-08-31 01:00:00+02:00 | 2022-08-31 02:00:00+02:00 | 2022-08-31 03:00:00+02:00 | 2022-08-31 04:00:00+02:00 | 2022-08-31 05:00:00+02:00 | 2022-08-31 06:00:00+02:00 | 2022-08-31 07:00:00+02:00 | 2022-08-31 08:00:00+02:00 | 2022-08-31 09:00:00+02:00 | 2022-08-31 10:00:00+02:00 | 2022-08-31 11:00:00+02:00 | 2022-08-31 12:00:00+02:00 | 2022-08-31 13:00:00+02:00 | 2022-08-31 14:00:00+02:00 | 2022-08-31 15:00:00+02:00 | 2022-08-31 16:00:00+02:00 | 2022-08-31 17:00:00+02:00 | 2022-08-31 18:00:00+02:00 | 2022-08-31 19:00:00+02:00 | 2022-08-31 20:00:00+02:00 | 2022-08-31 21:00:00+02:00 | 2022-08-31 22:00:00+02:00 | 2022-08-31 23:00:00+02:00,,,,,,,
2022-09-01 00:00:00+02:00,False,MissingInput,"24 valeurs residual_load_gw manquantes après réparation (brut=24, max_autorisé=2)",24,24,0,2022-09-01 00:00:00+02:00 | 2022-09-01 01:00:00+02:00 | 2022-09-01 02:00:00+02:00 | 2022-09-01 03:00:00+02:00 | 2022-09-01 04:00:00+02:00 | 2022-09-01 05:00:00+02:00 | 2022-09-01 06:00:00+02:00 | 2022-09-01 07:00:00+02:00 | 2022-09-01 08:00:00+02:00 | 2022-09-01 09:00:00+02:00 | 2022-09-01 10:00:00+02:00 | 2022-09-01 11:00:00+02:00 | 2022-09-01 12:00:00+02:00 | 2022-09-01 13:00:00+02:00 | 2022-09-01 14:00:00+02:00 | 2022-09-01 15:00:00+02:00 | 2022-09-01 16:00:00+02:00 | 2022-09-01 17:00:00+02:00 | 2022-09-01 18:00:00+02:00 | 2022-09-01 19:00:00+02:00 | 2022-09-01 20:00:00+02:00 | 2022-09-01 21:00:00+02:00 | 2022-09-01 22:00:00+02:00 | 2022-09-01 23:00:00+02:00,,,,,,,
2022-09-02 00:00:00+02:00,False,MissingInput,"24 valeurs residual_load_gw manquantes après réparation (brut=24, max_autorisé=2)",24,24,0,2022-09-02 00:00:00+02:00 | 2022-09-02 01:00:00+02:00 | 2022-09-02 02:00:00+02:00 | 2022-09-02 03:00:00+02:00 | 2022-09-02 04:00:00+02:00 | 2022-09-02 05:00:00+02:00 | 2022-09-02 06:00:00+02:00 | 2022-09-02 07:00:00+02:00 | 2022-09-02 08:00:00+02:00 | 2022-09-02 09:00:00+02:00 | 2022-09-02 10:00:00+02:00 | 2022-09-02 11:00:00+02:00 | 2022-09-02 12:00:00+02:00 | 2022-09-02 13:00:00+02:00 | 2022-09-02 14:00:00+02:00 | 2022-09-02 15:00:00+02:00 | 2022-09-02 16:00:00+02:00 | 2022-09-02 17:00:00+02:00 | 2022-09-02 18:00:00+02:00 | 2022-09-02 19:00:00+02:00 | 2022-09-02 20:00:00+02:00 | 2022-09-02 21:00:00+02:00 | 2022-09-02 22:00:00+02:00 | 2022-09-02 23:00:00+02:00,,,,,,,
2022-09-03 00:00:00+02:00,False,MissingInput,"24 valeurs residual_load_gw manquantes après réparation (brut=24, max_autorisé=2)",24,24,0,2022-09-03 00:00:00+02:00 | 2022-09-03 01:00:00+02:00 | 2022-09-03 02:00:00+02:00 | 2022-09-03 03:00:00+02:00 | 2022-09-03 04:00:00+02:00 | 2022-09-03 05:00:00+02:00 | 2022-09-03 06:00:00+02:00 | 2022-09-03 07:00:00+02:00 | 2022-09-03 08:00:00+02:00 | 2022-09-03 09:00:00+02:00 | 2022-09-03 10:00:00+02:00 | 2022-09-03 11:00:00+02:00 | 2022-09-03 12:00:00+02:00 | 2022-09-03 13:00:00+02:00 | 2022-09-03 14:00:00+02:00 | 2022-09-03 15:00:00+02:00 | 2022-09-03 16:00:00+02:00 | 2022-09-03 17:00:00+02:00 | 2022-09-03 18:00:00+02:00 | 2022-09-03 19:00:00+02:00 | 2022-09-03 20:00:00+02:00 | 2022-09-03 21:00:00+02:00 | 2022-09-03 22:00:00+02:00 | 2022-09-03 23:00:00+02:00,,,,,,,
2022-09-04 00:00:00+02:00,False,MissingInput,"24 valeurs residual_load_gw manquantes après réparation (brut=24, max_autorisé=2)",24,24,0,2022-09-04 00:00:00+02:00 | 2022-09-04 01:00:00+02:00 | 2022-09-04 02:00:00+02:00 | 2022-09-04 03:00:00+02:00 | 2022-09-04 04:00:00+02:00 | 2022-09-04 05:00:00+02:00 | 2022-09-04 06:00:00+02:00 | 2022-09-04 07:00:00+02:00 | 2022-09-04 08:00:00+02:00 | 2022-09-04 09:00:00+02:00 | 2022-09-04 10:00:00+02:00 | 2022-09-04 11:00:00+02:00 | 2022-09-04 12:00:00+02:00 | 2022-09-04 13:00:00+02:00 | 2022-09-04 14:00:00+02:00 | 2022-09-04 15:00:00+02:00 | 2022-09-04 16:00:00+02:00 | 2022-09-04 17:00:00+02:00 | 2022-09-04 18:00:00+02:00 | 2022-09-04 19:00:00+02:00 | 2022-09-04 20:00:00+02:00 | 2022-09-04 21:00:00+02:00 | 2022-09-04 22:00:00+02:00 | 2022-09-04 23:00:00+02:00,,,,,,,
2022-09-05 00:00:00+02:00,False,MissingInput,"24 valeurs residual_load_gw manquantes après réparation (brut=24, max_autorisé=2)",24,24,0,2022-09-05 00:00:00+02:00 | 2022-09-05 01:00:00+02:00 | 2022-09-05 02:00:00+02:00 | 2022-09-05 03:00:00+02:00 | 2022-09-05 04:00:00+02:00 | 2022-09-05 05:00:00+02:00 | 2022-09-05 06:00:00+02:00 | 2022-09-05 07:00:00+02:00 | 2022-09-05 08:00:00+02:00 | 2022-09-05 09:00:00+02:00 | 2022-09-05 10:00:00+02:00 | 2022-09-05 11:00:00+02:00 | 2022-09-05 12:00:00+02:00 | 2022-09-05 13:00:00+02:00 | 2022-09-05 14:00:00+02:00 | 2022-09-05 15:00:00+02:00 | 2022-09-05 16:00:00+02:00 | 2022-09-05 17:00:00+02:00 | 2022-09-05 18:00:00+02:00 | 2022-09-05 19:00:00+02:00 | 2022-09-05 20:00:00+02:00 | 2022-09-05 21:00:00+02:00 | 2022-09-05 22:00:00+02:00 | 2022-09-05 23:00:00+02:00,,,,,,,
2022-09-06 00:00:00+02:00,False,MissingInput,"24 valeurs residual_load_gw manquantes après réparation (brut=24, max_autorisé=2)",24,24,0,2022-09-06 00:00:00+02:00 | 2022-09-06 01:00:00+02:00 | 2022-09-06 02:00:00+02:00 | 2022-09-06 03:00:00+02:00 | 2022-09-06 04:00:00+02:00 | 2022-09-06 05:00:00+02:00 | 2022-09-06 06:00:00+02:00 | 2022-09-06 07:00:00+02:00 | 2022-09-06 08:00:00+02:00 | 2022-09-06 09:00:00+02:00 | 2022-09-06 10:00:00+02:00 | 2022-09-06 11:00:00+02:00 | 2022-09-06 12:00:00+02:00 | 2022-09-06 13:00:00+02:00 | 2022-09-06 14:00:00+02:00 | 2022-09-06 15:00:00+02:00 | 2022-09-06 16:00:00+02:00 | 2022-09-06 17:00:00+02:00 | 2022-09-06 18:00:00+02:00 | 2022-09-06 19:00:00+02:00 | 2022-09-06 20:00:00+02:00 | 2022-09-06 21:00:00+02:00 | 2022-09-06 22:00:00+02:00 | 2022-09-06 23:00:00+02:00,,,,,,,
2022-09-07 00:00:00+02:00,False,MissingInput,"24 valeurs residual_load_gw manquantes après réparation (brut=24, max_autorisé=2)",24,24,0,2022-09-07 00:00:00+02:00 | 2022-09-07 01:00:00+02:00 | 2022-09-07 02:00:00+02:00 | 2022-09-07 03:00:00+02:00 | 2022-09-07 04:00:00+02:00 | 2022-09-07 05:00:00+02:00 | 2022-09-07 06:00:00+02:00 | 2022-09-07 07:00:00+02:00 | 2022-09-07 08:00:00+02:00 | 2022-09-07 09:00:00+02:00 | 2022-09-07 10:00:00+02:00 | 2022-09-07 11:00:00+02:00 | 2022-09-07 12:00:00+02:00 | 2022-09-07 13:00:00+02:00 | 2022-09-07 14:00:00+02:00 | 2022-09-07 15:00:00+02:00 | 2022-09-07 16:00:00+02:00 | 2022-09-07 17:00:00+02:00 | 2022-09-07 18:00:00+02:00 | 2022-09-07 19:00:00+02:00 | 2022-09-07 20:00:00+02:00 | 2022-09-07 21:00:00+02:00 | 2022-09-07 22:00:00+02:00 | 2022-09-07 23:00:00+02:00,,,,,,,
2022-09-08 00:00:00+02:00,False,MissingInput,"24 valeurs residual_load_gw manquantes après réparation (brut=24, max_autorisé=2)",24,24,0,2022-09-08 00:00:00+02:00 | 2022-09-08 01:00:00+02:00 | 2022-09-08 02:00:00+02:00 | 2022-09-08 03:00:00+02:00 | 2022-09-08 04:00:00+02:00 | 2022-09-08 05:00:00+02:00 | 2022-09-08 06:00:00+02:00 | 2022-09-08 07:00:00+02:00 | 2022-09-08 08:00:00+02:00 | 2022-09-08 09:00:00+02:00 | 2022-09-08 10:00:00+02:00 | 2022-09-08 11:00:00+02:00 | 2022-09-08 12:00:00+02:00 | 2022-09-08 13:00:00+02:00 | 2022-09-08 14:00:00+02:00 | 2022-09-08 15:00:00+02:00 | 2022-09-08 16:00:00+02:00 | 2022-09-08 17:00:00+02:00 | 2022-09-08 18:00:00+02:00 | 2022-09-08 19:00:00+02:00 | 2022-09-08 20:00:00+02:00 | 2022-09-08 21:00:00+02:00 | 2022-09-08 22:00:00+02:00 | 2022-09-08 23:00:00+02:00,,,,,,,
2022-09-09 00:00:00+02:00,False,MissingInput,"24 valeurs residual_load_gw manquantes après réparation (brut=24, max_autorisé=2)",24,24,0,2022-09-09 00:00:00+02:00 | 2022-09-09 01:00:00+02:00 | 2022-09-09 02:00:00+02:00 | 2022-09-09 03:00:00+02:00 | 2022-09-09 04:00:00+02:00 | 2022-09-09 05:00:00+02:00 | 2022-09-09 06:00:00+02:00 | 2022-09-09 07:00:00+02:00 | 2022-09-09 08:00:00+02:00 | 2022-09-09 09:00:00+02:00 | 2022-09-09 10:00:00+02:00 | 2022-09-09 11:00:00+02:00 | 2022-09-09 12:00:00+02:00 | 2022-09-09 13:00:00+02:00 | 2022-09-09 14:00:00+02:00 | 2022-09-09 15:00:00+02:00 | 2022-09-09 16:00:00+02:00 | 2022-09-09 17:00:00+02:00 | 2022-09-09 18:00:00+02:00 | 2022-09-09 19:00:00+02:00 | 2022-09-09 20:00:00+02:00 | 2022-09-09 21:00:00+02:00 | 2022-09-09 22:00:00+02:00 | 2022-09-09 23:00:00+02:00,,,,,,,
2022-09-10 00:00:00+02:00,False,MissingInput,"24 valeurs residual_load_gw manquantes après réparation (brut=24, max_autorisé=2)",24,24,0,2022-09-10 00:00:00+02:00 | 2022-09-10 01:00:00+02:00 | 2022-09-10 02:00:00+02:00 | 2022-09-10 03:00:00+02:00 | 2022-09-10 04:00:00+02:00 | 2022-09-10 05:00:00+02:00 | 2022-09-10 06:00:00+02:00 | 2022-09-10 07:00:00+02:00 | 2022-09-10 08:00:00+02:00 | 2022-09-10 09:00:00+02:00 | 2022-09-10 10:00:00+02:00 | 2022-09-10 11:00:00+02:00 | 2022-09-10 12:00:00+02:00 | 2022-09-10 13:00:00+02:00 | 2022-09-10 14:00:00+02:00 | 2022-09-10 15:00:00+02:00 | 2022-09-10 16:00:00+02:00 | 2022-09-10 17:00:00+02:00 | 2022-09-10 18:00:00+02:00 | 2022-09-10 19:00:00+02:00 | 2022-09-10 20:00:00+02:00 | 2022-09-10 21:00:00+02:00 | 2022-09-10 22:00:00+02:00 | 2022-09-10 23:00:00+02:00,,,,,,,
2022-09-11 00:00:00+02:00,False,MissingInput,"24 valeurs residual_load_gw manquantes après réparation (brut=24, max_autorisé=2)",24,24,0,2022-09-11 00:00:00+02:00 | 2022-09-11 01:00:00+02:00 | 2022-09-11 02:00:00+02:00 | 2022-09-11 03:00:00+02:00 | 2022-09-11 04:00:00+02:00 | 2022-09-11 05:00:00+02:00 | 2022-09-11 06:00:00+02:00 | 2022-09-11 07:00:00+02:00 | 2022-09-11 08:00:00+02:00 | 2022-09-11 09:00:00+02:00 | 2022-09-11 10:00:00+02:00 | 2022-09-11 11:00:00+02:00 | 2022-09-11 12:00:00+02:00 | 2022-09-11 13:00:00+02:00 | 2022-09-11 14:00:00+02:00 | 2022-09-11 15:00:00+02:00 | 2022-09-11 16:00:00+02:00 | 2022-09-11 17:00:00+02:00 | 2022-09-11 18:00:00+02:00 | 2022-09-11 19:00:00+02:00 | 2022-09-11 20:00:00+02:00 | 2022-09-11 21:00:00+02:00 | 2022-09-11 22:00:00+02:00 | 2022-09-11 23:00:00+02:00,,,,,,,
2022-09-12 00:00:00+02:00,False,MissingInput,"24 valeurs residual_load_gw manquantes après réparation (brut=24, max_autorisé=2)",24,24,0,2022-09-12 00:00:00+02:00 | 2022-09-12 01:00:00+02:00 | 2022-09-12 02:00:00+02:00 | 2022-09-12 03:00:00+02:00 | 2022-09-12 04:00:00+02:00 | 2022-09-12 05:00:00+02:00 | 2022-09-12 06:00:00+02:00 | 2022-09-12 07:00:00+02:00 | 2022-09-12 08:00:00+02:00 | 2022-09-12 09:00:00+02:00 | 2022-09-12 10:00:00+02:00 | 2022-09-12 11:00:00+02:00 | 2022-09-12 12:00:00+02:00 | 2022-09-12 13:00:00+02:00 | 2022-09-12 14:00:00+02:00 | 2022-09-12 15:00:00+02:00 | 2022-09-12 16:00:00+02:00 | 2022-09-12 17:00:00+02:00 | 2022-09-12 18:00:00+02:00 | 2022-09-12 19:00:00+02:00 | 2022-09-12 20:00:00+02:00 | 2022-09-12 21:00:00+02:00 | 2022-09-12 22:00:00+02:00 | 2022-09-12 23:00:00+02:00,,,,,,,
2022-09-13 00:00:00+02:00,False,MissingInput,"24 valeurs residual_load_gw manquantes après réparation (brut=24, max_autorisé=2)",24,24,0,2022-09-13 00:00:00+02:00 | 2022-09-13 01:00:00+02:00 | 2022-09-13 02:00:00+02:00 | 2022-09-13 03:00:00+02:00 | 2022-09-13 04:00:00+02:00 | 2022-09-13 05:00:00+02:00 | 2022-09-13 06:00:00+02:00 | 2022-09-13 07:00:00+02:00 | 2022-09-13 08:00:00+02:00 | 2022-09-13 09:00:00+02:00 | 2022-09-13 10:00:00+02:00 | 2022-09-13 11:00:00+02:00 | 2022-09-13 12:00:00+02:00 | 2022-09-13 13:00:00+02:00 | 2022-09-13 14:00:00+02:00 | 2022-09-13 15:00:00+02:00 | 2022-09-13 16:00:00+02:00 | 2022-09-13 17:00:00+02:00 | 2022-09-13 18:00:00+02:00 | 2022-09-13 19:00:00+02:00 | 2022-09-13 20:00:00+02:00 | 2022-09-13 21:00:00+02:00 | 2022-09-13 22:00:00+02:00 | 2022-09-13 23:00:00+02:00,,,,,,,
2022-09-14 00:00:00+02:00,False,MissingInput,"24 valeurs residual_load_gw manquantes après réparation (brut=24, max_autorisé=2)",24,24,0,2022-09-14 00:00:00+02:00 | 2022-09-14 01:00:00+02:00 | 2022-09-14 02:00:00+02:00 | 2022-09-14 03:00:00+02:00 | 2022-09-14 04:00:00+02:00 | 2022-09-14 05:00:00+02:00 | 2022-09-14 06:00:00+02:00 | 2022-09-14 07:00:00+02:00 | 2022-09-14 08:00:00+02:00 | 2022-09-14 09:00:00+02:00 | 2022-09-14 10:00:00+02:00 | 2022-09-14 11:00:00+02:00 | 2022-09-14 12:00:00+02:00 | 2022-09-14 13:00:00+02:00 | 2022-09-14 14:00:00+02:00 | 2022-09-14 15:00:00+02:00 | 2022-09-14 16:00:00+02:00 | 2022-09-14 17:00:00+02:00 | 2022-09-14 18:00:00+02:00 | 2022-09-14 19:00:00+02:00 | 2022-09-14 20:00:00+02:00 | 2022-09-14 21:00:00+02:00 | 2022-09-14 22:00:00+02:00 | 2022-09-14 23:00:00+02:00,,,,,,,
2022-09-15 00:00:00+02:00,False,MissingInput,"24 valeurs residual_load_gw manquantes après réparation (brut=24, max_autorisé=2)",24,24,0,2022-09-15 00:00:00+02:00 | 2022-09-15 01:00:00+02:00 | 2022-09-15 02:00:00+02:00 | 2022-09-15 03:00:00+02:00 | 2022-09-15 04:00:00+02:00 | 2022-09-15 05:00:00+02:00 | 2022-09-15 06:00:00+02:00 | 2022-09-15 07:00:00+02:00 | 2022-09-15 08:00:00+02:00 | 2022-09-15 09:00:00+02:00 | 2022-09-15 10:00:00+02:00 | 2022-09-15 11:00:00+02:00 | 2022-09-15 12:00:00+02:00 | 2022-09-15 13:00:00+02:00 | 2022-09-15 14:00:00+02:00 | 2022-09-15 15:00:00+02:00 | 2022-09-15 16:00:00+02:00 | 2022-09-15 17:00:00+02:00 | 2022-09-15 18:00:00+02:00 | 2022-09-15 19:00:00+02:00 | 2022-09-15 20:00:00+02:00 | 2022-09-15 21:00:00+02:00 | 2022-09-15 22:00:00+02:00 | 2022-09-15 23:00:00+02:00,,,,,,,
2022-09-16 00:00:00+02:00,False,MissingInput,"24 valeurs residual_load_gw manquantes après réparation (brut=24, max_autorisé=2)",24,24,0,2022-09-16 00:00:00+02:00 | 2022-09-16 01:00:00+02:00 | 2022-09-16 02:00:00+02:00 | 2022-09-16 03:00:00+02:00 | 2022-09-16 04:00:00+02:00 | 2022-09-16 05:00:00+02:00 | 2022-09-16 06:00:00+02:00 | 2022-09-16 07:00:00+02:00 | 2022-09-16 08:00:00+02:00 | 2022-09-16 09:00:00+02:00 | 2022-09-16 10:00:00+02:00 | 2022-09-16 11:00:00+02:00 | 2022-09-16 12:00:00+02:00 | 2022-09-16 13:00:00+02:00 | 2022-09-16 14:00:00+02:00 | 2022-09-16 15:00:00+02:00 | 2022-09-16 16:00:00+02:00 | 2022-09-16 17:00:00+02:00 | 2022-09-16 18:00:00+02:00 | 2022-09-16 19:00:00+02:00 | 2022-09-16 20:00:00+02:00 | 2022-09-16 21:00:00+02:00 | 2022-09-16 22:00:00+02:00 | 2022-09-16 23:00:00+02:00,,,,,,,
2022-09-17 00:00:00+02:00,False,MissingInput,"24 valeurs residual_load_gw manquantes après réparation (brut=24, max_autorisé=2)",24,24,0,2022-09-17 00:00:00+02:00 | 2022-09-17 01:00:00+02:00 | 2022-09-17 02:00:00+02:00 | 2022-09-17 03:00:00+02:00 | 2022-09-17 04:00:00+02:00 | 2022-09-17 05:00:00+02:00 | 2022-09-17 06:00:00+02:00 | 2022-09-17 07:00:00+02:00 | 2022-09-17 08:00:00+02:00 | 2022-09-17 09:00:00+02:00 | 2022-09-17 10:00:00+02:00 | 2022-09-17 11:00:00+02:00 | 2022-09-17 12:00:00+02:00 | 2022-09-17 13:00:00+02:00 | 2022-09-17 14:00:00+02:00 | 2022-09-17 15:00:00+02:00 | 2022-09-17 16:00:00+02:00 | 2022-09-17 17:00:00+02:00 | 2022-09-17 18:00:00+02:00 | 2022-09-17 19:00:00+02:00 | 2022-09-17 20:00:00+02:00 | 2022-09-17 21:00:00+02:00 | 2022-09-17 22:00:00+02:00 | 2022-09-17 23:00:00+02:00,,,,,,,
2022-09-18 00:00:00+02:00,False,MissingInput,"24 valeurs residual_load_gw manquantes après réparation (brut=24, max_autorisé=2)",24,24,0,2022-09-18 00:00:00+02:00 | 2022-09-18 01:00:00+02:00 | 2022-09-18 02:00:00+02:00 | 2022-09-18 03:00:00+02:00 | 2022-09-18 04:00:00+02:00 | 2022-09-18 05:00:00+02:00 | 2022-09-18 06:00:00+02:00 | 2022-09-18 07:00:00+02:00 | 2022-09-18 08:00:00+02:00 | 2022-09-18 09:00:00+02:00 | 2022-09-18 10:00:00+02:00 | 2022-09-18 11:00:00+02:00 | 2022-09-18 12:00:00+02:00 | 2022-09-18 13:00:00+02:00 | 2022-09-18 14:00:00+02:00 | 2022-09-18 15:00:00+02:00 | 2022-09-18 16:00:00+02:00 | 2022-09-18 17:00:00+02:00 | 2022-09-18 18:00:00+02:00 | 2022-09-18 19:00:00+02:00 | 2022-09-18 20:00:00+02:00 | 2022-09-18 21:00:00+02:00 | 2022-09-18 22:00:00+02:00 | 2022-09-18 23:00:00+02:00,,,,,,,
2022-09-19 00:00:00+02:00,False,MissingInput,"24 valeurs residual_load_gw manquantes après réparation (brut=24, max_autorisé=2)",24,24,0,2022-09-19 00:00:00+02:00 | 2022-09-19 01:00:00+02:00 | 2022-09-19 02:00:00+02:00 | 2022-09-19 03:00:00+02:00 | 2022-09-19 04:00:00+02:00 | 2022-09-19 05:00:00+02:00 | 2022-09-19 06:00:00+02:00 | 2022-09-19 07:00:00+02:00 | 2022-09-19 08:00:00+02:00 | 2022-09-19 09:00:00+02:00 | 2022-09-19 10:00:00+02:00 | 2022-09-19 11:00:00+02:00 | 2022-09-19 12:00:00+02:00 | 2022-09-19 13:00:00+02:00 | 2022-09-19 14:00:00+02:00 | 2022-09-19 15:00:00+02:00 | 2022-09-19 16:00:00+02:00 | 2022-09-19 17:00:00+02:00 | 2022-09-19 18:00:00+02:00 | 2022-09-19 19:00:00+02:00 | 2022-09-19 20:00:00+02:00 | 2022-09-19 21:00:00+02:00 | 2022-09-19 22:00:00+02:00 | 2022-09-19 23:00:00+02:00,,,,,,,
2022-09-20 00:00:00+02:00,False,MissingInput,"24 valeurs residual_load_gw manquantes après réparation (brut=24, max_autorisé=2)",24,24,0,2022-09-20 00:00:00+02:00 | 2022-09-20 01:00:00+02:00 | 2022-09-20 02:00:00+02:00 | 2022-09-20 03:00:00+02:00 | 2022-09-20 04:00:00+02:00 | 2022-09-20 05:00:00+02:00 | 2022-09-20 06:00:00+02:00 | 2022-09-20 07:00:00+02:00 | 2022-09-20 08:00:00+02:00 | 2022-09-20 09:00:00+02:00 | 2022-09-20 10:00:00+02:00 | 2022-09-20 11:00:00+02:00 | 2022-09-20 12:00:00+02:00 | 2022-09-20 13:00:00+02:00 | 2022-09-20 14:00:00+02:00 | 2022-09-20 15:00:00+02:00 | 2022-09-20 16:00:00+02:00 | 2022-09-20 17:00:00+02:00 | 2022-09-20 18:00:00+02:00 | 2022-09-20 19:00:00+02:00 | 2022-09-20 20:00:00+02:00 | 2022-09-20 21:00:00+02:00 | 2022-09-20 22:00:00+02:00 | 2022-09-20 23:00:00+02:00,,,,,,,
2022-09-21 00:00:00+02:00,False,MissingInput,"24 valeurs residual_load_gw manquantes après réparation (brut=24, max_autorisé=2)",24,24,0,2022-09-21 00:00:00+02:00 | 2022-09-21 01:00:00+02:00 | 2022-09-21 02:00:00+02:00 | 2022-09-21 03:00:00+02:00 | 2022-09-21 04:00:00+02:00 | 2022-09-21 05:00:00+02:00 | 2022-09-21 06:00:00+02:00 | 2022-09-21 07:00:00+02:00 | 2022-09-21 08:00:00+02:00 | 2022-09-21 09:00:00+02:00 | 2022-09-21 10:00:00+02:00 | 2022-09-21 11:00:00+02:00 | 2022-09-21 12:00:00+02:00 | 2022-09-21 13:00:00+02:00 | 2022-09-21 14:00:00+02:00 | 2022-09-21 15:00:00+02:00 | 2022-09-21 16:00:00+02:00 | 2022-09-21 17:00:00+02:00 | 2022-09-21 18:00:00+02:00 | 2022-09-21 19:00:00+02:00 | 2022-09-21 20:00:00+02:00 | 2022-09-21 21:00:00+02:00 | 2022-09-21 22:00:00+02:00 | 2022-09-21 23:00:00+02:00,,,,,,,
2022-09-22 00:00:00+02:00,False,MissingInput,"24 valeurs residual_load_gw manquantes après réparation (brut=24, max_autorisé=2)",24,24,0,2022-09-22 00:00:00+02:00 | 2022-09-22 01:00:00+02:00 | 2022-09-22 02:00:00+02:00 | 2022-09-22 03:00:00+02:00 | 2022-09-22 04:00:00+02:00 | 2022-09-22 05:00:00+02:00 | 2022-09-22 06:00:00+02:00 | 2022-09-22 07:00:00+02:00 | 2022-09-22 08:00:00+02:00 | 2022-09-22 09:00:00+02:00 | 2022-09-22 10:00:00+02:00 | 2022-09-22 11:00:00+02:00 | 2022-09-22 12:00:00+02:00 | 2022-09-22 13:00:00+02:00 | 2022-09-22 14:00:00+02:00 | 2022-09-22 15:00:00+02:00 | 2022-09-22 16:00:00+02:00 | 2022-09-22 17:00:00+02:00 | 2022-09-22 18:00:00+02:00 | 2022-09-22 19:00:00+02:00 | 2022-09-22 20:00:00+02:00 | 2022-09-22 21:00:00+02:00 | 2022-09-22 22:00:00+02:00 | 2022-09-22 23:00:00+02:00,,,,,,,
2022-09-23 00:00:00+02:00,False,MissingInput,"24 valeurs residual_load_gw manquantes après réparation (brut=24, max_autorisé=2)",24,24,0,2022-09-23 00:00:00+02:00 | 2022-09-23 01:00:00+02:00 | 2022-09-23 02:00:00+02:00 | 2022-09-23 03:00:00+02:00 | 2022-09-23 04:00:00+02:00 | 2022-09-23 05:00:00+02:00 | 2022-09-23 06:00:00+02:00 | 2022-09-23 07:00:00+02:00 | 2022-09-23 08:00:00+02:00 | 2022-09-23 09:00:00+02:00 | 2022-09-23 10:00:00+02:00 | 2022-09-23 11:00:00+02:00 | 2022-09-23 12:00:00+02:00 | 2022-09-23 13:00:00+02:00 | 2022-09-23 14:00:00+02:00 | 2022-09-23 15:00:00+02:00 | 2022-09-23 16:00:00+02:00 | 2022-09-23 17:00:00+02:00 | 2022-09-23 18:00:00+02:00 | 2022-09-23 19:00:00+02:00 | 2022-09-23 20:00:00+02:00 | 2022-09-23 21:00:00+02:00 | 2022-09-23 22:00:00+02:00 | 2022-09-23 23:00:00+02:00,,,,,,,
2022-09-24 00:00:00+02:00,False,MissingInput,"24 valeurs residual_load_gw manquantes après réparation (brut=24, max_autorisé=2)",24,24,0,2022-09-24 00:00:00+02:00 | 2022-09-24 01:00:00+02:00 | 2022-09-24 02:00:00+02:00 | 2022-09-24 03:00:00+02:00 | 2022-09-24 04:00:00+02:00 | 2022-09-24 05:00:00+02:00 | 2022-09-24 06:00:00+02:00 | 2022-09-24 07:00:00+02:00 | 2022-09-24 08:00:00+02:00 | 2022-09-24 09:00:00+02:00 | 2022-09-24 10:00:00+02:00 | 2022-09-24 11:00:00+02:00 | 2022-09-24 12:00:00+02:00 | 2022-09-24 13:00:00+02:00 | 2022-09-24 14:00:00+02:00 | 2022-09-24 15:00:00+02:00 | 2022-09-24 16:00:00+02:00 | 2022-09-24 17:00:00+02:00 | 2022-09-24 18:00:00+02:00 | 2022-09-24 19:00:00+02:00 | 2022-09-24 20:00:00+02:00 | 2022-09-24 21:00:00+02:00 | 2022-09-24 22:00:00+02:00 | 2022-09-24 23:00:00+02:00,,,,,,,
2022-09-25 00:00:00+02:00,False,MissingInput,"24 valeurs residual_load_gw manquantes après réparation (brut=24, max_autorisé=2)",24,24,0,2022-09-25 00:00:00+02:00 | 2022-09-25 01:00:00+02:00 | 2022-09-25 02:00:00+02:00 | 2022-09-25 03:00:00+02:00 | 2022-09-25 04:00:00+02:00 | 2022-09-25 05:00:00+02:00 | 2022-09-25 06:00:00+02:00 | 2022-09-25 07:00:00+02:00 | 2022-09-25 08:00:00+02:00 | 2022-09-25 09:00:00+02:00 | 2022-09-25 10:00:00+02:00 | 2022-09-25 11:00:00+02:00 | 2022-09-25 12:00:00+02:00 | 2022-09-25 13:00:00+02:00 | 2022-09-25 14:00:00+02:00 | 2022-09-25 15:00:00+02:00 | 2022-09-25 16:00:00+02:00 | 2022-09-25 17:00:00+02:00 | 2022-09-25 18:00:00+02:00 | 2022-09-25 19:00:00+02:00 | 2022-09-25 20:00:00+02:00 | 2022-09-25 21:00:00+02:00 | 2022-09-25 22:00:00+02:00 | 2022-09-25 23:00:00+02:00,,,,,,,
2022-09-26 00:00:00+02:00,False,MissingInput,"24 valeurs residual_load_gw manquantes après réparation (brut=24, max_autorisé=2)",24,24,0,2022-09-26 00:00:00+02:00 | 2022-09-26 01:00:00+02:00 | 2022-09-26 02:00:00+02:00 | 2022-09-26 03:00:00+02:00 | 2022-09-26 04:00:00+02:00 | 2022-09-26 05:00:00+02:00 | 2022-09-26 06:00:00+02:00 | 2022-09-26 07:00:00+02:00 | 2022-09-26 08:00:00+02:00 | 2022-09-26 09:00:00+02:00 | 2022-09-26 10:00:00+02:00 | 2022-09-26 11:00:00+02:00 | 2022-09-26 12:00:00+02:00 | 2022-09-26 13:00:00+02:00 | 2022-09-26 14:00:00+02:00 | 2022-09-26 15:00:00+02:00 | 2022-09-26 16:00:00+02:00 | 2022-09-26 17:00:00+02:00 | 2022-09-26 18:00:00+02:00 | 2022-09-26 19:00:00+02:00 | 2022-09-26 20:00:00+02:00 | 2022-09-26 21:00:00+02:00 | 2022-09-26 22:00:00+02:00 | 2022-09-26 23:00:00+02:00,,,,,,,
2022-09-27 00:00:00+02:00,False,MissingInput,"24 valeurs residual_load_gw manquantes après réparation (brut=24, max_autorisé=2)",24,24,0,2022-09-27 00:00:00+02:00 | 2022-09-27 01:00:00+02:00 | 2022-09-27 02:00:00+02:00 | 2022-09-27 03:00:00+02:00 | 2022-09-27 04:00:00+02:00 | 2022-09-27 05:00:00+02:00 | 2022-09-27 06:00:00+02:00 | 2022-09-27 07:00:00+02:00 | 2022-09-27 08:00:00+02:00 | 2022-09-27 09:00:00+02:00 | 2022-09-27 10:00:00+02:00 | 2022-09-27 11:00:00+02:00 | 2022-09-27 12:00:00+02:00 | 2022-09-27 13:00:00+02:00 | 2022-09-27 14:00:00+02:00 | 2022-09-27 15:00:00+02:00 | 2022-09-27 16:00:00+02:00 | 2022-09-27 17:00:00+02:00 | 2022-09-27 18:00:00+02:00 | 2022-09-27 19:00:00+02:00 | 2022-09-27 20:00:00+02:00 | 2022-09-27 21:00:00+02:00 | 2022-09-27 22:00:00+02:00 | 2022-09-27 23:00:00+02:00,,,,,,,
2022-09-28 00:00:00+02:00,False,MissingInput,"24 valeurs residual_load_gw manquantes après réparation (brut=24, max_autorisé=2)",24,24,0,2022-09-28 00:00:00+02:00 | 2022-09-28 01:00:00+02:00 | 2022-09-28 02:00:00+02:00 | 2022-09-28 03:00:00+02:00 | 2022-09-28 04:00:00+02:00 | 2022-09-28 05:00:00+02:00 | 2022-09-28 06:00:00+02:00 | 2022-09-28 07:00:00+02:00 | 2022-09-28 08:00:00+02:00 | 2022-09-28 09:00:00+02:00 | 2022-09-28 10:00:00+02:00 | 2022-09-28 11:00:00+02:00 | 2022-09-28 12:00:00+02:00 | 2022-09-28 13:00:00+02:00 | 2022-09-28 14:00:00+02:00 | 2022-09-28 15:00:00+02:00 | 2022-09-28 16:00:00+02:00 | 2022-09-28 17:00:00+02:00 | 2022-09-28 18:00:00+02:00 | 2022-09-28 19:00:00+02:00 | 2022-09-28 20:00:00+02:00 | 2022-09-28 21:00:00+02:00 | 2022-09-28 22:00:00+02:00 | 2022-09-28 23:00:00+02:00,,,,,,,
2022-09-29 00:00:00+02:00,False,MissingInput,"24 valeurs residual_load_gw manquantes après réparation (brut=24, max_autorisé=2)",24,24,0,2022-09-29 00:00:00+02:00 | 2022-09-29 01:00:00+02:00 | 2022-09-29 02:00:00+02:00 | 2022-09-29 03:00:00+02:00 | 2022-09-29 04:00:00+02:00 | 2022-09-29 05:00:00+02:00 | 2022-09-29 06:00:00+02:00 | 2022-09-29 07:00:00+02:00 | 2022-09-29 08:00:00+02:00 | 2022-09-29 09:00:00+02:00 | 2022-09-29 10:00:00+02:00 | 2022-09-29 11:00:00+02:00 | 2022-09-29 12:00:00+02:00 | 2022-09-29 13:00:00+02:00 | 2022-09-29 14:00:00+02:00 | 2022-09-29 15:00:00+02:00 | 2022-09-29 16:00:00+02:00 | 2022-09-29 17:00:00+02:00 | 2022-09-29 18:00:00+02:00 | 2022-09-29 19:00:00+02:00 | 2022-09-29 20:00:00+02:00 | 2022-09-29 21:00:00+02:00 | 2022-09-29 22:00:00+02:00 | 2022-09-29 23:00:00+02:00,,,,,,,
2022-09-30 00:00:00+02:00,False,MissingInput,"24 valeurs residual_load_gw manquantes après réparation (brut=24, max_autorisé=2)",24,24,0,2022-09-30 00:00:00+02:00 | 2022-09-30 01:00:00+02:00 | 2022-09-30 02:00:00+02:00 | 2022-09-30 03:00:00+02:00 | 2022-09-30 04:00:00+02:00 | 2022-09-30 05:00:00+02:00 | 2022-09-30 06:00:00+02:00 | 2022-09-30 07:00:00+02:00 | 2022-09-30 08:00:00+02:00 | 2022-09-30 09:00:00+02:00 | 2022-09-30 10:00:00+02:00 | 2022-09-30 11:00:00+02:00 | 2022-09-30 12:00:00+02:00 | 2022-09-30 13:00:00+02:00 | 2022-09-30 14:00:00+02:00 | 2022-09-30 15:00:00+02:00 | 2022-09-30 16:00:00+02:00 | 2022-09-30 17:00:00+02:00 | 2022-09-30 18:00:00+02:00 | 2022-09-30 19:00:00+02:00 | 2022-09-30 20:00:00+02:00 | 2022-09-30 21:00:00+02:00 | 2022-09-30 22:00:00+02:00 | 2022-09-30 23:00:00+02:00,,,,,,,
2022-10-01 00:00:00+02:00,False,MissingInput,"24 valeurs residual_load_gw manquantes après réparation (brut=24, max_autorisé=2)",24,24,0,2022-10-01 00:00:00+02:00 | 2022-10-01 01:00:00+02:00 | 2022-10-01 02:00:00+02:00 | 2022-10-01 03:00:00+02:00 | 2022-10-01 04:00:00+02:00 | 2022-10-01 05:00:00+02:00 | 2022-10-01 06:00:00+02:00 | 2022-10-01 07:00:00+02:00 | 2022-10-01 08:00:00+02:00 | 2022-10-01 09:00:00+02:00 | 2022-10-01 10:00:00+02:00 | 2022-10-01 11:00:00+02:00 | 2022-10-01 12:00:00+02:00 | 2022-10-01 13:00:00+02:00 | 2022-10-01 14:00:00+02:00 | 2022-10-01 15:00:00+02:00 | 2022-10-01 16:00:00+02:00 | 2022-10-01 17:00:00+02:00 | 2022-10-01 18:00:00+02:00 | 2022-10-01 19:00:00+02:00 | 2022-10-01 20:00:00+02:00 | 2022-10-01 21:00:00+02:00 | 2022-10-01 22:00:00+02:00 | 2022-10-01 23:00:00+02:00,,,,,,,
2022-10-02 00:00:00+02:00,False,MissingInput,"24 valeurs residual_load_gw manquantes après réparation (brut=24, max_autorisé=2)",24,24,0,2022-10-02 00:00:00+02:00 | 2022-10-02 01:00:00+02:00 | 2022-10-02 02:00:00+02:00 | 2022-10-02 03:00:00+02:00 | 2022-10-02 04:00:00+02:00 | 2022-10-02 05:00:00+02:00 | 2022-10-02 06:00:00+02:00 | 2022-10-02 07:00:00+02:00 | 2022-10-02 08:00:00+02:00 | 2022-10-02 09:00:00+02:00 | 2022-10-02 10:00:00+02:00 | 2022-10-02 11:00:00+02:00 | 2022-10-02 12:00:00+02:00 | 2022-10-02 13:00:00+02:00 | 2022-10-02 14:00:00+02:00 | 2022-10-02 15:00:00+02:00 | 2022-10-02 16:00:00+02:00 | 2022-10-02 17:00:00+02:00 | 2022-10-02 18:00:00+02:00 | 2022-10-02 19:00:00+02:00 | 2022-10-02 20:00:00+02:00 | 2022-10-02 21:00:00+02:00 | 2022-10-02 22:00:00+02:00 | 2022-10-02 23:00:00+02:00,,,,,,,
2022-10-03 00:00:00+02:00,False,MissingInput,"24 valeurs residual_load_gw manquantes après réparation (brut=24, max_autorisé=2)",24,24,0,2022-10-03 00:00:00+02:00 | 2022-10-03 01:00:00+02:00 | 2022-10-03 02:00:00+02:00 | 2022-10-03 03:00:00+02:00 | 2022-10-03 04:00:00+02:00 | 2022-10-03 05:00:00+02:00 | 2022-10-03 06:00:00+02:00 | 2022-10-03 07:00:00+02:00 | 2022-10-03 08:00:00+02:00 | 2022-10-03 09:00:00+02:00 | 2022-10-03 10:00:00+02:00 | 2022-10-03 11:00:00+02:00 | 2022-10-03 12:00:00+02:00 | 2022-10-03 13:00:00+02:00 | 2022-10-03 14:00:00+02:00 | 2022-10-03 15:00:00+02:00 | 2022-10-03 16:00:00+02:00 | 2022-10-03 17:00:00+02:00 | 2022-10-03 18:00:00+02:00 | 2022-10-03 19:00:00+02:00 | 2022-10-03 20:00:00+02:00 | 2022-10-03 21:00:00+02:00 | 2022-10-03 22:00:00+02:00 | 2022-10-03 23:00:00+02:00,,,,,,,
2022-10-04 00:00:00+02:00,False,MissingInput,"24 valeurs residual_load_gw manquantes après réparation (brut=24, max_autorisé=2)",24,24,0,2022-10-04 00:00:00+02:00 | 2022-10-04 01:00:00+02:00 | 2022-10-04 02:00:00+02:00 | 2022-10-04 03:00:00+02:00 | 2022-10-04 04:00:00+02:00 | 2022-10-04 05:00:00+02:00 | 2022-10-04 06:00:00+02:00 | 2022-10-04 07:00:00+02:00 | 2022-10-04 08:00:00+02:00 | 2022-10-04 09:00:00+02:00 | 2022-10-04 10:00:00+02:00 | 2022-10-04 11:00:00+02:00 | 2022-10-04 12:00:00+02:00 | 2022-10-04 13:00:00+02:00 | 2022-10-04 14:00:00+02:00 | 2022-10-04 15:00:00+02:00 | 2022-10-04 16:00:00+02:00 | 2022-10-04 17:00:00+02:00 | 2022-10-04 18:00:00+02:00 | 2022-10-04 19:00:00+02:00 | 2022-10-04 20:00:00+02:00 | 2022-10-04 21:00:00+02:00 | 2022-10-04 22:00:00+02:00 | 2022-10-04 23:00:00+02:00,,,,,,,
2022-10-05 00:00:00+02:00,False,MissingInput,"24 valeurs residual_load_gw manquantes après réparation (brut=24, max_autorisé=2)",24,24,0,2022-10-05 00:00:00+02:00 | 2022-10-05 01:00:00+02:00 | 2022-10-05 02:00:00+02:00 | 2022-10-05 03:00:00+02:00 | 2022-10-05 04:00:00+02:00 | 2022-10-05 05:00:00+02:00 | 2022-10-05 06:00:00+02:00 | 2022-10-05 07:00:00+02:00 | 2022-10-05 08:00:00+02:00 | 2022-10-05 09:00:00+02:00 | 2022-10-05 10:00:00+02:00 | 2022-10-05 11:00:00+02:00 | 2022-10-05 12:00:00+02:00 | 2022-10-05 13:00:00+02:00 | 2022-10-05 14:00:00+02:00 | 2022-10-05 15:00:00+02:00 | 2022-10-05 16:00:00+02:00 | 2022-10-05 17:00:00+02:00 | 2022-10-05 18:00:00+02:00 | 2022-10-05 19:00:00+02:00 | 2022-10-05 20:00:00+02:00 | 2022-10-05 21:00:00+02:00 | 2022-10-05 22:00:00+02:00 | 2022-10-05 23:00:00+02:00,,,,,,,
2022-10-06 00:00:00+02:00,False,MissingInput,"24 valeurs residual_load_gw manquantes après réparation (brut=24, max_autorisé=2)",24,24,0,2022-10-06 00:00:00+02:00 | 2022-10-06 01:00:00+02:00 | 2022-10-06 02:00:00+02:00 | 2022-10-06 03:00:00+02:00 | 2022-10-06 04:00:00+02:00 | 2022-10-06 05:00:00+02:00 | 2022-10-06 06:00:00+02:00 | 2022-10-06 07:00:00+02:00 | 2022-10-06 08:00:00+02:00 | 2022-10-06 09:00:00+02:00 | 2022-10-06 10:00:00+02:00 | 2022-10-06 11:00:00+02:00 | 2022-10-06 12:00:00+02:00 | 2022-10-06 13:00:00+02:00 | 2022-10-06 14:00:00+02:00 | 2022-10-06 15:00:00+02:00 | 2022-10-06 16:00:00+02:00 | 2022-10-06 17:00:00+02:00 | 2022-10-06 18:00:00+02:00 | 2022-10-06 19:00:00+02:00 | 2022-10-06 20:00:00+02:00 | 2022-10-06 21:00:00+02:00 | 2022-10-06 22:00:00+02:00 | 2022-10-06 23:00:00+02:00,,,,,,,
2022-10-07 00:00:00+02:00,False,MissingInput,"24 valeurs residual_load_gw manquantes après réparation (brut=24, max_autorisé=2)",24,24,0,2022-10-07 00:00:00+02:00 | 2022-10-07 01:00:00+02:00 | 2022-10-07 02:00:00+02:00 | 2022-10-07 03:00:00+02:00 | 2022-10-07 04:00:00+02:00 | 2022-10-07 05:00:00+02:00 | 2022-10-07 06:00:00+02:00 | 2022-10-07 07:00:00+02:00 | 2022-10-07 08:00:00+02:00 | 2022-10-07 09:00:00+02:00 | 2022-10-07 10:00:00+02:00 | 2022-10-07 11:00:00+02:00 | 2022-10-07 12:00:00+02:00 | 2022-10-07 13:00:00+02:00 | 2022-10-07 14:00:00+02:00 | 2022-10-07 15:00:00+02:00 | 2022-10-07 16:00:00+02:00 | 2022-10-07 17:00:00+02:00 | 2022-10-07 18:00:00+02:00 | 2022-10-07 19:00:00+02:00 | 2022-10-07 20:00:00+02:00 | 2022-10-07 21:00:00+02:00 | 2022-10-07 22:00:00+02:00 | 2022-10-07 23:00:00+02:00,,,,,,,
2022-10-08 00:00:00+02:00,False,MissingInput,"24 valeurs residual_load_gw manquantes après réparation (brut=24, max_autorisé=2)",24,24,0,2022-10-08 00:00:00+02:00 | 2022-10-08 01:00:00+02:00 | 2022-10-08 02:00:00+02:00 | 2022-10-08 03:00:00+02:00 | 2022-10-08 04:00:00+02:00 | 2022-10-08 05:00:00+02:00 | 2022-10-08 06:00:00+02:00 | 2022-10-08 07:00:00+02:00 | 2022-10-08 08:00:00+02:00 | 2022-10-08 09:00:00+02:00 | 2022-10-08 10:00:00+02:00 | 2022-10-08 11:00:00+02:00 | 2022-10-08 12:00:00+02:00 | 2022-10-08 13:00:00+02:00 | 2022-10-08 14:00:00+02:00 | 2022-10-08 15:00:00+02:00 | 2022-10-08 16:00:00+02:00 | 2022-10-08 17:00:00+02:00 | 2022-10-08 18:00:00+02:00 | 2022-10-08 19:00:00+02:00 | 2022-10-08 20:00:00+02:00 | 2022-10-08 21:00:00+02:00 | 2022-10-08 22:00:00+02:00 | 2022-10-08 23:00:00+02:00,,,,,,,
2022-10-09 00:00:00+02:00,False,MissingInput,"24 valeurs residual_load_gw manquantes après réparation (brut=24, max_autorisé=2)",24,24,0,2022-10-09 00:00:00+02:00 | 2022-10-09 01:00:00+02:00 | 2022-10-09 02:00:00+02:00 | 2022-10-09 03:00:00+02:00 | 2022-10-09 04:00:00+02:00 | 2022-10-09 05:00:00+02:00 | 2022-10-09 06:00:00+02:00 | 2022-10-09 07:00:00+02:00 | 2022-10-09 08:00:00+02:00 | 2022-10-09 09:00:00+02:00 | 2022-10-09 10:00:00+02:00 | 2022-10-09 11:00:00+02:00 | 2022-10-09 12:00:00+02:00 | 2022-10-09 13:00:00+02:00 | 2022-10-09 14:00:00+02:00 | 2022-10-09 15:00:00+02:00 | 2022-10-09 16:00:00+02:00 | 2022-10-09 17:00:00+02:00 | 2022-10-09 18:00:00+02:00 | 2022-10-09 19:00:00+02:00 | 2022-10-09 20:00:00+02:00 | 2022-10-09 21:00:00+02:00 | 2022-10-09 22:00:00+02:00 | 2022-10-09 23:00:00+02:00,,,,,,,
2022-10-10 00:00:00+02:00,False,MissingInput,"24 valeurs residual_load_gw manquantes après réparation (brut=24, max_autorisé=2)",24,24,0,2022-10-10 00:00:00+02:00 | 2022-10-10 01:00:00+02:00 | 2022-10-10 02:00:00+02:00 | 2022-10-10 03:00:00+02:00 | 2022-10-10 04:00:00+02:00 | 2022-10-10 05:00:00+02:00 | 2022-10-10 06:00:00+02:00 | 2022-10-10 07:00:00+02:00 | 2022-10-10 08:00:00+02:00 | 2022-10-10 09:00:00+02:00 | 2022-10-10 10:00:00+02:00 | 2022-10-10 11:00:00+02:00 | 2022-10-10 12:00:00+02:00 | 2022-10-10 13:00:00+02:00 | 2022-10-10 14:00:00+02:00 | 2022-10-10 15:00:00+02:00 | 2022-10-10 16:00:00+02:00 | 2022-10-10 17:00:00+02:00 | 2022-10-10 18:00:00+02:00 | 2022-10-10 19:00:00+02:00 | 2022-10-10 20:00:00+02:00 | 2022-10-10 21:00:00+02:00 | 2022-10-10 22:00:00+02:00 | 2022-10-10 23:00:00+02:00,,,,,,,
2022-10-11 00:00:00+02:00,False,MissingInput,"24 valeurs residual_load_gw manquantes après réparation (brut=24, max_autorisé=2)",24,24,0,2022-10-11 00:00:00+02:00 | 2022-10-11 01:00:00+02:00 | 2022-10-11 02:00:00+02:00 | 2022-10-11 03:00:00+02:00 | 2022-10-11 04:00:00+02:00 | 2022-10-11 05:00:00+02:00 | 2022-10-11 06:00:00+02:00 | 2022-10-11 07:00:00+02:00 | 2022-10-11 08:00:00+02:00 | 2022-10-11 09:00:00+02:00 | 2022-10-11 10:00:00+02:00 | 2022-10-11 11:00:00+02:00 | 2022-10-11 12:00:00+02:00 | 2022-10-11 13:00:00+02:00 | 2022-10-11 14:00:00+02:00 | 2022-10-11 15:00:00+02:00 | 2022-10-11 16:00:00+02:00 | 2022-10-11 17:00:00+02:00 | 2022-10-11 18:00:00+02:00 | 2022-10-11 19:00:00+02:00 | 2022-10-11 20:00:00+02:00 | 2022-10-11 21:00:00+02:00 | 2022-10-11 22:00:00+02:00 | 2022-10-11 23:00:00+02:00,,,,,,,
2022-10-12 00:00:00+02:00,False,MissingInput,"24 valeurs residual_load_gw manquantes après réparation (brut=24, max_autorisé=2)",24,24,0,2022-10-12 00:00:00+02:00 | 2022-10-12 01:00:00+02:00 | 2022-10-12 02:00:00+02:00 | 2022-10-12 03:00:00+02:00 | 2022-10-12 04:00:00+02:00 | 2022-10-12 05:00:00+02:00 | 2022-10-12 06:00:00+02:00 | 2022-10-12 07:00:00+02:00 | 2022-10-12 08:00:00+02:00 | 2022-10-12 09:00:00+02:00 | 2022-10-12 10:00:00+02:00 | 2022-10-12 11:00:00+02:00 | 2022-10-12 12:00:00+02:00 | 2022-10-12 13:00:00+02:00 | 2022-10-12 14:00:00+02:00 | 2022-10-12 15:00:00+02:00 | 2022-10-12 16:00:00+02:00 | 2022-10-12 17:00:00+02:00 | 2022-10-12 18:00:00+02:00 | 2022-10-12 19:00:00+02:00 | 2022-10-12 20:00:00+02:00 | 2022-10-12 21:00:00+02:00 | 2022-10-12 22:00:00+02:00 | 2022-10-12 23:00:00+02:00,,,,,,,
2022-10-13 00:00:00+02:00,False,MissingInput,"24 valeurs residual_load_gw manquantes après réparation (brut=24, max_autorisé=2)",24,24,0,2022-10-13 00:00:00+02:00 | 2022-10-13 01:00:00+02:00 | 2022-10-13 02:00:00+02:00 | 2022-10-13 03:00:00+02:00 | 2022-10-13 04:00:00+02:00 | 2022-10-13 05:00:00+02:00 | 2022-10-13 06:00:00+02:00 | 2022-10-13 07:00:00+02:00 | 2022-10-13 08:00:00+02:00 | 2022-10-13 09:00:00+02:00 | 2022-10-13 10:00:00+02:00 | 2022-10-13 11:00:00+02:00 | 2022-10-13 12:00:00+02:00 | 2022-10-13 13:00:00+02:00 | 2022-10-13 14:00:00+02:00 | 2022-10-13 15:00:00+02:00 | 2022-10-13 16:00:00+02:00 | 2022-10-13 17:00:00+02:00 | 2022-10-13 18:00:00+02:00 | 2022-10-13 19:00:00+02:00 | 2022-10-13 20:00:00+02:00 | 2022-10-13 21:00:00+02:00 | 2022-10-13 22:00:00+02:00 | 2022-10-13 23:00:00+02:00,,,,,,,
2022-10-14 00:00:00+02:00,False,MissingInput,"24 valeurs residual_load_gw manquantes après réparation (brut=24, max_autorisé=2)",24,24,0,2022-10-14 00:00:00+02:00 | 2022-10-14 01:00:00+02:00 | 2022-10-14 02:00:00+02:00 | 2022-10-14 03:00:00+02:00 | 2022-10-14 04:00:00+02:00 | 2022-10-14 05:00:00+02:00 | 2022-10-14 06:00:00+02:00 | 2022-10-14 07:00:00+02:00 | 2022-10-14 08:00:00+02:00 | 2022-10-14 09:00:00+02:00 | 2022-10-14 10:00:00+02:00 | 2022-10-14 11:00:00+02:00 | 2022-10-14 12:00:00+02:00 | 2022-10-14 13:00:00+02:00 | 2022-10-14 14:00:00+02:00 | 2022-10-14 15:00:00+02:00 | 2022-10-14 16:00:00+02:00 | 2022-10-14 17:00:00+02:00 | 2022-10-14 18:00:00+02:00 | 2022-10-14 19:00:00+02:00 | 2022-10-14 20:00:00+02:00 | 2022-10-14 21:00:00+02:00 | 2022-10-14 22:00:00+02:00 | 2022-10-14 23:00:00+02:00,,,,,,,
2022-10-15 00:00:00+02:00,False,MissingInput,"24 valeurs residual_load_gw manquantes après réparation (brut=24, max_autorisé=2)",24,24,0,2022-10-15 00:00:00+02:00 | 2022-10-15 01:00:00+02:00 | 2022-10-15 02:00:00+02:00 | 2022-10-15 03:00:00+02:00 | 2022-10-15 04:00:00+02:00 | 2022-10-15 05:00:00+02:00 | 2022-10-15 06:00:00+02:00 | 2022-10-15 07:00:00+02:00 | 2022-10-15 08:00:00+02:00 | 2022-10-15 09:00:00+02:00 | 2022-10-15 10:00:00+02:00 | 2022-10-15 11:00:00+02:00 | 2022-10-15 12:00:00+02:00 | 2022-10-15 13:00:00+02:00 | 2022-10-15 14:00:00+02:00 | 2022-10-15 15:00:00+02:00 | 2022-10-15 16:00:00+02:00 | 2022-10-15 17:00:00+02:00 | 2022-10-15 18:00:00+02:00 | 2022-10-15 19:00:00+02:00 | 2022-10-15 20:00:00+02:00 | 2022-10-15 21:00:00+02:00 | 2022-10-15 22:00:00+02:00 | 2022-10-15 23:00:00+02:00,,,,,,,
2022-10-16 00:00:00+02:00,False,MissingInput,"24 valeurs residual_load_gw manquantes après réparation (brut=24, max_autorisé=2)",24,24,0,2022-10-16 00:00:00+02:00 | 2022-10-16 01:00:00+02:00 | 2022-10-16 02:00:00+02:00 | 2022-10-16 03:00:00+02:00 | 2022-10-16 04:00:00+02:00 | 2022-10-16 05:00:00+02:00 | 2022-10-16 06:00:00+02:00 | 2022-10-16 07:00:00+02:00 | 2022-10-16 08:00:00+02:00 | 2022-10-16 09:00:00+02:00 | 2022-10-16 10:00:00+02:00 | 2022-10-16 11:00:00+02:00 | 2022-10-16 12:00:00+02:00 | 2022-10-16 13:00:00+02:00 | 2022-10-16 14:00:00+02:00 | 2022-10-16 15:00:00+02:00 | 2022-10-16 16:00:00+02:00 | 2022-10-16 17:00:00+02:00 | 2022-10-16 18:00:00+02:00 | 2022-10-16 19:00:00+02:00 | 2022-10-16 20:00:00+02:00 | 2022-10-16 21:00:00+02:00 | 2022-10-16 22:00:00+02:00 | 2022-10-16 23:00:00+02:00,,,,,,,
2022-10-17 00:00:00+02:00,False,MissingInput,"24 valeurs residual_load_gw manquantes après réparation (brut=24, max_autorisé=2)",24,24,0,2022-10-17 00:00:00+02:00 | 2022-10-17 01:00:00+02:00 | 2022-10-17 02:00:00+02:00 | 2022-10-17 03:00:00+02:00 | 2022-10-17 04:00:00+02:00 | 2022-10-17 05:00:00+02:00 | 2022-10-17 06:00:00+02:00 | 2022-10-17 07:00:00+02:00 | 2022-10-17 08:00:00+02:00 | 2022-10-17 09:00:00+02:00 | 2022-10-17 10:00:00+02:00 | 2022-10-17 11:00:00+02:00 | 2022-10-17 12:00:00+02:00 | 2022-10-17 13:00:00+02:00 | 2022-10-17 14:00:00+02:00 | 2022-10-17 15:00:00+02:00 | 2022-10-17 16:00:00+02:00 | 2022-10-17 17:00:00+02:00 | 2022-10-17 18:00:00+02:00 | 2022-10-17 19:00:00+02:00 | 2022-10-17 20:00:00+02:00 | 2022-10-17 21:00:00+02:00 | 2022-10-17 22:00:00+02:00 | 2022-10-17 23:00:00+02:00,,,,,,,
2022-10-18 00:00:00+02:00,False,MissingInput,"24 valeurs residual_load_gw manquantes après réparation (brut=24, max_autorisé=2)",24,24,0,2022-10-18 00:00:00+02:00 | 2022-10-18 01:00:00+02:00 | 2022-10-18 02:00:00+02:00 | 2022-10-18 03:00:00+02:00 | 2022-10-18 04:00:00+02:00 | 2022-10-18 05:00:00+02:00 | 2022-10-18 06:00:00+02:00 | 2022-10-18 07:00:00+02:00 | 2022-10-18 08:00:00+02:00 | 2022-10-18 09:00:00+02:00 | 2022-10-18 10:00:00+02:00 | 2022-10-18 11:00:00+02:00 | 2022-10-18 12:00:00+02:00 | 2022-10-18 13:00:00+02:00 | 2022-10-18 14:00:00+02:00 | 2022-10-18 15:00:00+02:00 | 2022-10-18 16:00:00+02:00 | 2022-10-18 17:00:00+02:00 | 2022-10-18 18:00:00+02:00 | 2022-10-18 19:00:00+02:00 | 2022-10-18 20:00:00+02:00 | 2022-10-18 21:00:00+02:00 | 2022-10-18 22:00:00+02:00 | 2022-10-18 23:00:00+02:00,,,,,,,
2022-10-19 00:00:00+02:00,False,MissingInput,"24 valeurs residual_load_gw manquantes après réparation (brut=24, max_autorisé=2)",24,24,0,2022-10-19 00:00:00+02:00 | 2022-10-19 01:00:00+02:00 | 2022-10-19 02:00:00+02:00 | 2022-10-19 03:00:00+02:00 | 2022-10-19 04:00:00+02:00 | 2022-10-19 05:00:00+02:00 | 2022-10-19 06:00:00+02:00 | 2022-10-19 07:00:00+02:00 | 2022-10-19 08:00:00+02:00 | 2022-10-19 09:00:00+02:00 | 2022-10-19 10:00:00+02:00 | 2022-10-19 11:00:00+02:00 | 2022-10-19 12:00:00+02:00 | 2022-10-19 13:00:00+02:00 | 2022-10-19 14:00:00+02:00 | 2022-10-19 15:00:00+02:00 | 2022-10-19 16:00:00+02:00 | 2022-10-19 17:00:00+02:00 | 2022-10-19 18:00:00+02:00 | 2022-10-19 19:00:00+02:00 | 2022-10-19 20:00:00+02:00 | 2022-10-19 21:00:00+02:00 | 2022-10-19 22:00:00+02:00 | 2022-10-19 23:00:00+02:00,,,,,,,
2022-10-20 00:00:00+02:00,False,MissingInput,"24 valeurs residual_load_gw manquantes après réparation (brut=24, max_autorisé=2)",24,24,0,2022-10-20 00:00:00+02:00 | 2022-10-20 01:00:00+02:00 | 2022-10-20 02:00:00+02:00 | 2022-10-20 03:00:00+02:00 | 2022-10-20 04:00:00+02:00 | 2022-10-20 05:00:00+02:00 | 2022-10-20 06:00:00+02:00 | 2022-10-20 07:00:00+02:00 | 2022-10-20 08:00:00+02:00 | 2022-10-20 09:00:00+02:00 | 2022-10-20 10:00:00+02:00 | 2022-10-20 11:00:00+02:00 | 2022-10-20 12:00:00+02:00 | 2022-10-20 13:00:00+02:00 | 2022-10-20 14:00:00+02:00 | 2022-10-20 15:00:00+02:00 | 2022-10-20 16:00:00+02:00 | 2022-10-20 17:00:00+02:00 | 2022-10-20 18:00:00+02:00 | 2022-10-20 19:00:00+02:00 | 2022-10-20 20:00:00+02:00 | 2022-10-20 21:00:00+02:00 | 2022-10-20 22:00:00+02:00 | 2022-10-20 23:00:00+02:00,,,,,,,
2022-10-21 00:00:00+02:00,False,MissingInput,"24 valeurs residual_load_gw manquantes après réparation (brut=24, max_autorisé=2)",24,24,0,2022-10-21 00:00:00+02:00 | 2022-10-21 01:00:00+02:00 | 2022-10-21 02:00:00+02:00 | 2022-10-21 03:00:00+02:00 | 2022-10-21 04:00:00+02:00 | 2022-10-21 05:00:00+02:00 | 2022-10-21 06:00:00+02:00 | 2022-10-21 07:00:00+02:00 | 2022-10-21 08:00:00+02:00 | 2022-10-21 09:00:00+02:00 | 2022-10-21 10:00:00+02:00 | 2022-10-21 11:00:00+02:00 | 2022-10-21 12:00:00+02:00 | 2022-10-21 13:00:00+02:00 | 2022-10-21 14:00:00+02:00 | 2022-10-21 15:00:00+02:00 | 2022-10-21 16:00:00+02:00 | 2022-10-21 17:00:00+02:00 | 2022-10-21 18:00:00+02:00 | 2022-10-21 19:00:00+02:00 | 2022-10-21 20:00:00+02:00 | 2022-10-21 21:00:00+02:00 | 2022-10-21 22:00:00+02:00 | 2022-10-21 23:00:00+02:00,,,,,,,
2022-10-22 00:00:00+02:00,False,MissingInput,"24 valeurs residual_load_gw manquantes après réparation (brut=24, max_autorisé=2)",24,24,0,2022-10-22 00:00:00+02:00 | 2022-10-22 01:00:00+02:00 | 2022-10-22 02:00:00+02:00 | 2022-10-22 03:00:00+02:00 | 2022-10-22 04:00:00+02:00 | 2022-10-22 05:00:00+02:00 | 2022-10-22 06:00:00+02:00 | 2022-10-22 07:00:00+02:00 | 2022-10-22 08:00:00+02:00 | 2022-10-22 09:00:00+02:00 | 2022-10-22 10:00:00+02:00 | 2022-10-22 11:00:00+02:00 | 2022-10-22 12:00:00+02:00 | 2022-10-22 13:00:00+02:00 | 2022-10-22 14:00:00+02:00 | 2022-10-22 15:00:00+02:00 | 2022-10-22 16:00:00+02:00 | 2022-10-22 17:00:00+02:00 | 2022-10-22 18:00:00+02:00 | 2022-10-22 19:00:00+02:00 | 2022-10-22 20:00:00+02:00 | 2022-10-22 21:00:00+02:00 | 2022-10-22 22:00:00+02:00 | 2022-10-22 23:00:00+02:00,,,,,,,
2022-10-23 00:00:00+02:00,False,MissingInput,"24 valeurs residual_load_gw manquantes après réparation (brut=24, max_autorisé=2)",24,24,0,2022-10-23 00:00:00+02:00 | 2022-10-23 01:00:00+02:00 | 2022-10-23 02:00:00+02:00 | 2022-10-23 03:00:00+02:00 | 2022-10-23 04:00:00+02:00 | 2022-10-23 05:00:00+02:00 | 2022-10-23 06:00:00+02:00 | 2022-10-23 07:00:00+02:00 | 2022-10-23 08:00:00+02:00 | 2022-10-23 09:00:00+02:00 | 2022-10-23 10:00:00+02:00 | 2022-10-23 11:00:00+02:00 | 2022-10-23 12:00:00+02:00 | 2022-10-23 13:00:00+02:00 | 2022-10-23 14:00:00+02:00 | 2022-10-23 15:00:00+02:00 | 2022-10-23 16:00:00+02:00 | 2022-10-23 17:00:00+02:00 | 2022-10-23 18:00:00+02:00 | 2022-10-23 19:00:00+02:00 | 2022-10-23 20:00:00+02:00 | 2022-10-23 21:00:00+02:00 | 2022-10-23 22:00:00+02:00 | 2022-10-23 23:00:00+02:00,,,,,,,
2022-10-24 00:00:00+02:00,False,MissingInput,"24 valeurs residual_load_gw manquantes après réparation (brut=24, max_autorisé=2)",24,24,0,2022-10-24 00:00:00+02:00 | 2022-10-24 01:00:00+02:00 | 2022-10-24 02:00:00+02:00 | 2022-10-24 03:00:00+02:00 | 2022-10-24 04:00:00+02:00 | 2022-10-24 05:00:00+02:00 | 2022-10-24 06:00:00+02:00 | 2022-10-24 07:00:00+02:00 | 2022-10-24 08:00:00+02:00 | 2022-10-24 09:00:00+02:00 | 2022-10-24 10:00:00+02:00 | 2022-10-24 11:00:00+02:00 | 2022-10-24 12:00:00+02:00 | 2022-10-24 13:00:00+02:00 | 2022-10-24 14:00:00+02:00 | 2022-10-24 15:00:00+02:00 | 2022-10-24 16:00:00+02:00 | 2022-10-24 17:00:00+02:00 | 2022-10-24 18:00:00+02:00 | 2022-10-24 19:00:00+02:00 | 2022-10-24 20:00:00+02:00 | 2022-10-24 21:00:00+02:00 | 2022-10-24 22:00:00+02:00 | 2022-10-24 23:00:00+02:00,,,,,,,
2022-10-25 00:00:00+02:00,False,MissingInput,"24 valeurs residual_load_gw manquantes après réparation (brut=24, max_autorisé=2)",24,24,0,2022-10-25 00:00:00+02:00 | 2022-10-25 01:00:00+02:00 | 2022-10-25 02:00:00+02:00 | 2022-10-25 03:00:00+02:00 | 2022-10-25 04:00:00+02:00 | 2022-10-25 05:00:00+02:00 | 2022-10-25 06:00:00+02:00 | 2022-10-25 07:00:00+02:00 | 2022-10-25 08:00:00+02:00 | 2022-10-25 09:00:00+02:00 | 2022-10-25 10:00:00+02:00 | 2022-10-25 11:00:00+02:00 | 2022-10-25 12:00:00+02:00 | 2022-10-25 13:00:00+02:00 | 2022-10-25 14:00:00+02:00 | 2022-10-25 15:00:00+02:00 | 2022-10-25 16:00:00+02:00 | 2022-10-25 17:00:00+02:00 | 2022-10-25 18:00:00+02:00 | 2022-10-25 19:00:00+02:00 | 2022-10-25 20:00:00+02:00 | 2022-10-25 21:00:00+02:00 | 2022-10-25 22:00:00+02:00 | 2022-10-25 23:00:00+02:00,,,,,,,
2022-10-26 00:00:00+02:00,False,MissingInput,"24 valeurs residual_load_gw manquantes après réparation (brut=24, max_autorisé=2)",24,24,0,2022-10-26 00:00:00+02:00 | 2022-10-26 01:00:00+02:00 | 2022-10-26 02:00:00+02:00 | 2022-10-26 03:00:00+02:00 | 2022-10-26 04:00:00+02:00 | 2022-10-26 05:00:00+02:00 | 2022-10-26 06:00:00+02:00 | 2022-10-26 07:00:00+02:00 | 2022-10-26 08:00:00+02:00 | 2022-10-26 09:00:00+02:00 | 2022-10-26 10:00:00+02:00 | 2022-10-26 11:00:00+02:00 | 2022-10-26 12:00:00+02:00 | 2022-10-26 13:00:00+02:00 | 2022-10-26 14:00:00+02:00 | 2022-10-26 15:00:00+02:00 | 2022-10-26 16:00:00+02:00 | 2022-10-26 17:00:00+02:00 | 2022-10-26 18:00:00+02:00 | 2022-10-26 19:00:00+02:00 | 2022-10-26 20:00:00+02:00 | 2022-10-26 21:00:00+02:00 | 2022-10-26 22:00:00+02:00 | 2022-10-26 23:00:00+02:00,,,,,,,
2022-10-27 00:00:00+02:00,False,MissingInput,"24 valeurs residual_load_gw manquantes après réparation (brut=24, max_autorisé=2)",24,24,0,2022-10-27 00:00:00+02:00 | 2022-10-27 01:00:00+02:00 | 2022-10-27 02:00:00+02:00 | 2022-10-27 03:00:00+02:00 | 2022-10-27 04:00:00+02:00 | 2022-10-27 05:00:00+02:00 | 2022-10-27 06:00:00+02:00 | 2022-10-27 07:00:00+02:00 | 2022-10-27 08:00:00+02:00 | 2022-10-27 09:00:00+02:00 | 2022-10-27 10:00:00+02:00 | 2022-10-27 11:00:00+02:00 | 2022-10-27 12:00:00+02:00 | 2022-10-27 13:00:00+02:00 | 2022-10-27 14:00:00+02:00 | 2022-10-27 15:00:00+02:00 | 2022-10-27 16:00:00+02:00 | 2022-10-27 17:00:00+02:00 | 2022-10-27 18:00:00+02:00 | 2022-10-27 19:00:00+02:00 | 2022-10-27 20:00:00+02:00 | 2022-10-27 21:00:00+02:00 | 2022-10-27 22:00:00+02:00 | 2022-10-27 23:00:00+02:00,,,,,,,
2022-10-28 00:00:00+02:00,False,MissingInput,"24 valeurs residual_load_gw manquantes après réparation (brut=24, max_autorisé=2)",24,24,0,2022-10-28 00:00:00+02:00 | 2022-10-28 01:00:00+02:00 | 2022-10-28 02:00:00+02:00 | 2022-10-28 03:00:00+02:00 | 2022-10-28 04:00:00+02:00 | 2022-10-28 05:00:00+02:00 | 2022-10-28 06:00:00+02:00 | 2022-10-28 07:00:00+02:00 | 2022-10-28 08:00:00+02:00 | 2022-10-28 09:00:00+02:00 | 2022-10-28 10:00:00+02:00 | 2022-10-28 11:00:00+02:00 | 2022-10-28 12:00:00+02:00 | 2022-10-28 13:00:00+02:00 | 2022-10-28 14:00:00+02:00 | 2022-10-28 15:00:00+02:00 | 2022-10-28 16:00:00+02:00 | 2022-10-28 17:00:00+02:00 | 2022-10-28 18:00:00+02:00 | 2022-10-28 19:00:00+02:00 | 2022-10-28 20:00:00+02:00 | 2022-10-28 21:00:00+02:00 | 2022-10-28 22:00:00+02:00 | 2022-10-28 23:00:00+02:00,,,,,,,
2022-10-29 00:00:00+02:00,False,MissingInput,"24 valeurs residual_load_gw manquantes après réparation (brut=24, max_autorisé=2)",24,24,0,2022-10-29 00:00:00+02:00 | 2022-10-29 01:00:00+02:00 | 2022-10-29 02:00:00+02:00 | 2022-10-29 03:00:00+02:00 | 2022-10-29 04:00:00+02:00 | 2022-10-29 05:00:00+02:00 | 2022-10-29 06:00:00+02:00 | 2022-10-29 07:00:00+02:00 | 2022-10-29 08:00:00+02:00 | 2022-10-29 09:00:00+02:00 | 2022-10-29 10:00:00+02:00 | 2022-10-29 11:00:00+02:00 | 2022-10-29 12:00:00+02:00 | 2022-10-29 13:00:00+02:00 | 2022-10-29 14:00:00+02:00 | 2022-10-29 15:00:00+02:00 | 2022-10-29 16:00:00+02:00 | 2022-10-29 17:00:00+02:00 | 2022-10-29 18:00:00+02:00 | 2022-10-29 19:00:00+02:00 | 2022-10-29 20:00:00+02:00 | 2022-10-29 21:00:00+02:00 | 2022-10-29 22:00:00+02:00 | 2022-10-29 23:00:00+02:00,,,,,,,
2022-10-30 00:00:00+02:00,False,MissingInput,"25 valeurs residual_load_gw manquantes après réparation (brut=25, max_autorisé=2)",25,25,0,2022-10-30 00:00:00+02:00 | 2022-10-30 01:00:00+02:00 | 2022-10-30 02:00:00+02:00 | 2022-10-30 02:00:00+01:00 | 2022-10-30 03:00:00+01:00 | 2022-10-30 04:00:00+01:00 | 2022-10-30 05:00:00+01:00 | 2022-10-30 06:00:00+01:00 | 2022-10-30 07:00:00+01:00 | 2022-10-30 08:00:00+01:00 | 2022-10-30 09:00:00+01:00 | 2022-10-30 10:00:00+01:00 | 2022-10-30 11:00:00+01:00 | 2022-10-30 12:00:00+01:00 | 2022-10-30 13:00:00+01:00 | 2022-10-30 14:00:00+01:00 | 2022-10-30 15:00:00+01:00 | 2022-10-30 16:00:00+01:00 | 2022-10-30 17:00:00+01:00 | 2022-10-30 18:00:00+01:00 | 2022-10-30 19:00:00+01:00 | 2022-10-30 20:00:00+01:00 | 2022-10-30 21:00:00+01:00 | 2022-10-30 22:00:00+01:00 | 2022-10-30 23:00:00+01:00,,,,,,,
2022-10-31 00:00:00+01:00,False,MissingInput,"24 valeurs residual_load_gw manquantes après réparation (brut=24, max_autorisé=2)",24,24,0,2022-10-31 00:00:00+01:00 | 2022-10-31 01:00:00+01:00 | 2022-10-31 02:00:00+01:00 | 2022-10-31 03:00:00+01:00 | 2022-10-31 04:00:00+01:00 | 2022-10-31 05:00:00+01:00 | 2022-10-31 06:00:00+01:00 | 2022-10-31 07:00:00+01:00 | 2022-10-31 08:00:00+01:00 | 2022-10-31 09:00:00+01:00 | 2022-10-31 10:00:00+01:00 | 2022-10-31 11:00:00+01:00 | 2022-10-31 12:00:00+01:00 | 2022-10-31 13:00:00+01:00 | 2022-10-31 14:00:00+01:00 | 2022-10-31 15:00:00+01:00 | 2022-10-31 16:00:00+01:00 | 2022-10-31 17:00:00+01:00 | 2022-10-31 18:00:00+01:00 | 2022-10-31 19:00:00+01:00 | 2022-10-31 20:00:00+01:00 | 2022-10-31 21:00:00+01:00 | 2022-10-31 22:00:00+01:00 | 2022-10-31 23:00:00+01:00,,,,,,,
2022-11-01 00:00:00+01:00,False,MissingInput,"24 valeurs residual_load_gw manquantes après réparation (brut=24, max_autorisé=2)",24,24,0,2022-11-01 00:00:00+01:00 | 2022-11-01 01:00:00+01:00 | 2022-11-01 02:00:00+01:00 | 2022-11-01 03:00:00+01:00 | 2022-11-01 04:00:00+01:00 | 2022-11-01 05:00:00+01:00 | 2022-11-01 06:00:00+01:00 | 2022-11-01 07:00:00+01:00 | 2022-11-01 08:00:00+01:00 | 2022-11-01 09:00:00+01:00 | 2022-11-01 10:00:00+01:00 | 2022-11-01 11:00:00+01:00 | 2022-11-01 12:00:00+01:00 | 2022-11-01 13:00:00+01:00 | 2022-11-01 14:00:00+01:00 | 2022-11-01 15:00:00+01:00 | 2022-11-01 16:00:00+01:00 | 2022-11-01 17:00:00+01:00 | 2022-11-01 18:00:00+01:00 | 2022-11-01 19:00:00+01:00 | 2022-11-01 20:00:00+01:00 | 2022-11-01 21:00:00+01:00 | 2022-11-01 22:00:00+01:00 | 2022-11-01 23:00:00+01:00,,,,,,,
2022-11-02 00:00:00+01:00,False,MissingInput,"24 valeurs residual_load_gw manquantes après réparation (brut=24, max_autorisé=2)",24,24,0,2022-11-02 00:00:00+01:00 | 2022-11-02 01:00:00+01:00 | 2022-11-02 02:00:00+01:00 | 2022-11-02 03:00:00+01:00 | 2022-11-02 04:00:00+01:00 | 2022-11-02 05:00:00+01:00 | 2022-11-02 06:00:00+01:00 | 2022-11-02 07:00:00+01:00 | 2022-11-02 08:00:00+01:00 | 2022-11-02 09:00:00+01:00 | 2022-11-02 10:00:00+01:00 | 2022-11-02 11:00:00+01:00 | 2022-11-02 12:00:00+01:00 | 2022-11-02 13:00:00+01:00 | 2022-11-02 14:00:00+01:00 | 2022-11-02 15:00:00+01:00 | 2022-11-02 16:00:00+01:00 | 2022-11-02 17:00:00+01:00 | 2022-11-02 18:00:00+01:00 | 2022-11-02 19:00:00+01:00 | 2022-11-02 20:00:00+01:00 | 2022-11-02 21:00:00+01:00 | 2022-11-02 22:00:00+01:00 | 2022-11-02 23:00:00+01:00,,,,,,,
2022-11-03 00:00:00+01:00,False,MissingInput,"24 valeurs residual_load_gw manquantes après réparation (brut=24, max_autorisé=2)",24,24,0,2022-11-03 00:00:00+01:00 | 2022-11-03 01:00:00+01:00 | 2022-11-03 02:00:00+01:00 | 2022-11-03 03:00:00+01:00 | 2022-11-03 04:00:00+01:00 | 2022-11-03 05:00:00+01:00 | 2022-11-03 06:00:00+01:00 | 2022-11-03 07:00:00+01:00 | 2022-11-03 08:00:00+01:00 | 2022-11-03 09:00:00+01:00 | 2022-11-03 10:00:00+01:00 | 2022-11-03 11:00:00+01:00 | 2022-11-03 12:00:00+01:00 | 2022-11-03 13:00:00+01:00 | 2022-11-03 14:00:00+01:00 | 2022-11-03 15:00:00+01:00 | 2022-11-03 16:00:00+01:00 | 2022-11-03 17:00:00+01:00 | 2022-11-03 18:00:00+01:00 | 2022-11-03 19:00:00+01:00 | 2022-11-03 20:00:00+01:00 | 2022-11-03 21:00:00+01:00 | 2022-11-03 22:00:00+01:00 | 2022-11-03 23:00:00+01:00,,,,,,,
2022-11-04 00:00:00+01:00,False,MissingInput,"24 valeurs residual_load_gw manquantes après réparation (brut=24, max_autorisé=2)",24,24,0,2022-11-04 00:00:00+01:00 | 2022-11-04 01:00:00+01:00 | 2022-11-04 02:00:00+01:00 | 2022-11-04 03:00:00+01:00 | 2022-11-04 04:00:00+01:00 | 2022-11-04 05:00:00+01:00 | 2022-11-04 06:00:00+01:00 | 2022-11-04 07:00:00+01:00 | 2022-11-04 08:00:00+01:00 | 2022-11-04 09:00:00+01:00 | 2022-11-04 10:00:00+01:00 | 2022-11-04 11:00:00+01:00 | 2022-11-04 12:00:00+01:00 | 2022-11-04 13:00:00+01:00 | 2022-11-04 14:00:00+01:00 | 2022-11-04 15:00:00+01:00 | 2022-11-04 16:00:00+01:00 | 2022-11-04 17:00:00+01:00 | 2022-11-04 18:00:00+01:00 | 2022-11-04 19:00:00+01:00 | 2022-11-04 20:00:00+01:00 | 2022-11-04 21:00:00+01:00 | 2022-11-04 22:00:00+01:00 | 2022-11-04 23:00:00+01:00,,,,,,,
2022-11-05 00:00:00+01:00,False,MissingInput,"24 valeurs residual_load_gw manquantes après réparation (brut=24, max_autorisé=2)",24,24,0,2022-11-05 00:00:00+01:00 | 2022-11-05 01:00:00+01:00 | 2022-11-05 02:00:00+01:00 | 2022-11-05 03:00:00+01:00 | 2022-11-05 04:00:00+01:00 | 2022-11-05 05:00:00+01:00 | 2022-11-05 06:00:00+01:00 | 2022-11-05 07:00:00+01:00 | 2022-11-05 08:00:00+01:00 | 2022-11-05 09:00:00+01:00 | 2022-11-05 10:00:00+01:00 | 2022-11-05 11:00:00+01:00 | 2022-11-05 12:00:00+01:00 | 2022-11-05 13:00:00+01:00 | 2022-11-05 14:00:00+01:00 | 2022-11-05 15:00:00+01:00 | 2022-11-05 16:00:00+01:00 | 2022-11-05 17:00:00+01:00 | 2022-11-05 18:00:00+01:00 | 2022-11-05 19:00:00+01:00 | 2022-11-05 20:00:00+01:00 | 2022-11-05 21:00:00+01:00 | 2022-11-05 22:00:00+01:00 | 2022-11-05 23:00:00+01:00,,,,,,,
2022-11-06 00:00:00+01:00,False,MissingInput,"24 valeurs residual_load_gw manquantes après réparation (brut=24, max_autorisé=2)",24,24,0,2022-11-06 00:00:00+01:00 | 2022-11-06 01:00:00+01:00 | 2022-11-06 02:00:00+01:00 | 2022-11-06 03:00:00+01:00 | 2022-11-06 04:00:00+01:00 | 2022-11-06 05:00:00+01:00 | 2022-11-06 06:00:00+01:00 | 2022-11-06 07:00:00+01:00 | 2022-11-06 08:00:00+01:00 | 2022-11-06 09:00:00+01:00 | 2022-11-06 10:00:00+01:00 | 2022-11-06 11:00:00+01:00 | 2022-11-06 12:00:00+01:00 | 2022-11-06 13:00:00+01:00 | 2022-11-06 14:00:00+01:00 | 2022-11-06 15:00:00+01:00 | 2022-11-06 16:00:00+01:00 | 2022-11-06 17:00:00+01:00 | 2022-11-06 18:00:00+01:00 | 2022-11-06 19:00:00+01:00 | 2022-11-06 20:00:00+01:00 | 2022-11-06 21:00:00+01:00 | 2022-11-06 22:00:00+01:00 | 2022-11-06 23:00:00+01:00,,,,,,,
2022-11-07 00:00:00+01:00,False,MissingInput,"24 valeurs residual_load_gw manquantes après réparation (brut=24, max_autorisé=2)",24,24,0,2022-11-07 00:00:00+01:00 | 2022-11-07 01:00:00+01:00 | 2022-11-07 02:00:00+01:00 | 2022-11-07 03:00:00+01:00 | 2022-11-07 04:00:00+01:00 | 2022-11-07 05:00:00+01:00 | 2022-11-07 06:00:00+01:00 | 2022-11-07 07:00:00+01:00 | 2022-11-07 08:00:00+01:00 | 2022-11-07 09:00:00+01:00 | 2022-11-07 10:00:00+01:00 | 2022-11-07 11:00:00+01:00 | 2022-11-07 12:00:00+01:00 | 2022-11-07 13:00:00+01:00 | 2022-11-07 14:00:00+01:00 | 2022-11-07 15:00:00+01:00 | 2022-11-07 16:00:00+01:00 | 2022-11-07 17:00:00+01:00 | 2022-11-07 18:00:00+01:00 | 2022-11-07 19:00:00+01:00 | 2022-11-07 20:00:00+01:00 | 2022-11-07 21:00:00+01:00 | 2022-11-07 22:00:00+01:00 | 2022-11-07 23:00:00+01:00,,,,,,,
2022-11-08 00:00:00+01:00,False,MissingInput,"24 valeurs residual_load_gw manquantes après réparation (brut=24, max_autorisé=2)",24,24,0,2022-11-08 00:00:00+01:00 | 2022-11-08 01:00:00+01:00 | 2022-11-08 02:00:00+01:00 | 2022-11-08 03:00:00+01:00 | 2022-11-08 04:00:00+01:00 | 2022-11-08 05:00:00+01:00 | 2022-11-08 06:00:00+01:00 | 2022-11-08 07:00:00+01:00 | 2022-11-08 08:00:00+01:00 | 2022-11-08 09:00:00+01:00 | 2022-11-08 10:00:00+01:00 | 2022-11-08 11:00:00+01:00 | 2022-11-08 12:00:00+01:00 | 2022-11-08 13:00:00+01:00 | 2022-11-08 14:00:00+01:00 | 2022-11-08 15:00:00+01:00 | 2022-11-08 16:00:00+01:00 | 2022-11-08 17:00:00+01:00 | 2022-11-08 18:00:00+01:00 | 2022-11-08 19:00:00+01:00 | 2022-11-08 20:00:00+01:00 | 2022-11-08 21:00:00+01:00 | 2022-11-08 22:00:00+01:00 | 2022-11-08 23:00:00+01:00,,,,,,,
2022-11-09 00:00:00+01:00,False,MissingInput,"24 valeurs residual_load_gw manquantes après réparation (brut=24, max_autorisé=2)",24,24,0,2022-11-09 00:00:00+01:00 | 2022-11-09 01:00:00+01:00 | 2022-11-09 02:00:00+01:00 | 2022-11-09 03:00:00+01:00 | 2022-11-09 04:00:00+01:00 | 2022-11-09 05:00:00+01:00 | 2022-11-09 06:00:00+01:00 | 2022-11-09 07:00:00+01:00 | 2022-11-09 08:00:00+01:00 | 2022-11-09 09:00:00+01:00 | 2022-11-09 10:00:00+01:00 | 2022-11-09 11:00:00+01:00 | 2022-11-09 12:00:00+01:00 | 2022-11-09 13:00:00+01:00 | 2022-11-09 14:00:00+01:00 | 2022-11-09 15:00:00+01:00 | 2022-11-09 16:00:00+01:00 | 2022-11-09 17:00:00+01:00 | 2022-11-09 18:00:00+01:00 | 2022-11-09 19:00:00+01:00 | 2022-11-09 20:00:00+01:00 | 2022-11-09 21:00:00+01:00 | 2022-11-09 22:00:00+01:00 | 2022-11-09 23:00:00+01:00,,,,,,,
2022-11-10 00:00:00+01:00,False,MissingInput,"24 valeurs residual_load_gw manquantes après réparation (brut=24, max_autorisé=2)",24,24,0,2022-11-10 00:00:00+01:00 | 2022-11-10 01:00:00+01:00 | 2022-11-10 02:00:00+01:00 | 2022-11-10 03:00:00+01:00 | 2022-11-10 04:00:00+01:00 | 2022-11-10 05:00:00+01:00 | 2022-11-10 06:00:00+01:00 | 2022-11-10 07:00:00+01:00 | 2022-11-10 08:00:00+01:00 | 2022-11-10 09:00:00+01:00 | 2022-11-10 10:00:00+01:00 | 2022-11-10 11:00:00+01:00 | 2022-11-10 12:00:00+01:00 | 2022-11-10 13:00:00+01:00 | 2022-11-10 14:00:00+01:00 | 2022-11-10 15:00:00+01:00 | 2022-11-10 16:00:00+01:00 | 2022-11-10 17:00:00+01:00 | 2022-11-10 18:00:00+01:00 | 2022-11-10 19:00:00+01:00 | 2022-11-10 20:00:00+01:00 | 2022-11-10 21:00:00+01:00 | 2022-11-10 22:00:00+01:00 | 2022-11-10 23:00:00+01:00,,,,,,,
2022-11-11 00:00:00+01:00,False,MissingInput,"24 valeurs residual_load_gw manquantes après réparation (brut=24, max_autorisé=2)",24,24,0,2022-11-11 00:00:00+01:00 | 2022-11-11 01:00:00+01:00 | 2022-11-11 02:00:00+01:00 | 2022-11-11 03:00:00+01:00 | 2022-11-11 04:00:00+01:00 | 2022-11-11 05:00:00+01:00 | 2022-11-11 06:00:00+01:00 | 2022-11-11 07:00:00+01:00 | 2022-11-11 08:00:00+01:00 | 2022-11-11 09:00:00+01:00 | 2022-11-11 10:00:00+01:00 | 2022-11-11 11:00:00+01:00 | 2022-11-11 12:00:00+01:00 | 2022-11-11 13:00:00+01:00 | 2022-11-11 14:00:00+01:00 | 2022-11-11 15:00:00+01:00 | 2022-11-11 16:00:00+01:00 | 2022-11-11 17:00:00+01:00 | 2022-11-11 18:00:00+01:00 | 2022-11-11 19:00:00+01:00 | 2022-11-11 20:00:00+01:00 | 2022-11-11 21:00:00+01:00 | 2022-11-11 22:00:00+01:00 | 2022-11-11 23:00:00+01:00,,,,,,,
2022-11-12 00:00:00+01:00,False,MissingInput,"24 valeurs residual_load_gw manquantes après réparation (brut=24, max_autorisé=2)",24,24,0,2022-11-12 00:00:00+01:00 | 2022-11-12 01:00:00+01:00 | 2022-11-12 02:00:00+01:00 | 2022-11-12 03:00:00+01:00 | 2022-11-12 04:00:00+01:00 | 2022-11-12 05:00:00+01:00 | 2022-11-12 06:00:00+01:00 | 2022-11-12 07:00:00+01:00 | 2022-11-12 08:00:00+01:00 | 2022-11-12 09:00:00+01:00 | 2022-11-12 10:00:00+01:00 | 2022-11-12 11:00:00+01:00 | 2022-11-12 12:00:00+01:00 | 2022-11-12 13:00:00+01:00 | 2022-11-12 14:00:00+01:00 | 2022-11-12 15:00:00+01:00 | 2022-11-12 16:00:00+01:00 | 2022-11-12 17:00:00+01:00 | 2022-11-12 18:00:00+01:00 | 2022-11-12 19:00:00+01:00 | 2022-11-12 20:00:00+01:00 | 2022-11-12 21:00:00+01:00 | 2022-11-12 22:00:00+01:00 | 2022-11-12 23:00:00+01:00,,,,,,,
2022-11-13 00:00:00+01:00,False,MissingInput,"24 valeurs residual_load_gw manquantes après réparation (brut=24, max_autorisé=2)",24,24,0,2022-11-13 00:00:00+01:00 | 2022-11-13 01:00:00+01:00 | 2022-11-13 02:00:00+01:00 | 2022-11-13 03:00:00+01:00 | 2022-11-13 04:00:00+01:00 | 2022-11-13 05:00:00+01:00 | 2022-11-13 06:00:00+01:00 | 2022-11-13 07:00:00+01:00 | 2022-11-13 08:00:00+01:00 | 2022-11-13 09:00:00+01:00 | 2022-11-13 10:00:00+01:00 | 2022-11-13 11:00:00+01:00 | 2022-11-13 12:00:00+01:00 | 2022-11-13 13:00:00+01:00 | 2022-11-13 14:00:00+01:00 | 2022-11-13 15:00:00+01:00 | 2022-11-13 16:00:00+01:00 | 2022-11-13 17:00:00+01:00 | 2022-11-13 18:00:00+01:00 | 2022-11-13 19:00:00+01:00 | 2022-11-13 20:00:00+01:00 | 2022-11-13 21:00:00+01:00 | 2022-11-13 22:00:00+01:00 | 2022-11-13 23:00:00+01:00,,,,,,,
2022-11-14 00:00:00+01:00,False,MissingInput,"24 valeurs residual_load_gw manquantes après réparation (brut=24, max_autorisé=2)",24,24,0,2022-11-14 00:00:00+01:00 | 2022-11-14 01:00:00+01:00 | 2022-11-14 02:00:00+01:00 | 2022-11-14 03:00:00+01:00 | 2022-11-14 04:00:00+01:00 | 2022-11-14 05:00:00+01:00 | 2022-11-14 06:00:00+01:00 | 2022-11-14 07:00:00+01:00 | 2022-11-14 08:00:00+01:00 | 2022-11-14 09:00:00+01:00 | 2022-11-14 10:00:00+01:00 | 2022-11-14 11:00:00+01:00 | 2022-11-14 12:00:00+01:00 | 2022-11-14 13:00:00+01:00 | 2022-11-14 14:00:00+01:00 | 2022-11-14 15:00:00+01:00 | 2022-11-14 16:00:00+01:00 | 2022-11-14 17:00:00+01:00 | 2022-11-14 18:00:00+01:00 | 2022-11-14 19:00:00+01:00 | 2022-11-14 20:00:00+01:00 | 2022-11-14 21:00:00+01:00 | 2022-11-14 22:00:00+01:00 | 2022-11-14 23:00:00+01:00,,,,,,,
2022-11-15 00:00:00+01:00,False,MissingInput,"24 valeurs residual_load_gw manquantes après réparation (brut=24, max_autorisé=2)",24,24,0,2022-11-15 00:00:00+01:00 | 2022-11-15 01:00:00+01:00 | 2022-11-15 02:00:00+01:00 | 2022-11-15 03:00:00+01:00 | 2022-11-15 04:00:00+01:00 | 2022-11-15 05:00:00+01:00 | 2022-11-15 06:00:00+01:00 | 2022-11-15 07:00:00+01:00 | 2022-11-15 08:00:00+01:00 | 2022-11-15 09:00:00+01:00 | 2022-11-15 10:00:00+01:00 | 2022-11-15 11:00:00+01:00 | 2022-11-15 12:00:00+01:00 | 2022-11-15 13:00:00+01:00 | 2022-11-15 14:00:00+01:00 | 2022-11-15 15:00:00+01:00 | 2022-11-15 16:00:00+01:00 | 2022-11-15 17:00:00+01:00 | 2022-11-15 18:00:00+01:00 | 2022-11-15 19:00:00+01:00 | 2022-11-15 20:00:00+01:00 | 2022-11-15 21:00:00+01:00 | 2022-11-15 22:00:00+01:00 | 2022-11-15 23:00:00+01:00,,,,,,,
2022-11-16 00:00:00+01:00,False,MissingInput,"24 valeurs residual_load_gw manquantes après réparation (brut=24, max_autorisé=2)",24,24,0,2022-11-16 00:00:00+01:00 | 2022-11-16 01:00:00+01:00 | 2022-11-16 02:00:00+01:00 | 2022-11-16 03:00:00+01:00 | 2022-11-16 04:00:00+01:00 | 2022-11-16 05:00:00+01:00 | 2022-11-16 06:00:00+01:00 | 2022-11-16 07:00:00+01:00 | 2022-11-16 08:00:00+01:00 | 2022-11-16 09:00:00+01:00 | 2022-11-16 10:00:00+01:00 | 2022-11-16 11:00:00+01:00 | 2022-11-16 12:00:00+01:00 | 2022-11-16 13:00:00+01:00 | 2022-11-16 14:00:00+01:00 | 2022-11-16 15:00:00+01:00 | 2022-11-16 16:00:00+01:00 | 2022-11-16 17:00:00+01:00 | 2022-11-16 18:00:00+01:00 | 2022-11-16 19:00:00+01:00 | 2022-11-16 20:00:00+01:00 | 2022-11-16 21:00:00+01:00 | 2022-11-16 22:00:00+01:00 | 2022-11-16 23:00:00+01:00,,,,,,,
2022-11-17 00:00:00+01:00,False,MissingInput,"24 valeurs residual_load_gw manquantes après réparation (brut=24, max_autorisé=2)",24,24,0,2022-11-17 00:00:00+01:00 | 2022-11-17 01:00:00+01:00 | 2022-11-17 02:00:00+01:00 | 2022-11-17 03:00:00+01:00 | 2022-11-17 04:00:00+01:00 | 2022-11-17 05:00:00+01:00 | 2022-11-17 06:00:00+01:00 | 2022-11-17 07:00:00+01:00 | 2022-11-17 08:00:00+01:00 | 2022-11-17 09:00:00+01:00 | 2022-11-17 10:00:00+01:00 | 2022-11-17 11:00:00+01:00 | 2022-11-17 12:00:00+01:00 | 2022-11-17 13:00:00+01:00 | 2022-11-17 14:00:00+01:00 | 2022-11-17 15:00:00+01:00 | 2022-11-17 16:00:00+01:00 | 2022-11-17 17:00:00+01:00 | 2022-11-17 18:00:00+01:00 | 2022-11-17 19:00:00+01:00 | 2022-11-17 20:00:00+01:00 | 2022-11-17 21:00:00+01:00 | 2022-11-17 22:00:00+01:00 | 2022-11-17 23:00:00+01:00,,,,,,,
2022-11-18 00:00:00+01:00,False,MissingInput,"24 valeurs residual_load_gw manquantes après réparation (brut=24, max_autorisé=2)",24,24,0,2022-11-18 00:00:00+01:00 | 2022-11-18 01:00:00+01:00 | 2022-11-18 02:00:00+01:00 | 2022-11-18 03:00:00+01:00 | 2022-11-18 04:00:00+01:00 | 2022-11-18 05:00:00+01:00 | 2022-11-18 06:00:00+01:00 | 2022-11-18 07:00:00+01:00 | 2022-11-18 08:00:00+01:00 | 2022-11-18 09:00:00+01:00 | 2022-11-18 10:00:00+01:00 | 2022-11-18 11:00:00+01:00 | 2022-11-18 12:00:00+01:00 | 2022-11-18 13:00:00+01:00 | 2022-11-18 14:00:00+01:00 | 2022-11-18 15:00:00+01:00 | 2022-11-18 16:00:00+01:00 | 2022-11-18 17:00:00+01:00 | 2022-11-18 18:00:00+01:00 | 2022-11-18 19:00:00+01:00 | 2022-11-18 20:00:00+01:00 | 2022-11-18 21:00:00+01:00 | 2022-11-18 22:00:00+01:00 | 2022-11-18 23:00:00+01:00,,,,,,,
2022-11-19 00:00:00+01:00,False,MissingInput,"24 valeurs residual_load_gw manquantes après réparation (brut=24, max_autorisé=2)",24,24,0,2022-11-19 00:00:00+01:00 | 2022-11-19 01:00:00+01:00 | 2022-11-19 02:00:00+01:00 | 2022-11-19 03:00:00+01:00 | 2022-11-19 04:00:00+01:00 | 2022-11-19 05:00:00+01:00 | 2022-11-19 06:00:00+01:00 | 2022-11-19 07:00:00+01:00 | 2022-11-19 08:00:00+01:00 | 2022-11-19 09:00:00+01:00 | 2022-11-19 10:00:00+01:00 | 2022-11-19 11:00:00+01:00 | 2022-11-19 12:00:00+01:00 | 2022-11-19 13:00:00+01:00 | 2022-11-19 14:00:00+01:00 | 2022-11-19 15:00:00+01:00 | 2022-11-19 16:00:00+01:00 | 2022-11-19 17:00:00+01:00 | 2022-11-19 18:00:00+01:00 | 2022-11-19 19:00:00+01:00 | 2022-11-19 20:00:00+01:00 | 2022-11-19 21:00:00+01:00 | 2022-11-19 22:00:00+01:00 | 2022-11-19 23:00:00+01:00,,,,,,,
2022-11-20 00:00:00+01:00,False,MissingInput,"24 valeurs residual_load_gw manquantes après réparation (brut=24, max_autorisé=2)",24,24,0,2022-11-20 00:00:00+01:00 | 2022-11-20 01:00:00+01:00 | 2022-11-20 02:00:00+01:00 | 2022-11-20 03:00:00+01:00 | 2022-11-20 04:00:00+01:00 | 2022-11-20 05:00:00+01:00 | 2022-11-20 06:00:00+01:00 | 2022-11-20 07:00:00+01:00 | 2022-11-20 08:00:00+01:00 | 2022-11-20 09:00:00+01:00 | 2022-11-20 10:00:00+01:00 | 2022-11-20 11:00:00+01:00 | 2022-11-20 12:00:00+01:00 | 2022-11-20 13:00:00+01:00 | 2022-11-20 14:00:00+01:00 | 2022-11-20 15:00:00+01:00 | 2022-11-20 16:00:00+01:00 | 2022-11-20 17:00:00+01:00 | 2022-11-20 18:00:00+01:00 | 2022-11-20 19:00:00+01:00 | 2022-11-20 20:00:00+01:00 | 2022-11-20 21:00:00+01:00 | 2022-11-20 22:00:00+01:00 | 2022-11-20 23:00:00+01:00,,,,,,,
2022-11-21 00:00:00+01:00,False,MissingInput,"24 valeurs residual_load_gw manquantes après réparation (brut=24, max_autorisé=2)",24,24,0,2022-11-21 00:00:00+01:00 | 2022-11-21 01:00:00+01:00 | 2022-11-21 02:00:00+01:00 | 2022-11-21 03:00:00+01:00 | 2022-11-21 04:00:00+01:00 | 2022-11-21 05:00:00+01:00 | 2022-11-21 06:00:00+01:00 | 2022-11-21 07:00:00+01:00 | 2022-11-21 08:00:00+01:00 | 2022-11-21 09:00:00+01:00 | 2022-11-21 10:00:00+01:00 | 2022-11-21 11:00:00+01:00 | 2022-11-21 12:00:00+01:00 | 2022-11-21 13:00:00+01:00 | 2022-11-21 14:00:00+01:00 | 2022-11-21 15:00:00+01:00 | 2022-11-21 16:00:00+01:00 | 2022-11-21 17:00:00+01:00 | 2022-11-21 18:00:00+01:00 | 2022-11-21 19:00:00+01:00 | 2022-11-21 20:00:00+01:00 | 2022-11-21 21:00:00+01:00 | 2022-11-21 22:00:00+01:00 | 2022-11-21 23:00:00+01:00,,,,,,,
2022-11-22 00:00:00+01:00,False,MissingInput,"24 valeurs residual_load_gw manquantes après réparation (brut=24, max_autorisé=2)",24,24,0,2022-11-22 00:00:00+01:00 | 2022-11-22 01:00:00+01:00 | 2022-11-22 02:00:00+01:00 | 2022-11-22 03:00:00+01:00 | 2022-11-22 04:00:00+01:00 | 2022-11-22 05:00:00+01:00 | 2022-11-22 06:00:00+01:00 | 2022-11-22 07:00:00+01:00 | 2022-11-22 08:00:00+01:00 | 2022-11-22 09:00:00+01:00 | 2022-11-22 10:00:00+01:00 | 2022-11-22 11:00:00+01:00 | 2022-11-22 12:00:00+01:00 | 2022-11-22 13:00:00+01:00 | 2022-11-22 14:00:00+01:00 | 2022-11-22 15:00:00+01:00 | 2022-11-22 16:00:00+01:00 | 2022-11-22 17:00:00+01:00 | 2022-11-22 18:00:00+01:00 | 2022-11-22 19:00:00+01:00 | 2022-11-22 20:00:00+01:00 | 2022-11-22 21:00:00+01:00 | 2022-11-22 22:00:00+01:00 | 2022-11-22 23:00:00+01:00,,,,,,,
2022-11-23 00:00:00+01:00,False,MissingInput,"24 valeurs residual_load_gw manquantes après réparation (brut=24, max_autorisé=2)",24,24,0,2022-11-23 00:00:00+01:00 | 2022-11-23 01:00:00+01:00 | 2022-11-23 02:00:00+01:00 | 2022-11-23 03:00:00+01:00 | 2022-11-23 04:00:00+01:00 | 2022-11-23 05:00:00+01:00 | 2022-11-23 06:00:00+01:00 | 2022-11-23 07:00:00+01:00 | 2022-11-23 08:00:00+01:00 | 2022-11-23 09:00:00+01:00 | 2022-11-23 10:00:00+01:00 | 2022-11-23 11:00:00+01:00 | 2022-11-23 12:00:00+01:00 | 2022-11-23 13:00:00+01:00 | 2022-11-23 14:00:00+01:00 | 2022-11-23 15:00:00+01:00 | 2022-11-23 16:00:00+01:00 | 2022-11-23 17:00:00+01:00 | 2022-11-23 18:00:00+01:00 | 2022-11-23 19:00:00+01:00 | 2022-11-23 20:00:00+01:00 | 2022-11-23 21:00:00+01:00 | 2022-11-23 22:00:00+01:00 | 2022-11-23 23:00:00+01:00,,,,,,,
2022-11-24 00:00:00+01:00,False,MissingInput,"24 valeurs residual_load_gw manquantes après réparation (brut=24, max_autorisé=2)",24,24,0,2022-11-24 00:00:00+01:00 | 2022-11-24 01:00:00+01:00 | 2022-11-24 02:00:00+01:00 | 2022-11-24 03:00:00+01:00 | 2022-11-24 04:00:00+01:00 | 2022-11-24 05:00:00+01:00 | 2022-11-24 06:00:00+01:00 | 2022-11-24 07:00:00+01:00 | 2022-11-24 08:00:00+01:00 | 2022-11-24 09:00:00+01:00 | 2022-11-24 10:00:00+01:00 | 2022-11-24 11:00:00+01:00 | 2022-11-24 12:00:00+01:00 | 2022-11-24 13:00:00+01:00 | 2022-11-24 14:00:00+01:00 | 2022-11-24 15:00:00+01:00 | 2022-11-24 16:00:00+01:00 | 2022-11-24 17:00:00+01:00 | 2022-11-24 18:00:00+01:00 | 2022-11-24 19:00:00+01:00 | 2022-11-24 20:00:00+01:00 | 2022-11-24 21:00:00+01:00 | 2022-11-24 22:00:00+01:00 | 2022-11-24 23:00:00+01:00,,,,,,,
2022-11-25 00:00:00+01:00,False,MissingInput,"24 valeurs residual_load_gw manquantes après réparation (brut=24, max_autorisé=2)",24,24,0,2022-11-25 00:00:00+01:00 | 2022-11-25 01:00:00+01:00 | 2022-11-25 02:00:00+01:00 | 2022-11-25 03:00:00+01:00 | 2022-11-25 04:00:00+01:00 | 2022-11-25 05:00:00+01:00 | 2022-11-25 06:00:00+01:00 | 2022-11-25 07:00:00+01:00 | 2022-11-25 08:00:00+01:00 | 2022-11-25 09:00:00+01:00 | 2022-11-25 10:00:00+01:00 | 2022-11-25 11:00:00+01:00 | 2022-11-25 12:00:00+01:00 | 2022-11-25 13:00:00+01:00 | 2022-11-25 14:00:00+01:00 | 2022-11-25 15:00:00+01:00 | 2022-11-25 16:00:00+01:00 | 2022-11-25 17:00:00+01:00 | 2022-11-25 18:00:00+01:00 | 2022-11-25 19:00:00+01:00 | 2022-11-25 20:00:00+01:00 | 2022-11-25 21:00:00+01:00 | 2022-11-25 22:00:00+01:00 | 2022-11-25 23:00:00+01:00,,,,,,,
2022-11-26 00:00:00+01:00,False,MissingInput,"24 valeurs residual_load_gw manquantes après réparation (brut=24, max_autorisé=2)",24,24,0,2022-11-26 00:00:00+01:00 | 2022-11-26 01:00:00+01:00 | 2022-11-26 02:00:00+01:00 | 2022-11-26 03:00:00+01:00 | 2022-11-26 04:00:00+01:00 | 2022-11-26 05:00:00+01:00 | 2022-11-26 06:00:00+01:00 | 2022-11-26 07:00:00+01:00 | 2022-11-26 08:00:00+01:00 | 2022-11-26 09:00:00+01:00 | 2022-11-26 10:00:00+01:00 | 2022-11-26 11:00:00+01:00 | 2022-11-26 12:00:00+01:00 | 2022-11-26 13:00:00+01:00 | 2022-11-26 14:00:00+01:00 | 2022-11-26 15:00:00+01:00 | 2022-11-26 16:00:00+01:00 | 2022-11-26 17:00:00+01:00 | 2022-11-26 18:00:00+01:00 | 2022-11-26 19:00:00+01:00 | 2022-11-26 20:00:00+01:00 | 2022-11-26 21:00:00+01:00 | 2022-11-26 22:00:00+01:00 | 2022-11-26 23:00:00+01:00,,,,,,,
2022-11-27 00:00:00+01:00,False,MissingInput,"24 valeurs residual_load_gw manquantes après réparation (brut=24, max_autorisé=2)",24,24,0,2022-11-27 00:00:00+01:00 | 2022-11-27 01:00:00+01:00 | 2022-11-27 02:00:00+01:00 | 2022-11-27 03:00:00+01:00 | 2022-11-27 04:00:00+01:00 | 2022-11-27 05:00:00+01:00 | 2022-11-27 06:00:00+01:00 | 2022-11-27 07:00:00+01:00 | 2022-11-27 08:00:00+01:00 | 2022-11-27 09:00:00+01:00 | 2022-11-27 10:00:00+01:00 | 2022-11-27 11:00:00+01:00 | 2022-11-27 12:00:00+01:00 | 2022-11-27 13:00:00+01:00 | 2022-11-27 14:00:00+01:00 | 2022-11-27 15:00:00+01:00 | 2022-11-27 16:00:00+01:00 | 2022-11-27 17:00:00+01:00 | 2022-11-27 18:00:00+01:00 | 2022-11-27 19:00:00+01:00 | 2022-11-27 20:00:00+01:00 | 2022-11-27 21:00:00+01:00 | 2022-11-27 22:00:00+01:00 | 2022-11-27 23:00:00+01:00,,,,,,,
2022-11-28 00:00:00+01:00,False,MissingInput,"24 valeurs residual_load_gw manquantes après réparation (brut=24, max_autorisé=2)",24,24,0,2022-11-28 00:00:00+01:00 | 2022-11-28 01:00:00+01:00 | 2022-11-28 02:00:00+01:00 | 2022-11-28 03:00:00+01:00 | 2022-11-28 04:00:00+01:00 | 2022-11-28 05:00:00+01:00 | 2022-11-28 06:00:00+01:00 | 2022-11-28 07:00:00+01:00 | 2022-11-28 08:00:00+01:00 | 2022-11-28 09:00:00+01:00 | 2022-11-28 10:00:00+01:00 | 2022-11-28 11:00:00+01:00 | 2022-11-28 12:00:00+01:00 | 2022-11-28 13:00:00+01:00 | 2022-11-28 14:00:00+01:00 | 2022-11-28 15:00:00+01:00 | 2022-11-28 16:00:00+01:00 | 2022-11-28 17:00:00+01:00 | 2022-11-28 18:00:00+01:00 | 2022-11-28 19:00:00+01:00 | 2022-11-28 20:00:00+01:00 | 2022-11-28 21:00:00+01:00 | 2022-11-28 22:00:00+01:00 | 2022-11-28 23:00:00+01:00,,,,,,,
2022-11-29 00:00:00+01:00,False,MissingInput,"24 valeurs residual_load_gw manquantes après réparation (brut=24, max_autorisé=2)",24,24,0,2022-11-29 00:00:00+01:00 | 2022-11-29 01:00:00+01:00 | 2022-11-29 02:00:00+01:00 | 2022-11-29 03:00:00+01:00 | 2022-11-29 04:00:00+01:00 | 2022-11-29 05:00:00+01:00 | 2022-11-29 06:00:00+01:00 | 2022-11-29 07:00:00+01:00 | 2022-11-29 08:00:00+01:00 | 2022-11-29 09:00:00+01:00 | 2022-11-29 10:00:00+01:00 | 2022-11-29 11:00:00+01:00 | 2022-11-29 12:00:00+01:00 | 2022-11-29 13:00:00+01:00 | 2022-11-29 14:00:00+01:00 | 2022-11-29 15:00:00+01:00 | 2022-11-29 16:00:00+01:00 | 2022-11-29 17:00:00+01:00 | 2022-11-29 18:00:00+01:00 | 2022-11-29 19:00:00+01:00 | 2022-11-29 20:00:00+01:00 | 2022-11-29 21:00:00+01:00 | 2022-11-29 22:00:00+01:00 | 2022-11-29 23:00:00+01:00,,,,,,,
2022-11-30 00:00:00+01:00,False,MissingInput,"24 valeurs residual_load_gw manquantes après réparation (brut=24, max_autorisé=2)",24,24,0,2022-11-30 00:00:00+01:00 | 2022-11-30 01:00:00+01:00 | 2022-11-30 02:00:00+01:00 | 2022-11-30 03:00:00+01:00 | 2022-11-30 04:00:00+01:00 | 2022-11-30 05:00:00+01:00 | 2022-11-30 06:00:00+01:00 | 2022-11-30 07:00:00+01:00 | 2022-11-30 08:00:00+01:00 | 2022-11-30 09:00:00+01:00 | 2022-11-30 10:00:00+01:00 | 2022-11-30 11:00:00+01:00 | 2022-11-30 12:00:00+01:00 | 2022-11-30 13:00:00+01:00 | 2022-11-30 14:00:00+01:00 | 2022-11-30 15:00:00+01:00 | 2022-11-30 16:00:00+01:00 | 2022-11-30 17:00:00+01:00 | 2022-11-30 18:00:00+01:00 | 2022-11-30 19:00:00+01:00 | 2022-11-30 20:00:00+01:00 | 2022-11-30 21:00:00+01:00 | 2022-11-30 22:00:00+01:00 | 2022-11-30 23:00:00+01:00,,,,,,,
2022-12-01 00:00:00+01:00,False,MissingInput,"24 valeurs residual_load_gw manquantes après réparation (brut=24, max_autorisé=2)",24,24,0,2022-12-01 00:00:00+01:00 | 2022-12-01 01:00:00+01:00 | 2022-12-01 02:00:00+01:00 | 2022-12-01 03:00:00+01:00 | 2022-12-01 04:00:00+01:00 | 2022-12-01 05:00:00+01:00 | 2022-12-01 06:00:00+01:00 | 2022-12-01 07:00:00+01:00 | 2022-12-01 08:00:00+01:00 | 2022-12-01 09:00:00+01:00 | 2022-12-01 10:00:00+01:00 | 2022-12-01 11:00:00+01:00 | 2022-12-01 12:00:00+01:00 | 2022-12-01 13:00:00+01:00 | 2022-12-01 14:00:00+01:00 | 2022-12-01 15:00:00+01:00 | 2022-12-01 16:00:00+01:00 | 2022-12-01 17:00:00+01:00 | 2022-12-01 18:00:00+01:00 | 2022-12-01 19:00:00+01:00 | 2022-12-01 20:00:00+01:00 | 2022-12-01 21:00:00+01:00 | 2022-12-01 22:00:00+01:00 | 2022-12-01 23:00:00+01:00,,,,,,,
2022-12-02 00:00:00+01:00,False,MissingInput,"24 valeurs residual_load_gw manquantes après réparation (brut=24, max_autorisé=2)",24,24,0,2022-12-02 00:00:00+01:00 | 2022-12-02 01:00:00+01:00 | 2022-12-02 02:00:00+01:00 | 2022-12-02 03:00:00+01:00 | 2022-12-02 04:00:00+01:00 | 2022-12-02 05:00:00+01:00 | 2022-12-02 06:00:00+01:00 | 2022-12-02 07:00:00+01:00 | 2022-12-02 08:00:00+01:00 | 2022-12-02 09:00:00+01:00 | 2022-12-02 10:00:00+01:00 | 2022-12-02 11:00:00+01:00 | 2022-12-02 12:00:00+01:00 | 2022-12-02 13:00:00+01:00 | 2022-12-02 14:00:00+01:00 | 2022-12-02 15:00:00+01:00 | 2022-12-02 16:00:00+01:00 | 2022-12-02 17:00:00+01:00 | 2022-12-02 18:00:00+01:00 | 2022-12-02 19:00:00+01:00 | 2022-12-02 20:00:00+01:00 | 2022-12-02 21:00:00+01:00 | 2022-12-02 22:00:00+01:00 | 2022-12-02 23:00:00+01:00,,,,,,,
2022-12-03 00:00:00+01:00,False,MissingInput,"24 valeurs residual_load_gw manquantes après réparation (brut=24, max_autorisé=2)",24,24,0,2022-12-03 00:00:00+01:00 | 2022-12-03 01:00:00+01:00 | 2022-12-03 02:00:00+01:00 | 2022-12-03 03:00:00+01:00 | 2022-12-03 04:00:00+01:00 | 2022-12-03 05:00:00+01:00 | 2022-12-03 06:00:00+01:00 | 2022-12-03 07:00:00+01:00 | 2022-12-03 08:00:00+01:00 | 2022-12-03 09:00:00+01:00 | 2022-12-03 10:00:00+01:00 | 2022-12-03 11:00:00+01:00 | 2022-12-03 12:00:00+01:00 | 2022-12-03 13:00:00+01:00 | 2022-12-03 14:00:00+01:00 | 2022-12-03 15:00:00+01:00 | 2022-12-03 16:00:00+01:00 | 2022-12-03 17:00:00+01:00 | 2022-12-03 18:00:00+01:00 | 2022-12-03 19:00:00+01:00 | 2022-12-03 20:00:00+01:00 | 2022-12-03 21:00:00+01:00 | 2022-12-03 22:00:00+01:00 | 2022-12-03 23:00:00+01:00,,,,,,,
2022-12-04 00:00:00+01:00,False,MissingInput,"24 valeurs residual_load_gw manquantes après réparation (brut=24, max_autorisé=2)",24,24,0,2022-12-04 00:00:00+01:00 | 2022-12-04 01:00:00+01:00 | 2022-12-04 02:00:00+01:00 | 2022-12-04 03:00:00+01:00 | 2022-12-04 04:00:00+01:00 | 2022-12-04 05:00:00+01:00 | 2022-12-04 06:00:00+01:00 | 2022-12-04 07:00:00+01:00 | 2022-12-04 08:00:00+01:00 | 2022-12-04 09:00:00+01:00 | 2022-12-04 10:00:00+01:00 | 2022-12-04 11:00:00+01:00 | 2022-12-04 12:00:00+01:00 | 2022-12-04 13:00:00+01:00 | 2022-12-04 14:00:00+01:00 | 2022-12-04 15:00:00+01:00 | 2022-12-04 16:00:00+01:00 | 2022-12-04 17:00:00+01:00 | 2022-12-04 18:00:00+01:00 | 2022-12-04 19:00:00+01:00 | 2022-12-04 20:00:00+01:00 | 2022-12-04 21:00:00+01:00 | 2022-12-04 22:00:00+01:00 | 2022-12-04 23:00:00+01:00,,,,,,,
2022-12-05 00:00:00+01:00,False,MissingInput,"24 valeurs residual_load_gw manquantes après réparation (brut=24, max_autorisé=2)",24,24,0,2022-12-05 00:00:00+01:00 | 2022-12-05 01:00:00+01:00 | 2022-12-05 02:00:00+01:00 | 2022-12-05 03:00:00+01:00 | 2022-12-05 04:00:00+01:00 | 2022-12-05 05:00:00+01:00 | 2022-12-05 06:00:00+01:00 | 2022-12-05 07:00:00+01:00 | 2022-12-05 08:00:00+01:00 | 2022-12-05 09:00:00+01:00 | 2022-12-05 10:00:00+01:00 | 2022-12-05 11:00:00+01:00 | 2022-12-05 12:00:00+01:00 | 2022-12-05 13:00:00+01:00 | 2022-12-05 14:00:00+01:00 | 2022-12-05 15:00:00+01:00 | 2022-12-05 16:00:00+01:00 | 2022-12-05 17:00:00+01:00 | 2022-12-05 18:00:00+01:00 | 2022-12-05 19:00:00+01:00 | 2022-12-05 20:00:00+01:00 | 2022-12-05 21:00:00+01:00 | 2022-12-05 22:00:00+01:00 | 2022-12-05 23:00:00+01:00,,,,,,,
2022-12-06 00:00:00+01:00,False,MissingInput,"24 valeurs residual_load_gw manquantes après réparation (brut=24, max_autorisé=2)",24,24,0,2022-12-06 00:00:00+01:00 | 2022-12-06 01:00:00+01:00 | 2022-12-06 02:00:00+01:00 | 2022-12-06 03:00:00+01:00 | 2022-12-06 04:00:00+01:00 | 2022-12-06 05:00:00+01:00 | 2022-12-06 06:00:00+01:00 | 2022-12-06 07:00:00+01:00 | 2022-12-06 08:00:00+01:00 | 2022-12-06 09:00:00+01:00 | 2022-12-06 10:00:00+01:00 | 2022-12-06 11:00:00+01:00 | 2022-12-06 12:00:00+01:00 | 2022-12-06 13:00:00+01:00 | 2022-12-06 14:00:00+01:00 | 2022-12-06 15:00:00+01:00 | 2022-12-06 16:00:00+01:00 | 2022-12-06 17:00:00+01:00 | 2022-12-06 18:00:00+01:00 | 2022-12-06 19:00:00+01:00 | 2022-12-06 20:00:00+01:00 | 2022-12-06 21:00:00+01:00 | 2022-12-06 22:00:00+01:00 | 2022-12-06 23:00:00+01:00,,,,,,,
2022-12-07 00:00:00+01:00,False,MissingInput,"24 valeurs residual_load_gw manquantes après réparation (brut=24, max_autorisé=2)",24,24,0,2022-12-07 00:00:00+01:00 | 2022-12-07 01:00:00+01:00 | 2022-12-07 02:00:00+01:00 | 2022-12-07 03:00:00+01:00 | 2022-12-07 04:00:00+01:00 | 2022-12-07 05:00:00+01:00 | 2022-12-07 06:00:00+01:00 | 2022-12-07 07:00:00+01:00 | 2022-12-07 08:00:00+01:00 | 2022-12-07 09:00:00+01:00 | 2022-12-07 10:00:00+01:00 | 2022-12-07 11:00:00+01:00 | 2022-12-07 12:00:00+01:00 | 2022-12-07 13:00:00+01:00 | 2022-12-07 14:00:00+01:00 | 2022-12-07 15:00:00+01:00 | 2022-12-07 16:00:00+01:00 | 2022-12-07 17:00:00+01:00 | 2022-12-07 18:00:00+01:00 | 2022-12-07 19:00:00+01:00 | 2022-12-07 20:00:00+01:00 | 2022-12-07 21:00:00+01:00 | 2022-12-07 22:00:00+01:00 | 2022-12-07 23:00:00+01:00,,,,,,,
2022-12-08 00:00:00+01:00,False,MissingInput,"24 valeurs residual_load_gw manquantes après réparation (brut=24, max_autorisé=2)",24,24,0,2022-12-08 00:00:00+01:00 | 2022-12-08 01:00:00+01:00 | 2022-12-08 02:00:00+01:00 | 2022-12-08 03:00:00+01:00 | 2022-12-08 04:00:00+01:00 | 2022-12-08 05:00:00+01:00 | 2022-12-08 06:00:00+01:00 | 2022-12-08 07:00:00+01:00 | 2022-12-08 08:00:00+01:00 | 2022-12-08 09:00:00+01:00 | 2022-12-08 10:00:00+01:00 | 2022-12-08 11:00:00+01:00 | 2022-12-08 12:00:00+01:00 | 2022-12-08 13:00:00+01:00 | 2022-12-08 14:00:00+01:00 | 2022-12-08 15:00:00+01:00 | 2022-12-08 16:00:00+01:00 | 2022-12-08 17:00:00+01:00 | 2022-12-08 18:00:00+01:00 | 2022-12-08 19:00:00+01:00 | 2022-12-08 20:00:00+01:00 | 2022-12-08 21:00:00+01:00 | 2022-12-08 22:00:00+01:00 | 2022-12-08 23:00:00+01:00,,,,,,,
2022-12-09 00:00:00+01:00,False,MissingInput,"24 valeurs residual_load_gw manquantes après réparation (brut=24, max_autorisé=2)",24,24,0,2022-12-09 00:00:00+01:00 | 2022-12-09 01:00:00+01:00 | 2022-12-09 02:00:00+01:00 | 2022-12-09 03:00:00+01:00 | 2022-12-09 04:00:00+01:00 | 2022-12-09 05:00:00+01:00 | 2022-12-09 06:00:00+01:00 | 2022-12-09 07:00:00+01:00 | 2022-12-09 08:00:00+01:00 | 2022-12-09 09:00:00+01:00 | 2022-12-09 10:00:00+01:00 | 2022-12-09 11:00:00+01:00 | 2022-12-09 12:00:00+01:00 | 2022-12-09 13:00:00+01:00 | 2022-12-09 14:00:00+01:00 | 2022-12-09 15:00:00+01:00 | 2022-12-09 16:00:00+01:00 | 2022-12-09 17:00:00+01:00 | 2022-12-09 18:00:00+01:00 | 2022-12-09 19:00:00+01:00 | 2022-12-09 20:00:00+01:00 | 2022-12-09 21:00:00+01:00 | 2022-12-09 22:00:00+01:00 | 2022-12-09 23:00:00+01:00,,,,,,,
2022-12-10 00:00:00+01:00,False,MissingInput,"24 valeurs residual_load_gw manquantes après réparation (brut=24, max_autorisé=2)",24,24,0,2022-12-10 00:00:00+01:00 | 2022-12-10 01:00:00+01:00 | 2022-12-10 02:00:00+01:00 | 2022-12-10 03:00:00+01:00 | 2022-12-10 04:00:00+01:00 | 2022-12-10 05:00:00+01:00 | 2022-12-10 06:00:00+01:00 | 2022-12-10 07:00:00+01:00 | 2022-12-10 08:00:00+01:00 | 2022-12-10 09:00:00+01:00 | 2022-12-10 10:00:00+01:00 | 2022-12-10 11:00:00+01:00 | 2022-12-10 12:00:00+01:00 | 2022-12-10 13:00:00+01:00 | 2022-12-10 14:00:00+01:00 | 2022-12-10 15:00:00+01:00 | 2022-12-10 16:00:00+01:00 | 2022-12-10 17:00:00+01:00 | 2022-12-10 18:00:00+01:00 | 2022-12-10 19:00:00+01:00 | 2022-12-10 20:00:00+01:00 | 2022-12-10 21:00:00+01:00 | 2022-12-10 22:00:00+01:00 | 2022-12-10 23:00:00+01:00,,,,,,,
2022-12-11 00:00:00+01:00,False,MissingInput,"24 valeurs residual_load_gw manquantes après réparation (brut=24, max_autorisé=2)",24,24,0,2022-12-11 00:00:00+01:00 | 2022-12-11 01:00:00+01:00 | 2022-12-11 02:00:00+01:00 | 2022-12-11 03:00:00+01:00 | 2022-12-11 04:00:00+01:00 | 2022-12-11 05:00:00+01:00 | 2022-12-11 06:00:00+01:00 | 2022-12-11 07:00:00+01:00 | 2022-12-11 08:00:00+01:00 | 2022-12-11 09:00:00+01:00 | 2022-12-11 10:00:00+01:00 | 2022-12-11 11:00:00+01:00 | 2022-12-11 12:00:00+01:00 | 2022-12-11 13:00:00+01:00 | 2022-12-11 14:00:00+01:00 | 2022-12-11 15:00:00+01:00 | 2022-12-11 16:00:00+01:00 | 2022-12-11 17:00:00+01:00 | 2022-12-11 18:00:00+01:00 | 2022-12-11 19:00:00+01:00 | 2022-12-11 20:00:00+01:00 | 2022-12-11 21:00:00+01:00 | 2022-12-11 22:00:00+01:00 | 2022-12-11 23:00:00+01:00,,,,,,,
2022-12-12 00:00:00+01:00,False,MissingInput,"24 valeurs residual_load_gw manquantes après réparation (brut=24, max_autorisé=2)",24,24,0,2022-12-12 00:00:00+01:00 | 2022-12-12 01:00:00+01:00 | 2022-12-12 02:00:00+01:00 | 2022-12-12 03:00:00+01:00 | 2022-12-12 04:00:00+01:00 | 2022-12-12 05:00:00+01:00 | 2022-12-12 06:00:00+01:00 | 2022-12-12 07:00:00+01:00 | 2022-12-12 08:00:00+01:00 | 2022-12-12 09:00:00+01:00 | 2022-12-12 10:00:00+01:00 | 2022-12-12 11:00:00+01:00 | 2022-12-12 12:00:00+01:00 | 2022-12-12 13:00:00+01:00 | 2022-12-12 14:00:00+01:00 | 2022-12-12 15:00:00+01:00 | 2022-12-12 16:00:00+01:00 | 2022-12-12 17:00:00+01:00 | 2022-12-12 18:00:00+01:00 | 2022-12-12 19:00:00+01:00 | 2022-12-12 20:00:00+01:00 | 2022-12-12 21:00:00+01:00 | 2022-12-12 22:00:00+01:00 | 2022-12-12 23:00:00+01:00,,,,,,,
2022-12-13 00:00:00+01:00,False,MissingInput,"24 valeurs residual_load_gw manquantes après réparation (brut=24, max_autorisé=2)",24,24,0,2022-12-13 00:00:00+01:00 | 2022-12-13 01:00:00+01:00 | 2022-12-13 02:00:00+01:00 | 2022-12-13 03:00:00+01:00 | 2022-12-13 04:00:00+01:00 | 2022-12-13 05:00:00+01:00 | 2022-12-13 06:00:00+01:00 | 2022-12-13 07:00:00+01:00 | 2022-12-13 08:00:00+01:00 | 2022-12-13 09:00:00+01:00 | 2022-12-13 10:00:00+01:00 | 2022-12-13 11:00:00+01:00 | 2022-12-13 12:00:00+01:00 | 2022-12-13 13:00:00+01:00 | 2022-12-13 14:00:00+01:00 | 2022-12-13 15:00:00+01:00 | 2022-12-13 16:00:00+01:00 | 2022-12-13 17:00:00+01:00 | 2022-12-13 18:00:00+01:00 | 2022-12-13 19:00:00+01:00 | 2022-12-13 20:00:00+01:00 | 2022-12-13 21:00:00+01:00 | 2022-12-13 22:00:00+01:00 | 2022-12-13 23:00:00+01:00,,,,,,,
2022-12-14 00:00:00+01:00,False,MissingInput,"24 valeurs residual_load_gw manquantes après réparation (brut=24, max_autorisé=2)",24,24,0,2022-12-14 00:00:00+01:00 | 2022-12-14 01:00:00+01:00 | 2022-12-14 02:00:00+01:00 | 2022-12-14 03:00:00+01:00 | 2022-12-14 04:00:00+01:00 | 2022-12-14 05:00:00+01:00 | 2022-12-14 06:00:00+01:00 | 2022-12-14 07:00:00+01:00 | 2022-12-14 08:00:00+01:00 | 2022-12-14 09:00:00+01:00 | 2022-12-14 10:00:00+01:00 | 2022-12-14 11:00:00+01:00 | 2022-12-14 12:00:00+01:00 | 2022-12-14 13:00:00+01:00 | 2022-12-14 14:00:00+01:00 | 2022-12-14 15:00:00+01:00 | 2022-12-14 16:00:00+01:00 | 2022-12-14 17:00:00+01:00 | 2022-12-14 18:00:00+01:00 | 2022-12-14 19:00:00+01:00 | 2022-12-14 20:00:00+01:00 | 2022-12-14 21:00:00+01:00 | 2022-12-14 22:00:00+01:00 | 2022-12-14 23:00:00+01:00,,,,,,,
2022-12-15 00:00:00+01:00,False,MissingInput,"24 valeurs residual_load_gw manquantes après réparation (brut=24, max_autorisé=2)",24,24,0,2022-12-15 00:00:00+01:00 | 2022-12-15 01:00:00+01:00 | 2022-12-15 02:00:00+01:00 | 2022-12-15 03:00:00+01:00 | 2022-12-15 04:00:00+01:00 | 2022-12-15 05:00:00+01:00 | 2022-12-15 06:00:00+01:00 | 2022-12-15 07:00:00+01:00 | 2022-12-15 08:00:00+01:00 | 2022-12-15 09:00:00+01:00 | 2022-12-15 10:00:00+01:00 | 2022-12-15 11:00:00+01:00 | 2022-12-15 12:00:00+01:00 | 2022-12-15 13:00:00+01:00 | 2022-12-15 14:00:00+01:00 | 2022-12-15 15:00:00+01:00 | 2022-12-15 16:00:00+01:00 | 2022-12-15 17:00:00+01:00 | 2022-12-15 18:00:00+01:00 | 2022-12-15 19:00:00+01:00 | 2022-12-15 20:00:00+01:00 | 2022-12-15 21:00:00+01:00 | 2022-12-15 22:00:00+01:00 | 2022-12-15 23:00:00+01:00,,,,,,,
2022-12-16 00:00:00+01:00,False,MissingInput,"24 valeurs residual_load_gw manquantes après réparation (brut=24, max_autorisé=2)",24,24,0,2022-12-16 00:00:00+01:00 | 2022-12-16 01:00:00+01:00 | 2022-12-16 02:00:00+01:00 | 2022-12-16 03:00:00+01:00 | 2022-12-16 04:00:00+01:00 | 2022-12-16 05:00:00+01:00 | 2022-12-16 06:00:00+01:00 | 2022-12-16 07:00:00+01:00 | 2022-12-16 08:00:00+01:00 | 2022-12-16 09:00:00+01:00 | 2022-12-16 10:00:00+01:00 | 2022-12-16 11:00:00+01:00 | 2022-12-16 12:00:00+01:00 | 2022-12-16 13:00:00+01:00 | 2022-12-16 14:00:00+01:00 | 2022-12-16 15:00:00+01:00 | 2022-12-16 16:00:00+01:00 | 2022-12-16 17:00:00+01:00 | 2022-12-16 18:00:00+01:00 | 2022-12-16 19:00:00+01:00 | 2022-12-16 20:00:00+01:00 | 2022-12-16 21:00:00+01:00 | 2022-12-16 22:00:00+01:00 | 2022-12-16 23:00:00+01:00,,,,,,,
2022-12-17 00:00:00+01:00,False,MissingInput,"24 valeurs residual_load_gw manquantes après réparation (brut=24, max_autorisé=2)",24,24,0,2022-12-17 00:00:00+01:00 | 2022-12-17 01:00:00+01:00 | 2022-12-17 02:00:00+01:00 | 2022-12-17 03:00:00+01:00 | 2022-12-17 04:00:00+01:00 | 2022-12-17 05:00:00+01:00 | 2022-12-17 06:00:00+01:00 | 2022-12-17 07:00:00+01:00 | 2022-12-17 08:00:00+01:00 | 2022-12-17 09:00:00+01:00 | 2022-12-17 10:00:00+01:00 | 2022-12-17 11:00:00+01:00 | 2022-12-17 12:00:00+01:00 | 2022-12-17 13:00:00+01:00 | 2022-12-17 14:00:00+01:00 | 2022-12-17 15:00:00+01:00 | 2022-12-17 16:00:00+01:00 | 2022-12-17 17:00:00+01:00 | 2022-12-17 18:00:00+01:00 | 2022-12-17 19:00:00+01:00 | 2022-12-17 20:00:00+01:00 | 2022-12-17 21:00:00+01:00 | 2022-12-17 22:00:00+01:00 | 2022-12-17 23:00:00+01:00,,,,,,,
2022-12-18 00:00:00+01:00,False,MissingInput,"24 valeurs residual_load_gw manquantes après réparation (brut=24, max_autorisé=2)",24,24,0,2022-12-18 00:00:00+01:00 | 2022-12-18 01:00:00+01:00 | 2022-12-18 02:00:00+01:00 | 2022-12-18 03:00:00+01:00 | 2022-12-18 04:00:00+01:00 | 2022-12-18 05:00:00+01:00 | 2022-12-18 06:00:00+01:00 | 2022-12-18 07:00:00+01:00 | 2022-12-18 08:00:00+01:00 | 2022-12-18 09:00:00+01:00 | 2022-12-18 10:00:00+01:00 | 2022-12-18 11:00:00+01:00 | 2022-12-18 12:00:00+01:00 | 2022-12-18 13:00:00+01:00 | 2022-12-18 14:00:00+01:00 | 2022-12-18 15:00:00+01:00 | 2022-12-18 16:00:00+01:00 | 2022-12-18 17:00:00+01:00 | 2022-12-18 18:00:00+01:00 | 2022-12-18 19:00:00+01:00 | 2022-12-18 20:00:00+01:00 | 2022-12-18 21:00:00+01:00 | 2022-12-18 22:00:00+01:00 | 2022-12-18 23:00:00+01:00,,,,,,,
2022-12-19 00:00:00+01:00,False,MissingInput,"24 valeurs residual_load_gw manquantes après réparation (brut=24, max_autorisé=2)",24,24,0,2022-12-19 00:00:00+01:00 | 2022-12-19 01:00:00+01:00 | 2022-12-19 02:00:00+01:00 | 2022-12-19 03:00:00+01:00 | 2022-12-19 04:00:00+01:00 | 2022-12-19 05:00:00+01:00 | 2022-12-19 06:00:00+01:00 | 2022-12-19 07:00:00+01:00 | 2022-12-19 08:00:00+01:00 | 2022-12-19 09:00:00+01:00 | 2022-12-19 10:00:00+01:00 | 2022-12-19 11:00:00+01:00 | 2022-12-19 12:00:00+01:00 | 2022-12-19 13:00:00+01:00 | 2022-12-19 14:00:00+01:00 | 2022-12-19 15:00:00+01:00 | 2022-12-19 16:00:00+01:00 | 2022-12-19 17:00:00+01:00 | 2022-12-19 18:00:00+01:00 | 2022-12-19 19:00:00+01:00 | 2022-12-19 20:00:00+01:00 | 2022-12-19 21:00:00+01:00 | 2022-12-19 22:00:00+01:00 | 2022-12-19 23:00:00+01:00,,,,,,,
2022-12-20 00:00:00+01:00,False,MissingInput,"24 valeurs residual_load_gw manquantes après réparation (brut=24, max_autorisé=2)",24,24,0,2022-12-20 00:00:00+01:00 | 2022-12-20 01:00:00+01:00 | 2022-12-20 02:00:00+01:00 | 2022-12-20 03:00:00+01:00 | 2022-12-20 04:00:00+01:00 | 2022-12-20 05:00:00+01:00 | 2022-12-20 06:00:00+01:00 | 2022-12-20 07:00:00+01:00 | 2022-12-20 08:00:00+01:00 | 2022-12-20 09:00:00+01:00 | 2022-12-20 10:00:00+01:00 | 2022-12-20 11:00:00+01:00 | 2022-12-20 12:00:00+01:00 | 2022-12-20 13:00:00+01:00 | 2022-12-20 14:00:00+01:00 | 2022-12-20 15:00:00+01:00 | 2022-12-20 16:00:00+01:00 | 2022-12-20 17:00:00+01:00 | 2022-12-20 18:00:00+01:00 | 2022-12-20 19:00:00+01:00 | 2022-12-20 20:00:00+01:00 | 2022-12-20 21:00:00+01:00 | 2022-12-20 22:00:00+01:00 | 2022-12-20 23:00:00+01:00,,,,,,,
2022-12-21 00:00:00+01:00,False,MissingInput,"24 valeurs residual_load_gw manquantes après réparation (brut=24, max_autorisé=2)",24,24,0,2022-12-21 00:00:00+01:00 | 2022-12-21 01:00:00+01:00 | 2022-12-21 02:00:00+01:00 | 2022-12-21 03:00:00+01:00 | 2022-12-21 04:00:00+01:00 | 2022-12-21 05:00:00+01:00 | 2022-12-21 06:00:00+01:00 | 2022-12-21 07:00:00+01:00 | 2022-12-21 08:00:00+01:00 | 2022-12-21 09:00:00+01:00 | 2022-12-21 10:00:00+01:00 | 2022-12-21 11:00:00+01:00 | 2022-12-21 12:00:00+01:00 | 2022-12-21 13:00:00+01:00 | 2022-12-21 14:00:00+01:00 | 2022-12-21 15:00:00+01:00 | 2022-12-21 16:00:00+01:00 | 2022-12-21 17:00:00+01:00 | 2022-12-21 18:00:00+01:00 | 2022-12-21 19:00:00+01:00 | 2022-12-21 20:00:00+01:00 | 2022-12-21 21:00:00+01:00 | 2022-12-21 22:00:00+01:00 | 2022-12-21 23:00:00+01:00,,,,,,,
2022-12-22 00:00:00+01:00,False,MissingInput,"24 valeurs residual_load_gw manquantes après réparation (brut=24, max_autorisé=2)",24,24,0,2022-12-22 00:00:00+01:00 | 2022-12-22 01:00:00+01:00 | 2022-12-22 02:00:00+01:00 | 2022-12-22 03:00:00+01:00 | 2022-12-22 04:00:00+01:00 | 2022-12-22 05:00:00+01:00 | 2022-12-22 06:00:00+01:00 | 2022-12-22 07:00:00+01:00 | 2022-12-22 08:00:00+01:00 | 2022-12-22 09:00:00+01:00 | 2022-12-22 10:00:00+01:00 | 2022-12-22 11:00:00+01:00 | 2022-12-22 12:00:00+01:00 | 2022-12-22 13:00:00+01:00 | 2022-12-22 14:00:00+01:00 | 2022-12-22 15:00:00+01:00 | 2022-12-22 16:00:00+01:00 | 2022-12-22 17:00:00+01:00 | 2022-12-22 18:00:00+01:00 | 2022-12-22 19:00:00+01:00 | 2022-12-22 20:00:00+01:00 | 2022-12-22 21:00:00+01:00 | 2022-12-22 22:00:00+01:00 | 2022-12-22 23:00:00+01:00,,,,,,,
2022-12-23 00:00:00+01:00,False,MissingInput,"24 valeurs residual_load_gw manquantes après réparation (brut=24, max_autorisé=2)",24,24,0,2022-12-23 00:00:00+01:00 | 2022-12-23 01:00:00+01:00 | 2022-12-23 02:00:00+01:00 | 2022-12-23 03:00:00+01:00 | 2022-12-23 04:00:00+01:00 | 2022-12-23 05:00:00+01:00 | 2022-12-23 06:00:00+01:00 | 2022-12-23 07:00:00+01:00 | 2022-12-23 08:00:00+01:00 | 2022-12-23 09:00:00+01:00 | 2022-12-23 10:00:00+01:00 | 2022-12-23 11:00:00+01:00 | 2022-12-23 12:00:00+01:00 | 2022-12-23 13:00:00+01:00 | 2022-12-23 14:00:00+01:00 | 2022-12-23 15:00:00+01:00 | 2022-12-23 16:00:00+01:00 | 2022-12-23 17:00:00+01:00 | 2022-12-23 18:00:00+01:00 | 2022-12-23 19:00:00+01:00 | 2022-12-23 20:00:00+01:00 | 2022-12-23 21:00:00+01:00 | 2022-12-23 22:00:00+01:00 | 2022-12-23 23:00:00+01:00,,,,,,,
2022-12-24 00:00:00+01:00,False,MissingInput,"24 valeurs residual_load_gw manquantes après réparation (brut=24, max_autorisé=2)",24,24,0,2022-12-24 00:00:00+01:00 | 2022-12-24 01:00:00+01:00 | 2022-12-24 02:00:00+01:00 | 2022-12-24 03:00:00+01:00 | 2022-12-24 04:00:00+01:00 | 2022-12-24 05:00:00+01:00 | 2022-12-24 06:00:00+01:00 | 2022-12-24 07:00:00+01:00 | 2022-12-24 08:00:00+01:00 | 2022-12-24 09:00:00+01:00 | 2022-12-24 10:00:00+01:00 | 2022-12-24 11:00:00+01:00 | 2022-12-24 12:00:00+01:00 | 2022-12-24 13:00:00+01:00 | 2022-12-24 14:00:00+01:00 | 2022-12-24 15:00:00+01:00 | 2022-12-24 16:00:00+01:00 | 2022-12-24 17:00:00+01:00 | 2022-12-24 18:00:00+01:00 | 2022-12-24 19:00:00+01:00 | 2022-12-24 20:00:00+01:00 | 2022-12-24 21:00:00+01:00 | 2022-12-24 22:00:00+01:00 | 2022-12-24 23:00:00+01:00,,,,,,,
2022-12-25 00:00:00+01:00,False,MissingInput,"24 valeurs residual_load_gw manquantes après réparation (brut=24, max_autorisé=2)",24,24,0,2022-12-25 00:00:00+01:00 | 2022-12-25 01:00:00+01:00 | 2022-12-25 02:00:00+01:00 | 2022-12-25 03:00:00+01:00 | 2022-12-25 04:00:00+01:00 | 2022-12-25 05:00:00+01:00 | 2022-12-25 06:00:00+01:00 | 2022-12-25 07:00:00+01:00 | 2022-12-25 08:00:00+01:00 | 2022-12-25 09:00:00+01:00 | 2022-12-25 10:00:00+01:00 | 2022-12-25 11:00:00+01:00 | 2022-12-25 12:00:00+01:00 | 2022-12-25 13:00:00+01:00 | 2022-12-25 14:00:00+01:00 | 2022-12-25 15:00:00+01:00 | 2022-12-25 16:00:00+01:00 | 2022-12-25 17:00:00+01:00 | 2022-12-25 18:00:00+01:00 | 2022-12-25 19:00:00+01:00 | 2022-12-25 20:00:00+01:00 | 2022-12-25 21:00:00+01:00 | 2022-12-25 22:00:00+01:00 | 2022-12-25 23:00:00+01:00,,,,,,,
2022-12-26 00:00:00+01:00,False,MissingInput,"24 valeurs residual_load_gw manquantes après réparation (brut=24, max_autorisé=2)",24,24,0,2022-12-26 00:00:00+01:00 | 2022-12-26 01:00:00+01:00 | 2022-12-26 02:00:00+01:00 | 2022-12-26 03:00:00+01:00 | 2022-12-26 04:00:00+01:00 | 2022-12-26 05:00:00+01:00 | 2022-12-26 06:00:00+01:00 | 2022-12-26 07:00:00+01:00 | 2022-12-26 08:00:00+01:00 | 2022-12-26 09:00:00+01:00 | 2022-12-26 10:00:00+01:00 | 2022-12-26 11:00:00+01:00 | 2022-12-26 12:00:00+01:00 | 2022-12-26 13:00:00+01:00 | 2022-12-26 14:00:00+01:00 | 2022-12-26 15:00:00+01:00 | 2022-12-26 16:00:00+01:00 | 2022-12-26 17:00:00+01:00 | 2022-12-26 18:00:00+01:00 | 2022-12-26 19:00:00+01:00 | 2022-12-26 20:00:00+01:00 | 2022-12-26 21:00:00+01:00 | 2022-12-26 22:00:00+01:00 | 2022-12-26 23:00:00+01:00,,,,,,,
2022-12-27 00:00:00+01:00,False,MissingInput,"24 valeurs residual_load_gw manquantes après réparation (brut=24, max_autorisé=2)",24,24,0,2022-12-27 00:00:00+01:00 | 2022-12-27 01:00:00+01:00 | 2022-12-27 02:00:00+01:00 | 2022-12-27 03:00:00+01:00 | 2022-12-27 04:00:00+01:00 | 2022-12-27 05:00:00+01:00 | 2022-12-27 06:00:00+01:00 | 2022-12-27 07:00:00+01:00 | 2022-12-27 08:00:00+01:00 | 2022-12-27 09:00:00+01:00 | 2022-12-27 10:00:00+01:00 | 2022-12-27 11:00:00+01:00 | 2022-12-27 12:00:00+01:00 | 2022-12-27 13:00:00+01:00 | 2022-12-27 14:00:00+01:00 | 2022-12-27 15:00:00+01:00 | 2022-12-27 16:00:00+01:00 | 2022-12-27 17:00:00+01:00 | 2022-12-27 18:00:00+01:00 | 2022-12-27 19:00:00+01:00 | 2022-12-27 20:00:00+01:00 | 2022-12-27 21:00:00+01:00 | 2022-12-27 22:00:00+01:00 | 2022-12-27 23:00:00+01:00,,,,,,,
2022-12-28 00:00:00+01:00,False,MissingInput,"24 valeurs residual_load_gw manquantes après réparation (brut=24, max_autorisé=2)",24,24,0,2022-12-28 00:00:00+01:00 | 2022-12-28 01:00:00+01:00 | 2022-12-28 02:00:00+01:00 | 2022-12-28 03:00:00+01:00 | 2022-12-28 04:00:00+01:00 | 2022-12-28 05:00:00+01:00 | 2022-12-28 06:00:00+01:00 | 2022-12-28 07:00:00+01:00 | 2022-12-28 08:00:00+01:00 | 2022-12-28 09:00:00+01:00 | 2022-12-28 10:00:00+01:00 | 2022-12-28 11:00:00+01:00 | 2022-12-28 12:00:00+01:00 | 2022-12-28 13:00:00+01:00 | 2022-12-28 14:00:00+01:00 | 2022-12-28 15:00:00+01:00 | 2022-12-28 16:00:00+01:00 | 2022-12-28 17:00:00+01:00 | 2022-12-28 18:00:00+01:00 | 2022-12-28 19:00:00+01:00 | 2022-12-28 20:00:00+01:00 | 2022-12-28 21:00:00+01:00 | 2022-12-28 22:00:00+01:00 | 2022-12-28 23:00:00+01:00,,,,,,,
2022-12-29 00:00:00+01:00,False,MissingInput,"24 valeurs residual_load_gw manquantes après réparation (brut=24, max_autorisé=2)",24,24,0,2022-12-29 00:00:00+01:00 | 2022-12-29 01:00:00+01:00 | 2022-12-29 02:00:00+01:00 | 2022-12-29 03:00:00+01:00 | 2022-12-29 04:00:00+01:00 | 2022-12-29 05:00:00+01:00 | 2022-12-29 06:00:00+01:00 | 2022-12-29 07:00:00+01:00 | 2022-12-29 08:00:00+01:00 | 2022-12-29 09:00:00+01:00 | 2022-12-29 10:00:00+01:00 | 2022-12-29 11:00:00+01:00 | 2022-12-29 12:00:00+01:00 | 2022-12-29 13:00:00+01:00 | 2022-12-29 14:00:00+01:00 | 2022-12-29 15:00:00+01:00 | 2022-12-29 16:00:00+01:00 | 2022-12-29 17:00:00+01:00 | 2022-12-29 18:00:00+01:00 | 2022-12-29 19:00:00+01:00 | 2022-12-29 20:00:00+01:00 | 2022-12-29 21:00:00+01:00 | 2022-12-29 22:00:00+01:00 | 2022-12-29 23:00:00+01:00,,,,,,,
2022-12-30 00:00:00+01:00,False,MissingInput,"24 valeurs residual_load_gw manquantes après réparation (brut=24, max_autorisé=2)",24,24,0,2022-12-30 00:00:00+01:00 | 2022-12-30 01:00:00+01:00 | 2022-12-30 02:00:00+01:00 | 2022-12-30 03:00:00+01:00 | 2022-12-30 04:00:00+01:00 | 2022-12-30 05:00:00+01:00 | 2022-12-30 06:00:00+01:00 | 2022-12-30 07:00:00+01:00 | 2022-12-30 08:00:00+01:00 | 2022-12-30 09:00:00+01:00 | 2022-12-30 10:00:00+01:00 | 2022-12-30 11:00:00+01:00 | 2022-12-30 12:00:00+01:00 | 2022-12-30 13:00:00+01:00 | 2022-12-30 14:00:00+01:00 | 2022-12-30 15:00:00+01:00 | 2022-12-30 16:00:00+01:00 | 2022-12-30 17:00:00+01:00 | 2022-12-30 18:00:00+01:00 | 2022-12-30 19:00:00+01:00 | 2022-12-30 20:00:00+01:00 | 2022-12-30 21:00:00+01:00 | 2022-12-30 22:00:00+01:00 | 2022-12-30 23:00:00+01:00,,,,,,,
2022-12-31 00:00:00+01:00,False,MissingInput,"24 valeurs residual_load_gw manquantes après réparation (brut=24, max_autorisé=2)",24,24,0,2022-12-31 00:00:00+01:00 | 2022-12-31 01:00:00+01:00 | 2022-12-31 02:00:00+01:00 | 2022-12-31 03:00:00+01:00 | 2022-12-31 04:00:00+01:00 | 2022-12-31 05:00:00+01:00 | 2022-12-31 06:00:00+01:00 | 2022-12-31 07:00:00+01:00 | 2022-12-31 08:00:00+01:00 | 2022-12-31 09:00:00+01:00 | 2022-12-31 10:00:00+01:00 | 2022-12-31 11:00:00+01:00 | 2022-12-31 12:00:00+01:00 | 2022-12-31 13:00:00+01:00 | 2022-12-31 14:00:00+01:00 | 2022-12-31 15:00:00+01:00 | 2022-12-31 16:00:00+01:00 | 2022-12-31 17:00:00+01:00 | 2022-12-31 18:00:00+01:00 | 2022-12-31 19:00:00+01:00 | 2022-12-31 20:00:00+01:00 | 2022-12-31 21:00:00+01:00 | 2022-12-31 22:00:00+01:00 | 2022-12-31 23:00:00+01:00,,,,,,,
2023-01-01 00:00:00+01:00,False,MissingInput,"24 valeurs residual_load_gw manquantes après réparation (brut=24, max_autorisé=2)",24,24,0,2023-01-01 00:00:00+01:00 | 2023-01-01 01:00:00+01:00 | 2023-01-01 02:00:00+01:00 | 2023-01-01 03:00:00+01:00 | 2023-01-01 04:00:00+01:00 | 2023-01-01 05:00:00+01:00 | 2023-01-01 06:00:00+01:00 | 2023-01-01 07:00:00+01:00 | 2023-01-01 08:00:00+01:00 | 2023-01-01 09:00:00+01:00 | 2023-01-01 10:00:00+01:00 | 2023-01-01 11:00:00+01:00 | 2023-01-01 12:00:00+01:00 | 2023-01-01 13:00:00+01:00 | 2023-01-01 14:00:00+01:00 | 2023-01-01 15:00:00+01:00 | 2023-01-01 16:00:00+01:00 | 2023-01-01 17:00:00+01:00 | 2023-01-01 18:00:00+01:00 | 2023-01-01 19:00:00+01:00 | 2023-01-01 20:00:00+01:00 | 2023-01-01 21:00:00+01:00 | 2023-01-01 22:00:00+01:00 | 2023-01-01 23:00:00+01:00,,,,,,,
2023-01-02 00:00:00+01:00,False,MissingInput,"24 valeurs residual_load_gw manquantes après réparation (brut=24, max_autorisé=2)",24,24,0,2023-01-02 00:00:00+01:00 | 2023-01-02 01:00:00+01:00 | 2023-01-02 02:00:00+01:00 | 2023-01-02 03:00:00+01:00 | 2023-01-02 04:00:00+01:00 | 2023-01-02 05:00:00+01:00 | 2023-01-02 06:00:00+01:00 | 2023-01-02 07:00:00+01:00 | 2023-01-02 08:00:00+01:00 | 2023-01-02 09:00:00+01:00 | 2023-01-02 10:00:00+01:00 | 2023-01-02 11:00:00+01:00 | 2023-01-02 12:00:00+01:00 | 2023-01-02 13:00:00+01:00 | 2023-01-02 14:00:00+01:00 | 2023-01-02 15:00:00+01:00 | 2023-01-02 16:00:00+01:00 | 2023-01-02 17:00:00+01:00 | 2023-01-02 18:00:00+01:00 | 2023-01-02 19:00:00+01:00 | 2023-01-02 20:00:00+01:00 | 2023-01-02 21:00:00+01:00 | 2023-01-02 22:00:00+01:00 | 2023-01-02 23:00:00+01:00,,,,,,,
2023-01-03 00:00:00+01:00,False,MissingInput,"24 valeurs residual_load_gw manquantes après réparation (brut=24, max_autorisé=2)",24,24,0,2023-01-03 00:00:00+01:00 | 2023-01-03 01:00:00+01:00 | 2023-01-03 02:00:00+01:00 | 2023-01-03 03:00:00+01:00 | 2023-01-03 04:00:00+01:00 | 2023-01-03 05:00:00+01:00 | 2023-01-03 06:00:00+01:00 | 2023-01-03 07:00:00+01:00 | 2023-01-03 08:00:00+01:00 | 2023-01-03 09:00:00+01:00 | 2023-01-03 10:00:00+01:00 | 2023-01-03 11:00:00+01:00 | 2023-01-03 12:00:00+01:00 | 2023-01-03 13:00:00+01:00 | 2023-01-03 14:00:00+01:00 | 2023-01-03 15:00:00+01:00 | 2023-01-03 16:00:00+01:00 | 2023-01-03 17:00:00+01:00 | 2023-01-03 18:00:00+01:00 | 2023-01-03 19:00:00+01:00 | 2023-01-03 20:00:00+01:00 | 2023-01-03 21:00:00+01:00 | 2023-01-03 22:00:00+01:00 | 2023-01-03 23:00:00+01:00,,,,,,,
2023-01-04 00:00:00+01:00,False,MissingInput,"24 valeurs residual_load_gw manquantes après réparation (brut=24, max_autorisé=2)",24,24,0,2023-01-04 00:00:00+01:00 | 2023-01-04 01:00:00+01:00 | 2023-01-04 02:00:00+01:00 | 2023-01-04 03:00:00+01:00 | 2023-01-04 04:00:00+01:00 | 2023-01-04 05:00:00+01:00 | 2023-01-04 06:00:00+01:00 | 2023-01-04 07:00:00+01:00 | 2023-01-04 08:00:00+01:00 | 2023-01-04 09:00:00+01:00 | 2023-01-04 10:00:00+01:00 | 2023-01-04 11:00:00+01:00 | 2023-01-04 12:00:00+01:00 | 2023-01-04 13:00:00+01:00 | 2023-01-04 14:00:00+01:00 | 2023-01-04 15:00:00+01:00 | 2023-01-04 16:00:00+01:00 | 2023-01-04 17:00:00+01:00 | 2023-01-04 18:00:00+01:00 | 2023-01-04 19:00:00+01:00 | 2023-01-04 20:00:00+01:00 | 2023-01-04 21:00:00+01:00 | 2023-01-04 22:00:00+01:00 | 2023-01-04 23:00:00+01:00,,,,,,,
2023-01-05 00:00:00+01:00,False,MissingInput,"24 valeurs residual_load_gw manquantes après réparation (brut=24, max_autorisé=2)",24,24,0,2023-01-05 00:00:00+01:00 | 2023-01-05 01:00:00+01:00 | 2023-01-05 02:00:00+01:00 | 2023-01-05 03:00:00+01:00 | 2023-01-05 04:00:00+01:00 | 2023-01-05 05:00:00+01:00 | 2023-01-05 06:00:00+01:00 | 2023-01-05 07:00:00+01:00 | 2023-01-05 08:00:00+01:00 | 2023-01-05 09:00:00+01:00 | 2023-01-05 10:00:00+01:00 | 2023-01-05 11:00:00+01:00 | 2023-01-05 12:00:00+01:00 | 2023-01-05 13:00:00+01:00 | 2023-01-05 14:00:00+01:00 | 2023-01-05 15:00:00+01:00 | 2023-01-05 16:00:00+01:00 | 2023-01-05 17:00:00+01:00 | 2023-01-05 18:00:00+01:00 | 2023-01-05 19:00:00+01:00 | 2023-01-05 20:00:00+01:00 | 2023-01-05 21:00:00+01:00 | 2023-01-05 22:00:00+01:00 | 2023-01-05 23:00:00+01:00,,,,,,,
2023-01-06 00:00:00+01:00,False,MissingInput,"24 valeurs residual_load_gw manquantes après réparation (brut=24, max_autorisé=2)",24,24,0,2023-01-06 00:00:00+01:00 | 2023-01-06 01:00:00+01:00 | 2023-01-06 02:00:00+01:00 | 2023-01-06 03:00:00+01:00 | 2023-01-06 04:00:00+01:00 | 2023-01-06 05:00:00+01:00 | 2023-01-06 06:00:00+01:00 | 2023-01-06 07:00:00+01:00 | 2023-01-06 08:00:00+01:00 | 2023-01-06 09:00:00+01:00 | 2023-01-06 10:00:00+01:00 | 2023-01-06 11:00:00+01:00 | 2023-01-06 12:00:00+01:00 | 2023-01-06 13:00:00+01:00 | 2023-01-06 14:00:00+01:00 | 2023-01-06 15:00:00+01:00 | 2023-01-06 16:00:00+01:00 | 2023-01-06 17:00:00+01:00 | 2023-01-06 18:00:00+01:00 | 2023-01-06 19:00:00+01:00 | 2023-01-06 20:00:00+01:00 | 2023-01-06 21:00:00+01:00 | 2023-01-06 22:00:00+01:00 | 2023-01-06 23:00:00+01:00,,,,,,,
2023-01-07 00:00:00+01:00,False,MissingInput,"24 valeurs residual_load_gw manquantes après réparation (brut=24, max_autorisé=2)",24,24,0,2023-01-07 00:00:00+01:00 | 2023-01-07 01:00:00+01:00 | 2023-01-07 02:00:00+01:00 | 2023-01-07 03:00:00+01:00 | 2023-01-07 04:00:00+01:00 | 2023-01-07 05:00:00+01:00 | 2023-01-07 06:00:00+01:00 | 2023-01-07 07:00:00+01:00 | 2023-01-07 08:00:00+01:00 | 2023-01-07 09:00:00+01:00 | 2023-01-07 10:00:00+01:00 | 2023-01-07 11:00:00+01:00 | 2023-01-07 12:00:00+01:00 | 2023-01-07 13:00:00+01:00 | 2023-01-07 14:00:00+01:00 | 2023-01-07 15:00:00+01:00 | 2023-01-07 16:00:00+01:00 | 2023-01-07 17:00:00+01:00 | 2023-01-07 18:00:00+01:00 | 2023-01-07 19:00:00+01:00 | 2023-01-07 20:00:00+01:00 | 2023-01-07 21:00:00+01:00 | 2023-01-07 22:00:00+01:00 | 2023-01-07 23:00:00+01:00,,,,,,,
2023-01-08 00:00:00+01:00,False,MissingInput,"24 valeurs residual_load_gw manquantes après réparation (brut=24, max_autorisé=2)",24,24,0,2023-01-08 00:00:00+01:00 | 2023-01-08 01:00:00+01:00 | 2023-01-08 02:00:00+01:00 | 2023-01-08 03:00:00+01:00 | 2023-01-08 04:00:00+01:00 | 2023-01-08 05:00:00+01:00 | 2023-01-08 06:00:00+01:00 | 2023-01-08 07:00:00+01:00 | 2023-01-08 08:00:00+01:00 | 2023-01-08 09:00:00+01:00 | 2023-01-08 10:00:00+01:00 | 2023-01-08 11:00:00+01:00 | 2023-01-08 12:00:00+01:00 | 2023-01-08 13:00:00+01:00 | 2023-01-08 14:00:00+01:00 | 2023-01-08 15:00:00+01:00 | 2023-01-08 16:00:00+01:00 | 2023-01-08 17:00:00+01:00 | 2023-01-08 18:00:00+01:00 | 2023-01-08 19:00:00+01:00 | 2023-01-08 20:00:00+01:00 | 2023-01-08 21:00:00+01:00 | 2023-01-08 22:00:00+01:00 | 2023-01-08 23:00:00+01:00,,,,,,,
2023-01-09 00:00:00+01:00,False,MissingInput,"24 valeurs residual_load_gw manquantes après réparation (brut=24, max_autorisé=2)",24,24,0,2023-01-09 00:00:00+01:00 | 2023-01-09 01:00:00+01:00 | 2023-01-09 02:00:00+01:00 | 2023-01-09 03:00:00+01:00 | 2023-01-09 04:00:00+01:00 | 2023-01-09 05:00:00+01:00 | 2023-01-09 06:00:00+01:00 | 2023-01-09 07:00:00+01:00 | 2023-01-09 08:00:00+01:00 | 2023-01-09 09:00:00+01:00 | 2023-01-09 10:00:00+01:00 | 2023-01-09 11:00:00+01:00 | 2023-01-09 12:00:00+01:00 | 2023-01-09 13:00:00+01:00 | 2023-01-09 14:00:00+01:00 | 2023-01-09 15:00:00+01:00 | 2023-01-09 16:00:00+01:00 | 2023-01-09 17:00:00+01:00 | 2023-01-09 18:00:00+01:00 | 2023-01-09 19:00:00+01:00 | 2023-01-09 20:00:00+01:00 | 2023-01-09 21:00:00+01:00 | 2023-01-09 22:00:00+01:00 | 2023-01-09 23:00:00+01:00,,,,,,,
2023-01-10 00:00:00+01:00,False,MissingInput,"24 valeurs residual_load_gw manquantes après réparation (brut=24, max_autorisé=2)",24,24,0,2023-01-10 00:00:00+01:00 | 2023-01-10 01:00:00+01:00 | 2023-01-10 02:00:00+01:00 | 2023-01-10 03:00:00+01:00 | 2023-01-10 04:00:00+01:00 | 2023-01-10 05:00:00+01:00 | 2023-01-10 06:00:00+01:00 | 2023-01-10 07:00:00+01:00 | 2023-01-10 08:00:00+01:00 | 2023-01-10 09:00:00+01:00 | 2023-01-10 10:00:00+01:00 | 2023-01-10 11:00:00+01:00 | 2023-01-10 12:00:00+01:00 | 2023-01-10 13:00:00+01:00 | 2023-01-10 14:00:00+01:00 | 2023-01-10 15:00:00+01:00 | 2023-01-10 16:00:00+01:00 | 2023-01-10 17:00:00+01:00 | 2023-01-10 18:00:00+01:00 | 2023-01-10 19:00:00+01:00 | 2023-01-10 20:00:00+01:00 | 2023-01-10 21:00:00+01:00 | 2023-01-10 22:00:00+01:00 | 2023-01-10 23:00:00+01:00,,,,,,,
2023-01-11 00:00:00+01:00,False,MissingInput,"24 valeurs residual_load_gw manquantes après réparation (brut=24, max_autorisé=2)",24,24,0,2023-01-11 00:00:00+01:00 | 2023-01-11 01:00:00+01:00 | 2023-01-11 02:00:00+01:00 | 2023-01-11 03:00:00+01:00 | 2023-01-11 04:00:00+01:00 | 2023-01-11 05:00:00+01:00 | 2023-01-11 06:00:00+01:00 | 2023-01-11 07:00:00+01:00 | 2023-01-11 08:00:00+01:00 | 2023-01-11 09:00:00+01:00 | 2023-01-11 10:00:00+01:00 | 2023-01-11 11:00:00+01:00 | 2023-01-11 12:00:00+01:00 | 2023-01-11 13:00:00+01:00 | 2023-01-11 14:00:00+01:00 | 2023-01-11 15:00:00+01:00 | 2023-01-11 16:00:00+01:00 | 2023-01-11 17:00:00+01:00 | 2023-01-11 18:00:00+01:00 | 2023-01-11 19:00:00+01:00 | 2023-01-11 20:00:00+01:00 | 2023-01-11 21:00:00+01:00 | 2023-01-11 22:00:00+01:00 | 2023-01-11 23:00:00+01:00,,,,,,,
2023-01-12 00:00:00+01:00,False,MissingInput,"24 valeurs residual_load_gw manquantes après réparation (brut=24, max_autorisé=2)",24,24,0,2023-01-12 00:00:00+01:00 | 2023-01-12 01:00:00+01:00 | 2023-01-12 02:00:00+01:00 | 2023-01-12 03:00:00+01:00 | 2023-01-12 04:00:00+01:00 | 2023-01-12 05:00:00+01:00 | 2023-01-12 06:00:00+01:00 | 2023-01-12 07:00:00+01:00 | 2023-01-12 08:00:00+01:00 | 2023-01-12 09:00:00+01:00 | 2023-01-12 10:00:00+01:00 | 2023-01-12 11:00:00+01:00 | 2023-01-12 12:00:00+01:00 | 2023-01-12 13:00:00+01:00 | 2023-01-12 14:00:00+01:00 | 2023-01-12 15:00:00+01:00 | 2023-01-12 16:00:00+01:00 | 2023-01-12 17:00:00+01:00 | 2023-01-12 18:00:00+01:00 | 2023-01-12 19:00:00+01:00 | 2023-01-12 20:00:00+01:00 | 2023-01-12 21:00:00+01:00 | 2023-01-12 22:00:00+01:00 | 2023-01-12 23:00:00+01:00,,,,,,,
2023-01-13 00:00:00+01:00,False,MissingInput,"24 valeurs residual_load_gw manquantes après réparation (brut=24, max_autorisé=2)",24,24,0,2023-01-13 00:00:00+01:00 | 2023-01-13 01:00:00+01:00 | 2023-01-13 02:00:00+01:00 | 2023-01-13 03:00:00+01:00 | 2023-01-13 04:00:00+01:00 | 2023-01-13 05:00:00+01:00 | 2023-01-13 06:00:00+01:00 | 2023-01-13 07:00:00+01:00 | 2023-01-13 08:00:00+01:00 | 2023-01-13 09:00:00+01:00 | 2023-01-13 10:00:00+01:00 | 2023-01-13 11:00:00+01:00 | 2023-01-13 12:00:00+01:00 | 2023-01-13 13:00:00+01:00 | 2023-01-13 14:00:00+01:00 | 2023-01-13 15:00:00+01:00 | 2023-01-13 16:00:00+01:00 | 2023-01-13 17:00:00+01:00 | 2023-01-13 18:00:00+01:00 | 2023-01-13 19:00:00+01:00 | 2023-01-13 20:00:00+01:00 | 2023-01-13 21:00:00+01:00 | 2023-01-13 22:00:00+01:00 | 2023-01-13 23:00:00+01:00,,,,,,,
2023-01-14 00:00:00+01:00,False,MissingInput,"24 valeurs residual_load_gw manquantes après réparation (brut=24, max_autorisé=2)",24,24,0,2023-01-14 00:00:00+01:00 | 2023-01-14 01:00:00+01:00 | 2023-01-14 02:00:00+01:00 | 2023-01-14 03:00:00+01:00 | 2023-01-14 04:00:00+01:00 | 2023-01-14 05:00:00+01:00 | 2023-01-14 06:00:00+01:00 | 2023-01-14 07:00:00+01:00 | 2023-01-14 08:00:00+01:00 | 2023-01-14 09:00:00+01:00 | 2023-01-14 10:00:00+01:00 | 2023-01-14 11:00:00+01:00 | 2023-01-14 12:00:00+01:00 | 2023-01-14 13:00:00+01:00 | 2023-01-14 14:00:00+01:00 | 2023-01-14 15:00:00+01:00 | 2023-01-14 16:00:00+01:00 | 2023-01-14 17:00:00+01:00 | 2023-01-14 18:00:00+01:00 | 2023-01-14 19:00:00+01:00 | 2023-01-14 20:00:00+01:00 | 2023-01-14 21:00:00+01:00 | 2023-01-14 22:00:00+01:00 | 2023-01-14 23:00:00+01:00,,,,,,,
2023-01-15 00:00:00+01:00,False,MissingInput,"24 valeurs residual_load_gw manquantes après réparation (brut=24, max_autorisé=2)",24,24,0,2023-01-15 00:00:00+01:00 | 2023-01-15 01:00:00+01:00 | 2023-01-15 02:00:00+01:00 | 2023-01-15 03:00:00+01:00 | 2023-01-15 04:00:00+01:00 | 2023-01-15 05:00:00+01:00 | 2023-01-15 06:00:00+01:00 | 2023-01-15 07:00:00+01:00 | 2023-01-15 08:00:00+01:00 | 2023-01-15 09:00:00+01:00 | 2023-01-15 10:00:00+01:00 | 2023-01-15 11:00:00+01:00 | 2023-01-15 12:00:00+01:00 | 2023-01-15 13:00:00+01:00 | 2023-01-15 14:00:00+01:00 | 2023-01-15 15:00:00+01:00 | 2023-01-15 16:00:00+01:00 | 2023-01-15 17:00:00+01:00 | 2023-01-15 18:00:00+01:00 | 2023-01-15 19:00:00+01:00 | 2023-01-15 20:00:00+01:00 | 2023-01-15 21:00:00+01:00 | 2023-01-15 22:00:00+01:00 | 2023-01-15 23:00:00+01:00,,,,,,,
2023-01-16 00:00:00+01:00,False,MissingInput,"24 valeurs residual_load_gw manquantes après réparation (brut=24, max_autorisé=2)",24,24,0,2023-01-16 00:00:00+01:00 | 2023-01-16 01:00:00+01:00 | 2023-01-16 02:00:00+01:00 | 2023-01-16 03:00:00+01:00 | 2023-01-16 04:00:00+01:00 | 2023-01-16 05:00:00+01:00 | 2023-01-16 06:00:00+01:00 | 2023-01-16 07:00:00+01:00 | 2023-01-16 08:00:00+01:00 | 2023-01-16 09:00:00+01:00 | 2023-01-16 10:00:00+01:00 | 2023-01-16 11:00:00+01:00 | 2023-01-16 12:00:00+01:00 | 2023-01-16 13:00:00+01:00 | 2023-01-16 14:00:00+01:00 | 2023-01-16 15:00:00+01:00 | 2023-01-16 16:00:00+01:00 | 2023-01-16 17:00:00+01:00 | 2023-01-16 18:00:00+01:00 | 2023-01-16 19:00:00+01:00 | 2023-01-16 20:00:00+01:00 | 2023-01-16 21:00:00+01:00 | 2023-01-16 22:00:00+01:00 | 2023-01-16 23:00:00+01:00,,,,,,,
2023-01-17 00:00:00+01:00,False,MissingInput,"24 valeurs residual_load_gw manquantes après réparation (brut=24, max_autorisé=2)",24,24,0,2023-01-17 00:00:00+01:00 | 2023-01-17 01:00:00+01:00 | 2023-01-17 02:00:00+01:00 | 2023-01-17 03:00:00+01:00 | 2023-01-17 04:00:00+01:00 | 2023-01-17 05:00:00+01:00 | 2023-01-17 06:00:00+01:00 | 2023-01-17 07:00:00+01:00 | 2023-01-17 08:00:00+01:00 | 2023-01-17 09:00:00+01:00 | 2023-01-17 10:00:00+01:00 | 2023-01-17 11:00:00+01:00 | 2023-01-17 12:00:00+01:00 | 2023-01-17 13:00:00+01:00 | 2023-01-17 14:00:00+01:00 | 2023-01-17 15:00:00+01:00 | 2023-01-17 16:00:00+01:00 | 2023-01-17 17:00:00+01:00 | 2023-01-17 18:00:00+01:00 | 2023-01-17 19:00:00+01:00 | 2023-01-17 20:00:00+01:00 | 2023-01-17 21:00:00+01:00 | 2023-01-17 22:00:00+01:00 | 2023-01-17 23:00:00+01:00,,,,,,,
2023-01-18 00:00:00+01:00,False,MissingInput,"24 valeurs residual_load_gw manquantes après réparation (brut=24, max_autorisé=2)",24,24,0,2023-01-18 00:00:00+01:00 | 2023-01-18 01:00:00+01:00 | 2023-01-18 02:00:00+01:00 | 2023-01-18 03:00:00+01:00 | 2023-01-18 04:00:00+01:00 | 2023-01-18 05:00:00+01:00 | 2023-01-18 06:00:00+01:00 | 2023-01-18 07:00:00+01:00 | 2023-01-18 08:00:00+01:00 | 2023-01-18 09:00:00+01:00 | 2023-01-18 10:00:00+01:00 | 2023-01-18 11:00:00+01:00 | 2023-01-18 12:00:00+01:00 | 2023-01-18 13:00:00+01:00 | 2023-01-18 14:00:00+01:00 | 2023-01-18 15:00:00+01:00 | 2023-01-18 16:00:00+01:00 | 2023-01-18 17:00:00+01:00 | 2023-01-18 18:00:00+01:00 | 2023-01-18 19:00:00+01:00 | 2023-01-18 20:00:00+01:00 | 2023-01-18 21:00:00+01:00 | 2023-01-18 22:00:00+01:00 | 2023-01-18 23:00:00+01:00,,,,,,,
2023-01-19 00:00:00+01:00,False,MissingInput,"24 valeurs residual_load_gw manquantes après réparation (brut=24, max_autorisé=2)",24,24,0,2023-01-19 00:00:00+01:00 | 2023-01-19 01:00:00+01:00 | 2023-01-19 02:00:00+01:00 | 2023-01-19 03:00:00+01:00 | 2023-01-19 04:00:00+01:00 | 2023-01-19 05:00:00+01:00 | 2023-01-19 06:00:00+01:00 | 2023-01-19 07:00:00+01:00 | 2023-01-19 08:00:00+01:00 | 2023-01-19 09:00:00+01:00 | 2023-01-19 10:00:00+01:00 | 2023-01-19 11:00:00+01:00 | 2023-01-19 12:00:00+01:00 | 2023-01-19 13:00:00+01:00 | 2023-01-19 14:00:00+01:00 | 2023-01-19 15:00:00+01:00 | 2023-01-19 16:00:00+01:00 | 2023-01-19 17:00:00+01:00 | 2023-01-19 18:00:00+01:00 | 2023-01-19 19:00:00+01:00 | 2023-01-19 20:00:00+01:00 | 2023-01-19 21:00:00+01:00 | 2023-01-19 22:00:00+01:00 | 2023-01-19 23:00:00+01:00,,,,,,,
2023-01-20 00:00:00+01:00,False,MissingInput,"24 valeurs residual_load_gw manquantes après réparation (brut=24, max_autorisé=2)",24,24,0,2023-01-20 00:00:00+01:00 | 2023-01-20 01:00:00+01:00 | 2023-01-20 02:00:00+01:00 | 2023-01-20 03:00:00+01:00 | 2023-01-20 04:00:00+01:00 | 2023-01-20 05:00:00+01:00 | 2023-01-20 06:00:00+01:00 | 2023-01-20 07:00:00+01:00 | 2023-01-20 08:00:00+01:00 | 2023-01-20 09:00:00+01:00 | 2023-01-20 10:00:00+01:00 | 2023-01-20 11:00:00+01:00 | 2023-01-20 12:00:00+01:00 | 2023-01-20 13:00:00+01:00 | 2023-01-20 14:00:00+01:00 | 2023-01-20 15:00:00+01:00 | 2023-01-20 16:00:00+01:00 | 2023-01-20 17:00:00+01:00 | 2023-01-20 18:00:00+01:00 | 2023-01-20 19:00:00+01:00 | 2023-01-20 20:00:00+01:00 | 2023-01-20 21:00:00+01:00 | 2023-01-20 22:00:00+01:00 | 2023-01-20 23:00:00+01:00,,,,,,,
2023-01-21 00:00:00+01:00,False,MissingInput,"24 valeurs residual_load_gw manquantes après réparation (brut=24, max_autorisé=2)",24,24,0,2023-01-21 00:00:00+01:00 | 2023-01-21 01:00:00+01:00 | 2023-01-21 02:00:00+01:00 | 2023-01-21 03:00:00+01:00 | 2023-01-21 04:00:00+01:00 | 2023-01-21 05:00:00+01:00 | 2023-01-21 06:00:00+01:00 | 2023-01-21 07:00:00+01:00 | 2023-01-21 08:00:00+01:00 | 2023-01-21 09:00:00+01:00 | 2023-01-21 10:00:00+01:00 | 2023-01-21 11:00:00+01:00 | 2023-01-21 12:00:00+01:00 | 2023-01-21 13:00:00+01:00 | 2023-01-21 14:00:00+01:00 | 2023-01-21 15:00:00+01:00 | 2023-01-21 16:00:00+01:00 | 2023-01-21 17:00:00+01:00 | 2023-01-21 18:00:00+01:00 | 2023-01-21 19:00:00+01:00 | 2023-01-21 20:00:00+01:00 | 2023-01-21 21:00:00+01:00 | 2023-01-21 22:00:00+01:00 | 2023-01-21 23:00:00+01:00,,,,,,,
2023-01-22 00:00:00+01:00,False,MissingInput,"24 valeurs residual_load_gw manquantes après réparation (brut=24, max_autorisé=2)",24,24,0,2023-01-22 00:00:00+01:00 | 2023-01-22 01:00:00+01:00 | 2023-01-22 02:00:00+01:00 | 2023-01-22 03:00:00+01:00 | 2023-01-22 04:00:00+01:00 | 2023-01-22 05:00:00+01:00 | 2023-01-22 06:00:00+01:00 | 2023-01-22 07:00:00+01:00 | 2023-01-22 08:00:00+01:00 | 2023-01-22 09:00:00+01:00 | 2023-01-22 10:00:00+01:00 | 2023-01-22 11:00:00+01:00 | 2023-01-22 12:00:00+01:00 | 2023-01-22 13:00:00+01:00 | 2023-01-22 14:00:00+01:00 | 2023-01-22 15:00:00+01:00 | 2023-01-22 16:00:00+01:00 | 2023-01-22 17:00:00+01:00 | 2023-01-22 18:00:00+01:00 | 2023-01-22 19:00:00+01:00 | 2023-01-22 20:00:00+01:00 | 2023-01-22 21:00:00+01:00 | 2023-01-22 22:00:00+01:00 | 2023-01-22 23:00:00+01:00,,,,,,,
2023-01-23 00:00:00+01:00,False,MissingInput,"24 valeurs residual_load_gw manquantes après réparation (brut=24, max_autorisé=2)",24,24,0,2023-01-23 00:00:00+01:00 | 2023-01-23 01:00:00+01:00 | 2023-01-23 02:00:00+01:00 | 2023-01-23 03:00:00+01:00 | 2023-01-23 04:00:00+01:00 | 2023-01-23 05:00:00+01:00 | 2023-01-23 06:00:00+01:00 | 2023-01-23 07:00:00+01:00 | 2023-01-23 08:00:00+01:00 | 2023-01-23 09:00:00+01:00 | 2023-01-23 10:00:00+01:00 | 2023-01-23 11:00:00+01:00 | 2023-01-23 12:00:00+01:00 | 2023-01-23 13:00:00+01:00 | 2023-01-23 14:00:00+01:00 | 2023-01-23 15:00:00+01:00 | 2023-01-23 16:00:00+01:00 | 2023-01-23 17:00:00+01:00 | 2023-01-23 18:00:00+01:00 | 2023-01-23 19:00:00+01:00 | 2023-01-23 20:00:00+01:00 | 2023-01-23 21:00:00+01:00 | 2023-01-23 22:00:00+01:00 | 2023-01-23 23:00:00+01:00,,,,,,,
2023-01-24 00:00:00+01:00,False,MissingInput,"24 valeurs residual_load_gw manquantes après réparation (brut=24, max_autorisé=2)",24,24,0,2023-01-24 00:00:00+01:00 | 2023-01-24 01:00:00+01:00 | 2023-01-24 02:00:00+01:00 | 2023-01-24 03:00:00+01:00 | 2023-01-24 04:00:00+01:00 | 2023-01-24 05:00:00+01:00 | 2023-01-24 06:00:00+01:00 | 2023-01-24 07:00:00+01:00 | 2023-01-24 08:00:00+01:00 | 2023-01-24 09:00:00+01:00 | 2023-01-24 10:00:00+01:00 | 2023-01-24 11:00:00+01:00 | 2023-01-24 12:00:00+01:00 | 2023-01-24 13:00:00+01:00 | 2023-01-24 14:00:00+01:00 | 2023-01-24 15:00:00+01:00 | 2023-01-24 16:00:00+01:00 | 2023-01-24 17:00:00+01:00 | 2023-01-24 18:00:00+01:00 | 2023-01-24 19:00:00+01:00 | 2023-01-24 20:00:00+01:00 | 2023-01-24 21:00:00+01:00 | 2023-01-24 22:00:00+01:00 | 2023-01-24 23:00:00+01:00,,,,,,,
2023-01-25 00:00:00+01:00,False,MissingInput,"24 valeurs residual_load_gw manquantes après réparation (brut=24, max_autorisé=2)",24,24,0,2023-01-25 00:00:00+01:00 | 2023-01-25 01:00:00+01:00 | 2023-01-25 02:00:00+01:00 | 2023-01-25 03:00:00+01:00 | 2023-01-25 04:00:00+01:00 | 2023-01-25 05:00:00+01:00 | 2023-01-25 06:00:00+01:00 | 2023-01-25 07:00:00+01:00 | 2023-01-25 08:00:00+01:00 | 2023-01-25 09:00:00+01:00 | 2023-01-25 10:00:00+01:00 | 2023-01-25 11:00:00+01:00 | 2023-01-25 12:00:00+01:00 | 2023-01-25 13:00:00+01:00 | 2023-01-25 14:00:00+01:00 | 2023-01-25 15:00:00+01:00 | 2023-01-25 16:00:00+01:00 | 2023-01-25 17:00:00+01:00 | 2023-01-25 18:00:00+01:00 | 2023-01-25 19:00:00+01:00 | 2023-01-25 20:00:00+01:00 | 2023-01-25 21:00:00+01:00 | 2023-01-25 22:00:00+01:00 | 2023-01-25 23:00:00+01:00,,,,,,,
2023-01-26 00:00:00+01:00,False,MissingInput,"24 valeurs residual_load_gw manquantes après réparation (brut=24, max_autorisé=2)",24,24,0,2023-01-26 00:00:00+01:00 | 2023-01-26 01:00:00+01:00 | 2023-01-26 02:00:00+01:00 | 2023-01-26 03:00:00+01:00 | 2023-01-26 04:00:00+01:00 | 2023-01-26 05:00:00+01:00 | 2023-01-26 06:00:00+01:00 | 2023-01-26 07:00:00+01:00 | 2023-01-26 08:00:00+01:00 | 2023-01-26 09:00:00+01:00 | 2023-01-26 10:00:00+01:00 | 2023-01-26 11:00:00+01:00 | 2023-01-26 12:00:00+01:00 | 2023-01-26 13:00:00+01:00 | 2023-01-26 14:00:00+01:00 | 2023-01-26 15:00:00+01:00 | 2023-01-26 16:00:00+01:00 | 2023-01-26 17:00:00+01:00 | 2023-01-26 18:00:00+01:00 | 2023-01-26 19:00:00+01:00 | 2023-01-26 20:00:00+01:00 | 2023-01-26 21:00:00+01:00 | 2023-01-26 22:00:00+01:00 | 2023-01-26 23:00:00+01:00,,,,,,,
2023-01-27 00:00:00+01:00,False,MissingInput,"24 valeurs residual_load_gw manquantes après réparation (brut=24, max_autorisé=2)",24,24,0,2023-01-27 00:00:00+01:00 | 2023-01-27 01:00:00+01:00 | 2023-01-27 02:00:00+01:00 | 2023-01-27 03:00:00+01:00 | 2023-01-27 04:00:00+01:00 | 2023-01-27 05:00:00+01:00 | 2023-01-27 06:00:00+01:00 | 2023-01-27 07:00:00+01:00 | 2023-01-27 08:00:00+01:00 | 2023-01-27 09:00:00+01:00 | 2023-01-27 10:00:00+01:00 | 2023-01-27 11:00:00+01:00 | 2023-01-27 12:00:00+01:00 | 2023-01-27 13:00:00+01:00 | 2023-01-27 14:00:00+01:00 | 2023-01-27 15:00:00+01:00 | 2023-01-27 16:00:00+01:00 | 2023-01-27 17:00:00+01:00 | 2023-01-27 18:00:00+01:00 | 2023-01-27 19:00:00+01:00 | 2023-01-27 20:00:00+01:00 | 2023-01-27 21:00:00+01:00 | 2023-01-27 22:00:00+01:00 | 2023-01-27 23:00:00+01:00,,,,,,,
2023-01-28 00:00:00+01:00,False,MissingInput,"24 valeurs residual_load_gw manquantes après réparation (brut=24, max_autorisé=2)",24,24,0,2023-01-28 00:00:00+01:00 | 2023-01-28 01:00:00+01:00 | 2023-01-28 02:00:00+01:00 | 2023-01-28 03:00:00+01:00 | 2023-01-28 04:00:00+01:00 | 2023-01-28 05:00:00+01:00 | 2023-01-28 06:00:00+01:00 | 2023-01-28 07:00:00+01:00 | 2023-01-28 08:00:00+01:00 | 2023-01-28 09:00:00+01:00 | 2023-01-28 10:00:00+01:00 | 2023-01-28 11:00:00+01:00 | 2023-01-28 12:00:00+01:00 | 2023-01-28 13:00:00+01:00 | 2023-01-28 14:00:00+01:00 | 2023-01-28 15:00:00+01:00 | 2023-01-28 16:00:00+01:00 | 2023-01-28 17:00:00+01:00 | 2023-01-28 18:00:00+01:00 | 2023-01-28 19:00:00+01:00 | 2023-01-28 20:00:00+01:00 | 2023-01-28 21:00:00+01:00 | 2023-01-28 22:00:00+01:00 | 2023-01-28 23:00:00+01:00,,,,,,,
2023-01-29 00:00:00+01:00,False,MissingInput,"24 valeurs residual_load_gw manquantes après réparation (brut=24, max_autorisé=2)",24,24,0,2023-01-29 00:00:00+01:00 | 2023-01-29 01:00:00+01:00 | 2023-01-29 02:00:00+01:00 | 2023-01-29 03:00:00+01:00 | 2023-01-29 04:00:00+01:00 | 2023-01-29 05:00:00+01:00 | 2023-01-29 06:00:00+01:00 | 2023-01-29 07:00:00+01:00 | 2023-01-29 08:00:00+01:00 | 2023-01-29 09:00:00+01:00 | 2023-01-29 10:00:00+01:00 | 2023-01-29 11:00:00+01:00 | 2023-01-29 12:00:00+01:00 | 2023-01-29 13:00:00+01:00 | 2023-01-29 14:00:00+01:00 | 2023-01-29 15:00:00+01:00 | 2023-01-29 16:00:00+01:00 | 2023-01-29 17:00:00+01:00 | 2023-01-29 18:00:00+01:00 | 2023-01-29 19:00:00+01:00 | 2023-01-29 20:00:00+01:00 | 2023-01-29 21:00:00+01:00 | 2023-01-29 22:00:00+01:00 | 2023-01-29 23:00:00+01:00,,,,,,,
2023-01-30 00:00:00+01:00,False,MissingInput,"24 valeurs residual_load_gw manquantes après réparation (brut=24, max_autorisé=2)",24,24,0,2023-01-30 00:00:00+01:00 | 2023-01-30 01:00:00+01:00 | 2023-01-30 02:00:00+01:00 | 2023-01-30 03:00:00+01:00 | 2023-01-30 04:00:00+01:00 | 2023-01-30 05:00:00+01:00 | 2023-01-30 06:00:00+01:00 | 2023-01-30 07:00:00+01:00 | 2023-01-30 08:00:00+01:00 | 2023-01-30 09:00:00+01:00 | 2023-01-30 10:00:00+01:00 | 2023-01-30 11:00:00+01:00 | 2023-01-30 12:00:00+01:00 | 2023-01-30 13:00:00+01:00 | 2023-01-30 14:00:00+01:00 | 2023-01-30 15:00:00+01:00 | 2023-01-30 16:00:00+01:00 | 2023-01-30 17:00:00+01:00 | 2023-01-30 18:00:00+01:00 | 2023-01-30 19:00:00+01:00 | 2023-01-30 20:00:00+01:00 | 2023-01-30 21:00:00+01:00 | 2023-01-30 22:00:00+01:00 | 2023-01-30 23:00:00+01:00,,,,,,,
2023-01-31 00:00:00+01:00,False,MissingInput,"24 valeurs residual_load_gw manquantes après réparation (brut=24, max_autorisé=2)",24,24,0,2023-01-31 00:00:00+01:00 | 2023-01-31 01:00:00+01:00 | 2023-01-31 02:00:00+01:00 | 2023-01-31 03:00:00+01:00 | 2023-01-31 04:00:00+01:00 | 2023-01-31 05:00:00+01:00 | 2023-01-31 06:00:00+01:00 | 2023-01-31 07:00:00+01:00 | 2023-01-31 08:00:00+01:00 | 2023-01-31 09:00:00+01:00 | 2023-01-31 10:00:00+01:00 | 2023-01-31 11:00:00+01:00 | 2023-01-31 12:00:00+01:00 | 2023-01-31 13:00:00+01:00 | 2023-01-31 14:00:00+01:00 | 2023-01-31 15:00:00+01:00 | 2023-01-31 16:00:00+01:00 | 2023-01-31 17:00:00+01:00 | 2023-01-31 18:00:00+01:00 | 2023-01-31 19:00:00+01:00 | 2023-01-31 20:00:00+01:00 | 2023-01-31 21:00:00+01:00 | 2023-01-31 22:00:00+01:00 | 2023-01-31 23:00:00+01:00,,,,,,,
2023-02-01 00:00:00+01:00,False,MissingInput,"24 valeurs residual_load_gw manquantes après réparation (brut=24, max_autorisé=2)",24,24,0,2023-02-01 00:00:00+01:00 | 2023-02-01 01:00:00+01:00 | 2023-02-01 02:00:00+01:00 | 2023-02-01 03:00:00+01:00 | 2023-02-01 04:00:00+01:00 | 2023-02-01 05:00:00+01:00 | 2023-02-01 06:00:00+01:00 | 2023-02-01 07:00:00+01:00 | 2023-02-01 08:00:00+01:00 | 2023-02-01 09:00:00+01:00 | 2023-02-01 10:00:00+01:00 | 2023-02-01 11:00:00+01:00 | 2023-02-01 12:00:00+01:00 | 2023-02-01 13:00:00+01:00 | 2023-02-01 14:00:00+01:00 | 2023-02-01 15:00:00+01:00 | 2023-02-01 16:00:00+01:00 | 2023-02-01 17:00:00+01:00 | 2023-02-01 18:00:00+01:00 | 2023-02-01 19:00:00+01:00 | 2023-02-01 20:00:00+01:00 | 2023-02-01 21:00:00+01:00 | 2023-02-01 22:00:00+01:00 | 2023-02-01 23:00:00+01:00,,,,,,,
2023-02-02 00:00:00+01:00,False,MissingInput,"24 valeurs residual_load_gw manquantes après réparation (brut=24, max_autorisé=2)",24,24,0,2023-02-02 00:00:00+01:00 | 2023-02-02 01:00:00+01:00 | 2023-02-02 02:00:00+01:00 | 2023-02-02 03:00:00+01:00 | 2023-02-02 04:00:00+01:00 | 2023-02-02 05:00:00+01:00 | 2023-02-02 06:00:00+01:00 | 2023-02-02 07:00:00+01:00 | 2023-02-02 08:00:00+01:00 | 2023-02-02 09:00:00+01:00 | 2023-02-02 10:00:00+01:00 | 2023-02-02 11:00:00+01:00 | 2023-02-02 12:00:00+01:00 | 2023-02-02 13:00:00+01:00 | 2023-02-02 14:00:00+01:00 | 2023-02-02 15:00:00+01:00 | 2023-02-02 16:00:00+01:00 | 2023-02-02 17:00:00+01:00 | 2023-02-02 18:00:00+01:00 | 2023-02-02 19:00:00+01:00 | 2023-02-02 20:00:00+01:00 | 2023-02-02 21:00:00+01:00 | 2023-02-02 22:00:00+01:00 | 2023-02-02 23:00:00+01:00,,,,,,,
2023-02-03 00:00:00+01:00,False,MissingInput,"24 valeurs residual_load_gw manquantes après réparation (brut=24, max_autorisé=2)",24,24,0,2023-02-03 00:00:00+01:00 | 2023-02-03 01:00:00+01:00 | 2023-02-03 02:00:00+01:00 | 2023-02-03 03:00:00+01:00 | 2023-02-03 04:00:00+01:00 | 2023-02-03 05:00:00+01:00 | 2023-02-03 06:00:00+01:00 | 2023-02-03 07:00:00+01:00 | 2023-02-03 08:00:00+01:00 | 2023-02-03 09:00:00+01:00 | 2023-02-03 10:00:00+01:00 | 2023-02-03 11:00:00+01:00 | 2023-02-03 12:00:00+01:00 | 2023-02-03 13:00:00+01:00 | 2023-02-03 14:00:00+01:00 | 2023-02-03 15:00:00+01:00 | 2023-02-03 16:00:00+01:00 | 2023-02-03 17:00:00+01:00 | 2023-02-03 18:00:00+01:00 | 2023-02-03 19:00:00+01:00 | 2023-02-03 20:00:00+01:00 | 2023-02-03 21:00:00+01:00 | 2023-02-03 22:00:00+01:00 | 2023-02-03 23:00:00+01:00,,,,,,,
2023-02-04 00:00:00+01:00,False,MissingInput,"24 valeurs residual_load_gw manquantes après réparation (brut=24, max_autorisé=2)",24,24,0,2023-02-04 00:00:00+01:00 | 2023-02-04 01:00:00+01:00 | 2023-02-04 02:00:00+01:00 | 2023-02-04 03:00:00+01:00 | 2023-02-04 04:00:00+01:00 | 2023-02-04 05:00:00+01:00 | 2023-02-04 06:00:00+01:00 | 2023-02-04 07:00:00+01:00 | 2023-02-04 08:00:00+01:00 | 2023-02-04 09:00:00+01:00 | 2023-02-04 10:00:00+01:00 | 2023-02-04 11:00:00+01:00 | 2023-02-04 12:00:00+01:00 | 2023-02-04 13:00:00+01:00 | 2023-02-04 14:00:00+01:00 | 2023-02-04 15:00:00+01:00 | 2023-02-04 16:00:00+01:00 | 2023-02-04 17:00:00+01:00 | 2023-02-04 18:00:00+01:00 | 2023-02-04 19:00:00+01:00 | 2023-02-04 20:00:00+01:00 | 2023-02-04 21:00:00+01:00 | 2023-02-04 22:00:00+01:00 | 2023-02-04 23:00:00+01:00,,,,,,,
2023-02-05 00:00:00+01:00,False,MissingInput,"24 valeurs residual_load_gw manquantes après réparation (brut=24, max_autorisé=2)",24,24,0,2023-02-05 00:00:00+01:00 | 2023-02-05 01:00:00+01:00 | 2023-02-05 02:00:00+01:00 | 2023-02-05 03:00:00+01:00 | 2023-02-05 04:00:00+01:00 | 2023-02-05 05:00:00+01:00 | 2023-02-05 06:00:00+01:00 | 2023-02-05 07:00:00+01:00 | 2023-02-05 08:00:00+01:00 | 2023-02-05 09:00:00+01:00 | 2023-02-05 10:00:00+01:00 | 2023-02-05 11:00:00+01:00 | 2023-02-05 12:00:00+01:00 | 2023-02-05 13:00:00+01:00 | 2023-02-05 14:00:00+01:00 | 2023-02-05 15:00:00+01:00 | 2023-02-05 16:00:00+01:00 | 2023-02-05 17:00:00+01:00 | 2023-02-05 18:00:00+01:00 | 2023-02-05 19:00:00+01:00 | 2023-02-05 20:00:00+01:00 | 2023-02-05 21:00:00+01:00 | 2023-02-05 22:00:00+01:00 | 2023-02-05 23:00:00+01:00,,,,,,,
2023-02-06 00:00:00+01:00,False,MissingInput,"24 valeurs residual_load_gw manquantes après réparation (brut=24, max_autorisé=2)",24,24,0,2023-02-06 00:00:00+01:00 | 2023-02-06 01:00:00+01:00 | 2023-02-06 02:00:00+01:00 | 2023-02-06 03:00:00+01:00 | 2023-02-06 04:00:00+01:00 | 2023-02-06 05:00:00+01:00 | 2023-02-06 06:00:00+01:00 | 2023-02-06 07:00:00+01:00 | 2023-02-06 08:00:00+01:00 | 2023-02-06 09:00:00+01:00 | 2023-02-06 10:00:00+01:00 | 2023-02-06 11:00:00+01:00 | 2023-02-06 12:00:00+01:00 | 2023-02-06 13:00:00+01:00 | 2023-02-06 14:00:00+01:00 | 2023-02-06 15:00:00+01:00 | 2023-02-06 16:00:00+01:00 | 2023-02-06 17:00:00+01:00 | 2023-02-06 18:00:00+01:00 | 2023-02-06 19:00:00+01:00 | 2023-02-06 20:00:00+01:00 | 2023-02-06 21:00:00+01:00 | 2023-02-06 22:00:00+01:00 | 2023-02-06 23:00:00+01:00,,,,,,,
2023-02-07 00:00:00+01:00,False,MissingInput,"24 valeurs residual_load_gw manquantes après réparation (brut=24, max_autorisé=2)",24,24,0,2023-02-07 00:00:00+01:00 | 2023-02-07 01:00:00+01:00 | 2023-02-07 02:00:00+01:00 | 2023-02-07 03:00:00+01:00 | 2023-02-07 04:00:00+01:00 | 2023-02-07 05:00:00+01:00 | 2023-02-07 06:00:00+01:00 | 2023-02-07 07:00:00+01:00 | 2023-02-07 08:00:00+01:00 | 2023-02-07 09:00:00+01:00 | 2023-02-07 10:00:00+01:00 | 2023-02-07 11:00:00+01:00 | 2023-02-07 12:00:00+01:00 | 2023-02-07 13:00:00+01:00 | 2023-02-07 14:00:00+01:00 | 2023-02-07 15:00:00+01:00 | 2023-02-07 16:00:00+01:00 | 2023-02-07 17:00:00+01:00 | 2023-02-07 18:00:00+01:00 | 2023-02-07 19:00:00+01:00 | 2023-02-07 20:00:00+01:00 | 2023-02-07 21:00:00+01:00 | 2023-02-07 22:00:00+01:00 | 2023-02-07 23:00:00+01:00,,,,,,,
2023-02-08 00:00:00+01:00,False,MissingInput,"24 valeurs residual_load_gw manquantes après réparation (brut=24, max_autorisé=2)",24,24,0,2023-02-08 00:00:00+01:00 | 2023-02-08 01:00:00+01:00 | 2023-02-08 02:00:00+01:00 | 2023-02-08 03:00:00+01:00 | 2023-02-08 04:00:00+01:00 | 2023-02-08 05:00:00+01:00 | 2023-02-08 06:00:00+01:00 | 2023-02-08 07:00:00+01:00 | 2023-02-08 08:00:00+01:00 | 2023-02-08 09:00:00+01:00 | 2023-02-08 10:00:00+01:00 | 2023-02-08 11:00:00+01:00 | 2023-02-08 12:00:00+01:00 | 2023-02-08 13:00:00+01:00 | 2023-02-08 14:00:00+01:00 | 2023-02-08 15:00:00+01:00 | 2023-02-08 16:00:00+01:00 | 2023-02-08 17:00:00+01:00 | 2023-02-08 18:00:00+01:00 | 2023-02-08 19:00:00+01:00 | 2023-02-08 20:00:00+01:00 | 2023-02-08 21:00:00+01:00 | 2023-02-08 22:00:00+01:00 | 2023-02-08 23:00:00+01:00,,,,,,,
2023-02-09 00:00:00+01:00,False,MissingInput,"24 valeurs residual_load_gw manquantes après réparation (brut=24, max_autorisé=2)",24,24,0,2023-02-09 00:00:00+01:00 | 2023-02-09 01:00:00+01:00 | 2023-02-09 02:00:00+01:00 | 2023-02-09 03:00:00+01:00 | 2023-02-09 04:00:00+01:00 | 2023-02-09 05:00:00+01:00 | 2023-02-09 06:00:00+01:00 | 2023-02-09 07:00:00+01:00 | 2023-02-09 08:00:00+01:00 | 2023-02-09 09:00:00+01:00 | 2023-02-09 10:00:00+01:00 | 2023-02-09 11:00:00+01:00 | 2023-02-09 12:00:00+01:00 | 2023-02-09 13:00:00+01:00 | 2023-02-09 14:00:00+01:00 | 2023-02-09 15:00:00+01:00 | 2023-02-09 16:00:00+01:00 | 2023-02-09 17:00:00+01:00 | 2023-02-09 18:00:00+01:00 | 2023-02-09 19:00:00+01:00 | 2023-02-09 20:00:00+01:00 | 2023-02-09 21:00:00+01:00 | 2023-02-09 22:00:00+01:00 | 2023-02-09 23:00:00+01:00,,,,,,,
2023-02-10 00:00:00+01:00,False,MissingInput,"24 valeurs residual_load_gw manquantes après réparation (brut=24, max_autorisé=2)",24,24,0,2023-02-10 00:00:00+01:00 | 2023-02-10 01:00:00+01:00 | 2023-02-10 02:00:00+01:00 | 2023-02-10 03:00:00+01:00 | 2023-02-10 04:00:00+01:00 | 2023-02-10 05:00:00+01:00 | 2023-02-10 06:00:00+01:00 | 2023-02-10 07:00:00+01:00 | 2023-02-10 08:00:00+01:00 | 2023-02-10 09:00:00+01:00 | 2023-02-10 10:00:00+01:00 | 2023-02-10 11:00:00+01:00 | 2023-02-10 12:00:00+01:00 | 2023-02-10 13:00:00+01:00 | 2023-02-10 14:00:00+01:00 | 2023-02-10 15:00:00+01:00 | 2023-02-10 16:00:00+01:00 | 2023-02-10 17:00:00+01:00 | 2023-02-10 18:00:00+01:00 | 2023-02-10 19:00:00+01:00 | 2023-02-10 20:00:00+01:00 | 2023-02-10 21:00:00+01:00 | 2023-02-10 22:00:00+01:00 | 2023-02-10 23:00:00+01:00,,,,,,,
2023-02-11 00:00:00+01:00,False,MissingInput,"24 valeurs residual_load_gw manquantes après réparation (brut=24, max_autorisé=2)",24,24,0,2023-02-11 00:00:00+01:00 | 2023-02-11 01:00:00+01:00 | 2023-02-11 02:00:00+01:00 | 2023-02-11 03:00:00+01:00 | 2023-02-11 04:00:00+01:00 | 2023-02-11 05:00:00+01:00 | 2023-02-11 06:00:00+01:00 | 2023-02-11 07:00:00+01:00 | 2023-02-11 08:00:00+01:00 | 2023-02-11 09:00:00+01:00 | 2023-02-11 10:00:00+01:00 | 2023-02-11 11:00:00+01:00 | 2023-02-11 12:00:00+01:00 | 2023-02-11 13:00:00+01:00 | 2023-02-11 14:00:00+01:00 | 2023-02-11 15:00:00+01:00 | 2023-02-11 16:00:00+01:00 | 2023-02-11 17:00:00+01:00 | 2023-02-11 18:00:00+01:00 | 2023-02-11 19:00:00+01:00 | 2023-02-11 20:00:00+01:00 | 2023-02-11 21:00:00+01:00 | 2023-02-11 22:00:00+01:00 | 2023-02-11 23:00:00+01:00,,,,,,,
2023-02-12 00:00:00+01:00,False,MissingInput,"24 valeurs residual_load_gw manquantes après réparation (brut=24, max_autorisé=2)",24,24,0,2023-02-12 00:00:00+01:00 | 2023-02-12 01:00:00+01:00 | 2023-02-12 02:00:00+01:00 | 2023-02-12 03:00:00+01:00 | 2023-02-12 04:00:00+01:00 | 2023-02-12 05:00:00+01:00 | 2023-02-12 06:00:00+01:00 | 2023-02-12 07:00:00+01:00 | 2023-02-12 08:00:00+01:00 | 2023-02-12 09:00:00+01:00 | 2023-02-12 10:00:00+01:00 | 2023-02-12 11:00:00+01:00 | 2023-02-12 12:00:00+01:00 | 2023-02-12 13:00:00+01:00 | 2023-02-12 14:00:00+01:00 | 2023-02-12 15:00:00+01:00 | 2023-02-12 16:00:00+01:00 | 2023-02-12 17:00:00+01:00 | 2023-02-12 18:00:00+01:00 | 2023-02-12 19:00:00+01:00 | 2023-02-12 20:00:00+01:00 | 2023-02-12 21:00:00+01:00 | 2023-02-12 22:00:00+01:00 | 2023-02-12 23:00:00+01:00,,,,,,,
2023-02-13 00:00:00+01:00,False,MissingInput,"24 valeurs residual_load_gw manquantes après réparation (brut=24, max_autorisé=2)",24,24,0,2023-02-13 00:00:00+01:00 | 2023-02-13 01:00:00+01:00 | 2023-02-13 02:00:00+01:00 | 2023-02-13 03:00:00+01:00 | 2023-02-13 04:00:00+01:00 | 2023-02-13 05:00:00+01:00 | 2023-02-13 06:00:00+01:00 | 2023-02-13 07:00:00+01:00 | 2023-02-13 08:00:00+01:00 | 2023-02-13 09:00:00+01:00 | 2023-02-13 10:00:00+01:00 | 2023-02-13 11:00:00+01:00 | 2023-02-13 12:00:00+01:00 | 2023-02-13 13:00:00+01:00 | 2023-02-13 14:00:00+01:00 | 2023-02-13 15:00:00+01:00 | 2023-02-13 16:00:00+01:00 | 2023-02-13 17:00:00+01:00 | 2023-02-13 18:00:00+01:00 | 2023-02-13 19:00:00+01:00 | 2023-02-13 20:00:00+01:00 | 2023-02-13 21:00:00+01:00 | 2023-02-13 22:00:00+01:00 | 2023-02-13 23:00:00+01:00,,,,,,,
2023-02-14 00:00:00+01:00,False,MissingInput,"24 valeurs residual_load_gw manquantes après réparation (brut=24, max_autorisé=2)",24,24,0,2023-02-14 00:00:00+01:00 | 2023-02-14 01:00:00+01:00 | 2023-02-14 02:00:00+01:00 | 2023-02-14 03:00:00+01:00 | 2023-02-14 04:00:00+01:00 | 2023-02-14 05:00:00+01:00 | 2023-02-14 06:00:00+01:00 | 2023-02-14 07:00:00+01:00 | 2023-02-14 08:00:00+01:00 | 2023-02-14 09:00:00+01:00 | 2023-02-14 10:00:00+01:00 | 2023-02-14 11:00:00+01:00 | 2023-02-14 12:00:00+01:00 | 2023-02-14 13:00:00+01:00 | 2023-02-14 14:00:00+01:00 | 2023-02-14 15:00:00+01:00 | 2023-02-14 16:00:00+01:00 | 2023-02-14 17:00:00+01:00 | 2023-02-14 18:00:00+01:00 | 2023-02-14 19:00:00+01:00 | 2023-02-14 20:00:00+01:00 | 2023-02-14 21:00:00+01:00 | 2023-02-14 22:00:00+01:00 | 2023-02-14 23:00:00+01:00,,,,,,,
2023-02-15 00:00:00+01:00,False,MissingInput,"24 valeurs residual_load_gw manquantes après réparation (brut=24, max_autorisé=2)",24,24,0,2023-02-15 00:00:00+01:00 | 2023-02-15 01:00:00+01:00 | 2023-02-15 02:00:00+01:00 | 2023-02-15 03:00:00+01:00 | 2023-02-15 04:00:00+01:00 | 2023-02-15 05:00:00+01:00 | 2023-02-15 06:00:00+01:00 | 2023-02-15 07:00:00+01:00 | 2023-02-15 08:00:00+01:00 | 2023-02-15 09:00:00+01:00 | 2023-02-15 10:00:00+01:00 | 2023-02-15 11:00:00+01:00 | 2023-02-15 12:00:00+01:00 | 2023-02-15 13:00:00+01:00 | 2023-02-15 14:00:00+01:00 | 2023-02-15 15:00:00+01:00 | 2023-02-15 16:00:00+01:00 | 2023-02-15 17:00:00+01:00 | 2023-02-15 18:00:00+01:00 | 2023-02-15 19:00:00+01:00 | 2023-02-15 20:00:00+01:00 | 2023-02-15 21:00:00+01:00 | 2023-02-15 22:00:00+01:00 | 2023-02-15 23:00:00+01:00,,,,,,,
2023-02-16 00:00:00+01:00,False,MissingInput,"24 valeurs residual_load_gw manquantes après réparation (brut=24, max_autorisé=2)",24,24,0,2023-02-16 00:00:00+01:00 | 2023-02-16 01:00:00+01:00 | 2023-02-16 02:00:00+01:00 | 2023-02-16 03:00:00+01:00 | 2023-02-16 04:00:00+01:00 | 2023-02-16 05:00:00+01:00 | 2023-02-16 06:00:00+01:00 | 2023-02-16 07:00:00+01:00 | 2023-02-16 08:00:00+01:00 | 2023-02-16 09:00:00+01:00 | 2023-02-16 10:00:00+01:00 | 2023-02-16 11:00:00+01:00 | 2023-02-16 12:00:00+01:00 | 2023-02-16 13:00:00+01:00 | 2023-02-16 14:00:00+01:00 | 2023-02-16 15:00:00+01:00 | 2023-02-16 16:00:00+01:00 | 2023-02-16 17:00:00+01:00 | 2023-02-16 18:00:00+01:00 | 2023-02-16 19:00:00+01:00 | 2023-02-16 20:00:00+01:00 | 2023-02-16 21:00:00+01:00 | 2023-02-16 22:00:00+01:00 | 2023-02-16 23:00:00+01:00,,,,,,,
2023-02-17 00:00:00+01:00,False,MissingInput,"24 valeurs residual_load_gw manquantes après réparation (brut=24, max_autorisé=2)",24,24,0,2023-02-17 00:00:00+01:00 | 2023-02-17 01:00:00+01:00 | 2023-02-17 02:00:00+01:00 | 2023-02-17 03:00:00+01:00 | 2023-02-17 04:00:00+01:00 | 2023-02-17 05:00:00+01:00 | 2023-02-17 06:00:00+01:00 | 2023-02-17 07:00:00+01:00 | 2023-02-17 08:00:00+01:00 | 2023-02-17 09:00:00+01:00 | 2023-02-17 10:00:00+01:00 | 2023-02-17 11:00:00+01:00 | 2023-02-17 12:00:00+01:00 | 2023-02-17 13:00:00+01:00 | 2023-02-17 14:00:00+01:00 | 2023-02-17 15:00:00+01:00 | 2023-02-17 16:00:00+01:00 | 2023-02-17 17:00:00+01:00 | 2023-02-17 18:00:00+01:00 | 2023-02-17 19:00:00+01:00 | 2023-02-17 20:00:00+01:00 | 2023-02-17 21:00:00+01:00 | 2023-02-17 22:00:00+01:00 | 2023-02-17 23:00:00+01:00,,,,,,,
2023-02-18 00:00:00+01:00,False,MissingInput,"24 valeurs residual_load_gw manquantes après réparation (brut=24, max_autorisé=2)",24,24,0,2023-02-18 00:00:00+01:00 | 2023-02-18 01:00:00+01:00 | 2023-02-18 02:00:00+01:00 | 2023-02-18 03:00:00+01:00 | 2023-02-18 04:00:00+01:00 | 2023-02-18 05:00:00+01:00 | 2023-02-18 06:00:00+01:00 | 2023-02-18 07:00:00+01:00 | 2023-02-18 08:00:00+01:00 | 2023-02-18 09:00:00+01:00 | 2023-02-18 10:00:00+01:00 | 2023-02-18 11:00:00+01:00 | 2023-02-18 12:00:00+01:00 | 2023-02-18 13:00:00+01:00 | 2023-02-18 14:00:00+01:00 | 2023-02-18 15:00:00+01:00 | 2023-02-18 16:00:00+01:00 | 2023-02-18 17:00:00+01:00 | 2023-02-18 18:00:00+01:00 | 2023-02-18 19:00:00+01:00 | 2023-02-18 20:00:00+01:00 | 2023-02-18 21:00:00+01:00 | 2023-02-18 22:00:00+01:00 | 2023-02-18 23:00:00+01:00,,,,,,,
2023-02-19 00:00:00+01:00,False,MissingInput,"24 valeurs residual_load_gw manquantes après réparation (brut=24, max_autorisé=2)",24,24,0,2023-02-19 00:00:00+01:00 | 2023-02-19 01:00:00+01:00 | 2023-02-19 02:00:00+01:00 | 2023-02-19 03:00:00+01:00 | 2023-02-19 04:00:00+01:00 | 2023-02-19 05:00:00+01:00 | 2023-02-19 06:00:00+01:00 | 2023-02-19 07:00:00+01:00 | 2023-02-19 08:00:00+01:00 | 2023-02-19 09:00:00+01:00 | 2023-02-19 10:00:00+01:00 | 2023-02-19 11:00:00+01:00 | 2023-02-19 12:00:00+01:00 | 2023-02-19 13:00:00+01:00 | 2023-02-19 14:00:00+01:00 | 2023-02-19 15:00:00+01:00 | 2023-02-19 16:00:00+01:00 | 2023-02-19 17:00:00+01:00 | 2023-02-19 18:00:00+01:00 | 2023-02-19 19:00:00+01:00 | 2023-02-19 20:00:00+01:00 | 2023-02-19 21:00:00+01:00 | 2023-02-19 22:00:00+01:00 | 2023-02-19 23:00:00+01:00,,,,,,,
2023-02-20 00:00:00+01:00,False,MissingInput,"24 valeurs residual_load_gw manquantes après réparation (brut=24, max_autorisé=2)",24,24,0,2023-02-20 00:00:00+01:00 | 2023-02-20 01:00:00+01:00 | 2023-02-20 02:00:00+01:00 | 2023-02-20 03:00:00+01:00 | 2023-02-20 04:00:00+01:00 | 2023-02-20 05:00:00+01:00 | 2023-02-20 06:00:00+01:00 | 2023-02-20 07:00:00+01:00 | 2023-02-20 08:00:00+01:00 | 2023-02-20 09:00:00+01:00 | 2023-02-20 10:00:00+01:00 | 2023-02-20 11:00:00+01:00 | 2023-02-20 12:00:00+01:00 | 2023-02-20 13:00:00+01:00 | 2023-02-20 14:00:00+01:00 | 2023-02-20 15:00:00+01:00 | 2023-02-20 16:00:00+01:00 | 2023-02-20 17:00:00+01:00 | 2023-02-20 18:00:00+01:00 | 2023-02-20 19:00:00+01:00 | 2023-02-20 20:00:00+01:00 | 2023-02-20 21:00:00+01:00 | 2023-02-20 22:00:00+01:00 | 2023-02-20 23:00:00+01:00,,,,,,,
2023-02-21 00:00:00+01:00,False,MissingInput,"24 valeurs residual_load_gw manquantes après réparation (brut=24, max_autorisé=2)",24,24,0,2023-02-21 00:00:00+01:00 | 2023-02-21 01:00:00+01:00 | 2023-02-21 02:00:00+01:00 | 2023-02-21 03:00:00+01:00 | 2023-02-21 04:00:00+01:00 | 2023-02-21 05:00:00+01:00 | 2023-02-21 06:00:00+01:00 | 2023-02-21 07:00:00+01:00 | 2023-02-21 08:00:00+01:00 | 2023-02-21 09:00:00+01:00 | 2023-02-21 10:00:00+01:00 | 2023-02-21 11:00:00+01:00 | 2023-02-21 12:00:00+01:00 | 2023-02-21 13:00:00+01:00 | 2023-02-21 14:00:00+01:00 | 2023-02-21 15:00:00+01:00 | 2023-02-21 16:00:00+01:00 | 2023-02-21 17:00:00+01:00 | 2023-02-21 18:00:00+01:00 | 2023-02-21 19:00:00+01:00 | 2023-02-21 20:00:00+01:00 | 2023-02-21 21:00:00+01:00 | 2023-02-21 22:00:00+01:00 | 2023-02-21 23:00:00+01:00,,,,,,,
2023-02-22 00:00:00+01:00,False,MissingInput,"24 valeurs residual_load_gw manquantes après réparation (brut=24, max_autorisé=2)",24,24,0,2023-02-22 00:00:00+01:00 | 2023-02-22 01:00:00+01:00 | 2023-02-22 02:00:00+01:00 | 2023-02-22 03:00:00+01:00 | 2023-02-22 04:00:00+01:00 | 2023-02-22 05:00:00+01:00 | 2023-02-22 06:00:00+01:00 | 2023-02-22 07:00:00+01:00 | 2023-02-22 08:00:00+01:00 | 2023-02-22 09:00:00+01:00 | 2023-02-22 10:00:00+01:00 | 2023-02-22 11:00:00+01:00 | 2023-02-22 12:00:00+01:00 | 2023-02-22 13:00:00+01:00 | 2023-02-22 14:00:00+01:00 | 2023-02-22 15:00:00+01:00 | 2023-02-22 16:00:00+01:00 | 2023-02-22 17:00:00+01:00 | 2023-02-22 18:00:00+01:00 | 2023-02-22 19:00:00+01:00 | 2023-02-22 20:00:00+01:00 | 2023-02-22 21:00:00+01:00 | 2023-02-22 22:00:00+01:00 | 2023-02-22 23:00:00+01:00,,,,,,,
2023-02-23 00:00:00+01:00,False,MissingInput,"24 valeurs residual_load_gw manquantes après réparation (brut=24, max_autorisé=2)",24,24,0,2023-02-23 00:00:00+01:00 | 2023-02-23 01:00:00+01:00 | 2023-02-23 02:00:00+01:00 | 2023-02-23 03:00:00+01:00 | 2023-02-23 04:00:00+01:00 | 2023-02-23 05:00:00+01:00 | 2023-02-23 06:00:00+01:00 | 2023-02-23 07:00:00+01:00 | 2023-02-23 08:00:00+01:00 | 2023-02-23 09:00:00+01:00 | 2023-02-23 10:00:00+01:00 | 2023-02-23 11:00:00+01:00 | 2023-02-23 12:00:00+01:00 | 2023-02-23 13:00:00+01:00 | 2023-02-23 14:00:00+01:00 | 2023-02-23 15:00:00+01:00 | 2023-02-23 16:00:00+01:00 | 2023-02-23 17:00:00+01:00 | 2023-02-23 18:00:00+01:00 | 2023-02-23 19:00:00+01:00 | 2023-02-23 20:00:00+01:00 | 2023-02-23 21:00:00+01:00 | 2023-02-23 22:00:00+01:00 | 2023-02-23 23:00:00+01:00,,,,,,,
2023-02-24 00:00:00+01:00,False,MissingInput,"24 valeurs residual_load_gw manquantes après réparation (brut=24, max_autorisé=2)",24,24,0,2023-02-24 00:00:00+01:00 | 2023-02-24 01:00:00+01:00 | 2023-02-24 02:00:00+01:00 | 2023-02-24 03:00:00+01:00 | 2023-02-24 04:00:00+01:00 | 2023-02-24 05:00:00+01:00 | 2023-02-24 06:00:00+01:00 | 2023-02-24 07:00:00+01:00 | 2023-02-24 08:00:00+01:00 | 2023-02-24 09:00:00+01:00 | 2023-02-24 10:00:00+01:00 | 2023-02-24 11:00:00+01:00 | 2023-02-24 12:00:00+01:00 | 2023-02-24 13:00:00+01:00 | 2023-02-24 14:00:00+01:00 | 2023-02-24 15:00:00+01:00 | 2023-02-24 16:00:00+01:00 | 2023-02-24 17:00:00+01:00 | 2023-02-24 18:00:00+01:00 | 2023-02-24 19:00:00+01:00 | 2023-02-24 20:00:00+01:00 | 2023-02-24 21:00:00+01:00 | 2023-02-24 22:00:00+01:00 | 2023-02-24 23:00:00+01:00,,,,,,,
2023-02-25 00:00:00+01:00,False,MissingInput,"24 valeurs residual_load_gw manquantes après réparation (brut=24, max_autorisé=2)",24,24,0,2023-02-25 00:00:00+01:00 | 2023-02-25 01:00:00+01:00 | 2023-02-25 02:00:00+01:00 | 2023-02-25 03:00:00+01:00 | 2023-02-25 04:00:00+01:00 | 2023-02-25 05:00:00+01:00 | 2023-02-25 06:00:00+01:00 | 2023-02-25 07:00:00+01:00 | 2023-02-25 08:00:00+01:00 | 2023-02-25 09:00:00+01:00 | 2023-02-25 10:00:00+01:00 | 2023-02-25 11:00:00+01:00 | 2023-02-25 12:00:00+01:00 | 2023-02-25 13:00:00+01:00 | 2023-02-25 14:00:00+01:00 | 2023-02-25 15:00:00+01:00 | 2023-02-25 16:00:00+01:00 | 2023-02-25 17:00:00+01:00 | 2023-02-25 18:00:00+01:00 | 2023-02-25 19:00:00+01:00 | 2023-02-25 20:00:00+01:00 | 2023-02-25 21:00:00+01:00 | 2023-02-25 22:00:00+01:00 | 2023-02-25 23:00:00+01:00,,,,,,,
2023-02-26 00:00:00+01:00,False,MissingInput,"24 valeurs residual_load_gw manquantes après réparation (brut=24, max_autorisé=2)",24,24,0,2023-02-26 00:00:00+01:00 | 2023-02-26 01:00:00+01:00 | 2023-02-26 02:00:00+01:00 | 2023-02-26 03:00:00+01:00 | 2023-02-26 04:00:00+01:00 | 2023-02-26 05:00:00+01:00 | 2023-02-26 06:00:00+01:00 | 2023-02-26 07:00:00+01:00 | 2023-02-26 08:00:00+01:00 | 2023-02-26 09:00:00+01:00 | 2023-02-26 10:00:00+01:00 | 2023-02-26 11:00:00+01:00 | 2023-02-26 12:00:00+01:00 | 2023-02-26 13:00:00+01:00 | 2023-02-26 14:00:00+01:00 | 2023-02-26 15:00:00+01:00 | 2023-02-26 16:00:00+01:00 | 2023-02-26 17:00:00+01:00 | 2023-02-26 18:00:00+01:00 | 2023-02-26 19:00:00+01:00 | 2023-02-26 20:00:00+01:00 | 2023-02-26 21:00:00+01:00 | 2023-02-26 22:00:00+01:00 | 2023-02-26 23:00:00+01:00,,,,,,,
2023-02-27 00:00:00+01:00,False,MissingInput,"24 valeurs residual_load_gw manquantes après réparation (brut=24, max_autorisé=2)",24,24,0,2023-02-27 00:00:00+01:00 | 2023-02-27 01:00:00+01:00 | 2023-02-27 02:00:00+01:00 | 2023-02-27 03:00:00+01:00 | 2023-02-27 04:00:00+01:00 | 2023-02-27 05:00:00+01:00 | 2023-02-27 06:00:00+01:00 | 2023-02-27 07:00:00+01:00 | 2023-02-27 08:00:00+01:00 | 2023-02-27 09:00:00+01:00 | 2023-02-27 10:00:00+01:00 | 2023-02-27 11:00:00+01:00 | 2023-02-27 12:00:00+01:00 | 2023-02-27 13:00:00+01:00 | 2023-02-27 14:00:00+01:00 | 2023-02-27 15:00:00+01:00 | 2023-02-27 16:00:00+01:00 | 2023-02-27 17:00:00+01:00 | 2023-02-27 18:00:00+01:00 | 2023-02-27 19:00:00+01:00 | 2023-02-27 20:00:00+01:00 | 2023-02-27 21:00:00+01:00 | 2023-02-27 22:00:00+01:00 | 2023-02-27 23:00:00+01:00,,,,,,,
2023-02-28 00:00:00+01:00,False,MissingInput,"24 valeurs residual_load_gw manquantes après réparation (brut=24, max_autorisé=2)",24,24,0,2023-02-28 00:00:00+01:00 | 2023-02-28 01:00:00+01:00 | 2023-02-28 02:00:00+01:00 | 2023-02-28 03:00:00+01:00 | 2023-02-28 04:00:00+01:00 | 2023-02-28 05:00:00+01:00 | 2023-02-28 06:00:00+01:00 | 2023-02-28 07:00:00+01:00 | 2023-02-28 08:00:00+01:00 | 2023-02-28 09:00:00+01:00 | 2023-02-28 10:00:00+01:00 | 2023-02-28 11:00:00+01:00 | 2023-02-28 12:00:00+01:00 | 2023-02-28 13:00:00+01:00 | 2023-02-28 14:00:00+01:00 | 2023-02-28 15:00:00+01:00 | 2023-02-28 16:00:00+01:00 | 2023-02-28 17:00:00+01:00 | 2023-02-28 18:00:00+01:00 | 2023-02-28 19:00:00+01:00 | 2023-02-28 20:00:00+01:00 | 2023-02-28 21:00:00+01:00 | 2023-02-28 22:00:00+01:00 | 2023-02-28 23:00:00+01:00,,,,,,,
2023-03-01 00:00:00+01:00,False,MissingInput,"24 valeurs residual_load_gw manquantes après réparation (brut=24, max_autorisé=2)",24,24,0,2023-03-01 00:00:00+01:00 | 2023-03-01 01:00:00+01:00 | 2023-03-01 02:00:00+01:00 | 2023-03-01 03:00:00+01:00 | 2023-03-01 04:00:00+01:00 | 2023-03-01 05:00:00+01:00 | 2023-03-01 06:00:00+01:00 | 2023-03-01 07:00:00+01:00 | 2023-03-01 08:00:00+01:00 | 2023-03-01 09:00:00+01:00 | 2023-03-01 10:00:00+01:00 | 2023-03-01 11:00:00+01:00 | 2023-03-01 12:00:00+01:00 | 2023-03-01 13:00:00+01:00 | 2023-03-01 14:00:00+01:00 | 2023-03-01 15:00:00+01:00 | 2023-03-01 16:00:00+01:00 | 2023-03-01 17:00:00+01:00 | 2023-03-01 18:00:00+01:00 | 2023-03-01 19:00:00+01:00 | 2023-03-01 20:00:00+01:00 | 2023-03-01 21:00:00+01:00 | 2023-03-01 22:00:00+01:00 | 2023-03-01 23:00:00+01:00,,,,,,,
2023-03-02 00:00:00+01:00,False,MissingInput,"24 valeurs residual_load_gw manquantes après réparation (brut=24, max_autorisé=2)",24,24,0,2023-03-02 00:00:00+01:00 | 2023-03-02 01:00:00+01:00 | 2023-03-02 02:00:00+01:00 | 2023-03-02 03:00:00+01:00 | 2023-03-02 04:00:00+01:00 | 2023-03-02 05:00:00+01:00 | 2023-03-02 06:00:00+01:00 | 2023-03-02 07:00:00+01:00 | 2023-03-02 08:00:00+01:00 | 2023-03-02 09:00:00+01:00 | 2023-03-02 10:00:00+01:00 | 2023-03-02 11:00:00+01:00 | 2023-03-02 12:00:00+01:00 | 2023-03-02 13:00:00+01:00 | 2023-03-02 14:00:00+01:00 | 2023-03-02 15:00:00+01:00 | 2023-03-02 16:00:00+01:00 | 2023-03-02 17:00:00+01:00 | 2023-03-02 18:00:00+01:00 | 2023-03-02 19:00:00+01:00 | 2023-03-02 20:00:00+01:00 | 2023-03-02 21:00:00+01:00 | 2023-03-02 22:00:00+01:00 | 2023-03-02 23:00:00+01:00,,,,,,,
2023-03-03 00:00:00+01:00,False,MissingInput,"24 valeurs residual_load_gw manquantes après réparation (brut=24, max_autorisé=2)",24,24,0,2023-03-03 00:00:00+01:00 | 2023-03-03 01:00:00+01:00 | 2023-03-03 02:00:00+01:00 | 2023-03-03 03:00:00+01:00 | 2023-03-03 04:00:00+01:00 | 2023-03-03 05:00:00+01:00 | 2023-03-03 06:00:00+01:00 | 2023-03-03 07:00:00+01:00 | 2023-03-03 08:00:00+01:00 | 2023-03-03 09:00:00+01:00 | 2023-03-03 10:00:00+01:00 | 2023-03-03 11:00:00+01:00 | 2023-03-03 12:00:00+01:00 | 2023-03-03 13:00:00+01:00 | 2023-03-03 14:00:00+01:00 | 2023-03-03 15:00:00+01:00 | 2023-03-03 16:00:00+01:00 | 2023-03-03 17:00:00+01:00 | 2023-03-03 18:00:00+01:00 | 2023-03-03 19:00:00+01:00 | 2023-03-03 20:00:00+01:00 | 2023-03-03 21:00:00+01:00 | 2023-03-03 22:00:00+01:00 | 2023-03-03 23:00:00+01:00,,,,,,,
2023-03-04 00:00:00+01:00,False,MissingInput,"24 valeurs residual_load_gw manquantes après réparation (brut=24, max_autorisé=2)",24,24,0,2023-03-04 00:00:00+01:00 | 2023-03-04 01:00:00+01:00 | 2023-03-04 02:00:00+01:00 | 2023-03-04 03:00:00+01:00 | 2023-03-04 04:00:00+01:00 | 2023-03-04 05:00:00+01:00 | 2023-03-04 06:00:00+01:00 | 2023-03-04 07:00:00+01:00 | 2023-03-04 08:00:00+01:00 | 2023-03-04 09:00:00+01:00 | 2023-03-04 10:00:00+01:00 | 2023-03-04 11:00:00+01:00 | 2023-03-04 12:00:00+01:00 | 2023-03-04 13:00:00+01:00 | 2023-03-04 14:00:00+01:00 | 2023-03-04 15:00:00+01:00 | 2023-03-04 16:00:00+01:00 | 2023-03-04 17:00:00+01:00 | 2023-03-04 18:00:00+01:00 | 2023-03-04 19:00:00+01:00 | 2023-03-04 20:00:00+01:00 | 2023-03-04 21:00:00+01:00 | 2023-03-04 22:00:00+01:00 | 2023-03-04 23:00:00+01:00,,,,,,,
2023-03-05 00:00:00+01:00,False,MissingInput,"24 valeurs residual_load_gw manquantes après réparation (brut=24, max_autorisé=2)",24,24,0,2023-03-05 00:00:00+01:00 | 2023-03-05 01:00:00+01:00 | 2023-03-05 02:00:00+01:00 | 2023-03-05 03:00:00+01:00 | 2023-03-05 04:00:00+01:00 | 2023-03-05 05:00:00+01:00 | 2023-03-05 06:00:00+01:00 | 2023-03-05 07:00:00+01:00 | 2023-03-05 08:00:00+01:00 | 2023-03-05 09:00:00+01:00 | 2023-03-05 10:00:00+01:00 | 2023-03-05 11:00:00+01:00 | 2023-03-05 12:00:00+01:00 | 2023-03-05 13:00:00+01:00 | 2023-03-05 14:00:00+01:00 | 2023-03-05 15:00:00+01:00 | 2023-03-05 16:00:00+01:00 | 2023-03-05 17:00:00+01:00 | 2023-03-05 18:00:00+01:00 | 2023-03-05 19:00:00+01:00 | 2023-03-05 20:00:00+01:00 | 2023-03-05 21:00:00+01:00 | 2023-03-05 22:00:00+01:00 | 2023-03-05 23:00:00+01:00,,,,,,,
2023-03-06 00:00:00+01:00,False,MissingInput,"24 valeurs residual_load_gw manquantes après réparation (brut=24, max_autorisé=2)",24,24,0,2023-03-06 00:00:00+01:00 | 2023-03-06 01:00:00+01:00 | 2023-03-06 02:00:00+01:00 | 2023-03-06 03:00:00+01:00 | 2023-03-06 04:00:00+01:00 | 2023-03-06 05:00:00+01:00 | 2023-03-06 06:00:00+01:00 | 2023-03-06 07:00:00+01:00 | 2023-03-06 08:00:00+01:00 | 2023-03-06 09:00:00+01:00 | 2023-03-06 10:00:00+01:00 | 2023-03-06 11:00:00+01:00 | 2023-03-06 12:00:00+01:00 | 2023-03-06 13:00:00+01:00 | 2023-03-06 14:00:00+01:00 | 2023-03-06 15:00:00+01:00 | 2023-03-06 16:00:00+01:00 | 2023-03-06 17:00:00+01:00 | 2023-03-06 18:00:00+01:00 | 2023-03-06 19:00:00+01:00 | 2023-03-06 20:00:00+01:00 | 2023-03-06 21:00:00+01:00 | 2023-03-06 22:00:00+01:00 | 2023-03-06 23:00:00+01:00,,,,,,,
2023-03-07 00:00:00+01:00,False,MissingInput,"24 valeurs residual_load_gw manquantes après réparation (brut=24, max_autorisé=2)",24,24,0,2023-03-07 00:00:00+01:00 | 2023-03-07 01:00:00+01:00 | 2023-03-07 02:00:00+01:00 | 2023-03-07 03:00:00+01:00 | 2023-03-07 04:00:00+01:00 | 2023-03-07 05:00:00+01:00 | 2023-03-07 06:00:00+01:00 | 2023-03-07 07:00:00+01:00 | 2023-03-07 08:00:00+01:00 | 2023-03-07 09:00:00+01:00 | 2023-03-07 10:00:00+01:00 | 2023-03-07 11:00:00+01:00 | 2023-03-07 12:00:00+01:00 | 2023-03-07 13:00:00+01:00 | 2023-03-07 14:00:00+01:00 | 2023-03-07 15:00:00+01:00 | 2023-03-07 16:00:00+01:00 | 2023-03-07 17:00:00+01:00 | 2023-03-07 18:00:00+01:00 | 2023-03-07 19:00:00+01:00 | 2023-03-07 20:00:00+01:00 | 2023-03-07 21:00:00+01:00 | 2023-03-07 22:00:00+01:00 | 2023-03-07 23:00:00+01:00,,,,,,,
2023-03-08 00:00:00+01:00,False,MissingInput,"24 valeurs residual_load_gw manquantes après réparation (brut=24, max_autorisé=2)",24,24,0,2023-03-08 00:00:00+01:00 | 2023-03-08 01:00:00+01:00 | 2023-03-08 02:00:00+01:00 | 2023-03-08 03:00:00+01:00 | 2023-03-08 04:00:00+01:00 | 2023-03-08 05:00:00+01:00 | 2023-03-08 06:00:00+01:00 | 2023-03-08 07:00:00+01:00 | 2023-03-08 08:00:00+01:00 | 2023-03-08 09:00:00+01:00 | 2023-03-08 10:00:00+01:00 | 2023-03-08 11:00:00+01:00 | 2023-03-08 12:00:00+01:00 | 2023-03-08 13:00:00+01:00 | 2023-03-08 14:00:00+01:00 | 2023-03-08 15:00:00+01:00 | 2023-03-08 16:00:00+01:00 | 2023-03-08 17:00:00+01:00 | 2023-03-08 18:00:00+01:00 | 2023-03-08 19:00:00+01:00 | 2023-03-08 20:00:00+01:00 | 2023-03-08 21:00:00+01:00 | 2023-03-08 22:00:00+01:00 | 2023-03-08 23:00:00+01:00,,,,,,,
2023-03-09 00:00:00+01:00,False,MissingInput,"24 valeurs residual_load_gw manquantes après réparation (brut=24, max_autorisé=2)",24,24,0,2023-03-09 00:00:00+01:00 | 2023-03-09 01:00:00+01:00 | 2023-03-09 02:00:00+01:00 | 2023-03-09 03:00:00+01:00 | 2023-03-09 04:00:00+01:00 | 2023-03-09 05:00:00+01:00 | 2023-03-09 06:00:00+01:00 | 2023-03-09 07:00:00+01:00 | 2023-03-09 08:00:00+01:00 | 2023-03-09 09:00:00+01:00 | 2023-03-09 10:00:00+01:00 | 2023-03-09 11:00:00+01:00 | 2023-03-09 12:00:00+01:00 | 2023-03-09 13:00:00+01:00 | 2023-03-09 14:00:00+01:00 | 2023-03-09 15:00:00+01:00 | 2023-03-09 16:00:00+01:00 | 2023-03-09 17:00:00+01:00 | 2023-03-09 18:00:00+01:00 | 2023-03-09 19:00:00+01:00 | 2023-03-09 20:00:00+01:00 | 2023-03-09 21:00:00+01:00 | 2023-03-09 22:00:00+01:00 | 2023-03-09 23:00:00+01:00,,,,,,,
2023-03-10 00:00:00+01:00,False,MissingInput,"24 valeurs residual_load_gw manquantes après réparation (brut=24, max_autorisé=2)",24,24,0,2023-03-10 00:00:00+01:00 | 2023-03-10 01:00:00+01:00 | 2023-03-10 02:00:00+01:00 | 2023-03-10 03:00:00+01:00 | 2023-03-10 04:00:00+01:00 | 2023-03-10 05:00:00+01:00 | 2023-03-10 06:00:00+01:00 | 2023-03-10 07:00:00+01:00 | 2023-03-10 08:00:00+01:00 | 2023-03-10 09:00:00+01:00 | 2023-03-10 10:00:00+01:00 | 2023-03-10 11:00:00+01:00 | 2023-03-10 12:00:00+01:00 | 2023-03-10 13:00:00+01:00 | 2023-03-10 14:00:00+01:00 | 2023-03-10 15:00:00+01:00 | 2023-03-10 16:00:00+01:00 | 2023-03-10 17:00:00+01:00 | 2023-03-10 18:00:00+01:00 | 2023-03-10 19:00:00+01:00 | 2023-03-10 20:00:00+01:00 | 2023-03-10 21:00:00+01:00 | 2023-03-10 22:00:00+01:00 | 2023-03-10 23:00:00+01:00,,,,,,,
2023-03-11 00:00:00+01:00,False,MissingInput,"24 valeurs residual_load_gw manquantes après réparation (brut=24, max_autorisé=2)",24,24,0,2023-03-11 00:00:00+01:00 | 2023-03-11 01:00:00+01:00 | 2023-03-11 02:00:00+01:00 | 2023-03-11 03:00:00+01:00 | 2023-03-11 04:00:00+01:00 | 2023-03-11 05:00:00+01:00 | 2023-03-11 06:00:00+01:00 | 2023-03-11 07:00:00+01:00 | 2023-03-11 08:00:00+01:00 | 2023-03-11 09:00:00+01:00 | 2023-03-11 10:00:00+01:00 | 2023-03-11 11:00:00+01:00 | 2023-03-11 12:00:00+01:00 | 2023-03-11 13:00:00+01:00 | 2023-03-11 14:00:00+01:00 | 2023-03-11 15:00:00+01:00 | 2023-03-11 16:00:00+01:00 | 2023-03-11 17:00:00+01:00 | 2023-03-11 18:00:00+01:00 | 2023-03-11 19:00:00+01:00 | 2023-03-11 20:00:00+01:00 | 2023-03-11 21:00:00+01:00 | 2023-03-11 22:00:00+01:00 | 2023-03-11 23:00:00+01:00,,,,,,,
2023-03-12 00:00:00+01:00,False,MissingInput,"24 valeurs residual_load_gw manquantes après réparation (brut=24, max_autorisé=2)",24,24,0,2023-03-12 00:00:00+01:00 | 2023-03-12 01:00:00+01:00 | 2023-03-12 02:00:00+01:00 | 2023-03-12 03:00:00+01:00 | 2023-03-12 04:00:00+01:00 | 2023-03-12 05:00:00+01:00 | 2023-03-12 06:00:00+01:00 | 2023-03-12 07:00:00+01:00 | 2023-03-12 08:00:00+01:00 | 2023-03-12 09:00:00+01:00 | 2023-03-12 10:00:00+01:00 | 2023-03-12 11:00:00+01:00 | 2023-03-12 12:00:00+01:00 | 2023-03-12 13:00:00+01:00 | 2023-03-12 14:00:00+01:00 | 2023-03-12 15:00:00+01:00 | 2023-03-12 16:00:00+01:00 | 2023-03-12 17:00:00+01:00 | 2023-03-12 18:00:00+01:00 | 2023-03-12 19:00:00+01:00 | 2023-03-12 20:00:00+01:00 | 2023-03-12 21:00:00+01:00 | 2023-03-12 22:00:00+01:00 | 2023-03-12 23:00:00+01:00,,,,,,,
2023-03-13 00:00:00+01:00,False,MissingInput,"24 valeurs residual_load_gw manquantes après réparation (brut=24, max_autorisé=2)",24,24,0,2023-03-13 00:00:00+01:00 | 2023-03-13 01:00:00+01:00 | 2023-03-13 02:00:00+01:00 | 2023-03-13 03:00:00+01:00 | 2023-03-13 04:00:00+01:00 | 2023-03-13 05:00:00+01:00 | 2023-03-13 06:00:00+01:00 | 2023-03-13 07:00:00+01:00 | 2023-03-13 08:00:00+01:00 | 2023-03-13 09:00:00+01:00 | 2023-03-13 10:00:00+01:00 | 2023-03-13 11:00:00+01:00 | 2023-03-13 12:00:00+01:00 | 2023-03-13 13:00:00+01:00 | 2023-03-13 14:00:00+01:00 | 2023-03-13 15:00:00+01:00 | 2023-03-13 16:00:00+01:00 | 2023-03-13 17:00:00+01:00 | 2023-03-13 18:00:00+01:00 | 2023-03-13 19:00:00+01:00 | 2023-03-13 20:00:00+01:00 | 2023-03-13 21:00:00+01:00 | 2023-03-13 22:00:00+01:00 | 2023-03-13 23:00:00+01:00,,,,,,,
2023-03-14 00:00:00+01:00,False,MissingInput,"24 valeurs residual_load_gw manquantes après réparation (brut=24, max_autorisé=2)",24,24,0,2023-03-14 00:00:00+01:00 | 2023-03-14 01:00:00+01:00 | 2023-03-14 02:00:00+01:00 | 2023-03-14 03:00:00+01:00 | 2023-03-14 04:00:00+01:00 | 2023-03-14 05:00:00+01:00 | 2023-03-14 06:00:00+01:00 | 2023-03-14 07:00:00+01:00 | 2023-03-14 08:00:00+01:00 | 2023-03-14 09:00:00+01:00 | 2023-03-14 10:00:00+01:00 | 2023-03-14 11:00:00+01:00 | 2023-03-14 12:00:00+01:00 | 2023-03-14 13:00:00+01:00 | 2023-03-14 14:00:00+01:00 | 2023-03-14 15:00:00+01:00 | 2023-03-14 16:00:00+01:00 | 2023-03-14 17:00:00+01:00 | 2023-03-14 18:00:00+01:00 | 2023-03-14 19:00:00+01:00 | 2023-03-14 20:00:00+01:00 | 2023-03-14 21:00:00+01:00 | 2023-03-14 22:00:00+01:00 | 2023-03-14 23:00:00+01:00,,,,,,,
2023-03-15 00:00:00+01:00,False,MissingInput,"24 valeurs residual_load_gw manquantes après réparation (brut=24, max_autorisé=2)",24,24,0,2023-03-15 00:00:00+01:00 | 2023-03-15 01:00:00+01:00 | 2023-03-15 02:00:00+01:00 | 2023-03-15 03:00:00+01:00 | 2023-03-15 04:00:00+01:00 | 2023-03-15 05:00:00+01:00 | 2023-03-15 06:00:00+01:00 | 2023-03-15 07:00:00+01:00 | 2023-03-15 08:00:00+01:00 | 2023-03-15 09:00:00+01:00 | 2023-03-15 10:00:00+01:00 | 2023-03-15 11:00:00+01:00 | 2023-03-15 12:00:00+01:00 | 2023-03-15 13:00:00+01:00 | 2023-03-15 14:00:00+01:00 | 2023-03-15 15:00:00+01:00 | 2023-03-15 16:00:00+01:00 | 2023-03-15 17:00:00+01:00 | 2023-03-15 18:00:00+01:00 | 2023-03-15 19:00:00+01:00 | 2023-03-15 20:00:00+01:00 | 2023-03-15 21:00:00+01:00 | 2023-03-15 22:00:00+01:00 | 2023-03-15 23:00:00+01:00,,,,,,,
2023-03-16 00:00:00+01:00,False,MissingInput,"24 valeurs residual_load_gw manquantes après réparation (brut=24, max_autorisé=2)",24,24,0,2023-03-16 00:00:00+01:00 | 2023-03-16 01:00:00+01:00 | 2023-03-16 02:00:00+01:00 | 2023-03-16 03:00:00+01:00 | 2023-03-16 04:00:00+01:00 | 2023-03-16 05:00:00+01:00 | 2023-03-16 06:00:00+01:00 | 2023-03-16 07:00:00+01:00 | 2023-03-16 08:00:00+01:00 | 2023-03-16 09:00:00+01:00 | 2023-03-16 10:00:00+01:00 | 2023-03-16 11:00:00+01:00 | 2023-03-16 12:00:00+01:00 | 2023-03-16 13:00:00+01:00 | 2023-03-16 14:00:00+01:00 | 2023-03-16 15:00:00+01:00 | 2023-03-16 16:00:00+01:00 | 2023-03-16 17:00:00+01:00 | 2023-03-16 18:00:00+01:00 | 2023-03-16 19:00:00+01:00 | 2023-03-16 20:00:00+01:00 | 2023-03-16 21:00:00+01:00 | 2023-03-16 22:00:00+01:00 | 2023-03-16 23:00:00+01:00,,,,,,,
2023-03-17 00:00:00+01:00,False,MissingInput,"24 valeurs residual_load_gw manquantes après réparation (brut=24, max_autorisé=2)",24,24,0,2023-03-17 00:00:00+01:00 | 2023-03-17 01:00:00+01:00 | 2023-03-17 02:00:00+01:00 | 2023-03-17 03:00:00+01:00 | 2023-03-17 04:00:00+01:00 | 2023-03-17 05:00:00+01:00 | 2023-03-17 06:00:00+01:00 | 2023-03-17 07:00:00+01:00 | 2023-03-17 08:00:00+01:00 | 2023-03-17 09:00:00+01:00 | 2023-03-17 10:00:00+01:00 | 2023-03-17 11:00:00+01:00 | 2023-03-17 12:00:00+01:00 | 2023-03-17 13:00:00+01:00 | 2023-03-17 14:00:00+01:00 | 2023-03-17 15:00:00+01:00 | 2023-03-17 16:00:00+01:00 | 2023-03-17 17:00:00+01:00 | 2023-03-17 18:00:00+01:00 | 2023-03-17 19:00:00+01:00 | 2023-03-17 20:00:00+01:00 | 2023-03-17 21:00:00+01:00 | 2023-03-17 22:00:00+01:00 | 2023-03-17 23:00:00+01:00,,,,,,,
2023-03-18 00:00:00+01:00,False,MissingInput,"24 valeurs residual_load_gw manquantes après réparation (brut=24, max_autorisé=2)",24,24,0,2023-03-18 00:00:00+01:00 | 2023-03-18 01:00:00+01:00 | 2023-03-18 02:00:00+01:00 | 2023-03-18 03:00:00+01:00 | 2023-03-18 04:00:00+01:00 | 2023-03-18 05:00:00+01:00 | 2023-03-18 06:00:00+01:00 | 2023-03-18 07:00:00+01:00 | 2023-03-18 08:00:00+01:00 | 2023-03-18 09:00:00+01:00 | 2023-03-18 10:00:00+01:00 | 2023-03-18 11:00:00+01:00 | 2023-03-18 12:00:00+01:00 | 2023-03-18 13:00:00+01:00 | 2023-03-18 14:00:00+01:00 | 2023-03-18 15:00:00+01:00 | 2023-03-18 16:00:00+01:00 | 2023-03-18 17:00:00+01:00 | 2023-03-18 18:00:00+01:00 | 2023-03-18 19:00:00+01:00 | 2023-03-18 20:00:00+01:00 | 2023-03-18 21:00:00+01:00 | 2023-03-18 22:00:00+01:00 | 2023-03-18 23:00:00+01:00,,,,,,,
2023-03-19 00:00:00+01:00,False,MissingInput,"24 valeurs residual_load_gw manquantes après réparation (brut=24, max_autorisé=2)",24,24,0,2023-03-19 00:00:00+01:00 | 2023-03-19 01:00:00+01:00 | 2023-03-19 02:00:00+01:00 | 2023-03-19 03:00:00+01:00 | 2023-03-19 04:00:00+01:00 | 2023-03-19 05:00:00+01:00 | 2023-03-19 06:00:00+01:00 | 2023-03-19 07:00:00+01:00 | 2023-03-19 08:00:00+01:00 | 2023-03-19 09:00:00+01:00 | 2023-03-19 10:00:00+01:00 | 2023-03-19 11:00:00+01:00 | 2023-03-19 12:00:00+01:00 | 2023-03-19 13:00:00+01:00 | 2023-03-19 14:00:00+01:00 | 2023-03-19 15:00:00+01:00 | 2023-03-19 16:00:00+01:00 | 2023-03-19 17:00:00+01:00 | 2023-03-19 18:00:00+01:00 | 2023-03-19 19:00:00+01:00 | 2023-03-19 20:00:00+01:00 | 2023-03-19 21:00:00+01:00 | 2023-03-19 22:00:00+01:00 | 2023-03-19 23:00:00+01:00,,,,,,,
2023-03-20 00:00:00+01:00,False,MissingInput,"24 valeurs residual_load_gw manquantes après réparation (brut=24, max_autorisé=2)",24,24,0,2023-03-20 00:00:00+01:00 | 2023-03-20 01:00:00+01:00 | 2023-03-20 02:00:00+01:00 | 2023-03-20 03:00:00+01:00 | 2023-03-20 04:00:00+01:00 | 2023-03-20 05:00:00+01:00 | 2023-03-20 06:00:00+01:00 | 2023-03-20 07:00:00+01:00 | 2023-03-20 08:00:00+01:00 | 2023-03-20 09:00:00+01:00 | 2023-03-20 10:00:00+01:00 | 2023-03-20 11:00:00+01:00 | 2023-03-20 12:00:00+01:00 | 2023-03-20 13:00:00+01:00 | 2023-03-20 14:00:00+01:00 | 2023-03-20 15:00:00+01:00 | 2023-03-20 16:00:00+01:00 | 2023-03-20 17:00:00+01:00 | 2023-03-20 18:00:00+01:00 | 2023-03-20 19:00:00+01:00 | 2023-03-20 20:00:00+01:00 | 2023-03-20 21:00:00+01:00 | 2023-03-20 22:00:00+01:00 | 2023-03-20 23:00:00+01:00,,,,,,,
2023-03-21 00:00:00+01:00,False,MissingInput,"24 valeurs residual_load_gw manquantes après réparation (brut=24, max_autorisé=2)",24,24,0,2023-03-21 00:00:00+01:00 | 2023-03-21 01:00:00+01:00 | 2023-03-21 02:00:00+01:00 | 2023-03-21 03:00:00+01:00 | 2023-03-21 04:00:00+01:00 | 2023-03-21 05:00:00+01:00 | 2023-03-21 06:00:00+01:00 | 2023-03-21 07:00:00+01:00 | 2023-03-21 08:00:00+01:00 | 2023-03-21 09:00:00+01:00 | 2023-03-21 10:00:00+01:00 | 2023-03-21 11:00:00+01:00 | 2023-03-21 12:00:00+01:00 | 2023-03-21 13:00:00+01:00 | 2023-03-21 14:00:00+01:00 | 2023-03-21 15:00:00+01:00 | 2023-03-21 16:00:00+01:00 | 2023-03-21 17:00:00+01:00 | 2023-03-21 18:00:00+01:00 | 2023-03-21 19:00:00+01:00 | 2023-03-21 20:00:00+01:00 | 2023-03-21 21:00:00+01:00 | 2023-03-21 22:00:00+01:00 | 2023-03-21 23:00:00+01:00,,,,,,,
2023-03-22 00:00:00+01:00,False,MissingInput,"24 valeurs residual_load_gw manquantes après réparation (brut=24, max_autorisé=2)",24,24,0,2023-03-22 00:00:00+01:00 | 2023-03-22 01:00:00+01:00 | 2023-03-22 02:00:00+01:00 | 2023-03-22 03:00:00+01:00 | 2023-03-22 04:00:00+01:00 | 2023-03-22 05:00:00+01:00 | 2023-03-22 06:00:00+01:00 | 2023-03-22 07:00:00+01:00 | 2023-03-22 08:00:00+01:00 | 2023-03-22 09:00:00+01:00 | 2023-03-22 10:00:00+01:00 | 2023-03-22 11:00:00+01:00 | 2023-03-22 12:00:00+01:00 | 2023-03-22 13:00:00+01:00 | 2023-03-22 14:00:00+01:00 | 2023-03-22 15:00:00+01:00 | 2023-03-22 16:00:00+01:00 | 2023-03-22 17:00:00+01:00 | 2023-03-22 18:00:00+01:00 | 2023-03-22 19:00:00+01:00 | 2023-03-22 20:00:00+01:00 | 2023-03-22 21:00:00+01:00 | 2023-03-22 22:00:00+01:00 | 2023-03-22 23:00:00+01:00,,,,,,,
2023-03-23 00:00:00+01:00,False,MissingInput,"24 valeurs residual_load_gw manquantes après réparation (brut=24, max_autorisé=2)",24,24,0,2023-03-23 00:00:00+01:00 | 2023-03-23 01:00:00+01:00 | 2023-03-23 02:00:00+01:00 | 2023-03-23 03:00:00+01:00 | 2023-03-23 04:00:00+01:00 | 2023-03-23 05:00:00+01:00 | 2023-03-23 06:00:00+01:00 | 2023-03-23 07:00:00+01:00 | 2023-03-23 08:00:00+01:00 | 2023-03-23 09:00:00+01:00 | 2023-03-23 10:00:00+01:00 | 2023-03-23 11:00:00+01:00 | 2023-03-23 12:00:00+01:00 | 2023-03-23 13:00:00+01:00 | 2023-03-23 14:00:00+01:00 | 2023-03-23 15:00:00+01:00 | 2023-03-23 16:00:00+01:00 | 2023-03-23 17:00:00+01:00 | 2023-03-23 18:00:00+01:00 | 2023-03-23 19:00:00+01:00 | 2023-03-23 20:00:00+01:00 | 2023-03-23 21:00:00+01:00 | 2023-03-23 22:00:00+01:00 | 2023-03-23 23:00:00+01:00,,,,,,,
2023-03-24 00:00:00+01:00,False,MissingInput,"24 valeurs residual_load_gw manquantes après réparation (brut=24, max_autorisé=2)",24,24,0,2023-03-24 00:00:00+01:00 | 2023-03-24 01:00:00+01:00 | 2023-03-24 02:00:00+01:00 | 2023-03-24 03:00:00+01:00 | 2023-03-24 04:00:00+01:00 | 2023-03-24 05:00:00+01:00 | 2023-03-24 06:00:00+01:00 | 2023-03-24 07:00:00+01:00 | 2023-03-24 08:00:00+01:00 | 2023-03-24 09:00:00+01:00 | 2023-03-24 10:00:00+01:00 | 2023-03-24 11:00:00+01:00 | 2023-03-24 12:00:00+01:00 | 2023-03-24 13:00:00+01:00 | 2023-03-24 14:00:00+01:00 | 2023-03-24 15:00:00+01:00 | 2023-03-24 16:00:00+01:00 | 2023-03-24 17:00:00+01:00 | 2023-03-24 18:00:00+01:00 | 2023-03-24 19:00:00+01:00 | 2023-03-24 20:00:00+01:00 | 2023-03-24 21:00:00+01:00 | 2023-03-24 22:00:00+01:00 | 2023-03-24 23:00:00+01:00,,,,,,,
2023-03-25 00:00:00+01:00,False,MissingInput,"24 valeurs residual_load_gw manquantes après réparation (brut=24, max_autorisé=2)",24,24,0,2023-03-25 00:00:00+01:00 | 2023-03-25 01:00:00+01:00 | 2023-03-25 02:00:00+01:00 | 2023-03-25 03:00:00+01:00 | 2023-03-25 04:00:00+01:00 | 2023-03-25 05:00:00+01:00 | 2023-03-25 06:00:00+01:00 | 2023-03-25 07:00:00+01:00 | 2023-03-25 08:00:00+01:00 | 2023-03-25 09:00:00+01:00 | 2023-03-25 10:00:00+01:00 | 2023-03-25 11:00:00+01:00 | 2023-03-25 12:00:00+01:00 | 2023-03-25 13:00:00+01:00 | 2023-03-25 14:00:00+01:00 | 2023-03-25 15:00:00+01:00 | 2023-03-25 16:00:00+01:00 | 2023-03-25 17:00:00+01:00 | 2023-03-25 18:00:00+01:00 | 2023-03-25 19:00:00+01:00 | 2023-03-25 20:00:00+01:00 | 2023-03-25 21:00:00+01:00 | 2023-03-25 22:00:00+01:00 | 2023-03-25 23:00:00+01:00,,,,,,,
2023-03-26 00:00:00+01:00,False,MissingInput,"23 valeurs residual_load_gw manquantes après réparation (brut=23, max_autorisé=2)",23,23,0,2023-03-26 00:00:00+01:00 | 2023-03-26 01:00:00+01:00 | 2023-03-26 03:00:00+02:00 | 2023-03-26 04:00:00+02:00 | 2023-03-26 05:00:00+02:00 | 2023-03-26 06:00:00+02:00 | 2023-03-26 07:00:00+02:00 | 2023-03-26 08:00:00+02:00 | 2023-03-26 09:00:00+02:00 | 2023-03-26 10:00:00+02:00 | 2023-03-26 11:00:00+02:00 | 2023-03-26 12:00:00+02:00 | 2023-03-26 13:00:00+02:00 | 2023-03-26 14:00:00+02:00 | 2023-03-26 15:00:00+02:00 | 2023-03-26 16:00:00+02:00 | 2023-03-26 17:00:00+02:00 | 2023-03-26 18:00:00+02:00 | 2023-03-26 19:00:00+02:00 | 2023-03-26 20:00:00+02:00 | 2023-03-26 21:00:00+02:00 | 2023-03-26 22:00:00+02:00 | 2023-03-26 23:00:00+02:00,,,,,,,
2023-03-27 00:00:00+02:00,False,MissingInput,"24 valeurs residual_load_gw manquantes après réparation (brut=24, max_autorisé=2)",24,24,0,2023-03-27 00:00:00+02:00 | 2023-03-27 01:00:00+02:00 | 2023-03-27 02:00:00+02:00 | 2023-03-27 03:00:00+02:00 | 2023-03-27 04:00:00+02:00 | 2023-03-27 05:00:00+02:00 | 2023-03-27 06:00:00+02:00 | 2023-03-27 07:00:00+02:00 | 2023-03-27 08:00:00+02:00 | 2023-03-27 09:00:00+02:00 | 2023-03-27 10:00:00+02:00 | 2023-03-27 11:00:00+02:00 | 2023-03-27 12:00:00+02:00 | 2023-03-27 13:00:00+02:00 | 2023-03-27 14:00:00+02:00 | 2023-03-27 15:00:00+02:00 | 2023-03-27 16:00:00+02:00 | 2023-03-27 17:00:00+02:00 | 2023-03-27 18:00:00+02:00 | 2023-03-27 19:00:00+02:00 | 2023-03-27 20:00:00+02:00 | 2023-03-27 21:00:00+02:00 | 2023-03-27 22:00:00+02:00 | 2023-03-27 23:00:00+02:00,,,,,,,
2023-03-28 00:00:00+02:00,False,MissingInput,"24 valeurs residual_load_gw manquantes après réparation (brut=24, max_autorisé=2)",24,24,0,2023-03-28 00:00:00+02:00 | 2023-03-28 01:00:00+02:00 | 2023-03-28 02:00:00+02:00 | 2023-03-28 03:00:00+02:00 | 2023-03-28 04:00:00+02:00 | 2023-03-28 05:00:00+02:00 | 2023-03-28 06:00:00+02:00 | 2023-03-28 07:00:00+02:00 | 2023-03-28 08:00:00+02:00 | 2023-03-28 09:00:00+02:00 | 2023-03-28 10:00:00+02:00 | 2023-03-28 11:00:00+02:00 | 2023-03-28 12:00:00+02:00 | 2023-03-28 13:00:00+02:00 | 2023-03-28 14:00:00+02:00 | 2023-03-28 15:00:00+02:00 | 2023-03-28 16:00:00+02:00 | 2023-03-28 17:00:00+02:00 | 2023-03-28 18:00:00+02:00 | 2023-03-28 19:00:00+02:00 | 2023-03-28 20:00:00+02:00 | 2023-03-28 21:00:00+02:00 | 2023-03-28 22:00:00+02:00 | 2023-03-28 23:00:00+02:00,,,,,,,
2023-03-29 00:00:00+02:00,False,MissingInput,"24 valeurs residual_load_gw manquantes après réparation (brut=24, max_autorisé=2)",24,24,0,2023-03-29 00:00:00+02:00 | 2023-03-29 01:00:00+02:00 | 2023-03-29 02:00:00+02:00 | 2023-03-29 03:00:00+02:00 | 2023-03-29 04:00:00+02:00 | 2023-03-29 05:00:00+02:00 | 2023-03-29 06:00:00+02:00 | 2023-03-29 07:00:00+02:00 | 2023-03-29 08:00:00+02:00 | 2023-03-29 09:00:00+02:00 | 2023-03-29 10:00:00+02:00 | 2023-03-29 11:00:00+02:00 | 2023-03-29 12:00:00+02:00 | 2023-03-29 13:00:00+02:00 | 2023-03-29 14:00:00+02:00 | 2023-03-29 15:00:00+02:00 | 2023-03-29 16:00:00+02:00 | 2023-03-29 17:00:00+02:00 | 2023-03-29 18:00:00+02:00 | 2023-03-29 19:00:00+02:00 | 2023-03-29 20:00:00+02:00 | 2023-03-29 21:00:00+02:00 | 2023-03-29 22:00:00+02:00 | 2023-03-29 23:00:00+02:00,,,,,,,
2023-03-30 00:00:00+02:00,False,MissingInput,"24 valeurs residual_load_gw manquantes après réparation (brut=24, max_autorisé=2)",24,24,0,2023-03-30 00:00:00+02:00 | 2023-03-30 01:00:00+02:00 | 2023-03-30 02:00:00+02:00 | 2023-03-30 03:00:00+02:00 | 2023-03-30 04:00:00+02:00 | 2023-03-30 05:00:00+02:00 | 2023-03-30 06:00:00+02:00 | 2023-03-30 07:00:00+02:00 | 2023-03-30 08:00:00+02:00 | 2023-03-30 09:00:00+02:00 | 2023-03-30 10:00:00+02:00 | 2023-03-30 11:00:00+02:00 | 2023-03-30 12:00:00+02:00 | 2023-03-30 13:00:00+02:00 | 2023-03-30 14:00:00+02:00 | 2023-03-30 15:00:00+02:00 | 2023-03-30 16:00:00+02:00 | 2023-03-30 17:00:00+02:00 | 2023-03-30 18:00:00+02:00 | 2023-03-30 19:00:00+02:00 | 2023-03-30 20:00:00+02:00 | 2023-03-30 21:00:00+02:00 | 2023-03-30 22:00:00+02:00 | 2023-03-30 23:00:00+02:00,,,,,,,
2023-03-31 00:00:00+02:00,False,MissingInput,"24 valeurs residual_load_gw manquantes après réparation (brut=24, max_autorisé=2)",24,24,0,2023-03-31 00:00:00+02:00 | 2023-03-31 01:00:00+02:00 | 2023-03-31 02:00:00+02:00 | 2023-03-31 03:00:00+02:00 | 2023-03-31 04:00:00+02:00 | 2023-03-31 05:00:00+02:00 | 2023-03-31 06:00:00+02:00 | 2023-03-31 07:00:00+02:00 | 2023-03-31 08:00:00+02:00 | 2023-03-31 09:00:00+02:00 | 2023-03-31 10:00:00+02:00 | 2023-03-31 11:00:00+02:00 | 2023-03-31 12:00:00+02:00 | 2023-03-31 13:00:00+02:00 | 2023-03-31 14:00:00+02:00 | 2023-03-31 15:00:00+02:00 | 2023-03-31 16:00:00+02:00 | 2023-03-31 17:00:00+02:00 | 2023-03-31 18:00:00+02:00 | 2023-03-31 19:00:00+02:00 | 2023-03-31 20:00:00+02:00 | 2023-03-31 21:00:00+02:00 | 2023-03-31 22:00:00+02:00 | 2023-03-31 23:00:00+02:00,,,,,,,
2023-04-01 00:00:00+02:00,False,MissingInput,"24 valeurs residual_load_gw manquantes après réparation (brut=24, max_autorisé=2)",24,24,0,2023-04-01 00:00:00+02:00 | 2023-04-01 01:00:00+02:00 | 2023-04-01 02:00:00+02:00 | 2023-04-01 03:00:00+02:00 | 2023-04-01 04:00:00+02:00 | 2023-04-01 05:00:00+02:00 | 2023-04-01 06:00:00+02:00 | 2023-04-01 07:00:00+02:00 | 2023-04-01 08:00:00+02:00 | 2023-04-01 09:00:00+02:00 | 2023-04-01 10:00:00+02:00 | 2023-04-01 11:00:00+02:00 | 2023-04-01 12:00:00+02:00 | 2023-04-01 13:00:00+02:00 | 2023-04-01 14:00:00+02:00 | 2023-04-01 15:00:00+02:00 | 2023-04-01 16:00:00+02:00 | 2023-04-01 17:00:00+02:00 | 2023-04-01 18:00:00+02:00 | 2023-04-01 19:00:00+02:00 | 2023-04-01 20:00:00+02:00 | 2023-04-01 21:00:00+02:00 | 2023-04-01 22:00:00+02:00 | 2023-04-01 23:00:00+02:00,,,,,,,
2023-04-02 00:00:00+02:00,False,MissingInput,"24 valeurs residual_load_gw manquantes après réparation (brut=24, max_autorisé=2)",24,24,0,2023-04-02 00:00:00+02:00 | 2023-04-02 01:00:00+02:00 | 2023-04-02 02:00:00+02:00 | 2023-04-02 03:00:00+02:00 | 2023-04-02 04:00:00+02:00 | 2023-04-02 05:00:00+02:00 | 2023-04-02 06:00:00+02:00 | 2023-04-02 07:00:00+02:00 | 2023-04-02 08:00:00+02:00 | 2023-04-02 09:00:00+02:00 | 2023-04-02 10:00:00+02:00 | 2023-04-02 11:00:00+02:00 | 2023-04-02 12:00:00+02:00 | 2023-04-02 13:00:00+02:00 | 2023-04-02 14:00:00+02:00 | 2023-04-02 15:00:00+02:00 | 2023-04-02 16:00:00+02:00 | 2023-04-02 17:00:00+02:00 | 2023-04-02 18:00:00+02:00 | 2023-04-02 19:00:00+02:00 | 2023-04-02 20:00:00+02:00 | 2023-04-02 21:00:00+02:00 | 2023-04-02 22:00:00+02:00 | 2023-04-02 23:00:00+02:00,,,,,,,
2023-04-03 00:00:00+02:00,False,MissingInput,"24 valeurs residual_load_gw manquantes après réparation (brut=24, max_autorisé=2)",24,24,0,2023-04-03 00:00:00+02:00 | 2023-04-03 01:00:00+02:00 | 2023-04-03 02:00:00+02:00 | 2023-04-03 03:00:00+02:00 | 2023-04-03 04:00:00+02:00 | 2023-04-03 05:00:00+02:00 | 2023-04-03 06:00:00+02:00 | 2023-04-03 07:00:00+02:00 | 2023-04-03 08:00:00+02:00 | 2023-04-03 09:00:00+02:00 | 2023-04-03 10:00:00+02:00 | 2023-04-03 11:00:00+02:00 | 2023-04-03 12:00:00+02:00 | 2023-04-03 13:00:00+02:00 | 2023-04-03 14:00:00+02:00 | 2023-04-03 15:00:00+02:00 | 2023-04-03 16:00:00+02:00 | 2023-04-03 17:00:00+02:00 | 2023-04-03 18:00:00+02:00 | 2023-04-03 19:00:00+02:00 | 2023-04-03 20:00:00+02:00 | 2023-04-03 21:00:00+02:00 | 2023-04-03 22:00:00+02:00 | 2023-04-03 23:00:00+02:00,,,,,,,
2023-04-04 00:00:00+02:00,False,MissingInput,"24 valeurs residual_load_gw manquantes après réparation (brut=24, max_autorisé=2)",24,24,0,2023-04-04 00:00:00+02:00 | 2023-04-04 01:00:00+02:00 | 2023-04-04 02:00:00+02:00 | 2023-04-04 03:00:00+02:00 | 2023-04-04 04:00:00+02:00 | 2023-04-04 05:00:00+02:00 | 2023-04-04 06:00:00+02:00 | 2023-04-04 07:00:00+02:00 | 2023-04-04 08:00:00+02:00 | 2023-04-04 09:00:00+02:00 | 2023-04-04 10:00:00+02:00 | 2023-04-04 11:00:00+02:00 | 2023-04-04 12:00:00+02:00 | 2023-04-04 13:00:00+02:00 | 2023-04-04 14:00:00+02:00 | 2023-04-04 15:00:00+02:00 | 2023-04-04 16:00:00+02:00 | 2023-04-04 17:00:00+02:00 | 2023-04-04 18:00:00+02:00 | 2023-04-04 19:00:00+02:00 | 2023-04-04 20:00:00+02:00 | 2023-04-04 21:00:00+02:00 | 2023-04-04 22:00:00+02:00 | 2023-04-04 23:00:00+02:00,,,,,,,
2023-04-05 00:00:00+02:00,False,MissingInput,"24 valeurs residual_load_gw manquantes après réparation (brut=24, max_autorisé=2)",24,24,0,2023-04-05 00:00:00+02:00 | 2023-04-05 01:00:00+02:00 | 2023-04-05 02:00:00+02:00 | 2023-04-05 03:00:00+02:00 | 2023-04-05 04:00:00+02:00 | 2023-04-05 05:00:00+02:00 | 2023-04-05 06:00:00+02:00 | 2023-04-05 07:00:00+02:00 | 2023-04-05 08:00:00+02:00 | 2023-04-05 09:00:00+02:00 | 2023-04-05 10:00:00+02:00 | 2023-04-05 11:00:00+02:00 | 2023-04-05 12:00:00+02:00 | 2023-04-05 13:00:00+02:00 | 2023-04-05 14:00:00+02:00 | 2023-04-05 15:00:00+02:00 | 2023-04-05 16:00:00+02:00 | 2023-04-05 17:00:00+02:00 | 2023-04-05 18:00:00+02:00 | 2023-04-05 19:00:00+02:00 | 2023-04-05 20:00:00+02:00 | 2023-04-05 21:00:00+02:00 | 2023-04-05 22:00:00+02:00 | 2023-04-05 23:00:00+02:00,,,,,,,
2023-04-06 00:00:00+02:00,False,MissingInput,"24 valeurs residual_load_gw manquantes après réparation (brut=24, max_autorisé=2)",24,24,0,2023-04-06 00:00:00+02:00 | 2023-04-06 01:00:00+02:00 | 2023-04-06 02:00:00+02:00 | 2023-04-06 03:00:00+02:00 | 2023-04-06 04:00:00+02:00 | 2023-04-06 05:00:00+02:00 | 2023-04-06 06:00:00+02:00 | 2023-04-06 07:00:00+02:00 | 2023-04-06 08:00:00+02:00 | 2023-04-06 09:00:00+02:00 | 2023-04-06 10:00:00+02:00 | 2023-04-06 11:00:00+02:00 | 2023-04-06 12:00:00+02:00 | 2023-04-06 13:00:00+02:00 | 2023-04-06 14:00:00+02:00 | 2023-04-06 15:00:00+02:00 | 2023-04-06 16:00:00+02:00 | 2023-04-06 17:00:00+02:00 | 2023-04-06 18:00:00+02:00 | 2023-04-06 19:00:00+02:00 | 2023-04-06 20:00:00+02:00 | 2023-04-06 21:00:00+02:00 | 2023-04-06 22:00:00+02:00 | 2023-04-06 23:00:00+02:00,,,,,,,
2023-04-07 00:00:00+02:00,False,MissingInput,"24 valeurs residual_load_gw manquantes après réparation (brut=24, max_autorisé=2)",24,24,0,2023-04-07 00:00:00+02:00 | 2023-04-07 01:00:00+02:00 | 2023-04-07 02:00:00+02:00 | 2023-04-07 03:00:00+02:00 | 2023-04-07 04:00:00+02:00 | 2023-04-07 05:00:00+02:00 | 2023-04-07 06:00:00+02:00 | 2023-04-07 07:00:00+02:00 | 2023-04-07 08:00:00+02:00 | 2023-04-07 09:00:00+02:00 | 2023-04-07 10:00:00+02:00 | 2023-04-07 11:00:00+02:00 | 2023-04-07 12:00:00+02:00 | 2023-04-07 13:00:00+02:00 | 2023-04-07 14:00:00+02:00 | 2023-04-07 15:00:00+02:00 | 2023-04-07 16:00:00+02:00 | 2023-04-07 17:00:00+02:00 | 2023-04-07 18:00:00+02:00 | 2023-04-07 19:00:00+02:00 | 2023-04-07 20:00:00+02:00 | 2023-04-07 21:00:00+02:00 | 2023-04-07 22:00:00+02:00 | 2023-04-07 23:00:00+02:00,,,,,,,
2023-04-08 00:00:00+02:00,False,MissingInput,"24 valeurs residual_load_gw manquantes après réparation (brut=24, max_autorisé=2)",24,24,0,2023-04-08 00:00:00+02:00 | 2023-04-08 01:00:00+02:00 | 2023-04-08 02:00:00+02:00 | 2023-04-08 03:00:00+02:00 | 2023-04-08 04:00:00+02:00 | 2023-04-08 05:00:00+02:00 | 2023-04-08 06:00:00+02:00 | 2023-04-08 07:00:00+02:00 | 2023-04-08 08:00:00+02:00 | 2023-04-08 09:00:00+02:00 | 2023-04-08 10:00:00+02:00 | 2023-04-08 11:00:00+02:00 | 2023-04-08 12:00:00+02:00 | 2023-04-08 13:00:00+02:00 | 2023-04-08 14:00:00+02:00 | 2023-04-08 15:00:00+02:00 | 2023-04-08 16:00:00+02:00 | 2023-04-08 17:00:00+02:00 | 2023-04-08 18:00:00+02:00 | 2023-04-08 19:00:00+02:00 | 2023-04-08 20:00:00+02:00 | 2023-04-08 21:00:00+02:00 | 2023-04-08 22:00:00+02:00 | 2023-04-08 23:00:00+02:00,,,,,,,
2023-04-09 00:00:00+02:00,False,MissingInput,"24 valeurs residual_load_gw manquantes après réparation (brut=24, max_autorisé=2)",24,24,0,2023-04-09 00:00:00+02:00 | 2023-04-09 01:00:00+02:00 | 2023-04-09 02:00:00+02:00 | 2023-04-09 03:00:00+02:00 | 2023-04-09 04:00:00+02:00 | 2023-04-09 05:00:00+02:00 | 2023-04-09 06:00:00+02:00 | 2023-04-09 07:00:00+02:00 | 2023-04-09 08:00:00+02:00 | 2023-04-09 09:00:00+02:00 | 2023-04-09 10:00:00+02:00 | 2023-04-09 11:00:00+02:00 | 2023-04-09 12:00:00+02:00 | 2023-04-09 13:00:00+02:00 | 2023-04-09 14:00:00+02:00 | 2023-04-09 15:00:00+02:00 | 2023-04-09 16:00:00+02:00 | 2023-04-09 17:00:00+02:00 | 2023-04-09 18:00:00+02:00 | 2023-04-09 19:00:00+02:00 | 2023-04-09 20:00:00+02:00 | 2023-04-09 21:00:00+02:00 | 2023-04-09 22:00:00+02:00 | 2023-04-09 23:00:00+02:00,,,,,,,
2023-04-10 00:00:00+02:00,False,MissingInput,"24 valeurs residual_load_gw manquantes après réparation (brut=24, max_autorisé=2)",24,24,0,2023-04-10 00:00:00+02:00 | 2023-04-10 01:00:00+02:00 | 2023-04-10 02:00:00+02:00 | 2023-04-10 03:00:00+02:00 | 2023-04-10 04:00:00+02:00 | 2023-04-10 05:00:00+02:00 | 2023-04-10 06:00:00+02:00 | 2023-04-10 07:00:00+02:00 | 2023-04-10 08:00:00+02:00 | 2023-04-10 09:00:00+02:00 | 2023-04-10 10:00:00+02:00 | 2023-04-10 11:00:00+02:00 | 2023-04-10 12:00:00+02:00 | 2023-04-10 13:00:00+02:00 | 2023-04-10 14:00:00+02:00 | 2023-04-10 15:00:00+02:00 | 2023-04-10 16:00:00+02:00 | 2023-04-10 17:00:00+02:00 | 2023-04-10 18:00:00+02:00 | 2023-04-10 19:00:00+02:00 | 2023-04-10 20:00:00+02:00 | 2023-04-10 21:00:00+02:00 | 2023-04-10 22:00:00+02:00 | 2023-04-10 23:00:00+02:00,,,,,,,
2023-04-11 00:00:00+02:00,False,MissingInput,"24 valeurs residual_load_gw manquantes après réparation (brut=24, max_autorisé=2)",24,24,0,2023-04-11 00:00:00+02:00 | 2023-04-11 01:00:00+02:00 | 2023-04-11 02:00:00+02:00 | 2023-04-11 03:00:00+02:00 | 2023-04-11 04:00:00+02:00 | 2023-04-11 05:00:00+02:00 | 2023-04-11 06:00:00+02:00 | 2023-04-11 07:00:00+02:00 | 2023-04-11 08:00:00+02:00 | 2023-04-11 09:00:00+02:00 | 2023-04-11 10:00:00+02:00 | 2023-04-11 11:00:00+02:00 | 2023-04-11 12:00:00+02:00 | 2023-04-11 13:00:00+02:00 | 2023-04-11 14:00:00+02:00 | 2023-04-11 15:00:00+02:00 | 2023-04-11 16:00:00+02:00 | 2023-04-11 17:00:00+02:00 | 2023-04-11 18:00:00+02:00 | 2023-04-11 19:00:00+02:00 | 2023-04-11 20:00:00+02:00 | 2023-04-11 21:00:00+02:00 | 2023-04-11 22:00:00+02:00 | 2023-04-11 23:00:00+02:00,,,,,,,
2023-04-12 00:00:00+02:00,False,MissingInput,"24 valeurs residual_load_gw manquantes après réparation (brut=24, max_autorisé=2)",24,24,0,2023-04-12 00:00:00+02:00 | 2023-04-12 01:00:00+02:00 | 2023-04-12 02:00:00+02:00 | 2023-04-12 03:00:00+02:00 | 2023-04-12 04:00:00+02:00 | 2023-04-12 05:00:00+02:00 | 2023-04-12 06:00:00+02:00 | 2023-04-12 07:00:00+02:00 | 2023-04-12 08:00:00+02:00 | 2023-04-12 09:00:00+02:00 | 2023-04-12 10:00:00+02:00 | 2023-04-12 11:00:00+02:00 | 2023-04-12 12:00:00+02:00 | 2023-04-12 13:00:00+02:00 | 2023-04-12 14:00:00+02:00 | 2023-04-12 15:00:00+02:00 | 2023-04-12 16:00:00+02:00 | 2023-04-12 17:00:00+02:00 | 2023-04-12 18:00:00+02:00 | 2023-04-12 19:00:00+02:00 | 2023-04-12 20:00:00+02:00 | 2023-04-12 21:00:00+02:00 | 2023-04-12 22:00:00+02:00 | 2023-04-12 23:00:00+02:00,,,,,,,
2023-04-13 00:00:00+02:00,False,MissingInput,"24 valeurs residual_load_gw manquantes après réparation (brut=24, max_autorisé=2)",24,24,0,2023-04-13 00:00:00+02:00 | 2023-04-13 01:00:00+02:00 | 2023-04-13 02:00:00+02:00 | 2023-04-13 03:00:00+02:00 | 2023-04-13 04:00:00+02:00 | 2023-04-13 05:00:00+02:00 | 2023-04-13 06:00:00+02:00 | 2023-04-13 07:00:00+02:00 | 2023-04-13 08:00:00+02:00 | 2023-04-13 09:00:00+02:00 | 2023-04-13 10:00:00+02:00 | 2023-04-13 11:00:00+02:00 | 2023-04-13 12:00:00+02:00 | 2023-04-13 13:00:00+02:00 | 2023-04-13 14:00:00+02:00 | 2023-04-13 15:00:00+02:00 | 2023-04-13 16:00:00+02:00 | 2023-04-13 17:00:00+02:00 | 2023-04-13 18:00:00+02:00 | 2023-04-13 19:00:00+02:00 | 2023-04-13 20:00:00+02:00 | 2023-04-13 21:00:00+02:00 | 2023-04-13 22:00:00+02:00 | 2023-04-13 23:00:00+02:00,,,,,,,
2023-04-14 00:00:00+02:00,False,MissingInput,"24 valeurs residual_load_gw manquantes après réparation (brut=24, max_autorisé=2)",24,24,0,2023-04-14 00:00:00+02:00 | 2023-04-14 01:00:00+02:00 | 2023-04-14 02:00:00+02:00 | 2023-04-14 03:00:00+02:00 | 2023-04-14 04:00:00+02:00 | 2023-04-14 05:00:00+02:00 | 2023-04-14 06:00:00+02:00 | 2023-04-14 07:00:00+02:00 | 2023-04-14 08:00:00+02:00 | 2023-04-14 09:00:00+02:00 | 2023-04-14 10:00:00+02:00 | 2023-04-14 11:00:00+02:00 | 2023-04-14 12:00:00+02:00 | 2023-04-14 13:00:00+02:00 | 2023-04-14 14:00:00+02:00 | 2023-04-14 15:00:00+02:00 | 2023-04-14 16:00:00+02:00 | 2023-04-14 17:00:00+02:00 | 2023-04-14 18:00:00+02:00 | 2023-04-14 19:00:00+02:00 | 2023-04-14 20:00:00+02:00 | 2023-04-14 21:00:00+02:00 | 2023-04-14 22:00:00+02:00 | 2023-04-14 23:00:00+02:00,,,,,,,
2023-04-15 00:00:00+02:00,False,MissingInput,"24 valeurs residual_load_gw manquantes après réparation (brut=24, max_autorisé=2)",24,24,0,2023-04-15 00:00:00+02:00 | 2023-04-15 01:00:00+02:00 | 2023-04-15 02:00:00+02:00 | 2023-04-15 03:00:00+02:00 | 2023-04-15 04:00:00+02:00 | 2023-04-15 05:00:00+02:00 | 2023-04-15 06:00:00+02:00 | 2023-04-15 07:00:00+02:00 | 2023-04-15 08:00:00+02:00 | 2023-04-15 09:00:00+02:00 | 2023-04-15 10:00:00+02:00 | 2023-04-15 11:00:00+02:00 | 2023-04-15 12:00:00+02:00 | 2023-04-15 13:00:00+02:00 | 2023-04-15 14:00:00+02:00 | 2023-04-15 15:00:00+02:00 | 2023-04-15 16:00:00+02:00 | 2023-04-15 17:00:00+02:00 | 2023-04-15 18:00:00+02:00 | 2023-04-15 19:00:00+02:00 | 2023-04-15 20:00:00+02:00 | 2023-04-15 21:00:00+02:00 | 2023-04-15 22:00:00+02:00 | 2023-04-15 23:00:00+02:00,,,,,,,
2023-04-16 00:00:00+02:00,False,MissingInput,"24 valeurs residual_load_gw manquantes après réparation (brut=24, max_autorisé=2)",24,24,0,2023-04-16 00:00:00+02:00 | 2023-04-16 01:00:00+02:00 | 2023-04-16 02:00:00+02:00 | 2023-04-16 03:00:00+02:00 | 2023-04-16 04:00:00+02:00 | 2023-04-16 05:00:00+02:00 | 2023-04-16 06:00:00+02:00 | 2023-04-16 07:00:00+02:00 | 2023-04-16 08:00:00+02:00 | 2023-04-16 09:00:00+02:00 | 2023-04-16 10:00:00+02:00 | 2023-04-16 11:00:00+02:00 | 2023-04-16 12:00:00+02:00 | 2023-04-16 13:00:00+02:00 | 2023-04-16 14:00:00+02:00 | 2023-04-16 15:00:00+02:00 | 2023-04-16 16:00:00+02:00 | 2023-04-16 17:00:00+02:00 | 2023-04-16 18:00:00+02:00 | 2023-04-16 19:00:00+02:00 | 2023-04-16 20:00:00+02:00 | 2023-04-16 21:00:00+02:00 | 2023-04-16 22:00:00+02:00 | 2023-04-16 23:00:00+02:00,,,,,,,
2023-04-17 00:00:00+02:00,False,MissingInput,"24 valeurs residual_load_gw manquantes après réparation (brut=24, max_autorisé=2)",24,24,0,2023-04-17 00:00:00+02:00 | 2023-04-17 01:00:00+02:00 | 2023-04-17 02:00:00+02:00 | 2023-04-17 03:00:00+02:00 | 2023-04-17 04:00:00+02:00 | 2023-04-17 05:00:00+02:00 | 2023-04-17 06:00:00+02:00 | 2023-04-17 07:00:00+02:00 | 2023-04-17 08:00:00+02:00 | 2023-04-17 09:00:00+02:00 | 2023-04-17 10:00:00+02:00 | 2023-04-17 11:00:00+02:00 | 2023-04-17 12:00:00+02:00 | 2023-04-17 13:00:00+02:00 | 2023-04-17 14:00:00+02:00 | 2023-04-17 15:00:00+02:00 | 2023-04-17 16:00:00+02:00 | 2023-04-17 17:00:00+02:00 | 2023-04-17 18:00:00+02:00 | 2023-04-17 19:00:00+02:00 | 2023-04-17 20:00:00+02:00 | 2023-04-17 21:00:00+02:00 | 2023-04-17 22:00:00+02:00 | 2023-04-17 23:00:00+02:00,,,,,,,
2023-04-18 00:00:00+02:00,False,MissingInput,"24 valeurs residual_load_gw manquantes après réparation (brut=24, max_autorisé=2)",24,24,0,2023-04-18 00:00:00+02:00 | 2023-04-18 01:00:00+02:00 | 2023-04-18 02:00:00+02:00 | 2023-04-18 03:00:00+02:00 | 2023-04-18 04:00:00+02:00 | 2023-04-18 05:00:00+02:00 | 2023-04-18 06:00:00+02:00 | 2023-04-18 07:00:00+02:00 | 2023-04-18 08:00:00+02:00 | 2023-04-18 09:00:00+02:00 | 2023-04-18 10:00:00+02:00 | 2023-04-18 11:00:00+02:00 | 2023-04-18 12:00:00+02:00 | 2023-04-18 13:00:00+02:00 | 2023-04-18 14:00:00+02:00 | 2023-04-18 15:00:00+02:00 | 2023-04-18 16:00:00+02:00 | 2023-04-18 17:00:00+02:00 | 2023-04-18 18:00:00+02:00 | 2023-04-18 19:00:00+02:00 | 2023-04-18 20:00:00+02:00 | 2023-04-18 21:00:00+02:00 | 2023-04-18 22:00:00+02:00 | 2023-04-18 23:00:00+02:00,,,,,,,
2023-04-19 00:00:00+02:00,False,MissingInput,"24 valeurs residual_load_gw manquantes après réparation (brut=24, max_autorisé=2)",24,24,0,2023-04-19 00:00:00+02:00 | 2023-04-19 01:00:00+02:00 | 2023-04-19 02:00:00+02:00 | 2023-04-19 03:00:00+02:00 | 2023-04-19 04:00:00+02:00 | 2023-04-19 05:00:00+02:00 | 2023-04-19 06:00:00+02:00 | 2023-04-19 07:00:00+02:00 | 2023-04-19 08:00:00+02:00 | 2023-04-19 09:00:00+02:00 | 2023-04-19 10:00:00+02:00 | 2023-04-19 11:00:00+02:00 | 2023-04-19 12:00:00+02:00 | 2023-04-19 13:00:00+02:00 | 2023-04-19 14:00:00+02:00 | 2023-04-19 15:00:00+02:00 | 2023-04-19 16:00:00+02:00 | 2023-04-19 17:00:00+02:00 | 2023-04-19 18:00:00+02:00 | 2023-04-19 19:00:00+02:00 | 2023-04-19 20:00:00+02:00 | 2023-04-19 21:00:00+02:00 | 2023-04-19 22:00:00+02:00 | 2023-04-19 23:00:00+02:00,,,,,,,
2023-04-20 00:00:00+02:00,False,MissingInput,"24 valeurs residual_load_gw manquantes après réparation (brut=24, max_autorisé=2)",24,24,0,2023-04-20 00:00:00+02:00 | 2023-04-20 01:00:00+02:00 | 2023-04-20 02:00:00+02:00 | 2023-04-20 03:00:00+02:00 | 2023-04-20 04:00:00+02:00 | 2023-04-20 05:00:00+02:00 | 2023-04-20 06:00:00+02:00 | 2023-04-20 07:00:00+02:00 | 2023-04-20 08:00:00+02:00 | 2023-04-20 09:00:00+02:00 | 2023-04-20 10:00:00+02:00 | 2023-04-20 11:00:00+02:00 | 2023-04-20 12:00:00+02:00 | 2023-04-20 13:00:00+02:00 | 2023-04-20 14:00:00+02:00 | 2023-04-20 15:00:00+02:00 | 2023-04-20 16:00:00+02:00 | 2023-04-20 17:00:00+02:00 | 2023-04-20 18:00:00+02:00 | 2023-04-20 19:00:00+02:00 | 2023-04-20 20:00:00+02:00 | 2023-04-20 21:00:00+02:00 | 2023-04-20 22:00:00+02:00 | 2023-04-20 23:00:00+02:00,,,,,,,
2023-04-21 00:00:00+02:00,False,MissingInput,"24 valeurs residual_load_gw manquantes après réparation (brut=24, max_autorisé=2)",24,24,0,2023-04-21 00:00:00+02:00 | 2023-04-21 01:00:00+02:00 | 2023-04-21 02:00:00+02:00 | 2023-04-21 03:00:00+02:00 | 2023-04-21 04:00:00+02:00 | 2023-04-21 05:00:00+02:00 | 2023-04-21 06:00:00+02:00 | 2023-04-21 07:00:00+02:00 | 2023-04-21 08:00:00+02:00 | 2023-04-21 09:00:00+02:00 | 2023-04-21 10:00:00+02:00 | 2023-04-21 11:00:00+02:00 | 2023-04-21 12:00:00+02:00 | 2023-04-21 13:00:00+02:00 | 2023-04-21 14:00:00+02:00 | 2023-04-21 15:00:00+02:00 | 2023-04-21 16:00:00+02:00 | 2023-04-21 17:00:00+02:00 | 2023-04-21 18:00:00+02:00 | 2023-04-21 19:00:00+02:00 | 2023-04-21 20:00:00+02:00 | 2023-04-21 21:00:00+02:00 | 2023-04-21 22:00:00+02:00 | 2023-04-21 23:00:00+02:00,,,,,,,
2023-04-22 00:00:00+02:00,False,MissingInput,"24 valeurs residual_load_gw manquantes après réparation (brut=24, max_autorisé=2)",24,24,0,2023-04-22 00:00:00+02:00 | 2023-04-22 01:00:00+02:00 | 2023-04-22 02:00:00+02:00 | 2023-04-22 03:00:00+02:00 | 2023-04-22 04:00:00+02:00 | 2023-04-22 05:00:00+02:00 | 2023-04-22 06:00:00+02:00 | 2023-04-22 07:00:00+02:00 | 2023-04-22 08:00:00+02:00 | 2023-04-22 09:00:00+02:00 | 2023-04-22 10:00:00+02:00 | 2023-04-22 11:00:00+02:00 | 2023-04-22 12:00:00+02:00 | 2023-04-22 13:00:00+02:00 | 2023-04-22 14:00:00+02:00 | 2023-04-22 15:00:00+02:00 | 2023-04-22 16:00:00+02:00 | 2023-04-22 17:00:00+02:00 | 2023-04-22 18:00:00+02:00 | 2023-04-22 19:00:00+02:00 | 2023-04-22 20:00:00+02:00 | 2023-04-22 21:00:00+02:00 | 2023-04-22 22:00:00+02:00 | 2023-04-22 23:00:00+02:00,,,,,,,
2023-04-23 00:00:00+02:00,False,MissingInput,"24 valeurs residual_load_gw manquantes après réparation (brut=24, max_autorisé=2)",24,24,0,2023-04-23 00:00:00+02:00 | 2023-04-23 01:00:00+02:00 | 2023-04-23 02:00:00+02:00 | 2023-04-23 03:00:00+02:00 | 2023-04-23 04:00:00+02:00 | 2023-04-23 05:00:00+02:00 | 2023-04-23 06:00:00+02:00 | 2023-04-23 07:00:00+02:00 | 2023-04-23 08:00:00+02:00 | 2023-04-23 09:00:00+02:00 | 2023-04-23 10:00:00+02:00 | 2023-04-23 11:00:00+02:00 | 2023-04-23 12:00:00+02:00 | 2023-04-23 13:00:00+02:00 | 2023-04-23 14:00:00+02:00 | 2023-04-23 15:00:00+02:00 | 2023-04-23 16:00:00+02:00 | 2023-04-23 17:00:00+02:00 | 2023-04-23 18:00:00+02:00 | 2023-04-23 19:00:00+02:00 | 2023-04-23 20:00:00+02:00 | 2023-04-23 21:00:00+02:00 | 2023-04-23 22:00:00+02:00 | 2023-04-23 23:00:00+02:00,,,,,,,
2023-04-24 00:00:00+02:00,False,MissingInput,"24 valeurs residual_load_gw manquantes après réparation (brut=24, max_autorisé=2)",24,24,0,2023-04-24 00:00:00+02:00 | 2023-04-24 01:00:00+02:00 | 2023-04-24 02:00:00+02:00 | 2023-04-24 03:00:00+02:00 | 2023-04-24 04:00:00+02:00 | 2023-04-24 05:00:00+02:00 | 2023-04-24 06:00:00+02:00 | 2023-04-24 07:00:00+02:00 | 2023-04-24 08:00:00+02:00 | 2023-04-24 09:00:00+02:00 | 2023-04-24 10:00:00+02:00 | 2023-04-24 11:00:00+02:00 | 2023-04-24 12:00:00+02:00 | 2023-04-24 13:00:00+02:00 | 2023-04-24 14:00:00+02:00 | 2023-04-24 15:00:00+02:00 | 2023-04-24 16:00:00+02:00 | 2023-04-24 17:00:00+02:00 | 2023-04-24 18:00:00+02:00 | 2023-04-24 19:00:00+02:00 | 2023-04-24 20:00:00+02:00 | 2023-04-24 21:00:00+02:00 | 2023-04-24 22:00:00+02:00 | 2023-04-24 23:00:00+02:00,,,,,,,
2023-04-25 00:00:00+02:00,False,MissingInput,"24 valeurs residual_load_gw manquantes après réparation (brut=24, max_autorisé=2)",24,24,0,2023-04-25 00:00:00+02:00 | 2023-04-25 01:00:00+02:00 | 2023-04-25 02:00:00+02:00 | 2023-04-25 03:00:00+02:00 | 2023-04-25 04:00:00+02:00 | 2023-04-25 05:00:00+02:00 | 2023-04-25 06:00:00+02:00 | 2023-04-25 07:00:00+02:00 | 2023-04-25 08:00:00+02:00 | 2023-04-25 09:00:00+02:00 | 2023-04-25 10:00:00+02:00 | 2023-04-25 11:00:00+02:00 | 2023-04-25 12:00:00+02:00 | 2023-04-25 13:00:00+02:00 | 2023-04-25 14:00:00+02:00 | 2023-04-25 15:00:00+02:00 | 2023-04-25 16:00:00+02:00 | 2023-04-25 17:00:00+02:00 | 2023-04-25 18:00:00+02:00 | 2023-04-25 19:00:00+02:00 | 2023-04-25 20:00:00+02:00 | 2023-04-25 21:00:00+02:00 | 2023-04-25 22:00:00+02:00 | 2023-04-25 23:00:00+02:00,,,,,,,
2023-04-26 00:00:00+02:00,False,MissingInput,"24 valeurs residual_load_gw manquantes après réparation (brut=24, max_autorisé=2)",24,24,0,2023-04-26 00:00:00+02:00 | 2023-04-26 01:00:00+02:00 | 2023-04-26 02:00:00+02:00 | 2023-04-26 03:00:00+02:00 | 2023-04-26 04:00:00+02:00 | 2023-04-26 05:00:00+02:00 | 2023-04-26 06:00:00+02:00 | 2023-04-26 07:00:00+02:00 | 2023-04-26 08:00:00+02:00 | 2023-04-26 09:00:00+02:00 | 2023-04-26 10:00:00+02:00 | 2023-04-26 11:00:00+02:00 | 2023-04-26 12:00:00+02:00 | 2023-04-26 13:00:00+02:00 | 2023-04-26 14:00:00+02:00 | 2023-04-26 15:00:00+02:00 | 2023-04-26 16:00:00+02:00 | 2023-04-26 17:00:00+02:00 | 2023-04-26 18:00:00+02:00 | 2023-04-26 19:00:00+02:00 | 2023-04-26 20:00:00+02:00 | 2023-04-26 21:00:00+02:00 | 2023-04-26 22:00:00+02:00 | 2023-04-26 23:00:00+02:00,,,,,,,
2023-04-27 00:00:00+02:00,False,MissingInput,"24 valeurs residual_load_gw manquantes après réparation (brut=24, max_autorisé=2)",24,24,0,2023-04-27 00:00:00+02:00 | 2023-04-27 01:00:00+02:00 | 2023-04-27 02:00:00+02:00 | 2023-04-27 03:00:00+02:00 | 2023-04-27 04:00:00+02:00 | 2023-04-27 05:00:00+02:00 | 2023-04-27 06:00:00+02:00 | 2023-04-27 07:00:00+02:00 | 2023-04-27 08:00:00+02:00 | 2023-04-27 09:00:00+02:00 | 2023-04-27 10:00:00+02:00 | 2023-04-27 11:00:00+02:00 | 2023-04-27 12:00:00+02:00 | 2023-04-27 13:00:00+02:00 | 2023-04-27 14:00:00+02:00 | 2023-04-27 15:00:00+02:00 | 2023-04-27 16:00:00+02:00 | 2023-04-27 17:00:00+02:00 | 2023-04-27 18:00:00+02:00 | 2023-04-27 19:00:00+02:00 | 2023-04-27 20:00:00+02:00 | 2023-04-27 21:00:00+02:00 | 2023-04-27 22:00:00+02:00 | 2023-04-27 23:00:00+02:00,,,,,,,
2023-04-28 00:00:00+02:00,False,MissingInput,"24 valeurs residual_load_gw manquantes après réparation (brut=24, max_autorisé=2)",24,24,0,2023-04-28 00:00:00+02:00 | 2023-04-28 01:00:00+02:00 | 2023-04-28 02:00:00+02:00 | 2023-04-28 03:00:00+02:00 | 2023-04-28 04:00:00+02:00 | 2023-04-28 05:00:00+02:00 | 2023-04-28 06:00:00+02:00 | 2023-04-28 07:00:00+02:00 | 2023-04-28 08:00:00+02:00 | 2023-04-28 09:00:00+02:00 | 2023-04-28 10:00:00+02:00 | 2023-04-28 11:00:00+02:00 | 2023-04-28 12:00:00+02:00 | 2023-04-28 13:00:00+02:00 | 2023-04-28 14:00:00+02:00 | 2023-04-28 15:00:00+02:00 | 2023-04-28 16:00:00+02:00 | 2023-04-28 17:00:00+02:00 | 2023-04-28 18:00:00+02:00 | 2023-04-28 19:00:00+02:00 | 2023-04-28 20:00:00+02:00 | 2023-04-28 21:00:00+02:00 | 2023-04-28 22:00:00+02:00 | 2023-04-28 23:00:00+02:00,,,,,,,
2023-04-29 00:00:00+02:00,False,MissingInput,"24 valeurs residual_load_gw manquantes après réparation (brut=24, max_autorisé=2)",24,24,0,2023-04-29 00:00:00+02:00 | 2023-04-29 01:00:00+02:00 | 2023-04-29 02:00:00+02:00 | 2023-04-29 03:00:00+02:00 | 2023-04-29 04:00:00+02:00 | 2023-04-29 05:00:00+02:00 | 2023-04-29 06:00:00+02:00 | 2023-04-29 07:00:00+02:00 | 2023-04-29 08:00:00+02:00 | 2023-04-29 09:00:00+02:00 | 2023-04-29 10:00:00+02:00 | 2023-04-29 11:00:00+02:00 | 2023-04-29 12:00:00+02:00 | 2023-04-29 13:00:00+02:00 | 2023-04-29 14:00:00+02:00 | 2023-04-29 15:00:00+02:00 | 2023-04-29 16:00:00+02:00 | 2023-04-29 17:00:00+02:00 | 2023-04-29 18:00:00+02:00 | 2023-04-29 19:00:00+02:00 | 2023-04-29 20:00:00+02:00 | 2023-04-29 21:00:00+02:00 | 2023-04-29 22:00:00+02:00 | 2023-04-29 23:00:00+02:00,,,,,,,
2023-04-30 00:00:00+02:00,False,MissingInput,"24 valeurs residual_load_gw manquantes après réparation (brut=24, max_autorisé=2)",24,24,0,2023-04-30 00:00:00+02:00 | 2023-04-30 01:00:00+02:00 | 2023-04-30 02:00:00+02:00 | 2023-04-30 03:00:00+02:00 | 2023-04-30 04:00:00+02:00 | 2023-04-30 05:00:00+02:00 | 2023-04-30 06:00:00+02:00 | 2023-04-30 07:00:00+02:00 | 2023-04-30 08:00:00+02:00 | 2023-04-30 09:00:00+02:00 | 2023-04-30 10:00:00+02:00 | 2023-04-30 11:00:00+02:00 | 2023-04-30 12:00:00+02:00 | 2023-04-30 13:00:00+02:00 | 2023-04-30 14:00:00+02:00 | 2023-04-30 15:00:00+02:00 | 2023-04-30 16:00:00+02:00 | 2023-04-30 17:00:00+02:00 | 2023-04-30 18:00:00+02:00 | 2023-04-30 19:00:00+02:00 | 2023-04-30 20:00:00+02:00 | 2023-04-30 21:00:00+02:00 | 2023-04-30 22:00:00+02:00 | 2023-04-30 23:00:00+02:00,,,,,,,
2023-05-01 00:00:00+02:00,False,MissingInput,"24 valeurs residual_load_gw manquantes après réparation (brut=24, max_autorisé=2)",24,24,0,2023-05-01 00:00:00+02:00 | 2023-05-01 01:00:00+02:00 | 2023-05-01 02:00:00+02:00 | 2023-05-01 03:00:00+02:00 | 2023-05-01 04:00:00+02:00 | 2023-05-01 05:00:00+02:00 | 2023-05-01 06:00:00+02:00 | 2023-05-01 07:00:00+02:00 | 2023-05-01 08:00:00+02:00 | 2023-05-01 09:00:00+02:00 | 2023-05-01 10:00:00+02:00 | 2023-05-01 11:00:00+02:00 | 2023-05-01 12:00:00+02:00 | 2023-05-01 13:00:00+02:00 | 2023-05-01 14:00:00+02:00 | 2023-05-01 15:00:00+02:00 | 2023-05-01 16:00:00+02:00 | 2023-05-01 17:00:00+02:00 | 2023-05-01 18:00:00+02:00 | 2023-05-01 19:00:00+02:00 | 2023-05-01 20:00:00+02:00 | 2023-05-01 21:00:00+02:00 | 2023-05-01 22:00:00+02:00 | 2023-05-01 23:00:00+02:00,,,,,,,
2023-05-02 00:00:00+02:00,False,MissingInput,"24 valeurs residual_load_gw manquantes après réparation (brut=24, max_autorisé=2)",24,24,0,2023-05-02 00:00:00+02:00 | 2023-05-02 01:00:00+02:00 | 2023-05-02 02:00:00+02:00 | 2023-05-02 03:00:00+02:00 | 2023-05-02 04:00:00+02:00 | 2023-05-02 05:00:00+02:00 | 2023-05-02 06:00:00+02:00 | 2023-05-02 07:00:00+02:00 | 2023-05-02 08:00:00+02:00 | 2023-05-02 09:00:00+02:00 | 2023-05-02 10:00:00+02:00 | 2023-05-02 11:00:00+02:00 | 2023-05-02 12:00:00+02:00 | 2023-05-02 13:00:00+02:00 | 2023-05-02 14:00:00+02:00 | 2023-05-02 15:00:00+02:00 | 2023-05-02 16:00:00+02:00 | 2023-05-02 17:00:00+02:00 | 2023-05-02 18:00:00+02:00 | 2023-05-02 19:00:00+02:00 | 2023-05-02 20:00:00+02:00 | 2023-05-02 21:00:00+02:00 | 2023-05-02 22:00:00+02:00 | 2023-05-02 23:00:00+02:00,,,,,,,
2023-05-03 00:00:00+02:00,False,MissingInput,"24 valeurs residual_load_gw manquantes après réparation (brut=24, max_autorisé=2)",24,24,0,2023-05-03 00:00:00+02:00 | 2023-05-03 01:00:00+02:00 | 2023-05-03 02:00:00+02:00 | 2023-05-03 03:00:00+02:00 | 2023-05-03 04:00:00+02:00 | 2023-05-03 05:00:00+02:00 | 2023-05-03 06:00:00+02:00 | 2023-05-03 07:00:00+02:00 | 2023-05-03 08:00:00+02:00 | 2023-05-03 09:00:00+02:00 | 2023-05-03 10:00:00+02:00 | 2023-05-03 11:00:00+02:00 | 2023-05-03 12:00:00+02:00 | 2023-05-03 13:00:00+02:00 | 2023-05-03 14:00:00+02:00 | 2023-05-03 15:00:00+02:00 | 2023-05-03 16:00:00+02:00 | 2023-05-03 17:00:00+02:00 | 2023-05-03 18:00:00+02:00 | 2023-05-03 19:00:00+02:00 | 2023-05-03 20:00:00+02:00 | 2023-05-03 21:00:00+02:00 | 2023-05-03 22:00:00+02:00 | 2023-05-03 23:00:00+02:00,,,,,,,
2023-05-04 00:00:00+02:00,False,MissingInput,"24 valeurs residual_load_gw manquantes après réparation (brut=24, max_autorisé=2)",24,24,0,2023-05-04 00:00:00+02:00 | 2023-05-04 01:00:00+02:00 | 2023-05-04 02:00:00+02:00 | 2023-05-04 03:00:00+02:00 | 2023-05-04 04:00:00+02:00 | 2023-05-04 05:00:00+02:00 | 2023-05-04 06:00:00+02:00 | 2023-05-04 07:00:00+02:00 | 2023-05-04 08:00:00+02:00 | 2023-05-04 09:00:00+02:00 | 2023-05-04 10:00:00+02:00 | 2023-05-04 11:00:00+02:00 | 2023-05-04 12:00:00+02:00 | 2023-05-04 13:00:00+02:00 | 2023-05-04 14:00:00+02:00 | 2023-05-04 15:00:00+02:00 | 2023-05-04 16:00:00+02:00 | 2023-05-04 17:00:00+02:00 | 2023-05-04 18:00:00+02:00 | 2023-05-04 19:00:00+02:00 | 2023-05-04 20:00:00+02:00 | 2023-05-04 21:00:00+02:00 | 2023-05-04 22:00:00+02:00 | 2023-05-04 23:00:00+02:00,,,,,,,
2023-05-05 00:00:00+02:00,False,MissingInput,"24 valeurs residual_load_gw manquantes après réparation (brut=24, max_autorisé=2)",24,24,0,2023-05-05 00:00:00+02:00 | 2023-05-05 01:00:00+02:00 | 2023-05-05 02:00:00+02:00 | 2023-05-05 03:00:00+02:00 | 2023-05-05 04:00:00+02:00 | 2023-05-05 05:00:00+02:00 | 2023-05-05 06:00:00+02:00 | 2023-05-05 07:00:00+02:00 | 2023-05-05 08:00:00+02:00 | 2023-05-05 09:00:00+02:00 | 2023-05-05 10:00:00+02:00 | 2023-05-05 11:00:00+02:00 | 2023-05-05 12:00:00+02:00 | 2023-05-05 13:00:00+02:00 | 2023-05-05 14:00:00+02:00 | 2023-05-05 15:00:00+02:00 | 2023-05-05 16:00:00+02:00 | 2023-05-05 17:00:00+02:00 | 2023-05-05 18:00:00+02:00 | 2023-05-05 19:00:00+02:00 | 2023-05-05 20:00:00+02:00 | 2023-05-05 21:00:00+02:00 | 2023-05-05 22:00:00+02:00 | 2023-05-05 23:00:00+02:00,,,,,,,
2023-05-06 00:00:00+02:00,False,MissingInput,"24 valeurs residual_load_gw manquantes après réparation (brut=24, max_autorisé=2)",24,24,0,2023-05-06 00:00:00+02:00 | 2023-05-06 01:00:00+02:00 | 2023-05-06 02:00:00+02:00 | 2023-05-06 03:00:00+02:00 | 2023-05-06 04:00:00+02:00 | 2023-05-06 05:00:00+02:00 | 2023-05-06 06:00:00+02:00 | 2023-05-06 07:00:00+02:00 | 2023-05-06 08:00:00+02:00 | 2023-05-06 09:00:00+02:00 | 2023-05-06 10:00:00+02:00 | 2023-05-06 11:00:00+02:00 | 2023-05-06 12:00:00+02:00 | 2023-05-06 13:00:00+02:00 | 2023-05-06 14:00:00+02:00 | 2023-05-06 15:00:00+02:00 | 2023-05-06 16:00:00+02:00 | 2023-05-06 17:00:00+02:00 | 2023-05-06 18:00:00+02:00 | 2023-05-06 19:00:00+02:00 | 2023-05-06 20:00:00+02:00 | 2023-05-06 21:00:00+02:00 | 2023-05-06 22:00:00+02:00 | 2023-05-06 23:00:00+02:00,,,,,,,
2023-05-07 00:00:00+02:00,False,MissingInput,"24 valeurs residual_load_gw manquantes après réparation (brut=24, max_autorisé=2)",24,24,0,2023-05-07 00:00:00+02:00 | 2023-05-07 01:00:00+02:00 | 2023-05-07 02:00:00+02:00 | 2023-05-07 03:00:00+02:00 | 2023-05-07 04:00:00+02:00 | 2023-05-07 05:00:00+02:00 | 2023-05-07 06:00:00+02:00 | 2023-05-07 07:00:00+02:00 | 2023-05-07 08:00:00+02:00 | 2023-05-07 09:00:00+02:00 | 2023-05-07 10:00:00+02:00 | 2023-05-07 11:00:00+02:00 | 2023-05-07 12:00:00+02:00 | 2023-05-07 13:00:00+02:00 | 2023-05-07 14:00:00+02:00 | 2023-05-07 15:00:00+02:00 | 2023-05-07 16:00:00+02:00 | 2023-05-07 17:00:00+02:00 | 2023-05-07 18:00:00+02:00 | 2023-05-07 19:00:00+02:00 | 2023-05-07 20:00:00+02:00 | 2023-05-07 21:00:00+02:00 | 2023-05-07 22:00:00+02:00 | 2023-05-07 23:00:00+02:00,,,,,,,
2023-05-08 00:00:00+02:00,False,MissingInput,"24 valeurs residual_load_gw manquantes après réparation (brut=24, max_autorisé=2)",24,24,0,2023-05-08 00:00:00+02:00 | 2023-05-08 01:00:00+02:00 | 2023-05-08 02:00:00+02:00 | 2023-05-08 03:00:00+02:00 | 2023-05-08 04:00:00+02:00 | 2023-05-08 05:00:00+02:00 | 2023-05-08 06:00:00+02:00 | 2023-05-08 07:00:00+02:00 | 2023-05-08 08:00:00+02:00 | 2023-05-08 09:00:00+02:00 | 2023-05-08 10:00:00+02:00 | 2023-05-08 11:00:00+02:00 | 2023-05-08 12:00:00+02:00 | 2023-05-08 13:00:00+02:00 | 2023-05-08 14:00:00+02:00 | 2023-05-08 15:00:00+02:00 | 2023-05-08 16:00:00+02:00 | 2023-05-08 17:00:00+02:00 | 2023-05-08 18:00:00+02:00 | 2023-05-08 19:00:00+02:00 | 2023-05-08 20:00:00+02:00 | 2023-05-08 21:00:00+02:00 | 2023-05-08 22:00:00+02:00 | 2023-05-08 23:00:00+02:00,,,,,,,
2023-05-09 00:00:00+02:00,False,MissingInput,"24 valeurs residual_load_gw manquantes après réparation (brut=24, max_autorisé=2)",24,24,0,2023-05-09 00:00:00+02:00 | 2023-05-09 01:00:00+02:00 | 2023-05-09 02:00:00+02:00 | 2023-05-09 03:00:00+02:00 | 2023-05-09 04:00:00+02:00 | 2023-05-09 05:00:00+02:00 | 2023-05-09 06:00:00+02:00 | 2023-05-09 07:00:00+02:00 | 2023-05-09 08:00:00+02:00 | 2023-05-09 09:00:00+02:00 | 2023-05-09 10:00:00+02:00 | 2023-05-09 11:00:00+02:00 | 2023-05-09 12:00:00+02:00 | 2023-05-09 13:00:00+02:00 | 2023-05-09 14:00:00+02:00 | 2023-05-09 15:00:00+02:00 | 2023-05-09 16:00:00+02:00 | 2023-05-09 17:00:00+02:00 | 2023-05-09 18:00:00+02:00 | 2023-05-09 19:00:00+02:00 | 2023-05-09 20:00:00+02:00 | 2023-05-09 21:00:00+02:00 | 2023-05-09 22:00:00+02:00 | 2023-05-09 23:00:00+02:00,,,,,,,
2023-05-10 00:00:00+02:00,False,MissingInput,"24 valeurs residual_load_gw manquantes après réparation (brut=24, max_autorisé=2)",24,24,0,2023-05-10 00:00:00+02:00 | 2023-05-10 01:00:00+02:00 | 2023-05-10 02:00:00+02:00 | 2023-05-10 03:00:00+02:00 | 2023-05-10 04:00:00+02:00 | 2023-05-10 05:00:00+02:00 | 2023-05-10 06:00:00+02:00 | 2023-05-10 07:00:00+02:00 | 2023-05-10 08:00:00+02:00 | 2023-05-10 09:00:00+02:00 | 2023-05-10 10:00:00+02:00 | 2023-05-10 11:00:00+02:00 | 2023-05-10 12:00:00+02:00 | 2023-05-10 13:00:00+02:00 | 2023-05-10 14:00:00+02:00 | 2023-05-10 15:00:00+02:00 | 2023-05-10 16:00:00+02:00 | 2023-05-10 17:00:00+02:00 | 2023-05-10 18:00:00+02:00 | 2023-05-10 19:00:00+02:00 | 2023-05-10 20:00:00+02:00 | 2023-05-10 21:00:00+02:00 | 2023-05-10 22:00:00+02:00 | 2023-05-10 23:00:00+02:00,,,,,,,
2023-05-11 00:00:00+02:00,False,MissingInput,"24 valeurs residual_load_gw manquantes après réparation (brut=24, max_autorisé=2)",24,24,0,2023-05-11 00:00:00+02:00 | 2023-05-11 01:00:00+02:00 | 2023-05-11 02:00:00+02:00 | 2023-05-11 03:00:00+02:00 | 2023-05-11 04:00:00+02:00 | 2023-05-11 05:00:00+02:00 | 2023-05-11 06:00:00+02:00 | 2023-05-11 07:00:00+02:00 | 2023-05-11 08:00:00+02:00 | 2023-05-11 09:00:00+02:00 | 2023-05-11 10:00:00+02:00 | 2023-05-11 11:00:00+02:00 | 2023-05-11 12:00:00+02:00 | 2023-05-11 13:00:00+02:00 | 2023-05-11 14:00:00+02:00 | 2023-05-11 15:00:00+02:00 | 2023-05-11 16:00:00+02:00 | 2023-05-11 17:00:00+02:00 | 2023-05-11 18:00:00+02:00 | 2023-05-11 19:00:00+02:00 | 2023-05-11 20:00:00+02:00 | 2023-05-11 21:00:00+02:00 | 2023-05-11 22:00:00+02:00 | 2023-05-11 23:00:00+02:00,,,,,,,
2023-05-12 00:00:00+02:00,False,MissingInput,"24 valeurs residual_load_gw manquantes après réparation (brut=24, max_autorisé=2)",24,24,0,2023-05-12 00:00:00+02:00 | 2023-05-12 01:00:00+02:00 | 2023-05-12 02:00:00+02:00 | 2023-05-12 03:00:00+02:00 | 2023-05-12 04:00:00+02:00 | 2023-05-12 05:00:00+02:00 | 2023-05-12 06:00:00+02:00 | 2023-05-12 07:00:00+02:00 | 2023-05-12 08:00:00+02:00 | 2023-05-12 09:00:00+02:00 | 2023-05-12 10:00:00+02:00 | 2023-05-12 11:00:00+02:00 | 2023-05-12 12:00:00+02:00 | 2023-05-12 13:00:00+02:00 | 2023-05-12 14:00:00+02:00 | 2023-05-12 15:00:00+02:00 | 2023-05-12 16:00:00+02:00 | 2023-05-12 17:00:00+02:00 | 2023-05-12 18:00:00+02:00 | 2023-05-12 19:00:00+02:00 | 2023-05-12 20:00:00+02:00 | 2023-05-12 21:00:00+02:00 | 2023-05-12 22:00:00+02:00 | 2023-05-12 23:00:00+02:00,,,,,,,
2023-05-13 00:00:00+02:00,False,MissingInput,"24 valeurs residual_load_gw manquantes après réparation (brut=24, max_autorisé=2)",24,24,0,2023-05-13 00:00:00+02:00 | 2023-05-13 01:00:00+02:00 | 2023-05-13 02:00:00+02:00 | 2023-05-13 03:00:00+02:00 | 2023-05-13 04:00:00+02:00 | 2023-05-13 05:00:00+02:00 | 2023-05-13 06:00:00+02:00 | 2023-05-13 07:00:00+02:00 | 2023-05-13 08:00:00+02:00 | 2023-05-13 09:00:00+02:00 | 2023-05-13 10:00:00+02:00 | 2023-05-13 11:00:00+02:00 | 2023-05-13 12:00:00+02:00 | 2023-05-13 13:00:00+02:00 | 2023-05-13 14:00:00+02:00 | 2023-05-13 15:00:00+02:00 | 2023-05-13 16:00:00+02:00 | 2023-05-13 17:00:00+02:00 | 2023-05-13 18:00:00+02:00 | 2023-05-13 19:00:00+02:00 | 2023-05-13 20:00:00+02:00 | 2023-05-13 21:00:00+02:00 | 2023-05-13 22:00:00+02:00 | 2023-05-13 23:00:00+02:00,,,,,,,
2023-05-14 00:00:00+02:00,False,MissingInput,"24 valeurs residual_load_gw manquantes après réparation (brut=24, max_autorisé=2)",24,24,0,2023-05-14 00:00:00+02:00 | 2023-05-14 01:00:00+02:00 | 2023-05-14 02:00:00+02:00 | 2023-05-14 03:00:00+02:00 | 2023-05-14 04:00:00+02:00 | 2023-05-14 05:00:00+02:00 | 2023-05-14 06:00:00+02:00 | 2023-05-14 07:00:00+02:00 | 2023-05-14 08:00:00+02:00 | 2023-05-14 09:00:00+02:00 | 2023-05-14 10:00:00+02:00 | 2023-05-14 11:00:00+02:00 | 2023-05-14 12:00:00+02:00 | 2023-05-14 13:00:00+02:00 | 2023-05-14 14:00:00+02:00 | 2023-05-14 15:00:00+02:00 | 2023-05-14 16:00:00+02:00 | 2023-05-14 17:00:00+02:00 | 2023-05-14 18:00:00+02:00 | 2023-05-14 19:00:00+02:00 | 2023-05-14 20:00:00+02:00 | 2023-05-14 21:00:00+02:00 | 2023-05-14 22:00:00+02:00 | 2023-05-14 23:00:00+02:00,,,,,,,
2023-05-15 00:00:00+02:00,False,MissingInput,"24 valeurs residual_load_gw manquantes après réparation (brut=24, max_autorisé=2)",24,24,0,2023-05-15 00:00:00+02:00 | 2023-05-15 01:00:00+02:00 | 2023-05-15 02:00:00+02:00 | 2023-05-15 03:00:00+02:00 | 2023-05-15 04:00:00+02:00 | 2023-05-15 05:00:00+02:00 | 2023-05-15 06:00:00+02:00 | 2023-05-15 07:00:00+02:00 | 2023-05-15 08:00:00+02:00 | 2023-05-15 09:00:00+02:00 | 2023-05-15 10:00:00+02:00 | 2023-05-15 11:00:00+02:00 | 2023-05-15 12:00:00+02:00 | 2023-05-15 13:00:00+02:00 | 2023-05-15 14:00:00+02:00 | 2023-05-15 15:00:00+02:00 | 2023-05-15 16:00:00+02:00 | 2023-05-15 17:00:00+02:00 | 2023-05-15 18:00:00+02:00 | 2023-05-15 19:00:00+02:00 | 2023-05-15 20:00:00+02:00 | 2023-05-15 21:00:00+02:00 | 2023-05-15 22:00:00+02:00 | 2023-05-15 23:00:00+02:00,,,,,,,
2023-05-16 00:00:00+02:00,False,MissingInput,"24 valeurs residual_load_gw manquantes après réparation (brut=24, max_autorisé=2)",24,24,0,2023-05-16 00:00:00+02:00 | 2023-05-16 01:00:00+02:00 | 2023-05-16 02:00:00+02:00 | 2023-05-16 03:00:00+02:00 | 2023-05-16 04:00:00+02:00 | 2023-05-16 05:00:00+02:00 | 2023-05-16 06:00:00+02:00 | 2023-05-16 07:00:00+02:00 | 2023-05-16 08:00:00+02:00 | 2023-05-16 09:00:00+02:00 | 2023-05-16 10:00:00+02:00 | 2023-05-16 11:00:00+02:00 | 2023-05-16 12:00:00+02:00 | 2023-05-16 13:00:00+02:00 | 2023-05-16 14:00:00+02:00 | 2023-05-16 15:00:00+02:00 | 2023-05-16 16:00:00+02:00 | 2023-05-16 17:00:00+02:00 | 2023-05-16 18:00:00+02:00 | 2023-05-16 19:00:00+02:00 | 2023-05-16 20:00:00+02:00 | 2023-05-16 21:00:00+02:00 | 2023-05-16 22:00:00+02:00 | 2023-05-16 23:00:00+02:00,,,,,,,
2023-05-17 00:00:00+02:00,False,MissingInput,"24 valeurs residual_load_gw manquantes après réparation (brut=24, max_autorisé=2)",24,24,0,2023-05-17 00:00:00+02:00 | 2023-05-17 01:00:00+02:00 | 2023-05-17 02:00:00+02:00 | 2023-05-17 03:00:00+02:00 | 2023-05-17 04:00:00+02:00 | 2023-05-17 05:00:00+02:00 | 2023-05-17 06:00:00+02:00 | 2023-05-17 07:00:00+02:00 | 2023-05-17 08:00:00+02:00 | 2023-05-17 09:00:00+02:00 | 2023-05-17 10:00:00+02:00 | 2023-05-17 11:00:00+02:00 | 2023-05-17 12:00:00+02:00 | 2023-05-17 13:00:00+02:00 | 2023-05-17 14:00:00+02:00 | 2023-05-17 15:00:00+02:00 | 2023-05-17 16:00:00+02:00 | 2023-05-17 17:00:00+02:00 | 2023-05-17 18:00:00+02:00 | 2023-05-17 19:00:00+02:00 | 2023-05-17 20:00:00+02:00 | 2023-05-17 21:00:00+02:00 | 2023-05-17 22:00:00+02:00 | 2023-05-17 23:00:00+02:00,,,,,,,
2023-05-18 00:00:00+02:00,False,MissingInput,"24 valeurs residual_load_gw manquantes après réparation (brut=24, max_autorisé=2)",24,24,0,2023-05-18 00:00:00+02:00 | 2023-05-18 01:00:00+02:00 | 2023-05-18 02:00:00+02:00 | 2023-05-18 03:00:00+02:00 | 2023-05-18 04:00:00+02:00 | 2023-05-18 05:00:00+02:00 | 2023-05-18 06:00:00+02:00 | 2023-05-18 07:00:00+02:00 | 2023-05-18 08:00:00+02:00 | 2023-05-18 09:00:00+02:00 | 2023-05-18 10:00:00+02:00 | 2023-05-18 11:00:00+02:00 | 2023-05-18 12:00:00+02:00 | 2023-05-18 13:00:00+02:00 | 2023-05-18 14:00:00+02:00 | 2023-05-18 15:00:00+02:00 | 2023-05-18 16:00:00+02:00 | 2023-05-18 17:00:00+02:00 | 2023-05-18 18:00:00+02:00 | 2023-05-18 19:00:00+02:00 | 2023-05-18 20:00:00+02:00 | 2023-05-18 21:00:00+02:00 | 2023-05-18 22:00:00+02:00 | 2023-05-18 23:00:00+02:00,,,,,,,
2023-05-19 00:00:00+02:00,False,MissingInput,"24 valeurs residual_load_gw manquantes après réparation (brut=24, max_autorisé=2)",24,24,0,2023-05-19 00:00:00+02:00 | 2023-05-19 01:00:00+02:00 | 2023-05-19 02:00:00+02:00 | 2023-05-19 03:00:00+02:00 | 2023-05-19 04:00:00+02:00 | 2023-05-19 05:00:00+02:00 | 2023-05-19 06:00:00+02:00 | 2023-05-19 07:00:00+02:00 | 2023-05-19 08:00:00+02:00 | 2023-05-19 09:00:00+02:00 | 2023-05-19 10:00:00+02:00 | 2023-05-19 11:00:00+02:00 | 2023-05-19 12:00:00+02:00 | 2023-05-19 13:00:00+02:00 | 2023-05-19 14:00:00+02:00 | 2023-05-19 15:00:00+02:00 | 2023-05-19 16:00:00+02:00 | 2023-05-19 17:00:00+02:00 | 2023-05-19 18:00:00+02:00 | 2023-05-19 19:00:00+02:00 | 2023-05-19 20:00:00+02:00 | 2023-05-19 21:00:00+02:00 | 2023-05-19 22:00:00+02:00 | 2023-05-19 23:00:00+02:00,,,,,,,
2023-05-20 00:00:00+02:00,False,MissingInput,"24 valeurs residual_load_gw manquantes après réparation (brut=24, max_autorisé=2)",24,24,0,2023-05-20 00:00:00+02:00 | 2023-05-20 01:00:00+02:00 | 2023-05-20 02:00:00+02:00 | 2023-05-20 03:00:00+02:00 | 2023-05-20 04:00:00+02:00 | 2023-05-20 05:00:00+02:00 | 2023-05-20 06:00:00+02:00 | 2023-05-20 07:00:00+02:00 | 2023-05-20 08:00:00+02:00 | 2023-05-20 09:00:00+02:00 | 2023-05-20 10:00:00+02:00 | 2023-05-20 11:00:00+02:00 | 2023-05-20 12:00:00+02:00 | 2023-05-20 13:00:00+02:00 | 2023-05-20 14:00:00+02:00 | 2023-05-20 15:00:00+02:00 | 2023-05-20 16:00:00+02:00 | 2023-05-20 17:00:00+02:00 | 2023-05-20 18:00:00+02:00 | 2023-05-20 19:00:00+02:00 | 2023-05-20 20:00:00+02:00 | 2023-05-20 21:00:00+02:00 | 2023-05-20 22:00:00+02:00 | 2023-05-20 23:00:00+02:00,,,,,,,
2023-05-21 00:00:00+02:00,False,MissingInput,"24 valeurs residual_load_gw manquantes après réparation (brut=24, max_autorisé=2)",24,24,0,2023-05-21 00:00:00+02:00 | 2023-05-21 01:00:00+02:00 | 2023-05-21 02:00:00+02:00 | 2023-05-21 03:00:00+02:00 | 2023-05-21 04:00:00+02:00 | 2023-05-21 05:00:00+02:00 | 2023-05-21 06:00:00+02:00 | 2023-05-21 07:00:00+02:00 | 2023-05-21 08:00:00+02:00 | 2023-05-21 09:00:00+02:00 | 2023-05-21 10:00:00+02:00 | 2023-05-21 11:00:00+02:00 | 2023-05-21 12:00:00+02:00 | 2023-05-21 13:00:00+02:00 | 2023-05-21 14:00:00+02:00 | 2023-05-21 15:00:00+02:00 | 2023-05-21 16:00:00+02:00 | 2023-05-21 17:00:00+02:00 | 2023-05-21 18:00:00+02:00 | 2023-05-21 19:00:00+02:00 | 2023-05-21 20:00:00+02:00 | 2023-05-21 21:00:00+02:00 | 2023-05-21 22:00:00+02:00 | 2023-05-21 23:00:00+02:00,,,,,,,
2023-05-22 00:00:00+02:00,False,MissingInput,"24 valeurs residual_load_gw manquantes après réparation (brut=24, max_autorisé=2)",24,24,0,2023-05-22 00:00:00+02:00 | 2023-05-22 01:00:00+02:00 | 2023-05-22 02:00:00+02:00 | 2023-05-22 03:00:00+02:00 | 2023-05-22 04:00:00+02:00 | 2023-05-22 05:00:00+02:00 | 2023-05-22 06:00:00+02:00 | 2023-05-22 07:00:00+02:00 | 2023-05-22 08:00:00+02:00 | 2023-05-22 09:00:00+02:00 | 2023-05-22 10:00:00+02:00 | 2023-05-22 11:00:00+02:00 | 2023-05-22 12:00:00+02:00 | 2023-05-22 13:00:00+02:00 | 2023-05-22 14:00:00+02:00 | 2023-05-22 15:00:00+02:00 | 2023-05-22 16:00:00+02:00 | 2023-05-22 17:00:00+02:00 | 2023-05-22 18:00:00+02:00 | 2023-05-22 19:00:00+02:00 | 2023-05-22 20:00:00+02:00 | 2023-05-22 21:00:00+02:00 | 2023-05-22 22:00:00+02:00 | 2023-05-22 23:00:00+02:00,,,,,,,
2023-05-23 00:00:00+02:00,False,MissingInput,"24 valeurs residual_load_gw manquantes après réparation (brut=24, max_autorisé=2)",24,24,0,2023-05-23 00:00:00+02:00 | 2023-05-23 01:00:00+02:00 | 2023-05-23 02:00:00+02:00 | 2023-05-23 03:00:00+02:00 | 2023-05-23 04:00:00+02:00 | 2023-05-23 05:00:00+02:00 | 2023-05-23 06:00:00+02:00 | 2023-05-23 07:00:00+02:00 | 2023-05-23 08:00:00+02:00 | 2023-05-23 09:00:00+02:00 | 2023-05-23 10:00:00+02:00 | 2023-05-23 11:00:00+02:00 | 2023-05-23 12:00:00+02:00 | 2023-05-23 13:00:00+02:00 | 2023-05-23 14:00:00+02:00 | 2023-05-23 15:00:00+02:00 | 2023-05-23 16:00:00+02:00 | 2023-05-23 17:00:00+02:00 | 2023-05-23 18:00:00+02:00 | 2023-05-23 19:00:00+02:00 | 2023-05-23 20:00:00+02:00 | 2023-05-23 21:00:00+02:00 | 2023-05-23 22:00:00+02:00 | 2023-05-23 23:00:00+02:00,,,,,,,
2023-05-24 00:00:00+02:00,False,MissingInput,"24 valeurs residual_load_gw manquantes après réparation (brut=24, max_autorisé=2)",24,24,0,2023-05-24 00:00:00+02:00 | 2023-05-24 01:00:00+02:00 | 2023-05-24 02:00:00+02:00 | 2023-05-24 03:00:00+02:00 | 2023-05-24 04:00:00+02:00 | 2023-05-24 05:00:00+02:00 | 2023-05-24 06:00:00+02:00 | 2023-05-24 07:00:00+02:00 | 2023-05-24 08:00:00+02:00 | 2023-05-24 09:00:00+02:00 | 2023-05-24 10:00:00+02:00 | 2023-05-24 11:00:00+02:00 | 2023-05-24 12:00:00+02:00 | 2023-05-24 13:00:00+02:00 | 2023-05-24 14:00:00+02:00 | 2023-05-24 15:00:00+02:00 | 2023-05-24 16:00:00+02:00 | 2023-05-24 17:00:00+02:00 | 2023-05-24 18:00:00+02:00 | 2023-05-24 19:00:00+02:00 | 2023-05-24 20:00:00+02:00 | 2023-05-24 21:00:00+02:00 | 2023-05-24 22:00:00+02:00 | 2023-05-24 23:00:00+02:00,,,,,,,
2023-05-25 00:00:00+02:00,False,MissingInput,"24 valeurs residual_load_gw manquantes après réparation (brut=24, max_autorisé=2)",24,24,0,2023-05-25 00:00:00+02:00 | 2023-05-25 01:00:00+02:00 | 2023-05-25 02:00:00+02:00 | 2023-05-25 03:00:00+02:00 | 2023-05-25 04:00:00+02:00 | 2023-05-25 05:00:00+02:00 | 2023-05-25 06:00:00+02:00 | 2023-05-25 07:00:00+02:00 | 2023-05-25 08:00:00+02:00 | 2023-05-25 09:00:00+02:00 | 2023-05-25 10:00:00+02:00 | 2023-05-25 11:00:00+02:00 | 2023-05-25 12:00:00+02:00 | 2023-05-25 13:00:00+02:00 | 2023-05-25 14:00:00+02:00 | 2023-05-25 15:00:00+02:00 | 2023-05-25 16:00:00+02:00 | 2023-05-25 17:00:00+02:00 | 2023-05-25 18:00:00+02:00 | 2023-05-25 19:00:00+02:00 | 2023-05-25 20:00:00+02:00 | 2023-05-25 21:00:00+02:00 | 2023-05-25 22:00:00+02:00 | 2023-05-25 23:00:00+02:00,,,,,,,
2023-05-26 00:00:00+02:00,False,MissingInput,"24 valeurs residual_load_gw manquantes après réparation (brut=24, max_autorisé=2)",24,24,0,2023-05-26 00:00:00+02:00 | 2023-05-26 01:00:00+02:00 | 2023-05-26 02:00:00+02:00 | 2023-05-26 03:00:00+02:00 | 2023-05-26 04:00:00+02:00 | 2023-05-26 05:00:00+02:00 | 2023-05-26 06:00:00+02:00 | 2023-05-26 07:00:00+02:00 | 2023-05-26 08:00:00+02:00 | 2023-05-26 09:00:00+02:00 | 2023-05-26 10:00:00+02:00 | 2023-05-26 11:00:00+02:00 | 2023-05-26 12:00:00+02:00 | 2023-05-26 13:00:00+02:00 | 2023-05-26 14:00:00+02:00 | 2023-05-26 15:00:00+02:00 | 2023-05-26 16:00:00+02:00 | 2023-05-26 17:00:00+02:00 | 2023-05-26 18:00:00+02:00 | 2023-05-26 19:00:00+02:00 | 2023-05-26 20:00:00+02:00 | 2023-05-26 21:00:00+02:00 | 2023-05-26 22:00:00+02:00 | 2023-05-26 23:00:00+02:00,,,,,,,
2023-05-27 00:00:00+02:00,False,MissingInput,"24 valeurs residual_load_gw manquantes après réparation (brut=24, max_autorisé=2)",24,24,0,2023-05-27 00:00:00+02:00 | 2023-05-27 01:00:00+02:00 | 2023-05-27 02:00:00+02:00 | 2023-05-27 03:00:00+02:00 | 2023-05-27 04:00:00+02:00 | 2023-05-27 05:00:00+02:00 | 2023-05-27 06:00:00+02:00 | 2023-05-27 07:00:00+02:00 | 2023-05-27 08:00:00+02:00 | 2023-05-27 09:00:00+02:00 | 2023-05-27 10:00:00+02:00 | 2023-05-27 11:00:00+02:00 | 2023-05-27 12:00:00+02:00 | 2023-05-27 13:00:00+02:00 | 2023-05-27 14:00:00+02:00 | 2023-05-27 15:00:00+02:00 | 2023-05-27 16:00:00+02:00 | 2023-05-27 17:00:00+02:00 | 2023-05-27 18:00:00+02:00 | 2023-05-27 19:00:00+02:00 | 2023-05-27 20:00:00+02:00 | 2023-05-27 21:00:00+02:00 | 2023-05-27 22:00:00+02:00 | 2023-05-27 23:00:00+02:00,,,,,,,
2023-05-28 00:00:00+02:00,False,MissingInput,"24 valeurs residual_load_gw manquantes après réparation (brut=24, max_autorisé=2)",24,24,0,2023-05-28 00:00:00+02:00 | 2023-05-28 01:00:00+02:00 | 2023-05-28 02:00:00+02:00 | 2023-05-28 03:00:00+02:00 | 2023-05-28 04:00:00+02:00 | 2023-05-28 05:00:00+02:00 | 2023-05-28 06:00:00+02:00 | 2023-05-28 07:00:00+02:00 | 2023-05-28 08:00:00+02:00 | 2023-05-28 09:00:00+02:00 | 2023-05-28 10:00:00+02:00 | 2023-05-28 11:00:00+02:00 | 2023-05-28 12:00:00+02:00 | 2023-05-28 13:00:00+02:00 | 2023-05-28 14:00:00+02:00 | 2023-05-28 15:00:00+02:00 | 2023-05-28 16:00:00+02:00 | 2023-05-28 17:00:00+02:00 | 2023-05-28 18:00:00+02:00 | 2023-05-28 19:00:00+02:00 | 2023-05-28 20:00:00+02:00 | 2023-05-28 21:00:00+02:00 | 2023-05-28 22:00:00+02:00 | 2023-05-28 23:00:00+02:00,,,,,,,
2023-05-29 00:00:00+02:00,False,MissingInput,"24 valeurs residual_load_gw manquantes après réparation (brut=24, max_autorisé=2)",24,24,0,2023-05-29 00:00:00+02:00 | 2023-05-29 01:00:00+02:00 | 2023-05-29 02:00:00+02:00 | 2023-05-29 03:00:00+02:00 | 2023-05-29 04:00:00+02:00 | 2023-05-29 05:00:00+02:00 | 2023-05-29 06:00:00+02:00 | 2023-05-29 07:00:00+02:00 | 2023-05-29 08:00:00+02:00 | 2023-05-29 09:00:00+02:00 | 2023-05-29 10:00:00+02:00 | 2023-05-29 11:00:00+02:00 | 2023-05-29 12:00:00+02:00 | 2023-05-29 13:00:00+02:00 | 2023-05-29 14:00:00+02:00 | 2023-05-29 15:00:00+02:00 | 2023-05-29 16:00:00+02:00 | 2023-05-29 17:00:00+02:00 | 2023-05-29 18:00:00+02:00 | 2023-05-29 19:00:00+02:00 | 2023-05-29 20:00:00+02:00 | 2023-05-29 21:00:00+02:00 | 2023-05-29 22:00:00+02:00 | 2023-05-29 23:00:00+02:00,,,,,,,
2023-05-30 00:00:00+02:00,False,MissingInput,"24 valeurs residual_load_gw manquantes après réparation (brut=24, max_autorisé=2)",24,24,0,2023-05-30 00:00:00+02:00 | 2023-05-30 01:00:00+02:00 | 2023-05-30 02:00:00+02:00 | 2023-05-30 03:00:00+02:00 | 2023-05-30 04:00:00+02:00 | 2023-05-30 05:00:00+02:00 | 2023-05-30 06:00:00+02:00 | 2023-05-30 07:00:00+02:00 | 2023-05-30 08:00:00+02:00 | 2023-05-30 09:00:00+02:00 | 2023-05-30 10:00:00+02:00 | 2023-05-30 11:00:00+02:00 | 2023-05-30 12:00:00+02:00 | 2023-05-30 13:00:00+02:00 | 2023-05-30 14:00:00+02:00 | 2023-05-30 15:00:00+02:00 | 2023-05-30 16:00:00+02:00 | 2023-05-30 17:00:00+02:00 | 2023-05-30 18:00:00+02:00 | 2023-05-30 19:00:00+02:00 | 2023-05-30 20:00:00+02:00 | 2023-05-30 21:00:00+02:00 | 2023-05-30 22:00:00+02:00 | 2023-05-30 23:00:00+02:00,,,,,,,
2023-05-31 00:00:00+02:00,False,MissingInput,"24 valeurs residual_load_gw manquantes après réparation (brut=24, max_autorisé=2)",24,24,0,2023-05-31 00:00:00+02:00 | 2023-05-31 01:00:00+02:00 | 2023-05-31 02:00:00+02:00 | 2023-05-31 03:00:00+02:00 | 2023-05-31 04:00:00+02:00 | 2023-05-31 05:00:00+02:00 | 2023-05-31 06:00:00+02:00 | 2023-05-31 07:00:00+02:00 | 2023-05-31 08:00:00+02:00 | 2023-05-31 09:00:00+02:00 | 2023-05-31 10:00:00+02:00 | 2023-05-31 11:00:00+02:00 | 2023-05-31 12:00:00+02:00 | 2023-05-31 13:00:00+02:00 | 2023-05-31 14:00:00+02:00 | 2023-05-31 15:00:00+02:00 | 2023-05-31 16:00:00+02:00 | 2023-05-31 17:00:00+02:00 | 2023-05-31 18:00:00+02:00 | 2023-05-31 19:00:00+02:00 | 2023-05-31 20:00:00+02:00 | 2023-05-31 21:00:00+02:00 | 2023-05-31 22:00:00+02:00 | 2023-05-31 23:00:00+02:00,,,,,,,
2023-06-01 00:00:00+02:00,False,MissingInput,"24 valeurs residual_load_gw manquantes après réparation (brut=24, max_autorisé=2)",24,24,0,2023-06-01 00:00:00+02:00 | 2023-06-01 01:00:00+02:00 | 2023-06-01 02:00:00+02:00 | 2023-06-01 03:00:00+02:00 | 2023-06-01 04:00:00+02:00 | 2023-06-01 05:00:00+02:00 | 2023-06-01 06:00:00+02:00 | 2023-06-01 07:00:00+02:00 | 2023-06-01 08:00:00+02:00 | 2023-06-01 09:00:00+02:00 | 2023-06-01 10:00:00+02:00 | 2023-06-01 11:00:00+02:00 | 2023-06-01 12:00:00+02:00 | 2023-06-01 13:00:00+02:00 | 2023-06-01 14:00:00+02:00 | 2023-06-01 15:00:00+02:00 | 2023-06-01 16:00:00+02:00 | 2023-06-01 17:00:00+02:00 | 2023-06-01 18:00:00+02:00 | 2023-06-01 19:00:00+02:00 | 2023-06-01 20:00:00+02:00 | 2023-06-01 21:00:00+02:00 | 2023-06-01 22:00:00+02:00 | 2023-06-01 23:00:00+02:00,,,,,,,
2023-06-02 00:00:00+02:00,False,MissingInput,"24 valeurs residual_load_gw manquantes après réparation (brut=24, max_autorisé=2)",24,24,0,2023-06-02 00:00:00+02:00 | 2023-06-02 01:00:00+02:00 | 2023-06-02 02:00:00+02:00 | 2023-06-02 03:00:00+02:00 | 2023-06-02 04:00:00+02:00 | 2023-06-02 05:00:00+02:00 | 2023-06-02 06:00:00+02:00 | 2023-06-02 07:00:00+02:00 | 2023-06-02 08:00:00+02:00 | 2023-06-02 09:00:00+02:00 | 2023-06-02 10:00:00+02:00 | 2023-06-02 11:00:00+02:00 | 2023-06-02 12:00:00+02:00 | 2023-06-02 13:00:00+02:00 | 2023-06-02 14:00:00+02:00 | 2023-06-02 15:00:00+02:00 | 2023-06-02 16:00:00+02:00 | 2023-06-02 17:00:00+02:00 | 2023-06-02 18:00:00+02:00 | 2023-06-02 19:00:00+02:00 | 2023-06-02 20:00:00+02:00 | 2023-06-02 21:00:00+02:00 | 2023-06-02 22:00:00+02:00 | 2023-06-02 23:00:00+02:00,,,,,,,
2023-06-03 00:00:00+02:00,False,MissingInput,"24 valeurs residual_load_gw manquantes après réparation (brut=24, max_autorisé=2)",24,24,0,2023-06-03 00:00:00+02:00 | 2023-06-03 01:00:00+02:00 | 2023-06-03 02:00:00+02:00 | 2023-06-03 03:00:00+02:00 | 2023-06-03 04:00:00+02:00 | 2023-06-03 05:00:00+02:00 | 2023-06-03 06:00:00+02:00 | 2023-06-03 07:00:00+02:00 | 2023-06-03 08:00:00+02:00 | 2023-06-03 09:00:00+02:00 | 2023-06-03 10:00:00+02:00 | 2023-06-03 11:00:00+02:00 | 2023-06-03 12:00:00+02:00 | 2023-06-03 13:00:00+02:00 | 2023-06-03 14:00:00+02:00 | 2023-06-03 15:00:00+02:00 | 2023-06-03 16:00:00+02:00 | 2023-06-03 17:00:00+02:00 | 2023-06-03 18:00:00+02:00 | 2023-06-03 19:00:00+02:00 | 2023-06-03 20:00:00+02:00 | 2023-06-03 21:00:00+02:00 | 2023-06-03 22:00:00+02:00 | 2023-06-03 23:00:00+02:00,,,,,,,
2023-06-04 00:00:00+02:00,False,MissingInput,"24 valeurs residual_load_gw manquantes après réparation (brut=24, max_autorisé=2)",24,24,0,2023-06-04 00:00:00+02:00 | 2023-06-04 01:00:00+02:00 | 2023-06-04 02:00:00+02:00 | 2023-06-04 03:00:00+02:00 | 2023-06-04 04:00:00+02:00 | 2023-06-04 05:00:00+02:00 | 2023-06-04 06:00:00+02:00 | 2023-06-04 07:00:00+02:00 | 2023-06-04 08:00:00+02:00 | 2023-06-04 09:00:00+02:00 | 2023-06-04 10:00:00+02:00 | 2023-06-04 11:00:00+02:00 | 2023-06-04 12:00:00+02:00 | 2023-06-04 13:00:00+02:00 | 2023-06-04 14:00:00+02:00 | 2023-06-04 15:00:00+02:00 | 2023-06-04 16:00:00+02:00 | 2023-06-04 17:00:00+02:00 | 2023-06-04 18:00:00+02:00 | 2023-06-04 19:00:00+02:00 | 2023-06-04 20:00:00+02:00 | 2023-06-04 21:00:00+02:00 | 2023-06-04 22:00:00+02:00 | 2023-06-04 23:00:00+02:00,,,,,,,
2023-06-05 00:00:00+02:00,False,MissingInput,"24 valeurs residual_load_gw manquantes après réparation (brut=24, max_autorisé=2)",24,24,0,2023-06-05 00:00:00+02:00 | 2023-06-05 01:00:00+02:00 | 2023-06-05 02:00:00+02:00 | 2023-06-05 03:00:00+02:00 | 2023-06-05 04:00:00+02:00 | 2023-06-05 05:00:00+02:00 | 2023-06-05 06:00:00+02:00 | 2023-06-05 07:00:00+02:00 | 2023-06-05 08:00:00+02:00 | 2023-06-05 09:00:00+02:00 | 2023-06-05 10:00:00+02:00 | 2023-06-05 11:00:00+02:00 | 2023-06-05 12:00:00+02:00 | 2023-06-05 13:00:00+02:00 | 2023-06-05 14:00:00+02:00 | 2023-06-05 15:00:00+02:00 | 2023-06-05 16:00:00+02:00 | 2023-06-05 17:00:00+02:00 | 2023-06-05 18:00:00+02:00 | 2023-06-05 19:00:00+02:00 | 2023-06-05 20:00:00+02:00 | 2023-06-05 21:00:00+02:00 | 2023-06-05 22:00:00+02:00 | 2023-06-05 23:00:00+02:00,,,,,,,
2023-06-06 00:00:00+02:00,False,MissingInput,"24 valeurs residual_load_gw manquantes après réparation (brut=24, max_autorisé=2)",24,24,0,2023-06-06 00:00:00+02:00 | 2023-06-06 01:00:00+02:00 | 2023-06-06 02:00:00+02:00 | 2023-06-06 03:00:00+02:00 | 2023-06-06 04:00:00+02:00 | 2023-06-06 05:00:00+02:00 | 2023-06-06 06:00:00+02:00 | 2023-06-06 07:00:00+02:00 | 2023-06-06 08:00:00+02:00 | 2023-06-06 09:00:00+02:00 | 2023-06-06 10:00:00+02:00 | 2023-06-06 11:00:00+02:00 | 2023-06-06 12:00:00+02:00 | 2023-06-06 13:00:00+02:00 | 2023-06-06 14:00:00+02:00 | 2023-06-06 15:00:00+02:00 | 2023-06-06 16:00:00+02:00 | 2023-06-06 17:00:00+02:00 | 2023-06-06 18:00:00+02:00 | 2023-06-06 19:00:00+02:00 | 2023-06-06 20:00:00+02:00 | 2023-06-06 21:00:00+02:00 | 2023-06-06 22:00:00+02:00 | 2023-06-06 23:00:00+02:00,,,,,,,
2023-06-07 00:00:00+02:00,False,MissingInput,"24 valeurs residual_load_gw manquantes après réparation (brut=24, max_autorisé=2)",24,24,0,2023-06-07 00:00:00+02:00 | 2023-06-07 01:00:00+02:00 | 2023-06-07 02:00:00+02:00 | 2023-06-07 03:00:00+02:00 | 2023-06-07 04:00:00+02:00 | 2023-06-07 05:00:00+02:00 | 2023-06-07 06:00:00+02:00 | 2023-06-07 07:00:00+02:00 | 2023-06-07 08:00:00+02:00 | 2023-06-07 09:00:00+02:00 | 2023-06-07 10:00:00+02:00 | 2023-06-07 11:00:00+02:00 | 2023-06-07 12:00:00+02:00 | 2023-06-07 13:00:00+02:00 | 2023-06-07 14:00:00+02:00 | 2023-06-07 15:00:00+02:00 | 2023-06-07 16:00:00+02:00 | 2023-06-07 17:00:00+02:00 | 2023-06-07 18:00:00+02:00 | 2023-06-07 19:00:00+02:00 | 2023-06-07 20:00:00+02:00 | 2023-06-07 21:00:00+02:00 | 2023-06-07 22:00:00+02:00 | 2023-06-07 23:00:00+02:00,,,,,,,
2023-06-08 00:00:00+02:00,False,MissingInput,"24 valeurs residual_load_gw manquantes après réparation (brut=24, max_autorisé=2)",24,24,0,2023-06-08 00:00:00+02:00 | 2023-06-08 01:00:00+02:00 | 2023-06-08 02:00:00+02:00 | 2023-06-08 03:00:00+02:00 | 2023-06-08 04:00:00+02:00 | 2023-06-08 05:00:00+02:00 | 2023-06-08 06:00:00+02:00 | 2023-06-08 07:00:00+02:00 | 2023-06-08 08:00:00+02:00 | 2023-06-08 09:00:00+02:00 | 2023-06-08 10:00:00+02:00 | 2023-06-08 11:00:00+02:00 | 2023-06-08 12:00:00+02:00 | 2023-06-08 13:00:00+02:00 | 2023-06-08 14:00:00+02:00 | 2023-06-08 15:00:00+02:00 | 2023-06-08 16:00:00+02:00 | 2023-06-08 17:00:00+02:00 | 2023-06-08 18:00:00+02:00 | 2023-06-08 19:00:00+02:00 | 2023-06-08 20:00:00+02:00 | 2023-06-08 21:00:00+02:00 | 2023-06-08 22:00:00+02:00 | 2023-06-08 23:00:00+02:00,,,,,,,
2023-06-09 00:00:00+02:00,False,MissingInput,"24 valeurs residual_load_gw manquantes après réparation (brut=24, max_autorisé=2)",24,24,0,2023-06-09 00:00:00+02:00 | 2023-06-09 01:00:00+02:00 | 2023-06-09 02:00:00+02:00 | 2023-06-09 03:00:00+02:00 | 2023-06-09 04:00:00+02:00 | 2023-06-09 05:00:00+02:00 | 2023-06-09 06:00:00+02:00 | 2023-06-09 07:00:00+02:00 | 2023-06-09 08:00:00+02:00 | 2023-06-09 09:00:00+02:00 | 2023-06-09 10:00:00+02:00 | 2023-06-09 11:00:00+02:00 | 2023-06-09 12:00:00+02:00 | 2023-06-09 13:00:00+02:00 | 2023-06-09 14:00:00+02:00 | 2023-06-09 15:00:00+02:00 | 2023-06-09 16:00:00+02:00 | 2023-06-09 17:00:00+02:00 | 2023-06-09 18:00:00+02:00 | 2023-06-09 19:00:00+02:00 | 2023-06-09 20:00:00+02:00 | 2023-06-09 21:00:00+02:00 | 2023-06-09 22:00:00+02:00 | 2023-06-09 23:00:00+02:00,,,,,,,
2023-06-10 00:00:00+02:00,False,MissingInput,"24 valeurs residual_load_gw manquantes après réparation (brut=24, max_autorisé=2)",24,24,0,2023-06-10 00:00:00+02:00 | 2023-06-10 01:00:00+02:00 | 2023-06-10 02:00:00+02:00 | 2023-06-10 03:00:00+02:00 | 2023-06-10 04:00:00+02:00 | 2023-06-10 05:00:00+02:00 | 2023-06-10 06:00:00+02:00 | 2023-06-10 07:00:00+02:00 | 2023-06-10 08:00:00+02:00 | 2023-06-10 09:00:00+02:00 | 2023-06-10 10:00:00+02:00 | 2023-06-10 11:00:00+02:00 | 2023-06-10 12:00:00+02:00 | 2023-06-10 13:00:00+02:00 | 2023-06-10 14:00:00+02:00 | 2023-06-10 15:00:00+02:00 | 2023-06-10 16:00:00+02:00 | 2023-06-10 17:00:00+02:00 | 2023-06-10 18:00:00+02:00 | 2023-06-10 19:00:00+02:00 | 2023-06-10 20:00:00+02:00 | 2023-06-10 21:00:00+02:00 | 2023-06-10 22:00:00+02:00 | 2023-06-10 23:00:00+02:00,,,,,,,
2023-06-11 00:00:00+02:00,False,MissingInput,"24 valeurs residual_load_gw manquantes après réparation (brut=24, max_autorisé=2)",24,24,0,2023-06-11 00:00:00+02:00 | 2023-06-11 01:00:00+02:00 | 2023-06-11 02:00:00+02:00 | 2023-06-11 03:00:00+02:00 | 2023-06-11 04:00:00+02:00 | 2023-06-11 05:00:00+02:00 | 2023-06-11 06:00:00+02:00 | 2023-06-11 07:00:00+02:00 | 2023-06-11 08:00:00+02:00 | 2023-06-11 09:00:00+02:00 | 2023-06-11 10:00:00+02:00 | 2023-06-11 11:00:00+02:00 | 2023-06-11 12:00:00+02:00 | 2023-06-11 13:00:00+02:00 | 2023-06-11 14:00:00+02:00 | 2023-06-11 15:00:00+02:00 | 2023-06-11 16:00:00+02:00 | 2023-06-11 17:00:00+02:00 | 2023-06-11 18:00:00+02:00 | 2023-06-11 19:00:00+02:00 | 2023-06-11 20:00:00+02:00 | 2023-06-11 21:00:00+02:00 | 2023-06-11 22:00:00+02:00 | 2023-06-11 23:00:00+02:00,,,,,,,
2023-06-12 00:00:00+02:00,False,MissingInput,"24 valeurs residual_load_gw manquantes après réparation (brut=24, max_autorisé=2)",24,24,0,2023-06-12 00:00:00+02:00 | 2023-06-12 01:00:00+02:00 | 2023-06-12 02:00:00+02:00 | 2023-06-12 03:00:00+02:00 | 2023-06-12 04:00:00+02:00 | 2023-06-12 05:00:00+02:00 | 2023-06-12 06:00:00+02:00 | 2023-06-12 07:00:00+02:00 | 2023-06-12 08:00:00+02:00 | 2023-06-12 09:00:00+02:00 | 2023-06-12 10:00:00+02:00 | 2023-06-12 11:00:00+02:00 | 2023-06-12 12:00:00+02:00 | 2023-06-12 13:00:00+02:00 | 2023-06-12 14:00:00+02:00 | 2023-06-12 15:00:00+02:00 | 2023-06-12 16:00:00+02:00 | 2023-06-12 17:00:00+02:00 | 2023-06-12 18:00:00+02:00 | 2023-06-12 19:00:00+02:00 | 2023-06-12 20:00:00+02:00 | 2023-06-12 21:00:00+02:00 | 2023-06-12 22:00:00+02:00 | 2023-06-12 23:00:00+02:00,,,,,,,
2023-06-13 00:00:00+02:00,False,MissingInput,"24 valeurs residual_load_gw manquantes après réparation (brut=24, max_autorisé=2)",24,24,0,2023-06-13 00:00:00+02:00 | 2023-06-13 01:00:00+02:00 | 2023-06-13 02:00:00+02:00 | 2023-06-13 03:00:00+02:00 | 2023-06-13 04:00:00+02:00 | 2023-06-13 05:00:00+02:00 | 2023-06-13 06:00:00+02:00 | 2023-06-13 07:00:00+02:00 | 2023-06-13 08:00:00+02:00 | 2023-06-13 09:00:00+02:00 | 2023-06-13 10:00:00+02:00 | 2023-06-13 11:00:00+02:00 | 2023-06-13 12:00:00+02:00 | 2023-06-13 13:00:00+02:00 | 2023-06-13 14:00:00+02:00 | 2023-06-13 15:00:00+02:00 | 2023-06-13 16:00:00+02:00 | 2023-06-13 17:00:00+02:00 | 2023-06-13 18:00:00+02:00 | 2023-06-13 19:00:00+02:00 | 2023-06-13 20:00:00+02:00 | 2023-06-13 21:00:00+02:00 | 2023-06-13 22:00:00+02:00 | 2023-06-13 23:00:00+02:00,,,,,,,
2023-06-14 00:00:00+02:00,False,MissingInput,"24 valeurs residual_load_gw manquantes après réparation (brut=24, max_autorisé=2)",24,24,0,2023-06-14 00:00:00+02:00 | 2023-06-14 01:00:00+02:00 | 2023-06-14 02:00:00+02:00 | 2023-06-14 03:00:00+02:00 | 2023-06-14 04:00:00+02:00 | 2023-06-14 05:00:00+02:00 | 2023-06-14 06:00:00+02:00 | 2023-06-14 07:00:00+02:00 | 2023-06-14 08:00:00+02:00 | 2023-06-14 09:00:00+02:00 | 2023-06-14 10:00:00+02:00 | 2023-06-14 11:00:00+02:00 | 2023-06-14 12:00:00+02:00 | 2023-06-14 13:00:00+02:00 | 2023-06-14 14:00:00+02:00 | 2023-06-14 15:00:00+02:00 | 2023-06-14 16:00:00+02:00 | 2023-06-14 17:00:00+02:00 | 2023-06-14 18:00:00+02:00 | 2023-06-14 19:00:00+02:00 | 2023-06-14 20:00:00+02:00 | 2023-06-14 21:00:00+02:00 | 2023-06-14 22:00:00+02:00 | 2023-06-14 23:00:00+02:00,,,,,,,
2023-06-15 00:00:00+02:00,False,MissingInput,"24 valeurs residual_load_gw manquantes après réparation (brut=24, max_autorisé=2)",24,24,0,2023-06-15 00:00:00+02:00 | 2023-06-15 01:00:00+02:00 | 2023-06-15 02:00:00+02:00 | 2023-06-15 03:00:00+02:00 | 2023-06-15 04:00:00+02:00 | 2023-06-15 05:00:00+02:00 | 2023-06-15 06:00:00+02:00 | 2023-06-15 07:00:00+02:00 | 2023-06-15 08:00:00+02:00 | 2023-06-15 09:00:00+02:00 | 2023-06-15 10:00:00+02:00 | 2023-06-15 11:00:00+02:00 | 2023-06-15 12:00:00+02:00 | 2023-06-15 13:00:00+02:00 | 2023-06-15 14:00:00+02:00 | 2023-06-15 15:00:00+02:00 | 2023-06-15 16:00:00+02:00 | 2023-06-15 17:00:00+02:00 | 2023-06-15 18:00:00+02:00 | 2023-06-15 19:00:00+02:00 | 2023-06-15 20:00:00+02:00 | 2023-06-15 21:00:00+02:00 | 2023-06-15 22:00:00+02:00 | 2023-06-15 23:00:00+02:00,,,,,,,
2023-06-16 00:00:00+02:00,False,MissingInput,"24 valeurs residual_load_gw manquantes après réparation (brut=24, max_autorisé=2)",24,24,0,2023-06-16 00:00:00+02:00 | 2023-06-16 01:00:00+02:00 | 2023-06-16 02:00:00+02:00 | 2023-06-16 03:00:00+02:00 | 2023-06-16 04:00:00+02:00 | 2023-06-16 05:00:00+02:00 | 2023-06-16 06:00:00+02:00 | 2023-06-16 07:00:00+02:00 | 2023-06-16 08:00:00+02:00 | 2023-06-16 09:00:00+02:00 | 2023-06-16 10:00:00+02:00 | 2023-06-16 11:00:00+02:00 | 2023-06-16 12:00:00+02:00 | 2023-06-16 13:00:00+02:00 | 2023-06-16 14:00:00+02:00 | 2023-06-16 15:00:00+02:00 | 2023-06-16 16:00:00+02:00 | 2023-06-16 17:00:00+02:00 | 2023-06-16 18:00:00+02:00 | 2023-06-16 19:00:00+02:00 | 2023-06-16 20:00:00+02:00 | 2023-06-16 21:00:00+02:00 | 2023-06-16 22:00:00+02:00 | 2023-06-16 23:00:00+02:00,,,,,,,
2023-06-17 00:00:00+02:00,False,MissingInput,"24 valeurs residual_load_gw manquantes après réparation (brut=24, max_autorisé=2)",24,24,0,2023-06-17 00:00:00+02:00 | 2023-06-17 01:00:00+02:00 | 2023-06-17 02:00:00+02:00 | 2023-06-17 03:00:00+02:00 | 2023-06-17 04:00:00+02:00 | 2023-06-17 05:00:00+02:00 | 2023-06-17 06:00:00+02:00 | 2023-06-17 07:00:00+02:00 | 2023-06-17 08:00:00+02:00 | 2023-06-17 09:00:00+02:00 | 2023-06-17 10:00:00+02:00 | 2023-06-17 11:00:00+02:00 | 2023-06-17 12:00:00+02:00 | 2023-06-17 13:00:00+02:00 | 2023-06-17 14:00:00+02:00 | 2023-06-17 15:00:00+02:00 | 2023-06-17 16:00:00+02:00 | 2023-06-17 17:00:00+02:00 | 2023-06-17 18:00:00+02:00 | 2023-06-17 19:00:00+02:00 | 2023-06-17 20:00:00+02:00 | 2023-06-17 21:00:00+02:00 | 2023-06-17 22:00:00+02:00 | 2023-06-17 23:00:00+02:00,,,,,,,
2023-06-18 00:00:00+02:00,False,MissingInput,"24 valeurs residual_load_gw manquantes après réparation (brut=24, max_autorisé=2)",24,24,0,2023-06-18 00:00:00+02:00 | 2023-06-18 01:00:00+02:00 | 2023-06-18 02:00:00+02:00 | 2023-06-18 03:00:00+02:00 | 2023-06-18 04:00:00+02:00 | 2023-06-18 05:00:00+02:00 | 2023-06-18 06:00:00+02:00 | 2023-06-18 07:00:00+02:00 | 2023-06-18 08:00:00+02:00 | 2023-06-18 09:00:00+02:00 | 2023-06-18 10:00:00+02:00 | 2023-06-18 11:00:00+02:00 | 2023-06-18 12:00:00+02:00 | 2023-06-18 13:00:00+02:00 | 2023-06-18 14:00:00+02:00 | 2023-06-18 15:00:00+02:00 | 2023-06-18 16:00:00+02:00 | 2023-06-18 17:00:00+02:00 | 2023-06-18 18:00:00+02:00 | 2023-06-18 19:00:00+02:00 | 2023-06-18 20:00:00+02:00 | 2023-06-18 21:00:00+02:00 | 2023-06-18 22:00:00+02:00 | 2023-06-18 23:00:00+02:00,,,,,,,
2023-06-19 00:00:00+02:00,False,MissingInput,"24 valeurs residual_load_gw manquantes après réparation (brut=24, max_autorisé=2)",24,24,0,2023-06-19 00:00:00+02:00 | 2023-06-19 01:00:00+02:00 | 2023-06-19 02:00:00+02:00 | 2023-06-19 03:00:00+02:00 | 2023-06-19 04:00:00+02:00 | 2023-06-19 05:00:00+02:00 | 2023-06-19 06:00:00+02:00 | 2023-06-19 07:00:00+02:00 | 2023-06-19 08:00:00+02:00 | 2023-06-19 09:00:00+02:00 | 2023-06-19 10:00:00+02:00 | 2023-06-19 11:00:00+02:00 | 2023-06-19 12:00:00+02:00 | 2023-06-19 13:00:00+02:00 | 2023-06-19 14:00:00+02:00 | 2023-06-19 15:00:00+02:00 | 2023-06-19 16:00:00+02:00 | 2023-06-19 17:00:00+02:00 | 2023-06-19 18:00:00+02:00 | 2023-06-19 19:00:00+02:00 | 2023-06-19 20:00:00+02:00 | 2023-06-19 21:00:00+02:00 | 2023-06-19 22:00:00+02:00 | 2023-06-19 23:00:00+02:00,,,,,,,
2023-06-20 00:00:00+02:00,False,MissingInput,"24 valeurs residual_load_gw manquantes après réparation (brut=24, max_autorisé=2)",24,24,0,2023-06-20 00:00:00+02:00 | 2023-06-20 01:00:00+02:00 | 2023-06-20 02:00:00+02:00 | 2023-06-20 03:00:00+02:00 | 2023-06-20 04:00:00+02:00 | 2023-06-20 05:00:00+02:00 | 2023-06-20 06:00:00+02:00 | 2023-06-20 07:00:00+02:00 | 2023-06-20 08:00:00+02:00 | 2023-06-20 09:00:00+02:00 | 2023-06-20 10:00:00+02:00 | 2023-06-20 11:00:00+02:00 | 2023-06-20 12:00:00+02:00 | 2023-06-20 13:00:00+02:00 | 2023-06-20 14:00:00+02:00 | 2023-06-20 15:00:00+02:00 | 2023-06-20 16:00:00+02:00 | 2023-06-20 17:00:00+02:00 | 2023-06-20 18:00:00+02:00 | 2023-06-20 19:00:00+02:00 | 2023-06-20 20:00:00+02:00 | 2023-06-20 21:00:00+02:00 | 2023-06-20 22:00:00+02:00 | 2023-06-20 23:00:00+02:00,,,,,,,
2023-06-21 00:00:00+02:00,False,MissingInput,"24 valeurs residual_load_gw manquantes après réparation (brut=24, max_autorisé=2)",24,24,0,2023-06-21 00:00:00+02:00 | 2023-06-21 01:00:00+02:00 | 2023-06-21 02:00:00+02:00 | 2023-06-21 03:00:00+02:00 | 2023-06-21 04:00:00+02:00 | 2023-06-21 05:00:00+02:00 | 2023-06-21 06:00:00+02:00 | 2023-06-21 07:00:00+02:00 | 2023-06-21 08:00:00+02:00 | 2023-06-21 09:00:00+02:00 | 2023-06-21 10:00:00+02:00 | 2023-06-21 11:00:00+02:00 | 2023-06-21 12:00:00+02:00 | 2023-06-21 13:00:00+02:00 | 2023-06-21 14:00:00+02:00 | 2023-06-21 15:00:00+02:00 | 2023-06-21 16:00:00+02:00 | 2023-06-21 17:00:00+02:00 | 2023-06-21 18:00:00+02:00 | 2023-06-21 19:00:00+02:00 | 2023-06-21 20:00:00+02:00 | 2023-06-21 21:00:00+02:00 | 2023-06-21 22:00:00+02:00 | 2023-06-21 23:00:00+02:00,,,,,,,
2023-06-22 00:00:00+02:00,False,MissingInput,"24 valeurs residual_load_gw manquantes après réparation (brut=24, max_autorisé=2)",24,24,0,2023-06-22 00:00:00+02:00 | 2023-06-22 01:00:00+02:00 | 2023-06-22 02:00:00+02:00 | 2023-06-22 03:00:00+02:00 | 2023-06-22 04:00:00+02:00 | 2023-06-22 05:00:00+02:00 | 2023-06-22 06:00:00+02:00 | 2023-06-22 07:00:00+02:00 | 2023-06-22 08:00:00+02:00 | 2023-06-22 09:00:00+02:00 | 2023-06-22 10:00:00+02:00 | 2023-06-22 11:00:00+02:00 | 2023-06-22 12:00:00+02:00 | 2023-06-22 13:00:00+02:00 | 2023-06-22 14:00:00+02:00 | 2023-06-22 15:00:00+02:00 | 2023-06-22 16:00:00+02:00 | 2023-06-22 17:00:00+02:00 | 2023-06-22 18:00:00+02:00 | 2023-06-22 19:00:00+02:00 | 2023-06-22 20:00:00+02:00 | 2023-06-22 21:00:00+02:00 | 2023-06-22 22:00:00+02:00 | 2023-06-22 23:00:00+02:00,,,,,,,
2023-06-23 00:00:00+02:00,False,MissingInput,"24 valeurs residual_load_gw manquantes après réparation (brut=24, max_autorisé=2)",24,24,0,2023-06-23 00:00:00+02:00 | 2023-06-23 01:00:00+02:00 | 2023-06-23 02:00:00+02:00 | 2023-06-23 03:00:00+02:00 | 2023-06-23 04:00:00+02:00 | 2023-06-23 05:00:00+02:00 | 2023-06-23 06:00:00+02:00 | 2023-06-23 07:00:00+02:00 | 2023-06-23 08:00:00+02:00 | 2023-06-23 09:00:00+02:00 | 2023-06-23 10:00:00+02:00 | 2023-06-23 11:00:00+02:00 | 2023-06-23 12:00:00+02:00 | 2023-06-23 13:00:00+02:00 | 2023-06-23 14:00:00+02:00 | 2023-06-23 15:00:00+02:00 | 2023-06-23 16:00:00+02:00 | 2023-06-23 17:00:00+02:00 | 2023-06-23 18:00:00+02:00 | 2023-06-23 19:00:00+02:00 | 2023-06-23 20:00:00+02:00 | 2023-06-23 21:00:00+02:00 | 2023-06-23 22:00:00+02:00 | 2023-06-23 23:00:00+02:00,,,,,,,
2023-06-24 00:00:00+02:00,False,MissingInput,"24 valeurs residual_load_gw manquantes après réparation (brut=24, max_autorisé=2)",24,24,0,2023-06-24 00:00:00+02:00 | 2023-06-24 01:00:00+02:00 | 2023-06-24 02:00:00+02:00 | 2023-06-24 03:00:00+02:00 | 2023-06-24 04:00:00+02:00 | 2023-06-24 05:00:00+02:00 | 2023-06-24 06:00:00+02:00 | 2023-06-24 07:00:00+02:00 | 2023-06-24 08:00:00+02:00 | 2023-06-24 09:00:00+02:00 | 2023-06-24 10:00:00+02:00 | 2023-06-24 11:00:00+02:00 | 2023-06-24 12:00:00+02:00 | 2023-06-24 13:00:00+02:00 | 2023-06-24 14:00:00+02:00 | 2023-06-24 15:00:00+02:00 | 2023-06-24 16:00:00+02:00 | 2023-06-24 17:00:00+02:00 | 2023-06-24 18:00:00+02:00 | 2023-06-24 19:00:00+02:00 | 2023-06-24 20:00:00+02:00 | 2023-06-24 21:00:00+02:00 | 2023-06-24 22:00:00+02:00 | 2023-06-24 23:00:00+02:00,,,,,,,
2023-06-25 00:00:00+02:00,False,MissingInput,"24 valeurs residual_load_gw manquantes après réparation (brut=24, max_autorisé=2)",24,24,0,2023-06-25 00:00:00+02:00 | 2023-06-25 01:00:00+02:00 | 2023-06-25 02:00:00+02:00 | 2023-06-25 03:00:00+02:00 | 2023-06-25 04:00:00+02:00 | 2023-06-25 05:00:00+02:00 | 2023-06-25 06:00:00+02:00 | 2023-06-25 07:00:00+02:00 | 2023-06-25 08:00:00+02:00 | 2023-06-25 09:00:00+02:00 | 2023-06-25 10:00:00+02:00 | 2023-06-25 11:00:00+02:00 | 2023-06-25 12:00:00+02:00 | 2023-06-25 13:00:00+02:00 | 2023-06-25 14:00:00+02:00 | 2023-06-25 15:00:00+02:00 | 2023-06-25 16:00:00+02:00 | 2023-06-25 17:00:00+02:00 | 2023-06-25 18:00:00+02:00 | 2023-06-25 19:00:00+02:00 | 2023-06-25 20:00:00+02:00 | 2023-06-25 21:00:00+02:00 | 2023-06-25 22:00:00+02:00 | 2023-06-25 23:00:00+02:00,,,,,,,
2023-06-26 00:00:00+02:00,False,MissingInput,"24 valeurs residual_load_gw manquantes après réparation (brut=24, max_autorisé=2)",24,24,0,2023-06-26 00:00:00+02:00 | 2023-06-26 01:00:00+02:00 | 2023-06-26 02:00:00+02:00 | 2023-06-26 03:00:00+02:00 | 2023-06-26 04:00:00+02:00 | 2023-06-26 05:00:00+02:00 | 2023-06-26 06:00:00+02:00 | 2023-06-26 07:00:00+02:00 | 2023-06-26 08:00:00+02:00 | 2023-06-26 09:00:00+02:00 | 2023-06-26 10:00:00+02:00 | 2023-06-26 11:00:00+02:00 | 2023-06-26 12:00:00+02:00 | 2023-06-26 13:00:00+02:00 | 2023-06-26 14:00:00+02:00 | 2023-06-26 15:00:00+02:00 | 2023-06-26 16:00:00+02:00 | 2023-06-26 17:00:00+02:00 | 2023-06-26 18:00:00+02:00 | 2023-06-26 19:00:00+02:00 | 2023-06-26 20:00:00+02:00 | 2023-06-26 21:00:00+02:00 | 2023-06-26 22:00:00+02:00 | 2023-06-26 23:00:00+02:00,,,,,,,
2023-06-27 00:00:00+02:00,False,MissingInput,"24 valeurs residual_load_gw manquantes après réparation (brut=24, max_autorisé=2)",24,24,0,2023-06-27 00:00:00+02:00 | 2023-06-27 01:00:00+02:00 | 2023-06-27 02:00:00+02:00 | 2023-06-27 03:00:00+02:00 | 2023-06-27 04:00:00+02:00 | 2023-06-27 05:00:00+02:00 | 2023-06-27 06:00:00+02:00 | 2023-06-27 07:00:00+02:00 | 2023-06-27 08:00:00+02:00 | 2023-06-27 09:00:00+02:00 | 2023-06-27 10:00:00+02:00 | 2023-06-27 11:00:00+02:00 | 2023-06-27 12:00:00+02:00 | 2023-06-27 13:00:00+02:00 | 2023-06-27 14:00:00+02:00 | 2023-06-27 15:00:00+02:00 | 2023-06-27 16:00:00+02:00 | 2023-06-27 17:00:00+02:00 | 2023-06-27 18:00:00+02:00 | 2023-06-27 19:00:00+02:00 | 2023-06-27 20:00:00+02:00 | 2023-06-27 21:00:00+02:00 | 2023-06-27 22:00:00+02:00 | 2023-06-27 23:00:00+02:00,,,,,,,
2023-06-28 00:00:00+02:00,False,MissingInput,"24 valeurs residual_load_gw manquantes après réparation (brut=24, max_autorisé=2)",24,24,0,2023-06-28 00:00:00+02:00 | 2023-06-28 01:00:00+02:00 | 2023-06-28 02:00:00+02:00 | 2023-06-28 03:00:00+02:00 | 2023-06-28 04:00:00+02:00 | 2023-06-28 05:00:00+02:00 | 2023-06-28 06:00:00+02:00 | 2023-06-28 07:00:00+02:00 | 2023-06-28 08:00:00+02:00 | 2023-06-28 09:00:00+02:00 | 2023-06-28 10:00:00+02:00 | 2023-06-28 11:00:00+02:00 | 2023-06-28 12:00:00+02:00 | 2023-06-28 13:00:00+02:00 | 2023-06-28 14:00:00+02:00 | 2023-06-28 15:00:00+02:00 | 2023-06-28 16:00:00+02:00 | 2023-06-28 17:00:00+02:00 | 2023-06-28 18:00:00+02:00 | 2023-06-28 19:00:00+02:00 | 2023-06-28 20:00:00+02:00 | 2023-06-28 21:00:00+02:00 | 2023-06-28 22:00:00+02:00 | 2023-06-28 23:00:00+02:00,,,,,,,
2023-06-29 00:00:00+02:00,False,MissingInput,"24 valeurs residual_load_gw manquantes après réparation (brut=24, max_autorisé=2)",24,24,0,2023-06-29 00:00:00+02:00 | 2023-06-29 01:00:00+02:00 | 2023-06-29 02:00:00+02:00 | 2023-06-29 03:00:00+02:00 | 2023-06-29 04:00:00+02:00 | 2023-06-29 05:00:00+02:00 | 2023-06-29 06:00:00+02:00 | 2023-06-29 07:00:00+02:00 | 2023-06-29 08:00:00+02:00 | 2023-06-29 09:00:00+02:00 | 2023-06-29 10:00:00+02:00 | 2023-06-29 11:00:00+02:00 | 2023-06-29 12:00:00+02:00 | 2023-06-29 13:00:00+02:00 | 2023-06-29 14:00:00+02:00 | 2023-06-29 15:00:00+02:00 | 2023-06-29 16:00:00+02:00 | 2023-06-29 17:00:00+02:00 | 2023-06-29 18:00:00+02:00 | 2023-06-29 19:00:00+02:00 | 2023-06-29 20:00:00+02:00 | 2023-06-29 21:00:00+02:00 | 2023-06-29 22:00:00+02:00 | 2023-06-29 23:00:00+02:00,,,,,,,
2023-06-30 00:00:00+02:00,False,MissingInput,"24 valeurs residual_load_gw manquantes après réparation (brut=24, max_autorisé=2)",24,24,0,2023-06-30 00:00:00+02:00 | 2023-06-30 01:00:00+02:00 | 2023-06-30 02:00:00+02:00 | 2023-06-30 03:00:00+02:00 | 2023-06-30 04:00:00+02:00 | 2023-06-30 05:00:00+02:00 | 2023-06-30 06:00:00+02:00 | 2023-06-30 07:00:00+02:00 | 2023-06-30 08:00:00+02:00 | 2023-06-30 09:00:00+02:00 | 2023-06-30 10:00:00+02:00 | 2023-06-30 11:00:00+02:00 | 2023-06-30 12:00:00+02:00 | 2023-06-30 13:00:00+02:00 | 2023-06-30 14:00:00+02:00 | 2023-06-30 15:00:00+02:00 | 2023-06-30 16:00:00+02:00 | 2023-06-30 17:00:00+02:00 | 2023-06-30 18:00:00+02:00 | 2023-06-30 19:00:00+02:00 | 2023-06-30 20:00:00+02:00 | 2023-06-30 21:00:00+02:00 | 2023-06-30 22:00:00+02:00 | 2023-06-30 23:00:00+02:00,,,,,,,
2023-07-01 00:00:00+02:00,False,MissingInput,"24 valeurs residual_load_gw manquantes après réparation (brut=24, max_autorisé=2)",24,24,0,2023-07-01 00:00:00+02:00 | 2023-07-01 01:00:00+02:00 | 2023-07-01 02:00:00+02:00 | 2023-07-01 03:00:00+02:00 | 2023-07-01 04:00:00+02:00 | 2023-07-01 05:00:00+02:00 | 2023-07-01 06:00:00+02:00 | 2023-07-01 07:00:00+02:00 | 2023-07-01 08:00:00+02:00 | 2023-07-01 09:00:00+02:00 | 2023-07-01 10:00:00+02:00 | 2023-07-01 11:00:00+02:00 | 2023-07-01 12:00:00+02:00 | 2023-07-01 13:00:00+02:00 | 2023-07-01 14:00:00+02:00 | 2023-07-01 15:00:00+02:00 | 2023-07-01 16:00:00+02:00 | 2023-07-01 17:00:00+02:00 | 2023-07-01 18:00:00+02:00 | 2023-07-01 19:00:00+02:00 | 2023-07-01 20:00:00+02:00 | 2023-07-01 21:00:00+02:00 | 2023-07-01 22:00:00+02:00 | 2023-07-01 23:00:00+02:00,,,,,,,
2023-07-02 00:00:00+02:00,False,MissingInput,"24 valeurs residual_load_gw manquantes après réparation (brut=24, max_autorisé=2)",24,24,0,2023-07-02 00:00:00+02:00 | 2023-07-02 01:00:00+02:00 | 2023-07-02 02:00:00+02:00 | 2023-07-02 03:00:00+02:00 | 2023-07-02 04:00:00+02:00 | 2023-07-02 05:00:00+02:00 | 2023-07-02 06:00:00+02:00 | 2023-07-02 07:00:00+02:00 | 2023-07-02 08:00:00+02:00 | 2023-07-02 09:00:00+02:00 | 2023-07-02 10:00:00+02:00 | 2023-07-02 11:00:00+02:00 | 2023-07-02 12:00:00+02:00 | 2023-07-02 13:00:00+02:00 | 2023-07-02 14:00:00+02:00 | 2023-07-02 15:00:00+02:00 | 2023-07-02 16:00:00+02:00 | 2023-07-02 17:00:00+02:00 | 2023-07-02 18:00:00+02:00 | 2023-07-02 19:00:00+02:00 | 2023-07-02 20:00:00+02:00 | 2023-07-02 21:00:00+02:00 | 2023-07-02 22:00:00+02:00 | 2023-07-02 23:00:00+02:00,,,,,,,
2023-07-03 00:00:00+02:00,False,MissingInput,"24 valeurs residual_load_gw manquantes après réparation (brut=24, max_autorisé=2)",24,24,0,2023-07-03 00:00:00+02:00 | 2023-07-03 01:00:00+02:00 | 2023-07-03 02:00:00+02:00 | 2023-07-03 03:00:00+02:00 | 2023-07-03 04:00:00+02:00 | 2023-07-03 05:00:00+02:00 | 2023-07-03 06:00:00+02:00 | 2023-07-03 07:00:00+02:00 | 2023-07-03 08:00:00+02:00 | 2023-07-03 09:00:00+02:00 | 2023-07-03 10:00:00+02:00 | 2023-07-03 11:00:00+02:00 | 2023-07-03 12:00:00+02:00 | 2023-07-03 13:00:00+02:00 | 2023-07-03 14:00:00+02:00 | 2023-07-03 15:00:00+02:00 | 2023-07-03 16:00:00+02:00 | 2023-07-03 17:00:00+02:00 | 2023-07-03 18:00:00+02:00 | 2023-07-03 19:00:00+02:00 | 2023-07-03 20:00:00+02:00 | 2023-07-03 21:00:00+02:00 | 2023-07-03 22:00:00+02:00 | 2023-07-03 23:00:00+02:00,,,,,,,
2023-07-04 00:00:00+02:00,False,MissingInput,"24 valeurs residual_load_gw manquantes après réparation (brut=24, max_autorisé=2)",24,24,0,2023-07-04 00:00:00+02:00 | 2023-07-04 01:00:00+02:00 | 2023-07-04 02:00:00+02:00 | 2023-07-04 03:00:00+02:00 | 2023-07-04 04:00:00+02:00 | 2023-07-04 05:00:00+02:00 | 2023-07-04 06:00:00+02:00 | 2023-07-04 07:00:00+02:00 | 2023-07-04 08:00:00+02:00 | 2023-07-04 09:00:00+02:00 | 2023-07-04 10:00:00+02:00 | 2023-07-04 11:00:00+02:00 | 2023-07-04 12:00:00+02:00 | 2023-07-04 13:00:00+02:00 | 2023-07-04 14:00:00+02:00 | 2023-07-04 15:00:00+02:00 | 2023-07-04 16:00:00+02:00 | 2023-07-04 17:00:00+02:00 | 2023-07-04 18:00:00+02:00 | 2023-07-04 19:00:00+02:00 | 2023-07-04 20:00:00+02:00 | 2023-07-04 21:00:00+02:00 | 2023-07-04 22:00:00+02:00 | 2023-07-04 23:00:00+02:00,,,,,,,
2023-07-05 00:00:00+02:00,False,MissingInput,"24 valeurs residual_load_gw manquantes après réparation (brut=24, max_autorisé=2)",24,24,0,2023-07-05 00:00:00+02:00 | 2023-07-05 01:00:00+02:00 | 2023-07-05 02:00:00+02:00 | 2023-07-05 03:00:00+02:00 | 2023-07-05 04:00:00+02:00 | 2023-07-05 05:00:00+02:00 | 2023-07-05 06:00:00+02:00 | 2023-07-05 07:00:00+02:00 | 2023-07-05 08:00:00+02:00 | 2023-07-05 09:00:00+02:00 | 2023-07-05 10:00:00+02:00 | 2023-07-05 11:00:00+02:00 | 2023-07-05 12:00:00+02:00 | 2023-07-05 13:00:00+02:00 | 2023-07-05 14:00:00+02:00 | 2023-07-05 15:00:00+02:00 | 2023-07-05 16:00:00+02:00 | 2023-07-05 17:00:00+02:00 | 2023-07-05 18:00:00+02:00 | 2023-07-05 19:00:00+02:00 | 2023-07-05 20:00:00+02:00 | 2023-07-05 21:00:00+02:00 | 2023-07-05 22:00:00+02:00 | 2023-07-05 23:00:00+02:00,,,,,,,
2023-07-06 00:00:00+02:00,False,MissingInput,"24 valeurs residual_load_gw manquantes après réparation (brut=24, max_autorisé=2)",24,24,0,2023-07-06 00:00:00+02:00 | 2023-07-06 01:00:00+02:00 | 2023-07-06 02:00:00+02:00 | 2023-07-06 03:00:00+02:00 | 2023-07-06 04:00:00+02:00 | 2023-07-06 05:00:00+02:00 | 2023-07-06 06:00:00+02:00 | 2023-07-06 07:00:00+02:00 | 2023-07-06 08:00:00+02:00 | 2023-07-06 09:00:00+02:00 | 2023-07-06 10:00:00+02:00 | 2023-07-06 11:00:00+02:00 | 2023-07-06 12:00:00+02:00 | 2023-07-06 13:00:00+02:00 | 2023-07-06 14:00:00+02:00 | 2023-07-06 15:00:00+02:00 | 2023-07-06 16:00:00+02:00 | 2023-07-06 17:00:00+02:00 | 2023-07-06 18:00:00+02:00 | 2023-07-06 19:00:00+02:00 | 2023-07-06 20:00:00+02:00 | 2023-07-06 21:00:00+02:00 | 2023-07-06 22:00:00+02:00 | 2023-07-06 23:00:00+02:00,,,,,,,
2023-07-07 00:00:00+02:00,False,MissingInput,"24 valeurs residual_load_gw manquantes après réparation (brut=24, max_autorisé=2)",24,24,0,2023-07-07 00:00:00+02:00 | 2023-07-07 01:00:00+02:00 | 2023-07-07 02:00:00+02:00 | 2023-07-07 03:00:00+02:00 | 2023-07-07 04:00:00+02:00 | 2023-07-07 05:00:00+02:00 | 2023-07-07 06:00:00+02:00 | 2023-07-07 07:00:00+02:00 | 2023-07-07 08:00:00+02:00 | 2023-07-07 09:00:00+02:00 | 2023-07-07 10:00:00+02:00 | 2023-07-07 11:00:00+02:00 | 2023-07-07 12:00:00+02:00 | 2023-07-07 13:00:00+02:00 | 2023-07-07 14:00:00+02:00 | 2023-07-07 15:00:00+02:00 | 2023-07-07 16:00:00+02:00 | 2023-07-07 17:00:00+02:00 | 2023-07-07 18:00:00+02:00 | 2023-07-07 19:00:00+02:00 | 2023-07-07 20:00:00+02:00 | 2023-07-07 21:00:00+02:00 | 2023-07-07 22:00:00+02:00 | 2023-07-07 23:00:00+02:00,,,,,,,
2023-07-08 00:00:00+02:00,False,MissingInput,"24 valeurs residual_load_gw manquantes après réparation (brut=24, max_autorisé=2)",24,24,0,2023-07-08 00:00:00+02:00 | 2023-07-08 01:00:00+02:00 | 2023-07-08 02:00:00+02:00 | 2023-07-08 03:00:00+02:00 | 2023-07-08 04:00:00+02:00 | 2023-07-08 05:00:00+02:00 | 2023-07-08 06:00:00+02:00 | 2023-07-08 07:00:00+02:00 | 2023-07-08 08:00:00+02:00 | 2023-07-08 09:00:00+02:00 | 2023-07-08 10:00:00+02:00 | 2023-07-08 11:00:00+02:00 | 2023-07-08 12:00:00+02:00 | 2023-07-08 13:00:00+02:00 | 2023-07-08 14:00:00+02:00 | 2023-07-08 15:00:00+02:00 | 2023-07-08 16:00:00+02:00 | 2023-07-08 17:00:00+02:00 | 2023-07-08 18:00:00+02:00 | 2023-07-08 19:00:00+02:00 | 2023-07-08 20:00:00+02:00 | 2023-07-08 21:00:00+02:00 | 2023-07-08 22:00:00+02:00 | 2023-07-08 23:00:00+02:00,,,,,,,
2023-07-09 00:00:00+02:00,False,MissingInput,"24 valeurs residual_load_gw manquantes après réparation (brut=24, max_autorisé=2)",24,24,0,2023-07-09 00:00:00+02:00 | 2023-07-09 01:00:00+02:00 | 2023-07-09 02:00:00+02:00 | 2023-07-09 03:00:00+02:00 | 2023-07-09 04:00:00+02:00 | 2023-07-09 05:00:00+02:00 | 2023-07-09 06:00:00+02:00 | 2023-07-09 07:00:00+02:00 | 2023-07-09 08:00:00+02:00 | 2023-07-09 09:00:00+02:00 | 2023-07-09 10:00:00+02:00 | 2023-07-09 11:00:00+02:00 | 2023-07-09 12:00:00+02:00 | 2023-07-09 13:00:00+02:00 | 2023-07-09 14:00:00+02:00 | 2023-07-09 15:00:00+02:00 | 2023-07-09 16:00:00+02:00 | 2023-07-09 17:00:00+02:00 | 2023-07-09 18:00:00+02:00 | 2023-07-09 19:00:00+02:00 | 2023-07-09 20:00:00+02:00 | 2023-07-09 21:00:00+02:00 | 2023-07-09 22:00:00+02:00 | 2023-07-09 23:00:00+02:00,,,,,,,
2023-07-10 00:00:00+02:00,False,MissingInput,"24 valeurs residual_load_gw manquantes après réparation (brut=24, max_autorisé=2)",24,24,0,2023-07-10 00:00:00+02:00 | 2023-07-10 01:00:00+02:00 | 2023-07-10 02:00:00+02:00 | 2023-07-10 03:00:00+02:00 | 2023-07-10 04:00:00+02:00 | 2023-07-10 05:00:00+02:00 | 2023-07-10 06:00:00+02:00 | 2023-07-10 07:00:00+02:00 | 2023-07-10 08:00:00+02:00 | 2023-07-10 09:00:00+02:00 | 2023-07-10 10:00:00+02:00 | 2023-07-10 11:00:00+02:00 | 2023-07-10 12:00:00+02:00 | 2023-07-10 13:00:00+02:00 | 2023-07-10 14:00:00+02:00 | 2023-07-10 15:00:00+02:00 | 2023-07-10 16:00:00+02:00 | 2023-07-10 17:00:00+02:00 | 2023-07-10 18:00:00+02:00 | 2023-07-10 19:00:00+02:00 | 2023-07-10 20:00:00+02:00 | 2023-07-10 21:00:00+02:00 | 2023-07-10 22:00:00+02:00 | 2023-07-10 23:00:00+02:00,,,,,,,
2023-07-11 00:00:00+02:00,False,MissingInput,"24 valeurs residual_load_gw manquantes après réparation (brut=24, max_autorisé=2)",24,24,0,2023-07-11 00:00:00+02:00 | 2023-07-11 01:00:00+02:00 | 2023-07-11 02:00:00+02:00 | 2023-07-11 03:00:00+02:00 | 2023-07-11 04:00:00+02:00 | 2023-07-11 05:00:00+02:00 | 2023-07-11 06:00:00+02:00 | 2023-07-11 07:00:00+02:00 | 2023-07-11 08:00:00+02:00 | 2023-07-11 09:00:00+02:00 | 2023-07-11 10:00:00+02:00 | 2023-07-11 11:00:00+02:00 | 2023-07-11 12:00:00+02:00 | 2023-07-11 13:00:00+02:00 | 2023-07-11 14:00:00+02:00 | 2023-07-11 15:00:00+02:00 | 2023-07-11 16:00:00+02:00 | 2023-07-11 17:00:00+02:00 | 2023-07-11 18:00:00+02:00 | 2023-07-11 19:00:00+02:00 | 2023-07-11 20:00:00+02:00 | 2023-07-11 21:00:00+02:00 | 2023-07-11 22:00:00+02:00 | 2023-07-11 23:00:00+02:00,,,,,,,
2023-07-12 00:00:00+02:00,False,MissingInput,"24 valeurs residual_load_gw manquantes après réparation (brut=24, max_autorisé=2)",24,24,0,2023-07-12 00:00:00+02:00 | 2023-07-12 01:00:00+02:00 | 2023-07-12 02:00:00+02:00 | 2023-07-12 03:00:00+02:00 | 2023-07-12 04:00:00+02:00 | 2023-07-12 05:00:00+02:00 | 2023-07-12 06:00:00+02:00 | 2023-07-12 07:00:00+02:00 | 2023-07-12 08:00:00+02:00 | 2023-07-12 09:00:00+02:00 | 2023-07-12 10:00:00+02:00 | 2023-07-12 11:00:00+02:00 | 2023-07-12 12:00:00+02:00 | 2023-07-12 13:00:00+02:00 | 2023-07-12 14:00:00+02:00 | 2023-07-12 15:00:00+02:00 | 2023-07-12 16:00:00+02:00 | 2023-07-12 17:00:00+02:00 | 2023-07-12 18:00:00+02:00 | 2023-07-12 19:00:00+02:00 | 2023-07-12 20:00:00+02:00 | 2023-07-12 21:00:00+02:00 | 2023-07-12 22:00:00+02:00 | 2023-07-12 23:00:00+02:00,,,,,,,
2023-07-13 00:00:00+02:00,False,MissingInput,"24 valeurs residual_load_gw manquantes après réparation (brut=24, max_autorisé=2)",24,24,0,2023-07-13 00:00:00+02:00 | 2023-07-13 01:00:00+02:00 | 2023-07-13 02:00:00+02:00 | 2023-07-13 03:00:00+02:00 | 2023-07-13 04:00:00+02:00 | 2023-07-13 05:00:00+02:00 | 2023-07-13 06:00:00+02:00 | 2023-07-13 07:00:00+02:00 | 2023-07-13 08:00:00+02:00 | 2023-07-13 09:00:00+02:00 | 2023-07-13 10:00:00+02:00 | 2023-07-13 11:00:00+02:00 | 2023-07-13 12:00:00+02:00 | 2023-07-13 13:00:00+02:00 | 2023-07-13 14:00:00+02:00 | 2023-07-13 15:00:00+02:00 | 2023-07-13 16:00:00+02:00 | 2023-07-13 17:00:00+02:00 | 2023-07-13 18:00:00+02:00 | 2023-07-13 19:00:00+02:00 | 2023-07-13 20:00:00+02:00 | 2023-07-13 21:00:00+02:00 | 2023-07-13 22:00:00+02:00 | 2023-07-13 23:00:00+02:00,,,,,,,
2023-07-14 00:00:00+02:00,False,MissingInput,"24 valeurs residual_load_gw manquantes après réparation (brut=24, max_autorisé=2)",24,24,0,2023-07-14 00:00:00+02:00 | 2023-07-14 01:00:00+02:00 | 2023-07-14 02:00:00+02:00 | 2023-07-14 03:00:00+02:00 | 2023-07-14 04:00:00+02:00 | 2023-07-14 05:00:00+02:00 | 2023-07-14 06:00:00+02:00 | 2023-07-14 07:00:00+02:00 | 2023-07-14 08:00:00+02:00 | 2023-07-14 09:00:00+02:00 | 2023-07-14 10:00:00+02:00 | 2023-07-14 11:00:00+02:00 | 2023-07-14 12:00:00+02:00 | 2023-07-14 13:00:00+02:00 | 2023-07-14 14:00:00+02:00 | 2023-07-14 15:00:00+02:00 | 2023-07-14 16:00:00+02:00 | 2023-07-14 17:00:00+02:00 | 2023-07-14 18:00:00+02:00 | 2023-07-14 19:00:00+02:00 | 2023-07-14 20:00:00+02:00 | 2023-07-14 21:00:00+02:00 | 2023-07-14 22:00:00+02:00 | 2023-07-14 23:00:00+02:00,,,,,,,
2023-07-15 00:00:00+02:00,False,MissingInput,"24 valeurs residual_load_gw manquantes après réparation (brut=24, max_autorisé=2)",24,24,0,2023-07-15 00:00:00+02:00 | 2023-07-15 01:00:00+02:00 | 2023-07-15 02:00:00+02:00 | 2023-07-15 03:00:00+02:00 | 2023-07-15 04:00:00+02:00 | 2023-07-15 05:00:00+02:00 | 2023-07-15 06:00:00+02:00 | 2023-07-15 07:00:00+02:00 | 2023-07-15 08:00:00+02:00 | 2023-07-15 09:00:00+02:00 | 2023-07-15 10:00:00+02:00 | 2023-07-15 11:00:00+02:00 | 2023-07-15 12:00:00+02:00 | 2023-07-15 13:00:00+02:00 | 2023-07-15 14:00:00+02:00 | 2023-07-15 15:00:00+02:00 | 2023-07-15 16:00:00+02:00 | 2023-07-15 17:00:00+02:00 | 2023-07-15 18:00:00+02:00 | 2023-07-15 19:00:00+02:00 | 2023-07-15 20:00:00+02:00 | 2023-07-15 21:00:00+02:00 | 2023-07-15 22:00:00+02:00 | 2023-07-15 23:00:00+02:00,,,,,,,
2023-07-16 00:00:00+02:00,False,MissingInput,"24 valeurs residual_load_gw manquantes après réparation (brut=24, max_autorisé=2)",24,24,0,2023-07-16 00:00:00+02:00 | 2023-07-16 01:00:00+02:00 | 2023-07-16 02:00:00+02:00 | 2023-07-16 03:00:00+02:00 | 2023-07-16 04:00:00+02:00 | 2023-07-16 05:00:00+02:00 | 2023-07-16 06:00:00+02:00 | 2023-07-16 07:00:00+02:00 | 2023-07-16 08:00:00+02:00 | 2023-07-16 09:00:00+02:00 | 2023-07-16 10:00:00+02:00 | 2023-07-16 11:00:00+02:00 | 2023-07-16 12:00:00+02:00 | 2023-07-16 13:00:00+02:00 | 2023-07-16 14:00:00+02:00 | 2023-07-16 15:00:00+02:00 | 2023-07-16 16:00:00+02:00 | 2023-07-16 17:00:00+02:00 | 2023-07-16 18:00:00+02:00 | 2023-07-16 19:00:00+02:00 | 2023-07-16 20:00:00+02:00 | 2023-07-16 21:00:00+02:00 | 2023-07-16 22:00:00+02:00 | 2023-07-16 23:00:00+02:00,,,,,,,
2023-07-17 00:00:00+02:00,False,MissingInput,"24 valeurs residual_load_gw manquantes après réparation (brut=24, max_autorisé=2)",24,24,0,2023-07-17 00:00:00+02:00 | 2023-07-17 01:00:00+02:00 | 2023-07-17 02:00:00+02:00 | 2023-07-17 03:00:00+02:00 | 2023-07-17 04:00:00+02:00 | 2023-07-17 05:00:00+02:00 | 2023-07-17 06:00:00+02:00 | 2023-07-17 07:00:00+02:00 | 2023-07-17 08:00:00+02:00 | 2023-07-17 09:00:00+02:00 | 2023-07-17 10:00:00+02:00 | 2023-07-17 11:00:00+02:00 | 2023-07-17 12:00:00+02:00 | 2023-07-17 13:00:00+02:00 | 2023-07-17 14:00:00+02:00 | 2023-07-17 15:00:00+02:00 | 2023-07-17 16:00:00+02:00 | 2023-07-17 17:00:00+02:00 | 2023-07-17 18:00:00+02:00 | 2023-07-17 19:00:00+02:00 | 2023-07-17 20:00:00+02:00 | 2023-07-17 21:00:00+02:00 | 2023-07-17 22:00:00+02:00 | 2023-07-17 23:00:00+02:00,,,,,,,
2023-07-18 00:00:00+02:00,False,MissingInput,"24 valeurs residual_load_gw manquantes après réparation (brut=24, max_autorisé=2)",24,24,0,2023-07-18 00:00:00+02:00 | 2023-07-18 01:00:00+02:00 | 2023-07-18 02:00:00+02:00 | 2023-07-18 03:00:00+02:00 | 2023-07-18 04:00:00+02:00 | 2023-07-18 05:00:00+02:00 | 2023-07-18 06:00:00+02:00 | 2023-07-18 07:00:00+02:00 | 2023-07-18 08:00:00+02:00 | 2023-07-18 09:00:00+02:00 | 2023-07-18 10:00:00+02:00 | 2023-07-18 11:00:00+02:00 | 2023-07-18 12:00:00+02:00 | 2023-07-18 13:00:00+02:00 | 2023-07-18 14:00:00+02:00 | 2023-07-18 15:00:00+02:00 | 2023-07-18 16:00:00+02:00 | 2023-07-18 17:00:00+02:00 | 2023-07-18 18:00:00+02:00 | 2023-07-18 19:00:00+02:00 | 2023-07-18 20:00:00+02:00 | 2023-07-18 21:00:00+02:00 | 2023-07-18 22:00:00+02:00 | 2023-07-18 23:00:00+02:00,,,,,,,
2023-07-19 00:00:00+02:00,False,MissingInput,"24 valeurs residual_load_gw manquantes après réparation (brut=24, max_autorisé=2)",24,24,0,2023-07-19 00:00:00+02:00 | 2023-07-19 01:00:00+02:00 | 2023-07-19 02:00:00+02:00 | 2023-07-19 03:00:00+02:00 | 2023-07-19 04:00:00+02:00 | 2023-07-19 05:00:00+02:00 | 2023-07-19 06:00:00+02:00 | 2023-07-19 07:00:00+02:00 | 2023-07-19 08:00:00+02:00 | 2023-07-19 09:00:00+02:00 | 2023-07-19 10:00:00+02:00 | 2023-07-19 11:00:00+02:00 | 2023-07-19 12:00:00+02:00 | 2023-07-19 13:00:00+02:00 | 2023-07-19 14:00:00+02:00 | 2023-07-19 15:00:00+02:00 | 2023-07-19 16:00:00+02:00 | 2023-07-19 17:00:00+02:00 | 2023-07-19 18:00:00+02:00 | 2023-07-19 19:00:00+02:00 | 2023-07-19 20:00:00+02:00 | 2023-07-19 21:00:00+02:00 | 2023-07-19 22:00:00+02:00 | 2023-07-19 23:00:00+02:00,,,,,,,
2023-07-20 00:00:00+02:00,False,MissingInput,"24 valeurs residual_load_gw manquantes après réparation (brut=24, max_autorisé=2)",24,24,0,2023-07-20 00:00:00+02:00 | 2023-07-20 01:00:00+02:00 | 2023-07-20 02:00:00+02:00 | 2023-07-20 03:00:00+02:00 | 2023-07-20 04:00:00+02:00 | 2023-07-20 05:00:00+02:00 | 2023-07-20 06:00:00+02:00 | 2023-07-20 07:00:00+02:00 | 2023-07-20 08:00:00+02:00 | 2023-07-20 09:00:00+02:00 | 2023-07-20 10:00:00+02:00 | 2023-07-20 11:00:00+02:00 | 2023-07-20 12:00:00+02:00 | 2023-07-20 13:00:00+02:00 | 2023-07-20 14:00:00+02:00 | 2023-07-20 15:00:00+02:00 | 2023-07-20 16:00:00+02:00 | 2023-07-20 17:00:00+02:00 | 2023-07-20 18:00:00+02:00 | 2023-07-20 19:00:00+02:00 | 2023-07-20 20:00:00+02:00 | 2023-07-20 21:00:00+02:00 | 2023-07-20 22:00:00+02:00 | 2023-07-20 23:00:00+02:00,,,,,,,
2023-07-21 00:00:00+02:00,False,MissingInput,"24 valeurs residual_load_gw manquantes après réparation (brut=24, max_autorisé=2)",24,24,0,2023-07-21 00:00:00+02:00 | 2023-07-21 01:00:00+02:00 | 2023-07-21 02:00:00+02:00 | 2023-07-21 03:00:00+02:00 | 2023-07-21 04:00:00+02:00 | 2023-07-21 05:00:00+02:00 | 2023-07-21 06:00:00+02:00 | 2023-07-21 07:00:00+02:00 | 2023-07-21 08:00:00+02:00 | 2023-07-21 09:00:00+02:00 | 2023-07-21 10:00:00+02:00 | 2023-07-21 11:00:00+02:00 | 2023-07-21 12:00:00+02:00 | 2023-07-21 13:00:00+02:00 | 2023-07-21 14:00:00+02:00 | 2023-07-21 15:00:00+02:00 | 2023-07-21 16:00:00+02:00 | 2023-07-21 17:00:00+02:00 | 2023-07-21 18:00:00+02:00 | 2023-07-21 19:00:00+02:00 | 2023-07-21 20:00:00+02:00 | 2023-07-21 21:00:00+02:00 | 2023-07-21 22:00:00+02:00 | 2023-07-21 23:00:00+02:00,,,,,,,
2023-07-22 00:00:00+02:00,False,MissingInput,"24 valeurs residual_load_gw manquantes après réparation (brut=24, max_autorisé=2)",24,24,0,2023-07-22 00:00:00+02:00 | 2023-07-22 01:00:00+02:00 | 2023-07-22 02:00:00+02:00 | 2023-07-22 03:00:00+02:00 | 2023-07-22 04:00:00+02:00 | 2023-07-22 05:00:00+02:00 | 2023-07-22 06:00:00+02:00 | 2023-07-22 07:00:00+02:00 | 2023-07-22 08:00:00+02:00 | 2023-07-22 09:00:00+02:00 | 2023-07-22 10:00:00+02:00 | 2023-07-22 11:00:00+02:00 | 2023-07-22 12:00:00+02:00 | 2023-07-22 13:00:00+02:00 | 2023-07-22 14:00:00+02:00 | 2023-07-22 15:00:00+02:00 | 2023-07-22 16:00:00+02:00 | 2023-07-22 17:00:00+02:00 | 2023-07-22 18:00:00+02:00 | 2023-07-22 19:00:00+02:00 | 2023-07-22 20:00:00+02:00 | 2023-07-22 21:00:00+02:00 | 2023-07-22 22:00:00+02:00 | 2023-07-22 23:00:00+02:00,,,,,,,
2023-07-23 00:00:00+02:00,False,MissingInput,"24 valeurs residual_load_gw manquantes après réparation (brut=24, max_autorisé=2)",24,24,0,2023-07-23 00:00:00+02:00 | 2023-07-23 01:00:00+02:00 | 2023-07-23 02:00:00+02:00 | 2023-07-23 03:00:00+02:00 | 2023-07-23 04:00:00+02:00 | 2023-07-23 05:00:00+02:00 | 2023-07-23 06:00:00+02:00 | 2023-07-23 07:00:00+02:00 | 2023-07-23 08:00:00+02:00 | 2023-07-23 09:00:00+02:00 | 2023-07-23 10:00:00+02:00 | 2023-07-23 11:00:00+02:00 | 2023-07-23 12:00:00+02:00 | 2023-07-23 13:00:00+02:00 | 2023-07-23 14:00:00+02:00 | 2023-07-23 15:00:00+02:00 | 2023-07-23 16:00:00+02:00 | 2023-07-23 17:00:00+02:00 | 2023-07-23 18:00:00+02:00 | 2023-07-23 19:00:00+02:00 | 2023-07-23 20:00:00+02:00 | 2023-07-23 21:00:00+02:00 | 2023-07-23 22:00:00+02:00 | 2023-07-23 23:00:00+02:00,,,,,,,
2023-07-24 00:00:00+02:00,False,MissingInput,"24 valeurs residual_load_gw manquantes après réparation (brut=24, max_autorisé=2)",24,24,0,2023-07-24 00:00:00+02:00 | 2023-07-24 01:00:00+02:00 | 2023-07-24 02:00:00+02:00 | 2023-07-24 03:00:00+02:00 | 2023-07-24 04:00:00+02:00 | 2023-07-24 05:00:00+02:00 | 2023-07-24 06:00:00+02:00 | 2023-07-24 07:00:00+02:00 | 2023-07-24 08:00:00+02:00 | 2023-07-24 09:00:00+02:00 | 2023-07-24 10:00:00+02:00 | 2023-07-24 11:00:00+02:00 | 2023-07-24 12:00:00+02:00 | 2023-07-24 13:00:00+02:00 | 2023-07-24 14:00:00+02:00 | 2023-07-24 15:00:00+02:00 | 2023-07-24 16:00:00+02:00 | 2023-07-24 17:00:00+02:00 | 2023-07-24 18:00:00+02:00 | 2023-07-24 19:00:00+02:00 | 2023-07-24 20:00:00+02:00 | 2023-07-24 21:00:00+02:00 | 2023-07-24 22:00:00+02:00 | 2023-07-24 23:00:00+02:00,,,,,,,
2023-07-25 00:00:00+02:00,False,MissingInput,"24 valeurs residual_load_gw manquantes après réparation (brut=24, max_autorisé=2)",24,24,0,2023-07-25 00:00:00+02:00 | 2023-07-25 01:00:00+02:00 | 2023-07-25 02:00:00+02:00 | 2023-07-25 03:00:00+02:00 | 2023-07-25 04:00:00+02:00 | 2023-07-25 05:00:00+02:00 | 2023-07-25 06:00:00+02:00 | 2023-07-25 07:00:00+02:00 | 2023-07-25 08:00:00+02:00 | 2023-07-25 09:00:00+02:00 | 2023-07-25 10:00:00+02:00 | 2023-07-25 11:00:00+02:00 | 2023-07-25 12:00:00+02:00 | 2023-07-25 13:00:00+02:00 | 2023-07-25 14:00:00+02:00 | 2023-07-25 15:00:00+02:00 | 2023-07-25 16:00:00+02:00 | 2023-07-25 17:00:00+02:00 | 2023-07-25 18:00:00+02:00 | 2023-07-25 19:00:00+02:00 | 2023-07-25 20:00:00+02:00 | 2023-07-25 21:00:00+02:00 | 2023-07-25 22:00:00+02:00 | 2023-07-25 23:00:00+02:00,,,,,,,
2023-07-26 00:00:00+02:00,False,MissingInput,"24 valeurs residual_load_gw manquantes après réparation (brut=24, max_autorisé=2)",24,24,0,2023-07-26 00:00:00+02:00 | 2023-07-26 01:00:00+02:00 | 2023-07-26 02:00:00+02:00 | 2023-07-26 03:00:00+02:00 | 2023-07-26 04:00:00+02:00 | 2023-07-26 05:00:00+02:00 | 2023-07-26 06:00:00+02:00 | 2023-07-26 07:00:00+02:00 | 2023-07-26 08:00:00+02:00 | 2023-07-26 09:00:00+02:00 | 2023-07-26 10:00:00+02:00 | 2023-07-26 11:00:00+02:00 | 2023-07-26 12:00:00+02:00 | 2023-07-26 13:00:00+02:00 | 2023-07-26 14:00:00+02:00 | 2023-07-26 15:00:00+02:00 | 2023-07-26 16:00:00+02:00 | 2023-07-26 17:00:00+02:00 | 2023-07-26 18:00:00+02:00 | 2023-07-26 19:00:00+02:00 | 2023-07-26 20:00:00+02:00 | 2023-07-26 21:00:00+02:00 | 2023-07-26 22:00:00+02:00 | 2023-07-26 23:00:00+02:00,,,,,,,
2023-07-27 00:00:00+02:00,False,MissingInput,"24 valeurs residual_load_gw manquantes après réparation (brut=24, max_autorisé=2)",24,24,0,2023-07-27 00:00:00+02:00 | 2023-07-27 01:00:00+02:00 | 2023-07-27 02:00:00+02:00 | 2023-07-27 03:00:00+02:00 | 2023-07-27 04:00:00+02:00 | 2023-07-27 05:00:00+02:00 | 2023-07-27 06:00:00+02:00 | 2023-07-27 07:00:00+02:00 | 2023-07-27 08:00:00+02:00 | 2023-07-27 09:00:00+02:00 | 2023-07-27 10:00:00+02:00 | 2023-07-27 11:00:00+02:00 | 2023-07-27 12:00:00+02:00 | 2023-07-27 13:00:00+02:00 | 2023-07-27 14:00:00+02:00 | 2023-07-27 15:00:00+02:00 | 2023-07-27 16:00:00+02:00 | 2023-07-27 17:00:00+02:00 | 2023-07-27 18:00:00+02:00 | 2023-07-27 19:00:00+02:00 | 2023-07-27 20:00:00+02:00 | 2023-07-27 21:00:00+02:00 | 2023-07-27 22:00:00+02:00 | 2023-07-27 23:00:00+02:00,,,,,,,
2023-07-28 00:00:00+02:00,False,MissingInput,"24 valeurs residual_load_gw manquantes après réparation (brut=24, max_autorisé=2)",24,24,0,2023-07-28 00:00:00+02:00 | 2023-07-28 01:00:00+02:00 | 2023-07-28 02:00:00+02:00 | 2023-07-28 03:00:00+02:00 | 2023-07-28 04:00:00+02:00 | 2023-07-28 05:00:00+02:00 | 2023-07-28 06:00:00+02:00 | 2023-07-28 07:00:00+02:00 | 2023-07-28 08:00:00+02:00 | 2023-07-28 09:00:00+02:00 | 2023-07-28 10:00:00+02:00 | 2023-07-28 11:00:00+02:00 | 2023-07-28 12:00:00+02:00 | 2023-07-28 13:00:00+02:00 | 2023-07-28 14:00:00+02:00 | 2023-07-28 15:00:00+02:00 | 2023-07-28 16:00:00+02:00 | 2023-07-28 17:00:00+02:00 | 2023-07-28 18:00:00+02:00 | 2023-07-28 19:00:00+02:00 | 2023-07-28 20:00:00+02:00 | 2023-07-28 21:00:00+02:00 | 2023-07-28 22:00:00+02:00 | 2023-07-28 23:00:00+02:00,,,,,,,
2023-07-29 00:00:00+02:00,False,MissingInput,"24 valeurs residual_load_gw manquantes après réparation (brut=24, max_autorisé=2)",24,24,0,2023-07-29 00:00:00+02:00 | 2023-07-29 01:00:00+02:00 | 2023-07-29 02:00:00+02:00 | 2023-07-29 03:00:00+02:00 | 2023-07-29 04:00:00+02:00 | 2023-07-29 05:00:00+02:00 | 2023-07-29 06:00:00+02:00 | 2023-07-29 07:00:00+02:00 | 2023-07-29 08:00:00+02:00 | 2023-07-29 09:00:00+02:00 | 2023-07-29 10:00:00+02:00 | 2023-07-29 11:00:00+02:00 | 2023-07-29 12:00:00+02:00 | 2023-07-29 13:00:00+02:00 | 2023-07-29 14:00:00+02:00 | 2023-07-29 15:00:00+02:00 | 2023-07-29 16:00:00+02:00 | 2023-07-29 17:00:00+02:00 | 2023-07-29 18:00:00+02:00 | 2023-07-29 19:00:00+02:00 | 2023-07-29 20:00:00+02:00 | 2023-07-29 21:00:00+02:00 | 2023-07-29 22:00:00+02:00 | 2023-07-29 23:00:00+02:00,,,,,,,
2023-07-30 00:00:00+02:00,False,MissingInput,"24 valeurs residual_load_gw manquantes après réparation (brut=24, max_autorisé=2)",24,24,0,2023-07-30 00:00:00+02:00 | 2023-07-30 01:00:00+02:00 | 2023-07-30 02:00:00+02:00 | 2023-07-30 03:00:00+02:00 | 2023-07-30 04:00:00+02:00 | 2023-07-30 05:00:00+02:00 | 2023-07-30 06:00:00+02:00 | 2023-07-30 07:00:00+02:00 | 2023-07-30 08:00:00+02:00 | 2023-07-30 09:00:00+02:00 | 2023-07-30 10:00:00+02:00 | 2023-07-30 11:00:00+02:00 | 2023-07-30 12:00:00+02:00 | 2023-07-30 13:00:00+02:00 | 2023-07-30 14:00:00+02:00 | 2023-07-30 15:00:00+02:00 | 2023-07-30 16:00:00+02:00 | 2023-07-30 17:00:00+02:00 | 2023-07-30 18:00:00+02:00 | 2023-07-30 19:00:00+02:00 | 2023-07-30 20:00:00+02:00 | 2023-07-30 21:00:00+02:00 | 2023-07-30 22:00:00+02:00 | 2023-07-30 23:00:00+02:00,,,,,,,
2023-07-31 00:00:00+02:00,False,MissingInput,"24 valeurs residual_load_gw manquantes après réparation (brut=24, max_autorisé=2)",24,24,0,2023-07-31 00:00:00+02:00 | 2023-07-31 01:00:00+02:00 | 2023-07-31 02:00:00+02:00 | 2023-07-31 03:00:00+02:00 | 2023-07-31 04:00:00+02:00 | 2023-07-31 05:00:00+02:00 | 2023-07-31 06:00:00+02:00 | 2023-07-31 07:00:00+02:00 | 2023-07-31 08:00:00+02:00 | 2023-07-31 09:00:00+02:00 | 2023-07-31 10:00:00+02:00 | 2023-07-31 11:00:00+02:00 | 2023-07-31 12:00:00+02:00 | 2023-07-31 13:00:00+02:00 | 2023-07-31 14:00:00+02:00 | 2023-07-31 15:00:00+02:00 | 2023-07-31 16:00:00+02:00 | 2023-07-31 17:00:00+02:00 | 2023-07-31 18:00:00+02:00 | 2023-07-31 19:00:00+02:00 | 2023-07-31 20:00:00+02:00 | 2023-07-31 21:00:00+02:00 | 2023-07-31 22:00:00+02:00 | 2023-07-31 23:00:00+02:00,,,,,,,
2023-08-01 00:00:00+02:00,False,MissingInput,"24 valeurs residual_load_gw manquantes après réparation (brut=24, max_autorisé=2)",24,24,0,2023-08-01 00:00:00+02:00 | 2023-08-01 01:00:00+02:00 | 2023-08-01 02:00:00+02:00 | 2023-08-01 03:00:00+02:00 | 2023-08-01 04:00:00+02:00 | 2023-08-01 05:00:00+02:00 | 2023-08-01 06:00:00+02:00 | 2023-08-01 07:00:00+02:00 | 2023-08-01 08:00:00+02:00 | 2023-08-01 09:00:00+02:00 | 2023-08-01 10:00:00+02:00 | 2023-08-01 11:00:00+02:00 | 2023-08-01 12:00:00+02:00 | 2023-08-01 13:00:00+02:00 | 2023-08-01 14:00:00+02:00 | 2023-08-01 15:00:00+02:00 | 2023-08-01 16:00:00+02:00 | 2023-08-01 17:00:00+02:00 | 2023-08-01 18:00:00+02:00 | 2023-08-01 19:00:00+02:00 | 2023-08-01 20:00:00+02:00 | 2023-08-01 21:00:00+02:00 | 2023-08-01 22:00:00+02:00 | 2023-08-01 23:00:00+02:00,,,,,,,
2023-08-02 00:00:00+02:00,False,MissingInput,"24 valeurs residual_load_gw manquantes après réparation (brut=24, max_autorisé=2)",24,24,0,2023-08-02 00:00:00+02:00 | 2023-08-02 01:00:00+02:00 | 2023-08-02 02:00:00+02:00 | 2023-08-02 03:00:00+02:00 | 2023-08-02 04:00:00+02:00 | 2023-08-02 05:00:00+02:00 | 2023-08-02 06:00:00+02:00 | 2023-08-02 07:00:00+02:00 | 2023-08-02 08:00:00+02:00 | 2023-08-02 09:00:00+02:00 | 2023-08-02 10:00:00+02:00 | 2023-08-02 11:00:00+02:00 | 2023-08-02 12:00:00+02:00 | 2023-08-02 13:00:00+02:00 | 2023-08-02 14:00:00+02:00 | 2023-08-02 15:00:00+02:00 | 2023-08-02 16:00:00+02:00 | 2023-08-02 17:00:00+02:00 | 2023-08-02 18:00:00+02:00 | 2023-08-02 19:00:00+02:00 | 2023-08-02 20:00:00+02:00 | 2023-08-02 21:00:00+02:00 | 2023-08-02 22:00:00+02:00 | 2023-08-02 23:00:00+02:00,,,,,,,
2023-08-03 00:00:00+02:00,False,MissingInput,"24 valeurs residual_load_gw manquantes après réparation (brut=24, max_autorisé=2)",24,24,0,2023-08-03 00:00:00+02:00 | 2023-08-03 01:00:00+02:00 | 2023-08-03 02:00:00+02:00 | 2023-08-03 03:00:00+02:00 | 2023-08-03 04:00:00+02:00 | 2023-08-03 05:00:00+02:00 | 2023-08-03 06:00:00+02:00 | 2023-08-03 07:00:00+02:00 | 2023-08-03 08:00:00+02:00 | 2023-08-03 09:00:00+02:00 | 2023-08-03 10:00:00+02:00 | 2023-08-03 11:00:00+02:00 | 2023-08-03 12:00:00+02:00 | 2023-08-03 13:00:00+02:00 | 2023-08-03 14:00:00+02:00 | 2023-08-03 15:00:00+02:00 | 2023-08-03 16:00:00+02:00 | 2023-08-03 17:00:00+02:00 | 2023-08-03 18:00:00+02:00 | 2023-08-03 19:00:00+02:00 | 2023-08-03 20:00:00+02:00 | 2023-08-03 21:00:00+02:00 | 2023-08-03 22:00:00+02:00 | 2023-08-03 23:00:00+02:00,,,,,,,
2023-08-04 00:00:00+02:00,False,MissingInput,"24 valeurs residual_load_gw manquantes après réparation (brut=24, max_autorisé=2)",24,24,0,2023-08-04 00:00:00+02:00 | 2023-08-04 01:00:00+02:00 | 2023-08-04 02:00:00+02:00 | 2023-08-04 03:00:00+02:00 | 2023-08-04 04:00:00+02:00 | 2023-08-04 05:00:00+02:00 | 2023-08-04 06:00:00+02:00 | 2023-08-04 07:00:00+02:00 | 2023-08-04 08:00:00+02:00 | 2023-08-04 09:00:00+02:00 | 2023-08-04 10:00:00+02:00 | 2023-08-04 11:00:00+02:00 | 2023-08-04 12:00:00+02:00 | 2023-08-04 13:00:00+02:00 | 2023-08-04 14:00:00+02:00 | 2023-08-04 15:00:00+02:00 | 2023-08-04 16:00:00+02:00 | 2023-08-04 17:00:00+02:00 | 2023-08-04 18:00:00+02:00 | 2023-08-04 19:00:00+02:00 | 2023-08-04 20:00:00+02:00 | 2023-08-04 21:00:00+02:00 | 2023-08-04 22:00:00+02:00 | 2023-08-04 23:00:00+02:00,,,,,,,
2023-08-05 00:00:00+02:00,False,MissingInput,"24 valeurs residual_load_gw manquantes après réparation (brut=24, max_autorisé=2)",24,24,0,2023-08-05 00:00:00+02:00 | 2023-08-05 01:00:00+02:00 | 2023-08-05 02:00:00+02:00 | 2023-08-05 03:00:00+02:00 | 2023-08-05 04:00:00+02:00 | 2023-08-05 05:00:00+02:00 | 2023-08-05 06:00:00+02:00 | 2023-08-05 07:00:00+02:00 | 2023-08-05 08:00:00+02:00 | 2023-08-05 09:00:00+02:00 | 2023-08-05 10:00:00+02:00 | 2023-08-05 11:00:00+02:00 | 2023-08-05 12:00:00+02:00 | 2023-08-05 13:00:00+02:00 | 2023-08-05 14:00:00+02:00 | 2023-08-05 15:00:00+02:00 | 2023-08-05 16:00:00+02:00 | 2023-08-05 17:00:00+02:00 | 2023-08-05 18:00:00+02:00 | 2023-08-05 19:00:00+02:00 | 2023-08-05 20:00:00+02:00 | 2023-08-05 21:00:00+02:00 | 2023-08-05 22:00:00+02:00 | 2023-08-05 23:00:00+02:00,,,,,,,
2023-08-06 00:00:00+02:00,False,MissingInput,"24 valeurs residual_load_gw manquantes après réparation (brut=24, max_autorisé=2)",24,24,0,2023-08-06 00:00:00+02:00 | 2023-08-06 01:00:00+02:00 | 2023-08-06 02:00:00+02:00 | 2023-08-06 03:00:00+02:00 | 2023-08-06 04:00:00+02:00 | 2023-08-06 05:00:00+02:00 | 2023-08-06 06:00:00+02:00 | 2023-08-06 07:00:00+02:00 | 2023-08-06 08:00:00+02:00 | 2023-08-06 09:00:00+02:00 | 2023-08-06 10:00:00+02:00 | 2023-08-06 11:00:00+02:00 | 2023-08-06 12:00:00+02:00 | 2023-08-06 13:00:00+02:00 | 2023-08-06 14:00:00+02:00 | 2023-08-06 15:00:00+02:00 | 2023-08-06 16:00:00+02:00 | 2023-08-06 17:00:00+02:00 | 2023-08-06 18:00:00+02:00 | 2023-08-06 19:00:00+02:00 | 2023-08-06 20:00:00+02:00 | 2023-08-06 21:00:00+02:00 | 2023-08-06 22:00:00+02:00 | 2023-08-06 23:00:00+02:00,,,,,,,
2023-08-07 00:00:00+02:00,False,MissingInput,"24 valeurs residual_load_gw manquantes après réparation (brut=24, max_autorisé=2)",24,24,0,2023-08-07 00:00:00+02:00 | 2023-08-07 01:00:00+02:00 | 2023-08-07 02:00:00+02:00 | 2023-08-07 03:00:00+02:00 | 2023-08-07 04:00:00+02:00 | 2023-08-07 05:00:00+02:00 | 2023-08-07 06:00:00+02:00 | 2023-08-07 07:00:00+02:00 | 2023-08-07 08:00:00+02:00 | 2023-08-07 09:00:00+02:00 | 2023-08-07 10:00:00+02:00 | 2023-08-07 11:00:00+02:00 | 2023-08-07 12:00:00+02:00 | 2023-08-07 13:00:00+02:00 | 2023-08-07 14:00:00+02:00 | 2023-08-07 15:00:00+02:00 | 2023-08-07 16:00:00+02:00 | 2023-08-07 17:00:00+02:00 | 2023-08-07 18:00:00+02:00 | 2023-08-07 19:00:00+02:00 | 2023-08-07 20:00:00+02:00 | 2023-08-07 21:00:00+02:00 | 2023-08-07 22:00:00+02:00 | 2023-08-07 23:00:00+02:00,,,,,,,
2023-08-08 00:00:00+02:00,False,MissingInput,"24 valeurs residual_load_gw manquantes après réparation (brut=24, max_autorisé=2)",24,24,0,2023-08-08 00:00:00+02:00 | 2023-08-08 01:00:00+02:00 | 2023-08-08 02:00:00+02:00 | 2023-08-08 03:00:00+02:00 | 2023-08-08 04:00:00+02:00 | 2023-08-08 05:00:00+02:00 | 2023-08-08 06:00:00+02:00 | 2023-08-08 07:00:00+02:00 | 2023-08-08 08:00:00+02:00 | 2023-08-08 09:00:00+02:00 | 2023-08-08 10:00:00+02:00 | 2023-08-08 11:00:00+02:00 | 2023-08-08 12:00:00+02:00 | 2023-08-08 13:00:00+02:00 | 2023-08-08 14:00:00+02:00 | 2023-08-08 15:00:00+02:00 | 2023-08-08 16:00:00+02:00 | 2023-08-08 17:00:00+02:00 | 2023-08-08 18:00:00+02:00 | 2023-08-08 19:00:00+02:00 | 2023-08-08 20:00:00+02:00 | 2023-08-08 21:00:00+02:00 | 2023-08-08 22:00:00+02:00 | 2023-08-08 23:00:00+02:00,,,,,,,
2023-08-09 00:00:00+02:00,False,MissingInput,"24 valeurs residual_load_gw manquantes après réparation (brut=24, max_autorisé=2)",24,24,0,2023-08-09 00:00:00+02:00 | 2023-08-09 01:00:00+02:00 | 2023-08-09 02:00:00+02:00 | 2023-08-09 03:00:00+02:00 | 2023-08-09 04:00:00+02:00 | 2023-08-09 05:00:00+02:00 | 2023-08-09 06:00:00+02:00 | 2023-08-09 07:00:00+02:00 | 2023-08-09 08:00:00+02:00 | 2023-08-09 09:00:00+02:00 | 2023-08-09 10:00:00+02:00 | 2023-08-09 11:00:00+02:00 | 2023-08-09 12:00:00+02:00 | 2023-08-09 13:00:00+02:00 | 2023-08-09 14:00:00+02:00 | 2023-08-09 15:00:00+02:00 | 2023-08-09 16:00:00+02:00 | 2023-08-09 17:00:00+02:00 | 2023-08-09 18:00:00+02:00 | 2023-08-09 19:00:00+02:00 | 2023-08-09 20:00:00+02:00 | 2023-08-09 21:00:00+02:00 | 2023-08-09 22:00:00+02:00 | 2023-08-09 23:00:00+02:00,,,,,,,
2023-08-10 00:00:00+02:00,False,MissingInput,"24 valeurs residual_load_gw manquantes après réparation (brut=24, max_autorisé=2)",24,24,0,2023-08-10 00:00:00+02:00 | 2023-08-10 01:00:00+02:00 | 2023-08-10 02:00:00+02:00 | 2023-08-10 03:00:00+02:00 | 2023-08-10 04:00:00+02:00 | 2023-08-10 05:00:00+02:00 | 2023-08-10 06:00:00+02:00 | 2023-08-10 07:00:00+02:00 | 2023-08-10 08:00:00+02:00 | 2023-08-10 09:00:00+02:00 | 2023-08-10 10:00:00+02:00 | 2023-08-10 11:00:00+02:00 | 2023-08-10 12:00:00+02:00 | 2023-08-10 13:00:00+02:00 | 2023-08-10 14:00:00+02:00 | 2023-08-10 15:00:00+02:00 | 2023-08-10 16:00:00+02:00 | 2023-08-10 17:00:00+02:00 | 2023-08-10 18:00:00+02:00 | 2023-08-10 19:00:00+02:00 | 2023-08-10 20:00:00+02:00 | 2023-08-10 21:00:00+02:00 | 2023-08-10 22:00:00+02:00 | 2023-08-10 23:00:00+02:00,,,,,,,
2023-08-11 00:00:00+02:00,False,MissingInput,"24 valeurs residual_load_gw manquantes après réparation (brut=24, max_autorisé=2)",24,24,0,2023-08-11 00:00:00+02:00 | 2023-08-11 01:00:00+02:00 | 2023-08-11 02:00:00+02:00 | 2023-08-11 03:00:00+02:00 | 2023-08-11 04:00:00+02:00 | 2023-08-11 05:00:00+02:00 | 2023-08-11 06:00:00+02:00 | 2023-08-11 07:00:00+02:00 | 2023-08-11 08:00:00+02:00 | 2023-08-11 09:00:00+02:00 | 2023-08-11 10:00:00+02:00 | 2023-08-11 11:00:00+02:00 | 2023-08-11 12:00:00+02:00 | 2023-08-11 13:00:00+02:00 | 2023-08-11 14:00:00+02:00 | 2023-08-11 15:00:00+02:00 | 2023-08-11 16:00:00+02:00 | 2023-08-11 17:00:00+02:00 | 2023-08-11 18:00:00+02:00 | 2023-08-11 19:00:00+02:00 | 2023-08-11 20:00:00+02:00 | 2023-08-11 21:00:00+02:00 | 2023-08-11 22:00:00+02:00 | 2023-08-11 23:00:00+02:00,,,,,,,
2023-08-12 00:00:00+02:00,False,MissingInput,"24 valeurs residual_load_gw manquantes après réparation (brut=24, max_autorisé=2)",24,24,0,2023-08-12 00:00:00+02:00 | 2023-08-12 01:00:00+02:00 | 2023-08-12 02:00:00+02:00 | 2023-08-12 03:00:00+02:00 | 2023-08-12 04:00:00+02:00 | 2023-08-12 05:00:00+02:00 | 2023-08-12 06:00:00+02:00 | 2023-08-12 07:00:00+02:00 | 2023-08-12 08:00:00+02:00 | 2023-08-12 09:00:00+02:00 | 2023-08-12 10:00:00+02:00 | 2023-08-12 11:00:00+02:00 | 2023-08-12 12:00:00+02:00 | 2023-08-12 13:00:00+02:00 | 2023-08-12 14:00:00+02:00 | 2023-08-12 15:00:00+02:00 | 2023-08-12 16:00:00+02:00 | 2023-08-12 17:00:00+02:00 | 2023-08-12 18:00:00+02:00 | 2023-08-12 19:00:00+02:00 | 2023-08-12 20:00:00+02:00 | 2023-08-12 21:00:00+02:00 | 2023-08-12 22:00:00+02:00 | 2023-08-12 23:00:00+02:00,,,,,,,
2023-08-13 00:00:00+02:00,False,MissingInput,"24 valeurs residual_load_gw manquantes après réparation (brut=24, max_autorisé=2)",24,24,0,2023-08-13 00:00:00+02:00 | 2023-08-13 01:00:00+02:00 | 2023-08-13 02:00:00+02:00 | 2023-08-13 03:00:00+02:00 | 2023-08-13 04:00:00+02:00 | 2023-08-13 05:00:00+02:00 | 2023-08-13 06:00:00+02:00 | 2023-08-13 07:00:00+02:00 | 2023-08-13 08:00:00+02:00 | 2023-08-13 09:00:00+02:00 | 2023-08-13 10:00:00+02:00 | 2023-08-13 11:00:00+02:00 | 2023-08-13 12:00:00+02:00 | 2023-08-13 13:00:00+02:00 | 2023-08-13 14:00:00+02:00 | 2023-08-13 15:00:00+02:00 | 2023-08-13 16:00:00+02:00 | 2023-08-13 17:00:00+02:00 | 2023-08-13 18:00:00+02:00 | 2023-08-13 19:00:00+02:00 | 2023-08-13 20:00:00+02:00 | 2023-08-13 21:00:00+02:00 | 2023-08-13 22:00:00+02:00 | 2023-08-13 23:00:00+02:00,,,,,,,
2023-08-14 00:00:00+02:00,False,MissingInput,"24 valeurs residual_load_gw manquantes après réparation (brut=24, max_autorisé=2)",24,24,0,2023-08-14 00:00:00+02:00 | 2023-08-14 01:00:00+02:00 | 2023-08-14 02:00:00+02:00 | 2023-08-14 03:00:00+02:00 | 2023-08-14 04:00:00+02:00 | 2023-08-14 05:00:00+02:00 | 2023-08-14 06:00:00+02:00 | 2023-08-14 07:00:00+02:00 | 2023-08-14 08:00:00+02:00 | 2023-08-14 09:00:00+02:00 | 2023-08-14 10:00:00+02:00 | 2023-08-14 11:00:00+02:00 | 2023-08-14 12:00:00+02:00 | 2023-08-14 13:00:00+02:00 | 2023-08-14 14:00:00+02:00 | 2023-08-14 15:00:00+02:00 | 2023-08-14 16:00:00+02:00 | 2023-08-14 17:00:00+02:00 | 2023-08-14 18:00:00+02:00 | 2023-08-14 19:00:00+02:00 | 2023-08-14 20:00:00+02:00 | 2023-08-14 21:00:00+02:00 | 2023-08-14 22:00:00+02:00 | 2023-08-14 23:00:00+02:00,,,,,,,
2023-08-15 00:00:00+02:00,False,MissingInput,"24 valeurs residual_load_gw manquantes après réparation (brut=24, max_autorisé=2)",24,24,0,2023-08-15 00:00:00+02:00 | 2023-08-15 01:00:00+02:00 | 2023-08-15 02:00:00+02:00 | 2023-08-15 03:00:00+02:00 | 2023-08-15 04:00:00+02:00 | 2023-08-15 05:00:00+02:00 | 2023-08-15 06:00:00+02:00 | 2023-08-15 07:00:00+02:00 | 2023-08-15 08:00:00+02:00 | 2023-08-15 09:00:00+02:00 | 2023-08-15 10:00:00+02:00 | 2023-08-15 11:00:00+02:00 | 2023-08-15 12:00:00+02:00 | 2023-08-15 13:00:00+02:00 | 2023-08-15 14:00:00+02:00 | 2023-08-15 15:00:00+02:00 | 2023-08-15 16:00:00+02:00 | 2023-08-15 17:00:00+02:00 | 2023-08-15 18:00:00+02:00 | 2023-08-15 19:00:00+02:00 | 2023-08-15 20:00:00+02:00 | 2023-08-15 21:00:00+02:00 | 2023-08-15 22:00:00+02:00 | 2023-08-15 23:00:00+02:00,,,,,,,
2023-08-16 00:00:00+02:00,False,MissingInput,"24 valeurs residual_load_gw manquantes après réparation (brut=24, max_autorisé=2)",24,24,0,2023-08-16 00:00:00+02:00 | 2023-08-16 01:00:00+02:00 | 2023-08-16 02:00:00+02:00 | 2023-08-16 03:00:00+02:00 | 2023-08-16 04:00:00+02:00 | 2023-08-16 05:00:00+02:00 | 2023-08-16 06:00:00+02:00 | 2023-08-16 07:00:00+02:00 | 2023-08-16 08:00:00+02:00 | 2023-08-16 09:00:00+02:00 | 2023-08-16 10:00:00+02:00 | 2023-08-16 11:00:00+02:00 | 2023-08-16 12:00:00+02:00 | 2023-08-16 13:00:00+02:00 | 2023-08-16 14:00:00+02:00 | 2023-08-16 15:00:00+02:00 | 2023-08-16 16:00:00+02:00 | 2023-08-16 17:00:00+02:00 | 2023-08-16 18:00:00+02:00 | 2023-08-16 19:00:00+02:00 | 2023-08-16 20:00:00+02:00 | 2023-08-16 21:00:00+02:00 | 2023-08-16 22:00:00+02:00 | 2023-08-16 23:00:00+02:00,,,,,,,
2023-08-17 00:00:00+02:00,False,MissingInput,"24 valeurs residual_load_gw manquantes après réparation (brut=24, max_autorisé=2)",24,24,0,2023-08-17 00:00:00+02:00 | 2023-08-17 01:00:00+02:00 | 2023-08-17 02:00:00+02:00 | 2023-08-17 03:00:00+02:00 | 2023-08-17 04:00:00+02:00 | 2023-08-17 05:00:00+02:00 | 2023-08-17 06:00:00+02:00 | 2023-08-17 07:00:00+02:00 | 2023-08-17 08:00:00+02:00 | 2023-08-17 09:00:00+02:00 | 2023-08-17 10:00:00+02:00 | 2023-08-17 11:00:00+02:00 | 2023-08-17 12:00:00+02:00 | 2023-08-17 13:00:00+02:00 | 2023-08-17 14:00:00+02:00 | 2023-08-17 15:00:00+02:00 | 2023-08-17 16:00:00+02:00 | 2023-08-17 17:00:00+02:00 | 2023-08-17 18:00:00+02:00 | 2023-08-17 19:00:00+02:00 | 2023-08-17 20:00:00+02:00 | 2023-08-17 21:00:00+02:00 | 2023-08-17 22:00:00+02:00 | 2023-08-17 23:00:00+02:00,,,,,,,
2023-08-18 00:00:00+02:00,False,MissingInput,"24 valeurs residual_load_gw manquantes après réparation (brut=24, max_autorisé=2)",24,24,0,2023-08-18 00:00:00+02:00 | 2023-08-18 01:00:00+02:00 | 2023-08-18 02:00:00+02:00 | 2023-08-18 03:00:00+02:00 | 2023-08-18 04:00:00+02:00 | 2023-08-18 05:00:00+02:00 | 2023-08-18 06:00:00+02:00 | 2023-08-18 07:00:00+02:00 | 2023-08-18 08:00:00+02:00 | 2023-08-18 09:00:00+02:00 | 2023-08-18 10:00:00+02:00 | 2023-08-18 11:00:00+02:00 | 2023-08-18 12:00:00+02:00 | 2023-08-18 13:00:00+02:00 | 2023-08-18 14:00:00+02:00 | 2023-08-18 15:00:00+02:00 | 2023-08-18 16:00:00+02:00 | 2023-08-18 17:00:00+02:00 | 2023-08-18 18:00:00+02:00 | 2023-08-18 19:00:00+02:00 | 2023-08-18 20:00:00+02:00 | 2023-08-18 21:00:00+02:00 | 2023-08-18 22:00:00+02:00 | 2023-08-18 23:00:00+02:00,,,,,,,
2023-08-19 00:00:00+02:00,False,MissingInput,"24 valeurs residual_load_gw manquantes après réparation (brut=24, max_autorisé=2)",24,24,0,2023-08-19 00:00:00+02:00 | 2023-08-19 01:00:00+02:00 | 2023-08-19 02:00:00+02:00 | 2023-08-19 03:00:00+02:00 | 2023-08-19 04:00:00+02:00 | 2023-08-19 05:00:00+02:00 | 2023-08-19 06:00:00+02:00 | 2023-08-19 07:00:00+02:00 | 2023-08-19 08:00:00+02:00 | 2023-08-19 09:00:00+02:00 | 2023-08-19 10:00:00+02:00 | 2023-08-19 11:00:00+02:00 | 2023-08-19 12:00:00+02:00 | 2023-08-19 13:00:00+02:00 | 2023-08-19 14:00:00+02:00 | 2023-08-19 15:00:00+02:00 | 2023-08-19 16:00:00+02:00 | 2023-08-19 17:00:00+02:00 | 2023-08-19 18:00:00+02:00 | 2023-08-19 19:00:00+02:00 | 2023-08-19 20:00:00+02:00 | 2023-08-19 21:00:00+02:00 | 2023-08-19 22:00:00+02:00 | 2023-08-19 23:00:00+02:00,,,,,,,
2023-08-20 00:00:00+02:00,False,MissingInput,"24 valeurs residual_load_gw manquantes après réparation (brut=24, max_autorisé=2)",24,24,0,2023-08-20 00:00:00+02:00 | 2023-08-20 01:00:00+02:00 | 2023-08-20 02:00:00+02:00 | 2023-08-20 03:00:00+02:00 | 2023-08-20 04:00:00+02:00 | 2023-08-20 05:00:00+02:00 | 2023-08-20 06:00:00+02:00 | 2023-08-20 07:00:00+02:00 | 2023-08-20 08:00:00+02:00 | 2023-08-20 09:00:00+02:00 | 2023-08-20 10:00:00+02:00 | 2023-08-20 11:00:00+02:00 | 2023-08-20 12:00:00+02:00 | 2023-08-20 13:00:00+02:00 | 2023-08-20 14:00:00+02:00 | 2023-08-20 15:00:00+02:00 | 2023-08-20 16:00:00+02:00 | 2023-08-20 17:00:00+02:00 | 2023-08-20 18:00:00+02:00 | 2023-08-20 19:00:00+02:00 | 2023-08-20 20:00:00+02:00 | 2023-08-20 21:00:00+02:00 | 2023-08-20 22:00:00+02:00 | 2023-08-20 23:00:00+02:00,,,,,,,
2023-08-21 00:00:00+02:00,False,MissingInput,"24 valeurs residual_load_gw manquantes après réparation (brut=24, max_autorisé=2)",24,24,0,2023-08-21 00:00:00+02:00 | 2023-08-21 01:00:00+02:00 | 2023-08-21 02:00:00+02:00 | 2023-08-21 03:00:00+02:00 | 2023-08-21 04:00:00+02:00 | 2023-08-21 05:00:00+02:00 | 2023-08-21 06:00:00+02:00 | 2023-08-21 07:00:00+02:00 | 2023-08-21 08:00:00+02:00 | 2023-08-21 09:00:00+02:00 | 2023-08-21 10:00:00+02:00 | 2023-08-21 11:00:00+02:00 | 2023-08-21 12:00:00+02:00 | 2023-08-21 13:00:00+02:00 | 2023-08-21 14:00:00+02:00 | 2023-08-21 15:00:00+02:00 | 2023-08-21 16:00:00+02:00 | 2023-08-21 17:00:00+02:00 | 2023-08-21 18:00:00+02:00 | 2023-08-21 19:00:00+02:00 | 2023-08-21 20:00:00+02:00 | 2023-08-21 21:00:00+02:00 | 2023-08-21 22:00:00+02:00 | 2023-08-21 23:00:00+02:00,,,,,,,
2023-08-22 00:00:00+02:00,False,MissingInput,"24 valeurs residual_load_gw manquantes après réparation (brut=24, max_autorisé=2)",24,24,0,2023-08-22 00:00:00+02:00 | 2023-08-22 01:00:00+02:00 | 2023-08-22 02:00:00+02:00 | 2023-08-22 03:00:00+02:00 | 2023-08-22 04:00:00+02:00 | 2023-08-22 05:00:00+02:00 | 2023-08-22 06:00:00+02:00 | 2023-08-22 07:00:00+02:00 | 2023-08-22 08:00:00+02:00 | 2023-08-22 09:00:00+02:00 | 2023-08-22 10:00:00+02:00 | 2023-08-22 11:00:00+02:00 | 2023-08-22 12:00:00+02:00 | 2023-08-22 13:00:00+02:00 | 2023-08-22 14:00:00+02:00 | 2023-08-22 15:00:00+02:00 | 2023-08-22 16:00:00+02:00 | 2023-08-22 17:00:00+02:00 | 2023-08-22 18:00:00+02:00 | 2023-08-22 19:00:00+02:00 | 2023-08-22 20:00:00+02:00 | 2023-08-22 21:00:00+02:00 | 2023-08-22 22:00:00+02:00 | 2023-08-22 23:00:00+02:00,,,,,,,
2023-08-23 00:00:00+02:00,False,MissingInput,"24 valeurs residual_load_gw manquantes après réparation (brut=24, max_autorisé=2)",24,24,0,2023-08-23 00:00:00+02:00 | 2023-08-23 01:00:00+02:00 | 2023-08-23 02:00:00+02:00 | 2023-08-23 03:00:00+02:00 | 2023-08-23 04:00:00+02:00 | 2023-08-23 05:00:00+02:00 | 2023-08-23 06:00:00+02:00 | 2023-08-23 07:00:00+02:00 | 2023-08-23 08:00:00+02:00 | 2023-08-23 09:00:00+02:00 | 2023-08-23 10:00:00+02:00 | 2023-08-23 11:00:00+02:00 | 2023-08-23 12:00:00+02:00 | 2023-08-23 13:00:00+02:00 | 2023-08-23 14:00:00+02:00 | 2023-08-23 15:00:00+02:00 | 2023-08-23 16:00:00+02:00 | 2023-08-23 17:00:00+02:00 | 2023-08-23 18:00:00+02:00 | 2023-08-23 19:00:00+02:00 | 2023-08-23 20:00:00+02:00 | 2023-08-23 21:00:00+02:00 | 2023-08-23 22:00:00+02:00 | 2023-08-23 23:00:00+02:00,,,,,,,
2023-08-24 00:00:00+02:00,False,MissingInput,"24 valeurs residual_load_gw manquantes après réparation (brut=24, max_autorisé=2)",24,24,0,2023-08-24 00:00:00+02:00 | 2023-08-24 01:00:00+02:00 | 2023-08-24 02:00:00+02:00 | 2023-08-24 03:00:00+02:00 | 2023-08-24 04:00:00+02:00 | 2023-08-24 05:00:00+02:00 | 2023-08-24 06:00:00+02:00 | 2023-08-24 07:00:00+02:00 | 2023-08-24 08:00:00+02:00 | 2023-08-24 09:00:00+02:00 | 2023-08-24 10:00:00+02:00 | 2023-08-24 11:00:00+02:00 | 2023-08-24 12:00:00+02:00 | 2023-08-24 13:00:00+02:00 | 2023-08-24 14:00:00+02:00 | 2023-08-24 15:00:00+02:00 | 2023-08-24 16:00:00+02:00 | 2023-08-24 17:00:00+02:00 | 2023-08-24 18:00:00+02:00 | 2023-08-24 19:00:00+02:00 | 2023-08-24 20:00:00+02:00 | 2023-08-24 21:00:00+02:00 | 2023-08-24 22:00:00+02:00 | 2023-08-24 23:00:00+02:00,,,,,,,
2023-08-25 00:00:00+02:00,False,MissingInput,"24 valeurs residual_load_gw manquantes après réparation (brut=24, max_autorisé=2)",24,24,0,2023-08-25 00:00:00+02:00 | 2023-08-25 01:00:00+02:00 | 2023-08-25 02:00:00+02:00 | 2023-08-25 03:00:00+02:00 | 2023-08-25 04:00:00+02:00 | 2023-08-25 05:00:00+02:00 | 2023-08-25 06:00:00+02:00 | 2023-08-25 07:00:00+02:00 | 2023-08-25 08:00:00+02:00 | 2023-08-25 09:00:00+02:00 | 2023-08-25 10:00:00+02:00 | 2023-08-25 11:00:00+02:00 | 2023-08-25 12:00:00+02:00 | 2023-08-25 13:00:00+02:00 | 2023-08-25 14:00:00+02:00 | 2023-08-25 15:00:00+02:00 | 2023-08-25 16:00:00+02:00 | 2023-08-25 17:00:00+02:00 | 2023-08-25 18:00:00+02:00 | 2023-08-25 19:00:00+02:00 | 2023-08-25 20:00:00+02:00 | 2023-08-25 21:00:00+02:00 | 2023-08-25 22:00:00+02:00 | 2023-08-25 23:00:00+02:00,,,,,,,
2023-08-26 00:00:00+02:00,False,MissingInput,"24 valeurs residual_load_gw manquantes après réparation (brut=24, max_autorisé=2)",24,24,0,2023-08-26 00:00:00+02:00 | 2023-08-26 01:00:00+02:00 | 2023-08-26 02:00:00+02:00 | 2023-08-26 03:00:00+02:00 | 2023-08-26 04:00:00+02:00 | 2023-08-26 05:00:00+02:00 | 2023-08-26 06:00:00+02:00 | 2023-08-26 07:00:00+02:00 | 2023-08-26 08:00:00+02:00 | 2023-08-26 09:00:00+02:00 | 2023-08-26 10:00:00+02:00 | 2023-08-26 11:00:00+02:00 | 2023-08-26 12:00:00+02:00 | 2023-08-26 13:00:00+02:00 | 2023-08-26 14:00:00+02:00 | 2023-08-26 15:00:00+02:00 | 2023-08-26 16:00:00+02:00 | 2023-08-26 17:00:00+02:00 | 2023-08-26 18:00:00+02:00 | 2023-08-26 19:00:00+02:00 | 2023-08-26 20:00:00+02:00 | 2023-08-26 21:00:00+02:00 | 2023-08-26 22:00:00+02:00 | 2023-08-26 23:00:00+02:00,,,,,,,
2023-08-27 00:00:00+02:00,False,MissingInput,"24 valeurs residual_load_gw manquantes après réparation (brut=24, max_autorisé=2)",24,24,0,2023-08-27 00:00:00+02:00 | 2023-08-27 01:00:00+02:00 | 2023-08-27 02:00:00+02:00 | 2023-08-27 03:00:00+02:00 | 2023-08-27 04:00:00+02:00 | 2023-08-27 05:00:00+02:00 | 2023-08-27 06:00:00+02:00 | 2023-08-27 07:00:00+02:00 | 2023-08-27 08:00:00+02:00 | 2023-08-27 09:00:00+02:00 | 2023-08-27 10:00:00+02:00 | 2023-08-27 11:00:00+02:00 | 2023-08-27 12:00:00+02:00 | 2023-08-27 13:00:00+02:00 | 2023-08-27 14:00:00+02:00 | 2023-08-27 15:00:00+02:00 | 2023-08-27 16:00:00+02:00 | 2023-08-27 17:00:00+02:00 | 2023-08-27 18:00:00+02:00 | 2023-08-27 19:00:00+02:00 | 2023-08-27 20:00:00+02:00 | 2023-08-27 21:00:00+02:00 | 2023-08-27 22:00:00+02:00 | 2023-08-27 23:00:00+02:00,,,,,,,
2023-08-28 00:00:00+02:00,False,MissingInput,"24 valeurs residual_load_gw manquantes après réparation (brut=24, max_autorisé=2)",24,24,0,2023-08-28 00:00:00+02:00 | 2023-08-28 01:00:00+02:00 | 2023-08-28 02:00:00+02:00 | 2023-08-28 03:00:00+02:00 | 2023-08-28 04:00:00+02:00 | 2023-08-28 05:00:00+02:00 | 2023-08-28 06:00:00+02:00 | 2023-08-28 07:00:00+02:00 | 2023-08-28 08:00:00+02:00 | 2023-08-28 09:00:00+02:00 | 2023-08-28 10:00:00+02:00 | 2023-08-28 11:00:00+02:00 | 2023-08-28 12:00:00+02:00 | 2023-08-28 13:00:00+02:00 | 2023-08-28 14:00:00+02:00 | 2023-08-28 15:00:00+02:00 | 2023-08-28 16:00:00+02:00 | 2023-08-28 17:00:00+02:00 | 2023-08-28 18:00:00+02:00 | 2023-08-28 19:00:00+02:00 | 2023-08-28 20:00:00+02:00 | 2023-08-28 21:00:00+02:00 | 2023-08-28 22:00:00+02:00 | 2023-08-28 23:00:00+02:00,,,,,,,
2023-08-29 00:00:00+02:00,False,MissingInput,"24 valeurs residual_load_gw manquantes après réparation (brut=24, max_autorisé=2)",24,24,0,2023-08-29 00:00:00+02:00 | 2023-08-29 01:00:00+02:00 | 2023-08-29 02:00:00+02:00 | 2023-08-29 03:00:00+02:00 | 2023-08-29 04:00:00+02:00 | 2023-08-29 05:00:00+02:00 | 2023-08-29 06:00:00+02:00 | 2023-08-29 07:00:00+02:00 | 2023-08-29 08:00:00+02:00 | 2023-08-29 09:00:00+02:00 | 2023-08-29 10:00:00+02:00 | 2023-08-29 11:00:00+02:00 | 2023-08-29 12:00:00+02:00 | 2023-08-29 13:00:00+02:00 | 2023-08-29 14:00:00+02:00 | 2023-08-29 15:00:00+02:00 | 2023-08-29 16:00:00+02:00 | 2023-08-29 17:00:00+02:00 | 2023-08-29 18:00:00+02:00 | 2023-08-29 19:00:00+02:00 | 2023-08-29 20:00:00+02:00 | 2023-08-29 21:00:00+02:00 | 2023-08-29 22:00:00+02:00 | 2023-08-29 23:00:00+02:00,,,,,,,
2023-08-30 00:00:00+02:00,False,MissingInput,"24 valeurs residual_load_gw manquantes après réparation (brut=24, max_autorisé=2)",24,24,0,2023-08-30 00:00:00+02:00 | 2023-08-30 01:00:00+02:00 | 2023-08-30 02:00:00+02:00 | 2023-08-30 03:00:00+02:00 | 2023-08-30 04:00:00+02:00 | 2023-08-30 05:00:00+02:00 | 2023-08-30 06:00:00+02:00 | 2023-08-30 07:00:00+02:00 | 2023-08-30 08:00:00+02:00 | 2023-08-30 09:00:00+02:00 | 2023-08-30 10:00:00+02:00 | 2023-08-30 11:00:00+02:00 | 2023-08-30 12:00:00+02:00 | 2023-08-30 13:00:00+02:00 | 2023-08-30 14:00:00+02:00 | 2023-08-30 15:00:00+02:00 | 2023-08-30 16:00:00+02:00 | 2023-08-30 17:00:00+02:00 | 2023-08-30 18:00:00+02:00 | 2023-08-30 19:00:00+02:00 | 2023-08-30 20:00:00+02:00 | 2023-08-30 21:00:00+02:00 | 2023-08-30 22:00:00+02:00 | 2023-08-30 23:00:00+02:00,,,,,,,
2023-08-31 00:00:00+02:00,False,MissingInput,"24 valeurs residual_load_gw manquantes après réparation (brut=24, max_autorisé=2)",24,24,0,2023-08-31 00:00:00+02:00 | 2023-08-31 01:00:00+02:00 | 2023-08-31 02:00:00+02:00 | 2023-08-31 03:00:00+02:00 | 2023-08-31 04:00:00+02:00 | 2023-08-31 05:00:00+02:00 | 2023-08-31 06:00:00+02:00 | 2023-08-31 07:00:00+02:00 | 2023-08-31 08:00:00+02:00 | 2023-08-31 09:00:00+02:00 | 2023-08-31 10:00:00+02:00 | 2023-08-31 11:00:00+02:00 | 2023-08-31 12:00:00+02:00 | 2023-08-31 13:00:00+02:00 | 2023-08-31 14:00:00+02:00 | 2023-08-31 15:00:00+02:00 | 2023-08-31 16:00:00+02:00 | 2023-08-31 17:00:00+02:00 | 2023-08-31 18:00:00+02:00 | 2023-08-31 19:00:00+02:00 | 2023-08-31 20:00:00+02:00 | 2023-08-31 21:00:00+02:00 | 2023-08-31 22:00:00+02:00 | 2023-08-31 23:00:00+02:00,,,,,,,
2023-09-01 00:00:00+02:00,False,MissingInput,"24 valeurs residual_load_gw manquantes après réparation (brut=24, max_autorisé=2)",24,24,0,2023-09-01 00:00:00+02:00 | 2023-09-01 01:00:00+02:00 | 2023-09-01 02:00:00+02:00 | 2023-09-01 03:00:00+02:00 | 2023-09-01 04:00:00+02:00 | 2023-09-01 05:00:00+02:00 | 2023-09-01 06:00:00+02:00 | 2023-09-01 07:00:00+02:00 | 2023-09-01 08:00:00+02:00 | 2023-09-01 09:00:00+02:00 | 2023-09-01 10:00:00+02:00 | 2023-09-01 11:00:00+02:00 | 2023-09-01 12:00:00+02:00 | 2023-09-01 13:00:00+02:00 | 2023-09-01 14:00:00+02:00 | 2023-09-01 15:00:00+02:00 | 2023-09-01 16:00:00+02:00 | 2023-09-01 17:00:00+02:00 | 2023-09-01 18:00:00+02:00 | 2023-09-01 19:00:00+02:00 | 2023-09-01 20:00:00+02:00 | 2023-09-01 21:00:00+02:00 | 2023-09-01 22:00:00+02:00 | 2023-09-01 23:00:00+02:00,,,,,,,
2023-09-02 00:00:00+02:00,False,MissingInput,"24 valeurs residual_load_gw manquantes après réparation (brut=24, max_autorisé=2)",24,24,0,2023-09-02 00:00:00+02:00 | 2023-09-02 01:00:00+02:00 | 2023-09-02 02:00:00+02:00 | 2023-09-02 03:00:00+02:00 | 2023-09-02 04:00:00+02:00 | 2023-09-02 05:00:00+02:00 | 2023-09-02 06:00:00+02:00 | 2023-09-02 07:00:00+02:00 | 2023-09-02 08:00:00+02:00 | 2023-09-02 09:00:00+02:00 | 2023-09-02 10:00:00+02:00 | 2023-09-02 11:00:00+02:00 | 2023-09-02 12:00:00+02:00 | 2023-09-02 13:00:00+02:00 | 2023-09-02 14:00:00+02:00 | 2023-09-02 15:00:00+02:00 | 2023-09-02 16:00:00+02:00 | 2023-09-02 17:00:00+02:00 | 2023-09-02 18:00:00+02:00 | 2023-09-02 19:00:00+02:00 | 2023-09-02 20:00:00+02:00 | 2023-09-02 21:00:00+02:00 | 2023-09-02 22:00:00+02:00 | 2023-09-02 23:00:00+02:00,,,,,,,
2023-09-03 00:00:00+02:00,False,MissingInput,"24 valeurs residual_load_gw manquantes après réparation (brut=24, max_autorisé=2)",24,24,0,2023-09-03 00:00:00+02:00 | 2023-09-03 01:00:00+02:00 | 2023-09-03 02:00:00+02:00 | 2023-09-03 03:00:00+02:00 | 2023-09-03 04:00:00+02:00 | 2023-09-03 05:00:00+02:00 | 2023-09-03 06:00:00+02:00 | 2023-09-03 07:00:00+02:00 | 2023-09-03 08:00:00+02:00 | 2023-09-03 09:00:00+02:00 | 2023-09-03 10:00:00+02:00 | 2023-09-03 11:00:00+02:00 | 2023-09-03 12:00:00+02:00 | 2023-09-03 13:00:00+02:00 | 2023-09-03 14:00:00+02:00 | 2023-09-03 15:00:00+02:00 | 2023-09-03 16:00:00+02:00 | 2023-09-03 17:00:00+02:00 | 2023-09-03 18:00:00+02:00 | 2023-09-03 19:00:00+02:00 | 2023-09-03 20:00:00+02:00 | 2023-09-03 21:00:00+02:00 | 2023-09-03 22:00:00+02:00 | 2023-09-03 23:00:00+02:00,,,,,,,
2023-09-04 00:00:00+02:00,False,MissingInput,"24 valeurs residual_load_gw manquantes après réparation (brut=24, max_autorisé=2)",24,24,0,2023-09-04 00:00:00+02:00 | 2023-09-04 01:00:00+02:00 | 2023-09-04 02:00:00+02:00 | 2023-09-04 03:00:00+02:00 | 2023-09-04 04:00:00+02:00 | 2023-09-04 05:00:00+02:00 | 2023-09-04 06:00:00+02:00 | 2023-09-04 07:00:00+02:00 | 2023-09-04 08:00:00+02:00 | 2023-09-04 09:00:00+02:00 | 2023-09-04 10:00:00+02:00 | 2023-09-04 11:00:00+02:00 | 2023-09-04 12:00:00+02:00 | 2023-09-04 13:00:00+02:00 | 2023-09-04 14:00:00+02:00 | 2023-09-04 15:00:00+02:00 | 2023-09-04 16:00:00+02:00 | 2023-09-04 17:00:00+02:00 | 2023-09-04 18:00:00+02:00 | 2023-09-04 19:00:00+02:00 | 2023-09-04 20:00:00+02:00 | 2023-09-04 21:00:00+02:00 | 2023-09-04 22:00:00+02:00 | 2023-09-04 23:00:00+02:00,,,,,,,
2023-09-05 00:00:00+02:00,False,MissingInput,"24 valeurs residual_load_gw manquantes après réparation (brut=24, max_autorisé=2)",24,24,0,2023-09-05 00:00:00+02:00 | 2023-09-05 01:00:00+02:00 | 2023-09-05 02:00:00+02:00 | 2023-09-05 03:00:00+02:00 | 2023-09-05 04:00:00+02:00 | 2023-09-05 05:00:00+02:00 | 2023-09-05 06:00:00+02:00 | 2023-09-05 07:00:00+02:00 | 2023-09-05 08:00:00+02:00 | 2023-09-05 09:00:00+02:00 | 2023-09-05 10:00:00+02:00 | 2023-09-05 11:00:00+02:00 | 2023-09-05 12:00:00+02:00 | 2023-09-05 13:00:00+02:00 | 2023-09-05 14:00:00+02:00 | 2023-09-05 15:00:00+02:00 | 2023-09-05 16:00:00+02:00 | 2023-09-05 17:00:00+02:00 | 2023-09-05 18:00:00+02:00 | 2023-09-05 19:00:00+02:00 | 2023-09-05 20:00:00+02:00 | 2023-09-05 21:00:00+02:00 | 2023-09-05 22:00:00+02:00 | 2023-09-05 23:00:00+02:00,,,,,,,
2023-09-06 00:00:00+02:00,False,MissingInput,"24 valeurs residual_load_gw manquantes après réparation (brut=24, max_autorisé=2)",24,24,0,2023-09-06 00:00:00+02:00 | 2023-09-06 01:00:00+02:00 | 2023-09-06 02:00:00+02:00 | 2023-09-06 03:00:00+02:00 | 2023-09-06 04:00:00+02:00 | 2023-09-06 05:00:00+02:00 | 2023-09-06 06:00:00+02:00 | 2023-09-06 07:00:00+02:00 | 2023-09-06 08:00:00+02:00 | 2023-09-06 09:00:00+02:00 | 2023-09-06 10:00:00+02:00 | 2023-09-06 11:00:00+02:00 | 2023-09-06 12:00:00+02:00 | 2023-09-06 13:00:00+02:00 | 2023-09-06 14:00:00+02:00 | 2023-09-06 15:00:00+02:00 | 2023-09-06 16:00:00+02:00 | 2023-09-06 17:00:00+02:00 | 2023-09-06 18:00:00+02:00 | 2023-09-06 19:00:00+02:00 | 2023-09-06 20:00:00+02:00 | 2023-09-06 21:00:00+02:00 | 2023-09-06 22:00:00+02:00 | 2023-09-06 23:00:00+02:00,,,,,,,
2023-09-07 00:00:00+02:00,False,MissingInput,"24 valeurs residual_load_gw manquantes après réparation (brut=24, max_autorisé=2)",24,24,0,2023-09-07 00:00:00+02:00 | 2023-09-07 01:00:00+02:00 | 2023-09-07 02:00:00+02:00 | 2023-09-07 03:00:00+02:00 | 2023-09-07 04:00:00+02:00 | 2023-09-07 05:00:00+02:00 | 2023-09-07 06:00:00+02:00 | 2023-09-07 07:00:00+02:00 | 2023-09-07 08:00:00+02:00 | 2023-09-07 09:00:00+02:00 | 2023-09-07 10:00:00+02:00 | 2023-09-07 11:00:00+02:00 | 2023-09-07 12:00:00+02:00 | 2023-09-07 13:00:00+02:00 | 2023-09-07 14:00:00+02:00 | 2023-09-07 15:00:00+02:00 | 2023-09-07 16:00:00+02:00 | 2023-09-07 17:00:00+02:00 | 2023-09-07 18:00:00+02:00 | 2023-09-07 19:00:00+02:00 | 2023-09-07 20:00:00+02:00 | 2023-09-07 21:00:00+02:00 | 2023-09-07 22:00:00+02:00 | 2023-09-07 23:00:00+02:00,,,,,,,
2023-09-08 00:00:00+02:00,False,MissingInput,"24 valeurs residual_load_gw manquantes après réparation (brut=24, max_autorisé=2)",24,24,0,2023-09-08 00:00:00+02:00 | 2023-09-08 01:00:00+02:00 | 2023-09-08 02:00:00+02:00 | 2023-09-08 03:00:00+02:00 | 2023-09-08 04:00:00+02:00 | 2023-09-08 05:00:00+02:00 | 2023-09-08 06:00:00+02:00 | 2023-09-08 07:00:00+02:00 | 2023-09-08 08:00:00+02:00 | 2023-09-08 09:00:00+02:00 | 2023-09-08 10:00:00+02:00 | 2023-09-08 11:00:00+02:00 | 2023-09-08 12:00:00+02:00 | 2023-09-08 13:00:00+02:00 | 2023-09-08 14:00:00+02:00 | 2023-09-08 15:00:00+02:00 | 2023-09-08 16:00:00+02:00 | 2023-09-08 17:00:00+02:00 | 2023-09-08 18:00:00+02:00 | 2023-09-08 19:00:00+02:00 | 2023-09-08 20:00:00+02:00 | 2023-09-08 21:00:00+02:00 | 2023-09-08 22:00:00+02:00 | 2023-09-08 23:00:00+02:00,,,,,,,
2023-09-09 00:00:00+02:00,False,MissingInput,"24 valeurs residual_load_gw manquantes après réparation (brut=24, max_autorisé=2)",24,24,0,2023-09-09 00:00:00+02:00 | 2023-09-09 01:00:00+02:00 | 2023-09-09 02:00:00+02:00 | 2023-09-09 03:00:00+02:00 | 2023-09-09 04:00:00+02:00 | 2023-09-09 05:00:00+02:00 | 2023-09-09 06:00:00+02:00 | 2023-09-09 07:00:00+02:00 | 2023-09-09 08:00:00+02:00 | 2023-09-09 09:00:00+02:00 | 2023-09-09 10:00:00+02:00 | 2023-09-09 11:00:00+02:00 | 2023-09-09 12:00:00+02:00 | 2023-09-09 13:00:00+02:00 | 2023-09-09 14:00:00+02:00 | 2023-09-09 15:00:00+02:00 | 2023-09-09 16:00:00+02:00 | 2023-09-09 17:00:00+02:00 | 2023-09-09 18:00:00+02:00 | 2023-09-09 19:00:00+02:00 | 2023-09-09 20:00:00+02:00 | 2023-09-09 21:00:00+02:00 | 2023-09-09 22:00:00+02:00 | 2023-09-09 23:00:00+02:00,,,,,,,
2023-09-10 00:00:00+02:00,False,MissingInput,"24 valeurs residual_load_gw manquantes après réparation (brut=24, max_autorisé=2)",24,24,0,2023-09-10 00:00:00+02:00 | 2023-09-10 01:00:00+02:00 | 2023-09-10 02:00:00+02:00 | 2023-09-10 03:00:00+02:00 | 2023-09-10 04:00:00+02:00 | 2023-09-10 05:00:00+02:00 | 2023-09-10 06:00:00+02:00 | 2023-09-10 07:00:00+02:00 | 2023-09-10 08:00:00+02:00 | 2023-09-10 09:00:00+02:00 | 2023-09-10 10:00:00+02:00 | 2023-09-10 11:00:00+02:00 | 2023-09-10 12:00:00+02:00 | 2023-09-10 13:00:00+02:00 | 2023-09-10 14:00:00+02:00 | 2023-09-10 15:00:00+02:00 | 2023-09-10 16:00:00+02:00 | 2023-09-10 17:00:00+02:00 | 2023-09-10 18:00:00+02:00 | 2023-09-10 19:00:00+02:00 | 2023-09-10 20:00:00+02:00 | 2023-09-10 21:00:00+02:00 | 2023-09-10 22:00:00+02:00 | 2023-09-10 23:00:00+02:00,,,,,,,
2023-09-11 00:00:00+02:00,False,MissingInput,"24 valeurs residual_load_gw manquantes après réparation (brut=24, max_autorisé=2)",24,24,0,2023-09-11 00:00:00+02:00 | 2023-09-11 01:00:00+02:00 | 2023-09-11 02:00:00+02:00 | 2023-09-11 03:00:00+02:00 | 2023-09-11 04:00:00+02:00 | 2023-09-11 05:00:00+02:00 | 2023-09-11 06:00:00+02:00 | 2023-09-11 07:00:00+02:00 | 2023-09-11 08:00:00+02:00 | 2023-09-11 09:00:00+02:00 | 2023-09-11 10:00:00+02:00 | 2023-09-11 11:00:00+02:00 | 2023-09-11 12:00:00+02:00 | 2023-09-11 13:00:00+02:00 | 2023-09-11 14:00:00+02:00 | 2023-09-11 15:00:00+02:00 | 2023-09-11 16:00:00+02:00 | 2023-09-11 17:00:00+02:00 | 2023-09-11 18:00:00+02:00 | 2023-09-11 19:00:00+02:00 | 2023-09-11 20:00:00+02:00 | 2023-09-11 21:00:00+02:00 | 2023-09-11 22:00:00+02:00 | 2023-09-11 23:00:00+02:00,,,,,,,
2023-09-12 00:00:00+02:00,False,MissingInput,"24 valeurs residual_load_gw manquantes après réparation (brut=24, max_autorisé=2)",24,24,0,2023-09-12 00:00:00+02:00 | 2023-09-12 01:00:00+02:00 | 2023-09-12 02:00:00+02:00 | 2023-09-12 03:00:00+02:00 | 2023-09-12 04:00:00+02:00 | 2023-09-12 05:00:00+02:00 | 2023-09-12 06:00:00+02:00 | 2023-09-12 07:00:00+02:00 | 2023-09-12 08:00:00+02:00 | 2023-09-12 09:00:00+02:00 | 2023-09-12 10:00:00+02:00 | 2023-09-12 11:00:00+02:00 | 2023-09-12 12:00:00+02:00 | 2023-09-12 13:00:00+02:00 | 2023-09-12 14:00:00+02:00 | 2023-09-12 15:00:00+02:00 | 2023-09-12 16:00:00+02:00 | 2023-09-12 17:00:00+02:00 | 2023-09-12 18:00:00+02:00 | 2023-09-12 19:00:00+02:00 | 2023-09-12 20:00:00+02:00 | 2023-09-12 21:00:00+02:00 | 2023-09-12 22:00:00+02:00 | 2023-09-12 23:00:00+02:00,,,,,,,
2023-09-13 00:00:00+02:00,False,MissingInput,"24 valeurs residual_load_gw manquantes après réparation (brut=24, max_autorisé=2)",24,24,0,2023-09-13 00:00:00+02:00 | 2023-09-13 01:00:00+02:00 | 2023-09-13 02:00:00+02:00 | 2023-09-13 03:00:00+02:00 | 2023-09-13 04:00:00+02:00 | 2023-09-13 05:00:00+02:00 | 2023-09-13 06:00:00+02:00 | 2023-09-13 07:00:00+02:00 | 2023-09-13 08:00:00+02:00 | 2023-09-13 09:00:00+02:00 | 2023-09-13 10:00:00+02:00 | 2023-09-13 11:00:00+02:00 | 2023-09-13 12:00:00+02:00 | 2023-09-13 13:00:00+02:00 | 2023-09-13 14:00:00+02:00 | 2023-09-13 15:00:00+02:00 | 2023-09-13 16:00:00+02:00 | 2023-09-13 17:00:00+02:00 | 2023-09-13 18:00:00+02:00 | 2023-09-13 19:00:00+02:00 | 2023-09-13 20:00:00+02:00 | 2023-09-13 21:00:00+02:00 | 2023-09-13 22:00:00+02:00 | 2023-09-13 23:00:00+02:00,,,,,,,
2023-09-14 00:00:00+02:00,False,MissingInput,"24 valeurs residual_load_gw manquantes après réparation (brut=24, max_autorisé=2)",24,24,0,2023-09-14 00:00:00+02:00 | 2023-09-14 01:00:00+02:00 | 2023-09-14 02:00:00+02:00 | 2023-09-14 03:00:00+02:00 | 2023-09-14 04:00:00+02:00 | 2023-09-14 05:00:00+02:00 | 2023-09-14 06:00:00+02:00 | 2023-09-14 07:00:00+02:00 | 2023-09-14 08:00:00+02:00 | 2023-09-14 09:00:00+02:00 | 2023-09-14 10:00:00+02:00 | 2023-09-14 11:00:00+02:00 | 2023-09-14 12:00:00+02:00 | 2023-09-14 13:00:00+02:00 | 2023-09-14 14:00:00+02:00 | 2023-09-14 15:00:00+02:00 | 2023-09-14 16:00:00+02:00 | 2023-09-14 17:00:00+02:00 | 2023-09-14 18:00:00+02:00 | 2023-09-14 19:00:00+02:00 | 2023-09-14 20:00:00+02:00 | 2023-09-14 21:00:00+02:00 | 2023-09-14 22:00:00+02:00 | 2023-09-14 23:00:00+02:00,,,,,,,
2023-09-15 00:00:00+02:00,False,MissingInput,"24 valeurs residual_load_gw manquantes après réparation (brut=24, max_autorisé=2)",24,24,0,2023-09-15 00:00:00+02:00 | 2023-09-15 01:00:00+02:00 | 2023-09-15 02:00:00+02:00 | 2023-09-15 03:00:00+02:00 | 2023-09-15 04:00:00+02:00 | 2023-09-15 05:00:00+02:00 | 2023-09-15 06:00:00+02:00 | 2023-09-15 07:00:00+02:00 | 2023-09-15 08:00:00+02:00 | 2023-09-15 09:00:00+02:00 | 2023-09-15 10:00:00+02:00 | 2023-09-15 11:00:00+02:00 | 2023-09-15 12:00:00+02:00 | 2023-09-15 13:00:00+02:00 | 2023-09-15 14:00:00+02:00 | 2023-09-15 15:00:00+02:00 | 2023-09-15 16:00:00+02:00 | 2023-09-15 17:00:00+02:00 | 2023-09-15 18:00:00+02:00 | 2023-09-15 19:00:00+02:00 | 2023-09-15 20:00:00+02:00 | 2023-09-15 21:00:00+02:00 | 2023-09-15 22:00:00+02:00 | 2023-09-15 23:00:00+02:00,,,,,,,
2023-09-16 00:00:00+02:00,False,MissingInput,"24 valeurs residual_load_gw manquantes après réparation (brut=24, max_autorisé=2)",24,24,0,2023-09-16 00:00:00+02:00 | 2023-09-16 01:00:00+02:00 | 2023-09-16 02:00:00+02:00 | 2023-09-16 03:00:00+02:00 | 2023-09-16 04:00:00+02:00 | 2023-09-16 05:00:00+02:00 | 2023-09-16 06:00:00+02:00 | 2023-09-16 07:00:00+02:00 | 2023-09-16 08:00:00+02:00 | 2023-09-16 09:00:00+02:00 | 2023-09-16 10:00:00+02:00 | 2023-09-16 11:00:00+02:00 | 2023-09-16 12:00:00+02:00 | 2023-09-16 13:00:00+02:00 | 2023-09-16 14:00:00+02:00 | 2023-09-16 15:00:00+02:00 | 2023-09-16 16:00:00+02:00 | 2023-09-16 17:00:00+02:00 | 2023-09-16 18:00:00+02:00 | 2023-09-16 19:00:00+02:00 | 2023-09-16 20:00:00+02:00 | 2023-09-16 21:00:00+02:00 | 2023-09-16 22:00:00+02:00 | 2023-09-16 23:00:00+02:00,,,,,,,
2023-09-17 00:00:00+02:00,False,MissingInput,"24 valeurs residual_load_gw manquantes après réparation (brut=24, max_autorisé=2)",24,24,0,2023-09-17 00:00:00+02:00 | 2023-09-17 01:00:00+02:00 | 2023-09-17 02:00:00+02:00 | 2023-09-17 03:00:00+02:00 | 2023-09-17 04:00:00+02:00 | 2023-09-17 05:00:00+02:00 | 2023-09-17 06:00:00+02:00 | 2023-09-17 07:00:00+02:00 | 2023-09-17 08:00:00+02:00 | 2023-09-17 09:00:00+02:00 | 2023-09-17 10:00:00+02:00 | 2023-09-17 11:00:00+02:00 | 2023-09-17 12:00:00+02:00 | 2023-09-17 13:00:00+02:00 | 2023-09-17 14:00:00+02:00 | 2023-09-17 15:00:00+02:00 | 2023-09-17 16:00:00+02:00 | 2023-09-17 17:00:00+02:00 | 2023-09-17 18:00:00+02:00 | 2023-09-17 19:00:00+02:00 | 2023-09-17 20:00:00+02:00 | 2023-09-17 21:00:00+02:00 | 2023-09-17 22:00:00+02:00 | 2023-09-17 23:00:00+02:00,,,,,,,
2023-09-18 00:00:00+02:00,False,MissingInput,"24 valeurs residual_load_gw manquantes après réparation (brut=24, max_autorisé=2)",24,24,0,2023-09-18 00:00:00+02:00 | 2023-09-18 01:00:00+02:00 | 2023-09-18 02:00:00+02:00 | 2023-09-18 03:00:00+02:00 | 2023-09-18 04:00:00+02:00 | 2023-09-18 05:00:00+02:00 | 2023-09-18 06:00:00+02:00 | 2023-09-18 07:00:00+02:00 | 2023-09-18 08:00:00+02:00 | 2023-09-18 09:00:00+02:00 | 2023-09-18 10:00:00+02:00 | 2023-09-18 11:00:00+02:00 | 2023-09-18 12:00:00+02:00 | 2023-09-18 13:00:00+02:00 | 2023-09-18 14:00:00+02:00 | 2023-09-18 15:00:00+02:00 | 2023-09-18 16:00:00+02:00 | 2023-09-18 17:00:00+02:00 | 2023-09-18 18:00:00+02:00 | 2023-09-18 19:00:00+02:00 | 2023-09-18 20:00:00+02:00 | 2023-09-18 21:00:00+02:00 | 2023-09-18 22:00:00+02:00 | 2023-09-18 23:00:00+02:00,,,,,,,
2023-09-19 00:00:00+02:00,False,MissingInput,"24 valeurs residual_load_gw manquantes après réparation (brut=24, max_autorisé=2)",24,24,0,2023-09-19 00:00:00+02:00 | 2023-09-19 01:00:00+02:00 | 2023-09-19 02:00:00+02:00 | 2023-09-19 03:00:00+02:00 | 2023-09-19 04:00:00+02:00 | 2023-09-19 05:00:00+02:00 | 2023-09-19 06:00:00+02:00 | 2023-09-19 07:00:00+02:00 | 2023-09-19 08:00:00+02:00 | 2023-09-19 09:00:00+02:00 | 2023-09-19 10:00:00+02:00 | 2023-09-19 11:00:00+02:00 | 2023-09-19 12:00:00+02:00 | 2023-09-19 13:00:00+02:00 | 2023-09-19 14:00:00+02:00 | 2023-09-19 15:00:00+02:00 | 2023-09-19 16:00:00+02:00 | 2023-09-19 17:00:00+02:00 | 2023-09-19 18:00:00+02:00 | 2023-09-19 19:00:00+02:00 | 2023-09-19 20:00:00+02:00 | 2023-09-19 21:00:00+02:00 | 2023-09-19 22:00:00+02:00 | 2023-09-19 23:00:00+02:00,,,,,,,
2023-09-20 00:00:00+02:00,False,MissingInput,"24 valeurs residual_load_gw manquantes après réparation (brut=24, max_autorisé=2)",24,24,0,2023-09-20 00:00:00+02:00 | 2023-09-20 01:00:00+02:00 | 2023-09-20 02:00:00+02:00 | 2023-09-20 03:00:00+02:00 | 2023-09-20 04:00:00+02:00 | 2023-09-20 05:00:00+02:00 | 2023-09-20 06:00:00+02:00 | 2023-09-20 07:00:00+02:00 | 2023-09-20 08:00:00+02:00 | 2023-09-20 09:00:00+02:00 | 2023-09-20 10:00:00+02:00 | 2023-09-20 11:00:00+02:00 | 2023-09-20 12:00:00+02:00 | 2023-09-20 13:00:00+02:00 | 2023-09-20 14:00:00+02:00 | 2023-09-20 15:00:00+02:00 | 2023-09-20 16:00:00+02:00 | 2023-09-20 17:00:00+02:00 | 2023-09-20 18:00:00+02:00 | 2023-09-20 19:00:00+02:00 | 2023-09-20 20:00:00+02:00 | 2023-09-20 21:00:00+02:00 | 2023-09-20 22:00:00+02:00 | 2023-09-20 23:00:00+02:00,,,,,,,
2023-09-21 00:00:00+02:00,False,MissingInput,"24 valeurs residual_load_gw manquantes après réparation (brut=24, max_autorisé=2)",24,24,0,2023-09-21 00:00:00+02:00 | 2023-09-21 01:00:00+02:00 | 2023-09-21 02:00:00+02:00 | 2023-09-21 03:00:00+02:00 | 2023-09-21 04:00:00+02:00 | 2023-09-21 05:00:00+02:00 | 2023-09-21 06:00:00+02:00 | 2023-09-21 07:00:00+02:00 | 2023-09-21 08:00:00+02:00 | 2023-09-21 09:00:00+02:00 | 2023-09-21 10:00:00+02:00 | 2023-09-21 11:00:00+02:00 | 2023-09-21 12:00:00+02:00 | 2023-09-21 13:00:00+02:00 | 2023-09-21 14:00:00+02:00 | 2023-09-21 15:00:00+02:00 | 2023-09-21 16:00:00+02:00 | 2023-09-21 17:00:00+02:00 | 2023-09-21 18:00:00+02:00 | 2023-09-21 19:00:00+02:00 | 2023-09-21 20:00:00+02:00 | 2023-09-21 21:00:00+02:00 | 2023-09-21 22:00:00+02:00 | 2023-09-21 23:00:00+02:00,,,,,,,
2023-09-22 00:00:00+02:00,False,MissingInput,"24 valeurs residual_load_gw manquantes après réparation (brut=24, max_autorisé=2)",24,24,0,2023-09-22 00:00:00+02:00 | 2023-09-22 01:00:00+02:00 | 2023-09-22 02:00:00+02:00 | 2023-09-22 03:00:00+02:00 | 2023-09-22 04:00:00+02:00 | 2023-09-22 05:00:00+02:00 | 2023-09-22 06:00:00+02:00 | 2023-09-22 07:00:00+02:00 | 2023-09-22 08:00:00+02:00 | 2023-09-22 09:00:00+02:00 | 2023-09-22 10:00:00+02:00 | 2023-09-22 11:00:00+02:00 | 2023-09-22 12:00:00+02:00 | 2023-09-22 13:00:00+02:00 | 2023-09-22 14:00:00+02:00 | 2023-09-22 15:00:00+02:00 | 2023-09-22 16:00:00+02:00 | 2023-09-22 17:00:00+02:00 | 2023-09-22 18:00:00+02:00 | 2023-09-22 19:00:00+02:00 | 2023-09-22 20:00:00+02:00 | 2023-09-22 21:00:00+02:00 | 2023-09-22 22:00:00+02:00 | 2023-09-22 23:00:00+02:00,,,,,,,
2023-09-23 00:00:00+02:00,False,MissingInput,"24 valeurs residual_load_gw manquantes après réparation (brut=24, max_autorisé=2)",24,24,0,2023-09-23 00:00:00+02:00 | 2023-09-23 01:00:00+02:00 | 2023-09-23 02:00:00+02:00 | 2023-09-23 03:00:00+02:00 | 2023-09-23 04:00:00+02:00 | 2023-09-23 05:00:00+02:00 | 2023-09-23 06:00:00+02:00 | 2023-09-23 07:00:00+02:00 | 2023-09-23 08:00:00+02:00 | 2023-09-23 09:00:00+02:00 | 2023-09-23 10:00:00+02:00 | 2023-09-23 11:00:00+02:00 | 2023-09-23 12:00:00+02:00 | 2023-09-23 13:00:00+02:00 | 2023-09-23 14:00:00+02:00 | 2023-09-23 15:00:00+02:00 | 2023-09-23 16:00:00+02:00 | 2023-09-23 17:00:00+02:00 | 2023-09-23 18:00:00+02:00 | 2023-09-23 19:00:00+02:00 | 2023-09-23 20:00:00+02:00 | 2023-09-23 21:00:00+02:00 | 2023-09-23 22:00:00+02:00 | 2023-09-23 23:00:00+02:00,,,,,,,
2023-09-24 00:00:00+02:00,False,MissingInput,"24 valeurs residual_load_gw manquantes après réparation (brut=24, max_autorisé=2)",24,24,0,2023-09-24 00:00:00+02:00 | 2023-09-24 01:00:00+02:00 | 2023-09-24 02:00:00+02:00 | 2023-09-24 03:00:00+02:00 | 2023-09-24 04:00:00+02:00 | 2023-09-24 05:00:00+02:00 | 2023-09-24 06:00:00+02:00 | 2023-09-24 07:00:00+02:00 | 2023-09-24 08:00:00+02:00 | 2023-09-24 09:00:00+02:00 | 2023-09-24 10:00:00+02:00 | 2023-09-24 11:00:00+02:00 | 2023-09-24 12:00:00+02:00 | 2023-09-24 13:00:00+02:00 | 2023-09-24 14:00:00+02:00 | 2023-09-24 15:00:00+02:00 | 2023-09-24 16:00:00+02:00 | 2023-09-24 17:00:00+02:00 | 2023-09-24 18:00:00+02:00 | 2023-09-24 19:00:00+02:00 | 2023-09-24 20:00:00+02:00 | 2023-09-24 21:00:00+02:00 | 2023-09-24 22:00:00+02:00 | 2023-09-24 23:00:00+02:00,,,,,,,
2023-09-25 00:00:00+02:00,False,MissingInput,"24 valeurs residual_load_gw manquantes après réparation (brut=24, max_autorisé=2)",24,24,0,2023-09-25 00:00:00+02:00 | 2023-09-25 01:00:00+02:00 | 2023-09-25 02:00:00+02:00 | 2023-09-25 03:00:00+02:00 | 2023-09-25 04:00:00+02:00 | 2023-09-25 05:00:00+02:00 | 2023-09-25 06:00:00+02:00 | 2023-09-25 07:00:00+02:00 | 2023-09-25 08:00:00+02:00 | 2023-09-25 09:00:00+02:00 | 2023-09-25 10:00:00+02:00 | 2023-09-25 11:00:00+02:00 | 2023-09-25 12:00:00+02:00 | 2023-09-25 13:00:00+02:00 | 2023-09-25 14:00:00+02:00 | 2023-09-25 15:00:00+02:00 | 2023-09-25 16:00:00+02:00 | 2023-09-25 17:00:00+02:00 | 2023-09-25 18:00:00+02:00 | 2023-09-25 19:00:00+02:00 | 2023-09-25 20:00:00+02:00 | 2023-09-25 21:00:00+02:00 | 2023-09-25 22:00:00+02:00 | 2023-09-25 23:00:00+02:00,,,,,,,
2023-09-26 00:00:00+02:00,False,MissingInput,"24 valeurs residual_load_gw manquantes après réparation (brut=24, max_autorisé=2)",24,24,0,2023-09-26 00:00:00+02:00 | 2023-09-26 01:00:00+02:00 | 2023-09-26 02:00:00+02:00 | 2023-09-26 03:00:00+02:00 | 2023-09-26 04:00:00+02:00 | 2023-09-26 05:00:00+02:00 | 2023-09-26 06:00:00+02:00 | 2023-09-26 07:00:00+02:00 | 2023-09-26 08:00:00+02:00 | 2023-09-26 09:00:00+02:00 | 2023-09-26 10:00:00+02:00 | 2023-09-26 11:00:00+02:00 | 2023-09-26 12:00:00+02:00 | 2023-09-26 13:00:00+02:00 | 2023-09-26 14:00:00+02:00 | 2023-09-26 15:00:00+02:00 | 2023-09-26 16:00:00+02:00 | 2023-09-26 17:00:00+02:00 | 2023-09-26 18:00:00+02:00 | 2023-09-26 19:00:00+02:00 | 2023-09-26 20:00:00+02:00 | 2023-09-26 21:00:00+02:00 | 2023-09-26 22:00:00+02:00 | 2023-09-26 23:00:00+02:00,,,,,,,
2023-09-27 00:00:00+02:00,False,MissingInput,"24 valeurs residual_load_gw manquantes après réparation (brut=24, max_autorisé=2)",24,24,0,2023-09-27 00:00:00+02:00 | 2023-09-27 01:00:00+02:00 | 2023-09-27 02:00:00+02:00 | 2023-09-27 03:00:00+02:00 | 2023-09-27 04:00:00+02:00 | 2023-09-27 05:00:00+02:00 | 2023-09-27 06:00:00+02:00 | 2023-09-27 07:00:00+02:00 | 2023-09-27 08:00:00+02:00 | 2023-09-27 09:00:00+02:00 | 2023-09-27 10:00:00+02:00 | 2023-09-27 11:00:00+02:00 | 2023-09-27 12:00:00+02:00 | 2023-09-27 13:00:00+02:00 | 2023-09-27 14:00:00+02:00 | 2023-09-27 15:00:00+02:00 | 2023-09-27 16:00:00+02:00 | 2023-09-27 17:00:00+02:00 | 2023-09-27 18:00:00+02:00 | 2023-09-27 19:00:00+02:00 | 2023-09-27 20:00:00+02:00 | 2023-09-27 21:00:00+02:00 | 2023-09-27 22:00:00+02:00 | 2023-09-27 23:00:00+02:00,,,,,,,
2023-09-28 00:00:00+02:00,False,MissingInput,"24 valeurs residual_load_gw manquantes après réparation (brut=24, max_autorisé=2)",24,24,0,2023-09-28 00:00:00+02:00 | 2023-09-28 01:00:00+02:00 | 2023-09-28 02:00:00+02:00 | 2023-09-28 03:00:00+02:00 | 2023-09-28 04:00:00+02:00 | 2023-09-28 05:00:00+02:00 | 2023-09-28 06:00:00+02:00 | 2023-09-28 07:00:00+02:00 | 2023-09-28 08:00:00+02:00 | 2023-09-28 09:00:00+02:00 | 2023-09-28 10:00:00+02:00 | 2023-09-28 11:00:00+02:00 | 2023-09-28 12:00:00+02:00 | 2023-09-28 13:00:00+02:00 | 2023-09-28 14:00:00+02:00 | 2023-09-28 15:00:00+02:00 | 2023-09-28 16:00:00+02:00 | 2023-09-28 17:00:00+02:00 | 2023-09-28 18:00:00+02:00 | 2023-09-28 19:00:00+02:00 | 2023-09-28 20:00:00+02:00 | 2023-09-28 21:00:00+02:00 | 2023-09-28 22:00:00+02:00 | 2023-09-28 23:00:00+02:00,,,,,,,
2023-09-29 00:00:00+02:00,False,MissingInput,"24 valeurs residual_load_gw manquantes après réparation (brut=24, max_autorisé=2)",24,24,0,2023-09-29 00:00:00+02:00 | 2023-09-29 01:00:00+02:00 | 2023-09-29 02:00:00+02:00 | 2023-09-29 03:00:00+02:00 | 2023-09-29 04:00:00+02:00 | 2023-09-29 05:00:00+02:00 | 2023-09-29 06:00:00+02:00 | 2023-09-29 07:00:00+02:00 | 2023-09-29 08:00:00+02:00 | 2023-09-29 09:00:00+02:00 | 2023-09-29 10:00:00+02:00 | 2023-09-29 11:00:00+02:00 | 2023-09-29 12:00:00+02:00 | 2023-09-29 13:00:00+02:00 | 2023-09-29 14:00:00+02:00 | 2023-09-29 15:00:00+02:00 | 2023-09-29 16:00:00+02:00 | 2023-09-29 17:00:00+02:00 | 2023-09-29 18:00:00+02:00 | 2023-09-29 19:00:00+02:00 | 2023-09-29 20:00:00+02:00 | 2023-09-29 21:00:00+02:00 | 2023-09-29 22:00:00+02:00 | 2023-09-29 23:00:00+02:00,,,,,,,
2023-09-30 00:00:00+02:00,False,MissingInput,"24 valeurs residual_load_gw manquantes après réparation (brut=24, max_autorisé=2)",24,24,0,2023-09-30 00:00:00+02:00 | 2023-09-30 01:00:00+02:00 | 2023-09-30 02:00:00+02:00 | 2023-09-30 03:00:00+02:00 | 2023-09-30 04:00:00+02:00 | 2023-09-30 05:00:00+02:00 | 2023-09-30 06:00:00+02:00 | 2023-09-30 07:00:00+02:00 | 2023-09-30 08:00:00+02:00 | 2023-09-30 09:00:00+02:00 | 2023-09-30 10:00:00+02:00 | 2023-09-30 11:00:00+02:00 | 2023-09-30 12:00:00+02:00 | 2023-09-30 13:00:00+02:00 | 2023-09-30 14:00:00+02:00 | 2023-09-30 15:00:00+02:00 | 2023-09-30 16:00:00+02:00 | 2023-09-30 17:00:00+02:00 | 2023-09-30 18:00:00+02:00 | 2023-09-30 19:00:00+02:00 | 2023-09-30 20:00:00+02:00 | 2023-09-30 21:00:00+02:00 | 2023-09-30 22:00:00+02:00 | 2023-09-30 23:00:00+02:00,,,,,,,
2023-10-01 00:00:00+02:00,False,MissingInput,"24 valeurs residual_load_gw manquantes après réparation (brut=24, max_autorisé=2)",24,24,0,2023-10-01 00:00:00+02:00 | 2023-10-01 01:00:00+02:00 | 2023-10-01 02:00:00+02:00 | 2023-10-01 03:00:00+02:00 | 2023-10-01 04:00:00+02:00 | 2023-10-01 05:00:00+02:00 | 2023-10-01 06:00:00+02:00 | 2023-10-01 07:00:00+02:00 | 2023-10-01 08:00:00+02:00 | 2023-10-01 09:00:00+02:00 | 2023-10-01 10:00:00+02:00 | 2023-10-01 11:00:00+02:00 | 2023-10-01 12:00:00+02:00 | 2023-10-01 13:00:00+02:00 | 2023-10-01 14:00:00+02:00 | 2023-10-01 15:00:00+02:00 | 2023-10-01 16:00:00+02:00 | 2023-10-01 17:00:00+02:00 | 2023-10-01 18:00:00+02:00 | 2023-10-01 19:00:00+02:00 | 2023-10-01 20:00:00+02:00 | 2023-10-01 21:00:00+02:00 | 2023-10-01 22:00:00+02:00 | 2023-10-01 23:00:00+02:00,,,,,,,
2023-10-02 00:00:00+02:00,False,MissingInput,"24 valeurs residual_load_gw manquantes après réparation (brut=24, max_autorisé=2)",24,24,0,2023-10-02 00:00:00+02:00 | 2023-10-02 01:00:00+02:00 | 2023-10-02 02:00:00+02:00 | 2023-10-02 03:00:00+02:00 | 2023-10-02 04:00:00+02:00 | 2023-10-02 05:00:00+02:00 | 2023-10-02 06:00:00+02:00 | 2023-10-02 07:00:00+02:00 | 2023-10-02 08:00:00+02:00 | 2023-10-02 09:00:00+02:00 | 2023-10-02 10:00:00+02:00 | 2023-10-02 11:00:00+02:00 | 2023-10-02 12:00:00+02:00 | 2023-10-02 13:00:00+02:00 | 2023-10-02 14:00:00+02:00 | 2023-10-02 15:00:00+02:00 | 2023-10-02 16:00:00+02:00 | 2023-10-02 17:00:00+02:00 | 2023-10-02 18:00:00+02:00 | 2023-10-02 19:00:00+02:00 | 2023-10-02 20:00:00+02:00 | 2023-10-02 21:00:00+02:00 | 2023-10-02 22:00:00+02:00 | 2023-10-02 23:00:00+02:00,,,,,,,
2023-10-03 00:00:00+02:00,False,MissingInput,"24 valeurs residual_load_gw manquantes après réparation (brut=24, max_autorisé=2)",24,24,0,2023-10-03 00:00:00+02:00 | 2023-10-03 01:00:00+02:00 | 2023-10-03 02:00:00+02:00 | 2023-10-03 03:00:00+02:00 | 2023-10-03 04:00:00+02:00 | 2023-10-03 05:00:00+02:00 | 2023-10-03 06:00:00+02:00 | 2023-10-03 07:00:00+02:00 | 2023-10-03 08:00:00+02:00 | 2023-10-03 09:00:00+02:00 | 2023-10-03 10:00:00+02:00 | 2023-10-03 11:00:00+02:00 | 2023-10-03 12:00:00+02:00 | 2023-10-03 13:00:00+02:00 | 2023-10-03 14:00:00+02:00 | 2023-10-03 15:00:00+02:00 | 2023-10-03 16:00:00+02:00 | 2023-10-03 17:00:00+02:00 | 2023-10-03 18:00:00+02:00 | 2023-10-03 19:00:00+02:00 | 2023-10-03 20:00:00+02:00 | 2023-10-03 21:00:00+02:00 | 2023-10-03 22:00:00+02:00 | 2023-10-03 23:00:00+02:00,,,,,,,
2023-10-04 00:00:00+02:00,False,MissingInput,"24 valeurs residual_load_gw manquantes après réparation (brut=24, max_autorisé=2)",24,24,0,2023-10-04 00:00:00+02:00 | 2023-10-04 01:00:00+02:00 | 2023-10-04 02:00:00+02:00 | 2023-10-04 03:00:00+02:00 | 2023-10-04 04:00:00+02:00 | 2023-10-04 05:00:00+02:00 | 2023-10-04 06:00:00+02:00 | 2023-10-04 07:00:00+02:00 | 2023-10-04 08:00:00+02:00 | 2023-10-04 09:00:00+02:00 | 2023-10-04 10:00:00+02:00 | 2023-10-04 11:00:00+02:00 | 2023-10-04 12:00:00+02:00 | 2023-10-04 13:00:00+02:00 | 2023-10-04 14:00:00+02:00 | 2023-10-04 15:00:00+02:00 | 2023-10-04 16:00:00+02:00 | 2023-10-04 17:00:00+02:00 | 2023-10-04 18:00:00+02:00 | 2023-10-04 19:00:00+02:00 | 2023-10-04 20:00:00+02:00 | 2023-10-04 21:00:00+02:00 | 2023-10-04 22:00:00+02:00 | 2023-10-04 23:00:00+02:00,,,,,,,
2023-10-05 00:00:00+02:00,False,MissingInput,"24 valeurs residual_load_gw manquantes après réparation (brut=24, max_autorisé=2)",24,24,0,2023-10-05 00:00:00+02:00 | 2023-10-05 01:00:00+02:00 | 2023-10-05 02:00:00+02:00 | 2023-10-05 03:00:00+02:00 | 2023-10-05 04:00:00+02:00 | 2023-10-05 05:00:00+02:00 | 2023-10-05 06:00:00+02:00 | 2023-10-05 07:00:00+02:00 | 2023-10-05 08:00:00+02:00 | 2023-10-05 09:00:00+02:00 | 2023-10-05 10:00:00+02:00 | 2023-10-05 11:00:00+02:00 | 2023-10-05 12:00:00+02:00 | 2023-10-05 13:00:00+02:00 | 2023-10-05 14:00:00+02:00 | 2023-10-05 15:00:00+02:00 | 2023-10-05 16:00:00+02:00 | 2023-10-05 17:00:00+02:00 | 2023-10-05 18:00:00+02:00 | 2023-10-05 19:00:00+02:00 | 2023-10-05 20:00:00+02:00 | 2023-10-05 21:00:00+02:00 | 2023-10-05 22:00:00+02:00 | 2023-10-05 23:00:00+02:00,,,,,,,
2023-10-06 00:00:00+02:00,False,MissingInput,"24 valeurs residual_load_gw manquantes après réparation (brut=24, max_autorisé=2)",24,24,0,2023-10-06 00:00:00+02:00 | 2023-10-06 01:00:00+02:00 | 2023-10-06 02:00:00+02:00 | 2023-10-06 03:00:00+02:00 | 2023-10-06 04:00:00+02:00 | 2023-10-06 05:00:00+02:00 | 2023-10-06 06:00:00+02:00 | 2023-10-06 07:00:00+02:00 | 2023-10-06 08:00:00+02:00 | 2023-10-06 09:00:00+02:00 | 2023-10-06 10:00:00+02:00 | 2023-10-06 11:00:00+02:00 | 2023-10-06 12:00:00+02:00 | 2023-10-06 13:00:00+02:00 | 2023-10-06 14:00:00+02:00 | 2023-10-06 15:00:00+02:00 | 2023-10-06 16:00:00+02:00 | 2023-10-06 17:00:00+02:00 | 2023-10-06 18:00:00+02:00 | 2023-10-06 19:00:00+02:00 | 2023-10-06 20:00:00+02:00 | 2023-10-06 21:00:00+02:00 | 2023-10-06 22:00:00+02:00 | 2023-10-06 23:00:00+02:00,,,,,,,
2023-10-07 00:00:00+02:00,False,MissingInput,"24 valeurs residual_load_gw manquantes après réparation (brut=24, max_autorisé=2)",24,24,0,2023-10-07 00:00:00+02:00 | 2023-10-07 01:00:00+02:00 | 2023-10-07 02:00:00+02:00 | 2023-10-07 03:00:00+02:00 | 2023-10-07 04:00:00+02:00 | 2023-10-07 05:00:00+02:00 | 2023-10-07 06:00:00+02:00 | 2023-10-07 07:00:00+02:00 | 2023-10-07 08:00:00+02:00 | 2023-10-07 09:00:00+02:00 | 2023-10-07 10:00:00+02:00 | 2023-10-07 11:00:00+02:00 | 2023-10-07 12:00:00+02:00 | 2023-10-07 13:00:00+02:00 | 2023-10-07 14:00:00+02:00 | 2023-10-07 15:00:00+02:00 | 2023-10-07 16:00:00+02:00 | 2023-10-07 17:00:00+02:00 | 2023-10-07 18:00:00+02:00 | 2023-10-07 19:00:00+02:00 | 2023-10-07 20:00:00+02:00 | 2023-10-07 21:00:00+02:00 | 2023-10-07 22:00:00+02:00 | 2023-10-07 23:00:00+02:00,,,,,,,
2023-10-08 00:00:00+02:00,False,MissingInput,"24 valeurs residual_load_gw manquantes après réparation (brut=24, max_autorisé=2)",24,24,0,2023-10-08 00:00:00+02:00 | 2023-10-08 01:00:00+02:00 | 2023-10-08 02:00:00+02:00 | 2023-10-08 03:00:00+02:00 | 2023-10-08 04:00:00+02:00 | 2023-10-08 05:00:00+02:00 | 2023-10-08 06:00:00+02:00 | 2023-10-08 07:00:00+02:00 | 2023-10-08 08:00:00+02:00 | 2023-10-08 09:00:00+02:00 | 2023-10-08 10:00:00+02:00 | 2023-10-08 11:00:00+02:00 | 2023-10-08 12:00:00+02:00 | 2023-10-08 13:00:00+02:00 | 2023-10-08 14:00:00+02:00 | 2023-10-08 15:00:00+02:00 | 2023-10-08 16:00:00+02:00 | 2023-10-08 17:00:00+02:00 | 2023-10-08 18:00:00+02:00 | 2023-10-08 19:00:00+02:00 | 2023-10-08 20:00:00+02:00 | 2023-10-08 21:00:00+02:00 | 2023-10-08 22:00:00+02:00 | 2023-10-08 23:00:00+02:00,,,,,,,
2023-10-09 00:00:00+02:00,False,MissingInput,"24 valeurs residual_load_gw manquantes après réparation (brut=24, max_autorisé=2)",24,24,0,2023-10-09 00:00:00+02:00 | 2023-10-09 01:00:00+02:00 | 2023-10-09 02:00:00+02:00 | 2023-10-09 03:00:00+02:00 | 2023-10-09 04:00:00+02:00 | 2023-10-09 05:00:00+02:00 | 2023-10-09 06:00:00+02:00 | 2023-10-09 07:00:00+02:00 | 2023-10-09 08:00:00+02:00 | 2023-10-09 09:00:00+02:00 | 2023-10-09 10:00:00+02:00 | 2023-10-09 11:00:00+02:00 | 2023-10-09 12:00:00+02:00 | 2023-10-09 13:00:00+02:00 | 2023-10-09 14:00:00+02:00 | 2023-10-09 15:00:00+02:00 | 2023-10-09 16:00:00+02:00 | 2023-10-09 17:00:00+02:00 | 2023-10-09 18:00:00+02:00 | 2023-10-09 19:00:00+02:00 | 2023-10-09 20:00:00+02:00 | 2023-10-09 21:00:00+02:00 | 2023-10-09 22:00:00+02:00 | 2023-10-09 23:00:00+02:00,,,,,,,
2023-10-10 00:00:00+02:00,False,MissingInput,"24 valeurs residual_load_gw manquantes après réparation (brut=24, max_autorisé=2)",24,24,0,2023-10-10 00:00:00+02:00 | 2023-10-10 01:00:00+02:00 | 2023-10-10 02:00:00+02:00 | 2023-10-10 03:00:00+02:00 | 2023-10-10 04:00:00+02:00 | 2023-10-10 05:00:00+02:00 | 2023-10-10 06:00:00+02:00 | 2023-10-10 07:00:00+02:00 | 2023-10-10 08:00:00+02:00 | 2023-10-10 09:00:00+02:00 | 2023-10-10 10:00:00+02:00 | 2023-10-10 11:00:00+02:00 | 2023-10-10 12:00:00+02:00 | 2023-10-10 13:00:00+02:00 | 2023-10-10 14:00:00+02:00 | 2023-10-10 15:00:00+02:00 | 2023-10-10 16:00:00+02:00 | 2023-10-10 17:00:00+02:00 | 2023-10-10 18:00:00+02:00 | 2023-10-10 19:00:00+02:00 | 2023-10-10 20:00:00+02:00 | 2023-10-10 21:00:00+02:00 | 2023-10-10 22:00:00+02:00 | 2023-10-10 23:00:00+02:00,,,,,,,
2023-10-11 00:00:00+02:00,False,MissingInput,"24 valeurs residual_load_gw manquantes après réparation (brut=24, max_autorisé=2)",24,24,0,2023-10-11 00:00:00+02:00 | 2023-10-11 01:00:00+02:00 | 2023-10-11 02:00:00+02:00 | 2023-10-11 03:00:00+02:00 | 2023-10-11 04:00:00+02:00 | 2023-10-11 05:00:00+02:00 | 2023-10-11 06:00:00+02:00 | 2023-10-11 07:00:00+02:00 | 2023-10-11 08:00:00+02:00 | 2023-10-11 09:00:00+02:00 | 2023-10-11 10:00:00+02:00 | 2023-10-11 11:00:00+02:00 | 2023-10-11 12:00:00+02:00 | 2023-10-11 13:00:00+02:00 | 2023-10-11 14:00:00+02:00 | 2023-10-11 15:00:00+02:00 | 2023-10-11 16:00:00+02:00 | 2023-10-11 17:00:00+02:00 | 2023-10-11 18:00:00+02:00 | 2023-10-11 19:00:00+02:00 | 2023-10-11 20:00:00+02:00 | 2023-10-11 21:00:00+02:00 | 2023-10-11 22:00:00+02:00 | 2023-10-11 23:00:00+02:00,,,,,,,
2023-10-12 00:00:00+02:00,False,MissingInput,"24 valeurs residual_load_gw manquantes après réparation (brut=24, max_autorisé=2)",24,24,0,2023-10-12 00:00:00+02:00 | 2023-10-12 01:00:00+02:00 | 2023-10-12 02:00:00+02:00 | 2023-10-12 03:00:00+02:00 | 2023-10-12 04:00:00+02:00 | 2023-10-12 05:00:00+02:00 | 2023-10-12 06:00:00+02:00 | 2023-10-12 07:00:00+02:00 | 2023-10-12 08:00:00+02:00 | 2023-10-12 09:00:00+02:00 | 2023-10-12 10:00:00+02:00 | 2023-10-12 11:00:00+02:00 | 2023-10-12 12:00:00+02:00 | 2023-10-12 13:00:00+02:00 | 2023-10-12 14:00:00+02:00 | 2023-10-12 15:00:00+02:00 | 2023-10-12 16:00:00+02:00 | 2023-10-12 17:00:00+02:00 | 2023-10-12 18:00:00+02:00 | 2023-10-12 19:00:00+02:00 | 2023-10-12 20:00:00+02:00 | 2023-10-12 21:00:00+02:00 | 2023-10-12 22:00:00+02:00 | 2023-10-12 23:00:00+02:00,,,,,,,
2023-10-13 00:00:00+02:00,False,MissingInput,"24 valeurs residual_load_gw manquantes après réparation (brut=24, max_autorisé=2)",24,24,0,2023-10-13 00:00:00+02:00 | 2023-10-13 01:00:00+02:00 | 2023-10-13 02:00:00+02:00 | 2023-10-13 03:00:00+02:00 | 2023-10-13 04:00:00+02:00 | 2023-10-13 05:00:00+02:00 | 2023-10-13 06:00:00+02:00 | 2023-10-13 07:00:00+02:00 | 2023-10-13 08:00:00+02:00 | 2023-10-13 09:00:00+02:00 | 2023-10-13 10:00:00+02:00 | 2023-10-13 11:00:00+02:00 | 2023-10-13 12:00:00+02:00 | 2023-10-13 13:00:00+02:00 | 2023-10-13 14:00:00+02:00 | 2023-10-13 15:00:00+02:00 | 2023-10-13 16:00:00+02:00 | 2023-10-13 17:00:00+02:00 | 2023-10-13 18:00:00+02:00 | 2023-10-13 19:00:00+02:00 | 2023-10-13 20:00:00+02:00 | 2023-10-13 21:00:00+02:00 | 2023-10-13 22:00:00+02:00 | 2023-10-13 23:00:00+02:00,,,,,,,
2023-10-14 00:00:00+02:00,False,MissingInput,"24 valeurs residual_load_gw manquantes après réparation (brut=24, max_autorisé=2)",24,24,0,2023-10-14 00:00:00+02:00 | 2023-10-14 01:00:00+02:00 | 2023-10-14 02:00:00+02:00 | 2023-10-14 03:00:00+02:00 | 2023-10-14 04:00:00+02:00 | 2023-10-14 05:00:00+02:00 | 2023-10-14 06:00:00+02:00 | 2023-10-14 07:00:00+02:00 | 2023-10-14 08:00:00+02:00 | 2023-10-14 09:00:00+02:00 | 2023-10-14 10:00:00+02:00 | 2023-10-14 11:00:00+02:00 | 2023-10-14 12:00:00+02:00 | 2023-10-14 13:00:00+02:00 | 2023-10-14 14:00:00+02:00 | 2023-10-14 15:00:00+02:00 | 2023-10-14 16:00:00+02:00 | 2023-10-14 17:00:00+02:00 | 2023-10-14 18:00:00+02:00 | 2023-10-14 19:00:00+02:00 | 2023-10-14 20:00:00+02:00 | 2023-10-14 21:00:00+02:00 | 2023-10-14 22:00:00+02:00 | 2023-10-14 23:00:00+02:00,,,,,,,
2023-10-15 00:00:00+02:00,False,MissingInput,"24 valeurs residual_load_gw manquantes après réparation (brut=24, max_autorisé=2)",24,24,0,2023-10-15 00:00:00+02:00 | 2023-10-15 01:00:00+02:00 | 2023-10-15 02:00:00+02:00 | 2023-10-15 03:00:00+02:00 | 2023-10-15 04:00:00+02:00 | 2023-10-15 05:00:00+02:00 | 2023-10-15 06:00:00+02:00 | 2023-10-15 07:00:00+02:00 | 2023-10-15 08:00:00+02:00 | 2023-10-15 09:00:00+02:00 | 2023-10-15 10:00:00+02:00 | 2023-10-15 11:00:00+02:00 | 2023-10-15 12:00:00+02:00 | 2023-10-15 13:00:00+02:00 | 2023-10-15 14:00:00+02:00 | 2023-10-15 15:00:00+02:00 | 2023-10-15 16:00:00+02:00 | 2023-10-15 17:00:00+02:00 | 2023-10-15 18:00:00+02:00 | 2023-10-15 19:00:00+02:00 | 2023-10-15 20:00:00+02:00 | 2023-10-15 21:00:00+02:00 | 2023-10-15 22:00:00+02:00 | 2023-10-15 23:00:00+02:00,,,,,,,
2023-10-16 00:00:00+02:00,False,MissingInput,"24 valeurs residual_load_gw manquantes après réparation (brut=24, max_autorisé=2)",24,24,0,2023-10-16 00:00:00+02:00 | 2023-10-16 01:00:00+02:00 | 2023-10-16 02:00:00+02:00 | 2023-10-16 03:00:00+02:00 | 2023-10-16 04:00:00+02:00 | 2023-10-16 05:00:00+02:00 | 2023-10-16 06:00:00+02:00 | 2023-10-16 07:00:00+02:00 | 2023-10-16 08:00:00+02:00 | 2023-10-16 09:00:00+02:00 | 2023-10-16 10:00:00+02:00 | 2023-10-16 11:00:00+02:00 | 2023-10-16 12:00:00+02:00 | 2023-10-16 13:00:00+02:00 | 2023-10-16 14:00:00+02:00 | 2023-10-16 15:00:00+02:00 | 2023-10-16 16:00:00+02:00 | 2023-10-16 17:00:00+02:00 | 2023-10-16 18:00:00+02:00 | 2023-10-16 19:00:00+02:00 | 2023-10-16 20:00:00+02:00 | 2023-10-16 21:00:00+02:00 | 2023-10-16 22:00:00+02:00 | 2023-10-16 23:00:00+02:00,,,,,,,
2023-10-17 00:00:00+02:00,False,MissingInput,"24 valeurs residual_load_gw manquantes après réparation (brut=24, max_autorisé=2)",24,24,0,2023-10-17 00:00:00+02:00 | 2023-10-17 01:00:00+02:00 | 2023-10-17 02:00:00+02:00 | 2023-10-17 03:00:00+02:00 | 2023-10-17 04:00:00+02:00 | 2023-10-17 05:00:00+02:00 | 2023-10-17 06:00:00+02:00 | 2023-10-17 07:00:00+02:00 | 2023-10-17 08:00:00+02:00 | 2023-10-17 09:00:00+02:00 | 2023-10-17 10:00:00+02:00 | 2023-10-17 11:00:00+02:00 | 2023-10-17 12:00:00+02:00 | 2023-10-17 13:00:00+02:00 | 2023-10-17 14:00:00+02:00 | 2023-10-17 15:00:00+02:00 | 2023-10-17 16:00:00+02:00 | 2023-10-17 17:00:00+02:00 | 2023-10-17 18:00:00+02:00 | 2023-10-17 19:00:00+02:00 | 2023-10-17 20:00:00+02:00 | 2023-10-17 21:00:00+02:00 | 2023-10-17 22:00:00+02:00 | 2023-10-17 23:00:00+02:00,,,,,,,
2023-10-18 00:00:00+02:00,False,MissingInput,"24 valeurs residual_load_gw manquantes après réparation (brut=24, max_autorisé=2)",24,24,0,2023-10-18 00:00:00+02:00 | 2023-10-18 01:00:00+02:00 | 2023-10-18 02:00:00+02:00 | 2023-10-18 03:00:00+02:00 | 2023-10-18 04:00:00+02:00 | 2023-10-18 05:00:00+02:00 | 2023-10-18 06:00:00+02:00 | 2023-10-18 07:00:00+02:00 | 2023-10-18 08:00:00+02:00 | 2023-10-18 09:00:00+02:00 | 2023-10-18 10:00:00+02:00 | 2023-10-18 11:00:00+02:00 | 2023-10-18 12:00:00+02:00 | 2023-10-18 13:00:00+02:00 | 2023-10-18 14:00:00+02:00 | 2023-10-18 15:00:00+02:00 | 2023-10-18 16:00:00+02:00 | 2023-10-18 17:00:00+02:00 | 2023-10-18 18:00:00+02:00 | 2023-10-18 19:00:00+02:00 | 2023-10-18 20:00:00+02:00 | 2023-10-18 21:00:00+02:00 | 2023-10-18 22:00:00+02:00 | 2023-10-18 23:00:00+02:00,,,,,,,
2023-10-19 00:00:00+02:00,False,MissingInput,"24 valeurs residual_load_gw manquantes après réparation (brut=24, max_autorisé=2)",24,24,0,2023-10-19 00:00:00+02:00 | 2023-10-19 01:00:00+02:00 | 2023-10-19 02:00:00+02:00 | 2023-10-19 03:00:00+02:00 | 2023-10-19 04:00:00+02:00 | 2023-10-19 05:00:00+02:00 | 2023-10-19 06:00:00+02:00 | 2023-10-19 07:00:00+02:00 | 2023-10-19 08:00:00+02:00 | 2023-10-19 09:00:00+02:00 | 2023-10-19 10:00:00+02:00 | 2023-10-19 11:00:00+02:00 | 2023-10-19 12:00:00+02:00 | 2023-10-19 13:00:00+02:00 | 2023-10-19 14:00:00+02:00 | 2023-10-19 15:00:00+02:00 | 2023-10-19 16:00:00+02:00 | 2023-10-19 17:00:00+02:00 | 2023-10-19 18:00:00+02:00 | 2023-10-19 19:00:00+02:00 | 2023-10-19 20:00:00+02:00 | 2023-10-19 21:00:00+02:00 | 2023-10-19 22:00:00+02:00 | 2023-10-19 23:00:00+02:00,,,,,,,
2023-10-20 00:00:00+02:00,False,MissingInput,"24 valeurs residual_load_gw manquantes après réparation (brut=24, max_autorisé=2)",24,24,0,2023-10-20 00:00:00+02:00 | 2023-10-20 01:00:00+02:00 | 2023-10-20 02:00:00+02:00 | 2023-10-20 03:00:00+02:00 | 2023-10-20 04:00:00+02:00 | 2023-10-20 05:00:00+02:00 | 2023-10-20 06:00:00+02:00 | 2023-10-20 07:00:00+02:00 | 2023-10-20 08:00:00+02:00 | 2023-10-20 09:00:00+02:00 | 2023-10-20 10:00:00+02:00 | 2023-10-20 11:00:00+02:00 | 2023-10-20 12:00:00+02:00 | 2023-10-20 13:00:00+02:00 | 2023-10-20 14:00:00+02:00 | 2023-10-20 15:00:00+02:00 | 2023-10-20 16:00:00+02:00 | 2023-10-20 17:00:00+02:00 | 2023-10-20 18:00:00+02:00 | 2023-10-20 19:00:00+02:00 | 2023-10-20 20:00:00+02:00 | 2023-10-20 21:00:00+02:00 | 2023-10-20 22:00:00+02:00 | 2023-10-20 23:00:00+02:00,,,,,,,
2023-10-21 00:00:00+02:00,False,MissingInput,"24 valeurs residual_load_gw manquantes après réparation (brut=24, max_autorisé=2)",24,24,0,2023-10-21 00:00:00+02:00 | 2023-10-21 01:00:00+02:00 | 2023-10-21 02:00:00+02:00 | 2023-10-21 03:00:00+02:00 | 2023-10-21 04:00:00+02:00 | 2023-10-21 05:00:00+02:00 | 2023-10-21 06:00:00+02:00 | 2023-10-21 07:00:00+02:00 | 2023-10-21 08:00:00+02:00 | 2023-10-21 09:00:00+02:00 | 2023-10-21 10:00:00+02:00 | 2023-10-21 11:00:00+02:00 | 2023-10-21 12:00:00+02:00 | 2023-10-21 13:00:00+02:00 | 2023-10-21 14:00:00+02:00 | 2023-10-21 15:00:00+02:00 | 2023-10-21 16:00:00+02:00 | 2023-10-21 17:00:00+02:00 | 2023-10-21 18:00:00+02:00 | 2023-10-21 19:00:00+02:00 | 2023-10-21 20:00:00+02:00 | 2023-10-21 21:00:00+02:00 | 2023-10-21 22:00:00+02:00 | 2023-10-21 23:00:00+02:00,,,,,,,
2023-10-22 00:00:00+02:00,False,MissingInput,"24 valeurs residual_load_gw manquantes après réparation (brut=24, max_autorisé=2)",24,24,0,2023-10-22 00:00:00+02:00 | 2023-10-22 01:00:00+02:00 | 2023-10-22 02:00:00+02:00 | 2023-10-22 03:00:00+02:00 | 2023-10-22 04:00:00+02:00 | 2023-10-22 05:00:00+02:00 | 2023-10-22 06:00:00+02:00 | 2023-10-22 07:00:00+02:00 | 2023-10-22 08:00:00+02:00 | 2023-10-22 09:00:00+02:00 | 2023-10-22 10:00:00+02:00 | 2023-10-22 11:00:00+02:00 | 2023-10-22 12:00:00+02:00 | 2023-10-22 13:00:00+02:00 | 2023-10-22 14:00:00+02:00 | 2023-10-22 15:00:00+02:00 | 2023-10-22 16:00:00+02:00 | 2023-10-22 17:00:00+02:00 | 2023-10-22 18:00:00+02:00 | 2023-10-22 19:00:00+02:00 | 2023-10-22 20:00:00+02:00 | 2023-10-22 21:00:00+02:00 | 2023-10-22 22:00:00+02:00 | 2023-10-22 23:00:00+02:00,,,,,,,
2023-10-23 00:00:00+02:00,False,MissingInput,"24 valeurs residual_load_gw manquantes après réparation (brut=24, max_autorisé=2)",24,24,0,2023-10-23 00:00:00+02:00 | 2023-10-23 01:00:00+02:00 | 2023-10-23 02:00:00+02:00 | 2023-10-23 03:00:00+02:00 | 2023-10-23 04:00:00+02:00 | 2023-10-23 05:00:00+02:00 | 2023-10-23 06:00:00+02:00 | 2023-10-23 07:00:00+02:00 | 2023-10-23 08:00:00+02:00 | 2023-10-23 09:00:00+02:00 | 2023-10-23 10:00:00+02:00 | 2023-10-23 11:00:00+02:00 | 2023-10-23 12:00:00+02:00 | 2023-10-23 13:00:00+02:00 | 2023-10-23 14:00:00+02:00 | 2023-10-23 15:00:00+02:00 | 2023-10-23 16:00:00+02:00 | 2023-10-23 17:00:00+02:00 | 2023-10-23 18:00:00+02:00 | 2023-10-23 19:00:00+02:00 | 2023-10-23 20:00:00+02:00 | 2023-10-23 21:00:00+02:00 | 2023-10-23 22:00:00+02:00 | 2023-10-23 23:00:00+02:00,,,,,,,
2023-10-24 00:00:00+02:00,False,MissingInput,"24 valeurs residual_load_gw manquantes après réparation (brut=24, max_autorisé=2)",24,24,0,2023-10-24 00:00:00+02:00 | 2023-10-24 01:00:00+02:00 | 2023-10-24 02:00:00+02:00 | 2023-10-24 03:00:00+02:00 | 2023-10-24 04:00:00+02:00 | 2023-10-24 05:00:00+02:00 | 2023-10-24 06:00:00+02:00 | 2023-10-24 07:00:00+02:00 | 2023-10-24 08:00:00+02:00 | 2023-10-24 09:00:00+02:00 | 2023-10-24 10:00:00+02:00 | 2023-10-24 11:00:00+02:00 | 2023-10-24 12:00:00+02:00 | 2023-10-24 13:00:00+02:00 | 2023-10-24 14:00:00+02:00 | 2023-10-24 15:00:00+02:00 | 2023-10-24 16:00:00+02:00 | 2023-10-24 17:00:00+02:00 | 2023-10-24 18:00:00+02:00 | 2023-10-24 19:00:00+02:00 | 2023-10-24 20:00:00+02:00 | 2023-10-24 21:00:00+02:00 | 2023-10-24 22:00:00+02:00 | 2023-10-24 23:00:00+02:00,,,,,,,
2023-10-25 00:00:00+02:00,False,MissingInput,"24 valeurs residual_load_gw manquantes après réparation (brut=24, max_autorisé=2)",24,24,0,2023-10-25 00:00:00+02:00 | 2023-10-25 01:00:00+02:00 | 2023-10-25 02:00:00+02:00 | 2023-10-25 03:00:00+02:00 | 2023-10-25 04:00:00+02:00 | 2023-10-25 05:00:00+02:00 | 2023-10-25 06:00:00+02:00 | 2023-10-25 07:00:00+02:00 | 2023-10-25 08:00:00+02:00 | 2023-10-25 09:00:00+02:00 | 2023-10-25 10:00:00+02:00 | 2023-10-25 11:00:00+02:00 | 2023-10-25 12:00:00+02:00 | 2023-10-25 13:00:00+02:00 | 2023-10-25 14:00:00+02:00 | 2023-10-25 15:00:00+02:00 | 2023-10-25 16:00:00+02:00 | 2023-10-25 17:00:00+02:00 | 2023-10-25 18:00:00+02:00 | 2023-10-25 19:00:00+02:00 | 2023-10-25 20:00:00+02:00 | 2023-10-25 21:00:00+02:00 | 2023-10-25 22:00:00+02:00 | 2023-10-25 23:00:00+02:00,,,,,,,
2023-10-26 00:00:00+02:00,False,MissingInput,"24 valeurs residual_load_gw manquantes après réparation (brut=24, max_autorisé=2)",24,24,0,2023-10-26 00:00:00+02:00 | 2023-10-26 01:00:00+02:00 | 2023-10-26 02:00:00+02:00 | 2023-10-26 03:00:00+02:00 | 2023-10-26 04:00:00+02:00 | 2023-10-26 05:00:00+02:00 | 2023-10-26 06:00:00+02:00 | 2023-10-26 07:00:00+02:00 | 2023-10-26 08:00:00+02:00 | 2023-10-26 09:00:00+02:00 | 2023-10-26 10:00:00+02:00 | 2023-10-26 11:00:00+02:00 | 2023-10-26 12:00:00+02:00 | 2023-10-26 13:00:00+02:00 | 2023-10-26 14:00:00+02:00 | 2023-10-26 15:00:00+02:00 | 2023-10-26 16:00:00+02:00 | 2023-10-26 17:00:00+02:00 | 2023-10-26 18:00:00+02:00 | 2023-10-26 19:00:00+02:00 | 2023-10-26 20:00:00+02:00 | 2023-10-26 21:00:00+02:00 | 2023-10-26 22:00:00+02:00 | 2023-10-26 23:00:00+02:00,,,,,,,
2023-10-27 00:00:00+02:00,False,MissingInput,"24 valeurs residual_load_gw manquantes après réparation (brut=24, max_autorisé=2)",24,24,0,2023-10-27 00:00:00+02:00 | 2023-10-27 01:00:00+02:00 | 2023-10-27 02:00:00+02:00 | 2023-10-27 03:00:00+02:00 | 2023-10-27 04:00:00+02:00 | 2023-10-27 05:00:00+02:00 | 2023-10-27 06:00:00+02:00 | 2023-10-27 07:00:00+02:00 | 2023-10-27 08:00:00+02:00 | 2023-10-27 09:00:00+02:00 | 2023-10-27 10:00:00+02:00 | 2023-10-27 11:00:00+02:00 | 2023-10-27 12:00:00+02:00 | 2023-10-27 13:00:00+02:00 | 2023-10-27 14:00:00+02:00 | 2023-10-27 15:00:00+02:00 | 2023-10-27 16:00:00+02:00 | 2023-10-27 17:00:00+02:00 | 2023-10-27 18:00:00+02:00 | 2023-10-27 19:00:00+02:00 | 2023-10-27 20:00:00+02:00 | 2023-10-27 21:00:00+02:00 | 2023-10-27 22:00:00+02:00 | 2023-10-27 23:00:00+02:00,,,,,,,
2023-10-28 00:00:00+02:00,False,MissingInput,"24 valeurs residual_load_gw manquantes après réparation (brut=24, max_autorisé=2)",24,24,0,2023-10-28 00:00:00+02:00 | 2023-10-28 01:00:00+02:00 | 2023-10-28 02:00:00+02:00 | 2023-10-28 03:00:00+02:00 | 2023-10-28 04:00:00+02:00 | 2023-10-28 05:00:00+02:00 | 2023-10-28 06:00:00+02:00 | 2023-10-28 07:00:00+02:00 | 2023-10-28 08:00:00+02:00 | 2023-10-28 09:00:00+02:00 | 2023-10-28 10:00:00+02:00 | 2023-10-28 11:00:00+02:00 | 2023-10-28 12:00:00+02:00 | 2023-10-28 13:00:00+02:00 | 2023-10-28 14:00:00+02:00 | 2023-10-28 15:00:00+02:00 | 2023-10-28 16:00:00+02:00 | 2023-10-28 17:00:00+02:00 | 2023-10-28 18:00:00+02:00 | 2023-10-28 19:00:00+02:00 | 2023-10-28 20:00:00+02:00 | 2023-10-28 21:00:00+02:00 | 2023-10-28 22:00:00+02:00 | 2023-10-28 23:00:00+02:00,,,,,,,
2023-10-29 00:00:00+02:00,False,MissingInput,"25 valeurs residual_load_gw manquantes après réparation (brut=25, max_autorisé=2)",25,25,0,2023-10-29 00:00:00+02:00 | 2023-10-29 01:00:00+02:00 | 2023-10-29 02:00:00+02:00 | 2023-10-29 02:00:00+01:00 | 2023-10-29 03:00:00+01:00 | 2023-10-29 04:00:00+01:00 | 2023-10-29 05:00:00+01:00 | 2023-10-29 06:00:00+01:00 | 2023-10-29 07:00:00+01:00 | 2023-10-29 08:00:00+01:00 | 2023-10-29 09:00:00+01:00 | 2023-10-29 10:00:00+01:00 | 2023-10-29 11:00:00+01:00 | 2023-10-29 12:00:00+01:00 | 2023-10-29 13:00:00+01:00 | 2023-10-29 14:00:00+01:00 | 2023-10-29 15:00:00+01:00 | 2023-10-29 16:00:00+01:00 | 2023-10-29 17:00:00+01:00 | 2023-10-29 18:00:00+01:00 | 2023-10-29 19:00:00+01:00 | 2023-10-29 20:00:00+01:00 | 2023-10-29 21:00:00+01:00 | 2023-10-29 22:00:00+01:00 | 2023-10-29 23:00:00+01:00,,,,,,,
2023-10-30 00:00:00+01:00,False,MissingInput,"24 valeurs residual_load_gw manquantes après réparation (brut=24, max_autorisé=2)",24,24,0,2023-10-30 00:00:00+01:00 | 2023-10-30 01:00:00+01:00 | 2023-10-30 02:00:00+01:00 | 2023-10-30 03:00:00+01:00 | 2023-10-30 04:00:00+01:00 | 2023-10-30 05:00:00+01:00 | 2023-10-30 06:00:00+01:00 | 2023-10-30 07:00:00+01:00 | 2023-10-30 08:00:00+01:00 | 2023-10-30 09:00:00+01:00 | 2023-10-30 10:00:00+01:00 | 2023-10-30 11:00:00+01:00 | 2023-10-30 12:00:00+01:00 | 2023-10-30 13:00:00+01:00 | 2023-10-30 14:00:00+01:00 | 2023-10-30 15:00:00+01:00 | 2023-10-30 16:00:00+01:00 | 2023-10-30 17:00:00+01:00 | 2023-10-30 18:00:00+01:00 | 2023-10-30 19:00:00+01:00 | 2023-10-30 20:00:00+01:00 | 2023-10-30 21:00:00+01:00 | 2023-10-30 22:00:00+01:00 | 2023-10-30 23:00:00+01:00,,,,,,,
2023-10-31 00:00:00+01:00,False,MissingInput,"24 valeurs residual_load_gw manquantes après réparation (brut=24, max_autorisé=2)",24,24,0,2023-10-31 00:00:00+01:00 | 2023-10-31 01:00:00+01:00 | 2023-10-31 02:00:00+01:00 | 2023-10-31 03:00:00+01:00 | 2023-10-31 04:00:00+01:00 | 2023-10-31 05:00:00+01:00 | 2023-10-31 06:00:00+01:00 | 2023-10-31 07:00:00+01:00 | 2023-10-31 08:00:00+01:00 | 2023-10-31 09:00:00+01:00 | 2023-10-31 10:00:00+01:00 | 2023-10-31 11:00:00+01:00 | 2023-10-31 12:00:00+01:00 | 2023-10-31 13:00:00+01:00 | 2023-10-31 14:00:00+01:00 | 2023-10-31 15:00:00+01:00 | 2023-10-31 16:00:00+01:00 | 2023-10-31 17:00:00+01:00 | 2023-10-31 18:00:00+01:00 | 2023-10-31 19:00:00+01:00 | 2023-10-31 20:00:00+01:00 | 2023-10-31 21:00:00+01:00 | 2023-10-31 22:00:00+01:00 | 2023-10-31 23:00:00+01:00,,,,,,,
2023-11-01 00:00:00+01:00,False,MissingInput,"24 valeurs residual_load_gw manquantes après réparation (brut=24, max_autorisé=2)",24,24,0,2023-11-01 00:00:00+01:00 | 2023-11-01 01:00:00+01:00 | 2023-11-01 02:00:00+01:00 | 2023-11-01 03:00:00+01:00 | 2023-11-01 04:00:00+01:00 | 2023-11-01 05:00:00+01:00 | 2023-11-01 06:00:00+01:00 | 2023-11-01 07:00:00+01:00 | 2023-11-01 08:00:00+01:00 | 2023-11-01 09:00:00+01:00 | 2023-11-01 10:00:00+01:00 | 2023-11-01 11:00:00+01:00 | 2023-11-01 12:00:00+01:00 | 2023-11-01 13:00:00+01:00 | 2023-11-01 14:00:00+01:00 | 2023-11-01 15:00:00+01:00 | 2023-11-01 16:00:00+01:00 | 2023-11-01 17:00:00+01:00 | 2023-11-01 18:00:00+01:00 | 2023-11-01 19:00:00+01:00 | 2023-11-01 20:00:00+01:00 | 2023-11-01 21:00:00+01:00 | 2023-11-01 22:00:00+01:00 | 2023-11-01 23:00:00+01:00,,,,,,,
2023-11-02 00:00:00+01:00,False,MissingInput,"24 valeurs residual_load_gw manquantes après réparation (brut=24, max_autorisé=2)",24,24,0,2023-11-02 00:00:00+01:00 | 2023-11-02 01:00:00+01:00 | 2023-11-02 02:00:00+01:00 | 2023-11-02 03:00:00+01:00 | 2023-11-02 04:00:00+01:00 | 2023-11-02 05:00:00+01:00 | 2023-11-02 06:00:00+01:00 | 2023-11-02 07:00:00+01:00 | 2023-11-02 08:00:00+01:00 | 2023-11-02 09:00:00+01:00 | 2023-11-02 10:00:00+01:00 | 2023-11-02 11:00:00+01:00 | 2023-11-02 12:00:00+01:00 | 2023-11-02 13:00:00+01:00 | 2023-11-02 14:00:00+01:00 | 2023-11-02 15:00:00+01:00 | 2023-11-02 16:00:00+01:00 | 2023-11-02 17:00:00+01:00 | 2023-11-02 18:00:00+01:00 | 2023-11-02 19:00:00+01:00 | 2023-11-02 20:00:00+01:00 | 2023-11-02 21:00:00+01:00 | 2023-11-02 22:00:00+01:00 | 2023-11-02 23:00:00+01:00,,,,,,,
2023-11-03 00:00:00+01:00,False,MissingInput,"24 valeurs residual_load_gw manquantes après réparation (brut=24, max_autorisé=2)",24,24,0,2023-11-03 00:00:00+01:00 | 2023-11-03 01:00:00+01:00 | 2023-11-03 02:00:00+01:00 | 2023-11-03 03:00:00+01:00 | 2023-11-03 04:00:00+01:00 | 2023-11-03 05:00:00+01:00 | 2023-11-03 06:00:00+01:00 | 2023-11-03 07:00:00+01:00 | 2023-11-03 08:00:00+01:00 | 2023-11-03 09:00:00+01:00 | 2023-11-03 10:00:00+01:00 | 2023-11-03 11:00:00+01:00 | 2023-11-03 12:00:00+01:00 | 2023-11-03 13:00:00+01:00 | 2023-11-03 14:00:00+01:00 | 2023-11-03 15:00:00+01:00 | 2023-11-03 16:00:00+01:00 | 2023-11-03 17:00:00+01:00 | 2023-11-03 18:00:00+01:00 | 2023-11-03 19:00:00+01:00 | 2023-11-03 20:00:00+01:00 | 2023-11-03 21:00:00+01:00 | 2023-11-03 22:00:00+01:00 | 2023-11-03 23:00:00+01:00,,,,,,,
2023-11-04 00:00:00+01:00,False,MissingInput,"24 valeurs residual_load_gw manquantes après réparation (brut=24, max_autorisé=2)",24,24,0,2023-11-04 00:00:00+01:00 | 2023-11-04 01:00:00+01:00 | 2023-11-04 02:00:00+01:00 | 2023-11-04 03:00:00+01:00 | 2023-11-04 04:00:00+01:00 | 2023-11-04 05:00:00+01:00 | 2023-11-04 06:00:00+01:00 | 2023-11-04 07:00:00+01:00 | 2023-11-04 08:00:00+01:00 | 2023-11-04 09:00:00+01:00 | 2023-11-04 10:00:00+01:00 | 2023-11-04 11:00:00+01:00 | 2023-11-04 12:00:00+01:00 | 2023-11-04 13:00:00+01:00 | 2023-11-04 14:00:00+01:00 | 2023-11-04 15:00:00+01:00 | 2023-11-04 16:00:00+01:00 | 2023-11-04 17:00:00+01:00 | 2023-11-04 18:00:00+01:00 | 2023-11-04 19:00:00+01:00 | 2023-11-04 20:00:00+01:00 | 2023-11-04 21:00:00+01:00 | 2023-11-04 22:00:00+01:00 | 2023-11-04 23:00:00+01:00,,,,,,,
2023-11-05 00:00:00+01:00,False,MissingInput,"24 valeurs residual_load_gw manquantes après réparation (brut=24, max_autorisé=2)",24,24,0,2023-11-05 00:00:00+01:00 | 2023-11-05 01:00:00+01:00 | 2023-11-05 02:00:00+01:00 | 2023-11-05 03:00:00+01:00 | 2023-11-05 04:00:00+01:00 | 2023-11-05 05:00:00+01:00 | 2023-11-05 06:00:00+01:00 | 2023-11-05 07:00:00+01:00 | 2023-11-05 08:00:00+01:00 | 2023-11-05 09:00:00+01:00 | 2023-11-05 10:00:00+01:00 | 2023-11-05 11:00:00+01:00 | 2023-11-05 12:00:00+01:00 | 2023-11-05 13:00:00+01:00 | 2023-11-05 14:00:00+01:00 | 2023-11-05 15:00:00+01:00 | 2023-11-05 16:00:00+01:00 | 2023-11-05 17:00:00+01:00 | 2023-11-05 18:00:00+01:00 | 2023-11-05 19:00:00+01:00 | 2023-11-05 20:00:00+01:00 | 2023-11-05 21:00:00+01:00 | 2023-11-05 22:00:00+01:00 | 2023-11-05 23:00:00+01:00,,,,,,,
2023-11-06 00:00:00+01:00,False,MissingInput,"24 valeurs residual_load_gw manquantes après réparation (brut=24, max_autorisé=2)",24,24,0,2023-11-06 00:00:00+01:00 | 2023-11-06 01:00:00+01:00 | 2023-11-06 02:00:00+01:00 | 2023-11-06 03:00:00+01:00 | 2023-11-06 04:00:00+01:00 | 2023-11-06 05:00:00+01:00 | 2023-11-06 06:00:00+01:00 | 2023-11-06 07:00:00+01:00 | 2023-11-06 08:00:00+01:00 | 2023-11-06 09:00:00+01:00 | 2023-11-06 10:00:00+01:00 | 2023-11-06 11:00:00+01:00 | 2023-11-06 12:00:00+01:00 | 2023-11-06 13:00:00+01:00 | 2023-11-06 14:00:00+01:00 | 2023-11-06 15:00:00+01:00 | 2023-11-06 16:00:00+01:00 | 2023-11-06 17:00:00+01:00 | 2023-11-06 18:00:00+01:00 | 2023-11-06 19:00:00+01:00 | 2023-11-06 20:00:00+01:00 | 2023-11-06 21:00:00+01:00 | 2023-11-06 22:00:00+01:00 | 2023-11-06 23:00:00+01:00,,,,,,,
2023-11-07 00:00:00+01:00,False,MissingInput,"24 valeurs residual_load_gw manquantes après réparation (brut=24, max_autorisé=2)",24,24,0,2023-11-07 00:00:00+01:00 | 2023-11-07 01:00:00+01:00 | 2023-11-07 02:00:00+01:00 | 2023-11-07 03:00:00+01:00 | 2023-11-07 04:00:00+01:00 | 2023-11-07 05:00:00+01:00 | 2023-11-07 06:00:00+01:00 | 2023-11-07 07:00:00+01:00 | 2023-11-07 08:00:00+01:00 | 2023-11-07 09:00:00+01:00 | 2023-11-07 10:00:00+01:00 | 2023-11-07 11:00:00+01:00 | 2023-11-07 12:00:00+01:00 | 2023-11-07 13:00:00+01:00 | 2023-11-07 14:00:00+01:00 | 2023-11-07 15:00:00+01:00 | 2023-11-07 16:00:00+01:00 | 2023-11-07 17:00:00+01:00 | 2023-11-07 18:00:00+01:00 | 2023-11-07 19:00:00+01:00 | 2023-11-07 20:00:00+01:00 | 2023-11-07 21:00:00+01:00 | 2023-11-07 22:00:00+01:00 | 2023-11-07 23:00:00+01:00,,,,,,,
2023-11-08 00:00:00+01:00,False,MissingInput,"24 valeurs residual_load_gw manquantes après réparation (brut=24, max_autorisé=2)",24,24,0,2023-11-08 00:00:00+01:00 | 2023-11-08 01:00:00+01:00 | 2023-11-08 02:00:00+01:00 | 2023-11-08 03:00:00+01:00 | 2023-11-08 04:00:00+01:00 | 2023-11-08 05:00:00+01:00 | 2023-11-08 06:00:00+01:00 | 2023-11-08 07:00:00+01:00 | 2023-11-08 08:00:00+01:00 | 2023-11-08 09:00:00+01:00 | 2023-11-08 10:00:00+01:00 | 2023-11-08 11:00:00+01:00 | 2023-11-08 12:00:00+01:00 | 2023-11-08 13:00:00+01:00 | 2023-11-08 14:00:00+01:00 | 2023-11-08 15:00:00+01:00 | 2023-11-08 16:00:00+01:00 | 2023-11-08 17:00:00+01:00 | 2023-11-08 18:00:00+01:00 | 2023-11-08 19:00:00+01:00 | 2023-11-08 20:00:00+01:00 | 2023-11-08 21:00:00+01:00 | 2023-11-08 22:00:00+01:00 | 2023-11-08 23:00:00+01:00,,,,,,,
2023-11-09 00:00:00+01:00,False,MissingInput,"24 valeurs residual_load_gw manquantes après réparation (brut=24, max_autorisé=2)",24,24,0,2023-11-09 00:00:00+01:00 | 2023-11-09 01:00:00+01:00 | 2023-11-09 02:00:00+01:00 | 2023-11-09 03:00:00+01:00 | 2023-11-09 04:00:00+01:00 | 2023-11-09 05:00:00+01:00 | 2023-11-09 06:00:00+01:00 | 2023-11-09 07:00:00+01:00 | 2023-11-09 08:00:00+01:00 | 2023-11-09 09:00:00+01:00 | 2023-11-09 10:00:00+01:00 | 2023-11-09 11:00:00+01:00 | 2023-11-09 12:00:00+01:00 | 2023-11-09 13:00:00+01:00 | 2023-11-09 14:00:00+01:00 | 2023-11-09 15:00:00+01:00 | 2023-11-09 16:00:00+01:00 | 2023-11-09 17:00:00+01:00 | 2023-11-09 18:00:00+01:00 | 2023-11-09 19:00:00+01:00 | 2023-11-09 20:00:00+01:00 | 2023-11-09 21:00:00+01:00 | 2023-11-09 22:00:00+01:00 | 2023-11-09 23:00:00+01:00,,,,,,,
2023-11-10 00:00:00+01:00,False,MissingInput,"24 valeurs residual_load_gw manquantes après réparation (brut=24, max_autorisé=2)",24,24,0,2023-11-10 00:00:00+01:00 | 2023-11-10 01:00:00+01:00 | 2023-11-10 02:00:00+01:00 | 2023-11-10 03:00:00+01:00 | 2023-11-10 04:00:00+01:00 | 2023-11-10 05:00:00+01:00 | 2023-11-10 06:00:00+01:00 | 2023-11-10 07:00:00+01:00 | 2023-11-10 08:00:00+01:00 | 2023-11-10 09:00:00+01:00 | 2023-11-10 10:00:00+01:00 | 2023-11-10 11:00:00+01:00 | 2023-11-10 12:00:00+01:00 | 2023-11-10 13:00:00+01:00 | 2023-11-10 14:00:00+01:00 | 2023-11-10 15:00:00+01:00 | 2023-11-10 16:00:00+01:00 | 2023-11-10 17:00:00+01:00 | 2023-11-10 18:00:00+01:00 | 2023-11-10 19:00:00+01:00 | 2023-11-10 20:00:00+01:00 | 2023-11-10 21:00:00+01:00 | 2023-11-10 22:00:00+01:00 | 2023-11-10 23:00:00+01:00,,,,,,,
2023-11-11 00:00:00+01:00,False,MissingInput,"24 valeurs residual_load_gw manquantes après réparation (brut=24, max_autorisé=2)",24,24,0,2023-11-11 00:00:00+01:00 | 2023-11-11 01:00:00+01:00 | 2023-11-11 02:00:00+01:00 | 2023-11-11 03:00:00+01:00 | 2023-11-11 04:00:00+01:00 | 2023-11-11 05:00:00+01:00 | 2023-11-11 06:00:00+01:00 | 2023-11-11 07:00:00+01:00 | 2023-11-11 08:00:00+01:00 | 2023-11-11 09:00:00+01:00 | 2023-11-11 10:00:00+01:00 | 2023-11-11 11:00:00+01:00 | 2023-11-11 12:00:00+01:00 | 2023-11-11 13:00:00+01:00 | 2023-11-11 14:00:00+01:00 | 2023-11-11 15:00:00+01:00 | 2023-11-11 16:00:00+01:00 | 2023-11-11 17:00:00+01:00 | 2023-11-11 18:00:00+01:00 | 2023-11-11 19:00:00+01:00 | 2023-11-11 20:00:00+01:00 | 2023-11-11 21:00:00+01:00 | 2023-11-11 22:00:00+01:00 | 2023-11-11 23:00:00+01:00,,,,,,,
2023-11-12 00:00:00+01:00,False,MissingInput,"24 valeurs residual_load_gw manquantes après réparation (brut=24, max_autorisé=2)",24,24,0,2023-11-12 00:00:00+01:00 | 2023-11-12 01:00:00+01:00 | 2023-11-12 02:00:00+01:00 | 2023-11-12 03:00:00+01:00 | 2023-11-12 04:00:00+01:00 | 2023-11-12 05:00:00+01:00 | 2023-11-12 06:00:00+01:00 | 2023-11-12 07:00:00+01:00 | 2023-11-12 08:00:00+01:00 | 2023-11-12 09:00:00+01:00 | 2023-11-12 10:00:00+01:00 | 2023-11-12 11:00:00+01:00 | 2023-11-12 12:00:00+01:00 | 2023-11-12 13:00:00+01:00 | 2023-11-12 14:00:00+01:00 | 2023-11-12 15:00:00+01:00 | 2023-11-12 16:00:00+01:00 | 2023-11-12 17:00:00+01:00 | 2023-11-12 18:00:00+01:00 | 2023-11-12 19:00:00+01:00 | 2023-11-12 20:00:00+01:00 | 2023-11-12 21:00:00+01:00 | 2023-11-12 22:00:00+01:00 | 2023-11-12 23:00:00+01:00,,,,,,,
2023-11-13 00:00:00+01:00,False,MissingInput,"24 valeurs residual_load_gw manquantes après réparation (brut=24, max_autorisé=2)",24,24,0,2023-11-13 00:00:00+01:00 | 2023-11-13 01:00:00+01:00 | 2023-11-13 02:00:00+01:00 | 2023-11-13 03:00:00+01:00 | 2023-11-13 04:00:00+01:00 | 2023-11-13 05:00:00+01:00 | 2023-11-13 06:00:00+01:00 | 2023-11-13 07:00:00+01:00 | 2023-11-13 08:00:00+01:00 | 2023-11-13 09:00:00+01:00 | 2023-11-13 10:00:00+01:00 | 2023-11-13 11:00:00+01:00 | 2023-11-13 12:00:00+01:00 | 2023-11-13 13:00:00+01:00 | 2023-11-13 14:00:00+01:00 | 2023-11-13 15:00:00+01:00 | 2023-11-13 16:00:00+01:00 | 2023-11-13 17:00:00+01:00 | 2023-11-13 18:00:00+01:00 | 2023-11-13 19:00:00+01:00 | 2023-11-13 20:00:00+01:00 | 2023-11-13 21:00:00+01:00 | 2023-11-13 22:00:00+01:00 | 2023-11-13 23:00:00+01:00,,,,,,,
2023-11-14 00:00:00+01:00,False,MissingInput,"24 valeurs residual_load_gw manquantes après réparation (brut=24, max_autorisé=2)",24,24,0,2023-11-14 00:00:00+01:00 | 2023-11-14 01:00:00+01:00 | 2023-11-14 02:00:00+01:00 | 2023-11-14 03:00:00+01:00 | 2023-11-14 04:00:00+01:00 | 2023-11-14 05:00:00+01:00 | 2023-11-14 06:00:00+01:00 | 2023-11-14 07:00:00+01:00 | 2023-11-14 08:00:00+01:00 | 2023-11-14 09:00:00+01:00 | 2023-11-14 10:00:00+01:00 | 2023-11-14 11:00:00+01:00 | 2023-11-14 12:00:00+01:00 | 2023-11-14 13:00:00+01:00 | 2023-11-14 14:00:00+01:00 | 2023-11-14 15:00:00+01:00 | 2023-11-14 16:00:00+01:00 | 2023-11-14 17:00:00+01:00 | 2023-11-14 18:00:00+01:00 | 2023-11-14 19:00:00+01:00 | 2023-11-14 20:00:00+01:00 | 2023-11-14 21:00:00+01:00 | 2023-11-14 22:00:00+01:00 | 2023-11-14 23:00:00+01:00,,,,,,,
2023-11-15 00:00:00+01:00,False,MissingInput,"24 valeurs residual_load_gw manquantes après réparation (brut=24, max_autorisé=2)",24,24,0,2023-11-15 00:00:00+01:00 | 2023-11-15 01:00:00+01:00 | 2023-11-15 02:00:00+01:00 | 2023-11-15 03:00:00+01:00 | 2023-11-15 04:00:00+01:00 | 2023-11-15 05:00:00+01:00 | 2023-11-15 06:00:00+01:00 | 2023-11-15 07:00:00+01:00 | 2023-11-15 08:00:00+01:00 | 2023-11-15 09:00:00+01:00 | 2023-11-15 10:00:00+01:00 | 2023-11-15 11:00:00+01:00 | 2023-11-15 12:00:00+01:00 | 2023-11-15 13:00:00+01:00 | 2023-11-15 14:00:00+01:00 | 2023-11-15 15:00:00+01:00 | 2023-11-15 16:00:00+01:00 | 2023-11-15 17:00:00+01:00 | 2023-11-15 18:00:00+01:00 | 2023-11-15 19:00:00+01:00 | 2023-11-15 20:00:00+01:00 | 2023-11-15 21:00:00+01:00 | 2023-11-15 22:00:00+01:00 | 2023-11-15 23:00:00+01:00,,,,,,,
2023-11-16 00:00:00+01:00,False,MissingInput,"24 valeurs residual_load_gw manquantes après réparation (brut=24, max_autorisé=2)",24,24,0,2023-11-16 00:00:00+01:00 | 2023-11-16 01:00:00+01:00 | 2023-11-16 02:00:00+01:00 | 2023-11-16 03:00:00+01:00 | 2023-11-16 04:00:00+01:00 | 2023-11-16 05:00:00+01:00 | 2023-11-16 06:00:00+01:00 | 2023-11-16 07:00:00+01:00 | 2023-11-16 08:00:00+01:00 | 2023-11-16 09:00:00+01:00 | 2023-11-16 10:00:00+01:00 | 2023-11-16 11:00:00+01:00 | 2023-11-16 12:00:00+01:00 | 2023-11-16 13:00:00+01:00 | 2023-11-16 14:00:00+01:00 | 2023-11-16 15:00:00+01:00 | 2023-11-16 16:00:00+01:00 | 2023-11-16 17:00:00+01:00 | 2023-11-16 18:00:00+01:00 | 2023-11-16 19:00:00+01:00 | 2023-11-16 20:00:00+01:00 | 2023-11-16 21:00:00+01:00 | 2023-11-16 22:00:00+01:00 | 2023-11-16 23:00:00+01:00,,,,,,,
2023-11-17 00:00:00+01:00,False,MissingInput,"24 valeurs residual_load_gw manquantes après réparation (brut=24, max_autorisé=2)",24,24,0,2023-11-17 00:00:00+01:00 | 2023-11-17 01:00:00+01:00 | 2023-11-17 02:00:00+01:00 | 2023-11-17 03:00:00+01:00 | 2023-11-17 04:00:00+01:00 | 2023-11-17 05:00:00+01:00 | 2023-11-17 06:00:00+01:00 | 2023-11-17 07:00:00+01:00 | 2023-11-17 08:00:00+01:00 | 2023-11-17 09:00:00+01:00 | 2023-11-17 10:00:00+01:00 | 2023-11-17 11:00:00+01:00 | 2023-11-17 12:00:00+01:00 | 2023-11-17 13:00:00+01:00 | 2023-11-17 14:00:00+01:00 | 2023-11-17 15:00:00+01:00 | 2023-11-17 16:00:00+01:00 | 2023-11-17 17:00:00+01:00 | 2023-11-17 18:00:00+01:00 | 2023-11-17 19:00:00+01:00 | 2023-11-17 20:00:00+01:00 | 2023-11-17 21:00:00+01:00 | 2023-11-17 22:00:00+01:00 | 2023-11-17 23:00:00+01:00,,,,,,,
2023-11-18 00:00:00+01:00,False,MissingInput,"24 valeurs residual_load_gw manquantes après réparation (brut=24, max_autorisé=2)",24,24,0,2023-11-18 00:00:00+01:00 | 2023-11-18 01:00:00+01:00 | 2023-11-18 02:00:00+01:00 | 2023-11-18 03:00:00+01:00 | 2023-11-18 04:00:00+01:00 | 2023-11-18 05:00:00+01:00 | 2023-11-18 06:00:00+01:00 | 2023-11-18 07:00:00+01:00 | 2023-11-18 08:00:00+01:00 | 2023-11-18 09:00:00+01:00 | 2023-11-18 10:00:00+01:00 | 2023-11-18 11:00:00+01:00 | 2023-11-18 12:00:00+01:00 | 2023-11-18 13:00:00+01:00 | 2023-11-18 14:00:00+01:00 | 2023-11-18 15:00:00+01:00 | 2023-11-18 16:00:00+01:00 | 2023-11-18 17:00:00+01:00 | 2023-11-18 18:00:00+01:00 | 2023-11-18 19:00:00+01:00 | 2023-11-18 20:00:00+01:00 | 2023-11-18 21:00:00+01:00 | 2023-11-18 22:00:00+01:00 | 2023-11-18 23:00:00+01:00,,,,,,,
2023-11-19 00:00:00+01:00,False,MissingInput,"24 valeurs residual_load_gw manquantes après réparation (brut=24, max_autorisé=2)",24,24,0,2023-11-19 00:00:00+01:00 | 2023-11-19 01:00:00+01:00 | 2023-11-19 02:00:00+01:00 | 2023-11-19 03:00:00+01:00 | 2023-11-19 04:00:00+01:00 | 2023-11-19 05:00:00+01:00 | 2023-11-19 06:00:00+01:00 | 2023-11-19 07:00:00+01:00 | 2023-11-19 08:00:00+01:00 | 2023-11-19 09:00:00+01:00 | 2023-11-19 10:00:00+01:00 | 2023-11-19 11:00:00+01:00 | 2023-11-19 12:00:00+01:00 | 2023-11-19 13:00:00+01:00 | 2023-11-19 14:00:00+01:00 | 2023-11-19 15:00:00+01:00 | 2023-11-19 16:00:00+01:00 | 2023-11-19 17:00:00+01:00 | 2023-11-19 18:00:00+01:00 | 2023-11-19 19:00:00+01:00 | 2023-11-19 20:00:00+01:00 | 2023-11-19 21:00:00+01:00 | 2023-11-19 22:00:00+01:00 | 2023-11-19 23:00:00+01:00,,,,,,,
2023-11-20 00:00:00+01:00,False,MissingInput,"24 valeurs residual_load_gw manquantes après réparation (brut=24, max_autorisé=2)",24,24,0,2023-11-20 00:00:00+01:00 | 2023-11-20 01:00:00+01:00 | 2023-11-20 02:00:00+01:00 | 2023-11-20 03:00:00+01:00 | 2023-11-20 04:00:00+01:00 | 2023-11-20 05:00:00+01:00 | 2023-11-20 06:00:00+01:00 | 2023-11-20 07:00:00+01:00 | 2023-11-20 08:00:00+01:00 | 2023-11-20 09:00:00+01:00 | 2023-11-20 10:00:00+01:00 | 2023-11-20 11:00:00+01:00 | 2023-11-20 12:00:00+01:00 | 2023-11-20 13:00:00+01:00 | 2023-11-20 14:00:00+01:00 | 2023-11-20 15:00:00+01:00 | 2023-11-20 16:00:00+01:00 | 2023-11-20 17:00:00+01:00 | 2023-11-20 18:00:00+01:00 | 2023-11-20 19:00:00+01:00 | 2023-11-20 20:00:00+01:00 | 2023-11-20 21:00:00+01:00 | 2023-11-20 22:00:00+01:00 | 2023-11-20 23:00:00+01:00,,,,,,,
2023-11-21 00:00:00+01:00,False,MissingInput,"24 valeurs residual_load_gw manquantes après réparation (brut=24, max_autorisé=2)",24,24,0,2023-11-21 00:00:00+01:00 | 2023-11-21 01:00:00+01:00 | 2023-11-21 02:00:00+01:00 | 2023-11-21 03:00:00+01:00 | 2023-11-21 04:00:00+01:00 | 2023-11-21 05:00:00+01:00 | 2023-11-21 06:00:00+01:00 | 2023-11-21 07:00:00+01:00 | 2023-11-21 08:00:00+01:00 | 2023-11-21 09:00:00+01:00 | 2023-11-21 10:00:00+01:00 | 2023-11-21 11:00:00+01:00 | 2023-11-21 12:00:00+01:00 | 2023-11-21 13:00:00+01:00 | 2023-11-21 14:00:00+01:00 | 2023-11-21 15:00:00+01:00 | 2023-11-21 16:00:00+01:00 | 2023-11-21 17:00:00+01:00 | 2023-11-21 18:00:00+01:00 | 2023-11-21 19:00:00+01:00 | 2023-11-21 20:00:00+01:00 | 2023-11-21 21:00:00+01:00 | 2023-11-21 22:00:00+01:00 | 2023-11-21 23:00:00+01:00,,,,,,,
2023-11-22 00:00:00+01:00,False,MissingInput,"24 valeurs residual_load_gw manquantes après réparation (brut=24, max_autorisé=2)",24,24,0,2023-11-22 00:00:00+01:00 | 2023-11-22 01:00:00+01:00 | 2023-11-22 02:00:00+01:00 | 2023-11-22 03:00:00+01:00 | 2023-11-22 04:00:00+01:00 | 2023-11-22 05:00:00+01:00 | 2023-11-22 06:00:00+01:00 | 2023-11-22 07:00:00+01:00 | 2023-11-22 08:00:00+01:00 | 2023-11-22 09:00:00+01:00 | 2023-11-22 10:00:00+01:00 | 2023-11-22 11:00:00+01:00 | 2023-11-22 12:00:00+01:00 | 2023-11-22 13:00:00+01:00 | 2023-11-22 14:00:00+01:00 | 2023-11-22 15:00:00+01:00 | 2023-11-22 16:00:00+01:00 | 2023-11-22 17:00:00+01:00 | 2023-11-22 18:00:00+01:00 | 2023-11-22 19:00:00+01:00 | 2023-11-22 20:00:00+01:00 | 2023-11-22 21:00:00+01:00 | 2023-11-22 22:00:00+01:00 | 2023-11-22 23:00:00+01:00,,,,,,,
2023-11-23 00:00:00+01:00,False,MissingInput,"24 valeurs residual_load_gw manquantes après réparation (brut=24, max_autorisé=2)",24,24,0,2023-11-23 00:00:00+01:00 | 2023-11-23 01:00:00+01:00 | 2023-11-23 02:00:00+01:00 | 2023-11-23 03:00:00+01:00 | 2023-11-23 04:00:00+01:00 | 2023-11-23 05:00:00+01:00 | 2023-11-23 06:00:00+01:00 | 2023-11-23 07:00:00+01:00 | 2023-11-23 08:00:00+01:00 | 2023-11-23 09:00:00+01:00 | 2023-11-23 10:00:00+01:00 | 2023-11-23 11:00:00+01:00 | 2023-11-23 12:00:00+01:00 | 2023-11-23 13:00:00+01:00 | 2023-11-23 14:00:00+01:00 | 2023-11-23 15:00:00+01:00 | 2023-11-23 16:00:00+01:00 | 2023-11-23 17:00:00+01:00 | 2023-11-23 18:00:00+01:00 | 2023-11-23 19:00:00+01:00 | 2023-11-23 20:00:00+01:00 | 2023-11-23 21:00:00+01:00 | 2023-11-23 22:00:00+01:00 | 2023-11-23 23:00:00+01:00,,,,,,,
2023-11-24 00:00:00+01:00,False,MissingInput,"24 valeurs residual_load_gw manquantes après réparation (brut=24, max_autorisé=2)",24,24,0,2023-11-24 00:00:00+01:00 | 2023-11-24 01:00:00+01:00 | 2023-11-24 02:00:00+01:00 | 2023-11-24 03:00:00+01:00 | 2023-11-24 04:00:00+01:00 | 2023-11-24 05:00:00+01:00 | 2023-11-24 06:00:00+01:00 | 2023-11-24 07:00:00+01:00 | 2023-11-24 08:00:00+01:00 | 2023-11-24 09:00:00+01:00 | 2023-11-24 10:00:00+01:00 | 2023-11-24 11:00:00+01:00 | 2023-11-24 12:00:00+01:00 | 2023-11-24 13:00:00+01:00 | 2023-11-24 14:00:00+01:00 | 2023-11-24 15:00:00+01:00 | 2023-11-24 16:00:00+01:00 | 2023-11-24 17:00:00+01:00 | 2023-11-24 18:00:00+01:00 | 2023-11-24 19:00:00+01:00 | 2023-11-24 20:00:00+01:00 | 2023-11-24 21:00:00+01:00 | 2023-11-24 22:00:00+01:00 | 2023-11-24 23:00:00+01:00,,,,,,,
2023-11-25 00:00:00+01:00,False,MissingInput,"24 valeurs residual_load_gw manquantes après réparation (brut=24, max_autorisé=2)",24,24,0,2023-11-25 00:00:00+01:00 | 2023-11-25 01:00:00+01:00 | 2023-11-25 02:00:00+01:00 | 2023-11-25 03:00:00+01:00 | 2023-11-25 04:00:00+01:00 | 2023-11-25 05:00:00+01:00 | 2023-11-25 06:00:00+01:00 | 2023-11-25 07:00:00+01:00 | 2023-11-25 08:00:00+01:00 | 2023-11-25 09:00:00+01:00 | 2023-11-25 10:00:00+01:00 | 2023-11-25 11:00:00+01:00 | 2023-11-25 12:00:00+01:00 | 2023-11-25 13:00:00+01:00 | 2023-11-25 14:00:00+01:00 | 2023-11-25 15:00:00+01:00 | 2023-11-25 16:00:00+01:00 | 2023-11-25 17:00:00+01:00 | 2023-11-25 18:00:00+01:00 | 2023-11-25 19:00:00+01:00 | 2023-11-25 20:00:00+01:00 | 2023-11-25 21:00:00+01:00 | 2023-11-25 22:00:00+01:00 | 2023-11-25 23:00:00+01:00,,,,,,,
2023-11-26 00:00:00+01:00,False,MissingInput,"24 valeurs residual_load_gw manquantes après réparation (brut=24, max_autorisé=2)",24,24,0,2023-11-26 00:00:00+01:00 | 2023-11-26 01:00:00+01:00 | 2023-11-26 02:00:00+01:00 | 2023-11-26 03:00:00+01:00 | 2023-11-26 04:00:00+01:00 | 2023-11-26 05:00:00+01:00 | 2023-11-26 06:00:00+01:00 | 2023-11-26 07:00:00+01:00 | 2023-11-26 08:00:00+01:00 | 2023-11-26 09:00:00+01:00 | 2023-11-26 10:00:00+01:00 | 2023-11-26 11:00:00+01:00 | 2023-11-26 12:00:00+01:00 | 2023-11-26 13:00:00+01:00 | 2023-11-26 14:00:00+01:00 | 2023-11-26 15:00:00+01:00 | 2023-11-26 16:00:00+01:00 | 2023-11-26 17:00:00+01:00 | 2023-11-26 18:00:00+01:00 | 2023-11-26 19:00:00+01:00 | 2023-11-26 20:00:00+01:00 | 2023-11-26 21:00:00+01:00 | 2023-11-26 22:00:00+01:00 | 2023-11-26 23:00:00+01:00,,,,,,,
2023-11-27 00:00:00+01:00,False,MissingInput,"24 valeurs residual_load_gw manquantes après réparation (brut=24, max_autorisé=2)",24,24,0,2023-11-27 00:00:00+01:00 | 2023-11-27 01:00:00+01:00 | 2023-11-27 02:00:00+01:00 | 2023-11-27 03:00:00+01:00 | 2023-11-27 04:00:00+01:00 | 2023-11-27 05:00:00+01:00 | 2023-11-27 06:00:00+01:00 | 2023-11-27 07:00:00+01:00 | 2023-11-27 08:00:00+01:00 | 2023-11-27 09:00:00+01:00 | 2023-11-27 10:00:00+01:00 | 2023-11-27 11:00:00+01:00 | 2023-11-27 12:00:00+01:00 | 2023-11-27 13:00:00+01:00 | 2023-11-27 14:00:00+01:00 | 2023-11-27 15:00:00+01:00 | 2023-11-27 16:00:00+01:00 | 2023-11-27 17:00:00+01:00 | 2023-11-27 18:00:00+01:00 | 2023-11-27 19:00:00+01:00 | 2023-11-27 20:00:00+01:00 | 2023-11-27 21:00:00+01:00 | 2023-11-27 22:00:00+01:00 | 2023-11-27 23:00:00+01:00,,,,,,,
2023-11-28 00:00:00+01:00,False,MissingInput,"24 valeurs residual_load_gw manquantes après réparation (brut=24, max_autorisé=2)",24,24,0,2023-11-28 00:00:00+01:00 | 2023-11-28 01:00:00+01:00 | 2023-11-28 02:00:00+01:00 | 2023-11-28 03:00:00+01:00 | 2023-11-28 04:00:00+01:00 | 2023-11-28 05:00:00+01:00 | 2023-11-28 06:00:00+01:00 | 2023-11-28 07:00:00+01:00 | 2023-11-28 08:00:00+01:00 | 2023-11-28 09:00:00+01:00 | 2023-11-28 10:00:00+01:00 | 2023-11-28 11:00:00+01:00 | 2023-11-28 12:00:00+01:00 | 2023-11-28 13:00:00+01:00 | 2023-11-28 14:00:00+01:00 | 2023-11-28 15:00:00+01:00 | 2023-11-28 16:00:00+01:00 | 2023-11-28 17:00:00+01:00 | 2023-11-28 18:00:00+01:00 | 2023-11-28 19:00:00+01:00 | 2023-11-28 20:00:00+01:00 | 2023-11-28 21:00:00+01:00 | 2023-11-28 22:00:00+01:00 | 2023-11-28 23:00:00+01:00,,,,,,,
2023-11-29 00:00:00+01:00,False,MissingInput,"24 valeurs residual_load_gw manquantes après réparation (brut=24, max_autorisé=2)",24,24,0,2023-11-29 00:00:00+01:00 | 2023-11-29 01:00:00+01:00 | 2023-11-29 02:00:00+01:00 | 2023-11-29 03:00:00+01:00 | 2023-11-29 04:00:00+01:00 | 2023-11-29 05:00:00+01:00 | 2023-11-29 06:00:00+01:00 | 2023-11-29 07:00:00+01:00 | 2023-11-29 08:00:00+01:00 | 2023-11-29 09:00:00+01:00 | 2023-11-29 10:00:00+01:00 | 2023-11-29 11:00:00+01:00 | 2023-11-29 12:00:00+01:00 | 2023-11-29 13:00:00+01:00 | 2023-11-29 14:00:00+01:00 | 2023-11-29 15:00:00+01:00 | 2023-11-29 16:00:00+01:00 | 2023-11-29 17:00:00+01:00 | 2023-11-29 18:00:00+01:00 | 2023-11-29 19:00:00+01:00 | 2023-11-29 20:00:00+01:00 | 2023-11-29 21:00:00+01:00 | 2023-11-29 22:00:00+01:00 | 2023-11-29 23:00:00+01:00,,,,,,,
2023-11-30 00:00:00+01:00,False,MissingInput,"24 valeurs residual_load_gw manquantes après réparation (brut=24, max_autorisé=2)",24,24,0,2023-11-30 00:00:00+01:00 | 2023-11-30 01:00:00+01:00 | 2023-11-30 02:00:00+01:00 | 2023-11-30 03:00:00+01:00 | 2023-11-30 04:00:00+01:00 | 2023-11-30 05:00:00+01:00 | 2023-11-30 06:00:00+01:00 | 2023-11-30 07:00:00+01:00 | 2023-11-30 08:00:00+01:00 | 2023-11-30 09:00:00+01:00 | 2023-11-30 10:00:00+01:00 | 2023-11-30 11:00:00+01:00 | 2023-11-30 12:00:00+01:00 | 2023-11-30 13:00:00+01:00 | 2023-11-30 14:00:00+01:00 | 2023-11-30 15:00:00+01:00 | 2023-11-30 16:00:00+01:00 | 2023-11-30 17:00:00+01:00 | 2023-11-30 18:00:00+01:00 | 2023-11-30 19:00:00+01:00 | 2023-11-30 20:00:00+01:00 | 2023-11-30 21:00:00+01:00 | 2023-11-30 22:00:00+01:00 | 2023-11-30 23:00:00+01:00,,,,,,,
2023-12-01 00:00:00+01:00,False,MissingInput,"24 valeurs residual_load_gw manquantes après réparation (brut=24, max_autorisé=2)",24,24,0,2023-12-01 00:00:00+01:00 | 2023-12-01 01:00:00+01:00 | 2023-12-01 02:00:00+01:00 | 2023-12-01 03:00:00+01:00 | 2023-12-01 04:00:00+01:00 | 2023-12-01 05:00:00+01:00 | 2023-12-01 06:00:00+01:00 | 2023-12-01 07:00:00+01:00 | 2023-12-01 08:00:00+01:00 | 2023-12-01 09:00:00+01:00 | 2023-12-01 10:00:00+01:00 | 2023-12-01 11:00:00+01:00 | 2023-12-01 12:00:00+01:00 | 2023-12-01 13:00:00+01:00 | 2023-12-01 14:00:00+01:00 | 2023-12-01 15:00:00+01:00 | 2023-12-01 16:00:00+01:00 | 2023-12-01 17:00:00+01:00 | 2023-12-01 18:00:00+01:00 | 2023-12-01 19:00:00+01:00 | 2023-12-01 20:00:00+01:00 | 2023-12-01 21:00:00+01:00 | 2023-12-01 22:00:00+01:00 | 2023-12-01 23:00:00+01:00,,,,,,,
2023-12-02 00:00:00+01:00,False,MissingInput,"24 valeurs residual_load_gw manquantes après réparation (brut=24, max_autorisé=2)",24,24,0,2023-12-02 00:00:00+01:00 | 2023-12-02 01:00:00+01:00 | 2023-12-02 02:00:00+01:00 | 2023-12-02 03:00:00+01:00 | 2023-12-02 04:00:00+01:00 | 2023-12-02 05:00:00+01:00 | 2023-12-02 06:00:00+01:00 | 2023-12-02 07:00:00+01:00 | 2023-12-02 08:00:00+01:00 | 2023-12-02 09:00:00+01:00 | 2023-12-02 10:00:00+01:00 | 2023-12-02 11:00:00+01:00 | 2023-12-02 12:00:00+01:00 | 2023-12-02 13:00:00+01:00 | 2023-12-02 14:00:00+01:00 | 2023-12-02 15:00:00+01:00 | 2023-12-02 16:00:00+01:00 | 2023-12-02 17:00:00+01:00 | 2023-12-02 18:00:00+01:00 | 2023-12-02 19:00:00+01:00 | 2023-12-02 20:00:00+01:00 | 2023-12-02 21:00:00+01:00 | 2023-12-02 22:00:00+01:00 | 2023-12-02 23:00:00+01:00,,,,,,,
2023-12-03 00:00:00+01:00,False,MissingInput,"24 valeurs residual_load_gw manquantes après réparation (brut=24, max_autorisé=2)",24,24,0,2023-12-03 00:00:00+01:00 | 2023-12-03 01:00:00+01:00 | 2023-12-03 02:00:00+01:00 | 2023-12-03 03:00:00+01:00 | 2023-12-03 04:00:00+01:00 | 2023-12-03 05:00:00+01:00 | 2023-12-03 06:00:00+01:00 | 2023-12-03 07:00:00+01:00 | 2023-12-03 08:00:00+01:00 | 2023-12-03 09:00:00+01:00 | 2023-12-03 10:00:00+01:00 | 2023-12-03 11:00:00+01:00 | 2023-12-03 12:00:00+01:00 | 2023-12-03 13:00:00+01:00 | 2023-12-03 14:00:00+01:00 | 2023-12-03 15:00:00+01:00 | 2023-12-03 16:00:00+01:00 | 2023-12-03 17:00:00+01:00 | 2023-12-03 18:00:00+01:00 | 2023-12-03 19:00:00+01:00 | 2023-12-03 20:00:00+01:00 | 2023-12-03 21:00:00+01:00 | 2023-12-03 22:00:00+01:00 | 2023-12-03 23:00:00+01:00,,,,,,,
2023-12-04 00:00:00+01:00,False,MissingInput,"24 valeurs residual_load_gw manquantes après réparation (brut=24, max_autorisé=2)",24,24,0,2023-12-04 00:00:00+01:00 | 2023-12-04 01:00:00+01:00 | 2023-12-04 02:00:00+01:00 | 2023-12-04 03:00:00+01:00 | 2023-12-04 04:00:00+01:00 | 2023-12-04 05:00:00+01:00 | 2023-12-04 06:00:00+01:00 | 2023-12-04 07:00:00+01:00 | 2023-12-04 08:00:00+01:00 | 2023-12-04 09:00:00+01:00 | 2023-12-04 10:00:00+01:00 | 2023-12-04 11:00:00+01:00 | 2023-12-04 12:00:00+01:00 | 2023-12-04 13:00:00+01:00 | 2023-12-04 14:00:00+01:00 | 2023-12-04 15:00:00+01:00 | 2023-12-04 16:00:00+01:00 | 2023-12-04 17:00:00+01:00 | 2023-12-04 18:00:00+01:00 | 2023-12-04 19:00:00+01:00 | 2023-12-04 20:00:00+01:00 | 2023-12-04 21:00:00+01:00 | 2023-12-04 22:00:00+01:00 | 2023-12-04 23:00:00+01:00,,,,,,,
2023-12-05 00:00:00+01:00,False,MissingInput,"24 valeurs residual_load_gw manquantes après réparation (brut=24, max_autorisé=2)",24,24,0,2023-12-05 00:00:00+01:00 | 2023-12-05 01:00:00+01:00 | 2023-12-05 02:00:00+01:00 | 2023-12-05 03:00:00+01:00 | 2023-12-05 04:00:00+01:00 | 2023-12-05 05:00:00+01:00 | 2023-12-05 06:00:00+01:00 | 2023-12-05 07:00:00+01:00 | 2023-12-05 08:00:00+01:00 | 2023-12-05 09:00:00+01:00 | 2023-12-05 10:00:00+01:00 | 2023-12-05 11:00:00+01:00 | 2023-12-05 12:00:00+01:00 | 2023-12-05 13:00:00+01:00 | 2023-12-05 14:00:00+01:00 | 2023-12-05 15:00:00+01:00 | 2023-12-05 16:00:00+01:00 | 2023-12-05 17:00:00+01:00 | 2023-12-05 18:00:00+01:00 | 2023-12-05 19:00:00+01:00 | 2023-12-05 20:00:00+01:00 | 2023-12-05 21:00:00+01:00 | 2023-12-05 22:00:00+01:00 | 2023-12-05 23:00:00+01:00,,,,,,,
2023-12-06 00:00:00+01:00,False,MissingInput,"24 valeurs residual_load_gw manquantes après réparation (brut=24, max_autorisé=2)",24,24,0,2023-12-06 00:00:00+01:00 | 2023-12-06 01:00:00+01:00 | 2023-12-06 02:00:00+01:00 | 2023-12-06 03:00:00+01:00 | 2023-12-06 04:00:00+01:00 | 2023-12-06 05:00:00+01:00 | 2023-12-06 06:00:00+01:00 | 2023-12-06 07:00:00+01:00 | 2023-12-06 08:00:00+01:00 | 2023-12-06 09:00:00+01:00 | 2023-12-06 10:00:00+01:00 | 2023-12-06 11:00:00+01:00 | 2023-12-06 12:00:00+01:00 | 2023-12-06 13:00:00+01:00 | 2023-12-06 14:00:00+01:00 | 2023-12-06 15:00:00+01:00 | 2023-12-06 16:00:00+01:00 | 2023-12-06 17:00:00+01:00 | 2023-12-06 18:00:00+01:00 | 2023-12-06 19:00:00+01:00 | 2023-12-06 20:00:00+01:00 | 2023-12-06 21:00:00+01:00 | 2023-12-06 22:00:00+01:00 | 2023-12-06 23:00:00+01:00,,,,,,,
2023-12-07 00:00:00+01:00,False,MissingInput,"24 valeurs residual_load_gw manquantes après réparation (brut=24, max_autorisé=2)",24,24,0,2023-12-07 00:00:00+01:00 | 2023-12-07 01:00:00+01:00 | 2023-12-07 02:00:00+01:00 | 2023-12-07 03:00:00+01:00 | 2023-12-07 04:00:00+01:00 | 2023-12-07 05:00:00+01:00 | 2023-12-07 06:00:00+01:00 | 2023-12-07 07:00:00+01:00 | 2023-12-07 08:00:00+01:00 | 2023-12-07 09:00:00+01:00 | 2023-12-07 10:00:00+01:00 | 2023-12-07 11:00:00+01:00 | 2023-12-07 12:00:00+01:00 | 2023-12-07 13:00:00+01:00 | 2023-12-07 14:00:00+01:00 | 2023-12-07 15:00:00+01:00 | 2023-12-07 16:00:00+01:00 | 2023-12-07 17:00:00+01:00 | 2023-12-07 18:00:00+01:00 | 2023-12-07 19:00:00+01:00 | 2023-12-07 20:00:00+01:00 | 2023-12-07 21:00:00+01:00 | 2023-12-07 22:00:00+01:00 | 2023-12-07 23:00:00+01:00,,,,,,,
2023-12-08 00:00:00+01:00,False,MissingInput,"24 valeurs residual_load_gw manquantes après réparation (brut=24, max_autorisé=2)",24,24,0,2023-12-08 00:00:00+01:00 | 2023-12-08 01:00:00+01:00 | 2023-12-08 02:00:00+01:00 | 2023-12-08 03:00:00+01:00 | 2023-12-08 04:00:00+01:00 | 2023-12-08 05:00:00+01:00 | 2023-12-08 06:00:00+01:00 | 2023-12-08 07:00:00+01:00 | 2023-12-08 08:00:00+01:00 | 2023-12-08 09:00:00+01:00 | 2023-12-08 10:00:00+01:00 | 2023-12-08 11:00:00+01:00 | 2023-12-08 12:00:00+01:00 | 2023-12-08 13:00:00+01:00 | 2023-12-08 14:00:00+01:00 | 2023-12-08 15:00:00+01:00 | 2023-12-08 16:00:00+01:00 | 2023-12-08 17:00:00+01:00 | 2023-12-08 18:00:00+01:00 | 2023-12-08 19:00:00+01:00 | 2023-12-08 20:00:00+01:00 | 2023-12-08 21:00:00+01:00 | 2023-12-08 22:00:00+01:00 | 2023-12-08 23:00:00+01:00,,,,,,,
2023-12-09 00:00:00+01:00,False,MissingInput,"24 valeurs residual_load_gw manquantes après réparation (brut=24, max_autorisé=2)",24,24,0,2023-12-09 00:00:00+01:00 | 2023-12-09 01:00:00+01:00 | 2023-12-09 02:00:00+01:00 | 2023-12-09 03:00:00+01:00 | 2023-12-09 04:00:00+01:00 | 2023-12-09 05:00:00+01:00 | 2023-12-09 06:00:00+01:00 | 2023-12-09 07:00:00+01:00 | 2023-12-09 08:00:00+01:00 | 2023-12-09 09:00:00+01:00 | 2023-12-09 10:00:00+01:00 | 2023-12-09 11:00:00+01:00 | 2023-12-09 12:00:00+01:00 | 2023-12-09 13:00:00+01:00 | 2023-12-09 14:00:00+01:00 | 2023-12-09 15:00:00+01:00 | 2023-12-09 16:00:00+01:00 | 2023-12-09 17:00:00+01:00 | 2023-12-09 18:00:00+01:00 | 2023-12-09 19:00:00+01:00 | 2023-12-09 20:00:00+01:00 | 2023-12-09 21:00:00+01:00 | 2023-12-09 22:00:00+01:00 | 2023-12-09 23:00:00+01:00,,,,,,,
2023-12-10 00:00:00+01:00,False,MissingInput,"24 valeurs residual_load_gw manquantes après réparation (brut=24, max_autorisé=2)",24,24,0,2023-12-10 00:00:00+01:00 | 2023-12-10 01:00:00+01:00 | 2023-12-10 02:00:00+01:00 | 2023-12-10 03:00:00+01:00 | 2023-12-10 04:00:00+01:00 | 2023-12-10 05:00:00+01:00 | 2023-12-10 06:00:00+01:00 | 2023-12-10 07:00:00+01:00 | 2023-12-10 08:00:00+01:00 | 2023-12-10 09:00:00+01:00 | 2023-12-10 10:00:00+01:00 | 2023-12-10 11:00:00+01:00 | 2023-12-10 12:00:00+01:00 | 2023-12-10 13:00:00+01:00 | 2023-12-10 14:00:00+01:00 | 2023-12-10 15:00:00+01:00 | 2023-12-10 16:00:00+01:00 | 2023-12-10 17:00:00+01:00 | 2023-12-10 18:00:00+01:00 | 2023-12-10 19:00:00+01:00 | 2023-12-10 20:00:00+01:00 | 2023-12-10 21:00:00+01:00 | 2023-12-10 22:00:00+01:00 | 2023-12-10 23:00:00+01:00,,,,,,,
2023-12-11 00:00:00+01:00,False,MissingInput,"24 valeurs residual_load_gw manquantes après réparation (brut=24, max_autorisé=2)",24,24,0,2023-12-11 00:00:00+01:00 | 2023-12-11 01:00:00+01:00 | 2023-12-11 02:00:00+01:00 | 2023-12-11 03:00:00+01:00 | 2023-12-11 04:00:00+01:00 | 2023-12-11 05:00:00+01:00 | 2023-12-11 06:00:00+01:00 | 2023-12-11 07:00:00+01:00 | 2023-12-11 08:00:00+01:00 | 2023-12-11 09:00:00+01:00 | 2023-12-11 10:00:00+01:00 | 2023-12-11 11:00:00+01:00 | 2023-12-11 12:00:00+01:00 | 2023-12-11 13:00:00+01:00 | 2023-12-11 14:00:00+01:00 | 2023-12-11 15:00:00+01:00 | 2023-12-11 16:00:00+01:00 | 2023-12-11 17:00:00+01:00 | 2023-12-11 18:00:00+01:00 | 2023-12-11 19:00:00+01:00 | 2023-12-11 20:00:00+01:00 | 2023-12-11 21:00:00+01:00 | 2023-12-11 22:00:00+01:00 | 2023-12-11 23:00:00+01:00,,,,,,,
2023-12-12 00:00:00+01:00,False,MissingInput,"24 valeurs residual_load_gw manquantes après réparation (brut=24, max_autorisé=2)",24,24,0,2023-12-12 00:00:00+01:00 | 2023-12-12 01:00:00+01:00 | 2023-12-12 02:00:00+01:00 | 2023-12-12 03:00:00+01:00 | 2023-12-12 04:00:00+01:00 | 2023-12-12 05:00:00+01:00 | 2023-12-12 06:00:00+01:00 | 2023-12-12 07:00:00+01:00 | 2023-12-12 08:00:00+01:00 | 2023-12-12 09:00:00+01:00 | 2023-12-12 10:00:00+01:00 | 2023-12-12 11:00:00+01:00 | 2023-12-12 12:00:00+01:00 | 2023-12-12 13:00:00+01:00 | 2023-12-12 14:00:00+01:00 | 2023-12-12 15:00:00+01:00 | 2023-12-12 16:00:00+01:00 | 2023-12-12 17:00:00+01:00 | 2023-12-12 18:00:00+01:00 | 2023-12-12 19:00:00+01:00 | 2023-12-12 20:00:00+01:00 | 2023-12-12 21:00:00+01:00 | 2023-12-12 22:00:00+01:00 | 2023-12-12 23:00:00+01:00,,,,,,,
2023-12-13 00:00:00+01:00,False,MissingInput,"24 valeurs residual_load_gw manquantes après réparation (brut=24, max_autorisé=2)",24,24,0,2023-12-13 00:00:00+01:00 | 2023-12-13 01:00:00+01:00 | 2023-12-13 02:00:00+01:00 | 2023-12-13 03:00:00+01:00 | 2023-12-13 04:00:00+01:00 | 2023-12-13 05:00:00+01:00 | 2023-12-13 06:00:00+01:00 | 2023-12-13 07:00:00+01:00 | 2023-12-13 08:00:00+01:00 | 2023-12-13 09:00:00+01:00 | 2023-12-13 10:00:00+01:00 | 2023-12-13 11:00:00+01:00 | 2023-12-13 12:00:00+01:00 | 2023-12-13 13:00:00+01:00 | 2023-12-13 14:00:00+01:00 | 2023-12-13 15:00:00+01:00 | 2023-12-13 16:00:00+01:00 | 2023-12-13 17:00:00+01:00 | 2023-12-13 18:00:00+01:00 | 2023-12-13 19:00:00+01:00 | 2023-12-13 20:00:00+01:00 | 2023-12-13 21:00:00+01:00 | 2023-12-13 22:00:00+01:00 | 2023-12-13 23:00:00+01:00,,,,,,,
2023-12-14 00:00:00+01:00,False,MissingInput,"24 valeurs residual_load_gw manquantes après réparation (brut=24, max_autorisé=2)",24,24,0,2023-12-14 00:00:00+01:00 | 2023-12-14 01:00:00+01:00 | 2023-12-14 02:00:00+01:00 | 2023-12-14 03:00:00+01:00 | 2023-12-14 04:00:00+01:00 | 2023-12-14 05:00:00+01:00 | 2023-12-14 06:00:00+01:00 | 2023-12-14 07:00:00+01:00 | 2023-12-14 08:00:00+01:00 | 2023-12-14 09:00:00+01:00 | 2023-12-14 10:00:00+01:00 | 2023-12-14 11:00:00+01:00 | 2023-12-14 12:00:00+01:00 | 2023-12-14 13:00:00+01:00 | 2023-12-14 14:00:00+01:00 | 2023-12-14 15:00:00+01:00 | 2023-12-14 16:00:00+01:00 | 2023-12-14 17:00:00+01:00 | 2023-12-14 18:00:00+01:00 | 2023-12-14 19:00:00+01:00 | 2023-12-14 20:00:00+01:00 | 2023-12-14 21:00:00+01:00 | 2023-12-14 22:00:00+01:00 | 2023-12-14 23:00:00+01:00,,,,,,,
2023-12-15 00:00:00+01:00,False,MissingInput,"24 valeurs residual_load_gw manquantes après réparation (brut=24, max_autorisé=2)",24,24,0,2023-12-15 00:00:00+01:00 | 2023-12-15 01:00:00+01:00 | 2023-12-15 02:00:00+01:00 | 2023-12-15 03:00:00+01:00 | 2023-12-15 04:00:00+01:00 | 2023-12-15 05:00:00+01:00 | 2023-12-15 06:00:00+01:00 | 2023-12-15 07:00:00+01:00 | 2023-12-15 08:00:00+01:00 | 2023-12-15 09:00:00+01:00 | 2023-12-15 10:00:00+01:00 | 2023-12-15 11:00:00+01:00 | 2023-12-15 12:00:00+01:00 | 2023-12-15 13:00:00+01:00 | 2023-12-15 14:00:00+01:00 | 2023-12-15 15:00:00+01:00 | 2023-12-15 16:00:00+01:00 | 2023-12-15 17:00:00+01:00 | 2023-12-15 18:00:00+01:00 | 2023-12-15 19:00:00+01:00 | 2023-12-15 20:00:00+01:00 | 2023-12-15 21:00:00+01:00 | 2023-12-15 22:00:00+01:00 | 2023-12-15 23:00:00+01:00,,,,,,,
2023-12-16 00:00:00+01:00,False,MissingInput,"24 valeurs residual_load_gw manquantes après réparation (brut=24, max_autorisé=2)",24,24,0,2023-12-16 00:00:00+01:00 | 2023-12-16 01:00:00+01:00 | 2023-12-16 02:00:00+01:00 | 2023-12-16 03:00:00+01:00 | 2023-12-16 04:00:00+01:00 | 2023-12-16 05:00:00+01:00 | 2023-12-16 06:00:00+01:00 | 2023-12-16 07:00:00+01:00 | 2023-12-16 08:00:00+01:00 | 2023-12-16 09:00:00+01:00 | 2023-12-16 10:00:00+01:00 | 2023-12-16 11:00:00+01:00 | 2023-12-16 12:00:00+01:00 | 2023-12-16 13:00:00+01:00 | 2023-12-16 14:00:00+01:00 | 2023-12-16 15:00:00+01:00 | 2023-12-16 16:00:00+01:00 | 2023-12-16 17:00:00+01:00 | 2023-12-16 18:00:00+01:00 | 2023-12-16 19:00:00+01:00 | 2023-12-16 20:00:00+01:00 | 2023-12-16 21:00:00+01:00 | 2023-12-16 22:00:00+01:00 | 2023-12-16 23:00:00+01:00,,,,,,,
2023-12-17 00:00:00+01:00,False,MissingInput,"24 valeurs residual_load_gw manquantes après réparation (brut=24, max_autorisé=2)",24,24,0,2023-12-17 00:00:00+01:00 | 2023-12-17 01:00:00+01:00 | 2023-12-17 02:00:00+01:00 | 2023-12-17 03:00:00+01:00 | 2023-12-17 04:00:00+01:00 | 2023-12-17 05:00:00+01:00 | 2023-12-17 06:00:00+01:00 | 2023-12-17 07:00:00+01:00 | 2023-12-17 08:00:00+01:00 | 2023-12-17 09:00:00+01:00 | 2023-12-17 10:00:00+01:00 | 2023-12-17 11:00:00+01:00 | 2023-12-17 12:00:00+01:00 | 2023-12-17 13:00:00+01:00 | 2023-12-17 14:00:00+01:00 | 2023-12-17 15:00:00+01:00 | 2023-12-17 16:00:00+01:00 | 2023-12-17 17:00:00+01:00 | 2023-12-17 18:00:00+01:00 | 2023-12-17 19:00:00+01:00 | 2023-12-17 20:00:00+01:00 | 2023-12-17 21:00:00+01:00 | 2023-12-17 22:00:00+01:00 | 2023-12-17 23:00:00+01:00,,,,,,,
2023-12-18 00:00:00+01:00,False,MissingInput,"24 valeurs residual_load_gw manquantes après réparation (brut=24, max_autorisé=2)",24,24,0,2023-12-18 00:00:00+01:00 | 2023-12-18 01:00:00+01:00 | 2023-12-18 02:00:00+01:00 | 2023-12-18 03:00:00+01:00 | 2023-12-18 04:00:00+01:00 | 2023-12-18 05:00:00+01:00 | 2023-12-18 06:00:00+01:00 | 2023-12-18 07:00:00+01:00 | 2023-12-18 08:00:00+01:00 | 2023-12-18 09:00:00+01:00 | 2023-12-18 10:00:00+01:00 | 2023-12-18 11:00:00+01:00 | 2023-12-18 12:00:00+01:00 | 2023-12-18 13:00:00+01:00 | 2023-12-18 14:00:00+01:00 | 2023-12-18 15:00:00+01:00 | 2023-12-18 16:00:00+01:00 | 2023-12-18 17:00:00+01:00 | 2023-12-18 18:00:00+01:00 | 2023-12-18 19:00:00+01:00 | 2023-12-18 20:00:00+01:00 | 2023-12-18 21:00:00+01:00 | 2023-12-18 22:00:00+01:00 | 2023-12-18 23:00:00+01:00,,,,,,,
2023-12-19 00:00:00+01:00,False,MissingInput,"24 valeurs residual_load_gw manquantes après réparation (brut=24, max_autorisé=2)",24,24,0,2023-12-19 00:00:00+01:00 | 2023-12-19 01:00:00+01:00 | 2023-12-19 02:00:00+01:00 | 2023-12-19 03:00:00+01:00 | 2023-12-19 04:00:00+01:00 | 2023-12-19 05:00:00+01:00 | 2023-12-19 06:00:00+01:00 | 2023-12-19 07:00:00+01:00 | 2023-12-19 08:00:00+01:00 | 2023-12-19 09:00:00+01:00 | 2023-12-19 10:00:00+01:00 | 2023-12-19 11:00:00+01:00 | 2023-12-19 12:00:00+01:00 | 2023-12-19 13:00:00+01:00 | 2023-12-19 14:00:00+01:00 | 2023-12-19 15:00:00+01:00 | 2023-12-19 16:00:00+01:00 | 2023-12-19 17:00:00+01:00 | 2023-12-19 18:00:00+01:00 | 2023-12-19 19:00:00+01:00 | 2023-12-19 20:00:00+01:00 | 2023-12-19 21:00:00+01:00 | 2023-12-19 22:00:00+01:00 | 2023-12-19 23:00:00+01:00,,,,,,,
2023-12-20 00:00:00+01:00,False,MissingInput,"24 valeurs residual_load_gw manquantes après réparation (brut=24, max_autorisé=2)",24,24,0,2023-12-20 00:00:00+01:00 | 2023-12-20 01:00:00+01:00 | 2023-12-20 02:00:00+01:00 | 2023-12-20 03:00:00+01:00 | 2023-12-20 04:00:00+01:00 | 2023-12-20 05:00:00+01:00 | 2023-12-20 06:00:00+01:00 | 2023-12-20 07:00:00+01:00 | 2023-12-20 08:00:00+01:00 | 2023-12-20 09:00:00+01:00 | 2023-12-20 10:00:00+01:00 | 2023-12-20 11:00:00+01:00 | 2023-12-20 12:00:00+01:00 | 2023-12-20 13:00:00+01:00 | 2023-12-20 14:00:00+01:00 | 2023-12-20 15:00:00+01:00 | 2023-12-20 16:00:00+01:00 | 2023-12-20 17:00:00+01:00 | 2023-12-20 18:00:00+01:00 | 2023-12-20 19:00:00+01:00 | 2023-12-20 20:00:00+01:00 | 2023-12-20 21:00:00+01:00 | 2023-12-20 22:00:00+01:00 | 2023-12-20 23:00:00+01:00,,,,,,,
2023-12-21 00:00:00+01:00,False,MissingInput,"24 valeurs residual_load_gw manquantes après réparation (brut=24, max_autorisé=2)",24,24,0,2023-12-21 00:00:00+01:00 | 2023-12-21 01:00:00+01:00 | 2023-12-21 02:00:00+01:00 | 2023-12-21 03:00:00+01:00 | 2023-12-21 04:00:00+01:00 | 2023-12-21 05:00:00+01:00 | 2023-12-21 06:00:00+01:00 | 2023-12-21 07:00:00+01:00 | 2023-12-21 08:00:00+01:00 | 2023-12-21 09:00:00+01:00 | 2023-12-21 10:00:00+01:00 | 2023-12-21 11:00:00+01:00 | 2023-12-21 12:00:00+01:00 | 2023-12-21 13:00:00+01:00 | 2023-12-21 14:00:00+01:00 | 2023-12-21 15:00:00+01:00 | 2023-12-21 16:00:00+01:00 | 2023-12-21 17:00:00+01:00 | 2023-12-21 18:00:00+01:00 | 2023-12-21 19:00:00+01:00 | 2023-12-21 20:00:00+01:00 | 2023-12-21 21:00:00+01:00 | 2023-12-21 22:00:00+01:00 | 2023-12-21 23:00:00+01:00,,,,,,,
2023-12-22 00:00:00+01:00,False,MissingInput,"24 valeurs residual_load_gw manquantes après réparation (brut=24, max_autorisé=2)",24,24,0,2023-12-22 00:00:00+01:00 | 2023-12-22 01:00:00+01:00 | 2023-12-22 02:00:00+01:00 | 2023-12-22 03:00:00+01:00 | 2023-12-22 04:00:00+01:00 | 2023-12-22 05:00:00+01:00 | 2023-12-22 06:00:00+01:00 | 2023-12-22 07:00:00+01:00 | 2023-12-22 08:00:00+01:00 | 2023-12-22 09:00:00+01:00 | 2023-12-22 10:00:00+01:00 | 2023-12-22 11:00:00+01:00 | 2023-12-22 12:00:00+01:00 | 2023-12-22 13:00:00+01:00 | 2023-12-22 14:00:00+01:00 | 2023-12-22 15:00:00+01:00 | 2023-12-22 16:00:00+01:00 | 2023-12-22 17:00:00+01:00 | 2023-12-22 18:00:00+01:00 | 2023-12-22 19:00:00+01:00 | 2023-12-22 20:00:00+01:00 | 2023-12-22 21:00:00+01:00 | 2023-12-22 22:00:00+01:00 | 2023-12-22 23:00:00+01:00,,,,,,,
2023-12-23 00:00:00+01:00,False,MissingInput,"24 valeurs residual_load_gw manquantes après réparation (brut=24, max_autorisé=2)",24,24,0,2023-12-23 00:00:00+01:00 | 2023-12-23 01:00:00+01:00 | 2023-12-23 02:00:00+01:00 | 2023-12-23 03:00:00+01:00 | 2023-12-23 04:00:00+01:00 | 2023-12-23 05:00:00+01:00 | 2023-12-23 06:00:00+01:00 | 2023-12-23 07:00:00+01:00 | 2023-12-23 08:00:00+01:00 | 2023-12-23 09:00:00+01:00 | 2023-12-23 10:00:00+01:00 | 2023-12-23 11:00:00+01:00 | 2023-12-23 12:00:00+01:00 | 2023-12-23 13:00:00+01:00 | 2023-12-23 14:00:00+01:00 | 2023-12-23 15:00:00+01:00 | 2023-12-23 16:00:00+01:00 | 2023-12-23 17:00:00+01:00 | 2023-12-23 18:00:00+01:00 | 2023-12-23 19:00:00+01:00 | 2023-12-23 20:00:00+01:00 | 2023-12-23 21:00:00+01:00 | 2023-12-23 22:00:00+01:00 | 2023-12-23 23:00:00+01:00,,,,,,,
2023-12-24 00:00:00+01:00,False,MissingInput,"24 valeurs residual_load_gw manquantes après réparation (brut=24, max_autorisé=2)",24,24,0,2023-12-24 00:00:00+01:00 | 2023-12-24 01:00:00+01:00 | 2023-12-24 02:00:00+01:00 | 2023-12-24 03:00:00+01:00 | 2023-12-24 04:00:00+01:00 | 2023-12-24 05:00:00+01:00 | 2023-12-24 06:00:00+01:00 | 2023-12-24 07:00:00+01:00 | 2023-12-24 08:00:00+01:00 | 2023-12-24 09:00:00+01:00 | 2023-12-24 10:00:00+01:00 | 2023-12-24 11:00:00+01:00 | 2023-12-24 12:00:00+01:00 | 2023-12-24 13:00:00+01:00 | 2023-12-24 14:00:00+01:00 | 2023-12-24 15:00:00+01:00 | 2023-12-24 16:00:00+01:00 | 2023-12-24 17:00:00+01:00 | 2023-12-24 18:00:00+01:00 | 2023-12-24 19:00:00+01:00 | 2023-12-24 20:00:00+01:00 | 2023-12-24 21:00:00+01:00 | 2023-12-24 22:00:00+01:00 | 2023-12-24 23:00:00+01:00,,,,,,,
2023-12-25 00:00:00+01:00,False,MissingInput,"24 valeurs residual_load_gw manquantes après réparation (brut=24, max_autorisé=2)",24,24,0,2023-12-25 00:00:00+01:00 | 2023-12-25 01:00:00+01:00 | 2023-12-25 02:00:00+01:00 | 2023-12-25 03:00:00+01:00 | 2023-12-25 04:00:00+01:00 | 2023-12-25 05:00:00+01:00 | 2023-12-25 06:00:00+01:00 | 2023-12-25 07:00:00+01:00 | 2023-12-25 08:00:00+01:00 | 2023-12-25 09:00:00+01:00 | 2023-12-25 10:00:00+01:00 | 2023-12-25 11:00:00+01:00 | 2023-12-25 12:00:00+01:00 | 2023-12-25 13:00:00+01:00 | 2023-12-25 14:00:00+01:00 | 2023-12-25 15:00:00+01:00 | 2023-12-25 16:00:00+01:00 | 2023-12-25 17:00:00+01:00 | 2023-12-25 18:00:00+01:00 | 2023-12-25 19:00:00+01:00 | 2023-12-25 20:00:00+01:00 | 2023-12-25 21:00:00+01:00 | 2023-12-25 22:00:00+01:00 | 2023-12-25 23:00:00+01:00,,,,,,,
2023-12-26 00:00:00+01:00,False,MissingInput,"24 valeurs residual_load_gw manquantes après réparation (brut=24, max_autorisé=2)",24,24,0,2023-12-26 00:00:00+01:00 | 2023-12-26 01:00:00+01:00 | 2023-12-26 02:00:00+01:00 | 2023-12-26 03:00:00+01:00 | 2023-12-26 04:00:00+01:00 | 2023-12-26 05:00:00+01:00 | 2023-12-26 06:00:00+01:00 | 2023-12-26 07:00:00+01:00 | 2023-12-26 08:00:00+01:00 | 2023-12-26 09:00:00+01:00 | 2023-12-26 10:00:00+01:00 | 2023-12-26 11:00:00+01:00 | 2023-12-26 12:00:00+01:00 | 2023-12-26 13:00:00+01:00 | 2023-12-26 14:00:00+01:00 | 2023-12-26 15:00:00+01:00 | 2023-12-26 16:00:00+01:00 | 2023-12-26 17:00:00+01:00 | 2023-12-26 18:00:00+01:00 | 2023-12-26 19:00:00+01:00 | 2023-12-26 20:00:00+01:00 | 2023-12-26 21:00:00+01:00 | 2023-12-26 22:00:00+01:00 | 2023-12-26 23:00:00+01:00,,,,,,,
2023-12-27 00:00:00+01:00,False,MissingInput,"24 valeurs residual_load_gw manquantes après réparation (brut=24, max_autorisé=2)",24,24,0,2023-12-27 00:00:00+01:00 | 2023-12-27 01:00:00+01:00 | 2023-12-27 02:00:00+01:00 | 2023-12-27 03:00:00+01:00 | 2023-12-27 04:00:00+01:00 | 2023-12-27 05:00:00+01:00 | 2023-12-27 06:00:00+01:00 | 2023-12-27 07:00:00+01:00 | 2023-12-27 08:00:00+01:00 | 2023-12-27 09:00:00+01:00 | 2023-12-27 10:00:00+01:00 | 2023-12-27 11:00:00+01:00 | 2023-12-27 12:00:00+01:00 | 2023-12-27 13:00:00+01:00 | 2023-12-27 14:00:00+01:00 | 2023-12-27 15:00:00+01:00 | 2023-12-27 16:00:00+01:00 | 2023-12-27 17:00:00+01:00 | 2023-12-27 18:00:00+01:00 | 2023-12-27 19:00:00+01:00 | 2023-12-27 20:00:00+01:00 | 2023-12-27 21:00:00+01:00 | 2023-12-27 22:00:00+01:00 | 2023-12-27 23:00:00+01:00,,,,,,,
2023-12-28 00:00:00+01:00,False,MissingInput,"24 valeurs residual_load_gw manquantes après réparation (brut=24, max_autorisé=2)",24,24,0,2023-12-28 00:00:00+01:00 | 2023-12-28 01:00:00+01:00 | 2023-12-28 02:00:00+01:00 | 2023-12-28 03:00:00+01:00 | 2023-12-28 04:00:00+01:00 | 2023-12-28 05:00:00+01:00 | 2023-12-28 06:00:00+01:00 | 2023-12-28 07:00:00+01:00 | 2023-12-28 08:00:00+01:00 | 2023-12-28 09:00:00+01:00 | 2023-12-28 10:00:00+01:00 | 2023-12-28 11:00:00+01:00 | 2023-12-28 12:00:00+01:00 | 2023-12-28 13:00:00+01:00 | 2023-12-28 14:00:00+01:00 | 2023-12-28 15:00:00+01:00 | 2023-12-28 16:00:00+01:00 | 2023-12-28 17:00:00+01:00 | 2023-12-28 18:00:00+01:00 | 2023-12-28 19:00:00+01:00 | 2023-12-28 20:00:00+01:00 | 2023-12-28 21:00:00+01:00 | 2023-12-28 22:00:00+01:00 | 2023-12-28 23:00:00+01:00,,,,,,,
2023-12-29 00:00:00+01:00,False,MissingInput,"24 valeurs residual_load_gw manquantes après réparation (brut=24, max_autorisé=2)",24,24,0,2023-12-29 00:00:00+01:00 | 2023-12-29 01:00:00+01:00 | 2023-12-29 02:00:00+01:00 | 2023-12-29 03:00:00+01:00 | 2023-12-29 04:00:00+01:00 | 2023-12-29 05:00:00+01:00 | 2023-12-29 06:00:00+01:00 | 2023-12-29 07:00:00+01:00 | 2023-12-29 08:00:00+01:00 | 2023-12-29 09:00:00+01:00 | 2023-12-29 10:00:00+01:00 | 2023-12-29 11:00:00+01:00 | 2023-12-29 12:00:00+01:00 | 2023-12-29 13:00:00+01:00 | 2023-12-29 14:00:00+01:00 | 2023-12-29 15:00:00+01:00 | 2023-12-29 16:00:00+01:00 | 2023-12-29 17:00:00+01:00 | 2023-12-29 18:00:00+01:00 | 2023-12-29 19:00:00+01:00 | 2023-12-29 20:00:00+01:00 | 2023-12-29 21:00:00+01:00 | 2023-12-29 22:00:00+01:00 | 2023-12-29 23:00:00+01:00,,,,,,,
2023-12-30 00:00:00+01:00,False,MissingInput,"24 valeurs residual_load_gw manquantes après réparation (brut=24, max_autorisé=2)",24,24,0,2023-12-30 00:00:00+01:00 | 2023-12-30 01:00:00+01:00 | 2023-12-30 02:00:00+01:00 | 2023-12-30 03:00:00+01:00 | 2023-12-30 04:00:00+01:00 | 2023-12-30 05:00:00+01:00 | 2023-12-30 06:00:00+01:00 | 2023-12-30 07:00:00+01:00 | 2023-12-30 08:00:00+01:00 | 2023-12-30 09:00:00+01:00 | 2023-12-30 10:00:00+01:00 | 2023-12-30 11:00:00+01:00 | 2023-12-30 12:00:00+01:00 | 2023-12-30 13:00:00+01:00 | 2023-12-30 14:00:00+01:00 | 2023-12-30 15:00:00+01:00 | 2023-12-30 16:00:00+01:00 | 2023-12-30 17:00:00+01:00 | 2023-12-30 18:00:00+01:00 | 2023-12-30 19:00:00+01:00 | 2023-12-30 20:00:00+01:00 | 2023-12-30 21:00:00+01:00 | 2023-12-30 22:00:00+01:00 | 2023-12-30 23:00:00+01:00,,,,,,,
2023-12-31 00:00:00+01:00,False,MissingInput,"24 valeurs residual_load_gw manquantes après réparation (brut=24, max_autorisé=2)",24,24,0,2023-12-31 00:00:00+01:00 | 2023-12-31 01:00:00+01:00 | 2023-12-31 02:00:00+01:00 | 2023-12-31 03:00:00+01:00 | 2023-12-31 04:00:00+01:00 | 2023-12-31 05:00:00+01:00 | 2023-12-31 06:00:00+01:00 | 2023-12-31 07:00:00+01:00 | 2023-12-31 08:00:00+01:00 | 2023-12-31 09:00:00+01:00 | 2023-12-31 10:00:00+01:00 | 2023-12-31 11:00:00+01:00 | 2023-12-31 12:00:00+01:00 | 2023-12-31 13:00:00+01:00 | 2023-12-31 14:00:00+01:00 | 2023-12-31 15:00:00+01:00 | 2023-12-31 16:00:00+01:00 | 2023-12-31 17:00:00+01:00 | 2023-12-31 18:00:00+01:00 | 2023-12-31 19:00:00+01:00 | 2023-12-31 20:00:00+01:00 | 2023-12-31 21:00:00+01:00 | 2023-12-31 22:00:00+01:00 | 2023-12-31 23:00:00+01:00,,,,,,,
2024-01-01 00:00:00+01:00,False,MissingInput,"24 valeurs residual_load_gw manquantes après réparation (brut=24, max_autorisé=2)",24,24,0,2024-01-01 00:00:00+01:00 | 2024-01-01 01:00:00+01:00 | 2024-01-01 02:00:00+01:00 | 2024-01-01 03:00:00+01:00 | 2024-01-01 04:00:00+01:00 | 2024-01-01 05:00:00+01:00 | 2024-01-01 06:00:00+01:00 | 2024-01-01 07:00:00+01:00 | 2024-01-01 08:00:00+01:00 | 2024-01-01 09:00:00+01:00 | 2024-01-01 10:00:00+01:00 | 2024-01-01 11:00:00+01:00 | 2024-01-01 12:00:00+01:00 | 2024-01-01 13:00:00+01:00 | 2024-01-01 14:00:00+01:00 | 2024-01-01 15:00:00+01:00 | 2024-01-01 16:00:00+01:00 | 2024-01-01 17:00:00+01:00 | 2024-01-01 18:00:00+01:00 | 2024-01-01 19:00:00+01:00 | 2024-01-01 20:00:00+01:00 | 2024-01-01 21:00:00+01:00 | 2024-01-01 22:00:00+01:00 | 2024-01-01 23:00:00+01:00,,,,,,,
2024-01-02 00:00:00+01:00,True,,,24,1,1,2024-01-02 23:00:00+01:00,0.0,Optimization terminated successfully. (HiGHS Status 7: Optimal),7658422.832489014,7658422.832489014,1.0,0.0,7658422.832489014
2024-01-03 00:00:00+01:00,True,,,24,1,1,2024-01-03 23:00:00+01:00,0.0,Optimization terminated successfully. (HiGHS Status 7: Optimal),7652679.195404053,7652679.195404053,1.0,0.0,7652679.195404053
2024-01-04 00:00:00+01:00,True,,,24,1,1,2024-01-04 23:00:00+01:00,0.0,Optimization terminated successfully. (HiGHS Status 7: Optimal),9227300.58670044,9227300.58670044,1.0,0.0,9227300.58670044
2024-01-05 00:00:00+01:00,True,,,24,1,1,2024-01-05 23:00:00+01:00,0.0,Optimization terminated successfully. (HiGHS Status 7: Optimal),11764580.696105957,11764580.696105957,1.0,0.0,11764580.696105957
2024-01-06 00:00:00+01:00,True,,,24,1,1,2024-01-06 23:00:00+01:00,0.0,Optimization terminated successfully. (HiGHS Status 7: Optimal),10905179.920196533,10905179.920196533,1.0,0.0,10905179.920196533
2024-01-07 00:00:00+01:00,True,,,24,1,1,2024-01-07 23:00:00+01:00,0.0,Optimization terminated successfully. (HiGHS Status 7: Optimal),10597820.854187012,10597820.854187012,1.0,0.0,10597820.854187012
2024-01-08 00:00:00+01:00,True,,,24,1,1,2024-01-08 23:00:00+01:00,0.0,Optimization terminated successfully. (HiGHS Status 7: Optimal),21422359.55352783,21422359.553527836,1.0,0.0,21422359.55352783
2024-01-09 00:00:00+01:00,True,,,24,1,1,2024-01-09 23:00:00+01:00,0.0,Optimization terminated successfully. (HiGHS Status 7: Optimal),45435154.24499506,45435154.24499512,1.0,7.466359126641192e-06,45434815.00981649
2024-01-10 00:00:00+01:00,True,,,24,1,1,2024-01-10 23:00:00+01:00,0.0,Optimization terminated successfully. (HiGHS Status 7: Optimal),55238929.67987062,55238929.67987062,1.0,0.0,55238929.67987062
2024-01-11 00:00:00+01:00,True,,,24,1,1,2024-01-11 23:00:00+01:00,0.0,Optimization terminated successfully. (HiGHS Status 7: Optimal),36591027.714538574,36591027.714538574,1.0,0.0,36591027.714538574
2024-01-12 00:00:00+01:00,True,,,24,1,1,2024-01-12 23:00:00+01:00,0.0,Optimization terminated successfully. (HiGHS Status 7: Optimal),33514078.44848633,33514078.44848633,1.0,0.0,33514078.44848633
2024-01-13 00:00:00+01:00,True,,,24,1,1,2024-01-13 23:00:00+01:00,0.0,Optimization terminated successfully. (HiGHS Status 7: Optimal),33329949.871826172,33329949.871826172,1.0,0.0,33329949.871826172
2024-01-14 00:00:00+01:00,True,,,24,1,1,2024-01-14 23:00:00+01:00,0.0,Optimization terminated successfully. (HiGHS Status 7: Optimal),32991775.576782227,32991775.57678223,1.0,0.0,32991775.576782227
2024-01-15 00:00:00+01:00,True,,,24,1,1,2024-01-15 23:00:00+01:00,0.0,Optimization terminated successfully. (HiGHS Status 7: Optimal),42968163.021850586,42968163.021850586,1.0,0.0,42968163.021850586
2024-01-16 00:00:00+01:00,True,,,24,1,1,2024-01-16 23:00:00+01:00,0.0,Optimization terminated successfully. (HiGHS Status 7: Optimal),45948987.07427977,45948987.074279785,1.0,2.438761910688376e-06,45948875.01564026
2024-01-17 00:00:00+01:00,True,,,24,1,1,2024-01-17 23:00:00+01:00,0.0,Optimization terminated successfully. (HiGHS Status 7: Optimal),29812550.89416504,29812550.894165043,1.0,0.0,29812550.89416504
2024-01-18 00:00:00+01:00,True,,,24,1,1,2024-01-18 23:00:00+01:00,0.0,Optimization terminated successfully. (HiGHS Status 7: Optimal),24040049.428558353,24040049.428558357,1.0,0.0,24040049.428558353
2024-01-19 00:00:00+01:00,True,,,24,1,1,2024-01-19 23:00:00+01:00,0.0,Optimization terminated successfully. (HiGHS Status 7: Optimal),42808470.45288086,42808470.45288087,1.0,0.0,42808470.45288086
2024-01-20 00:00:00+01:00,True,,,24,1,1,2024-01-20 23:00:00+01:00,0.0,Optimization terminated successfully. (HiGHS Status 7: Optimal),28729661.450653076,28729661.450653076,1.0,2.638626042418682e-05,28728903.38232414
2024-01-21 00:00:00+01:00,True,,,24,1,1,2024-01-21 23:00:00+01:00,0.0,Optimization terminated successfully. (HiGHS Status 7: Optimal),10363047.828674316,10363047.828674316,1.0,0.0,10363047.828674316
2024-01-22 00:00:00+01:00,True,,,24,1,1,2024-01-22 23:00:00+01:00,0.0,Optimization terminated successfully. (HiGHS Status 7: Optimal),10347866.287231445,10347866.287231445,1.0,0.0,10347866.287231445
2024-01-23 00:00:00+01:00,True,,,24,1,1,2024-01-23 23:00:00+01:00,0.0,Optimization terminated successfully. (HiGHS Status 7: Optimal),10801707.77130127,10801707.77130127,1.0,0.0,10801707.77130127
2024-01-24 00:00:00+01:00,True,,,24,1,1,2024-01-24 23:00:00+01:00,0.0,Optimization terminated successfully. (HiGHS Status 7: Optimal),9991326.419830322,9991326.419830322,1.0,0.0,9991326.419830322
2024-01-25 00:00:00+01:00,True,,,24,1,1,2024-01-25 23:00:00+01:00,0.0,Optimization terminated successfully. (HiGHS Status 7: Optimal),11697455.690917969,11697455.690917969,1.0,0.0009690996315379415,11686119.690917969
2024-01-26 00:00:00+01:00,True,,,24,1,1,2024-01-26 23:00:00+01:00,0.0,Optimization terminated successfully. (HiGHS Status 7: Optimal),11273846.645202637,11273846.645202637,1.0,0.00021409542466669954,11271432.966217505
2024-01-27 00:00:00+01:00,True,,,24,1,1,2024-01-27 23:00:00+01:00,0.0,Optimization terminated successfully. (HiGHS Status 7: Optimal),11433657.531738281,11433657.531738281,1.0,0.0,11433657.531738281
2024-01-28 00:00:00+01:00,True,,,24,1,1,2024-01-28 23:00:00+01:00,0.0,Optimization terminated successfully. (HiGHS Status 7: Optimal),9507225.112915039,9507225.112915039,1.0,0.0,9507225.112915039
2024-01-29 00:00:00+01:00,True,,,24,1,1,2024-01-29 23:00:00+01:00,0.0,Optimization terminated successfully. (HiGHS Status 7: Optimal),11666342.52166748,11666342.52166748,1.0,0.00014228085217615129,11664682.624511719
2024-01-30 00:00:00+01:00,True,,,24,1,1,2024-01-30 23:00:00+01:00,0.0,Optimization terminated successfully. (HiGHS Status 7: Optimal),12696701.943359375,12696701.943359375,1.0,0.00017906812040108304,12694428.368807085
2024-01-31 00:00:00+01:00,True,,,24,1,1,2024-01-31 23:00:00+01:00,0.0,Optimization terminated successfully. (HiGHS Status 7: Optimal),14025058.780517578,14025058.780517578,1.0,0.0007987705412425568,14013855.976724505
2024-02-01 00:00:00+01:00,True,,,24,1,1,2024-02-01 23:00:00+01:00,0.0,Optimization terminated successfully. (HiGHS Status 7: Optimal),13995637.736053467,13995637.736053467,1.0,0.00030570123040962787,13991359.252377188
2024-02-02 00:00:00+01:00,True,,,24,1,1,2024-02-02 23:00:00+01:00,0.0,Optimization terminated successfully. (HiGHS Status 7: Optimal),14274478.330230711,14274478.330230711,1.0,0.0005058621515829796,14267257.411909856
2024-02-03 00:00:00+01:00,True,,,24,1,1,2024-02-03 23:00:00+01:00,0.0,Optimization terminated successfully. (HiGHS Status 7: Optimal),10050463.008880615,10050463.008880615,1.0,0.0,10050463.008880615
2024-02-04 00:00:00+01:00,True,,,24,1,1,2024-02-04 23:00:00+01:00,0.0,Optimization terminated successfully. (HiGHS Status 7: Optimal),8979270.38192749,8979270.38192749,1.0,0.0,8979270.38192749
2024-02-05 00:00:00+01:00,True,,,24,1,1,2024-02-05 23:00:00+01:00,0.0,Optimization terminated successfully. (HiGHS Status 7: Optimal),10976998.653411865,10976998.653411865,1.0,0.0,10976998.653411865
2024-02-06 00:00:00+01:00,True,,,24,1,1,2024-02-06 23:00:00+01:00,0.0,Optimization terminated successfully. (HiGHS Status 7: Optimal),10120502.41470337,10120502.41470337,1.0,0.0,10120502.41470337
2024-02-07 00:00:00+01:00,True,,,24,1,1,2024-02-07 23:00:00+01:00,0.0,Optimization terminated successfully. (HiGHS Status 7: Optimal),9524936.695098877,9524936.695098877,1.0,0.0,9524936.695098877
2024-02-08 00:00:00+01:00,True,,,24,1,1,2024-02-08 23:00:00+01:00,0.0,Optimization terminated successfully. (HiGHS Status 7: Optimal),8965456.69555664,8965456.69555664,1.0,0.0,8965456.69555664
2024-02-09 00:00:00+01:00,True,,,24,1,1,2024-02-09 23:00:00+01:00,0.0,Optimization terminated successfully. (HiGHS Status 7: Optimal),8513016.43371582,8513016.43371582,1.0,0.0,8513016.43371582
2024-02-10 00:00:00+01:00,True,,,24,1,1,2024-02-10 23:00:00+01:00,0.0,Optimization terminated successfully. (HiGHS Status 7: Optimal),9403878.402709961,9403878.402709961,1.0,0.0,9403878.402709961
2024-02-11 00:00:00+01:00,True,,,24,1,1,2024-02-11 23:00:00+01:00,0.0,Optimization terminated successfully. (HiGHS Status 7: Optimal),7801966.648101807,7801966.648101807,1.0,0.0,7801966.648101807
2024-02-12 00:00:00+01:00,True,,,24,1,1,2024-02-12 23:00:00+01:00,0.0,Optimization terminated successfully. (HiGHS Status 7: Optimal),13713955.23345947,13713955.233459473,1.0,0.0005574230132769843,13706310.75920929
2024-02-13 00:00:00+01:00,True,,,24,1,1,2024-02-13 23:00:00+01:00,0.0,Optimization terminated successfully. (HiGHS Status 7: Optimal),11871320.075530991,11871320.075531006,1.0,3.964081748556235e-05,11870849.486698564
2024-02-14 00:00:00+01:00,True,,,24,1,1,2024-02-14 23:00:00+01:00,0.0,Optimization terminated successfully. (HiGHS Status 7: Optimal),10262653.884887695,10262653.884887695,1.0,0.0,10262653.884887695
2024-02-15 00:00:00+01:00,True,,,24,1,1,2024-02-15 23:00:00+01:00,0.0,Optimization terminated successfully. (HiGHS Status 7: Optimal),9544046.993255615,9544046.993255615,1.0,0.0,9544046.993255615
2024-02-16 00:00:00+01:00,True,,,24,1,1,2024-02-16 23:00:00+01:00,0.0,Optimization terminated successfully. (HiGHS Status 7: Optimal),9456930.103302002,9456930.103302002,1.0,0.0,9456930.103302002
2024-02-17 00:00:00+01:00,True,,,24,1,1,2024-02-17 23:00:00+01:00,0.0,Optimization terminated successfully. (HiGHS Status 7: Optimal),9276237.716674805,9276237.716674805,1.0,0.0,9276237.716674805
2024-02-18 00:00:00+01:00,True,,,24,1,1,2024-02-18 23:00:00+01:00,0.0,Optimization terminated successfully. (HiGHS Status 7: Optimal),8208740.558624268,8208740.558624268,1.0,0.0,8208740.558624268
2024-02-19 00:00:00+01:00,True,,,24,1,1,2024-02-19 23:00:00+01:00,0.0,Optimization terminated successfully. (HiGHS Status 7: Optimal),10166987.3046875,10166987.3046875,1.0,0.0,10166987.3046875
2024-02-20 00:00:00+01:00,True,,,24,1,1,2024-02-20 23:00:00+01:00,0.0,Optimization terminated successfully. (HiGHS Status 7: Optimal),11861449.035491943,11861449.035491943,1.0,0.0,11861449.035491943
2024-02-21 00:00:00+01:00,True,,,24,1,1,2024-02-21 23:00:00+01:00,0.0,Optimization terminated successfully. (HiGHS Status 7: Optimal),10594980.354309082,10594980.354309082,1.0,0.0,10594980.354309082
2024-02-22 00:00:00+01:00,True,,,24,1,1,2024-02-22 23:00:00+01:00,0.0,Optimization terminated successfully. (HiGHS Status 7: Optimal),8874344.692230225,8874344.692230225,1.0,0.0,8874344.692230225
2024-02-23 00:00:00+01:00,True,,,24,1,1,2024-02-23 23:00:00+01:00,0.0,Optimization terminated successfully. (HiGHS Status 7: Optimal),9250001.335144043,9250001.335144043,1.0,0.0,9250001.335144043
2024-02-24 00:00:00+01:00,True,,,24,1,1,2024-02-24 23:00:00+01:00,0.0,Optimization terminated successfully. (HiGHS Status 7: Optimal),9390643.043518066,9390643.043518066,1.0,0.0,9390643.043518066
2024-02-25 00:00:00+01:00,True,,,24,1,1,2024-02-25 23:00:00+01:00,0.0,Optimization terminated successfully. (HiGHS Status 7: Optimal),9047888.488769531,9047888.488769531,1.0,0.0,9047888.488769531
2024-02-26 00:00:00+01:00,True,,,24,1,1,2024-02-26 23:00:00+01:00,0.0,Optimization terminated successfully. (HiGHS Status 7: Optimal),10553936.862945557,10553936.862945557,1.0,0.0,10553936.862945557
2024-02-27 00:00:00+01:00,True,,,24,1,1,2024-02-27 23:00:00+01:00,0.0,Optimization terminated successfully. (HiGHS Status 7: Optimal),11481782.649841309,11481782.649841309,1.0,0.0004365186051309149,11476770.638094584
2024-02-28 00:00:00+01:00,True,,,24,1,1,2024-02-28 23:00:00+01:00,0.0,Optimization terminated successfully. (HiGHS Status 7: Optimal),14191374.40612793,14191374.40612793,1.0,0.0003843374121733277,14185920.130013496
2024-02-29 00:00:00+01:00,True,,,24,1,1,2024-02-29 23:00:00+01:00,0.0,Optimization terminated successfully. (HiGHS Status 7: Optimal),10831659.603118896,10831659.603118896,1.0,0.0,10831659.603118896
2024-03-01 00:00:00+01:00,True,,,24,1,1,2024-03-01 23:00:00+01:00,0.0,Optimization terminated successfully. (HiGHS Status 7: Optimal),9211928.310394287,9211928.310394287,1.0,0.0,9211928.310394287
2024-03-02 00:00:00+01:00,True,,,24,1,1,2024-03-02 23:00:00+01:00,0.0,Optimization terminated successfully. (HiGHS Status 7: Optimal),9614363.269805908,9614363.269805908,1.0,0.0,9614363.269805908
2024-03-03 00:00:00+01:00,True,,,24,1,1,2024-03-03 23:00:00+01:00,0.0,Optimization terminated successfully. (HiGHS Status 7: Optimal),10296222.801208496,10296222.801208496,1.0,0.0,10296222.801208496
2024-03-04 00:00:00+01:00,True,,,24,1,1,2024-03-04 23:00:00+01:00,0.0,Optimization terminated successfully. (HiGHS Status 7: Optimal),13262301.536865234,13262301.536865234,1.0,0.00021056700883146298,13259508.933700396
2024-03-05 00:00:00+01:00,True,,,24,1,1,2024-03-05 23:00:00+01:00,0.0,Optimization terminated successfully. (HiGHS Status 7: Optimal),13452356.067047114,13452356.067047117,1.0,0.0003109186452297806,13448173.478723599
2024-03-06 00:00:00+01:00,True,,,24,1,1,2024-03-06 23:00:00+01:00,0.0,Optimization terminated successfully. (HiGHS Status 7: Optimal),14559802.811737064,14559802.811737064,1.0,0.0008302026897891441,14547715.22427996
2024-03-07 00:00:00+01:00,True,,,24,1,1,2024-03-07 23:00:00+01:00,0.0,Optimization terminated successfully. (HiGHS Status 7: Optimal),10609161.308288574,10609161.308288574,1.0,0.0,10609161.308288574
2024-03-08 00:00:00+01:00,True,,,24,1,1,2024-03-08 23:00:00+01:00,0.0,Optimization terminated successfully. (HiGHS Status 7: Optimal),9983456.802368164,9983456.802368164,1.0,0.0,9983456.802368164
2024-03-09 00:00:00+01:00,True,,,24,1,1,2024-03-09 23:00:00+01:00,0.0,Optimization terminated successfully. (HiGHS Status 7: Optimal),8500664.63470459,8500664.63470459,1.0,0.0,8500664.63470459
2024-03-10 00:00:00+01:00,True,,,24,1,1,2024-03-10 23:00:00+01:00,0.0,Optimization terminated successfully. (HiGHS Status 7: Optimal),9660748.42453003,9660748.42453003,1.0,0.0,9660748.42453003
2024-03-11 00:00:00+01:00,True,,,24,1,1,2024-03-11 23:00:00+01:00,0.0,Optimization terminated successfully. (HiGHS Status 7: Optimal),10712027.87399292,10712027.87399292,1.0,0.0,10712027.87399292
2024-03-12 00:00:00+01:00,True,,,24,1,1,2024-03-12 23:00:00+01:00,0.0,Optimization terminated successfully. (HiGHS Status 7: Optimal),11607371.916351318,11607371.916351318,1.0,0.0007076662628254991,11599157.770846048
2024-03-13 00:00:00+01:00,True,,,24,1,1,2024-03-13 23:00:00+01:00,0.0,Optimization terminated successfully. (HiGHS Status 7: Optimal),12644741.083526611,12644741.083526611,1.0,0.0002771145882176485,12641237.041308131
2024-03-14 00:00:00+01:00,True,,,24,1,1,2024-03-14 23:00:00+01:00,0.0,Optimization terminated successfully. (HiGHS Status 7: Optimal),9255120.582580566,9255120.582580566,1.0,0.0,9255120.582580566
2024-03-15 00:00:00+01:00,True,,,24,1,1,2024-03-15 23:00:00+01:00,0.0,Optimization terminated successfully. (HiGHS Status 7: Optimal),8083237.380981445,8083237.380981445,1.0,0.0,8083237.380981445
2024-03-16 00:00:00+01:00,True,,,24,1,1,2024-03-16 23:00:00+01:00,0.0,Optimization terminated successfully. (HiGHS Status 7: Optimal),7960034.961700439,7960034.961700439,1.0,0.0,7960034.961700439
2024-03-17 00:00:00+01:00,True,,,24,1,1,2024-03-17 23:00:00+01:00,0.0,Optimization terminated successfully. (HiGHS Status 7: Optimal),7604749.698638916,7604749.698638916,1.0,0.0,7604749.698638916
2024-03-18 00:00:00+01:00,True,,,24,1,1,2024-03-18 23:00:00+01:00,0.0,Optimization terminated successfully. (HiGHS Status 7: Optimal),8933000.965118408,8933000.965118408,1.0,0.0,8933000.965118408
2024-03-19 00:00:00+01:00,True,,,24,1,1,2024-03-19 23:00:00+01:00,0.0,Optimization terminated successfully. (HiGHS Status 7: Optimal),9312417.297363281,9312417.297363281,1.0,0.0,9312417.297363281
2024-03-20 00:00:00+01:00,True,,,24,1,1,2024-03-20 23:00:00+01:00,0.0,Optimization terminated successfully. (HiGHS Status 7: Optimal),9473308.086395264,9473308.086395264,1.0,0.0,9473308.086395264
2024-03-21 00:00:00+01:00,True,,,24,1,1,2024-03-21 23:00:00+01:00,0.0,Optimization terminated successfully. (HiGHS Status 7: Optimal),9421172.370910645,9421172.370910645,1.0,0.0,9421172.370910645
2024-03-22 00:00:00+01:00,True,,,24,1,1,2024-03-22 23:00:00+01:00,0.0,Optimization terminated successfully. (HiGHS Status 7: Optimal),8462879.085540771,8462879.085540771,1.0,0.0,8462879.085540771
2024-03-23 00:00:00+01:00,True,,,24,1,1,2024-03-23 23:00:00+01:00,0.0,Optimization terminated successfully. (HiGHS Status 7: Optimal),6110747.61390686,6110747.61390686,1.0,0.0,6110747.61390686
2024-03-24 00:00:00+01:00,True,,,24,1,1,2024-03-24 23:00:00+01:00,0.0,Optimization terminated successfully. (HiGHS Status 7: Optimal),6895938.014984131,6895938.014984131,1.0,0.0,6895938.014984131
2024-03-25 00:00:00+01:00,True,,,24,1,1,2024-03-25 23:00:00+01:00,0.0,Optimization terminated successfully. (HiGHS Status 7: Optimal),9566103.820800781,9566103.820800781,1.0,0.0,9566103.820800781
2024-03-26 00:00:00+01:00,True,,,24,1,1,2024-03-26 23:00:00+01:00,0.0,Optimization terminated successfully. (HiGHS Status 7: Optimal),9842127.76184082,9842127.76184082,1.0,0.0,9842127.76184082
2024-03-27 00:00:00+01:00,True,,,24,1,1,2024-03-27 23:00:00+01:00,0.0,Optimization terminated successfully. (HiGHS Status 7: Optimal),8460678.539276123,8460678.539276123,1.0,0.0,8460678.539276123
2024-03-28 00:00:00+01:00,True,,,24,1,1,2024-03-28 23:00:00+01:00,0.0,Optimization terminated successfully. (HiGHS Status 7: Optimal),7027460.193634033,7027460.193634033,1.0,0.0,7027460.193634033
2024-03-29 00:00:00+01:00,True,,,24,1,1,2024-03-29 23:00:00+01:00,0.0,Optimization terminated successfully. (HiGHS Status 7: Optimal),8044212.265014648,8044212.265014648,1.0,0.0,8044212.265014648
2024-03-30 00:00:00+01:00,True,,,24,1,1,2024-03-30 23:00:00+01:00,0.0,Optimization terminated successfully. (HiGHS Status 7: Optimal),8028773.155212402,8028773.155212402,1.0,0.0,8028773.155212402
2024-03-31 00:00:00+01:00,True,,,23,2,2,2024-03-31 22:00:00+02:00 | 2024-03-31 23:00:00+02:00,0.0,Optimization terminated successfully. (HiGHS Status 7: Optimal),6630136.642456055,6630136.642456055,1.0,0.0,6630136.642456055
2024-04-01 00:00:00+02:00,True,,,24,2,2,2024-04-01 22:00:00+02:00 | 2024-04-01 23:00:00+02:00,0.0,Optimization terminated successfully. (HiGHS Status 7: Optimal),5999990.081787109,5999990.081787109,1.0,0.0,5999990.081787109
2024-04-02 00:00:00+02:00,True,,,24,2,2,2024-04-02 22:00:00+02:00 | 2024-04-02 23:00:00+02:00,0.0,Optimization terminated successfully. (HiGHS Status 7: Optimal),6703843.612670898,6703843.612670898,1.0,0.0,6703843.612670898
2024-04-03 00:00:00+02:00,True,,,24,2,2,2024-04-03 22:00:00+02:00 | 2024-04-03 23:00:00+02:00,0.0,Optimization terminated successfully. (HiGHS Status 7: Optimal),7457420.787811279,7457420.787811279,1.0,0.0,7457420.787811279
2024-04-04 00:00:00+02:00,True,,,24,2,2,2024-04-04 22:00:00+02:00 | 2024-04-04 23:00:00+02:00,0.0,Optimization terminated successfully. (HiGHS Status 7: Optimal),6524329.471588135,6524329.471588135,1.0,0.0,6524329.471588135
2024-04-05 00:00:00+02:00,True,,,24,2,2,2024-04-05 22:00:00+02:00 | 2024-04-05 23:00:00+02:00,0.0,Optimization terminated successfully. (HiGHS Status 7: Optimal),6043866.500854492,6043866.500854492,1.0,0.0,6043866.500854492
2024-04-06 00:00:00+02:00,True,,,24,2,2,2024-04-06 22:00:00+02:00 | 2024-04-06 23:00:00+02:00,0.0,Optimization terminated successfully. (HiGHS Status 7: Optimal),4527694.76890564,4527694.76890564,1.0,0.0,4527694.76890564
2024-04-07 00:00:00+02:00,True,,,24,2,2,2024-04-07 22:00:00+02:00 | 2024-04-07 23:00:00+02:00,0.0,Optimization terminated successfully. (HiGHS Status 7: Optimal),5646926.250457764,5646926.250457764,1.0,0.0,5646926.250457764
2024-04-08 00:00:00+02:00,True,,,24,2,2,2024-04-08 22:00:00+02:00 | 2024-04-08 23:00:00+02:00,0.0,Optimization terminated successfully. (HiGHS Status 7: Optimal),6839433.078765869,6839433.078765869,1.0,0.0,6839433.078765869
2024-04-09 00:00:00+02:00,True,,,24,2,2,2024-04-09 22:00:00+02:00 | 2024-04-09 23:00:00+02:00,0.0,Optimization terminated successfully. (HiGHS Status 7: Optimal),6012124.328613281,6012124.328613281,1.0,0.0,6012124.328613281
2024-04-10 00:00:00+02:00,True,,,24,2,2,2024-04-10 22:00:00+02:00 | 2024-04-10 23:00:00+02:00,0.0,Optimization terminated successfully. (HiGHS Status 7: Optimal),8585919.380187988,8585919.380187988,1.0,0.0,8585919.380187988
2024-04-11 00:00:00+02:00,True,,,24,2,2,2024-04-11 22:00:00+02:00 | 2024-04-11 23:00:00+02:00,0.0,Optimization terminated successfully. (HiGHS Status 7: Optimal),8678270.816802979,8678270.816802979,1.0,0.0,8678270.816802979
2024-04-12 00:00:00+02:00,True,,,24,2,2,2024-04-12 22:00:00+02:00 | 2024-04-12 23:00:00+02:00,0.0,Optimization terminated successfully. (HiGHS Status 7: Optimal),7844498.634338379,7844498.634338379,1.0,0.0,7844498.634338379
2024-04-13 00:00:00+02:00,True,,,24,2,2,2024-04-13 22:00:00+02:00 | 2024-04-13 23:00:00+02:00,0.0,Optimization terminated successfully. (HiGHS Status 7: Optimal),6521062.889099121,6521062.889099121,1.0,0.0,6521062.889099121
2024-04-14 00:00:00+02:00,True,,,24,2,2,2024-04-14 22:00:00+02:00 | 2024-04-14 23:00:00+02:00,0.0,Optimization terminated successfully. (HiGHS Status 7: Optimal),6337743.873596191,6337743.873596191,1.0,0.0,6337743.873596191
2024-04-15 00:00:00+02:00,True,,,24,2,2,2024-04-15 22:00:00+02:00 | 2024-04-15 23:00:00+02:00,0.0,Optimization terminated successfully. (HiGHS Status 7: Optimal),6328283.882141113,6328283.882141113,1.0,0.0,6328283.882141113
2024-04-16 00:00:00+02:00,True,,,24,2,2,2024-04-16 22:00:00+02:00 | 2024-04-16 23:00:00+02:00,0.0,Optimization terminated successfully. (HiGHS Status 7: Optimal),6894879.951477051,6894879.951477051,1.0,0.0,6894879.951477051
2024-04-17 00:00:00+02:00,True,,,24,2,2,2024-04-17 22:00:00+02:00 | 2024-04-17 23:00:00+02:00,0.0,Optimization terminated successfully. (HiGHS Status 7: Optimal),8555489.292144775,8555489.292144775,1.0,0.0,8555489.292144775
2024-04-18 00:00:00+02:00,True,,,24,2,2,2024-04-18 22:00:00+02:00 | 2024-04-18 23:00:00+02:00,0.0,Optimization terminated successfully. (HiGHS Status 7: Optimal),9243565.80734253,9243565.80734253,1.0,0.0,9243565.80734253
2024-04-19 00:00:00+02:00,True,,,24,2,2,2024-04-19 22:00:00+02:00 | 2024-04-19 23:00:00+02:00,0.0,Optimization terminated successfully. (HiGHS Status 7: Optimal),7553820.037841797,7553820.037841797,1.0,0.0,7553820.037841797
2024-04-20 00:00:00+02:00,True,,,24,2,2,2024-04-20 22:00:00+02:00 | 2024-04-20 23:00:00+02:00,0.0,Optimization terminated successfully. (HiGHS Status 7: Optimal),7032420.597076416,7032420.597076416,1.0,0.0,7032420.597076416
2024-04-21 00:00:00+02:00,True,,,24,2,2,2024-04-21 22:00:00+02:00 | 2024-04-21 23:00:00+02:00,0.0,Optimization terminated successfully. (HiGHS Status 7: Optimal),7180870.666503906,7180870.666503906,1.0,0.0,7180870.666503906
2024-04-22 00:00:00+02:00,True,,,24,2,2,2024-04-22 22:00:00+02:00 | 2024-04-22 23:00:00+02:00,0.0,Optimization terminated successfully. (HiGHS Status 7: Optimal),8732872.695922852,8732872.695922852,1.0,0.0,8732872.695922852
2024-04-23 00:00:00+02:00,True,,,24,2,2,2024-04-23 22:00:00+02:00 | 2024-04-23 23:00:00+02:00,0.0,Optimization terminated successfully. (HiGHS Status 7: Optimal),9817462.95928955,9817462.95928955,1.0,0.0,9817462.95928955
2024-04-24 00:00:00+02:00,True,,,24,2,2,2024-04-24 22:00:00+02:00 | 2024-04-24 23:00:00+02:00,0.0,Optimization terminated successfully. (HiGHS Status 7: Optimal),9821430.530548096,9821430.530548096,1.0,0.0,9821430.530548096
2024-04-25 00:00:00+02:00,True,,,24,2,2,2024-04-25 22:00:00+02:00 | 2024-04-25 23:00:00+02:00,0.0,Optimization terminated successfully. (HiGHS Status 7: Optimal),10546792.469024658,10546792.469024658,1.0,0.0,10546792.469024658
2024-04-26 00:00:00+02:00,True,,,24,2,2,2024-04-26 22:00:00+02:00 | 2024-04-26 23:00:00+02:00,0.0,Optimization terminated successfully. (HiGHS Status 7: Optimal),9938891.410827637,9938891.410827637,1.0,0.0,9938891.410827637
2024-04-27 00:00:00+02:00,True,,,24,2,2,2024-04-27 22:00:00+02:00 | 2024-04-27 23:00:00+02:00,0.0,Optimization terminated successfully. (HiGHS Status 7: Optimal),7460165.939331055,7460165.939331055,1.0,0.0,7460165.939331055
2024-04-28 00:00:00+02:00,True,,,24,2,2,2024-04-28 22:00:00+02:00 | 2024-04-28 23:00:00+02:00,0.0,Optimization terminated successfully. (HiGHS Status 7: Optimal),6034973.50692749,6034973.50692749,1.0,0.0,6034973.50692749
2024-04-29 00:00:00+02:00,True,,,24,2,2,2024-04-29 22:00:00+02:00 | 2024-04-29 23:00:00+02:00,0.0,Optimization terminated successfully. (HiGHS Status 7: Optimal),8643949.947357178,8643949.947357178,1.0,0.0,8643949.947357178
2024-04-30 00:00:00+02:00,True,,,24,2,2,2024-04-30 22:00:00+02:00 | 2024-04-30 23:00:00+02:00,0.0,Optimization terminated successfully. (HiGHS Status 7: Optimal),8213859.462738037,8213859.462738037,1.0,0.0,8213859.462738037
2024-05-01 00:00:00+02:00,True,,,24,2,2,2024-05-01 22:00:00+02:00 | 2024-05-01 23:00:00+02:00,0.0,Optimization terminated successfully. (HiGHS Status 7: Optimal),7218496.131896973,7218496.131896973,1.0,0.0,7218496.131896973
2024-05-02 00:00:00+02:00,True,,,24,2,2,2024-05-02 22:00:00+02:00 | 2024-05-02 23:00:00+02:00,0.0,Optimization terminated successfully. (HiGHS Status 7: Optimal),8005671.02432251,8005671.02432251,1.0,0.0,8005671.02432251
2024-05-03 00:00:00+02:00,True,,,24,2,2,2024-05-03 22:00:00+02:00 | 2024-05-03 23:00:00+02:00,0.0,Optimization terminated successfully. (HiGHS Status 7: Optimal),7485239.429473877,7485239.429473877,1.0,0.0,7485239.429473877
2024-05-04 00:00:00+02:00,True,,,24,2,2,2024-05-04 22:00:00+02:00 | 2024-05-04 23:00:00+02:00,0.0,Optimization terminated successfully. (HiGHS Status 7: Optimal),7204522.953033447,7204522.953033447,1.0,0.0,7204522.953033447
2024-05-05 00:00:00+02:00,True,,,24,2,2,2024-05-05 22:00:00+02:00 | 2024-05-05 23:00:00+02:00,0.0,Optimization terminated successfully. (HiGHS Status 7: Optimal),6683665.714263916,6683665.714263916,1.0,0.0,6683665.714263916
2024-05-06 00:00:00+02:00,True,,,24,2,2,2024-05-06 22:00:00+02:00 | 2024-05-06 23:00:00+02:00,0.0,Optimization terminated successfully. (HiGHS Status 7: Optimal),7794690.799713135,7794690.799713135,1.0,0.0,7794690.799713135
2024-05-07 00:00:00+02:00,True,,,24,2,2,2024-05-07 22:00:00+02:00 | 2024-05-07 23:00:00+02:00,0.0,Optimization terminated successfully. (HiGHS Status 7: Optimal),7721639.423370361,7721639.423370361,1.0,0.0,7721639.423370361
2024-05-08 00:00:00+02:00,True,,,24,2,2,2024-05-08 22:00:00+02:00 | 2024-05-08 23:00:00+02:00,0.0,Optimization terminated successfully. (HiGHS Status 7: Optimal),5860150.012969971,5860150.012969971,1.0,0.0,5860150.012969971
2024-05-09 00:00:00+02:00,True,,,24,2,2,2024-05-09 22:00:00+02:00 | 2024-05-09 23:00:00+02:00,0.0,Optimization terminated successfully. (HiGHS Status 7: Optimal),5845120.143890381,5845120.143890381,1.0,0.0,5845120.143890381
2024-05-10 00:00:00+02:00,True,,,24,2,2,2024-05-10 22:00:00+02:00 | 2024-05-10 23:00:00+02:00,0.0,Optimization terminated successfully. (HiGHS Status 7: Optimal),5684334.583282471,5684334.583282471,1.0,0.0,5684334.583282471
2024-05-11 00:00:00+02:00,True,,,24,2,2,2024-05-11 22:00:00+02:00 | 2024-05-11 23:00:00+02:00,0.0,Optimization terminated successfully. (HiGHS Status 7: Optimal),5638073.635101318,5638073.635101318,1.0,0.0,5638073.635101318
2024-05-12 00:00:00+02:00,True,,,24,2,2,2024-05-12 22:00:00+02:00 | 2024-05-12 23:00:00+02:00,0.0,Optimization terminated successfully. (HiGHS Status 7: Optimal),5629071.12121582,5629071.12121582,1.0,0.0,5629071.12121582
2024-05-13 00:00:00+02:00,True,,,24,2,2,2024-05-13 22:00:00+02:00 | 2024-05-13 23:00:00+02:00,0.0,Optimization terminated successfully. (HiGHS Status 7: Optimal),7189863.109588623,7189863.109588623,1.0,0.0,7189863.109588623
2024-05-14 00:00:00+02:00,True,,,24,2,2,2024-05-14 22:00:00+02:00 | 2024-05-14 23:00:00+02:00,0.0,Optimization terminated successfully. (HiGHS Status 7: Optimal),7349831.867218018,7349831.867218018,1.0,0.0,7349831.867218018
2024-05-15 00:00:00+02:00,True,,,24,2,2,2024-05-15 22:00:00+02:00 | 2024-05-15 23:00:00+02:00,0.0,Optimization terminated successfully. (HiGHS Status 7: Optimal),7971573.20022583,7971573.20022583,1.0,0.0,7971573.20022583
2024-05-16 00:00:00+02:00,True,,,24,2,2,2024-05-16 22:00:00+02:00 | 2024-05-16 23:00:00+02:00,0.0,Optimization terminated successfully. (HiGHS Status 7: Optimal),7921279.640197754,7921279.640197754,1.0,0.0,7921279.640197754
2024-05-17 00:00:00+02:00,True,,,24,2,2,2024-05-17 22:00:00+02:00 | 2024-05-17 23:00:00+02:00,0.0,Optimization terminated successfully. (HiGHS Status 7: Optimal),7329335.746765137,7329335.746765137,1.0,0.0,7329335.746765137
2024-05-18 00:00:00+02:00,True,,,24,2,2,2024-05-18 22:00:00+02:00 | 2024-05-18 23:00:00+02:00,0.0,Optimization terminated successfully. (HiGHS Status 7: Optimal),6603394.947052002,6603394.947052002,1.0,0.0,6603394.947052002
2024-05-19 00:00:00+02:00,True,,,24,2,2,2024-05-19 22:00:00+02:00 | 2024-05-19 23:00:00+02:00,0.0,Optimization terminated successfully. (HiGHS Status 7: Optimal),6084823.055267334,6084823.055267334,1.0,0.0,6084823.055267334
2024-05-20 00:00:00+02:00,True,,,24,2,2,2024-05-20 22:00:00+02:00 | 2024-05-20 23:00:00+02:00,0.0,Optimization terminated successfully. (HiGHS Status 7: Optimal),5959474.52545166,5959474.52545166,1.0,0.0,5959474.52545166
2024-05-21 00:00:00+02:00,True,,,24,2,2,2024-05-21 22:00:00+02:00 | 2024-05-21 23:00:00+02:00,0.0,Optimization terminated successfully. (HiGHS Status 7: Optimal),7268712.23449707,7268712.23449707,1.0,0.0,7268712.23449707
2024-05-22 00:00:00+02:00,True,,,24,2,2,2024-05-22 22:00:00+02:00 | 2024-05-22 23:00:00+02:00,0.0,Optimization terminated successfully. (HiGHS Status 7: Optimal),6989320.14465332,6989320.14465332,1.0,0.0,6989320.14465332
2024-05-23 00:00:00+02:00,True,,,24,2,2,2024-05-23 22:00:00+02:00 | 2024-05-23 23:00:00+02:00,0.0,Optimization terminated successfully. (HiGHS Status 7: Optimal),7787720.203399658,7787720.203399658,1.0,0.0,7787720.203399658
2024-05-24 00:00:00+02:00,True,,,24,2,2,2024-05-24 22:00:00+02:00 | 2024-05-24 23:00:00+02:00,0.0,Optimization terminated successfully. (HiGHS Status 7: Optimal),7897947.063446045,7897947.063446045,1.0,0.0,7897947.063446045
2024-05-25 00:00:00+02:00,True,,,24,2,2,2024-05-25 22:00:00+02:00 | 2024-05-25 23:00:00+02:00,0.0,Optimization terminated successfully. (HiGHS Status 7: Optimal),6617706.9664001465,6617706.9664001465,1.0,0.0,6617706.9664001465
2024-05-26 00:00:00+02:00,True,,,24,2,2,2024-05-26 22:00:00+02:00 | 2024-05-26 23:00:00+02:00,0.0,Optimization terminated successfully. (HiGHS Status 7: Optimal),5465368.65234375,5465368.65234375,1.0,0.0,5465368.65234375
2024-05-27 00:00:00+02:00,True,,,24,2,2,2024-05-27 22:00:00+02:00 | 2024-05-27 23:00:00+02:00,0.0,Optimization terminated successfully. (HiGHS Status 7: Optimal),7194713.99307251,7194713.99307251,1.0,0.0,7194713.99307251
2024-05-28 00:00:00+02:00,True,,,24,2,2,2024-05-28 22:00:00+02:00 | 2024-05-28 23:00:00+02:00,0.0,Optimization terminated successfully. (HiGHS Status 7: Optimal),6925503.787994385,6925503.787994385,1.0,0.0,6925503.787994385
2024-05-29 00:00:00+02:00,True,,,24,2,2,2024-05-29 22:00:00+02:00 | 2024-05-29 23:00:00+02:00,0.0,Optimization terminated successfully. (HiGHS Status 7: Optimal),6858942.565917969,6858942.565917969,1.0,0.0,6858942.565917969
2024-05-30 00:00:00+02:00,True,,,24,2,2,2024-05-30 22:00:00+02:00 | 2024-05-30 23:00:00+02:00,0.0,Optimization terminated successfully. (HiGHS Status 7: Optimal),6974150.352478027,6974150.352478027,1.0,0.0,6974150.352478027
2024-05-31 00:00:00+02:00,True,,,24,2,2,2024-05-31 22:00:00+02:00 | 2024-05-31 23:00:00+02:00,0.0,Optimization terminated successfully. (HiGHS Status 7: Optimal),6512955.627441406,6512955.627441406,1.0,0.0,6512955.627441406
2024-06-01 00:00:00+02:00,True,,,24,2,2,2024-06-01 22:00:00+02:00 | 2024-06-01 23:00:00+02:00,0.0,Optimization terminated successfully. (HiGHS Status 7: Optimal),5493318.767547607,5493318.767547607,1.0,0.0,5493318.767547607
2024-06-02 00:00:00+02:00,True,,,24,2,2,2024-06-02 22:00:00+02:00 | 2024-06-02 23:00:00+02:00,0.0,Optimization terminated successfully. (HiGHS Status 7: Optimal),5388554.553985596,5388554.553985596,1.0,0.0,5388554.553985596
2024-06-03 00:00:00+02:00,True,,,24,2,2,2024-06-03 22:00:00+02:00 | 2024-06-03 23:00:00+02:00,0.0,Optimization terminated successfully. (HiGHS Status 7: Optimal),7182171.745300293,7182171.745300293,1.0,0.0,7182171.745300293
2024-06-04 00:00:00+02:00,True,,,24,2,2,2024-06-04 22:00:00+02:00 | 2024-06-04 23:00:00+02:00,0.0,Optimization terminated successfully. (HiGHS Status 7: Optimal),7443342.323303223,7443342.323303223,1.0,0.0,7443342.323303223
2024-06-05 00:00:00+02:00,True,,,24,2,2,2024-06-05 22:00:00+02:00 | 2024-06-05 23:00:00+02:00,0.0,Optimization terminated successfully. (HiGHS Status 7: Optimal),7395305.557250977,7395305.557250977,1.0,0.0,7395305.557250977
2024-06-06 00:00:00+02:00,True,,,24,2,2,2024-06-06 22:00:00+02:00 | 2024-06-06 23:00:00+02:00,0.0,Optimization terminated successfully. (HiGHS Status 7: Optimal),7547292.766571045,7547292.766571045,1.0,0.0,7547292.766571045
2024-06-07 00:00:00+02:00,True,,,24,2,2,2024-06-07 22:00:00+02:00 | 2024-06-07 23:00:00+02:00,0.0,Optimization terminated successfully. (HiGHS Status 7: Optimal),7591357.021331787,7591357.021331787,1.0,0.0,7591357.021331787
2024-06-08 00:00:00+02:00,True,,,24,2,2,2024-06-08 22:00:00+02:00 | 2024-06-08 23:00:00+02:00,0.0,Optimization terminated successfully. (HiGHS Status 7: Optimal),6429457.588195801,6429457.588195801,1.0,0.0,6429457.588195801
2024-06-09 00:00:00+02:00,True,,,24,2,2,2024-06-09 22:00:00+02:00 | 2024-06-09 23:00:00+02:00,0.0,Optimization terminated successfully. (HiGHS Status 7: Optimal),5936826.114654541,5936826.114654541,1.0,0.0,5936826.114654541
2024-06-10 00:00:00+02:00,True,,,24,2,2,2024-06-10 22:00:00+02:00 | 2024-06-10 23:00:00+02:00,0.0,Optimization terminated successfully. (HiGHS Status 7: Optimal),6871097.431182861,6871097.431182861,1.0,0.0,6871097.431182861
2024-06-11 00:00:00+02:00,True,,,24,2,2,2024-06-11 22:00:00+02:00 | 2024-06-11 23:00:00+02:00,0.0,Optimization terminated successfully. (HiGHS Status 7: Optimal),7549510.650634766,7549510.650634766,1.0,0.0,7549510.650634766
2024-06-12 00:00:00+02:00,True,,,24,2,2,2024-06-12 22:00:00+02:00 | 2024-06-12 23:00:00+02:00,0.0,Optimization terminated successfully. (HiGHS Status 7: Optimal),7671304.359436035,7671304.359436035,1.0,0.0,7671304.359436035
2024-06-13 00:00:00+02:00,True,,,24,2,2,2024-06-13 22:00:00+02:00 | 2024-06-13 23:00:00+02:00,0.0,Optimization terminated successfully. (HiGHS Status 7: Optimal),7440831.642150879,7440831.642150879,1.0,0.0,7440831.642150879
2024-06-14 00:00:00+02:00,True,,,24,2,2,2024-06-14 22:00:00+02:00 | 2024-06-14 23:00:00+02:00,0.0,Optimization terminated successfully. (HiGHS Status 7: Optimal),6204011.917114258,6204011.917114258,1.0,0.0,6204011.917114258
2024-06-15 00:00:00+02:00,True,,,24,2,2,2024-06-15 22:00:00+02:00 | 2024-06-15 23:00:00+02:00,0.0,Optimization terminated successfully. (HiGHS Status 7: Optimal),4382757.949829102,4382757.949829102,1.0,0.0,4382757.949829102
2024-06-16 00:00:00+02:00,True,,,24,2,2,2024-06-16 22:00:00+02:00 | 2024-06-16 23:00:00+02:00,0.0,Optimization terminated successfully. (HiGHS Status 7: Optimal),4694030.160903931,4694030.160903931,1.0,0.0,4694030.160903931
2024-06-17 00:00:00+02:00,True,,,24,2,2,2024-06-17 22:00:00+02:00 | 2024-06-17 23:00:00+02:00,0.0,Optimization terminated successfully. (HiGHS Status 7: Optimal),7165204.677581787,7165204.677581787,1.0,0.0,7165204.677581787
2024-06-18 00:00:00+02:00,True,,,24,2,2,2024-06-18 22:00:00+02:00 | 2024-06-18 23:00:00+02:00,0.0,Optimization terminated successfully. (HiGHS Status 7: Optimal),7466008.110046387,7466008.110046387,1.0,0.0,7466008.110046387
2024-06-19 00:00:00+02:00,True,,,24,2,2,2024-06-19 22:00:00+02:00 | 2024-06-19 23:00:00+02:00,0.0,Optimization terminated successfully. (HiGHS Status 7: Optimal),7176635.055541992,7176635.055541992,1.0,0.0,7176635.055541992
2024-06-20 00:00:00+02:00,True,,,24,2,2,2024-06-20 22:00:00+02:00 | 2024-06-20 23:00:00+02:00,0.0,Optimization terminated successfully. (HiGHS Status 7: Optimal),7686533.451080322,7686533.451080322,1.0,0.0,7686533.451080322
2024-06-21 00:00:00+02:00,True,,,24,2,2,2024-06-21 22:00:00+02:00 | 2024-06-21 23:00:00+02:00,0.0,Optimization terminated successfully. (HiGHS Status 7: Optimal),7241842.098236084,7241842.098236084,1.0,0.0,7241842.098236084
2024-06-22 00:00:00+02:00,True,,,24,2,2,2024-06-22 22:00:00+02:00 | 2024-06-22 23:00:00+02:00,0.0,Optimization terminated successfully. (HiGHS Status 7: Optimal),5895946.674346924,5895946.674346924,1.0,0.0,5895946.674346924
2024-06-23 00:00:00+02:00,True,,,24,2,2,2024-06-23 22:00:00+02:00 | 2024-06-23 23:00:00+02:00,0.0,Optimization terminated successfully. (HiGHS Status 7: Optimal),5948429.718017578,5948429.718017578,1.0,0.0,5948429.718017578
2024-06-24 00:00:00+02:00,True,,,24,2,2,2024-06-24 22:00:00+02:00 | 2024-06-24 23:00:00+02:00,0.0,Optimization terminated successfully. (HiGHS Status 7: Optimal),7282013.244628906,7282013.244628906,1.0,0.0,7282013.244628906
2024-06-25 00:00:00+02:00,True,,,24,2,2,2024-06-25 22:00:00+02:00 | 2024-06-25 23:00:00+02:00,0.0,Optimization terminated successfully. (HiGHS Status 7: Optimal),7307394.695281982,7307394.695281982,1.0,0.0,7307394.695281982
2024-06-26 00:00:00+02:00,True,,,24,2,2,2024-06-26 22:00:00+02:00 | 2024-06-26 23:00:00+02:00,0.0,Optimization terminated successfully. (HiGHS Status 7: Optimal),7877172.145843506,7877172.145843506,1.0,0.0,7877172.145843506
2024-06-27 00:00:00+02:00,True,,,24,2,2,2024-06-27 22:00:00+02:00 | 2024-06-27 23:00:00+02:00,0.0,Optimization terminated successfully. (HiGHS Status 7: Optimal),7553083.972930908,7553083.972930908,1.0,0.0,7553083.972930908
2024-06-28 00:00:00+02:00,True,,,24,2,2,2024-06-28 22:00:00+02:00 | 2024-06-28 23:00:00+02:00,0.0,Optimization terminated successfully. (HiGHS Status 7: Optimal),7688843.975067139,7688843.975067139,1.0,0.0,7688843.975067139
2024-06-29 00:00:00+02:00,True,,,24,2,2,2024-06-29 22:00:00+02:00 | 2024-06-29 23:00:00+02:00,0.0,Optimization terminated successfully. (HiGHS Status 7: Optimal),6654381.580352783,6654381.580352783,1.0,0.0,6654381.580352783
2024-06-30 00:00:00+02:00,True,,,24,2,2,2024-06-30 22:00:00+02:00 | 2024-06-30 23:00:00+02:00,0.0,Optimization terminated successfully. (HiGHS Status 7: Optimal),6077558.612823486,6077558.612823486,1.0,0.0,6077558.612823486
2024-07-01 00:00:00+02:00,True,,,24,2,2,2024-07-01 22:00:00+02:00 | 2024-07-01 23:00:00+02:00,0.0,Optimization terminated successfully. (HiGHS Status 7: Optimal),7204335.784912109,7204335.784912109,1.0,0.0,7204335.784912109
2024-07-02 00:00:00+02:00,True,,,24,2,2,2024-07-02 22:00:00+02:00 | 2024-07-02 23:00:00+02:00,0.0,Optimization terminated successfully. (HiGHS Status 7: Optimal),7624343.299865723,7624343.299865723,1.0,0.0,7624343.299865723
2024-07-03 00:00:00+02:00,True,,,24,2,2,2024-07-03 22:00:00+02:00 | 2024-07-03 23:00:00+02:00,0.0,Optimization terminated successfully. (HiGHS Status 7: Optimal),7526671.8101501465,7526671.8101501465,1.0,0.0,7526671.8101501465
2024-07-04 00:00:00+02:00,True,,,24,2,2,2024-07-04 22:00:00+02:00 | 2024-07-04 23:00:00+02:00,0.0,Optimization terminated successfully. (HiGHS Status 7: Optimal),7028897.514343262,7028897.514343262,1.0,0.0,7028897.514343262
2024-07-05 00:00:00+02:00,True,,,24,2,2,2024-07-05 22:00:00+02:00 | 2024-07-05 23:00:00+02:00,0.0,Optimization terminated successfully. (HiGHS Status 7: Optimal),7527444.534301758,7527444.534301758,1.0,0.0,7527444.534301758
2024-07-06 00:00:00+02:00,True,,,24,2,2,2024-07-06 22:00:00+02:00 | 2024-07-06 23:00:00+02:00,0.0,Optimization terminated successfully. (HiGHS Status 7: Optimal),5659788.818359375,5659788.818359375,1.0,0.0,5659788.818359375
2024-07-07 00:00:00+02:00,True,,,24,2,2,2024-07-07 22:00:00+02:00 | 2024-07-07 23:00:00+02:00,0.0,Optimization terminated successfully. (HiGHS Status 7: Optimal),5664286.727905273,5664286.727905273,1.0,0.0,5664286.727905273
2024-07-08 00:00:00+02:00,True,,,24,2,2,2024-07-08 22:00:00+02:00 | 2024-07-08 23:00:00+02:00,0.0,Optimization terminated successfully. (HiGHS Status 7: Optimal),7302637.996673584,7302637.996673584,1.0,0.0,7302637.996673584
2024-07-09 00:00:00+02:00,True,,,24,2,2,2024-07-09 22:00:00+02:00 | 2024-07-09 23:00:00+02:00,0.0,Optimization terminated successfully. (HiGHS Status 7: Optimal),7392808.265686035,7392808.265686035,1.0,0.0,7392808.265686035
2024-07-10 00:00:00+02:00,True,,,24,2,2,2024-07-10 22:00:00+02:00 | 2024-07-10 23:00:00+02:00,0.0,Optimization terminated successfully. (HiGHS Status 7: Optimal),7666793.441772461,7666793.441772461,1.0,0.0,7666793.441772461
2024-07-11 00:00:00+02:00,True,,,24,2,2,2024-07-11 22:00:00+02:00 | 2024-07-11 23:00:00+02:00,0.0,Optimization terminated successfully. (HiGHS Status 7: Optimal),8174847.316741943,8174847.316741943,1.0,0.0,8174847.316741943
2024-07-12 00:00:00+02:00,True,,,24,2,2,2024-07-12 22:00:00+02:00 | 2024-07-12 23:00:00+02:00,0.0,Optimization terminated successfully. (HiGHS Status 7: Optimal),7555018.730163574,7555018.730163574,1.0,0.0,7555018.730163574
2024-07-13 00:00:00+02:00,True,,,24,2,2,2024-07-13 22:00:00+02:00 | 2024-07-13 23:00:00+02:00,0.0,Optimization terminated successfully. (HiGHS Status 7: Optimal),6617815.761566162,6617815.761566162,1.0,0.0,6617815.761566162
2024-07-14 00:00:00+02:00,True,,,24,2,2,2024-07-14 22:00:00+02:00 | 2024-07-14 23:00:00+02:00,0.0,Optimization terminated successfully. (HiGHS Status 7: Optimal),6359181.823730469,6359181.823730469,1.0,0.0,6359181.823730469
2024-07-15 00:00:00+02:00,True,,,24,2,2,2024-07-15 22:00:00+02:00 | 2024-07-15 23:00:00+02:00,0.0,Optimization terminated successfully. (HiGHS Status 7: Optimal),7444257.736206055,7444257.736206055,1.0,0.0,7444257.736206055
2024-07-16 00:00:00+02:00,True,,,24,2,2,2024-07-16 22:00:00+02:00 | 2024-07-16 23:00:00+02:00,0.0,Optimization terminated successfully. (HiGHS Status 7: Optimal),6888994.197845459,6888994.197845459,1.0,0.0,6888994.197845459
2024-07-17 00:00:00+02:00,True,,,24,2,2,2024-07-17 22:00:00+02:00 | 2024-07-17 23:00:00+02:00,0.0,Optimization terminated successfully. (HiGHS Status 7: Optimal),8172234.592437744,8172234.592437744,1.0,0.0,8172234.592437744
2024-07-18 00:00:00+02:00,True,,,24,2,2,2024-07-18 22:00:00+02:00 | 2024-07-18 23:00:00+02:00,0.0,Optimization terminated successfully. (HiGHS Status 7: Optimal),8201725.120544434,8201725.120544434,1.0,0.0,8201725.120544434
2024-07-19 00:00:00+02:00,True,,,24,2,2,2024-07-19 22:00:00+02:00 | 2024-07-19 23:00:00+02:00,0.0,Optimization terminated successfully. (HiGHS Status 7: Optimal),8169529.781341553,8169529.781341553,1.0,0.0,8169529.781341553
2024-07-20 00:00:00+02:00,True,,,24,2,2,2024-07-20 22:00:00+02:00 | 2024-07-20 23:00:00+02:00,0.0,Optimization terminated successfully. (HiGHS Status 7: Optimal),7228418.235778809,7228418.235778809,1.0,0.0,7228418.235778809
2024-07-21 00:00:00+02:00,True,,,24,2,2,2024-07-21 22:00:00+02:00 | 2024-07-21 23:00:00+02:00,0.0,Optimization terminated successfully. (HiGHS Status 7: Optimal),6286737.842559814,6286737.842559814,1.0,0.0,6286737.842559814
2024-07-22 00:00:00+02:00,True,,,24,2,2,2024-07-22 22:00:00+02:00 | 2024-07-22 23:00:00+02:00,0.0,Optimization terminated successfully. (HiGHS Status 7: Optimal),7706945.22857666,7706945.22857666,1.0,0.0,7706945.22857666
2024-07-23 00:00:00+02:00,True,,,24,2,2,2024-07-23 22:00:00+02:00 | 2024-07-23 23:00:00+02:00,0.0,Optimization terminated successfully. (HiGHS Status 7: Optimal),7377585.029602051,7377585.029602051,1.0,0.0,7377585.029602051
2024-07-24 00:00:00+02:00,True,,,24,2,2,2024-07-24 22:00:00+02:00 | 2024-07-24 23:00:00+02:00,0.0,Optimization terminated successfully. (HiGHS Status 7: Optimal),8177282.180786133,8177282.180786133,1.0,0.0,8177282.180786133
2024-07-25 00:00:00+02:00,True,,,24,2,2,2024-07-25 22:00:00+02:00 | 2024-07-25 23:00:00+02:00,0.0,Optimization terminated successfully. (HiGHS Status 7: Optimal),8175324.0394592285,8175324.0394592285,1.0,0.0,8175324.0394592285
2024-07-26 00:00:00+02:00,True,,,24,2,2,2024-07-26 22:00:00+02:00 | 2024-07-26 23:00:00+02:00,0.0,Optimization terminated successfully. (HiGHS Status 7: Optimal),8022918.949127197,8022918.949127197,1.0,0.0,8022918.949127197
2024-07-27 00:00:00+02:00,True,,,24,2,2,2024-07-27 22:00:00+02:00 | 2024-07-27 23:00:00+02:00,0.0,Optimization terminated successfully. (HiGHS Status 7: Optimal),7325172.40524292,7325172.40524292,1.0,0.0,7325172.40524292
2024-07-28 00:00:00+02:00,True,,,24,2,2,2024-07-28 22:00:00+02:00 | 2024-07-28 23:00:00+02:00,0.0,Optimization terminated successfully. (HiGHS Status 7: Optimal),5731483.249664307,5731483.249664307,1.0,0.0,5731483.249664307
2024-07-29 00:00:00+02:00,True,,,24,2,2,2024-07-29 22:00:00+02:00 | 2024-07-29 23:00:00+02:00,0.0,Optimization terminated successfully. (HiGHS Status 7: Optimal),7578574.752807617,7578574.752807617,1.0,0.0,7578574.752807617
2024-07-30 00:00:00+02:00,True,,,24,2,2,2024-07-30 22:00:00+02:00 | 2024-07-30 23:00:00+02:00,0.0,Optimization terminated successfully. (HiGHS Status 7: Optimal),8570206.069946289,8570206.069946289,1.0,0.0,8570206.069946289
2024-07-31 00:00:00+02:00,True,,,24,2,2,2024-07-31 22:00:00+02:00 | 2024-07-31 23:00:00+02:00,0.0,Optimization terminated successfully. (HiGHS Status 7: Optimal),8705377.445220947,8705377.445220947,1.0,0.0,8705377.445220947
2024-08-01 00:00:00+02:00,True,,,24,2,2,2024-08-01 22:00:00+02:00 | 2024-08-01 23:00:00+02:00,0.0,Optimization terminated successfully. (HiGHS Status 7: Optimal),8391077.59475708,8391077.59475708,1.0,0.0,8391077.59475708
2024-08-02 00:00:00+02:00,True,,,24,2,2,2024-08-02 22:00:00+02:00 | 2024-08-02 23:00:00+02:00,0.0,Optimization terminated successfully. (HiGHS Status 7: Optimal),8340379.638671875,8340379.638671875,1.0,0.0,8340379.638671875
2024-08-03 00:00:00+02:00,True,,,24,2,2,2024-08-03 22:00:00+02:00 | 2024-08-03 23:00:00+02:00,0.0,Optimization terminated successfully. (HiGHS Status 7: Optimal),6916906.566619873,6916906.566619873,1.0,0.0,6916906.566619873
2024-08-04 00:00:00+02:00,True,,,24,2,2,2024-08-04 22:00:00+02:00 | 2024-08-04 23:00:00+02:00,0.0,Optimization terminated successfully. (HiGHS Status 7: Optimal),6824932.670593262,6824932.670593262,1.0,0.0,6824932.670593262
2024-08-05 00:00:00+02:00,True,,,24,2,2,2024-08-05 22:00:00+02:00 | 2024-08-05 23:00:00+02:00,0.0,Optimization terminated successfully. (HiGHS Status 7: Optimal),8202622.43270874,8202622.43270874,1.0,0.0,8202622.43270874
2024-08-06 00:00:00+02:00,True,,,24,2,2,2024-08-06 22:00:00+02:00 | 2024-08-06 23:00:00+02:00,0.0,Optimization terminated successfully. (HiGHS Status 7: Optimal),8476474.437713623,8476474.437713623,1.0,0.0,8476474.437713623
2024-08-07 00:00:00+02:00,True,,,24,2,2,2024-08-07 22:00:00+02:00 | 2024-08-07 23:00:00+02:00,0.0,Optimization terminated successfully. (HiGHS Status 7: Optimal),8656506.5574646,8656506.5574646,1.0,0.0,8656506.5574646
2024-08-08 00:00:00+02:00,True,,,24,2,2,2024-08-08 22:00:00+02:00 | 2024-08-08 23:00:00+02:00,0.0,Optimization terminated successfully. (HiGHS Status 7: Optimal),8130709.629058838,8130709.629058838,1.0,0.0,8130709.629058838
2024-08-09 00:00:00+02:00,True,,,24,2,2,2024-08-09 22:00:00+02:00 | 2024-08-09 23:00:00+02:00,0.0,Optimization terminated successfully. (HiGHS Status 7: Optimal),7148407.745361328,7148407.745361328,1.0,0.0,7148407.745361328
2024-08-10 00:00:00+02:00,True,,,24,2,2,2024-08-10 22:00:00+02:00 | 2024-08-10 23:00:00+02:00,0.0,Optimization terminated successfully. (HiGHS Status 7: Optimal),7054151.89743042,7054151.89743042,1.0,0.0,7054151.89743042
2024-08-11 00:00:00+02:00,True,,,24,2,2,2024-08-11 22:00:00+02:00 | 2024-08-11 23:00:00+02:00,0.0,Optimization terminated successfully. (HiGHS Status 7: Optimal),6387115.440368652,6387115.440368652,1.0,0.0,6387115.440368652
2024-08-12 00:00:00+02:00,True,,,24,2,2,2024-08-12 22:00:00+02:00 | 2024-08-12 23:00:00+02:00,0.0,Optimization terminated successfully. (HiGHS Status 7: Optimal),7884637.699127197,7884637.699127197,1.0,0.0,7884637.699127197
2024-08-13 00:00:00+02:00,True,,,24,2,2,2024-08-13 22:00:00+02:00 | 2024-08-13 23:00:00+02:00,0.0,Optimization terminated successfully. (HiGHS Status 7: Optimal),8429303.741455078,8429303.741455078,1.0,0.0,8429303.741455078
2024-08-14 00:00:00+02:00,True,,,24,2,2,2024-08-14 22:00:00+02:00 | 2024-08-14 23:00:00+02:00,0.0,Optimization terminated successfully. (HiGHS Status 7: Optimal),8200743.713378906,8200743.713378906,1.0,0.0,8200743.713378906
2024-08-15 00:00:00+02:00,True,,,24,2,2,2024-08-15 22:00:00+02:00 | 2024-08-15 23:00:00+02:00,0.0,Optimization terminated successfully. (HiGHS Status 7: Optimal),6848108.749389648,6848108.749389648,1.0,0.0,6848108.749389648
2024-08-16 00:00:00+02:00,False,MissingInput,"24 valeurs residual_load_gw manquantes après réparation (brut=24, max_autorisé=2)",24,24,0,2024-08-16 00:00:00+02:00 | 2024-08-16 01:00:00+02:00 | 2024-08-16 02:00:00+02:00 | 2024-08-16 03:00:00+02:00 | 2024-08-16 04:00:00+02:00 | 2024-08-16 05:00:00+02:00 | 2024-08-16 06:00:00+02:00 | 2024-08-16 07:00:00+02:00 | 2024-08-16 08:00:00+02:00 | 2024-08-16 09:00:00+02:00 | 2024-08-16 10:00:00+02:00 | 2024-08-16 11:00:00+02:00 | 2024-08-16 12:00:00+02:00 | 2024-08-16 13:00:00+02:00 | 2024-08-16 14:00:00+02:00 | 2024-08-16 15:00:00+02:00 | 2024-08-16 16:00:00+02:00 | 2024-08-16 17:00:00+02:00 | 2024-08-16 18:00:00+02:00 | 2024-08-16 19:00:00+02:00 | 2024-08-16 20:00:00+02:00 | 2024-08-16 21:00:00+02:00 | 2024-08-16 22:00:00+02:00 | 2024-08-16 23:00:00+02:00,,,,,,,
2024-08-17 00:00:00+02:00,False,MissingInput,"24 valeurs residual_load_gw manquantes après réparation (brut=24, max_autorisé=2)",24,24,0,2024-08-17 00:00:00+02:00 | 2024-08-17 01:00:00+02:00 | 2024-08-17 02:00:00+02:00 | 2024-08-17 03:00:00+02:00 | 2024-08-17 04:00:00+02:00 | 2024-08-17 05:00:00+02:00 | 2024-08-17 06:00:00+02:00 | 2024-08-17 07:00:00+02:00 | 2024-08-17 08:00:00+02:00 | 2024-08-17 09:00:00+02:00 | 2024-08-17 10:00:00+02:00 | 2024-08-17 11:00:00+02:00 | 2024-08-17 12:00:00+02:00 | 2024-08-17 13:00:00+02:00 | 2024-08-17 14:00:00+02:00 | 2024-08-17 15:00:00+02:00 | 2024-08-17 16:00:00+02:00 | 2024-08-17 17:00:00+02:00 | 2024-08-17 18:00:00+02:00 | 2024-08-17 19:00:00+02:00 | 2024-08-17 20:00:00+02:00 | 2024-08-17 21:00:00+02:00 | 2024-08-17 22:00:00+02:00 | 2024-08-17 23:00:00+02:00,,,,,,,
2024-08-18 00:00:00+02:00,True,,,24,2,2,2024-08-18 22:00:00+02:00 | 2024-08-18 23:00:00+02:00,0.0,Optimization terminated successfully. (HiGHS Status 7: Optimal),6249042.873382568,6249042.873382568,1.0,0.0,6249042.873382568
2024-08-19 00:00:00+02:00,True,,,24,2,2,2024-08-19 22:00:00+02:00 | 2024-08-19 23:00:00+02:00,0.0,Optimization terminated successfully. (HiGHS Status 7: Optimal),7263756.6566467285,7263756.6566467285,1.0,0.0,7263756.6566467285
2024-08-20 00:00:00+02:00,True,,,24,2,2,2024-08-20 22:00:00+02:00 | 2024-08-20 23:00:00+02:00,0.0,Optimization terminated successfully. (HiGHS Status 7: Optimal),7026757.411956787,7026757.411956787,1.0,0.0,7026757.411956787
2024-08-21 00:00:00+02:00,True,,,24,2,2,2024-08-21 22:00:00+02:00 | 2024-08-21 23:00:00+02:00,0.0,Optimization terminated successfully. (HiGHS Status 7: Optimal),7472703.227996826,7472703.227996826,1.0,0.0,7472703.227996826
2024-08-22 00:00:00+02:00,True,,,24,2,2,2024-08-22 22:00:00+02:00 | 2024-08-22 23:00:00+02:00,0.0,Optimization terminated successfully. (HiGHS Status 7: Optimal),7214986.667633057,7214986.667633057,1.0,0.0,7214986.667633057
2024-08-23 00:00:00+02:00,True,,,24,2,2,2024-08-23 22:00:00+02:00 | 2024-08-23 23:00:00+02:00,0.0,Optimization terminated successfully. (HiGHS Status 7: Optimal),6803327.732086182,6803327.732086182,1.0,0.0,6803327.732086182
2024-08-24 00:00:00+02:00,True,,,24,2,2,2024-08-24 22:00:00+02:00 | 2024-08-24 23:00:00+02:00,0.0,Optimization terminated successfully. (HiGHS Status 7: Optimal),5794427.337646484,5794427.337646484,1.0,0.0,5794427.337646484
2024-08-25 00:00:00+02:00,True,,,24,2,2,2024-08-25 22:00:00+02:00 | 2024-08-25 23:00:00+02:00,0.0,Optimization terminated successfully. (HiGHS Status 7: Optimal),6163167.266845703,6163167.266845703,1.0,0.0,6163167.266845703
2024-08-26 00:00:00+02:00,True,,,24,2,2,2024-08-26 22:00:00+02:00 | 2024-08-26 23:00:00+02:00,0.0,Optimization terminated successfully. (HiGHS Status 7: Optimal),7119108.066558838,7119108.066558838,1.0,0.0,7119108.066558838
2024-08-27 00:00:00+02:00,True,,,24,2,2,2024-08-27 22:00:00+02:00 | 2024-08-27 23:00:00+02:00,0.0,Optimization terminated successfully. (HiGHS Status 7: Optimal),7657645.778656006,7657645.778656006,1.0,0.0,7657645.778656006
2024-08-28 00:00:00+02:00,True,,,24,2,2,2024-08-28 22:00:00+02:00 | 2024-08-28 23:00:00+02:00,0.0,Optimization terminated successfully. (HiGHS Status 7: Optimal),8073413.314819336,8073413.314819336,1.0,0.0,8073413.314819336
2024-08-29 00:00:00+02:00,True,,,24,2,2,2024-08-29 22:00:00+02:00 | 2024-08-29 23:00:00+02:00,0.0,Optimization terminated successfully. (HiGHS Status 7: Optimal),8242697.486877441,8242697.486877441,1.0,0.0,8242697.486877441
2024-08-30 00:00:00+02:00,True,,,24,2,2,2024-08-30 22:00:00+02:00 | 2024-08-30 23:00:00+02:00,0.0,Optimization terminated successfully. (HiGHS Status 7: Optimal),7982233.371734619,7982233.371734619,1.0,0.0,7982233.371734619
2024-08-31 00:00:00+02:00,True,,,24,2,2,2024-08-31 22:00:00+02:00 | 2024-08-31 23:00:00+02:00,0.0,Optimization terminated successfully. (HiGHS Status 7: Optimal),7401871.719360352,7401871.719360352,1.0,0.0,7401871.719360352
2024-09-01 00:00:00+02:00,True,,,24,2,2,2024-09-01 22:00:00+02:00 | 2024-09-01 23:00:00+02:00,0.0,Optimization terminated successfully. (HiGHS Status 7: Optimal),7637521.839141846,7637521.839141846,1.0,0.0,7637521.839141846
2024-09-02 00:00:00+02:00,True,,,24,2,2,2024-09-02 22:00:00+02:00 | 2024-09-02 23:00:00+02:00,0.0,Optimization terminated successfully. (HiGHS Status 7: Optimal),8833009.338378906,8833009.338378906,1.0,0.0,8833009.338378906
2024-09-03 00:00:00+02:00,True,,,24,2,2,2024-09-03 22:00:00+02:00 | 2024-09-03 23:00:00+02:00,0.0,Optimization terminated successfully. (HiGHS Status 7: Optimal),9232771.224975586,9232771.224975586,1.0,0.0,9232771.224975586
2024-09-04 00:00:00+02:00,True,,,24,2,2,2024-09-04 22:00:00+02:00 | 2024-09-04 23:00:00+02:00,0.0,Optimization terminated successfully. (HiGHS Status 7: Optimal),9268041.858673096,9268041.858673096,1.0,0.0,9268041.858673096
2024-09-05 00:00:00+02:00,True,,,24,2,2,2024-09-05 22:00:00+02:00 | 2024-09-05 23:00:00+02:00,0.0,Optimization terminated successfully. (HiGHS Status 7: Optimal),8679494.609832764,8679494.609832764,1.0,0.0,8679494.609832764
2024-09-06 00:00:00+02:00,True,,,24,2,2,2024-09-06 22:00:00+02:00 | 2024-09-06 23:00:00+02:00,0.0,Optimization terminated successfully. (HiGHS Status 7: Optimal),8193997.039794922,8193997.039794922,1.0,0.0,8193997.039794922
2024-09-07 00:00:00+02:00,True,,,24,2,2,2024-09-07 22:00:00+02:00 | 2024-09-07 23:00:00+02:00,0.0,Optimization terminated successfully. (HiGHS Status 7: Optimal),7157407.43637085,7157407.43637085,1.0,0.0,7157407.43637085
2024-09-08 00:00:00+02:00,True,,,24,2,2,2024-09-08 22:00:00+02:00 | 2024-09-08 23:00:00+02:00,0.0,Optimization terminated successfully. (HiGHS Status 7: Optimal),5831953.315734863,5831953.315734863,1.0,0.0,5831953.315734863
2024-09-09 00:00:00+02:00,True,,,24,2,2,2024-09-09 22:00:00+02:00 | 2024-09-09 23:00:00+02:00,0.0,Optimization terminated successfully. (HiGHS Status 7: Optimal),6653982.200622559,6653982.200622559,1.0,0.0,6653982.200622559
2024-09-10 00:00:00+02:00,True,,,24,2,2,2024-09-10 22:00:00+02:00 | 2024-09-10 23:00:00+02:00,0.0,Optimization terminated successfully. (HiGHS Status 7: Optimal),7038454.113006592,7038454.113006592,1.0,0.0,7038454.113006592
2024-09-11 00:00:00+02:00,True,,,24,2,2,2024-09-11 22:00:00+02:00 | 2024-09-11 23:00:00+02:00,0.0,Optimization terminated successfully. (HiGHS Status 7: Optimal),7484430.6564331055,7484430.6564331055,1.0,0.0,7484430.6564331055
2024-09-12 00:00:00+02:00,True,,,24,2,2,2024-09-12 22:00:00+02:00 | 2024-09-12 23:00:00+02:00,0.0,Optimization terminated successfully. (HiGHS Status 7: Optimal),8136654.376983643,8136654.376983643,1.0,0.0,8136654.376983643
2024-09-13 00:00:00+02:00,True,,,24,2,2,2024-09-13 22:00:00+02:00 | 2024-09-13 23:00:00+02:00,0.0,Optimization terminated successfully. (HiGHS Status 7: Optimal),8285644.378662109,8285644.378662109,1.0,0.0,8285644.378662109
2024-09-14 00:00:00+02:00,True,,,24,2,2,2024-09-14 22:00:00+02:00 | 2024-09-14 23:00:00+02:00,0.0,Optimization terminated successfully. (HiGHS Status 7: Optimal),7220765.953063965,7220765.953063965,1.0,0.0,7220765.953063965
2024-09-15 00:00:00+02:00,True,,,24,2,2,2024-09-15 22:00:00+02:00 | 2024-09-15 23:00:00+02:00,0.0,Optimization terminated successfully. (HiGHS Status 7: Optimal),6696582.298278809,6696582.298278809,1.0,0.0,6696582.298278809
2024-09-16 00:00:00+02:00,True,,,24,2,2,2024-09-16 22:00:00+02:00 | 2024-09-16 23:00:00+02:00,0.0,Optimization terminated successfully. (HiGHS Status 7: Optimal),7652359.943389893,7652359.943389893,1.0,0.0,7652359.943389893
2024-09-17 00:00:00+02:00,True,,,24,2,2,2024-09-17 22:00:00+02:00 | 2024-09-17 23:00:00+02:00,0.0,Optimization terminated successfully. (HiGHS Status 7: Optimal),6739372.806549072,6739372.806549072,1.0,0.0,6739372.806549072
2024-09-18 00:00:00+02:00,True,,,24,2,2,2024-09-18 22:00:00+02:00 | 2024-09-18 23:00:00+02:00,0.0,Optimization terminated successfully. (HiGHS Status 7: Optimal),6678304.901123047,6678304.901123047,1.0,0.0,6678304.901123047
2024-09-19 00:00:00+02:00,True,,,24,2,2,2024-09-19 22:00:00+02:00 | 2024-09-19 23:00:00+02:00,0.0,Optimization terminated successfully. (HiGHS Status 7: Optimal),6615831.775665283,6615831.775665283,1.0,0.0,6615831.775665283
2024-09-20 00:00:00+02:00,True,,,24,2,2,2024-09-20 22:00:00+02:00 | 2024-09-20 23:00:00+02:00,0.0,Optimization terminated successfully. (HiGHS Status 7: Optimal),7246323.2421875,7246323.2421875,1.0,0.0,7246323.2421875
2024-09-21 00:00:00+02:00,True,,,24,2,2,2024-09-21 22:00:00+02:00 | 2024-09-21 23:00:00+02:00,0.0,Optimization terminated successfully. (HiGHS Status 7: Optimal),6837493.686676025,6837493.686676025,1.0,0.0,6837493.686676025
2024-09-22 00:00:00+02:00,True,,,24,2,2,2024-09-22 22:00:00+02:00 | 2024-09-22 23:00:00+02:00,0.0,Optimization terminated successfully. (HiGHS Status 7: Optimal),6716918.830871582,6716918.830871582,1.0,0.0,6716918.830871582
2024-09-23 00:00:00+02:00,True,,,24,2,2,2024-09-23 22:00:00+02:00 | 2024-09-23 23:00:00+02:00,0.0,Optimization terminated successfully. (HiGHS Status 7: Optimal),7655844.612121582,7655844.612121582,1.0,0.0,7655844.612121582
2024-09-24 00:00:00+02:00,True,,,24,2,2,2024-09-24 22:00:00+02:00 | 2024-09-24 23:00:00+02:00,0.0,Optimization terminated successfully. (HiGHS Status 7: Optimal),7685922.870635986,7685922.870635986,1.0,0.0,7685922.870635986
2024-09-25 00:00:00+02:00,True,,,24,2,2,2024-09-25 22:00:00+02:00 | 2024-09-25 23:00:00+02:00,0.0,Optimization terminated successfully. (HiGHS Status 7: Optimal),7598984.088897705,7598984.088897705,1.0,0.0,7598984.088897705
2024-09-26 00:00:00+02:00,True,,,24,2,2,2024-09-26 22:00:00+02:00 | 2024-09-26 23:00:00+02:00,0.0,Optimization terminated successfully. (HiGHS Status 7: Optimal),6623080.139160156,6623080.139160156,1.0,0.0,6623080.139160156
2024-09-27 00:00:00+02:00,True,,,24,2,2,2024-09-27 22:00:00+02:00 | 2024-09-27 23:00:00+02:00,0.0,Optimization terminated successfully. (HiGHS Status 7: Optimal),6164919.128417969,6164919.128417969,1.0,0.0,6164919.128417969
2024-09-28 00:00:00+02:00,True,,,24,2,2,2024-09-28 22:00:00+02:00 | 2024-09-28 23:00:00+02:00,0.0,Optimization terminated successfully. (HiGHS Status 7: Optimal),7069044.303894043,7069044.303894043,1.0,0.0,7069044.303894043
2024-09-29 00:00:00+02:00,True,,,24,2,2,2024-09-29 22:00:00+02:00 | 2024-09-29 23:00:00+02:00,0.0,Optimization terminated successfully. (HiGHS Status 7: Optimal),6795228.385925293,6795228.385925293,1.0,0.0,6795228.385925293
2024-09-30 00:00:00+02:00,True,,,24,2,2,2024-09-30 22:00:00+02:00 | 2024-09-30 23:00:00+02:00,0.0,Optimization terminated successfully. (HiGHS Status 7: Optimal),6431997.6234436035,6431997.6234436035,1.0,0.0,6431997.6234436035
2024-10-01 00:00:00+02:00,True,,,24,2,2,2024-10-01 22:00:00+02:00 | 2024-10-01 23:00:00+02:00,0.0,Optimization terminated successfully. (HiGHS Status 7: Optimal),8131524.486541748,8131524.486541748,1.0,0.0,8131524.486541748
2024-10-02 00:00:00+02:00,True,,,24,2,2,2024-10-02 22:00:00+02:00 | 2024-10-02 23:00:00+02:00,0.0,Optimization terminated successfully. (HiGHS Status 7: Optimal),8846682.91091919,8846682.91091919,1.0,0.0,8846682.91091919
2024-10-03 00:00:00+02:00,True,,,24,2,2,2024-10-03 22:00:00+02:00 | 2024-10-03 23:00:00+02:00,0.0,Optimization terminated successfully. (HiGHS Status 7: Optimal),8149363.2888793945,8149363.2888793945,1.0,0.0,8149363.2888793945
2024-10-04 00:00:00+02:00,True,,,24,2,2,2024-10-04 22:00:00+02:00 | 2024-10-04 23:00:00+02:00,0.0,Optimization terminated successfully. (HiGHS Status 7: Optimal),8501409.072875977,8501409.072875977,1.0,0.0,8501409.072875977
2024-10-05 00:00:00+02:00,True,,,24,2,2,2024-10-05 22:00:00+02:00 | 2024-10-05 23:00:00+02:00,0.0,Optimization terminated successfully. (HiGHS Status 7: Optimal),7642002.31552124,7642002.31552124,1.0,0.0,7642002.31552124
2024-10-06 00:00:00+02:00,True,,,24,2,2,2024-10-06 22:00:00+02:00 | 2024-10-06 23:00:00+02:00,0.0,Optimization terminated successfully. (HiGHS Status 7: Optimal),6747846.031188965,6747846.031188965,1.0,0.0,6747846.031188965
2024-10-07 00:00:00+02:00,True,,,24,2,2,2024-10-07 22:00:00+02:00 | 2024-10-07 23:00:00+02:00,0.0,Optimization terminated successfully. (HiGHS Status 7: Optimal),7937824.420928955,7937824.420928955,1.0,0.0,7937824.420928955
2024-10-08 00:00:00+02:00,True,,,24,2,2,2024-10-08 22:00:00+02:00 | 2024-10-08 23:00:00+02:00,0.0,Optimization terminated successfully. (HiGHS Status 7: Optimal),7341325.721740723,7341325.721740723,1.0,0.0,7341325.721740723
2024-10-09 00:00:00+02:00,True,,,24,2,2,2024-10-09 22:00:00+02:00 | 2024-10-09 23:00:00+02:00,0.0,Optimization terminated successfully. (HiGHS Status 7: Optimal),7365300.006866455,7365300.006866455,1.0,0.0,7365300.006866455
2024-10-10 00:00:00+02:00,True,,,24,2,2,2024-10-10 22:00:00+02:00 | 2024-10-10 23:00:00+02:00,0.0,Optimization terminated successfully. (HiGHS Status 7: Optimal),7749673.252105713,7749673.252105713,1.0,0.0,7749673.252105713
2024-10-11 00:00:00+02:00,True,,,24,2,2,2024-10-11 22:00:00+02:00 | 2024-10-11 23:00:00+02:00,0.0,Optimization terminated successfully. (HiGHS Status 7: Optimal),8935849.45678711,8935849.45678711,1.0,0.0,8935849.45678711
2024-10-12 00:00:00+02:00,True,,,24,2,2,2024-10-12 22:00:00+02:00 | 2024-10-12 23:00:00+02:00,0.0,Optimization terminated successfully. (HiGHS Status 7: Optimal),7751077.80456543,7751077.80456543,1.0,0.0,7751077.80456543
2024-10-13 00:00:00+02:00,True,,,24,2,2,2024-10-13 22:00:00+02:00 | 2024-10-13 23:00:00+02:00,0.0,Optimization terminated successfully. (HiGHS Status 7: Optimal),7213521.289825439,7213521.289825439,1.0,0.0,7213521.289825439
2024-10-14 00:00:00+02:00,True,,,24,2,2,2024-10-14 22:00:00+02:00 | 2024-10-14 23:00:00+02:00,0.0,Optimization terminated successfully. (HiGHS Status 7: Optimal),8810164.184570312,8810164.184570312,1.0,0.0,8810164.184570312
2024-10-15 00:00:00+02:00,True,,,24,2,2,2024-10-15 22:00:00+02:00 | 2024-10-15 23:00:00+02:00,0.0,Optimization terminated successfully. (HiGHS Status 7: Optimal),8180451.507568359,8180451.507568359,1.0,0.0,8180451.507568359
2024-10-16 00:00:00+02:00,True,,,24,2,2,2024-10-16 22:00:00+02:00 | 2024-10-16 23:00:00+02:00,0.0,Optimization terminated successfully. (HiGHS Status 7: Optimal),7342874.0310668945,7342874.0310668945,1.0,0.0,7342874.0310668945
2024-10-17 00:00:00+02:00,True,,,24,2,2,2024-10-17 22:00:00+02:00 | 2024-10-17 23:00:00+02:00,0.0,Optimization terminated successfully. (HiGHS Status 7: Optimal),8407199.13482666,8407199.13482666,1.0,0.0,8407199.13482666
2024-10-18 00:00:00+02:00,True,,,24,2,2,2024-10-18 22:00:00+02:00 | 2024-10-18 23:00:00+02:00,0.0,Optimization terminated successfully. (HiGHS Status 7: Optimal),8486147.25112915,8486147.25112915,1.0,0.0,8486147.25112915
2024-10-19 00:00:00+02:00,True,,,24,2,2,2024-10-19 22:00:00+02:00 | 2024-10-19 23:00:00+02:00,0.0,Optimization terminated successfully. (HiGHS Status 7: Optimal),7219338.74130249,7219338.74130249,1.0,0.0,7219338.74130249
2024-10-20 00:00:00+02:00,True,,,24,2,2,2024-10-20 22:00:00+02:00 | 2024-10-20 23:00:00+02:00,0.0,Optimization terminated successfully. (HiGHS Status 7: Optimal),6002680.816650391,6002680.816650391,1.0,0.0,6002680.816650391
2024-10-21 00:00:00+02:00,True,,,24,2,2,2024-10-21 22:00:00+02:00 | 2024-10-21 23:00:00+02:00,0.0,Optimization terminated successfully. (HiGHS Status 7: Optimal),7776128.940582275,7776128.940582275,1.0,0.0,7776128.940582275
2024-10-22 00:00:00+02:00,True,,,24,2,2,2024-10-22 22:00:00+02:00 | 2024-10-22 23:00:00+02:00,0.0,Optimization terminated successfully. (HiGHS Status 7: Optimal),8698208.084106445,8698208.084106445,1.0,0.0,8698208.084106445
2024-10-23 00:00:00+02:00,True,,,24,2,2,2024-10-23 22:00:00+02:00 | 2024-10-23 23:00:00+02:00,0.0,Optimization terminated successfully. (HiGHS Status 7: Optimal),8991036.30065918,8991036.30065918,1.0,0.0,8991036.30065918
2024-10-24 00:00:00+02:00,True,,,24,2,2,2024-10-24 22:00:00+02:00 | 2024-10-24 23:00:00+02:00,0.0,Optimization terminated successfully. (HiGHS Status 7: Optimal),8292792.491912842,8292792.491912842,1.0,0.0,8292792.491912842
2024-10-25 00:00:00+02:00,True,,,24,2,2,2024-10-25 22:00:00+02:00 | 2024-10-25 23:00:00+02:00,0.0,Optimization terminated successfully. (HiGHS Status 7: Optimal),8620232.982635498,8620232.982635498,1.0,0.0,8620232.982635498
2024-10-26 00:00:00+02:00,True,,,24,2,2,2024-10-26 22:00:00+02:00 | 2024-10-26 23:00:00+02:00,0.0,Optimization terminated successfully. (HiGHS Status 7: Optimal),8232332.401275635,8232332.401275635,1.0,0.0,8232332.401275635
2024-10-27 00:00:00+02:00,True,,,25,2,2,2024-10-27 02:00:00+02:00 | 2024-10-27 23:00:00+01:00,0.0,Optimization terminated successfully. (HiGHS Status 7: Optimal),7758101.2535095215,7758101.2535095215,1.0,0.0,7758101.2535095215
2024-10-28 00:00:00+01:00,True,,,24,1,1,2024-10-28 23:00:00+01:00,0.0,Optimization terminated successfully. (HiGHS Status 7: Optimal),8742553.691864014,8742553.691864014,1.0,0.0,8742553.691864014
2024-10-29 00:00:00+01:00,True,,,24,1,1,2024-10-29 23:00:00+01:00,0.0,Optimization terminated successfully. (HiGHS Status 7: Optimal),8842810.363769531,8842810.363769531,1.0,0.0,8842810.363769531
2024-10-30 00:00:00+01:00,True,,,24,1,1,2024-10-30 23:00:00+01:00,0.0,Optimization terminated successfully. (HiGHS Status 7: Optimal),8473215.17944336,8473215.17944336,1.0,0.0,8473215.17944336
2024-10-31 00:00:00+01:00,True,,,24,1,1,2024-10-31 23:00:00+01:00,0.0,Optimization terminated successfully. (HiGHS Status 7: Optimal),8889505.214691162,8889505.214691162,1.0,0.0,8889505.214691162
2024-11-01 00:00:00+01:00,True,,,24,1,1,2024-11-01 23:00:00+01:00,0.0,Optimization terminated successfully. (HiGHS Status 7: Optimal),8409846.97341919,8409846.97341919,1.0,0.0,8409846.97341919
2024-11-02 00:00:00+01:00,True,,,24,1,1,2024-11-02 23:00:00+01:00,0.0,Optimization terminated successfully. (HiGHS Status 7: Optimal),8085671.405792236,8085671.405792236,1.0,0.0,8085671.405792236
2024-11-03 00:00:00+01:00,True,,,24,1,1,2024-11-03 23:00:00+01:00,0.0,Optimization terminated successfully. (HiGHS Status 7: Optimal),7899102.325439453,7899102.325439453,1.0,0.0,7899102.325439453
2024-11-04 00:00:00+01:00,True,,,24,1,1,2024-11-04 23:00:00+01:00,0.0,Optimization terminated successfully. (HiGHS Status 7: Optimal),9666319.999694824,9666319.999694824,1.0,0.0,9666319.999694824
2024-11-05 00:00:00+01:00,True,,,24,1,1,2024-11-05 23:00:00+01:00,0.0,Optimization terminated successfully. (HiGHS Status 7: Optimal),10117146.14868164,10117146.14868164,1.0,0.0,10117146.14868164
2024-11-06 00:00:00+01:00,True,,,24,1,1,2024-11-06 23:00:00+01:00,0.0,Optimization terminated successfully. (HiGHS Status 7: Optimal),10123723.335266113,10123723.335266113,1.0,0.0,10123723.335266113
2024-11-07 00:00:00+01:00,True,,,24,1,1,2024-11-07 23:00:00+01:00,0.0,Optimization terminated successfully. (HiGHS Status 7: Optimal),9663080.310821533,9663080.310821533,1.0,0.0,9663080.310821533
2024-11-08 00:00:00+01:00,True,,,24,1,1,2024-11-08 23:00:00+01:00,0.0,Optimization terminated successfully. (HiGHS Status 7: Optimal),10051391.124725342,10051391.124725342,1.0,0.0,10051391.124725342
2024-11-09 00:00:00+01:00,True,,,24,1,1,2024-11-09 23:00:00+01:00,0.0,Optimization terminated successfully. (HiGHS Status 7: Optimal),9285256.252288818,9285256.252288818,1.0,0.0,9285256.252288818
2024-11-10 00:00:00+01:00,True,,,24,1,1,2024-11-10 23:00:00+01:00,0.0,Optimization terminated successfully. (HiGHS Status 7: Optimal),8759371.490478516,8759371.490478516,1.0,0.0,8759371.490478516
2024-11-11 00:00:00+01:00,True,,,24,1,1,2024-11-11 23:00:00+01:00,0.0,Optimization terminated successfully. (HiGHS Status 7: Optimal),8213295.078277588,8213295.078277588,1.0,0.0,8213295.078277588
2024-11-12 00:00:00+01:00,True,,,24,1,1,2024-11-12 23:00:00+01:00,0.0,Optimization terminated successfully. (HiGHS Status 7: Optimal),9095078.182220459,9095078.182220459,1.0,0.0,9095078.182220459
2024-11-13 00:00:00+01:00,True,,,24,1,1,2024-11-13 23:00:00+01:00,0.0,Optimization terminated successfully. (HiGHS Status 7: Optimal),11226633.495025633,11226633.495025633,1.0,0.0009250983500153014,11216247.754903158
2024-11-14 00:00:00+01:00,True,,,24,1,1,2024-11-14 23:00:00+01:00,0.0,Optimization terminated successfully. (HiGHS Status 7: Optimal),12850245.749816895,12850245.749816895,1.0,3.700111617408674e-05,12849770.27638104
2024-11-15 00:00:00+01:00,True,,,24,1,1,2024-11-15 23:00:00+01:00,0.0,Optimization terminated successfully. (HiGHS Status 7: Optimal),14802948.052520752,14802948.052520752,1.0,0.0006267434456267347,14793670.401852882
2024-11-16 00:00:00+01:00,True,,,24,1,1,2024-11-16 23:00:00+01:00,0.0,Optimization terminated successfully. (HiGHS Status 7: Optimal),11483236.637115479,11483236.637115479,1.0,0.0,11483236.637115479
2024-11-17 00:00:00+01:00,True,,,24,1,1,2024-11-17 23:00:00+01:00,0.0,Optimization terminated successfully. (HiGHS Status 7: Optimal),9810232.35321045,9810232.35321045,1.0,0.0,9810232.35321045
2024-11-18 00:00:00+01:00,True,,,24,1,1,2024-11-18 23:00:00+01:00,0.0,Optimization terminated successfully. (HiGHS Status 7: Optimal),11727950.575408936,11727950.575408936,1.0,0.0,11727950.575408936
2024-11-19 00:00:00+01:00,True,,,24,1,1,2024-11-19 23:00:00+01:00,0.0,Optimization terminated successfully. (HiGHS Status 7: Optimal),9658493.65234375,9658493.65234375,1.0,0.0,9658493.65234375
2024-11-20 00:00:00+01:00,True,,,24,1,1,2024-11-20 23:00:00+01:00,0.0,Optimization terminated successfully. (HiGHS Status 7: Optimal),13785456.821899414,13785456.821899414,1.0,0.0005244391344803995,13778227.18885532
2024-11-21 00:00:00+01:00,True,,,24,1,1,2024-11-21 23:00:00+01:00,0.0,Optimization terminated successfully. (HiGHS Status 7: Optimal),17723748.120574936,17723748.12057495,1.0,4.680883022482141e-05,17722918.492658213
2024-11-22 00:00:00+01:00,True,,,24,1,1,2024-11-22 23:00:00+01:00,0.0,Optimization terminated successfully. (HiGHS Status 7: Optimal),15123048.349151613,15123048.349151611,1.0,0.00029147397306300245,15118640.374164462
2024-11-23 00:00:00+01:00,True,,,24,1,1,2024-11-23 23:00:00+01:00,0.0,Optimization terminated successfully. (HiGHS Status 7: Optimal),9447648.029327393,9447648.029327393,1.0,0.0,9447648.029327393
2024-11-24 00:00:00+01:00,True,,,24,1,1,2024-11-24 23:00:00+01:00,0.0,Optimization terminated successfully. (HiGHS Status 7: Optimal),6163270.435333252,6163270.435333252,1.0,0.0,6163270.435333252
2024-11-25 00:00:00+01:00,True,,,24,1,1,2024-11-25 23:00:00+01:00,0.0,Optimization terminated successfully. (HiGHS Status 7: Optimal),8524290.27557373,8524290.27557373,1.0,0.0,8524290.27557373
2024-11-26 00:00:00+01:00,True,,,24,1,1,2024-11-26 23:00:00+01:00,0.0,Optimization terminated successfully. (HiGHS Status 7: Optimal),11256995.012817383,11256995.012817383,1.0,4.789327109969589e-05,11256455.878503466
2024-11-27 00:00:00+01:00,True,,,24,1,1,2024-11-27 23:00:00+01:00,0.0,Optimization terminated successfully. (HiGHS Status 7: Optimal),10242532.176971436,10242532.176971436,1.0,0.0,10242532.176971436
2024-11-28 00:00:00+01:00,True,,,24,1,1,2024-11-28 23:00:00+01:00,0.0,Optimization terminated successfully. (HiGHS Status 7: Optimal),14271568.78524776,14271568.7852478,1.0,0.0006558635636877093,14262208.583284853
2024-11-29 00:00:00+01:00,True,,,24,1,1,2024-11-29 23:00:00+01:00,0.0,Optimization terminated successfully. (HiGHS Status 7: Optimal),11430325.729370117,11430325.729370117,1.0,0.0004314534208360479,11425394.07623291
2024-11-30 00:00:00+01:00,True,,,24,1,1,2024-11-30 23:00:00+01:00,0.0,Optimization terminated successfully. (HiGHS Status 7: Optimal),11986822.397766113,11986822.397766113,1.0,0.0,11986822.397766113
2024-12-01 00:00:00+01:00,True,,,24,1,1,2024-12-01 23:00:00+01:00,0.0,Optimization terminated successfully. (HiGHS Status 7: Optimal),9441272.735595703,9441272.735595703,1.0,0.0,9441272.735595703
2024-12-02 00:00:00+01:00,True,,,24,1,1,2024-12-02 23:00:00+01:00,0.0,Optimization terminated successfully. (HiGHS Status 7: Optimal),11423742.109832764,11423742.109832764,1.0,0.0,11423742.109832764
2024-12-03 00:00:00+01:00,True,,,24,1,1,2024-12-03 23:00:00+01:00,0.0,Optimization terminated successfully. (HiGHS Status 7: Optimal),18518762.25585937,18518762.255859375,1.0,0.0,18518762.25585937
2024-12-04 00:00:00+01:00,True,,,24,1,1,2024-12-04 23:00:00+01:00,0.0,Optimization terminated successfully. (HiGHS Status 7: Optimal),22462730.954895016,22462730.95489502,1.0,0.0,22462730.954895016
2024-12-05 00:00:00+01:00,True,,,24,1,1,2024-12-05 23:00:00+01:00,0.0,Optimization terminated successfully. (HiGHS Status 7: Optimal),10599024.00970459,10599024.00970459,1.0,0.0,10599024.00970459
2024-12-06 00:00:00+01:00,True,,,24,1,1,2024-12-06 23:00:00+01:00,0.0,Optimization terminated successfully. (HiGHS Status 7: Optimal),12327583.904876705,12327583.904876707,1.0,0.0007144722695319435,12318776.188026343
2024-12-07 00:00:00+01:00,True,,,24,1,1,2024-12-07 23:00:00+01:00,0.0,Optimization terminated successfully. (HiGHS Status 7: Optimal),8034404.8500061035,8034404.8500061035,1.0,0.0,8034404.8500061035
2024-12-08 00:00:00+01:00,True,,,24,1,1,2024-12-08 23:00:00+01:00,0.0,Optimization terminated successfully. (HiGHS Status 7: Optimal),8726506.576538086,8726506.576538086,1.0,0.0,8726506.576538086
2024-12-09 00:00:00+01:00,True,,,24,1,1,2024-12-09 23:00:00+01:00,0.0,Optimization terminated successfully. (HiGHS Status 7: Optimal),12048015.502624512,12048015.502624512,1.0,2.8347990086350706e-05,12047673.965600483
2024-12-10 00:00:00+01:00,True,,,24,1,1,2024-12-10 23:00:00+01:00,0.0,Optimization terminated successfully. (HiGHS Status 7: Optimal),20567626.025390625,20567626.02539063,1.0,0.0,20567626.025390625
2024-12-11 00:00:00+01:00,True,,,24,1,1,2024-12-11 23:00:00+01:00,0.0,Optimization terminated successfully. (HiGHS Status 7: Optimal),30606019.03396607,30606019.03396607,1.0,0.0,30606019.03396607
2024-12-12 00:00:00+01:00,True,,,24,1,1,2024-12-12 23:00:00+01:00,0.0,Optimization terminated successfully. (HiGHS Status 7: Optimal),34984130.60836792,34984130.60836792,1.0,0.0,34984130.60836792
2024-12-13 00:00:00+01:00,True,,,24,1,1,2024-12-13 23:00:00+01:00,0.0,Optimization terminated successfully. (HiGHS Status 7: Optimal),44940262.15515134,44940262.15515137,1.0,4.9898959706530496e-06,44940037.90791829
2024-12-14 00:00:00+01:00,True,,,24,1,1,2024-12-14 23:00:00+01:00,0.0,Optimization terminated successfully. (HiGHS Status 7: Optimal),26802037.98370361,26802037.983703613,1.0,0.0,26802037.98370361
2024-12-15 00:00:00+01:00,True,,,24,1,1,2024-12-15 23:00:00+01:00,0.0,Optimization terminated successfully. (HiGHS Status 7: Optimal),13457573.97567749,13457573.97567749,1.0,0.0005664103862887016,13449951.466003418
2024-12-16 00:00:00+01:00,True,,,24,1,1,2024-12-16 23:00:00+01:00,0.0,Optimization terminated successfully. (HiGHS Status 7: Optimal),23471130.35888672,23471130.35888672,1.0,0.0,23471130.35888672
2024-12-17 00:00:00+01:00,True,,,24,1,1,2024-12-17 23:00:00+01:00,0.0,Optimization terminated successfully. (HiGHS Status 7: Optimal),24135547.19024658,24135547.190246582,1.0,7.567815584552902e-06,24135364.53687641
2024-12-18 00:00:00+01:00,True,,,24,1,1,2024-12-18 23:00:00+01:00,0.0,Optimization terminated successfully. (HiGHS Status 7: Optimal),11181325.378417969,11181325.378417969,1.0,0.0,11181325.378417969
2024-12-19 00:00:00+01:00,True,,,24,1,1,2024-12-19 23:00:00+01:00,0.0,Optimization terminated successfully. (HiGHS Status 7: Optimal),9958839.39743042,9958839.39743042,1.0,0.0,9958839.39743042
2024-12-20 00:00:00+01:00,True,,,24,1,1,2024-12-20 23:00:00+01:00,0.0,Optimization terminated successfully. (HiGHS Status 7: Optimal),14274350.538787842,14274350.538787842,1.0,0.000882364493547723,14261755.358703962
2024-12-21 00:00:00+01:00,True,,,24,1,1,2024-12-21 23:00:00+01:00,0.0,Optimization terminated successfully. (HiGHS Status 7: Optimal),9850042.057037354,9850042.057037354,1.0,0.0,9850042.057037354
2024-12-22 00:00:00+01:00,True,,,24,1,1,2024-12-22 23:00:00+01:00,0.0,Optimization terminated successfully. (HiGHS Status 7: Optimal),7922466.564178467,7922466.564178467,1.0,0.0,7922466.564178467
2024-12-23 00:00:00+01:00,True,,,24,1,1,2024-12-23 23:00:00+01:00,0.0,Optimization terminated successfully. (HiGHS Status 7: Optimal),11177783.523254395,11177783.523254395,1.0,0.00020535872883782724,11175488.067838835
2024-12-24 00:00:00+01:00,True,,,24,1,1,2024-12-24 23:00:00+01:00,0.0,Optimization terminated successfully. (HiGHS Status 7: Optimal),18396457.82104492,18396457.821044926,1.0,0.0,18396457.82104492
2024-12-25 00:00:00+01:00,True,,,24,1,1,2024-12-25 23:00:00+01:00,0.0,Optimization terminated successfully. (HiGHS Status 7: Optimal),10841029.052734375,10841029.052734375,1.0,0.0,10841029.052734375
2024-12-26 00:00:00+01:00,True,,,24,1,1,2024-12-26 23:00:00+01:00,0.0,Optimization terminated successfully. (HiGHS Status 7: Optimal),11925315.289611816,11925315.289611816,1.0,1.9540549703432963e-05,11925082.26239567
2024-12-27 00:00:00+01:00,True,,,24,1,1,2024-12-27 23:00:00+01:00,0.0,Optimization terminated successfully. (HiGHS Status 7: Optimal),17115617.457580566,17115617.457580566,1.0,1.816074516234824e-05,17115306.625213623
2024-12-28 00:00:00+01:00,True,,,24,1,1,2024-12-28 23:00:00+01:00,0.0,Optimization terminated successfully. (HiGHS Status 7: Optimal),14553092.245635608,14553092.245635986,1.0,0.000943133945194206,14539366.730331207
2024-12-29 00:00:00+01:00,True,,,24,1,1,2024-12-29 23:00:00+01:00,0.0,Optimization terminated successfully. (HiGHS Status 7: Optimal),14135271.976013184,14135271.976013184,1.0,0.00019289141031112684,14132545.403466599
2024-12-30 00:00:00+01:00,True,,,24,1,1,2024-12-30 23:00:00+01:00,0.0,Optimization terminated successfully. (HiGHS Status 7: Optimal),27457307.04437256,27457307.044372562,1.0,0.0,27457307.04437256
2024-12-31 00:00:00+01:00,True,,,24,1,1,2024-12-31 23:00:00+01:00,0.0,Optimization terminated successfully. (HiGHS Status 7: Optimal),13660139.807891846,13660139.807891846,1.0,0.00026296056878325993,13656547.729758304
2025-01-01 00:00:00+01:00,True,,,24,1,1,2025-01-01 23:00:00+01:00,0.0,Optimization terminated successfully. (HiGHS Status 7: Optimal),7849011.001586914,7849011.001586914,1.0,0.0,7849011.001586914
2025-01-02 00:00:00+01:00,True,,,24,1,1,2025-01-02 23:00:00+01:00,0.0,Optimization terminated successfully. (HiGHS Status 7: Optimal),14971020.980834961,14971020.980834963,1.0,0.0,14971020.980834961
2025-01-03 00:00:00+01:00,True,,,24,1,1,2025-01-03 23:00:00+01:00,0.0,Optimization terminated successfully. (HiGHS Status 7: Optimal),25865471.502990723,25865471.502990726,1.0,0.0,25865471.502990723
2025-01-04 00:00:00+01:00,True,,,24,1,1,2025-01-04 23:00:00+01:00,0.0,Optimization terminated successfully. (HiGHS Status 7: Optimal),22381239.601135254,22381239.601135254,1.0,0.0,22381239.601135254
2025-01-05 00:00:00+01:00,True,,,24,1,1,2025-01-05 23:00:00+01:00,0.0,Optimization terminated successfully. (HiGHS Status 7: Optimal),9122226.905822754,9122226.905822754,1.0,0.0,9122226.905822754
2025-01-06 00:00:00+01:00,True,,,24,1,1,2025-01-06 23:00:00+01:00,0.0,Optimization terminated successfully. (HiGHS Status 7: Optimal),9946986.408233643,9946986.408233643,1.0,0.0,9946986.408233643
2025-01-07 00:00:00+01:00,True,,,24,1,1,2025-01-07 23:00:00+01:00,0.0,Optimization terminated successfully. (HiGHS Status 7: Optimal),13207166.061248777,13207166.06124878,1.0,0.0004120446784342234,13201724.118756043
2025-01-08 00:00:00+01:00,True,,,24,1,1,2025-01-08 23:00:00+01:00,0.0,Optimization terminated successfully. (HiGHS Status 7: Optimal),16703281.77108764,16703281.771087645,1.0,3.957554963069375e-06,16703215.666931968
2025-01-09 00:00:00+01:00,True,,,24,1,1,2025-01-09 23:00:00+01:00,0.0,Optimization terminated successfully. (HiGHS Status 7: Optimal),14485877.810821531,14485877.810821533,1.0,6.283981016723836e-05,14484967.521009794
2025-01-10 00:00:00+01:00,True,,,24,1,1,2025-01-10 23:00:00+01:00,0.0,Optimization terminated successfully. (HiGHS Status 7: Optimal),25764201.25,25764201.250000004,1.0,0.0,25764201.25
2025-01-11 00:00:00+01:00,True,,,24,1,1,2025-01-11 23:00:00+01:00,0.0,Optimization terminated successfully. (HiGHS Status 7: Optimal),19414349.638061512,19414349.638061523,1.0,0.0,19414349.638061512
2025-01-12 00:00:00+01:00,True,,,24,1,1,2025-01-12 23:00:00+01:00,0.0,Optimization terminated successfully. (HiGHS Status 7: Optimal),18901323.249816876,18901323.2498169,1.0,0.0,18901323.249816876
2025-01-13 00:00:00+01:00,True,,,24,1,1,2025-01-13 23:00:00+01:00,0.0,Optimization terminated successfully. (HiGHS Status 7: Optimal),37545573.389434814,37545573.389434814,1.0,0.0,37545573.389434814
2025-01-14 00:00:00+01:00,True,,,24,1,1,2025-01-14 23:00:00+01:00,0.0,Optimization terminated successfully. (HiGHS Status 7: Optimal),46035313.286590576,46035313.28659058,1.0,7.35352782960353e-06,46034974.76463318
2025-01-15 00:00:00+01:00,True,,,24,1,1,2025-01-15 23:00:00+01:00,0.0,Optimization terminated successfully. (HiGHS Status 7: Optimal),43657251.87225342,43657251.87225342,1.0,0.0,43657251.87225342
2025-01-16 00:00:00+01:00,True,,,24,1,1,2025-01-16 23:00:00+01:00,0.0,Optimization terminated successfully. (HiGHS Status 7: Optimal),44775837.927246094,44775837.927246094,1.0,0.0,44775837.927246094
2025-01-17 00:00:00+01:00,True,,,24,1,1,2025-01-17 23:00:00+01:00,0.0,Optimization terminated successfully. (HiGHS Status 7: Optimal),43094035.92987061,43094035.929870605,1.0,0.0,43094035.92987061
2025-01-18 00:00:00+01:00,True,,,24,1,1,2025-01-18 23:00:00+01:00,0.0,Optimization terminated successfully. (HiGHS Status 7: Optimal),40722350.422668464,40722350.42266846,1.0,7.500586193813581e-06,40722044.981169105
2025-01-19 00:00:00+01:00,True,,,24,1,1,2025-01-19 23:00:00+01:00,0.0,Optimization terminated successfully. (HiGHS Status 7: Optimal),37874735.8215332,37874735.8215332,1.0,0.0,37874735.8215332
2025-01-20 00:00:00+01:00,True,,,24,1,1,2025-01-20 23:00:00+01:00,0.0,Optimization terminated successfully. (HiGHS Status 7: Optimal),54826895.375823975,54826895.37582399,1.0,0.0,54826895.375823975
2025-01-21 00:00:00+01:00,True,,,24,1,1,2025-01-21 23:00:00+01:00,0.0,Optimization terminated successfully. (HiGHS Status 7: Optimal),41831938.65356445,41831938.65356445,1.0,0.0,41831938.65356445
2025-01-22 00:00:00+01:00,True,,,24,1,1,2025-01-22 23:00:00+01:00,0.0,Optimization terminated successfully. (HiGHS Status 7: Optimal),36666965.84472656,36666965.84472656,1.0,0.0,36666965.84472656
2025-01-23 00:00:00+01:00,True,,,24,1,1,2025-01-23 23:00:00+01:00,0.0,Optimization terminated successfully. (HiGHS Status 7: Optimal),22678805.38482666,22678805.38482666,1.0,0.0,22678805.38482666
2025-01-24 00:00:00+01:00,True,,,24,1,1,2025-01-24 23:00:00+01:00,0.0,Optimization terminated successfully. (HiGHS Status 7: Optimal),12210107.823638916,12210107.823638916,1.0,3.795768728315117e-06,12210061.47689347
2025-01-25 00:00:00+01:00,True,,,24,1,1,2025-01-25 23:00:00+01:00,0.0,Optimization terminated successfully. (HiGHS Status 7: Optimal),13036761.407775879,13036761.407775879,1.0,0.00016142495335431757,13034656.949173737
2025-01-26 00:00:00+01:00,True,,,24,1,1,2025-01-26 23:00:00+01:00,0.0,Optimization terminated successfully. (HiGHS Status 7: Optimal),9314181.34689331,9314181.34689331,1.0,0.0,9314181.34689331
2025-01-27 00:00:00+01:00,True,,,24,1,1,2025-01-27 23:00:00+01:00,0.0,Optimization terminated successfully. (HiGHS Status 7: Optimal),8945183.506011963,8945183.506011963,1.0,0.0,8945183.506011963
2025-01-28 00:00:00+01:00,True,,,24,1,1,2025-01-28 23:00:00+01:00,0.0,Optimization terminated successfully. (HiGHS Status 7: Optimal),9207344.093322754,9207344.093322754,1.0,0.0,9207344.093322754
2025-01-29 00:00:00+01:00,True,,,24,1,1,2025-01-29 23:00:00+01:00,0.0,Optimization terminated successfully. (HiGHS Status 7: Optimal),12871662.697296143,12871662.697296143,1.0,6.37909919506545e-05,12870841.601164628
2025-01-30 00:00:00+01:00,True,,,24,1,1,2025-01-30 23:00:00+01:00,0.0,Optimization terminated successfully. (HiGHS Status 7: Optimal),18146904.0283203,18146904.028320316,1.0,2.003130210939997e-06,18146867.677708607
2025-01-31 00:00:00+01:00,True,,,24,1,1,2025-01-31 23:00:00+01:00,0.0,Optimization terminated successfully. (HiGHS Status 7: Optimal),23569035.13702392,23569035.13702392,1.0,0.0,23569035.13702392
2025-02-01 00:00:00+01:00,True,,,24,1,1,2025-02-01 23:00:00+01:00,0.0,Optimization terminated successfully. (HiGHS Status 7: Optimal),18516427.11624144,18516427.11624146,1.0,0.0,18516427.11624144
2025-02-02 00:00:00+01:00,True,,,24,1,1,2025-02-02 23:00:00+01:00,0.0,Optimization terminated successfully. (HiGHS Status 7: Optimal),17416167.687988278,17416167.687988278,1.0,0.0,17416167.687988278
2025-02-03 00:00:00+01:00,True,,,24,1,1,2025-02-03 23:00:00+01:00,0.0,Optimization terminated successfully. (HiGHS Status 7: Optimal),32381524.783325206,32381524.783325206,1.0,0.0,32381524.783325206
2025-02-04 00:00:00+01:00,True,,,24,1,1,2025-02-04 23:00:00+01:00,0.0,Optimization terminated successfully. (HiGHS Status 7: Optimal),28095549.191284176,28095549.191284183,1.0,0.0,28095549.191284176
2025-02-05 00:00:00+01:00,True,,,24,1,1,2025-02-05 23:00:00+01:00,0.0,Optimization terminated successfully. (HiGHS Status 7: Optimal),34368056.49871826,34368056.49871826,1.0,0.0,34368056.49871826
2025-02-06 00:00:00+01:00,True,,,24,1,1,2025-02-06 23:00:00+01:00,0.0,Optimization terminated successfully. (HiGHS Status 7: Optimal),22781247.298736572,22781247.298736576,1.0,0.0,22781247.298736572
2025-02-07 00:00:00+01:00,True,,,24,1,1,2025-02-07 23:00:00+01:00,0.0,Optimization terminated successfully. (HiGHS Status 7: Optimal),25190781.696472168,25190781.69647217,1.0,0.0,25190781.696472168
2025-02-08 00:00:00+01:00,True,,,24,1,1,2025-02-08 23:00:00+01:00,0.0,Optimization terminated successfully. (HiGHS Status 7: Optimal),19189833.35128784,19189833.35128784,1.0,0.0,19189833.35128784
2025-02-09 00:00:00+01:00,True,,,24,1,1,2025-02-09 23:00:00+01:00,0.0,Optimization terminated successfully. (HiGHS Status 7: Optimal),21968937.669372544,21968937.669372562,1.0,0.0002570687693675252,21963290.141601566
2025-02-10 00:00:00+01:00,True,,,24,1,1,2025-02-10 23:00:00+01:00,0.0,Optimization terminated successfully. (HiGHS Status 7: Optimal),41061266.74194336,41061266.74194336,1.0,0.0,41061266.74194336
2025-02-11 00:00:00+01:00,True,,,24,1,1,2025-02-11 23:00:00+01:00,0.0,Optimization terminated successfully. (HiGHS Status 7: Optimal),43504941.748046875,43504941.748046875,1.0,0.0,43504941.748046875
2025-02-12 00:00:00+01:00,True,,,24,1,1,2025-02-12 23:00:00+01:00,0.0,Optimization terminated successfully. (HiGHS Status 7: Optimal),46520910.748290926,46520910.748291016,1.0,8.289287468881886e-07,46520872.185770676
2025-02-13 00:00:00+01:00,True,,,24,1,1,2025-02-13 23:00:00+01:00,0.0,Optimization terminated successfully. (HiGHS Status 7: Optimal),28141997.857666016,28141997.85766602,1.0,0.0,28141997.857666016
2025-02-14 00:00:00+01:00,True,,,24,1,1,2025-02-14 23:00:00+01:00,0.0,Optimization terminated successfully. (HiGHS Status 7: Optimal),19244748.903198242,19244748.903198242,1.0,0.0,19244748.903198242
2025-02-15 00:00:00+01:00,True,,,24,1,1,2025-02-15 23:00:00+01:00,0.0,Optimization terminated successfully. (HiGHS Status 7: Optimal),12913517.478790283,12913517.478790283,1.0,0.0002513330843108237,12910271.884613037
2025-02-16 00:00:00+01:00,True,,,24,1,1,2025-02-16 23:00:00+01:00,0.0,Optimization terminated successfully. (HiGHS Status 7: Optimal),12697160.477752686,12697160.477752686,1.0,0.0009349643958311752,12685289.084777832
2025-02-17 00:00:00+01:00,True,,,24,1,1,2025-02-17 23:00:00+01:00,0.0,Optimization terminated successfully. (HiGHS Status 7: Optimal),18434063.96850586,18434063.96850586,1.0,7.314812528672166e-06,18433929.12678379
2025-02-18 00:00:00+01:00,True,,,24,1,1,2025-02-18 23:00:00+01:00,0.0,Optimization terminated successfully. (HiGHS Status 7: Optimal),12908586.97814908,12908586.978149414,1.0,0.00013268455017109354,12906874.20809254
2025-02-19 00:00:00+01:00,True,,,24,1,1,2025-02-19 23:00:00+01:00,0.0,Optimization terminated successfully. (HiGHS Status 7: Optimal),12991207.582397461,12991207.582397461,1.0,0.0007997749882402865,12980817.539506022
2025-02-20 00:00:00+01:00,True,,,24,1,1,2025-02-20 23:00:00+01:00,0.0,Optimization terminated successfully. (HiGHS Status 7: Optimal),11561322.537689209,11561322.537689209,1.0,0.0,11561322.537689209
2025-02-21 00:00:00+01:00,True,,,24,1,1,2025-02-21 23:00:00+01:00,0.0,Optimization terminated successfully. (HiGHS Status 7: Optimal),9284327.030181885,9284327.030181885,1.0,0.0,9284327.030181885
2025-02-22 00:00:00+01:00,True,,,24,1,1,2025-02-22 23:00:00+01:00,0.0,Optimization terminated successfully. (HiGHS Status 7: Optimal),9054911.270141602,9054911.270141602,1.0,0.0,9054911.270141602
2025-02-23 00:00:00+01:00,True,,,24,1,1,2025-02-23 23:00:00+01:00,0.0,Optimization terminated successfully. (HiGHS Status 7: Optimal),8754688.85421753,8754688.85421753,1.0,0.0,8754688.85421753
2025-02-24 00:00:00+01:00,True,,,24,1,1,2025-02-24 23:00:00+01:00,0.0,Optimization terminated successfully. (HiGHS Status 7: Optimal),10120711.151123047,10120711.151123047,1.0,0.0,10120711.151123047
2025-02-25 00:00:00+01:00,True,,,24,1,1,2025-02-25 23:00:00+01:00,0.0,Optimization terminated successfully. (HiGHS Status 7: Optimal),11812506.844787598,11812506.844787598,1.0,0.0,11812506.844787598
2025-02-26 00:00:00+01:00,True,,,24,1,1,2025-02-26 23:00:00+01:00,0.0,Optimization terminated successfully. (HiGHS Status 7: Optimal),11769757.33795166,11769757.33795166,1.0,0.0006045225834778026,11762642.253838815
2025-02-27 00:00:00+01:00,True,,,24,1,1,2025-02-27 23:00:00+01:00,0.0,Optimization terminated successfully. (HiGHS Status 7: Optimal),14799005.79864502,14799005.79864502,1.0,0.0005715988323865823,14790546.704210032
2025-02-28 00:00:00+01:00,True,,,24,1,1,2025-02-28 23:00:00+01:00,0.0,Optimization terminated successfully. (HiGHS Status 7: Optimal),13003247.581787104,13003247.58178711,1.0,0.00032020567237011705,12999083.868152183
2025-03-01 00:00:00+01:00,True,,,24,1,1,2025-03-01 23:00:00+01:00,0.0,Optimization terminated successfully. (HiGHS Status 7: Optimal),10132742.576599121,10132742.576599121,1.0,0.0,10132742.576599121
2025-03-02 00:00:00+01:00,True,,,24,1,1,2025-03-02 23:00:00+01:00,0.0,Optimization terminated successfully. (HiGHS Status 7: Optimal),10188038.520812988,10188038.520812988,1.0,0.0,10188038.520812988
2025-03-03 00:00:00+01:00,True,,,24,1,1,2025-03-03 23:00:00+01:00,0.0,Optimization terminated successfully. (HiGHS Status 7: Optimal),16533293.028869629,16533293.028869629,1.0,0.000132426074747668,16531103.589771163
2025-03-04 00:00:00+01:00,True,,,24,1,1,2025-03-04 23:00:00+01:00,0.0,Optimization terminated successfully. (HiGHS Status 7: Optimal),17431933.9352417,17431933.935241707,1.0,6.30000531587361e-05,17430835.72247712
2025-03-05 00:00:00+01:00,True,,,24,1,1,2025-03-05 23:00:00+01:00,0.0,Optimization terminated successfully. (HiGHS Status 7: Optimal),14932028.37600708,14932028.37600708,1.0,0.0006064111364292657,14922973.427710392
2025-03-06 00:00:00+01:00,True,,,24,1,1,2025-03-06 23:00:00+01:00,0.0,Optimization terminated successfully. (HiGHS Status 7: Optimal),10420573.9402771,10420573.9402771,1.0,0.0,10420573.9402771
2025-03-07 00:00:00+01:00,True,,,24,1,1,2025-03-07 23:00:00+01:00,0.0,Optimization terminated successfully. (HiGHS Status 7: Optimal),9604317.13104248,9604317.13104248,1.0,0.0,9604317.13104248
2025-03-08 00:00:00+01:00,True,,,24,1,1,2025-03-08 23:00:00+01:00,0.0,Optimization terminated successfully. (HiGHS Status 7: Optimal),7723435.688018799,7723435.688018799,1.0,0.0,7723435.688018799
2025-03-09 00:00:00+01:00,True,,,24,1,1,2025-03-09 23:00:00+01:00,0.0,Optimization terminated successfully. (HiGHS Status 7: Optimal),7757546.272277832,7757546.272277832,1.0,0.0,7757546.272277832
2025-03-10 00:00:00+01:00,True,,,24,1,1,2025-03-10 23:00:00+01:00,0.0,Optimization terminated successfully. (HiGHS Status 7: Optimal),12569791.080932615,12569791.080932617,1.0,0.0005772558924839973,12562535.094963854
2025-03-11 00:00:00+01:00,True,,,24,1,1,2025-03-11 23:00:00+01:00,0.0,Optimization terminated successfully. (HiGHS Status 7: Optimal),13893674.126892088,13893674.12689209,1.0,0.00019373818798879662,13890982.391642237
2025-03-12 00:00:00+01:00,True,,,24,1,1,2025-03-12 23:00:00+01:00,0.0,Optimization terminated successfully. (HiGHS Status 7: Optimal),20402541.612091064,20402541.612091064,1.0,0.0,20402541.612091064
2025-03-13 00:00:00+01:00,True,,,24,1,1,2025-03-13 23:00:00+01:00,0.0,Optimization terminated successfully. (HiGHS Status 7: Optimal),14612854.543457033,14612854.543457035,1.0,0.0002815176364768693,14608740.767183779
2025-03-14 00:00:00+01:00,True,,,24,1,1,2025-03-14 23:00:00+01:00,0.0,Optimization terminated successfully. (HiGHS Status 7: Optimal),15358813.9968872,15358813.996887207,1.0,0.0002196594735705037,15355440.287889976
2025-03-15 00:00:00+01:00,True,,,24,1,1,2025-03-15 23:00:00+01:00,0.0,Optimization terminated successfully. (HiGHS Status 7: Optimal),9501957.111358643,9501957.111358643,1.0,0.0,9501957.111358643
2025-03-16 00:00:00+01:00,True,,,24,1,1,2025-03-16 23:00:00+01:00,0.0,Optimization terminated successfully. (HiGHS Status 7: Optimal),10228583.393096924,10228583.393096924,1.0,0.0,10228583.393096924
2025-03-17 00:00:00+01:00,True,,,24,1,1,2025-03-17 23:00:00+01:00,0.0,Optimization terminated successfully. (HiGHS Status 7: Optimal),11399702.726593018,11399702.726593018,1.0,0.0009673513125298207,11388675.209197998
2025-03-18 00:00:00+01:00,True,,,24,1,1,2025-03-18 23:00:00+01:00,0.0,Optimization terminated successfully. (HiGHS Status 7: Optimal),9615496.730804443,9615496.730804443,1.0,0.0,9615496.730804443
2025-03-19 00:00:00+01:00,True,,,24,1,1,2025-03-19 23:00:00+01:00,0.0,Optimization terminated successfully. (HiGHS Status 7: Optimal),9740440.521240234,9740440.521240234,1.0,0.0,9740440.521240234
2025-03-20 00:00:00+01:00,True,,,24,1,1,2025-03-20 23:00:00+01:00,0.0,Optimization terminated successfully. (HiGHS Status 7: Optimal),8807402.725219727,8807402.725219727,1.0,0.0,8807402.725219727
2025-03-21 00:00:00+01:00,True,,,24,1,1,2025-03-21 23:00:00+01:00,0.0,Optimization terminated successfully. (HiGHS Status 7: Optimal),7853178.329467773,7853178.329467773,1.0,0.0,7853178.329467773
2025-03-22 00:00:00+01:00,True,,,24,1,1,2025-03-22 23:00:00+01:00,0.0,Optimization terminated successfully. (HiGHS Status 7: Optimal),7665425.720214844,7665425.720214844,1.0,0.0,7665425.720214844
2025-03-23 00:00:00+01:00,True,,,24,1,1,2025-03-23 23:00:00+01:00,0.0,Optimization terminated successfully. (HiGHS Status 7: Optimal),8324253.330230713,8324253.330230713,1.0,0.0,8324253.330230713
2025-03-24 00:00:00+01:00,True,,,24,1,1,2025-03-24 23:00:00+01:00,0.0,Optimization terminated successfully. (HiGHS Status 7: Optimal),12035160.688781738,12035160.688781738,1.0,0.0,12035160.688781738
2025-03-25 00:00:00+01:00,True,,,24,1,1,2025-03-25 23:00:00+01:00,0.0,Optimization terminated successfully. (HiGHS Status 7: Optimal),13027374.372406006,13027374.372406006,1.0,0.0004756031124007927,13021178.51260808
2025-03-26 00:00:00+01:00,True,,,24,1,1,2025-03-26 23:00:00+01:00,0.0,Optimization terminated successfully. (HiGHS Status 7: Optimal),12731872.59628296,12731872.59628296,1.0,0.00020554151650308057,12729255.667881597
2025-03-27 00:00:00+01:00,True,,,24,1,1,2025-03-27 23:00:00+01:00,0.0,Optimization terminated successfully. (HiGHS Status 7: Optimal),11039568.370819092,11039568.370819092,1.0,0.000257709350985152,11036723.370819092
2025-03-28 00:00:00+01:00,True,,,24,1,1,2025-03-28 23:00:00+01:00,0.0,Optimization terminated successfully. (HiGHS Status 7: Optimal),10163390.045166016,10163390.045166016,1.0,0.0,10163390.045166016
2025-03-29 00:00:00+01:00,True,,,24,1,1,2025-03-29 23:00:00+01:00,0.0,Optimization terminated successfully. (HiGHS Status 7: Optimal),7943522.94921875,7943522.94921875,1.0,0.0,7943522.94921875
2025-03-30 00:00:00+01:00,True,,,23,2,2,2025-03-30 22:00:00+02:00 | 2025-03-30 23:00:00+02:00,0.0,Optimization terminated successfully. (HiGHS Status 7: Optimal),7506019.268035889,7506019.268035889,1.0,0.0,7506019.268035889
2025-03-31 00:00:00+02:00,True,,,24,2,2,2025-03-31 22:00:00+02:00 | 2025-03-31 23:00:00+02:00,0.0,Optimization terminated successfully. (HiGHS Status 7: Optimal),8902808.151245117,8902808.151245117,1.0,0.0,8902808.151245117
2025-04-01 00:00:00+02:00,True,,,24,2,2,2025-04-01 22:00:00+02:00 | 2025-04-01 23:00:00+02:00,0.0,Optimization terminated successfully. (HiGHS Status 7: Optimal),7190337.066650391,7190337.066650391,1.0,0.0,7190337.066650391
2025-04-02 00:00:00+02:00,True,,,24,2,2,2025-04-02 22:00:00+02:00 | 2025-04-02 23:00:00+02:00,0.0,Optimization terminated successfully. (HiGHS Status 7: Optimal),7293109.474182129,7293109.474182129,1.0,0.0,7293109.474182129
2025-04-03 00:00:00+02:00,True,,,24,2,2,2025-04-03 22:00:00+02:00 | 2025-04-03 23:00:00+02:00,0.0,Optimization terminated successfully. (HiGHS Status 7: Optimal),8149936.466217041,8149936.466217041,1.0,0.0,8149936.466217041
2025-04-04 00:00:00+02:00,True,,,24,2,2,2025-04-04 22:00:00+02:00 | 2025-04-04 23:00:00+02:00,0.0,Optimization terminated successfully. (HiGHS Status 7: Optimal),7861663.417816162,7861663.417816162,1.0,0.0,7861663.417816162
2025-04-05 00:00:00+02:00,True,,,24,2,2,2025-04-05 22:00:00+02:00 | 2025-04-05 23:00:00+02:00,0.0,Optimization terminated successfully. (HiGHS Status 7: Optimal),6579183.254241943,6579183.254241943,1.0,0.0,6579183.254241943
2025-04-06 00:00:00+02:00,True,,,24,2,2,2025-04-06 22:00:00+02:00 | 2025-04-06 23:00:00+02:00,0.0,Optimization terminated successfully. (HiGHS Status 7: Optimal),5435233.888626099,5435233.888626099,1.0,0.0,5435233.888626099
2025-04-07 00:00:00+02:00,True,,,24,2,2,2025-04-07 22:00:00+02:00 | 2025-04-07 23:00:00+02:00,0.0,Optimization terminated successfully. (HiGHS Status 7: Optimal),8537687.511444092,8537687.511444092,1.0,0.0,8537687.511444092
2025-04-08 00:00:00+02:00,True,,,24,2,2,2025-04-08 22:00:00+02:00 | 2025-04-08 23:00:00+02:00,0.0,Optimization terminated successfully. (HiGHS Status 7: Optimal),9205594.92111206,9205594.92111206,1.0,0.0,9205594.92111206
2025-04-09 00:00:00+02:00,True,,,24,2,2,2025-04-09 22:00:00+02:00 | 2025-04-09 23:00:00+02:00,0.0,Optimization terminated successfully. (HiGHS Status 7: Optimal),9047447.471618652,9047447.471618652,1.0,0.0,9047447.471618652
2025-04-10 00:00:00+02:00,True,,,24,2,2,2025-04-10 22:00:00+02:00 | 2025-04-10 23:00:00+02:00,0.0,Optimization terminated successfully. (HiGHS Status 7: Optimal),8186728.096008301,8186728.096008301,1.0,0.0,8186728.096008301
2025-04-11 00:00:00+02:00,True,,,24,2,2,2025-04-11 22:00:00+02:00 | 2025-04-11 23:00:00+02:00,0.0,Optimization terminated successfully. (HiGHS Status 7: Optimal),8145854.759216309,8145854.759216309,1.0,0.0,8145854.759216309
2025-04-12 00:00:00+02:00,True,,,24,2,2,2025-04-12 22:00:00+02:00 | 2025-04-12 23:00:00+02:00,0.0,Optimization terminated successfully. (HiGHS Status 7: Optimal),6458594.68460083,6458594.68460083,1.0,0.0,6458594.68460083
2025-04-13 00:00:00+02:00,True,,,24,2,2,2025-04-13 22:00:00+02:00 | 2025-04-13 23:00:00+02:00,0.0,Optimization terminated successfully. (HiGHS Status 7: Optimal),6306242.733001709,6306242.733001709,1.0,0.0,6306242.733001709
2025-04-14 00:00:00+02:00,True,,,24,2,2,2025-04-14 22:00:00+02:00 | 2025-04-14 23:00:00+02:00,0.0,Optimization terminated successfully. (HiGHS Status 7: Optimal),8832755.165100098,8832755.165100098,1.0,0.0,8832755.165100098
2025-04-15 00:00:00+02:00,True,,,24,2,2,2025-04-15 22:00:00+02:00 | 2025-04-15 23:00:00+02:00,0.0,Optimization terminated successfully. (HiGHS Status 7: Optimal),8073445.3201293945,8073445.3201293945,1.0,0.0,8073445.3201293945
2025-04-16 00:00:00+02:00,True,,,24,2,2,2025-04-16 22:00:00+02:00 | 2025-04-16 23:00:00+02:00,0.0,Optimization terminated successfully. (HiGHS Status 7: Optimal),8694769.954681396,8694769.954681396,1.0,0.0,8694769.954681396
2025-04-17 00:00:00+02:00,True,,,24,2,2,2025-04-17 22:00:00+02:00 | 2025-04-17 23:00:00+02:00,0.0,Optimization terminated successfully. (HiGHS Status 7: Optimal),8966223.068237305,8966223.068237305,1.0,0.0,8966223.068237305
2025-04-18 00:00:00+02:00,True,,,24,2,2,2025-04-18 22:00:00+02:00 | 2025-04-18 23:00:00+02:00,0.0,Optimization terminated successfully. (HiGHS Status 7: Optimal),7621027.088165283,7621027.088165283,1.0,0.0,7621027.088165283
2025-04-19 00:00:00+02:00,True,,,24,2,2,2025-04-19 22:00:00+02:00 | 2025-04-19 23:00:00+02:00,0.0,Optimization terminated successfully. (HiGHS Status 7: Optimal),6813531.608581543,6813531.608581543,1.0,0.0,6813531.608581543
2025-04-20 00:00:00+02:00,True,,,24,2,2,2025-04-20 22:00:00+02:00 | 2025-04-20 23:00:00+02:00,0.0,Optimization terminated successfully. (HiGHS Status 7: Optimal),5990011.329650879,5990011.329650879,1.0,0.0,5990011.329650879
2025-04-21 00:00:00+02:00,True,,,24,2,2,2025-04-21 22:00:00+02:00 | 2025-04-21 23:00:00+02:00,0.0,Optimization terminated successfully. (HiGHS Status 7: Optimal),6522992.420196533,6522992.420196533,1.0,0.0,6522992.420196533
2025-04-22 00:00:00+02:00,True,,,24,2,2,2025-04-22 22:00:00+02:00 | 2025-04-22 23:00:00+02:00,0.0,Optimization terminated successfully. (HiGHS Status 7: Optimal),8602592.601776123,8602592.601776123,1.0,0.0,8602592.601776123
2025-04-23 00:00:00+02:00,True,,,24,2,2,2025-04-23 22:00:00+02:00 | 2025-04-23 23:00:00+02:00,0.0,Optimization terminated successfully. (HiGHS Status 7: Optimal),7794354.476928711,7794354.476928711,1.0,0.0,7794354.476928711
2025-04-24 00:00:00+02:00,True,,,24,2,2,2025-04-24 22:00:00+02:00 | 2025-04-24 23:00:00+02:00,0.0,Optimization terminated successfully. (HiGHS Status 7: Optimal),8411943.893432617,8411943.893432617,1.0,0.0,8411943.893432617
2025-04-25 00:00:00+02:00,True,,,24,2,2,2025-04-25 22:00:00+02:00 | 2025-04-25 23:00:00+02:00,0.0,Optimization terminated successfully. (HiGHS Status 7: Optimal),8318490.6578063965,8318490.6578063965,1.0,0.0,8318490.6578063965
2025-04-26 00:00:00+02:00,True,,,24,2,2,2025-04-26 22:00:00+02:00 | 2025-04-26 23:00:00+02:00,0.0,Optimization terminated successfully. (HiGHS Status 7: Optimal),7048673.057556152,7048673.057556152,1.0,0.0,7048673.057556152
2025-04-27 00:00:00+02:00,True,,,24,2,2,2025-04-27 22:00:00+02:00 | 2025-04-27 23:00:00+02:00,0.0,Optimization terminated successfully. (HiGHS Status 7: Optimal),6591569.6144104,6591569.6144104,1.0,0.0,6591569.6144104
2025-04-28 00:00:00+02:00,True,,,24,2,2,2025-04-28 22:00:00+02:00 | 2025-04-28 23:00:00+02:00,0.0,Optimization terminated successfully. (HiGHS Status 7: Optimal),6886793.041229248,6886793.041229248,1.0,0.0,6886793.041229248
2025-04-29 00:00:00+02:00,True,,,24,2,2,2025-04-29 22:00:00+02:00 | 2025-04-29 23:00:00+02:00,0.0,Optimization terminated successfully. (HiGHS Status 7: Optimal),6355260.7345581055,6355260.7345581055,1.0,0.0,6355260.7345581055
2025-04-30 00:00:00+02:00,True,,,24,2,2,2025-04-30 22:00:00+02:00 | 2025-04-30 23:00:00+02:00,0.0,Optimization terminated successfully. (HiGHS Status 7: Optimal),6167705.860137939,6167705.860137939,1.0,0.0,6167705.860137939
2025-05-01 00:00:00+02:00,True,,,24,2,2,2025-05-01 22:00:00+02:00 | 2025-05-01 23:00:00+02:00,0.0,Optimization terminated successfully. (HiGHS Status 7: Optimal),6228008.155822754,6228008.155822754,1.0,0.0,6228008.155822754
2025-05-02 00:00:00+02:00,True,,,24,2,2,2025-05-02 22:00:00+02:00 | 2025-05-02 23:00:00+02:00,0.0,Optimization terminated successfully. (HiGHS Status 7: Optimal),6534753.99017334,6534753.99017334,1.0,0.0,6534753.99017334
2025-05-03 00:00:00+02:00,True,,,24,2,2,2025-05-03 22:00:00+02:00 | 2025-05-03 23:00:00+02:00,0.0,Optimization terminated successfully. (HiGHS Status 7: Optimal),5926725.120544434,5926725.120544434,1.0,0.0,5926725.120544434
2025-05-04 00:00:00+02:00,True,,,24,2,2,2025-05-04 22:00:00+02:00 | 2025-05-04 23:00:00+02:00,0.0,Optimization terminated successfully. (HiGHS Status 7: Optimal),5097710.103988647,5097710.103988647,1.0,0.0,5097710.103988647
2025-05-05 00:00:00+02:00,True,,,24,2,2,2025-05-05 22:00:00+02:00 | 2025-05-05 23:00:00+02:00,0.0,Optimization terminated successfully. (HiGHS Status 7: Optimal),6043763.35144043,6043763.35144043,1.0,0.0,6043763.35144043
2025-05-06 00:00:00+02:00,True,,,24,2,2,2025-05-06 22:00:00+02:00 | 2025-05-06 23:00:00+02:00,0.0,Optimization terminated successfully. (HiGHS Status 7: Optimal),6724575.233459473,6724575.233459473,1.0,0.0,6724575.233459473
2025-05-07 00:00:00+02:00,True,,,24,2,2,2025-05-07 22:00:00+02:00 | 2025-05-07 23:00:00+02:00,0.0,Optimization terminated successfully. (HiGHS Status 7: Optimal),7853766.4794921875,7853766.4794921875,1.0,0.0,7853766.4794921875
2025-05-08 00:00:00+02:00,True,,,24,2,2,2025-05-08 22:00:00+02:00 | 2025-05-08 23:00:00+02:00,0.0,Optimization terminated successfully. (HiGHS Status 7: Optimal),5899302.520751953,5899302.520751953,1.0,0.0,5899302.520751953
2025-05-09 00:00:00+02:00,True,,,24,2,2,2025-05-09 22:00:00+02:00 | 2025-05-09 23:00:00+02:00,0.0,Optimization terminated successfully. (HiGHS Status 7: Optimal),6710342.063903809,6710342.063903809,1.0,0.0,6710342.063903809
2025-05-10 00:00:00+02:00,True,,,24,2,2,2025-05-10 22:00:00+02:00 | 2025-05-10 23:00:00+02:00,0.0,Optimization terminated successfully. (HiGHS Status 7: Optimal),5388255.100250244,5388255.100250244,1.0,0.0,5388255.100250244
2025-05-11 00:00:00+02:00,True,,,24,2,2,2025-05-11 22:00:00+02:00 | 2025-05-11 23:00:00+02:00,0.0,Optimization terminated successfully. (HiGHS Status 7: Optimal),5447907.71484375,5447907.71484375,1.0,0.0,5447907.71484375
2025-05-12 00:00:00+02:00,True,,,24,2,2,2025-05-12 22:00:00+02:00 | 2025-05-12 23:00:00+02:00,0.0,Optimization terminated successfully. (HiGHS Status 7: Optimal),7078431.415557861,7078431.415557861,1.0,0.0,7078431.415557861
2025-05-13 00:00:00+02:00,True,,,24,2,2,2025-05-13 22:00:00+02:00 | 2025-05-13 23:00:00+02:00,0.0,Optimization terminated successfully. (HiGHS Status 7: Optimal),7429587.326049805,7429587.326049805,1.0,0.0,7429587.326049805
2025-05-14 00:00:00+02:00,True,,,24,2,2,2025-05-14 22:00:00+02:00 | 2025-05-14 23:00:00+02:00,0.0,Optimization terminated successfully. (HiGHS Status 7: Optimal),7245864.181518555,7245864.181518555,1.0,0.0,7245864.181518555
2025-05-15 00:00:00+02:00,True,,,24,2,2,2025-05-15 22:00:00+02:00 | 2025-05-15 23:00:00+02:00,0.0,Optimization terminated successfully. (HiGHS Status 7: Optimal),6120304.050445557,6120304.050445557,1.0,0.0,6120304.050445557
2025-05-16 00:00:00+02:00,True,,,24,2,2,2025-05-16 22:00:00+02:00 | 2025-05-16 23:00:00+02:00,0.0,Optimization terminated successfully. (HiGHS Status 7: Optimal),5860668.754577637,5860668.754577637,1.0,0.0,5860668.754577637
2025-05-17 00:00:00+02:00,True,,,24,2,2,2025-05-17 22:00:00+02:00 | 2025-05-17 23:00:00+02:00,0.0,Optimization terminated successfully. (HiGHS Status 7: Optimal),5941095.542907715,5941095.542907715,1.0,0.0,5941095.542907715
2025-05-18 00:00:00+02:00,True,,,24,2,2,2025-05-18 22:00:00+02:00 | 2025-05-18 23:00:00+02:00,0.0,Optimization terminated successfully. (HiGHS Status 7: Optimal),5845068.93157959,5845068.93157959,1.0,0.0,5845068.93157959
2025-05-19 00:00:00+02:00,True,,,24,2,2,2025-05-19 22:00:00+02:00 | 2025-05-19 23:00:00+02:00,0.0,Optimization terminated successfully. (HiGHS Status 7: Optimal),6960559.65423584,6960559.65423584,1.0,0.0,6960559.65423584
2025-05-20 00:00:00+02:00,True,,,24,2,2,2025-05-20 22:00:00+02:00 | 2025-05-20 23:00:00+02:00,0.0,Optimization terminated successfully. (HiGHS Status 7: Optimal),7009660.968780518,7009660.968780518,1.0,0.0,7009660.968780518
2025-05-21 00:00:00+02:00,True,,,24,2,2,2025-05-21 22:00:00+02:00 | 2025-05-21 23:00:00+02:00,0.0,Optimization terminated successfully. (HiGHS Status 7: Optimal),7394250.946044922,7394250.946044922,1.0,0.0,7394250.946044922
2025-05-22 00:00:00+02:00,True,,,24,2,2,2025-05-22 22:00:00+02:00 | 2025-05-22 23:00:00+02:00,0.0,Optimization terminated successfully. (HiGHS Status 7: Optimal),6854414.215087891,6854414.215087891,1.0,0.0,6854414.215087891
2025-05-23 00:00:00+02:00,True,,,24,2,2,2025-05-23 22:00:00+02:00 | 2025-05-23 23:00:00+02:00,0.0,Optimization terminated successfully. (HiGHS Status 7: Optimal),7090837.593078613,7090837.593078613,1.0,0.0,7090837.593078613
2025-05-24 00:00:00+02:00,True,,,24,2,2,2025-05-24 22:00:00+02:00 | 2025-05-24 23:00:00+02:00,0.0,Optimization terminated successfully. (HiGHS Status 7: Optimal),5790314.426422119,5790314.426422119,1.0,0.0,5790314.426422119
2025-05-25 00:00:00+02:00,True,,,24,2,2,2025-05-25 22:00:00+02:00 | 2025-05-25 23:00:00+02:00,0.0,Optimization terminated successfully. (HiGHS Status 7: Optimal),4512200.508117676,4512200.508117676,1.0,0.0,4512200.508117676
2025-05-26 00:00:00+02:00,True,,,24,2,2,2025-05-26 22:00:00+02:00 | 2025-05-26 23:00:00+02:00,0.0,Optimization terminated successfully. (HiGHS Status 7: Optimal),6857687.950134277,6857687.950134277,1.0,0.0,6857687.950134277
2025-05-27 00:00:00+02:00,True,,,24,2,2,2025-05-27 22:00:00+02:00 | 2025-05-27 23:00:00+02:00,0.0,Optimization terminated successfully. (HiGHS Status 7: Optimal),6065738.735198975,6065738.735198975,1.0,0.0,6065738.735198975
2025-05-28 00:00:00+02:00,True,,,24,2,2,2025-05-28 22:00:00+02:00 | 2025-05-28 23:00:00+02:00,0.0,Optimization terminated successfully. (HiGHS Status 7: Optimal),5530498.962402344,5530498.962402344,1.0,0.0,5530498.962402344
2025-05-29 00:00:00+02:00,True,,,24,2,2,2025-05-29 22:00:00+02:00 | 2025-05-29 23:00:00+02:00,0.0,Optimization terminated successfully. (HiGHS Status 7: Optimal),5802238.922119141,5802238.922119141,1.0,0.0,5802238.922119141
2025-05-30 00:00:00+02:00,True,,,24,2,2,2025-05-30 22:00:00+02:00 | 2025-05-30 23:00:00+02:00,0.0,Optimization terminated successfully. (HiGHS Status 7: Optimal),6463395.06149292,6463395.06149292,1.0,0.0,6463395.06149292
2025-05-31 00:00:00+02:00,True,,,24,2,2,2025-05-31 22:00:00+02:00 | 2025-05-31 23:00:00+02:00,0.0,Optimization terminated successfully. (HiGHS Status 7: Optimal),6629937.801361084,6629937.801361084,1.0,0.0,6629937.801361084
2025-06-01 00:00:00+02:00,True,,,24,2,2,2025-06-01 22:00:00+02:00 | 2025-06-01 23:00:00+02:00,0.0,Optimization terminated successfully. (HiGHS Status 7: Optimal),6092825.2601623535,6092825.2601623535,1.0,0.0,6092825.2601623535
2025-06-02 00:00:00+02:00,True,,,24,2,2,2025-06-02 22:00:00+02:00 | 2025-06-02 23:00:00+02:00,0.0,Optimization terminated successfully. (HiGHS Status 7: Optimal),7931231.002807617,7931231.002807617,1.0,0.0,7931231.002807617
2025-06-03 00:00:00+02:00,True,,,24,2,2,2025-06-03 22:00:00+02:00 | 2025-06-03 23:00:00+02:00,0.0,Optimization terminated successfully. (HiGHS Status 7: Optimal),7173363.6474609375,7173363.6474609375,1.0,0.0,7173363.6474609375
2025-06-04 00:00:00+02:00,True,,,24,2,2,2025-06-04 22:00:00+02:00 | 2025-06-04 23:00:00+02:00,0.0,Optimization terminated successfully. (HiGHS Status 7: Optimal),7298626.270294189,7298626.270294189,1.0,0.0,7298626.270294189
2025-06-05 00:00:00+02:00,True,,,24,2,2,2025-06-05 22:00:00+02:00 | 2025-06-05 23:00:00+02:00,0.0,Optimization terminated successfully. (HiGHS Status 7: Optimal),6193330.917358398,6193330.917358398,1.0,0.0,6193330.917358398
2025-06-06 00:00:00+02:00,True,,,24,2,2,2025-06-06 22:00:00+02:00 | 2025-06-06 23:00:00+02:00,0.0,Optimization terminated successfully. (HiGHS Status 7: Optimal),6349961.14730835,6349961.14730835,1.0,0.0,6349961.14730835
2025-06-07 00:00:00+02:00,True,,,24,2,2,2025-06-07 22:00:00+02:00 | 2025-06-07 23:00:00+02:00,0.0,Optimization terminated successfully. (HiGHS Status 7: Optimal),5047626.047134399,5047626.047134399,1.0,0.0,5047626.047134399
2025-06-08 00:00:00+02:00,True,,,24,2,2,2025-06-08 22:00:00+02:00 | 2025-06-08 23:00:00+02:00,0.0,Optimization terminated successfully. (HiGHS Status 7: Optimal),4970395.002365112,4970395.002365112,1.0,0.0,4970395.002365112
2025-06-09 00:00:00+02:00,True,,,24,2,2,2025-06-09 22:00:00+02:00 | 2025-06-09 23:00:00+02:00,0.0,Optimization terminated successfully. (HiGHS Status 7: Optimal),6394159.736633301,6394159.736633301,1.0,0.0,6394159.736633301
2025-06-10 00:00:00+02:00,True,,,24,2,2,2025-06-10 22:00:00+02:00 | 2025-06-10 23:00:00+02:00,0.0,Optimization terminated successfully. (HiGHS Status 7: Optimal),7165613.651275635,7165613.651275635,1.0,0.0,7165613.651275635
2025-06-11 00:00:00+02:00,True,,,24,2,2,2025-06-11 22:00:00+02:00 | 2025-06-11 23:00:00+02:00,0.0,Optimization terminated successfully. (HiGHS Status 7: Optimal),7264274.6925354,7264274.6925354,1.0,0.0,7264274.6925354
2025-06-12 00:00:00+02:00,True,,,24,2,2,2025-06-12 22:00:00+02:00 | 2025-06-12 23:00:00+02:00,0.0,Optimization terminated successfully. (HiGHS Status 7: Optimal),7275738.105773926,7275738.105773926,1.0,0.0,7275738.105773926
2025-06-13 00:00:00+02:00,True,,,24,2,2,2025-06-13 22:00:00+02:00 | 2025-06-13 23:00:00+02:00,0.0,Optimization terminated successfully. (HiGHS Status 7: Optimal),7561251.335144043,7561251.335144043,1.0,0.0,7561251.335144043
2025-06-14 00:00:00+02:00,True,,,24,2,2,2025-06-14 22:00:00+02:00 | 2025-06-14 23:00:00+02:00,0.0,Optimization terminated successfully. (HiGHS Status 7: Optimal),7079911.785125732,7079911.785125732,1.0,0.0,7079911.785125732
2025-06-15 00:00:00+02:00,True,,,24,2,2,2025-06-15 22:00:00+02:00 | 2025-06-15 23:00:00+02:00,0.0,Optimization terminated successfully. (HiGHS Status 7: Optimal),6578272.914886475,6578272.914886475,1.0,0.0,6578272.914886475
2025-06-16 00:00:00+02:00,True,,,24,2,2,2025-06-16 22:00:00+02:00 | 2025-06-16 23:00:00+02:00,0.0,Optimization terminated successfully. (HiGHS Status 7: Optimal),7458599.872589111,7458599.872589111,1.0,0.0,7458599.872589111
2025-06-17 00:00:00+02:00,True,,,24,2,2,2025-06-17 22:00:00+02:00 | 2025-06-17 23:00:00+02:00,0.0,Optimization terminated successfully. (HiGHS Status 7: Optimal),7699140.605926514,7699140.605926514,1.0,0.0,7699140.605926514
2025-06-18 00:00:00+02:00,True,,,24,2,2,2025-06-18 22:00:00+02:00 | 2025-06-18 23:00:00+02:00,0.0,Optimization terminated successfully. (HiGHS Status 7: Optimal),7715454.845428467,7715454.845428467,1.0,0.0,7715454.845428467
2025-06-19 00:00:00+02:00,True,,,24,2,2,2025-06-19 22:00:00+02:00 | 2025-06-19 23:00:00+02:00,0.0,Optimization terminated successfully. (HiGHS Status 7: Optimal),7308624.91607666,7308624.91607666,1.0,0.0,7308624.91607666
2025-06-20 00:00:00+02:00,True,,,24,2,2,2025-06-20 22:00:00+02:00 | 2025-06-20 23:00:00+02:00,0.0,Optimization terminated successfully. (HiGHS Status 7: Optimal),7483257.884979248,7483257.884979248,1.0,0.0,7483257.884979248
2025-06-21 00:00:00+02:00,True,,,24,2,2,2025-06-21 22:00:00+02:00 | 2025-06-21 23:00:00+02:00,0.0,Optimization terminated successfully. (HiGHS Status 7: Optimal),7105676.612854004,7105676.612854004,1.0,0.0,7105676.612854004
2025-06-22 00:00:00+02:00,True,,,24,2,2,2025-06-22 22:00:00+02:00 | 2025-06-22 23:00:00+02:00,0.0,Optimization terminated successfully. (HiGHS Status 7: Optimal),6845043.296813965,6845043.296813965,1.0,0.0,6845043.296813965
2025-06-23 00:00:00+02:00,True,,,24,2,2,2025-06-23 22:00:00+02:00 | 2025-06-23 23:00:00+02:00,0.0,Optimization terminated successfully. (HiGHS Status 7: Optimal),7651353.759765625,7651353.759765625,1.0,0.0,7651353.759765625
2025-06-24 00:00:00+02:00,True,,,24,2,2,2025-06-24 22:00:00+02:00 | 2025-06-24 23:00:00+02:00,0.0,Optimization terminated successfully. (HiGHS Status 7: Optimal),8369682.693481445,8369682.693481445,1.0,0.0,8369682.693481445
2025-06-25 00:00:00+02:00,True,,,24,2,2,2025-06-25 22:00:00+02:00 | 2025-06-25 23:00:00+02:00,0.0,Optimization terminated successfully. (HiGHS Status 7: Optimal),8484046.974182129,8484046.974182129,1.0,0.0,8484046.974182129
2025-06-26 00:00:00+02:00,True,,,24,2,2,2025-06-26 22:00:00+02:00 | 2025-06-26 23:00:00+02:00,0.0,Optimization terminated successfully. (HiGHS Status 7: Optimal),7434833.011627197,7434833.011627197,1.0,0.0,7434833.011627197
2025-06-27 00:00:00+02:00,True,,,24,2,2,2025-06-27 22:00:00+02:00 | 2025-06-27 23:00:00+02:00,0.0,Optimization terminated successfully. (HiGHS Status 7: Optimal),8135432.8536987305,8135432.8536987305,1.0,0.0,8135432.8536987305
2025-06-28 00:00:00+02:00,True,,,24,2,2,2025-06-28 22:00:00+02:00 | 2025-06-28 23:00:00+02:00,0.0,Optimization terminated successfully. (HiGHS Status 7: Optimal),7221540.851593018,7221540.851593018,1.0,0.0,7221540.851593018
2025-06-29 00:00:00+02:00,True,,,24,2,2,2025-06-29 22:00:00+02:00 | 2025-06-29 23:00:00+02:00,0.0,Optimization terminated successfully. (HiGHS Status 7: Optimal),6964388.618469238,6964388.618469238,1.0,0.0,6964388.618469238
2025-06-30 00:00:00+02:00,True,,,24,2,2,2025-06-30 22:00:00+02:00 | 2025-06-30 23:00:00+02:00,0.0,Optimization terminated successfully. (HiGHS Status 7: Optimal),8751729.774475098,8751729.774475098,1.0,0.0,8751729.774475098
2025-07-01 00:00:00+02:00,True,,,24,2,2,2025-07-01 22:00:00+02:00 | 2025-07-01 23:00:00+02:00,0.0,Optimization terminated successfully. (HiGHS Status 7: Optimal),9158495.712280273,9158495.712280273,1.0,0.0,9158495.712280273
2025-07-02 00:00:00+02:00,True,,,24,2,2,2025-07-02 22:00:00+02:00 | 2025-07-02 23:00:00+02:00,0.0,Optimization terminated successfully. (HiGHS Status 7: Optimal),8444445.209503174,8444445.209503174,1.0,0.0,8444445.209503174
2025-07-03 00:00:00+02:00,True,,,24,2,2,2025-07-03 22:00:00+02:00 | 2025-07-03 23:00:00+02:00,0.0,Optimization terminated successfully. (HiGHS Status 7: Optimal),8339973.8693237305,8339973.8693237305,1.0,0.0,8339973.8693237305
2025-07-04 00:00:00+02:00,True,,,24,2,2,2025-07-04 22:00:00+02:00 | 2025-07-04 23:00:00+02:00,0.0,Optimization terminated successfully. (HiGHS Status 7: Optimal),8339648.64730835,8339648.64730835,1.0,0.0,8339648.64730835
2025-07-05 00:00:00+02:00,True,,,24,2,2,2025-07-05 22:00:00+02:00 | 2025-07-05 23:00:00+02:00,0.0,Optimization terminated successfully. (HiGHS Status 7: Optimal),7392944.164276123,7392944.164276123,1.0,0.0,7392944.164276123
2025-07-06 00:00:00+02:00,True,,,24,2,2,2025-07-06 22:00:00+02:00 | 2025-07-06 23:00:00+02:00,0.0,Optimization terminated successfully. (HiGHS Status 7: Optimal),6397749.290466309,6397749.290466309,1.0,0.0,6397749.290466309
2025-07-07 00:00:00+02:00,True,,,24,2,2,2025-07-07 22:00:00+02:00 | 2025-07-07 23:00:00+02:00,0.0,Optimization terminated successfully. (HiGHS Status 7: Optimal),7372367.038726807,7372367.038726807,1.0,0.0,7372367.038726807
2025-07-08 00:00:00+02:00,True,,,24,2,2,2025-07-08 22:00:00+02:00 | 2025-07-08 23:00:00+02:00,0.0,Optimization terminated successfully. (HiGHS Status 7: Optimal),7498971.328735352,7498971.328735352,1.0,0.0,7498971.328735352
2025-07-09 00:00:00+02:00,True,,,24,2,2,2025-07-09 22:00:00+02:00 | 2025-07-09 23:00:00+02:00,0.0,Optimization terminated successfully. (HiGHS Status 7: Optimal),8259175.262451172,8259175.262451172,1.0,0.0,8259175.262451172
2025-07-10 00:00:00+02:00,True,,,24,2,2,2025-07-10 22:00:00+02:00 | 2025-07-10 23:00:00+02:00,0.0,Optimization terminated successfully. (HiGHS Status 7: Optimal),7896346.855163574,7896346.855163574,1.0,0.0,7896346.855163574
2025-07-11 00:00:00+02:00,True,,,24,2,2,2025-07-11 22:00:00+02:00 | 2025-07-11 23:00:00+02:00,0.0,Optimization terminated successfully. (HiGHS Status 7: Optimal),7556145.248413086,7556145.248413086,1.0,0.0,7556145.248413086
2025-07-12 00:00:00+02:00,True,,,24,2,2,2025-07-12 22:00:00+02:00 | 2025-07-12 23:00:00+02:00,0.0,Optimization terminated successfully. (HiGHS Status 7: Optimal),7031374.0158081055,7031374.0158081055,1.0,0.0,7031374.0158081055
2025-07-13 00:00:00+02:00,True,,,24,2,2,2025-07-13 22:00:00+02:00 | 2025-07-13 23:00:00+02:00,0.0,Optimization terminated successfully. (HiGHS Status 7: Optimal),6861824.951171875,6861824.951171875,1.0,0.0,6861824.951171875
2025-07-14 00:00:00+02:00,True,,,24,2,2,2025-07-14 22:00:00+02:00 | 2025-07-14 23:00:00+02:00,0.0,Optimization terminated successfully. (HiGHS Status 7: Optimal),6367055.835723877,6367055.835723877,1.0,0.0,6367055.835723877
2025-07-15 00:00:00+02:00,True,,,24,2,2,2025-07-15 22:00:00+02:00 | 2025-07-15 23:00:00+02:00,0.0,Optimization terminated successfully. (HiGHS Status 7: Optimal),6789719.829559326,6789719.829559326,1.0,0.0,6789719.829559326
2025-07-16 00:00:00+02:00,True,,,24,2,2,2025-07-16 22:00:00+02:00 | 2025-07-16 23:00:00+02:00,0.0,Optimization terminated successfully. (HiGHS Status 7: Optimal),7016370.677947998,7016370.677947998,1.0,0.0,7016370.677947998
2025-07-17 00:00:00+02:00,True,,,24,2,2,2025-07-17 22:00:00+02:00 | 2025-07-17 23:00:00+02:00,0.0,Optimization terminated successfully. (HiGHS Status 7: Optimal),8662224.140167236,8662224.140167236,1.0,0.0,8662224.140167236
2025-07-18 00:00:00+02:00,True,,,24,2,2,2025-07-18 22:00:00+02:00 | 2025-07-18 23:00:00+02:00,0.0,Optimization terminated successfully. (HiGHS Status 7: Optimal),8421772.079467773,8421772.079467773,1.0,0.0,8421772.079467773
2025-07-19 00:00:00+02:00,True,,,24,2,2,2025-07-19 22:00:00+02:00 | 2025-07-19 23:00:00+02:00,0.0,Optimization terminated successfully. (HiGHS Status 7: Optimal),7113309.307098389,7113309.307098389,1.0,0.0,7113309.307098389
2025-07-20 00:00:00+02:00,True,,,24,2,2,2025-07-20 22:00:00+02:00 | 2025-07-20 23:00:00+02:00,0.0,Optimization terminated successfully. (HiGHS Status 7: Optimal),6016316.757202148,6016316.757202148,1.0,0.0,6016316.757202148
2025-07-21 00:00:00+02:00,True,,,24,2,2,2025-07-21 22:00:00+02:00 | 2025-07-21 23:00:00+02:00,0.0,Optimization terminated successfully. (HiGHS Status 7: Optimal),6274422.550201416,6274422.550201416,1.0,0.0,6274422.550201416
2025-07-22 00:00:00+02:00,True,,,24,2,2,2025-07-22 22:00:00+02:00 | 2025-07-22 23:00:00+02:00,0.0,Optimization terminated successfully. (HiGHS Status 7: Optimal),7425546.627044678,7425546.627044678,1.0,0.0,7425546.627044678
2025-07-23 00:00:00+02:00,True,,,24,2,2,2025-07-23 22:00:00+02:00 | 2025-07-23 23:00:00+02:00,0.0,Optimization terminated successfully. (HiGHS Status 7: Optimal),8566167.56439209,8566167.56439209,1.0,0.0,8566167.56439209
2025-07-24 00:00:00+02:00,True,,,24,2,2,2025-07-24 22:00:00+02:00 | 2025-07-24 23:00:00+02:00,0.0,Optimization terminated successfully. (HiGHS Status 7: Optimal),7689166.316986084,7689166.316986084,1.0,0.0,7689166.316986084
2025-07-25 00:00:00+02:00,True,,,24,2,2,2025-07-25 22:00:00+02:00 | 2025-07-25 23:00:00+02:00,0.0,Optimization terminated successfully. (HiGHS Status 7: Optimal),7731907.901763916,7731907.901763916,1.0,0.0,7731907.901763916
2025-07-26 00:00:00+02:00,True,,,24,2,2,2025-07-26 22:00:00+02:00 | 2025-07-26 23:00:00+02:00,0.0,Optimization terminated successfully. (HiGHS Status 7: Optimal),6482807.998657227,6482807.998657227,1.0,0.0,6482807.998657227
2025-07-27 00:00:00+02:00,True,,,24,2,2,2025-07-27 22:00:00+02:00 | 2025-07-27 23:00:00+02:00,0.0,Optimization terminated successfully. (HiGHS Status 7: Optimal),6047832.107543945,6047832.107543945,1.0,0.0,6047832.107543945
2025-07-28 00:00:00+02:00,True,,,24,2,2,2025-07-28 22:00:00+02:00 | 2025-07-28 23:00:00+02:00,0.0,Optimization terminated successfully. (HiGHS Status 7: Optimal),6749321.823120117,6749321.823120117,1.0,0.0,6749321.823120117
2025-07-29 00:00:00+02:00,True,,,24,2,2,2025-07-29 22:00:00+02:00 | 2025-07-29 23:00:00+02:00,0.0,Optimization terminated successfully. (HiGHS Status 7: Optimal),7029082.469940186,7029082.469940186,1.0,0.0,7029082.469940186
2025-07-30 00:00:00+02:00,True,,,24,2,2,2025-07-30 22:00:00+02:00 | 2025-07-30 23:00:00+02:00,0.0,Optimization terminated successfully. (HiGHS Status 7: Optimal),7467784.023284912,7467784.023284912,1.0,0.0,7467784.023284912
2025-07-31 00:00:00+02:00,True,,,24,2,2,2025-07-31 22:00:00+02:00 | 2025-07-31 23:00:00+02:00,0.0,Optimization terminated successfully. (HiGHS Status 7: Optimal),7361174.430847168,7361174.430847168,1.0,0.0,7361174.430847168
2025-08-01 00:00:00+02:00,True,,,24,2,2,2025-08-01 22:00:00+02:00 | 2025-08-01 23:00:00+02:00,0.0,Optimization terminated successfully. (HiGHS Status 7: Optimal),7009560.546875,7009560.546875,1.0,0.0,7009560.546875
2025-08-02 00:00:00+02:00,True,,,24,2,2,2025-08-02 22:00:00+02:00 | 2025-08-02 23:00:00+02:00,0.0,Optimization terminated successfully. (HiGHS Status 7: Optimal),6009022.026062012,6009022.026062012,1.0,0.0,6009022.026062012
2025-08-03 00:00:00+02:00,True,,,24,2,2,2025-08-03 22:00:00+02:00 | 2025-08-03 23:00:00+02:00,0.0,Optimization terminated successfully. (HiGHS Status 7: Optimal),5663394.041061401,5663394.041061401,1.0,0.0,5663394.041061401
2025-08-04 00:00:00+02:00,True,,,24,2,2,2025-08-04 22:00:00+02:00 | 2025-08-04 23:00:00+02:00,0.0,Optimization terminated successfully. (HiGHS Status 7: Optimal),7591051.177978516,7591051.177978516,1.0,0.0,7591051.177978516
2025-08-05 00:00:00+02:00,True,,,24,2,2,2025-08-05 22:00:00+02:00 | 2025-08-05 23:00:00+02:00,0.0,Optimization terminated successfully. (HiGHS Status 7: Optimal),7265762.958526611,7265762.958526611,1.0,0.0,7265762.958526611
2025-08-06 00:00:00+02:00,True,,,24,2,2,2025-08-06 22:00:00+02:00 | 2025-08-06 23:00:00+02:00,0.0,Optimization terminated successfully. (HiGHS Status 7: Optimal),8302714.939117432,8302714.939117432,1.0,0.0,8302714.939117432
2025-08-07 00:00:00+02:00,True,,,24,2,2,2025-08-07 22:00:00+02:00 | 2025-08-07 23:00:00+02:00,0.0,Optimization terminated successfully. (HiGHS Status 7: Optimal),7717610.187530518,7717610.187530518,1.0,0.0,7717610.187530518
2025-08-08 00:00:00+02:00,True,,,24,2,2,2025-08-08 22:00:00+02:00 | 2025-08-08 23:00:00+02:00,0.0,Optimization terminated successfully. (HiGHS Status 7: Optimal),8222470.302581787,8222470.302581787,1.0,0.0,8222470.302581787
2025-08-09 00:00:00+02:00,True,,,24,2,2,2025-08-09 22:00:00+02:00 | 2025-08-09 23:00:00+02:00,0.0,Optimization terminated successfully. (HiGHS Status 7: Optimal),6711525.077819824,6711525.077819824,1.0,0.0,6711525.077819824
2025-08-10 00:00:00+02:00,True,,,24,2,2,2025-08-10 22:00:00+02:00 | 2025-08-10 23:00:00+02:00,0.0,Optimization terminated successfully. (HiGHS Status 7: Optimal),6204292.182922363,6204292.182922363,1.0,0.0,6204292.182922363
2025-08-11 00:00:00+02:00,True,,,24,2,2,2025-08-11 22:00:00+02:00 | 2025-08-11 23:00:00+02:00,0.0,Optimization terminated successfully. (HiGHS Status 7: Optimal),7010302.982330322,7010302.982330322,1.0,0.0,7010302.982330322
2025-08-12 00:00:00+02:00,True,,,24,2,2,2025-08-12 22:00:00+02:00 | 2025-08-12 23:00:00+02:00,0.0,Optimization terminated successfully. (HiGHS Status 7: Optimal),7562709.541320801,7562709.541320801,1.0,0.0,7562709.541320801
2025-08-13 00:00:00+02:00,True,,,24,2,2,2025-08-13 22:00:00+02:00 | 2025-08-13 23:00:00+02:00,0.0,Optimization terminated successfully. (HiGHS Status 7: Optimal),8521263.637542725,8521263.637542725,1.0,0.0,8521263.637542725
2025-08-14 00:00:00+02:00,True,,,24,2,2,2025-08-14 22:00:00+02:00 | 2025-08-14 23:00:00+02:00,0.0,Optimization terminated successfully. (HiGHS Status 7: Optimal),8035730.075836182,8035730.075836182,1.0,0.0,8035730.075836182
2025-08-15 00:00:00+02:00,True,,,24,2,2,2025-08-15 22:00:00+02:00 | 2025-08-15 23:00:00+02:00,0.0,Optimization terminated successfully. (HiGHS Status 7: Optimal),6504543.266296387,6504543.266296387,1.0,0.0,6504543.266296387
2025-08-16 00:00:00+02:00,True,,,24,2,2,2025-08-16 22:00:00+02:00 | 2025-08-16 23:00:00+02:00,0.0,Optimization terminated successfully. (HiGHS Status 7: Optimal),6388917.083740234,6388917.083740234,1.0,0.0,6388917.083740234
2025-08-17 00:00:00+02:00,True,,,24,2,2,2025-08-17 22:00:00+02:00 | 2025-08-17 23:00:00+02:00,0.0,Optimization terminated successfully. (HiGHS Status 7: Optimal),6312449.550628662,6312449.550628662,1.0,0.0,6312449.550628662
2025-08-18 00:00:00+02:00,True,,,24,2,2,2025-08-18 22:00:00+02:00 | 2025-08-18 23:00:00+02:00,0.0,Optimization terminated successfully. (HiGHS Status 7: Optimal),7618334.693908691,7618334.693908691,1.0,0.0,7618334.693908691
2025-08-19 00:00:00+02:00,True,,,24,2,2,2025-08-19 22:00:00+02:00 | 2025-08-19 23:00:00+02:00,0.0,Optimization terminated successfully. (HiGHS Status 7: Optimal),8501580.066680908,8501580.066680908,1.0,0.0,8501580.066680908
2025-08-20 00:00:00+02:00,True,,,24,2,2,2025-08-20 22:00:00+02:00 | 2025-08-20 23:00:00+02:00,0.0,Optimization terminated successfully. (HiGHS Status 7: Optimal),8031876.258850098,8031876.258850098,1.0,0.0,8031876.258850098
2025-08-21 00:00:00+02:00,True,,,24,2,2,2025-08-21 22:00:00+02:00 | 2025-08-21 23:00:00+02:00,0.0,Optimization terminated successfully. (HiGHS Status 7: Optimal),6978721.561431885,6978721.561431885,1.0,0.0,6978721.561431885
2025-08-22 00:00:00+02:00,True,,,24,2,2,2025-08-22 22:00:00+02:00 | 2025-08-22 23:00:00+02:00,0.0,Optimization terminated successfully. (HiGHS Status 7: Optimal),6668276.3671875,6668276.3671875,1.0,0.0,6668276.3671875
2025-08-23 00:00:00+02:00,True,,,24,2,2,2025-08-23 22:00:00+02:00 | 2025-08-23 23:00:00+02:00,0.0,Optimization terminated successfully. (HiGHS Status 7: Optimal),7397728.157043457,7397728.157043457,1.0,0.0,7397728.157043457
2025-08-24 00:00:00+02:00,True,,,24,2,2,2025-08-24 22:00:00+02:00 | 2025-08-24 23:00:00+02:00,0.0,Optimization terminated successfully. (HiGHS Status 7: Optimal),6552477.073669434,6552477.073669434,1.0,0.0,6552477.073669434
2025-08-25 00:00:00+02:00,True,,,24,2,2,2025-08-25 22:00:00+02:00 | 2025-08-25 23:00:00+02:00,0.0,Optimization terminated successfully. (HiGHS Status 7: Optimal),7413878.231048584,7413878.231048584,1.0,0.0,7413878.231048584
2025-08-26 00:00:00+02:00,True,,,24,2,2,2025-08-26 22:00:00+02:00 | 2025-08-26 23:00:00+02:00,0.0,Optimization terminated successfully. (HiGHS Status 7: Optimal),7619883.3656311035,7619883.3656311035,1.0,0.0,7619883.3656311035
2025-08-27 00:00:00+02:00,True,,,24,2,2,2025-08-27 22:00:00+02:00 | 2025-08-27 23:00:00+02:00,0.0,Optimization terminated successfully. (HiGHS Status 7: Optimal),8149783.039093018,8149783.039093018,1.0,0.0,8149783.039093018
2025-08-28 00:00:00+02:00,True,,,24,2,2,2025-08-28 22:00:00+02:00 | 2025-08-28 23:00:00+02:00,0.0,Optimization terminated successfully. (HiGHS Status 7: Optimal),7459509.925842285,7459509.925842285,1.0,0.0,7459509.925842285
2025-08-29 00:00:00+02:00,True,,,24,2,2,2025-08-29 22:00:00+02:00 | 2025-08-29 23:00:00+02:00,0.0,Optimization terminated successfully. (HiGHS Status 7: Optimal),6392672.176361084,6392672.176361084,1.0,0.0,6392672.176361084
2025-08-30 00:00:00+02:00,True,,,24,2,2,2025-08-30 22:00:00+02:00 | 2025-08-30 23:00:00+02:00,0.0,Optimization terminated successfully. (HiGHS Status 7: Optimal),6124323.959350586,6124323.959350586,1.0,0.0,6124323.959350586
2025-08-31 00:00:00+02:00,True,,,24,2,2,2025-08-31 22:00:00+02:00 | 2025-08-31 23:00:00+02:00,0.0,Optimization terminated successfully. (HiGHS Status 7: Optimal),5980379.0855407715,5980379.0855407715,1.0,0.0,5980379.0855407715
2025-09-01 00:00:00+02:00,True,,,24,2,2,2025-09-01 22:00:00+02:00 | 2025-09-01 23:00:00+02:00,0.0,Optimization terminated successfully. (HiGHS Status 7: Optimal),7661998.596191406,7661998.596191406,1.0,0.0,7661998.596191406
2025-09-02 00:00:00+02:00,True,,,24,2,2,2025-09-02 22:00:00+02:00 | 2025-09-02 23:00:00+02:00,0.0,Optimization terminated successfully. (HiGHS Status 7: Optimal),6653179.85534668,6653179.85534668,1.0,0.0,6653179.85534668
2025-09-03 00:00:00+02:00,True,,,24,2,2,2025-09-03 22:00:00+02:00 | 2025-09-03 23:00:00+02:00,0.0,Optimization terminated successfully. (HiGHS Status 7: Optimal),6002997.226715088,6002997.226715088,1.0,0.0,6002997.226715088
2025-09-04 00:00:00+02:00,True,,,24,2,2,2025-09-04 22:00:00+02:00 | 2025-09-04 23:00:00+02:00,0.0,Optimization terminated successfully. (HiGHS Status 7: Optimal),7161081.54296875,7161081.54296875,1.0,0.0,7161081.54296875
2025-09-05 00:00:00+02:00,True,,,24,2,2,2025-09-05 22:00:00+02:00 | 2025-09-05 23:00:00+02:00,0.0,Optimization terminated successfully. (HiGHS Status 7: Optimal),7342561.817169189,7342561.817169189,1.0,0.0,7342561.817169189
2025-09-06 00:00:00+02:00,True,,,24,2,2,2025-09-06 22:00:00+02:00 | 2025-09-06 23:00:00+02:00,0.0,Optimization terminated successfully. (HiGHS Status 7: Optimal),6063604.316711426,6063604.316711426,1.0,0.0,6063604.316711426
2025-09-07 00:00:00+02:00,True,,,24,2,2,2025-09-07 22:00:00+02:00 | 2025-09-07 23:00:00+02:00,0.0,Optimization terminated successfully. (HiGHS Status 7: Optimal),5640738.735198975,5640738.735198975,1.0,0.0,5640738.735198975
2025-09-08 00:00:00+02:00,True,,,24,2,2,2025-09-08 22:00:00+02:00 | 2025-09-08 23:00:00+02:00,0.0,Optimization terminated successfully. (HiGHS Status 7: Optimal),8131363.315582275,8131363.315582275,1.0,0.0,8131363.315582275
2025-09-09 00:00:00+02:00,True,,,24,2,2,2025-09-09 22:00:00+02:00 | 2025-09-09 23:00:00+02:00,0.0,Optimization terminated successfully. (HiGHS Status 7: Optimal),8125911.808013916,8125911.808013916,1.0,0.0,8125911.808013916
2025-09-10 00:00:00+02:00,True,,,24,2,2,2025-09-10 22:00:00+02:00 | 2025-09-10 23:00:00+02:00,0.0,Optimization terminated successfully. (HiGHS Status 7: Optimal),7502577.075958252,7502577.075958252,1.0,0.0,7502577.075958252
2025-09-11 00:00:00+02:00,True,,,24,2,2,2025-09-11 22:00:00+02:00 | 2025-09-11 23:00:00+02:00,0.0,Optimization terminated successfully. (HiGHS Status 7: Optimal),6443495.845794678,6443495.845794678,1.0,0.0,6443495.845794678
2025-09-12 00:00:00+02:00,True,,,24,2,2,2025-09-12 22:00:00+02:00 | 2025-09-12 23:00:00+02:00,0.0,Optimization terminated successfully. (HiGHS Status 7: Optimal),6928929.405212402,6928929.405212402,1.0,0.0,6928929.405212402
2025-09-13 00:00:00+02:00,True,,,24,2,2,2025-09-13 22:00:00+02:00 | 2025-09-13 23:00:00+02:00,0.0,Optimization terminated successfully. (HiGHS Status 7: Optimal),6355331.954956055,6355331.954956055,1.0,0.0,6355331.954956055
2025-09-14 00:00:00+02:00,True,,,24,2,2,2025-09-14 22:00:00+02:00 | 2025-09-14 23:00:00+02:00,0.0,Optimization terminated successfully. (HiGHS Status 7: Optimal),5777538.49029541,5777538.49029541,1.0,0.0,5777538.49029541
2025-09-15 00:00:00+02:00,True,,,24,2,2,2025-09-15 22:00:00+02:00 | 2025-09-15 23:00:00+02:00,0.0,Optimization terminated successfully. (HiGHS Status 7: Optimal),5385017.404556274,5385017.404556274,1.0,0.0,5385017.404556274
2025-09-16 00:00:00+02:00,True,,,24,2,2,2025-09-16 22:00:00+02:00 | 2025-09-16 23:00:00+02:00,0.0,Optimization terminated successfully. (HiGHS Status 7: Optimal),6958436.470031738,6958436.470031738,1.0,0.0,6958436.470031738
2025-09-17 00:00:00+02:00,True,,,24,2,2,2025-09-17 22:00:00+02:00 | 2025-09-17 23:00:00+02:00,0.0,Optimization terminated successfully. (HiGHS Status 7: Optimal),7776245.079040527,7776245.079040527,1.0,0.0,7776245.079040527
2025-09-18 00:00:00+02:00,True,,,24,2,2,2025-09-18 22:00:00+02:00 | 2025-09-18 23:00:00+02:00,0.0,Optimization terminated successfully. (HiGHS Status 7: Optimal),8007464.67590332,8007464.67590332,1.0,0.0,8007464.67590332
2025-09-19 00:00:00+02:00,True,,,24,2,2,2025-09-19 22:00:00+02:00 | 2025-09-19 23:00:00+02:00,0.0,Optimization terminated successfully. (HiGHS Status 7: Optimal),7506698.436737061,7506698.436737061,1.0,0.0,7506698.436737061
2025-09-20 00:00:00+02:00,True,,,24,2,2,2025-09-20 22:00:00+02:00 | 2025-09-20 23:00:00+02:00,0.0,Optimization terminated successfully. (HiGHS Status 7: Optimal),6090551.605224609,6090551.605224609,1.0,0.0,6090551.605224609
2025-09-21 00:00:00+02:00,True,,,24,2,2,2025-09-21 22:00:00+02:00 | 2025-09-21 23:00:00+02:00,0.0,Optimization terminated successfully. (HiGHS Status 7: Optimal),7102648.983001709,7102648.983001709,1.0,0.0,7102648.983001709
2025-09-22 00:00:00+02:00,True,,,24,2,2,2025-09-22 22:00:00+02:00 | 2025-09-22 23:00:00+02:00,0.0,Optimization terminated successfully. (HiGHS Status 7: Optimal),6771400.337219238,6771400.337219238,1.0,0.0,6771400.337219238
2025-09-23 00:00:00+02:00,True,,,24,2,2,2025-09-23 22:00:00+02:00 | 2025-09-23 23:00:00+02:00,0.0,Optimization terminated successfully. (HiGHS Status 7: Optimal),7445219.440460205,7445219.440460205,1.0,0.0,7445219.440460205
2025-09-24 00:00:00+02:00,True,,,24,2,2,2025-09-24 22:00:00+02:00 | 2025-09-24 23:00:00+02:00,0.0,Optimization terminated successfully. (HiGHS Status 7: Optimal),8128000.774383545,8128000.774383545,1.0,0.0,8128000.774383545
2025-09-25 00:00:00+02:00,True,,,24,2,2,2025-09-25 22:00:00+02:00 | 2025-09-25 23:00:00+02:00,0.0,Optimization terminated successfully. (HiGHS Status 7: Optimal),8945035.057067871,8945035.057067871,1.0,0.0,8945035.057067871
2025-09-26 00:00:00+02:00,True,,,24,2,2,2025-09-26 22:00:00+02:00 | 2025-09-26 23:00:00+02:00,0.0,Optimization terminated successfully. (HiGHS Status 7: Optimal),9357188.28201294,9357188.28201294,1.0,0.0,9357188.28201294
2025-09-27 00:00:00+02:00,True,,,24,2,2,2025-09-27 22:00:00+02:00 | 2025-09-27 23:00:00+02:00,0.0,Optimization terminated successfully. (HiGHS Status 7: Optimal),8151778.450012207,8151778.450012207,1.0,0.0,8151778.450012207
2025-09-28 00:00:00+02:00,True,,,24,2,2,2025-09-28 22:00:00+02:00 | 2025-09-28 23:00:00+02:00,0.0,Optimization terminated successfully. (HiGHS Status 7: Optimal),7666866.359710693,7666866.359710693,1.0,0.0,7666866.359710693
2025-09-29 00:00:00+02:00,True,,,24,2,2,2025-09-29 22:00:00+02:00 | 2025-09-29 23:00:00+02:00,0.0,Optimization terminated successfully. (HiGHS Status 7: Optimal),8430020.999908447,8430020.999908447,1.0,0.0,8430020.999908447
2025-09-30 00:00:00+02:00,True,,,24,2,2,2025-09-30 22:00:00+02:00 | 2025-09-30 23:00:00+02:00,0.0,Optimization terminated successfully. (HiGHS Status 7: Optimal),8670035.915374756,8670035.915374756,1.0,0.0,8670035.915374756
2025-10-01 00:00:00+02:00,True,,,24,2,2,2025-10-01 22:00:00+02:00 | 2025-10-01 23:00:00+02:00,0.0,Optimization terminated successfully. (HiGHS Status 7: Optimal),8514303.569793701,8514303.569793701,1.0,0.0,8514303.569793701
2025-10-02 00:00:00+02:00,True,,,24,2,2,2025-10-02 22:00:00+02:00 | 2025-10-02 23:00:00+02:00,0.0,Optimization terminated successfully. (HiGHS Status 7: Optimal),8750420.169830322,8750420.169830322,1.0,0.0,8750420.169830322
2025-10-03 00:00:00+02:00,True,,,24,2,2,2025-10-03 22:00:00+02:00 | 2025-10-03 23:00:00+02:00,0.0,Optimization terminated successfully. (HiGHS Status 7: Optimal),8088147.163391113,8088147.163391113,1.0,0.0,8088147.163391113
2025-10-04 00:00:00+02:00,True,,,24,2,2,2025-10-04 22:00:00+02:00 | 2025-10-04 23:00:00+02:00,0.0,Optimization terminated successfully. (HiGHS Status 7: Optimal),4684043.235778809,4684043.235778809,1.0,0.0,4684043.235778809
2025-10-05 00:00:00+02:00,True,,,24,2,2,2025-10-05 22:00:00+02:00 | 2025-10-05 23:00:00+02:00,0.0,Optimization terminated successfully. (HiGHS Status 7: Optimal),5412584.238052368,5412584.238052368,1.0,0.0,5412584.238052368
2025-10-06 00:00:00+02:00,True,,,24,2,2,2025-10-06 22:00:00+02:00 | 2025-10-06 23:00:00+02:00,0.0,Optimization terminated successfully. (HiGHS Status 7: Optimal),8641341.457366943,8641341.457366943,1.0,0.0,8641341.457366943
2025-10-07 00:00:00+02:00,True,,,24,2,2,2025-10-07 22:00:00+02:00 | 2025-10-07 23:00:00+02:00,0.0,Optimization terminated successfully. (HiGHS Status 7: Optimal),9377035.35079956,9377035.35079956,1.0,0.0,9377035.35079956
2025-10-08 00:00:00+02:00,True,,,24,2,2,2025-10-08 22:00:00+02:00 | 2025-10-08 23:00:00+02:00,0.0,Optimization terminated successfully. (HiGHS Status 7: Optimal),9017281.188964844,9017281.188964844,1.0,0.0,9017281.188964844
2025-10-09 00:00:00+02:00,True,,,24,2,2,2025-10-09 22:00:00+02:00 | 2025-10-09 23:00:00+02:00,0.0,Optimization terminated successfully. (HiGHS Status 7: Optimal),9030977.115631104,9030977.115631104,1.0,0.0,9030977.115631104
2025-10-10 00:00:00+02:00,True,,,24,2,2,2025-10-10 22:00:00+02:00 | 2025-10-10 23:00:00+02:00,0.0,Optimization terminated successfully. (HiGHS Status 7: Optimal),8466176.223754883,8466176.223754883,1.0,0.0,8466176.223754883
2025-10-11 00:00:00+02:00,True,,,24,2,2,2025-10-11 22:00:00+02:00 | 2025-10-11 23:00:00+02:00,0.0,Optimization terminated successfully. (HiGHS Status 7: Optimal),7314854.755401611,7314854.755401611,1.0,0.0,7314854.755401611
2025-10-12 00:00:00+02:00,True,,,24,2,2,2025-10-12 22:00:00+02:00 | 2025-10-12 23:00:00+02:00,0.0,Optimization terminated successfully. (HiGHS Status 7: Optimal),6638412.5900268555,6638412.5900268555,1.0,0.0,6638412.5900268555
2025-10-13 00:00:00+02:00,True,,,24,2,2,2025-10-13 22:00:00+02:00 | 2025-10-13 23:00:00+02:00,0.0,Optimization terminated successfully. (HiGHS Status 7: Optimal),7516937.732696533,7516937.732696533,1.0,0.0,7516937.732696533
2025-10-14 00:00:00+02:00,True,,,24,2,2,2025-10-14 22:00:00+02:00 | 2025-10-14 23:00:00+02:00,0.0,Optimization terminated successfully. (HiGHS Status 7: Optimal),7804199.314117432,7804199.314117432,1.0,0.0,7804199.314117432
2025-10-15 00:00:00+02:00,True,,,24,2,2,2025-10-15 22:00:00+02:00 | 2025-10-15 23:00:00+02:00,0.0,Optimization terminated successfully. (HiGHS Status 7: Optimal),8037838.020324707,8037838.020324707,1.0,0.0,8037838.020324707
2025-10-16 00:00:00+02:00,True,,,24,2,2,2025-10-16 22:00:00+02:00 | 2025-10-16 23:00:00+02:00,0.0,Optimization terminated successfully. (HiGHS Status 7: Optimal),8474455.3565979,8474455.3565979,1.0,0.0,8474455.3565979
2025-10-17 00:00:00+02:00,True,,,24,2,2,2025-10-17 22:00:00+02:00 | 2025-10-17 23:00:00+02:00,0.0,Optimization terminated successfully. (HiGHS Status 7: Optimal),8573708.534240723,8573708.534240723,1.0,0.0,8573708.534240723
2025-10-18 00:00:00+02:00,True,,,24,2,2,2025-10-18 22:00:00+02:00 | 2025-10-18 23:00:00+02:00,0.0,Optimization terminated successfully. (HiGHS Status 7: Optimal),7850759.8876953125,7850759.8876953125,1.0,0.0,7850759.8876953125
2025-10-19 00:00:00+02:00,True,,,24,2,2,2025-10-19 22:00:00+02:00 | 2025-10-19 23:00:00+02:00,0.0,Optimization terminated successfully. (HiGHS Status 7: Optimal),6663589.687347412,6663589.687347412,1.0,0.0,6663589.687347412
2025-10-20 00:00:00+02:00,True,,,24,2,2,2025-10-20 22:00:00+02:00 | 2025-10-20 23:00:00+02:00,0.0,Optimization terminated successfully. (HiGHS Status 7: Optimal),6536052.722930908,6536052.722930908,1.0,0.0,6536052.722930908
2025-10-21 00:00:00+02:00,True,,,24,2,2,2025-10-21 22:00:00+02:00 | 2025-10-21 23:00:00+02:00,0.0,Optimization terminated successfully. (HiGHS Status 7: Optimal),7670349.349975586,7670349.349975586,1.0,0.0,7670349.349975586
2025-10-22 00:00:00+02:00,True,,,24,2,2,2025-10-22 22:00:00+02:00 | 2025-10-22 23:00:00+02:00,0.0,Optimization terminated successfully. (HiGHS Status 7: Optimal),8724905.014038086,8724905.014038086,1.0,0.0,8724905.014038086
2025-10-23 00:00:00+02:00,True,,,24,2,2,2025-10-23 22:00:00+02:00 | 2025-10-23 23:00:00+02:00,0.0,Optimization terminated successfully. (HiGHS Status 7: Optimal),5451689.748764038,5451689.748764038,1.0,0.0,5451689.748764038
2025-10-24 00:00:00+02:00,True,,,24,2,2,2025-10-24 22:00:00+02:00 | 2025-10-24 23:00:00+02:00,0.0,Optimization terminated successfully. (HiGHS Status 7: Optimal),7697158.8706970215,7697158.8706970215,1.0,0.0,7697158.8706970215
2025-10-25 00:00:00+02:00,True,,,24,2,2,2025-10-25 22:00:00+02:00 | 2025-10-25 23:00:00+02:00,0.0,Optimization terminated successfully. (HiGHS Status 7: Optimal),7364949.035644531,7364949.035644531,1.0,0.0,7364949.035644531
2025-10-26 00:00:00+02:00,True,,,25,2,2,2025-10-26 02:00:00+02:00 | 2025-10-26 23:00:00+01:00,0.0,Optimization terminated successfully. (HiGHS Status 7: Optimal),7634945.402145386,7634945.402145386,1.0,0.0,7634945.402145386
2025-10-27 00:00:00+01:00,True,,,24,1,1,2025-10-27 23:00:00+01:00,0.0,Optimization terminated successfully. (HiGHS Status 7: Optimal),7356631.031036377,7356631.031036377,1.0,0.0,7356631.031036377
2025-10-28 00:00:00+01:00,True,,,24,1,1,2025-10-28 23:00:00+01:00,0.0,Optimization terminated successfully. (HiGHS Status 7: Optimal),8592420.73059082,8592420.73059082,1.0,0.0,8592420.73059082
2025-10-29 00:00:00+01:00,True,,,24,1,1,2025-10-29 23:00:00+01:00,0.0,Optimization terminated successfully. (HiGHS Status 7: Optimal),9759233.932495117,9759233.932495117,1.0,0.0,9759233.932495117
2025-10-30 00:00:00+01:00,True,,,24,1,1,2025-10-30 23:00:00+01:00,0.0,Optimization terminated successfully. (HiGHS Status 7: Optimal),8437169.857025146,8437169.857025146,1.0,0.0,8437169.857025146
2025-10-31 00:00:00+01:00,True,,,24,1,1,2025-10-31 23:00:00+01:00,0.0,Optimization terminated successfully. (HiGHS Status 7: Optimal),7201311.03515625,7201311.03515625,1.0,0.0,7201311.03515625
2025-11-01 00:00:00+01:00,True,,,24,1,1,2025-11-01 23:00:00+01:00,0.0,Optimization terminated successfully. (HiGHS Status 7: Optimal),6124893.646240234,6124893.646240234,1.0,0.0,6124893.646240234
2025-11-02 00:00:00+01:00,True,,,24,1,1,2025-11-02 23:00:00+01:00,0.0,Optimization terminated successfully. (HiGHS Status 7: Optimal),6860235.862731934,6860235.862731934,1.0,0.0,6860235.862731934
2025-11-03 00:00:00+01:00,True,,,24,1,1,2025-11-03 23:00:00+01:00,0.0,Optimization terminated successfully. (HiGHS Status 7: Optimal),8224358.253479004,8224358.253479004,1.0,0.0,8224358.253479004
2025-11-04 00:00:00+01:00,True,,,24,1,1,2025-11-04 23:00:00+01:00,0.0,Optimization terminated successfully. (HiGHS Status 7: Optimal),8361748.123168945,8361748.123168945,1.0,0.0,8361748.123168945
2025-11-05 00:00:00+01:00,True,,,24,1,1,2025-11-05 23:00:00+01:00,0.0,Optimization terminated successfully. (HiGHS Status 7: Optimal),7331595.344543457,7331595.344543457,1.0,0.0,7331595.344543457
2025-11-06 00:00:00+01:00,True,,,24,1,1,2025-11-06 23:00:00+01:00,0.0,Optimization terminated successfully. (HiGHS Status 7: Optimal),8940506.15310669,8940506.15310669,1.0,0.0,8940506.15310669
2025-11-07 00:00:00+01:00,True,,,24,1,1,2025-11-07 23:00:00+01:00,0.0,Optimization terminated successfully. (HiGHS Status 7: Optimal),9204299.335479736,9204299.335479736,1.0,0.0,9204299.335479736
2025-11-08 00:00:00+01:00,True,,,24,1,1,2025-11-08 23:00:00+01:00,0.0,Optimization terminated successfully. (HiGHS Status 7: Optimal),9201115.72265625,9201115.72265625,1.0,0.0,9201115.72265625
2025-11-09 00:00:00+01:00,True,,,24,1,1,2025-11-09 23:00:00+01:00,0.0,Optimization terminated successfully. (HiGHS Status 7: Optimal),8597109.603881836,8597109.603881836,1.0,0.0,8597109.603881836
2025-11-10 00:00:00+01:00,True,,,24,1,1,2025-11-10 23:00:00+01:00,0.0,Optimization terminated successfully. (HiGHS Status 7: Optimal),8681398.944854736,8681398.944854736,1.0,0.0,8681398.944854736
2025-11-11 00:00:00+01:00,True,,,24,1,1,2025-11-11 23:00:00+01:00,0.0,Optimization terminated successfully. (HiGHS Status 7: Optimal),7578826.808929443,7578826.808929443,1.0,0.0,7578826.808929443
2025-11-12 00:00:00+01:00,True,,,24,1,1,2025-11-12 23:00:00+01:00,0.0,Optimization terminated successfully. (HiGHS Status 7: Optimal),8044380.664825439,8044380.664825439,1.0,0.0,8044380.664825439
2025-11-13 00:00:00+01:00,True,,,24,1,1,2025-11-13 23:00:00+01:00,0.0,Optimization terminated successfully. (HiGHS Status 7: Optimal),7987973.098754883,7987973.098754883,1.0,0.0,7987973.098754883
2025-11-14 00:00:00+01:00,True,,,24,1,1,2025-11-14 23:00:00+01:00,0.0,Optimization terminated successfully. (HiGHS Status 7: Optimal),7385598.049163818,7385598.049163818,1.0,0.0,7385598.049163818
2025-11-15 00:00:00+01:00,True,,,24,1,1,2025-11-15 23:00:00+01:00,0.0,Optimization terminated successfully. (HiGHS Status 7: Optimal),8464849.41482544,8464849.41482544,1.0,0.0,8464849.41482544
2025-11-16 00:00:00+01:00,True,,,24,1,1,2025-11-16 23:00:00+01:00,0.0,Optimization terminated successfully. (HiGHS Status 7: Optimal),8763017.196655273,8763017.196655273,1.0,0.0,8763017.196655273
2025-11-17 00:00:00+01:00,True,,,24,1,1,2025-11-17 23:00:00+01:00,0.0,Optimization terminated successfully. (HiGHS Status 7: Optimal),10094581.853179932,10094581.853179932,1.0,0.0,10094581.853179932
2025-11-18 00:00:00+01:00,True,,,24,1,1,2025-11-18 23:00:00+01:00,0.0,Optimization terminated successfully. (HiGHS Status 7: Optimal),13744249.340057373,13744249.340057373,1.0,0.00011914880873183541,13742611.729121592
2025-11-19 00:00:00+01:00,True,,,24,1,1,2025-11-19 23:00:00+01:00,0.0,Optimization terminated successfully. (HiGHS Status 7: Optimal),12125161.00265503,12125161.00265503,1.0,0.00038110448723580975,12120540.04938846
2025-11-20 00:00:00+01:00,True,,,24,1,1,2025-11-20 23:00:00+01:00,0.0,Optimization terminated successfully. (HiGHS Status 7: Optimal),24689602.767944332,24689602.767944332,1.0,0.0,24689602.767944332
2025-11-21 00:00:00+01:00,True,,,24,1,1,2025-11-21 23:00:00+01:00,0.0,Optimization terminated successfully. (HiGHS Status 7: Optimal),32310943.771362305,32310943.771362305,1.0,0.0,32310943.771362305
2025-11-22 00:00:00+01:00,True,,,24,1,1,2025-11-22 23:00:00+01:00,0.0,Optimization terminated successfully. (HiGHS Status 7: Optimal),16884779.483795166,16884779.483795166,1.0,0.0,16884779.483795166
2025-11-23 00:00:00+01:00,True,,,24,1,1,2025-11-23 23:00:00+01:00,0.0,Optimization terminated successfully. (HiGHS Status 7: Optimal),11270743.84689331,11270743.84689331,1.0,0.0,11270743.84689331
2025-11-24 00:00:00+01:00,True,,,24,1,1,2025-11-24 23:00:00+01:00,0.0,Optimization terminated successfully. (HiGHS Status 7: Optimal),13490602.824554443,13490602.824554443,1.0,0.0002128305579170188,13487731.612028657
2025-11-25 00:00:00+01:00,True,,,24,1,1,2025-11-25 23:00:00+01:00,0.0,Optimization terminated successfully. (HiGHS Status 7: Optimal),12393858.176574707,12393858.176574707,1.0,0.0003233153399532717,12389851.052105015
2025-11-26 00:00:00+01:00,True,,,24,1,1,2025-11-26 23:00:00+01:00,0.0,Optimization terminated successfully. (HiGHS Status 7: Optimal),22475140.0894165,22475140.089416508,1.0,0.0,22475140.0894165
2025-11-27 00:00:00+01:00,True,,,24,1,1,2025-11-27 23:00:00+01:00,0.0,Optimization terminated successfully. (HiGHS Status 7: Optimal),18233430.945281982,18233430.945281982,1.0,2.3291853483314926e-06,18233388.476241775
2025-11-28 00:00:00+01:00,True,,,24,1,1,2025-11-28 23:00:00+01:00,0.0,Optimization terminated successfully. (HiGHS Status 7: Optimal),16755965.158081055,16755965.158081057,1.0,0.0,16755965.158081055
2025-11-29 00:00:00+01:00,True,,,24,1,1,2025-11-29 23:00:00+01:00,0.0,Optimization terminated successfully. (HiGHS Status 7: Optimal),10219960.651397705,10219960.651397705,1.0,0.0,10219960.651397705
2025-11-30 00:00:00+01:00,True,,,24,1,1,2025-11-30 23:00:00+01:00,0.0,Optimization terminated successfully. (HiGHS Status 7: Optimal),12097954.546051025,12097954.546051025,1.0,0.0009775992824262137,12086127.594367981
2025-12-01 00:00:00+01:00,True,,,24,1,1,2025-12-01 23:00:00+01:00,0.0,Optimization terminated successfully. (HiGHS Status 7: Optimal),11491380.92163086,11491380.92163086,1.0,0.0,11491380.92163086
2025-12-02 00:00:00+01:00,True,,,24,1,1,2025-12-02 23:00:00+01:00,0.0,Optimization terminated successfully. (HiGHS Status 7: Optimal),14077587.425231934,14077587.425231934,1.0,0.00029887496176748745,14073379.986828439
2025-12-03 00:00:00+01:00,True,,,24,1,1,2025-12-03 23:00:00+01:00,0.0,Optimization terminated successfully. (HiGHS Status 7: Optimal),19624913.96560669,19624913.965606693,1.0,2.103262562808567e-05,19624501.202138267
2025-12-04 00:00:00+01:00,True,,,24,1,1,2025-12-04 23:00:00+01:00,0.0,Optimization terminated successfully. (HiGHS Status 7: Optimal),13809793.592071522,13809793.592071533,1.0,0.00026182271849124083,13806177.874371443
2025-12-05 00:00:00+01:00,True,,,24,1,1,2025-12-05 23:00:00+01:00,0.0,Optimization terminated successfully. (HiGHS Status 7: Optimal),17794285.467834473,17794285.46783447,1.0,0.0,17794285.467834473
2025-12-06 00:00:00+01:00,True,,,24,1,1,2025-12-06 23:00:00+01:00,0.0,Optimization terminated successfully. (HiGHS Status 7: Optimal),8699678.897857666,8699678.897857666,1.0,0.0,8699678.897857666
2025-12-07 00:00:00+01:00,True,,,24,1,1,2025-12-07 23:00:00+01:00,0.0,Optimization terminated successfully. (HiGHS Status 7: Optimal),7529174.8046875,7529174.8046875,1.0,0.0,7529174.8046875
2025-12-08 00:00:00+01:00,True,,,24,1,1,2025-12-08 23:00:00+01:00,0.0,Optimization terminated successfully. (HiGHS Status 7: Optimal),9117351.570129395,9117351.570129395,1.0,0.0,9117351.570129395
2025-12-09 00:00:00+01:00,True,,,24,1,1,2025-12-09 23:00:00+01:00,0.0,Optimization terminated successfully. (HiGHS Status 7: Optimal),8476447.75390625,8476447.75390625,1.0,0.0,8476447.75390625
2025-12-10 00:00:00+01:00,True,,,24,1,1,2025-12-10 23:00:00+01:00,0.0,Optimization terminated successfully. (HiGHS Status 7: Optimal),11643914.570922852,11643914.570922852,1.0,7.401418374013347e-05,11643052.756090345
2025-12-11 00:00:00+01:00,True,,,24,1,1,2025-12-11 23:00:00+01:00,0.0,Optimization terminated successfully. (HiGHS Status 7: Optimal),13055910.942840574,13055910.942840574,1.0,0.00044100255552331194,13050153.252750097
2025-12-12 00:00:00+01:00,True,,,24,1,1,2025-12-12 23:00:00+01:00,0.0,Optimization terminated successfully. (HiGHS Status 7: Optimal),13573272.649841297,13573272.649841307,1.0,0.00010019108173896606,13571912.728971772
2025-12-13 00:00:00+01:00,True,,,24,1,1,2025-12-13 23:00:00+01:00,0.0,Optimization terminated successfully. (HiGHS Status 7: Optimal),11759669.342041016,11759669.342041016,1.0,0.0,11759669.342041016
2025-12-14 00:00:00+01:00,True,,,24,1,1,2025-12-14 23:00:00+01:00,0.0,Optimization terminated successfully. (HiGHS Status 7: Optimal),10713981.819152832,10713981.819152832,1.0,0.0,10713981.819152832
2025-12-15 00:00:00+01:00,True,,,24,1,1,2025-12-15 23:00:00+01:00,0.0,Optimization terminated successfully. (HiGHS Status 7: Optimal),10407496.070861816,10407496.070861816,1.0,0.0,10407496.070861816
2025-12-16 00:00:00+01:00,True,,,24,1,1,2025-12-16 23:00:00+01:00,0.0,Optimization terminated successfully. (HiGHS Status 7: Optimal),13764442.39578247,13764442.39578247,1.0,0.0002971472573197189,13760352.329476029
2025-12-17 00:00:00+01:00,True,,,24,1,1,2025-12-17 23:00:00+01:00,0.0,Optimization terminated successfully. (HiGHS Status 7: Optimal),14811112.675781246,14811112.67578125,1.0,0.0004498074032397192,14804450.527649462
2025-12-18 00:00:00+01:00,True,,,24,1,1,2025-12-18 23:00:00+01:00,0.0,Optimization terminated successfully. (HiGHS Status 7: Optimal),9404589.214324951,9404589.214324951,1.0,0.0,9404589.214324951
2025-12-19 00:00:00+01:00,True,,,24,1,1,2025-12-19 23:00:00+01:00,0.0,Optimization terminated successfully. (HiGHS Status 7: Optimal),13765466.676330566,13765466.676330568,1.0,0.00031146171003992856,13761179.260540059
2025-12-20 00:00:00+01:00,True,,,24,1,1,2025-12-20 23:00:00+01:00,0.0,Optimization terminated successfully. (HiGHS Status 7: Optimal),11436487.0262146,11436487.0262146,1.0,0.0,11436487.0262146
2025-12-21 00:00:00+01:00,True,,,24,1,1,2025-12-21 23:00:00+01:00,0.0,Optimization terminated successfully. (HiGHS Status 7: Optimal),10767677.70767212,10767677.70767212,1.0,0.0,10767677.70767212
2025-12-22 00:00:00+01:00,True,,,24,1,1,2025-12-22 23:00:00+01:00,0.0,Optimization terminated successfully. (HiGHS Status 7: Optimal),13147042.621154785,13147042.621154785,1.0,0.00021761882801009586,13144181.57714777
2025-12-23 00:00:00+01:00,True,,,24,1,1,2025-12-23 23:00:00+01:00,0.0,Optimization terminated successfully. (HiGHS Status 7: Optimal),14302601.468811035,14302601.468811035,1.0,0.00016753707129859481,14300205.252849
2025-12-24 00:00:00+01:00,True,,,24,1,1,2025-12-24 23:00:00+01:00,0.0,Optimization terminated successfully. (HiGHS Status 7: Optimal),8793946.495056152,8793946.495056152,1.0,0.0,8793946.495056152
2025-12-25 00:00:00+01:00,True,,,24,1,1,2025-12-25 23:00:00+01:00,0.0,Optimization terminated successfully. (HiGHS Status 7: Optimal),9163482.036590576,9163482.036590576,1.0,0.0,9163482.036590576
2025-12-26 00:00:00+01:00,True,,,24,1,1,2025-12-26 23:00:00+01:00,0.0,Optimization terminated successfully. (HiGHS Status 7: Optimal),12329655.471801758,12329655.471801758,1.0,0.0,12329655.471801758
2025-12-27 00:00:00+01:00,True,,,24,1,1,2025-12-27 23:00:00+01:00,0.0,Optimization terminated successfully. (HiGHS Status 7: Optimal),12114621.444702148,12114621.444702148,1.0,0.0,12114621.444702148
2025-12-28 00:00:00+01:00,True,,,24,1,1,2025-12-28 23:00:00+01:00,0.0,Optimization terminated successfully. (HiGHS Status 7: Optimal),13173273.84048462,13173273.84048462,1.0,0.00035160623159709943,13168642.03531177
2025-12-29 00:00:00+01:00,True,,,24,1,1,2025-12-29 23:00:00+01:00,0.0,Optimization terminated successfully. (HiGHS Status 7: Optimal),24994015.08102417,24994015.08102417,1.0,0.0,24994015.08102417
2025-12-30 00:00:00+01:00,True,,,24,1,1,2025-12-30 23:00:00+01:00,0.0,Optimization terminated successfully. (HiGHS Status 7: Optimal),16047296.374053951,16047296.374053959,1.0,0.0001450093633763226,16044969.365822839
2025-12-31 00:00:00+01:00,True,,,24,1,1,2025-12-31 23:00:00+01:00,0.0,Optimization terminated successfully. (HiGHS Status 7: Optimal),25380828.452301025,25380828.45230103,1.0,0.0,25380828.452301025
2026-01-01 00:00:00+01:00,True,,,24,1,1,2026-01-01 23:00:00+01:00,0.0,Optimization terminated successfully. (HiGHS Status 7: Optimal),21972869.188690186,21972869.188690186,1.0,0.0,21972869.188690186
2026-01-02 00:00:00+01:00,True,,,24,1,1,2026-01-02 23:00:00+01:00,0.0,Optimization terminated successfully. (HiGHS Status 7: Optimal),23226359.406585693,23226359.406585693,1.0,5.776201979052536e-06,23226225.246442523
2026-01-03 00:00:00+01:00,True,,,24,1,1,2026-01-03 23:00:00+01:00,0.0,Optimization terminated successfully. (HiGHS Status 7: Optimal),29591316.215515137,29591316.215515137,1.0,0.0,29591316.215515137
2026-01-04 00:00:00+01:00,True,,,24,1,1,2026-01-04 23:00:00+01:00,0.0,Optimization terminated successfully. (HiGHS Status 7: Optimal),33987486.755371094,33987486.755371094,1.0,0.0,33987486.755371094
2026-01-05 00:00:00+01:00,True,,,24,1,1,2026-01-05 23:00:00+01:00,0.0,Optimization terminated successfully. (HiGHS Status 7: Optimal),50713632.009887606,50713632.0098877,1.0,1.2090673225536163e-05,50713018.847934894
2026-01-06 00:00:00+01:00,True,,,24,1,1,2026-01-06 23:00:00+01:00,0.0,Optimization terminated successfully. (HiGHS Status 7: Optimal),55897131.39190672,55897131.39190674,1.0,1.332909294519287e-16,55897131.391906716
2026-01-07 00:00:00+01:00,True,,,24,1,1,2026-01-07 23:00:00+01:00,0.0,Optimization terminated successfully. (HiGHS Status 7: Optimal),36735597.0954895,36735597.0954895,1.0,0.0,36735597.0954895
2026-01-08 00:00:00+01:00,True,,,24,1,1,2026-01-08 23:00:00+01:00,0.0,Optimization terminated successfully. (HiGHS Status 7: Optimal),36198969.900512695,36198969.900512695,1.0,0.0,36198969.900512695
2026-01-09 00:00:00+01:00,True,,,24,1,1,2026-01-09 23:00:00+01:00,0.0,Optimization terminated successfully. (HiGHS Status 7: Optimal),16135238.063049315,16135238.063049316,1.0,0.0002803365114720018,16130714.766698949
2026-01-10 00:00:00+01:00,True,,,24,1,1,2026-01-10 23:00:00+01:00,0.0,Optimization terminated successfully. (HiGHS Status 7: Optimal),17557686.697235107,17557686.697235107,1.0,0.0,17557686.697235107
2026-01-11 00:00:00+01:00,True,,,24,1,1,2026-01-11 23:00:00+01:00,0.0,Optimization terminated successfully. (HiGHS Status 7: Optimal),24454352.608642578,24454352.60864258,1.0,0.0,24454352.608642578
2026-01-12 00:00:00+01:00,True,,,24,1,1,2026-01-12 23:00:00+01:00,0.0,Optimization terminated successfully. (HiGHS Status 7: Optimal),16693037.13684082,16693037.136840822,1.0,8.947924336246117e-05,16691543.456508394
2026-01-13 00:00:00+01:00,True,,,24,1,1,2026-01-13 23:00:00+01:00,0.0,Optimization terminated successfully. (HiGHS Status 7: Optimal),17703250.11306762,17703250.113067627,1.0,0.0002438330800116288,17698933.475066334
2026-01-14 00:00:00+01:00,True,,,24,1,1,2026-01-14 23:00:00+01:00,0.0,Optimization terminated successfully. (HiGHS Status 7: Optimal),22327522.634887695,22327522.634887695,1.0,0.0,22327522.634887695
2026-01-15 00:00:00+01:00,True,,,24,1,1,2026-01-15 23:00:00+01:00,0.0,Optimization terminated successfully. (HiGHS Status 7: Optimal),13050728.41583252,13050728.41583252,1.0,5.1242201248150247e-05,13050059.6677806
2026-01-16 00:00:00+01:00,True,,,24,1,1,2026-01-16 23:00:00+01:00,0.0,Optimization terminated successfully. (HiGHS Status 7: Optimal),14138114.71054077,14138114.710540771,1.0,7.096976410036227e-05,14137111.331874939
2026-01-17 00:00:00+01:00,True,,,24,1,1,2026-01-17 23:00:00+01:00,0.0,Optimization terminated successfully. (HiGHS Status 7: Optimal),13771846.632232666,13771846.632232666,1.0,6.73623488513177e-05,13770918.928295499
2026-01-18 00:00:00+01:00,True,,,24,1,1,2026-01-18 23:00:00+01:00,0.0,Optimization terminated successfully. (HiGHS Status 7: Optimal),12456061.111145016,12456061.111145018,1.0,0.00037952910118836864,12451333.673467156
2026-01-19 00:00:00+01:00,True,,,24,1,1,2026-01-19 23:00:00+01:00,0.0,Optimization terminated successfully. (HiGHS Status 7: Optimal),18366974.88250732,18366974.882507324,1.0,0.0,18366974.88250732
2026-01-20 00:00:00+01:00,True,,,24,1,1,2026-01-20 23:00:00+01:00,0.0,Optimization terminated successfully. (HiGHS Status 7: Optimal),14807068.912506104,14807068.912506104,1.0,0.00015997654716032173,14804700.128747916
2026-01-21 00:00:00+01:00,True,,,24,1,1,2026-01-21 23:00:00+01:00,0.0,Optimization terminated successfully. (HiGHS Status 7: Optimal),11324971.6796875,11324971.6796875,1.0,0.0,11324971.6796875
2026-01-22 00:00:00+01:00,True,,,24,1,1,2026-01-22 23:00:00+01:00,0.0,Optimization terminated successfully. (HiGHS Status 7: Optimal),12684472.595672607,12684472.595672607,1.0,0.0002592550273864917,12681184.082382433
2026-01-23 00:00:00+01:00,True,,,24,1,1,2026-01-23 23:00:00+01:00,0.0,Optimization terminated successfully. (HiGHS Status 7: Optimal),12169593.223571777,12169593.223571777,1.0,0.0,12169593.223571777
2026-01-24 00:00:00+01:00,True,,,24,1,1,2026-01-24 23:00:00+01:00,0.0,Optimization terminated successfully. (HiGHS Status 7: Optimal),12209844.066619873,12209844.066619873,1.0,0.0,12209844.066619873
2026-01-25 00:00:00+01:00,True,,,24,1,1,2026-01-25 23:00:00+01:00,0.0,Optimization terminated successfully. (HiGHS Status 7: Optimal),14096616.150665283,14096616.150665283,1.0,0.00026277741838198466,14092911.87826529
2026-01-26 00:00:00+01:00,True,,,24,1,1,2026-01-26 23:00:00+01:00,0.0,Optimization terminated successfully. (HiGHS Status 7: Optimal),27303962.368164062,27303962.368164066,1.0,0.0,27303962.368164062
2026-01-27 00:00:00+01:00,True,,,24,1,1,2026-01-27 23:00:00+01:00,0.0,Optimization terminated successfully. (HiGHS Status 7: Optimal),16024253.840637207,16024253.840637209,1.0,0.0,16024253.840637207
2026-01-28 00:00:00+01:00,True,,,24,1,1,2026-01-28 23:00:00+01:00,0.0,Optimization terminated successfully. (HiGHS Status 7: Optimal),26768406.428375244,26768406.428375248,1.0,0.0,26768406.428375244
2026-01-29 00:00:00+01:00,True,,,24,1,1,2026-01-29 23:00:00+01:00,0.0,Optimization terminated successfully. (HiGHS Status 7: Optimal),23083631.98120117,23083631.981201176,1.0,3.196858053686838e-05,23082894.030253094
2026-01-30 00:00:00+01:00,True,,,24,1,1,2026-01-30 23:00:00+01:00,0.0,Optimization terminated successfully. (HiGHS Status 7: Optimal),13578081.615905762,13578081.615905762,1.0,0.0003076698871511944,13573904.049067266
2026-01-31 00:00:00+01:00,True,,,24,1,1,2026-01-31 23:00:00+01:00,0.0,Optimization terminated successfully. (HiGHS Status 7: Optimal),13036102.753601074,13036102.753601074,1.0,7.909983170780873e-05,13035071.600067139
2026-02-01 00:00:00+01:00,True,,,24,1,1,2026-02-01 23:00:00+01:00,0.0,Optimization terminated successfully. (HiGHS Status 7: Optimal),12136247.488403322,12136247.488403322,1.0,5.931137150232644e-05,12135527.670919893
2026-02-02 00:00:00+01:00,True,,,24,1,1,2026-02-02 23:00:00+01:00,0.0,Optimization terminated successfully. (HiGHS Status 7: Optimal),13763615.07095337,13763615.07095337,1.0,0.00041343722751273354,13757924.680097882
2026-02-03 00:00:00+01:00,True,,,24,1,1,2026-02-03 23:00:00+01:00,0.0,Optimization terminated successfully. (HiGHS Status 7: Optimal),12074870.822601318,12074870.822601318,1.0,7.040152034793188e-05,12074020.733337402
2026-02-04 00:00:00+01:00,True,,,24,1,1,2026-02-04 23:00:00+01:00,0.0,Optimization terminated successfully. (HiGHS Status 7: Optimal),11923479.464111328,11923479.464111328,1.0,0.0,11923479.464111328
2026-02-05 00:00:00+01:00,True,,,24,1,1,2026-02-05 23:00:00+01:00,0.0,Optimization terminated successfully. (HiGHS Status 7: Optimal),12878075.866394041,12878075.866394041,1.0,8.655259003531227e-05,12876961.235573133
2026-02-06 00:00:00+01:00,True,,,24,1,1,2026-02-06 23:00:00+01:00,0.0,Optimization terminated successfully. (HiGHS Status 7: Optimal),10680520.01953125,10680520.01953125,1.0,0.0,10680520.01953125
2026-02-07 00:00:00+01:00,True,,,24,1,1,2026-02-07 23:00:00+01:00,0.0,Optimization terminated successfully. (HiGHS Status 7: Optimal),9263498.134613037,9263498.134613037,1.0,0.0,9263498.134613037
2026-02-08 00:00:00+01:00,True,,,24,1,1,2026-02-08 23:00:00+01:00,0.0,Optimization terminated successfully. (HiGHS Status 7: Optimal),11016852.710723877,11016852.710723877,1.0,0.00037913572952442243,11012675.828234334
2026-02-09 00:00:00+01:00,True,,,24,1,1,2026-02-09 23:00:00+01:00,0.0,Optimization terminated successfully. (HiGHS Status 7: Optimal),13187670.47668457,13187670.47668457,1.0,0.0006418370692891424,13179206.140915064
2026-02-10 00:00:00+01:00,True,,,24,1,1,2026-02-10 23:00:00+01:00,0.0,Optimization terminated successfully. (HiGHS Status 7: Optimal),11751530.200653076,11751530.200653076,1.0,0.0001349802969942537,11749943.975616455
2026-02-11 00:00:00+01:00,True,,,24,1,1,2026-02-11 23:00:00+01:00,0.0,Optimization terminated successfully. (HiGHS Status 7: Optimal),8170603.351593018,8170603.351593018,1.0,0.0,8170603.351593018
2026-02-12 00:00:00+01:00,True,,,24,1,1,2026-02-12 23:00:00+01:00,0.0,Optimization terminated successfully. (HiGHS Status 7: Optimal),7373517.971038818,7373517.971038818,1.0,0.0,7373517.971038818
2026-02-13 00:00:00+01:00,True,,,24,1,1,2026-02-13 23:00:00+01:00,0.0,Optimization terminated successfully. (HiGHS Status 7: Optimal),10229052.753448486,10229052.753448486,1.0,0.0,10229052.753448486
2026-02-14 00:00:00+01:00,True,,,24,1,1,2026-02-14 23:00:00+01:00,0.0,Optimization terminated successfully. (HiGHS Status 7: Optimal),9485550.880432129,9485550.880432129,1.0,0.0,9485550.880432129
2026-02-15 00:00:00+01:00,True,,,24,1,1,2026-02-15 23:00:00+01:00,0.0,Optimization terminated successfully. (HiGHS Status 7: Optimal),8645772.171020508,8645772.171020508,1.0,0.0,8645772.171020508
2026-02-16 00:00:00+01:00,True,,,24,1,1,2026-02-16 23:00:00+01:00,0.0,Optimization terminated successfully. (HiGHS Status 7: Optimal),8399278.583526611,8399278.583526611,1.0,0.0,8399278.583526611
2026-02-17 00:00:00+01:00,True,,,24,1,1,2026-02-17 23:00:00+01:00,0.0,Optimization terminated successfully. (HiGHS Status 7: Optimal),10717175.550689697,10717175.550689697,1.0,0.00016833545242091468,10715371.470094698
2026-02-18 00:00:00+01:00,True,,,24,1,1,2026-02-18 23:00:00+01:00,0.0,Optimization terminated successfully. (HiGHS Status 7: Optimal),9938329.315185547,9938329.315185547,1.0,0.0,9938329.315185547
2026-02-19 00:00:00+01:00,True,,,24,1,1,2026-02-19 23:00:00+01:00,0.0,Optimization terminated successfully. (HiGHS Status 7: Optimal),9614678.974151611,9614678.974151611,1.0,0.0,9614678.974151611
2026-02-20 00:00:00+01:00,True,,,24,1,1,2026-02-20 23:00:00+01:00,0.0,Optimization terminated successfully. (HiGHS Status 7: Optimal),10481049.537658691,10481049.537658691,1.0,0.0,10481049.537658691
2026-02-21 00:00:00+01:00,True,,,24,1,1,2026-02-21 23:00:00+01:00,0.0,Optimization terminated successfully. (HiGHS Status 7: Optimal),7625014.705657959,7625014.705657959,1.0,0.0,7625014.705657959
2026-02-22 00:00:00+01:00,True,,,24,1,1,2026-02-22 23:00:00+01:00,0.0,Optimization terminated successfully. (HiGHS Status 7: Optimal),7042836.875915527,7042836.875915527,1.0,0.0,7042836.875915527
2026-02-23 00:00:00+01:00,True,,,24,1,1,2026-02-23 23:00:00+01:00,0.0,Optimization terminated successfully. (HiGHS Status 7: Optimal),8931874.63760376,8931874.63760376,1.0,0.0,8931874.63760376
2026-02-24 00:00:00+01:00,True,,,24,1,1,2026-02-24 23:00:00+01:00,0.0,Optimization terminated successfully. (HiGHS Status 7: Optimal),9480070.571899414,9480070.571899414,1.0,0.0,9480070.571899414
2026-02-25 00:00:00+01:00,True,,,24,1,1,2026-02-25 23:00:00+01:00,0.0,Optimization terminated successfully. (HiGHS Status 7: Optimal),9567636.127471924,9567636.127471924,1.0,0.0,9567636.127471924
2026-02-26 00:00:00+01:00,True,,,24,1,1,2026-02-26 23:00:00+01:00,0.0,Optimization terminated successfully. (HiGHS Status 7: Optimal),8992363.014221191,8992363.014221191,1.0,0.0,8992363.014221191
2026-02-27 00:00:00+01:00,True,,,24,1,1,2026-02-27 23:00:00+01:00,0.0,Optimization terminated successfully. (HiGHS Status 7: Optimal),8302593.3265686035,8302593.3265686035,1.0,0.0,8302593.3265686035
2026-02-28 00:00:00+01:00,True,,,24,1,1,2026-02-28 23:00:00+01:00,0.0,Optimization terminated successfully. (HiGHS Status 7: Optimal),7458755.035400391,7458755.035400391,1.0,0.0,7458755.035400391
2026-03-01 00:00:00+01:00,True,,,24,1,1,2026-03-01 23:00:00+01:00,0.0,Optimization terminated successfully. (HiGHS Status 7: Optimal),7658985.767364502,7658985.767364502,1.0,0.0,7658985.767364502
2026-03-02 00:00:00+01:00,True,,,24,1,1,2026-03-02 23:00:00+01:00,0.0,Optimization terminated successfully. (HiGHS Status 7: Optimal),9065427.494049072,9065427.494049072,1.0,0.0,9065427.494049072
2026-03-03 00:00:00+01:00,True,,,24,1,1,2026-03-03 23:00:00+01:00,0.0,Optimization terminated successfully. (HiGHS Status 7: Optimal),10418255.443572998,10418255.443572998,1.0,0.0,10418255.443572998
2026-03-04 00:00:00+01:00,True,,,24,1,1,2026-03-04 23:00:00+01:00,0.0,Optimization terminated successfully. (HiGHS Status 7: Optimal),10087446.231842041,10087446.231842041,1.0,0.0,10087446.231842041
2026-03-05 00:00:00+01:00,True,,,24,1,1,2026-03-05 23:00:00+01:00,0.0,Optimization terminated successfully. (HiGHS Status 7: Optimal),9641223.945617676,9641223.945617676,1.0,0.0,9641223.945617676
2026-03-06 00:00:00+01:00,True,,,24,1,1,2026-03-06 23:00:00+01:00,0.0,Optimization terminated successfully. (HiGHS Status 7: Optimal),10424543.895721436,10424543.895721436,1.0,0.0,10424543.895721436
2026-03-07 00:00:00+01:00,True,,,24,1,1,2026-03-07 23:00:00+01:00,0.0,Optimization terminated successfully. (HiGHS Status 7: Optimal),7730493.469238281,7730493.469238281,1.0,0.0,7730493.469238281
2026-03-08 00:00:00+01:00,True,,,24,1,1,2026-03-08 23:00:00+01:00,0.0,Optimization terminated successfully. (HiGHS Status 7: Optimal),7761011.31439209,7761011.31439209,1.0,0.0,7761011.31439209
2026-03-09 00:00:00+01:00,True,,,24,1,1,2026-03-09 23:00:00+01:00,0.0,Optimization terminated successfully. (HiGHS Status 7: Optimal),9852631.340026855,9852631.340026855,1.0,0.0,9852631.340026855
2026-03-10 00:00:00+01:00,True,,,24,1,1,2026-03-10 23:00:00+01:00,0.0,Optimization terminated successfully. (HiGHS Status 7: Optimal),10021682.243347168,10021682.243347168,1.0,0.0,10021682.243347168
2026-03-11 00:00:00+01:00,True,,,24,1,1,2026-03-11 23:00:00+01:00,0.0,Optimization terminated successfully. (HiGHS Status 7: Optimal),8533553.676605225,8533553.676605225,1.0,0.0,8533553.676605225
2026-03-12 00:00:00+01:00,True,,,24,1,1,2026-03-12 23:00:00+01:00,0.0,Optimization terminated successfully. (HiGHS Status 7: Optimal),9061613.19732666,9061613.19732666,1.0,0.0,9061613.19732666
2026-03-13 00:00:00+01:00,True,,,24,1,1,2026-03-13 23:00:00+01:00,0.0,Optimization terminated successfully. (HiGHS Status 7: Optimal),8560915.01235962,8560915.01235962,1.0,0.0,8560915.01235962
2026-03-14 00:00:00+01:00,True,,,24,1,1,2026-03-14 23:00:00+01:00,0.0,Optimization terminated successfully. (HiGHS Status 7: Optimal),9357730.960845947,9357730.960845947,1.0,0.0,9357730.960845947
2026-03-15 00:00:00+01:00,True,,,24,1,1,2026-03-15 23:00:00+01:00,0.0,Optimization terminated successfully. (HiGHS Status 7: Optimal),8392680.644989014,8392680.644989014,1.0,0.0,8392680.644989014
2026-03-16 00:00:00+01:00,True,,,24,1,1,2026-03-16 23:00:00+01:00,0.0,Optimization terminated successfully. (HiGHS Status 7: Optimal),9889818.408966064,9889818.408966064,1.0,0.0,9889818.408966064
2026-03-17 00:00:00+01:00,True,,,24,1,1,2026-03-17 23:00:00+01:00,0.0,Optimization terminated successfully. (HiGHS Status 7: Optimal),8760710.430145264,8760710.430145264,1.0,0.0,8760710.430145264
2026-03-18 00:00:00+01:00,True,,,24,1,1,2026-03-18 23:00:00+01:00,0.0,Optimization terminated successfully. (HiGHS Status 7: Optimal),7123904.876708984,7123904.876708984,1.0,0.0,7123904.876708984
2026-03-19 00:00:00+01:00,True,,,24,1,1,2026-03-19 23:00:00+01:00,0.0,Optimization terminated successfully. (HiGHS Status 7: Optimal),7714652.442932129,7714652.442932129,1.0,0.0,7714652.442932129
2026-03-20 00:00:00+01:00,True,,,24,1,1,2026-03-20 23:00:00+01:00,0.0,Optimization terminated successfully. (HiGHS Status 7: Optimal),8625467.510223389,8625467.510223389,1.0,0.0,8625467.510223389
2026-03-21 00:00:00+01:00,True,,,24,1,1,2026-03-21 23:00:00+01:00,0.0,Optimization terminated successfully. (HiGHS Status 7: Optimal),7871432.876586914,7871432.876586914,1.0,0.0,7871432.876586914
2026-03-22 00:00:00+01:00,True,,,24,1,1,2026-03-22 23:00:00+01:00,0.0,Optimization terminated successfully. (HiGHS Status 7: Optimal),8103893.299102783,8103893.299102783,1.0,0.0,8103893.299102783
2026-03-23 00:00:00+01:00,True,,,24,1,1,2026-03-23 23:00:00+01:00,0.0,Optimization terminated successfully. (HiGHS Status 7: Optimal),10022964.344024658,10022964.344024658,1.0,0.0,10022964.344024658
2026-03-24 00:00:00+01:00,True,,,24,1,1,2026-03-24 23:00:00+01:00,0.0,Optimization terminated successfully. (HiGHS Status 7: Optimal),9308056.678771973,9308056.678771973,1.0,0.0,9308056.678771973
2026-03-25 00:00:00+01:00,True,,,24,1,1,2026-03-25 23:00:00+01:00,0.0,Optimization terminated successfully. (HiGHS Status 7: Optimal),6728847.86605835,6728847.86605835,1.0,0.0,6728847.86605835
2026-03-26 00:00:00+01:00,True,,,24,1,1,2026-03-26 23:00:00+01:00,0.0,Optimization terminated successfully. (HiGHS Status 7: Optimal),8824696.12121582,8824696.12121582,1.0,0.0,8824696.12121582
2026-03-27 00:00:00+01:00,True,,,24,1,1,2026-03-27 23:00:00+01:00,0.0,Optimization terminated successfully. (HiGHS Status 7: Optimal),11321282.65625,11321282.65625,1.0,0.0,11321282.65625
2026-03-28 00:00:00+01:00,True,,,24,1,1,2026-03-28 23:00:00+01:00,0.0,Optimization terminated successfully. (HiGHS Status 7: Optimal),8040643.196105957,8040643.196105957,1.0,0.0,8040643.196105957
2026-03-29 00:00:00+01:00,True,,,23,2,2,2026-03-29 22:00:00+02:00 | 2026-03-29 23:00:00+02:00,0.0,Optimization terminated successfully. (HiGHS Status 7: Optimal),7519545.669555664,7519545.669555664,1.0,0.0,7519545.669555664
2026-03-30 00:00:00+02:00,True,,,24,2,2,2026-03-30 22:00:00+02:00 | 2026-03-30 23:00:00+02:00,0.0,Optimization terminated successfully. (HiGHS Status 7: Optimal),8407926.864624023,8407926.864624023,1.0,0.0,8407926.864624023
2026-03-31 00:00:00+02:00,True,,,24,2,2,2026-03-31 22:00:00+02:00 | 2026-03-31 23:00:00+02:00,0.0,Optimization terminated successfully. (HiGHS Status 7: Optimal),9127807.178497314,9127807.178497314,1.0,0.0,9127807.178497314
2026-04-01 00:00:00+02:00,True,,,24,2,2,2026-04-01 22:00:00+02:00 | 2026-04-01 23:00:00+02:00,0.0,Optimization terminated successfully. (HiGHS Status 7: Optimal),9053032.035827637,9053032.035827637,1.0,0.0,9053032.035827637
2026-04-02 00:00:00+02:00,True,,,24,2,2,2026-04-02 22:00:00+02:00 | 2026-04-02 23:00:00+02:00,0.0,Optimization terminated successfully. (HiGHS Status 7: Optimal),9553860.22567749,9553860.22567749,1.0,0.0,9553860.22567749
2026-04-03 00:00:00+02:00,True,,,24,2,2,2026-04-03 22:00:00+02:00 | 2026-04-03 23:00:00+02:00,0.0,Optimization terminated successfully. (HiGHS Status 7: Optimal),9058674.278259277,9058674.278259277,1.0,0.0,9058674.278259277
2026-04-04 00:00:00+02:00,True,,,24,2,2,2026-04-04 22:00:00+02:00 | 2026-04-04 23:00:00+02:00,0.0,Optimization terminated successfully. (HiGHS Status 7: Optimal),6789607.629776001,6789607.629776001,1.0,0.0,6789607.629776001
2026-04-05 00:00:00+02:00,True,,,24,2,2,2026-04-05 22:00:00+02:00 | 2026-04-05 23:00:00+02:00,0.0,Optimization terminated successfully. (HiGHS Status 7: Optimal),5675702.5146484375,5675702.5146484375,1.0,0.0,5675702.5146484375
2026-04-06 00:00:00+02:00,True,,,24,2,2,2026-04-06 22:00:00+02:00 | 2026-04-06 23:00:00+02:00,0.0,Optimization terminated successfully. (HiGHS Status 7: Optimal),6799438.095092773,6799438.095092773,1.0,0.0,6799438.095092773
2026-04-07 00:00:00+02:00,True,,,24,2,2,2026-04-07 22:00:00+02:00 | 2026-04-07 23:00:00+02:00,0.0,Optimization terminated successfully. (HiGHS Status 7: Optimal),6909020.881652832,6909020.881652832,1.0,0.0,6909020.881652832
2026-04-08 00:00:00+02:00,True,,,24,2,2,2026-04-08 22:00:00+02:00 | 2026-04-08 23:00:00+02:00,0.0,Optimization terminated successfully. (HiGHS Status 7: Optimal),7622907.0472717285,7622907.0472717285,1.0,0.0,7622907.0472717285
2026-04-09 00:00:00+02:00,True,,,24,2,2,2026-04-09 22:00:00+02:00 | 2026-04-09 23:00:00+02:00,0.0,Optimization terminated successfully. (HiGHS Status 7: Optimal),7976254.634857178,7976254.634857178,1.0,0.0,7976254.634857178
2026-04-10 00:00:00+02:00,True,,,24,2,2,2026-04-10 22:00:00+02:00 | 2026-04-10 23:00:00+02:00,0.0,Optimization terminated successfully. (HiGHS Status 7: Optimal),7428416.118621826,7428416.118621826,1.0,0.0,7428416.118621826
2026-04-11 00:00:00+02:00,True,,,24,2,2,2026-04-11 22:00:00+02:00 | 2026-04-11 23:00:00+02:00,0.0,Optimization terminated successfully. (HiGHS Status 7: Optimal),6081212.863922119,6081212.863922119,1.0,0.0,6081212.863922119
2026-04-12 00:00:00+02:00,True,,,24,2,2,2026-04-12 22:00:00+02:00 | 2026-04-12 23:00:00+02:00,0.0,Optimization terminated successfully. (HiGHS Status 7: Optimal),7186788.120269775,7186788.120269775,1.0,0.0,7186788.120269775
2026-04-13 00:00:00+02:00,True,,,24,2,2,2026-04-13 22:00:00+02:00 | 2026-04-13 23:00:00+02:00,0.0,Optimization terminated successfully. (HiGHS Status 7: Optimal),9040735.836029053,9040735.836029053,1.0,0.0,9040735.836029053
2026-04-14 00:00:00+02:00,True,,,24,2,2,2026-04-14 22:00:00+02:00 | 2026-04-14 23:00:00+02:00,0.0,Optimization terminated successfully. (HiGHS Status 7: Optimal),8410426.235198975,8410426.235198975,1.0,0.0,8410426.235198975
2026-04-15 00:00:00+02:00,True,,,24,2,2,2026-04-15 22:00:00+02:00 | 2026-04-15 23:00:00+02:00,0.0,Optimization terminated successfully. (HiGHS Status 7: Optimal),7966469.802856445,7966469.802856445,1.0,0.0,7966469.802856445
2026-04-16 00:00:00+02:00,True,,,24,2,2,2026-04-16 22:00:00+02:00 | 2026-04-16 23:00:00+02:00,0.0,Optimization terminated successfully. (HiGHS Status 7: Optimal),8008769.607543945,8008769.607543945,1.0,0.0,8008769.607543945
2026-04-17 00:00:00+02:00,True,,,24,2,2,2026-04-17 22:00:00+02:00 | 2026-04-17 23:00:00+02:00,0.0,Optimization terminated successfully. (HiGHS Status 7: Optimal),7694609.622955322,7694609.622955322,1.0,0.0,7694609.622955322
2026-04-18 00:00:00+02:00,True,,,24,2,2,2026-04-18 22:00:00+02:00 | 2026-04-18 23:00:00+02:00,0.0,Optimization terminated successfully. (HiGHS Status 7: Optimal),6564560.75668335,6564560.75668335,1.0,0.0,6564560.75668335
2026-04-19 00:00:00+02:00,True,,,24,2,2,2026-04-19 22:00:00+02:00 | 2026-04-19 23:00:00+02:00,0.0,Optimization terminated successfully. (HiGHS Status 7: Optimal),5731779.518127441,5731779.518127441,1.0,0.0,5731779.518127441
2026-04-20 00:00:00+02:00,True,,,24,2,2,2026-04-20 22:00:00+02:00 | 2026-04-20 23:00:00+02:00,0.0,Optimization terminated successfully. (HiGHS Status 7: Optimal),7304759.674072266,7304759.674072266,1.0,0.0,7304759.674072266
2026-04-21 00:00:00+02:00,True,,,24,2,2,2026-04-21 22:00:00+02:00 | 2026-04-21 23:00:00+02:00,0.0,Optimization terminated successfully. (HiGHS Status 7: Optimal),7113717.727661133,7113717.727661133,1.0,0.0,7113717.727661133
2026-04-22 00:00:00+02:00,True,,,24,2,2,2026-04-22 22:00:00+02:00 | 2026-04-22 23:00:00+02:00,0.0,Optimization terminated successfully. (HiGHS Status 7: Optimal),6877797.64175415,6877797.64175415,1.0,0.0,6877797.64175415
2026-04-23 00:00:00+02:00,True,,,24,2,2,2026-04-23 22:00:00+02:00 | 2026-04-23 23:00:00+02:00,0.0,Optimization terminated successfully. (HiGHS Status 7: Optimal),6845477.333068848,6845477.333068848,1.0,0.0,6845477.333068848
2026-04-24 00:00:00+02:00,True,,,24,2,2,2026-04-24 22:00:00+02:00 | 2026-04-24 23:00:00+02:00,0.0,Optimization terminated successfully. (HiGHS Status 7: Optimal),5945529.613494873,5945529.613494873,1.0,0.0,5945529.613494873
2026-04-25 00:00:00+02:00,True,,,24,2,2,2026-04-25 22:00:00+02:00 | 2026-04-25 23:00:00+02:00,0.0,Optimization terminated successfully. (HiGHS Status 7: Optimal),6390939.865112305,6390939.865112305,1.0,0.0,6390939.865112305
2026-04-26 00:00:00+02:00,True,,,24,2,2,2026-04-26 22:00:00+02:00 | 2026-04-26 23:00:00+02:00,0.0,Optimization terminated successfully. (HiGHS Status 7: Optimal),5581880.702972412,5581880.702972412,1.0,0.0,5581880.702972412
2026-04-27 00:00:00+02:00,True,,,24,2,2,2026-04-27 22:00:00+02:00 | 2026-04-27 23:00:00+02:00,0.0,Optimization terminated successfully. (HiGHS Status 7: Optimal),7000433.9027404785,7000433.9027404785,1.0,0.0,7000433.9027404785
2026-04-28 00:00:00+02:00,True,,,24,2,2,2026-04-28 22:00:00+02:00 | 2026-04-28 23:00:00+02:00,0.0,Optimization terminated successfully. (HiGHS Status 7: Optimal),6878649.368286133,6878649.368286133,1.0,0.0,6878649.368286133
2026-04-29 00:00:00+02:00,True,,,24,2,2,2026-04-29 22:00:00+02:00 | 2026-04-29 23:00:00+02:00,0.0,Optimization terminated successfully. (HiGHS Status 7: Optimal),5801427.65045166,5801427.65045166,1.0,0.0,5801427.65045166
2026-04-30 00:00:00+02:00,True,,,24,2,2,2026-04-30 22:00:00+02:00 | 2026-04-30 23:00:00+02:00,0.0,Optimization terminated successfully. (HiGHS Status 7: Optimal),5788559.36050415,5788559.36050415,1.0,0.0,5788559.36050415
2026-05-01 00:00:00+02:00,True,,,24,2,2,2026-05-01 22:00:00+02:00 | 2026-05-01 23:00:00+02:00,0.0,Optimization terminated successfully. (HiGHS Status 7: Optimal),7293361.053466797,7293361.053466797,1.0,0.0,7293361.053466797
2026-05-02 00:00:00+02:00,True,,,24,2,2,2026-05-02 22:00:00+02:00 | 2026-05-02 23:00:00+02:00,0.0,Optimization terminated successfully. (HiGHS Status 7: Optimal),6304709.205627441,6304709.205627441,1.0,0.0,6304709.205627441
2026-05-03 00:00:00+02:00,True,,,24,2,2,2026-05-03 22:00:00+02:00 | 2026-05-03 23:00:00+02:00,0.0,Optimization terminated successfully. (HiGHS Status 7: Optimal),5878632.507324219,5878632.507324219,1.0,0.0,5878632.507324219
2026-05-04 00:00:00+02:00,True,,,24,2,2,2026-05-04 22:00:00+02:00 | 2026-05-04 23:00:00+02:00,0.0,Optimization terminated successfully. (HiGHS Status 7: Optimal),7996391.296386719,7996391.296386719,1.0,0.0,7996391.296386719
2026-05-05 00:00:00+02:00,True,,,24,2,2,2026-05-05 22:00:00+02:00 | 2026-05-05 23:00:00+02:00,0.0,Optimization terminated successfully. (HiGHS Status 7: Optimal),7751488.32321167,7751488.32321167,1.0,0.0,7751488.32321167
2026-05-06 00:00:00+02:00,True,,,24,2,2,2026-05-06 22:00:00+02:00 | 2026-05-06 23:00:00+02:00,0.0,Optimization terminated successfully. (HiGHS Status 7: Optimal),7552645.587921143,7552645.587921143,1.0,0.0,7552645.587921143
2026-05-07 00:00:00+02:00,True,,,24,2,2,2026-05-07 22:00:00+02:00 | 2026-05-07 23:00:00+02:00,0.0,Optimization terminated successfully. (HiGHS Status 7: Optimal),7899499.454498291,7899499.454498291,1.0,0.0,7899499.454498291
2026-05-08 00:00:00+02:00,True,,,24,2,2,2026-05-08 22:00:00+02:00 | 2026-05-08 23:00:00+02:00,0.0,Optimization terminated successfully. (HiGHS Status 7: Optimal),6191146.926879883,6191146.926879883,1.0,0.0,6191146.926879883
2026-05-09 00:00:00+02:00,True,,,24,2,2,2026-05-09 22:00:00+02:00 | 2026-05-09 23:00:00+02:00,0.0,Optimization terminated successfully. (HiGHS Status 7: Optimal),6019365.081787109,6019365.081787109,1.0,0.0,6019365.081787109
2026-05-10 00:00:00+02:00,True,,,24,2,2,2026-05-10 22:00:00+02:00 | 2026-05-10 23:00:00+02:00,0.0,Optimization terminated successfully. (HiGHS Status 7: Optimal),5518927.154541016,5518927.154541016,1.0,0.0,5518927.154541016
2026-05-11 00:00:00+02:00,True,,,24,2,2,2026-05-11 22:00:00+02:00 | 2026-05-11 23:00:00+02:00,0.0,Optimization terminated successfully. (HiGHS Status 7: Optimal),6114927.463531494,6114927.463531494,1.0,0.0,6114927.463531494
2026-05-12 00:00:00+02:00,True,,,24,2,2,2026-05-12 22:00:00+02:00 | 2026-05-12 23:00:00+02:00,0.0,Optimization terminated successfully. (HiGHS Status 7: Optimal),6908176.498413086,6908176.498413086,1.0,0.0,6908176.498413086
2026-05-13 00:00:00+02:00,True,,,24,2,2,2026-05-13 22:00:00+02:00 | 2026-05-13 23:00:00+02:00,0.0,Optimization terminated successfully. (HiGHS Status 7: Optimal),5760099.067687988,5760099.067687988,1.0,0.0,5760099.067687988
2026-05-14 00:00:00+02:00,True,,,24,2,2,2026-05-14 22:00:00+02:00 | 2026-05-14 23:00:00+02:00,0.0,Optimization terminated successfully. (HiGHS Status 7: Optimal),5504701.995849609,5504701.995849609,1.0,0.0,5504701.995849609
2026-05-15 00:00:00+02:00,True,,,24,2,2,2026-05-15 22:00:00+02:00 | 2026-05-15 23:00:00+02:00,0.0,Optimization terminated successfully. (HiGHS Status 7: Optimal),8565144.538879395,8565144.538879395,1.0,0.0,8565144.538879395
2026-05-16 00:00:00+02:00,True,,,24,2,2,2026-05-16 22:00:00+02:00 | 2026-05-16 23:00:00+02:00,0.0,Optimization terminated successfully. (HiGHS Status 7: Optimal),7276272.087097168,7276272.087097168,1.0,0.0,7276272.087097168
2026-05-17 00:00:00+02:00,True,,,24,2,2,2026-05-17 22:00:00+02:00 | 2026-05-17 23:00:00+02:00,0.0,Optimization terminated successfully. (HiGHS Status 7: Optimal),6586129.322052002,6586129.322052002,1.0,0.0,6586129.322052002
2026-05-18 00:00:00+02:00,True,,,24,2,2,2026-05-18 22:00:00+02:00 | 2026-05-18 23:00:00+02:00,0.0,Optimization terminated successfully. (HiGHS Status 7: Optimal),7839407.768249512,7839407.768249512,1.0,0.0,7839407.768249512
2026-05-19 00:00:00+02:00,True,,,24,2,2,2026-05-19 22:00:00+02:00 | 2026-05-19 23:00:00+02:00,0.0,Optimization terminated successfully. (HiGHS Status 7: Optimal),6430252.113342285,6430252.113342285,1.0,0.0,6430252.113342285
2026-05-20 00:00:00+02:00,True,,,24,2,2,2026-05-20 22:00:00+02:00 | 2026-05-20 23:00:00+02:00,0.0,Optimization terminated successfully. (HiGHS Status 7: Optimal),5982950.572967529,5982950.572967529,1.0,0.0,5982950.572967529
2026-05-21 00:00:00+02:00,True,,,24,2,2,2026-05-21 22:00:00+02:00 | 2026-05-21 23:00:00+02:00,0.0,Optimization terminated successfully. (HiGHS Status 7: Optimal),7021824.645996094,7021824.645996094,1.0,0.0,7021824.645996094
2026-05-22 00:00:00+02:00,True,,,24,2,2,2026-05-22 22:00:00+02:00 | 2026-05-22 23:00:00+02:00,0.0,Optimization terminated successfully. (HiGHS Status 7: Optimal),6411692.409515381,6411692.409515381,1.0,0.0,6411692.409515381
2026-05-23 00:00:00+02:00,True,,,24,2,2,2026-05-23 22:00:00+02:00 | 2026-05-23 23:00:00+02:00,0.0,Optimization terminated successfully. (HiGHS Status 7: Optimal),5424743.270874023,5424743.270874023,1.0,0.0,5424743.270874023
2026-05-24 00:00:00+02:00,True,,,24,2,2,2026-05-24 22:00:00+02:00 | 2026-05-24 23:00:00+02:00,0.0,Optimization terminated successfully. (HiGHS Status 7: Optimal),4682759.962081909,4682759.962081909,1.0,0.0,4682759.962081909
2026-05-25 00:00:00+02:00,True,,,24,2,2,2026-05-25 22:00:00+02:00 | 2026-05-25 23:00:00+02:00,0.0,Optimization terminated successfully. (HiGHS Status 7: Optimal),5215805.816650391,5215805.816650391,1.0,0.0,5215805.816650391
2026-05-26 00:00:00+02:00,True,,,24,2,2,2026-05-26 22:00:00+02:00 | 2026-05-26 23:00:00+02:00,0.0,Optimization terminated successfully. (HiGHS Status 7: Optimal),6559870.60546875,6559870.60546875,1.0,0.0,6559870.60546875
2026-05-27 00:00:00+02:00,True,,,24,2,2,2026-05-27 22:00:00+02:00 | 2026-05-27 23:00:00+02:00,0.0,Optimization terminated successfully. (HiGHS Status 7: Optimal),7263623.008728027,7263623.008728027,1.0,0.0,7263623.008728027
2026-05-28 00:00:00+02:00,True,,,24,2,2,2026-05-28 22:00:00+02:00 | 2026-05-28 23:00:00+02:00,0.0,Optimization terminated successfully. (HiGHS Status 7: Optimal),7325056.247711182,7325056.247711182,1.0,0.0,7325056.247711182
2026-05-29 00:00:00+02:00,True,,,24,2,2,2026-05-29 22:00:00+02:00 | 2026-05-29 23:00:00+02:00,0.0,Optimization terminated successfully. (HiGHS Status 7: Optimal),7305299.816131592,7305299.816131592,1.0,0.0,7305299.816131592
2026-05-30 00:00:00+02:00,True,,,24,2,2,2026-05-30 22:00:00+02:00 | 2026-05-30 23:00:00+02:00,0.0,Optimization terminated successfully. (HiGHS Status 7: Optimal),6978358.974456787,6978358.974456787,1.0,0.0,6978358.974456787
2026-05-31 00:00:00+02:00,True,,,24,2,2,2026-05-31 22:00:00+02:00 | 2026-05-31 23:00:00+02:00,0.0,Optimization terminated successfully. (HiGHS Status 7: Optimal),6177211.952209473,6177211.952209473,1.0,0.0,6177211.952209473
2026-06-01 00:00:00+02:00,True,,,24,2,2,2026-06-01 22:00:00+02:00 | 2026-06-01 23:00:00+02:00,0.0,Optimization terminated successfully. (HiGHS Status 7: Optimal),7172671.279907227,7172671.279907227,1.0,0.0,7172671.279907227
2026-06-02 00:00:00+02:00,True,,,24,2,2,2026-06-02 22:00:00+02:00 | 2026-06-02 23:00:00+02:00,0.0,Optimization terminated successfully. (HiGHS Status 7: Optimal),6525229.377746582,6525229.377746582,1.0,0.0,6525229.377746582
2026-06-03 00:00:00+02:00,True,,,24,2,2,2026-06-03 22:00:00+02:00 | 2026-06-03 23:00:00+02:00,0.0,Optimization terminated successfully. (HiGHS Status 7: Optimal),5720748.329162598,5720748.329162598,1.0,0.0,5720748.329162598
2026-06-04 00:00:00+02:00,True,,,24,2,2,2026-06-04 22:00:00+02:00 | 2026-06-04 23:00:00+02:00,0.0,Optimization terminated successfully. (HiGHS Status 7: Optimal),5726359.100341797,5726359.100341797,1.0,0.0,5726359.100341797
2026-06-05 00:00:00+02:00,True,,,24,2,2,2026-06-05 22:00:00+02:00 | 2026-06-05 23:00:00+02:00,0.0,Optimization terminated successfully. (HiGHS Status 7: Optimal),6615294.876098633,6615294.876098633,1.0,0.0,6615294.876098633
2026-06-06 00:00:00+02:00,True,,,24,2,2,2026-06-06 22:00:00+02:00 | 2026-06-06 23:00:00+02:00,0.0,Optimization terminated successfully. (HiGHS Status 7: Optimal),4730676.8226623535,4730676.8226623535,1.0,0.0,4730676.8226623535
2026-06-07 00:00:00+02:00,True,,,24,2,2,2026-06-07 22:00:00+02:00 | 2026-06-07 23:00:00+02:00,0.0,Optimization terminated successfully. (HiGHS Status 7: Optimal),5553916.22543335,5553916.22543335,1.0,0.0,5553916.22543335
2026-06-08 00:00:00+02:00,True,,,24,2,2,2026-06-08 22:00:00+02:00 | 2026-06-08 23:00:00+02:00,0.0,Optimization terminated successfully. (HiGHS Status 7: Optimal),7349718.132019043,7349718.132019043,1.0,0.0,7349718.132019043
2026-06-09 00:00:00+02:00,True,,,24,2,2,2026-06-09 22:00:00+02:00 | 2026-06-09 23:00:00+02:00,0.0,Optimization terminated successfully. (HiGHS Status 7: Optimal),7124516.1056518555,7124516.1056518555,1.0,0.0,7124516.1056518555
2026-06-10 00:00:00+02:00,True,,,24,2,2,2026-06-10 22:00:00+02:00 | 2026-06-10 23:00:00+02:00,0.0,Optimization terminated successfully. (HiGHS Status 7: Optimal),7006343.555450439,7006343.555450439,1.0,0.0,7006343.555450439
2026-06-11 00:00:00+02:00,True,,,24,2,2,2026-06-11 22:00:00+02:00 | 2026-06-11 23:00:00+02:00,0.0,Optimization terminated successfully. (HiGHS Status 7: Optimal),7181447.887420654,7181447.887420654,1.0,0.0,7181447.887420654
2026-06-12 00:00:00+02:00,True,,,24,2,2,2026-06-12 22:00:00+02:00 | 2026-06-12 23:00:00+02:00,0.0,Optimization terminated successfully. (HiGHS Status 7: Optimal),6851004.467010498,6851004.467010498,1.0,0.0,6851004.467010498
2026-06-13 00:00:00+02:00,True,,,24,2,2,2026-06-13 22:00:00+02:00 | 2026-06-13 23:00:00+02:00,0.0,Optimization terminated successfully. (HiGHS Status 7: Optimal),5946812.66784668,5946812.66784668,1.0,0.0,5946812.66784668
2026-06-14 00:00:00+02:00,True,,,24,2,2,2026-06-14 22:00:00+02:00 | 2026-06-14 23:00:00+02:00,0.0,Optimization terminated successfully. (HiGHS Status 7: Optimal),5955257.053375244,5955257.053375244,1.0,0.0,5955257.053375244
2026-06-15 00:00:00+02:00,True,,,24,2,2,2026-06-15 22:00:00+02:00 | 2026-06-15 23:00:00+02:00,0.0,Optimization terminated successfully. (HiGHS Status 7: Optimal),6743318.214416504,6743318.214416504,1.0,0.0,6743318.214416504
2026-06-16 00:00:00+02:00,True,,,24,2,2,2026-06-16 22:00:00+02:00 | 2026-06-16 23:00:00+02:00,0.0,Optimization terminated successfully. (HiGHS Status 7: Optimal),7144834.957122803,7144834.957122803,1.0,0.0,7144834.957122803
2026-06-17 00:00:00+02:00,True,,,24,2,2,2026-06-17 22:00:00+02:00 | 2026-06-17 23:00:00+02:00,0.0,Optimization terminated successfully. (HiGHS Status 7: Optimal),7572138.786315918,7572138.786315918,1.0,0.0,7572138.786315918
2026-06-18 00:00:00+02:00,True,,,24,2,2,2026-06-18 22:00:00+02:00 | 2026-06-18 23:00:00+02:00,0.0,Optimization terminated successfully. (HiGHS Status 7: Optimal),7228303.241729736,7228303.241729736,1.0,0.0,7228303.241729736
2026-06-19 00:00:00+02:00,True,,,24,2,2,2026-06-19 22:00:00+02:00 | 2026-06-19 23:00:00+02:00,0.0,Optimization terminated successfully. (HiGHS Status 7: Optimal),7622344.989776611,7622344.989776611,1.0,0.0,7622344.989776611
2026-06-20 00:00:00+02:00,True,,,24,2,2,2026-06-20 22:00:00+02:00 | 2026-06-20 23:00:00+02:00,0.0,Optimization terminated successfully. (HiGHS Status 7: Optimal),7340590.572357178,7340590.572357178,1.0,0.0,7340590.572357178
2026-06-21 00:00:00+02:00,True,,,24,2,2,2026-06-21 22:00:00+02:00 | 2026-06-21 23:00:00+02:00,0.0,Optimization terminated successfully. (HiGHS Status 7: Optimal),7017915.40145874,7017915.40145874,1.0,0.0,7017915.40145874
2026-06-22 00:00:00+02:00,True,,,24,2,2,2026-06-22 22:00:00+02:00 | 2026-06-22 23:00:00+02:00,0.0,Optimization terminated successfully. (HiGHS Status 7: Optimal),7942795.677185059,7942795.677185059,1.0,0.0,7942795.677185059
2026-06-23 00:00:00+02:00,True,,,24,2,2,2026-06-23 22:00:00+02:00 | 2026-06-23 23:00:00+02:00,0.0,Optimization terminated successfully. (HiGHS Status 7: Optimal),8490391.249389648,8490391.249389648,1.0,0.0,8490391.249389648
2026-06-24 00:00:00+02:00,True,,,24,2,2,2026-06-24 22:00:00+02:00 | 2026-06-24 23:00:00+02:00,0.0,Optimization terminated successfully. (HiGHS Status 7: Optimal),8544552.383422852,8544552.383422852,1.0,0.0,8544552.383422852
2026-06-25 00:00:00+02:00,True,,,24,2,2,2026-06-25 22:00:00+02:00 | 2026-06-25 23:00:00+02:00,0.0,Optimization terminated successfully. (HiGHS Status 7: Optimal),8087140.5029296875,8087140.5029296875,1.0,0.0,8087140.5029296875
2026-06-26 00:00:00+02:00,True,,,24,2,2,2026-06-26 22:00:00+02:00 | 2026-06-26 23:00:00+02:00,0.0,Optimization terminated successfully. (HiGHS Status 7: Optimal),8396388.312530518,8396388.312530518,1.0,0.0,8396388.312530518
2026-06-27 00:00:00+02:00,True,,,24,2,2,2026-06-27 22:00:00+02:00 | 2026-06-27 23:00:00+02:00,0.0,Optimization terminated successfully. (HiGHS Status 7: Optimal),7206663.970947266,7206663.970947266,1.0,0.0,7206663.970947266
2026-06-28 00:00:00+02:00,True,,,24,2,2,2026-06-28 22:00:00+02:00 | 2026-06-28 23:00:00+02:00,0.0,Optimization terminated successfully. (HiGHS Status 7: Optimal),7511536.94152832,7511536.94152832,1.0,0.0,7511536.94152832
2026-06-29 00:00:00+02:00,True,,,24,2,2,2026-06-29 22:00:00+02:00 | 2026-06-29 23:00:00+02:00,0.0,Optimization terminated successfully. (HiGHS Status 7: Optimal),8279752.597808838,8279752.597808838,1.0,0.0,8279752.597808838
2026-06-30 00:00:00+02:00,True,,,24,2,2,2026-06-30 22:00:00+02:00 | 2026-06-30 23:00:00+02:00,0.0,Optimization terminated successfully. (HiGHS Status 7: Optimal),8127019.062042236,8127019.062042236,1.0,0.0,8127019.062042236
2026-07-01 00:00:00+02:00,True,,,24,2,2,2026-07-01 22:00:00+02:00 | 2026-07-01 23:00:00+02:00,0.0,Optimization terminated successfully. (HiGHS Status 7: Optimal),7715062.9234313965,7715062.9234313965,1.0,0.0,7715062.9234313965
2026-07-02 00:00:00+02:00,True,,,24,2,2,2026-07-02 22:00:00+02:00 | 2026-07-02 23:00:00+02:00,0.0,Optimization terminated successfully. (HiGHS Status 7: Optimal),7299359.226226807,7299359.226226807,1.0,0.0,7299359.226226807
2026-07-03 00:00:00+02:00,True,,,24,2,2,2026-07-03 22:00:00+02:00 | 2026-07-03 23:00:00+02:00,0.0,Optimization terminated successfully. (HiGHS Status 7: Optimal),7666344.261169434,7666344.261169434,1.0,0.0,7666344.261169434
2026-07-04 00:00:00+02:00,True,,,24,2,2,2026-07-04 22:00:00+02:00 | 2026-07-04 23:00:00+02:00,0.0,Optimization terminated successfully. (HiGHS Status 7: Optimal),6845330.047607422,6845330.047607422,1.0,0.0,6845330.047607422
2026-07-05 00:00:00+02:00,True,,,24,2,2,2026-07-05 22:00:00+02:00 | 2026-07-05 23:00:00+02:00,0.0,Optimization terminated successfully. (HiGHS Status 7: Optimal),6686418.09463501,6686418.09463501,1.0,0.0,6686418.09463501
2026-07-06 00:00:00+02:00,True,,,24,2,2,2026-07-06 22:00:00+02:00 | 2026-07-06 23:00:00+02:00,0.0,Optimization terminated successfully. (HiGHS Status 7: Optimal),8164737.453460693,8164737.453460693,1.0,0.0,8164737.453460693
2026-07-07 00:00:00+02:00,True,,,24,2,2,2026-07-07 22:00:00+02:00 | 2026-07-07 23:00:00+02:00,0.0,Optimization terminated successfully. (HiGHS Status 7: Optimal),8460277.709960938,8460277.709960938,1.0,0.0,8460277.709960938
2026-07-08 00:00:00+02:00,True,,,24,2,2,2026-07-08 22:00:00+02:00 | 2026-07-08 23:00:00+02:00,0.0,Optimization terminated successfully. (HiGHS Status 7: Optimal),8704942.55065918,8704942.55065918,1.0,0.0,8704942.55065918
2026-07-09 00:00:00+02:00,True,,,24,2,2,2026-07-09 22:00:00+02:00 | 2026-07-09 23:00:00+02:00,0.0,Optimization terminated successfully. (HiGHS Status 7: Optimal),8551137.981414795,8551137.981414795,1.0,0.0,8551137.981414795
2026-07-10 00:00:00+02:00,True,,,24,2,2,2026-07-10 22:00:00+02:00 | 2026-07-10 23:00:00+02:00,0.0,Optimization terminated successfully. (HiGHS Status 7: Optimal),8208120.441436768,8208120.441436768,1.0,0.0,8208120.441436768
2026-07-11 00:00:00+02:00,True,,,24,2,2,2026-07-11 22:00:00+02:00 | 2026-07-11 23:00:00+02:00,0.0,Optimization terminated successfully. (HiGHS Status 7: Optimal),7564342.041015625,7564342.041015625,1.0,0.0,7564342.041015625
2026-07-12 00:00:00+02:00,True,,,24,2,2,2026-07-12 22:00:00+02:00 | 2026-07-12 23:00:00+02:00,0.0,Optimization terminated successfully. (HiGHS Status 7: Optimal),6766969.699859619,6766969.699859619,1.0,0.0,6766969.699859619
2026-07-13 00:00:00+02:00,True,,,24,2,2,2026-07-13 22:00:00+02:00 | 2026-07-13 23:00:00+02:00,0.0,Optimization terminated successfully. (HiGHS Status 7: Optimal),7219068.241119385,7219068.241119385,1.0,0.0,7219068.241119385
2026-07-14 00:00:00+02:00,True,,,24,2,2,2026-07-14 22:00:00+02:00 | 2026-07-14 23:00:00+02:00,0.0,Optimization terminated successfully. (HiGHS Status 7: Optimal),7737683.124542236,7737683.124542236,1.0,0.0,7737683.124542236
2026-07-15 00:00:00+02:00,True,,,24,2,2,2026-07-15 22:00:00+02:00 | 2026-07-15 23:00:00+02:00,0.0,Optimization terminated successfully. (HiGHS Status 7: Optimal),9312440.463256836,9312440.463256836,1.0,0.0,9312440.463256836
2026-07-16 00:00:00+02:00,True,,,24,2,2,2026-07-16 22:00:00+02:00 | 2026-07-16 23:00:00+02:00,0.0,Optimization terminated successfully. (HiGHS Status 7: Optimal),9484773.631286621,9484773.631286621,1.0,0.0,9484773.631286621
2026-07-17 00:00:00+02:00,True,,,24,2,2,2026-07-17 22:00:00+02:00 | 2026-07-17 23:00:00+02:00,0.0,Optimization terminated successfully. (HiGHS Status 7: Optimal),9094454.803466797,9094454.803466797,1.0,0.0,9094454.803466797
2026-07-18 00:00:00+02:00,True,,,24,2,2,2026-07-18 22:00:00+02:00 | 2026-07-18 23:00:00+02:00,0.0,Optimization terminated successfully. (HiGHS Status 7: Optimal),7637394.618988037,7637394.618988037,1.0,0.0,7637394.618988037
2026-07-19 00:00:00+02:00,True,,,24,2,2,2026-07-19 22:00:00+02:00 | 2026-07-19 23:00:00+02:00,0.0,Optimization terminated successfully. (HiGHS Status 7: Optimal),6328051.109313965,6328051.109313965,1.0,0.0,6328051.109313965
2026-07-20 00:00:00+02:00,True,,,24,2,2,2026-07-20 22:00:00+02:00 | 2026-07-20 23:00:00+02:00,0.0,Optimization terminated successfully. (HiGHS Status 7: Optimal),6981729.335784912,6981729.335784912,1.0,0.0,6981729.335784912
2026-07-21 00:00:00+02:00,True,,,24,2,2,2026-07-21 22:00:00+02:00 | 2026-07-21 23:00:00+02:00,0.0,Optimization terminated successfully. (HiGHS Status 7: Optimal),7221935.081481934,7221935.081481934,1.0,0.0,7221935.081481934
2026-07-22 00:00:00+02:00,True,,,24,2,2,2026-07-22 22:00:00+02:00 | 2026-07-22 23:00:00+02:00,0.0,Optimization terminated successfully. (HiGHS Status 7: Optimal),7849363.3460998535,7849363.3460998535,1.0,0.0,7849363.3460998535
2026-07-23 00:00:00+02:00,True,,,24,2,2,2026-07-23 22:00:00+02:00 | 2026-07-23 23:00:00+02:00,0.0,Optimization terminated successfully. (HiGHS Status 7: Optimal),7919011.23046875,7919011.23046875,1.0,0.0,7919011.23046875
2026-07-24 00:00:00+02:00,True,,,24,2,2,2026-07-24 22:00:00+02:00 | 2026-07-24 23:00:00+02:00,0.0,Optimization terminated successfully. (HiGHS Status 7: Optimal),7854923.095703125,7854923.095703125,1.0,0.0,7854923.095703125
2026-07-25 00:00:00+02:00,True,,,24,2,2,2026-07-25 22:00:00+02:00 | 2026-07-25 23:00:00+02:00,0.0,Optimization terminated successfully. (HiGHS Status 7: Optimal),7396113.338470459,7396113.338470459,1.0,0.0,7396113.338470459
2026-07-26 00:00:00+02:00,True,,,24,2,2,2026-07-26 22:00:00+02:00 | 2026-07-26 23:00:00+02:00,0.0,Optimization terminated successfully. (HiGHS Status 7: Optimal),5593555.927276611,5593555.927276611,1.0,0.0,5593555.927276611
2026-07-27 00:00:00+02:00,True,,,24,2,2,2026-07-27 22:00:00+02:00 | 2026-07-27 23:00:00+02:00,0.0,Optimization terminated successfully. (HiGHS Status 7: Optimal),8341296.730041504,8341296.730041504,1.0,0.0,8341296.730041504
2026-07-28 00:00:00+02:00,True,,,24,2,2,2026-07-28 22:00:00+02:00 | 2026-07-28 23:00:00+02:00,0.0,Optimization terminated successfully. (HiGHS Status 7: Optimal),8638284.873962402,8638284.873962402,1.0,0.0,8638284.873962402
2026-07-29 00:00:00+02:00,True,,,24,2,2,2026-07-29 22:00:00+02:00 | 2026-07-29 23:00:00+02:00,0.0,Optimization terminated successfully. (HiGHS Status 7: Optimal),8814005.718231201,8814005.718231201,1.0,0.0,8814005.718231201
2026-07-30 00:00:00+02:00,True,,,24,0,0,,0.0,Optimization terminated successfully. (HiGHS Status 7: Optimal),8805857.601165771,8805857.601165771,1.0,0.0,8805857.601165771
2026-07-31 00:00:00+02:00,True,,,24,0,0,,0.0,Optimization terminated successfully. (HiGHS Status 7: Optimal),8399042.510986328,8399042.510986328,1.0,0.0,8399042.510986328
2026-08-01 00:00:00+02:00,True,,,24,0,0,,0.0,Optimization terminated successfully. (HiGHS Status 7: Optimal),7148720.169067383,7148720.169067383,1.0,0.0,7148720.169067383
2026-08-02 00:00:00+02:00,True,,,24,0,0,,0.0,Optimization terminated successfully. (HiGHS Status 7: Optimal),6410198.192596436,6410198.192596436,1.0,0.0,6410198.192596436
2026-08-03 00:00:00+02:00,True,,,24,0,0,,0.0,Optimization terminated successfully. (HiGHS Status 7: Optimal),8263772.233581543,8263772.233581543,1.0,0.0,8263772.233581543
2026-08-04 00:00:00+02:00,True,,,24,0,0,,0.0,Optimization terminated successfully. (HiGHS Status 7: Optimal),8009795.684814453,8009795.684814453,1.0,0.0,8009795.684814453
2026-08-05 00:00:00+02:00,True,,,24,0,0,,0.0,Optimization terminated successfully. (HiGHS Status 7: Optimal),7518222.274780273,7518222.274780273,1.0,0.0,7518222.274780273
2026-08-06 00:00:00+02:00,True,,,24,0,0,,0.0,Optimization terminated successfully. (HiGHS Status 7: Optimal),7600418.605804443,7600418.605804443,1.0,0.0,7600418.605804443
2026-08-07 00:00:00+02:00,True,,,24,0,0,,0.0,Optimization terminated successfully. (HiGHS Status 7: Optimal),7238443.183898926,7238443.183898926,1.0,0.0,7238443.183898926
2026-08-08 00:00:00+02:00,True,,,24,0,0,,0.0,Optimization terminated successfully. (HiGHS Status 7: Optimal),6590093.803405762,6590093.803405762,1.0,0.0,6590093.803405762
