timestamp,value
2024-08-29 22:00:00+00:00,7.8851147
2024-08-29 23:00:00+00:00,7.5827225
2024-08-30 00:00:00+00:00,7.4110994
2024-08-30 01:00:00+00:00,7.3246291
2024-08-30 02:00:00+00:00,7.3466853
2024-08-30 03:00:00+00:00,7.6287303
2024-08-30 04:00:00+00:00,8.2872428
2024-08-30 05:00:00+00:00,8.9025178
2024-08-30 06:00:00+00:00,8.9833082
2024-08-30 07:00:00+00:00,8.6920612
2024-08-30 08:00:00+00:00,7.9043566
2024-08-30 09:00:00+00:00,7.3472534000000005
2024-08-30 10:00:00+00:00,6.731355100000001
2024-08-30 11:00:00+00:00,6.449208700000002
2024-08-30 12:00:00+00:00,6.1691611
2024-08-30 13:00:00+00:00,5.980949499999999
2024-08-30 14:00:00+00:00,6.2751441
2024-08-30 15:00:00+00:00,6.847082800000001
2024-08-30 16:00:00+00:00,7.3542578999999995
2024-08-30 17:00:00+00:00,7.4699559
2024-08-30 18:00:00+00:00,7.2659115
2024-08-30 19:00:00+00:00,6.9543869
2024-08-30 20:00:00+00:00,6.5507688
2024-08-30 21:00:00+00:00,6.064438300000001
2024-08-30 22:00:00+00:00,5.7203473
2024-08-30 23:00:00+00:00,5.3366977
2024-08-31 00:00:00+00:00,5.133866899999999
2024-08-31 01:00:00+00:00,5.0521936
2024-08-31 02:00:00+00:00,5.0027788
2024-08-31 03:00:00+00:00,4.992685400000001
2024-08-31 04:00:00+00:00,5.0646905
2024-08-31 05:00:00+00:00,5.0402508
2024-08-31 06:00:00+00:00,4.8471496
2024-08-31 07:00:00+00:00,4.331660999999999
2024-08-31 08:00:00+00:00,3.420845700000001
2024-08-31 09:00:00+00:00,2.5135746
2024-08-31 10:00:00+00:00,1.9059164000000006
2024-08-31 11:00:00+00:00,1.568074900000001
2024-08-31 12:00:00+00:00,1.4550611
2024-08-31 13:00:00+00:00,1.654522000000001
2024-08-31 14:00:00+00:00,2.451608200000001
2024-08-31 15:00:00+00:00,3.6736752
2024-08-31 16:00:00+00:00,4.9975237
2024-08-31 17:00:00+00:00,6.149902200000001
2024-08-31 18:00:00+00:00,6.406117
2024-08-31 19:00:00+00:00,6.222021699999999
2024-08-31 20:00:00+00:00,6.0025873999999995
2024-08-31 21:00:00+00:00,5.8183179
2024-08-31 22:00:00+00:00,5.740015400000001
2024-08-31 23:00:00+00:00,5.4638145
2024-09-01 00:00:00+00:00,5.366753600000001
2024-09-01 01:00:00+00:00,5.3802228
2024-09-01 02:00:00+00:00,5.4251948
2024-09-01 03:00:00+00:00,5.4893339
2024-09-01 04:00:00+00:00,5.684433899999999
2024-09-01 05:00:00+00:00,5.599379
2024-09-01 06:00:00+00:00,5.2808039
2024-09-01 07:00:00+00:00,4.755038399999999
2024-09-01 08:00:00+00:00,3.9642332000000007
2024-09-01 09:00:00+00:00,3.206043700000002
2024-09-01 10:00:00+00:00,2.5769392
2024-09-01 11:00:00+00:00,2.1267266000000005
2024-09-01 12:00:00+00:00,2.2359888000000003
2024-09-01 13:00:00+00:00,2.6208541
2024-09-01 14:00:00+00:00,3.4298282
2024-09-01 15:00:00+00:00,4.8007064999999995
2024-09-01 16:00:00+00:00,6.3752806
2024-09-01 17:00:00+00:00,7.5367559
2024-09-01 18:00:00+00:00,7.9672336999999995
2024-09-01 19:00:00+00:00,7.795958100000001
2024-09-01 20:00:00+00:00,7.359335799999999
2024-09-01 21:00:00+00:00,6.959795
2024-09-01 22:00:00+00:00,7.011173900000001
2024-09-01 23:00:00+00:00,6.9168417
2024-09-02 00:00:00+00:00,6.7579362000000005
2024-09-02 01:00:00+00:00,6.797003999999999
2024-09-02 02:00:00+00:00,6.908414099999999
2024-09-02 03:00:00+00:00,7.3160667
2024-09-02 04:00:00+00:00,8.1222244
2024-09-02 05:00:00+00:00,8.6262496
2024-09-02 06:00:00+00:00,8.3695422
2024-09-02 07:00:00+00:00,7.6610183
2024-09-02 08:00:00+00:00,6.703474499999999
2024-09-02 09:00:00+00:00,6.040716799999999
2024-09-02 10:00:00+00:00,5.3347668
2024-09-02 11:00:00+00:00,5.073973800000001
2024-09-02 12:00:00+00:00,5.089748300000001
2024-09-02 13:00:00+00:00,5.4906468
2024-09-02 14:00:00+00:00,6.2637287000000015
2024-09-02 15:00:00+00:00,7.4198975
2024-09-02 16:00:00+00:00,8.4818514
2024-09-02 17:00:00+00:00,8.987358900000002
2024-09-02 18:00:00+00:00,9.247647599999999
2024-09-02 19:00:00+00:00,9.0396788
2024-09-02 20:00:00+00:00,8.6682116
2024-09-02 21:00:00+00:00,8.1745166
2024-09-02 22:00:00+00:00,8.075528700000001
2024-09-02 23:00:00+00:00,7.776521299999999
2024-09-03 00:00:00+00:00,7.5819663
2024-09-03 01:00:00+00:00,7.5410192
2024-09-03 02:00:00+00:00,7.5735145
2024-09-03 03:00:00+00:00,7.795592600000001
2024-09-03 04:00:00+00:00,8.4492984
2024-09-03 05:00:00+00:00,8.939742200000001
2024-09-03 06:00:00+00:00,9.0272955
2024-09-03 07:00:00+00:00,8.481558099999999
2024-09-03 08:00:00+00:00,7.6891869999999995
2024-09-03 09:00:00+00:00,7.0460856
2024-09-03 10:00:00+00:00,6.347254500000001
2024-09-03 11:00:00+00:00,6.002507100000001
2024-09-03 12:00:00+00:00,5.9393263
2024-09-03 13:00:00+00:00,6.1660373
2024-09-03 14:00:00+00:00,6.7048435
2024-09-03 15:00:00+00:00,7.704967400000001
2024-09-03 16:00:00+00:00,8.7114428
2024-09-03 17:00:00+00:00,9.2746198
2024-09-03 18:00:00+00:00,9.487211199999999
2024-09-03 19:00:00+00:00,9.210176899999999
2024-09-03 20:00:00+00:00,8.901905099999999
2024-09-03 21:00:00+00:00,8.4862152
2024-09-03 22:00:00+00:00,7.8954913000000015
2024-09-03 23:00:00+00:00,7.6121111
2024-09-04 00:00:00+00:00,7.4301056
2024-09-04 01:00:00+00:00,7.3495114
2024-09-04 02:00:00+00:00,7.439614199999999
2024-09-04 03:00:00+00:00,7.7677648
2024-09-04 04:00:00+00:00,8.523619700000001
2024-09-04 05:00:00+00:00,9.2302154
2024-09-04 06:00:00+00:00,9.4016786
2024-09-04 07:00:00+00:00,9.086224999999999
2024-09-04 08:00:00+00:00,8.5522852
2024-09-04 09:00:00+00:00,8.1651972
2024-09-04 10:00:00+00:00,7.739918500000002
2024-09-04 11:00:00+00:00,7.3669495000000005
2024-09-04 12:00:00+00:00,7.216900200000001
2024-09-04 13:00:00+00:00,7.1216031
2024-09-04 14:00:00+00:00,7.2655385
2024-09-04 15:00:00+00:00,7.9826189
2024-09-04 16:00:00+00:00,8.8647293
2024-09-04 17:00:00+00:00,9.332798599999999
2024-09-04 18:00:00+00:00,9.329922600000002
2024-09-04 19:00:00+00:00,9.0148279
2024-09-04 20:00:00+00:00,8.713555
2024-09-04 21:00:00+00:00,8.2268227
2024-09-04 22:00:00+00:00,7.8614898
2024-09-04 23:00:00+00:00,7.5036645
2024-09-05 00:00:00+00:00,7.2322963
2024-09-05 01:00:00+00:00,7.053029700000001
2024-09-05 02:00:00+00:00,6.913911700000001
2024-09-05 03:00:00+00:00,7.029713500000001
2024-09-05 04:00:00+00:00,7.6313575
2024-09-05 05:00:00+00:00,8.1783115
2024-09-05 06:00:00+00:00,8.3195382
2024-09-05 07:00:00+00:00,8.113392900000001
2024-09-05 08:00:00+00:00,7.565289700000001
2024-09-05 09:00:00+00:00,7.0114733
2024-09-05 10:00:00+00:00,6.434006199999999
2024-09-05 11:00:00+00:00,6.1072996999999996
2024-09-05 12:00:00+00:00,5.992905800000001
2024-09-05 13:00:00+00:00,6.261190600000001
2024-09-05 14:00:00+00:00,6.846197199999999
2024-09-05 15:00:00+00:00,7.803944400000001
2024-09-05 16:00:00+00:00,8.740544100000001
2024-09-05 17:00:00+00:00,9.2319962
2024-09-05 18:00:00+00:00,9.2941742
2024-09-05 19:00:00+00:00,8.9972487
2024-09-05 20:00:00+00:00,8.6353701
2024-09-05 21:00:00+00:00,8.0911093
2024-09-05 22:00:00+00:00,7.4673404
2024-09-05 23:00:00+00:00,7.151335100000001
2024-09-06 00:00:00+00:00,6.9862001000000005
2024-09-06 01:00:00+00:00,6.9645101
2024-09-06 02:00:00+00:00,7.0817309999999996
2024-09-06 03:00:00+00:00,7.3554025
2024-09-06 04:00:00+00:00,8.1263235
2024-09-06 05:00:00+00:00,8.8343947
2024-09-06 06:00:00+00:00,9.080635299999999
2024-09-06 07:00:00+00:00,9.1529462
2024-09-06 08:00:00+00:00,8.8059204
2024-09-06 09:00:00+00:00,8.605409700000001
2024-09-06 10:00:00+00:00,8.2584682
2024-09-06 11:00:00+00:00,7.961210400000001
2024-09-06 12:00:00+00:00,7.6686359
2024-09-06 13:00:00+00:00,7.566382300000001
2024-09-06 14:00:00+00:00,7.7261074
2024-09-06 15:00:00+00:00,8.2292709
2024-09-06 16:00:00+00:00,8.8912162
2024-09-06 17:00:00+00:00,9.3220776
2024-09-06 18:00:00+00:00,9.3965217
2024-09-06 19:00:00+00:00,9.0568391
2024-09-06 20:00:00+00:00,8.7784995
2024-09-06 21:00:00+00:00,8.334722099999999
2024-09-06 22:00:00+00:00,7.9233991
2024-09-06 23:00:00+00:00,7.5531977
2024-09-07 00:00:00+00:00,7.2915263
2024-09-07 01:00:00+00:00,7.1815792
2024-09-07 02:00:00+00:00,7.0865028
2024-09-07 03:00:00+00:00,7.0261199
2024-09-07 04:00:00+00:00,7.2328713
2024-09-07 05:00:00+00:00,7.362037399999999
2024-09-07 06:00:00+00:00,7.1493457000000005
2024-09-07 07:00:00+00:00,6.552462199999999
2024-09-07 08:00:00+00:00,5.5678562000000005
2024-09-07 09:00:00+00:00,4.680939400000001
2024-09-07 10:00:00+00:00,4.016866300000002
2024-09-07 11:00:00+00:00,3.698693500000001
2024-09-07 12:00:00+00:00,3.5798535000000005
2024-09-07 13:00:00+00:00,3.8720154000000004
2024-09-07 14:00:00+00:00,4.818211
2024-09-07 15:00:00+00:00,6.1558815
2024-09-07 16:00:00+00:00,7.308163400000001
2024-09-07 17:00:00+00:00,7.915451900000001
2024-09-07 18:00:00+00:00,8.056053
2024-09-07 19:00:00+00:00,7.722243099999998
2024-09-07 20:00:00+00:00,7.3429151
2024-09-07 21:00:00+00:00,6.956571500000001
2024-09-07 22:00:00+00:00,6.4279478
2024-09-07 23:00:00+00:00,6.105627500000001
2024-09-08 00:00:00+00:00,5.652731
2024-09-08 01:00:00+00:00,5.3280252
2024-09-08 02:00:00+00:00,5.03957
2024-09-08 03:00:00+00:00,4.821238900000001
2024-09-08 04:00:00+00:00,5.0110608999999995
2024-09-08 05:00:00+00:00,5.0078831
2024-09-08 06:00:00+00:00,4.7470547
2024-09-08 07:00:00+00:00,3.9918348000000003
2024-09-08 08:00:00+00:00,3.0742664
2024-09-08 09:00:00+00:00,2.435286100000001
2024-09-08 10:00:00+00:00,2.0003214
2024-09-08 11:00:00+00:00,1.7592477000000004
2024-09-08 12:00:00+00:00,1.9499396000000004
2024-09-08 13:00:00+00:00,2.3157223999999985
2024-09-08 14:00:00+00:00,2.993408799999999
2024-09-08 15:00:00+00:00,4.3719068000000005
2024-09-08 16:00:00+00:00,5.8408337
2024-09-08 17:00:00+00:00,6.8594992
2024-09-08 18:00:00+00:00,7.3974692000000015
2024-09-08 19:00:00+00:00,7.390162800000001
2024-09-08 20:00:00+00:00,7.092842399999999
2024-09-08 21:00:00+00:00,6.7473475
2024-09-08 22:00:00+00:00,6.1883929
2024-09-08 23:00:00+00:00,6.0752409
2024-09-09 00:00:00+00:00,6.0540841
2024-09-09 01:00:00+00:00,6.1155081
2024-09-09 02:00:00+00:00,6.2167546
2024-09-09 03:00:00+00:00,6.590256999999999
2024-09-09 04:00:00+00:00,7.3653061
2024-09-09 05:00:00+00:00,8.0008828
2024-09-09 06:00:00+00:00,8.0752941
2024-09-09 07:00:00+00:00,7.7569234
2024-09-09 08:00:00+00:00,7.201874500000001
2024-09-09 09:00:00+00:00,6.5849637
2024-09-09 10:00:00+00:00,5.770463500000001
2024-09-09 11:00:00+00:00,5.124681500000001
2024-09-09 12:00:00+00:00,4.687356300000001
2024-09-09 13:00:00+00:00,4.648897600000001
2024-09-09 14:00:00+00:00,5.088861100000001
2024-09-09 15:00:00+00:00,5.8671693
2024-09-09 16:00:00+00:00,6.724044200000001
2024-09-09 17:00:00+00:00,7.210464400000001
2024-09-09 18:00:00+00:00,7.5064127
2024-09-09 19:00:00+00:00,7.587219899999999
2024-09-09 20:00:00+00:00,7.4832711
2024-09-09 21:00:00+00:00,7.219810000000001
2024-09-09 22:00:00+00:00,6.922958599999999
2024-09-09 23:00:00+00:00,6.6792651
2024-09-10 00:00:00+00:00,6.4576428
2024-09-10 01:00:00+00:00,6.3150338
2024-09-10 02:00:00+00:00,6.2157588000000015
2024-09-10 03:00:00+00:00,6.3856994
2024-09-10 04:00:00+00:00,6.9527973
2024-09-10 05:00:00+00:00,7.338870000000001
2024-09-10 06:00:00+00:00,7.034856100000001
2024-09-10 07:00:00+00:00,6.051046700000001
2024-09-10 08:00:00+00:00,5.1425076999999995
2024-09-10 09:00:00+00:00,4.7759651000000005
2024-09-10 10:00:00+00:00,4.567504900000001
2024-09-10 11:00:00+00:00,4.645985700000001
2024-09-10 12:00:00+00:00,4.6525565
2024-09-10 13:00:00+00:00,4.8460921
2024-09-10 14:00:00+00:00,5.071925899999998
2024-09-10 15:00:00+00:00,5.5897934
2024-09-10 16:00:00+00:00,6.182456899999999
2024-09-10 17:00:00+00:00,6.363871400000001
2024-09-10 18:00:00+00:00,6.453182999999999
2024-09-10 19:00:00+00:00,6.227867099999999
2024-09-10 20:00:00+00:00,6.1297106999999995
2024-09-10 21:00:00+00:00,5.942366100000001
2024-09-10 22:00:00+00:00,5.493761200000002
2024-09-10 23:00:00+00:00,5.2919519
2024-09-11 00:00:00+00:00,5.1078049
2024-09-11 01:00:00+00:00,4.994430400000001
2024-09-11 02:00:00+00:00,5.1775254
2024-09-11 03:00:00+00:00,5.598029
2024-09-11 04:00:00+00:00,6.437695600000001
2024-09-11 05:00:00+00:00,7.1135973
2024-09-11 06:00:00+00:00,6.944295800000001
2024-09-11 07:00:00+00:00,6.055965500000001
2024-09-11 08:00:00+00:00,5.0292855
2024-09-11 09:00:00+00:00,4.377211600000001
2024-09-11 10:00:00+00:00,3.715700400000001
2024-09-11 11:00:00+00:00,3.3422400999999997
2024-09-11 12:00:00+00:00,3.283902800000001
2024-09-11 13:00:00+00:00,3.5743010999999996
2024-09-11 14:00:00+00:00,4.3340831
2024-09-11 15:00:00+00:00,5.6006707
2024-09-11 16:00:00+00:00,6.9359546
2024-09-11 17:00:00+00:00,7.723800200000001
2024-09-11 18:00:00+00:00,7.9931703
2024-09-11 19:00:00+00:00,7.7271199
2024-09-11 20:00:00+00:00,7.419160399999999
2024-09-11 21:00:00+00:00,6.9508802
2024-09-11 22:00:00+00:00,6.500350300000001
2024-09-11 23:00:00+00:00,6.219992599999999
2024-09-12 00:00:00+00:00,6.0758305
2024-09-12 01:00:00+00:00,6.0404706
2024-09-12 02:00:00+00:00,6.128329000000001
2024-09-12 03:00:00+00:00,6.3710771
2024-09-12 04:00:00+00:00,7.2134502000000005
2024-09-12 05:00:00+00:00,7.9055979999999995
2024-09-12 06:00:00+00:00,7.815201
2024-09-12 07:00:00+00:00,7.243622299999998
2024-09-12 08:00:00+00:00,6.5376902999999995
2024-09-12 09:00:00+00:00,6.0228539
2024-09-12 10:00:00+00:00,5.3693675
2024-09-12 11:00:00+00:00,5.1407983
2024-09-12 12:00:00+00:00,5.142577599999999
2024-09-12 13:00:00+00:00,5.443861200000001
2024-09-12 14:00:00+00:00,5.907943499999999
2024-09-12 15:00:00+00:00,6.834878400000001
2024-09-12 16:00:00+00:00,7.873403
2024-09-12 17:00:00+00:00,8.353449000000001
2024-09-12 18:00:00+00:00,8.4397138
2024-09-12 19:00:00+00:00,8.0754032
2024-09-12 20:00:00+00:00,7.6713563
2024-09-12 21:00:00+00:00,7.1690412
2024-09-12 22:00:00+00:00,7.284796699999999
2024-09-12 23:00:00+00:00,7.0077366
2024-09-13 00:00:00+00:00,6.791143
2024-09-13 01:00:00+00:00,6.7193015
2024-09-13 02:00:00+00:00,6.8139233
2024-09-13 03:00:00+00:00,6.906301900000001
2024-09-13 04:00:00+00:00,7.7927014
2024-09-13 05:00:00+00:00,8.481199799999999
2024-09-13 06:00:00+00:00,8.2209248
2024-09-13 07:00:00+00:00,7.5786479
2024-09-13 08:00:00+00:00,6.493239
2024-09-13 09:00:00+00:00,5.8167109
2024-09-13 10:00:00+00:00,5.2285238
2024-09-13 11:00:00+00:00,5.0050941
2024-09-13 12:00:00+00:00,4.946592400000001
2024-09-13 13:00:00+00:00,5.141927300000001
2024-09-13 14:00:00+00:00,5.597018900000001
2024-09-13 15:00:00+00:00,6.8374124
2024-09-13 16:00:00+00:00,8.2773285
2024-09-13 17:00:00+00:00,8.8830171
2024-09-13 18:00:00+00:00,9.1014655
2024-09-13 19:00:00+00:00,8.7845951
2024-09-13 20:00:00+00:00,8.499310300000001
2024-09-13 21:00:00+00:00,8.2043717
2024-09-13 22:00:00+00:00,7.9084442
2024-09-13 23:00:00+00:00,7.6403789
2024-09-14 00:00:00+00:00,7.4384191
2024-09-14 01:00:00+00:00,7.3193582
2024-09-14 02:00:00+00:00,7.2925291
2024-09-14 03:00:00+00:00,7.2536952
2024-09-14 04:00:00+00:00,7.6096474999999995
2024-09-14 05:00:00+00:00,7.827883000000001
2024-09-14 06:00:00+00:00,7.685239900000001
2024-09-14 07:00:00+00:00,7.0259807
2024-09-14 08:00:00+00:00,5.885810900000001
2024-09-14 09:00:00+00:00,5.0111334
2024-09-14 10:00:00+00:00,4.717861600000001
2024-09-14 11:00:00+00:00,4.777008899999999
2024-09-14 12:00:00+00:00,4.9118571
2024-09-14 13:00:00+00:00,5.2861737999999985
2024-09-14 14:00:00+00:00,6.000480700000001
2024-09-14 15:00:00+00:00,7.104566
2024-09-14 16:00:00+00:00,8.2310278
2024-09-14 17:00:00+00:00,8.9065954
2024-09-14 18:00:00+00:00,9.059740000000001
2024-09-14 19:00:00+00:00,8.7416251
2024-09-14 20:00:00+00:00,8.3757024
2024-09-14 21:00:00+00:00,8.0757805
2024-09-14 22:00:00+00:00,7.0320026
2024-09-14 23:00:00+00:00,6.7884021
2024-09-15 00:00:00+00:00,6.6556383
2024-09-15 01:00:00+00:00,6.5955604
2024-09-15 02:00:00+00:00,6.5874343
2024-09-15 03:00:00+00:00,6.6676331
2024-09-15 04:00:00+00:00,6.834042
2024-09-15 05:00:00+00:00,6.8520955
2024-09-15 06:00:00+00:00,6.6102707
2024-09-15 07:00:00+00:00,5.959527899999999
2024-09-15 08:00:00+00:00,5.22401
2024-09-15 09:00:00+00:00,4.6333553
2024-09-15 10:00:00+00:00,4.052252600000001
2024-09-15 11:00:00+00:00,3.9107525999999995
2024-09-15 12:00:00+00:00,3.8270317
2024-09-15 13:00:00+00:00,4.1494093
2024-09-15 14:00:00+00:00,4.937669700000001
2024-09-15 15:00:00+00:00,6.1138361
2024-09-15 16:00:00+00:00,7.3449994
2024-09-15 17:00:00+00:00,7.9522352
2024-09-15 18:00:00+00:00,8.1328858
2024-09-15 19:00:00+00:00,8.029711500000001
2024-09-15 20:00:00+00:00,7.663258999999999
2024-09-15 21:00:00+00:00,7.2318725
2024-09-15 22:00:00+00:00,6.9842705
2024-09-15 23:00:00+00:00,6.8013778
2024-09-16 00:00:00+00:00,6.7463269
2024-09-16 01:00:00+00:00,6.675419099999999
2024-09-16 02:00:00+00:00,6.8416173
2024-09-16 03:00:00+00:00,7.3289159
2024-09-16 04:00:00+00:00,8.257982700000001
2024-09-16 05:00:00+00:00,8.9666849
2024-09-16 06:00:00+00:00,9.059983299999999
2024-09-16 07:00:00+00:00,8.7001171
2024-09-16 08:00:00+00:00,7.8684005
2024-09-16 09:00:00+00:00,7.168298700000001
2024-09-16 10:00:00+00:00,6.359034299999999
2024-09-16 11:00:00+00:00,5.732060799999999
2024-09-16 12:00:00+00:00,5.161536699999999
2024-09-16 13:00:00+00:00,5.127740400000001
2024-09-16 14:00:00+00:00,5.498486799999999
2024-09-16 15:00:00+00:00,6.523632300000001
2024-09-16 16:00:00+00:00,7.581200800000001
2024-09-16 17:00:00+00:00,7.927301299999999
2024-09-16 18:00:00+00:00,7.790087099999999
2024-09-16 19:00:00+00:00,7.1561351
2024-09-16 20:00:00+00:00,6.6932656
2024-09-16 21:00:00+00:00,6.3507158000000015
2024-09-16 22:00:00+00:00,6.147519099999999
2024-09-16 23:00:00+00:00,5.9225575
2024-09-17 00:00:00+00:00,5.7302276
2024-09-17 01:00:00+00:00,5.7158529
2024-09-17 02:00:00+00:00,5.7172827999999996
2024-09-17 03:00:00+00:00,6.0376575
2024-09-17 04:00:00+00:00,6.8829055
2024-09-17 05:00:00+00:00,7.5992828
2024-09-17 06:00:00+00:00,7.6852629000000015
2024-09-17 07:00:00+00:00,7.109593
2024-09-17 08:00:00+00:00,6.121262100000001
2024-09-17 09:00:00+00:00,5.2019564
2024-09-17 10:00:00+00:00,4.3962972
2024-09-17 11:00:00+00:00,3.9464953000000005
2024-09-17 12:00:00+00:00,3.8018175000000003
2024-09-17 13:00:00+00:00,4.031676900000001
2024-09-17 14:00:00+00:00,4.571727900000002
2024-09-17 15:00:00+00:00,5.5147238000000005
2024-09-17 16:00:00+00:00,6.5125542
2024-09-17 17:00:00+00:00,7.096034000000001
2024-09-17 18:00:00+00:00,7.073045199999998
2024-09-17 19:00:00+00:00,6.407374300000001
2024-09-17 20:00:00+00:00,6.049511900000001
2024-09-17 21:00:00+00:00,5.6799765
2024-09-17 22:00:00+00:00,5.307305600000001
2024-09-17 23:00:00+00:00,4.9882881999999995
2024-09-18 00:00:00+00:00,5.063590400000001
2024-09-18 01:00:00+00:00,5.213918700000001
2024-09-18 02:00:00+00:00,5.4275571
2024-09-18 03:00:00+00:00,5.850700300000001
2024-09-18 04:00:00+00:00,6.698375
2024-09-18 05:00:00+00:00,7.487321400000002
2024-09-18 06:00:00+00:00,7.4831254000000005
2024-09-18 07:00:00+00:00,6.7753928000000005
2024-09-18 08:00:00+00:00,5.530728400000001
2024-09-18 09:00:00+00:00,4.3331021000000005
2024-09-18 10:00:00+00:00,3.2549365000000003
2024-09-18 11:00:00+00:00,2.7902969000000004
2024-09-18 12:00:00+00:00,2.7807507000000005
2024-09-18 13:00:00+00:00,3.07188
2024-09-18 14:00:00+00:00,3.737237799999999
2024-09-18 15:00:00+00:00,5.0774828
2024-09-18 16:00:00+00:00,6.438594800000001
2024-09-18 17:00:00+00:00,6.918852000000001
2024-09-18 18:00:00+00:00,6.837572699999999
2024-09-18 19:00:00+00:00,6.4146921
2024-09-18 20:00:00+00:00,6.066725000000001
2024-09-18 21:00:00+00:00,5.5968324
2024-09-18 22:00:00+00:00,5.087058600000001
2024-09-18 23:00:00+00:00,5.0348612
2024-09-19 00:00:00+00:00,5.0542336
2024-09-19 01:00:00+00:00,5.1255205
2024-09-19 02:00:00+00:00,5.1818846
2024-09-19 03:00:00+00:00,5.527690300000001
2024-09-19 04:00:00+00:00,6.558091600000001
2024-09-19 05:00:00+00:00,7.447376199999999
2024-09-19 06:00:00+00:00,7.2270036000000015
2024-09-19 07:00:00+00:00,6.2323710000000005
2024-09-19 08:00:00+00:00,5.046650199999999
2024-09-19 09:00:00+00:00,4.014468999999999
2024-09-19 10:00:00+00:00,3.0386883000000005
2024-09-19 11:00:00+00:00,2.719827800000001
2024-09-19 12:00:00+00:00,2.752633000000001
2024-09-19 13:00:00+00:00,3.302589300000001
2024-09-19 14:00:00+00:00,4.2413854
2024-09-19 15:00:00+00:00,5.6691421
2024-09-19 16:00:00+00:00,6.980535100000001
2024-09-19 17:00:00+00:00,7.430454999999999
2024-09-19 18:00:00+00:00,7.409644300000001
2024-09-19 19:00:00+00:00,6.977209100000001
2024-09-19 20:00:00+00:00,6.700095599999999
2024-09-19 21:00:00+00:00,6.315160500000001
2024-09-19 22:00:00+00:00,6.327862
2024-09-19 23:00:00+00:00,6.184330900000001
2024-09-20 00:00:00+00:00,6.0325947
2024-09-20 01:00:00+00:00,5.9153156
2024-09-20 02:00:00+00:00,6.0832289
2024-09-20 03:00:00+00:00,6.567552600000001
2024-09-20 04:00:00+00:00,7.3923345000000005
2024-09-20 05:00:00+00:00,8.1632192
2024-09-20 06:00:00+00:00,8.0535702
2024-09-20 07:00:00+00:00,7.177282599999999
2024-09-20 08:00:00+00:00,5.895504000000001
2024-09-20 09:00:00+00:00,4.771328400000002
2024-09-20 10:00:00+00:00,3.769386400000001
2024-09-20 11:00:00+00:00,3.456985200000001
2024-09-20 12:00:00+00:00,3.5707051000000014
2024-09-20 13:00:00+00:00,4.095711200000002
2024-09-20 14:00:00+00:00,5.045518300000001
2024-09-20 15:00:00+00:00,6.466037900000001
2024-09-20 16:00:00+00:00,7.886646200000001
2024-09-20 17:00:00+00:00,8.473093600000002
2024-09-20 18:00:00+00:00,8.3800081
2024-09-20 19:00:00+00:00,7.9028207
2024-09-20 20:00:00+00:00,7.522089800000002
2024-09-20 21:00:00+00:00,7.168124300000001
2024-09-20 22:00:00+00:00,6.788620900000001
2024-09-20 23:00:00+00:00,6.5026561
2024-09-21 00:00:00+00:00,6.373706500000001
2024-09-21 01:00:00+00:00,6.4709745
2024-09-21 02:00:00+00:00,6.565939500000001
2024-09-21 03:00:00+00:00,6.767847000000001
2024-09-21 04:00:00+00:00,7.1077785
2024-09-21 05:00:00+00:00,7.3916363
2024-09-21 06:00:00+00:00,7.2622384
2024-09-21 07:00:00+00:00,6.5598462
2024-09-21 08:00:00+00:00,5.530464800000001
2024-09-21 09:00:00+00:00,4.595100099999999
2024-09-21 10:00:00+00:00,3.6694672000000015
2024-09-21 11:00:00+00:00,3.339550700000002
2024-09-21 12:00:00+00:00,3.439425100000001
2024-09-21 13:00:00+00:00,3.9248036000000006
2024-09-21 14:00:00+00:00,4.9546493
2024-09-21 15:00:00+00:00,6.478810599999999
2024-09-21 16:00:00+00:00,7.826697299999999
2024-09-21 17:00:00+00:00,8.333356100000001
2024-09-21 18:00:00+00:00,8.198818300000001
2024-09-21 19:00:00+00:00,7.771480700000001
2024-09-21 20:00:00+00:00,7.3721728
2024-09-21 21:00:00+00:00,7.020715200000001
2024-09-21 22:00:00+00:00,6.756236100000001
2024-09-21 23:00:00+00:00,6.4110482
2024-09-22 00:00:00+00:00,6.244113
2024-09-22 01:00:00+00:00,6.124178099999999
2024-09-22 02:00:00+00:00,6.0746305000000005
2024-09-22 03:00:00+00:00,6.0841388
2024-09-22 04:00:00+00:00,6.3880235
2024-09-22 05:00:00+00:00,6.5972805999999995
2024-09-22 06:00:00+00:00,6.6500523000000005
2024-09-22 07:00:00+00:00,6.5010749
2024-09-22 08:00:00+00:00,6.1433706
2024-09-22 09:00:00+00:00,5.8383069
2024-09-22 10:00:00+00:00,5.5061316
2024-09-22 11:00:00+00:00,5.2649745
2024-09-22 12:00:00+00:00,5.3096399
2024-09-22 13:00:00+00:00,5.7014705999999995
2024-09-22 14:00:00+00:00,6.2468225
2024-09-22 15:00:00+00:00,7.2053731999999995
2024-09-22 16:00:00+00:00,8.1500137
2024-09-22 17:00:00+00:00,8.5723505
2024-09-22 18:00:00+00:00,8.660987299999999
2024-09-22 19:00:00+00:00,8.3020905
2024-09-22 20:00:00+00:00,7.802815900000001
2024-09-22 21:00:00+00:00,7.330267600000001
2024-09-22 22:00:00+00:00,6.7461751
2024-09-22 23:00:00+00:00,6.5392814
2024-09-23 00:00:00+00:00,6.4197074
2024-09-23 01:00:00+00:00,6.3369929
2024-09-23 02:00:00+00:00,6.4172736
2024-09-23 03:00:00+00:00,6.847731
2024-09-23 04:00:00+00:00,7.7421845
2024-09-23 05:00:00+00:00,8.498275
2024-09-23 06:00:00+00:00,8.682512000000001
2024-09-23 07:00:00+00:00,8.308836200000002
2024-09-23 08:00:00+00:00,7.2195395
2024-09-23 09:00:00+00:00,6.157166699999999
2024-09-23 10:00:00+00:00,5.1411969000000015
2024-09-23 11:00:00+00:00,4.577004600000002
2024-09-23 12:00:00+00:00,4.318728
2024-09-23 13:00:00+00:00,4.6608508
2024-09-23 14:00:00+00:00,5.5084745999999996
2024-09-23 15:00:00+00:00,7.0149259
2024-09-23 16:00:00+00:00,8.468944200000001
2024-09-23 17:00:00+00:00,9.1060777
2024-09-23 18:00:00+00:00,9.0760537
2024-09-23 19:00:00+00:00,8.442569299999999
2024-09-23 20:00:00+00:00,7.9138511000000005
2024-09-23 21:00:00+00:00,7.372060100000001
2024-09-23 22:00:00+00:00,6.8371360999999995
2024-09-23 23:00:00+00:00,6.4878881999999996
2024-09-24 00:00:00+00:00,6.1176259
2024-09-24 01:00:00+00:00,6.110095
2024-09-24 02:00:00+00:00,6.2076325
2024-09-24 03:00:00+00:00,6.5181224
2024-09-24 04:00:00+00:00,7.3502408
2024-09-24 05:00:00+00:00,8.2363931
2024-09-24 06:00:00+00:00,8.474895700000001
2024-09-24 07:00:00+00:00,8.158195599999999
2024-09-24 08:00:00+00:00,7.6224018000000004
2024-09-24 09:00:00+00:00,7.3561184
2024-09-24 10:00:00+00:00,7.0540823999999995
2024-09-24 11:00:00+00:00,6.922336600000001
2024-09-24 12:00:00+00:00,6.804664200000001
2024-09-24 13:00:00+00:00,6.942606900000001
2024-09-24 14:00:00+00:00,7.279033900000001
2024-09-24 15:00:00+00:00,8.0398514
2024-09-24 16:00:00+00:00,8.8064915
2024-09-24 17:00:00+00:00,9.1026277
2024-09-24 18:00:00+00:00,8.987380299999998
2024-09-24 19:00:00+00:00,8.3999913
2024-09-24 20:00:00+00:00,7.8477868
2024-09-24 21:00:00+00:00,7.225190699999999
2024-09-24 22:00:00+00:00,6.4329703
2024-09-24 23:00:00+00:00,5.9741805
2024-09-25 00:00:00+00:00,5.8908099
2024-09-25 01:00:00+00:00,5.8212945
2024-09-25 02:00:00+00:00,5.9338120000000005
2024-09-25 03:00:00+00:00,6.3997416000000005
2024-09-25 04:00:00+00:00,7.433666
2024-09-25 05:00:00+00:00,8.4337071
2024-09-25 06:00:00+00:00,8.826023
2024-09-25 07:00:00+00:00,8.8843616
2024-09-25 08:00:00+00:00,8.5067494
2024-09-25 09:00:00+00:00,8.1784073
2024-09-25 10:00:00+00:00,7.8140025
2024-09-25 11:00:00+00:00,7.7036257
2024-09-25 12:00:00+00:00,7.5367899
2024-09-25 13:00:00+00:00,7.5158037
2024-09-25 14:00:00+00:00,7.8070438
2024-09-25 15:00:00+00:00,8.539844000000002
2024-09-25 16:00:00+00:00,9.153035899999999
2024-09-25 17:00:00+00:00,9.231100699999999
2024-09-25 18:00:00+00:00,9.073501700000001
2024-09-25 19:00:00+00:00,8.414234800000001
2024-09-25 20:00:00+00:00,7.7724867
2024-09-25 21:00:00+00:00,7.071854900000001
2024-09-25 22:00:00+00:00,5.671231199999999
2024-09-25 23:00:00+00:00,5.2235488
2024-09-26 00:00:00+00:00,4.9552195999999995
2024-09-26 01:00:00+00:00,4.949561900000001
2024-09-26 02:00:00+00:00,5.0464205
2024-09-26 03:00:00+00:00,5.5113991
2024-09-26 04:00:00+00:00,6.516718699999999
2024-09-26 05:00:00+00:00,7.383849800000001
2024-09-26 06:00:00+00:00,7.5309767
2024-09-26 07:00:00+00:00,7.0580180000000015
2024-09-26 08:00:00+00:00,6.1199148
2024-09-26 09:00:00+00:00,5.223847200000002
2024-09-26 10:00:00+00:00,4.3199228000000005
2024-09-26 11:00:00+00:00,3.8321543
2024-09-26 12:00:00+00:00,3.5622393
2024-09-26 13:00:00+00:00,3.937720200000001
2024-09-26 14:00:00+00:00,4.816913700000001
2024-09-26 15:00:00+00:00,6.0941381
2024-09-26 16:00:00+00:00,7.121288300000001
2024-09-26 17:00:00+00:00,7.4400333
2024-09-26 18:00:00+00:00,7.396637499999999
2024-09-26 19:00:00+00:00,6.549823600000002
2024-09-26 20:00:00+00:00,5.8338727
2024-09-26 21:00:00+00:00,5.1440973
2024-09-26 22:00:00+00:00,3.7620519000000012
2024-09-26 23:00:00+00:00,3.4704335000000004
2024-09-27 00:00:00+00:00,3.2922232000000013
2024-09-27 01:00:00+00:00,3.2645986000000002
2024-09-27 02:00:00+00:00,3.317605800000001
2024-09-27 03:00:00+00:00,3.7238615
2024-09-27 04:00:00+00:00,4.6690146
2024-09-27 05:00:00+00:00,5.542498900000001
2024-09-27 06:00:00+00:00,5.697346199999999
2024-09-27 07:00:00+00:00,5.2039142
2024-09-27 08:00:00+00:00,4.413344299999999
2024-09-27 09:00:00+00:00,3.9367121999999997
2024-09-27 10:00:00+00:00,3.6335148999999998
2024-09-27 11:00:00+00:00,3.786663100000002
2024-09-27 12:00:00+00:00,4.1625540999999995
2024-09-27 13:00:00+00:00,4.7472258
2024-09-27 14:00:00+00:00,5.4424619
2024-09-27 15:00:00+00:00,6.1807875
2024-09-27 16:00:00+00:00,6.721607499999999
2024-09-27 17:00:00+00:00,6.8591146
2024-09-27 18:00:00+00:00,6.758685999999999
2024-09-27 19:00:00+00:00,6.362620999999999
2024-09-27 20:00:00+00:00,6.1066291
2024-09-27 21:00:00+00:00,5.817651699999999
2024-09-27 22:00:00+00:00,5.1138522
2024-09-27 23:00:00+00:00,4.927459600000001
2024-09-28 00:00:00+00:00,4.9030855
2024-09-28 01:00:00+00:00,4.893741299999999
2024-09-28 02:00:00+00:00,4.9509031
2024-09-28 03:00:00+00:00,5.085041200000001
2024-09-28 04:00:00+00:00,5.3791016
2024-09-28 05:00:00+00:00,5.893894899999999
2024-09-28 06:00:00+00:00,6.1966614
2024-09-28 07:00:00+00:00,5.9386006
2024-09-28 08:00:00+00:00,5.478223799999999
2024-09-28 09:00:00+00:00,5.055518900000001
2024-09-28 10:00:00+00:00,4.702787700000001
2024-09-28 11:00:00+00:00,4.665910500000002
2024-09-28 12:00:00+00:00,4.682415699999999
2024-09-28 13:00:00+00:00,4.8687292
2024-09-28 14:00:00+00:00,5.597657700000001
2024-09-28 15:00:00+00:00,6.793186199999999
2024-09-28 16:00:00+00:00,8.0589119
2024-09-28 17:00:00+00:00,8.7186822
2024-09-28 18:00:00+00:00,8.6735114
2024-09-28 19:00:00+00:00,8.3091609
2024-09-28 20:00:00+00:00,8.0447785
2024-09-28 21:00:00+00:00,7.7519238
2024-09-28 22:00:00+00:00,7.486209
2024-09-28 23:00:00+00:00,7.2114238
2024-09-29 00:00:00+00:00,6.920442899999999
2024-09-29 01:00:00+00:00,6.758027899999999
2024-09-29 02:00:00+00:00,6.6674881
2024-09-29 03:00:00+00:00,6.6567873
2024-09-29 04:00:00+00:00,6.7769094999999995
2024-09-29 05:00:00+00:00,6.90415
2024-09-29 06:00:00+00:00,6.6587478
2024-09-29 07:00:00+00:00,5.894036
2024-09-29 08:00:00+00:00,5.140245599999999
2024-09-29 09:00:00+00:00,4.771274699999998
2024-09-29 10:00:00+00:00,4.503581
2024-09-29 11:00:00+00:00,4.240091400000002
2024-09-29 12:00:00+00:00,4.085781000000001
2024-09-29 13:00:00+00:00,4.3732039
2024-09-29 14:00:00+00:00,4.997709799999999
2024-09-29 15:00:00+00:00,5.998558200000001
2024-09-29 16:00:00+00:00,6.8224283
2024-09-29 17:00:00+00:00,7.0190323
2024-09-29 18:00:00+00:00,6.754344699999999
2024-09-29 19:00:00+00:00,6.1478475999999995
2024-09-29 20:00:00+00:00,5.579119700000001
2024-09-29 21:00:00+00:00,5.060827
2024-09-29 22:00:00+00:00,4.742443700000001
2024-09-29 23:00:00+00:00,4.4495371
2024-09-30 00:00:00+00:00,4.2675976
2024-09-30 01:00:00+00:00,4.1326561
2024-09-30 02:00:00+00:00,4.270464500000001
2024-09-30 03:00:00+00:00,4.7392237999999995
2024-09-30 04:00:00+00:00,5.660467200000001
2024-09-30 05:00:00+00:00,6.570766299999999
2024-09-30 06:00:00+00:00,6.831884
2024-09-30 07:00:00+00:00,6.8224264
2024-09-30 08:00:00+00:00,6.515141900000001
2024-09-30 09:00:00+00:00,6.3913077000000005
2024-09-30 10:00:00+00:00,6.0623209000000005
2024-09-30 11:00:00+00:00,5.8385024
2024-09-30 12:00:00+00:00,5.632983100000001
2024-09-30 13:00:00+00:00,5.437227400000002
2024-09-30 14:00:00+00:00,5.431924300000001
2024-09-30 15:00:00+00:00,5.7683717
2024-09-30 16:00:00+00:00,6.2294837
2024-09-30 17:00:00+00:00,6.340581599999999
2024-09-30 18:00:00+00:00,5.964805999999999
2024-09-30 19:00:00+00:00,5.346460800000001
2024-09-30 20:00:00+00:00,4.8779121
2024-09-30 21:00:00+00:00,4.440982000000002
2024-09-30 22:00:00+00:00,3.8079158
2024-09-30 23:00:00+00:00,3.4830187999999995
2024-10-01 00:00:00+00:00,3.3162968
2024-10-01 01:00:00+00:00,3.2263687000000005
2024-10-01 02:00:00+00:00,3.2806869000000005
2024-10-01 03:00:00+00:00,3.7253126
2024-10-01 04:00:00+00:00,4.632527300000001
2024-10-01 05:00:00+00:00,5.557694
2024-10-01 06:00:00+00:00,5.939477700000001
2024-10-01 07:00:00+00:00,5.8012315999999995
2024-10-01 08:00:00+00:00,5.1958897
2024-10-01 09:00:00+00:00,4.848177300000001
2024-10-01 10:00:00+00:00,4.6268101
2024-10-01 11:00:00+00:00,4.791792900000001
2024-10-01 12:00:00+00:00,4.9470276
2024-10-01 13:00:00+00:00,5.215221800000001
2024-10-01 14:00:00+00:00,5.7062472
2024-10-01 15:00:00+00:00,6.480109800000001
2024-10-01 16:00:00+00:00,7.1409646
2024-10-01 17:00:00+00:00,7.478185900000001
2024-10-01 18:00:00+00:00,7.3195871
2024-10-01 19:00:00+00:00,6.879076900000001
2024-10-01 20:00:00+00:00,6.596145199999999
2024-10-01 21:00:00+00:00,6.215587600000001
2024-10-01 22:00:00+00:00,7.342298200000001
2024-10-01 23:00:00+00:00,7.0272839
2024-10-02 00:00:00+00:00,6.985600499999999
2024-10-02 01:00:00+00:00,6.9246075000000005
2024-10-02 02:00:00+00:00,7.0127118
2024-10-02 03:00:00+00:00,7.405304
2024-10-02 04:00:00+00:00,8.383456500000001
2024-10-02 05:00:00+00:00,9.394970899999999
2024-10-02 06:00:00+00:00,9.470479500000001
2024-10-02 07:00:00+00:00,8.7255433
2024-10-02 08:00:00+00:00,7.504397399999998
2024-10-02 09:00:00+00:00,6.654330999999999
2024-10-02 10:00:00+00:00,6.0348893
2024-10-02 11:00:00+00:00,5.8656663
2024-10-02 12:00:00+00:00,6.151217800000001
2024-10-02 13:00:00+00:00,6.393890300000001
2024-10-02 14:00:00+00:00,6.797343799999999
2024-10-02 15:00:00+00:00,7.530853599999999
2024-10-02 16:00:00+00:00,8.2780161
2024-10-02 17:00:00+00:00,8.4030208
2024-10-02 18:00:00+00:00,8.019108099999999
2024-10-02 19:00:00+00:00,7.4154135
2024-10-02 20:00:00+00:00,6.943910000000001
2024-10-02 21:00:00+00:00,6.415082399999999
2024-10-02 22:00:00+00:00,5.817627400000001
2024-10-02 23:00:00+00:00,5.5640527
2024-10-03 00:00:00+00:00,5.3486914
2024-10-03 01:00:00+00:00,5.473107300000001
2024-10-03 02:00:00+00:00,5.6826359
2024-10-03 03:00:00+00:00,6.0702031
2024-10-03 04:00:00+00:00,7.1406844
2024-10-03 05:00:00+00:00,8.223047300000001
2024-10-03 06:00:00+00:00,8.4215375
2024-10-03 07:00:00+00:00,7.7606094
2024-10-03 08:00:00+00:00,6.7896917000000006
2024-10-03 09:00:00+00:00,6.019406400000001
2024-10-03 10:00:00+00:00,5.3627555
2024-10-03 11:00:00+00:00,5.2810919
2024-10-03 12:00:00+00:00,5.4338628
2024-10-03 13:00:00+00:00,5.8925777
2024-10-03 14:00:00+00:00,6.6452891
2024-10-03 15:00:00+00:00,7.796405599999998
2024-10-03 16:00:00+00:00,8.984415000000002
2024-10-03 17:00:00+00:00,9.438006699999999
2024-10-03 18:00:00+00:00,9.1692535
2024-10-03 19:00:00+00:00,8.5905521
2024-10-03 20:00:00+00:00,8.2255939
2024-10-03 21:00:00+00:00,7.886659000000002
2024-10-03 22:00:00+00:00,7.355288699999999
2024-10-03 23:00:00+00:00,7.0988123
2024-10-04 00:00:00+00:00,6.9774555000000005
2024-10-04 01:00:00+00:00,6.9863395
2024-10-04 02:00:00+00:00,7.0955803
2024-10-04 03:00:00+00:00,7.643944299999999
2024-10-04 04:00:00+00:00,8.6026592
2024-10-04 05:00:00+00:00,9.5194338
2024-10-04 06:00:00+00:00,9.5987879
2024-10-04 07:00:00+00:00,8.7474627
2024-10-04 08:00:00+00:00,7.4737855
2024-10-04 09:00:00+00:00,6.395653
2024-10-04 10:00:00+00:00,5.556739900000001
2024-10-04 11:00:00+00:00,5.483353499999999
2024-10-04 12:00:00+00:00,5.7255804
2024-10-04 13:00:00+00:00,6.2462326
2024-10-04 14:00:00+00:00,7.125752500000001
2024-10-04 15:00:00+00:00,8.2837888
2024-10-04 16:00:00+00:00,9.4248694
2024-10-04 17:00:00+00:00,9.853436100000001
2024-10-04 18:00:00+00:00,9.535637
2024-10-04 19:00:00+00:00,9.0022596
2024-10-04 20:00:00+00:00,8.6995086
2024-10-04 21:00:00+00:00,8.302758800000001
2024-10-04 22:00:00+00:00,7.7040908
2024-10-04 23:00:00+00:00,7.3480234
2024-10-05 00:00:00+00:00,7.0673192
2024-10-05 01:00:00+00:00,7.0482869
2024-10-05 02:00:00+00:00,7.0224836999999996
2024-10-05 03:00:00+00:00,7.167183499999999
2024-10-05 04:00:00+00:00,7.49962
2024-10-05 05:00:00+00:00,7.883626
2024-10-05 06:00:00+00:00,7.8746492
2024-10-05 07:00:00+00:00,7.0604802
2024-10-05 08:00:00+00:00,5.8648693000000005
2024-10-05 09:00:00+00:00,4.647639300000001
2024-10-05 10:00:00+00:00,3.889935200000002
2024-10-05 11:00:00+00:00,3.7230448999999997
2024-10-05 12:00:00+00:00,3.8365047000000017
2024-10-05 13:00:00+00:00,4.5128575
2024-10-05 14:00:00+00:00,5.6256427
2024-10-05 15:00:00+00:00,7.0500224
2024-10-05 16:00:00+00:00,8.1005367
2024-10-05 17:00:00+00:00,8.3644258
2024-10-05 18:00:00+00:00,7.8938742
2024-10-05 19:00:00+00:00,7.218109599999999
2024-10-05 20:00:00+00:00,6.7072218
2024-10-05 21:00:00+00:00,6.296482300000001
2024-10-05 22:00:00+00:00,5.9824837
2024-10-05 23:00:00+00:00,5.7281053
2024-10-06 00:00:00+00:00,5.5340485
2024-10-06 01:00:00+00:00,5.349277099999999
2024-10-06 02:00:00+00:00,5.2086986
2024-10-06 03:00:00+00:00,5.2190303
2024-10-06 04:00:00+00:00,5.508459200000001
2024-10-06 05:00:00+00:00,5.7700586
2024-10-06 06:00:00+00:00,5.8760712999999996
2024-10-06 07:00:00+00:00,5.679149
2024-10-06 08:00:00+00:00,5.1995309999999995
2024-10-06 09:00:00+00:00,4.793028100000001
2024-10-06 10:00:00+00:00,4.234965
2024-10-06 11:00:00+00:00,3.764568800000001
2024-10-06 12:00:00+00:00,3.7614268000000006
2024-10-06 13:00:00+00:00,4.1802475999999995
2024-10-06 14:00:00+00:00,5.144451500000001
2024-10-06 15:00:00+00:00,6.3169464
2024-10-06 16:00:00+00:00,7.2744710999999995
2024-10-06 17:00:00+00:00,7.682797600000001
2024-10-06 18:00:00+00:00,7.566114900000001
2024-10-06 19:00:00+00:00,7.055954400000002
2024-10-06 20:00:00+00:00,6.4792914
2024-10-06 21:00:00+00:00,5.8863766
2024-10-06 22:00:00+00:00,4.717099800000001
2024-10-06 23:00:00+00:00,4.2637412
2024-10-07 00:00:00+00:00,4.032434600000001
2024-10-07 01:00:00+00:00,3.9803587
2024-10-07 02:00:00+00:00,4.2921335
2024-10-07 03:00:00+00:00,5.0709059
2024-10-07 04:00:00+00:00,6.3483485
2024-10-07 05:00:00+00:00,7.4370264
2024-10-07 06:00:00+00:00,7.714387800000001
2024-10-07 07:00:00+00:00,7.451228400000001
2024-10-07 08:00:00+00:00,6.4310286
2024-10-07 09:00:00+00:00,5.729254500000001
2024-10-07 10:00:00+00:00,5.3106631
2024-10-07 11:00:00+00:00,5.338399900000001
2024-10-07 12:00:00+00:00,5.675580000000001
2024-10-07 13:00:00+00:00,6.4130183999999995
2024-10-07 14:00:00+00:00,7.5120703
2024-10-07 15:00:00+00:00,8.7947125
2024-10-07 16:00:00+00:00,9.6602044
2024-10-07 17:00:00+00:00,9.7341344
2024-10-07 18:00:00+00:00,9.202260299999999
2024-10-07 19:00:00+00:00,8.393883200000001
2024-10-07 20:00:00+00:00,7.819480099999999
2024-10-07 21:00:00+00:00,7.247508799999999
2024-10-07 22:00:00+00:00,6.6341624
2024-10-07 23:00:00+00:00,6.1241389
2024-10-08 00:00:00+00:00,5.8232287000000005
2024-10-08 01:00:00+00:00,5.671382400000001
2024-10-08 02:00:00+00:00,5.6205012
2024-10-08 03:00:00+00:00,5.9720429
2024-10-08 04:00:00+00:00,6.8769545999999995
2024-10-08 05:00:00+00:00,7.767701399999999
2024-10-08 06:00:00+00:00,8.154144799999997
2024-10-08 07:00:00+00:00,8.061431
2024-10-08 08:00:00+00:00,7.4400581
2024-10-08 09:00:00+00:00,6.950269900000001
2024-10-08 10:00:00+00:00,6.3483971000000015
2024-10-08 11:00:00+00:00,6.1825478
2024-10-08 12:00:00+00:00,6.2008375000000004
2024-10-08 13:00:00+00:00,6.53884
2024-10-08 14:00:00+00:00,7.1411471
2024-10-08 15:00:00+00:00,8.096380799999999
2024-10-08 16:00:00+00:00,8.967986199999999
2024-10-08 17:00:00+00:00,9.1735593
2024-10-08 18:00:00+00:00,8.5705959
2024-10-08 19:00:00+00:00,7.569844900000001
2024-10-08 20:00:00+00:00,6.724062900000001
2024-10-08 21:00:00+00:00,5.933744900000001
2024-10-08 22:00:00+00:00,4.8172801000000005
2024-10-08 23:00:00+00:00,4.4035674
2024-10-09 00:00:00+00:00,4.1676862
2024-10-09 01:00:00+00:00,4.040305099999999
2024-10-09 02:00:00+00:00,4.233226
2024-10-09 03:00:00+00:00,4.672129699999999
2024-10-09 04:00:00+00:00,5.824221999999999
2024-10-09 05:00:00+00:00,7.0914459
2024-10-09 06:00:00+00:00,7.460939099999999
2024-10-09 07:00:00+00:00,7.499136699999999
2024-10-09 08:00:00+00:00,7.3686174000000015
2024-10-09 09:00:00+00:00,7.4440871
2024-10-09 10:00:00+00:00,7.493826899999999
2024-10-09 11:00:00+00:00,7.5577659
2024-10-09 12:00:00+00:00,7.604841499999999
2024-10-09 13:00:00+00:00,7.742158400000001
2024-10-09 14:00:00+00:00,8.021675499999999
2024-10-09 15:00:00+00:00,8.6413296
2024-10-09 16:00:00+00:00,9.3128496
2024-10-09 17:00:00+00:00,9.5547492
2024-10-09 18:00:00+00:00,9.286748699999999
2024-10-09 19:00:00+00:00,8.7234871
2024-10-09 20:00:00+00:00,8.186019100000001
2024-10-09 21:00:00+00:00,7.594178500000002
2024-10-09 22:00:00+00:00,6.671146
2024-10-09 23:00:00+00:00,5.8335678
2024-10-10 00:00:00+00:00,5.1274315
2024-10-10 01:00:00+00:00,4.7948862
2024-10-10 02:00:00+00:00,4.638469000000001
2024-10-10 03:00:00+00:00,4.7973476999999995
2024-10-10 04:00:00+00:00,5.737351500000001
2024-10-10 05:00:00+00:00,6.7512221000000014
2024-10-10 06:00:00+00:00,7.124595999999999
2024-10-10 07:00:00+00:00,7.0803859
2024-10-10 08:00:00+00:00,6.6417152999999995
2024-10-10 09:00:00+00:00,6.3705042999999995
2024-10-10 10:00:00+00:00,5.9620859
2024-10-10 11:00:00+00:00,5.945610400000001
2024-10-10 12:00:00+00:00,6.2556313999999995
2024-10-10 13:00:00+00:00,6.7023038999999995
2024-10-10 14:00:00+00:00,7.2781446
2024-10-10 15:00:00+00:00,8.133108000000002
2024-10-10 16:00:00+00:00,8.9651215
2024-10-10 17:00:00+00:00,9.295301300000002
2024-10-10 18:00:00+00:00,9.024812399999998
2024-10-10 19:00:00+00:00,8.4450968
2024-10-10 20:00:00+00:00,8.176015300000001
2024-10-10 21:00:00+00:00,7.9330701999999995
2024-10-10 22:00:00+00:00,7.6669134
2024-10-10 23:00:00+00:00,7.4069601
2024-10-11 00:00:00+00:00,7.1420817
2024-10-11 01:00:00+00:00,7.150894500000001
2024-10-11 02:00:00+00:00,7.2722307
2024-10-11 03:00:00+00:00,7.8200363
2024-10-11 04:00:00+00:00,8.810080399999999
2024-10-11 05:00:00+00:00,9.8152453
2024-10-11 06:00:00+00:00,9.965421200000002
2024-10-11 07:00:00+00:00,9.284284500000002
2024-10-11 08:00:00+00:00,8.0013063
2024-10-11 09:00:00+00:00,7.0713709
2024-10-11 10:00:00+00:00,6.428249600000001
2024-10-11 11:00:00+00:00,6.3102203
2024-10-11 12:00:00+00:00,6.464870400000001
2024-10-11 13:00:00+00:00,6.947429400000001
2024-10-11 14:00:00+00:00,7.8315676
2024-10-11 15:00:00+00:00,8.9436495
2024-10-11 16:00:00+00:00,9.9005368
2024-10-11 17:00:00+00:00,10.1833812
2024-10-11 18:00:00+00:00,9.835901300000002
2024-10-11 19:00:00+00:00,9.2666265
2024-10-11 20:00:00+00:00,8.9582673
2024-10-11 21:00:00+00:00,8.4724417
2024-10-11 22:00:00+00:00,7.8654715
2024-10-11 23:00:00+00:00,7.4534606000000005
2024-10-12 00:00:00+00:00,7.0845231
2024-10-12 01:00:00+00:00,6.9651065999999995
2024-10-12 02:00:00+00:00,6.852545200000001
2024-10-12 03:00:00+00:00,6.9371174
2024-10-12 04:00:00+00:00,7.2387549
2024-10-12 05:00:00+00:00,7.5812712
2024-10-12 06:00:00+00:00,7.792938200000001
2024-10-12 07:00:00+00:00,7.744568999999999
2024-10-12 08:00:00+00:00,7.386000299999999
2024-10-12 09:00:00+00:00,6.995124000000001
2024-10-12 10:00:00+00:00,6.5964488
2024-10-12 11:00:00+00:00,6.1547737
2024-10-12 12:00:00+00:00,5.678143100000001
2024-10-12 13:00:00+00:00,5.496556000000001
2024-10-12 14:00:00+00:00,5.809593
2024-10-12 15:00:00+00:00,6.622924200000002
2024-10-12 16:00:00+00:00,7.0753226
2024-10-12 17:00:00+00:00,6.924510100000001
2024-10-12 18:00:00+00:00,6.2825401
2024-10-12 19:00:00+00:00,5.5210543
2024-10-12 20:00:00+00:00,5.0233569
2024-10-12 21:00:00+00:00,4.613545800000001
2024-10-12 22:00:00+00:00,4.074469500000001
2024-10-12 23:00:00+00:00,3.795002400000001
2024-10-13 00:00:00+00:00,3.6009415
2024-10-13 01:00:00+00:00,3.4863866000000003
2024-10-13 02:00:00+00:00,3.4830219000000002
2024-10-13 03:00:00+00:00,3.5535244000000006
2024-10-13 04:00:00+00:00,3.9519078000000003
2024-10-13 05:00:00+00:00,4.443573600000001
2024-10-13 06:00:00+00:00,4.8276956
2024-10-13 07:00:00+00:00,4.813211000000002
2024-10-13 08:00:00+00:00,4.4057824
2024-10-13 09:00:00+00:00,4.2758607
2024-10-13 10:00:00+00:00,4.4642371999999995
2024-10-13 11:00:00+00:00,4.6149015
2024-10-13 12:00:00+00:00,4.865551100000001
2024-10-13 13:00:00+00:00,5.4286221
2024-10-13 14:00:00+00:00,6.3894321
2024-10-13 15:00:00+00:00,7.630438700000001
2024-10-13 16:00:00+00:00,8.722949700000001
2024-10-13 17:00:00+00:00,9.254017600000001
2024-10-13 18:00:00+00:00,9.1002195
2024-10-13 19:00:00+00:00,8.585921899999999
2024-10-13 20:00:00+00:00,8.2245816
2024-10-13 21:00:00+00:00,7.7816258
2024-10-13 22:00:00+00:00,7.428354699999999
2024-10-13 23:00:00+00:00,7.0526015
2024-10-14 00:00:00+00:00,6.7820013999999995
2024-10-14 01:00:00+00:00,6.5624067
2024-10-14 02:00:00+00:00,6.5957054
2024-10-14 03:00:00+00:00,7.111624299999999
2024-10-14 04:00:00+00:00,8.215082099999998
2024-10-14 05:00:00+00:00,9.232409
2024-10-14 06:00:00+00:00,9.5682986
2024-10-14 07:00:00+00:00,9.5954703
2024-10-14 08:00:00+00:00,9.23588
2024-10-14 09:00:00+00:00,8.945158200000002
2024-10-14 10:00:00+00:00,8.4078291
2024-10-14 11:00:00+00:00,8.1180384
2024-10-14 12:00:00+00:00,7.9582294000000005
2024-10-14 13:00:00+00:00,8.1535327
2024-10-14 14:00:00+00:00,8.5668229
2024-10-14 15:00:00+00:00,9.3530485
2024-10-14 16:00:00+00:00,10.1267208
2024-10-14 17:00:00+00:00,10.2559778
2024-10-14 18:00:00+00:00,9.6936394
2024-10-14 19:00:00+00:00,8.971879500000002
2024-10-14 20:00:00+00:00,8.4491349
2024-10-14 21:00:00+00:00,7.940428300000001
2024-10-14 22:00:00+00:00,7.539643999999999
2024-10-14 23:00:00+00:00,7.1713094
2024-10-15 00:00:00+00:00,6.8819691999999995
2024-10-15 01:00:00+00:00,6.7597303
2024-10-15 02:00:00+00:00,6.8606524
2024-10-15 03:00:00+00:00,7.2336357
2024-10-15 04:00:00+00:00,8.1779425
2024-10-15 05:00:00+00:00,9.1834542
2024-10-15 06:00:00+00:00,9.460917
2024-10-15 07:00:00+00:00,9.339052500000001
2024-10-15 08:00:00+00:00,8.6447209
2024-10-15 09:00:00+00:00,7.962305799999999
2024-10-15 10:00:00+00:00,7.0906552000000005
2024-10-15 11:00:00+00:00,6.785663300000001
2024-10-15 12:00:00+00:00,6.769375699999999
2024-10-15 13:00:00+00:00,7.1523807
2024-10-15 14:00:00+00:00,7.7950868
2024-10-15 15:00:00+00:00,8.6996414
2024-10-15 16:00:00+00:00,9.2537817
2024-10-15 17:00:00+00:00,9.0405766
2024-10-15 18:00:00+00:00,8.260625000000001
2024-10-15 19:00:00+00:00,7.5053577
2024-10-15 20:00:00+00:00,7.074710499999999
2024-10-15 21:00:00+00:00,6.560622799999999
2024-10-15 22:00:00+00:00,5.897178499999999
2024-10-15 23:00:00+00:00,5.4740939
2024-10-16 00:00:00+00:00,5.2501647
2024-10-16 01:00:00+00:00,5.180992100000001
2024-10-16 02:00:00+00:00,5.2338845
2024-10-16 03:00:00+00:00,5.563546400000001
2024-10-16 04:00:00+00:00,6.4616677
2024-10-16 05:00:00+00:00,7.5190231999999995
2024-10-16 06:00:00+00:00,7.748433800000001
2024-10-16 07:00:00+00:00,7.087596000000001
2024-10-16 08:00:00+00:00,5.936690800000001
2024-10-16 09:00:00+00:00,5.109453200000001
2024-10-16 10:00:00+00:00,4.5588933
2024-10-16 11:00:00+00:00,4.3754673
2024-10-16 12:00:00+00:00,4.6763358
2024-10-16 13:00:00+00:00,5.0919207
2024-10-16 14:00:00+00:00,6.0095196
2024-10-16 15:00:00+00:00,7.332420099999999
2024-10-16 16:00:00+00:00,8.2338242
2024-10-16 17:00:00+00:00,8.3302993
2024-10-16 18:00:00+00:00,7.737341599999999
2024-10-16 19:00:00+00:00,7.0429686
2024-10-16 20:00:00+00:00,6.5556535
2024-10-16 21:00:00+00:00,6.157424000000001
2024-10-16 22:00:00+00:00,5.5398169
2024-10-16 23:00:00+00:00,5.2159611
2024-10-17 00:00:00+00:00,5.0423719
2024-10-17 01:00:00+00:00,5.2314217
2024-10-17 02:00:00+00:00,5.4157346
2024-10-17 03:00:00+00:00,5.8560617
2024-10-17 04:00:00+00:00,6.9192507999999995
2024-10-17 05:00:00+00:00,8.0760334
2024-10-17 06:00:00+00:00,8.6218071
2024-10-17 07:00:00+00:00,8.6447919
2024-10-17 08:00:00+00:00,8.251583000000002
2024-10-17 09:00:00+00:00,8.0183934
2024-10-17 10:00:00+00:00,7.587020300000001
2024-10-17 11:00:00+00:00,7.446301600000002
2024-10-17 12:00:00+00:00,7.5721407
2024-10-17 13:00:00+00:00,7.983097300000002
2024-10-17 14:00:00+00:00,8.5866819
2024-10-17 15:00:00+00:00,9.4817079
2024-10-17 16:00:00+00:00,10.2291288
2024-10-17 17:00:00+00:00,10.407209900000002
2024-10-17 18:00:00+00:00,9.9405106
2024-10-17 19:00:00+00:00,9.296827200000001
2024-10-17 20:00:00+00:00,8.8757645
2024-10-17 21:00:00+00:00,8.4899524
2024-10-17 22:00:00+00:00,7.9213134
2024-10-17 23:00:00+00:00,7.5069554
2024-10-18 00:00:00+00:00,7.2197509
2024-10-18 01:00:00+00:00,7.210833099999999
2024-10-18 02:00:00+00:00,7.1384146
2024-10-18 03:00:00+00:00,7.5745528
2024-10-18 04:00:00+00:00,8.6320954
2024-10-18 05:00:00+00:00,9.6822586
2024-10-18 06:00:00+00:00,9.9451196
2024-10-18 07:00:00+00:00,9.844778799999998
2024-10-18 08:00:00+00:00,9.3756477
2024-10-18 09:00:00+00:00,8.9403831
2024-10-18 10:00:00+00:00,8.283365400000001
2024-10-18 11:00:00+00:00,7.9885625000000005
2024-10-18 12:00:00+00:00,7.962892300000001
2024-10-18 13:00:00+00:00,8.2176204
2024-10-18 14:00:00+00:00,8.734883
2024-10-18 15:00:00+00:00,9.4142613
2024-10-18 16:00:00+00:00,9.946502100000002
2024-10-18 17:00:00+00:00,10.057348
2024-10-18 18:00:00+00:00,9.6229198
2024-10-18 19:00:00+00:00,9.1031276
2024-10-18 20:00:00+00:00,8.800723099999999
2024-10-18 21:00:00+00:00,8.344524700000001
2024-10-18 22:00:00+00:00,7.6440794
2024-10-18 23:00:00+00:00,7.2004857
2024-10-19 00:00:00+00:00,7.0681921
2024-10-19 01:00:00+00:00,6.7285907
2024-10-19 02:00:00+00:00,6.462210600000001
2024-10-19 03:00:00+00:00,6.4134305
2024-10-19 04:00:00+00:00,6.625945000000001
2024-10-19 05:00:00+00:00,6.9929307000000005
2024-10-19 06:00:00+00:00,7.2617226
2024-10-19 07:00:00+00:00,7.188758300000001
2024-10-19 08:00:00+00:00,6.750689200000001
2024-10-19 09:00:00+00:00,6.280149900000001
2024-10-19 10:00:00+00:00,5.8123526
2024-10-19 11:00:00+00:00,5.5264137
2024-10-19 12:00:00+00:00,5.372206900000001
2024-10-19 13:00:00+00:00,5.664005399999999
2024-10-19 14:00:00+00:00,6.1722216
2024-10-19 15:00:00+00:00,6.9621932
2024-10-19 16:00:00+00:00,7.6997524
2024-10-19 17:00:00+00:00,7.6948468000000005
2024-10-19 18:00:00+00:00,7.1656699
2024-10-19 19:00:00+00:00,6.7567843000000005
2024-10-19 20:00:00+00:00,6.690680100000002
2024-10-19 21:00:00+00:00,6.5738463
2024-10-19 22:00:00+00:00,6.6544105
2024-10-19 23:00:00+00:00,6.4309465
2024-10-20 00:00:00+00:00,6.226452200000001
2024-10-20 01:00:00+00:00,6.0819157
2024-10-20 02:00:00+00:00,5.988452499999999
2024-10-20 03:00:00+00:00,5.9590187
2024-10-20 04:00:00+00:00,5.9993675
2024-10-20 05:00:00+00:00,6.0374816000000004
2024-10-20 06:00:00+00:00,5.9258029
2024-10-20 07:00:00+00:00,5.413478400000001
2024-10-20 08:00:00+00:00,4.573807799999999
2024-10-20 09:00:00+00:00,3.9384735000000006
2024-10-20 10:00:00+00:00,3.0948905
2024-10-20 11:00:00+00:00,2.4109892000000004
2024-10-20 12:00:00+00:00,2.334004900000001
2024-10-20 13:00:00+00:00,2.8627139999999986
2024-10-20 14:00:00+00:00,3.517607700000001
2024-10-20 15:00:00+00:00,4.435145699999999
2024-10-20 16:00:00+00:00,5.330967200000001
2024-10-20 17:00:00+00:00,5.7513477
2024-10-20 18:00:00+00:00,5.3683461999999995
2024-10-20 19:00:00+00:00,4.9767496
2024-10-20 20:00:00+00:00,4.650346800000001
2024-10-20 21:00:00+00:00,4.431374600000001
2024-10-20 22:00:00+00:00,4.182381100000001
2024-10-20 23:00:00+00:00,4.082712000000001
2024-10-21 00:00:00+00:00,4.2049548
2024-10-21 01:00:00+00:00,4.3933231
2024-10-21 02:00:00+00:00,4.7843412999999995
2024-10-21 03:00:00+00:00,5.6489551
2024-10-21 04:00:00+00:00,6.951888800000001
2024-10-21 05:00:00+00:00,8.2704489
2024-10-21 06:00:00+00:00,8.9590563
2024-10-21 07:00:00+00:00,9.305971999999999
2024-10-21 08:00:00+00:00,9.2215815
2024-10-21 09:00:00+00:00,9.1108499
2024-10-21 10:00:00+00:00,8.9678763
2024-10-21 11:00:00+00:00,8.8979424
2024-10-21 12:00:00+00:00,8.8350613
2024-10-21 13:00:00+00:00,8.9968279
2024-10-21 14:00:00+00:00,9.2054983
2024-10-21 15:00:00+00:00,9.7366739
2024-10-21 16:00:00+00:00,10.256482
2024-10-21 17:00:00+00:00,10.2390832
2024-10-21 18:00:00+00:00,9.5556778
2024-10-21 19:00:00+00:00,8.8054601
2024-10-21 20:00:00+00:00,8.237526000000003
2024-10-21 21:00:00+00:00,7.6939253
2024-10-21 22:00:00+00:00,7.4009971
2024-10-21 23:00:00+00:00,7.0245712
2024-10-22 00:00:00+00:00,6.7548446
2024-10-22 01:00:00+00:00,6.7140014
2024-10-22 02:00:00+00:00,6.7677598
2024-10-22 03:00:00+00:00,7.1785192
2024-10-22 04:00:00+00:00,8.1979309
2024-10-22 05:00:00+00:00,9.3330941
2024-10-22 06:00:00+00:00,9.610045999999999
2024-10-22 07:00:00+00:00,9.0396693
2024-10-22 08:00:00+00:00,7.760148500000001
2024-10-22 09:00:00+00:00,6.748953500000001
2024-10-22 10:00:00+00:00,5.9384797
2024-10-22 11:00:00+00:00,5.7242446
2024-10-22 12:00:00+00:00,5.7782866
2024-10-22 13:00:00+00:00,6.288873199999999
2024-10-22 14:00:00+00:00,7.2807015
2024-10-22 15:00:00+00:00,8.7117474
2024-10-22 16:00:00+00:00,9.845847
2024-10-22 17:00:00+00:00,10.0716552
2024-10-22 18:00:00+00:00,9.5890996
2024-10-22 19:00:00+00:00,8.9986269
2024-10-22 20:00:00+00:00,8.6844845
2024-10-22 21:00:00+00:00,8.275057499999999
2024-10-22 22:00:00+00:00,7.9736312
2024-10-22 23:00:00+00:00,7.5577221
2024-10-23 00:00:00+00:00,7.420474700000001
2024-10-23 01:00:00+00:00,7.3498709
2024-10-23 02:00:00+00:00,7.366539400000001
2024-10-23 03:00:00+00:00,7.746799299999999
2024-10-23 04:00:00+00:00,8.7674111
2024-10-23 05:00:00+00:00,9.911317500000001
2024-10-23 06:00:00+00:00,10.2824615
2024-10-23 07:00:00+00:00,9.8088341
2024-10-23 08:00:00+00:00,8.7082016
2024-10-23 09:00:00+00:00,7.639517699999999
2024-10-23 10:00:00+00:00,6.7401073
2024-10-23 11:00:00+00:00,6.4472121000000016
2024-10-23 12:00:00+00:00,6.662205900000002
2024-10-23 13:00:00+00:00,7.155295700000001
2024-10-23 14:00:00+00:00,8.068203700000002
2024-10-23 15:00:00+00:00,9.3637819
2024-10-23 16:00:00+00:00,10.3099517
2024-10-23 17:00:00+00:00,10.380073
2024-10-23 18:00:00+00:00,9.7863381
2024-10-23 19:00:00+00:00,9.049897099999999
2024-10-23 20:00:00+00:00,8.5092485
2024-10-23 21:00:00+00:00,7.9910423999999995
2024-10-23 22:00:00+00:00,7.4815245
2024-10-23 23:00:00+00:00,7.0191055
2024-10-24 00:00:00+00:00,6.6331397
2024-10-24 01:00:00+00:00,6.6199148
2024-10-24 02:00:00+00:00,6.7269846
2024-10-24 03:00:00+00:00,7.1993749
2024-10-24 04:00:00+00:00,8.170470400000001
2024-10-24 05:00:00+00:00,9.2332549
2024-10-24 06:00:00+00:00,9.567845499999999
2024-10-24 07:00:00+00:00,8.8324786
2024-10-24 08:00:00+00:00,7.4900872
2024-10-24 09:00:00+00:00,6.472252600000001
2024-10-24 10:00:00+00:00,5.7297713
2024-10-24 11:00:00+00:00,5.5018896999999996
2024-10-24 12:00:00+00:00,5.7361491
2024-10-24 13:00:00+00:00,6.4852287
2024-10-24 14:00:00+00:00,7.5842749000000005
2024-10-24 15:00:00+00:00,8.9254158
2024-10-24 16:00:00+00:00,9.784488900000001
2024-10-24 17:00:00+00:00,9.688208099999999
2024-10-24 18:00:00+00:00,9.0269733
2024-10-24 19:00:00+00:00,8.350477900000001
2024-10-24 20:00:00+00:00,7.886802300000001
2024-10-24 21:00:00+00:00,7.508050699999999
2024-10-24 22:00:00+00:00,7.213834500000001
2024-10-24 23:00:00+00:00,6.9383404
2024-10-25 00:00:00+00:00,6.615227
2024-10-25 01:00:00+00:00,6.5496857
2024-10-25 02:00:00+00:00,6.5815484
2024-10-25 03:00:00+00:00,7.0583702
2024-10-25 04:00:00+00:00,8.1048895
2024-10-25 05:00:00+00:00,9.166585900000001
2024-10-25 06:00:00+00:00,9.501188299999999
2024-10-25 07:00:00+00:00,9.0554468
2024-10-25 08:00:00+00:00,7.9701323
2024-10-25 09:00:00+00:00,6.8833209
2024-10-25 10:00:00+00:00,6.089139100000001
2024-10-25 11:00:00+00:00,5.932810700000001
2024-10-25 12:00:00+00:00,6.1055576
2024-10-25 13:00:00+00:00,6.7501028000000005
2024-10-25 14:00:00+00:00,7.9282577
2024-10-25 15:00:00+00:00,9.1632963
2024-10-25 16:00:00+00:00,9.968813
2024-10-25 17:00:00+00:00,9.9874767
2024-10-25 18:00:00+00:00,9.459474700000001
2024-10-25 19:00:00+00:00,8.964400300000001
2024-10-25 20:00:00+00:00,8.6372333
2024-10-25 21:00:00+00:00,8.2855416
2024-10-25 22:00:00+00:00,7.8270002
2024-10-25 23:00:00+00:00,7.5083883
2024-10-26 00:00:00+00:00,7.3427833
2024-10-26 01:00:00+00:00,7.1442725000000005
2024-10-26 02:00:00+00:00,7.028528199999999
2024-10-26 03:00:00+00:00,7.1580967
2024-10-26 04:00:00+00:00,7.4266222
2024-10-26 05:00:00+00:00,7.761694
2024-10-26 06:00:00+00:00,8.0167544
2024-10-26 07:00:00+00:00,7.7773393
2024-10-26 08:00:00+00:00,6.7683241999999995
2024-10-26 09:00:00+00:00,5.8714349000000015
2024-10-26 10:00:00+00:00,5.237936300000001
2024-10-26 11:00:00+00:00,4.9169040000000015
2024-10-26 12:00:00+00:00,5.0627403
2024-10-26 13:00:00+00:00,5.829854800000001
2024-10-26 14:00:00+00:00,7.0030114999999995
2024-10-26 15:00:00+00:00,8.253723599999999
2024-10-26 16:00:00+00:00,9.178887499999998
2024-10-26 17:00:00+00:00,9.262023600000001
2024-10-26 18:00:00+00:00,8.6652629
2024-10-26 19:00:00+00:00,8.163239
2024-10-26 20:00:00+00:00,7.9419339
2024-10-26 21:00:00+00:00,7.621381700000001
2024-10-26 22:00:00+00:00,7.2431988
2024-10-26 23:00:00+00:00,6.9368192
2024-10-27 00:00:00+00:00,6.5131839
2024-10-27 01:00:00+00:00,6.5131839
2024-10-27 02:00:00+00:00,6.4574152
2024-10-27 03:00:00+00:00,6.4098003
2024-10-27 04:00:00+00:00,6.5337149
2024-10-27 05:00:00+00:00,6.9022993999999995
2024-10-27 06:00:00+00:00,7.1624109
2024-10-27 07:00:00+00:00,7.2316281
2024-10-27 08:00:00+00:00,6.968323800000001
2024-10-27 09:00:00+00:00,6.4404219
2024-10-27 10:00:00+00:00,6.1371345
2024-10-27 11:00:00+00:00,6.075597500000001
2024-10-27 12:00:00+00:00,5.903853399999999
2024-10-27 13:00:00+00:00,6.083389199999999
2024-10-27 14:00:00+00:00,6.797431100000001
2024-10-27 15:00:00+00:00,7.715859700000001
2024-10-27 16:00:00+00:00,8.597598999999999
2024-10-27 17:00:00+00:00,9.2141528
2024-10-27 18:00:00+00:00,9.4734613
2024-10-27 19:00:00+00:00,9.072373
2024-10-27 20:00:00+00:00,8.5676053
2024-10-27 21:00:00+00:00,8.1456535
2024-10-27 22:00:00+00:00,7.802892
2024-10-27 23:00:00+00:00,7.1851659
2024-10-28 00:00:00+00:00,6.692919
2024-10-28 01:00:00+00:00,6.364106700000001
2024-10-28 02:00:00+00:00,6.0849689
2024-10-28 03:00:00+00:00,6.0485101000000006
2024-10-28 04:00:00+00:00,6.4707501
2024-10-28 05:00:00+00:00,7.404756300000001
2024-10-28 06:00:00+00:00,8.3902107
2024-10-28 07:00:00+00:00,8.4761024
2024-10-28 08:00:00+00:00,8.0846991
2024-10-28 09:00:00+00:00,7.530790300000001
2024-10-28 10:00:00+00:00,7.1564632999999995
2024-10-28 11:00:00+00:00,6.8396448
2024-10-28 12:00:00+00:00,6.8680912
2024-10-28 13:00:00+00:00,7.204869700000001
2024-10-28 14:00:00+00:00,7.821656600000001
2024-10-28 15:00:00+00:00,8.3884661
2024-10-28 16:00:00+00:00,8.9915661
2024-10-28 17:00:00+00:00,9.393066600000001
2024-10-28 18:00:00+00:00,9.369885
2024-10-28 19:00:00+00:00,8.8149634
2024-10-28 20:00:00+00:00,8.2545447
2024-10-28 21:00:00+00:00,7.919367300000001
2024-10-28 22:00:00+00:00,7.539507499999999
2024-10-28 23:00:00+00:00,6.8779883
2024-10-29 00:00:00+00:00,6.6632274
2024-10-29 01:00:00+00:00,6.468033800000001
2024-10-29 02:00:00+00:00,6.5055638
2024-10-29 03:00:00+00:00,6.5721111
2024-10-29 04:00:00+00:00,6.9810516
2024-10-29 05:00:00+00:00,7.8237364
2024-10-29 06:00:00+00:00,8.958799199999998
2024-10-29 07:00:00+00:00,9.3888751
2024-10-29 08:00:00+00:00,9.4410864
2024-10-29 09:00:00+00:00,9.1268402
2024-10-29 10:00:00+00:00,8.933761599999999
2024-10-29 11:00:00+00:00,8.608088200000001
2024-10-29 12:00:00+00:00,8.5429187
2024-10-29 13:00:00+00:00,8.6917485
2024-10-29 14:00:00+00:00,9.0900388
2024-10-29 15:00:00+00:00,9.5015694
2024-10-29 16:00:00+00:00,10.0356983
2024-10-29 17:00:00+00:00,10.471331300000001
2024-10-29 18:00:00+00:00,10.541549199999999
2024-10-29 19:00:00+00:00,9.9945555
2024-10-29 20:00:00+00:00,9.3773192
2024-10-29 21:00:00+00:00,9.0182945
2024-10-29 22:00:00+00:00,8.5892183
2024-10-29 23:00:00+00:00,8.087953400000002
2024-10-30 00:00:00+00:00,7.6669731
2024-10-30 01:00:00+00:00,7.4519690999999995
2024-10-30 02:00:00+00:00,7.3474593
2024-10-30 03:00:00+00:00,7.4341692
2024-10-30 04:00:00+00:00,7.816856600000001
2024-10-30 05:00:00+00:00,8.835574600000001
2024-10-30 06:00:00+00:00,9.9519509
2024-10-30 07:00:00+00:00,10.0429258
2024-10-30 08:00:00+00:00,9.8935051
2024-10-30 09:00:00+00:00,9.483634499999999
2024-10-30 10:00:00+00:00,9.0760049
2024-10-30 11:00:00+00:00,8.6146364
2024-10-30 12:00:00+00:00,8.4880478
2024-10-30 13:00:00+00:00,8.731240300000001
2024-10-30 14:00:00+00:00,9.1111112
2024-10-30 15:00:00+00:00,9.701505000000001
2024-10-30 16:00:00+00:00,10.1967419
2024-10-30 17:00:00+00:00,10.5234882
2024-10-30 18:00:00+00:00,10.586897100000002
2024-10-30 19:00:00+00:00,10.080023
2024-10-30 20:00:00+00:00,9.4505989
2024-10-30 21:00:00+00:00,9.022378699999999
2024-10-30 22:00:00+00:00,8.628559000000001
2024-10-30 23:00:00+00:00,8.240339800000001
2024-10-31 00:00:00+00:00,7.754089400000001
2024-10-31 01:00:00+00:00,7.3869329
2024-10-31 02:00:00+00:00,7.2968454
2024-10-31 03:00:00+00:00,7.3843163
2024-10-31 04:00:00+00:00,7.7358297
2024-10-31 05:00:00+00:00,8.6044114
2024-10-31 06:00:00+00:00,9.7251256
2024-10-31 07:00:00+00:00,10.0124556
2024-10-31 08:00:00+00:00,9.6321837
2024-10-31 09:00:00+00:00,8.9846766
2024-10-31 10:00:00+00:00,8.5690559
2024-10-31 11:00:00+00:00,8.0435263
2024-10-31 12:00:00+00:00,7.8892226999999995
2024-10-31 13:00:00+00:00,8.1881292
2024-10-31 14:00:00+00:00,8.8975973
2024-10-31 15:00:00+00:00,9.6427026
2024-10-31 16:00:00+00:00,10.2276541
2024-10-31 17:00:00+00:00,10.604382699999999
2024-10-31 18:00:00+00:00,10.6601826
2024-10-31 19:00:00+00:00,10.096688
2024-10-31 20:00:00+00:00,9.474688800000001
2024-10-31 21:00:00+00:00,9.004013
2024-10-31 22:00:00+00:00,8.639007999999999
2024-10-31 23:00:00+00:00,8.2622174
2024-11-01 00:00:00+00:00,7.3367839
2024-11-01 01:00:00+00:00,7.135862100000001
2024-11-01 02:00:00+00:00,7.0176723
2024-11-01 03:00:00+00:00,6.9860313000000005
2024-11-01 04:00:00+00:00,7.060615899999999
2024-11-01 05:00:00+00:00,7.29698
2024-11-01 06:00:00+00:00,7.535164999999999
2024-11-01 07:00:00+00:00,7.584111899999999
2024-11-01 08:00:00+00:00,7.4082325
2024-11-01 09:00:00+00:00,7.081030900000001
2024-11-01 10:00:00+00:00,6.875594
2024-11-01 11:00:00+00:00,6.800431
2024-11-01 12:00:00+00:00,6.796973699999999
2024-11-01 13:00:00+00:00,7.040717600000001
2024-11-01 14:00:00+00:00,7.5698927000000005
2024-11-01 15:00:00+00:00,8.349629199999999
2024-11-01 16:00:00+00:00,9.2208006
2024-11-01 17:00:00+00:00,9.6228996
2024-11-01 18:00:00+00:00,9.397700200000001
2024-11-01 19:00:00+00:00,9.0053114
2024-11-01 20:00:00+00:00,8.6391845
2024-11-01 21:00:00+00:00,8.3571176
2024-11-01 22:00:00+00:00,8.0085094
2024-11-01 23:00:00+00:00,7.6001103
2024-11-02 00:00:00+00:00,7.5898487999999995
2024-11-02 01:00:00+00:00,7.4697686
2024-11-02 02:00:00+00:00,7.227552800000001
2024-11-02 03:00:00+00:00,7.1713431000000005
2024-11-02 04:00:00+00:00,7.1239501
2024-11-02 05:00:00+00:00,7.1386189
2024-11-02 06:00:00+00:00,7.2362494
2024-11-02 07:00:00+00:00,7.2098922000000005
2024-11-02 08:00:00+00:00,7.136179800000001
2024-11-02 09:00:00+00:00,7.0903141
2024-11-02 10:00:00+00:00,6.893238800000001
2024-11-02 11:00:00+00:00,6.757946800000001
2024-11-02 12:00:00+00:00,6.8516934
2024-11-02 13:00:00+00:00,7.079586399999999
2024-11-02 14:00:00+00:00,7.502385500000002
2024-11-02 15:00:00+00:00,8.0361618
2024-11-02 16:00:00+00:00,8.408788999999999
2024-11-02 17:00:00+00:00,8.8103508
2024-11-02 18:00:00+00:00,8.9491396
2024-11-02 19:00:00+00:00,8.592878700000002
2024-11-02 20:00:00+00:00,8.2178773
2024-11-02 21:00:00+00:00,7.861519100000001
2024-11-02 22:00:00+00:00,7.7025012
2024-11-02 23:00:00+00:00,7.708888500000001
2024-11-03 00:00:00+00:00,7.3982877
2024-11-03 01:00:00+00:00,6.855925999999999
2024-11-03 02:00:00+00:00,6.7189955
2024-11-03 03:00:00+00:00,6.7408596
2024-11-03 04:00:00+00:00,6.7762074
2024-11-03 05:00:00+00:00,6.9502464999999995
2024-11-03 06:00:00+00:00,7.2507765
2024-11-03 07:00:00+00:00,7.010078399999999
2024-11-03 08:00:00+00:00,6.378921600000002
2024-11-03 09:00:00+00:00,5.7578662000000005
2024-11-03 10:00:00+00:00,5.500658699999999
2024-11-03 11:00:00+00:00,5.5889491
2024-11-03 12:00:00+00:00,5.8170075
2024-11-03 13:00:00+00:00,6.3244883000000005
2024-11-03 14:00:00+00:00,7.460505899999999
2024-11-03 15:00:00+00:00,8.3946629
2024-11-03 16:00:00+00:00,8.9270253
2024-11-03 17:00:00+00:00,9.3206116
2024-11-03 18:00:00+00:00,9.2840266
2024-11-03 19:00:00+00:00,8.9127339
2024-11-03 20:00:00+00:00,8.428847699999999
2024-11-03 21:00:00+00:00,8.1262982
2024-11-03 22:00:00+00:00,8.001074000000001
2024-11-03 23:00:00+00:00,7.7890882
2024-11-04 00:00:00+00:00,7.2984184
2024-11-04 01:00:00+00:00,7.1609674
2024-11-04 02:00:00+00:00,7.132693700000001
2024-11-04 03:00:00+00:00,7.412354799999999
2024-11-04 04:00:00+00:00,8.0610564
2024-11-04 05:00:00+00:00,9.1406108
2024-11-04 06:00:00+00:00,10.164904
2024-11-04 07:00:00+00:00,9.8537414
2024-11-04 08:00:00+00:00,9.020464
2024-11-04 09:00:00+00:00,7.8884536999999995
2024-11-04 10:00:00+00:00,7.1147238
2024-11-04 11:00:00+00:00,6.7656459
2024-11-04 12:00:00+00:00,6.9805019
2024-11-04 13:00:00+00:00,7.717459800000002
2024-11-04 14:00:00+00:00,8.927309000000001
2024-11-04 15:00:00+00:00,10.132114999999999
2024-11-04 16:00:00+00:00,11.0408691
2024-11-04 17:00:00+00:00,10.978648599999998
2024-11-04 18:00:00+00:00,10.260229700000002
2024-11-04 19:00:00+00:00,9.5245516
2024-11-04 20:00:00+00:00,8.9081851
2024-11-04 21:00:00+00:00,8.6076218
2024-11-04 22:00:00+00:00,8.2345155
2024-11-04 23:00:00+00:00,7.945811300000001
2024-11-05 00:00:00+00:00,7.7113553
2024-11-05 01:00:00+00:00,7.5517666
2024-11-05 02:00:00+00:00,7.5491931999999995
2024-11-05 03:00:00+00:00,7.723197100000001
2024-11-05 04:00:00+00:00,8.2981601
2024-11-05 05:00:00+00:00,9.2871697
2024-11-05 06:00:00+00:00,10.0717399
2024-11-05 07:00:00+00:00,9.9920393
2024-11-05 08:00:00+00:00,9.0678416
2024-11-05 09:00:00+00:00,7.8024553
2024-11-05 10:00:00+00:00,7.0713218000000015
2024-11-05 11:00:00+00:00,6.8415987000000005
2024-11-05 12:00:00+00:00,7.186982
2024-11-05 13:00:00+00:00,7.9513664
2024-11-05 14:00:00+00:00,9.0266089
2024-11-05 15:00:00+00:00,10.0703978
2024-11-05 16:00:00+00:00,10.9735509
2024-11-05 17:00:00+00:00,11.0695233
2024-11-05 18:00:00+00:00,10.557280500000001
2024-11-05 19:00:00+00:00,9.9746349
2024-11-05 20:00:00+00:00,9.433103899999999
2024-11-05 21:00:00+00:00,9.0927438
2024-11-05 22:00:00+00:00,8.650400999999999
2024-11-05 23:00:00+00:00,8.1944231
2024-11-06 00:00:00+00:00,7.981364999999999
2024-11-06 01:00:00+00:00,7.7607431
2024-11-06 02:00:00+00:00,7.7374805
2024-11-06 03:00:00+00:00,7.934870300000001
2024-11-06 04:00:00+00:00,8.520461099999999
2024-11-06 05:00:00+00:00,9.4571715
2024-11-06 06:00:00+00:00,10.2059398
2024-11-06 07:00:00+00:00,10.516242700000001
2024-11-06 08:00:00+00:00,10.398154199999999
2024-11-06 09:00:00+00:00,10.0250278
2024-11-06 10:00:00+00:00,9.7261319
2024-11-06 11:00:00+00:00,9.503064799999999
2024-11-06 12:00:00+00:00,9.51493
2024-11-06 13:00:00+00:00,9.6428952
2024-11-06 14:00:00+00:00,10.022789
2024-11-06 15:00:00+00:00,10.4111665
2024-11-06 16:00:00+00:00,11.0240065
2024-11-06 17:00:00+00:00,11.1723848
2024-11-06 18:00:00+00:00,10.7096444
2024-11-06 19:00:00+00:00,10.0815422
2024-11-06 20:00:00+00:00,9.480612200000001
2024-11-06 21:00:00+00:00,9.2062175
2024-11-06 22:00:00+00:00,8.8104361
2024-11-06 23:00:00+00:00,8.3453225
2024-11-07 00:00:00+00:00,7.9483096
2024-11-07 01:00:00+00:00,7.8555439
2024-11-07 02:00:00+00:00,7.8130609
2024-11-07 03:00:00+00:00,8.0307707
2024-11-07 04:00:00+00:00,8.641117399999999
2024-11-07 05:00:00+00:00,9.544806300000001
2024-11-07 06:00:00+00:00,10.2064654
2024-11-07 07:00:00+00:00,10.389058499999999
2024-11-07 08:00:00+00:00,9.999090099999998
2024-11-07 09:00:00+00:00,9.583159499999999
2024-11-07 10:00:00+00:00,9.2024863
2024-11-07 11:00:00+00:00,8.863223699999999
2024-11-07 12:00:00+00:00,8.809305700000001
2024-11-07 13:00:00+00:00,9.0188549
2024-11-07 14:00:00+00:00,9.580432000000002
2024-11-07 15:00:00+00:00,10.240392700000001
2024-11-07 16:00:00+00:00,10.793715800000001
2024-11-07 17:00:00+00:00,10.7051074
2024-11-07 18:00:00+00:00,10.092419099999999
2024-11-07 19:00:00+00:00,9.4142569
2024-11-07 20:00:00+00:00,8.856924500000002
2024-11-07 21:00:00+00:00,8.556602
2024-11-07 22:00:00+00:00,8.175763400000001
2024-11-07 23:00:00+00:00,8.046339600000001
2024-11-08 00:00:00+00:00,7.710395100000001
2024-11-08 01:00:00+00:00,7.5670118
2024-11-08 02:00:00+00:00,7.5392121
2024-11-08 03:00:00+00:00,7.7855199
2024-11-08 04:00:00+00:00,8.501742900000002
2024-11-08 05:00:00+00:00,9.4212437
2024-11-08 06:00:00+00:00,10.0354535
2024-11-08 07:00:00+00:00,10.2016343
2024-11-08 08:00:00+00:00,9.807023099999999
2024-11-08 09:00:00+00:00,9.2009147
2024-11-08 10:00:00+00:00,8.858250900000002
2024-11-08 11:00:00+00:00,8.7802722
2024-11-08 12:00:00+00:00,9.0197565
2024-11-08 13:00:00+00:00,9.2920403
2024-11-08 14:00:00+00:00,9.78359
2024-11-08 15:00:00+00:00,10.3418142
2024-11-08 16:00:00+00:00,10.8372799
2024-11-08 17:00:00+00:00,10.6803755
2024-11-08 18:00:00+00:00,10.068414800000001
2024-11-08 19:00:00+00:00,9.5814269
2024-11-08 20:00:00+00:00,9.2082238
2024-11-08 21:00:00+00:00,8.9019081
2024-11-08 22:00:00+00:00,8.482173499999998
2024-11-08 23:00:00+00:00,8.4213667
2024-11-09 00:00:00+00:00,8.105342
2024-11-09 01:00:00+00:00,7.8341885
2024-11-09 02:00:00+00:00,7.6597612
2024-11-09 03:00:00+00:00,7.5967865
2024-11-09 04:00:00+00:00,7.737292999999999
2024-11-09 05:00:00+00:00,8.1567639
2024-11-09 06:00:00+00:00,8.610126900000001
2024-11-09 07:00:00+00:00,8.967148400000001
2024-11-09 08:00:00+00:00,8.959921
2024-11-09 09:00:00+00:00,8.8051041
2024-11-09 10:00:00+00:00,8.5839838
2024-11-09 11:00:00+00:00,8.3749209
2024-11-09 12:00:00+00:00,8.242048
2024-11-09 13:00:00+00:00,8.3956617
2024-11-09 14:00:00+00:00,8.906411499999999
2024-11-09 15:00:00+00:00,9.403663499999999
2024-11-09 16:00:00+00:00,9.931175900000001
2024-11-09 17:00:00+00:00,9.9538955
2024-11-09 18:00:00+00:00,9.3847153
2024-11-09 19:00:00+00:00,8.9189281
2024-11-09 20:00:00+00:00,8.655598900000001
2024-11-09 21:00:00+00:00,8.3356282
2024-11-09 22:00:00+00:00,7.922443
2024-11-09 23:00:00+00:00,7.877016899999999
2024-11-10 00:00:00+00:00,7.553882099999999
2024-11-10 01:00:00+00:00,7.385561200000001
2024-11-10 02:00:00+00:00,7.2613608
2024-11-10 03:00:00+00:00,7.208504100000001
2024-11-10 04:00:00+00:00,7.2952365
2024-11-10 05:00:00+00:00,7.6201615
2024-11-10 06:00:00+00:00,7.9045942
2024-11-10 07:00:00+00:00,8.2056408
2024-11-10 08:00:00+00:00,8.3772646
2024-11-10 09:00:00+00:00,8.2880956
2024-11-10 10:00:00+00:00,8.2807429
2024-11-10 11:00:00+00:00,8.1989252
2024-11-10 12:00:00+00:00,8.065230399999999
2024-11-10 13:00:00+00:00,8.1819456
2024-11-10 14:00:00+00:00,8.5739234
2024-11-10 15:00:00+00:00,9.1550052
2024-11-10 16:00:00+00:00,9.9477206
2024-11-10 17:00:00+00:00,10.1759388
2024-11-10 18:00:00+00:00,9.758516799999999
2024-11-10 19:00:00+00:00,9.3010422
2024-11-10 20:00:00+00:00,8.830717700000001
2024-11-10 21:00:00+00:00,8.540469700000001
2024-11-10 22:00:00+00:00,8.173897400000001
2024-11-10 23:00:00+00:00,7.6488982000000005
2024-11-11 00:00:00+00:00,7.640761099999999
2024-11-11 01:00:00+00:00,7.1897475
2024-11-11 02:00:00+00:00,6.774158700000001
2024-11-11 03:00:00+00:00,6.3532702
2024-11-11 04:00:00+00:00,6.1385003000000005
2024-11-11 05:00:00+00:00,6.228859300000001
2024-11-11 06:00:00+00:00,6.3398305
2024-11-11 07:00:00+00:00,6.5284187
2024-11-11 08:00:00+00:00,6.4480525
2024-11-11 09:00:00+00:00,5.9794212
2024-11-11 10:00:00+00:00,5.5822209
2024-11-11 11:00:00+00:00,5.3582873
2024-11-11 12:00:00+00:00,5.1433826
2024-11-11 13:00:00+00:00,5.222082499999999
2024-11-11 14:00:00+00:00,5.723144100000001
2024-11-11 15:00:00+00:00,6.441486300000001
2024-11-11 16:00:00+00:00,7.2155092000000005
2024-11-11 17:00:00+00:00,7.5055478
2024-11-11 18:00:00+00:00,7.220747899999999
2024-11-11 19:00:00+00:00,6.7447612
2024-11-11 20:00:00+00:00,6.3061691
2024-11-11 21:00:00+00:00,6.003716500000001
2024-11-11 22:00:00+00:00,5.6750056
2024-11-11 23:00:00+00:00,4.967402399999999
2024-11-12 00:00:00+00:00,4.5991031
2024-11-12 01:00:00+00:00,4.262550900000001
2024-11-12 02:00:00+00:00,4.2427475
2024-11-12 03:00:00+00:00,4.4451013
2024-11-12 04:00:00+00:00,5.141252400000001
2024-11-12 05:00:00+00:00,6.3718746
2024-11-12 06:00:00+00:00,7.3337906
2024-11-12 07:00:00+00:00,7.8309698999999995
2024-11-12 08:00:00+00:00,7.8206726
2024-11-12 09:00:00+00:00,7.4974162
2024-11-12 10:00:00+00:00,7.4354127
2024-11-12 11:00:00+00:00,7.436599800000001
2024-11-12 12:00:00+00:00,7.6998616
2024-11-12 13:00:00+00:00,8.0284874
2024-11-12 14:00:00+00:00,8.603559
2024-11-12 15:00:00+00:00,9.2335797
2024-11-12 16:00:00+00:00,9.8762787
2024-11-12 17:00:00+00:00,9.9715894
2024-11-12 18:00:00+00:00,9.5084868
2024-11-12 19:00:00+00:00,8.996034700000001
2024-11-12 20:00:00+00:00,8.5865422
2024-11-12 21:00:00+00:00,8.402462600000002
2024-11-12 22:00:00+00:00,8.0902697
2024-11-12 23:00:00+00:00,7.5445035
2024-11-13 00:00:00+00:00,7.4045295000000015
2024-11-13 01:00:00+00:00,7.3017728
2024-11-13 02:00:00+00:00,7.347610700000001
2024-11-13 03:00:00+00:00,7.606439600000002
2024-11-13 04:00:00+00:00,8.2047715
2024-11-13 05:00:00+00:00,9.215968199999999
2024-11-13 06:00:00+00:00,10.056345799999999
2024-11-13 07:00:00+00:00,10.429451299999998
2024-11-13 08:00:00+00:00,10.3661157
2024-11-13 09:00:00+00:00,9.9669455
2024-11-13 10:00:00+00:00,9.664708
2024-11-13 11:00:00+00:00,9.3251572
2024-11-13 12:00:00+00:00,9.2939178
2024-11-13 13:00:00+00:00,9.4024767
2024-11-13 14:00:00+00:00,9.870900299999999
2024-11-13 15:00:00+00:00,10.4348029
2024-11-13 16:00:00+00:00,11.088470999999998
2024-11-13 17:00:00+00:00,11.204439
2024-11-13 18:00:00+00:00,10.7908091
2024-11-13 19:00:00+00:00,10.201450900000001
2024-11-13 20:00:00+00:00,9.5873085
2024-11-13 21:00:00+00:00,9.2272672
2024-11-13 22:00:00+00:00,8.847357
2024-11-13 23:00:00+00:00,8.302162299999999
2024-11-14 00:00:00+00:00,7.879656
2024-11-14 01:00:00+00:00,7.7059088000000004
2024-11-14 02:00:00+00:00,7.665804800000001
2024-11-14 03:00:00+00:00,7.785594800000001
2024-11-14 04:00:00+00:00,8.2701337
2024-11-14 05:00:00+00:00,9.201247
2024-11-14 06:00:00+00:00,9.9066384
2024-11-14 07:00:00+00:00,10.1314281
2024-11-14 08:00:00+00:00,9.9480717
2024-11-14 09:00:00+00:00,9.6397944
2024-11-14 10:00:00+00:00,9.388187900000002
2024-11-14 11:00:00+00:00,9.12987
2024-11-14 12:00:00+00:00,9.1580612
2024-11-14 13:00:00+00:00,9.395596600000001
2024-11-14 14:00:00+00:00,9.8795097
2024-11-14 15:00:00+00:00,10.3957618
2024-11-14 16:00:00+00:00,11.0012874
2024-11-14 17:00:00+00:00,11.0920299
2024-11-14 18:00:00+00:00,10.6576713
2024-11-14 19:00:00+00:00,10.0645277
2024-11-14 20:00:00+00:00,9.532022
2024-11-14 21:00:00+00:00,9.2798457
2024-11-14 22:00:00+00:00,8.952162
2024-11-14 23:00:00+00:00,8.5901166
2024-11-15 00:00:00+00:00,8.2014623
2024-11-15 01:00:00+00:00,7.962288299999999
2024-11-15 02:00:00+00:00,7.8993198
2024-11-15 03:00:00+00:00,8.0410345
2024-11-15 04:00:00+00:00,8.6611765
2024-11-15 05:00:00+00:00,9.598093700000002
2024-11-15 06:00:00+00:00,10.433627000000001
2024-11-15 07:00:00+00:00,10.7087536
2024-11-15 08:00:00+00:00,10.463365999999999
2024-11-15 09:00:00+00:00,9.9423626
2024-11-15 10:00:00+00:00,9.5840349
2024-11-15 11:00:00+00:00,9.315905200000001
2024-11-15 12:00:00+00:00,9.3736313
2024-11-15 13:00:00+00:00,9.6310554
2024-11-15 14:00:00+00:00,10.106209
2024-11-15 15:00:00+00:00,10.582234699999999
2024-11-15 16:00:00+00:00,11.140776
2024-11-15 17:00:00+00:00,10.9726619
2024-11-15 18:00:00+00:00,10.2938568
2024-11-15 19:00:00+00:00,9.621837099999999
2024-11-15 20:00:00+00:00,9.042226600000001
2024-11-15 21:00:00+00:00,8.632731299999998
2024-11-15 22:00:00+00:00,8.185147599999999
2024-11-15 23:00:00+00:00,7.808882
2024-11-16 00:00:00+00:00,7.341579899999999
2024-11-16 01:00:00+00:00,7.046306
2024-11-16 02:00:00+00:00,6.8435583
2024-11-16 03:00:00+00:00,6.7493856999999995
2024-11-16 04:00:00+00:00,6.786370100000001
2024-11-16 05:00:00+00:00,7.145541400000001
2024-11-16 06:00:00+00:00,7.641006599999999
2024-11-16 07:00:00+00:00,8.0384607
2024-11-16 08:00:00+00:00,7.939248700000001
2024-11-16 09:00:00+00:00,7.677966599999999
2024-11-16 10:00:00+00:00,7.3794137
2024-11-16 11:00:00+00:00,7.0791232
2024-11-16 12:00:00+00:00,6.9502144
2024-11-16 13:00:00+00:00,7.0542763
2024-11-16 14:00:00+00:00,7.5084948
2024-11-16 15:00:00+00:00,7.9677019
2024-11-16 16:00:00+00:00,8.4302461
2024-11-16 17:00:00+00:00,8.333847500000001
2024-11-16 18:00:00+00:00,7.7049604999999985
2024-11-16 19:00:00+00:00,7.083197900000002
2024-11-16 20:00:00+00:00,6.744250600000001
2024-11-16 21:00:00+00:00,6.4540793999999995
2024-11-16 22:00:00+00:00,6.129252899999999
2024-11-16 23:00:00+00:00,6.213221600000001
2024-11-17 00:00:00+00:00,5.808839299999999
2024-11-17 01:00:00+00:00,5.4903443
2024-11-17 02:00:00+00:00,5.2916618
2024-11-17 03:00:00+00:00,5.249552400000001
2024-11-17 04:00:00+00:00,5.3549737
2024-11-17 05:00:00+00:00,5.6457317
2024-11-17 06:00:00+00:00,5.9671529
2024-11-17 07:00:00+00:00,6.2673036
2024-11-17 08:00:00+00:00,6.2104604000000005
2024-11-17 09:00:00+00:00,5.8782062999999996
2024-11-17 10:00:00+00:00,5.573766399999999
2024-11-17 11:00:00+00:00,5.308101700000001
2024-11-17 12:00:00+00:00,5.069868700000001
2024-11-17 13:00:00+00:00,5.335868900000001
2024-11-17 14:00:00+00:00,6.0956964
2024-11-17 15:00:00+00:00,6.9570723999999995
2024-11-17 16:00:00+00:00,7.7377342
2024-11-17 17:00:00+00:00,7.923652100000001
2024-11-17 18:00:00+00:00,7.6969096000000015
2024-11-17 19:00:00+00:00,7.249623399999999
2024-11-17 20:00:00+00:00,6.7479592
2024-11-17 21:00:00+00:00,6.4998244
2024-11-17 22:00:00+00:00,6.229016199999999
2024-11-17 23:00:00+00:00,5.8832751000000005
2024-11-18 00:00:00+00:00,5.541796100000001
2024-11-18 01:00:00+00:00,5.307509999999999
2024-11-18 02:00:00+00:00,5.30523
2024-11-18 03:00:00+00:00,5.6309114
2024-11-18 04:00:00+00:00,6.423288200000001
2024-11-18 05:00:00+00:00,7.767588900000002
2024-11-18 06:00:00+00:00,9.038733299999999
2024-11-18 07:00:00+00:00,9.7240222
2024-11-18 08:00:00+00:00,9.7386523
2024-11-18 09:00:00+00:00,9.4258363
2024-11-18 10:00:00+00:00,9.2820731
2024-11-18 11:00:00+00:00,9.2153463
2024-11-18 12:00:00+00:00,9.5158964
2024-11-18 13:00:00+00:00,9.902751899999998
2024-11-18 14:00:00+00:00,10.390198900000001
2024-11-18 15:00:00+00:00,10.836644
2024-11-18 16:00:00+00:00,11.4433688
2024-11-18 17:00:00+00:00,11.3961629
2024-11-18 18:00:00+00:00,10.7810974
2024-11-18 19:00:00+00:00,9.999680499999998
2024-11-18 20:00:00+00:00,9.256822
2024-11-18 21:00:00+00:00,8.7566278
2024-11-18 22:00:00+00:00,8.0801879
2024-11-18 23:00:00+00:00,7.4203421
2024-11-19 00:00:00+00:00,6.4934939
2024-11-19 01:00:00+00:00,5.6868267
2024-11-19 02:00:00+00:00,5.104485
2024-11-19 03:00:00+00:00,4.9219752
2024-11-19 04:00:00+00:00,5.274569700000001
2024-11-19 05:00:00+00:00,6.1196626
2024-11-19 06:00:00+00:00,7.055738000000002
2024-11-19 07:00:00+00:00,7.7919666
2024-11-19 08:00:00+00:00,8.2416363
2024-11-19 09:00:00+00:00,8.4097609
2024-11-19 10:00:00+00:00,8.4998183
2024-11-19 11:00:00+00:00,8.460268199999998
2024-11-19 12:00:00+00:00,8.448245799999999
2024-11-19 13:00:00+00:00,8.396117
2024-11-19 14:00:00+00:00,8.5281714
2024-11-19 15:00:00+00:00,8.708180500000001
2024-11-19 16:00:00+00:00,9.306952899999999
2024-11-19 17:00:00+00:00,9.2872892
2024-11-19 18:00:00+00:00,8.694911000000001
2024-11-19 19:00:00+00:00,8.016882300000002
2024-11-19 20:00:00+00:00,7.4017645000000005
2024-11-19 21:00:00+00:00,7.028604600000001
2024-11-19 22:00:00+00:00,6.4477382
2024-11-19 23:00:00+00:00,6.3940028
2024-11-20 00:00:00+00:00,5.847746000000001
2024-11-20 01:00:00+00:00,5.4421146
2024-11-20 02:00:00+00:00,5.182174499999999
2024-11-20 03:00:00+00:00,5.123717300000001
2024-11-20 04:00:00+00:00,5.3871756999999985
2024-11-20 05:00:00+00:00,6.3531625
2024-11-20 06:00:00+00:00,7.2690088
2024-11-20 07:00:00+00:00,7.491224700000001
2024-11-20 08:00:00+00:00,7.2233486
2024-11-20 09:00:00+00:00,6.786384200000001
2024-11-20 10:00:00+00:00,6.499092100000001
2024-11-20 11:00:00+00:00,6.0068630999999995
2024-11-20 12:00:00+00:00,5.858174800000001
2024-11-20 13:00:00+00:00,6.034017700000001
2024-11-20 14:00:00+00:00,6.663074700000001
2024-11-20 15:00:00+00:00,7.4486884
2024-11-20 16:00:00+00:00,8.1365812
2024-11-20 17:00:00+00:00,8.1188219
2024-11-20 18:00:00+00:00,7.7172350000000005
2024-11-20 19:00:00+00:00,7.293687899999999
2024-11-20 20:00:00+00:00,6.909066899999999
2024-11-20 21:00:00+00:00,6.832274599999999
2024-11-20 22:00:00+00:00,6.6627054
2024-11-20 23:00:00+00:00,6.110550700000001
2024-11-21 00:00:00+00:00,5.9265343
2024-11-21 01:00:00+00:00,5.9070999
2024-11-21 02:00:00+00:00,6.032169799999999
2024-11-21 03:00:00+00:00,6.275629400000001
2024-11-21 04:00:00+00:00,6.9291982999999995
2024-11-21 05:00:00+00:00,8.073932899999999
2024-11-21 06:00:00+00:00,9.2172924
2024-11-21 07:00:00+00:00,9.6779911
2024-11-21 08:00:00+00:00,9.6146833
2024-11-21 09:00:00+00:00,9.410649900000001
2024-11-21 10:00:00+00:00,9.3913823
2024-11-21 11:00:00+00:00,9.2028949
2024-11-21 12:00:00+00:00,9.344410000000002
2024-11-21 13:00:00+00:00,9.6276775
2024-11-21 14:00:00+00:00,10.2003649
2024-11-21 15:00:00+00:00,10.6665734
2024-11-21 16:00:00+00:00,11.087100000000001
2024-11-21 17:00:00+00:00,10.8814903
2024-11-21 18:00:00+00:00,10.156732900000002
2024-11-21 19:00:00+00:00,9.359536199999999
2024-11-21 20:00:00+00:00,8.5651433
2024-11-21 21:00:00+00:00,8.0396453
2024-11-21 22:00:00+00:00,7.358411
2024-11-21 23:00:00+00:00,6.4398857
2024-11-22 00:00:00+00:00,5.8461523
2024-11-22 01:00:00+00:00,5.441426699999999
2024-11-22 02:00:00+00:00,5.2606475
2024-11-22 03:00:00+00:00,5.402304700000001
2024-11-22 04:00:00+00:00,5.8888508
2024-11-22 05:00:00+00:00,6.7411370999999995
2024-11-22 06:00:00+00:00,7.630412199999999
2024-11-22 07:00:00+00:00,7.7009547000000005
2024-11-22 08:00:00+00:00,7.130880500000001
2024-11-22 09:00:00+00:00,6.3859203
2024-11-22 10:00:00+00:00,5.858679100000002
2024-11-22 11:00:00+00:00,5.5168117
2024-11-22 12:00:00+00:00,5.5596146
2024-11-22 13:00:00+00:00,5.9439639
2024-11-22 14:00:00+00:00,6.703730500000001
2024-11-22 15:00:00+00:00,7.225831900000001
2024-11-22 16:00:00+00:00,8.076825499999998
2024-11-22 17:00:00+00:00,8.454687000000002
2024-11-22 18:00:00+00:00,8.489054800000002
2024-11-22 19:00:00+00:00,8.3051812
2024-11-22 20:00:00+00:00,8.1896682
2024-11-22 21:00:00+00:00,8.237477100000001
2024-11-22 22:00:00+00:00,8.1148901
2024-11-22 23:00:00+00:00,7.636834199999999
2024-11-23 00:00:00+00:00,7.164403900000001
2024-11-23 01:00:00+00:00,6.7432567
2024-11-23 02:00:00+00:00,6.429854799999999
2024-11-23 03:00:00+00:00,6.2492964
2024-11-23 04:00:00+00:00,6.221215600000001
2024-11-23 05:00:00+00:00,6.469887
2024-11-23 06:00:00+00:00,6.648314100000001
2024-11-23 07:00:00+00:00,6.644644
2024-11-23 08:00:00+00:00,6.554860399999999
2024-11-23 09:00:00+00:00,6.2820814
2024-11-23 10:00:00+00:00,6.131158900000001
2024-11-23 11:00:00+00:00,6.037657199999999
2024-11-23 12:00:00+00:00,5.888029800000001
2024-11-23 13:00:00+00:00,5.5326663
2024-11-23 14:00:00+00:00,5.5494576
2024-11-23 15:00:00+00:00,5.798695200000001
2024-11-23 16:00:00+00:00,6.2990884000000005
2024-11-23 17:00:00+00:00,6.298457900000001
2024-11-23 18:00:00+00:00,5.837310500000001
2024-11-23 19:00:00+00:00,5.333101100000001
2024-11-23 20:00:00+00:00,4.9811494000000005
2024-11-23 21:00:00+00:00,4.8290324
2024-11-23 22:00:00+00:00,4.626052700000001
2024-11-23 23:00:00+00:00,4.316089699999999
2024-11-24 00:00:00+00:00,3.9896458
2024-11-24 01:00:00+00:00,3.690523099999999
2024-11-24 02:00:00+00:00,3.5493278000000004
2024-11-24 03:00:00+00:00,3.5324307
2024-11-24 04:00:00+00:00,3.5799691000000005
2024-11-24 05:00:00+00:00,3.8312706000000007
2024-11-24 06:00:00+00:00,4.1137112
2024-11-24 07:00:00+00:00,4.452910000000001
2024-11-24 08:00:00+00:00,4.455576899999999
2024-11-24 09:00:00+00:00,4.2259762
2024-11-24 10:00:00+00:00,3.9941103
2024-11-24 11:00:00+00:00,3.9777135
2024-11-24 12:00:00+00:00,3.9734489
2024-11-24 13:00:00+00:00,4.1505178
2024-11-24 14:00:00+00:00,4.591950900000001
2024-11-24 15:00:00+00:00,5.248946199999999
2024-11-24 16:00:00+00:00,5.9329695000000005
2024-11-24 17:00:00+00:00,6.038674800000001
2024-11-24 18:00:00+00:00,5.640356000000001
2024-11-24 19:00:00+00:00,5.2955059
2024-11-24 20:00:00+00:00,4.802486600000001
2024-11-24 21:00:00+00:00,4.5015374999999995
2024-11-24 22:00:00+00:00,4.210848400000001
2024-11-24 23:00:00+00:00,3.9211861
2024-11-25 00:00:00+00:00,3.624011800000001
2024-11-25 01:00:00+00:00,3.3229030999999996
2024-11-25 02:00:00+00:00,3.2631378
2024-11-25 03:00:00+00:00,3.4860345000000006
2024-11-25 04:00:00+00:00,4.105702400000001
2024-11-25 05:00:00+00:00,5.447993899999998
2024-11-25 06:00:00+00:00,6.898380700000001
2024-11-25 07:00:00+00:00,7.7093001999999995
2024-11-25 08:00:00+00:00,7.9519565
2024-11-25 09:00:00+00:00,7.926997500000001
2024-11-25 10:00:00+00:00,7.8386935
2024-11-25 11:00:00+00:00,7.5564669
2024-11-25 12:00:00+00:00,7.606357999999999
2024-11-25 13:00:00+00:00,7.6522349
2024-11-25 14:00:00+00:00,7.8792257999999995
2024-11-25 15:00:00+00:00,8.263768600000002
2024-11-25 16:00:00+00:00,8.7912962
2024-11-25 17:00:00+00:00,8.633420300000001
2024-11-25 18:00:00+00:00,8.0221068
2024-11-25 19:00:00+00:00,7.3940992
2024-11-25 20:00:00+00:00,6.7623945999999995
2024-11-25 21:00:00+00:00,6.590052399999999
2024-11-25 22:00:00+00:00,6.210172600000001
2024-11-25 23:00:00+00:00,5.988210200000001
2024-11-26 00:00:00+00:00,5.567485600000001
2024-11-26 01:00:00+00:00,5.366179000000001
2024-11-26 02:00:00+00:00,5.2778089999999995
2024-11-26 03:00:00+00:00,5.3107657999999995
2024-11-26 04:00:00+00:00,5.711564600000001
2024-11-26 05:00:00+00:00,6.742392400000001
2024-11-26 06:00:00+00:00,7.750562800000001
2024-11-26 07:00:00+00:00,8.1577469
2024-11-26 08:00:00+00:00,8.1617892
2024-11-26 09:00:00+00:00,7.855847200000001
2024-11-26 10:00:00+00:00,7.7353135
2024-11-26 11:00:00+00:00,7.6605246
2024-11-26 12:00:00+00:00,7.902836800000001
2024-11-26 13:00:00+00:00,8.3579872
2024-11-26 14:00:00+00:00,9.170808500000001
2024-11-26 15:00:00+00:00,9.9597596
2024-11-26 16:00:00+00:00,10.7278091
2024-11-26 17:00:00+00:00,10.8229294
2024-11-26 18:00:00+00:00,10.391968700000001
2024-11-26 19:00:00+00:00,9.8295312
2024-11-26 20:00:00+00:00,9.331307500000001
2024-11-26 21:00:00+00:00,9.1082407
2024-11-26 22:00:00+00:00,8.7576636
2024-11-26 23:00:00+00:00,8.1019425
2024-11-27 00:00:00+00:00,7.707309199999999
2024-11-27 01:00:00+00:00,7.342999999999999
2024-11-27 02:00:00+00:00,6.983885900000001
2024-11-27 03:00:00+00:00,6.659866599999999
2024-11-27 04:00:00+00:00,6.493489300000001
2024-11-27 05:00:00+00:00,6.913370800000001
2024-11-27 06:00:00+00:00,7.4563516
2024-11-27 07:00:00+00:00,7.5086680999999995
2024-11-27 08:00:00+00:00,7.514439599999999
2024-11-27 09:00:00+00:00,7.1760398
2024-11-27 10:00:00+00:00,6.905651899999999
2024-11-27 11:00:00+00:00,6.6214889999999995
2024-11-27 12:00:00+00:00,6.671484599999999
2024-11-27 13:00:00+00:00,6.729309500000001
2024-11-27 14:00:00+00:00,6.8380849
2024-11-27 15:00:00+00:00,7.0678525
2024-11-27 16:00:00+00:00,7.7625789
2024-11-27 17:00:00+00:00,7.9670857999999996
2024-11-27 18:00:00+00:00,7.8452956
2024-11-27 19:00:00+00:00,7.610288300000001
2024-11-27 20:00:00+00:00,7.3434212
2024-11-27 21:00:00+00:00,7.316897599999999
2024-11-27 22:00:00+00:00,7.190144699999999
2024-11-27 23:00:00+00:00,6.2485156
2024-11-28 00:00:00+00:00,6.0459434000000005
2024-11-28 01:00:00+00:00,6.004970500000001
2024-11-28 02:00:00+00:00,6.077662000000001
2024-11-28 03:00:00+00:00,6.316916400000001
2024-11-28 04:00:00+00:00,6.994907800000001
2024-11-28 05:00:00+00:00,8.159608
2024-11-28 06:00:00+00:00,9.392324
2024-11-28 07:00:00+00:00,9.906817
2024-11-28 08:00:00+00:00,9.6879818
2024-11-28 09:00:00+00:00,9.1848322
2024-11-28 10:00:00+00:00,8.7766379
2024-11-28 11:00:00+00:00,8.414836900000001
2024-11-28 12:00:00+00:00,8.647293900000001
2024-11-28 13:00:00+00:00,9.1025435
2024-11-28 14:00:00+00:00,10.030999
2024-11-28 15:00:00+00:00,10.851851400000001
2024-11-28 16:00:00+00:00,11.5196766
2024-11-28 17:00:00+00:00,11.570612
2024-11-28 18:00:00+00:00,11.1114943
2024-11-28 19:00:00+00:00,10.579912
2024-11-28 20:00:00+00:00,10.035533500000001
2024-11-28 21:00:00+00:00,9.7145892
2024-11-28 22:00:00+00:00,9.4029873
2024-11-28 23:00:00+00:00,8.6708662
2024-11-29 00:00:00+00:00,8.1725467
2024-11-29 01:00:00+00:00,7.8166415
2024-11-29 02:00:00+00:00,7.673747499999999
2024-11-29 03:00:00+00:00,7.669519600000001
2024-11-29 04:00:00+00:00,8.011557400000001
2024-11-29 05:00:00+00:00,8.8794645
2024-11-29 06:00:00+00:00,9.752964599999999
2024-11-29 07:00:00+00:00,9.960035099999999
2024-11-29 08:00:00+00:00,9.4436115
2024-11-29 09:00:00+00:00,8.5079527
2024-11-29 10:00:00+00:00,7.7825392
2024-11-29 11:00:00+00:00,7.2662637000000005
2024-11-29 12:00:00+00:00,7.4553646
2024-11-29 13:00:00+00:00,8.0809376
2024-11-29 14:00:00+00:00,8.9246005
2024-11-29 15:00:00+00:00,9.491019099999999
2024-11-29 16:00:00+00:00,9.889021499999998
2024-11-29 17:00:00+00:00,9.655554500000001
2024-11-29 18:00:00+00:00,9.0692573
2024-11-29 19:00:00+00:00,8.436827599999999
2024-11-29 20:00:00+00:00,7.868157900000001
2024-11-29 21:00:00+00:00,7.5960865
2024-11-29 22:00:00+00:00,7.3536361999999995
2024-11-29 23:00:00+00:00,6.631191899999999
2024-11-30 00:00:00+00:00,6.349241900000001
2024-11-30 01:00:00+00:00,6.2209226
2024-11-30 02:00:00+00:00,6.220927099999999
2024-11-30 03:00:00+00:00,6.2745898
2024-11-30 04:00:00+00:00,6.4265984000000005
2024-11-30 05:00:00+00:00,6.860407
2024-11-30 06:00:00+00:00,7.4955777
2024-11-30 07:00:00+00:00,7.975595600000001
2024-11-30 08:00:00+00:00,7.831293700000002
2024-11-30 09:00:00+00:00,7.215863000000001
2024-11-30 10:00:00+00:00,7.0439115
2024-11-30 11:00:00+00:00,7.096195999999999
2024-11-30 12:00:00+00:00,7.403858700000001
2024-11-30 13:00:00+00:00,7.886032200000001
2024-11-30 14:00:00+00:00,8.725721100000001
2024-11-30 15:00:00+00:00,9.409959899999999
2024-11-30 16:00:00+00:00,9.8972366
2024-11-30 17:00:00+00:00,9.8509568
2024-11-30 18:00:00+00:00,9.4186022
2024-11-30 19:00:00+00:00,8.8915898
2024-11-30 20:00:00+00:00,8.4453178
2024-11-30 21:00:00+00:00,8.2888564
2024-11-30 22:00:00+00:00,8.046006
2024-11-30 23:00:00+00:00,7.5522633
2024-12-01 00:00:00+00:00,7.0875874
2024-12-01 01:00:00+00:00,6.7208059
2024-12-01 02:00:00+00:00,6.5060564
2024-12-01 03:00:00+00:00,6.3988659000000006
2024-12-01 04:00:00+00:00,6.3257061
2024-12-01 05:00:00+00:00,6.4443197
2024-12-01 06:00:00+00:00,6.4690429
2024-12-01 07:00:00+00:00,6.6198983999999985
2024-12-01 08:00:00+00:00,6.367095900000001
2024-12-01 09:00:00+00:00,5.8777182
2024-12-01 10:00:00+00:00,5.6431772
2024-12-01 11:00:00+00:00,5.733769200000001
2024-12-01 12:00:00+00:00,5.827367500000001
2024-12-01 13:00:00+00:00,6.0849218
2024-12-01 14:00:00+00:00,6.845856899999999
2024-12-01 15:00:00+00:00,7.422455700000001
2024-12-01 16:00:00+00:00,7.808787199999999
2024-12-01 17:00:00+00:00,7.697949799999999
2024-12-01 18:00:00+00:00,7.077364600000001
2024-12-01 19:00:00+00:00,6.6469225
2024-12-01 20:00:00+00:00,6.1888211
2024-12-01 21:00:00+00:00,5.995511500000001
2024-12-01 22:00:00+00:00,5.7944946
2024-12-01 23:00:00+00:00,5.2976175
2024-12-02 00:00:00+00:00,5.0989044
2024-12-02 01:00:00+00:00,4.8197571
2024-12-02 02:00:00+00:00,4.7204419
2024-12-02 03:00:00+00:00,4.875872900000001
2024-12-02 04:00:00+00:00,5.444958100000001
2024-12-02 05:00:00+00:00,6.7089275
2024-12-02 06:00:00+00:00,8.000457999999998
2024-12-02 07:00:00+00:00,8.793323699999998
2024-12-02 08:00:00+00:00,8.7979492
2024-12-02 09:00:00+00:00,8.3852534
2024-12-02 10:00:00+00:00,8.0458429
2024-12-02 11:00:00+00:00,7.5687435999999995
2024-12-02 12:00:00+00:00,7.5766692
2024-12-02 13:00:00+00:00,7.837359
2024-12-02 14:00:00+00:00,8.468565900000002
2024-12-02 15:00:00+00:00,9.137655599999999
2024-12-02 16:00:00+00:00,9.596390300000001
2024-12-02 17:00:00+00:00,9.4651305
2024-12-02 18:00:00+00:00,8.8661498
2024-12-02 19:00:00+00:00,8.028812400000001
2024-12-02 20:00:00+00:00,7.106616099999999
2024-12-02 21:00:00+00:00,6.7177034
2024-12-02 22:00:00+00:00,6.4041488000000015
2024-12-02 23:00:00+00:00,5.8744108
2024-12-03 00:00:00+00:00,5.5761832
2024-12-03 01:00:00+00:00,5.512269399999999
2024-12-03 02:00:00+00:00,5.5960883
2024-12-03 03:00:00+00:00,5.903734200000001
2024-12-03 04:00:00+00:00,6.571162299999999
2024-12-03 05:00:00+00:00,7.801344599999999
2024-12-03 06:00:00+00:00,9.1210928
2024-12-03 07:00:00+00:00,9.841599500000001
2024-12-03 08:00:00+00:00,9.9494368
2024-12-03 09:00:00+00:00,9.5362117
2024-12-03 10:00:00+00:00,9.202546000000002
2024-12-03 11:00:00+00:00,8.9414928
2024-12-03 12:00:00+00:00,9.212677800000002
2024-12-03 13:00:00+00:00,9.7018848
2024-12-03 14:00:00+00:00,10.3802719
2024-12-03 15:00:00+00:00,11.0103629
2024-12-03 16:00:00+00:00,11.577780500000001
2024-12-03 17:00:00+00:00,11.563527
2024-12-03 18:00:00+00:00,11.114524300000001
2024-12-03 19:00:00+00:00,10.5417688
2024-12-03 20:00:00+00:00,9.9838006
2024-12-03 21:00:00+00:00,9.7175706
2024-12-03 22:00:00+00:00,9.4392978
2024-12-03 23:00:00+00:00,8.9068509
2024-12-04 00:00:00+00:00,8.492501899999999
2024-12-04 01:00:00+00:00,8.196671900000002
2024-12-04 02:00:00+00:00,8.07523
2024-12-04 03:00:00+00:00,8.0062631
2024-12-04 04:00:00+00:00,8.454889600000001
2024-12-04 05:00:00+00:00,9.4767892
2024-12-04 06:00:00+00:00,10.3353713
2024-12-04 07:00:00+00:00,10.7591716
2024-12-04 08:00:00+00:00,10.6013238
2024-12-04 09:00:00+00:00,9.961300999999999
2024-12-04 10:00:00+00:00,9.5799687
2024-12-04 11:00:00+00:00,9.338509100000001
2024-12-04 12:00:00+00:00,9.478708500000002
2024-12-04 13:00:00+00:00,9.81237
2024-12-04 14:00:00+00:00,10.3666047
2024-12-04 15:00:00+00:00,10.858635399999999
2024-12-04 16:00:00+00:00,11.3383712
2024-12-04 17:00:00+00:00,11.2378559
2024-12-04 18:00:00+00:00,10.7163128
2024-12-04 19:00:00+00:00,9.924634
2024-12-04 20:00:00+00:00,9.077413900000002
2024-12-04 21:00:00+00:00,8.6322119
2024-12-04 22:00:00+00:00,7.9837715000000005
2024-12-04 23:00:00+00:00,6.570760100000001
2024-12-05 00:00:00+00:00,5.8778068
2024-12-05 01:00:00+00:00,5.477853099999999
2024-12-05 02:00:00+00:00,5.211639199999999
2024-12-05 03:00:00+00:00,5.128569500000002
2024-12-05 04:00:00+00:00,5.500433600000001
2024-12-05 05:00:00+00:00,6.3283763
2024-12-05 06:00:00+00:00,7.152110300000001
2024-12-05 07:00:00+00:00,7.5271875999999995
2024-12-05 08:00:00+00:00,7.6509886
2024-12-05 09:00:00+00:00,7.6345099
2024-12-05 10:00:00+00:00,7.624646799999999
2024-12-05 11:00:00+00:00,7.3713765
2024-12-05 12:00:00+00:00,7.3050108
2024-12-05 13:00:00+00:00,7.35951
2024-12-05 14:00:00+00:00,7.648751299999999
2024-12-05 15:00:00+00:00,8.003762700000001
2024-12-05 16:00:00+00:00,8.473047500000002
2024-12-05 17:00:00+00:00,8.3922235
2024-12-05 18:00:00+00:00,7.879195600000001
2024-12-05 19:00:00+00:00,7.130326400000001
2024-12-05 20:00:00+00:00,6.4306704
2024-12-05 21:00:00+00:00,6.162116599999999
2024-12-05 22:00:00+00:00,5.876591599999999
2024-12-05 23:00:00+00:00,5.0077087
2024-12-06 00:00:00+00:00,4.509099000000001
2024-12-06 01:00:00+00:00,4.3095905000000005
2024-12-06 02:00:00+00:00,4.212053599999999
2024-12-06 03:00:00+00:00,4.321201799999999
2024-12-06 04:00:00+00:00,4.7566398
2024-12-06 05:00:00+00:00,5.759505100000001
2024-12-06 06:00:00+00:00,6.787217899999999
2024-12-06 07:00:00+00:00,7.2584781000000005
2024-12-06 08:00:00+00:00,7.050866
2024-12-06 09:00:00+00:00,6.405776100000001
2024-12-06 10:00:00+00:00,6.0074959
2024-12-06 11:00:00+00:00,5.815058500000002
2024-12-06 12:00:00+00:00,6.2225117999999995
2024-12-06 13:00:00+00:00,7.2452963
2024-12-06 14:00:00+00:00,8.5248136
2024-12-06 15:00:00+00:00,9.6236224
2024-12-06 16:00:00+00:00,10.4177233
2024-12-06 17:00:00+00:00,10.2291532
2024-12-06 18:00:00+00:00,9.625104
2024-12-06 19:00:00+00:00,8.6118074
2024-12-06 20:00:00+00:00,7.5095978
2024-12-06 21:00:00+00:00,6.8230199
2024-12-06 22:00:00+00:00,6.261865200000001
2024-12-06 23:00:00+00:00,5.389198199999999
2024-12-07 00:00:00+00:00,4.6173763
2024-12-07 01:00:00+00:00,3.991305500000001
2024-12-07 02:00:00+00:00,3.7179118000000004
2024-12-07 03:00:00+00:00,3.7076677999999994
2024-12-07 04:00:00+00:00,3.7781785
2024-12-07 05:00:00+00:00,4.0621188
2024-12-07 06:00:00+00:00,4.5601586
2024-12-07 07:00:00+00:00,5.109750799999999
2024-12-07 08:00:00+00:00,5.4204243000000005
2024-12-07 09:00:00+00:00,5.2926321
2024-12-07 10:00:00+00:00,5.006179799999999
2024-12-07 11:00:00+00:00,4.9299014
2024-12-07 12:00:00+00:00,4.909347999999999
2024-12-07 13:00:00+00:00,4.9999853000000005
2024-12-07 14:00:00+00:00,5.3329248
2024-12-07 15:00:00+00:00,5.759073300000002
2024-12-07 16:00:00+00:00,6.298580500000001
2024-12-07 17:00:00+00:00,6.323509200000001
2024-12-07 18:00:00+00:00,6.0117922
2024-12-07 19:00:00+00:00,5.5823389
2024-12-07 20:00:00+00:00,5.299542599999999
2024-12-07 21:00:00+00:00,5.352044599999999
2024-12-07 22:00:00+00:00,5.3797198
2024-12-07 23:00:00+00:00,4.974247200000001
2024-12-08 00:00:00+00:00,4.5441527
2024-12-08 01:00:00+00:00,4.3381428
2024-12-08 02:00:00+00:00,4.238012400000001
2024-12-08 03:00:00+00:00,4.2797287
2024-12-08 04:00:00+00:00,4.440297300000001
2024-12-08 05:00:00+00:00,4.743913
2024-12-08 06:00:00+00:00,4.966670100000001
2024-12-08 07:00:00+00:00,5.3446864000000005
2024-12-08 08:00:00+00:00,5.671130399999999
2024-12-08 09:00:00+00:00,5.7754584
2024-12-08 10:00:00+00:00,5.883441400000001
2024-12-08 11:00:00+00:00,5.9424584000000005
2024-12-08 12:00:00+00:00,5.7220541
2024-12-08 13:00:00+00:00,5.693566100000001
2024-12-08 14:00:00+00:00,6.0290867
2024-12-08 15:00:00+00:00,6.407896300000001
2024-12-08 16:00:00+00:00,6.9408476
2024-12-08 17:00:00+00:00,7.040272100000001
2024-12-08 18:00:00+00:00,6.603972700000001
2024-12-08 19:00:00+00:00,6.2369911
2024-12-08 20:00:00+00:00,5.8414643
2024-12-08 21:00:00+00:00,5.540027599999999
2024-12-08 22:00:00+00:00,5.284493299999999
2024-12-08 23:00:00+00:00,5.179942500000001
2024-12-09 00:00:00+00:00,4.868865
2024-12-09 01:00:00+00:00,4.534648799999999
2024-12-09 02:00:00+00:00,4.3457669
2024-12-09 03:00:00+00:00,4.4354046
2024-12-09 04:00:00+00:00,4.9392106
2024-12-09 05:00:00+00:00,6.0515194999999995
2024-12-09 06:00:00+00:00,7.189826200000001
2024-12-09 07:00:00+00:00,7.9809287000000015
2024-12-09 08:00:00+00:00,8.097884500000001
2024-12-09 09:00:00+00:00,7.8299893
2024-12-09 10:00:00+00:00,7.6789005
2024-12-09 11:00:00+00:00,7.3587815999999995
2024-12-09 12:00:00+00:00,7.350777899999999
2024-12-09 13:00:00+00:00,7.313858
2024-12-09 14:00:00+00:00,7.3658877
2024-12-09 15:00:00+00:00,7.5778924000000005
2024-12-09 16:00:00+00:00,8.103344100000001
2024-12-09 17:00:00+00:00,8.102210200000002
2024-12-09 18:00:00+00:00,7.6367733
2024-12-09 19:00:00+00:00,7.1269147
2024-12-09 20:00:00+00:00,6.576535299999999
2024-12-09 21:00:00+00:00,6.5734686
2024-12-09 22:00:00+00:00,6.2795082
2024-12-09 23:00:00+00:00,5.8963934
2024-12-10 00:00:00+00:00,5.5145975
2024-12-10 01:00:00+00:00,5.171564700000001
2024-12-10 02:00:00+00:00,5.082830999999999
2024-12-10 03:00:00+00:00,5.0710726
2024-12-10 04:00:00+00:00,5.4773958
2024-12-10 05:00:00+00:00,6.5051329
2024-12-10 06:00:00+00:00,7.5610425
2024-12-10 07:00:00+00:00,8.1478221
2024-12-10 08:00:00+00:00,8.3472319
2024-12-10 09:00:00+00:00,8.225333
2024-12-10 10:00:00+00:00,8.121819200000001
2024-12-10 11:00:00+00:00,7.902944700000001
2024-12-10 12:00:00+00:00,7.974918000000001
2024-12-10 13:00:00+00:00,8.1422738
2024-12-10 14:00:00+00:00,8.412236400000001
2024-12-10 15:00:00+00:00,8.7572695
2024-12-10 16:00:00+00:00,9.229991700000001
2024-12-10 17:00:00+00:00,9.244795499999999
2024-12-10 18:00:00+00:00,8.8970207
2024-12-10 19:00:00+00:00,8.4829052
2024-12-10 20:00:00+00:00,8.1345937
2024-12-10 21:00:00+00:00,8.1778561
2024-12-10 22:00:00+00:00,8.0075972
2024-12-10 23:00:00+00:00,7.4437215
2024-12-11 00:00:00+00:00,7.186750399999999
2024-12-11 01:00:00+00:00,7.1117040000000005
2024-12-11 02:00:00+00:00,7.139582100000001
2024-12-11 03:00:00+00:00,7.285370500000001
2024-12-11 04:00:00+00:00,7.7481041
2024-12-11 05:00:00+00:00,8.7871812
2024-12-11 06:00:00+00:00,9.7239921
2024-12-11 07:00:00+00:00,10.2733908
2024-12-11 08:00:00+00:00,10.4769238
2024-12-11 09:00:00+00:00,10.3188818
2024-12-11 10:00:00+00:00,10.1538979
2024-12-11 11:00:00+00:00,9.9476734
2024-12-11 12:00:00+00:00,10.0468491
2024-12-11 13:00:00+00:00,10.163429500000001
2024-12-11 14:00:00+00:00,10.4003707
2024-12-11 15:00:00+00:00,10.7461609
2024-12-11 16:00:00+00:00,11.2289328
2024-12-11 17:00:00+00:00,11.2190572
2024-12-11 18:00:00+00:00,10.884127300000001
2024-12-11 19:00:00+00:00,10.4360046
2024-12-11 20:00:00+00:00,9.9747465
2024-12-11 21:00:00+00:00,9.8588879
2024-12-11 22:00:00+00:00,9.6318976
2024-12-11 23:00:00+00:00,9.111907899999999
2024-12-12 00:00:00+00:00,8.6633936
2024-12-12 01:00:00+00:00,8.5006248
2024-12-12 02:00:00+00:00,8.392942399999999
2024-12-12 03:00:00+00:00,8.4514621
2024-12-12 04:00:00+00:00,8.926813000000001
2024-12-12 05:00:00+00:00,9.9601854
2024-12-12 06:00:00+00:00,10.9229067
2024-12-12 07:00:00+00:00,11.424643
2024-12-12 08:00:00+00:00,11.551929
2024-12-12 09:00:00+00:00,11.354028000000001
2024-12-12 10:00:00+00:00,11.1201034
2024-12-12 11:00:00+00:00,10.679797800000001
2024-12-12 12:00:00+00:00,10.4847648
2024-12-12 13:00:00+00:00,10.520211600000001
2024-12-12 14:00:00+00:00,10.9289577
2024-12-12 15:00:00+00:00,11.370376499999999
2024-12-12 16:00:00+00:00,11.8021362
2024-12-12 17:00:00+00:00,11.7237345
2024-12-12 18:00:00+00:00,11.243770200000002
2024-12-12 19:00:00+00:00,10.651777899999999
2024-12-12 20:00:00+00:00,10.1388153
2024-12-12 21:00:00+00:00,9.911546099999999
2024-12-12 22:00:00+00:00,9.6998562
2024-12-12 23:00:00+00:00,9.3508535
2024-12-13 00:00:00+00:00,8.860361400000002
2024-12-13 01:00:00+00:00,8.5521738
2024-12-13 02:00:00+00:00,8.407031
2024-12-13 03:00:00+00:00,8.4627726
2024-12-13 04:00:00+00:00,8.806496600000001
2024-12-13 05:00:00+00:00,9.801419899999999
2024-12-13 06:00:00+00:00,10.7705013
2024-12-13 07:00:00+00:00,11.2895213
2024-12-13 08:00:00+00:00,11.1981342
2024-12-13 09:00:00+00:00,10.596833
2024-12-13 10:00:00+00:00,10.1205318
2024-12-13 11:00:00+00:00,9.711715700000001
2024-12-13 12:00:00+00:00,9.7054261
2024-12-13 13:00:00+00:00,10.0805915
2024-12-13 14:00:00+00:00,10.727536400000002
2024-12-13 15:00:00+00:00,11.292940399999999
2024-12-13 16:00:00+00:00,11.7438747
2024-12-13 17:00:00+00:00,11.5708076
2024-12-13 18:00:00+00:00,11.122122
2024-12-13 19:00:00+00:00,10.4981228
2024-12-13 20:00:00+00:00,9.9660797
2024-12-13 21:00:00+00:00,9.748135099999999
2024-12-13 22:00:00+00:00,9.522068599999999
2024-12-13 23:00:00+00:00,8.9846288
2024-12-14 00:00:00+00:00,8.4323532
2024-12-14 01:00:00+00:00,8.0232406
2024-12-14 02:00:00+00:00,7.734204199999999
2024-12-14 03:00:00+00:00,7.588265800000001
2024-12-14 04:00:00+00:00,7.514366500000001
2024-12-14 05:00:00+00:00,7.634804999999999
2024-12-14 06:00:00+00:00,7.8808491
2024-12-14 07:00:00+00:00,8.3885785
2024-12-14 08:00:00+00:00,8.774839100000001
2024-12-14 09:00:00+00:00,8.780485299999999
2024-12-14 10:00:00+00:00,8.643404100000001
2024-12-14 11:00:00+00:00,8.552825200000001
2024-12-14 12:00:00+00:00,8.3680736
2024-12-14 13:00:00+00:00,8.2574197
2024-12-14 14:00:00+00:00,8.2991505
2024-12-14 15:00:00+00:00,8.485386299999998
2024-12-14 16:00:00+00:00,8.872865
2024-12-14 17:00:00+00:00,8.9459889
2024-12-14 18:00:00+00:00,8.6033816
2024-12-14 19:00:00+00:00,8.1235785
2024-12-14 20:00:00+00:00,7.7644980000000015
2024-12-14 21:00:00+00:00,7.6304641
2024-12-14 22:00:00+00:00,7.5108949
2024-12-14 23:00:00+00:00,6.9320456
2024-12-15 00:00:00+00:00,6.486159499999999
2024-12-15 01:00:00+00:00,6.226494499999999
2024-12-15 02:00:00+00:00,6.0045705
2024-12-15 03:00:00+00:00,5.8812512
2024-12-15 04:00:00+00:00,5.8256459
2024-12-15 05:00:00+00:00,5.8847272
2024-12-15 06:00:00+00:00,5.914653
2024-12-15 07:00:00+00:00,6.2102641
2024-12-15 08:00:00+00:00,6.512007100000001
2024-12-15 09:00:00+00:00,6.690493700000001
2024-12-15 10:00:00+00:00,6.848351500000001
2024-12-15 11:00:00+00:00,6.9887142
2024-12-15 12:00:00+00:00,6.871977299999999
2024-12-15 13:00:00+00:00,6.8061968
2024-12-15 14:00:00+00:00,6.9664595
2024-12-15 15:00:00+00:00,7.275867300000001
2024-12-15 16:00:00+00:00,7.733390400000001
2024-12-15 17:00:00+00:00,7.6889865
2024-12-15 18:00:00+00:00,7.1407112999999995
2024-12-15 19:00:00+00:00,6.5902898
2024-12-15 20:00:00+00:00,6.039662099999999
2024-12-15 21:00:00+00:00,5.646742499999999
2024-12-15 22:00:00+00:00,5.3618276
2024-12-15 23:00:00+00:00,4.821554499999999
2024-12-16 00:00:00+00:00,4.705300399999999
2024-12-16 01:00:00+00:00,4.4111644000000005
2024-12-16 02:00:00+00:00,4.2404991
2024-12-16 03:00:00+00:00,4.3824228
2024-12-16 04:00:00+00:00,4.9679725999999995
2024-12-16 05:00:00+00:00,6.179716699999999
2024-12-16 06:00:00+00:00,7.383954900000001
2024-12-16 07:00:00+00:00,8.1303178
2024-12-16 08:00:00+00:00,8.284286999999999
2024-12-16 09:00:00+00:00,8.250480699999999
2024-12-16 10:00:00+00:00,8.1178661
2024-12-16 11:00:00+00:00,7.7491162
2024-12-16 12:00:00+00:00,7.759420199999999
2024-12-16 13:00:00+00:00,7.829951
2024-12-16 14:00:00+00:00,7.968295400000001
2024-12-16 15:00:00+00:00,8.2838697
2024-12-16 16:00:00+00:00,8.8915678
2024-12-16 17:00:00+00:00,8.8713832
2024-12-16 18:00:00+00:00,8.17428
2024-12-16 19:00:00+00:00,7.5650881000000005
2024-12-16 20:00:00+00:00,6.993727399999999
2024-12-16 21:00:00+00:00,6.8721238
2024-12-16 22:00:00+00:00,6.706372399999999
2024-12-16 23:00:00+00:00,6.6035498
2024-12-17 00:00:00+00:00,6.4188463
2024-12-17 01:00:00+00:00,6.296424899999999
2024-12-17 02:00:00+00:00,6.389858500000001
2024-12-17 03:00:00+00:00,6.6157865000000005
2024-12-17 04:00:00+00:00,7.220971200000001
2024-12-17 05:00:00+00:00,8.4295953
2024-12-17 06:00:00+00:00,9.7272104
2024-12-17 07:00:00+00:00,10.4467767
2024-12-17 08:00:00+00:00,10.503758999999999
2024-12-17 09:00:00+00:00,10.2742598
2024-12-17 10:00:00+00:00,9.9935647
2024-12-17 11:00:00+00:00,9.6253886
2024-12-17 12:00:00+00:00,9.706244
2024-12-17 13:00:00+00:00,9.8394507
2024-12-17 14:00:00+00:00,10.056864899999999
2024-12-17 15:00:00+00:00,10.2656393
2024-12-17 16:00:00+00:00,10.3655682
2024-12-17 17:00:00+00:00,9.8019852
2024-12-17 18:00:00+00:00,8.973436300000001
2024-12-17 19:00:00+00:00,8.1031294
2024-12-17 20:00:00+00:00,7.321472299999999
2024-12-17 21:00:00+00:00,6.9373267
2024-12-17 22:00:00+00:00,6.476464700000002
2024-12-17 23:00:00+00:00,5.8053794
2024-12-18 00:00:00+00:00,5.301434000000002
2024-12-18 01:00:00+00:00,4.8561803
2024-12-18 02:00:00+00:00,4.588373900000002
2024-12-18 03:00:00+00:00,4.5604911
2024-12-18 04:00:00+00:00,4.920530200000001
2024-12-18 05:00:00+00:00,5.9314495
2024-12-18 06:00:00+00:00,6.8912987
2024-12-18 07:00:00+00:00,7.4533202
2024-12-18 08:00:00+00:00,7.469415799999999
2024-12-18 09:00:00+00:00,7.073410600000001
2024-12-18 10:00:00+00:00,6.807917999999999
2024-12-18 11:00:00+00:00,6.6312831
2024-12-18 12:00:00+00:00,6.6881516
2024-12-18 13:00:00+00:00,6.837070400000001
2024-12-18 14:00:00+00:00,7.175567099999999
2024-12-18 15:00:00+00:00,7.603224500000001
2024-12-18 16:00:00+00:00,8.1880346
2024-12-18 17:00:00+00:00,8.314938000000001
2024-12-18 18:00:00+00:00,7.9506498
2024-12-18 19:00:00+00:00,7.2108076
2024-12-18 20:00:00+00:00,6.3409608
2024-12-18 21:00:00+00:00,5.9627812
2024-12-18 22:00:00+00:00,5.551139199999999
2024-12-18 23:00:00+00:00,4.800064700000001
2024-12-19 00:00:00+00:00,4.276444100000001
2024-12-19 01:00:00+00:00,4.0078141
2024-12-19 02:00:00+00:00,3.8231707000000013
2024-12-19 03:00:00+00:00,3.9091987999999995
2024-12-19 04:00:00+00:00,4.4593163
2024-12-19 05:00:00+00:00,5.577408400000001
2024-12-19 06:00:00+00:00,6.6536213
2024-12-19 07:00:00+00:00,7.1981539
2024-12-19 08:00:00+00:00,7.3291825
2024-12-19 09:00:00+00:00,7.263380900000001
2024-12-19 10:00:00+00:00,7.1571575
2024-12-19 11:00:00+00:00,6.854410700000001
2024-12-19 12:00:00+00:00,6.8184024
2024-12-19 13:00:00+00:00,6.9355369
2024-12-19 14:00:00+00:00,7.396521900000001
2024-12-19 15:00:00+00:00,7.9915588
2024-12-19 16:00:00+00:00,8.606107300000001
2024-12-19 17:00:00+00:00,8.6169786
2024-12-19 18:00:00+00:00,8.1728246
2024-12-19 19:00:00+00:00,7.5058332
2024-12-19 20:00:00+00:00,6.9708278
2024-12-19 21:00:00+00:00,6.8867294
2024-12-19 22:00:00+00:00,6.822826800000001
2024-12-19 23:00:00+00:00,6.080528899999999
2024-12-20 00:00:00+00:00,5.794226
2024-12-20 01:00:00+00:00,5.6739183
2024-12-20 02:00:00+00:00,5.690315300000001
2024-12-20 03:00:00+00:00,5.9038246
2024-12-20 04:00:00+00:00,6.563454900000001
2024-12-20 05:00:00+00:00,7.794981100000001
2024-12-20 06:00:00+00:00,8.982127100000001
2024-12-20 07:00:00+00:00,9.5932284
2024-12-20 08:00:00+00:00,9.5326383
2024-12-20 09:00:00+00:00,8.8636102
2024-12-20 10:00:00+00:00,8.3509529
2024-12-20 11:00:00+00:00,7.9132301
2024-12-20 12:00:00+00:00,7.7623606
2024-12-20 13:00:00+00:00,7.8305812999999995
2024-12-20 14:00:00+00:00,8.1202608
2024-12-20 15:00:00+00:00,8.559118999999999
2024-12-20 16:00:00+00:00,8.8944701
2024-12-20 17:00:00+00:00,8.3225573
2024-12-20 18:00:00+00:00,7.6694599000000006
2024-12-20 19:00:00+00:00,7.1475352
2024-12-20 20:00:00+00:00,6.5194861
2024-12-20 21:00:00+00:00,6.4685877000000005
2024-12-20 22:00:00+00:00,6.522297300000002
2024-12-20 23:00:00+00:00,6.6328489
2024-12-21 00:00:00+00:00,6.1413595999999995
2024-12-21 01:00:00+00:00,5.8733883
2024-12-21 02:00:00+00:00,5.8947384000000005
2024-12-21 03:00:00+00:00,6.233386499999999
2024-12-21 04:00:00+00:00,6.4698096000000005
2024-12-21 05:00:00+00:00,6.6415495
2024-12-21 06:00:00+00:00,6.7495650000000005
2024-12-21 07:00:00+00:00,6.9222068
2024-12-21 08:00:00+00:00,6.9214007
2024-12-21 09:00:00+00:00,6.8201985
2024-12-21 10:00:00+00:00,6.503857700000001
2024-12-21 11:00:00+00:00,6.2797976
2024-12-21 12:00:00+00:00,6.0819887999999995
2024-12-21 13:00:00+00:00,5.9398115
2024-12-21 14:00:00+00:00,6.0529516999999995
2024-12-21 15:00:00+00:00,6.356341799999999
2024-12-21 16:00:00+00:00,6.975055300000001
2024-12-21 17:00:00+00:00,6.6484536
2024-12-21 18:00:00+00:00,5.990547299999999
2024-12-21 19:00:00+00:00,5.4312455
2024-12-21 20:00:00+00:00,5.0596316
2024-12-21 21:00:00+00:00,5.0212916000000005
2024-12-21 22:00:00+00:00,5.1355653
2024-12-21 23:00:00+00:00,4.664848599999999
2024-12-22 00:00:00+00:00,4.1384297
2024-12-22 01:00:00+00:00,3.8733017000000003
2024-12-22 02:00:00+00:00,3.6450338999999996
2024-12-22 03:00:00+00:00,3.6106279000000003
2024-12-22 04:00:00+00:00,3.700378200000001
2024-12-22 05:00:00+00:00,3.9965417
2024-12-22 06:00:00+00:00,4.3022679
2024-12-22 07:00:00+00:00,4.747398099999999
2024-12-22 08:00:00+00:00,5.126048100000002
2024-12-22 09:00:00+00:00,4.9994506
2024-12-22 10:00:00+00:00,4.851521400000001
2024-12-22 11:00:00+00:00,4.8577805000000005
2024-12-22 12:00:00+00:00,4.7322693000000005
2024-12-22 13:00:00+00:00,4.793640300000002
2024-12-22 14:00:00+00:00,5.415802000000001
2024-12-22 15:00:00+00:00,6.100209400000002
2024-12-22 16:00:00+00:00,6.6265657000000004
2024-12-22 17:00:00+00:00,6.7072427
2024-12-22 18:00:00+00:00,6.311302600000001
2024-12-22 19:00:00+00:00,5.898688700000001
2024-12-22 20:00:00+00:00,5.382315400000001
2024-12-22 21:00:00+00:00,5.084523000000001
2024-12-22 22:00:00+00:00,4.8660996
2024-12-22 23:00:00+00:00,4.6337732
2024-12-23 00:00:00+00:00,3.8125143000000006
2024-12-23 01:00:00+00:00,3.4081594000000006
2024-12-23 02:00:00+00:00,3.2641609000000003
2024-12-23 03:00:00+00:00,3.3466569000000006
2024-12-23 04:00:00+00:00,3.6621466999999996
2024-12-23 05:00:00+00:00,4.2854568
2024-12-23 06:00:00+00:00,4.7940313
2024-12-23 07:00:00+00:00,5.419842099999999
2024-12-23 08:00:00+00:00,5.6170642000000015
2024-12-23 09:00:00+00:00,5.3766594
2024-12-23 10:00:00+00:00,5.087590200000001
2024-12-23 11:00:00+00:00,4.8508356
2024-12-23 12:00:00+00:00,4.748051500000002
2024-12-23 13:00:00+00:00,4.9881247
2024-12-23 14:00:00+00:00,5.714039999999999
2024-12-23 15:00:00+00:00,6.5958562999999995
2024-12-23 16:00:00+00:00,7.425850300000002
2024-12-23 17:00:00+00:00,7.7305171
2024-12-23 18:00:00+00:00,7.735902100000001
2024-12-23 19:00:00+00:00,7.510264900000001
2024-12-23 20:00:00+00:00,7.345295
2024-12-23 21:00:00+00:00,7.5675606
2024-12-23 22:00:00+00:00,7.695566799999999
2024-12-23 23:00:00+00:00,7.6360118
2024-12-24 00:00:00+00:00,7.2486756
2024-12-24 01:00:00+00:00,6.9158315
2024-12-24 02:00:00+00:00,6.714610700000001
2024-12-24 03:00:00+00:00,6.6624431
2024-12-24 04:00:00+00:00,6.8874687
2024-12-24 05:00:00+00:00,7.3665174
2024-12-24 06:00:00+00:00,7.7420838
2024-12-24 07:00:00+00:00,8.4332742
2024-12-24 08:00:00+00:00,8.7425537
2024-12-24 09:00:00+00:00,8.704181
2024-12-24 10:00:00+00:00,8.656003900000002
2024-12-24 11:00:00+00:00,8.593381299999999
2024-12-24 12:00:00+00:00,8.460942
2024-12-24 13:00:00+00:00,8.4653802
2024-12-24 14:00:00+00:00,8.6236811
2024-12-24 15:00:00+00:00,8.9206781
2024-12-24 16:00:00+00:00,9.4098846
2024-12-24 17:00:00+00:00,9.4299828
2024-12-24 18:00:00+00:00,9.0994714
2024-12-24 19:00:00+00:00,8.590670099999999
2024-12-24 20:00:00+00:00,8.2124217
2024-12-24 21:00:00+00:00,8.2415097
2024-12-24 22:00:00+00:00,8.1311118
2024-12-24 23:00:00+00:00,7.8740641
2024-12-25 00:00:00+00:00,7.6110591
2024-12-25 01:00:00+00:00,7.293615
2024-12-25 02:00:00+00:00,7.0338039
2024-12-25 03:00:00+00:00,6.9603578
2024-12-25 04:00:00+00:00,7.0510399999999995
2024-12-25 05:00:00+00:00,7.3096199
2024-12-25 06:00:00+00:00,7.4512651
2024-12-25 07:00:00+00:00,7.7104967
2024-12-25 08:00:00+00:00,7.893878000000001
2024-12-25 09:00:00+00:00,8.1442294
2024-12-25 10:00:00+00:00,8.3497364
2024-12-25 11:00:00+00:00,8.5183781
2024-12-25 12:00:00+00:00,8.554196600000001
2024-12-25 13:00:00+00:00,8.5698056
2024-12-25 14:00:00+00:00,8.737866299999999
2024-12-25 15:00:00+00:00,8.8823338
2024-12-25 16:00:00+00:00,9.2296347
2024-12-25 17:00:00+00:00,9.3157451
2024-12-25 18:00:00+00:00,9.0717417
2024-12-25 19:00:00+00:00,8.750495899999999
2024-12-25 20:00:00+00:00,8.584716
2024-12-25 21:00:00+00:00,8.6881286
2024-12-25 22:00:00+00:00,8.599999899999998
2024-12-25 23:00:00+00:00,8.1289853
2024-12-26 00:00:00+00:00,7.3340522
2024-12-26 01:00:00+00:00,7.030705200000001
2024-12-26 02:00:00+00:00,6.9335733
2024-12-26 03:00:00+00:00,7.032546
2024-12-26 04:00:00+00:00,7.3926903
2024-12-26 05:00:00+00:00,8.0173134
2024-12-26 06:00:00+00:00,8.5103637
2024-12-26 07:00:00+00:00,9.1900302
2024-12-26 08:00:00+00:00,9.426575399999999
2024-12-26 09:00:00+00:00,9.257599400000002
2024-12-26 10:00:00+00:00,9.0972747
2024-12-26 11:00:00+00:00,8.9661468
2024-12-26 12:00:00+00:00,8.872877500000001
2024-12-26 13:00:00+00:00,8.9015556
2024-12-26 14:00:00+00:00,9.224774
2024-12-26 15:00:00+00:00,9.6808471
2024-12-26 16:00:00+00:00,10.1971913
2024-12-26 17:00:00+00:00,10.1982087
2024-12-26 18:00:00+00:00,9.8226822
2024-12-26 19:00:00+00:00,9.2710425
2024-12-26 20:00:00+00:00,8.873541199999998
2024-12-26 21:00:00+00:00,8.8866263
2024-12-26 22:00:00+00:00,8.732225000000001
2024-12-26 23:00:00+00:00,8.2990516
2024-12-27 00:00:00+00:00,7.8826478
2024-12-27 01:00:00+00:00,7.5524317
2024-12-27 02:00:00+00:00,7.432027199999999
2024-12-27 03:00:00+00:00,7.4643118
2024-12-27 04:00:00+00:00,7.7800677
2024-12-27 05:00:00+00:00,8.337772300000001
2024-12-27 06:00:00+00:00,8.8819335
2024-12-27 07:00:00+00:00,9.556100099999998
2024-12-27 08:00:00+00:00,9.6160322
2024-12-27 09:00:00+00:00,9.299558600000001
2024-12-27 10:00:00+00:00,8.9760892
2024-12-27 11:00:00+00:00,8.7060622
2024-12-27 12:00:00+00:00,8.6095679
2024-12-27 13:00:00+00:00,8.7259976
2024-12-27 14:00:00+00:00,9.1984402
2024-12-27 15:00:00+00:00,9.7865609
2024-12-27 16:00:00+00:00,10.271572999999998
2024-12-27 17:00:00+00:00,10.1641875
2024-12-27 18:00:00+00:00,9.804801499999998
2024-12-27 19:00:00+00:00,9.2994922
2024-12-27 20:00:00+00:00,8.9145075
2024-12-27 21:00:00+00:00,8.855449499999999
2024-12-27 22:00:00+00:00,8.713518599999999
2024-12-27 23:00:00+00:00,8.128480900000001
2024-12-28 00:00:00+00:00,7.8998058
2024-12-28 01:00:00+00:00,7.7031245
2024-12-28 02:00:00+00:00,7.5151571
2024-12-28 03:00:00+00:00,7.4577219
2024-12-28 04:00:00+00:00,7.5234244
2024-12-28 05:00:00+00:00,7.7968602
2024-12-28 06:00:00+00:00,8.085754300000001
2024-12-28 07:00:00+00:00,8.545270799999999
2024-12-28 08:00:00+00:00,8.6674605
2024-12-28 09:00:00+00:00,8.410126499999999
2024-12-28 10:00:00+00:00,8.022575
2024-12-28 11:00:00+00:00,7.671071100000001
2024-12-28 12:00:00+00:00,7.6250179000000005
2024-12-28 13:00:00+00:00,7.884686800000001
2024-12-28 14:00:00+00:00,8.5597488
2024-12-28 15:00:00+00:00,9.245307700000001
2024-12-28 16:00:00+00:00,9.7809116
2024-12-28 17:00:00+00:00,9.764095799999998
2024-12-28 18:00:00+00:00,9.4139209
2024-12-28 19:00:00+00:00,9.0345493
2024-12-28 20:00:00+00:00,8.628050499999999
2024-12-28 21:00:00+00:00,8.5149059
2024-12-28 22:00:00+00:00,8.3902491
2024-12-28 23:00:00+00:00,7.9325104
2024-12-29 00:00:00+00:00,7.716090299999999
2024-12-29 01:00:00+00:00,7.4588065
2024-12-29 02:00:00+00:00,7.284504699999999
2024-12-29 03:00:00+00:00,7.1957819
2024-12-29 04:00:00+00:00,7.2343641000000005
2024-12-29 05:00:00+00:00,7.4757524
2024-12-29 06:00:00+00:00,7.6204683
2024-12-29 07:00:00+00:00,8.0396672
2024-12-29 08:00:00+00:00,8.328095300000001
2024-12-29 09:00:00+00:00,8.4859043
2024-12-29 10:00:00+00:00,8.5471785
2024-12-29 11:00:00+00:00,8.4932719
2024-12-29 12:00:00+00:00,8.368527700000001
2024-12-29 13:00:00+00:00,8.270277100000001
2024-12-29 14:00:00+00:00,8.3151349
2024-12-29 15:00:00+00:00,8.4947167
2024-12-29 16:00:00+00:00,8.806260199999999
2024-12-29 17:00:00+00:00,8.712748699999999
2024-12-29 18:00:00+00:00,8.3719513
2024-12-29 19:00:00+00:00,7.940910000000001
2024-12-29 20:00:00+00:00,7.5831584
2024-12-29 21:00:00+00:00,7.4390483
2024-12-29 22:00:00+00:00,7.209959800000001
2024-12-29 23:00:00+00:00,6.7913266
2024-12-30 00:00:00+00:00,6.103111
2024-12-30 01:00:00+00:00,5.7643519
2024-12-30 02:00:00+00:00,5.635237099999999
2024-12-30 03:00:00+00:00,5.6751921
2024-12-30 04:00:00+00:00,5.9341896
2024-12-30 05:00:00+00:00,6.5136468999999995
2024-12-30 06:00:00+00:00,6.9397229
2024-12-30 07:00:00+00:00,7.469859199999999
2024-12-30 08:00:00+00:00,7.682865199999999
2024-12-30 09:00:00+00:00,7.490475599999999
2024-12-30 10:00:00+00:00,7.224272600000001
2024-12-30 11:00:00+00:00,7.0128255
2024-12-30 12:00:00+00:00,6.8352141
2024-12-30 13:00:00+00:00,6.8182404000000005
2024-12-30 14:00:00+00:00,7.0353393
2024-12-30 15:00:00+00:00,7.450274599999999
2024-12-30 16:00:00+00:00,7.996737500000001
2024-12-30 17:00:00+00:00,7.9722606
2024-12-30 18:00:00+00:00,7.678616699999999
2024-12-30 19:00:00+00:00,7.2023613
2024-12-30 20:00:00+00:00,6.7966374
2024-12-30 21:00:00+00:00,6.769906
2024-12-30 22:00:00+00:00,6.6274946
2024-12-30 23:00:00+00:00,6.252248000000001
2024-12-31 00:00:00+00:00,5.7680375
2024-12-31 01:00:00+00:00,5.4211158
2024-12-31 02:00:00+00:00,5.2391136
2024-12-31 03:00:00+00:00,5.229291399999999
2024-12-31 04:00:00+00:00,5.481410400000001
2024-12-31 05:00:00+00:00,5.9880935
2024-12-31 06:00:00+00:00,6.377249400000001
2024-12-31 07:00:00+00:00,6.949634099999999
2024-12-31 08:00:00+00:00,7.051775899999999
2024-12-31 09:00:00+00:00,6.7116965
2024-12-31 10:00:00+00:00,6.3686797
2024-12-31 11:00:00+00:00,6.1306254
2024-12-31 12:00:00+00:00,5.9111321
2024-12-31 13:00:00+00:00,5.7719707
2024-12-31 14:00:00+00:00,5.891147299999999
2024-12-31 15:00:00+00:00,6.1934866
2024-12-31 16:00:00+00:00,6.604639899999999
2024-12-31 17:00:00+00:00,6.4823005
2024-12-31 18:00:00+00:00,6.035169499999999
2024-12-31 19:00:00+00:00,5.4051212
2024-12-31 20:00:00+00:00,4.922944299999999
2024-12-31 21:00:00+00:00,4.883471
2024-12-31 22:00:00+00:00,4.681994699999999
2024-12-31 23:00:00+00:00,4.305262299999999
2025-01-01 00:00:00+00:00,3.9326242999999996
2025-01-01 01:00:00+00:00,3.7068533000000006
2025-01-01 02:00:00+00:00,3.5417397
2025-01-01 03:00:00+00:00,3.4287869000000004
2025-01-01 04:00:00+00:00,3.3790177000000003
2025-01-01 05:00:00+00:00,3.3795726999999998
2025-01-01 06:00:00+00:00,3.3438765000000004
2025-01-01 07:00:00+00:00,3.3986381999999997
2025-01-01 08:00:00+00:00,3.4701284
2025-01-01 09:00:00+00:00,3.6520039000000004
2025-01-01 10:00:00+00:00,3.643988300000001
2025-01-01 11:00:00+00:00,3.7764607000000003
2025-01-01 12:00:00+00:00,3.9001389
2025-01-01 13:00:00+00:00,3.870605900000001
2025-01-01 14:00:00+00:00,3.973800200000002
2025-01-01 15:00:00+00:00,4.1328892
2025-01-01 16:00:00+00:00,4.3846393
2025-01-01 17:00:00+00:00,4.644209999999999
2025-01-01 18:00:00+00:00,4.7020264
2025-01-01 19:00:00+00:00,4.704007000000001
2025-01-01 20:00:00+00:00,4.972603000000001
2025-01-01 21:00:00+00:00,5.4683516999999995
2025-01-01 22:00:00+00:00,5.9063794000000005
2025-01-01 23:00:00+00:00,6.096284600000001
2025-01-02 00:00:00+00:00,6.320280599999999
2025-01-02 01:00:00+00:00,6.3340652
2025-01-02 02:00:00+00:00,6.5498452
2025-01-02 03:00:00+00:00,6.898724400000001
2025-01-02 04:00:00+00:00,7.4735653
2025-01-02 05:00:00+00:00,8.4042181
2025-01-02 06:00:00+00:00,9.284671099999999
2025-01-02 07:00:00+00:00,10.0612709
2025-01-02 08:00:00+00:00,10.171373500000001
2025-01-02 09:00:00+00:00,9.679321100000001
2025-01-02 10:00:00+00:00,9.0740093
2025-01-02 11:00:00+00:00,8.590395100000002
2025-01-02 12:00:00+00:00,8.365592699999999
2025-01-02 13:00:00+00:00,8.414919399999999
2025-01-02 14:00:00+00:00,8.8622916
2025-01-02 15:00:00+00:00,9.361883299999999
2025-01-02 16:00:00+00:00,9.8527561
2025-01-02 17:00:00+00:00,9.770719499999998
2025-01-02 18:00:00+00:00,9.321020299999999
2025-01-02 19:00:00+00:00,8.8122432
2025-01-02 20:00:00+00:00,8.396127400000001
2025-01-02 21:00:00+00:00,8.387971900000002
2025-01-02 22:00:00+00:00,8.2181964
2025-01-02 23:00:00+00:00,7.5991562
2025-01-03 00:00:00+00:00,7.222150399999999
2025-01-03 01:00:00+00:00,6.886643899999999
2025-01-03 02:00:00+00:00,6.631006200000001
2025-01-03 03:00:00+00:00,6.5409521999999996
2025-01-03 04:00:00+00:00,6.710429499999999
2025-01-03 05:00:00+00:00,7.2845616
2025-01-03 06:00:00+00:00,7.8676162000000005
2025-01-03 07:00:00+00:00,8.612085
2025-01-03 08:00:00+00:00,8.6390938
2025-01-03 09:00:00+00:00,7.7390109
2025-01-03 10:00:00+00:00,6.9799191
2025-01-03 11:00:00+00:00,6.7336048
2025-01-03 12:00:00+00:00,6.816249300000001
2025-01-03 13:00:00+00:00,7.384430699999999
2025-01-03 14:00:00+00:00,8.335819099999998
2025-01-03 15:00:00+00:00,9.3302628
2025-01-03 16:00:00+00:00,10.076665400000001
2025-01-03 17:00:00+00:00,10.197686599999999
2025-01-03 18:00:00+00:00,9.966497000000002
2025-01-03 19:00:00+00:00,9.5684291
2025-01-03 20:00:00+00:00,9.3204159
2025-01-03 21:00:00+00:00,9.3180867
2025-01-03 22:00:00+00:00,9.268904
2025-01-03 23:00:00+00:00,8.808016499999999
2025-01-04 00:00:00+00:00,8.0144728
2025-01-04 01:00:00+00:00,7.8315183
2025-01-04 02:00:00+00:00,7.6917962
2025-01-04 03:00:00+00:00,7.7389224
2025-01-04 04:00:00+00:00,7.8224392
2025-01-04 05:00:00+00:00,8.1642158
2025-01-04 06:00:00+00:00,8.3478913
2025-01-04 07:00:00+00:00,8.8073251
2025-01-04 08:00:00+00:00,9.134891600000001
2025-01-04 09:00:00+00:00,8.9553626
2025-01-04 10:00:00+00:00,8.7580625
2025-01-04 11:00:00+00:00,8.5477872
2025-01-04 12:00:00+00:00,8.563840200000001
2025-01-04 13:00:00+00:00,8.7426011
2025-01-04 14:00:00+00:00,9.2166245
2025-01-04 15:00:00+00:00,9.8512426
2025-01-04 16:00:00+00:00,10.355634899999998
2025-01-04 17:00:00+00:00,10.276672500000002
2025-01-04 18:00:00+00:00,9.7228185
2025-01-04 19:00:00+00:00,8.9920978
2025-01-04 20:00:00+00:00,8.3181864
2025-01-04 21:00:00+00:00,7.9222327
2025-01-04 22:00:00+00:00,7.545136099999999
2025-01-04 23:00:00+00:00,6.973826900000001
2025-01-05 00:00:00+00:00,6.07579
2025-01-05 01:00:00+00:00,5.592141100000001
2025-01-05 02:00:00+00:00,5.160440600000001
2025-01-05 03:00:00+00:00,4.8877578999999995
2025-01-05 04:00:00+00:00,4.808842200000001
2025-01-05 05:00:00+00:00,4.983670399999999
2025-01-05 06:00:00+00:00,5.1412247
2025-01-05 07:00:00+00:00,5.2926302000000005
2025-01-05 08:00:00+00:00,5.305430900000001
2025-01-05 09:00:00+00:00,5.304406200000001
2025-01-05 10:00:00+00:00,5.426840100000001
2025-01-05 11:00:00+00:00,5.481788500000001
2025-01-05 12:00:00+00:00,5.294167100000001
2025-01-05 13:00:00+00:00,5.134262
2025-01-05 14:00:00+00:00,5.1189318
2025-01-05 15:00:00+00:00,5.2539584
2025-01-05 16:00:00+00:00,5.9199469
2025-01-05 17:00:00+00:00,6.158482400000001
2025-01-05 18:00:00+00:00,6.0499743
2025-01-05 19:00:00+00:00,5.6359718999999995
2025-01-05 20:00:00+00:00,5.193453300000001
2025-01-05 21:00:00+00:00,5.0410308
2025-01-05 22:00:00+00:00,4.8461854
2025-01-05 23:00:00+00:00,4.4767455
2025-01-06 00:00:00+00:00,3.7065339
2025-01-06 01:00:00+00:00,3.3818131000000005
2025-01-06 02:00:00+00:00,3.2591575000000006
2025-01-06 03:00:00+00:00,3.2913024
2025-01-06 04:00:00+00:00,3.6961696
2025-01-06 05:00:00+00:00,4.5843239
2025-01-06 06:00:00+00:00,5.3678816000000005
2025-01-06 07:00:00+00:00,6.187284200000001
2025-01-06 08:00:00+00:00,6.2509481000000005
2025-01-06 09:00:00+00:00,6.0114704
2025-01-06 10:00:00+00:00,5.8974879
2025-01-06 11:00:00+00:00,5.884830900000002
2025-01-06 12:00:00+00:00,6.0976214
2025-01-06 13:00:00+00:00,6.244355400000001
2025-01-06 14:00:00+00:00,6.418089000000001
2025-01-06 15:00:00+00:00,6.8400676
2025-01-06 16:00:00+00:00,7.526533800000001
2025-01-06 17:00:00+00:00,7.5633996
2025-01-06 18:00:00+00:00,7.165103599999999
2025-01-06 19:00:00+00:00,6.5762088
2025-01-06 20:00:00+00:00,6.1257722
2025-01-06 21:00:00+00:00,6.189071000000001
2025-01-06 22:00:00+00:00,6.229982200000001
2025-01-06 23:00:00+00:00,5.5341903
2025-01-07 00:00:00+00:00,5.0984943000000005
2025-01-07 01:00:00+00:00,4.896832099999999
2025-01-07 02:00:00+00:00,4.772881900000001
2025-01-07 03:00:00+00:00,4.8102689
2025-01-07 04:00:00+00:00,5.1972174
2025-01-07 05:00:00+00:00,6.1353232
2025-01-07 06:00:00+00:00,6.890333
2025-01-07 07:00:00+00:00,7.4559365
2025-01-07 08:00:00+00:00,7.590805700000001
2025-01-07 09:00:00+00:00,7.493676100000001
2025-01-07 10:00:00+00:00,7.3440481
2025-01-07 11:00:00+00:00,6.9502911
2025-01-07 12:00:00+00:00,6.5188983
2025-01-07 13:00:00+00:00,6.462079500000001
2025-01-07 14:00:00+00:00,7.165426500000001
2025-01-07 15:00:00+00:00,7.869468300000001
2025-01-07 16:00:00+00:00,8.4750642
2025-01-07 17:00:00+00:00,8.5280185
2025-01-07 18:00:00+00:00,8.0285802
2025-01-07 19:00:00+00:00,7.605252700000001
2025-01-07 20:00:00+00:00,7.1507644
2025-01-07 21:00:00+00:00,6.9612476
2025-01-07 22:00:00+00:00,6.854999899999999
2025-01-07 23:00:00+00:00,6.3289116
2025-01-08 00:00:00+00:00,6.060293
2025-01-08 01:00:00+00:00,6.0776707
2025-01-08 02:00:00+00:00,6.245563299999999
2025-01-08 03:00:00+00:00,6.521702
2025-01-08 04:00:00+00:00,7.0955620999999995
2025-01-08 05:00:00+00:00,8.266823200000001
2025-01-08 06:00:00+00:00,9.2837904
2025-01-08 07:00:00+00:00,10.073051300000001
2025-01-08 08:00:00+00:00,10.4702384
2025-01-08 09:00:00+00:00,10.677875700000001
2025-01-08 10:00:00+00:00,10.9099169
2025-01-08 11:00:00+00:00,10.832245400000001
2025-01-08 12:00:00+00:00,10.6948358
2025-01-08 13:00:00+00:00,10.758289300000001
2025-01-08 14:00:00+00:00,11.147560200000001
2025-01-08 15:00:00+00:00,11.356143099999999
2025-01-08 16:00:00+00:00,11.5030977
2025-01-08 17:00:00+00:00,11.415752000000001
2025-01-08 18:00:00+00:00,10.7491373
2025-01-08 19:00:00+00:00,10.235188
2025-01-08 20:00:00+00:00,9.6645463
2025-01-08 21:00:00+00:00,9.357024000000001
2025-01-08 22:00:00+00:00,9.216191199999999
2025-01-08 23:00:00+00:00,8.5967876
2025-01-09 00:00:00+00:00,8.1135381
2025-01-09 01:00:00+00:00,7.803491299999999
2025-01-09 02:00:00+00:00,7.626572400000001
2025-01-09 03:00:00+00:00,7.595054799999999
2025-01-09 04:00:00+00:00,7.899712300000001
2025-01-09 05:00:00+00:00,8.7123581
2025-01-09 06:00:00+00:00,9.463221400000002
2025-01-09 07:00:00+00:00,10.0218416
2025-01-09 08:00:00+00:00,10.221240700000001
2025-01-09 09:00:00+00:00,9.971422400000002
2025-01-09 10:00:00+00:00,9.436302300000001
2025-01-09 11:00:00+00:00,8.7069852
2025-01-09 12:00:00+00:00,8.2950536
2025-01-09 13:00:00+00:00,8.0195235
2025-01-09 14:00:00+00:00,8.2987129
2025-01-09 15:00:00+00:00,8.6995674
2025-01-09 16:00:00+00:00,9.2282589
2025-01-09 17:00:00+00:00,9.303773
2025-01-09 18:00:00+00:00,8.8192028
2025-01-09 19:00:00+00:00,8.2753673
2025-01-09 20:00:00+00:00,7.837691300000001
2025-01-09 21:00:00+00:00,7.786534499999998
2025-01-09 22:00:00+00:00,7.725633199999999
2025-01-09 23:00:00+00:00,7.597128400000001
2025-01-10 00:00:00+00:00,7.4029812999999995
2025-01-10 01:00:00+00:00,7.3225351
2025-01-10 02:00:00+00:00,7.436397900000001
2025-01-10 03:00:00+00:00,7.6848983
2025-01-10 04:00:00+00:00,8.2712606
2025-01-10 05:00:00+00:00,9.400737600000001
2025-01-10 06:00:00+00:00,10.572502
2025-01-10 07:00:00+00:00,11.3014518
2025-01-10 08:00:00+00:00,11.160437300000002
2025-01-10 09:00:00+00:00,10.197451
2025-01-10 10:00:00+00:00,9.4776867
2025-01-10 11:00:00+00:00,8.8207347
2025-01-10 12:00:00+00:00,8.611748500000001
2025-01-10 13:00:00+00:00,9.1277327
2025-01-10 14:00:00+00:00,10.1478691
2025-01-10 15:00:00+00:00,10.9268752
2025-01-10 16:00:00+00:00,11.524533499999999
2025-01-10 17:00:00+00:00,11.640101999999999
2025-01-10 18:00:00+00:00,11.296362499999999
2025-01-10 19:00:00+00:00,10.800930900000001
2025-01-10 20:00:00+00:00,10.3822007
2025-01-10 21:00:00+00:00,10.2667906
2025-01-10 22:00:00+00:00,10.0358184
2025-01-10 23:00:00+00:00,9.455615
2025-01-11 00:00:00+00:00,9.0173015
2025-01-11 01:00:00+00:00,8.6907758
2025-01-11 02:00:00+00:00,8.472525399999999
2025-01-11 03:00:00+00:00,8.4032412
2025-01-11 04:00:00+00:00,8.4473678
2025-01-11 05:00:00+00:00,8.786959
2025-01-11 06:00:00+00:00,9.209575899999999
2025-01-11 07:00:00+00:00,9.847945900000001
2025-01-11 08:00:00+00:00,10.0449089
2025-01-11 09:00:00+00:00,9.6775241
2025-01-11 10:00:00+00:00,9.2810226
2025-01-11 11:00:00+00:00,8.9556723
2025-01-11 12:00:00+00:00,8.7593006
2025-01-11 13:00:00+00:00,8.900288699999999
2025-01-11 14:00:00+00:00,9.5141349
2025-01-11 15:00:00+00:00,10.277801
2025-01-11 16:00:00+00:00,10.754629399999999
2025-01-11 17:00:00+00:00,10.759518799999999
2025-01-11 18:00:00+00:00,10.4226874
2025-01-11 19:00:00+00:00,9.9964303
2025-01-11 20:00:00+00:00,9.5917782
2025-01-11 21:00:00+00:00,9.4636289
2025-01-11 22:00:00+00:00,9.4397488
2025-01-11 23:00:00+00:00,9.101308
2025-01-12 00:00:00+00:00,8.6641165
2025-01-12 01:00:00+00:00,8.432847
2025-01-12 02:00:00+00:00,8.2958216
2025-01-12 03:00:00+00:00,8.1804964
2025-01-12 04:00:00+00:00,8.2200896
2025-01-12 05:00:00+00:00,8.3608713
2025-01-12 06:00:00+00:00,8.593701
2025-01-12 07:00:00+00:00,9.0583644
2025-01-12 08:00:00+00:00,9.1927894
2025-01-12 09:00:00+00:00,8.9340638
2025-01-12 10:00:00+00:00,8.600645900000002
2025-01-12 11:00:00+00:00,8.4393104
2025-01-12 12:00:00+00:00,8.4430432
2025-01-12 13:00:00+00:00,8.623699499999999
2025-01-12 14:00:00+00:00,9.148838
2025-01-12 15:00:00+00:00,9.7402255
2025-01-12 16:00:00+00:00,10.4175116
2025-01-12 17:00:00+00:00,10.7025583
2025-01-12 18:00:00+00:00,10.4456498
2025-01-12 19:00:00+00:00,10.0600024
2025-01-12 20:00:00+00:00,9.5729083
2025-01-12 21:00:00+00:00,9.2972945
2025-01-12 22:00:00+00:00,9.1291159
2025-01-12 23:00:00+00:00,8.9404444
2025-01-13 00:00:00+00:00,8.6041102
2025-01-13 01:00:00+00:00,8.3747358
2025-01-13 02:00:00+00:00,8.246661099999999
2025-01-13 03:00:00+00:00,8.2973907
2025-01-13 04:00:00+00:00,8.7604749
2025-01-13 05:00:00+00:00,9.8535065
2025-01-13 06:00:00+00:00,10.8843218
2025-01-13 07:00:00+00:00,11.5871277
2025-01-13 08:00:00+00:00,11.2272264
2025-01-13 09:00:00+00:00,10.311625200000002
2025-01-13 10:00:00+00:00,9.622511300000001
2025-01-13 11:00:00+00:00,8.930185100000001
2025-01-13 12:00:00+00:00,8.794018300000001
2025-01-13 13:00:00+00:00,9.1404513
2025-01-13 14:00:00+00:00,10.074754800000001
2025-01-13 15:00:00+00:00,11.0387311
2025-01-13 16:00:00+00:00,11.829436999999999
2025-01-13 17:00:00+00:00,11.909132900000001
2025-01-13 18:00:00+00:00,11.4467964
2025-01-13 19:00:00+00:00,10.852065900000001
2025-01-13 20:00:00+00:00,10.3070606
2025-01-13 21:00:00+00:00,10.0742001
2025-01-13 22:00:00+00:00,9.798275499999999
2025-01-13 23:00:00+00:00,9.2521601
2025-01-14 00:00:00+00:00,8.829824700000001
2025-01-14 01:00:00+00:00,8.565886599999999
2025-01-14 02:00:00+00:00,8.399237300000001
2025-01-14 03:00:00+00:00,8.4679429
2025-01-14 04:00:00+00:00,8.7527996
2025-01-14 05:00:00+00:00,9.7039918
2025-01-14 06:00:00+00:00,10.6544905
2025-01-14 07:00:00+00:00,11.165999300000001
2025-01-14 08:00:00+00:00,11.059651899999999
2025-01-14 09:00:00+00:00,10.317267300000001
2025-01-14 10:00:00+00:00,9.5252928
2025-01-14 11:00:00+00:00,8.8077602
2025-01-14 12:00:00+00:00,8.805978200000002
2025-01-14 13:00:00+00:00,8.9932017
2025-01-14 14:00:00+00:00,9.7176792
2025-01-14 15:00:00+00:00,10.5725771
2025-01-14 16:00:00+00:00,11.336316199999999
2025-01-14 17:00:00+00:00,11.5937421
2025-01-14 18:00:00+00:00,11.2521833
2025-01-14 19:00:00+00:00,10.713676399999999
2025-01-14 20:00:00+00:00,10.2882455
2025-01-14 21:00:00+00:00,10.1736928
2025-01-14 22:00:00+00:00,9.95026
2025-01-14 23:00:00+00:00,9.4933271
2025-01-15 00:00:00+00:00,9.101418800000001
2025-01-15 01:00:00+00:00,8.901812199999998
2025-01-15 02:00:00+00:00,8.8081923
2025-01-15 03:00:00+00:00,8.8630734
2025-01-15 04:00:00+00:00,9.228407800000001
2025-01-15 05:00:00+00:00,10.1862168
2025-01-15 06:00:00+00:00,11.1506004
2025-01-15 07:00:00+00:00,11.7780678
2025-01-15 08:00:00+00:00,12.0408559
2025-01-15 09:00:00+00:00,11.8627352
2025-01-15 10:00:00+00:00,11.5592547
2025-01-15 11:00:00+00:00,11.229025700000001
2025-01-15 12:00:00+00:00,11.2892221
2025-01-15 13:00:00+00:00,11.1236603
2025-01-15 14:00:00+00:00,11.160587499999998
2025-01-15 15:00:00+00:00,11.5166947
2025-01-15 16:00:00+00:00,12.0498613
2025-01-15 17:00:00+00:00,12.168732100000001
2025-01-15 18:00:00+00:00,11.8476767
2025-01-15 19:00:00+00:00,11.316371400000001
2025-01-15 20:00:00+00:00,10.73136
2025-01-15 21:00:00+00:00,10.4969468
2025-01-15 22:00:00+00:00,10.200022
2025-01-15 23:00:00+00:00,9.4719092
2025-01-16 00:00:00+00:00,9.037235599999999
2025-01-16 01:00:00+00:00,8.7353603
2025-01-16 02:00:00+00:00,8.6195359
2025-01-16 03:00:00+00:00,8.5992512
2025-01-16 04:00:00+00:00,8.950976800000001
2025-01-16 05:00:00+00:00,9.9709519
2025-01-16 06:00:00+00:00,10.9568701
2025-01-16 07:00:00+00:00,11.5888941
2025-01-16 08:00:00+00:00,11.6598687
2025-01-16 09:00:00+00:00,11.2004432
2025-01-16 10:00:00+00:00,10.644528900000001
2025-01-16 11:00:00+00:00,9.9711257
2025-01-16 12:00:00+00:00,9.737039200000002
2025-01-16 13:00:00+00:00,9.9129129
2025-01-16 14:00:00+00:00,10.4280615
2025-01-16 15:00:00+00:00,11.060185299999999
2025-01-16 16:00:00+00:00,11.7238472
2025-01-16 17:00:00+00:00,11.863731900000001
2025-01-16 18:00:00+00:00,11.4836228
2025-01-16 19:00:00+00:00,10.951663600000002
2025-01-16 20:00:00+00:00,10.4294486
2025-01-16 21:00:00+00:00,10.262384200000001
2025-01-16 22:00:00+00:00,10.0368014
2025-01-16 23:00:00+00:00,9.4733126
2025-01-17 00:00:00+00:00,9.1181404
2025-01-17 01:00:00+00:00,8.8902703
2025-01-17 02:00:00+00:00,8.7487149
2025-01-17 03:00:00+00:00,8.8089784
2025-01-17 04:00:00+00:00,9.187534
2025-01-17 05:00:00+00:00,10.1793127
2025-01-17 06:00:00+00:00,11.222686000000001
2025-01-17 07:00:00+00:00,11.910083199999999
2025-01-17 08:00:00+00:00,11.9172771
2025-01-17 09:00:00+00:00,11.3347567
2025-01-17 10:00:00+00:00,10.813106099999999
2025-01-17 11:00:00+00:00,10.062810500000001
2025-01-17 12:00:00+00:00,9.461311300000002
2025-01-17 13:00:00+00:00,9.4907875
2025-01-17 14:00:00+00:00,10.1533214
2025-01-17 15:00:00+00:00,10.8022373
2025-01-17 16:00:00+00:00,11.5440814
2025-01-17 17:00:00+00:00,11.730729799999999
2025-01-17 18:00:00+00:00,11.3657999
2025-01-17 19:00:00+00:00,10.8748932
2025-01-17 20:00:00+00:00,10.4460209
2025-01-17 21:00:00+00:00,10.373312400000001
2025-01-17 22:00:00+00:00,10.2041213
2025-01-17 23:00:00+00:00,9.7662461
2025-01-18 00:00:00+00:00,9.2690565
2025-01-18 01:00:00+00:00,8.9453697
2025-01-18 02:00:00+00:00,8.7773011
2025-01-18 03:00:00+00:00,8.652132400000001
2025-01-18 04:00:00+00:00,8.7102481
2025-01-18 05:00:00+00:00,8.986572200000001
2025-01-18 06:00:00+00:00,9.4472912
2025-01-18 07:00:00+00:00,10.0688415
2025-01-18 08:00:00+00:00,10.3412216
2025-01-18 09:00:00+00:00,10.213508899999999
2025-01-18 10:00:00+00:00,9.9348481
2025-01-18 11:00:00+00:00,9.5973131
2025-01-18 12:00:00+00:00,9.232246
2025-01-18 13:00:00+00:00,9.2132544
2025-01-18 14:00:00+00:00,9.6999462
2025-01-18 15:00:00+00:00,10.3901136
2025-01-18 16:00:00+00:00,10.938835
2025-01-18 17:00:00+00:00,10.9137734
2025-01-18 18:00:00+00:00,10.6038667
2025-01-18 19:00:00+00:00,10.1708306
2025-01-18 20:00:00+00:00,9.7704558
2025-01-18 21:00:00+00:00,9.6624194
2025-01-18 22:00:00+00:00,9.593706200000002
2025-01-18 23:00:00+00:00,9.2053894
2025-01-19 00:00:00+00:00,8.893687400000001
2025-01-19 01:00:00+00:00,8.6715981
2025-01-19 02:00:00+00:00,8.4682212
2025-01-19 03:00:00+00:00,8.4008374
2025-01-19 04:00:00+00:00,8.453568500000001
2025-01-19 05:00:00+00:00,8.5944644
2025-01-19 06:00:00+00:00,8.8153407
2025-01-19 07:00:00+00:00,9.2566536
2025-01-19 08:00:00+00:00,9.377379300000001
2025-01-19 09:00:00+00:00,9.1248289
2025-01-19 10:00:00+00:00,8.896995
2025-01-19 11:00:00+00:00,8.6159309
2025-01-19 12:00:00+00:00,8.4269229
2025-01-19 13:00:00+00:00,8.530827700000001
2025-01-19 14:00:00+00:00,9.029532900000001
2025-01-19 15:00:00+00:00,9.6945831
2025-01-19 16:00:00+00:00,10.4851729
2025-01-19 17:00:00+00:00,10.8420725
2025-01-19 18:00:00+00:00,10.664335
2025-01-19 19:00:00+00:00,10.3037212
2025-01-19 20:00:00+00:00,9.871495300000001
2025-01-19 21:00:00+00:00,9.6124255
2025-01-19 22:00:00+00:00,9.4101877
2025-01-19 23:00:00+00:00,9.0991527
2025-01-20 00:00:00+00:00,8.6977247
2025-01-20 01:00:00+00:00,8.468163299999999
2025-01-20 02:00:00+00:00,8.3630137
2025-01-20 03:00:00+00:00,8.459712099999999
2025-01-20 04:00:00+00:00,8.873058
2025-01-20 05:00:00+00:00,9.8868426
2025-01-20 06:00:00+00:00,10.886892800000002
2025-01-20 07:00:00+00:00,11.5583114
2025-01-20 08:00:00+00:00,11.5549522
2025-01-20 09:00:00+00:00,11.1046568
2025-01-20 10:00:00+00:00,10.8103895
2025-01-20 11:00:00+00:00,10.298624700000001
2025-01-20 12:00:00+00:00,10.0725984
2025-01-20 13:00:00+00:00,10.043989700000001
2025-01-20 14:00:00+00:00,10.427462100000001
2025-01-20 15:00:00+00:00,10.9652534
2025-01-20 16:00:00+00:00,11.698594900000002
2025-01-20 17:00:00+00:00,11.8723199
2025-01-20 18:00:00+00:00,11.4290575
2025-01-20 19:00:00+00:00,10.8564103
2025-01-20 20:00:00+00:00,10.3478389
2025-01-20 21:00:00+00:00,10.147423900000001
2025-01-20 22:00:00+00:00,9.9258422
2025-01-20 23:00:00+00:00,9.430853
2025-01-21 00:00:00+00:00,9.054444199999999
2025-01-21 01:00:00+00:00,8.8143407
2025-01-21 02:00:00+00:00,8.752213700000002
2025-01-21 03:00:00+00:00,8.777454
2025-01-21 04:00:00+00:00,9.176407
2025-01-21 05:00:00+00:00,10.155620800000001
2025-01-21 06:00:00+00:00,11.1253786
2025-01-21 07:00:00+00:00,11.6927046
2025-01-21 08:00:00+00:00,11.617787400000001
2025-01-21 09:00:00+00:00,10.9320768
2025-01-21 10:00:00+00:00,10.261637400000001
2025-01-21 11:00:00+00:00,9.5660311
2025-01-21 12:00:00+00:00,9.4493927
2025-01-21 13:00:00+00:00,9.731354699999999
2025-01-21 14:00:00+00:00,10.3699161
2025-01-21 15:00:00+00:00,11.001721799999999
2025-01-21 16:00:00+00:00,11.7273072
2025-01-21 17:00:00+00:00,11.7219962
2025-01-21 18:00:00+00:00,11.097284
2025-01-21 19:00:00+00:00,10.430188099999999
2025-01-21 20:00:00+00:00,9.828825199999999
2025-01-21 21:00:00+00:00,9.621821899999999
2025-01-21 22:00:00+00:00,9.368259
2025-01-21 23:00:00+00:00,8.955930899999998
2025-01-22 00:00:00+00:00,8.5607906
2025-01-22 01:00:00+00:00,8.2674813
2025-01-22 02:00:00+00:00,8.1089033
2025-01-22 03:00:00+00:00,8.1123726
2025-01-22 04:00:00+00:00,8.4932138
2025-01-22 05:00:00+00:00,9.4909576
2025-01-22 06:00:00+00:00,10.429238
2025-01-22 07:00:00+00:00,11.0399749
2025-01-22 08:00:00+00:00,11.286115999999998
2025-01-22 09:00:00+00:00,11.147127600000001
2025-01-22 10:00:00+00:00,10.954910900000002
2025-01-22 11:00:00+00:00,10.591123699999999
2025-01-22 12:00:00+00:00,10.5666475
2025-01-22 13:00:00+00:00,10.5767423
2025-01-22 14:00:00+00:00,10.692867800000002
2025-01-22 15:00:00+00:00,10.9150684
2025-01-22 16:00:00+00:00,11.435042400000002
2025-01-22 17:00:00+00:00,11.6008514
2025-01-22 18:00:00+00:00,11.2174535
2025-01-22 19:00:00+00:00,10.6401503
2025-01-22 20:00:00+00:00,10.091052099999999
2025-01-22 21:00:00+00:00,9.7541555
2025-01-22 22:00:00+00:00,9.3133678
2025-01-22 23:00:00+00:00,8.6983386
2025-01-23 00:00:00+00:00,8.1289829
2025-01-23 01:00:00+00:00,7.6910093
2025-01-23 02:00:00+00:00,7.4223575
2025-01-23 03:00:00+00:00,7.2643772
2025-01-23 04:00:00+00:00,7.603741299999999
2025-01-23 05:00:00+00:00,8.484816
2025-01-23 06:00:00+00:00,9.229108199999999
2025-01-23 07:00:00+00:00,9.7071021
2025-01-23 08:00:00+00:00,9.7860675
2025-01-23 09:00:00+00:00,9.205353500000001
2025-01-23 10:00:00+00:00,8.3722167
2025-01-23 11:00:00+00:00,7.523204300000001
2025-01-23 12:00:00+00:00,7.1307583
2025-01-23 13:00:00+00:00,7.0397605
2025-01-23 14:00:00+00:00,7.243432
2025-01-23 15:00:00+00:00,7.380376699999999
2025-01-23 16:00:00+00:00,7.738641299999999
2025-01-23 17:00:00+00:00,7.6820889999999995
2025-01-23 18:00:00+00:00,7.200620599999999
2025-01-23 19:00:00+00:00,6.657784500000001
2025-01-23 20:00:00+00:00,6.166081399999999
2025-01-23 21:00:00+00:00,6.173524199999999
2025-01-23 22:00:00+00:00,6.1269312
2025-01-23 23:00:00+00:00,6.3717361000000015
2025-01-24 00:00:00+00:00,6.4172958
2025-01-24 01:00:00+00:00,6.1551726
2025-01-24 02:00:00+00:00,5.5614989999999995
2025-01-24 03:00:00+00:00,5.179311500000001
2025-01-24 04:00:00+00:00,5.262069
2025-01-24 05:00:00+00:00,6.0517369
2025-01-24 06:00:00+00:00,6.817997399999999
2025-01-24 07:00:00+00:00,7.3135011
2025-01-24 08:00:00+00:00,7.520796600000001
2025-01-24 09:00:00+00:00,7.372232200000001
2025-01-24 10:00:00+00:00,7.3408517
2025-01-24 11:00:00+00:00,7.042459699999999
2025-01-24 12:00:00+00:00,6.9110828
2025-01-24 13:00:00+00:00,6.902455000000001
2025-01-24 14:00:00+00:00,7.091699899999999
2025-01-24 15:00:00+00:00,7.361584800000001
2025-01-24 16:00:00+00:00,8.0945658
2025-01-24 17:00:00+00:00,8.524258699999999
2025-01-24 18:00:00+00:00,8.433446900000002
2025-01-24 19:00:00+00:00,8.2263927
2025-01-24 20:00:00+00:00,8.065263600000002
2025-01-24 21:00:00+00:00,8.270014499999998
2025-01-24 22:00:00+00:00,8.3982592
2025-01-24 23:00:00+00:00,8.0611477
2025-01-25 00:00:00+00:00,7.5521919
2025-01-25 01:00:00+00:00,7.2688312
2025-01-25 02:00:00+00:00,7.116373599999999
2025-01-25 03:00:00+00:00,7.007226200000002
2025-01-25 04:00:00+00:00,7.119655700000001
2025-01-25 05:00:00+00:00,7.437712899999999
2025-01-25 06:00:00+00:00,7.8582401
2025-01-25 07:00:00+00:00,8.543932
2025-01-25 08:00:00+00:00,9.0152503
2025-01-25 09:00:00+00:00,9.167210100000002
2025-01-25 10:00:00+00:00,9.2540068
2025-01-25 11:00:00+00:00,9.255866000000001
2025-01-25 12:00:00+00:00,9.1260079
2025-01-25 13:00:00+00:00,9.115932599999999
2025-01-25 14:00:00+00:00,9.3336634
2025-01-25 15:00:00+00:00,9.7463653
2025-01-25 16:00:00+00:00,10.357700600000001
2025-01-25 17:00:00+00:00,10.494923600000002
2025-01-25 18:00:00+00:00,10.1084065
2025-01-25 19:00:00+00:00,9.632319299999999
2025-01-25 20:00:00+00:00,9.1818332
2025-01-25 21:00:00+00:00,8.992804300000001
2025-01-25 22:00:00+00:00,8.9316938
2025-01-25 23:00:00+00:00,8.598159499999998
2025-01-26 00:00:00+00:00,8.278632600000002
2025-01-26 01:00:00+00:00,7.9436344000000005
2025-01-26 02:00:00+00:00,7.5672893000000006
2025-01-26 03:00:00+00:00,7.3912510000000005
2025-01-26 04:00:00+00:00,7.3770506000000005
2025-01-26 05:00:00+00:00,7.4054951
2025-01-26 06:00:00+00:00,7.3744795000000005
2025-01-26 07:00:00+00:00,7.426543600000001
2025-01-26 08:00:00+00:00,6.9226688
2025-01-26 09:00:00+00:00,5.979586700000001
2025-01-26 10:00:00+00:00,5.3087162
2025-01-26 11:00:00+00:00,5.039108899999999
2025-01-26 12:00:00+00:00,5.041033500000001
2025-01-26 13:00:00+00:00,5.1653924
2025-01-26 14:00:00+00:00,5.451355100000001
2025-01-26 15:00:00+00:00,5.6960682
2025-01-26 16:00:00+00:00,6.1774786
2025-01-26 17:00:00+00:00,6.3046155
2025-01-26 18:00:00+00:00,5.9972074
2025-01-26 19:00:00+00:00,5.5385375
2025-01-26 20:00:00+00:00,5.1356426000000015
2025-01-26 21:00:00+00:00,4.953623499999999
2025-01-26 22:00:00+00:00,4.756261800000001
2025-01-26 23:00:00+00:00,4.526929100000001
2025-01-27 00:00:00+00:00,4.208776800000001
2025-01-27 01:00:00+00:00,3.8341136999999996
2025-01-27 02:00:00+00:00,3.6243658000000005
2025-01-27 03:00:00+00:00,3.7369515
2025-01-27 04:00:00+00:00,4.209648700000001
2025-01-27 05:00:00+00:00,5.3659797000000005
2025-01-27 06:00:00+00:00,6.470206
2025-01-27 07:00:00+00:00,7.2338404
2025-01-27 08:00:00+00:00,7.091743900000001
2025-01-27 09:00:00+00:00,6.3261387000000004
2025-01-27 10:00:00+00:00,5.7328119
2025-01-27 11:00:00+00:00,4.909316100000002
2025-01-27 12:00:00+00:00,4.7549683
2025-01-27 13:00:00+00:00,5.123189799999999
2025-01-27 14:00:00+00:00,5.9106209
2025-01-27 15:00:00+00:00,6.765164500000001
2025-01-27 16:00:00+00:00,7.6256428000000005
2025-01-27 17:00:00+00:00,7.799850500000001
2025-01-27 18:00:00+00:00,7.3078232
2025-01-27 19:00:00+00:00,6.611352800000001
2025-01-27 20:00:00+00:00,5.9781203000000005
2025-01-27 21:00:00+00:00,5.7572643999999995
2025-01-27 22:00:00+00:00,5.4678283
2025-01-27 23:00:00+00:00,5.111712799999999
2025-01-28 00:00:00+00:00,4.6426074
2025-01-28 01:00:00+00:00,4.3775057
2025-01-28 02:00:00+00:00,4.2417482
2025-01-28 03:00:00+00:00,4.239605999999999
2025-01-28 04:00:00+00:00,4.612541
2025-01-28 05:00:00+00:00,5.6152204
2025-01-28 06:00:00+00:00,6.676286900000001
2025-01-28 07:00:00+00:00,7.206125900000002
2025-01-28 08:00:00+00:00,7.330420900000002
2025-01-28 09:00:00+00:00,7.0976543
2025-01-28 10:00:00+00:00,6.7357244000000005
2025-01-28 11:00:00+00:00,6.368353400000002
2025-01-28 12:00:00+00:00,6.353198699999998
2025-01-28 13:00:00+00:00,6.3583469
2025-01-28 14:00:00+00:00,6.594073700000001
2025-01-28 15:00:00+00:00,7.026822400000001
2025-01-28 16:00:00+00:00,7.707562800000001
2025-01-28 17:00:00+00:00,7.8025674
2025-01-28 18:00:00+00:00,7.401449899999999
2025-01-28 19:00:00+00:00,6.8061864
2025-01-28 20:00:00+00:00,6.236698899999999
2025-01-28 21:00:00+00:00,6.035396
2025-01-28 22:00:00+00:00,5.769514500000001
2025-01-28 23:00:00+00:00,5.3464279
2025-01-29 00:00:00+00:00,4.908812800000001
2025-01-29 01:00:00+00:00,4.61964
2025-01-29 02:00:00+00:00,4.466688700000001
2025-01-29 03:00:00+00:00,4.5925036
2025-01-29 04:00:00+00:00,5.1636907
2025-01-29 05:00:00+00:00,6.4084208
2025-01-29 06:00:00+00:00,7.670495299999999
2025-01-29 07:00:00+00:00,8.4114738
2025-01-29 08:00:00+00:00,8.5451622
2025-01-29 09:00:00+00:00,8.1726364
2025-01-29 10:00:00+00:00,7.7232671999999996
2025-01-29 11:00:00+00:00,7.356510300000001
2025-01-29 12:00:00+00:00,7.521762
2025-01-29 13:00:00+00:00,8.1266941
2025-01-29 14:00:00+00:00,9.047191000000002
2025-01-29 15:00:00+00:00,9.910510599999999
2025-01-29 16:00:00+00:00,10.7525426
2025-01-29 17:00:00+00:00,10.9932138
2025-01-29 18:00:00+00:00,10.715655199999999
2025-01-29 19:00:00+00:00,10.264647199999999
2025-01-29 20:00:00+00:00,9.799672300000001
2025-01-29 21:00:00+00:00,9.636151400000001
2025-01-29 22:00:00+00:00,9.4245575
2025-01-29 23:00:00+00:00,8.7889132
2025-01-30 00:00:00+00:00,8.315209099999999
2025-01-30 01:00:00+00:00,7.9704607
2025-01-30 02:00:00+00:00,7.7060676
2025-01-30 03:00:00+00:00,7.647049199999999
2025-01-30 04:00:00+00:00,7.997214100000001
2025-01-30 05:00:00+00:00,8.9699334
2025-01-30 06:00:00+00:00,9.855581299999999
2025-01-30 07:00:00+00:00,10.4139746
2025-01-30 08:00:00+00:00,10.6298505
2025-01-30 09:00:00+00:00,10.5033308
2025-01-30 10:00:00+00:00,10.310725399999999
2025-01-30 11:00:00+00:00,9.8382175
2025-01-30 12:00:00+00:00,9.6702056
2025-01-30 13:00:00+00:00,9.6445114
2025-01-30 14:00:00+00:00,9.813381
2025-01-30 15:00:00+00:00,10.1125154
2025-01-30 16:00:00+00:00,10.8563139
2025-01-30 17:00:00+00:00,11.1346219
2025-01-30 18:00:00+00:00,10.777276200000001
2025-01-30 19:00:00+00:00,10.246155600000002
2025-01-30 20:00:00+00:00,9.773942500000002
2025-01-30 21:00:00+00:00,9.6782184
2025-01-30 22:00:00+00:00,9.5609227
2025-01-30 23:00:00+00:00,8.981280000000002
2025-01-31 00:00:00+00:00,8.5041069
2025-01-31 01:00:00+00:00,8.207295
2025-01-31 02:00:00+00:00,8.0700344
2025-01-31 03:00:00+00:00,8.0328141
2025-01-31 04:00:00+00:00,8.416120199999998
2025-01-31 05:00:00+00:00,9.3207843
2025-01-31 06:00:00+00:00,10.183150699999999
2025-01-31 07:00:00+00:00,10.7724477
2025-01-31 08:00:00+00:00,10.7990015
2025-01-31 09:00:00+00:00,10.2737222
2025-01-31 10:00:00+00:00,9.925839700000001
2025-01-31 11:00:00+00:00,9.463657999999999
2025-01-31 12:00:00+00:00,9.2726414
2025-01-31 13:00:00+00:00,9.310216200000001
2025-01-31 14:00:00+00:00,9.7301211
2025-01-31 15:00:00+00:00,10.277569500000002
2025-01-31 16:00:00+00:00,11.104893299999999
2025-01-31 17:00:00+00:00,11.2949912
2025-01-31 18:00:00+00:00,10.9078035
2025-01-31 19:00:00+00:00,10.4504226
2025-01-31 20:00:00+00:00,9.9576743
2025-01-31 21:00:00+00:00,9.831792299999998
2025-01-31 22:00:00+00:00,9.7439174
2025-01-31 23:00:00+00:00,9.0490324
2025-02-01 00:00:00+00:00,8.6597743
2025-02-01 01:00:00+00:00,8.287718499999999
2025-02-01 02:00:00+00:00,8.0592708
2025-02-01 03:00:00+00:00,7.94367
2025-02-01 04:00:00+00:00,8.1189763
2025-02-01 05:00:00+00:00,8.4680486
2025-02-01 06:00:00+00:00,8.938423799999999
2025-02-01 07:00:00+00:00,9.3948384
2025-02-01 08:00:00+00:00,9.125373
2025-02-01 09:00:00+00:00,8.2626921
2025-02-01 10:00:00+00:00,7.429791400000001
2025-02-01 11:00:00+00:00,6.9328551
2025-02-01 12:00:00+00:00,6.7287256
2025-02-01 13:00:00+00:00,6.974895000000001
2025-02-01 14:00:00+00:00,7.880914300000001
2025-02-01 15:00:00+00:00,9.088807500000001
2025-02-01 16:00:00+00:00,10.074933
2025-02-01 17:00:00+00:00,10.247107399999999
2025-02-01 18:00:00+00:00,9.7145758
2025-02-01 19:00:00+00:00,9.239932399999999
2025-02-01 20:00:00+00:00,8.846101299999999
2025-02-01 21:00:00+00:00,8.7080462
2025-02-01 22:00:00+00:00,8.7372498
2025-02-01 23:00:00+00:00,8.3921618
2025-02-02 00:00:00+00:00,8.0267331
2025-02-02 01:00:00+00:00,7.933087199999998
2025-02-02 02:00:00+00:00,7.870352799999999
2025-02-02 03:00:00+00:00,7.924168300000001
2025-02-02 04:00:00+00:00,8.058318799999999
2025-02-02 05:00:00+00:00,8.288576599999999
2025-02-02 06:00:00+00:00,8.534492
2025-02-02 07:00:00+00:00,8.778076299999999
2025-02-02 08:00:00+00:00,8.5734
2025-02-02 09:00:00+00:00,7.823147899999999
2025-02-02 10:00:00+00:00,7.032028000000001
2025-02-02 11:00:00+00:00,6.672041200000001
2025-02-02 12:00:00+00:00,6.576958999999999
2025-02-02 13:00:00+00:00,6.8751438
2025-02-02 14:00:00+00:00,7.599920800000001
2025-02-02 15:00:00+00:00,8.6380458
2025-02-02 16:00:00+00:00,9.8309681
2025-02-02 17:00:00+00:00,10.360531900000002
2025-02-02 18:00:00+00:00,10.2695678
2025-02-02 19:00:00+00:00,9.881010999999999
2025-02-02 20:00:00+00:00,9.4563342
2025-02-02 21:00:00+00:00,9.3001084
2025-02-02 22:00:00+00:00,9.0723284
2025-02-02 23:00:00+00:00,8.9075104
2025-02-03 00:00:00+00:00,8.568651000000001
2025-02-03 01:00:00+00:00,8.2941523
2025-02-03 02:00:00+00:00,8.188250400000001
2025-02-03 03:00:00+00:00,8.2813984
2025-02-03 04:00:00+00:00,8.751033999999999
2025-02-03 05:00:00+00:00,9.870778099999999
2025-02-03 06:00:00+00:00,10.910093700000001
2025-02-03 07:00:00+00:00,11.4182576
2025-02-03 08:00:00+00:00,11.202698
2025-02-03 09:00:00+00:00,10.3041256
2025-02-03 10:00:00+00:00,9.832554100000001
2025-02-03 11:00:00+00:00,9.3006651
2025-02-03 12:00:00+00:00,8.8958138
2025-02-03 13:00:00+00:00,8.855854899999999
2025-02-03 14:00:00+00:00,9.2909247
2025-02-03 15:00:00+00:00,10.0697029
2025-02-03 16:00:00+00:00,11.0646773
2025-02-03 17:00:00+00:00,11.468773800000001
2025-02-03 18:00:00+00:00,10.9613422
2025-02-03 19:00:00+00:00,10.258489100000002
2025-02-03 20:00:00+00:00,9.5776218
2025-02-03 21:00:00+00:00,9.259809
2025-02-03 22:00:00+00:00,8.9107321
2025-02-03 23:00:00+00:00,8.5228608
2025-02-04 00:00:00+00:00,8.120411599999999
2025-02-04 01:00:00+00:00,7.868344599999999
2025-02-04 02:00:00+00:00,7.7312941
2025-02-04 03:00:00+00:00,7.799549200000001
2025-02-04 04:00:00+00:00,8.206902900000001
2025-02-04 05:00:00+00:00,9.139090500000002
2025-02-04 06:00:00+00:00,9.999465099999998
2025-02-04 07:00:00+00:00,10.2897475
2025-02-04 08:00:00+00:00,9.9491762
2025-02-04 09:00:00+00:00,9.055408700000001
2025-02-04 10:00:00+00:00,8.0790241
2025-02-04 11:00:00+00:00,7.149271900000001
2025-02-04 12:00:00+00:00,6.648447300000001
2025-02-04 13:00:00+00:00,6.581555100000001
2025-02-04 14:00:00+00:00,7.200541500000001
2025-02-04 15:00:00+00:00,8.2079014
2025-02-04 16:00:00+00:00,9.1980565
2025-02-04 17:00:00+00:00,9.365076499999999
2025-02-04 18:00:00+00:00,8.7704989
2025-02-04 19:00:00+00:00,8.1482897
2025-02-04 20:00:00+00:00,7.5701602
2025-02-04 21:00:00+00:00,7.377974199999999
2025-02-04 22:00:00+00:00,7.236927699999999
2025-02-04 23:00:00+00:00,6.9876414
2025-02-05 00:00:00+00:00,6.9051165
2025-02-05 01:00:00+00:00,6.866706400000001
2025-02-05 02:00:00+00:00,6.9671762
2025-02-05 03:00:00+00:00,7.2287644
2025-02-05 04:00:00+00:00,7.805591400000001
2025-02-05 05:00:00+00:00,9.051826
2025-02-05 06:00:00+00:00,10.1365452
2025-02-05 07:00:00+00:00,10.581635299999999
2025-02-05 08:00:00+00:00,10.3951505
2025-02-05 09:00:00+00:00,9.624258900000001
2025-02-05 10:00:00+00:00,8.847991699999998
2025-02-05 11:00:00+00:00,8.2559777
2025-02-05 12:00:00+00:00,8.2126252
2025-02-05 13:00:00+00:00,8.5545676
2025-02-05 14:00:00+00:00,9.3305454
2025-02-05 15:00:00+00:00,10.2014074
2025-02-05 16:00:00+00:00,11.2531034
2025-02-05 17:00:00+00:00,11.6931631
2025-02-05 18:00:00+00:00,11.3099732
2025-02-05 19:00:00+00:00,10.7271137
2025-02-05 20:00:00+00:00,10.149688000000001
2025-02-05 21:00:00+00:00,9.9508637
2025-02-05 22:00:00+00:00,9.6709382
2025-02-05 23:00:00+00:00,9.266093000000001
2025-02-06 00:00:00+00:00,8.8385363
2025-02-06 01:00:00+00:00,8.5071829
2025-02-06 02:00:00+00:00,8.2558145
2025-02-06 03:00:00+00:00,8.140704399999999
2025-02-06 04:00:00+00:00,8.4960285
2025-02-06 05:00:00+00:00,9.4244208
2025-02-06 06:00:00+00:00,10.2944528
2025-02-06 07:00:00+00:00,10.7679093
2025-02-06 08:00:00+00:00,10.7584111
2025-02-06 09:00:00+00:00,10.1892428
2025-02-06 10:00:00+00:00,9.763944600000002
2025-02-06 11:00:00+00:00,9.151082800000001
2025-02-06 12:00:00+00:00,8.8209874
2025-02-06 13:00:00+00:00,8.514168100000003
2025-02-06 14:00:00+00:00,8.6080962
2025-02-06 15:00:00+00:00,8.8361848
2025-02-06 16:00:00+00:00,9.2967021
2025-02-06 17:00:00+00:00,9.509402600000001
2025-02-06 18:00:00+00:00,8.9468172
2025-02-06 19:00:00+00:00,8.2409653
2025-02-06 20:00:00+00:00,7.5840563
2025-02-06 21:00:00+00:00,7.404211999999999
2025-02-06 22:00:00+00:00,7.233700500000001
2025-02-06 23:00:00+00:00,6.4966194
2025-02-07 00:00:00+00:00,6.1820943
2025-02-07 01:00:00+00:00,5.932383399999999
2025-02-07 02:00:00+00:00,5.7413094000000005
2025-02-07 03:00:00+00:00,5.688343699999999
2025-02-07 04:00:00+00:00,5.9955993
2025-02-07 05:00:00+00:00,6.978224100000001
2025-02-07 06:00:00+00:00,7.984055100000001
2025-02-07 07:00:00+00:00,8.458669200000001
2025-02-07 08:00:00+00:00,8.4331478
2025-02-07 09:00:00+00:00,7.8733705
2025-02-07 10:00:00+00:00,7.3017718999999985
2025-02-07 11:00:00+00:00,6.827471000000002
2025-02-07 12:00:00+00:00,6.7447827
2025-02-07 13:00:00+00:00,6.759213
2025-02-07 14:00:00+00:00,6.928111200000001
2025-02-07 15:00:00+00:00,7.475149099999999
2025-02-07 16:00:00+00:00,8.1018063
2025-02-07 17:00:00+00:00,8.314387199999999
2025-02-07 18:00:00+00:00,7.896655300000001
2025-02-07 19:00:00+00:00,7.4718889
2025-02-07 20:00:00+00:00,7.130178000000001
2025-02-07 21:00:00+00:00,7.2024553000000004
2025-02-07 22:00:00+00:00,7.197206600000001
2025-02-07 23:00:00+00:00,6.8705780999999995
2025-02-08 00:00:00+00:00,6.4949634000000005
2025-02-08 01:00:00+00:00,6.2093376000000005
2025-02-08 02:00:00+00:00,6.086377499999999
2025-02-08 03:00:00+00:00,6.086264899999998
2025-02-08 04:00:00+00:00,6.281670100000001
2025-02-08 05:00:00+00:00,6.7477328000000005
2025-02-08 06:00:00+00:00,7.324627499999999
2025-02-08 07:00:00+00:00,7.9310794
2025-02-08 08:00:00+00:00,8.185200700000001
2025-02-08 09:00:00+00:00,7.8934484000000005
2025-02-08 10:00:00+00:00,7.5599852
2025-02-08 11:00:00+00:00,7.2344817
2025-02-08 12:00:00+00:00,7.0779529
2025-02-08 13:00:00+00:00,7.3887925
2025-02-08 14:00:00+00:00,8.0345051
2025-02-08 15:00:00+00:00,8.7697954
2025-02-08 16:00:00+00:00,9.716772599999999
2025-02-08 17:00:00+00:00,10.2289262
2025-02-08 18:00:00+00:00,9.9435778
2025-02-08 19:00:00+00:00,9.515308999999998
2025-02-08 20:00:00+00:00,9.174145999999999
2025-02-08 21:00:00+00:00,9.1159859
2025-02-08 22:00:00+00:00,9.094316500000001
2025-02-08 23:00:00+00:00,8.7707203
2025-02-09 00:00:00+00:00,8.4263526
2025-02-09 01:00:00+00:00,8.1627271
2025-02-09 02:00:00+00:00,7.9348299
2025-02-09 03:00:00+00:00,7.884497700000001
2025-02-09 04:00:00+00:00,7.967362099999999
2025-02-09 05:00:00+00:00,8.2102259
2025-02-09 06:00:00+00:00,8.426820199999998
2025-02-09 07:00:00+00:00,8.7646307
2025-02-09 08:00:00+00:00,8.8751929
2025-02-09 09:00:00+00:00,8.7558536
2025-02-09 10:00:00+00:00,8.7057802
2025-02-09 11:00:00+00:00,8.6624305
2025-02-09 12:00:00+00:00,8.547836
2025-02-09 13:00:00+00:00,8.468030399999998
2025-02-09 14:00:00+00:00,8.5111972
2025-02-09 15:00:00+00:00,8.705508499999999
2025-02-09 16:00:00+00:00,9.3311545
2025-02-09 17:00:00+00:00,9.7439642
2025-02-09 18:00:00+00:00,9.4255536
2025-02-09 19:00:00+00:00,8.981923100000001
2025-02-09 20:00:00+00:00,8.559347200000001
2025-02-09 21:00:00+00:00,8.355825099999999
2025-02-09 22:00:00+00:00,8.088515500000002
2025-02-09 23:00:00+00:00,7.896408
2025-02-10 00:00:00+00:00,7.472394100000001
2025-02-10 01:00:00+00:00,7.082178699999999
2025-02-10 02:00:00+00:00,6.839570000000001
2025-02-10 03:00:00+00:00,6.8016279
2025-02-10 04:00:00+00:00,7.2358072
2025-02-10 05:00:00+00:00,8.248960900000002
2025-02-10 06:00:00+00:00,9.2844121
2025-02-10 07:00:00+00:00,9.9346857
2025-02-10 08:00:00+00:00,10.169978799999999
2025-02-10 09:00:00+00:00,9.947761700000001
2025-02-10 10:00:00+00:00,9.9958526
2025-02-10 11:00:00+00:00,9.8419609
2025-02-10 12:00:00+00:00,9.691940599999999
2025-02-10 13:00:00+00:00,9.3736539
2025-02-10 14:00:00+00:00,9.0535906
2025-02-10 15:00:00+00:00,9.0097403
2025-02-10 16:00:00+00:00,9.416851999999999
2025-02-10 17:00:00+00:00,9.7738054
2025-02-10 18:00:00+00:00,9.3868137
2025-02-10 19:00:00+00:00,8.9501608
2025-02-10 20:00:00+00:00,8.5699764
2025-02-10 21:00:00+00:00,8.5028749
2025-02-10 22:00:00+00:00,8.3435
2025-02-10 23:00:00+00:00,7.8103869999999995
2025-02-11 00:00:00+00:00,7.555797199999999
2025-02-11 01:00:00+00:00,7.354827000000002
2025-02-11 02:00:00+00:00,7.411611200000001
2025-02-11 03:00:00+00:00,7.597453799999999
2025-02-11 04:00:00+00:00,8.1260172
2025-02-11 05:00:00+00:00,9.228632600000001
2025-02-11 06:00:00+00:00,10.275601700000001
2025-02-11 07:00:00+00:00,10.749371999999997
2025-02-11 08:00:00+00:00,10.870836599999999
2025-02-11 09:00:00+00:00,10.5715459
2025-02-11 10:00:00+00:00,10.3542852
2025-02-11 11:00:00+00:00,9.977359400000001
2025-02-11 12:00:00+00:00,9.8610957
2025-02-11 13:00:00+00:00,9.8523913
2025-02-11 14:00:00+00:00,10.029295099999999
2025-02-11 15:00:00+00:00,10.274577
2025-02-11 16:00:00+00:00,10.9954231
2025-02-11 17:00:00+00:00,11.5172252
2025-02-11 18:00:00+00:00,11.1679016
2025-02-11 19:00:00+00:00,10.618006600000001
2025-02-11 20:00:00+00:00,10.076690399999999
2025-02-11 21:00:00+00:00,9.912535199999999
2025-02-11 22:00:00+00:00,9.4990037
2025-02-11 23:00:00+00:00,9.3486489
2025-02-12 00:00:00+00:00,9.0413463
2025-02-12 01:00:00+00:00,8.8347794
2025-02-12 02:00:00+00:00,8.694335
2025-02-12 03:00:00+00:00,8.8083104
2025-02-12 04:00:00+00:00,9.2528662
2025-02-12 05:00:00+00:00,10.2837698
2025-02-12 06:00:00+00:00,11.2335592
2025-02-12 07:00:00+00:00,11.6318083
2025-02-12 08:00:00+00:00,11.4643891
2025-02-12 09:00:00+00:00,10.698509600000001
2025-02-12 10:00:00+00:00,9.9744602
2025-02-12 11:00:00+00:00,9.5150548
2025-02-12 12:00:00+00:00,9.7146278
2025-02-12 13:00:00+00:00,10.0567042
2025-02-12 14:00:00+00:00,10.443620899999999
2025-02-12 15:00:00+00:00,10.8615747
2025-02-12 16:00:00+00:00,11.597397099999998
2025-02-12 17:00:00+00:00,11.9743027
2025-02-12 18:00:00+00:00,11.578588
2025-02-12 19:00:00+00:00,10.951698
2025-02-12 20:00:00+00:00,10.316743599999999
2025-02-12 21:00:00+00:00,10.0697104
2025-02-12 22:00:00+00:00,9.7413727
2025-02-12 23:00:00+00:00,9.2134985
2025-02-13 00:00:00+00:00,8.767386499999999
2025-02-13 01:00:00+00:00,8.385887400000001
2025-02-13 02:00:00+00:00,8.173309600000001
2025-02-13 03:00:00+00:00,8.181204699999999
2025-02-13 04:00:00+00:00,8.5765953
2025-02-13 05:00:00+00:00,9.5588717
2025-02-13 06:00:00+00:00,10.469049700000001
2025-02-13 07:00:00+00:00,10.9882534
2025-02-13 08:00:00+00:00,11.049190399999999
2025-02-13 09:00:00+00:00,10.654402999999999
2025-02-13 10:00:00+00:00,10.394482499999999
2025-02-13 11:00:00+00:00,10.0150931
2025-02-13 12:00:00+00:00,10.0307976
2025-02-13 13:00:00+00:00,9.992568300000002
2025-02-13 14:00:00+00:00,10.1949912
2025-02-13 15:00:00+00:00,10.4439302
2025-02-13 16:00:00+00:00,11.022406000000002
2025-02-13 17:00:00+00:00,11.5264377
2025-02-13 18:00:00+00:00,11.2597652
2025-02-13 19:00:00+00:00,10.8029105
2025-02-13 20:00:00+00:00,10.276066199999999
2025-02-13 21:00:00+00:00,10.0884591
2025-02-13 22:00:00+00:00,9.8897887
2025-02-13 23:00:00+00:00,9.302672600000001
2025-02-14 00:00:00+00:00,9.0668577
2025-02-14 01:00:00+00:00,8.8562821
2025-02-14 02:00:00+00:00,8.790858400000001
2025-02-14 03:00:00+00:00,8.763029699999999
2025-02-14 04:00:00+00:00,9.081462799999999
2025-02-14 05:00:00+00:00,10.0521164
2025-02-14 06:00:00+00:00,11.0801244
2025-02-14 07:00:00+00:00,11.4737789
2025-02-14 08:00:00+00:00,10.9894502
2025-02-14 09:00:00+00:00,9.9609366
2025-02-14 10:00:00+00:00,9.223806
2025-02-14 11:00:00+00:00,8.8299328
2025-02-14 12:00:00+00:00,8.988128900000001
2025-02-14 13:00:00+00:00,9.225663699999998
2025-02-14 14:00:00+00:00,9.686948000000001
2025-02-14 15:00:00+00:00,10.4505288
2025-02-14 16:00:00+00:00,11.318583199999999
2025-02-14 17:00:00+00:00,11.507794200000001
2025-02-14 18:00:00+00:00,10.997953800000001
2025-02-14 19:00:00+00:00,10.444620500000001
2025-02-14 20:00:00+00:00,9.906339999999998
2025-02-14 21:00:00+00:00,9.7569025
2025-02-14 22:00:00+00:00,9.6480432
2025-02-14 23:00:00+00:00,9.1724807
2025-02-15 00:00:00+00:00,8.691561100000001
2025-02-15 01:00:00+00:00,8.3993134
2025-02-15 02:00:00+00:00,8.223435
2025-02-15 03:00:00+00:00,8.256138
2025-02-15 04:00:00+00:00,8.370719300000001
2025-02-15 05:00:00+00:00,8.7045059
2025-02-15 06:00:00+00:00,9.101714
2025-02-15 07:00:00+00:00,9.346830500000001
2025-02-15 08:00:00+00:00,8.909564099999999
2025-02-15 09:00:00+00:00,8.0443368
2025-02-15 10:00:00+00:00,7.582220400000001
2025-02-15 11:00:00+00:00,7.3066757
2025-02-15 12:00:00+00:00,7.2284234000000005
2025-02-15 13:00:00+00:00,7.9149653
2025-02-15 14:00:00+00:00,8.6562394
2025-02-15 15:00:00+00:00,9.366675299999999
2025-02-15 16:00:00+00:00,10.118020399999999
2025-02-15 17:00:00+00:00,10.4819225
2025-02-15 18:00:00+00:00,9.9800155
2025-02-15 19:00:00+00:00,9.3956451
2025-02-15 20:00:00+00:00,8.903192
2025-02-15 21:00:00+00:00,8.751063199999999
2025-02-15 22:00:00+00:00,8.618365899999999
2025-02-15 23:00:00+00:00,8.418902600000001
2025-02-16 00:00:00+00:00,8.08808
2025-02-16 01:00:00+00:00,7.822969600000001
2025-02-16 02:00:00+00:00,7.6939183
2025-02-16 03:00:00+00:00,7.5821135
2025-02-16 04:00:00+00:00,7.550343499999999
2025-02-16 05:00:00+00:00,7.6996821
2025-02-16 06:00:00+00:00,7.791677899999999
2025-02-16 07:00:00+00:00,7.983677600000001
2025-02-16 08:00:00+00:00,7.7539126000000005
2025-02-16 09:00:00+00:00,7.134049900000001
2025-02-16 10:00:00+00:00,6.541987000000001
2025-02-16 11:00:00+00:00,6.204985300000001
2025-02-16 12:00:00+00:00,6.019498800000001
2025-02-16 13:00:00+00:00,6.1581352
2025-02-16 14:00:00+00:00,6.7875826
2025-02-16 15:00:00+00:00,7.6344158
2025-02-16 16:00:00+00:00,8.6750787
2025-02-16 17:00:00+00:00,9.2360173
2025-02-16 18:00:00+00:00,8.9054278
2025-02-16 19:00:00+00:00,8.559744300000002
2025-02-16 20:00:00+00:00,8.1667996
2025-02-16 21:00:00+00:00,8.0352061
2025-02-16 22:00:00+00:00,8.068209800000002
2025-02-16 23:00:00+00:00,7.8289869
2025-02-17 00:00:00+00:00,7.6607134
2025-02-17 01:00:00+00:00,7.589619900000001
2025-02-17 02:00:00+00:00,7.6501261000000005
2025-02-17 03:00:00+00:00,7.8188040999999995
2025-02-17 04:00:00+00:00,8.380472099999999
2025-02-17 05:00:00+00:00,9.4214732
2025-02-17 06:00:00+00:00,10.366862800000002
2025-02-17 07:00:00+00:00,10.725449300000001
2025-02-17 08:00:00+00:00,9.9802433
2025-02-17 09:00:00+00:00,8.530612500000002
2025-02-17 10:00:00+00:00,7.561764700000001
2025-02-17 11:00:00+00:00,6.9551608
2025-02-17 12:00:00+00:00,6.789435600000001
2025-02-17 13:00:00+00:00,6.9610002
2025-02-17 14:00:00+00:00,7.9709536000000005
2025-02-17 15:00:00+00:00,9.3943794
2025-02-17 16:00:00+00:00,10.5995972
2025-02-17 17:00:00+00:00,11.0179869
2025-02-17 18:00:00+00:00,10.4695984
2025-02-17 19:00:00+00:00,9.8242138
2025-02-17 20:00:00+00:00,9.251867
2025-02-17 21:00:00+00:00,9.074168199999999
2025-02-17 22:00:00+00:00,8.9120982
2025-02-17 23:00:00+00:00,8.573408200000001
2025-02-18 00:00:00+00:00,8.323985
2025-02-18 01:00:00+00:00,8.0909213
2025-02-18 02:00:00+00:00,7.908410399999999
2025-02-18 03:00:00+00:00,7.953509500000001
2025-02-18 04:00:00+00:00,8.366866400000001
2025-02-18 05:00:00+00:00,9.345731299999999
2025-02-18 06:00:00+00:00,10.244214900000001
2025-02-18 07:00:00+00:00,10.3957952
2025-02-18 08:00:00+00:00,9.7223047
2025-02-18 09:00:00+00:00,8.3522805
2025-02-18 10:00:00+00:00,7.1577193
2025-02-18 11:00:00+00:00,6.2803507000000005
2025-02-18 12:00:00+00:00,6.164977499999999
2025-02-18 13:00:00+00:00,6.3845909
2025-02-18 14:00:00+00:00,7.130602900000001
2025-02-18 15:00:00+00:00,8.3430487
2025-02-18 16:00:00+00:00,9.419606400000001
2025-02-18 17:00:00+00:00,9.845125500000002
2025-02-18 18:00:00+00:00,9.2304753
2025-02-18 19:00:00+00:00,8.6207405
2025-02-18 20:00:00+00:00,8.157392900000001
2025-02-18 21:00:00+00:00,8.109618300000001
2025-02-18 22:00:00+00:00,8.0425625
2025-02-18 23:00:00+00:00,7.681900799999999
2025-02-19 00:00:00+00:00,7.310613900000001
2025-02-19 01:00:00+00:00,7.087546800000002
2025-02-19 02:00:00+00:00,7.014421399999999
2025-02-19 03:00:00+00:00,7.0902994
2025-02-19 04:00:00+00:00,7.4156919
2025-02-19 05:00:00+00:00,8.3955541
2025-02-19 06:00:00+00:00,9.282840100000001
2025-02-19 07:00:00+00:00,9.726491799999998
2025-02-19 08:00:00+00:00,9.3630434
2025-02-19 09:00:00+00:00,8.3302668
2025-02-19 10:00:00+00:00,7.689202699999999
2025-02-19 11:00:00+00:00,7.490854299999999
2025-02-19 12:00:00+00:00,7.7544326
2025-02-19 13:00:00+00:00,8.1830811
2025-02-19 14:00:00+00:00,8.8638701
2025-02-19 15:00:00+00:00,9.505557499999998
2025-02-19 16:00:00+00:00,10.1610587
2025-02-19 17:00:00+00:00,10.5605851
2025-02-19 18:00:00+00:00,10.1896797
2025-02-19 19:00:00+00:00,9.5547116
2025-02-19 20:00:00+00:00,9.0133646
2025-02-19 21:00:00+00:00,8.8652932
2025-02-19 22:00:00+00:00,8.6271441
2025-02-19 23:00:00+00:00,8.178967899999998
2025-02-20 00:00:00+00:00,7.760398800000001
2025-02-20 01:00:00+00:00,7.3900765999999996
2025-02-20 02:00:00+00:00,7.156485699999999
2025-02-20 03:00:00+00:00,7.0516131
2025-02-20 04:00:00+00:00,7.3387992
2025-02-20 05:00:00+00:00,8.222582400000002
2025-02-20 06:00:00+00:00,8.9031897
2025-02-20 07:00:00+00:00,9.1663561
2025-02-20 08:00:00+00:00,9.0616431
2025-02-20 09:00:00+00:00,8.556882400000001
2025-02-20 10:00:00+00:00,8.1173338
2025-02-20 11:00:00+00:00,7.5761027
2025-02-20 12:00:00+00:00,7.5808301
2025-02-20 13:00:00+00:00,7.5766209
2025-02-20 14:00:00+00:00,7.7249085
2025-02-20 15:00:00+00:00,7.837881100000001
2025-02-20 16:00:00+00:00,8.226085099999999
2025-02-20 17:00:00+00:00,8.618443599999999
2025-02-20 18:00:00+00:00,8.2584144
2025-02-20 19:00:00+00:00,7.7787621
2025-02-20 20:00:00+00:00,7.3742646999999995
2025-02-20 21:00:00+00:00,7.3563202
2025-02-20 22:00:00+00:00,7.3139252
2025-02-20 23:00:00+00:00,6.766126800000001
2025-02-21 00:00:00+00:00,6.4103612000000005
2025-02-21 01:00:00+00:00,6.1086425
2025-02-21 02:00:00+00:00,5.8583487000000005
2025-02-21 03:00:00+00:00,5.7642931000000015
2025-02-21 04:00:00+00:00,5.990827100000001
2025-02-21 05:00:00+00:00,6.8609571
2025-02-21 06:00:00+00:00,7.6409218999999995
2025-02-21 07:00:00+00:00,7.723716700000001
2025-02-21 08:00:00+00:00,7.107186199999999
2025-02-21 09:00:00+00:00,5.922139400000001
2025-02-21 10:00:00+00:00,5.0134139000000015
2025-02-21 11:00:00+00:00,4.5219012
2025-02-21 12:00:00+00:00,4.7333059
2025-02-21 13:00:00+00:00,5.1823586
2025-02-21 14:00:00+00:00,5.8111372999999995
2025-02-21 15:00:00+00:00,6.422641700000001
2025-02-21 16:00:00+00:00,7.173791100000001
2025-02-21 17:00:00+00:00,7.552614999999999
2025-02-21 18:00:00+00:00,7.154724100000001
2025-02-21 19:00:00+00:00,6.642313199999999
2025-02-21 20:00:00+00:00,6.200860200000001
2025-02-21 21:00:00+00:00,6.234515
2025-02-21 22:00:00+00:00,6.2581908
2025-02-21 23:00:00+00:00,6.131844300000001
2025-02-22 00:00:00+00:00,5.771659100000001
2025-02-22 01:00:00+00:00,5.403359300000001
2025-02-22 02:00:00+00:00,5.2115613000000005
2025-02-22 03:00:00+00:00,5.1469147
2025-02-22 04:00:00+00:00,5.2470541
2025-02-22 05:00:00+00:00,5.634554699999999
2025-02-22 06:00:00+00:00,6.0146370000000005
2025-02-22 07:00:00+00:00,6.5056126999999995
2025-02-22 08:00:00+00:00,6.9398561
2025-02-22 09:00:00+00:00,7.089104600000001
2025-02-22 10:00:00+00:00,7.1822272
2025-02-22 11:00:00+00:00,7.1335617000000004
2025-02-22 12:00:00+00:00,7.0095749
2025-02-22 13:00:00+00:00,7.0817618000000015
2025-02-22 14:00:00+00:00,7.114168900000001
2025-02-22 15:00:00+00:00,7.4467182
2025-02-22 16:00:00+00:00,8.1320592
2025-02-22 17:00:00+00:00,8.691910300000002
2025-02-22 18:00:00+00:00,8.3253656
2025-02-22 19:00:00+00:00,7.831499000000001
2025-02-22 20:00:00+00:00,7.453418799999999
2025-02-22 21:00:00+00:00,7.4136313000000005
2025-02-22 22:00:00+00:00,7.4612696
2025-02-22 23:00:00+00:00,7.089603
2025-02-23 00:00:00+00:00,6.8314667
2025-02-23 01:00:00+00:00,6.5525145
2025-02-23 02:00:00+00:00,6.4295101
2025-02-23 03:00:00+00:00,6.4641997
2025-02-23 04:00:00+00:00,6.573931300000001
2025-02-23 05:00:00+00:00,6.8447368
2025-02-23 06:00:00+00:00,6.9989784
2025-02-23 07:00:00+00:00,6.9017106
2025-02-23 08:00:00+00:00,6.2313533
2025-02-23 09:00:00+00:00,5.0289337000000005
2025-02-23 10:00:00+00:00,4.119773899999999
2025-02-23 11:00:00+00:00,3.427181299999999
2025-02-23 12:00:00+00:00,2.8815381999999996
2025-02-23 13:00:00+00:00,2.7836532
2025-02-23 14:00:00+00:00,3.499810400000001
2025-02-23 15:00:00+00:00,4.808052900000002
2025-02-23 16:00:00+00:00,6.2945435
2025-02-23 17:00:00+00:00,7.0359081
2025-02-23 18:00:00+00:00,6.734918900000002
2025-02-23 19:00:00+00:00,6.166740599999999
2025-02-23 20:00:00+00:00,5.5985895
2025-02-23 21:00:00+00:00,5.31357
2025-02-23 22:00:00+00:00,5.0708626
2025-02-23 23:00:00+00:00,4.4830051000000015
2025-02-24 00:00:00+00:00,4.202491500000001
2025-02-24 01:00:00+00:00,4.0331849
2025-02-24 02:00:00+00:00,3.9249572
2025-02-24 03:00:00+00:00,4.025697399999999
2025-02-24 04:00:00+00:00,4.5075553
2025-02-24 05:00:00+00:00,5.552718400000001
2025-02-24 06:00:00+00:00,6.460195000000001
2025-02-24 07:00:00+00:00,7.0977413
2025-02-24 08:00:00+00:00,7.403552300000001
2025-02-24 09:00:00+00:00,7.2885842
2025-02-24 10:00:00+00:00,7.2895877
2025-02-24 11:00:00+00:00,7.174934800000001
2025-02-24 12:00:00+00:00,7.066297800000001
2025-02-24 13:00:00+00:00,7.133673399999999
2025-02-24 14:00:00+00:00,7.247503100000001
2025-02-24 15:00:00+00:00,7.603773199999999
2025-02-24 16:00:00+00:00,8.283662
2025-02-24 17:00:00+00:00,8.970979800000002
2025-02-24 18:00:00+00:00,8.843020600000001
2025-02-24 19:00:00+00:00,8.373728700000001
2025-02-24 20:00:00+00:00,7.897297899999999
2025-02-24 21:00:00+00:00,7.819903400000001
2025-02-24 22:00:00+00:00,7.6668762
2025-02-24 23:00:00+00:00,6.823293700000001
2025-02-25 00:00:00+00:00,6.6490475
2025-02-25 01:00:00+00:00,6.6486416
2025-02-25 02:00:00+00:00,6.775482500000001
2025-02-25 03:00:00+00:00,7.0887193
2025-02-25 04:00:00+00:00,7.695439599999999
2025-02-25 05:00:00+00:00,8.924606
2025-02-25 06:00:00+00:00,9.9958555
2025-02-25 07:00:00+00:00,10.4625292
2025-02-25 08:00:00+00:00,10.3900524
2025-02-25 09:00:00+00:00,9.8605107
2025-02-25 10:00:00+00:00,9.564221400000001
2025-02-25 11:00:00+00:00,9.2459772
2025-02-25 12:00:00+00:00,9.1879893
2025-02-25 13:00:00+00:00,9.173992
2025-02-25 14:00:00+00:00,9.2932932
2025-02-25 15:00:00+00:00,9.6440378
2025-02-25 16:00:00+00:00,10.3163379
2025-02-25 17:00:00+00:00,10.900430499999999
2025-02-25 18:00:00+00:00,10.5864595
2025-02-25 19:00:00+00:00,9.9738557
2025-02-25 20:00:00+00:00,9.362062400000001
2025-02-25 21:00:00+00:00,9.0469159
2025-02-25 22:00:00+00:00,8.7162827
2025-02-25 23:00:00+00:00,7.9431046
2025-02-26 00:00:00+00:00,7.443676699999999
2025-02-26 01:00:00+00:00,7.2376203
2025-02-26 02:00:00+00:00,7.218635100000002
2025-02-26 03:00:00+00:00,7.3915269
2025-02-26 04:00:00+00:00,7.881013200000001
2025-02-26 05:00:00+00:00,9.009955099999999
2025-02-26 06:00:00+00:00,9.9232433
2025-02-26 07:00:00+00:00,9.884245400000001
2025-02-26 08:00:00+00:00,8.9898983
2025-02-26 09:00:00+00:00,7.6340436
2025-02-26 10:00:00+00:00,6.5115195
2025-02-26 11:00:00+00:00,5.877393099999999
2025-02-26 12:00:00+00:00,6.098495700000001
2025-02-26 13:00:00+00:00,6.272187500000001
2025-02-26 14:00:00+00:00,6.5053231
2025-02-26 15:00:00+00:00,7.1312298
2025-02-26 16:00:00+00:00,7.904917099999999
2025-02-26 17:00:00+00:00,8.4718181
2025-02-26 18:00:00+00:00,8.3024429
2025-02-26 19:00:00+00:00,7.909446
2025-02-26 20:00:00+00:00,7.6587444
2025-02-26 21:00:00+00:00,7.703846600000001
2025-02-26 22:00:00+00:00,7.598686900000001
2025-02-26 23:00:00+00:00,6.931423400000001
2025-02-27 00:00:00+00:00,6.7376731
2025-02-27 01:00:00+00:00,6.5446043000000005
2025-02-27 02:00:00+00:00,6.5032959
2025-02-27 03:00:00+00:00,6.657478200000001
2025-02-27 04:00:00+00:00,7.2122458
2025-02-27 05:00:00+00:00,8.334732500000001
2025-02-27 06:00:00+00:00,9.2598672
2025-02-27 07:00:00+00:00,9.3238728
2025-02-27 08:00:00+00:00,8.9346152
2025-02-27 09:00:00+00:00,8.3364621
2025-02-27 10:00:00+00:00,7.8272584
2025-02-27 11:00:00+00:00,7.1347994
2025-02-27 12:00:00+00:00,6.772850600000002
2025-02-27 13:00:00+00:00,6.5689037
2025-02-27 14:00:00+00:00,6.783639400000001
2025-02-27 15:00:00+00:00,7.224604599999999
2025-02-27 16:00:00+00:00,7.9592804
2025-02-27 17:00:00+00:00,8.600327100000001
2025-02-27 18:00:00+00:00,8.369208200000001
2025-02-27 19:00:00+00:00,7.8946764
2025-02-27 20:00:00+00:00,7.4672752
2025-02-27 21:00:00+00:00,7.3694114000000015
2025-02-27 22:00:00+00:00,7.3920205999999995
2025-02-27 23:00:00+00:00,6.722084100000001
2025-02-28 00:00:00+00:00,6.552368400000001
2025-02-28 01:00:00+00:00,6.3723502
2025-02-28 02:00:00+00:00,6.4746094
2025-02-28 03:00:00+00:00,6.7736462
2025-02-28 04:00:00+00:00,7.3793492
2025-02-28 05:00:00+00:00,8.5327853
2025-02-28 06:00:00+00:00,9.4820073
2025-02-28 07:00:00+00:00,9.6360805
2025-02-28 08:00:00+00:00,9.2331629
2025-02-28 09:00:00+00:00,8.4770446
2025-02-28 10:00:00+00:00,7.915999900000002
2025-02-28 11:00:00+00:00,7.262481200000002
2025-02-28 12:00:00+00:00,6.971977200000001
2025-02-28 13:00:00+00:00,6.9167395
2025-02-28 14:00:00+00:00,7.399436500000002
2025-02-28 15:00:00+00:00,8.2586555
2025-02-28 16:00:00+00:00,9.4586632
2025-02-28 17:00:00+00:00,10.316046
2025-02-28 18:00:00+00:00,10.1515745
2025-02-28 19:00:00+00:00,9.575604
2025-02-28 20:00:00+00:00,8.9745232
2025-02-28 21:00:00+00:00,8.8840491
2025-02-28 22:00:00+00:00,8.833949200000001
2025-02-28 23:00:00+00:00,8.6731978
2025-03-01 00:00:00+00:00,8.3372565
2025-03-01 01:00:00+00:00,8.1395604
2025-03-01 02:00:00+00:00,8.0310749
2025-03-01 03:00:00+00:00,8.017119500000002
2025-03-01 04:00:00+00:00,8.0861373
2025-03-01 05:00:00+00:00,8.389946499999999
2025-03-01 06:00:00+00:00,8.676669200000001
2025-03-01 07:00:00+00:00,8.802176500000002
2025-03-01 08:00:00+00:00,8.5732507
2025-03-01 09:00:00+00:00,7.958088400000001
2025-03-01 10:00:00+00:00,7.5634568
2025-03-01 11:00:00+00:00,7.255342000000001
2025-03-01 12:00:00+00:00,6.8465642
2025-03-01 13:00:00+00:00,6.8441639
2025-03-01 14:00:00+00:00,7.3169456
2025-03-01 15:00:00+00:00,8.0464286
2025-03-01 16:00:00+00:00,9.094486700000001
2025-03-01 17:00:00+00:00,9.897869
2025-03-01 18:00:00+00:00,9.686513900000001
2025-03-01 19:00:00+00:00,9.222056
2025-03-01 20:00:00+00:00,8.7946508
2025-03-01 21:00:00+00:00,8.7170136
2025-03-01 22:00:00+00:00,8.6666733
2025-03-01 23:00:00+00:00,8.335952
2025-03-02 00:00:00+00:00,8.117389399999999
2025-03-02 01:00:00+00:00,7.958965999999999
2025-03-02 02:00:00+00:00,7.7871685
2025-03-02 03:00:00+00:00,7.780730199999999
2025-03-02 04:00:00+00:00,7.863186099999998
2025-03-02 05:00:00+00:00,8.103155500000002
2025-03-02 06:00:00+00:00,8.202772
2025-03-02 07:00:00+00:00,8.0422435
2025-03-02 08:00:00+00:00,7.4038405
2025-03-02 09:00:00+00:00,6.4969374
2025-03-02 10:00:00+00:00,5.464343500000002
2025-03-02 11:00:00+00:00,4.693883500000001
2025-03-02 12:00:00+00:00,4.236984900000001
2025-03-02 13:00:00+00:00,4.401093
2025-03-02 14:00:00+00:00,5.2795625
2025-03-02 15:00:00+00:00,6.656385100000001
2025-03-02 16:00:00+00:00,8.4828581
2025-03-02 17:00:00+00:00,9.682626599999999
2025-03-02 18:00:00+00:00,9.6220126
2025-03-02 19:00:00+00:00,9.294588
2025-03-02 20:00:00+00:00,8.9248308
2025-03-02 21:00:00+00:00,8.796819699999999
2025-03-02 22:00:00+00:00,8.7377432
2025-03-02 23:00:00+00:00,8.382735400000001
2025-03-03 00:00:00+00:00,8.110735700000001
2025-03-03 01:00:00+00:00,7.9301422
2025-03-03 02:00:00+00:00,7.953678900000002
2025-03-03 03:00:00+00:00,8.118144599999999
2025-03-03 04:00:00+00:00,8.6620287
2025-03-03 05:00:00+00:00,9.7321525
2025-03-03 06:00:00+00:00,10.5110271
2025-03-03 07:00:00+00:00,10.266772999999999
2025-03-03 08:00:00+00:00,9.1492176
2025-03-03 09:00:00+00:00,7.7438187
2025-03-03 10:00:00+00:00,6.6194831
2025-03-03 11:00:00+00:00,5.7983204
2025-03-03 12:00:00+00:00,5.5580204
2025-03-03 13:00:00+00:00,5.837067499999999
2025-03-03 14:00:00+00:00,6.7707357
2025-03-03 15:00:00+00:00,8.238504000000002
2025-03-03 16:00:00+00:00,10.006604200000002
2025-03-03 17:00:00+00:00,11.171371900000002
2025-03-03 18:00:00+00:00,11.115412999999998
2025-03-03 19:00:00+00:00,10.5440511
2025-03-03 20:00:00+00:00,9.913173800000001
2025-03-03 21:00:00+00:00,9.654629300000002
2025-03-03 22:00:00+00:00,9.406444200000001
2025-03-03 23:00:00+00:00,9.00482
2025-03-04 00:00:00+00:00,8.607155800000001
2025-03-04 01:00:00+00:00,8.4507158
2025-03-04 02:00:00+00:00,8.3923723
2025-03-04 03:00:00+00:00,8.4844468
2025-03-04 04:00:00+00:00,8.9334484
2025-03-04 05:00:00+00:00,9.9231231
2025-03-04 06:00:00+00:00,10.742565100000002
2025-03-04 07:00:00+00:00,10.524654000000002
2025-03-04 08:00:00+00:00,9.4368317
2025-03-04 09:00:00+00:00,7.8346625
2025-03-04 10:00:00+00:00,6.546464500000001
2025-03-04 11:00:00+00:00,5.6725689
2025-03-04 12:00:00+00:00,5.5709411
2025-03-04 13:00:00+00:00,5.994295200000002
2025-03-04 14:00:00+00:00,6.861429899999999
2025-03-04 15:00:00+00:00,8.2194803
2025-03-04 16:00:00+00:00,9.919881299999998
2025-03-04 17:00:00+00:00,11.0637687
2025-03-04 18:00:00+00:00,10.9138456
2025-03-04 19:00:00+00:00,10.380896499999999
2025-03-04 20:00:00+00:00,9.8081391
2025-03-04 21:00:00+00:00,9.5904576
2025-03-04 22:00:00+00:00,9.374545300000001
2025-03-04 23:00:00+00:00,8.7204812
2025-03-05 00:00:00+00:00,8.5285979
2025-03-05 01:00:00+00:00,8.2613894
2025-03-05 02:00:00+00:00,8.0817176
2025-03-05 03:00:00+00:00,8.155032499999999
2025-03-05 04:00:00+00:00,8.565678
2025-03-05 05:00:00+00:00,9.5459718
2025-03-05 06:00:00+00:00,10.020899100000001
2025-03-05 07:00:00+00:00,9.560055299999998
2025-03-05 08:00:00+00:00,8.1975947
2025-03-05 09:00:00+00:00,6.569662000000001
2025-03-05 10:00:00+00:00,5.594434700000001
2025-03-05 11:00:00+00:00,4.8176725
2025-03-05 12:00:00+00:00,4.8108672
2025-03-05 13:00:00+00:00,5.1531920000000015
2025-03-05 14:00:00+00:00,6.1661762
2025-03-05 15:00:00+00:00,7.732542799999999
2025-03-05 16:00:00+00:00,9.6557891
2025-03-05 17:00:00+00:00,10.8402473
2025-03-05 18:00:00+00:00,10.641769400000001
2025-03-05 19:00:00+00:00,10.044561100000001
2025-03-05 20:00:00+00:00,9.3770062
2025-03-05 21:00:00+00:00,9.0825834
2025-03-05 22:00:00+00:00,8.8351884
2025-03-05 23:00:00+00:00,8.1499604
2025-03-06 00:00:00+00:00,7.516306800000001
2025-03-06 01:00:00+00:00,7.1848205
2025-03-06 02:00:00+00:00,7.022698499999999
2025-03-06 03:00:00+00:00,7.1303123
2025-03-06 04:00:00+00:00,7.6120745
2025-03-06 05:00:00+00:00,8.665501
2025-03-06 06:00:00+00:00,9.238151700000001
2025-03-06 07:00:00+00:00,8.558587800000002
2025-03-06 08:00:00+00:00,7.048530599999999
2025-03-06 09:00:00+00:00,5.525605799999999
2025-03-06 10:00:00+00:00,4.654004499999999
2025-03-06 11:00:00+00:00,3.969401600000001
2025-03-06 12:00:00+00:00,3.9733424
2025-03-06 13:00:00+00:00,4.409748100000001
2025-03-06 14:00:00+00:00,5.4599553
2025-03-06 15:00:00+00:00,6.826913899999999
2025-03-06 16:00:00+00:00,8.4987398
2025-03-06 17:00:00+00:00,9.2697273
2025-03-06 18:00:00+00:00,8.7328364
2025-03-06 19:00:00+00:00,7.9473141
2025-03-06 20:00:00+00:00,7.2604243
2025-03-06 21:00:00+00:00,6.988342899999999
2025-03-06 22:00:00+00:00,6.897163599999999
2025-03-06 23:00:00+00:00,6.396771000000001
2025-03-07 00:00:00+00:00,6.086722000000002
2025-03-07 01:00:00+00:00,5.8239842
2025-03-07 02:00:00+00:00,5.6853956000000005
2025-03-07 03:00:00+00:00,5.886287900000001
2025-03-07 04:00:00+00:00,6.4549622000000015
2025-03-07 05:00:00+00:00,7.5951189
2025-03-07 06:00:00+00:00,8.195516600000001
2025-03-07 07:00:00+00:00,7.7616342
2025-03-07 08:00:00+00:00,6.6729828
2025-03-07 09:00:00+00:00,5.2793611
2025-03-07 10:00:00+00:00,4.420460700000001
2025-03-07 11:00:00+00:00,3.8019233999999997
2025-03-07 12:00:00+00:00,3.9193756000000004
2025-03-07 13:00:00+00:00,4.4134500999999995
2025-03-07 14:00:00+00:00,5.459544199999999
2025-03-07 15:00:00+00:00,6.8388559
2025-03-07 16:00:00+00:00,8.4392357
2025-03-07 17:00:00+00:00,9.4187595
2025-03-07 18:00:00+00:00,9.1214435
2025-03-07 19:00:00+00:00,8.3061993
2025-03-07 20:00:00+00:00,7.7293164999999995
2025-03-07 21:00:00+00:00,7.596839
2025-03-07 22:00:00+00:00,7.479907000000001
2025-03-07 23:00:00+00:00,7.131006299999999
2025-03-08 00:00:00+00:00,6.7314443
2025-03-08 01:00:00+00:00,6.454418899999999
2025-03-08 02:00:00+00:00,6.3152631999999995
2025-03-08 03:00:00+00:00,6.303527600000001
2025-03-08 04:00:00+00:00,6.323686800000001
2025-03-08 05:00:00+00:00,6.6186875
2025-03-08 06:00:00+00:00,6.655568800000001
2025-03-08 07:00:00+00:00,6.229039100000001
2025-03-08 08:00:00+00:00,5.2361854999999995
2025-03-08 09:00:00+00:00,4.1206201
2025-03-08 10:00:00+00:00,3.4239317
2025-03-08 11:00:00+00:00,2.957445700000001
2025-03-08 12:00:00+00:00,2.8626394
2025-03-08 13:00:00+00:00,3.239053
2025-03-08 14:00:00+00:00,4.159998099999999
2025-03-08 15:00:00+00:00,5.584766800000001
2025-03-08 16:00:00+00:00,7.248932500000002
2025-03-08 17:00:00+00:00,8.2205236
2025-03-08 18:00:00+00:00,7.9022556
2025-03-08 19:00:00+00:00,7.267548099999999
2025-03-08 20:00:00+00:00,6.811246800000001
2025-03-08 21:00:00+00:00,6.7347146
2025-03-08 22:00:00+00:00,6.7600181
2025-03-08 23:00:00+00:00,6.524953999999999
2025-03-09 00:00:00+00:00,6.2916732
2025-03-09 01:00:00+00:00,6.2371767
2025-03-09 02:00:00+00:00,6.2225731
2025-03-09 03:00:00+00:00,6.2823258
2025-03-09 04:00:00+00:00,6.3692408
2025-03-09 05:00:00+00:00,6.7243897
2025-03-09 06:00:00+00:00,6.6770658
2025-03-09 07:00:00+00:00,6.244320600000002
2025-03-09 08:00:00+00:00,5.429340099999999
2025-03-09 09:00:00+00:00,4.619271400000001
2025-03-09 10:00:00+00:00,4.022514300000001
2025-03-09 11:00:00+00:00,3.8628928999999994
2025-03-09 12:00:00+00:00,3.618186800000001
2025-03-09 13:00:00+00:00,3.7772807000000004
2025-03-09 14:00:00+00:00,4.5257990999999995
2025-03-09 15:00:00+00:00,5.690954700000001
2025-03-09 16:00:00+00:00,7.297596499999999
2025-03-09 17:00:00+00:00,8.422212000000002
2025-03-09 18:00:00+00:00,8.4147191
2025-03-09 19:00:00+00:00,8.0440264
2025-03-09 20:00:00+00:00,7.7085639
2025-03-09 21:00:00+00:00,7.6263349
2025-03-09 22:00:00+00:00,7.656964699999999
2025-03-09 23:00:00+00:00,7.2626626
2025-03-10 00:00:00+00:00,6.9925289
2025-03-10 01:00:00+00:00,6.8377422
2025-03-10 02:00:00+00:00,6.797469700000001
2025-03-10 03:00:00+00:00,7.0048373999999995
2025-03-10 04:00:00+00:00,7.643532199999999
2025-03-10 05:00:00+00:00,8.6932641
2025-03-10 06:00:00+00:00,9.4332092
2025-03-10 07:00:00+00:00,9.402640100000001
2025-03-10 08:00:00+00:00,8.679835299999999
2025-03-10 09:00:00+00:00,7.6141314
2025-03-10 10:00:00+00:00,6.8893558
2025-03-10 11:00:00+00:00,6.408529499999999
2025-03-10 12:00:00+00:00,6.4652812
2025-03-10 13:00:00+00:00,6.6090933000000005
2025-03-10 14:00:00+00:00,7.246721000000001
2025-03-10 15:00:00+00:00,8.2518883
2025-03-10 16:00:00+00:00,9.4921508
2025-03-10 17:00:00+00:00,10.308250800000001
2025-03-10 18:00:00+00:00,10.0297951
2025-03-10 19:00:00+00:00,9.2365861
2025-03-10 20:00:00+00:00,8.5856274
2025-03-10 21:00:00+00:00,8.3626673
2025-03-10 22:00:00+00:00,8.1566598
2025-03-10 23:00:00+00:00,7.6346685
2025-03-11 00:00:00+00:00,7.259542599999999
2025-03-11 01:00:00+00:00,6.965961600000001
2025-03-11 02:00:00+00:00,6.8089654
2025-03-11 03:00:00+00:00,6.7782995999999995
2025-03-11 04:00:00+00:00,7.093656
2025-03-11 05:00:00+00:00,7.972503999999999
2025-03-11 06:00:00+00:00,8.7411121
2025-03-11 07:00:00+00:00,9.041465200000001
2025-03-11 08:00:00+00:00,8.973704399999999
2025-03-11 09:00:00+00:00,8.6544022
2025-03-11 10:00:00+00:00,8.4438127
2025-03-11 11:00:00+00:00,8.1106143
2025-03-11 12:00:00+00:00,8.1345375
2025-03-11 13:00:00+00:00,8.1343935
2025-03-11 14:00:00+00:00,8.1051698
2025-03-11 15:00:00+00:00,8.4386669
2025-03-11 16:00:00+00:00,9.1395582
2025-03-11 17:00:00+00:00,9.7458807
2025-03-11 18:00:00+00:00,9.7282544
2025-03-11 19:00:00+00:00,9.340310500000001
2025-03-11 20:00:00+00:00,8.9165286
2025-03-11 21:00:00+00:00,8.8433168
2025-03-11 22:00:00+00:00,8.7445037
2025-03-11 23:00:00+00:00,8.0696485
2025-03-12 00:00:00+00:00,7.7809507
2025-03-12 01:00:00+00:00,7.481635699999999
2025-03-12 02:00:00+00:00,7.3317811000000015
2025-03-12 03:00:00+00:00,7.506807899999999
2025-03-12 04:00:00+00:00,8.0247341
2025-03-12 05:00:00+00:00,9.1964014
2025-03-12 06:00:00+00:00,9.8248107
2025-03-12 07:00:00+00:00,9.760315799999999
2025-03-12 08:00:00+00:00,8.9344487
2025-03-12 09:00:00+00:00,8.042694599999999
2025-03-12 10:00:00+00:00,7.695351700000001
2025-03-12 11:00:00+00:00,7.174707100000001
2025-03-12 12:00:00+00:00,7.1165503999999995
2025-03-12 13:00:00+00:00,7.157246400000002
2025-03-12 14:00:00+00:00,7.5502369
2025-03-12 15:00:00+00:00,8.4438179
2025-03-12 16:00:00+00:00,9.719230199999998
2025-03-12 17:00:00+00:00,10.7701638
2025-03-12 18:00:00+00:00,10.6913003
2025-03-12 19:00:00+00:00,10.1259261
2025-03-12 20:00:00+00:00,9.5574608
2025-03-12 21:00:00+00:00,9.3119501
2025-03-12 22:00:00+00:00,9.0440273
2025-03-12 23:00:00+00:00,8.6269996
2025-03-13 00:00:00+00:00,8.163087200000001
2025-03-13 01:00:00+00:00,7.863836099999999
2025-03-13 02:00:00+00:00,7.740963499999999
2025-03-13 03:00:00+00:00,7.7717241
2025-03-13 04:00:00+00:00,8.1262493
2025-03-13 05:00:00+00:00,9.1558844
2025-03-13 06:00:00+00:00,9.7467265
2025-03-13 07:00:00+00:00,9.594457400000001
2025-03-13 08:00:00+00:00,8.8186443
2025-03-13 09:00:00+00:00,7.969655700000001
2025-03-13 10:00:00+00:00,7.4799176
2025-03-13 11:00:00+00:00,7.154443800000001
2025-03-13 12:00:00+00:00,6.962088099999999
2025-03-13 13:00:00+00:00,7.026753600000001
2025-03-13 14:00:00+00:00,7.3848462
2025-03-13 15:00:00+00:00,8.084819199999998
2025-03-13 16:00:00+00:00,9.261797000000001
2025-03-13 17:00:00+00:00,10.1134998
2025-03-13 18:00:00+00:00,10.0470862
2025-03-13 19:00:00+00:00,9.6355549
2025-03-13 20:00:00+00:00,9.205414
2025-03-13 21:00:00+00:00,9.101531000000001
2025-03-13 22:00:00+00:00,8.971555200000001
2025-03-13 23:00:00+00:00,8.6436422
2025-03-14 00:00:00+00:00,8.3211254
2025-03-14 01:00:00+00:00,8.0034748
2025-03-14 02:00:00+00:00,7.873504099999999
2025-03-14 03:00:00+00:00,7.9726482
2025-03-14 04:00:00+00:00,8.488800699999999
2025-03-14 05:00:00+00:00,9.4746791
2025-03-14 06:00:00+00:00,9.9317879
2025-03-14 07:00:00+00:00,9.584709400000001
2025-03-14 08:00:00+00:00,8.777755599999999
2025-03-14 09:00:00+00:00,7.766942199999999
2025-03-14 10:00:00+00:00,7.0933788999999985
2025-03-14 11:00:00+00:00,6.740051599999999
2025-03-14 12:00:00+00:00,6.761895000000002
2025-03-14 13:00:00+00:00,6.775620400000001
2025-03-14 14:00:00+00:00,7.241912800000001
2025-03-14 15:00:00+00:00,7.820307499999998
2025-03-14 16:00:00+00:00,8.690263999999999
2025-03-14 17:00:00+00:00,9.3493296
2025-03-14 18:00:00+00:00,9.2312979
2025-03-14 19:00:00+00:00,8.6588178
2025-03-14 20:00:00+00:00,8.123556
2025-03-14 21:00:00+00:00,7.944277
2025-03-14 22:00:00+00:00,7.817493399999998
2025-03-14 23:00:00+00:00,7.1200483000000006
2025-03-15 00:00:00+00:00,6.7973329
2025-03-15 01:00:00+00:00,6.5492516
2025-03-15 02:00:00+00:00,6.3965191
2025-03-15 03:00:00+00:00,6.2557655
2025-03-15 04:00:00+00:00,6.2321179
2025-03-15 05:00:00+00:00,6.527446900000001
2025-03-15 06:00:00+00:00,6.5334982
2025-03-15 07:00:00+00:00,6.2663519999999995
2025-03-15 08:00:00+00:00,5.730083300000001
2025-03-15 09:00:00+00:00,5.023941500000001
2025-03-15 10:00:00+00:00,4.2840872
2025-03-15 11:00:00+00:00,3.9047357
2025-03-15 12:00:00+00:00,3.8109799000000004
2025-03-15 13:00:00+00:00,3.9080712
2025-03-15 14:00:00+00:00,4.351452899999998
2025-03-15 15:00:00+00:00,5.1174696
2025-03-15 16:00:00+00:00,6.3120324000000005
2025-03-15 17:00:00+00:00,7.1870033
2025-03-15 18:00:00+00:00,7.064542100000001
2025-03-15 19:00:00+00:00,6.9473029
2025-03-15 20:00:00+00:00,6.6496532
2025-03-15 21:00:00+00:00,6.696200300000001
2025-03-15 22:00:00+00:00,6.700517600000001
2025-03-15 23:00:00+00:00,6.482749399999999
2025-03-16 00:00:00+00:00,6.166544
2025-03-16 01:00:00+00:00,6.0204714
2025-03-16 02:00:00+00:00,5.924005200000001
2025-03-16 03:00:00+00:00,5.9885272
2025-03-16 04:00:00+00:00,6.0654902
2025-03-16 05:00:00+00:00,6.348968
2025-03-16 06:00:00+00:00,6.233395999999999
2025-03-16 07:00:00+00:00,5.8444411
2025-03-16 08:00:00+00:00,4.994734300000001
2025-03-16 09:00:00+00:00,4.0302246
2025-03-16 10:00:00+00:00,3.0332811
2025-03-16 11:00:00+00:00,2.6835008
2025-03-16 12:00:00+00:00,2.4526228000000003
2025-03-16 13:00:00+00:00,2.7504156999999996
2025-03-16 14:00:00+00:00,3.5411175000000004
2025-03-16 15:00:00+00:00,4.8483817
2025-03-16 16:00:00+00:00,6.6935391000000015
2025-03-16 17:00:00+00:00,8.2404926
2025-03-16 18:00:00+00:00,8.5754444
2025-03-16 19:00:00+00:00,8.3065895
2025-03-16 20:00:00+00:00,8.0161041
2025-03-16 21:00:00+00:00,7.866689699999999
2025-03-16 22:00:00+00:00,7.6599486
2025-03-16 23:00:00+00:00,7.458159100000001
2025-03-17 00:00:00+00:00,7.2224764
2025-03-17 01:00:00+00:00,6.9682793
2025-03-17 02:00:00+00:00,6.9167411
2025-03-17 03:00:00+00:00,7.021228200000001
2025-03-17 04:00:00+00:00,7.6429194
2025-03-17 05:00:00+00:00,8.6526775
2025-03-17 06:00:00+00:00,9.2575395
2025-03-17 07:00:00+00:00,9.1864214
2025-03-17 08:00:00+00:00,8.6571845
2025-03-17 09:00:00+00:00,7.5269914
2025-03-17 10:00:00+00:00,6.728349799999999
2025-03-17 11:00:00+00:00,5.947467100000001
2025-03-17 12:00:00+00:00,5.420276300000001
2025-03-17 13:00:00+00:00,5.386396000000001
2025-03-17 14:00:00+00:00,5.963264299999999
2025-03-17 15:00:00+00:00,6.902754399999999
2025-03-17 16:00:00+00:00,8.3454681
2025-03-17 17:00:00+00:00,9.4883466
2025-03-17 18:00:00+00:00,9.4127008
2025-03-17 19:00:00+00:00,8.5079672
2025-03-17 20:00:00+00:00,7.6290925000000005
2025-03-17 21:00:00+00:00,7.1991689999999995
2025-03-17 22:00:00+00:00,6.9384630000000005
2025-03-17 23:00:00+00:00,6.598056500000001
2025-03-18 00:00:00+00:00,6.372495899999999
2025-03-18 01:00:00+00:00,6.300001099999999
2025-03-18 02:00:00+00:00,6.3586321
2025-03-18 03:00:00+00:00,6.626347000000001
2025-03-18 04:00:00+00:00,7.075141199999999
2025-03-18 05:00:00+00:00,7.89639
2025-03-18 06:00:00+00:00,8.092851300000001
2025-03-18 07:00:00+00:00,7.072398100000001
2025-03-18 08:00:00+00:00,5.6523457
2025-03-18 09:00:00+00:00,4.3060497
2025-03-18 10:00:00+00:00,3.204489500000001
2025-03-18 11:00:00+00:00,2.4725505000000023
2025-03-18 12:00:00+00:00,2.5056794
2025-03-18 13:00:00+00:00,3.008464700000001
2025-03-18 14:00:00+00:00,4.0213383
2025-03-18 15:00:00+00:00,5.6899178
2025-03-18 16:00:00+00:00,7.611040800000001
2025-03-18 17:00:00+00:00,8.9743359
2025-03-18 18:00:00+00:00,8.993887200000001
2025-03-18 19:00:00+00:00,8.4257251
2025-03-18 20:00:00+00:00,7.885848500000001
2025-03-18 21:00:00+00:00,7.820464599999999
2025-03-18 22:00:00+00:00,7.7682252
2025-03-18 23:00:00+00:00,7.2972778
2025-03-19 00:00:00+00:00,7.107733699999999
2025-03-19 01:00:00+00:00,7.001818300000001
2025-03-19 02:00:00+00:00,7.025064700000001
2025-03-19 03:00:00+00:00,7.2645553
2025-03-19 04:00:00+00:00,7.802434700000001
2025-03-19 05:00:00+00:00,8.841800899999999
2025-03-19 06:00:00+00:00,9.095947
2025-03-19 07:00:00+00:00,8.2339606
2025-03-19 08:00:00+00:00,6.8904724
2025-03-19 09:00:00+00:00,5.500964400000002
2025-03-19 10:00:00+00:00,4.4193747000000005
2025-03-19 11:00:00+00:00,3.680484700000001
2025-03-19 12:00:00+00:00,3.711749
2025-03-19 13:00:00+00:00,4.1669284000000015
2025-03-19 14:00:00+00:00,5.336627999999999
2025-03-19 15:00:00+00:00,6.8861583
2025-03-19 16:00:00+00:00,8.717835200000001
2025-03-19 17:00:00+00:00,10.115865
2025-03-19 18:00:00+00:00,10.1492171
2025-03-19 19:00:00+00:00,9.5837956
2025-03-19 20:00:00+00:00,8.9327944
2025-03-19 21:00:00+00:00,8.5867363
2025-03-19 22:00:00+00:00,8.2915328
2025-03-19 23:00:00+00:00,7.858441399999999
2025-03-20 00:00:00+00:00,7.5303448
2025-03-20 01:00:00+00:00,7.4056985
2025-03-20 02:00:00+00:00,7.405363299999999
2025-03-20 03:00:00+00:00,7.5487663000000005
2025-03-20 04:00:00+00:00,8.0847008
2025-03-20 05:00:00+00:00,9.2191011
2025-03-20 06:00:00+00:00,9.498149699999999
2025-03-20 07:00:00+00:00,8.5666328
2025-03-20 08:00:00+00:00,7.111411200000001
2025-03-20 09:00:00+00:00,5.641642999999999
2025-03-20 10:00:00+00:00,4.7265469000000015
2025-03-20 11:00:00+00:00,4.2284383
2025-03-20 12:00:00+00:00,4.282817199999999
2025-03-20 13:00:00+00:00,4.7474978
2025-03-20 14:00:00+00:00,5.761067300000001
2025-03-20 15:00:00+00:00,7.2891922
2025-03-20 16:00:00+00:00,9.055982400000001
2025-03-20 17:00:00+00:00,10.235686200000002
2025-03-20 18:00:00+00:00,10.0947929
2025-03-20 19:00:00+00:00,9.4317709
2025-03-20 20:00:00+00:00,8.746946000000001
2025-03-20 21:00:00+00:00,8.330464
2025-03-20 22:00:00+00:00,7.988107600000001
2025-03-20 23:00:00+00:00,7.281056800000001
2025-03-21 00:00:00+00:00,6.779155
2025-03-21 01:00:00+00:00,6.4472065
2025-03-21 02:00:00+00:00,6.286269000000001
2025-03-21 03:00:00+00:00,6.3811324
2025-03-21 04:00:00+00:00,6.7299156
2025-03-21 05:00:00+00:00,7.408774500000001
2025-03-21 06:00:00+00:00,7.4059627
2025-03-21 07:00:00+00:00,6.521199300000001
2025-03-21 08:00:00+00:00,5.379637100000001
2025-03-21 09:00:00+00:00,4.174294800000002
2025-03-21 10:00:00+00:00,3.148733700000003
2025-03-21 11:00:00+00:00,2.664055600000001
2025-03-21 12:00:00+00:00,2.7453622000000006
2025-03-21 13:00:00+00:00,3.1826056000000005
2025-03-21 14:00:00+00:00,4.0936682
2025-03-21 15:00:00+00:00,5.222295900000001
2025-03-21 16:00:00+00:00,6.6157653
2025-03-21 17:00:00+00:00,7.4344081
2025-03-21 18:00:00+00:00,7.2978699
2025-03-21 19:00:00+00:00,6.6420963
2025-03-21 20:00:00+00:00,6.0787154999999995
2025-03-21 21:00:00+00:00,5.856164
2025-03-21 22:00:00+00:00,5.8604677
2025-03-21 23:00:00+00:00,5.830825700000001
2025-03-22 00:00:00+00:00,5.563660199999999
2025-03-22 01:00:00+00:00,5.403843
2025-03-22 02:00:00+00:00,5.3213106
2025-03-22 03:00:00+00:00,5.4156292
2025-03-22 04:00:00+00:00,5.5198687
2025-03-22 05:00:00+00:00,6.0216184
2025-03-22 06:00:00+00:00,6.3180282000000005
2025-03-22 07:00:00+00:00,6.294882799999998
2025-03-22 08:00:00+00:00,6.0936067
2025-03-22 09:00:00+00:00,5.7021146
2025-03-22 10:00:00+00:00,5.3539159
2025-03-22 11:00:00+00:00,4.6834403
2025-03-22 12:00:00+00:00,4.285253400000002
2025-03-22 13:00:00+00:00,4.4356309000000005
2025-03-22 14:00:00+00:00,5.0042513
2025-03-22 15:00:00+00:00,5.9810465
2025-03-22 16:00:00+00:00,7.419869499999999
2025-03-22 17:00:00+00:00,8.3802373
2025-03-22 18:00:00+00:00,8.3026815
2025-03-22 19:00:00+00:00,7.9291233
2025-03-22 20:00:00+00:00,7.402534999999999
2025-03-22 21:00:00+00:00,7.1542299
2025-03-22 22:00:00+00:00,7.0581198
2025-03-22 23:00:00+00:00,6.9459905
2025-03-23 00:00:00+00:00,6.588320700000001
2025-03-23 01:00:00+00:00,6.425991099999999
2025-03-23 02:00:00+00:00,6.3635717
2025-03-23 03:00:00+00:00,6.3839771
2025-03-23 04:00:00+00:00,6.5848786
2025-03-23 05:00:00+00:00,6.9459626
2025-03-23 06:00:00+00:00,6.8158403
2025-03-23 07:00:00+00:00,6.3251482
2025-03-23 08:00:00+00:00,5.500151499999999
2025-03-23 09:00:00+00:00,4.7548197000000005
2025-03-23 10:00:00+00:00,4.2635166
2025-03-23 11:00:00+00:00,4.1370712
2025-03-23 12:00:00+00:00,4.144306500000001
2025-03-23 13:00:00+00:00,4.585330299999999
2025-03-23 14:00:00+00:00,5.1750819
2025-03-23 15:00:00+00:00,6.1529755999999995
2025-03-23 16:00:00+00:00,7.5934862999999995
2025-03-23 17:00:00+00:00,8.7573067
2025-03-23 18:00:00+00:00,9.0305241
2025-03-23 19:00:00+00:00,8.743533
2025-03-23 20:00:00+00:00,8.3387805
2025-03-23 21:00:00+00:00,8.1735734
2025-03-23 22:00:00+00:00,7.9410433
2025-03-23 23:00:00+00:00,7.6210534999999995
2025-03-24 00:00:00+00:00,7.3278971
2025-03-24 01:00:00+00:00,7.095836599999999
2025-03-24 02:00:00+00:00,7.0308817999999995
2025-03-24 03:00:00+00:00,7.214186799999999
2025-03-24 04:00:00+00:00,7.7810707
2025-03-24 05:00:00+00:00,8.699342799999998
2025-03-24 06:00:00+00:00,8.9929286
2025-03-24 07:00:00+00:00,8.4141375
2025-03-24 08:00:00+00:00,7.4843098999999995
2025-03-24 09:00:00+00:00,6.524898700000001
2025-03-24 10:00:00+00:00,5.917761099999999
2025-03-24 11:00:00+00:00,5.5164241
2025-03-24 12:00:00+00:00,5.7171458
2025-03-24 13:00:00+00:00,6.071655700000001
2025-03-24 14:00:00+00:00,6.6189076
2025-03-24 15:00:00+00:00,7.379399500000001
2025-03-24 16:00:00+00:00,8.5765583
2025-03-24 17:00:00+00:00,9.559511800000001
2025-03-24 18:00:00+00:00,9.6298165
2025-03-24 19:00:00+00:00,9.215673599999999
2025-03-24 20:00:00+00:00,8.824075099999998
2025-03-24 21:00:00+00:00,8.5996909
2025-03-24 22:00:00+00:00,8.3502105
2025-03-24 23:00:00+00:00,8.0269644
2025-03-25 00:00:00+00:00,7.6522380000000005
2025-03-25 01:00:00+00:00,7.4153369
2025-03-25 02:00:00+00:00,7.359232700000001
2025-03-25 03:00:00+00:00,7.493668499999999
2025-03-25 04:00:00+00:00,7.987331
2025-03-25 05:00:00+00:00,8.848109
2025-03-25 06:00:00+00:00,9.234028799999999
2025-03-25 07:00:00+00:00,8.812562199999999
2025-03-25 08:00:00+00:00,7.640148600000001
2025-03-25 09:00:00+00:00,6.3174131000000004
2025-03-25 10:00:00+00:00,5.4320476
2025-03-25 11:00:00+00:00,5.0074264
2025-03-25 12:00:00+00:00,5.083652100000002
2025-03-25 13:00:00+00:00,5.663466600000002
2025-03-25 14:00:00+00:00,6.523465699999999
2025-03-25 15:00:00+00:00,7.6288048999999996
2025-03-25 16:00:00+00:00,9.0324952
2025-03-25 17:00:00+00:00,9.9888121
2025-03-25 18:00:00+00:00,10.1370772
2025-03-25 19:00:00+00:00,9.6221199
2025-03-25 20:00:00+00:00,9.0626623
2025-03-25 21:00:00+00:00,8.7057809
2025-03-25 22:00:00+00:00,8.382439399999999
2025-03-25 23:00:00+00:00,7.9261357
2025-03-26 00:00:00+00:00,7.6173085
2025-03-26 01:00:00+00:00,7.4751840000000005
2025-03-26 02:00:00+00:00,7.4311979
2025-03-26 03:00:00+00:00,7.6131364
2025-03-26 04:00:00+00:00,8.1407501
2025-03-26 05:00:00+00:00,9.077032500000001
2025-03-26 06:00:00+00:00,9.5579062
2025-03-26 07:00:00+00:00,9.375242199999999
2025-03-26 08:00:00+00:00,8.4972391
2025-03-26 09:00:00+00:00,7.4343533
2025-03-26 10:00:00+00:00,6.676198600000001
2025-03-26 11:00:00+00:00,6.035943300000001
2025-03-26 12:00:00+00:00,5.720217600000001
2025-03-26 13:00:00+00:00,5.618265799999999
2025-03-26 14:00:00+00:00,6.1549037
2025-03-26 15:00:00+00:00,7.151609400000002
2025-03-26 16:00:00+00:00,8.6312387
2025-03-26 17:00:00+00:00,10.0048219
2025-03-26 18:00:00+00:00,10.305589199999998
2025-03-26 19:00:00+00:00,9.9287427
2025-03-26 20:00:00+00:00,9.3620612
2025-03-26 21:00:00+00:00,9.0854836
2025-03-26 22:00:00+00:00,8.7920542
2025-03-26 23:00:00+00:00,8.2593477
2025-03-27 00:00:00+00:00,7.868257
2025-03-27 01:00:00+00:00,7.6982065
2025-03-27 02:00:00+00:00,7.6896022
2025-03-27 03:00:00+00:00,7.9129466
2025-03-27 04:00:00+00:00,8.4704825
2025-03-27 05:00:00+00:00,9.5012621
2025-03-27 06:00:00+00:00,9.6837787
2025-03-27 07:00:00+00:00,8.7763719
2025-03-27 08:00:00+00:00,7.0939778
2025-03-27 09:00:00+00:00,5.445579599999999
2025-03-27 10:00:00+00:00,4.3842324999999995
2025-03-27 11:00:00+00:00,3.724749700000001
2025-03-27 12:00:00+00:00,3.6957849000000005
2025-03-27 13:00:00+00:00,4.1352405999999995
2025-03-27 14:00:00+00:00,5.221466499999999
2025-03-27 15:00:00+00:00,6.7388105000000005
2025-03-27 16:00:00+00:00,8.5527618
2025-03-27 17:00:00+00:00,10.041211299999999
2025-03-27 18:00:00+00:00,10.2967037
2025-03-27 19:00:00+00:00,9.832347299999999
2025-03-27 20:00:00+00:00,9.265443300000001
2025-03-27 21:00:00+00:00,8.954996399999999
2025-03-27 22:00:00+00:00,8.5687898
2025-03-27 23:00:00+00:00,8.058102199999999
2025-03-28 00:00:00+00:00,7.5316429
2025-03-28 01:00:00+00:00,7.1764679000000005
2025-03-28 02:00:00+00:00,6.9706464
2025-03-28 03:00:00+00:00,7.0395577000000005
2025-03-28 04:00:00+00:00,7.3989412
2025-03-28 05:00:00+00:00,8.0985551
2025-03-28 06:00:00+00:00,8.2951507
2025-03-28 07:00:00+00:00,7.7610211
2025-03-28 08:00:00+00:00,6.8665988
2025-03-28 09:00:00+00:00,5.773920499999999
2025-03-28 10:00:00+00:00,5.060282900000001
2025-03-28 11:00:00+00:00,4.451882899999999
2025-03-28 12:00:00+00:00,4.519291
2025-03-28 13:00:00+00:00,5.0431057
2025-03-28 14:00:00+00:00,5.971215699999999
2025-03-28 15:00:00+00:00,7.177335
2025-03-28 16:00:00+00:00,8.3519664
2025-03-28 17:00:00+00:00,9.2774193
2025-03-28 18:00:00+00:00,9.477720099999999
2025-03-28 19:00:00+00:00,9.079359199999999
2025-03-28 20:00:00+00:00,8.597987100000001
2025-03-28 21:00:00+00:00,8.285120599999999
2025-03-28 22:00:00+00:00,7.986351599999999
2025-03-28 23:00:00+00:00,6.864024
2025-03-29 00:00:00+00:00,6.3671413
2025-03-29 01:00:00+00:00,6.114561000000001
2025-03-29 02:00:00+00:00,5.9553583
2025-03-29 03:00:00+00:00,5.981529200000001
2025-03-29 04:00:00+00:00,6.269161
2025-03-29 05:00:00+00:00,6.6532418
2025-03-29 06:00:00+00:00,6.5318089
2025-03-29 07:00:00+00:00,5.784152000000001
2025-03-29 08:00:00+00:00,4.9262702
2025-03-29 09:00:00+00:00,3.9699132000000006
2025-03-29 10:00:00+00:00,3.9507457000000006
2025-03-29 11:00:00+00:00,3.785447500000001
2025-03-29 12:00:00+00:00,3.0126686000000005
2025-03-29 13:00:00+00:00,3.4109098000000007
2025-03-29 14:00:00+00:00,4.1347329
2025-03-29 15:00:00+00:00,5.0855212000000005
2025-03-29 16:00:00+00:00,6.5817633
2025-03-29 17:00:00+00:00,7.9761611
2025-03-29 18:00:00+00:00,8.066744100000001
2025-03-29 19:00:00+00:00,7.4756646
2025-03-29 20:00:00+00:00,6.6915472000000005
2025-03-29 21:00:00+00:00,6.231003300000001
2025-03-29 22:00:00+00:00,5.8803195
2025-03-29 23:00:00+00:00,5.113782500000001
2025-03-30 00:00:00+00:00,4.503882900000001
2025-03-30 01:00:00+00:00,4.188170800000001
2025-03-30 02:00:00+00:00,3.8162670000000003
2025-03-30 03:00:00+00:00,3.985953500000001
2025-03-30 04:00:00+00:00,4.2461483
2025-03-30 05:00:00+00:00,4.464321
2025-03-30 06:00:00+00:00,4.874370399999999
2025-03-30 07:00:00+00:00,4.751639600000001
2025-03-30 08:00:00+00:00,4.1988995000000005
2025-03-30 09:00:00+00:00,3.491890699999999
2025-03-30 10:00:00+00:00,2.7546090999999997
2025-03-30 11:00:00+00:00,1.7784827000000014
2025-03-30 12:00:00+00:00,1.347969299999999
2025-03-30 13:00:00+00:00,1.763976200000001
2025-03-30 14:00:00+00:00,2.5812100000000004
2025-03-30 15:00:00+00:00,4.020440000000001
2025-03-30 16:00:00+00:00,5.679711499999999
2025-03-30 17:00:00+00:00,6.784236900000001
2025-03-30 18:00:00+00:00,6.8174767
2025-03-30 19:00:00+00:00,6.430702700000001
2025-03-30 20:00:00+00:00,6.2709636
2025-03-30 21:00:00+00:00,6.1055814
2025-03-30 22:00:00+00:00,5.6701917
2025-03-30 23:00:00+00:00,5.6436649
2025-03-31 00:00:00+00:00,5.632855500000001
2025-03-31 01:00:00+00:00,5.7763539
2025-03-31 02:00:00+00:00,5.9279018
2025-03-31 03:00:00+00:00,6.7757034
2025-03-31 04:00:00+00:00,7.7039043000000005
2025-03-31 05:00:00+00:00,8.4459173
2025-03-31 06:00:00+00:00,8.4722708
2025-03-31 07:00:00+00:00,7.5093889
2025-03-31 08:00:00+00:00,6.3727250999999985
2025-03-31 09:00:00+00:00,5.0830961
2025-03-31 10:00:00+00:00,3.9229507000000003
2025-03-31 11:00:00+00:00,3.3256459000000005
2025-03-31 12:00:00+00:00,3.077776299999999
2025-03-31 13:00:00+00:00,3.5702399000000007
2025-03-31 14:00:00+00:00,4.643560800000001
2025-03-31 15:00:00+00:00,6.259625699999999
2025-03-31 16:00:00+00:00,7.643063600000001
2025-03-31 17:00:00+00:00,8.9006143
2025-03-31 18:00:00+00:00,9.0454667
2025-03-31 19:00:00+00:00,8.5418852
2025-03-31 20:00:00+00:00,8.006241000000001
2025-03-31 21:00:00+00:00,7.6858951
2025-03-31 22:00:00+00:00,6.968655399999999
2025-03-31 23:00:00+00:00,6.3713384
2025-04-01 00:00:00+00:00,6.2609662
2025-04-01 01:00:00+00:00,6.258860200000001
2025-04-01 02:00:00+00:00,6.4543591000000005
2025-04-01 03:00:00+00:00,6.941693
2025-04-01 04:00:00+00:00,7.755310499999999
2025-04-01 05:00:00+00:00,8.379975600000002
2025-04-01 06:00:00+00:00,8.0648879
2025-04-01 07:00:00+00:00,6.8106241999999995
2025-04-01 08:00:00+00:00,4.942475399999999
2025-04-01 09:00:00+00:00,3.6692846999999995
2025-04-01 10:00:00+00:00,2.668556100000001
2025-04-01 11:00:00+00:00,1.6676761999999998
2025-04-01 12:00:00+00:00,1.4086514999999995
2025-04-01 13:00:00+00:00,1.5476379000000007
2025-04-01 14:00:00+00:00,2.4828001000000004
2025-04-01 15:00:00+00:00,3.9684939000000004
2025-04-01 16:00:00+00:00,5.4388711999999995
2025-04-01 17:00:00+00:00,6.8919575
2025-04-01 18:00:00+00:00,7.261436800000002
2025-04-01 19:00:00+00:00,6.684473100000001
2025-04-01 20:00:00+00:00,6.235790399999999
2025-04-01 21:00:00+00:00,5.905670699999999
2025-04-01 22:00:00+00:00,4.9087628
2025-04-01 23:00:00+00:00,4.3542518
2025-04-02 00:00:00+00:00,4.3410876
2025-04-02 01:00:00+00:00,4.5089343
2025-04-02 02:00:00+00:00,4.853533700000002
2025-04-02 03:00:00+00:00,5.4823626999999995
2025-04-02 04:00:00+00:00,6.2807695
2025-04-02 05:00:00+00:00,6.826601700000001
2025-04-02 06:00:00+00:00,6.2875421000000005
2025-04-02 07:00:00+00:00,4.809403100000002
2025-04-02 08:00:00+00:00,3.275642500000002
2025-04-02 09:00:00+00:00,1.8666959000000016
2025-04-02 10:00:00+00:00,0.7020028000000007
2025-04-02 11:00:00+00:00,0.28201420000000077
2025-04-02 12:00:00+00:00,0.1746162000000009
2025-04-02 13:00:00+00:00,0.7242555000000017
2025-04-02 14:00:00+00:00,1.7479632999999986
2025-04-02 15:00:00+00:00,3.2792356000000016
2025-04-02 16:00:00+00:00,4.6834629
2025-04-02 17:00:00+00:00,6.1451055000000006
2025-04-02 18:00:00+00:00,6.694799
2025-04-02 19:00:00+00:00,6.212291200000001
2025-04-02 20:00:00+00:00,5.737773600000001
2025-04-02 21:00:00+00:00,5.507025499999999
2025-04-02 22:00:00+00:00,4.963795299999999
2025-04-02 23:00:00+00:00,4.3836157
2025-04-03 00:00:00+00:00,4.2478064
2025-04-03 01:00:00+00:00,4.3597751
2025-04-03 02:00:00+00:00,4.660091
2025-04-03 03:00:00+00:00,5.273882
2025-04-03 04:00:00+00:00,6.085680399999998
2025-04-03 05:00:00+00:00,6.748334799999999
2025-04-03 06:00:00+00:00,6.4684313
2025-04-03 07:00:00+00:00,5.229042700000001
2025-04-03 08:00:00+00:00,3.822992000000001
2025-04-03 09:00:00+00:00,2.6067645000000015
2025-04-03 10:00:00+00:00,1.6234796000000022
2025-04-03 11:00:00+00:00,1.247842499999999
2025-04-03 12:00:00+00:00,1.270737500000001
2025-04-03 13:00:00+00:00,1.8796600999999997
2025-04-03 14:00:00+00:00,3.0558139000000004
2025-04-03 15:00:00+00:00,4.847935499999999
2025-04-03 16:00:00+00:00,6.3590141
2025-04-03 17:00:00+00:00,7.802207300000001
2025-04-03 18:00:00+00:00,8.2283241
2025-04-03 19:00:00+00:00,7.7054200999999996
2025-04-03 20:00:00+00:00,7.2071833000000005
2025-04-03 21:00:00+00:00,7.013265499999999
2025-04-03 22:00:00+00:00,6.6346153999999995
2025-04-03 23:00:00+00:00,6.1849958
2025-04-04 00:00:00+00:00,6.1516417
2025-04-04 01:00:00+00:00,6.2809835000000005
2025-04-04 02:00:00+00:00,6.562941500000001
2025-04-04 03:00:00+00:00,7.1540036
2025-04-04 04:00:00+00:00,7.881745200000001
2025-04-04 05:00:00+00:00,8.251834500000001
2025-04-04 06:00:00+00:00,7.7860122
2025-04-04 07:00:00+00:00,6.3736234
2025-04-04 08:00:00+00:00,4.615131699999999
2025-04-04 09:00:00+00:00,3.1453593
2025-04-04 10:00:00+00:00,2.0649144
2025-04-04 11:00:00+00:00,1.3247410999999998
2025-04-04 12:00:00+00:00,1.0577845999999997
2025-04-04 13:00:00+00:00,1.442272700000001
2025-04-04 14:00:00+00:00,2.4412090000000015
2025-04-04 15:00:00+00:00,3.7220782000000003
2025-04-04 16:00:00+00:00,5.4124749
2025-04-04 17:00:00+00:00,6.7493354
2025-04-04 18:00:00+00:00,6.8858885999999995
2025-04-04 19:00:00+00:00,6.305600200000001
2025-04-04 20:00:00+00:00,5.848288
2025-04-04 21:00:00+00:00,5.6828149
2025-04-04 22:00:00+00:00,5.6796159
2025-04-04 23:00:00+00:00,5.2903664
2025-04-05 00:00:00+00:00,5.2742947000000004
2025-04-05 01:00:00+00:00,5.3912941
2025-04-05 02:00:00+00:00,5.718763
2025-04-05 03:00:00+00:00,6.1294295
2025-04-05 04:00:00+00:00,6.2980303
2025-04-05 05:00:00+00:00,6.4344703
2025-04-05 06:00:00+00:00,5.988943899999999
2025-04-05 07:00:00+00:00,4.7922052
2025-04-05 08:00:00+00:00,3.2633522
2025-04-05 09:00:00+00:00,2.1192308000000004
2025-04-05 10:00:00+00:00,1.2142174999999993
2025-04-05 11:00:00+00:00,0.3331507999999985
2025-04-05 12:00:00+00:00,0.03494090000000227
2025-04-05 13:00:00+00:00,0.31192990000000087
2025-04-05 14:00:00+00:00,1.244332
2025-04-05 15:00:00+00:00,2.8300853999999998
2025-04-05 16:00:00+00:00,4.2090946
2025-04-05 17:00:00+00:00,5.596254000000002
2025-04-05 18:00:00+00:00,5.9388194
2025-04-05 19:00:00+00:00,5.815849500000001
2025-04-05 20:00:00+00:00,5.231287000000001
2025-04-05 21:00:00+00:00,4.9707154000000005
2025-04-05 22:00:00+00:00,4.8416759
2025-04-05 23:00:00+00:00,4.425806700000001
2025-04-06 00:00:00+00:00,4.207103
2025-04-06 01:00:00+00:00,4.2771861
2025-04-06 02:00:00+00:00,4.3996361
2025-04-06 03:00:00+00:00,4.6210632
2025-04-06 04:00:00+00:00,4.773153499999999
2025-04-06 05:00:00+00:00,4.8890087
2025-04-06 06:00:00+00:00,4.3548235
2025-04-06 07:00:00+00:00,3.011606200000001
2025-04-06 08:00:00+00:00,1.5337875999999993
2025-04-06 09:00:00+00:00,0.41587870000000215
2025-04-06 10:00:00+00:00,-0.2101419999999976
2025-04-06 11:00:00+00:00,-0.9003966000000005
2025-04-06 12:00:00+00:00,-0.9856157999999979
2025-04-06 13:00:00+00:00,-0.4280715999999991
2025-04-06 14:00:00+00:00,0.7353722000000005
2025-04-06 15:00:00+00:00,2.5109804000000002
2025-04-06 16:00:00+00:00,4.571948
2025-04-06 17:00:00+00:00,6.2703501
2025-04-06 18:00:00+00:00,6.815706499999999
2025-04-06 19:00:00+00:00,6.816382600000002
2025-04-06 20:00:00+00:00,6.5482955
2025-04-06 21:00:00+00:00,6.3516362
2025-04-06 22:00:00+00:00,6.185397
2025-04-06 23:00:00+00:00,5.970258100000001
2025-04-07 00:00:00+00:00,5.9159869
2025-04-07 01:00:00+00:00,6.016928500000001
2025-04-07 02:00:00+00:00,6.2289825
2025-04-07 03:00:00+00:00,6.6877538
2025-04-07 04:00:00+00:00,7.4243304000000006
2025-04-07 05:00:00+00:00,8.0798192
2025-04-07 06:00:00+00:00,7.8545237
2025-04-07 07:00:00+00:00,6.689550500000001
2025-04-07 08:00:00+00:00,5.1752486
2025-04-07 09:00:00+00:00,3.8315553000000007
2025-04-07 10:00:00+00:00,2.6956689999999996
2025-04-07 11:00:00+00:00,2.1102084000000003
2025-04-07 12:00:00+00:00,2.0382121
2025-04-07 13:00:00+00:00,2.4565257999999988
2025-04-07 14:00:00+00:00,3.4578703000000006
2025-04-07 15:00:00+00:00,5.057145900000002
2025-04-07 16:00:00+00:00,7.035533500000001
2025-04-07 17:00:00+00:00,8.393540000000002
2025-04-07 18:00:00+00:00,8.586262600000001
2025-04-07 19:00:00+00:00,8.0800538
2025-04-07 20:00:00+00:00,7.7422298000000005
2025-04-07 21:00:00+00:00,7.4061360999999994
2025-04-07 22:00:00+00:00,7.046600199999999
2025-04-07 23:00:00+00:00,6.8583723
2025-04-08 00:00:00+00:00,6.730853999999999
2025-04-08 01:00:00+00:00,6.661332
2025-04-08 02:00:00+00:00,6.7866547
2025-04-08 03:00:00+00:00,7.2150221000000005
2025-04-08 04:00:00+00:00,8.1391435
2025-04-08 05:00:00+00:00,8.7694023
2025-04-08 06:00:00+00:00,8.490003600000001
2025-04-08 07:00:00+00:00,7.2615485
2025-04-08 08:00:00+00:00,5.654355200000001
2025-04-08 09:00:00+00:00,4.174839400000001
2025-04-08 10:00:00+00:00,3.3683409000000006
2025-04-08 11:00:00+00:00,2.747559699999999
2025-04-08 12:00:00+00:00,2.7266190000000003
2025-04-08 13:00:00+00:00,3.1451762
2025-04-08 14:00:00+00:00,3.9948809999999986
2025-04-08 15:00:00+00:00,5.539790199999999
2025-04-08 16:00:00+00:00,7.2228724
2025-04-08 17:00:00+00:00,8.3460248
2025-04-08 18:00:00+00:00,8.545586299999998
2025-04-08 19:00:00+00:00,8.1454602
2025-04-08 20:00:00+00:00,7.7974325
2025-04-08 21:00:00+00:00,7.5413711
2025-04-08 22:00:00+00:00,7.107762800000001
2025-04-08 23:00:00+00:00,6.7155983
2025-04-09 00:00:00+00:00,6.512289300000001
2025-04-09 01:00:00+00:00,6.521827099999999
2025-04-09 02:00:00+00:00,6.659234199999999
2025-04-09 03:00:00+00:00,7.1201809
2025-04-09 04:00:00+00:00,7.81327
2025-04-09 05:00:00+00:00,8.298598600000002
2025-04-09 06:00:00+00:00,7.9903797999999995
2025-04-09 07:00:00+00:00,6.8170061
2025-04-09 08:00:00+00:00,5.350969199999999
2025-04-09 09:00:00+00:00,4.020519
2025-04-09 10:00:00+00:00,2.9864680999999997
2025-04-09 11:00:00+00:00,2.4949291000000002
2025-04-09 12:00:00+00:00,2.5428768
2025-04-09 13:00:00+00:00,2.877615399999999
2025-04-09 14:00:00+00:00,3.5212019999999997
2025-04-09 15:00:00+00:00,4.8314383
2025-04-09 16:00:00+00:00,6.387235900000001
2025-04-09 17:00:00+00:00,7.601931500000001
2025-04-09 18:00:00+00:00,7.861896699999999
2025-04-09 19:00:00+00:00,7.7629215
2025-04-09 20:00:00+00:00,7.6387877
2025-04-09 21:00:00+00:00,7.5088103
2025-04-09 22:00:00+00:00,7.1869481
2025-04-09 23:00:00+00:00,6.8179033
2025-04-10 00:00:00+00:00,6.750469799999999
2025-04-10 01:00:00+00:00,6.837828099999999
2025-04-10 02:00:00+00:00,7.0007354
2025-04-10 03:00:00+00:00,7.3294029
2025-04-10 04:00:00+00:00,8.094120499999999
2025-04-10 05:00:00+00:00,8.854183500000001
2025-04-10 06:00:00+00:00,9.040261100000002
2025-04-10 07:00:00+00:00,8.407030599999999
2025-04-10 08:00:00+00:00,7.237096299999999
2025-04-10 09:00:00+00:00,5.850965299999999
2025-04-10 10:00:00+00:00,4.6255663
2025-04-10 11:00:00+00:00,3.8303545000000003
2025-04-10 12:00:00+00:00,3.3274505000000003
2025-04-10 13:00:00+00:00,3.359469700000001
2025-04-10 14:00:00+00:00,4.1143258
2025-04-10 15:00:00+00:00,5.4619520999999995
2025-04-10 16:00:00+00:00,7.2453333
2025-04-10 17:00:00+00:00,8.8130074
2025-04-10 18:00:00+00:00,9.3943429
2025-04-10 19:00:00+00:00,9.1433572
2025-04-10 20:00:00+00:00,8.9033342
2025-04-10 21:00:00+00:00,8.641264699999999
2025-04-10 22:00:00+00:00,8.379925299999998
2025-04-10 23:00:00+00:00,8.062338999999998
2025-04-11 00:00:00+00:00,7.8092847
2025-04-11 01:00:00+00:00,7.705513
2025-04-11 02:00:00+00:00,7.7204722
2025-04-11 03:00:00+00:00,7.9764024
2025-04-11 04:00:00+00:00,8.7492294
2025-04-11 05:00:00+00:00,9.2631457
2025-04-11 06:00:00+00:00,8.922205000000002
2025-04-11 07:00:00+00:00,7.7347708
2025-04-11 08:00:00+00:00,6.092348200000001
2025-04-11 09:00:00+00:00,4.6063524
2025-04-11 10:00:00+00:00,3.440630100000001
2025-04-11 11:00:00+00:00,2.906228300000002
2025-04-11 12:00:00+00:00,2.767815999999999
2025-04-11 13:00:00+00:00,3.1554876999999992
2025-04-11 14:00:00+00:00,4.038023900000001
2025-04-11 15:00:00+00:00,5.5327264000000005
2025-04-11 16:00:00+00:00,7.291634800000001
2025-04-11 17:00:00+00:00,8.730172500000002
2025-04-11 18:00:00+00:00,9.2250226
2025-04-11 19:00:00+00:00,8.9006054
2025-04-11 20:00:00+00:00,8.5196039
2025-04-11 21:00:00+00:00,8.0951527
2025-04-11 22:00:00+00:00,7.928088699999999
2025-04-11 23:00:00+00:00,7.6197452
2025-04-12 00:00:00+00:00,7.2365922
2025-04-12 01:00:00+00:00,6.9417627
2025-04-12 02:00:00+00:00,6.8164166999999996
2025-04-12 03:00:00+00:00,6.874653400000001
2025-04-12 04:00:00+00:00,7.042461
2025-04-12 05:00:00+00:00,6.6908589
2025-04-12 06:00:00+00:00,5.915638199999999
2025-04-12 07:00:00+00:00,4.755470400000002
2025-04-12 08:00:00+00:00,3.5628753000000017
2025-04-12 09:00:00+00:00,2.4483071
2025-04-12 10:00:00+00:00,1.5950168999999992
2025-04-12 11:00:00+00:00,1.1548417000000004
2025-04-12 12:00:00+00:00,0.9487316000000003
2025-04-12 13:00:00+00:00,1.3622029000000007
2025-04-12 14:00:00+00:00,2.1905097
2025-04-12 15:00:00+00:00,3.6345474000000015
2025-04-12 16:00:00+00:00,5.499267000000001
2025-04-12 17:00:00+00:00,6.9046034
2025-04-12 18:00:00+00:00,7.187976
2025-04-12 19:00:00+00:00,6.8560728000000015
2025-04-12 20:00:00+00:00,6.389778100000001
2025-04-12 21:00:00+00:00,5.975702200000001
2025-04-12 22:00:00+00:00,5.5983164
2025-04-12 23:00:00+00:00,5.1469913
2025-04-13 00:00:00+00:00,4.9350705
2025-04-13 01:00:00+00:00,4.9002021000000004
2025-04-13 02:00:00+00:00,5.0056867
2025-04-13 03:00:00+00:00,5.0730995000000005
2025-04-13 04:00:00+00:00,5.1833666
2025-04-13 05:00:00+00:00,5.146456799999999
2025-04-13 06:00:00+00:00,4.988921300000001
2025-04-13 07:00:00+00:00,4.586257400000001
2025-04-13 08:00:00+00:00,4.028202
2025-04-13 09:00:00+00:00,3.3517342
2025-04-13 10:00:00+00:00,2.954396400000001
2025-04-13 11:00:00+00:00,2.464458800000001
2025-04-13 12:00:00+00:00,1.7595490000000007
2025-04-13 13:00:00+00:00,1.4458577000000004
2025-04-13 14:00:00+00:00,1.742293000000001
2025-04-13 15:00:00+00:00,2.910615
2025-04-13 16:00:00+00:00,4.6420096000000015
2025-04-13 17:00:00+00:00,6.1551160000000005
2025-04-13 18:00:00+00:00,6.925769900000001
2025-04-13 19:00:00+00:00,6.963075599999999
2025-04-13 20:00:00+00:00,6.828261599999999
2025-04-13 21:00:00+00:00,6.650297499999999
2025-04-13 22:00:00+00:00,6.0699309
2025-04-13 23:00:00+00:00,5.7627103
2025-04-14 00:00:00+00:00,6.0115842
2025-04-14 01:00:00+00:00,6.245969199999999
2025-04-14 02:00:00+00:00,6.655531
2025-04-14 03:00:00+00:00,7.4379012
2025-04-14 04:00:00+00:00,8.5450733
2025-04-14 05:00:00+00:00,8.8090647
2025-04-14 06:00:00+00:00,8.437624299999998
2025-04-14 07:00:00+00:00,7.3781041
2025-04-14 08:00:00+00:00,6.0091493
2025-04-14 09:00:00+00:00,4.897553900000001
2025-04-14 10:00:00+00:00,4.0050992
2025-04-14 11:00:00+00:00,3.7927422
2025-04-14 12:00:00+00:00,3.8844142999999987
2025-04-14 13:00:00+00:00,4.4862948
2025-04-14 14:00:00+00:00,5.086884
2025-04-14 15:00:00+00:00,6.143871500000001
2025-04-14 16:00:00+00:00,7.480337099999999
2025-04-14 17:00:00+00:00,8.468144500000001
2025-04-14 18:00:00+00:00,8.7713809
2025-04-14 19:00:00+00:00,8.5111083
2025-04-14 20:00:00+00:00,8.3386223
2025-04-14 21:00:00+00:00,7.6648998
2025-04-14 22:00:00+00:00,6.758188399999999
2025-04-14 23:00:00+00:00,6.3407615999999996
2025-04-15 00:00:00+00:00,5.9166743
2025-04-15 01:00:00+00:00,5.834708200000001
2025-04-15 02:00:00+00:00,6.0803382
2025-04-15 03:00:00+00:00,6.7253685999999995
2025-04-15 04:00:00+00:00,7.566924400000001
2025-04-15 05:00:00+00:00,8.1261739
2025-04-15 06:00:00+00:00,8.0123919
2025-04-15 07:00:00+00:00,7.545981000000001
2025-04-15 08:00:00+00:00,6.903078600000001
2025-04-15 09:00:00+00:00,6.586663400000001
2025-04-15 10:00:00+00:00,5.9705253
2025-04-15 11:00:00+00:00,5.6477881
2025-04-15 12:00:00+00:00,5.2134552
2025-04-15 13:00:00+00:00,5.447281500000001
2025-04-15 14:00:00+00:00,6.1007657
2025-04-15 15:00:00+00:00,6.7418485
2025-04-15 16:00:00+00:00,7.4688094000000005
2025-04-15 17:00:00+00:00,8.2524132
2025-04-15 18:00:00+00:00,8.469393300000002
2025-04-15 19:00:00+00:00,7.916710599999998
2025-04-15 20:00:00+00:00,7.320924600000001
2025-04-15 21:00:00+00:00,6.648313599999999
2025-04-15 22:00:00+00:00,5.771362
2025-04-15 23:00:00+00:00,5.151289200000001
2025-04-16 00:00:00+00:00,4.8177407
2025-04-16 01:00:00+00:00,4.681673700000001
2025-04-16 02:00:00+00:00,4.868409
2025-04-16 03:00:00+00:00,5.3522204
2025-04-16 04:00:00+00:00,6.1191409
2025-04-16 05:00:00+00:00,6.602267800000001
2025-04-16 06:00:00+00:00,6.679242900000001
2025-04-16 07:00:00+00:00,6.314014
2025-04-16 08:00:00+00:00,5.471545499999999
2025-04-16 09:00:00+00:00,5.215270500000002
2025-04-16 10:00:00+00:00,5.030035000000001
2025-04-16 11:00:00+00:00,5.130204099999999
2025-04-16 12:00:00+00:00,5.311611599999999
2025-04-16 13:00:00+00:00,5.414086099999999
2025-04-16 14:00:00+00:00,5.7332915999999985
2025-04-16 15:00:00+00:00,6.728595500000002
2025-04-16 16:00:00+00:00,7.7063236999999996
2025-04-16 17:00:00+00:00,8.5617233
2025-04-16 18:00:00+00:00,8.828263699999999
2025-04-16 19:00:00+00:00,8.797573199999999
2025-04-16 20:00:00+00:00,8.6042699
2025-04-16 21:00:00+00:00,8.3119357
2025-04-16 22:00:00+00:00,8.033148
2025-04-16 23:00:00+00:00,7.575723099999999
2025-04-17 00:00:00+00:00,7.317487
2025-04-17 01:00:00+00:00,7.2536461999999995
2025-04-17 02:00:00+00:00,7.325270300000001
2025-04-17 03:00:00+00:00,7.575691099999999
2025-04-17 04:00:00+00:00,8.3364369
2025-04-17 05:00:00+00:00,8.9722694
2025-04-17 06:00:00+00:00,9.145348499999999
2025-04-17 07:00:00+00:00,8.870075700000001
2025-04-17 08:00:00+00:00,8.3421736
2025-04-17 09:00:00+00:00,7.8810672
2025-04-17 10:00:00+00:00,7.462709500000001
2025-04-17 11:00:00+00:00,7.2572844
2025-04-17 12:00:00+00:00,7.235668400000001
2025-04-17 13:00:00+00:00,7.293846
2025-04-17 14:00:00+00:00,7.458229300000001
2025-04-17 15:00:00+00:00,8.0506668
2025-04-17 16:00:00+00:00,8.7458743
2025-04-17 17:00:00+00:00,9.1298457
2025-04-17 18:00:00+00:00,9.2321067
2025-04-17 19:00:00+00:00,9.0333338
2025-04-17 20:00:00+00:00,8.8305654
2025-04-17 21:00:00+00:00,8.4972504
2025-04-17 22:00:00+00:00,8.047964499999999
2025-04-17 23:00:00+00:00,7.555107
2025-04-18 00:00:00+00:00,7.292264500000001
2025-04-18 01:00:00+00:00,7.186432
2025-04-18 02:00:00+00:00,7.2940933
2025-04-18 03:00:00+00:00,7.6556854
2025-04-18 04:00:00+00:00,8.3100798
2025-04-18 05:00:00+00:00,8.833616600000001
2025-04-18 06:00:00+00:00,8.6307077
2025-04-18 07:00:00+00:00,7.7350186
2025-04-18 08:00:00+00:00,6.617369399999999
2025-04-18 09:00:00+00:00,5.469245099999999
2025-04-18 10:00:00+00:00,4.292109700000001
2025-04-18 11:00:00+00:00,3.934192199999999
2025-04-18 12:00:00+00:00,4.0063796
2025-04-18 13:00:00+00:00,4.5088916
2025-04-18 14:00:00+00:00,5.263124100000001
2025-04-18 15:00:00+00:00,6.0875843
2025-04-18 16:00:00+00:00,7.2135985
2025-04-18 17:00:00+00:00,8.105286500000002
2025-04-18 18:00:00+00:00,8.199298500000001
2025-04-18 19:00:00+00:00,7.6384483
2025-04-18 20:00:00+00:00,7.1106484
2025-04-18 21:00:00+00:00,6.6796802
2025-04-18 22:00:00+00:00,6.569606500000001
2025-04-18 23:00:00+00:00,6.3360607
2025-04-19 00:00:00+00:00,6.098555000000001
2025-04-19 01:00:00+00:00,6.0273899
2025-04-19 02:00:00+00:00,6.0378212
2025-04-19 03:00:00+00:00,6.0891927
2025-04-19 04:00:00+00:00,6.3295137
2025-04-19 05:00:00+00:00,6.165846800000001
2025-04-19 06:00:00+00:00,5.5417483999999995
2025-04-19 07:00:00+00:00,4.598932500000002
2025-04-19 08:00:00+00:00,3.520993599999999
2025-04-19 09:00:00+00:00,2.530602199999999
2025-04-19 10:00:00+00:00,1.6170257000000001
2025-04-19 11:00:00+00:00,1.2380076000000022
2025-04-19 12:00:00+00:00,1.0618133999999992
2025-04-19 13:00:00+00:00,1.3959791
2025-04-19 14:00:00+00:00,2.2739300999999994
2025-04-19 15:00:00+00:00,3.647223800000001
2025-04-19 16:00:00+00:00,4.8726928
2025-04-19 17:00:00+00:00,5.9194567
2025-04-19 18:00:00+00:00,6.2862445000000005
2025-04-19 19:00:00+00:00,6.0577713
2025-04-19 20:00:00+00:00,5.8686305
2025-04-19 21:00:00+00:00,5.696535299999999
2025-04-19 22:00:00+00:00,5.5108204
2025-04-19 23:00:00+00:00,5.2199485
2025-04-20 00:00:00+00:00,5.067070599999999
2025-04-20 01:00:00+00:00,5.0605296
2025-04-20 02:00:00+00:00,5.2675591
2025-04-20 03:00:00+00:00,5.5456572
2025-04-20 04:00:00+00:00,5.8420372
2025-04-20 05:00:00+00:00,5.7609756
2025-04-20 06:00:00+00:00,5.666278
2025-04-20 07:00:00+00:00,5.147821800000001
2025-04-20 08:00:00+00:00,4.4993321
2025-04-20 09:00:00+00:00,3.8916591
2025-04-20 10:00:00+00:00,3.5661614999999998
2025-04-20 11:00:00+00:00,3.3108010000000005
2025-04-20 12:00:00+00:00,3.4194248
2025-04-20 13:00:00+00:00,3.5846768000000004
2025-04-20 14:00:00+00:00,4.0989472000000005
2025-04-20 15:00:00+00:00,5.188392
2025-04-20 16:00:00+00:00,6.4728859
2025-04-20 17:00:00+00:00,7.556206300000001
2025-04-20 18:00:00+00:00,8.0904487
2025-04-20 19:00:00+00:00,8.000365500000001
2025-04-20 20:00:00+00:00,7.7623044
2025-04-20 21:00:00+00:00,7.4200088
2025-04-20 22:00:00+00:00,6.9800561000000005
2025-04-20 23:00:00+00:00,6.542701699999999
2025-04-21 00:00:00+00:00,6.3531747
2025-04-21 01:00:00+00:00,6.2458161
2025-04-21 02:00:00+00:00,6.337983299999999
2025-04-21 03:00:00+00:00,6.3906254
2025-04-21 04:00:00+00:00,6.469619000000001
2025-04-21 05:00:00+00:00,6.426798
2025-04-21 06:00:00+00:00,6.080605
2025-04-21 07:00:00+00:00,5.541191400000001
2025-04-21 08:00:00+00:00,4.928066299999999
2025-04-21 09:00:00+00:00,4.526976
2025-04-21 10:00:00+00:00,4.358613000000002
2025-04-21 11:00:00+00:00,4.035411500000001
2025-04-21 12:00:00+00:00,3.8707799
2025-04-21 13:00:00+00:00,3.9150852
2025-04-21 14:00:00+00:00,4.3975495
2025-04-21 15:00:00+00:00,5.4341675
2025-04-21 16:00:00+00:00,6.602598899999999
2025-04-21 17:00:00+00:00,7.581507599999999
2025-04-21 18:00:00+00:00,8.0388538
2025-04-21 19:00:00+00:00,8.1631187
2025-04-21 20:00:00+00:00,8.011097600000001
2025-04-21 21:00:00+00:00,7.429310900000001
2025-04-21 22:00:00+00:00,6.9971695
2025-04-21 23:00:00+00:00,6.805905200000001
2025-04-22 00:00:00+00:00,6.036821099999999
2025-04-22 01:00:00+00:00,6.0173719000000006
2025-04-22 02:00:00+00:00,6.2627027
2025-04-22 03:00:00+00:00,6.7533553
2025-04-22 04:00:00+00:00,7.677422999999999
2025-04-22 05:00:00+00:00,8.3262775
2025-04-22 06:00:00+00:00,8.0575299
2025-04-22 07:00:00+00:00,7.361059300000001
2025-04-22 08:00:00+00:00,6.255136800000001
2025-04-22 09:00:00+00:00,5.1849083
2025-04-22 10:00:00+00:00,4.287345599999999
2025-04-22 11:00:00+00:00,3.9725718
2025-04-22 12:00:00+00:00,3.8311425000000003
2025-04-22 13:00:00+00:00,4.1675514
2025-04-22 14:00:00+00:00,4.7431679
2025-04-22 15:00:00+00:00,5.983655
2025-04-22 16:00:00+00:00,7.1994862
2025-04-22 17:00:00+00:00,8.1334554
2025-04-22 18:00:00+00:00,8.534099000000001
2025-04-22 19:00:00+00:00,8.3233533
2025-04-22 20:00:00+00:00,8.012575900000002
2025-04-22 21:00:00+00:00,7.662455800000001
2025-04-22 22:00:00+00:00,7.3238305
2025-04-22 23:00:00+00:00,6.9092773
2025-04-23 00:00:00+00:00,6.807928
2025-04-23 01:00:00+00:00,6.742572900000001
2025-04-23 02:00:00+00:00,6.7953237
2025-04-23 03:00:00+00:00,7.0926001
2025-04-23 04:00:00+00:00,7.8283532
2025-04-23 05:00:00+00:00,8.2397901
2025-04-23 06:00:00+00:00,8.0513673
2025-04-23 07:00:00+00:00,7.7654507
2025-04-23 08:00:00+00:00,7.3178723
2025-04-23 09:00:00+00:00,7.103919499999999
2025-04-23 10:00:00+00:00,6.727162800000001
2025-04-23 11:00:00+00:00,6.4511859
2025-04-23 12:00:00+00:00,6.297582199999999
2025-04-23 13:00:00+00:00,6.370984399999999
2025-04-23 14:00:00+00:00,6.3368768
2025-04-23 15:00:00+00:00,6.911683699999999
2025-04-23 16:00:00+00:00,7.7842372000000015
2025-04-23 17:00:00+00:00,8.5406112
2025-04-23 18:00:00+00:00,8.762711399999999
2025-04-23 19:00:00+00:00,8.6933324
2025-04-23 20:00:00+00:00,8.4643935
2025-04-23 21:00:00+00:00,8.072597700000001
2025-04-23 22:00:00+00:00,7.3717198999999995
2025-04-23 23:00:00+00:00,6.881120800000001
2025-04-24 00:00:00+00:00,6.6946471
2025-04-24 01:00:00+00:00,6.5883762
2025-04-24 02:00:00+00:00,6.564928699999999
2025-04-24 03:00:00+00:00,6.8429997
2025-04-24 04:00:00+00:00,7.469968999999999
2025-04-24 05:00:00+00:00,7.968244
2025-04-24 06:00:00+00:00,8.086372699999998
2025-04-24 07:00:00+00:00,7.7244524000000006
2025-04-24 08:00:00+00:00,7.0775442
2025-04-24 09:00:00+00:00,6.740017199999999
2025-04-24 10:00:00+00:00,6.363084300000001
2025-04-24 11:00:00+00:00,5.5730522
2025-04-24 12:00:00+00:00,5.1781815
2025-04-24 13:00:00+00:00,5.0086986000000016
2025-04-24 14:00:00+00:00,5.0980319
2025-04-24 15:00:00+00:00,5.8260965
2025-04-24 16:00:00+00:00,6.738016
2025-04-24 17:00:00+00:00,7.4061705
2025-04-24 18:00:00+00:00,7.7069030000000005
2025-04-24 19:00:00+00:00,7.709364500000001
2025-04-24 20:00:00+00:00,7.646684999999999
2025-04-24 21:00:00+00:00,7.4456183
2025-04-24 22:00:00+00:00,7.049903500000001
2025-04-24 23:00:00+00:00,6.7363776
2025-04-25 00:00:00+00:00,6.4068392
2025-04-25 01:00:00+00:00,6.4455599
2025-04-25 02:00:00+00:00,6.6656647
2025-04-25 03:00:00+00:00,7.1345297
2025-04-25 04:00:00+00:00,8.0462687
2025-04-25 05:00:00+00:00,8.5909569
2025-04-25 06:00:00+00:00,8.4677492
2025-04-25 07:00:00+00:00,7.841341400000001
2025-04-25 08:00:00+00:00,6.849143599999999
2025-04-25 09:00:00+00:00,5.857161
2025-04-25 10:00:00+00:00,4.8039972
2025-04-25 11:00:00+00:00,4.3363629999999995
2025-04-25 12:00:00+00:00,3.9846309
2025-04-25 13:00:00+00:00,4.170633900000001
2025-04-25 14:00:00+00:00,4.7503339
2025-04-25 15:00:00+00:00,5.717634799999999
2025-04-25 16:00:00+00:00,6.900967700000001
2025-04-25 17:00:00+00:00,7.924278800000001
2025-04-25 18:00:00+00:00,8.3289539
2025-04-25 19:00:00+00:00,8.1557659
2025-04-25 20:00:00+00:00,7.8096236
2025-04-25 21:00:00+00:00,7.510436799999999
2025-04-25 22:00:00+00:00,7.348569400000001
2025-04-25 23:00:00+00:00,7.0466571
2025-04-26 00:00:00+00:00,6.7418724999999995
2025-04-26 01:00:00+00:00,6.6186062
2025-04-26 02:00:00+00:00,6.631997
2025-04-26 03:00:00+00:00,6.759342
2025-04-26 04:00:00+00:00,7.055428
2025-04-26 05:00:00+00:00,6.8135648
2025-04-26 06:00:00+00:00,6.0696935000000005
2025-04-26 07:00:00+00:00,5.004032499999999
2025-04-26 08:00:00+00:00,3.766234399999999
2025-04-26 09:00:00+00:00,2.8189038
2025-04-26 10:00:00+00:00,2.3086328000000016
2025-04-26 11:00:00+00:00,2.5190877
2025-04-26 12:00:00+00:00,2.7414287
2025-04-26 13:00:00+00:00,3.2107487
2025-04-26 14:00:00+00:00,3.7730711999999995
2025-04-26 15:00:00+00:00,4.8635579
2025-04-26 16:00:00+00:00,6.056409300000001
2025-04-26 17:00:00+00:00,7.180729100000001
2025-04-26 18:00:00+00:00,7.680391200000001
2025-04-26 19:00:00+00:00,7.5823927
2025-04-26 20:00:00+00:00,7.4021405
2025-04-26 21:00:00+00:00,7.2590325
2025-04-26 22:00:00+00:00,6.9499078999999995
2025-04-26 23:00:00+00:00,6.5803179
2025-04-27 00:00:00+00:00,6.3637329000000005
2025-04-27 01:00:00+00:00,6.2938478
2025-04-27 02:00:00+00:00,6.438107800000001
2025-04-27 03:00:00+00:00,6.6430478
2025-04-27 04:00:00+00:00,6.8208801999999995
2025-04-27 05:00:00+00:00,6.4057082
2025-04-27 06:00:00+00:00,5.6821933
2025-04-27 07:00:00+00:00,4.486966500000001
2025-04-27 08:00:00+00:00,3.179008399999999
2025-04-27 09:00:00+00:00,1.9978479999999994
2025-04-27 10:00:00+00:00,1.3714011000000017
2025-04-27 11:00:00+00:00,1.209798300000001
2025-04-27 12:00:00+00:00,1.4747092999999998
2025-04-27 13:00:00+00:00,2.0765503
2025-04-27 14:00:00+00:00,3.1351984
2025-04-27 15:00:00+00:00,4.6017111
2025-04-27 16:00:00+00:00,6.201913600000001
2025-04-27 17:00:00+00:00,7.5575543
2025-04-27 18:00:00+00:00,8.2055189
2025-04-27 19:00:00+00:00,8.1766434
2025-04-27 20:00:00+00:00,7.972407
2025-04-27 21:00:00+00:00,7.6532624
2025-04-27 22:00:00+00:00,7.041211
2025-04-27 23:00:00+00:00,6.6517432
2025-04-28 00:00:00+00:00,6.513325
2025-04-28 01:00:00+00:00,6.5882567
2025-04-28 02:00:00+00:00,6.7614904000000005
2025-04-28 03:00:00+00:00,7.121894500000001
2025-04-28 04:00:00+00:00,7.8286936
2025-04-28 05:00:00+00:00,7.985275
2025-04-28 06:00:00+00:00,7.259177900000001
2025-04-28 07:00:00+00:00,5.8200111
2025-04-28 08:00:00+00:00,4.2433048
2025-04-28 09:00:00+00:00,2.849678400000001
2025-04-28 10:00:00+00:00,2.021495
2025-04-28 11:00:00+00:00,1.6817401000000007
2025-04-28 12:00:00+00:00,1.6033906000000009
2025-04-28 13:00:00+00:00,2.0627319999999996
2025-04-28 14:00:00+00:00,3.1908130000000003
2025-04-28 15:00:00+00:00,4.911352699999999
2025-04-28 16:00:00+00:00,6.6642651000000015
2025-04-28 17:00:00+00:00,7.9631419
2025-04-28 18:00:00+00:00,8.3718309
2025-04-28 19:00:00+00:00,8.090893
2025-04-28 20:00:00+00:00,7.734963000000001
2025-04-28 21:00:00+00:00,7.4059205
2025-04-28 22:00:00+00:00,7.0953209
2025-04-28 23:00:00+00:00,6.8343334
2025-04-29 00:00:00+00:00,6.7526657000000005
2025-04-29 01:00:00+00:00,6.581012800000001
2025-04-29 02:00:00+00:00,6.6551259
2025-04-29 03:00:00+00:00,7.0839333
2025-04-29 04:00:00+00:00,7.813235099999999
2025-04-29 05:00:00+00:00,8.0880725
2025-04-29 06:00:00+00:00,7.3114325
2025-04-29 07:00:00+00:00,5.8432602
2025-04-29 08:00:00+00:00,4.0993596000000005
2025-04-29 09:00:00+00:00,3.0902141
2025-04-29 10:00:00+00:00,2.3472825000000004
2025-04-29 11:00:00+00:00,2.110864199999999
2025-04-29 12:00:00+00:00,1.9150346000000003
2025-04-29 13:00:00+00:00,2.3377452000000005
2025-04-29 14:00:00+00:00,3.3182658000000007
2025-04-29 15:00:00+00:00,5.0416297
2025-04-29 16:00:00+00:00,6.688206899999999
2025-04-29 17:00:00+00:00,7.950914999999999
2025-04-29 18:00:00+00:00,8.524837699999999
2025-04-29 19:00:00+00:00,8.3807212
2025-04-29 20:00:00+00:00,8.040402199999999
2025-04-29 21:00:00+00:00,7.710066600000001
2025-04-29 22:00:00+00:00,7.290112700000001
2025-04-29 23:00:00+00:00,6.9849614
2025-04-30 00:00:00+00:00,6.914658200000001
2025-04-30 01:00:00+00:00,6.9156168000000005
2025-04-30 02:00:00+00:00,7.1230554999999995
2025-04-30 03:00:00+00:00,7.6055396
2025-04-30 04:00:00+00:00,8.4366869
2025-04-30 05:00:00+00:00,8.667430699999999
2025-04-30 06:00:00+00:00,7.955801799999999
2025-04-30 07:00:00+00:00,6.690333
2025-04-30 08:00:00+00:00,5.1356835
2025-04-30 09:00:00+00:00,3.9271529000000003
2025-04-30 10:00:00+00:00,3.000977400000001
2025-04-30 11:00:00+00:00,2.7079781999999994
2025-04-30 12:00:00+00:00,2.6969669000000005
2025-04-30 13:00:00+00:00,3.0502040999999993
2025-04-30 14:00:00+00:00,3.899268600000001
2025-04-30 15:00:00+00:00,5.509037700000001
2025-04-30 16:00:00+00:00,7.173032899999999
2025-04-30 17:00:00+00:00,8.4510212
2025-04-30 18:00:00+00:00,8.8850355
2025-04-30 19:00:00+00:00,8.854847399999999
2025-04-30 20:00:00+00:00,8.612423
2025-04-30 21:00:00+00:00,8.2352301
2025-04-30 22:00:00+00:00,7.8007238999999995
2025-04-30 23:00:00+00:00,7.4520383
2025-05-01 00:00:00+00:00,6.6461793
2025-05-01 01:00:00+00:00,6.5606538
2025-05-01 02:00:00+00:00,6.621765300000001
2025-05-01 03:00:00+00:00,6.7522686
2025-05-01 04:00:00+00:00,6.781823
2025-05-01 05:00:00+00:00,6.3635280000000005
2025-05-01 06:00:00+00:00,5.351439899999999
2025-05-01 07:00:00+00:00,4.2320581
2025-05-01 08:00:00+00:00,3.1389093000000017
2025-05-01 09:00:00+00:00,2.1624044000000007
2025-05-01 10:00:00+00:00,1.4696573000000015
2025-05-01 11:00:00+00:00,1.0892274000000022
2025-05-01 12:00:00+00:00,1.1244180999999998
2025-05-01 13:00:00+00:00,1.6219782
2025-05-01 14:00:00+00:00,2.7747835
2025-05-01 15:00:00+00:00,4.450114200000002
2025-05-01 16:00:00+00:00,6.219080799999999
2025-05-01 17:00:00+00:00,7.6290975
2025-05-01 18:00:00+00:00,8.2779105
2025-05-01 19:00:00+00:00,8.320611000000001
2025-05-01 20:00:00+00:00,8.1258663
2025-05-01 21:00:00+00:00,7.727804099999999
2025-05-01 22:00:00+00:00,7.2357510000000005
2025-05-01 23:00:00+00:00,6.8246336
2025-05-02 00:00:00+00:00,6.4363244
2025-05-02 01:00:00+00:00,6.2933616
2025-05-02 02:00:00+00:00,6.3232317
2025-05-02 03:00:00+00:00,6.585763999999999
2025-05-02 04:00:00+00:00,7.0855404
2025-05-02 05:00:00+00:00,7.077965599999999
2025-05-02 06:00:00+00:00,6.2738499
2025-05-02 07:00:00+00:00,5.284089400000001
2025-05-02 08:00:00+00:00,4.1054491
2025-05-02 09:00:00+00:00,3.0968466
2025-05-02 10:00:00+00:00,2.3096213000000008
2025-05-02 11:00:00+00:00,1.9821051000000018
2025-05-02 12:00:00+00:00,1.9986745000000008
2025-05-02 13:00:00+00:00,2.4783354000000006
2025-05-02 14:00:00+00:00,3.3756856000000006
2025-05-02 15:00:00+00:00,4.675504699999999
2025-05-02 16:00:00+00:00,6.1745749000000005
2025-05-02 17:00:00+00:00,7.378379600000001
2025-05-02 18:00:00+00:00,7.904837299999999
2025-05-02 19:00:00+00:00,7.9142109
2025-05-02 20:00:00+00:00,7.684129400000001
2025-05-02 21:00:00+00:00,7.365568499999999
2025-05-02 22:00:00+00:00,7.050684499999999
2025-05-02 23:00:00+00:00,6.7069605999999995
2025-05-03 00:00:00+00:00,6.6548067
2025-05-03 01:00:00+00:00,6.636837
2025-05-03 02:00:00+00:00,6.6513064
2025-05-03 03:00:00+00:00,6.807506500000001
2025-05-03 04:00:00+00:00,7.0346896
2025-05-03 05:00:00+00:00,6.8801945
2025-05-03 06:00:00+00:00,6.2692528
2025-05-03 07:00:00+00:00,5.581761200000001
2025-05-03 08:00:00+00:00,4.7582813999999996
2025-05-03 09:00:00+00:00,4.155126899999999
2025-05-03 10:00:00+00:00,3.8658648000000007
2025-05-03 11:00:00+00:00,3.7921741000000004
2025-05-03 12:00:00+00:00,3.9171180000000003
2025-05-03 13:00:00+00:00,4.2681947
2025-05-03 14:00:00+00:00,4.8424169
2025-05-03 15:00:00+00:00,5.249155199999999
2025-05-03 16:00:00+00:00,5.642319
2025-05-03 17:00:00+00:00,6.0402189
2025-05-03 18:00:00+00:00,6.171912600000001
2025-05-03 19:00:00+00:00,6.328593400000001
2025-05-03 20:00:00+00:00,6.2988669999999995
2025-05-03 21:00:00+00:00,6.2761502
2025-05-03 22:00:00+00:00,5.8877479
2025-05-03 23:00:00+00:00,5.6884733
2025-05-04 00:00:00+00:00,5.563369700000001
2025-05-04 01:00:00+00:00,5.4817687
2025-05-04 02:00:00+00:00,5.543381800000001
2025-05-04 03:00:00+00:00,5.6660694
2025-05-04 04:00:00+00:00,5.7623062
2025-05-04 05:00:00+00:00,5.4988942000000005
2025-05-04 06:00:00+00:00,4.9827492
2025-05-04 07:00:00+00:00,4.2975398
2025-05-04 08:00:00+00:00,3.7546150000000003
2025-05-04 09:00:00+00:00,3.3293435999999996
2025-05-04 10:00:00+00:00,3.2327924999999986
2025-05-04 11:00:00+00:00,3.0749686
2025-05-04 12:00:00+00:00,2.5865015000000025
2025-05-04 13:00:00+00:00,2.2585884
2025-05-04 14:00:00+00:00,2.6012351000000002
2025-05-04 15:00:00+00:00,3.435790100000001
2025-05-04 16:00:00+00:00,4.5411302
2025-05-04 17:00:00+00:00,5.5754884
2025-05-04 18:00:00+00:00,6.0753044
2025-05-04 19:00:00+00:00,6.3370039999999985
2025-05-04 20:00:00+00:00,6.361311800000001
2025-05-04 21:00:00+00:00,6.213385800000001
2025-05-04 22:00:00+00:00,5.8433504
2025-05-04 23:00:00+00:00,5.6827066
2025-05-05 00:00:00+00:00,5.8192245
2025-05-05 01:00:00+00:00,5.984375699999999
2025-05-05 02:00:00+00:00,6.2075402
2025-05-05 03:00:00+00:00,6.739659400000001
2025-05-05 04:00:00+00:00,7.510693300000001
2025-05-05 05:00:00+00:00,7.860073600000001
2025-05-05 06:00:00+00:00,7.260706000000001
2025-05-05 07:00:00+00:00,6.0788546
2025-05-05 08:00:00+00:00,4.9531104
2025-05-05 09:00:00+00:00,4.1516724
2025-05-05 10:00:00+00:00,3.406120699999999
2025-05-05 11:00:00+00:00,2.992262899999999
2025-05-05 12:00:00+00:00,2.8268880999999997
2025-05-05 13:00:00+00:00,2.9109703000000007
2025-05-05 14:00:00+00:00,3.248158599999999
2025-05-05 15:00:00+00:00,4.030665899999999
2025-05-05 16:00:00+00:00,5.094830400000001
2025-05-05 17:00:00+00:00,5.9335965999999996
2025-05-05 18:00:00+00:00,6.216450600000001
2025-05-05 19:00:00+00:00,6.2485091
2025-05-05 20:00:00+00:00,6.0944169
2025-05-05 21:00:00+00:00,5.722621899999999
2025-05-05 22:00:00+00:00,5.207196099999999
2025-05-05 23:00:00+00:00,5.0839224000000005
2025-05-06 00:00:00+00:00,5.181424100000001
2025-05-06 01:00:00+00:00,5.2169135
2025-05-06 02:00:00+00:00,5.376787
2025-05-06 03:00:00+00:00,5.905444200000001
2025-05-06 04:00:00+00:00,6.562678699999999
2025-05-06 05:00:00+00:00,6.9119496
2025-05-06 06:00:00+00:00,6.330949500000001
2025-05-06 07:00:00+00:00,5.241666100000001
2025-05-06 08:00:00+00:00,4.1200554
2025-05-06 09:00:00+00:00,3.4612495999999986
2025-05-06 10:00:00+00:00,2.9213098000000013
2025-05-06 11:00:00+00:00,2.6291451000000015
2025-05-06 12:00:00+00:00,2.6642894000000013
2025-05-06 13:00:00+00:00,3.0562452999999987
2025-05-06 14:00:00+00:00,3.5512945999999994
2025-05-06 15:00:00+00:00,4.561465999999999
2025-05-06 16:00:00+00:00,5.704475200000001
2025-05-06 17:00:00+00:00,6.4999672
2025-05-06 18:00:00+00:00,6.937137399999999
2025-05-06 19:00:00+00:00,7.0787362
2025-05-06 20:00:00+00:00,7.0010449
2025-05-06 21:00:00+00:00,6.7812498
2025-05-06 22:00:00+00:00,6.7499018
2025-05-06 23:00:00+00:00,6.5552159
2025-05-07 00:00:00+00:00,6.541409499999999
2025-05-07 01:00:00+00:00,6.5916864
2025-05-07 02:00:00+00:00,6.785052599999999
2025-05-07 03:00:00+00:00,7.210895300000001
2025-05-07 04:00:00+00:00,7.850174099999999
2025-05-07 05:00:00+00:00,8.139945400000002
2025-05-07 06:00:00+00:00,7.8547663000000005
2025-05-07 07:00:00+00:00,7.172458699999999
2025-05-07 08:00:00+00:00,6.257150800000001
2025-05-07 09:00:00+00:00,5.380734500000001
2025-05-07 10:00:00+00:00,4.5496607000000004
2025-05-07 11:00:00+00:00,4.191134199999999
2025-05-07 12:00:00+00:00,4.1398564
2025-05-07 13:00:00+00:00,4.322267400000001
2025-05-07 14:00:00+00:00,4.705522700000001
2025-05-07 15:00:00+00:00,5.607921200000001
2025-05-07 16:00:00+00:00,6.564738
2025-05-07 17:00:00+00:00,7.317343199999999
2025-05-07 18:00:00+00:00,7.564279900000001
2025-05-07 19:00:00+00:00,7.600101700000001
2025-05-07 20:00:00+00:00,7.4368471000000005
2025-05-07 21:00:00+00:00,7.1186614
2025-05-07 22:00:00+00:00,6.5504633000000005
2025-05-07 23:00:00+00:00,6.377461199999999
2025-05-08 00:00:00+00:00,6.263585
2025-05-08 01:00:00+00:00,6.238910300000001
2025-05-08 02:00:00+00:00,6.362785199999999
2025-05-08 03:00:00+00:00,6.7798917
2025-05-08 04:00:00+00:00,7.473350399999999
2025-05-08 05:00:00+00:00,7.6990523
2025-05-08 06:00:00+00:00,7.246199299999999
2025-05-08 07:00:00+00:00,6.259639000000001
2025-05-08 08:00:00+00:00,4.894224900000001
2025-05-08 09:00:00+00:00,3.7993940000000013
2025-05-08 10:00:00+00:00,2.9872275000000004
2025-05-08 11:00:00+00:00,2.6665396
2025-05-08 12:00:00+00:00,2.774801
2025-05-08 13:00:00+00:00,3.0962584
2025-05-08 14:00:00+00:00,3.6255802999999993
2025-05-08 15:00:00+00:00,4.7235838
2025-05-08 16:00:00+00:00,5.8386085
2025-05-08 17:00:00+00:00,6.660690000000001
2025-05-08 18:00:00+00:00,7.082499899999999
2025-05-08 19:00:00+00:00,7.1315576
2025-05-08 20:00:00+00:00,7.0267632
2025-05-08 21:00:00+00:00,6.774650000000001
2025-05-08 22:00:00+00:00,6.7274121000000004
2025-05-08 23:00:00+00:00,6.6007682999999995
2025-05-09 00:00:00+00:00,6.4169054999999995
2025-05-09 01:00:00+00:00,6.3725047
2025-05-09 02:00:00+00:00,6.4490613
2025-05-09 03:00:00+00:00,6.899715
2025-05-09 04:00:00+00:00,7.5357682
2025-05-09 05:00:00+00:00,7.5324936000000005
2025-05-09 06:00:00+00:00,6.8041546
2025-05-09 07:00:00+00:00,5.5595080999999995
2025-05-09 08:00:00+00:00,3.954460300000001
2025-05-09 09:00:00+00:00,2.6017735
2025-05-09 10:00:00+00:00,1.7472643000000012
2025-05-09 11:00:00+00:00,1.5888972000000008
2025-05-09 12:00:00+00:00,1.6838025000000005
2025-05-09 13:00:00+00:00,2.1321154999999994
2025-05-09 14:00:00+00:00,2.890850200000001
2025-05-09 15:00:00+00:00,3.8467693
2025-05-09 16:00:00+00:00,5.036243000000002
2025-05-09 17:00:00+00:00,6.234647900000001
2025-05-09 18:00:00+00:00,6.965102099999999
2025-05-09 19:00:00+00:00,7.182713
2025-05-09 20:00:00+00:00,7.0438753
2025-05-09 21:00:00+00:00,6.863038700000001
2025-05-09 22:00:00+00:00,6.5992096
2025-05-09 23:00:00+00:00,6.2306858
2025-05-10 00:00:00+00:00,5.9294944
2025-05-10 01:00:00+00:00,5.9283565
2025-05-10 02:00:00+00:00,6.0111443
2025-05-10 03:00:00+00:00,6.1373716
2025-05-10 04:00:00+00:00,6.120830799999999
2025-05-10 05:00:00+00:00,5.678990300000001
2025-05-10 06:00:00+00:00,4.731601700000001
2025-05-10 07:00:00+00:00,3.6997165
2025-05-10 08:00:00+00:00,2.499558900000001
2025-05-10 09:00:00+00:00,1.5801462000000015
2025-05-10 10:00:00+00:00,0.8814125999999991
2025-05-10 11:00:00+00:00,0.447041200000001
2025-05-10 12:00:00+00:00,0.16373719999999992
2025-05-10 13:00:00+00:00,0.3146187000000005
2025-05-10 14:00:00+00:00,1.2108180000000006
2025-05-10 15:00:00+00:00,2.6047654
2025-05-10 16:00:00+00:00,4.1725922
2025-05-10 17:00:00+00:00,5.6600709
2025-05-10 18:00:00+00:00,6.4647945
2025-05-10 19:00:00+00:00,6.5814429
2025-05-10 20:00:00+00:00,6.3064365
2025-05-10 21:00:00+00:00,6.099513999999999
2025-05-10 22:00:00+00:00,5.9710629
2025-05-10 23:00:00+00:00,5.5594221
2025-05-11 00:00:00+00:00,5.4776318
2025-05-11 01:00:00+00:00,5.445674800000001
2025-05-11 02:00:00+00:00,5.476318600000001
2025-05-11 03:00:00+00:00,5.6133427
2025-05-11 04:00:00+00:00,5.5137252
2025-05-11 05:00:00+00:00,4.860443000000001
2025-05-11 06:00:00+00:00,3.8774250000000006
2025-05-11 07:00:00+00:00,2.8087155
2025-05-11 08:00:00+00:00,1.6748501000000005
2025-05-11 09:00:00+00:00,0.7737132999999998
2025-05-11 10:00:00+00:00,0.30852039999999903
2025-05-11 11:00:00+00:00,0.05545820000000212
2025-05-11 12:00:00+00:00,-0.07251720000000095
2025-05-11 13:00:00+00:00,0.33246790000000104
2025-05-11 14:00:00+00:00,1.3869840999999994
2025-05-11 15:00:00+00:00,2.9952725000000004
2025-05-11 16:00:00+00:00,4.7215357000000004
2025-05-11 17:00:00+00:00,6.1644781
2025-05-11 18:00:00+00:00,7.000728500000001
2025-05-11 19:00:00+00:00,7.1523299
2025-05-11 20:00:00+00:00,6.8551564
2025-05-11 21:00:00+00:00,6.402488099999999
2025-05-11 22:00:00+00:00,6.196686199999999
2025-05-11 23:00:00+00:00,5.9495949
2025-05-12 00:00:00+00:00,5.857749800000001
2025-05-12 01:00:00+00:00,5.8568525
2025-05-12 02:00:00+00:00,5.9761355
2025-05-12 03:00:00+00:00,6.3794055
2025-05-12 04:00:00+00:00,6.8479163
2025-05-12 05:00:00+00:00,6.977323399999999
2025-05-12 06:00:00+00:00,6.2598167
2025-05-12 07:00:00+00:00,5.2061674999999985
2025-05-12 08:00:00+00:00,3.8782997000000012
2025-05-12 09:00:00+00:00,2.9597472
2025-05-12 10:00:00+00:00,2.4963353999999995
2025-05-12 11:00:00+00:00,2.4908407000000024
2025-05-12 12:00:00+00:00,2.560585999999999
2025-05-12 13:00:00+00:00,3.047676
2025-05-12 14:00:00+00:00,3.8033187999999996
2025-05-12 15:00:00+00:00,4.904578
2025-05-12 16:00:00+00:00,6.1981853
2025-05-12 17:00:00+00:00,7.2200077
2025-05-12 18:00:00+00:00,7.662106500000001
2025-05-12 19:00:00+00:00,7.739684600000001
2025-05-12 20:00:00+00:00,7.607906900000001
2025-05-12 21:00:00+00:00,7.1670076
2025-05-12 22:00:00+00:00,6.9124882
2025-05-12 23:00:00+00:00,6.6263479
2025-05-13 00:00:00+00:00,6.486453999999999
2025-05-13 01:00:00+00:00,6.332933000000001
2025-05-13 02:00:00+00:00,6.374702200000001
2025-05-13 03:00:00+00:00,6.756438600000001
2025-05-13 04:00:00+00:00,7.295117300000001
2025-05-13 05:00:00+00:00,7.3738635
2025-05-13 06:00:00+00:00,6.6488411
2025-05-13 07:00:00+00:00,5.477872500000002
2025-05-13 08:00:00+00:00,3.8707146000000003
2025-05-13 09:00:00+00:00,2.7576760999999994
2025-05-13 10:00:00+00:00,1.9750205000000012
2025-05-13 11:00:00+00:00,1.8039828999999994
2025-05-13 12:00:00+00:00,1.7941933000000008
2025-05-13 13:00:00+00:00,2.1116888000000005
2025-05-13 14:00:00+00:00,2.7807534
2025-05-13 15:00:00+00:00,4.040631199999999
2025-05-13 16:00:00+00:00,5.427158
2025-05-13 17:00:00+00:00,6.382988500000001
2025-05-13 18:00:00+00:00,6.944888899999999
2025-05-13 19:00:00+00:00,7.070960199999999
2025-05-13 20:00:00+00:00,6.956427100000001
2025-05-13 21:00:00+00:00,6.694149200000002
2025-05-13 22:00:00+00:00,6.735535100000001
2025-05-13 23:00:00+00:00,6.5009976
2025-05-14 00:00:00+00:00,6.440666299999999
2025-05-14 01:00:00+00:00,6.5463182
2025-05-14 02:00:00+00:00,6.7882065
2025-05-14 03:00:00+00:00,7.122321099999999
2025-05-14 04:00:00+00:00,7.6505369
2025-05-14 05:00:00+00:00,7.721039500000001
2025-05-14 06:00:00+00:00,6.9516541
2025-05-14 07:00:00+00:00,5.7544819
2025-05-14 08:00:00+00:00,4.2778146
2025-05-14 09:00:00+00:00,3.0309319000000015
2025-05-14 10:00:00+00:00,2.066609100000001
2025-05-14 11:00:00+00:00,1.5349317000000013
2025-05-14 12:00:00+00:00,1.3250466999999997
2025-05-14 13:00:00+00:00,1.6102563000000014
2025-05-14 14:00:00+00:00,2.5948621000000003
2025-05-14 15:00:00+00:00,3.9717517000000013
2025-05-14 16:00:00+00:00,5.3407078
2025-05-14 17:00:00+00:00,6.416948300000001
2025-05-14 18:00:00+00:00,7.0341428
2025-05-14 19:00:00+00:00,7.3982788
2025-05-14 20:00:00+00:00,7.382314600000001
2025-05-14 21:00:00+00:00,7.118536
2025-05-14 22:00:00+00:00,6.651383399999999
2025-05-14 23:00:00+00:00,6.402305899999999
2025-05-15 00:00:00+00:00,6.177232
2025-05-15 01:00:00+00:00,6.1975173
2025-05-15 02:00:00+00:00,6.1705116
2025-05-15 03:00:00+00:00,6.5084012
2025-05-15 04:00:00+00:00,7.110349
2025-05-15 05:00:00+00:00,7.4545355
2025-05-15 06:00:00+00:00,7.1914177
2025-05-15 07:00:00+00:00,6.6979371
2025-05-15 08:00:00+00:00,5.9869439
2025-05-15 09:00:00+00:00,5.2251259
2025-05-15 10:00:00+00:00,4.121208600000001
2025-05-15 11:00:00+00:00,3.276250000000001
2025-05-15 12:00:00+00:00,3.013644000000001
2025-05-15 13:00:00+00:00,2.9953359000000015
2025-05-15 14:00:00+00:00,3.2642121
2025-05-15 15:00:00+00:00,4.0618274
2025-05-15 16:00:00+00:00,5.1642578000000015
2025-05-15 17:00:00+00:00,6.054932200000001
2025-05-15 18:00:00+00:00,6.521509400000001
2025-05-15 19:00:00+00:00,6.6763279
2025-05-15 20:00:00+00:00,6.5032388
2025-05-15 21:00:00+00:00,6.1310823
2025-05-15 22:00:00+00:00,5.6997645
2025-05-15 23:00:00+00:00,5.690672
2025-05-16 00:00:00+00:00,5.756659000000001
2025-05-16 01:00:00+00:00,5.9707281
2025-05-16 02:00:00+00:00,6.3399235
2025-05-16 03:00:00+00:00,6.9458465
2025-05-16 04:00:00+00:00,7.4928075
2025-05-16 05:00:00+00:00,7.499327899999999
2025-05-16 06:00:00+00:00,6.7690421999999995
2025-05-16 07:00:00+00:00,5.492394600000001
2025-05-16 08:00:00+00:00,4.0155145999999995
2025-05-16 09:00:00+00:00,2.7116003000000024
2025-05-16 10:00:00+00:00,1.8200145999999986
2025-05-16 11:00:00+00:00,1.3808186000000013
2025-05-16 12:00:00+00:00,1.0712729999999997
2025-05-16 13:00:00+00:00,1.2892323999999995
2025-05-16 14:00:00+00:00,1.9425489999999996
2025-05-16 15:00:00+00:00,3.1454070000000005
2025-05-16 16:00:00+00:00,4.603999700000002
2025-05-16 17:00:00+00:00,5.8729960000000005
2025-05-16 18:00:00+00:00,6.540000599999999
2025-05-16 19:00:00+00:00,6.839057100000001
2025-05-16 20:00:00+00:00,6.924628799999999
2025-05-16 21:00:00+00:00,6.8439306
2025-05-16 22:00:00+00:00,6.6353417
2025-05-16 23:00:00+00:00,6.4625547
2025-05-17 00:00:00+00:00,6.245768
2025-05-17 01:00:00+00:00,6.2167843
2025-05-17 02:00:00+00:00,6.1742158
2025-05-17 03:00:00+00:00,6.2114591
2025-05-17 04:00:00+00:00,6.2747907000000005
2025-05-17 05:00:00+00:00,6.0289958
2025-05-17 06:00:00+00:00,5.2380450000000005
2025-05-17 07:00:00+00:00,4.226986999999999
2025-05-17 08:00:00+00:00,3.2616959999999997
2025-05-17 09:00:00+00:00,2.465262899999999
2025-05-17 10:00:00+00:00,2.0241203
2025-05-17 11:00:00+00:00,1.8910080999999996
2025-05-17 12:00:00+00:00,2.0108363999999996
2025-05-17 13:00:00+00:00,2.2387293
2025-05-17 14:00:00+00:00,2.749627900000001
2025-05-17 15:00:00+00:00,3.7278275
2025-05-17 16:00:00+00:00,4.9755053
2025-05-17 17:00:00+00:00,6.207234799999998
2025-05-17 18:00:00+00:00,6.8942074
2025-05-17 19:00:00+00:00,7.151433200000001
2025-05-17 20:00:00+00:00,7.122028500000001
2025-05-17 21:00:00+00:00,6.9337882
2025-05-17 22:00:00+00:00,6.4660869
2025-05-17 23:00:00+00:00,6.2255632
2025-05-18 00:00:00+00:00,6.1698609
2025-05-18 01:00:00+00:00,5.9789164
2025-05-18 02:00:00+00:00,5.962041999999999
2025-05-18 03:00:00+00:00,6.085419000000001
2025-05-18 04:00:00+00:00,6.1867206
2025-05-18 05:00:00+00:00,6.1121217
2025-05-18 06:00:00+00:00,5.7436831999999995
2025-05-18 07:00:00+00:00,5.260145700000001
2025-05-18 08:00:00+00:00,4.4987645999999994
2025-05-18 09:00:00+00:00,3.645150599999999
2025-05-18 10:00:00+00:00,3.0858337999999987
2025-05-18 11:00:00+00:00,2.7336998
2025-05-18 12:00:00+00:00,2.5436729000000007
2025-05-18 13:00:00+00:00,2.6629571999999992
2025-05-18 14:00:00+00:00,3.2630327
2025-05-18 15:00:00+00:00,4.414157400000001
2025-05-18 16:00:00+00:00,5.6637494
2025-05-18 17:00:00+00:00,6.6710204000000015
2025-05-18 18:00:00+00:00,7.3179269
2025-05-18 19:00:00+00:00,7.546121599999999
2025-05-18 20:00:00+00:00,7.3879936
2025-05-18 21:00:00+00:00,6.9988668999999994
2025-05-18 22:00:00+00:00,6.9208288
2025-05-18 23:00:00+00:00,6.6016635
2025-05-19 00:00:00+00:00,6.4066942000000004
2025-05-19 01:00:00+00:00,6.2807275
2025-05-19 02:00:00+00:00,6.3326911
2025-05-19 03:00:00+00:00,6.6720880000000005
2025-05-19 04:00:00+00:00,7.2171497
2025-05-19 05:00:00+00:00,7.3832906000000005
2025-05-19 06:00:00+00:00,6.7766028
2025-05-19 07:00:00+00:00,5.7441054
2025-05-19 08:00:00+00:00,4.2839137
2025-05-19 09:00:00+00:00,3.2093388999999988
2025-05-19 10:00:00+00:00,2.6291388000000016
2025-05-19 11:00:00+00:00,2.2470486999999997
2025-05-19 12:00:00+00:00,1.9292833999999992
2025-05-19 13:00:00+00:00,2.1503423999999995
2025-05-19 14:00:00+00:00,2.8202819000000003
2025-05-19 15:00:00+00:00,4.0161720999999995
2025-05-19 16:00:00+00:00,5.497912
2025-05-19 17:00:00+00:00,6.597260500000001
2025-05-19 18:00:00+00:00,7.1550686
2025-05-19 19:00:00+00:00,7.153794700000001
2025-05-19 20:00:00+00:00,6.934962400000001
2025-05-19 21:00:00+00:00,6.5797021
2025-05-19 22:00:00+00:00,6.2596686
2025-05-19 23:00:00+00:00,6.0189729000000005
2025-05-20 00:00:00+00:00,5.9353263
2025-05-20 01:00:00+00:00,6.0282505
2025-05-20 02:00:00+00:00,6.2630429
2025-05-20 03:00:00+00:00,6.7178631
2025-05-20 04:00:00+00:00,7.257145600000001
2025-05-20 05:00:00+00:00,7.4002723999999995
2025-05-20 06:00:00+00:00,6.823402400000001
2025-05-20 07:00:00+00:00,5.9746956
2025-05-20 08:00:00+00:00,4.855741200000001
2025-05-20 09:00:00+00:00,3.8712318999999997
2025-05-20 10:00:00+00:00,3.156024099999999
2025-05-20 11:00:00+00:00,3.153898
2025-05-20 12:00:00+00:00,3.284065700000001
2025-05-20 13:00:00+00:00,3.5614755999999996
2025-05-20 14:00:00+00:00,4.055468500000001
2025-05-20 15:00:00+00:00,5.036703100000001
2025-05-20 16:00:00+00:00,6.228054300000002
2025-05-20 17:00:00+00:00,7.234121900000001
2025-05-20 18:00:00+00:00,7.9689525
2025-05-20 19:00:00+00:00,8.256635999999999
2025-05-20 20:00:00+00:00,8.2478813
2025-05-20 21:00:00+00:00,8.0351134
2025-05-20 22:00:00+00:00,7.4067138
2025-05-20 23:00:00+00:00,7.1055565
2025-05-21 00:00:00+00:00,7.025560700000001
2025-05-21 01:00:00+00:00,7.0279127
2025-05-21 02:00:00+00:00,7.1112261000000005
2025-05-21 03:00:00+00:00,7.3559641000000004
2025-05-21 04:00:00+00:00,7.905943
2025-05-21 05:00:00+00:00,8.1881865
2025-05-21 06:00:00+00:00,7.795173
2025-05-21 07:00:00+00:00,7.0216607
2025-05-21 08:00:00+00:00,6.0904490000000004
2025-05-21 09:00:00+00:00,5.3965136000000005
2025-05-21 10:00:00+00:00,4.8295873
2025-05-21 11:00:00+00:00,4.6196618
2025-05-21 12:00:00+00:00,4.621541499999999
2025-05-21 13:00:00+00:00,4.878818099999999
2025-05-21 14:00:00+00:00,5.2748545
2025-05-21 15:00:00+00:00,5.8672588
2025-05-21 16:00:00+00:00,6.587466999999999
2025-05-21 17:00:00+00:00,7.2739767
2025-05-21 18:00:00+00:00,7.6776762000000005
2025-05-21 19:00:00+00:00,7.854225199999998
2025-05-21 20:00:00+00:00,7.813358299999999
2025-05-21 21:00:00+00:00,7.404228799999999
2025-05-21 22:00:00+00:00,6.7486809
2025-05-21 23:00:00+00:00,6.5318647
2025-05-22 00:00:00+00:00,6.4242646
2025-05-22 01:00:00+00:00,6.368309200000001
2025-05-22 02:00:00+00:00,6.4097343
2025-05-22 03:00:00+00:00,6.751784300000001
2025-05-22 04:00:00+00:00,7.338790099999999
2025-05-22 05:00:00+00:00,7.6330043000000005
2025-05-22 06:00:00+00:00,7.3523608
2025-05-22 07:00:00+00:00,6.807180600000001
2025-05-22 08:00:00+00:00,6.2296331
2025-05-22 09:00:00+00:00,5.6714855
2025-05-22 10:00:00+00:00,4.984437200000001
2025-05-22 11:00:00+00:00,4.277899700000001
2025-05-22 12:00:00+00:00,3.8849202
2025-05-22 13:00:00+00:00,3.8778043999999996
2025-05-22 14:00:00+00:00,4.1209690000000005
2025-05-22 15:00:00+00:00,4.713851900000001
2025-05-22 16:00:00+00:00,5.982188299999999
2025-05-22 17:00:00+00:00,7.0839645
2025-05-22 18:00:00+00:00,7.7198709999999995
2025-05-22 19:00:00+00:00,7.910370100000001
2025-05-22 20:00:00+00:00,7.9819135999999995
2025-05-22 21:00:00+00:00,7.6360722999999995
2025-05-22 22:00:00+00:00,7.0906547
2025-05-22 23:00:00+00:00,6.8313272000000005
2025-05-23 00:00:00+00:00,6.659334100000001
2025-05-23 01:00:00+00:00,6.582042500000001
2025-05-23 02:00:00+00:00,6.5624758
2025-05-23 03:00:00+00:00,6.773508100000001
2025-05-23 04:00:00+00:00,7.200264300000001
2025-05-23 05:00:00+00:00,7.3340941
2025-05-23 06:00:00+00:00,6.744788599999999
2025-05-23 07:00:00+00:00,6.0452053999999995
2025-05-23 08:00:00+00:00,5.3315377999999995
2025-05-23 09:00:00+00:00,4.7893751999999985
2025-05-23 10:00:00+00:00,4.397858300000001
2025-05-23 11:00:00+00:00,4.119163500000001
2025-05-23 12:00:00+00:00,3.985059400000001
2025-05-23 13:00:00+00:00,4.139510700000001
2025-05-23 14:00:00+00:00,4.4271919
2025-05-23 15:00:00+00:00,5.027277999999999
2025-05-23 16:00:00+00:00,6.085792300000001
2025-05-23 17:00:00+00:00,7.0763245999999995
2025-05-23 18:00:00+00:00,7.7565882
2025-05-23 19:00:00+00:00,7.887120399999999
2025-05-23 20:00:00+00:00,7.6541689
2025-05-23 21:00:00+00:00,7.1686679
2025-05-23 22:00:00+00:00,6.6613168
2025-05-23 23:00:00+00:00,6.068060599999999
2025-05-24 00:00:00+00:00,5.529812
2025-05-24 01:00:00+00:00,5.1426116
2025-05-24 02:00:00+00:00,4.888498500000001
2025-05-24 03:00:00+00:00,4.714001400000001
2025-05-24 04:00:00+00:00,4.773887299999999
2025-05-24 05:00:00+00:00,4.708015
2025-05-24 06:00:00+00:00,4.6060472
2025-05-24 07:00:00+00:00,4.483681099999999
2025-05-24 08:00:00+00:00,4.2042025
2025-05-24 09:00:00+00:00,4.1947388000000005
2025-05-24 10:00:00+00:00,4.4059214
2025-05-24 11:00:00+00:00,4.413459199999999
2025-05-24 12:00:00+00:00,4.4120716999999985
2025-05-24 13:00:00+00:00,4.295063000000001
2025-05-24 14:00:00+00:00,4.2051237
2025-05-24 15:00:00+00:00,4.382790900000001
2025-05-24 16:00:00+00:00,4.687347500000001
2025-05-24 17:00:00+00:00,5.079281600000002
2025-05-24 18:00:00+00:00,5.2236913
2025-05-24 19:00:00+00:00,5.145528499999999
2025-05-24 20:00:00+00:00,5.0674022999999995
2025-05-24 21:00:00+00:00,4.840680600000001
2025-05-24 22:00:00+00:00,4.2596279
2025-05-24 23:00:00+00:00,3.8992647000000007
2025-05-25 00:00:00+00:00,3.692967800000001
2025-05-25 01:00:00+00:00,3.5110476000000004
2025-05-25 02:00:00+00:00,3.4549486
2025-05-25 03:00:00+00:00,3.4205175999999997
2025-05-25 04:00:00+00:00,3.423591600000001
2025-05-25 05:00:00+00:00,3.3601235
2025-05-25 06:00:00+00:00,3.1932931999999994
2025-05-25 07:00:00+00:00,2.9886088000000006
2025-05-25 08:00:00+00:00,2.4183599000000005
2025-05-25 09:00:00+00:00,1.5397039999999986
2025-05-25 10:00:00+00:00,0.7669202999999998
2025-05-25 11:00:00+00:00,0.35711859999999973
2025-05-25 12:00:00+00:00,0.19344919999999988
2025-05-25 13:00:00+00:00,0.3623352000000004
2025-05-25 14:00:00+00:00,1.0395769000000001
2025-05-25 15:00:00+00:00,2.278936
2025-05-25 16:00:00+00:00,3.646891300000001
2025-05-25 17:00:00+00:00,5.161941000000001
2025-05-25 18:00:00+00:00,6.183461300000001
2025-05-25 19:00:00+00:00,6.510756200000001
2025-05-25 20:00:00+00:00,6.348860300000001
2025-05-25 21:00:00+00:00,5.7994272
2025-05-25 22:00:00+00:00,5.2424388
2025-05-25 23:00:00+00:00,4.8660575
2025-05-26 00:00:00+00:00,4.6752592
2025-05-26 01:00:00+00:00,4.6761946
2025-05-26 02:00:00+00:00,4.8516786
2025-05-26 03:00:00+00:00,5.3082248000000005
2025-05-26 04:00:00+00:00,5.990792800000001
2025-05-26 05:00:00+00:00,6.2605540999999985
2025-05-26 06:00:00+00:00,5.6994495999999994
2025-05-26 07:00:00+00:00,4.9076869
2025-05-26 08:00:00+00:00,4.025943700000001
2025-05-26 09:00:00+00:00,3.4425461000000004
2025-05-26 10:00:00+00:00,2.9533704999999992
2025-05-26 11:00:00+00:00,2.5862100000000012
2025-05-26 12:00:00+00:00,2.2626997000000006
2025-05-26 13:00:00+00:00,2.3220314
2025-05-26 14:00:00+00:00,2.6352490999999993
2025-05-26 15:00:00+00:00,3.4414593
2025-05-26 16:00:00+00:00,4.6350713
2025-05-26 17:00:00+00:00,5.597275300000001
2025-05-26 18:00:00+00:00,6.0528201
2025-05-26 19:00:00+00:00,6.112256799999999
2025-05-26 20:00:00+00:00,5.923854799999999
2025-05-26 21:00:00+00:00,5.486253699999999
2025-05-26 22:00:00+00:00,4.8460662999999995
2025-05-26 23:00:00+00:00,4.317933200000001
2025-05-27 00:00:00+00:00,4.0083076
2025-05-27 01:00:00+00:00,3.7955408999999998
2025-05-27 02:00:00+00:00,3.8206347
2025-05-27 03:00:00+00:00,3.9974007
2025-05-27 04:00:00+00:00,4.5341992
2025-05-27 05:00:00+00:00,5.1038002
2025-05-27 06:00:00+00:00,5.1602733
2025-05-27 07:00:00+00:00,5.057622200000001
2025-05-27 08:00:00+00:00,4.7465678
2025-05-27 09:00:00+00:00,4.545812200000001
2025-05-27 10:00:00+00:00,3.9651233
2025-05-27 11:00:00+00:00,3.6070592999999995
2025-05-27 12:00:00+00:00,3.398962000000001
2025-05-27 13:00:00+00:00,3.4484256
2025-05-27 14:00:00+00:00,4.044299100000002
2025-05-27 15:00:00+00:00,4.9591111
2025-05-27 16:00:00+00:00,5.49743
2025-05-27 17:00:00+00:00,5.594208999999999
2025-05-27 18:00:00+00:00,5.433874000000001
2025-05-27 19:00:00+00:00,5.1656534
2025-05-27 20:00:00+00:00,5.010870900000001
2025-05-27 21:00:00+00:00,4.626470399999999
2025-05-27 22:00:00+00:00,4.023565700000001
2025-05-27 23:00:00+00:00,3.8082852
2025-05-28 00:00:00+00:00,3.693866399999999
2025-05-28 01:00:00+00:00,3.6197123
2025-05-28 02:00:00+00:00,3.6806807
2025-05-28 03:00:00+00:00,3.9955501000000004
2025-05-28 04:00:00+00:00,4.7189867
2025-05-28 05:00:00+00:00,5.391286900000001
2025-05-28 06:00:00+00:00,5.438365300000001
2025-05-28 07:00:00+00:00,4.9189287
2025-05-28 08:00:00+00:00,4.108601700000001
2025-05-28 09:00:00+00:00,3.5193537999999993
2025-05-28 10:00:00+00:00,3.1570156999999988
2025-05-28 11:00:00+00:00,2.996391600000001
2025-05-28 12:00:00+00:00,2.9449019000000014
2025-05-28 13:00:00+00:00,3.145148800000002
2025-05-28 14:00:00+00:00,3.9383775000000014
2025-05-28 15:00:00+00:00,5.0582589
2025-05-28 16:00:00+00:00,6.393193699999999
2025-05-28 17:00:00+00:00,7.610157900000001
2025-05-28 18:00:00+00:00,8.391123
2025-05-28 19:00:00+00:00,8.645557
2025-05-28 20:00:00+00:00,8.6741258
2025-05-28 21:00:00+00:00,8.2247617
2025-05-28 22:00:00+00:00,7.652874999999999
2025-05-28 23:00:00+00:00,7.358750499999999
2025-05-29 00:00:00+00:00,6.6165986000000006
2025-05-29 01:00:00+00:00,6.4213502
2025-05-29 02:00:00+00:00,6.2369036
2025-05-29 03:00:00+00:00,6.1519122
2025-05-29 04:00:00+00:00,6.0768033
2025-05-29 05:00:00+00:00,5.7633559
2025-05-29 06:00:00+00:00,5.3592043
2025-05-29 07:00:00+00:00,4.9258144
2025-05-29 08:00:00+00:00,4.3081087
2025-05-29 09:00:00+00:00,3.6122767000000007
2025-05-29 10:00:00+00:00,2.9643315
2025-05-29 11:00:00+00:00,2.3572525000000013
2025-05-29 12:00:00+00:00,1.944026
2025-05-29 13:00:00+00:00,1.856941599999999
2025-05-29 14:00:00+00:00,2.0613200000000003
2025-05-29 15:00:00+00:00,2.5977406999999992
2025-05-29 16:00:00+00:00,3.4977323
2025-05-29 17:00:00+00:00,4.3781780999999995
2025-05-29 18:00:00+00:00,5.1143076999999995
2025-05-29 19:00:00+00:00,5.3971108999999995
2025-05-29 20:00:00+00:00,5.441056700000001
2025-05-29 21:00:00+00:00,5.181031600000001
2025-05-29 22:00:00+00:00,5.0258208
2025-05-29 23:00:00+00:00,4.8677288
2025-05-30 00:00:00+00:00,4.865557000000001
2025-05-30 01:00:00+00:00,4.9624628
2025-05-30 02:00:00+00:00,5.1152001
2025-05-30 03:00:00+00:00,5.3943031
2025-05-30 04:00:00+00:00,5.716467
2025-05-30 05:00:00+00:00,5.6890781
2025-05-30 06:00:00+00:00,5.2321017
2025-05-30 07:00:00+00:00,4.6094219
2025-05-30 08:00:00+00:00,3.8653882000000017
2025-05-30 09:00:00+00:00,3.2353156
2025-05-30 10:00:00+00:00,2.564820299999999
2025-05-30 11:00:00+00:00,1.9465398000000018
2025-05-30 12:00:00+00:00,1.6270078999999988
2025-05-30 13:00:00+00:00,1.6963011999999997
2025-05-30 14:00:00+00:00,2.264225100000001
2025-05-30 15:00:00+00:00,3.3792542999999995
2025-05-30 16:00:00+00:00,4.9524358
2025-05-30 17:00:00+00:00,6.4077906
2025-05-30 18:00:00+00:00,7.469879
2025-05-30 19:00:00+00:00,7.914389599999998
2025-05-30 20:00:00+00:00,8.0349342
2025-05-30 21:00:00+00:00,7.7408679000000005
2025-05-30 22:00:00+00:00,7.3012264
2025-05-30 23:00:00+00:00,7.049005
2025-05-31 00:00:00+00:00,6.7787419
2025-05-31 01:00:00+00:00,6.753002199999999
2025-05-31 02:00:00+00:00,6.7251656
2025-05-31 03:00:00+00:00,6.7224181
2025-05-31 04:00:00+00:00,6.669353999999999
2025-05-31 05:00:00+00:00,6.2973959
2025-05-31 06:00:00+00:00,5.6707737
2025-05-31 07:00:00+00:00,5.009216500000001
2025-05-31 08:00:00+00:00,4.413341900000001
2025-05-31 09:00:00+00:00,3.8406307
2025-05-31 10:00:00+00:00,3.552855000000001
2025-05-31 11:00:00+00:00,3.4191719000000003
2025-05-31 12:00:00+00:00,3.3428287
2025-05-31 13:00:00+00:00,3.4490489
2025-05-31 14:00:00+00:00,4.035730299999999
2025-05-31 15:00:00+00:00,5.1196653
2025-05-31 16:00:00+00:00,6.1429752
2025-05-31 17:00:00+00:00,6.932090199999999
2025-05-31 18:00:00+00:00,7.283758699999999
2025-05-31 19:00:00+00:00,7.288723900000001
2025-05-31 20:00:00+00:00,6.9988616
2025-05-31 21:00:00+00:00,6.4462276
2025-05-31 22:00:00+00:00,5.538075000000001
2025-05-31 23:00:00+00:00,5.16103
2025-06-01 00:00:00+00:00,4.9578203
2025-06-01 01:00:00+00:00,5.042023400000001
2025-06-01 02:00:00+00:00,5.2026523000000005
2025-06-01 03:00:00+00:00,5.4043269
2025-06-01 04:00:00+00:00,5.459972
2025-06-01 05:00:00+00:00,5.2874672
2025-06-01 06:00:00+00:00,4.918525800000001
2025-06-01 07:00:00+00:00,4.5571174
2025-06-01 08:00:00+00:00,4.224577399999999
2025-06-01 09:00:00+00:00,3.817816699999999
2025-06-01 10:00:00+00:00,3.2381778000000017
2025-06-01 11:00:00+00:00,2.4036578000000004
2025-06-01 12:00:00+00:00,1.6321339000000004
2025-06-01 13:00:00+00:00,1.2284289
2025-06-01 14:00:00+00:00,1.242904300000001
2025-06-01 15:00:00+00:00,2.0831873000000005
2025-06-01 16:00:00+00:00,3.3249085000000003
2025-06-01 17:00:00+00:00,4.522278900000001
2025-06-01 18:00:00+00:00,5.428779499999999
2025-06-01 19:00:00+00:00,5.781632400000001
2025-06-01 20:00:00+00:00,5.7503045
2025-06-01 21:00:00+00:00,5.5443021
2025-06-01 22:00:00+00:00,5.2947153
2025-06-01 23:00:00+00:00,5.1588750999999995
2025-06-02 00:00:00+00:00,5.1483135
2025-06-02 01:00:00+00:00,5.3171364
2025-06-02 02:00:00+00:00,5.636343200000001
2025-06-02 03:00:00+00:00,6.0877040000000004
2025-06-02 04:00:00+00:00,6.7456598
2025-06-02 05:00:00+00:00,7.007834000000001
2025-06-02 06:00:00+00:00,6.624653100000001
2025-06-02 07:00:00+00:00,6.007541
2025-06-02 08:00:00+00:00,5.209333
2025-06-02 09:00:00+00:00,4.6031618000000005
2025-06-02 10:00:00+00:00,4.006965200000001
2025-06-02 11:00:00+00:00,3.7266957000000005
2025-06-02 12:00:00+00:00,3.5813851000000003
2025-06-02 13:00:00+00:00,3.7045304000000003
2025-06-02 14:00:00+00:00,4.233574900000001
2025-06-02 15:00:00+00:00,5.257778100000001
2025-06-02 16:00:00+00:00,6.4807950000000005
2025-06-02 17:00:00+00:00,7.458228799999999
2025-06-02 18:00:00+00:00,8.0920097
2025-06-02 19:00:00+00:00,8.217955900000002
2025-06-02 20:00:00+00:00,8.042159700000001
2025-06-02 21:00:00+00:00,7.570541000000001
2025-06-02 22:00:00+00:00,7.0248585
2025-06-02 23:00:00+00:00,6.5972238999999995
2025-06-03 00:00:00+00:00,6.3666974
2025-06-03 01:00:00+00:00,6.1637835
2025-06-03 02:00:00+00:00,6.1366700000000005
2025-06-03 03:00:00+00:00,6.2377275
2025-06-03 04:00:00+00:00,6.3716743000000005
2025-06-03 05:00:00+00:00,6.1724591
2025-06-03 06:00:00+00:00,5.5531499
2025-06-03 07:00:00+00:00,4.6265864
2025-06-03 08:00:00+00:00,3.3788048
2025-06-03 09:00:00+00:00,2.2724102000000013
2025-06-03 10:00:00+00:00,1.1495362000000018
2025-06-03 11:00:00+00:00,0.7374831000000022
2025-06-03 12:00:00+00:00,0.878202700000001
2025-06-03 13:00:00+00:00,1.2817030000000003
2025-06-03 14:00:00+00:00,2.1143172000000003
2025-06-03 15:00:00+00:00,3.3946746
2025-06-03 16:00:00+00:00,4.748041700000001
2025-06-03 17:00:00+00:00,5.6924838
2025-06-03 18:00:00+00:00,6.2339972
2025-06-03 19:00:00+00:00,6.3997995
2025-06-03 20:00:00+00:00,6.4438112
2025-06-03 21:00:00+00:00,6.1859179
2025-06-03 22:00:00+00:00,5.9869786000000005
2025-06-03 23:00:00+00:00,5.8047161
2025-06-04 00:00:00+00:00,5.677074299999999
2025-06-04 01:00:00+00:00,5.7840267
2025-06-04 02:00:00+00:00,5.9742275
2025-06-04 03:00:00+00:00,6.381484800000001
2025-06-04 04:00:00+00:00,7.0573988000000005
2025-06-04 05:00:00+00:00,7.532608000000001
2025-06-04 06:00:00+00:00,7.5628188000000005
2025-06-04 07:00:00+00:00,7.1529767
2025-06-04 08:00:00+00:00,6.4292551
2025-06-04 09:00:00+00:00,5.7404786
2025-06-04 10:00:00+00:00,5.1506518
2025-06-04 11:00:00+00:00,4.599585999999999
2025-06-04 12:00:00+00:00,3.9371823999999993
2025-06-04 13:00:00+00:00,3.5100563000000005
2025-06-04 14:00:00+00:00,3.8806285000000003
2025-06-04 15:00:00+00:00,4.605347300000001
2025-06-04 16:00:00+00:00,5.463514099999999
2025-06-04 17:00:00+00:00,6.320458600000001
2025-06-04 18:00:00+00:00,6.951279700000001
2025-06-04 19:00:00+00:00,7.130722499999999
2025-06-04 20:00:00+00:00,7.1236063000000005
2025-06-04 21:00:00+00:00,6.6569989
2025-06-04 22:00:00+00:00,6.276645299999999
2025-06-04 23:00:00+00:00,5.937288799999999
2025-06-05 00:00:00+00:00,5.778609400000001
2025-06-05 01:00:00+00:00,5.7220746
2025-06-05 02:00:00+00:00,5.674368100000001
2025-06-05 03:00:00+00:00,5.9055734
2025-06-05 04:00:00+00:00,6.446745000000001
2025-06-05 05:00:00+00:00,6.7375983
2025-06-05 06:00:00+00:00,6.584919000000001
2025-06-05 07:00:00+00:00,6.0093951
2025-06-05 08:00:00+00:00,5.2861066
2025-06-05 09:00:00+00:00,4.638725200000001
2025-06-05 10:00:00+00:00,4.2043292999999995
2025-06-05 11:00:00+00:00,3.8259127
2025-06-05 12:00:00+00:00,3.551829200000002
2025-06-05 13:00:00+00:00,3.6217931000000005
2025-06-05 14:00:00+00:00,3.9255262
2025-06-05 15:00:00+00:00,4.594187100000001
2025-06-05 16:00:00+00:00,5.563112200000001
2025-06-05 17:00:00+00:00,6.233230800000001
2025-06-05 18:00:00+00:00,6.500955500000002
2025-06-05 19:00:00+00:00,6.494042100000001
2025-06-05 20:00:00+00:00,6.6096927
2025-06-05 21:00:00+00:00,6.236825799999999
2025-06-05 22:00:00+00:00,5.093761499999999
2025-06-05 23:00:00+00:00,4.8853675
2025-06-06 00:00:00+00:00,4.7872675
2025-06-06 01:00:00+00:00,4.6995926
2025-06-06 02:00:00+00:00,4.7360946
2025-06-06 03:00:00+00:00,5.012612600000001
2025-06-06 04:00:00+00:00,5.533218499999999
2025-06-06 05:00:00+00:00,5.7844822
2025-06-06 06:00:00+00:00,5.1483629
2025-06-06 07:00:00+00:00,4.2777232000000005
2025-06-06 08:00:00+00:00,3.379164900000001
2025-06-06 09:00:00+00:00,2.830098799999999
2025-06-06 10:00:00+00:00,2.3694974999999996
2025-06-06 11:00:00+00:00,2.1772843
2025-06-06 12:00:00+00:00,1.9979071000000008
2025-06-06 13:00:00+00:00,2.075853200000001
2025-06-06 14:00:00+00:00,2.3168486
2025-06-06 15:00:00+00:00,2.9374298000000003
2025-06-06 16:00:00+00:00,3.999114999999999
2025-06-06 17:00:00+00:00,5.1402540000000005
2025-06-06 18:00:00+00:00,5.970017500000001
2025-06-06 19:00:00+00:00,6.3875929
2025-06-06 20:00:00+00:00,6.506820500000002
2025-06-06 21:00:00+00:00,6.1048726
2025-06-06 22:00:00+00:00,5.7477976
2025-06-06 23:00:00+00:00,5.5487938
2025-06-07 00:00:00+00:00,5.3831468
2025-06-07 01:00:00+00:00,5.4219474000000005
2025-06-07 02:00:00+00:00,5.5085768999999996
2025-06-07 03:00:00+00:00,5.5419849
2025-06-07 04:00:00+00:00,5.4786536
2025-06-07 05:00:00+00:00,5.145708900000001
2025-06-07 06:00:00+00:00,4.733258299999999
2025-06-07 07:00:00+00:00,4.321326200000001
2025-06-07 08:00:00+00:00,3.6978933000000005
2025-06-07 09:00:00+00:00,3.0777463999999997
2025-06-07 10:00:00+00:00,2.5688820999999997
2025-06-07 11:00:00+00:00,2.1276697999999996
2025-06-07 12:00:00+00:00,1.8872512000000015
2025-06-07 13:00:00+00:00,1.7198694000000003
2025-06-07 14:00:00+00:00,1.7983104
2025-06-07 15:00:00+00:00,2.4657496000000005
2025-06-07 16:00:00+00:00,3.3035675000000007
2025-06-07 17:00:00+00:00,4.1625736
2025-06-07 18:00:00+00:00,4.8075191
2025-06-07 19:00:00+00:00,5.0897121
2025-06-07 20:00:00+00:00,5.0365193
2025-06-07 21:00:00+00:00,4.7232441000000005
2025-06-07 22:00:00+00:00,5.4166446
2025-06-07 23:00:00+00:00,5.009132
2025-06-08 00:00:00+00:00,4.6037243
2025-06-08 01:00:00+00:00,4.4069386
2025-06-08 02:00:00+00:00,4.271777
2025-06-08 03:00:00+00:00,4.1718291999999995
2025-06-08 04:00:00+00:00,3.982955
2025-06-08 05:00:00+00:00,3.635445100000001
2025-06-08 06:00:00+00:00,3.1410789
2025-06-08 07:00:00+00:00,2.3779731
2025-06-08 08:00:00+00:00,1.6368084000000014
2025-06-08 09:00:00+00:00,1.0388468
2025-06-08 10:00:00+00:00,0.5579280999999998
2025-06-08 11:00:00+00:00,0.11718150000000094
2025-06-08 12:00:00+00:00,-0.05321099999999923
2025-06-08 13:00:00+00:00,0.1900859999999991
2025-06-08 14:00:00+00:00,0.8991411000000005
2025-06-08 15:00:00+00:00,2.2768318
2025-06-08 16:00:00+00:00,3.7572910000000013
2025-06-08 17:00:00+00:00,4.9002645
2025-06-08 18:00:00+00:00,5.842888900000001
2025-06-08 19:00:00+00:00,6.2058915
2025-06-08 20:00:00+00:00,6.1811850999999995
2025-06-08 21:00:00+00:00,5.920277499999999
2025-06-08 22:00:00+00:00,5.680164700000001
2025-06-08 23:00:00+00:00,5.373217200000001
2025-06-09 00:00:00+00:00,5.3565667
2025-06-09 01:00:00+00:00,5.310768100000001
2025-06-09 02:00:00+00:00,5.3810704000000005
2025-06-09 03:00:00+00:00,5.3605165
2025-06-09 04:00:00+00:00,5.3520527
2025-06-09 05:00:00+00:00,5.034161
2025-06-09 06:00:00+00:00,4.481672100000001
2025-06-09 07:00:00+00:00,3.806622300000001
2025-06-09 08:00:00+00:00,3.2193722000000005
2025-06-09 09:00:00+00:00,2.9297894000000007
2025-06-09 10:00:00+00:00,2.797895200000001
2025-06-09 11:00:00+00:00,2.598368399999999
2025-06-09 12:00:00+00:00,2.4254774999999986
2025-06-09 13:00:00+00:00,2.2888657000000006
2025-06-09 14:00:00+00:00,2.4345377
2025-06-09 15:00:00+00:00,3.2139553000000003
2025-06-09 16:00:00+00:00,4.409170999999999
2025-06-09 17:00:00+00:00,5.4841387
2025-06-09 18:00:00+00:00,6.3551953999999995
2025-06-09 19:00:00+00:00,6.789669
2025-06-09 20:00:00+00:00,6.920092199999999
2025-06-09 21:00:00+00:00,6.5943287
2025-06-09 22:00:00+00:00,5.8654498
2025-06-09 23:00:00+00:00,5.401965199999999
2025-06-10 00:00:00+00:00,4.9001968
2025-06-10 01:00:00+00:00,4.7872745000000005
2025-06-10 02:00:00+00:00,4.868503800000001
2025-06-10 03:00:00+00:00,5.164327300000001
2025-06-10 04:00:00+00:00,5.7829308
2025-06-10 05:00:00+00:00,6.044544699999999
2025-06-10 06:00:00+00:00,5.4966296
2025-06-10 07:00:00+00:00,4.8454853
2025-06-10 08:00:00+00:00,4.308924500000001
2025-06-10 09:00:00+00:00,3.9955310000000015
2025-06-10 10:00:00+00:00,3.8514435000000002
2025-06-10 11:00:00+00:00,3.929455000000001
2025-06-10 12:00:00+00:00,3.9834410999999994
2025-06-10 13:00:00+00:00,3.948952499999999
2025-06-10 14:00:00+00:00,4.345026099999999
2025-06-10 15:00:00+00:00,5.3588789
2025-06-10 16:00:00+00:00,6.602014199999999
2025-06-10 17:00:00+00:00,7.5436572
2025-06-10 18:00:00+00:00,8.145855599999999
2025-06-10 19:00:00+00:00,8.4088539
2025-06-10 20:00:00+00:00,8.471307300000001
2025-06-10 21:00:00+00:00,8.1753007
2025-06-10 22:00:00+00:00,7.6795376
2025-06-10 23:00:00+00:00,7.3547102
2025-06-11 00:00:00+00:00,7.2389457
2025-06-11 01:00:00+00:00,7.195256
2025-06-11 02:00:00+00:00,7.2186786
2025-06-11 03:00:00+00:00,7.4170784
2025-06-11 04:00:00+00:00,7.784915000000001
2025-06-11 05:00:00+00:00,7.6618989
2025-06-11 06:00:00+00:00,7.0137133
2025-06-11 07:00:00+00:00,6.028794900000001
2025-06-11 08:00:00+00:00,4.6740974
2025-06-11 09:00:00+00:00,3.5808410999999998
2025-06-11 10:00:00+00:00,2.8191250000000014
2025-06-11 11:00:00+00:00,2.3418110000000008
2025-06-11 12:00:00+00:00,2.159809199999999
2025-06-11 13:00:00+00:00,2.3102451000000013
2025-06-11 14:00:00+00:00,2.9992479999999997
2025-06-11 15:00:00+00:00,4.1987806
2025-06-11 16:00:00+00:00,5.5542432999999996
2025-06-11 17:00:00+00:00,6.6291232
2025-06-11 18:00:00+00:00,7.2462055
2025-06-11 19:00:00+00:00,7.266950000000001
2025-06-11 20:00:00+00:00,7.0551339
2025-06-11 21:00:00+00:00,6.449480800000001
2025-06-11 22:00:00+00:00,5.8965549
2025-06-11 23:00:00+00:00,5.5281485
2025-06-12 00:00:00+00:00,5.2999667
2025-06-12 01:00:00+00:00,5.184482200000001
2025-06-12 02:00:00+00:00,5.237705399999999
2025-06-12 03:00:00+00:00,5.5203064
2025-06-12 04:00:00+00:00,5.742547200000001
2025-06-12 05:00:00+00:00,5.562774100000001
2025-06-12 06:00:00+00:00,5.090284499999999
2025-06-12 07:00:00+00:00,4.3198891
2025-06-12 08:00:00+00:00,3.2822935000000015
2025-06-12 09:00:00+00:00,2.5227075999999995
2025-06-12 10:00:00+00:00,1.8288207000000014
2025-06-12 11:00:00+00:00,1.3630832000000002
2025-06-12 12:00:00+00:00,1.2938323000000018
2025-06-12 13:00:00+00:00,1.7418101999999998
2025-06-12 14:00:00+00:00,2.697542300000001
2025-06-12 15:00:00+00:00,4.2076061
2025-06-12 16:00:00+00:00,6.176707600000001
2025-06-12 17:00:00+00:00,7.3453900999999995
2025-06-12 18:00:00+00:00,8.1138166
2025-06-12 19:00:00+00:00,8.3034665
2025-06-12 20:00:00+00:00,8.3259142
2025-06-12 21:00:00+00:00,7.9146157000000015
2025-06-12 22:00:00+00:00,7.177268300000001
2025-06-12 23:00:00+00:00,7.0665271
2025-06-13 00:00:00+00:00,6.925218000000001
2025-06-13 01:00:00+00:00,6.9485197
2025-06-13 02:00:00+00:00,7.0215098
2025-06-13 03:00:00+00:00,7.2228234
2025-06-13 04:00:00+00:00,7.6484209
2025-06-13 05:00:00+00:00,7.6819004
2025-06-13 06:00:00+00:00,7.156900899999999
2025-06-13 07:00:00+00:00,6.080165300000001
2025-06-13 08:00:00+00:00,4.786047899999999
2025-06-13 09:00:00+00:00,3.9066203
2025-06-13 10:00:00+00:00,3.112401600000001
2025-06-13 11:00:00+00:00,2.8349916000000013
2025-06-13 12:00:00+00:00,3.0199329000000006
2025-06-13 13:00:00+00:00,3.4727221000000004
2025-06-13 14:00:00+00:00,4.2955378999999985
2025-06-13 15:00:00+00:00,5.4276249000000005
2025-06-13 16:00:00+00:00,6.5195587
2025-06-13 17:00:00+00:00,7.238216799999999
2025-06-13 18:00:00+00:00,7.685052000000001
2025-06-13 19:00:00+00:00,7.7546767
2025-06-13 20:00:00+00:00,7.712289800000001
2025-06-13 21:00:00+00:00,7.321257
2025-06-13 22:00:00+00:00,6.7902097
2025-06-13 23:00:00+00:00,6.3235543
2025-06-14 00:00:00+00:00,6.0546037
2025-06-14 01:00:00+00:00,6.0719571
2025-06-14 02:00:00+00:00,6.1047021
2025-06-14 03:00:00+00:00,6.1159082
2025-06-14 04:00:00+00:00,6.1585282999999995
2025-06-14 05:00:00+00:00,5.8079907
2025-06-14 06:00:00+00:00,5.349198
2025-06-14 07:00:00+00:00,4.8056973
2025-06-14 08:00:00+00:00,4.130676599999999
2025-06-14 09:00:00+00:00,3.4786088
2025-06-14 10:00:00+00:00,2.9246523000000018
2025-06-14 11:00:00+00:00,2.2893024000000013
2025-06-14 12:00:00+00:00,1.7880116
2025-06-14 13:00:00+00:00,1.931563399999999
2025-06-14 14:00:00+00:00,2.4520600999999997
2025-06-14 15:00:00+00:00,3.3584099
2025-06-14 16:00:00+00:00,4.337128100000001
2025-06-14 17:00:00+00:00,5.335878200000001
2025-06-14 18:00:00+00:00,6.030826699999999
2025-06-14 19:00:00+00:00,6.336480300000002
2025-06-14 20:00:00+00:00,6.4432941999999995
2025-06-14 21:00:00+00:00,6.3247222999999995
2025-06-14 22:00:00+00:00,6.4013065000000005
2025-06-14 23:00:00+00:00,6.175762
2025-06-15 00:00:00+00:00,5.8831056
2025-06-15 01:00:00+00:00,5.8300238
2025-06-15 02:00:00+00:00,5.8915757
2025-06-15 03:00:00+00:00,5.986401399999999
2025-06-15 04:00:00+00:00,5.916043
2025-06-15 05:00:00+00:00,5.790300200000001
2025-06-15 06:00:00+00:00,5.5951956
2025-06-15 07:00:00+00:00,5.152194
2025-06-15 08:00:00+00:00,4.497316700000001
2025-06-15 09:00:00+00:00,3.767910100000001
2025-06-15 10:00:00+00:00,3.080032300000002
2025-06-15 11:00:00+00:00,2.4293156
2025-06-15 12:00:00+00:00,2.0625028
2025-06-15 13:00:00+00:00,2.0387521
2025-06-15 14:00:00+00:00,2.3074824000000005
2025-06-15 15:00:00+00:00,3.3029925
2025-06-15 16:00:00+00:00,4.5941030000000005
2025-06-15 17:00:00+00:00,5.7802112999999995
2025-06-15 18:00:00+00:00,6.6342879
2025-06-15 19:00:00+00:00,6.9950545
2025-06-15 20:00:00+00:00,7.053925400000001
2025-06-15 21:00:00+00:00,6.8554478
2025-06-15 22:00:00+00:00,6.8601853
2025-06-15 23:00:00+00:00,6.5866669
2025-06-16 00:00:00+00:00,6.4314678
2025-06-16 01:00:00+00:00,6.3594641
2025-06-16 02:00:00+00:00,6.444124600000001
2025-06-16 03:00:00+00:00,6.7510618
2025-06-16 04:00:00+00:00,7.2652295
2025-06-16 05:00:00+00:00,7.3638331
2025-06-16 06:00:00+00:00,6.805509200000001
2025-06-16 07:00:00+00:00,5.8986682
2025-06-16 08:00:00+00:00,4.7575383
2025-06-16 09:00:00+00:00,4.0351229
2025-06-16 10:00:00+00:00,3.559495000000001
2025-06-16 11:00:00+00:00,3.7143240000000004
2025-06-16 12:00:00+00:00,4.086365300000001
2025-06-16 13:00:00+00:00,4.4725784000000015
2025-06-16 14:00:00+00:00,4.817610500000002
2025-06-16 15:00:00+00:00,5.702320800000001
2025-06-16 16:00:00+00:00,6.8772845
2025-06-16 17:00:00+00:00,7.825996999999999
2025-06-16 18:00:00+00:00,8.411107399999999
2025-06-16 19:00:00+00:00,8.5620562
2025-06-16 20:00:00+00:00,8.5485835
2025-06-16 21:00:00+00:00,8.190334799999999
2025-06-16 22:00:00+00:00,7.7270864
2025-06-16 23:00:00+00:00,7.3950378
2025-06-17 00:00:00+00:00,7.119034699999999
2025-06-17 01:00:00+00:00,7.014698200000001
2025-06-17 02:00:00+00:00,7.041122400000001
2025-06-17 03:00:00+00:00,7.272185500000001
2025-06-17 04:00:00+00:00,7.593319500000001
2025-06-17 05:00:00+00:00,7.468860100000001
2025-06-17 06:00:00+00:00,6.6951621999999995
2025-06-17 07:00:00+00:00,5.784708000000001
2025-06-17 08:00:00+00:00,4.589340999999999
2025-06-17 09:00:00+00:00,3.6126712000000003
2025-06-17 10:00:00+00:00,2.9095035000000022
2025-06-17 11:00:00+00:00,2.9303441
2025-06-17 12:00:00+00:00,3.280912999999999
2025-06-17 13:00:00+00:00,3.5555040999999994
2025-06-17 14:00:00+00:00,4.2288647
2025-06-17 15:00:00+00:00,5.3729072
2025-06-17 16:00:00+00:00,6.6125557000000015
2025-06-17 17:00:00+00:00,7.567011299999999
2025-06-17 18:00:00+00:00,8.1157554
2025-06-17 19:00:00+00:00,8.282447999999999
2025-06-17 20:00:00+00:00,8.223044100000001
2025-06-17 21:00:00+00:00,7.8191657
2025-06-17 22:00:00+00:00,7.3953552
2025-06-17 23:00:00+00:00,7.061581
2025-06-18 00:00:00+00:00,6.9549004000000005
2025-06-18 01:00:00+00:00,6.9843051
2025-06-18 02:00:00+00:00,7.035622
2025-06-18 03:00:00+00:00,7.2596028
2025-06-18 04:00:00+00:00,7.620780200000001
2025-06-18 05:00:00+00:00,7.5411604
2025-06-18 06:00:00+00:00,6.9181936
2025-06-18 07:00:00+00:00,5.931018300000002
2025-06-18 08:00:00+00:00,4.684827200000001
2025-06-18 09:00:00+00:00,3.7995707000000003
2025-06-18 10:00:00+00:00,3.1183342000000023
2025-06-18 11:00:00+00:00,2.8363617000000003
2025-06-18 12:00:00+00:00,2.903687800000001
2025-06-18 13:00:00+00:00,3.2713063999999994
2025-06-18 14:00:00+00:00,3.9795249000000004
2025-06-18 15:00:00+00:00,5.112301200000002
2025-06-18 16:00:00+00:00,6.3221644999999995
2025-06-18 17:00:00+00:00,7.378044
2025-06-18 18:00:00+00:00,7.9383674
2025-06-18 19:00:00+00:00,8.160019000000002
2025-06-18 20:00:00+00:00,8.2973911
2025-06-18 21:00:00+00:00,7.9029734000000005
2025-06-18 22:00:00+00:00,7.6113311
2025-06-18 23:00:00+00:00,7.302514400000001
2025-06-19 00:00:00+00:00,7.0811096
2025-06-19 01:00:00+00:00,6.9439598
2025-06-19 02:00:00+00:00,6.923727
2025-06-19 03:00:00+00:00,7.0521327
2025-06-19 04:00:00+00:00,7.3750067999999995
2025-06-19 05:00:00+00:00,7.291266
2025-06-19 06:00:00+00:00,6.772078700000001
2025-06-19 07:00:00+00:00,5.7348566
2025-06-19 08:00:00+00:00,4.502842800000001
2025-06-19 09:00:00+00:00,3.5834522
2025-06-19 10:00:00+00:00,2.7760401999999997
2025-06-19 11:00:00+00:00,2.327514999999999
2025-06-19 12:00:00+00:00,2.1604964000000013
2025-06-19 13:00:00+00:00,2.5878086000000007
2025-06-19 14:00:00+00:00,3.2005973
2025-06-19 15:00:00+00:00,4.2739882
2025-06-19 16:00:00+00:00,5.7435229
2025-06-19 17:00:00+00:00,6.901385400000001
2025-06-19 18:00:00+00:00,7.660039600000001
2025-06-19 19:00:00+00:00,7.6742292999999995
2025-06-19 20:00:00+00:00,7.595483199999999
2025-06-19 21:00:00+00:00,7.1960186
2025-06-19 22:00:00+00:00,6.9626382
2025-06-19 23:00:00+00:00,6.7633813
2025-06-20 00:00:00+00:00,6.576816699999999
2025-06-20 01:00:00+00:00,6.5399598
2025-06-20 02:00:00+00:00,6.6455339
2025-06-20 03:00:00+00:00,6.8571088
2025-06-20 04:00:00+00:00,7.301370299999999
2025-06-20 05:00:00+00:00,7.3209029
2025-06-20 06:00:00+00:00,6.8632895
2025-06-20 07:00:00+00:00,5.9349221
2025-06-20 08:00:00+00:00,4.7189619
2025-06-20 09:00:00+00:00,3.8051984
2025-06-20 10:00:00+00:00,3.192916300000001
2025-06-20 11:00:00+00:00,2.9244657
2025-06-20 12:00:00+00:00,3.058921
2025-06-20 13:00:00+00:00,3.513787500000001
2025-06-20 14:00:00+00:00,4.308018199999999
2025-06-20 15:00:00+00:00,5.329807800000001
2025-06-20 16:00:00+00:00,6.3057968
2025-06-20 17:00:00+00:00,7.114838599999999
2025-06-20 18:00:00+00:00,7.637097299999999
2025-06-20 19:00:00+00:00,7.814547600000001
2025-06-20 20:00:00+00:00,7.7659065
2025-06-20 21:00:00+00:00,7.3147651
2025-06-20 22:00:00+00:00,7.0910304
2025-06-20 23:00:00+00:00,6.6563588000000005
2025-06-21 00:00:00+00:00,6.2473488
2025-06-21 01:00:00+00:00,6.0641371
2025-06-21 02:00:00+00:00,6.119045
2025-06-21 03:00:00+00:00,6.183794499999999
2025-06-21 04:00:00+00:00,6.1219191
2025-06-21 05:00:00+00:00,5.6416797
2025-06-21 06:00:00+00:00,4.9118271
2025-06-21 07:00:00+00:00,4.031479
2025-06-21 08:00:00+00:00,3.0298454999999995
2025-06-21 09:00:00+00:00,2.0941609000000003
2025-06-21 10:00:00+00:00,1.5309597999999998
2025-06-21 11:00:00+00:00,1.2647813
2025-06-21 12:00:00+00:00,1.380065300000001
2025-06-21 13:00:00+00:00,1.7460578000000009
2025-06-21 14:00:00+00:00,2.5551490999999995
2025-06-21 15:00:00+00:00,3.9384273
2025-06-21 16:00:00+00:00,5.4467572
2025-06-21 17:00:00+00:00,6.851191200000001
2025-06-21 18:00:00+00:00,7.7048735
2025-06-21 19:00:00+00:00,8.012746199999999
2025-06-21 20:00:00+00:00,7.8712017
2025-06-21 21:00:00+00:00,7.4180803
2025-06-21 22:00:00+00:00,6.7299744
2025-06-21 23:00:00+00:00,6.1576824
2025-06-22 00:00:00+00:00,5.621906200000001
2025-06-22 01:00:00+00:00,5.3394229
2025-06-22 02:00:00+00:00,5.0664781
2025-06-22 03:00:00+00:00,4.8698076
2025-06-22 04:00:00+00:00,4.691445999999999
2025-06-22 05:00:00+00:00,4.2896913
2025-06-22 06:00:00+00:00,3.890243500000001
2025-06-22 07:00:00+00:00,3.5197751000000004
2025-06-22 08:00:00+00:00,3.2647519000000003
2025-06-22 09:00:00+00:00,3.2333901000000003
2025-06-22 10:00:00+00:00,3.255472000000002
2025-06-22 11:00:00+00:00,2.6990678999999993
2025-06-22 12:00:00+00:00,2.180084400000001
2025-06-22 13:00:00+00:00,1.6756404999999992
2025-06-22 14:00:00+00:00,1.5069971000000004
2025-06-22 15:00:00+00:00,2.1520045000000003
2025-06-22 16:00:00+00:00,3.1693954000000026
2025-06-22 17:00:00+00:00,4.408053299999999
2025-06-22 18:00:00+00:00,5.274685999999999
2025-06-22 19:00:00+00:00,5.5791605
2025-06-22 20:00:00+00:00,5.630353399999999
2025-06-22 21:00:00+00:00,5.3616896999999994
2025-06-22 22:00:00+00:00,5.033457200000001
2025-06-22 23:00:00+00:00,4.6757951
2025-06-23 00:00:00+00:00,4.43338
2025-06-23 01:00:00+00:00,4.2714551
2025-06-23 02:00:00+00:00,4.249436200000001
2025-06-23 03:00:00+00:00,4.4796805
2025-06-23 04:00:00+00:00,4.934952600000001
2025-06-23 05:00:00+00:00,5.236410600000001
2025-06-23 06:00:00+00:00,5.1153553
2025-06-23 07:00:00+00:00,4.894921000000001
2025-06-23 08:00:00+00:00,4.3321255
2025-06-23 09:00:00+00:00,3.6895722000000015
2025-06-23 10:00:00+00:00,2.6829005000000015
2025-06-23 11:00:00+00:00,2.0960259
2025-06-23 12:00:00+00:00,1.8573425000000006
2025-06-23 13:00:00+00:00,1.8583062000000012
2025-06-23 14:00:00+00:00,2.4051182000000004
2025-06-23 15:00:00+00:00,3.277980600000001
2025-06-23 16:00:00+00:00,4.440256199999999
2025-06-23 17:00:00+00:00,5.5051971
2025-06-23 18:00:00+00:00,6.281587999999999
2025-06-23 19:00:00+00:00,6.5425032000000005
2025-06-23 20:00:00+00:00,6.686264900000001
2025-06-23 21:00:00+00:00,6.3964242
2025-06-23 22:00:00+00:00,6.005819100000001
2025-06-23 23:00:00+00:00,5.8796326
2025-06-24 00:00:00+00:00,5.800288999999999
2025-06-24 01:00:00+00:00,5.7705594
2025-06-24 02:00:00+00:00,5.905072700000001
2025-06-24 03:00:00+00:00,6.160937
2025-06-24 04:00:00+00:00,6.588507199999999
2025-06-24 05:00:00+00:00,6.608088799999999
2025-06-24 06:00:00+00:00,6.002561300000001
2025-06-24 07:00:00+00:00,4.930440000000001
2025-06-24 08:00:00+00:00,3.822358600000001
2025-06-24 09:00:00+00:00,3.0629769000000007
2025-06-24 10:00:00+00:00,2.4507461000000017
2025-06-24 11:00:00+00:00,2.2831578000000015
2025-06-24 12:00:00+00:00,2.2941660000000006
2025-06-24 13:00:00+00:00,2.5240202000000007
2025-06-24 14:00:00+00:00,2.791438900000001
2025-06-24 15:00:00+00:00,3.3614903
2025-06-24 16:00:00+00:00,4.3228001
2025-06-24 17:00:00+00:00,5.1321815000000015
2025-06-24 18:00:00+00:00,5.743743599999999
2025-06-24 19:00:00+00:00,6.035234899999999
2025-06-24 20:00:00+00:00,6.195793699999999
2025-06-24 21:00:00+00:00,5.935852400000002
2025-06-24 22:00:00+00:00,5.4057814
2025-06-24 23:00:00+00:00,5.3193936
2025-06-25 00:00:00+00:00,5.4603685
2025-06-25 01:00:00+00:00,5.8010936
2025-06-25 02:00:00+00:00,6.0625748
2025-06-25 03:00:00+00:00,6.531843
2025-06-25 04:00:00+00:00,7.2171597
2025-06-25 05:00:00+00:00,7.5804729
2025-06-25 06:00:00+00:00,7.250465599999999
2025-06-25 07:00:00+00:00,6.453918699999999
2025-06-25 08:00:00+00:00,5.414131899999999
2025-06-25 09:00:00+00:00,4.5652906
2025-06-25 10:00:00+00:00,3.8744303
2025-06-25 11:00:00+00:00,3.5850720000000003
2025-06-25 12:00:00+00:00,3.6129003000000015
2025-06-25 13:00:00+00:00,4.1487579
2025-06-25 14:00:00+00:00,4.9457525
2025-06-25 15:00:00+00:00,6.0407413000000005
2025-06-25 16:00:00+00:00,7.137164800000001
2025-06-25 17:00:00+00:00,8.082460099999999
2025-06-25 18:00:00+00:00,8.6611505
2025-06-25 19:00:00+00:00,8.7996719
2025-06-25 20:00:00+00:00,8.726459599999998
2025-06-25 21:00:00+00:00,8.2229832
2025-06-25 22:00:00+00:00,7.502668
2025-06-25 23:00:00+00:00,7.0534077
2025-06-26 00:00:00+00:00,6.6994299
2025-06-26 01:00:00+00:00,6.6091088000000004
2025-06-26 02:00:00+00:00,6.6270904
2025-06-26 03:00:00+00:00,6.6145684
2025-06-26 04:00:00+00:00,7.091726199999999
2025-06-26 05:00:00+00:00,7.2754069
2025-06-26 06:00:00+00:00,6.8220096
2025-06-26 07:00:00+00:00,6.2315735
2025-06-26 08:00:00+00:00,5.4955487000000005
2025-06-26 09:00:00+00:00,4.881637899999999
2025-06-26 10:00:00+00:00,4.298576100000001
2025-06-26 11:00:00+00:00,3.679044000000001
2025-06-26 12:00:00+00:00,2.9800699999999996
2025-06-26 13:00:00+00:00,2.643748999999999
2025-06-26 14:00:00+00:00,2.7613734999999995
2025-06-26 15:00:00+00:00,3.3841617999999993
2025-06-26 16:00:00+00:00,4.369772900000001
2025-06-26 17:00:00+00:00,5.2331254
2025-06-26 18:00:00+00:00,5.830943699999999
2025-06-26 19:00:00+00:00,5.9268312
2025-06-26 20:00:00+00:00,6.053484000000001
2025-06-26 21:00:00+00:00,5.8778619
2025-06-26 22:00:00+00:00,6.036138200000002
2025-06-26 23:00:00+00:00,6.1570148
2025-06-27 00:00:00+00:00,6.388243900000001
2025-06-27 01:00:00+00:00,6.5273658
2025-06-27 02:00:00+00:00,6.7525604999999995
2025-06-27 03:00:00+00:00,7.136082999999999
2025-06-27 04:00:00+00:00,7.8553975
2025-06-27 05:00:00+00:00,8.2706075
2025-06-27 06:00:00+00:00,8.119216100000001
2025-06-27 07:00:00+00:00,7.4992734
2025-06-27 08:00:00+00:00,6.506374300000001
2025-06-27 09:00:00+00:00,5.569888700000001
2025-06-27 10:00:00+00:00,4.7948264
2025-06-27 11:00:00+00:00,4.4002721000000005
2025-06-27 12:00:00+00:00,4.1539439
2025-06-27 13:00:00+00:00,4.130590100000001
2025-06-27 14:00:00+00:00,4.4169987
2025-06-27 15:00:00+00:00,4.9323733
2025-06-27 16:00:00+00:00,5.637603
2025-06-27 17:00:00+00:00,6.3048035
2025-06-27 18:00:00+00:00,6.821266099999999
2025-06-27 19:00:00+00:00,7.0247545
2025-06-27 20:00:00+00:00,7.0469927
2025-06-27 21:00:00+00:00,6.5377073999999995
2025-06-27 22:00:00+00:00,5.5484299
2025-06-27 23:00:00+00:00,5.1545628
2025-06-28 00:00:00+00:00,4.914141299999999
2025-06-28 01:00:00+00:00,4.8407447999999995
2025-06-28 02:00:00+00:00,4.900562300000001
2025-06-28 03:00:00+00:00,4.9568595
2025-06-28 04:00:00+00:00,5.0185175
2025-06-28 05:00:00+00:00,4.7618084
2025-06-28 06:00:00+00:00,4.310681600000001
2025-06-28 07:00:00+00:00,3.7633095999999995
2025-06-28 08:00:00+00:00,3.1635629000000005
2025-06-28 09:00:00+00:00,2.6923108000000013
2025-06-28 10:00:00+00:00,2.4730175
2025-06-28 11:00:00+00:00,2.1543968
2025-06-28 12:00:00+00:00,1.9064884000000006
2025-06-28 13:00:00+00:00,1.8952472
2025-06-28 14:00:00+00:00,2.282653700000002
2025-06-28 15:00:00+00:00,3.0912841
2025-06-28 16:00:00+00:00,4.203574799999998
2025-06-28 17:00:00+00:00,5.336706800000002
2025-06-28 18:00:00+00:00,6.1229018
2025-06-28 19:00:00+00:00,6.500766199999999
2025-06-28 20:00:00+00:00,6.5844895
2025-06-28 21:00:00+00:00,6.437360300000001
2025-06-28 22:00:00+00:00,5.939727100000001
2025-06-28 23:00:00+00:00,5.8794227999999995
2025-06-29 00:00:00+00:00,5.9553063
2025-06-29 01:00:00+00:00,6.1275437
2025-06-29 02:00:00+00:00,6.2134587
2025-06-29 03:00:00+00:00,6.2550458
2025-06-29 04:00:00+00:00,6.0941651
2025-06-29 05:00:00+00:00,5.6395463
2025-06-29 06:00:00+00:00,4.9390350000000005
2025-06-29 07:00:00+00:00,4.0698099
2025-06-29 08:00:00+00:00,3.1323936000000003
2025-06-29 09:00:00+00:00,2.537171100000001
2025-06-29 10:00:00+00:00,2.137503200000002
2025-06-29 11:00:00+00:00,1.6468093000000001
2025-06-29 12:00:00+00:00,1.7336909
2025-06-29 13:00:00+00:00,2.0296231000000002
2025-06-29 14:00:00+00:00,2.6277431999999994
2025-06-29 15:00:00+00:00,3.782441600000001
2025-06-29 16:00:00+00:00,5.2731093
2025-06-29 17:00:00+00:00,6.6645804
2025-06-29 18:00:00+00:00,7.5946004
2025-06-29 19:00:00+00:00,7.9495705999999995
2025-06-29 20:00:00+00:00,7.9203695
2025-06-29 21:00:00+00:00,7.500539900000001
2025-06-29 22:00:00+00:00,7.0971155
2025-06-29 23:00:00+00:00,6.7738513
2025-06-30 00:00:00+00:00,6.6410247
2025-06-30 01:00:00+00:00,6.6062692
2025-06-30 02:00:00+00:00,6.7142587
2025-06-30 03:00:00+00:00,7.0119278
2025-06-30 04:00:00+00:00,7.3768456
2025-06-30 05:00:00+00:00,7.459631999999998
2025-06-30 06:00:00+00:00,6.9750152
2025-06-30 07:00:00+00:00,6.1327847
2025-06-30 08:00:00+00:00,4.8923791
2025-06-30 09:00:00+00:00,3.9468601000000003
2025-06-30 10:00:00+00:00,3.0744675
2025-06-30 11:00:00+00:00,2.8398135
2025-06-30 12:00:00+00:00,2.9396965
2025-06-30 13:00:00+00:00,3.354538400000001
2025-06-30 14:00:00+00:00,4.0582029
2025-06-30 15:00:00+00:00,5.194045000000001
2025-06-30 16:00:00+00:00,6.615569499999999
2025-06-30 17:00:00+00:00,7.710632400000001
2025-06-30 18:00:00+00:00,8.4288731
2025-06-30 19:00:00+00:00,8.6154827
2025-06-30 20:00:00+00:00,8.640911599999999
2025-06-30 21:00:00+00:00,8.2363807
2025-06-30 22:00:00+00:00,7.7404002
2025-06-30 23:00:00+00:00,7.3691472000000005
2025-07-01 00:00:00+00:00,7.1853791
2025-07-01 01:00:00+00:00,7.1535263
2025-07-01 02:00:00+00:00,7.1902647
2025-07-01 03:00:00+00:00,7.473053200000001
2025-07-01 04:00:00+00:00,7.8607232
2025-07-01 05:00:00+00:00,7.823174
2025-07-01 06:00:00+00:00,7.1876611
2025-07-01 07:00:00+00:00,6.2289066
2025-07-01 08:00:00+00:00,5.0698262000000005
2025-07-01 09:00:00+00:00,4.1018789
2025-07-01 10:00:00+00:00,3.2879935
2025-07-01 11:00:00+00:00,3.0276118000000007
2025-07-01 12:00:00+00:00,3.123309700000002
2025-07-01 13:00:00+00:00,3.4994368
2025-07-01 14:00:00+00:00,4.3129634
2025-07-01 15:00:00+00:00,5.4031845999999994
2025-07-01 16:00:00+00:00,6.6522891
2025-07-01 17:00:00+00:00,7.7030884
2025-07-01 18:00:00+00:00,8.334132
2025-07-01 19:00:00+00:00,8.616873499999999
2025-07-01 20:00:00+00:00,8.686083499999999
2025-07-01 21:00:00+00:00,8.3181389
2025-07-01 22:00:00+00:00,7.742282499999999
2025-07-01 23:00:00+00:00,7.529049499999999
2025-07-02 00:00:00+00:00,7.3901201
2025-07-02 01:00:00+00:00,7.464639
2025-07-02 02:00:00+00:00,7.5358763
2025-07-02 03:00:00+00:00,7.5661252999999995
2025-07-02 04:00:00+00:00,7.9200859
2025-07-02 05:00:00+00:00,7.90629
2025-07-02 06:00:00+00:00,7.2000718
2025-07-02 07:00:00+00:00,6.267025
2025-07-02 08:00:00+00:00,5.3898929
2025-07-02 09:00:00+00:00,4.5790334
2025-07-02 10:00:00+00:00,3.8394480999999994
2025-07-02 11:00:00+00:00,3.6744879
2025-07-02 12:00:00+00:00,3.8454141999999987
2025-07-02 13:00:00+00:00,4.311398700000002
2025-07-02 14:00:00+00:00,4.9846717
2025-07-02 15:00:00+00:00,6.0505824
2025-07-02 16:00:00+00:00,7.054189899999999
2025-07-02 17:00:00+00:00,7.718986000000001
2025-07-02 18:00:00+00:00,8.0271675
2025-07-02 19:00:00+00:00,7.9846392
2025-07-02 20:00:00+00:00,8.0134909
2025-07-02 21:00:00+00:00,7.675726200000001
2025-07-02 22:00:00+00:00,7.2860358000000005
2025-07-02 23:00:00+00:00,6.8020955999999995
2025-07-03 00:00:00+00:00,6.5823552
2025-07-03 01:00:00+00:00,6.4433165
2025-07-03 02:00:00+00:00,6.5668429999999995
2025-07-03 03:00:00+00:00,6.9523592
2025-07-03 04:00:00+00:00,7.4744263
2025-07-03 05:00:00+00:00,7.387607200000001
2025-07-03 06:00:00+00:00,6.801851
2025-07-03 07:00:00+00:00,6.0459118
2025-07-03 08:00:00+00:00,5.007888899999999
2025-07-03 09:00:00+00:00,4.113840099999999
2025-07-03 10:00:00+00:00,3.591853800000001
2025-07-03 11:00:00+00:00,3.1931315
2025-07-03 12:00:00+00:00,2.8164332000000014
2025-07-03 13:00:00+00:00,2.9364579000000006
2025-07-03 14:00:00+00:00,3.6216738
2025-07-03 15:00:00+00:00,4.7796647
2025-07-03 16:00:00+00:00,6.1988155
2025-07-03 17:00:00+00:00,7.4769871000000006
2025-07-03 18:00:00+00:00,8.3381184
2025-07-03 19:00:00+00:00,8.5018345
2025-07-03 20:00:00+00:00,8.5578464
2025-07-03 21:00:00+00:00,8.1722419
2025-07-03 22:00:00+00:00,7.6775061
2025-07-03 23:00:00+00:00,7.5244079
2025-07-04 00:00:00+00:00,7.282659
2025-07-04 01:00:00+00:00,7.1629596
2025-07-04 02:00:00+00:00,7.2345445
2025-07-04 03:00:00+00:00,7.3992754000000005
2025-07-04 04:00:00+00:00,7.7061888
2025-07-04 05:00:00+00:00,7.6303994
2025-07-04 06:00:00+00:00,7.0911499
2025-07-04 07:00:00+00:00,6.0722247000000005
2025-07-04 08:00:00+00:00,4.837439999999999
2025-07-04 09:00:00+00:00,3.9000437000000012
2025-07-04 10:00:00+00:00,3.273003
2025-07-04 11:00:00+00:00,3.2221742000000004
2025-07-04 12:00:00+00:00,3.4033315
2025-07-04 13:00:00+00:00,3.7675357000000016
2025-07-04 14:00:00+00:00,4.1767964
2025-07-04 15:00:00+00:00,4.931691100000001
2025-07-04 16:00:00+00:00,5.9168968
2025-07-04 17:00:00+00:00,6.7707558
2025-07-04 18:00:00+00:00,7.388038900000001
2025-07-04 19:00:00+00:00,7.5142237000000005
2025-07-04 20:00:00+00:00,7.473864800000001
2025-07-04 21:00:00+00:00,7.0656696
2025-07-04 22:00:00+00:00,6.447328300000001
2025-07-04 23:00:00+00:00,6.1383581
2025-07-05 00:00:00+00:00,5.8737067
2025-07-05 01:00:00+00:00,5.8496617
2025-07-05 02:00:00+00:00,5.8618708999999996
2025-07-05 03:00:00+00:00,5.7744
2025-07-05 04:00:00+00:00,5.7621703
2025-07-05 05:00:00+00:00,5.630485899999999
2025-07-05 06:00:00+00:00,5.1757045
2025-07-05 07:00:00+00:00,4.4311736999999995
2025-07-05 08:00:00+00:00,3.525904200000001
2025-07-05 09:00:00+00:00,2.6116340000000022
2025-07-05 10:00:00+00:00,1.8496517000000017
2025-07-05 11:00:00+00:00,1.6838350000000002
2025-07-05 12:00:00+00:00,1.7140035000000005
2025-07-05 13:00:00+00:00,1.8686358999999992
2025-07-05 14:00:00+00:00,2.3995377000000015
2025-07-05 15:00:00+00:00,3.3805581
2025-07-05 16:00:00+00:00,4.2403245
2025-07-05 17:00:00+00:00,4.9453773000000005
2025-07-05 18:00:00+00:00,5.4949756
2025-07-05 19:00:00+00:00,5.6718036000000005
2025-07-05 20:00:00+00:00,5.759408800000001
2025-07-05 21:00:00+00:00,5.5869894
2025-07-05 22:00:00+00:00,5.079672500000001
2025-07-05 23:00:00+00:00,4.6999535
2025-07-06 00:00:00+00:00,4.6320685
2025-07-06 01:00:00+00:00,4.8789763
2025-07-06 02:00:00+00:00,5.070944900000001
2025-07-06 03:00:00+00:00,5.2242081
2025-07-06 04:00:00+00:00,5.3414682
2025-07-06 05:00:00+00:00,5.4682801
2025-07-06 06:00:00+00:00,5.4269453
2025-07-06 07:00:00+00:00,5.2321503
2025-07-06 08:00:00+00:00,4.948651399999999
2025-07-06 09:00:00+00:00,4.671842399999999
2025-07-06 10:00:00+00:00,4.3954842
2025-07-06 11:00:00+00:00,4.0768680999999996
2025-07-06 12:00:00+00:00,3.9544327
2025-07-06 13:00:00+00:00,4.0641832
2025-07-06 14:00:00+00:00,4.307981100000001
2025-07-06 15:00:00+00:00,4.7950408000000015
2025-07-06 16:00:00+00:00,5.602078199999999
2025-07-06 17:00:00+00:00,6.577584099999999
2025-07-06 18:00:00+00:00,7.2012158
2025-07-06 19:00:00+00:00,7.4577901
2025-07-06 20:00:00+00:00,7.518784800000001
2025-07-06 21:00:00+00:00,7.1304738
2025-07-06 22:00:00+00:00,7.0208743
2025-07-06 23:00:00+00:00,6.7196689
2025-07-07 00:00:00+00:00,6.4525136
2025-07-07 01:00:00+00:00,6.2451665
2025-07-07 02:00:00+00:00,6.1844402
2025-07-07 03:00:00+00:00,6.3240625
2025-07-07 04:00:00+00:00,6.7553148
2025-07-07 05:00:00+00:00,7.1929698
2025-07-07 06:00:00+00:00,7.2257294000000005
2025-07-07 07:00:00+00:00,7.021066800000001
2025-07-07 08:00:00+00:00,6.429807800000001
2025-07-07 09:00:00+00:00,5.817858800000001
2025-07-07 10:00:00+00:00,5.1235336
2025-07-07 11:00:00+00:00,4.450207499999999
2025-07-07 12:00:00+00:00,3.7811074
2025-07-07 13:00:00+00:00,3.2993793
2025-07-07 14:00:00+00:00,3.229609400000001
2025-07-07 15:00:00+00:00,3.8134125999999995
2025-07-07 16:00:00+00:00,4.865973700000001
2025-07-07 17:00:00+00:00,5.962345599999999
2025-07-07 18:00:00+00:00,6.8703818000000005
2025-07-07 19:00:00+00:00,7.4666803999999996
2025-07-07 20:00:00+00:00,7.902879899999999
2025-07-07 21:00:00+00:00,7.6873638
2025-07-07 22:00:00+00:00,7.256565999999999
2025-07-07 23:00:00+00:00,6.6253653
2025-07-08 00:00:00+00:00,6.1373693
2025-07-08 01:00:00+00:00,6.0070669
2025-07-08 02:00:00+00:00,6.0790261
2025-07-08 03:00:00+00:00,6.3072236
2025-07-08 04:00:00+00:00,6.721503399999999
2025-07-08 05:00:00+00:00,6.9136068999999996
2025-07-08 06:00:00+00:00,6.5338971
2025-07-08 07:00:00+00:00,5.8941685999999995
2025-07-08 08:00:00+00:00,5.283389300000002
2025-07-08 09:00:00+00:00,4.692025899999999
2025-07-08 10:00:00+00:00,4.123762200000001
2025-07-08 11:00:00+00:00,3.9886413999999997
2025-07-08 12:00:00+00:00,3.9901751999999995
2025-07-08 13:00:00+00:00,3.912710800000001
2025-07-08 14:00:00+00:00,4.2967329
2025-07-08 15:00:00+00:00,5.0289925
2025-07-08 16:00:00+00:00,6.068332100000001
2025-07-08 17:00:00+00:00,7.0668661
2025-07-08 18:00:00+00:00,7.7942313
2025-07-08 19:00:00+00:00,8.179241000000001
2025-07-08 20:00:00+00:00,8.2963914
2025-07-08 21:00:00+00:00,7.994542600000001
2025-07-08 22:00:00+00:00,7.741383
2025-07-08 23:00:00+00:00,7.4498257
2025-07-09 00:00:00+00:00,7.2517417
2025-07-09 01:00:00+00:00,7.2717843
2025-07-09 02:00:00+00:00,7.3147082999999995
2025-07-09 03:00:00+00:00,7.4408471
2025-07-09 04:00:00+00:00,7.7808262
2025-07-09 05:00:00+00:00,7.814354899999999
2025-07-09 06:00:00+00:00,7.203632
2025-07-09 07:00:00+00:00,6.2273896
2025-07-09 08:00:00+00:00,5.341235599999999
2025-07-09 09:00:00+00:00,4.688055800000001
2025-07-09 10:00:00+00:00,4.090143200000001
2025-07-09 11:00:00+00:00,3.8948387
2025-07-09 12:00:00+00:00,3.8651898000000005
2025-07-09 13:00:00+00:00,4.1321536000000005
2025-07-09 14:00:00+00:00,4.573655200000001
2025-07-09 15:00:00+00:00,5.5879405
2025-07-09 16:00:00+00:00,6.775354500000001
2025-07-09 17:00:00+00:00,7.6308272
2025-07-09 18:00:00+00:00,8.215680999999998
2025-07-09 19:00:00+00:00,8.4794588
2025-07-09 20:00:00+00:00,8.5964975
2025-07-09 21:00:00+00:00,8.277154000000001
2025-07-09 22:00:00+00:00,7.8801771
2025-07-09 23:00:00+00:00,7.6704404
2025-07-10 00:00:00+00:00,7.4715983
2025-07-10 01:00:00+00:00,7.325144399999999
2025-07-10 02:00:00+00:00,7.3578733
2025-07-10 03:00:00+00:00,7.5439465000000006
2025-07-10 04:00:00+00:00,7.8827425
2025-07-10 05:00:00+00:00,7.8167439000000005
2025-07-10 06:00:00+00:00,7.216795800000001
2025-07-10 07:00:00+00:00,6.2197453
2025-07-10 08:00:00+00:00,4.982648000000001
2025-07-10 09:00:00+00:00,4.0885944
2025-07-10 10:00:00+00:00,3.6509319
2025-07-10 11:00:00+00:00,3.5081694000000008
2025-07-10 12:00:00+00:00,3.487062699999999
2025-07-10 13:00:00+00:00,3.7002794999999997
2025-07-10 14:00:00+00:00,4.1876684
2025-07-10 15:00:00+00:00,5.1639181
2025-07-10 16:00:00+00:00,6.275937099999999
2025-07-10 17:00:00+00:00,7.3221453
2025-07-10 18:00:00+00:00,8.1066508
2025-07-10 19:00:00+00:00,8.2320461
2025-07-10 20:00:00+00:00,8.284186
2025-07-10 21:00:00+00:00,7.958323099999999
2025-07-10 22:00:00+00:00,7.5556467
2025-07-10 23:00:00+00:00,7.3595566
2025-07-11 00:00:00+00:00,7.2233241
2025-07-11 01:00:00+00:00,7.2168456
2025-07-11 02:00:00+00:00,7.2805691999999995
2025-07-11 03:00:00+00:00,7.417080299999999
2025-07-11 04:00:00+00:00,7.6821820999999995
2025-07-11 05:00:00+00:00,7.6056844
2025-07-11 06:00:00+00:00,6.967763699999999
2025-07-11 07:00:00+00:00,5.9801112
2025-07-11 08:00:00+00:00,4.988944800000001
2025-07-11 09:00:00+00:00,4.284731700000001
2025-07-11 10:00:00+00:00,3.799741900000001
2025-07-11 11:00:00+00:00,3.5954303999999997
2025-07-11 12:00:00+00:00,3.492057000000001
2025-07-11 13:00:00+00:00,3.5631806
2025-07-11 14:00:00+00:00,4.055110099999999
2025-07-11 15:00:00+00:00,4.931125700000001
2025-07-11 16:00:00+00:00,6.0299515
2025-07-11 17:00:00+00:00,6.9941458999999995
2025-07-11 18:00:00+00:00,7.7781647000000005
2025-07-11 19:00:00+00:00,8.037814
2025-07-11 20:00:00+00:00,8.064101799999998
2025-07-11 21:00:00+00:00,7.7571978999999995
2025-07-11 22:00:00+00:00,7.476010699999999
2025-07-11 23:00:00+00:00,7.155241299999999
2025-07-12 00:00:00+00:00,6.911147399999999
2025-07-12 01:00:00+00:00,6.8739007
2025-07-12 02:00:00+00:00,6.8103054
2025-07-12 03:00:00+00:00,6.759401199999999
2025-07-12 04:00:00+00:00,6.7219549
2025-07-12 05:00:00+00:00,6.424053300000001
2025-07-12 06:00:00+00:00,5.6595371
2025-07-12 07:00:00+00:00,4.6625662000000005
2025-07-12 08:00:00+00:00,3.5947440000000004
2025-07-12 09:00:00+00:00,2.5973865
2025-07-12 10:00:00+00:00,1.7888849000000002
2025-07-12 11:00:00+00:00,1.2768569000000003
2025-07-12 12:00:00+00:00,1.0868251000000022
2025-07-12 13:00:00+00:00,1.2639708999999995
2025-07-12 14:00:00+00:00,1.9928325000000005
2025-07-12 15:00:00+00:00,3.2765388
2025-07-12 16:00:00+00:00,4.6156691
2025-07-12 17:00:00+00:00,5.8134739
2025-07-12 18:00:00+00:00,6.6623897
2025-07-12 19:00:00+00:00,7.061389800000001
2025-07-12 20:00:00+00:00,7.2755438
2025-07-12 21:00:00+00:00,7.0810489
2025-07-12 22:00:00+00:00,6.7323577000000006
2025-07-12 23:00:00+00:00,6.4783858
2025-07-13 00:00:00+00:00,6.3960417000000005
2025-07-13 01:00:00+00:00,6.4305641
2025-07-13 02:00:00+00:00,6.4510166
2025-07-13 03:00:00+00:00,6.3509119
2025-07-13 04:00:00+00:00,6.192220799999999
2025-07-13 05:00:00+00:00,5.9395308
2025-07-13 06:00:00+00:00,5.335727
2025-07-13 07:00:00+00:00,4.667363400000001
2025-07-13 08:00:00+00:00,4.054444200000001
2025-07-13 09:00:00+00:00,3.7389203
2025-07-13 10:00:00+00:00,3.511241900000001
2025-07-13 11:00:00+00:00,3.1087094000000004
2025-07-13 12:00:00+00:00,2.9398273999999995
2025-07-13 13:00:00+00:00,3.0895593999999997
2025-07-13 14:00:00+00:00,3.5065505000000003
2025-07-13 15:00:00+00:00,4.241662300000001
2025-07-13 16:00:00+00:00,5.4675952
2025-07-13 17:00:00+00:00,6.7554205000000005
2025-07-13 18:00:00+00:00,7.5515502
2025-07-13 19:00:00+00:00,7.8912485
2025-07-13 20:00:00+00:00,7.9942269
2025-07-13 21:00:00+00:00,7.7310598
2025-07-13 22:00:00+00:00,7.3825043
2025-07-13 23:00:00+00:00,7.0873342
2025-07-14 00:00:00+00:00,6.8904322
2025-07-14 01:00:00+00:00,6.7286115
2025-07-14 02:00:00+00:00,6.6943850000000005
2025-07-14 03:00:00+00:00,6.8293902
2025-07-14 04:00:00+00:00,7.1867409
2025-07-14 05:00:00+00:00,7.4694892
2025-07-14 06:00:00+00:00,7.188497400000001
2025-07-14 07:00:00+00:00,6.574574100000001
2025-07-14 08:00:00+00:00,5.6142218999999995
2025-07-14 09:00:00+00:00,4.720033300000001
2025-07-14 10:00:00+00:00,3.6804384000000008
2025-07-14 11:00:00+00:00,3.0282712999999992
2025-07-14 12:00:00+00:00,2.4301440000000003
2025-07-14 13:00:00+00:00,1.9995138
2025-07-14 14:00:00+00:00,2.0916563999999997
2025-07-14 15:00:00+00:00,2.877007599999999
2025-07-14 16:00:00+00:00,4.157956400000001
2025-07-14 17:00:00+00:00,5.2953329
2025-07-14 18:00:00+00:00,6.0599922
2025-07-14 19:00:00+00:00,6.343888999999999
2025-07-14 20:00:00+00:00,6.469306200000001
2025-07-14 21:00:00+00:00,6.109097500000001
2025-07-14 22:00:00+00:00,5.453589900000001
2025-07-14 23:00:00+00:00,5.175790800000001
2025-07-15 00:00:00+00:00,5.098300999999999
2025-07-15 01:00:00+00:00,5.1702185
2025-07-15 02:00:00+00:00,5.338064
2025-07-15 03:00:00+00:00,5.7100653
2025-07-15 04:00:00+00:00,6.190769700000001
2025-07-15 05:00:00+00:00,6.3001547
2025-07-15 06:00:00+00:00,5.7144358
2025-07-15 07:00:00+00:00,4.8136691
2025-07-15 08:00:00+00:00,3.9406756000000014
2025-07-15 09:00:00+00:00,3.1932557999999993
2025-07-15 10:00:00+00:00,2.601424400000001
2025-07-15 11:00:00+00:00,2.4683852
2025-07-15 12:00:00+00:00,2.582508400000001
2025-07-15 13:00:00+00:00,2.596337900000001
2025-07-15 14:00:00+00:00,2.8588263000000005
2025-07-15 15:00:00+00:00,3.552028100000001
2025-07-15 16:00:00+00:00,4.503425099999999
2025-07-15 17:00:00+00:00,5.3165966
2025-07-15 18:00:00+00:00,5.8000104000000015
2025-07-15 19:00:00+00:00,5.993096900000001
2025-07-15 20:00:00+00:00,5.9930965
2025-07-15 21:00:00+00:00,5.5787900000000015
2025-07-15 22:00:00+00:00,5.1717969
2025-07-15 23:00:00+00:00,4.774467400000001
2025-07-16 00:00:00+00:00,4.5166758
2025-07-16 01:00:00+00:00,4.447817200000001
2025-07-16 02:00:00+00:00,4.448457400000001
2025-07-16 03:00:00+00:00,4.557066400000001
2025-07-16 04:00:00+00:00,5.0064025999999995
2025-07-16 05:00:00+00:00,5.337346999999999
2025-07-16 06:00:00+00:00,5.1649756
2025-07-16 07:00:00+00:00,4.5320538
2025-07-16 08:00:00+00:00,3.8887897000000002
2025-07-16 09:00:00+00:00,3.5463682000000007
2025-07-16 10:00:00+00:00,3.3765467000000005
2025-07-16 11:00:00+00:00,3.3472900999999995
2025-07-16 12:00:00+00:00,3.2464684000000013
2025-07-16 13:00:00+00:00,3.3275652000000004
2025-07-16 14:00:00+00:00,3.7065704000000013
2025-07-16 15:00:00+00:00,4.623226700000002
2025-07-16 16:00:00+00:00,5.7828639
2025-07-16 17:00:00+00:00,6.7581982
2025-07-16 18:00:00+00:00,7.520312800000001
2025-07-16 19:00:00+00:00,7.9320973
2025-07-16 20:00:00+00:00,8.1483794
2025-07-16 21:00:00+00:00,7.830937500000001
2025-07-16 22:00:00+00:00,7.4654775
2025-07-16 23:00:00+00:00,7.2921252
2025-07-17 00:00:00+00:00,7.107986
2025-07-17 01:00:00+00:00,6.9779523999999995
2025-07-17 02:00:00+00:00,6.9981552
2025-07-17 03:00:00+00:00,7.1734163
2025-07-17 04:00:00+00:00,7.514588000000001
2025-07-17 05:00:00+00:00,7.4725906
2025-07-17 06:00:00+00:00,6.9372807
2025-07-17 07:00:00+00:00,5.970223
2025-07-17 08:00:00+00:00,4.755454100000001
2025-07-17 09:00:00+00:00,3.825146
2025-07-17 10:00:00+00:00,3.3516255
2025-07-17 11:00:00+00:00,3.0868988999999996
2025-07-17 12:00:00+00:00,3.0689835999999993
2025-07-17 13:00:00+00:00,3.387239300000002
2025-07-17 14:00:00+00:00,3.953939
2025-07-17 15:00:00+00:00,5.005215099999999
2025-07-17 16:00:00+00:00,6.177411
2025-07-17 17:00:00+00:00,7.2467118
2025-07-17 18:00:00+00:00,8.0349044
2025-07-17 19:00:00+00:00,8.216072899999999
2025-07-17 20:00:00+00:00,8.3031592
2025-07-17 21:00:00+00:00,7.975283800000001
2025-07-17 22:00:00+00:00,7.5274279
2025-07-17 23:00:00+00:00,7.3410229000000005
2025-07-18 00:00:00+00:00,7.169916300000001
2025-07-18 01:00:00+00:00,7.0932863
2025-07-18 02:00:00+00:00,7.1110466
2025-07-18 03:00:00+00:00,7.205229899999999
2025-07-18 04:00:00+00:00,7.5427503
2025-07-18 05:00:00+00:00,7.609231800000001
2025-07-18 06:00:00+00:00,7.2063101
2025-07-18 07:00:00+00:00,6.4858185
2025-07-18 08:00:00+00:00,5.5234352
2025-07-18 09:00:00+00:00,4.7472249
2025-07-18 10:00:00+00:00,4.116671499999998
2025-07-18 11:00:00+00:00,3.875979700000001
2025-07-18 12:00:00+00:00,3.754846400000001
2025-07-18 13:00:00+00:00,3.8296469999999987
2025-07-18 14:00:00+00:00,4.3569285
2025-07-18 15:00:00+00:00,5.3038387
2025-07-18 16:00:00+00:00,6.399187100000001
2025-07-18 17:00:00+00:00,7.330367900000001
2025-07-18 18:00:00+00:00,8.0293352
2025-07-18 19:00:00+00:00,8.1487679
2025-07-18 20:00:00+00:00,8.0401547
2025-07-18 21:00:00+00:00,7.6163578
2025-07-18 22:00:00+00:00,6.941154099999999
2025-07-18 23:00:00+00:00,6.4525323000000006
2025-07-19 00:00:00+00:00,6.104822199999999
2025-07-19 01:00:00+00:00,6.079675099999999
2025-07-19 02:00:00+00:00,6.0186566
2025-07-19 03:00:00+00:00,5.9941052
2025-07-19 04:00:00+00:00,6.0751263
2025-07-19 05:00:00+00:00,5.947385499999999
2025-07-19 06:00:00+00:00,5.387595000000001
2025-07-19 07:00:00+00:00,4.705794
2025-07-19 08:00:00+00:00,4.101234099999999
2025-07-19 09:00:00+00:00,3.4966847999999997
2025-07-19 10:00:00+00:00,3.0487093000000005
2025-07-19 11:00:00+00:00,3.0390394
2025-07-19 12:00:00+00:00,3.443918000000002
2025-07-19 13:00:00+00:00,3.9254544
2025-07-19 14:00:00+00:00,4.4685109999999995
2025-07-19 15:00:00+00:00,5.2161647
2025-07-19 16:00:00+00:00,6.0159467
2025-07-19 17:00:00+00:00,6.7442016
2025-07-19 18:00:00+00:00,7.2119886000000015
2025-07-19 19:00:00+00:00,7.3752295
2025-07-19 20:00:00+00:00,7.446712499999999
2025-07-19 21:00:00+00:00,7.124907100000001
2025-07-19 22:00:00+00:00,6.3742512
2025-07-19 23:00:00+00:00,6.1925384999999995
2025-07-20 00:00:00+00:00,6.1207196
2025-07-20 01:00:00+00:00,6.2251617
2025-07-20 02:00:00+00:00,6.2992384
2025-07-20 03:00:00+00:00,6.2180495
2025-07-20 04:00:00+00:00,6.1120345
2025-07-20 05:00:00+00:00,6.043791799999999
2025-07-20 06:00:00+00:00,5.625549399999999
2025-07-20 07:00:00+00:00,4.870729799999999
2025-07-20 08:00:00+00:00,4.1855576
2025-07-20 09:00:00+00:00,3.8037268000000015
2025-07-20 10:00:00+00:00,3.6607378000000006
2025-07-20 11:00:00+00:00,3.6133953000000005
2025-07-20 12:00:00+00:00,3.8355844000000006
2025-07-20 13:00:00+00:00,4.0547321
2025-07-20 14:00:00+00:00,4.0003652
2025-07-20 15:00:00+00:00,4.279119
2025-07-20 16:00:00+00:00,5.1174707
2025-07-20 17:00:00+00:00,6.204758399999999
2025-07-20 18:00:00+00:00,6.893152800000001
2025-07-20 19:00:00+00:00,7.1397968
2025-07-20 20:00:00+00:00,7.2048655
2025-07-20 21:00:00+00:00,6.8649664
2025-07-20 22:00:00+00:00,6.369835800000001
2025-07-20 23:00:00+00:00,6.0289687
2025-07-21 00:00:00+00:00,5.714559599999999
2025-07-21 01:00:00+00:00,5.524304000000001
2025-07-21 02:00:00+00:00,5.313061600000001
2025-07-21 03:00:00+00:00,5.128331600000001
2025-07-21 04:00:00+00:00,4.952002
2025-07-21 05:00:00+00:00,4.4598662000000004
2025-07-21 06:00:00+00:00,3.7525421000000003
2025-07-21 07:00:00+00:00,3.1340671
2025-07-21 08:00:00+00:00,2.5865306000000006
2025-07-21 09:00:00+00:00,2.357548200000001
2025-07-21 10:00:00+00:00,2.342164200000001
2025-07-21 11:00:00+00:00,2.2274219000000004
2025-07-21 12:00:00+00:00,2.2883332000000003
2025-07-21 13:00:00+00:00,2.5843695
2025-07-21 14:00:00+00:00,3.2244456
2025-07-21 15:00:00+00:00,4.0557508
2025-07-21 16:00:00+00:00,4.9814646
2025-07-21 17:00:00+00:00,5.7316563
2025-07-21 18:00:00+00:00,6.208560100000001
2025-07-21 19:00:00+00:00,6.2682389999999995
2025-07-21 20:00:00+00:00,6.1010469
2025-07-21 21:00:00+00:00,5.6753243
2025-07-21 22:00:00+00:00,5.2751212
2025-07-21 23:00:00+00:00,4.9608228
2025-07-22 00:00:00+00:00,4.6463087
2025-07-22 01:00:00+00:00,4.7898577
2025-07-22 02:00:00+00:00,5.151555699999999
2025-07-22 03:00:00+00:00,5.4978742
2025-07-22 04:00:00+00:00,6.057048999999999
2025-07-22 05:00:00+00:00,6.358300699999999
2025-07-22 06:00:00+00:00,5.742769200000001
2025-07-22 07:00:00+00:00,5.2051311
2025-07-22 08:00:00+00:00,4.6546017000000015
2025-07-22 09:00:00+00:00,4.187852900000001
2025-07-22 10:00:00+00:00,3.7432348000000015
2025-07-22 11:00:00+00:00,3.3592665999999998
2025-07-22 12:00:00+00:00,3.0903124999999996
2025-07-22 13:00:00+00:00,3.1533824000000017
2025-07-22 14:00:00+00:00,3.4284468000000015
2025-07-22 15:00:00+00:00,3.9704577000000008
2025-07-22 16:00:00+00:00,4.817217
2025-07-22 17:00:00+00:00,5.6778767000000006
2025-07-22 18:00:00+00:00,6.2562512
2025-07-22 19:00:00+00:00,6.5592424000000005
2025-07-22 20:00:00+00:00,6.6652895
2025-07-22 21:00:00+00:00,6.4140216
2025-07-22 22:00:00+00:00,6.6212788
2025-07-22 23:00:00+00:00,6.4919551
2025-07-23 00:00:00+00:00,6.430453
2025-07-23 01:00:00+00:00,6.4324566999999995
2025-07-23 02:00:00+00:00,6.5630407
2025-07-23 03:00:00+00:00,6.9266055
2025-07-23 04:00:00+00:00,7.1862223
2025-07-23 05:00:00+00:00,7.261994799999999
2025-07-23 06:00:00+00:00,6.9794887999999995
2025-07-23 07:00:00+00:00,6.3071965
2025-07-23 08:00:00+00:00,5.6329367
2025-07-23 09:00:00+00:00,5.029185
2025-07-23 10:00:00+00:00,4.427385499999999
2025-07-23 11:00:00+00:00,4.254849899999999
2025-07-23 12:00:00+00:00,4.135076399999999
2025-07-23 13:00:00+00:00,4.348923399999999
2025-07-23 14:00:00+00:00,5.137954199999999
2025-07-23 15:00:00+00:00,5.9964555
2025-07-23 16:00:00+00:00,6.9353316
2025-07-23 17:00:00+00:00,7.8611378
2025-07-23 18:00:00+00:00,8.3261514
2025-07-23 19:00:00+00:00,8.4800934
2025-07-23 20:00:00+00:00,8.370505
2025-07-23 21:00:00+00:00,7.9198414999999995
2025-07-23 22:00:00+00:00,7.3506186
2025-07-23 23:00:00+00:00,6.982984200000001
2025-07-24 00:00:00+00:00,6.746485400000001
2025-07-24 01:00:00+00:00,6.5672223999999995
2025-07-24 02:00:00+00:00,6.590821
2025-07-24 03:00:00+00:00,6.7515775
2025-07-24 04:00:00+00:00,7.0613528
2025-07-24 05:00:00+00:00,7.0922028
2025-07-24 06:00:00+00:00,6.5956644
2025-07-24 07:00:00+00:00,5.908705100000001
2025-07-24 08:00:00+00:00,4.9887081
2025-07-24 09:00:00+00:00,4.2709641
2025-07-24 10:00:00+00:00,3.8782408000000004
2025-07-24 11:00:00+00:00,3.5006700000000004
2025-07-24 12:00:00+00:00,3.3711904000000006
2025-07-24 13:00:00+00:00,3.4701878000000006
2025-07-24 14:00:00+00:00,3.701619000000001
2025-07-24 15:00:00+00:00,4.4638396
2025-07-24 16:00:00+00:00,5.4013612
2025-07-24 17:00:00+00:00,6.2461576999999995
2025-07-24 18:00:00+00:00,6.890525600000002
2025-07-24 19:00:00+00:00,7.049177600000001
2025-07-24 20:00:00+00:00,7.200783400000001
2025-07-24 21:00:00+00:00,6.9686348
2025-07-24 22:00:00+00:00,6.3920729
2025-07-24 23:00:00+00:00,6.277294400000001
2025-07-25 00:00:00+00:00,6.2021907
2025-07-25 01:00:00+00:00,6.176311800000001
2025-07-25 02:00:00+00:00,6.230825899999999
2025-07-25 03:00:00+00:00,6.3616060999999995
2025-07-25 04:00:00+00:00,6.7584886
2025-07-25 05:00:00+00:00,7.029200299999999
2025-07-25 06:00:00+00:00,6.885066999999999
2025-07-25 07:00:00+00:00,6.572026199999999
2025-07-25 08:00:00+00:00,6.093904199999999
2025-07-25 09:00:00+00:00,5.512941399999999
2025-07-25 10:00:00+00:00,4.907632899999999
2025-07-25 11:00:00+00:00,4.705992200000001
2025-07-25 12:00:00+00:00,4.6197491
2025-07-25 13:00:00+00:00,4.565918500000001
2025-07-25 14:00:00+00:00,4.7805176000000005
2025-07-25 15:00:00+00:00,5.3800370000000015
2025-07-25 16:00:00+00:00,6.2876101
2025-07-25 17:00:00+00:00,7.212192700000001
2025-07-25 18:00:00+00:00,7.886379300000001
2025-07-25 19:00:00+00:00,8.091407700000001
2025-07-25 20:00:00+00:00,8.038851800000002
2025-07-25 21:00:00+00:00,7.661287
2025-07-25 22:00:00+00:00,7.2230591
2025-07-25 23:00:00+00:00,6.8033967
2025-07-26 00:00:00+00:00,6.470537900000001
2025-07-26 01:00:00+00:00,6.394311999999999
2025-07-26 02:00:00+00:00,6.3205139
2025-07-26 03:00:00+00:00,6.304969999999999
2025-07-26 04:00:00+00:00,6.3464497
2025-07-26 05:00:00+00:00,6.2300234
2025-07-26 06:00:00+00:00,5.6649497
2025-07-26 07:00:00+00:00,4.868727600000001
2025-07-26 08:00:00+00:00,4.0603743
2025-07-26 09:00:00+00:00,3.4827211
2025-07-26 10:00:00+00:00,3.341008399999999
2025-07-26 11:00:00+00:00,3.4252380000000002
2025-07-26 12:00:00+00:00,3.5341089000000006
2025-07-26 13:00:00+00:00,3.650302100000001
2025-07-26 14:00:00+00:00,3.739846700000001
2025-07-26 15:00:00+00:00,4.620360499999999
2025-07-26 16:00:00+00:00,5.7354697
2025-07-26 17:00:00+00:00,6.5970286
2025-07-26 18:00:00+00:00,7.1554938
2025-07-26 19:00:00+00:00,7.4143354
2025-07-26 20:00:00+00:00,7.5554381
2025-07-26 21:00:00+00:00,7.3056443
2025-07-26 22:00:00+00:00,6.9183104
2025-07-26 23:00:00+00:00,6.5540942
2025-07-27 00:00:00+00:00,6.3721432
2025-07-27 01:00:00+00:00,6.3315467
2025-07-27 02:00:00+00:00,6.2755206999999995
2025-07-27 03:00:00+00:00,6.1428418
2025-07-27 04:00:00+00:00,6.0485609
2025-07-27 05:00:00+00:00,6.018085500000001
2025-07-27 06:00:00+00:00,5.7579061
2025-07-27 07:00:00+00:00,5.4766878000000005
2025-07-27 08:00:00+00:00,4.926402599999999
2025-07-27 09:00:00+00:00,4.409649
2025-07-27 10:00:00+00:00,4.0636439
2025-07-27 11:00:00+00:00,3.6874328
2025-07-27 12:00:00+00:00,3.4366033000000007
2025-07-27 13:00:00+00:00,3.4407078
2025-07-27 14:00:00+00:00,3.7024638000000003
2025-07-27 15:00:00+00:00,4.3196834
2025-07-27 16:00:00+00:00,5.2867663
2025-07-27 17:00:00+00:00,6.303185900000001
2025-07-27 18:00:00+00:00,6.9082317
2025-07-27 19:00:00+00:00,7.166076
2025-07-27 20:00:00+00:00,7.2840888
2025-07-27 21:00:00+00:00,7.0203126000000005
2025-07-27 22:00:00+00:00,6.422467299999999
2025-07-27 23:00:00+00:00,6.1196027
2025-07-28 00:00:00+00:00,5.969951
2025-07-28 01:00:00+00:00,5.8379452
2025-07-28 02:00:00+00:00,5.8473013
2025-07-28 03:00:00+00:00,6.0770551
2025-07-28 04:00:00+00:00,6.383434499999999
2025-07-28 05:00:00+00:00,6.640174399999999
2025-07-28 06:00:00+00:00,6.3111757
2025-07-28 07:00:00+00:00,5.769386199999999
2025-07-28 08:00:00+00:00,5.099604700000001
2025-07-28 09:00:00+00:00,4.710336900000001
2025-07-28 10:00:00+00:00,4.3631038
2025-07-28 11:00:00+00:00,4.0538359999999996
2025-07-28 12:00:00+00:00,3.7751956
2025-07-28 13:00:00+00:00,3.8755855000000015
2025-07-28 14:00:00+00:00,4.166640699999999
2025-07-28 15:00:00+00:00,4.846240700000001
2025-07-28 16:00:00+00:00,5.885985800000001
2025-07-28 17:00:00+00:00,6.955001300000001
2025-07-28 18:00:00+00:00,7.7031802
2025-07-28 19:00:00+00:00,7.984143199999999
2025-07-28 20:00:00+00:00,8.0040328
2025-07-28 21:00:00+00:00,7.5490996
2025-07-28 22:00:00+00:00,7.068630499999999
2025-07-28 23:00:00+00:00,6.6903825
2025-07-29 00:00:00+00:00,6.582110500000001
2025-07-29 01:00:00+00:00,6.5883726
2025-07-29 02:00:00+00:00,6.6810076
2025-07-29 03:00:00+00:00,6.822302200000001
2025-07-29 04:00:00+00:00,7.0713421
2025-07-29 05:00:00+00:00,7.170991900000001
2025-07-29 06:00:00+00:00,6.7967499
2025-07-29 07:00:00+00:00,6.2299898
2025-07-29 08:00:00+00:00,5.6433145
2025-07-29 09:00:00+00:00,5.113084400000001
2025-07-29 10:00:00+00:00,4.8296806000000005
2025-07-29 11:00:00+00:00,4.8031486
2025-07-29 12:00:00+00:00,4.8333025
2025-07-29 13:00:00+00:00,4.9793299
2025-07-29 14:00:00+00:00,5.216855600000001
2025-07-29 15:00:00+00:00,5.859081999999999
2025-07-29 16:00:00+00:00,6.740169600000001
2025-07-29 17:00:00+00:00,7.5476407000000005
2025-07-29 18:00:00+00:00,8.0491218
2025-07-29 19:00:00+00:00,8.2129991
2025-07-29 20:00:00+00:00,8.130661700000001
2025-07-29 21:00:00+00:00,7.6560225
2025-07-29 22:00:00+00:00,7.233002000000001
2025-07-29 23:00:00+00:00,6.9187591
2025-07-30 00:00:00+00:00,6.6975578
2025-07-30 01:00:00+00:00,6.677376300000001
2025-07-30 02:00:00+00:00,6.7042911
2025-07-30 03:00:00+00:00,6.8239476
2025-07-30 04:00:00+00:00,7.2598338
2025-07-30 05:00:00+00:00,7.627337300000001
2025-07-30 06:00:00+00:00,7.526307200000001
2025-07-30 07:00:00+00:00,7.147015
2025-07-30 08:00:00+00:00,6.614351900000001
2025-07-30 09:00:00+00:00,6.0220119
2025-07-30 10:00:00+00:00,5.2725572
2025-07-30 11:00:00+00:00,4.6338520999999995
2025-07-30 12:00:00+00:00,4.193511699999999
2025-07-30 13:00:00+00:00,4.0829126
2025-07-30 14:00:00+00:00,4.4158401000000005
2025-07-30 15:00:00+00:00,5.160744000000001
2025-07-30 16:00:00+00:00,6.1982581
2025-07-30 17:00:00+00:00,7.131580300000001
2025-07-30 18:00:00+00:00,7.7280679
2025-07-30 19:00:00+00:00,7.8960988
2025-07-30 20:00:00+00:00,7.8816436
2025-07-30 21:00:00+00:00,7.4566297
2025-07-30 22:00:00+00:00,6.7084084
2025-07-30 23:00:00+00:00,6.4147162
2025-07-31 00:00:00+00:00,6.1909693
2025-07-31 01:00:00+00:00,6.0028413
2025-07-31 02:00:00+00:00,6.040857300000001
2025-07-31 03:00:00+00:00,6.2309791
2025-07-31 04:00:00+00:00,6.670142
2025-07-31 05:00:00+00:00,6.863840100000001
2025-07-31 06:00:00+00:00,6.5312114
2025-07-31 07:00:00+00:00,5.9325918
2025-07-31 08:00:00+00:00,5.256107000000001
2025-07-31 09:00:00+00:00,4.7340618
2025-07-31 10:00:00+00:00,4.4201484
2025-07-31 11:00:00+00:00,4.3555141000000015
2025-07-31 12:00:00+00:00,4.5108353999999995
2025-07-31 13:00:00+00:00,4.705543299999999
2025-07-31 14:00:00+00:00,5.1379885000000005
2025-07-31 15:00:00+00:00,6.0297105
2025-07-31 16:00:00+00:00,6.770194
2025-07-31 17:00:00+00:00,7.2466924
2025-07-31 18:00:00+00:00,7.5949448
2025-07-31 19:00:00+00:00,7.6682295
2025-07-31 20:00:00+00:00,7.8293337
2025-07-31 21:00:00+00:00,7.4933627000000005
2025-07-31 22:00:00+00:00,7.0098351
2025-07-31 23:00:00+00:00,6.7189962
2025-08-01 00:00:00+00:00,6.5702676
2025-08-01 01:00:00+00:00,6.3942128
2025-08-01 02:00:00+00:00,6.314466400000001
2025-08-01 03:00:00+00:00,6.314890699999999
2025-08-01 04:00:00+00:00,6.6703981
2025-08-01 05:00:00+00:00,6.8436118
2025-08-01 06:00:00+00:00,6.411133500000001
2025-08-01 07:00:00+00:00,5.754316300000001
2025-08-01 08:00:00+00:00,5.217912
2025-08-01 09:00:00+00:00,4.8157380000000005
2025-08-01 10:00:00+00:00,4.408564600000001
2025-08-01 11:00:00+00:00,4.024306300000001
2025-08-01 12:00:00+00:00,3.7766042000000004
2025-08-01 13:00:00+00:00,3.8328932999999994
2025-08-01 14:00:00+00:00,3.985464300000001
2025-08-01 15:00:00+00:00,4.3884081
2025-08-01 16:00:00+00:00,5.337350600000001
2025-08-01 17:00:00+00:00,6.1782506
2025-08-01 18:00:00+00:00,6.8284915
2025-08-01 19:00:00+00:00,7.050943299999998
2025-08-01 20:00:00+00:00,7.0396283
2025-08-01 21:00:00+00:00,6.7151067
2025-08-01 22:00:00+00:00,6.1809622
2025-08-01 23:00:00+00:00,5.6617048
2025-08-02 00:00:00+00:00,5.2110691
2025-08-02 01:00:00+00:00,4.9575189
2025-08-02 02:00:00+00:00,4.7446989
2025-08-02 03:00:00+00:00,4.651299100000001
2025-08-02 04:00:00+00:00,4.736008999999999
2025-08-02 05:00:00+00:00,4.868817099999999
2025-08-02 06:00:00+00:00,4.7871515
2025-08-02 07:00:00+00:00,4.6469495
2025-08-02 08:00:00+00:00,4.4466641000000005
2025-08-02 09:00:00+00:00,4.12007
2025-08-02 10:00:00+00:00,3.6264073999999997
2025-08-02 11:00:00+00:00,3.125822900000001
2025-08-02 12:00:00+00:00,2.9247442999999995
2025-08-02 13:00:00+00:00,2.864170500000001
2025-08-02 14:00:00+00:00,3.1248224000000002
2025-08-02 15:00:00+00:00,3.955471899999999
2025-08-02 16:00:00+00:00,5.067486399999999
2025-08-02 17:00:00+00:00,6.199624099999999
2025-08-02 18:00:00+00:00,6.979486499999999
2025-08-02 19:00:00+00:00,7.3389999999999995
2025-08-02 20:00:00+00:00,7.5142804
2025-08-02 21:00:00+00:00,7.2372246
2025-08-02 22:00:00+00:00,6.7859029
2025-08-02 23:00:00+00:00,6.291573100000001
2025-08-03 00:00:00+00:00,5.9473815
2025-08-03 01:00:00+00:00,5.7627852
2025-08-03 02:00:00+00:00,5.6105532
2025-08-03 03:00:00+00:00,5.437764400000001
2025-08-03 04:00:00+00:00,5.3977802
2025-08-03 05:00:00+00:00,5.241416300000001
2025-08-03 06:00:00+00:00,4.557218600000001
2025-08-03 07:00:00+00:00,3.6915345000000004
2025-08-03 08:00:00+00:00,2.7930057
2025-08-03 09:00:00+00:00,2.263942900000001
2025-08-03 10:00:00+00:00,1.9368531000000004
2025-08-03 11:00:00+00:00,1.5864262999999994
2025-08-03 12:00:00+00:00,1.5746541999999994
2025-08-03 13:00:00+00:00,2.0098491000000003
2025-08-03 14:00:00+00:00,2.583492500000001
2025-08-03 15:00:00+00:00,3.2708335
2025-08-03 16:00:00+00:00,4.1803344
2025-08-03 17:00:00+00:00,5.0600710000000015
2025-08-03 18:00:00+00:00,5.450432
2025-08-03 19:00:00+00:00,5.6306411999999995
2025-08-03 20:00:00+00:00,5.8184871000000005
2025-08-03 21:00:00+00:00,5.6948308999999995
2025-08-03 22:00:00+00:00,5.6301919
2025-08-03 23:00:00+00:00,5.5715442
2025-08-04 00:00:00+00:00,5.651713
2025-08-04 01:00:00+00:00,5.7698424
2025-08-04 02:00:00+00:00,5.971477600000001
2025-08-04 03:00:00+00:00,6.3815048
2025-08-04 04:00:00+00:00,6.9249845
2025-08-04 05:00:00+00:00,7.5319022
2025-08-04 06:00:00+00:00,7.5312021
2025-08-04 07:00:00+00:00,7.033103599999999
2025-08-04 08:00:00+00:00,6.1118065
2025-08-04 09:00:00+00:00,5.119928400000001
2025-08-04 10:00:00+00:00,3.9014974000000002
2025-08-04 11:00:00+00:00,3.0342765
2025-08-04 12:00:00+00:00,2.6025151000000015
2025-08-04 13:00:00+00:00,2.6729585
2025-08-04 14:00:00+00:00,3.0881969000000016
2025-08-04 15:00:00+00:00,3.8075247999999995
2025-08-04 16:00:00+00:00,4.6875211000000006
2025-08-04 17:00:00+00:00,5.349216900000002
2025-08-04 18:00:00+00:00,5.597951600000001
2025-08-04 19:00:00+00:00,5.6406054
2025-08-04 20:00:00+00:00,5.7511852999999995
2025-08-04 21:00:00+00:00,5.6224896
2025-08-04 22:00:00+00:00,5.7749801000000005
2025-08-04 23:00:00+00:00,5.806981800000001
2025-08-05 00:00:00+00:00,5.8137577
2025-08-05 01:00:00+00:00,5.8272245
2025-08-05 02:00:00+00:00,5.8741004
2025-08-05 03:00:00+00:00,6.0714585
2025-08-05 04:00:00+00:00,6.463887700000001
2025-08-05 05:00:00+00:00,6.610494699999999
2025-08-05 06:00:00+00:00,6.0011352
2025-08-05 07:00:00+00:00,4.8784149999999995
2025-08-05 08:00:00+00:00,3.775965000000001
2025-08-05 09:00:00+00:00,2.756542200000001
2025-08-05 10:00:00+00:00,1.804595100000002
2025-08-05 11:00:00+00:00,1.549296100000003
2025-08-05 12:00:00+00:00,1.5528402000000021
2025-08-05 13:00:00+00:00,1.8501657000000016
2025-08-05 14:00:00+00:00,2.503059499999999
2025-08-05 15:00:00+00:00,3.5148785
2025-08-05 16:00:00+00:00,4.967791899999999
2025-08-05 17:00:00+00:00,6.316344900000001
2025-08-05 18:00:00+00:00,7.198366100000001
2025-08-05 19:00:00+00:00,7.5524934
2025-08-05 20:00:00+00:00,7.5475072999999995
2025-08-05 21:00:00+00:00,7.107901099999999
2025-08-05 22:00:00+00:00,6.608987600000001
2025-08-05 23:00:00+00:00,6.4030957
2025-08-06 00:00:00+00:00,6.315155300000001
2025-08-06 01:00:00+00:00,6.4400794
2025-08-06 02:00:00+00:00,6.574372
2025-08-06 03:00:00+00:00,6.8194561
2025-08-06 04:00:00+00:00,7.3881067
2025-08-06 05:00:00+00:00,7.6260559
2025-08-06 06:00:00+00:00,7.022673199999999
2025-08-06 07:00:00+00:00,6.018829600000002
2025-08-06 08:00:00+00:00,5.015250999999999
2025-08-06 09:00:00+00:00,4.191552399999999
2025-08-06 10:00:00+00:00,3.593895400000001
2025-08-06 11:00:00+00:00,3.5052745000000005
2025-08-06 12:00:00+00:00,3.627918
2025-08-06 13:00:00+00:00,3.8687338000000002
2025-08-06 14:00:00+00:00,4.319401
2025-08-06 15:00:00+00:00,5.362846900000001
2025-08-06 16:00:00+00:00,6.625161
2025-08-06 17:00:00+00:00,7.630820899999999
2025-08-06 18:00:00+00:00,8.1700756
2025-08-06 19:00:00+00:00,8.2919971
2025-08-06 20:00:00+00:00,8.2849948
2025-08-06 21:00:00+00:00,7.879917900000001
2025-08-06 22:00:00+00:00,7.3377004999999995
2025-08-06 23:00:00+00:00,6.9925589
2025-08-07 00:00:00+00:00,6.6976580000000006
2025-08-07 01:00:00+00:00,6.4924376
2025-08-07 02:00:00+00:00,6.506021199999999
2025-08-07 03:00:00+00:00,6.6899464
2025-08-07 04:00:00+00:00,7.1418867
2025-08-07 05:00:00+00:00,7.229861700000001
2025-08-07 06:00:00+00:00,6.639013200000001
2025-08-07 07:00:00+00:00,5.8708518000000005
2025-08-07 08:00:00+00:00,4.8950217
2025-08-07 09:00:00+00:00,3.9556925000000014
2025-08-07 10:00:00+00:00,3.1890148000000007
2025-08-07 11:00:00+00:00,2.6558733000000014
2025-08-07 12:00:00+00:00,2.3456224000000017
2025-08-07 13:00:00+00:00,2.5065749000000004
2025-08-07 14:00:00+00:00,3.1842939
2025-08-07 15:00:00+00:00,4.253271099999999
2025-08-07 16:00:00+00:00,5.404725500000001
2025-08-07 17:00:00+00:00,6.2862103
2025-08-07 18:00:00+00:00,6.8502396
2025-08-07 19:00:00+00:00,6.897766900000001
2025-08-07 20:00:00+00:00,6.8190547000000015
2025-08-07 21:00:00+00:00,6.4543320999999985
2025-08-07 22:00:00+00:00,5.9422547
2025-08-07 23:00:00+00:00,5.737629800000001
2025-08-08 00:00:00+00:00,5.6329935
2025-08-08 01:00:00+00:00,5.7190075
2025-08-08 02:00:00+00:00,5.979011099999999
2025-08-08 03:00:00+00:00,6.278789
2025-08-08 04:00:00+00:00,6.925766899999999
2025-08-08 05:00:00+00:00,7.470917199999999
2025-08-08 06:00:00+00:00,7.4083445
2025-08-08 07:00:00+00:00,6.7860441
2025-08-08 08:00:00+00:00,5.806148500000001
2025-08-08 09:00:00+00:00,5.028943700000001
2025-08-08 10:00:00+00:00,4.427957800000001
2025-08-08 11:00:00+00:00,4.0803762
2025-08-08 12:00:00+00:00,3.927331099999999
2025-08-08 13:00:00+00:00,4.1137778
2025-08-08 14:00:00+00:00,4.721004200000001
2025-08-08 15:00:00+00:00,5.6845569000000005
2025-08-08 16:00:00+00:00,6.8962414
2025-08-08 17:00:00+00:00,7.838650699999999
2025-08-08 18:00:00+00:00,8.3440947
2025-08-08 19:00:00+00:00,8.3703651
2025-08-08 20:00:00+00:00,8.2268609
2025-08-08 21:00:00+00:00,7.8444688000000005
2025-08-08 22:00:00+00:00,7.340596100000001
2025-08-08 23:00:00+00:00,6.9890661
2025-08-09 00:00:00+00:00,6.765137800000001
2025-08-09 01:00:00+00:00,6.768203799999999
2025-08-09 02:00:00+00:00,6.7221315
2025-08-09 03:00:00+00:00,6.7098802
2025-08-09 04:00:00+00:00,6.8257274
2025-08-09 05:00:00+00:00,6.7741098
2025-08-09 06:00:00+00:00,6.126259800000001
2025-08-09 07:00:00+00:00,5.142209300000001
2025-08-09 08:00:00+00:00,3.9606679
2025-08-09 09:00:00+00:00,2.789915400000001
2025-08-09 10:00:00+00:00,1.791444600000001
2025-08-09 11:00:00+00:00,1.1520709999999994
2025-08-09 12:00:00+00:00,0.9691939999999999
2025-08-09 13:00:00+00:00,1.2536370000000012
2025-08-09 14:00:00+00:00,2.0796213000000003
2025-08-09 15:00:00+00:00,3.4141116999999994
2025-08-09 16:00:00+00:00,4.8441082
2025-08-09 17:00:00+00:00,6.0648602
2025-08-09 18:00:00+00:00,6.6970025
2025-08-09 19:00:00+00:00,6.8500997
2025-08-09 20:00:00+00:00,6.8631009999999995
2025-08-09 21:00:00+00:00,6.5996167
2025-08-09 22:00:00+00:00,6.172369
2025-08-09 23:00:00+00:00,6.066864000000001
2025-08-10 00:00:00+00:00,6.0838149999999995
2025-08-10 01:00:00+00:00,6.1942089
2025-08-10 02:00:00+00:00,6.2344945
2025-08-10 03:00:00+00:00,6.177364799999999
2025-08-10 04:00:00+00:00,6.2023197
2025-08-10 05:00:00+00:00,6.0467903
2025-08-10 06:00:00+00:00,5.2196105
2025-08-10 07:00:00+00:00,4.144356600000001
2025-08-10 08:00:00+00:00,2.9464387
2025-08-10 09:00:00+00:00,2.0481915000000006
2025-08-10 10:00:00+00:00,1.5433230000000009
2025-08-10 11:00:00+00:00,1.2203303999999981
2025-08-10 12:00:00+00:00,1.319203700000001
2025-08-10 13:00:00+00:00,1.8363456000000005
2025-08-10 14:00:00+00:00,2.5824630000000006
2025-08-10 15:00:00+00:00,3.6864825999999997
2025-08-10 16:00:00+00:00,5.2038811
2025-08-10 17:00:00+00:00,6.749766599999998
2025-08-10 18:00:00+00:00,7.5081415
2025-08-10 19:00:00+00:00,7.622786900000001
2025-08-10 20:00:00+00:00,7.494423099999999
2025-08-10 21:00:00+00:00,7.0700798
2025-08-10 22:00:00+00:00,6.619979300000001
2025-08-10 23:00:00+00:00,6.421281199999999
2025-08-11 00:00:00+00:00,6.3792259
2025-08-11 01:00:00+00:00,6.3292413000000005
2025-08-11 02:00:00+00:00,6.419318700000001
2025-08-11 03:00:00+00:00,6.7562222
2025-08-11 04:00:00+00:00,7.238097300000001
2025-08-11 05:00:00+00:00,7.562966900000001
2025-08-11 06:00:00+00:00,7.0021679
2025-08-11 07:00:00+00:00,6.0426835
2025-08-11 08:00:00+00:00,4.8032176
2025-08-11 09:00:00+00:00,3.7889741999999993
2025-08-11 10:00:00+00:00,2.9870680000000007
2025-08-11 11:00:00+00:00,2.6636531999999997
2025-08-11 12:00:00+00:00,2.6312759000000003
2025-08-11 13:00:00+00:00,2.9988039000000013
2025-08-11 14:00:00+00:00,3.7129597999999984
2025-08-11 15:00:00+00:00,4.944811999999999
2025-08-11 16:00:00+00:00,6.331953800000001
2025-08-11 17:00:00+00:00,7.474144299999999
2025-08-11 18:00:00+00:00,7.8952175
2025-08-11 19:00:00+00:00,7.764270700000001
2025-08-11 20:00:00+00:00,7.497054199999999
2025-08-11 21:00:00+00:00,6.9672882000000005
2025-08-11 22:00:00+00:00,6.6576556
2025-08-11 23:00:00+00:00,6.3963172
2025-08-12 00:00:00+00:00,6.4265314
2025-08-12 01:00:00+00:00,6.3292358
2025-08-12 02:00:00+00:00,6.3848003
2025-08-12 03:00:00+00:00,6.7041344
2025-08-12 04:00:00+00:00,7.222759400000001
2025-08-12 05:00:00+00:00,7.500585000000001
2025-08-12 06:00:00+00:00,7.041937500000001
2025-08-12 07:00:00+00:00,6.262218599999999
2025-08-12 08:00:00+00:00,5.364085299999999
2025-08-12 09:00:00+00:00,4.4054891
2025-08-12 10:00:00+00:00,3.534967
2025-08-12 11:00:00+00:00,3.139039600000001
2025-08-12 12:00:00+00:00,3.1256107999999996
2025-08-12 13:00:00+00:00,3.3969752999999994
2025-08-12 14:00:00+00:00,4.1594373
2025-08-12 15:00:00+00:00,5.395629400000002
2025-08-12 16:00:00+00:00,6.8422701
2025-08-12 17:00:00+00:00,8.0809534
2025-08-12 18:00:00+00:00,8.615113700000002
2025-08-12 19:00:00+00:00,8.7101211
2025-08-12 20:00:00+00:00,8.5353463
2025-08-12 21:00:00+00:00,8.0167465
2025-08-12 22:00:00+00:00,7.717610199999999
2025-08-12 23:00:00+00:00,7.4799861
2025-08-13 00:00:00+00:00,7.2873989
2025-08-13 01:00:00+00:00,7.2961125000000004
2025-08-13 02:00:00+00:00,7.3276429
2025-08-13 03:00:00+00:00,7.4765378
2025-08-13 04:00:00+00:00,8.0408279
2025-08-13 05:00:00+00:00,8.3592307
2025-08-13 06:00:00+00:00,7.8002628000000005
2025-08-13 07:00:00+00:00,6.764798599999999
2025-08-13 08:00:00+00:00,5.650211100000002
2025-08-13 09:00:00+00:00,4.7193491000000005
2025-08-13 10:00:00+00:00,4.0263012
2025-08-13 11:00:00+00:00,3.930200900000001
2025-08-13 12:00:00+00:00,4.2390106
2025-08-13 13:00:00+00:00,4.810497100000001
2025-08-13 14:00:00+00:00,5.633337400000002
2025-08-13 15:00:00+00:00,6.822220900000001
2025-08-13 16:00:00+00:00,7.964639899999999
2025-08-13 17:00:00+00:00,8.6995667
2025-08-13 18:00:00+00:00,8.8817269
2025-08-13 19:00:00+00:00,8.8351588
2025-08-13 20:00:00+00:00,8.785480399999999
2025-08-13 21:00:00+00:00,8.326684199999999
2025-08-13 22:00:00+00:00,7.458959600000001
2025-08-13 23:00:00+00:00,7.0765414
2025-08-14 00:00:00+00:00,6.9095856
2025-08-14 01:00:00+00:00,6.924424899999999
2025-08-14 02:00:00+00:00,7.1107762
2025-08-14 03:00:00+00:00,7.4243029
2025-08-14 04:00:00+00:00,8.040613200000001
2025-08-14 05:00:00+00:00,8.378296399999998
2025-08-14 06:00:00+00:00,8.036171
2025-08-14 07:00:00+00:00,7.320676899999999
2025-08-14 08:00:00+00:00,6.290941500000001
2025-08-14 09:00:00+00:00,5.359701200000001
2025-08-14 10:00:00+00:00,4.459416500000001
2025-08-14 11:00:00+00:00,3.763285099999999
2025-08-14 12:00:00+00:00,3.5261905000000002
2025-08-14 13:00:00+00:00,3.812274399999999
2025-08-14 14:00:00+00:00,4.540221900000001
2025-08-14 15:00:00+00:00,5.7350794
2025-08-14 16:00:00+00:00,7.0592404
2025-08-14 17:00:00+00:00,8.202828100000001
2025-08-14 18:00:00+00:00,8.7867576
2025-08-14 19:00:00+00:00,8.742036299999999
2025-08-14 20:00:00+00:00,8.6138019
2025-08-14 21:00:00+00:00,8.192161800000001
2025-08-14 22:00:00+00:00,7.646189400000001
2025-08-14 23:00:00+00:00,7.4015317
2025-08-15 00:00:00+00:00,6.726654
2025-08-15 01:00:00+00:00,6.7128847
2025-08-15 02:00:00+00:00,6.7901797
2025-08-15 03:00:00+00:00,7.0052171
2025-08-15 04:00:00+00:00,7.1592378
2025-08-15 05:00:00+00:00,6.8667446
2025-08-15 06:00:00+00:00,6.0110525
2025-08-15 07:00:00+00:00,4.8479638000000005
2025-08-15 08:00:00+00:00,3.6018371
2025-08-15 09:00:00+00:00,2.5747261000000012
2025-08-15 10:00:00+00:00,1.8539022000000003
2025-08-15 11:00:00+00:00,1.3536451000000014
2025-08-15 12:00:00+00:00,1.3287415999999999
2025-08-15 13:00:00+00:00,1.7842959000000018
2025-08-15 14:00:00+00:00,2.598345700000002
2025-08-15 15:00:00+00:00,3.8451974
2025-08-15 16:00:00+00:00,5.4380625
2025-08-15 17:00:00+00:00,6.672640000000001
2025-08-15 18:00:00+00:00,7.299926899999999
2025-08-15 19:00:00+00:00,7.593824700000001
2025-08-15 20:00:00+00:00,7.350266699999999
2025-08-15 21:00:00+00:00,6.9462586
2025-08-15 22:00:00+00:00,6.7019305000000005
2025-08-15 23:00:00+00:00,6.355698
2025-08-16 00:00:00+00:00,6.2159581
2025-08-16 01:00:00+00:00,6.0823331
2025-08-16 02:00:00+00:00,6.057730599999999
2025-08-16 03:00:00+00:00,6.142055
2025-08-16 04:00:00+00:00,6.3296823
2025-08-16 05:00:00+00:00,6.3548659
2025-08-16 06:00:00+00:00,6.111417
2025-08-16 07:00:00+00:00,5.8480159
2025-08-16 08:00:00+00:00,5.357094800000001
2025-08-16 09:00:00+00:00,4.6667687
2025-08-16 10:00:00+00:00,3.9242626000000005
2025-08-16 11:00:00+00:00,3.0682188000000012
2025-08-16 12:00:00+00:00,2.4112896
2025-08-16 13:00:00+00:00,2.2013364000000006
2025-08-16 14:00:00+00:00,2.5698683000000013
2025-08-16 15:00:00+00:00,3.526365600000001
2025-08-16 16:00:00+00:00,4.840355000000001
2025-08-16 17:00:00+00:00,6.031571400000001
2025-08-16 18:00:00+00:00,6.630921900000001
2025-08-16 19:00:00+00:00,6.770682000000001
2025-08-16 20:00:00+00:00,6.6891934
2025-08-16 21:00:00+00:00,6.4774078
2025-08-16 22:00:00+00:00,6.257599300000001
2025-08-16 23:00:00+00:00,6.1373011
2025-08-17 00:00:00+00:00,6.1110301
2025-08-17 01:00:00+00:00,6.1955872
2025-08-17 02:00:00+00:00,6.256971300000001
2025-08-17 03:00:00+00:00,6.2232966
2025-08-17 04:00:00+00:00,6.2785769
2025-08-17 05:00:00+00:00,6.2517485
2025-08-17 06:00:00+00:00,5.617962
2025-08-17 07:00:00+00:00,4.757111
2025-08-17 08:00:00+00:00,3.9022967000000017
2025-08-17 09:00:00+00:00,3.3511146
2025-08-17 10:00:00+00:00,3.029791900000001
2025-08-17 11:00:00+00:00,2.6343086000000007
2025-08-17 12:00:00+00:00,2.601689800000001
2025-08-17 13:00:00+00:00,2.8877557000000005
2025-08-17 14:00:00+00:00,3.4783049000000004
2025-08-17 15:00:00+00:00,4.3657522
2025-08-17 16:00:00+00:00,5.6429328
2025-08-17 17:00:00+00:00,6.8693887
2025-08-17 18:00:00+00:00,7.343053500000001
2025-08-17 19:00:00+00:00,7.4612259000000005
2025-08-17 20:00:00+00:00,7.489864899999999
2025-08-17 21:00:00+00:00,7.2242741
2025-08-17 22:00:00+00:00,6.8535719
2025-08-17 23:00:00+00:00,6.666411
2025-08-18 00:00:00+00:00,6.4780754
2025-08-18 01:00:00+00:00,6.426902500000001
2025-08-18 02:00:00+00:00,6.5124524
2025-08-18 03:00:00+00:00,6.9532381999999995
2025-08-18 04:00:00+00:00,7.6485291
2025-08-18 05:00:00+00:00,8.1269087
2025-08-18 06:00:00+00:00,7.902596900000001
2025-08-18 07:00:00+00:00,7.0582999
2025-08-18 08:00:00+00:00,5.8512203000000005
2025-08-18 09:00:00+00:00,4.8907938
2025-08-18 10:00:00+00:00,4.1231461000000005
2025-08-18 11:00:00+00:00,3.6408214
2025-08-18 12:00:00+00:00,3.3336713000000007
2025-08-18 13:00:00+00:00,3.3343892000000004
2025-08-18 14:00:00+00:00,3.852575
2025-08-18 15:00:00+00:00,4.960053800000002
2025-08-18 16:00:00+00:00,6.364629300000001
2025-08-18 17:00:00+00:00,7.4561882
2025-08-18 18:00:00+00:00,7.7593551
2025-08-18 19:00:00+00:00,7.584931700000001
2025-08-18 20:00:00+00:00,7.3837301
2025-08-18 21:00:00+00:00,6.9802531000000005
2025-08-18 22:00:00+00:00,6.8356587
2025-08-18 23:00:00+00:00,6.6532
2025-08-19 00:00:00+00:00,6.4905107
2025-08-19 01:00:00+00:00,6.5368923
2025-08-19 02:00:00+00:00,6.688261600000001
2025-08-19 03:00:00+00:00,7.0494806
2025-08-19 04:00:00+00:00,7.746547600000001
2025-08-19 05:00:00+00:00,8.1052622
2025-08-19 06:00:00+00:00,7.560257200000001
2025-08-19 07:00:00+00:00,6.477538999999999
2025-08-19 08:00:00+00:00,5.255320100000001
2025-08-19 09:00:00+00:00,4.165306300000001
2025-08-19 10:00:00+00:00,3.2609358999999998
2025-08-19 11:00:00+00:00,2.8300900999999996
2025-08-19 12:00:00+00:00,2.7556836000000002
2025-08-19 13:00:00+00:00,2.9908688000000003
2025-08-19 14:00:00+00:00,3.7134960999999995
2025-08-19 15:00:00+00:00,4.8642196
2025-08-19 16:00:00+00:00,6.128757900000001
2025-08-19 17:00:00+00:00,7.057552299999999
2025-08-19 18:00:00+00:00,7.2667227
2025-08-19 19:00:00+00:00,7.119529900000001
2025-08-19 20:00:00+00:00,6.8716108
2025-08-19 21:00:00+00:00,6.448490200000002
2025-08-19 22:00:00+00:00,6.058617
2025-08-19 23:00:00+00:00,5.9380449
2025-08-20 00:00:00+00:00,5.9309144
2025-08-20 01:00:00+00:00,6.127491000000001
2025-08-20 02:00:00+00:00,6.3354136
2025-08-20 03:00:00+00:00,6.6766518
2025-08-20 04:00:00+00:00,7.324897600000001
2025-08-20 05:00:00+00:00,7.7446906
2025-08-20 06:00:00+00:00,7.501673500000001
2025-08-20 07:00:00+00:00,6.5997079
2025-08-20 08:00:00+00:00,5.6018192
2025-08-20 09:00:00+00:00,4.867466400000001
2025-08-20 10:00:00+00:00,4.159530000000001
2025-08-20 11:00:00+00:00,3.8450922000000007
2025-08-20 12:00:00+00:00,3.7750594999999993
2025-08-20 13:00:00+00:00,4.022496800000001
2025-08-20 14:00:00+00:00,4.551488100000001
2025-08-20 15:00:00+00:00,5.505562500000002
2025-08-20 16:00:00+00:00,6.5788834
2025-08-20 17:00:00+00:00,7.296685899999999
2025-08-20 18:00:00+00:00,7.4082170000000005
2025-08-20 19:00:00+00:00,7.285778500000001
2025-08-20 20:00:00+00:00,7.108266500000001
2025-08-20 21:00:00+00:00,6.7095387
2025-08-20 22:00:00+00:00,6.2682299
2025-08-20 23:00:00+00:00,6.0575317
2025-08-21 00:00:00+00:00,5.9045764
2025-08-21 01:00:00+00:00,5.8667508
2025-08-21 02:00:00+00:00,6.0296069
2025-08-21 03:00:00+00:00,6.357291699999999
2025-08-21 04:00:00+00:00,7.0012083
2025-08-21 05:00:00+00:00,7.321727500000001
2025-08-21 06:00:00+00:00,6.829909799999999
2025-08-21 07:00:00+00:00,5.727377199999999
2025-08-21 08:00:00+00:00,4.479573800000001
2025-08-21 09:00:00+00:00,3.4901926000000003
2025-08-21 10:00:00+00:00,2.8572427000000005
2025-08-21 11:00:00+00:00,2.5969865000000008
2025-08-21 12:00:00+00:00,2.4909215000000007
2025-08-21 13:00:00+00:00,2.8088865000000007
2025-08-21 14:00:00+00:00,3.4232156000000016
2025-08-21 15:00:00+00:00,4.4999471
2025-08-21 16:00:00+00:00,5.7307925000000015
2025-08-21 17:00:00+00:00,6.8147572
2025-08-21 18:00:00+00:00,7.3752460000000015
2025-08-21 19:00:00+00:00,7.412170400000002
2025-08-21 20:00:00+00:00,7.504459400000002
2025-08-21 21:00:00+00:00,7.370140600000001
2025-08-21 22:00:00+00:00,6.5276993999999995
2025-08-21 23:00:00+00:00,6.5030811
2025-08-22 00:00:00+00:00,6.5069217
2025-08-22 01:00:00+00:00,6.6213407
2025-08-22 02:00:00+00:00,6.7967468
2025-08-22 03:00:00+00:00,7.0773979
2025-08-22 04:00:00+00:00,7.743286
2025-08-22 05:00:00+00:00,8.262791199999999
2025-08-22 06:00:00+00:00,8.266949100000001
2025-08-22 07:00:00+00:00,7.8088503000000005
2025-08-22 08:00:00+00:00,7.141401200000001
2025-08-22 09:00:00+00:00,6.760350200000001
2025-08-22 10:00:00+00:00,6.371390699999999
2025-08-22 11:00:00+00:00,6.041578799999998
2025-08-22 12:00:00+00:00,5.7488001
2025-08-22 13:00:00+00:00,5.6678926
2025-08-22 14:00:00+00:00,6.088186899999998
2025-08-22 15:00:00+00:00,6.8058285000000005
2025-08-22 16:00:00+00:00,7.6479752
2025-08-22 17:00:00+00:00,8.3762396
2025-08-22 18:00:00+00:00,8.7892589
2025-08-22 19:00:00+00:00,8.6645477
2025-08-22 20:00:00+00:00,8.4355454
2025-08-22 21:00:00+00:00,8.0840455
2025-08-22 22:00:00+00:00,7.824840799999999
2025-08-22 23:00:00+00:00,7.3048142
2025-08-23 00:00:00+00:00,6.8291427
2025-08-23 01:00:00+00:00,6.6493813
2025-08-23 02:00:00+00:00,6.5136215
2025-08-23 03:00:00+00:00,6.5443091
2025-08-23 04:00:00+00:00,6.8145666
2025-08-23 05:00:00+00:00,7.0467667
2025-08-23 06:00:00+00:00,6.9469761000000005
2025-08-23 07:00:00+00:00,6.7592955
2025-08-23 08:00:00+00:00,6.524815500000001
2025-08-23 09:00:00+00:00,6.1641436999999994
2025-08-23 10:00:00+00:00,5.702292399999999
2025-08-23 11:00:00+00:00,5.1213055
2025-08-23 12:00:00+00:00,4.6581851
2025-08-23 13:00:00+00:00,4.567276900000001
2025-08-23 14:00:00+00:00,4.9190152000000005
2025-08-23 15:00:00+00:00,5.718252700000002
2025-08-23 16:00:00+00:00,6.7316674999999995
2025-08-23 17:00:00+00:00,7.6880312
2025-08-23 18:00:00+00:00,8.0172748
2025-08-23 19:00:00+00:00,8.0329825
2025-08-23 20:00:00+00:00,8.0040984
2025-08-23 21:00:00+00:00,7.7306428
2025-08-23 22:00:00+00:00,7.2901997
2025-08-23 23:00:00+00:00,6.9899894
2025-08-24 00:00:00+00:00,6.8038943
2025-08-24 01:00:00+00:00,6.686399300000001
2025-08-24 02:00:00+00:00,6.5938463
2025-08-24 03:00:00+00:00,6.6180251
2025-08-24 04:00:00+00:00,6.7526619
2025-08-24 05:00:00+00:00,6.6590246
2025-08-24 06:00:00+00:00,5.9473872000000005
2025-08-24 07:00:00+00:00,4.878933399999999
2025-08-24 08:00:00+00:00,3.8125925
2025-08-24 09:00:00+00:00,3.0679666999999995
2025-08-24 10:00:00+00:00,2.859710999999999
2025-08-24 11:00:00+00:00,2.4466717000000013
2025-08-24 12:00:00+00:00,2.2991228999999995
2025-08-24 13:00:00+00:00,2.556662600000001
2025-08-24 14:00:00+00:00,3.0632958000000006
2025-08-24 15:00:00+00:00,4.2793223000000005
2025-08-24 16:00:00+00:00,5.951564500000001
2025-08-24 17:00:00+00:00,7.403618600000001
2025-08-24 18:00:00+00:00,7.9744269999999995
2025-08-24 19:00:00+00:00,8.022927
2025-08-24 20:00:00+00:00,7.836963399999999
2025-08-24 21:00:00+00:00,7.456173100000001
2025-08-24 22:00:00+00:00,7.0692895
2025-08-24 23:00:00+00:00,6.9002205
2025-08-25 00:00:00+00:00,6.6900235
2025-08-25 01:00:00+00:00,6.6300362999999995
2025-08-25 02:00:00+00:00,6.760172
2025-08-25 03:00:00+00:00,7.1720147
2025-08-25 04:00:00+00:00,7.882173999999999
2025-08-25 05:00:00+00:00,8.3014677
2025-08-25 06:00:00+00:00,7.917235200000001
2025-08-25 07:00:00+00:00,6.887704600000001
2025-08-25 08:00:00+00:00,5.563944300000001
2025-08-25 09:00:00+00:00,4.4558453
2025-08-25 10:00:00+00:00,3.5935155000000014
2025-08-25 11:00:00+00:00,3.2907690999999994
2025-08-25 12:00:00+00:00,3.1765969
2025-08-25 13:00:00+00:00,3.512832600000001
2025-08-25 14:00:00+00:00,4.4090048
2025-08-25 15:00:00+00:00,5.768754999999999
2025-08-25 16:00:00+00:00,7.358052600000001
2025-08-25 17:00:00+00:00,8.573325800000001
2025-08-25 18:00:00+00:00,8.834540800000001
2025-08-25 19:00:00+00:00,8.641065
2025-08-25 20:00:00+00:00,8.3030994
2025-08-25 21:00:00+00:00,7.7772591
2025-08-25 22:00:00+00:00,7.1784713
2025-08-25 23:00:00+00:00,6.7528923
2025-08-26 00:00:00+00:00,6.4375947
2025-08-26 01:00:00+00:00,6.3969625
2025-08-26 02:00:00+00:00,6.4460998
2025-08-26 03:00:00+00:00,6.7281985
2025-08-26 04:00:00+00:00,7.3240474
2025-08-26 05:00:00+00:00,7.655260100000001
2025-08-26 06:00:00+00:00,7.281022100000001
2025-08-26 07:00:00+00:00,6.3733458
2025-08-26 08:00:00+00:00,5.4513462
2025-08-26 09:00:00+00:00,4.803668
2025-08-26 10:00:00+00:00,4.351808200000001
2025-08-26 11:00:00+00:00,4.4335282000000005
2025-08-26 12:00:00+00:00,4.662494099999999
2025-08-26 13:00:00+00:00,4.6598923
2025-08-26 14:00:00+00:00,4.780746200000001
2025-08-26 15:00:00+00:00,5.332869500000001
2025-08-26 16:00:00+00:00,6.419988400000001
2025-08-26 17:00:00+00:00,7.4240367
2025-08-26 18:00:00+00:00,7.670336099999999
2025-08-26 19:00:00+00:00,7.575834100000002
2025-08-26 20:00:00+00:00,7.343170099999999
2025-08-26 21:00:00+00:00,6.9038757
2025-08-26 22:00:00+00:00,6.5402307
2025-08-26 23:00:00+00:00,6.343058900000001
2025-08-27 00:00:00+00:00,6.140036599999999
2025-08-27 01:00:00+00:00,6.1923876
2025-08-27 02:00:00+00:00,6.3504188
2025-08-27 03:00:00+00:00,6.6539242000000005
2025-08-27 04:00:00+00:00,7.534413400000001
2025-08-27 05:00:00+00:00,8.193552500000001
2025-08-27 06:00:00+00:00,8.109567499999999
2025-08-27 07:00:00+00:00,7.3831931
2025-08-27 08:00:00+00:00,6.4929281
2025-08-27 09:00:00+00:00,5.7917176
2025-08-27 10:00:00+00:00,5.0225739
2025-08-27 11:00:00+00:00,4.5149661000000005
2025-08-27 12:00:00+00:00,4.371489700000001
2025-08-27 13:00:00+00:00,4.575444
2025-08-27 14:00:00+00:00,5.184853700000001
2025-08-27 15:00:00+00:00,6.291911900000001
2025-08-27 16:00:00+00:00,7.6191686
2025-08-27 17:00:00+00:00,8.584710300000001
2025-08-27 18:00:00+00:00,8.8727793
2025-08-27 19:00:00+00:00,8.8986635
2025-08-27 20:00:00+00:00,8.669537
2025-08-27 21:00:00+00:00,8.2464975
2025-08-27 22:00:00+00:00,7.6166493
2025-08-27 23:00:00+00:00,7.2709957
2025-08-28 00:00:00+00:00,7.0758695000000005
2025-08-28 01:00:00+00:00,6.9117054
2025-08-28 02:00:00+00:00,7.0111823
2025-08-28 03:00:00+00:00,7.3266067999999995
2025-08-28 04:00:00+00:00,7.9812214
2025-08-28 05:00:00+00:00,8.534826899999999
2025-08-28 06:00:00+00:00,8.5710075
2025-08-28 07:00:00+00:00,8.0147948
2025-08-28 08:00:00+00:00,7.197618500000001
2025-08-28 09:00:00+00:00,6.5033347
2025-08-28 10:00:00+00:00,5.720506299999999
2025-08-28 11:00:00+00:00,5.0275435
2025-08-28 12:00:00+00:00,4.5325907
2025-08-28 13:00:00+00:00,4.2662194
2025-08-28 14:00:00+00:00,4.254391300000001
2025-08-28 15:00:00+00:00,4.916355300000001
2025-08-28 16:00:00+00:00,6.0075122
2025-08-28 17:00:00+00:00,7.066912500000001
2025-08-28 18:00:00+00:00,7.369856
2025-08-28 19:00:00+00:00,7.1697594
2025-08-28 20:00:00+00:00,6.9552478
2025-08-28 21:00:00+00:00,6.552781300000001
2025-08-28 22:00:00+00:00,6.223988099999999
2025-08-28 23:00:00+00:00,5.9452754
2025-08-29 00:00:00+00:00,5.7191081
2025-08-29 01:00:00+00:00,5.6216998
2025-08-29 02:00:00+00:00,5.6445933
2025-08-29 03:00:00+00:00,5.9058207000000005
2025-08-29 04:00:00+00:00,6.490740499999999
2025-08-29 05:00:00+00:00,6.7956706
2025-08-29 06:00:00+00:00,6.5564146999999995
2025-08-29 07:00:00+00:00,5.6909876
2025-08-29 08:00:00+00:00,4.8804866
2025-08-29 09:00:00+00:00,4.5289013
2025-08-29 10:00:00+00:00,4.601120199999999
2025-08-29 11:00:00+00:00,4.727463500000001
2025-08-29 12:00:00+00:00,4.723696800000001
2025-08-29 13:00:00+00:00,4.896683500000002
2025-08-29 14:00:00+00:00,5.3518492
2025-08-29 15:00:00+00:00,6.059166
2025-08-29 16:00:00+00:00,6.704246700000001
2025-08-29 17:00:00+00:00,7.266153700000001
2025-08-29 18:00:00+00:00,7.4983884
2025-08-29 19:00:00+00:00,7.437810900000001
2025-08-29 20:00:00+00:00,7.125035499999999
2025-08-29 21:00:00+00:00,6.68186
2025-08-29 22:00:00+00:00,5.597131600000001
2025-08-29 23:00:00+00:00,5.2827541
2025-08-30 00:00:00+00:00,5.149193
2025-08-30 01:00:00+00:00,5.2202206
2025-08-30 02:00:00+00:00,5.2855512000000004
2025-08-30 03:00:00+00:00,5.420917599999999
2025-08-30 04:00:00+00:00,5.810234
2025-08-30 05:00:00+00:00,6.0479976
2025-08-30 06:00:00+00:00,5.717796399999999
2025-08-30 07:00:00+00:00,4.881870600000001
2025-08-30 08:00:00+00:00,3.9681857999999997
2025-08-30 09:00:00+00:00,2.976730399999999
2025-08-30 10:00:00+00:00,2.2602710000000004
2025-08-30 11:00:00+00:00,1.690274699999998
2025-08-30 12:00:00+00:00,1.4000237000000002
2025-08-30 13:00:00+00:00,1.5838862000000002
2025-08-30 14:00:00+00:00,2.306551500000001
2025-08-30 15:00:00+00:00,3.5616031999999986
2025-08-30 16:00:00+00:00,4.9356625
2025-08-30 17:00:00+00:00,6.1581127
2025-08-30 18:00:00+00:00,6.6560707
2025-08-30 19:00:00+00:00,6.424309800000001
2025-08-30 20:00:00+00:00,5.9157741999999995
2025-08-30 21:00:00+00:00,5.2678233
2025-08-30 22:00:00+00:00,4.4361353999999995
2025-08-30 23:00:00+00:00,4.0420824
2025-08-31 00:00:00+00:00,3.7640073
2025-08-31 01:00:00+00:00,3.7094031000000003
2025-08-31 02:00:00+00:00,3.8301033000000007
2025-08-31 03:00:00+00:00,4.1020078
2025-08-31 04:00:00+00:00,4.5287825
2025-08-31 05:00:00+00:00,5.0179613
2025-08-31 06:00:00+00:00,5.308921
2025-08-31 07:00:00+00:00,5.268187800000001
2025-08-31 08:00:00+00:00,4.746564000000001
2025-08-31 09:00:00+00:00,4.241872399999999
2025-08-31 10:00:00+00:00,3.9003425000000007
2025-08-31 11:00:00+00:00,3.7326591999999987
2025-08-31 12:00:00+00:00,3.6521483000000003
2025-08-31 13:00:00+00:00,3.7236292000000013
2025-08-31 14:00:00+00:00,4.2206432000000005
2025-08-31 15:00:00+00:00,5.131967699999999
2025-08-31 16:00:00+00:00,6.4025988
2025-08-31 17:00:00+00:00,7.413467399999999
2025-08-31 18:00:00+00:00,7.723522800000001
2025-08-31 19:00:00+00:00,7.6545031
2025-08-31 20:00:00+00:00,7.3056372000000005
2025-08-31 21:00:00+00:00,6.7504786
2025-08-31 22:00:00+00:00,6.8837862
2025-08-31 23:00:00+00:00,6.5434847000000005
2025-09-01 00:00:00+00:00,6.3175966
2025-09-01 01:00:00+00:00,6.200943799999999
2025-09-01 02:00:00+00:00,6.2475494000000005
2025-09-01 03:00:00+00:00,6.5982633
2025-09-01 04:00:00+00:00,7.2881519
2025-09-01 05:00:00+00:00,7.7318282
2025-09-01 06:00:00+00:00,7.4822784
2025-09-01 07:00:00+00:00,6.4544786
2025-09-01 08:00:00+00:00,5.0602289
2025-09-01 09:00:00+00:00,3.798476599999999
2025-09-01 10:00:00+00:00,2.6422233000000013
2025-09-01 11:00:00+00:00,2.2559202999999997
2025-09-01 12:00:00+00:00,2.1955859
2025-09-01 13:00:00+00:00,2.6259653000000007
2025-09-01 14:00:00+00:00,3.5286646999999993
2025-09-01 15:00:00+00:00,4.8650202
2025-09-01 16:00:00+00:00,6.4113026
2025-09-01 17:00:00+00:00,7.509999300000001
2025-09-01 18:00:00+00:00,7.769236099999999
2025-09-01 19:00:00+00:00,7.571251700000001
2025-09-01 20:00:00+00:00,7.192638999999999
2025-09-01 21:00:00+00:00,6.661790499999999
2025-09-01 22:00:00+00:00,6.352748100000001
2025-09-01 23:00:00+00:00,6.0731412
2025-09-02 00:00:00+00:00,5.9708487
2025-09-02 01:00:00+00:00,6.0100129
2025-09-02 02:00:00+00:00,6.1372548
2025-09-02 03:00:00+00:00,6.5147087
2025-09-02 04:00:00+00:00,7.268386800000001
2025-09-02 05:00:00+00:00,7.766232800000001
2025-09-02 06:00:00+00:00,7.548719900000001
2025-09-02 07:00:00+00:00,6.5784473000000006
2025-09-02 08:00:00+00:00,5.337988100000001
2025-09-02 09:00:00+00:00,4.3513763
2025-09-02 10:00:00+00:00,3.5153873000000004
2025-09-02 11:00:00+00:00,3.3309511999999994
2025-09-02 12:00:00+00:00,3.5933574000000013
2025-09-02 13:00:00+00:00,4.3269985
2025-09-02 14:00:00+00:00,5.224577399999999
2025-09-02 15:00:00+00:00,6.0081755
2025-09-02 16:00:00+00:00,6.739984700000001
2025-09-02 17:00:00+00:00,7.0541068
2025-09-02 18:00:00+00:00,7.122847100000001
2025-09-02 19:00:00+00:00,6.928609099999999
2025-09-02 20:00:00+00:00,6.550986099999999
2025-09-02 21:00:00+00:00,6.001026199999998
2025-09-02 22:00:00+00:00,5.473828900000001
2025-09-02 23:00:00+00:00,5.0601278999999995
2025-09-03 00:00:00+00:00,4.676557000000001
2025-09-03 01:00:00+00:00,4.485554500000001
2025-09-03 02:00:00+00:00,4.4461434
2025-09-03 03:00:00+00:00,4.666752600000001
2025-09-03 04:00:00+00:00,5.3223442
2025-09-03 05:00:00+00:00,5.8907905
2025-09-03 06:00:00+00:00,5.8181955
2025-09-03 07:00:00+00:00,5.0528119
2025-09-03 08:00:00+00:00,4.106310000000001
2025-09-03 09:00:00+00:00,3.5146547000000012
2025-09-03 10:00:00+00:00,2.9889165999999996
2025-09-03 11:00:00+00:00,2.8188630999999997
2025-09-03 12:00:00+00:00,2.9241487
2025-09-03 13:00:00+00:00,3.1849574
2025-09-03 14:00:00+00:00,3.5435965000000005
2025-09-03 15:00:00+00:00,4.223462500000001
2025-09-03 16:00:00+00:00,5.0353303
2025-09-03 17:00:00+00:00,5.579020699999999
2025-09-03 18:00:00+00:00,5.874097300000001
2025-09-03 19:00:00+00:00,5.864907800000001
2025-09-03 20:00:00+00:00,5.7028362999999995
2025-09-03 21:00:00+00:00,5.463697700000001
2025-09-03 22:00:00+00:00,4.8616246
2025-09-03 23:00:00+00:00,4.7583388
2025-09-04 00:00:00+00:00,4.7673144
2025-09-04 01:00:00+00:00,4.851643800000001
2025-09-04 02:00:00+00:00,5.1140406
2025-09-04 03:00:00+00:00,5.589613399999999
2025-09-04 04:00:00+00:00,6.4970794000000005
2025-09-04 05:00:00+00:00,7.063319
2025-09-04 06:00:00+00:00,6.8698416
2025-09-04 07:00:00+00:00,5.784473200000001
2025-09-04 08:00:00+00:00,4.4575514
2025-09-04 09:00:00+00:00,3.4021832000000005
2025-09-04 10:00:00+00:00,2.721624900000002
2025-09-04 11:00:00+00:00,2.8215752000000016
2025-09-04 12:00:00+00:00,3.204848
2025-09-04 13:00:00+00:00,3.8219839999999987
2025-09-04 14:00:00+00:00,4.6057273
2025-09-04 15:00:00+00:00,5.814983100000001
2025-09-04 16:00:00+00:00,6.845344600000001
2025-09-04 17:00:00+00:00,7.475645
2025-09-04 18:00:00+00:00,7.532532900000001
2025-09-04 19:00:00+00:00,7.3404626
2025-09-04 20:00:00+00:00,7.141416
2025-09-04 21:00:00+00:00,6.7630186000000005
2025-09-04 22:00:00+00:00,6.422536599999999
2025-09-04 23:00:00+00:00,6.3931265
2025-09-05 00:00:00+00:00,6.3758855
2025-09-05 01:00:00+00:00,6.3868886
2025-09-05 02:00:00+00:00,6.577483900000001
2025-09-05 03:00:00+00:00,7.022569900000001
2025-09-05 04:00:00+00:00,7.7685148
2025-09-05 05:00:00+00:00,8.2210796
2025-09-05 06:00:00+00:00,7.942092199999999
2025-09-05 07:00:00+00:00,6.893920699999999
2025-09-05 08:00:00+00:00,5.6942365
2025-09-05 09:00:00+00:00,4.840736399999999
2025-09-05 10:00:00+00:00,4.1246233
2025-09-05 11:00:00+00:00,3.8996557999999997
2025-09-05 12:00:00+00:00,3.905805700000001
2025-09-05 13:00:00+00:00,4.2322197
2025-09-05 14:00:00+00:00,5.0186947
2025-09-05 15:00:00+00:00,6.241433
2025-09-05 16:00:00+00:00,7.7181991000000005
2025-09-05 17:00:00+00:00,8.8097711
2025-09-05 18:00:00+00:00,9.1357787
2025-09-05 19:00:00+00:00,8.941316
2025-09-05 20:00:00+00:00,8.630708299999998
2025-09-05 21:00:00+00:00,8.219418
2025-09-05 22:00:00+00:00,7.760972799999999
2025-09-05 23:00:00+00:00,7.396820600000001
2025-09-06 00:00:00+00:00,7.1258118
2025-09-06 01:00:00+00:00,7.0601633
2025-09-06 02:00:00+00:00,7.0392296
2025-09-06 03:00:00+00:00,7.0404403
2025-09-06 04:00:00+00:00,7.2679959
2025-09-06 05:00:00+00:00,7.3493870999999995
2025-09-06 06:00:00+00:00,6.773635800000001
2025-09-06 07:00:00+00:00,5.6481637
2025-09-06 08:00:00+00:00,4.451008
2025-09-06 09:00:00+00:00,3.545543499999998
2025-09-06 10:00:00+00:00,2.8108401999999986
2025-09-06 11:00:00+00:00,2.4150357999999983
2025-09-06 12:00:00+00:00,2.3166708000000016
2025-09-06 13:00:00+00:00,2.7526958000000015
2025-09-06 14:00:00+00:00,3.6708320000000008
2025-09-06 15:00:00+00:00,4.8107041
2025-09-06 16:00:00+00:00,6.111766899999999
2025-09-06 17:00:00+00:00,7.0459101
2025-09-06 18:00:00+00:00,7.185755200000001
2025-09-06 19:00:00+00:00,6.9752533
2025-09-06 20:00:00+00:00,6.545077400000001
2025-09-06 21:00:00+00:00,5.989272400000001
2025-09-06 22:00:00+00:00,5.5234436
2025-09-06 23:00:00+00:00,5.1873673
2025-09-07 00:00:00+00:00,5.012244900000001
2025-09-07 01:00:00+00:00,4.8944131
2025-09-07 02:00:00+00:00,4.819777
2025-09-07 03:00:00+00:00,4.8245801
2025-09-07 04:00:00+00:00,4.8904555
2025-09-07 05:00:00+00:00,4.7887105000000005
2025-09-07 06:00:00+00:00,4.0589528
2025-09-07 07:00:00+00:00,3.0012016
2025-09-07 08:00:00+00:00,1.7992171000000008
2025-09-07 09:00:00+00:00,0.9237553999999992
2025-09-07 10:00:00+00:00,0.4385414999999995
2025-09-07 11:00:00+00:00,0.14308920000000036
2025-09-07 12:00:00+00:00,0.11963850000000065
2025-09-07 13:00:00+00:00,0.7759592
2025-09-07 14:00:00+00:00,2.061563099999999
2025-09-07 15:00:00+00:00,3.9620236999999996
2025-09-07 16:00:00+00:00,6.036049399999999
2025-09-07 17:00:00+00:00,7.4340074000000005
2025-09-07 18:00:00+00:00,7.834680400000001
2025-09-07 19:00:00+00:00,7.753746899999999
2025-09-07 20:00:00+00:00,7.513092800000001
2025-09-07 21:00:00+00:00,7.1675468
2025-09-07 22:00:00+00:00,6.8528383
2025-09-07 23:00:00+00:00,6.607734
2025-09-08 00:00:00+00:00,6.4024856
2025-09-08 01:00:00+00:00,6.3787785999999995
2025-09-08 02:00:00+00:00,6.4614272
2025-09-08 03:00:00+00:00,6.8730125
2025-09-08 04:00:00+00:00,7.7174939
2025-09-08 05:00:00+00:00,8.3521146
2025-09-08 06:00:00+00:00,8.2350343
2025-09-08 07:00:00+00:00,7.5257049999999985
2025-09-08 08:00:00+00:00,6.5136707000000005
2025-09-08 09:00:00+00:00,5.7359879000000005
2025-09-08 10:00:00+00:00,4.978169
2025-09-08 11:00:00+00:00,4.6963459
2025-09-08 12:00:00+00:00,4.628065899999999
2025-09-08 13:00:00+00:00,5.040078699999999
2025-09-08 14:00:00+00:00,5.763301800000001
2025-09-08 15:00:00+00:00,6.9235815
2025-09-08 16:00:00+00:00,8.2713529
2025-09-08 17:00:00+00:00,9.0363195
2025-09-08 18:00:00+00:00,9.137980200000001
2025-09-08 19:00:00+00:00,8.912490100000001
2025-09-08 20:00:00+00:00,8.5435254
2025-09-08 21:00:00+00:00,8.117578
2025-09-08 22:00:00+00:00,7.7350446999999996
2025-09-08 23:00:00+00:00,7.452899700000001
2025-09-09 00:00:00+00:00,7.2904974000000005
2025-09-09 01:00:00+00:00,7.2643608
2025-09-09 02:00:00+00:00,7.318476700000001
2025-09-09 03:00:00+00:00,7.63259
2025-09-09 04:00:00+00:00,8.4724768
2025-09-09 05:00:00+00:00,9.1476519
2025-09-09 06:00:00+00:00,9.256069
2025-09-09 07:00:00+00:00,8.7777121
2025-09-09 08:00:00+00:00,7.915835600000001
2025-09-09 09:00:00+00:00,7.084947600000001
2025-09-09 10:00:00+00:00,6.3024329
2025-09-09 11:00:00+00:00,5.7613395999999995
2025-09-09 12:00:00+00:00,5.4479928
2025-09-09 13:00:00+00:00,5.593397700000001
2025-09-09 14:00:00+00:00,6.326929499999999
2025-09-09 15:00:00+00:00,7.5110573
2025-09-09 16:00:00+00:00,8.7375154
2025-09-09 17:00:00+00:00,9.3858181
2025-09-09 18:00:00+00:00,9.4264976
2025-09-09 19:00:00+00:00,9.2355154
2025-09-09 20:00:00+00:00,8.8403668
2025-09-09 21:00:00+00:00,8.275782300000001
2025-09-09 22:00:00+00:00,7.6628986999999995
2025-09-09 23:00:00+00:00,7.3245409
2025-09-10 00:00:00+00:00,7.0465291
2025-09-10 01:00:00+00:00,6.9366858
2025-09-10 02:00:00+00:00,6.926657499999999
2025-09-10 03:00:00+00:00,7.0891587000000005
2025-09-10 04:00:00+00:00,7.7555091
2025-09-10 05:00:00+00:00,8.425559100000001
2025-09-10 06:00:00+00:00,8.3302108
2025-09-10 07:00:00+00:00,7.4636048
2025-09-10 08:00:00+00:00,6.2803101
2025-09-10 09:00:00+00:00,5.4293686
2025-09-10 10:00:00+00:00,4.5386192
2025-09-10 11:00:00+00:00,4.176397100000002
2025-09-10 12:00:00+00:00,4.3290353
2025-09-10 13:00:00+00:00,4.682679700000002
2025-09-10 14:00:00+00:00,5.357701200000001
2025-09-10 15:00:00+00:00,6.3541455
2025-09-10 16:00:00+00:00,7.4970614
2025-09-10 17:00:00+00:00,7.9123415999999995
2025-09-10 18:00:00+00:00,7.8534131
2025-09-10 19:00:00+00:00,7.4393812
2025-09-10 20:00:00+00:00,6.740501500000001
2025-09-10 21:00:00+00:00,5.9930276000000005
2025-09-10 22:00:00+00:00,5.1723242
2025-09-10 23:00:00+00:00,4.6928951
2025-09-11 00:00:00+00:00,4.4667151
2025-09-11 01:00:00+00:00,4.3512021
2025-09-11 02:00:00+00:00,4.4338253000000005
2025-09-11 03:00:00+00:00,4.8607581
2025-09-11 04:00:00+00:00,5.8239993
2025-09-11 05:00:00+00:00,6.670980599999998
2025-09-11 06:00:00+00:00,6.700222699999999
2025-09-11 07:00:00+00:00,5.735014500000002
2025-09-11 08:00:00+00:00,4.634039300000001
2025-09-11 09:00:00+00:00,3.907476800000002
2025-09-11 10:00:00+00:00,3.4081954000000003
2025-09-11 11:00:00+00:00,3.2347814999999995
2025-09-11 12:00:00+00:00,3.2842982000000003
2025-09-11 13:00:00+00:00,3.5554749999999995
2025-09-11 14:00:00+00:00,3.8121744
2025-09-11 15:00:00+00:00,4.6456885
2025-09-11 16:00:00+00:00,5.714762800000001
2025-09-11 17:00:00+00:00,6.4660311
2025-09-11 18:00:00+00:00,6.5630013
2025-09-11 19:00:00+00:00,6.1469907
2025-09-11 20:00:00+00:00,5.761806600000001
2025-09-11 21:00:00+00:00,5.325941399999999
2025-09-11 22:00:00+00:00,4.597988
2025-09-11 23:00:00+00:00,4.356260600000001
2025-09-12 00:00:00+00:00,4.181448700000001
2025-09-12 01:00:00+00:00,4.1228423
2025-09-12 02:00:00+00:00,4.1796407
2025-09-12 03:00:00+00:00,4.5233404
2025-09-12 04:00:00+00:00,5.224462600000001
2025-09-12 05:00:00+00:00,5.8289762
2025-09-12 06:00:00+00:00,5.7122679000000005
2025-09-12 07:00:00+00:00,4.597870000000002
2025-09-12 08:00:00+00:00,3.3179027000000003
2025-09-12 09:00:00+00:00,2.4633758000000014
2025-09-12 10:00:00+00:00,1.7376409000000006
2025-09-12 11:00:00+00:00,1.5193531999999994
2025-09-12 12:00:00+00:00,1.6319458999999998
2025-09-12 13:00:00+00:00,2.1429839000000026
2025-09-12 14:00:00+00:00,2.8812271000000003
2025-09-12 15:00:00+00:00,4.022394499999999
2025-09-12 16:00:00+00:00,5.3872107
2025-09-12 17:00:00+00:00,6.461544300000001
2025-09-12 18:00:00+00:00,6.749290500000001
2025-09-12 19:00:00+00:00,6.496381899999999
2025-09-12 20:00:00+00:00,6.183390899999999
2025-09-12 21:00:00+00:00,5.814959000000001
2025-09-12 22:00:00+00:00,5.3544868
2025-09-12 23:00:00+00:00,5.0522235
2025-09-13 00:00:00+00:00,4.768586599999999
2025-09-13 01:00:00+00:00,4.6419464999999995
2025-09-13 02:00:00+00:00,4.5100304
2025-09-13 03:00:00+00:00,4.526616199999999
2025-09-13 04:00:00+00:00,4.7834074
2025-09-13 05:00:00+00:00,4.916453499999999
2025-09-13 06:00:00+00:00,4.7642709000000005
2025-09-13 07:00:00+00:00,4.098559799999999
2025-09-13 08:00:00+00:00,3.3299027
2025-09-13 09:00:00+00:00,2.727358700000001
2025-09-13 10:00:00+00:00,2.157488400000001
2025-09-13 11:00:00+00:00,2.029532100000001
2025-09-13 12:00:00+00:00,1.9388991999999998
2025-09-13 13:00:00+00:00,2.2164532999999995
2025-09-13 14:00:00+00:00,3.090644600000001
2025-09-13 15:00:00+00:00,3.9793664999999994
2025-09-13 16:00:00+00:00,5.0682539
2025-09-13 17:00:00+00:00,5.854911899999999
2025-09-13 18:00:00+00:00,6.101090700000001
2025-09-13 19:00:00+00:00,6.056618
2025-09-13 20:00:00+00:00,5.769615
2025-09-13 21:00:00+00:00,5.4719873
2025-09-13 22:00:00+00:00,5.600750100000001
2025-09-13 23:00:00+00:00,5.392486600000001
2025-09-14 00:00:00+00:00,5.316145700000001
2025-09-14 01:00:00+00:00,5.3218371
2025-09-14 02:00:00+00:00,5.4189720999999995
2025-09-14 03:00:00+00:00,5.542397800000001
2025-09-14 04:00:00+00:00,5.850099500000001
2025-09-14 05:00:00+00:00,6.0742838
2025-09-14 06:00:00+00:00,5.7752726
2025-09-14 07:00:00+00:00,4.794666500000001
2025-09-14 08:00:00+00:00,3.7976151000000007
2025-09-14 09:00:00+00:00,3.065819900000002
2025-09-14 10:00:00+00:00,2.721832100000001
2025-09-14 11:00:00+00:00,2.7855520999999994
2025-09-14 12:00:00+00:00,3.3101873000000017
2025-09-14 13:00:00+00:00,3.9862653999999997
2025-09-14 14:00:00+00:00,4.640781100000001
2025-09-14 15:00:00+00:00,5.3534855
2025-09-14 16:00:00+00:00,5.7128725
2025-09-14 17:00:00+00:00,5.636317300000002
2025-09-14 18:00:00+00:00,5.4842954
2025-09-14 19:00:00+00:00,5.114161999999999
2025-09-14 20:00:00+00:00,4.5657931000000005
2025-09-14 21:00:00+00:00,4.0484966
2025-09-14 22:00:00+00:00,3.5938916000000005
2025-09-14 23:00:00+00:00,3.3480116
2025-09-15 00:00:00+00:00,3.1825420999999996
2025-09-15 01:00:00+00:00,3.1343429000000005
2025-09-15 02:00:00+00:00,3.1745285
2025-09-15 03:00:00+00:00,3.6027586000000005
2025-09-15 04:00:00+00:00,4.5389277
2025-09-15 05:00:00+00:00,5.3027406
2025-09-15 06:00:00+00:00,5.2097332000000005
2025-09-15 07:00:00+00:00,4.249801400000001
2025-09-15 08:00:00+00:00,3.1162209999999995
2025-09-15 09:00:00+00:00,2.417059700000001
2025-09-15 10:00:00+00:00,1.7835877
2025-09-15 11:00:00+00:00,1.5894724
2025-09-15 12:00:00+00:00,1.5138083000000009
2025-09-15 13:00:00+00:00,1.9535216000000002
2025-09-15 14:00:00+00:00,2.7062477000000005
2025-09-15 15:00:00+00:00,3.7907174
2025-09-15 16:00:00+00:00,4.963268700000001
2025-09-15 17:00:00+00:00,5.5783224
2025-09-15 18:00:00+00:00,5.6302631000000005
2025-09-15 19:00:00+00:00,5.2438139
2025-09-15 20:00:00+00:00,4.850369600000001
2025-09-15 21:00:00+00:00,4.3546006
2025-09-15 22:00:00+00:00,3.7672469
2025-09-15 23:00:00+00:00,3.4858743
2025-09-16 00:00:00+00:00,3.2492783999999997
2025-09-16 01:00:00+00:00,3.1680023000000004
2025-09-16 02:00:00+00:00,3.2226008000000004
2025-09-16 03:00:00+00:00,3.6488374000000006
2025-09-16 04:00:00+00:00,4.565799200000001
2025-09-16 05:00:00+00:00,5.331599199999999
2025-09-16 06:00:00+00:00,5.383081599999999
2025-09-16 07:00:00+00:00,4.5525437
2025-09-16 08:00:00+00:00,3.3619882999999993
2025-09-16 09:00:00+00:00,2.656674700000001
2025-09-16 10:00:00+00:00,2.1778411999999996
2025-09-16 11:00:00+00:00,1.9506168000000006
2025-09-16 12:00:00+00:00,2.0912097000000003
2025-09-16 13:00:00+00:00,2.4991776999999997
2025-09-16 14:00:00+00:00,3.5160147000000013
2025-09-16 15:00:00+00:00,4.911269499999998
2025-09-16 16:00:00+00:00,6.2696555
2025-09-16 17:00:00+00:00,6.9772935
2025-09-16 18:00:00+00:00,7.1353955000000004
2025-09-16 19:00:00+00:00,6.875826
2025-09-16 20:00:00+00:00,6.637177099999999
2025-09-16 21:00:00+00:00,6.281910300000001
2025-09-16 22:00:00+00:00,5.9594447
2025-09-16 23:00:00+00:00,5.8357509
2025-09-17 00:00:00+00:00,5.8257744
2025-09-17 01:00:00+00:00,5.8677668
2025-09-17 02:00:00+00:00,5.9522517
2025-09-17 03:00:00+00:00,6.4039226
2025-09-17 04:00:00+00:00,7.309930100000001
2025-09-17 05:00:00+00:00,8.133377
2025-09-17 06:00:00+00:00,8.4975496
2025-09-17 07:00:00+00:00,8.281667500000001
2025-09-17 08:00:00+00:00,7.5616562
2025-09-17 09:00:00+00:00,6.841434000000001
2025-09-17 10:00:00+00:00,5.7254919000000015
2025-09-17 11:00:00+00:00,4.613104699999999
2025-09-17 12:00:00+00:00,3.9722337999999997
2025-09-17 13:00:00+00:00,3.9682017
2025-09-17 14:00:00+00:00,4.4518874
2025-09-17 15:00:00+00:00,5.272022100000001
2025-09-17 16:00:00+00:00,6.240206200000001
2025-09-17 17:00:00+00:00,6.816515200000001
2025-09-17 18:00:00+00:00,6.8357459
2025-09-17 19:00:00+00:00,6.4938781
2025-09-17 20:00:00+00:00,6.0619951
2025-09-17 21:00:00+00:00,5.6446003000000005
2025-09-17 22:00:00+00:00,5.0065125
2025-09-17 23:00:00+00:00,4.753630000000001
2025-09-18 00:00:00+00:00,4.581167199999999
2025-09-18 01:00:00+00:00,4.5917775
2025-09-18 02:00:00+00:00,4.687290900000001
2025-09-18 03:00:00+00:00,5.1793233
2025-09-18 04:00:00+00:00,6.12451
2025-09-18 05:00:00+00:00,6.934557100000001
2025-09-18 06:00:00+00:00,6.9744476
2025-09-18 07:00:00+00:00,6.2389016999999996
2025-09-18 08:00:00+00:00,5.248024200000001
2025-09-18 09:00:00+00:00,4.301911400000002
2025-09-18 10:00:00+00:00,3.548049500000001
2025-09-18 11:00:00+00:00,3.083380100000001
2025-09-18 12:00:00+00:00,2.8402238000000004
2025-09-18 13:00:00+00:00,3.2228413000000007
2025-09-18 14:00:00+00:00,3.9288927000000005
2025-09-18 15:00:00+00:00,5.379864699999999
2025-09-18 16:00:00+00:00,6.7937104
2025-09-18 17:00:00+00:00,7.6171437000000015
2025-09-18 18:00:00+00:00,7.8070006
2025-09-18 19:00:00+00:00,7.6468616
2025-09-18 20:00:00+00:00,7.4694174
2025-09-18 21:00:00+00:00,7.204020999999999
2025-09-18 22:00:00+00:00,6.877467
2025-09-18 23:00:00+00:00,6.6651738
2025-09-19 00:00:00+00:00,6.6821721
2025-09-19 01:00:00+00:00,6.6933223
2025-09-19 02:00:00+00:00,6.8405694
2025-09-19 03:00:00+00:00,7.2596071
2025-09-19 04:00:00+00:00,8.1431216
2025-09-19 05:00:00+00:00,8.7991713
2025-09-19 06:00:00+00:00,8.508079
2025-09-19 07:00:00+00:00,7.149920100000001
2025-09-19 08:00:00+00:00,5.570803700000001
2025-09-19 09:00:00+00:00,4.3715223
2025-09-19 10:00:00+00:00,3.3280814000000003
2025-09-19 11:00:00+00:00,2.8875347
2025-09-19 12:00:00+00:00,3.181973900000001
2025-09-19 13:00:00+00:00,3.9486250000000016
2025-09-19 14:00:00+00:00,5.082973099999999
2025-09-19 15:00:00+00:00,6.668559700000001
2025-09-19 16:00:00+00:00,8.1186965
2025-09-19 17:00:00+00:00,8.760824
2025-09-19 18:00:00+00:00,8.586924900000001
2025-09-19 19:00:00+00:00,8.0817529
2025-09-19 20:00:00+00:00,7.6347094
2025-09-19 21:00:00+00:00,7.094916899999999
2025-09-19 22:00:00+00:00,5.9861663
2025-09-19 23:00:00+00:00,5.866254400000001
2025-09-20 00:00:00+00:00,5.821985
2025-09-20 01:00:00+00:00,5.8520047
2025-09-20 02:00:00+00:00,5.8278733
2025-09-20 03:00:00+00:00,5.9282123
2025-09-20 04:00:00+00:00,6.271535999999999
2025-09-20 05:00:00+00:00,6.4282173
2025-09-20 06:00:00+00:00,6.2955051000000015
2025-09-20 07:00:00+00:00,5.5867722
2025-09-20 08:00:00+00:00,5.1157702
2025-09-20 09:00:00+00:00,4.9791671
2025-09-20 10:00:00+00:00,5.101500099999999
2025-09-20 11:00:00+00:00,5.299503199999999
2025-09-20 12:00:00+00:00,5.4109978000000005
2025-09-20 13:00:00+00:00,5.456033800000001
2025-09-20 14:00:00+00:00,5.492566399999999
2025-09-20 15:00:00+00:00,5.7261171
2025-09-20 16:00:00+00:00,6.422664000000001
2025-09-20 17:00:00+00:00,6.6321897000000005
2025-09-20 18:00:00+00:00,6.436178300000002
2025-09-20 19:00:00+00:00,5.8488495
2025-09-20 20:00:00+00:00,5.1980483
2025-09-20 21:00:00+00:00,4.827058600000001
2025-09-20 22:00:00+00:00,4.1929801
2025-09-20 23:00:00+00:00,3.8700652000000004
2025-09-21 00:00:00+00:00,3.6202810000000003
2025-09-21 01:00:00+00:00,3.6908994
2025-09-21 02:00:00+00:00,3.812641
2025-09-21 03:00:00+00:00,4.026915000000001
2025-09-21 04:00:00+00:00,4.4857268999999995
2025-09-21 05:00:00+00:00,5.0192201
2025-09-21 06:00:00+00:00,5.581415
2025-09-21 07:00:00+00:00,5.7377897
2025-09-21 08:00:00+00:00,5.7322147
2025-09-21 09:00:00+00:00,5.803655999999999
2025-09-21 10:00:00+00:00,5.812699500000001
2025-09-21 11:00:00+00:00,5.7142158
2025-09-21 12:00:00+00:00,5.5710414
2025-09-21 13:00:00+00:00,5.2508417
2025-09-21 14:00:00+00:00,5.3384045
2025-09-21 15:00:00+00:00,5.898436999999999
2025-09-21 16:00:00+00:00,6.6223722
2025-09-21 17:00:00+00:00,7.144546200000001
2025-09-21 18:00:00+00:00,7.287137599999999
2025-09-21 19:00:00+00:00,7.1134463000000006
2025-09-21 20:00:00+00:00,6.708337899999999
2025-09-21 21:00:00+00:00,6.371912099999999
2025-09-21 22:00:00+00:00,6.0208269
2025-09-21 23:00:00+00:00,5.9104215
2025-09-22 00:00:00+00:00,5.8455018
2025-09-22 01:00:00+00:00,5.7248367
2025-09-22 02:00:00+00:00,5.717418200000001
2025-09-22 03:00:00+00:00,6.0334245
2025-09-22 04:00:00+00:00,6.823236499999999
2025-09-22 05:00:00+00:00,7.5426538
2025-09-22 06:00:00+00:00,7.387258599999999
2025-09-22 07:00:00+00:00,6.424948700000001
2025-09-22 08:00:00+00:00,5.189469500000001
2025-09-22 09:00:00+00:00,4.3213314
2025-09-22 10:00:00+00:00,3.7532069000000003
2025-09-22 11:00:00+00:00,3.7922416000000005
2025-09-22 12:00:00+00:00,3.8692632
2025-09-22 13:00:00+00:00,4.1445894
2025-09-22 14:00:00+00:00,4.810763600000001
2025-09-22 15:00:00+00:00,5.931936800000001
2025-09-22 16:00:00+00:00,7.0713409
2025-09-22 17:00:00+00:00,7.580716700000002
2025-09-22 18:00:00+00:00,7.591557
2025-09-22 19:00:00+00:00,7.283050100000001
2025-09-22 20:00:00+00:00,7.017791599999999
2025-09-22 21:00:00+00:00,6.645429100000001
2025-09-22 22:00:00+00:00,6.3617314
2025-09-22 23:00:00+00:00,6.265043599999999
2025-09-23 00:00:00+00:00,6.1761097000000005
2025-09-23 01:00:00+00:00,6.2381964
2025-09-23 02:00:00+00:00,6.277424999999999
2025-09-23 03:00:00+00:00,6.6650123
2025-09-23 04:00:00+00:00,7.5479261000000015
2025-09-23 05:00:00+00:00,8.3002792
2025-09-23 06:00:00+00:00,8.497118100000002
2025-09-23 07:00:00+00:00,7.9532032
2025-09-23 08:00:00+00:00,6.777751599999999
2025-09-23 09:00:00+00:00,5.7385311
2025-09-23 10:00:00+00:00,5.0041142
2025-09-23 11:00:00+00:00,4.9945748000000005
2025-09-23 12:00:00+00:00,5.1364917000000005
2025-09-23 13:00:00+00:00,5.4329092
2025-09-23 14:00:00+00:00,5.9546814999999995
2025-09-23 15:00:00+00:00,6.7386626
2025-09-23 16:00:00+00:00,7.4176112000000005
2025-09-23 17:00:00+00:00,7.687864200000001
2025-09-23 18:00:00+00:00,7.463044300000001
2025-09-23 19:00:00+00:00,6.980005400000001
2025-09-23 20:00:00+00:00,6.625661900000001
2025-09-23 21:00:00+00:00,6.1301417
2025-09-23 22:00:00+00:00,5.4734896
2025-09-23 23:00:00+00:00,5.308433300000001
2025-09-24 00:00:00+00:00,5.2177318
2025-09-24 01:00:00+00:00,5.29327
2025-09-24 02:00:00+00:00,5.3438669
2025-09-24 03:00:00+00:00,5.653499200000001
2025-09-24 04:00:00+00:00,6.350683200000001
2025-09-24 05:00:00+00:00,7.131039299999999
2025-09-24 06:00:00+00:00,7.271644800000001
2025-09-24 07:00:00+00:00,6.789906000000001
2025-09-24 08:00:00+00:00,6.051273699999999
2025-09-24 09:00:00+00:00,5.6681916
2025-09-24 10:00:00+00:00,5.110692300000001
2025-09-24 11:00:00+00:00,4.7693767000000005
2025-09-24 12:00:00+00:00,4.838202700000001
2025-09-24 13:00:00+00:00,5.201537500000001
2025-09-24 14:00:00+00:00,5.633939600000001
2025-09-24 15:00:00+00:00,6.474133
2025-09-24 16:00:00+00:00,7.2730046
2025-09-24 17:00:00+00:00,7.5973776
2025-09-24 18:00:00+00:00,7.5729604
2025-09-24 19:00:00+00:00,7.0968355999999995
2025-09-24 20:00:00+00:00,6.689666099999999
2025-09-24 21:00:00+00:00,6.237632099999999
2025-09-24 22:00:00+00:00,5.636795
2025-09-24 23:00:00+00:00,5.4519558
2025-09-25 00:00:00+00:00,5.3235154
2025-09-25 01:00:00+00:00,5.3121334000000004
2025-09-25 02:00:00+00:00,5.3916668
2025-09-25 03:00:00+00:00,5.7025044000000005
2025-09-25 04:00:00+00:00,6.427572600000001
2025-09-25 05:00:00+00:00,7.0937557
2025-09-25 06:00:00+00:00,7.216175600000001
2025-09-25 07:00:00+00:00,6.737872000000001
2025-09-25 08:00:00+00:00,6.046390500000001
2025-09-25 09:00:00+00:00,5.367191400000001
2025-09-25 10:00:00+00:00,4.697619600000001
2025-09-25 11:00:00+00:00,4.630117800000001
2025-09-25 12:00:00+00:00,4.775343099999999
2025-09-25 13:00:00+00:00,5.254720800000001
2025-09-25 14:00:00+00:00,5.866577299999999
2025-09-25 15:00:00+00:00,6.7834126999999995
2025-09-25 16:00:00+00:00,7.605121900000001
2025-09-25 17:00:00+00:00,8.021986499999999
2025-09-25 18:00:00+00:00,7.9879284
2025-09-25 19:00:00+00:00,7.5998519
2025-09-25 20:00:00+00:00,7.3246098
2025-09-25 21:00:00+00:00,7.0456567
2025-09-25 22:00:00+00:00,6.800365299999999
2025-09-25 23:00:00+00:00,6.5445256999999994
2025-09-26 00:00:00+00:00,6.4480007
2025-09-26 01:00:00+00:00,6.4504522
2025-09-26 02:00:00+00:00,6.5899474
2025-09-26 03:00:00+00:00,7.0434434
2025-09-26 04:00:00+00:00,7.9734534
2025-09-26 05:00:00+00:00,8.8511475
2025-09-26 06:00:00+00:00,9.103136699999999
2025-09-26 07:00:00+00:00,8.467279399999999
2025-09-26 08:00:00+00:00,7.453558599999999
2025-09-26 09:00:00+00:00,6.7494395
2025-09-26 10:00:00+00:00,6.256484600000001
2025-09-26 11:00:00+00:00,6.214214900000001
2025-09-26 12:00:00+00:00,6.4110051
2025-09-26 13:00:00+00:00,6.9587118
2025-09-26 14:00:00+00:00,7.667711100000001
2025-09-26 15:00:00+00:00,8.453750699999999
2025-09-26 16:00:00+00:00,9.2471608
2025-09-26 17:00:00+00:00,9.5562239
2025-09-26 18:00:00+00:00,9.429729
2025-09-26 19:00:00+00:00,9.0279614
2025-09-26 20:00:00+00:00,8.643155
2025-09-26 21:00:00+00:00,8.204999500000001
2025-09-26 22:00:00+00:00,8.0001234
2025-09-26 23:00:00+00:00,7.586439
2025-09-27 00:00:00+00:00,7.161664
2025-09-27 01:00:00+00:00,7.1495671000000005
2025-09-27 02:00:00+00:00,7.0759289
2025-09-27 03:00:00+00:00,7.093129
2025-09-27 04:00:00+00:00,7.3976822
2025-09-27 05:00:00+00:00,7.7443783999999996
2025-09-27 06:00:00+00:00,7.7212784999999995
2025-09-27 07:00:00+00:00,6.931598200000001
2025-09-27 08:00:00+00:00,5.7074321999999995
2025-09-27 09:00:00+00:00,4.6389063
2025-09-27 10:00:00+00:00,4.014811400000002
2025-09-27 11:00:00+00:00,4.0669422
2025-09-27 12:00:00+00:00,4.366666899999999
2025-09-27 13:00:00+00:00,5.042339500000001
2025-09-27 14:00:00+00:00,5.967772799999999
2025-09-27 15:00:00+00:00,7.0394646
2025-09-27 16:00:00+00:00,8.3009293
2025-09-27 17:00:00+00:00,8.7284718
2025-09-27 18:00:00+00:00,8.5882958
2025-09-27 19:00:00+00:00,8.3205617
2025-09-27 20:00:00+00:00,7.897090699999999
2025-09-27 21:00:00+00:00,7.4902112999999995
2025-09-27 22:00:00+00:00,6.9819917
2025-09-27 23:00:00+00:00,6.793666099999999
2025-09-28 00:00:00+00:00,6.7190896
2025-09-28 01:00:00+00:00,6.6278889
2025-09-28 02:00:00+00:00,6.6742262
2025-09-28 03:00:00+00:00,6.6979926
2025-09-28 04:00:00+00:00,6.873874
2025-09-28 05:00:00+00:00,7.040586599999999
2025-09-28 06:00:00+00:00,6.746762
2025-09-28 07:00:00+00:00,5.7137212
2025-09-28 08:00:00+00:00,4.453399
2025-09-28 09:00:00+00:00,3.5011513999999995
2025-09-28 10:00:00+00:00,2.7595455000000015
2025-09-28 11:00:00+00:00,2.6416504000000005
2025-09-28 12:00:00+00:00,3.0316674
2025-09-28 13:00:00+00:00,3.7667751999999997
2025-09-28 14:00:00+00:00,5.0118796
2025-09-28 15:00:00+00:00,6.612249600000001
2025-09-28 16:00:00+00:00,8.0822466
2025-09-28 17:00:00+00:00,8.772684
2025-09-28 18:00:00+00:00,8.6833286
2025-09-28 19:00:00+00:00,8.429098600000001
2025-09-28 20:00:00+00:00,8.1229067
2025-09-28 21:00:00+00:00,7.7512901
2025-09-28 22:00:00+00:00,7.4625106
2025-09-28 23:00:00+00:00,7.2072639
2025-09-29 00:00:00+00:00,7.0819187999999995
2025-09-29 01:00:00+00:00,7.0282056
2025-09-29 02:00:00+00:00,7.1050226
2025-09-29 03:00:00+00:00,7.4654907
2025-09-29 04:00:00+00:00,8.487474699999998
2025-09-29 05:00:00+00:00,9.269565100000001
2025-09-29 06:00:00+00:00,9.432032000000001
2025-09-29 07:00:00+00:00,8.604011400000001
2025-09-29 08:00:00+00:00,7.393996399999999
2025-09-29 09:00:00+00:00,6.1527981
2025-09-29 10:00:00+00:00,5.232960900000001
2025-09-29 11:00:00+00:00,5.264762500000001
2025-09-29 12:00:00+00:00,5.4369878
2025-09-29 13:00:00+00:00,5.941180699999999
2025-09-29 14:00:00+00:00,6.897185199999999
2025-09-29 15:00:00+00:00,8.2084387
2025-09-29 16:00:00+00:00,9.278595500000002
2025-09-29 17:00:00+00:00,9.6057774
2025-09-29 18:00:00+00:00,9.3768102
2025-09-29 19:00:00+00:00,8.918113700000001
2025-09-29 20:00:00+00:00,8.502679
2025-09-29 21:00:00+00:00,7.9723665
2025-09-29 22:00:00+00:00,7.6607055
2025-09-29 23:00:00+00:00,7.4715957
2025-09-30 00:00:00+00:00,7.3330077
2025-09-30 01:00:00+00:00,7.3314769
2025-09-30 02:00:00+00:00,7.3695503
2025-09-30 03:00:00+00:00,7.7164129
2025-09-30 04:00:00+00:00,8.567692399999999
2025-09-30 05:00:00+00:00,9.481757499999999
2025-09-30 06:00:00+00:00,9.537532800000001
2025-09-30 07:00:00+00:00,8.878037099999998
2025-09-30 08:00:00+00:00,7.712336799999999
2025-09-30 09:00:00+00:00,6.653517600000001
2025-09-30 10:00:00+00:00,5.942487500000001
2025-09-30 11:00:00+00:00,5.705138700000001
2025-09-30 12:00:00+00:00,5.709577
2025-09-30 13:00:00+00:00,5.959901899999999
2025-09-30 14:00:00+00:00,6.7795919
2025-09-30 15:00:00+00:00,8.1683758
2025-09-30 16:00:00+00:00,9.2951505
2025-09-30 17:00:00+00:00,9.8698492
2025-09-30 18:00:00+00:00,9.6392165
2025-09-30 19:00:00+00:00,9.160428
2025-09-30 20:00:00+00:00,8.7097909
2025-09-30 21:00:00+00:00,8.2549229
2025-09-30 22:00:00+00:00,7.790130899999999
2025-09-30 23:00:00+00:00,7.5239613
2025-10-01 00:00:00+00:00,7.379293
2025-10-01 01:00:00+00:00,7.3287089
2025-10-01 02:00:00+00:00,7.338369
2025-10-01 03:00:00+00:00,7.7062788
2025-10-01 04:00:00+00:00,8.5893894
2025-10-01 05:00:00+00:00,9.5784016
2025-10-01 06:00:00+00:00,9.6547717
2025-10-01 07:00:00+00:00,8.6784967
2025-10-01 08:00:00+00:00,7.131751100000001
2025-10-01 09:00:00+00:00,5.686312499999999
2025-10-01 10:00:00+00:00,4.6470511
2025-10-01 11:00:00+00:00,4.3021066
2025-10-01 12:00:00+00:00,4.6477851
2025-10-01 13:00:00+00:00,5.5313006
2025-10-01 14:00:00+00:00,6.7918992000000005
2025-10-01 15:00:00+00:00,8.300794300000002
2025-10-01 16:00:00+00:00,9.4963409
2025-10-01 17:00:00+00:00,9.895343200000001
2025-10-01 18:00:00+00:00,9.669192899999999
2025-10-01 19:00:00+00:00,9.1756557
2025-10-01 20:00:00+00:00,8.7099299
2025-10-01 21:00:00+00:00,8.2132687
2025-10-01 22:00:00+00:00,7.6024134000000005
2025-10-01 23:00:00+00:00,7.344134400000001
2025-10-02 00:00:00+00:00,7.1326719
2025-10-02 01:00:00+00:00,7.0608957
2025-10-02 02:00:00+00:00,7.1245065
2025-10-02 03:00:00+00:00,7.438425499999999
2025-10-02 04:00:00+00:00,8.314334200000001
2025-10-02 05:00:00+00:00,9.232183000000001
2025-10-02 06:00:00+00:00,9.3493501
2025-10-02 07:00:00+00:00,8.692260600000001
2025-10-02 08:00:00+00:00,7.521053799999999
2025-10-02 09:00:00+00:00,6.449716600000001
2025-10-02 10:00:00+00:00,5.254206600000001
2025-10-02 11:00:00+00:00,4.725844600000001
2025-10-02 12:00:00+00:00,4.6900294
2025-10-02 13:00:00+00:00,5.2476177999999996
2025-10-02 14:00:00+00:00,6.3546507000000005
2025-10-02 15:00:00+00:00,7.808497899999999
2025-10-02 16:00:00+00:00,9.0220371
2025-10-02 17:00:00+00:00,9.3413334
2025-10-02 18:00:00+00:00,8.6156683
2025-10-02 19:00:00+00:00,7.676290099999999
2025-10-02 20:00:00+00:00,7.0195132000000005
2025-10-02 21:00:00+00:00,6.4738942999999995
2025-10-02 22:00:00+00:00,5.825396500000001
2025-10-02 23:00:00+00:00,5.3843741000000005
2025-10-03 00:00:00+00:00,5.160419300000001
2025-10-03 01:00:00+00:00,5.176546400000001
2025-10-03 02:00:00+00:00,5.2855342
2025-10-03 03:00:00+00:00,5.6335841
2025-10-03 04:00:00+00:00,6.5141425
2025-10-03 05:00:00+00:00,7.439015599999999
2025-10-03 06:00:00+00:00,7.6751803999999995
2025-10-03 07:00:00+00:00,7.593574700000001
2025-10-03 08:00:00+00:00,7.041987999999999
2025-10-03 09:00:00+00:00,6.482840299999999
2025-10-03 10:00:00+00:00,5.9838355
2025-10-03 11:00:00+00:00,5.9667436
2025-10-03 12:00:00+00:00,5.979891200000001
2025-10-03 13:00:00+00:00,6.044247800000001
2025-10-03 14:00:00+00:00,6.176936200000001
2025-10-03 15:00:00+00:00,6.441495100000001
2025-10-03 16:00:00+00:00,6.583916200000001
2025-10-03 17:00:00+00:00,6.359871699999999
2025-10-03 18:00:00+00:00,6.038260299999999
2025-10-03 19:00:00+00:00,5.371005500000001
2025-10-03 20:00:00+00:00,4.935701699999999
2025-10-03 21:00:00+00:00,4.417984500000001
2025-10-03 22:00:00+00:00,3.8062262999999996
2025-10-03 23:00:00+00:00,3.4563981999999998
2025-10-04 00:00:00+00:00,3.1242203999999996
2025-10-04 01:00:00+00:00,2.9793353000000007
2025-10-04 02:00:00+00:00,2.9462127999999996
2025-10-04 03:00:00+00:00,2.9259886999999996
2025-10-04 04:00:00+00:00,3.1690526000000006
2025-10-04 05:00:00+00:00,3.546750799999999
2025-10-04 06:00:00+00:00,3.9875015000000005
2025-10-04 07:00:00+00:00,4.3297108
2025-10-04 08:00:00+00:00,3.9750081999999995
2025-10-04 09:00:00+00:00,2.9100079
2025-10-04 10:00:00+00:00,1.497240699999999
2025-10-04 11:00:00+00:00,0.7999945000000004
2025-10-04 12:00:00+00:00,0.5863329000000004
2025-10-04 13:00:00+00:00,0.8060686000000006
2025-10-04 14:00:00+00:00,1.6562266999999995
2025-10-04 15:00:00+00:00,2.9515295000000004
2025-10-04 16:00:00+00:00,4.278015699999999
2025-10-04 17:00:00+00:00,4.7618792
2025-10-04 18:00:00+00:00,4.590653799999999
2025-10-04 19:00:00+00:00,4.2578208
2025-10-04 20:00:00+00:00,4.033329000000001
2025-10-04 21:00:00+00:00,3.7168543
2025-10-04 22:00:00+00:00,3.3409408000000007
2025-10-04 23:00:00+00:00,3.1015105
2025-10-05 00:00:00+00:00,3.0370496999999994
2025-10-05 01:00:00+00:00,2.8676523999999994
2025-10-05 02:00:00+00:00,2.8221909000000003
2025-10-05 03:00:00+00:00,2.917773799999999
2025-10-05 04:00:00+00:00,3.2119954
2025-10-05 05:00:00+00:00,3.5556535000000005
2025-10-05 06:00:00+00:00,3.6377189
2025-10-05 07:00:00+00:00,3.1776692000000004
2025-10-05 08:00:00+00:00,2.5957866999999997
2025-10-05 09:00:00+00:00,2.0379033
2025-10-05 10:00:00+00:00,1.7029487999999997
2025-10-05 11:00:00+00:00,1.5000200000000001
2025-10-05 12:00:00+00:00,1.422717200000001
2025-10-05 13:00:00+00:00,1.6433820999999984
2025-10-05 14:00:00+00:00,2.5906842
2025-10-05 15:00:00+00:00,3.943653900000001
2025-10-05 16:00:00+00:00,5.339567199999999
2025-10-05 17:00:00+00:00,6.1191274
2025-10-05 18:00:00+00:00,6.1189209
2025-10-05 19:00:00+00:00,5.7384274
2025-10-05 20:00:00+00:00,5.5063431000000005
2025-10-05 21:00:00+00:00,5.2629783
2025-10-05 22:00:00+00:00,5.1622547
2025-10-05 23:00:00+00:00,5.0192745
2025-10-06 00:00:00+00:00,4.8909217
2025-10-06 01:00:00+00:00,4.995445
2025-10-06 02:00:00+00:00,5.1039081
2025-10-06 03:00:00+00:00,5.7344354
2025-10-06 04:00:00+00:00,6.873357700000001
2025-10-06 05:00:00+00:00,8.0686741
2025-10-06 06:00:00+00:00,8.3601596
2025-10-06 07:00:00+00:00,8.2706059
2025-10-06 08:00:00+00:00,7.648063799999999
2025-10-06 09:00:00+00:00,7.234890500000001
2025-10-06 10:00:00+00:00,6.744983599999999
2025-10-06 11:00:00+00:00,6.5416346999999995
2025-10-06 12:00:00+00:00,6.3794153
2025-10-06 13:00:00+00:00,6.7370088
2025-10-06 14:00:00+00:00,7.311453800000001
2025-10-06 15:00:00+00:00,8.2103915
2025-10-06 16:00:00+00:00,8.9707293
2025-10-06 17:00:00+00:00,9.154755
2025-10-06 18:00:00+00:00,8.9252209
2025-10-06 19:00:00+00:00,8.3302166
2025-10-06 20:00:00+00:00,7.9774254
2025-10-06 21:00:00+00:00,7.5054148000000005
2025-10-06 22:00:00+00:00,7.278912099999999
2025-10-06 23:00:00+00:00,7.0737659
2025-10-07 00:00:00+00:00,6.996216700000001
2025-10-07 01:00:00+00:00,6.9701093
2025-10-07 02:00:00+00:00,7.0867473
2025-10-07 03:00:00+00:00,7.492283799999999
2025-10-07 04:00:00+00:00,8.4159492
2025-10-07 05:00:00+00:00,9.3724369
2025-10-07 06:00:00+00:00,9.628917900000001
2025-10-07 07:00:00+00:00,9.4161448
2025-10-07 08:00:00+00:00,8.7479821
2025-10-07 09:00:00+00:00,8.069497
2025-10-07 10:00:00+00:00,7.289571999999999
2025-10-07 11:00:00+00:00,7.227529
2025-10-07 12:00:00+00:00,7.301345700000001
2025-10-07 13:00:00+00:00,7.5344736999999995
2025-10-07 14:00:00+00:00,8.0724045
2025-10-07 15:00:00+00:00,8.9248494
2025-10-07 16:00:00+00:00,9.5580961
2025-10-07 17:00:00+00:00,9.892407
2025-10-07 18:00:00+00:00,9.6106709
2025-10-07 19:00:00+00:00,9.1863531
2025-10-07 20:00:00+00:00,8.7848209
2025-10-07 21:00:00+00:00,8.273650900000002
2025-10-07 22:00:00+00:00,7.7472388
2025-10-07 23:00:00+00:00,7.4803506
2025-10-08 00:00:00+00:00,7.3638211
2025-10-08 01:00:00+00:00,7.3639907
2025-10-08 02:00:00+00:00,7.364523800000001
2025-10-08 03:00:00+00:00,7.6869109
2025-10-08 04:00:00+00:00,8.6046519
2025-10-08 05:00:00+00:00,9.6296803
2025-10-08 06:00:00+00:00,10.0406049
2025-10-08 07:00:00+00:00,9.7240854
2025-10-08 08:00:00+00:00,8.8480353
2025-10-08 09:00:00+00:00,8.157087
2025-10-08 10:00:00+00:00,7.648486800000001
2025-10-08 11:00:00+00:00,7.5279141
2025-10-08 12:00:00+00:00,7.640579799999999
2025-10-08 13:00:00+00:00,7.956123900000001
2025-10-08 14:00:00+00:00,8.2735266
2025-10-08 15:00:00+00:00,8.9790626
2025-10-08 16:00:00+00:00,9.6395526
2025-10-08 17:00:00+00:00,9.869181
2025-10-08 18:00:00+00:00,9.6528346
2025-10-08 19:00:00+00:00,9.1954324
2025-10-08 20:00:00+00:00,8.782085
2025-10-08 21:00:00+00:00,8.3697588
2025-10-08 22:00:00+00:00,8.050374800000002
2025-10-08 23:00:00+00:00,7.7539373000000005
2025-10-09 00:00:00+00:00,7.4923287
2025-10-09 01:00:00+00:00,7.369229
2025-10-09 02:00:00+00:00,7.4061199
2025-10-09 03:00:00+00:00,7.7805986
2025-10-09 04:00:00+00:00,8.7784449
2025-10-09 05:00:00+00:00,9.7632692
2025-10-09 06:00:00+00:00,9.999470899999999
2025-10-09 07:00:00+00:00,9.470168699999999
2025-10-09 08:00:00+00:00,8.5061005
2025-10-09 09:00:00+00:00,7.6760847000000005
2025-10-09 10:00:00+00:00,7.00866
2025-10-09 11:00:00+00:00,6.8137592
2025-10-09 12:00:00+00:00,6.824434600000002
2025-10-09 13:00:00+00:00,7.225707099999999
2025-10-09 14:00:00+00:00,7.954440000000001
2025-10-09 15:00:00+00:00,9.0607781
2025-10-09 16:00:00+00:00,10.0490895
2025-10-09 17:00:00+00:00,10.4304286
2025-10-09 18:00:00+00:00,9.996708199999999
2025-10-09 19:00:00+00:00,9.357393799999999
2025-10-09 20:00:00+00:00,8.944823
2025-10-09 21:00:00+00:00,8.5774041
2025-10-09 22:00:00+00:00,8.084067699999999
2025-10-09 23:00:00+00:00,7.6900423
2025-10-10 00:00:00+00:00,7.4602752
2025-10-10 01:00:00+00:00,7.4261909
2025-10-10 02:00:00+00:00,7.5373595
2025-10-10 03:00:00+00:00,7.922218099999999
2025-10-10 04:00:00+00:00,8.7695908
2025-10-10 05:00:00+00:00,9.8308039
2025-10-10 06:00:00+00:00,10.0045409
2025-10-10 07:00:00+00:00,9.5673751
2025-10-10 08:00:00+00:00,8.8325272
2025-10-10 09:00:00+00:00,8.1832713
2025-10-10 10:00:00+00:00,7.5648386
2025-10-10 11:00:00+00:00,7.5569053
2025-10-10 12:00:00+00:00,7.6995672
2025-10-10 13:00:00+00:00,7.9633771
2025-10-10 14:00:00+00:00,8.4845969
2025-10-10 15:00:00+00:00,9.247534600000002
2025-10-10 16:00:00+00:00,9.809182400000001
2025-10-10 17:00:00+00:00,9.853720099999999
2025-10-10 18:00:00+00:00,9.531746499999999
2025-10-10 19:00:00+00:00,9.0331067
2025-10-10 20:00:00+00:00,8.6800936
2025-10-10 21:00:00+00:00,8.2414128
2025-10-10 22:00:00+00:00,7.882908399999999
2025-10-10 23:00:00+00:00,7.5987263
2025-10-11 00:00:00+00:00,7.3093718999999995
2025-10-11 01:00:00+00:00,7.200094399999999
2025-10-11 02:00:00+00:00,7.1509632
2025-10-11 03:00:00+00:00,7.1071933
2025-10-11 04:00:00+00:00,7.381206000000001
2025-10-11 05:00:00+00:00,7.7750155
2025-10-11 06:00:00+00:00,8.1332899
2025-10-11 07:00:00+00:00,8.0855331
2025-10-11 08:00:00+00:00,7.884097999999999
2025-10-11 09:00:00+00:00,7.757414900000001
2025-10-11 10:00:00+00:00,7.487312200000002
2025-10-11 11:00:00+00:00,7.572436700000001
2025-10-11 12:00:00+00:00,7.005758999999999
2025-10-11 13:00:00+00:00,7.124392
2025-10-11 14:00:00+00:00,7.434164599999999
2025-10-11 15:00:00+00:00,8.172985
2025-10-11 16:00:00+00:00,8.8507475
2025-10-11 17:00:00+00:00,8.9639513
2025-10-11 18:00:00+00:00,8.648139
2025-10-11 19:00:00+00:00,8.228550799999999
2025-10-11 20:00:00+00:00,8.0138596
2025-10-11 21:00:00+00:00,7.6933123000000005
2025-10-11 22:00:00+00:00,7.3074293
2025-10-11 23:00:00+00:00,7.0652599
2025-10-12 00:00:00+00:00,6.836079300000001
2025-10-12 01:00:00+00:00,6.652116100000001
2025-10-12 02:00:00+00:00,6.6287682000000006
2025-10-12 03:00:00+00:00,6.5757034
2025-10-12 04:00:00+00:00,6.8732285
2025-10-12 05:00:00+00:00,7.1642346
2025-10-12 06:00:00+00:00,7.4291168999999995
2025-10-12 07:00:00+00:00,7.4217882
2025-10-12 08:00:00+00:00,7.0172835
2025-10-12 09:00:00+00:00,6.7217468
2025-10-12 10:00:00+00:00,6.301279300000001
2025-10-12 11:00:00+00:00,6.002090099999999
2025-10-12 12:00:00+00:00,5.8305332000000005
2025-10-12 13:00:00+00:00,5.9722328
2025-10-12 14:00:00+00:00,6.5611345
2025-10-12 15:00:00+00:00,7.4971766
2025-10-12 16:00:00+00:00,8.3913272
2025-10-12 17:00:00+00:00,8.7259769
2025-10-12 18:00:00+00:00,8.4719523
2025-10-12 19:00:00+00:00,8.099660499999999
2025-10-12 20:00:00+00:00,7.806043200000001
2025-10-12 21:00:00+00:00,7.4935373
2025-10-12 22:00:00+00:00,6.9915128
2025-10-12 23:00:00+00:00,6.8168971
2025-10-13 00:00:00+00:00,6.6506098
2025-10-13 01:00:00+00:00,6.6695443999999995
2025-10-13 02:00:00+00:00,6.7533713
2025-10-13 03:00:00+00:00,7.2370214
2025-10-13 04:00:00+00:00,8.2989873
2025-10-13 05:00:00+00:00,9.3197651
2025-10-13 06:00:00+00:00,9.7069758
2025-10-13 07:00:00+00:00,9.7282957
2025-10-13 08:00:00+00:00,9.304405899999999
2025-10-13 09:00:00+00:00,8.843314
2025-10-13 10:00:00+00:00,8.257298800000001
2025-10-13 11:00:00+00:00,7.984510899999999
2025-10-13 12:00:00+00:00,7.8027535000000015
2025-10-13 13:00:00+00:00,7.953990300000001
2025-10-13 14:00:00+00:00,8.294331900000001
2025-10-13 15:00:00+00:00,9.0073796
2025-10-13 16:00:00+00:00,9.5982102
2025-10-13 17:00:00+00:00,9.6821676
2025-10-13 18:00:00+00:00,9.2106808
2025-10-13 19:00:00+00:00,8.6751545
2025-10-13 20:00:00+00:00,8.309496300000001
2025-10-13 21:00:00+00:00,7.8723764
2025-10-13 22:00:00+00:00,7.590248399999999
2025-10-13 23:00:00+00:00,7.315163500000001
2025-10-14 00:00:00+00:00,7.2024665
2025-10-14 01:00:00+00:00,7.186031700000001
2025-10-14 02:00:00+00:00,7.2244104
2025-10-14 03:00:00+00:00,7.6039936
2025-10-14 04:00:00+00:00,8.444665200000001
2025-10-14 05:00:00+00:00,9.435314300000002
2025-10-14 06:00:00+00:00,9.819074100000002
2025-10-14 07:00:00+00:00,9.701977000000001
2025-10-14 08:00:00+00:00,9.0586011
2025-10-14 09:00:00+00:00,8.4473533
2025-10-14 10:00:00+00:00,7.9722974
2025-10-14 11:00:00+00:00,7.838666900000001
2025-10-14 12:00:00+00:00,7.822961600000001
2025-10-14 13:00:00+00:00,7.8607473
2025-10-14 14:00:00+00:00,8.1726759
2025-10-14 15:00:00+00:00,8.947784
2025-10-14 16:00:00+00:00,9.5791152
2025-10-14 17:00:00+00:00,9.7561049
2025-10-14 18:00:00+00:00,9.300254599999999
2025-10-14 19:00:00+00:00,8.8398697
2025-10-14 20:00:00+00:00,8.503002
2025-10-14 21:00:00+00:00,8.0474129
2025-10-14 22:00:00+00:00,7.7232453
2025-10-14 23:00:00+00:00,7.4801573
2025-10-15 00:00:00+00:00,7.2614114999999995
2025-10-15 01:00:00+00:00,7.2943267
2025-10-15 02:00:00+00:00,7.3926754
2025-10-15 03:00:00+00:00,7.691370300000001
2025-10-15 04:00:00+00:00,8.6096354
2025-10-15 05:00:00+00:00,9.627561799999999
2025-10-15 06:00:00+00:00,9.934848
2025-10-15 07:00:00+00:00,9.688662999999998
2025-10-15 08:00:00+00:00,9.074990799999998
2025-10-15 09:00:00+00:00,8.6083185
2025-10-15 10:00:00+00:00,8.1289919
2025-10-15 11:00:00+00:00,7.8522847
2025-10-15 12:00:00+00:00,7.859298499999999
2025-10-15 13:00:00+00:00,8.006323
2025-10-15 14:00:00+00:00,8.2687962
2025-10-15 15:00:00+00:00,8.9972836
2025-10-15 16:00:00+00:00,9.6494512
2025-10-15 17:00:00+00:00,9.8103787
2025-10-15 18:00:00+00:00,9.4817201
2025-10-15 19:00:00+00:00,9.0262335
2025-10-15 20:00:00+00:00,8.713212799999999
2025-10-15 21:00:00+00:00,8.363253
2025-10-15 22:00:00+00:00,7.8188309
2025-10-15 23:00:00+00:00,7.508041400000001
2025-10-16 00:00:00+00:00,7.310911
2025-10-16 01:00:00+00:00,7.2536192
2025-10-16 02:00:00+00:00,7.315660899999999
2025-10-16 03:00:00+00:00,7.7706265000000005
2025-10-16 04:00:00+00:00,8.6957731
2025-10-16 05:00:00+00:00,9.653222099999999
2025-10-16 06:00:00+00:00,9.964538300000001
2025-10-16 07:00:00+00:00,9.5373894
2025-10-16 08:00:00+00:00,8.6655484
2025-10-16 09:00:00+00:00,8.0302614
2025-10-16 10:00:00+00:00,7.3362036
2025-10-16 11:00:00+00:00,7.2294497
2025-10-16 12:00:00+00:00,7.489030900000001
2025-10-16 13:00:00+00:00,7.9471474
2025-10-16 14:00:00+00:00,8.4674428
2025-10-16 15:00:00+00:00,9.326690900000001
2025-10-16 16:00:00+00:00,9.9936096
2025-10-16 17:00:00+00:00,10.199280100000001
2025-10-16 18:00:00+00:00,9.7746249
2025-10-16 19:00:00+00:00,9.215176800000002
2025-10-16 20:00:00+00:00,8.880436999999999
2025-10-16 21:00:00+00:00,8.5178564
2025-10-16 22:00:00+00:00,8.146636299999999
2025-10-16 23:00:00+00:00,7.7776675
2025-10-17 00:00:00+00:00,7.568136900000001
2025-10-17 01:00:00+00:00,7.5380801
2025-10-17 02:00:00+00:00,7.6658955
2025-10-17 03:00:00+00:00,8.0048965
2025-10-17 04:00:00+00:00,8.8873604
2025-10-17 05:00:00+00:00,9.9593787
2025-10-17 06:00:00+00:00,10.238145000000001
2025-10-17 07:00:00+00:00,9.9552007
2025-10-17 08:00:00+00:00,9.367964
2025-10-17 09:00:00+00:00,8.7093436
2025-10-17 10:00:00+00:00,8.069791600000002
2025-10-17 11:00:00+00:00,7.8810853000000005
2025-10-17 12:00:00+00:00,7.788807200000001
2025-10-17 13:00:00+00:00,8.0449981
2025-10-17 14:00:00+00:00,8.4622658
2025-10-17 15:00:00+00:00,9.2255279
2025-10-17 16:00:00+00:00,9.8281663
2025-10-17 17:00:00+00:00,9.8271957
2025-10-17 18:00:00+00:00,9.4182465
2025-10-17 19:00:00+00:00,8.954493199999998
2025-10-17 20:00:00+00:00,8.5888739
2025-10-17 21:00:00+00:00,8.166498599999999
2025-10-17 22:00:00+00:00,7.801334600000001
2025-10-17 23:00:00+00:00,7.46345
2025-10-18 00:00:00+00:00,7.279160200000001
2025-10-18 01:00:00+00:00,7.234303
2025-10-18 02:00:00+00:00,7.0734419
2025-10-18 03:00:00+00:00,7.0097137
2025-10-18 04:00:00+00:00,7.2326676
2025-10-18 05:00:00+00:00,7.5751305
2025-10-18 06:00:00+00:00,7.795246800000001
2025-10-18 07:00:00+00:00,7.530682999999999
2025-10-18 08:00:00+00:00,6.8376377
2025-10-18 09:00:00+00:00,5.989807000000001
2025-10-18 10:00:00+00:00,5.409609400000001
2025-10-18 11:00:00+00:00,5.0726535
2025-10-18 12:00:00+00:00,5.0518207
2025-10-18 13:00:00+00:00,5.860121299999999
2025-10-18 14:00:00+00:00,6.633122600000001
2025-10-18 15:00:00+00:00,7.598570700000001
2025-10-18 16:00:00+00:00,8.309097999999999
2025-10-18 17:00:00+00:00,8.2335236
2025-10-18 18:00:00+00:00,7.6387607
2025-10-18 19:00:00+00:00,7.100613599999999
2025-10-18 20:00:00+00:00,6.793865299999999
2025-10-18 21:00:00+00:00,6.4220744
2025-10-18 22:00:00+00:00,6.368754399999999
2025-10-18 23:00:00+00:00,6.139724599999999
2025-10-19 00:00:00+00:00,6.0546688
2025-10-19 01:00:00+00:00,5.7533254
2025-10-19 02:00:00+00:00,5.674803900000001
2025-10-19 03:00:00+00:00,5.683945
2025-10-19 04:00:00+00:00,5.8405006
2025-10-19 05:00:00+00:00,5.9894483
2025-10-19 06:00:00+00:00,6.1781971
2025-10-19 07:00:00+00:00,6.1537017
2025-10-19 08:00:00+00:00,5.8397760000000005
2025-10-19 09:00:00+00:00,5.828597100000001
2025-10-19 10:00:00+00:00,5.812886000000001
2025-10-19 11:00:00+00:00,5.842192000000002
2025-10-19 12:00:00+00:00,5.823909499999999
2025-10-19 13:00:00+00:00,5.533532800000001
2025-10-19 14:00:00+00:00,5.4869398
2025-10-19 15:00:00+00:00,5.8887846
2025-10-19 16:00:00+00:00,6.197091000000002
2025-10-19 17:00:00+00:00,6.1500369
2025-10-19 18:00:00+00:00,5.7031199
2025-10-19 19:00:00+00:00,5.1385697
2025-10-19 20:00:00+00:00,4.748087500000001
2025-10-19 21:00:00+00:00,4.402129000000001
2025-10-19 22:00:00+00:00,4.0648397
2025-10-19 23:00:00+00:00,3.7961645999999996
2025-10-20 00:00:00+00:00,3.8246506000000005
2025-10-20 01:00:00+00:00,3.972723700000001
2025-10-20 02:00:00+00:00,4.4800989
2025-10-20 03:00:00+00:00,5.218513700000001
2025-10-20 04:00:00+00:00,6.324768599999999
2025-10-20 05:00:00+00:00,7.401296800000001
2025-10-20 06:00:00+00:00,7.7973152
2025-10-20 07:00:00+00:00,7.4360257
2025-10-20 08:00:00+00:00,6.553775700000001
2025-10-20 09:00:00+00:00,5.8417517
2025-10-20 10:00:00+00:00,5.263537999999999
2025-10-20 11:00:00+00:00,4.916288100000001
2025-10-20 12:00:00+00:00,4.7089879
2025-10-20 13:00:00+00:00,4.9205723
2025-10-20 14:00:00+00:00,5.4751808
2025-10-20 15:00:00+00:00,6.2446337000000005
2025-10-20 16:00:00+00:00,6.9124149
2025-10-20 17:00:00+00:00,6.917343500000001
2025-10-20 18:00:00+00:00,6.2590627
2025-10-20 19:00:00+00:00,5.6055055
2025-10-20 20:00:00+00:00,5.2126909
2025-10-20 21:00:00+00:00,4.801392300000002
2025-10-20 22:00:00+00:00,4.456194100000001
2025-10-20 23:00:00+00:00,4.0579642
2025-10-21 00:00:00+00:00,3.842242400000001
2025-10-21 01:00:00+00:00,3.819973600000001
2025-10-21 02:00:00+00:00,3.8667509
2025-10-21 03:00:00+00:00,4.285136100000001
2025-10-21 04:00:00+00:00,5.1920594000000015
2025-10-21 05:00:00+00:00,6.2701574
2025-10-21 06:00:00+00:00,6.8096334
2025-10-21 07:00:00+00:00,6.829432
2025-10-21 08:00:00+00:00,6.3752277
2025-10-21 09:00:00+00:00,5.8004814
2025-10-21 10:00:00+00:00,5.091900600000001
2025-10-21 11:00:00+00:00,4.927423200000002
2025-10-21 12:00:00+00:00,4.8582833
2025-10-21 13:00:00+00:00,5.1877664999999995
2025-10-21 14:00:00+00:00,5.826413199999999
2025-10-21 15:00:00+00:00,6.782870900000002
2025-10-21 16:00:00+00:00,7.3907133
2025-10-21 17:00:00+00:00,7.575937399999999
2025-10-21 18:00:00+00:00,7.1834617000000005
2025-10-21 19:00:00+00:00,6.721740799999999
2025-10-21 20:00:00+00:00,6.355511600000001
2025-10-21 21:00:00+00:00,6.062136800000001
2025-10-21 22:00:00+00:00,5.7632484999999996
2025-10-21 23:00:00+00:00,5.7829515
2025-10-22 00:00:00+00:00,5.8198092
2025-10-22 01:00:00+00:00,5.9850116
2025-10-22 02:00:00+00:00,6.312118600000001
2025-10-22 03:00:00+00:00,6.840441500000001
2025-10-22 04:00:00+00:00,7.941592699999999
2025-10-22 05:00:00+00:00,9.174839299999999
2025-10-22 06:00:00+00:00,9.717741100000001
2025-10-22 07:00:00+00:00,9.458099500000001
2025-10-22 08:00:00+00:00,8.8619637
2025-10-22 09:00:00+00:00,8.2911203
2025-10-22 10:00:00+00:00,7.7060452
2025-10-22 11:00:00+00:00,7.5839612999999995
2025-10-22 12:00:00+00:00,7.5333317
2025-10-22 13:00:00+00:00,7.953900500000001
2025-10-22 14:00:00+00:00,8.613318699999999
2025-10-22 15:00:00+00:00,9.5652586
2025-10-22 16:00:00+00:00,10.217740000000001
2025-10-22 17:00:00+00:00,10.30362
2025-10-22 18:00:00+00:00,9.8247202
2025-10-22 19:00:00+00:00,9.082696199999999
2025-10-22 20:00:00+00:00,8.4055613
2025-10-22 21:00:00+00:00,7.655979799999999
2025-10-22 22:00:00+00:00,6.156180700000001
2025-10-22 23:00:00+00:00,5.166524
2025-10-23 00:00:00+00:00,4.4360329
2025-10-23 01:00:00+00:00,4.0980782
2025-10-23 02:00:00+00:00,4.121665900000001
2025-10-23 03:00:00+00:00,4.4553618
2025-10-23 04:00:00+00:00,5.3118964
2025-10-23 05:00:00+00:00,6.2204485
2025-10-23 06:00:00+00:00,6.587218400000001
2025-10-23 07:00:00+00:00,6.1113437
2025-10-23 08:00:00+00:00,5.5047497
2025-10-23 09:00:00+00:00,5.2465551
2025-10-23 10:00:00+00:00,4.9224002
2025-10-23 11:00:00+00:00,4.987581199999999
2025-10-23 12:00:00+00:00,5.2111972
2025-10-23 13:00:00+00:00,5.5372496
2025-10-23 14:00:00+00:00,6.033893099999999
2025-10-23 15:00:00+00:00,6.9103826
2025-10-23 16:00:00+00:00,7.235258699999999
2025-10-23 17:00:00+00:00,7.158213300000001
2025-10-23 18:00:00+00:00,6.527366000000001
2025-10-23 19:00:00+00:00,5.8340084
2025-10-23 20:00:00+00:00,5.458449900000001
2025-10-23 21:00:00+00:00,5.022511100000001
2025-10-23 22:00:00+00:00,4.3812648
2025-10-23 23:00:00+00:00,3.9698732000000003
2025-10-24 00:00:00+00:00,3.7665862000000003
2025-10-24 01:00:00+00:00,3.6390945
2025-10-24 02:00:00+00:00,3.7563318000000003
2025-10-24 03:00:00+00:00,4.2160998
2025-10-24 04:00:00+00:00,5.080406600000002
2025-10-24 05:00:00+00:00,6.1454202
2025-10-24 06:00:00+00:00,6.4793430999999995
2025-10-24 07:00:00+00:00,5.8705531
2025-10-24 08:00:00+00:00,4.7815253
2025-10-24 09:00:00+00:00,3.8936575000000007
2025-10-24 10:00:00+00:00,3.2443478
2025-10-24 11:00:00+00:00,3.2024081000000004
2025-10-24 12:00:00+00:00,3.334792900000001
2025-10-24 13:00:00+00:00,3.9900515000000016
2025-10-24 14:00:00+00:00,4.7643187
2025-10-24 15:00:00+00:00,5.732055899999999
2025-10-24 16:00:00+00:00,6.3927054000000005
2025-10-24 17:00:00+00:00,6.4314271000000005
2025-10-24 18:00:00+00:00,6.0385896
2025-10-24 19:00:00+00:00,5.556780099999999
2025-10-24 20:00:00+00:00,5.178376500000001
2025-10-24 21:00:00+00:00,4.842875699999999
2025-10-24 22:00:00+00:00,4.328903800000001
2025-10-24 23:00:00+00:00,3.977235
2025-10-25 00:00:00+00:00,3.8165626000000006
2025-10-25 01:00:00+00:00,3.820187400000001
2025-10-25 02:00:00+00:00,3.8315545
2025-10-25 03:00:00+00:00,3.8320756
2025-10-25 04:00:00+00:00,3.960421400000001
2025-10-25 05:00:00+00:00,4.365353400000001
2025-10-25 06:00:00+00:00,4.809861600000001
2025-10-25 07:00:00+00:00,5.124449800000002
2025-10-25 08:00:00+00:00,5.0652425
2025-10-25 09:00:00+00:00,4.9898833
2025-10-25 10:00:00+00:00,4.9836396999999995
2025-10-25 11:00:00+00:00,4.6578051
2025-10-25 12:00:00+00:00,4.4014819
2025-10-25 13:00:00+00:00,4.485030200000001
2025-10-25 14:00:00+00:00,4.988127200000001
2025-10-25 15:00:00+00:00,5.7888968
2025-10-25 16:00:00+00:00,6.579122
2025-10-25 17:00:00+00:00,6.7443137
2025-10-25 18:00:00+00:00,6.4251173
2025-10-25 19:00:00+00:00,5.939256
2025-10-25 20:00:00+00:00,5.601174
2025-10-25 21:00:00+00:00,5.243785300000001
2025-10-25 22:00:00+00:00,4.7770575
2025-10-25 23:00:00+00:00,4.4216958
2025-10-26 00:00:00+00:00,4.1489199
2025-10-26 01:00:00+00:00,4.1489199
2025-10-26 02:00:00+00:00,4.1270034
2025-10-26 03:00:00+00:00,4.085445999999999
2025-10-26 04:00:00+00:00,4.0270224
2025-10-26 05:00:00+00:00,4.189672099999999
2025-10-26 06:00:00+00:00,4.238920800000001
2025-10-26 07:00:00+00:00,4.024594800000001
2025-10-26 08:00:00+00:00,3.5260388999999996
2025-10-26 09:00:00+00:00,2.9138073999999996
2025-10-26 10:00:00+00:00,2.6181617999999993
2025-10-26 11:00:00+00:00,2.7345751000000007
2025-10-26 12:00:00+00:00,2.856640800000001
2025-10-26 13:00:00+00:00,2.9206634000000005
2025-10-26 14:00:00+00:00,3.6878040999999993
2025-10-26 15:00:00+00:00,4.7426943999999995
2025-10-26 16:00:00+00:00,5.517376299999999
2025-10-26 17:00:00+00:00,6.0061545
2025-10-26 18:00:00+00:00,6.176603600000002
2025-10-26 19:00:00+00:00,5.850128400000001
2025-10-26 20:00:00+00:00,5.418553400000001
2025-10-26 21:00:00+00:00,5.053483999999999
2025-10-26 22:00:00+00:00,4.703806500000001
2025-10-26 23:00:00+00:00,4.0476602
2025-10-27 00:00:00+00:00,3.6825398
2025-10-27 01:00:00+00:00,3.5653135000000007
2025-10-27 02:00:00+00:00,3.5209933000000007
2025-10-27 03:00:00+00:00,3.6968185000000005
2025-10-27 04:00:00+00:00,4.0926901
2025-10-27 05:00:00+00:00,5.091082999999999
2025-10-27 06:00:00+00:00,6.102418999999999
2025-10-27 07:00:00+00:00,6.014836999999999
2025-10-27 08:00:00+00:00,5.5136658
2025-10-27 09:00:00+00:00,4.9096709
2025-10-27 10:00:00+00:00,4.627348199999998
2025-10-27 11:00:00+00:00,4.400360900000002
2025-10-27 12:00:00+00:00,4.399481200000001
2025-10-27 13:00:00+00:00,4.6022602
2025-10-27 14:00:00+00:00,5.3055281
2025-10-27 15:00:00+00:00,6.2661526
2025-10-27 16:00:00+00:00,7.1847978
2025-10-27 17:00:00+00:00,7.942328999999999
2025-10-27 18:00:00+00:00,8.265356100000002
2025-10-27 19:00:00+00:00,7.962211700000001
2025-10-27 20:00:00+00:00,7.4973436
2025-10-27 21:00:00+00:00,7.0794775
2025-10-27 22:00:00+00:00,6.639225100000001
2025-10-27 23:00:00+00:00,6.091529800000001
2025-10-28 00:00:00+00:00,5.4706165
2025-10-28 01:00:00+00:00,4.9578054
2025-10-28 02:00:00+00:00,4.3979804
2025-10-28 03:00:00+00:00,4.0544505
2025-10-28 04:00:00+00:00,4.259091700000001
2025-10-28 05:00:00+00:00,5.0509497
2025-10-28 06:00:00+00:00,5.916024800000001
2025-10-28 07:00:00+00:00,6.2625139
2025-10-28 08:00:00+00:00,6.2116107
2025-10-28 09:00:00+00:00,5.742122499999999
2025-10-28 10:00:00+00:00,5.227544099999999
2025-10-28 11:00:00+00:00,4.7864202
2025-10-28 12:00:00+00:00,4.7722971
2025-10-28 13:00:00+00:00,5.0847344
2025-10-28 14:00:00+00:00,5.8382679
2025-10-28 15:00:00+00:00,6.586278100000001
2025-10-28 16:00:00+00:00,7.257644000000001
2025-10-28 17:00:00+00:00,7.5626581999999996
2025-10-28 18:00:00+00:00,7.727422599999999
2025-10-28 19:00:00+00:00,7.185097900000001
2025-10-28 20:00:00+00:00,6.8089655
2025-10-28 21:00:00+00:00,6.533731899999999
2025-10-28 22:00:00+00:00,6.173253299999999
2025-10-28 23:00:00+00:00,5.985553800000002
2025-10-29 00:00:00+00:00,5.8168790999999995
2025-10-29 01:00:00+00:00,5.624018400000001
2025-10-29 02:00:00+00:00,5.4907705
2025-10-29 03:00:00+00:00,5.4663597
2025-10-29 04:00:00+00:00,5.6667632
2025-10-29 05:00:00+00:00,6.4604473
2025-10-29 06:00:00+00:00,7.442674200000001
2025-10-29 07:00:00+00:00,7.597776399999999
2025-10-29 08:00:00+00:00,7.384405200000002
2025-10-29 09:00:00+00:00,7.1047484
2025-10-29 10:00:00+00:00,6.8902651
2025-10-29 11:00:00+00:00,6.8703520000000005
2025-10-29 12:00:00+00:00,7.1974055
2025-10-29 13:00:00+00:00,7.5431966
2025-10-29 14:00:00+00:00,7.915210199999999
2025-10-29 15:00:00+00:00,8.2264518
2025-10-29 16:00:00+00:00,8.4873627
2025-10-29 17:00:00+00:00,8.799226399999998
2025-10-29 18:00:00+00:00,9.076502
2025-10-29 19:00:00+00:00,8.6447086
2025-10-29 20:00:00+00:00,8.030026600000001
2025-10-29 21:00:00+00:00,7.409577600000002
2025-10-29 22:00:00+00:00,6.8179300000000005
2025-10-29 23:00:00+00:00,5.5141957
2025-10-30 00:00:00+00:00,4.911214599999999
2025-10-30 01:00:00+00:00,4.624604000000001
2025-10-30 02:00:00+00:00,4.484467200000001
2025-10-30 03:00:00+00:00,4.6459072
2025-10-30 04:00:00+00:00,5.0657739
2025-10-30 05:00:00+00:00,6.005480500000001
2025-10-30 06:00:00+00:00,7.156072299999999
2025-10-30 07:00:00+00:00,6.9308053
2025-10-30 08:00:00+00:00,6.1611804
2025-10-30 09:00:00+00:00,5.2366109000000005
2025-10-30 10:00:00+00:00,4.9139316
2025-10-30 11:00:00+00:00,5.007462399999999
2025-10-30 12:00:00+00:00,5.7727337
2025-10-30 13:00:00+00:00,6.825179300000001
2025-10-30 14:00:00+00:00,8.1249854
2025-10-30 15:00:00+00:00,9.191649300000002
2025-10-30 16:00:00+00:00,9.8342771
2025-10-30 17:00:00+00:00,9.840546699999999
2025-10-30 18:00:00+00:00,9.4418945
2025-10-30 19:00:00+00:00,8.548388800000001
2025-10-30 20:00:00+00:00,7.6740507000000004
2025-10-30 21:00:00+00:00,7.133258500000002
2025-10-30 22:00:00+00:00,6.4601443
2025-10-30 23:00:00+00:00,5.455521
2025-10-31 00:00:00+00:00,5.0242509
2025-10-31 01:00:00+00:00,4.7564123
2025-10-31 02:00:00+00:00,4.689333899999999
2025-10-31 03:00:00+00:00,4.6475726
2025-10-31 04:00:00+00:00,4.9671354999999995
2025-10-31 05:00:00+00:00,5.876026900000001
2025-10-31 06:00:00+00:00,6.892583100000001
2025-10-31 07:00:00+00:00,6.837098500000001
2025-10-31 08:00:00+00:00,6.584856
2025-10-31 09:00:00+00:00,6.182569999999999
2025-10-31 10:00:00+00:00,6.063109200000001
2025-10-31 11:00:00+00:00,5.9304329
2025-10-31 12:00:00+00:00,6.1341293
2025-10-31 13:00:00+00:00,6.362958100000001
2025-10-31 14:00:00+00:00,6.6693871
2025-10-31 15:00:00+00:00,6.8284037
2025-10-31 16:00:00+00:00,6.861967
2025-10-31 17:00:00+00:00,6.8620532
2025-10-31 18:00:00+00:00,6.707507300000001
2025-10-31 19:00:00+00:00,6.200079900000001
2025-10-31 20:00:00+00:00,5.8367346000000015
2025-10-31 21:00:00+00:00,5.535032800000001
2025-10-31 22:00:00+00:00,5.2244153
2025-10-31 23:00:00+00:00,4.742424500000001
2025-11-01 00:00:00+00:00,3.6296765000000004
2025-11-01 01:00:00+00:00,3.4645607000000003
2025-11-01 02:00:00+00:00,3.3748275000000003
2025-11-01 03:00:00+00:00,3.3159069999999997
2025-11-01 04:00:00+00:00,3.3466318
2025-11-01 05:00:00+00:00,3.5814256
2025-11-01 06:00:00+00:00,3.8600851
2025-11-01 07:00:00+00:00,4.1466506999999995
2025-11-01 08:00:00+00:00,4.3635758
2025-11-01 09:00:00+00:00,4.456714200000001
2025-11-01 10:00:00+00:00,4.6498200999999995
2025-11-01 11:00:00+00:00,4.5788621
2025-11-01 12:00:00+00:00,4.3652898
2025-11-01 13:00:00+00:00,4.3235987
2025-11-01 14:00:00+00:00,4.5958472000000015
2025-11-01 15:00:00+00:00,5.355379300000001
2025-11-01 16:00:00+00:00,6.314432699999999
2025-11-01 17:00:00+00:00,6.775862
2025-11-01 18:00:00+00:00,6.650334200000001
2025-11-01 19:00:00+00:00,6.2571219
2025-11-01 20:00:00+00:00,5.82546
2025-11-01 21:00:00+00:00,5.53083
2025-11-01 22:00:00+00:00,5.2560065
2025-11-01 23:00:00+00:00,4.873905800000001
2025-11-02 00:00:00+00:00,4.8945092
2025-11-02 01:00:00+00:00,4.875878500000001
2025-11-02 02:00:00+00:00,4.8611469
2025-11-02 03:00:00+00:00,4.9548983
2025-11-02 04:00:00+00:00,5.0812067999999995
2025-11-02 05:00:00+00:00,5.270851200000001
2025-11-02 06:00:00+00:00,5.485786
2025-11-02 07:00:00+00:00,5.183825
2025-11-02 08:00:00+00:00,4.705204200000001
2025-11-02 09:00:00+00:00,4.2553865
2025-11-02 10:00:00+00:00,4.036798600000001
2025-11-02 11:00:00+00:00,4.3546941
2025-11-02 12:00:00+00:00,4.7138369
2025-11-02 13:00:00+00:00,5.112162200000001
2025-11-02 14:00:00+00:00,5.497939499999999
2025-11-02 15:00:00+00:00,6.162544499999999
2025-11-02 16:00:00+00:00,6.6965306
2025-11-02 17:00:00+00:00,7.145618299999999
2025-11-02 18:00:00+00:00,7.4217452999999995
2025-11-02 19:00:00+00:00,7.2841811
2025-11-02 20:00:00+00:00,6.9880262
2025-11-02 21:00:00+00:00,6.6153812
2025-11-02 22:00:00+00:00,6.443136999999999
2025-11-02 23:00:00+00:00,6.151682500000001
2025-11-03 00:00:00+00:00,5.715258400000001
2025-11-03 01:00:00+00:00,5.418884
2025-11-03 02:00:00+00:00,5.2953913
2025-11-03 03:00:00+00:00,5.2455756000000004
2025-11-03 04:00:00+00:00,5.690219600000001
2025-11-03 05:00:00+00:00,6.5420501
2025-11-03 06:00:00+00:00,7.3101115
2025-11-03 07:00:00+00:00,7.156192300000001
2025-11-03 08:00:00+00:00,6.578241299999999
2025-11-03 09:00:00+00:00,5.8259538
2025-11-03 10:00:00+00:00,5.3933621
2025-11-03 11:00:00+00:00,5.071485000000001
2025-11-03 12:00:00+00:00,5.1622151999999994
2025-11-03 13:00:00+00:00,5.499934100000001
2025-11-03 14:00:00+00:00,6.107878100000001
2025-11-03 15:00:00+00:00,6.7667511000000005
2025-11-03 16:00:00+00:00,7.511892999999999
2025-11-03 17:00:00+00:00,7.6387803000000005
2025-11-03 18:00:00+00:00,7.185592000000001
2025-11-03 19:00:00+00:00,6.6002832
2025-11-03 20:00:00+00:00,6.0069203
2025-11-03 21:00:00+00:00,5.777033900000001
2025-11-03 22:00:00+00:00,5.507098700000001
2025-11-03 23:00:00+00:00,4.937992899999999
2025-11-04 00:00:00+00:00,4.635031400000001
2025-11-04 01:00:00+00:00,4.565787
2025-11-04 02:00:00+00:00,4.5637388
2025-11-04 03:00:00+00:00,4.763109399999999
2025-11-04 04:00:00+00:00,5.1366867
2025-11-04 05:00:00+00:00,6.0178265
2025-11-04 06:00:00+00:00,6.730092300000001
2025-11-04 07:00:00+00:00,6.7867838
2025-11-04 08:00:00+00:00,6.2837423999999995
2025-11-04 09:00:00+00:00,5.5631127000000005
2025-11-04 10:00:00+00:00,5.180431
2025-11-04 11:00:00+00:00,5.356245000000001
2025-11-04 12:00:00+00:00,5.628304900000002
2025-11-04 13:00:00+00:00,5.852376800000001
2025-11-04 14:00:00+00:00,6.5127185999999995
2025-11-04 15:00:00+00:00,7.282598600000001
2025-11-04 16:00:00+00:00,7.746212199999999
2025-11-04 17:00:00+00:00,7.862294800000001
2025-11-04 18:00:00+00:00,7.3890686
2025-11-04 19:00:00+00:00,6.8540763999999985
2025-11-04 20:00:00+00:00,6.4109309
2025-11-04 21:00:00+00:00,5.992961600000001
2025-11-04 22:00:00+00:00,5.6931004000000005
2025-11-04 23:00:00+00:00,5.0681812
2025-11-05 00:00:00+00:00,5.0972183000000015
2025-11-05 01:00:00+00:00,4.9264261000000005
2025-11-05 02:00:00+00:00,4.949754200000001
2025-11-05 03:00:00+00:00,5.168415599999999
2025-11-05 04:00:00+00:00,5.7896593
2025-11-05 05:00:00+00:00,6.7311336000000015
2025-11-05 06:00:00+00:00,7.4107918
2025-11-05 07:00:00+00:00,7.328600700000001
2025-11-05 08:00:00+00:00,6.5129453
2025-11-05 09:00:00+00:00,5.471496
2025-11-05 10:00:00+00:00,4.7242368
2025-11-05 11:00:00+00:00,4.5013932
2025-11-05 12:00:00+00:00,4.839347600000001
2025-11-05 13:00:00+00:00,5.5989758
2025-11-05 14:00:00+00:00,6.7173558
2025-11-05 15:00:00+00:00,7.5032523
2025-11-05 16:00:00+00:00,8.2546903
2025-11-05 17:00:00+00:00,8.5644375
2025-11-05 18:00:00+00:00,8.2312575
2025-11-05 19:00:00+00:00,7.7308059
2025-11-05 20:00:00+00:00,7.1272714000000015
2025-11-05 21:00:00+00:00,6.789926899999999
2025-11-05 22:00:00+00:00,6.564158999999999
2025-11-05 23:00:00+00:00,6.5230833
2025-11-06 00:00:00+00:00,6.0565778
2025-11-06 01:00:00+00:00,6.070657199999999
2025-11-06 02:00:00+00:00,6.095636000000001
2025-11-06 03:00:00+00:00,6.4884641
2025-11-06 04:00:00+00:00,7.0679561
2025-11-06 05:00:00+00:00,7.995891100000001
2025-11-06 06:00:00+00:00,8.8377294
2025-11-06 07:00:00+00:00,9.103103299999999
2025-11-06 08:00:00+00:00,8.700297
2025-11-06 09:00:00+00:00,8.001231
2025-11-06 10:00:00+00:00,7.603687899999999
2025-11-06 11:00:00+00:00,7.3745659
2025-11-06 12:00:00+00:00,7.5116779000000005
2025-11-06 13:00:00+00:00,7.936820000000001
2025-11-06 14:00:00+00:00,8.7359009
2025-11-06 15:00:00+00:00,9.753654
2025-11-06 16:00:00+00:00,10.590777000000001
2025-11-06 17:00:00+00:00,10.6622834
2025-11-06 18:00:00+00:00,9.972177199999999
2025-11-06 19:00:00+00:00,9.1939057
2025-11-06 20:00:00+00:00,8.734912600000001
2025-11-06 21:00:00+00:00,8.5766034
2025-11-06 22:00:00+00:00,8.2832006
2025-11-06 23:00:00+00:00,7.743913199999999
2025-11-07 00:00:00+00:00,7.383544999999999
2025-11-07 01:00:00+00:00,7.2633063
2025-11-07 02:00:00+00:00,7.1561935
2025-11-07 03:00:00+00:00,7.3708414
2025-11-07 04:00:00+00:00,7.9428997
2025-11-07 05:00:00+00:00,8.6725251
2025-11-07 06:00:00+00:00,9.1942763
2025-11-07 07:00:00+00:00,8.9707769
2025-11-07 08:00:00+00:00,7.9858741
2025-11-07 09:00:00+00:00,6.843387100000001
2025-11-07 10:00:00+00:00,6.0293831
2025-11-07 11:00:00+00:00,5.657990500000002
2025-11-07 12:00:00+00:00,5.933424100000001
2025-11-07 13:00:00+00:00,6.7941904
2025-11-07 14:00:00+00:00,7.8289634
2025-11-07 15:00:00+00:00,8.753207799999998
2025-11-07 16:00:00+00:00,9.2845565
2025-11-07 17:00:00+00:00,9.1381908
2025-11-07 18:00:00+00:00,8.5931149
2025-11-07 19:00:00+00:00,8.14864
2025-11-07 20:00:00+00:00,7.847341699999999
2025-11-07 21:00:00+00:00,7.6766293
2025-11-07 22:00:00+00:00,7.228904300000001
2025-11-07 23:00:00+00:00,7.5137365
2025-11-08 00:00:00+00:00,7.2392631000000005
2025-11-08 01:00:00+00:00,7.112881300000001
2025-11-08 02:00:00+00:00,7.0281309
2025-11-08 03:00:00+00:00,6.9851966
2025-11-08 04:00:00+00:00,7.0577681000000005
2025-11-08 05:00:00+00:00,7.4513961
2025-11-08 06:00:00+00:00,8.0388278
2025-11-08 07:00:00+00:00,8.2030641
2025-11-08 08:00:00+00:00,7.691592300000001
2025-11-08 09:00:00+00:00,7.0658159000000005
2025-11-08 10:00:00+00:00,6.700381700000001
2025-11-08 11:00:00+00:00,6.4755511
2025-11-08 12:00:00+00:00,6.632641700000001
2025-11-08 13:00:00+00:00,7.3453026
2025-11-08 14:00:00+00:00,8.1758256
2025-11-08 15:00:00+00:00,8.893738599999999
2025-11-08 16:00:00+00:00,9.3791992
2025-11-08 17:00:00+00:00,9.3506797
2025-11-08 18:00:00+00:00,8.7320468
2025-11-08 19:00:00+00:00,8.4179071
2025-11-08 20:00:00+00:00,8.197276
2025-11-08 21:00:00+00:00,7.994280100000001
2025-11-08 22:00:00+00:00,7.6528098
2025-11-08 23:00:00+00:00,7.3247858
2025-11-09 00:00:00+00:00,6.8833119
2025-11-09 01:00:00+00:00,6.7383666
2025-11-09 02:00:00+00:00,6.7185208
2025-11-09 03:00:00+00:00,6.6984219000000005
2025-11-09 04:00:00+00:00,6.872389
2025-11-09 05:00:00+00:00,7.144358
2025-11-09 06:00:00+00:00,7.4842886
2025-11-09 07:00:00+00:00,7.589259799999999
2025-11-09 08:00:00+00:00,7.2807478
2025-11-09 09:00:00+00:00,6.750504100000001
2025-11-09 10:00:00+00:00,6.3878258
2025-11-09 11:00:00+00:00,5.974426600000001
2025-11-09 12:00:00+00:00,5.7591354
2025-11-09 13:00:00+00:00,6.158034599999999
2025-11-09 14:00:00+00:00,7.0003101999999995
2025-11-09 15:00:00+00:00,8.1008669
2025-11-09 16:00:00+00:00,9.041740299999999
2025-11-09 17:00:00+00:00,9.0980597
2025-11-09 18:00:00+00:00,8.5957925
2025-11-09 19:00:00+00:00,8.0848406
2025-11-09 20:00:00+00:00,7.4892384
2025-11-09 21:00:00+00:00,7.0753617
2025-11-09 22:00:00+00:00,6.7737471000000005
2025-11-09 23:00:00+00:00,6.2568454000000004
2025-11-10 00:00:00+00:00,6.1319977
2025-11-10 01:00:00+00:00,5.752582000000001
2025-11-10 02:00:00+00:00,5.5745809
2025-11-10 03:00:00+00:00,5.5019294
2025-11-10 04:00:00+00:00,5.6726531
2025-11-10 05:00:00+00:00,6.181468199999999
2025-11-10 06:00:00+00:00,6.6565201
2025-11-10 07:00:00+00:00,6.688204000000001
2025-11-10 08:00:00+00:00,6.1122507
2025-11-10 09:00:00+00:00,5.492587900000001
2025-11-10 10:00:00+00:00,5.2149423
2025-11-10 11:00:00+00:00,5.1948672
2025-11-10 12:00:00+00:00,5.542607199999999
2025-11-10 13:00:00+00:00,6.005349700000001
2025-11-10 14:00:00+00:00,6.387305600000001
2025-11-10 15:00:00+00:00,6.6341053
2025-11-10 16:00:00+00:00,7.1069365
2025-11-10 17:00:00+00:00,7.195017699999999
2025-11-10 18:00:00+00:00,6.8160146
2025-11-10 19:00:00+00:00,6.269711900000001
2025-11-10 20:00:00+00:00,5.7527629000000005
2025-11-10 21:00:00+00:00,5.542663
2025-11-10 22:00:00+00:00,5.4024417
2025-11-10 23:00:00+00:00,5.004497000000001
2025-11-11 00:00:00+00:00,4.19174
2025-11-11 01:00:00+00:00,4.167112400000001
2025-11-11 02:00:00+00:00,4.239016100000001
2025-11-11 03:00:00+00:00,4.3839765
2025-11-11 04:00:00+00:00,4.5813028
2025-11-11 05:00:00+00:00,5.062565
2025-11-11 06:00:00+00:00,5.610478199999999
2025-11-11 07:00:00+00:00,5.4969117
2025-11-11 08:00:00+00:00,4.8546046
2025-11-11 09:00:00+00:00,4.5723737
2025-11-11 10:00:00+00:00,4.6548978000000005
2025-11-11 11:00:00+00:00,4.5937672
2025-11-11 12:00:00+00:00,4.391113800000001
2025-11-11 13:00:00+00:00,4.6898096
2025-11-11 14:00:00+00:00,5.2745861000000005
2025-11-11 15:00:00+00:00,5.946963199999999
2025-11-11 16:00:00+00:00,6.363995
2025-11-11 17:00:00+00:00,6.3112875
2025-11-11 18:00:00+00:00,5.917717699999999
2025-11-11 19:00:00+00:00,5.4824503
2025-11-11 20:00:00+00:00,5.008035499999999
2025-11-11 21:00:00+00:00,4.690159800000001
2025-11-11 22:00:00+00:00,4.4437944
2025-11-11 23:00:00+00:00,4.227134600000001
2025-11-12 00:00:00+00:00,3.945413
2025-11-12 01:00:00+00:00,3.5868512999999997
2025-11-12 02:00:00+00:00,3.6453366
2025-11-12 03:00:00+00:00,3.9673524000000002
2025-11-12 04:00:00+00:00,4.6896544
2025-11-12 05:00:00+00:00,5.9431069999999995
2025-11-12 06:00:00+00:00,6.6353607
2025-11-12 07:00:00+00:00,6.666875300000001
2025-11-12 08:00:00+00:00,5.866166300000001
2025-11-12 09:00:00+00:00,4.8034605
2025-11-12 10:00:00+00:00,4.2733326
2025-11-12 11:00:00+00:00,4.012766899999999
2025-11-12 12:00:00+00:00,4.3151479
2025-11-12 13:00:00+00:00,4.8294426999999995
2025-11-12 14:00:00+00:00,5.754661899999999
2025-11-12 15:00:00+00:00,6.657402299999999
2025-11-12 16:00:00+00:00,7.422093800000001
2025-11-12 17:00:00+00:00,7.5882162
2025-11-12 18:00:00+00:00,7.1230003
2025-11-12 19:00:00+00:00,6.6390388
2025-11-12 20:00:00+00:00,6.0079725
2025-11-12 21:00:00+00:00,5.557922100000001
2025-11-12 22:00:00+00:00,5.160137300000001
2025-11-12 23:00:00+00:00,4.370897
2025-11-13 00:00:00+00:00,3.983996800000001
2025-11-13 01:00:00+00:00,3.9985746000000004
2025-11-13 02:00:00+00:00,3.9412024000000003
2025-11-13 03:00:00+00:00,4.2985638
2025-11-13 04:00:00+00:00,4.969399299999999
2025-11-13 05:00:00+00:00,5.946830199999999
2025-11-13 06:00:00+00:00,6.9785807
2025-11-13 07:00:00+00:00,7.4955584
2025-11-13 08:00:00+00:00,7.3099595
2025-11-13 09:00:00+00:00,6.8646006999999996
2025-11-13 10:00:00+00:00,6.7567418
2025-11-13 11:00:00+00:00,6.730907299999999
2025-11-13 12:00:00+00:00,7.0562507000000005
2025-11-13 13:00:00+00:00,7.640184600000001
2025-11-13 14:00:00+00:00,8.4784881
2025-11-13 15:00:00+00:00,9.4426679
2025-11-13 16:00:00+00:00,10.299765999999998
2025-11-13 17:00:00+00:00,10.5846788
2025-11-13 18:00:00+00:00,9.9444826
2025-11-13 19:00:00+00:00,9.1669175
2025-11-13 20:00:00+00:00,8.641083499999999
2025-11-13 21:00:00+00:00,8.3661155
2025-11-13 22:00:00+00:00,8.049346300000002
2025-11-13 23:00:00+00:00,7.2994136
2025-11-14 00:00:00+00:00,6.7592185
2025-11-14 01:00:00+00:00,6.5449612
2025-11-14 02:00:00+00:00,6.3371826
2025-11-14 03:00:00+00:00,6.3614783
2025-11-14 04:00:00+00:00,6.766532700000001
2025-11-14 05:00:00+00:00,7.5482247
2025-11-14 06:00:00+00:00,8.305607300000002
2025-11-14 07:00:00+00:00,8.635030200000001
2025-11-14 08:00:00+00:00,8.7156761
2025-11-14 09:00:00+00:00,8.5571449
2025-11-14 10:00:00+00:00,8.388097600000002
2025-11-14 11:00:00+00:00,8.1674079
2025-11-14 12:00:00+00:00,8.0185897
2025-11-14 13:00:00+00:00,7.974113900000001
2025-11-14 14:00:00+00:00,7.973312800000001
2025-11-14 15:00:00+00:00,8.2654421
2025-11-14 16:00:00+00:00,8.5424628
2025-11-14 17:00:00+00:00,8.2350817
2025-11-14 18:00:00+00:00,7.5538968
2025-11-14 19:00:00+00:00,7.155411200000001
2025-11-14 20:00:00+00:00,6.711437599999999
2025-11-14 21:00:00+00:00,6.482803
2025-11-14 22:00:00+00:00,6.2977962000000005
2025-11-14 23:00:00+00:00,6.814485299999999
2025-11-15 00:00:00+00:00,6.5754907000000005
2025-11-15 01:00:00+00:00,6.4669541
2025-11-15 02:00:00+00:00,6.521695800000001
2025-11-15 03:00:00+00:00,6.5242894
2025-11-15 04:00:00+00:00,6.7251667
2025-11-15 05:00:00+00:00,7.1872443
2025-11-15 06:00:00+00:00,7.668657499999999
2025-11-15 07:00:00+00:00,8.062291700000001
2025-11-15 08:00:00+00:00,8.2325763
2025-11-15 09:00:00+00:00,8.0646143
2025-11-15 10:00:00+00:00,7.8391261
2025-11-15 11:00:00+00:00,7.7155101
2025-11-15 12:00:00+00:00,7.730282699999999
2025-11-15 13:00:00+00:00,7.989089400000001
2025-11-15 14:00:00+00:00,8.529615500000002
2025-11-15 15:00:00+00:00,9.0367597
2025-11-15 16:00:00+00:00,9.651714799999999
2025-11-15 17:00:00+00:00,9.689736400000001
2025-11-15 18:00:00+00:00,9.196743999999999
2025-11-15 19:00:00+00:00,8.7222075
2025-11-15 20:00:00+00:00,8.406608799999999
2025-11-15 21:00:00+00:00,8.1716855
2025-11-15 22:00:00+00:00,7.928798
2025-11-15 23:00:00+00:00,7.43725
2025-11-16 00:00:00+00:00,7.0340242
2025-11-16 01:00:00+00:00,6.755962500000001
2025-11-16 02:00:00+00:00,6.6462755
2025-11-16 03:00:00+00:00,6.6260659
2025-11-16 04:00:00+00:00,6.7271431
2025-11-16 05:00:00+00:00,6.8988271999999995
2025-11-16 06:00:00+00:00,7.0818491
2025-11-16 07:00:00+00:00,7.3209999
2025-11-16 08:00:00+00:00,7.4996569
2025-11-16 09:00:00+00:00,7.5438843
2025-11-16 10:00:00+00:00,7.6636120000000005
2025-11-16 11:00:00+00:00,7.605956200000001
2025-11-16 12:00:00+00:00,7.3411051
2025-11-16 13:00:00+00:00,7.133648900000001
2025-11-16 14:00:00+00:00,7.1458582999999996
2025-11-16 15:00:00+00:00,7.3593283000000005
2025-11-16 16:00:00+00:00,7.8508321
2025-11-16 17:00:00+00:00,7.971069000000002
2025-11-16 18:00:00+00:00,7.714136600000001
2025-11-16 19:00:00+00:00,7.5362558
2025-11-16 20:00:00+00:00,7.2994409000000005
2025-11-16 21:00:00+00:00,7.0699883
2025-11-16 22:00:00+00:00,7.0221198
2025-11-16 23:00:00+00:00,6.959327
2025-11-17 00:00:00+00:00,6.5843479
2025-11-17 01:00:00+00:00,6.0324142
2025-11-17 02:00:00+00:00,5.6499165
2025-11-17 03:00:00+00:00,5.423477999999999
2025-11-17 04:00:00+00:00,5.7243262999999995
2025-11-17 05:00:00+00:00,6.538568100000001
2025-11-17 06:00:00+00:00,7.263535300000001
2025-11-17 07:00:00+00:00,7.556044899999999
2025-11-17 08:00:00+00:00,7.019644600000001
2025-11-17 09:00:00+00:00,6.0924374
2025-11-17 10:00:00+00:00,5.189531000000002
2025-11-17 11:00:00+00:00,4.597509700000001
2025-11-17 12:00:00+00:00,4.7884281
2025-11-17 13:00:00+00:00,5.595008099999999
2025-11-17 14:00:00+00:00,6.904726000000001
2025-11-17 15:00:00+00:00,8.027545700000001
2025-11-17 16:00:00+00:00,8.882113999999998
2025-11-17 17:00:00+00:00,9.3276057
2025-11-17 18:00:00+00:00,9.3668881
2025-11-17 19:00:00+00:00,9.0177452
2025-11-17 20:00:00+00:00,8.561965299999999
2025-11-17 21:00:00+00:00,8.410187900000002
2025-11-17 22:00:00+00:00,8.2069473
2025-11-17 23:00:00+00:00,7.9420266999999996
2025-11-18 00:00:00+00:00,7.531573799999999
2025-11-18 01:00:00+00:00,7.2684385
2025-11-18 02:00:00+00:00,7.130949599999999
2025-11-18 03:00:00+00:00,7.2064186
2025-11-18 04:00:00+00:00,7.5680034
2025-11-18 05:00:00+00:00,8.3473665
2025-11-18 06:00:00+00:00,9.058335099999999
2025-11-18 07:00:00+00:00,9.1612638
2025-11-18 08:00:00+00:00,8.6630884
2025-11-18 09:00:00+00:00,8.0475609
2025-11-18 10:00:00+00:00,7.805653500000002
2025-11-18 11:00:00+00:00,7.7481603
2025-11-18 12:00:00+00:00,7.811918400000001
2025-11-18 13:00:00+00:00,7.933280100000001
2025-11-18 14:00:00+00:00,8.4169383
2025-11-18 15:00:00+00:00,9.244462
2025-11-18 16:00:00+00:00,9.804749199999998
2025-11-18 17:00:00+00:00,9.8253335
2025-11-18 18:00:00+00:00,9.2323835
2025-11-18 19:00:00+00:00,8.483693400000002
2025-11-18 20:00:00+00:00,7.7334835
2025-11-18 21:00:00+00:00,7.2466905
2025-11-18 22:00:00+00:00,6.775476100000001
2025-11-18 23:00:00+00:00,5.760473600000001
2025-11-19 00:00:00+00:00,5.490502600000001
2025-11-19 01:00:00+00:00,5.3151087
2025-11-19 02:00:00+00:00,5.3103061
2025-11-19 03:00:00+00:00,5.480856000000001
2025-11-19 04:00:00+00:00,5.958438000000001
2025-11-19 05:00:00+00:00,6.8669785
2025-11-19 06:00:00+00:00,7.757859400000001
2025-11-19 07:00:00+00:00,8.2944093
2025-11-19 08:00:00+00:00,8.313226799999999
2025-11-19 09:00:00+00:00,7.850908199999999
2025-11-19 10:00:00+00:00,7.5620142999999995
2025-11-19 11:00:00+00:00,7.222748600000002
2025-11-19 12:00:00+00:00,7.1285522
2025-11-19 13:00:00+00:00,7.005626600000001
2025-11-19 14:00:00+00:00,7.077903599999999
2025-11-19 15:00:00+00:00,7.3523665000000005
2025-11-19 16:00:00+00:00,8.057036400000001
2025-11-19 17:00:00+00:00,8.3851633
2025-11-19 18:00:00+00:00,8.018266700000002
2025-11-19 19:00:00+00:00,7.6860215
2025-11-19 20:00:00+00:00,7.3615113999999995
2025-11-19 21:00:00+00:00,7.132892200000001
2025-11-19 22:00:00+00:00,6.976701
2025-11-19 23:00:00+00:00,6.3870954
2025-11-20 00:00:00+00:00,6.1466999
2025-11-20 01:00:00+00:00,6.1364418
2025-11-20 02:00:00+00:00,6.0546410999999996
2025-11-20 03:00:00+00:00,6.242370299999999
2025-11-20 04:00:00+00:00,6.694306700000001
2025-11-20 05:00:00+00:00,7.484480400000001
2025-11-20 06:00:00+00:00,8.4435462
2025-11-20 07:00:00+00:00,8.864350200000002
2025-11-20 08:00:00+00:00,8.6844233
2025-11-20 09:00:00+00:00,8.1665639
2025-11-20 10:00:00+00:00,7.952677700000001
2025-11-20 11:00:00+00:00,7.626914700000001
2025-11-20 12:00:00+00:00,7.637282400000001
2025-11-20 13:00:00+00:00,7.840260100000001
2025-11-20 14:00:00+00:00,8.2284043
2025-11-20 15:00:00+00:00,8.8308799
2025-11-20 16:00:00+00:00,9.4168285
2025-11-20 17:00:00+00:00,9.5182144
2025-11-20 18:00:00+00:00,9.3051553
2025-11-20 19:00:00+00:00,8.8670048
2025-11-20 20:00:00+00:00,8.4903885
2025-11-20 21:00:00+00:00,8.272341699999998
2025-11-20 22:00:00+00:00,8.061565
2025-11-20 23:00:00+00:00,7.9068352
2025-11-21 00:00:00+00:00,7.5991529
2025-11-21 01:00:00+00:00,7.364347599999999
2025-11-21 02:00:00+00:00,7.2637051
2025-11-21 03:00:00+00:00,7.277997800000001
2025-11-21 04:00:00+00:00,7.605795500000001
2025-11-21 05:00:00+00:00,8.3584705
2025-11-21 06:00:00+00:00,9.2785897
2025-11-21 07:00:00+00:00,9.738887
2025-11-21 08:00:00+00:00,9.696325
2025-11-21 09:00:00+00:00,9.1706343
2025-11-21 10:00:00+00:00,8.537233
2025-11-21 11:00:00+00:00,8.053736
2025-11-21 12:00:00+00:00,8.005821899999999
2025-11-21 13:00:00+00:00,8.457605299999999
2025-11-21 14:00:00+00:00,9.3458204
2025-11-21 15:00:00+00:00,10.2897068
2025-11-21 16:00:00+00:00,10.832883
2025-11-21 17:00:00+00:00,10.8130889
2025-11-21 18:00:00+00:00,10.3201282
2025-11-21 19:00:00+00:00,9.9877462
2025-11-21 20:00:00+00:00,9.563143199999999
2025-11-21 21:00:00+00:00,9.2275376
2025-11-21 22:00:00+00:00,8.863470300000001
2025-11-21 23:00:00+00:00,8.0768485
2025-11-22 00:00:00+00:00,7.450363200000002
2025-11-22 01:00:00+00:00,6.984701899999999
2025-11-22 02:00:00+00:00,6.683584
2025-11-22 03:00:00+00:00,6.5369175
2025-11-22 04:00:00+00:00,6.478036600000001
2025-11-22 05:00:00+00:00,6.6349553
2025-11-22 06:00:00+00:00,6.8914559
2025-11-22 07:00:00+00:00,6.908652100000001
2025-11-22 08:00:00+00:00,6.488287000000001
2025-11-22 09:00:00+00:00,5.8154208
2025-11-22 10:00:00+00:00,5.219238200000001
2025-11-22 11:00:00+00:00,4.706822000000001
2025-11-22 12:00:00+00:00,4.540148099999999
2025-11-22 13:00:00+00:00,4.8706916
2025-11-22 14:00:00+00:00,5.710776300000001
2025-11-22 15:00:00+00:00,6.4537821
2025-11-22 16:00:00+00:00,6.941395899999999
2025-11-22 17:00:00+00:00,6.9265677000000005
2025-11-22 18:00:00+00:00,6.4702418999999995
2025-11-22 19:00:00+00:00,5.9912713
2025-11-22 20:00:00+00:00,5.638230199999999
2025-11-22 21:00:00+00:00,5.4408118
2025-11-22 22:00:00+00:00,5.231105699999999
2025-11-22 23:00:00+00:00,5.0811839
2025-11-23 00:00:00+00:00,4.751217099999999
2025-11-23 01:00:00+00:00,4.489056700000001
2025-11-23 02:00:00+00:00,4.434797200000001
2025-11-23 03:00:00+00:00,4.429531299999999
2025-11-23 04:00:00+00:00,4.4673134
2025-11-23 05:00:00+00:00,4.5983005
2025-11-23 06:00:00+00:00,4.774746
2025-11-23 07:00:00+00:00,5.052592499999999
2025-11-23 08:00:00+00:00,5.182441900000001
2025-11-23 09:00:00+00:00,5.364742799999999
2025-11-23 10:00:00+00:00,5.522974500000001
2025-11-23 11:00:00+00:00,5.4968466
2025-11-23 12:00:00+00:00,5.3068638
2025-11-23 13:00:00+00:00,5.1884491
2025-11-23 14:00:00+00:00,5.3983774
2025-11-23 15:00:00+00:00,5.8222532
2025-11-23 16:00:00+00:00,6.4132701
2025-11-23 17:00:00+00:00,6.689614799999999
2025-11-23 18:00:00+00:00,6.583609000000001
2025-11-23 19:00:00+00:00,6.3062632
2025-11-23 20:00:00+00:00,5.884110799999998
2025-11-23 21:00:00+00:00,5.6559946
2025-11-23 22:00:00+00:00,5.346619599999999
2025-11-23 23:00:00+00:00,5.418831300000001
2025-11-24 00:00:00+00:00,5.122033500000001
2025-11-24 01:00:00+00:00,4.982766
2025-11-24 02:00:00+00:00,4.9828144000000005
2025-11-24 03:00:00+00:00,5.098071000000001
2025-11-24 04:00:00+00:00,5.5865875
2025-11-24 05:00:00+00:00,6.595205400000001
2025-11-24 06:00:00+00:00,7.541853899999999
2025-11-24 07:00:00+00:00,8.1722076
2025-11-24 08:00:00+00:00,8.3074472
2025-11-24 09:00:00+00:00,8.2172759
2025-11-24 10:00:00+00:00,8.2449408
2025-11-24 11:00:00+00:00,8.172880000000001
2025-11-24 12:00:00+00:00,8.474322700000002
2025-11-24 13:00:00+00:00,8.762968299999999
2025-11-24 14:00:00+00:00,9.371719599999999
2025-11-24 15:00:00+00:00,9.907965899999999
2025-11-24 16:00:00+00:00,10.5162268
2025-11-24 17:00:00+00:00,10.5698005
2025-11-24 18:00:00+00:00,10.115647800000001
2025-11-24 19:00:00+00:00,9.6416518
2025-11-24 20:00:00+00:00,9.1358848
2025-11-24 21:00:00+00:00,8.7477228
2025-11-24 22:00:00+00:00,8.404089299999999
2025-11-24 23:00:00+00:00,7.8837368
2025-11-25 00:00:00+00:00,7.4877757
2025-11-25 01:00:00+00:00,7.2228435
2025-11-25 02:00:00+00:00,7.0427594
2025-11-25 03:00:00+00:00,6.8752438
2025-11-25 04:00:00+00:00,6.978124599999999
2025-11-25 05:00:00+00:00,7.644556099999999
2025-11-25 06:00:00+00:00,8.435108900000001
2025-11-25 07:00:00+00:00,8.712763800000001
2025-11-25 08:00:00+00:00,8.749600200000001
2025-11-25 09:00:00+00:00,8.3660309
2025-11-25 10:00:00+00:00,8.1028402
2025-11-25 11:00:00+00:00,7.859928300000001
2025-11-25 12:00:00+00:00,7.6971537
2025-11-25 13:00:00+00:00,7.5676267
2025-11-25 14:00:00+00:00,7.869491200000001
2025-11-25 15:00:00+00:00,8.5540039
2025-11-25 16:00:00+00:00,9.059046799999999
2025-11-25 17:00:00+00:00,9.126698700000002
2025-11-25 18:00:00+00:00,8.7799762
2025-11-25 19:00:00+00:00,8.3983633
2025-11-25 20:00:00+00:00,7.872291000000001
2025-11-25 21:00:00+00:00,7.685437300000001
2025-11-25 22:00:00+00:00,7.5701160000000005
2025-11-25 23:00:00+00:00,6.8123602000000005
2025-11-26 00:00:00+00:00,6.515147700000001
2025-11-26 01:00:00+00:00,6.4836030000000004
2025-11-26 02:00:00+00:00,6.5630578
2025-11-26 03:00:00+00:00,6.8623814
2025-11-26 04:00:00+00:00,7.4695526999999995
2025-11-26 05:00:00+00:00,8.5028001
2025-11-26 06:00:00+00:00,9.7197526
2025-11-26 07:00:00+00:00,10.4358351
2025-11-26 08:00:00+00:00,10.4360656
2025-11-26 09:00:00+00:00,9.8343969
2025-11-26 10:00:00+00:00,9.487594600000001
2025-11-26 11:00:00+00:00,9.137464300000001
2025-11-26 12:00:00+00:00,9.207122199999999
2025-11-26 13:00:00+00:00,9.4852324
2025-11-26 14:00:00+00:00,10.045919999999999
2025-11-26 15:00:00+00:00,10.6241491
2025-11-26 16:00:00+00:00,11.1468648
2025-11-26 17:00:00+00:00,11.236102
2025-11-26 18:00:00+00:00,10.6321887
2025-11-26 19:00:00+00:00,10.0070974
2025-11-26 20:00:00+00:00,9.251091800000001
2025-11-26 21:00:00+00:00,8.706964300000001
2025-11-26 22:00:00+00:00,8.0849868
2025-11-26 23:00:00+00:00,6.7095432
2025-11-27 00:00:00+00:00,5.8755424000000005
2025-11-27 01:00:00+00:00,5.3272507
2025-11-27 02:00:00+00:00,5.122658599999999
2025-11-27 03:00:00+00:00,5.073722500000001
2025-11-27 04:00:00+00:00,5.3450921000000005
2025-11-27 05:00:00+00:00,6.179260800000001
2025-11-27 06:00:00+00:00,7.120203700000001
2025-11-27 07:00:00+00:00,7.5797917
2025-11-27 08:00:00+00:00,7.7536012
2025-11-27 09:00:00+00:00,7.4706247999999995
2025-11-27 10:00:00+00:00,7.518284599999999
2025-11-27 11:00:00+00:00,7.3513418999999995
2025-11-27 12:00:00+00:00,7.444936300000002
2025-11-27 13:00:00+00:00,7.3677577
2025-11-27 14:00:00+00:00,7.382554399999999
2025-11-27 15:00:00+00:00,7.6027338
2025-11-27 16:00:00+00:00,7.982647900000001
2025-11-27 17:00:00+00:00,7.9627609
2025-11-27 18:00:00+00:00,7.554693699999999
2025-11-27 19:00:00+00:00,6.9399793
2025-11-27 20:00:00+00:00,6.4429392000000005
2025-11-27 21:00:00+00:00,6.224919000000002
2025-11-27 22:00:00+00:00,5.835301899999999
2025-11-27 23:00:00+00:00,5.2719617
2025-11-28 00:00:00+00:00,5.0071044
2025-11-28 01:00:00+00:00,4.8414614
2025-11-28 02:00:00+00:00,4.854265800000001
2025-11-28 03:00:00+00:00,5.090933700000001
2025-11-28 04:00:00+00:00,5.802575300000001
2025-11-28 05:00:00+00:00,6.933359499999999
2025-11-28 06:00:00+00:00,8.055928300000001
2025-11-28 07:00:00+00:00,8.6765446
2025-11-28 08:00:00+00:00,8.989707000000001
2025-11-28 09:00:00+00:00,9.064339
2025-11-28 10:00:00+00:00,8.8185754
2025-11-28 11:00:00+00:00,8.3945945
2025-11-28 12:00:00+00:00,8.101726
2025-11-28 13:00:00+00:00,7.8073806
2025-11-28 14:00:00+00:00,7.630953
2025-11-28 15:00:00+00:00,7.6802903
2025-11-28 16:00:00+00:00,8.0076632
2025-11-28 17:00:00+00:00,7.796858600000001
2025-11-28 18:00:00+00:00,7.254258399999999
2025-11-28 19:00:00+00:00,6.8929431999999995
2025-11-28 20:00:00+00:00,6.5642316
2025-11-28 21:00:00+00:00,6.4288896000000015
2025-11-28 22:00:00+00:00,6.347791299999999
2025-11-28 23:00:00+00:00,6.385738400000001
2025-11-29 00:00:00+00:00,6.1515957
2025-11-29 01:00:00+00:00,5.898255300000001
2025-11-29 02:00:00+00:00,5.6900301
2025-11-29 03:00:00+00:00,5.550265100000001
2025-11-29 04:00:00+00:00,5.382820300000001
2025-11-29 05:00:00+00:00,5.395477
2025-11-29 06:00:00+00:00,5.6339369
2025-11-29 07:00:00+00:00,5.993479300000001
2025-11-29 08:00:00+00:00,6.2446248
2025-11-29 09:00:00+00:00,6.092037200000001
2025-11-29 10:00:00+00:00,5.982745
2025-11-29 11:00:00+00:00,5.947651600000001
2025-11-29 12:00:00+00:00,5.873231300000001
2025-11-29 13:00:00+00:00,5.835658799999999
2025-11-29 14:00:00+00:00,6.1170393999999995
2025-11-29 15:00:00+00:00,6.4113437
2025-11-29 16:00:00+00:00,6.831982200000001
2025-11-29 17:00:00+00:00,6.8968869
2025-11-29 18:00:00+00:00,6.6277445
2025-11-29 19:00:00+00:00,6.3462000000000005
2025-11-29 20:00:00+00:00,6.145418600000001
2025-11-29 21:00:00+00:00,6.068266200000001
2025-11-29 22:00:00+00:00,6.0777345
2025-11-29 23:00:00+00:00,6.0547014
2025-11-30 00:00:00+00:00,5.7241786999999995
2025-11-30 01:00:00+00:00,5.5280501
2025-11-30 02:00:00+00:00,5.659885299999999
2025-11-30 03:00:00+00:00,5.8004538
2025-11-30 04:00:00+00:00,5.933807
2025-11-30 05:00:00+00:00,6.0784738
2025-11-30 06:00:00+00:00,6.2358168
2025-11-30 07:00:00+00:00,6.574790799999999
2025-11-30 08:00:00+00:00,6.669798600000001
2025-11-30 09:00:00+00:00,6.5467146000000005
2025-11-30 10:00:00+00:00,6.1402245
2025-11-30 11:00:00+00:00,5.8465509
2025-11-30 12:00:00+00:00,5.717932599999999
2025-11-30 13:00:00+00:00,6.2422708
2025-11-30 14:00:00+00:00,7.2530508000000005
2025-11-30 15:00:00+00:00,8.1490981
2025-11-30 16:00:00+00:00,8.7588073
2025-11-30 17:00:00+00:00,8.888281399999999
2025-11-30 18:00:00+00:00,8.6681204
2025-11-30 19:00:00+00:00,8.3370663
2025-11-30 20:00:00+00:00,7.9706931
2025-11-30 21:00:00+00:00,7.756184899999999
2025-11-30 22:00:00+00:00,7.3138714
2025-11-30 23:00:00+00:00,6.557429000000001
2025-12-01 00:00:00+00:00,6.1132694
2025-12-01 01:00:00+00:00,5.532961500000001
2025-12-01 02:00:00+00:00,5.085527399999999
2025-12-01 03:00:00+00:00,4.93914
2025-12-01 04:00:00+00:00,5.142076599999999
2025-12-01 05:00:00+00:00,5.899250400000001
2025-12-01 06:00:00+00:00,6.629727
2025-12-01 07:00:00+00:00,7.195824600000002
2025-12-01 08:00:00+00:00,6.998413100000001
2025-12-01 09:00:00+00:00,6.491944200000001
2025-12-01 10:00:00+00:00,6.2527455
2025-12-01 11:00:00+00:00,5.944306
2025-12-01 12:00:00+00:00,5.840727600000001
2025-12-01 13:00:00+00:00,5.9055657
2025-12-01 14:00:00+00:00,6.2719005999999995
2025-12-01 15:00:00+00:00,6.5898992
2025-12-01 16:00:00+00:00,6.928296500000001
2025-12-01 17:00:00+00:00,7.018039399999999
2025-12-01 18:00:00+00:00,6.638298300000001
2025-12-01 19:00:00+00:00,6.0085573000000005
2025-12-01 20:00:00+00:00,5.489638300000001
2025-12-01 21:00:00+00:00,5.474253900000001
2025-12-01 22:00:00+00:00,5.4274366
2025-12-01 23:00:00+00:00,4.855262199999999
2025-12-02 00:00:00+00:00,4.522283699999999
2025-12-02 01:00:00+00:00,4.311026899999999
2025-12-02 02:00:00+00:00,4.224860799999999
2025-12-02 03:00:00+00:00,4.406429200000001
2025-12-02 04:00:00+00:00,4.9461958
2025-12-02 05:00:00+00:00,6.0071374
2025-12-02 06:00:00+00:00,7.1743915
2025-12-02 07:00:00+00:00,7.863200299999999
2025-12-02 08:00:00+00:00,8.0500753
2025-12-02 09:00:00+00:00,7.8028228
2025-12-02 10:00:00+00:00,7.6858745
2025-12-02 11:00:00+00:00,7.6900333
2025-12-02 12:00:00+00:00,7.9858972
2025-12-02 13:00:00+00:00,8.146199499999998
2025-12-02 14:00:00+00:00,8.5226662
2025-12-02 15:00:00+00:00,9.0741352
2025-12-02 16:00:00+00:00,9.3115719
2025-12-02 17:00:00+00:00,9.2109597
2025-12-02 18:00:00+00:00,8.8603647
2025-12-02 19:00:00+00:00,8.409355300000001
2025-12-02 20:00:00+00:00,7.759974300000001
2025-12-02 21:00:00+00:00,7.4478235
2025-12-02 22:00:00+00:00,7.2849983
2025-12-02 23:00:00+00:00,6.9740267000000005
2025-12-03 00:00:00+00:00,6.7268019
2025-12-03 01:00:00+00:00,6.6728437000000005
2025-12-03 02:00:00+00:00,6.703021000000001
2025-12-03 03:00:00+00:00,6.7791938
2025-12-03 04:00:00+00:00,7.136997700000001
2025-12-03 05:00:00+00:00,8.0286905
2025-12-03 06:00:00+00:00,9.1181234
2025-12-03 07:00:00+00:00,9.6639921
2025-12-03 08:00:00+00:00,9.7497254
2025-12-03 09:00:00+00:00,9.4133902
2025-12-03 10:00:00+00:00,9.2298196
2025-12-03 11:00:00+00:00,9.0505931
2025-12-03 12:00:00+00:00,9.1341431
2025-12-03 13:00:00+00:00,9.236579899999999
2025-12-03 14:00:00+00:00,9.504958900000002
2025-12-03 15:00:00+00:00,9.8550474
2025-12-03 16:00:00+00:00,10.0646532
2025-12-03 17:00:00+00:00,10.093648499999999
2025-12-03 18:00:00+00:00,9.5058404
2025-12-03 19:00:00+00:00,8.872186500000002
2025-12-03 20:00:00+00:00,8.1325396
2025-12-03 21:00:00+00:00,7.726470000000001
2025-12-03 22:00:00+00:00,7.2430091
2025-12-03 23:00:00+00:00,7.034778200000001
2025-12-04 00:00:00+00:00,6.6108986000000005
2025-12-04 01:00:00+00:00,6.371149100000001
2025-12-04 02:00:00+00:00,6.1633667
2025-12-04 03:00:00+00:00,6.055708500000001
2025-12-04 04:00:00+00:00,6.301157100000001
2025-12-04 05:00:00+00:00,6.957149599999999
2025-12-04 06:00:00+00:00,7.6906955
2025-12-04 07:00:00+00:00,8.0074387
2025-12-04 08:00:00+00:00,7.701724199999999
2025-12-04 09:00:00+00:00,6.920472000000001
2025-12-04 10:00:00+00:00,6.485311800000002
2025-12-04 11:00:00+00:00,6.337845400000002
2025-12-04 12:00:00+00:00,6.7233661
2025-12-04 13:00:00+00:00,7.2465079999999995
2025-12-04 14:00:00+00:00,7.853371200000001
2025-12-04 15:00:00+00:00,8.5362785
2025-12-04 16:00:00+00:00,9.188260399999999
2025-12-04 17:00:00+00:00,9.3866259
2025-12-04 18:00:00+00:00,9.077023099999998
2025-12-04 19:00:00+00:00,8.6507945
2025-12-04 20:00:00+00:00,8.3734022
2025-12-04 21:00:00+00:00,8.3177986
2025-12-04 22:00:00+00:00,8.2773874
2025-12-04 23:00:00+00:00,8.4948087
2025-12-05 00:00:00+00:00,8.1497958
2025-12-05 01:00:00+00:00,8.010352
2025-12-05 02:00:00+00:00,8.046009999999999
2025-12-05 03:00:00+00:00,8.2209704
2025-12-05 04:00:00+00:00,8.655415399999999
2025-12-05 05:00:00+00:00,9.543655
2025-12-05 06:00:00+00:00,10.3933343
2025-12-05 07:00:00+00:00,10.8598634
2025-12-05 08:00:00+00:00,10.863858700000002
2025-12-05 09:00:00+00:00,10.474822999999999
2025-12-05 10:00:00+00:00,9.893299299999999
2025-12-05 11:00:00+00:00,9.313988300000002
2025-12-05 12:00:00+00:00,9.0152328
2025-12-05 13:00:00+00:00,9.038259400000001
2025-12-05 14:00:00+00:00,9.236464100000001
2025-12-05 15:00:00+00:00,9.2935415
2025-12-05 16:00:00+00:00,9.0853435
2025-12-05 17:00:00+00:00,8.3722961
2025-12-05 18:00:00+00:00,7.530774200000001
2025-12-05 19:00:00+00:00,6.790546700000001
2025-12-05 20:00:00+00:00,6.154969100000001
2025-12-05 21:00:00+00:00,5.8046665000000015
2025-12-05 22:00:00+00:00,5.4969885000000005
2025-12-05 23:00:00+00:00,4.650845400000001
2025-12-06 00:00:00+00:00,4.136276700000001
2025-12-06 01:00:00+00:00,3.778211400000001
2025-12-06 02:00:00+00:00,3.629359299999999
2025-12-06 03:00:00+00:00,3.6880066000000005
2025-12-06 04:00:00+00:00,3.8620888000000013
2025-12-06 05:00:00+00:00,4.2251375
2025-12-06 06:00:00+00:00,4.7171517000000005
2025-12-06 07:00:00+00:00,5.2522334
2025-12-06 08:00:00+00:00,5.717981300000002
2025-12-06 09:00:00+00:00,5.683445999999999
2025-12-06 10:00:00+00:00,5.682345399999999
2025-12-06 11:00:00+00:00,5.5080682
2025-12-06 12:00:00+00:00,5.2700519
2025-12-06 13:00:00+00:00,5.296032100000001
2025-12-06 14:00:00+00:00,5.6227911
2025-12-06 15:00:00+00:00,5.926858199999999
2025-12-06 16:00:00+00:00,6.3061044
2025-12-06 17:00:00+00:00,6.297545
2025-12-06 18:00:00+00:00,5.9521826
2025-12-06 19:00:00+00:00,5.532599199999999
2025-12-06 20:00:00+00:00,5.1628183
2025-12-06 21:00:00+00:00,5.066539000000001
2025-12-06 22:00:00+00:00,5.070612299999999
2025-12-06 23:00:00+00:00,4.592786
2025-12-07 00:00:00+00:00,4.292890500000001
2025-12-07 01:00:00+00:00,4.235710300000001
2025-12-07 02:00:00+00:00,4.348866899999999
2025-12-07 03:00:00+00:00,4.673777300000001
2025-12-07 04:00:00+00:00,5.0969597
2025-12-07 05:00:00+00:00,5.579896099999999
2025-12-07 06:00:00+00:00,6.003645500000001
2025-12-07 07:00:00+00:00,6.465015300000001
2025-12-07 08:00:00+00:00,6.7632146
2025-12-07 09:00:00+00:00,7.1494827
2025-12-07 10:00:00+00:00,7.4588565
2025-12-07 11:00:00+00:00,7.313118199999999
2025-12-07 12:00:00+00:00,7.0797973
2025-12-07 13:00:00+00:00,6.8695629
2025-12-07 14:00:00+00:00,6.639559500000001
2025-12-07 15:00:00+00:00,6.526649900000001
2025-12-07 16:00:00+00:00,6.5461809
2025-12-07 17:00:00+00:00,6.2718094
2025-12-07 18:00:00+00:00,5.772377600000002
2025-12-07 19:00:00+00:00,5.300924900000001
2025-12-07 20:00:00+00:00,4.8564509
2025-12-07 21:00:00+00:00,4.5495979
2025-12-07 22:00:00+00:00,4.309665
2025-12-07 23:00:00+00:00,4.2602963
2025-12-08 00:00:00+00:00,4.3211221
2025-12-08 01:00:00+00:00,4.346060300000001
2025-12-08 02:00:00+00:00,4.5370473
2025-12-08 03:00:00+00:00,4.895733500000001
2025-12-08 04:00:00+00:00,5.4443788
2025-12-08 05:00:00+00:00,6.5848914999999995
2025-12-08 06:00:00+00:00,7.622175800000001
2025-12-08 07:00:00+00:00,8.2126827
2025-12-08 08:00:00+00:00,8.198081899999998
2025-12-08 09:00:00+00:00,7.7774747
2025-12-08 10:00:00+00:00,7.496024999999999
2025-12-08 11:00:00+00:00,7.192074600000001
2025-12-08 12:00:00+00:00,7.138191300000001
2025-12-08 13:00:00+00:00,7.213783600000001
2025-12-08 14:00:00+00:00,7.678066500000002
2025-12-08 15:00:00+00:00,8.1279302
2025-12-08 16:00:00+00:00,8.5583342
2025-12-08 17:00:00+00:00,8.6511815
2025-12-08 18:00:00+00:00,8.3017795
2025-12-08 19:00:00+00:00,7.7506296
2025-12-08 20:00:00+00:00,7.155991199999999
2025-12-08 21:00:00+00:00,6.977830199999999
2025-12-08 22:00:00+00:00,6.731436199999999
2025-12-08 23:00:00+00:00,6.3640498999999995
2025-12-09 00:00:00+00:00,5.7108962000000005
2025-12-09 01:00:00+00:00,5.3955793000000005
2025-12-09 02:00:00+00:00,5.2629076
2025-12-09 03:00:00+00:00,5.221582700000001
2025-12-09 04:00:00+00:00,5.530192799999998
2025-12-09 05:00:00+00:00,6.329752800000001
2025-12-09 06:00:00+00:00,7.0894005
2025-12-09 07:00:00+00:00,7.389358200000001
2025-12-09 08:00:00+00:00,7.1364599
2025-12-09 09:00:00+00:00,6.4843825
2025-12-09 10:00:00+00:00,5.9625113
2025-12-09 11:00:00+00:00,5.718734400000001
2025-12-09 12:00:00+00:00,5.7508026999999995
2025-12-09 13:00:00+00:00,5.595505600000001
2025-12-09 14:00:00+00:00,5.8741753999999995
2025-12-09 15:00:00+00:00,6.317944399999999
2025-12-09 16:00:00+00:00,6.699965100000001
2025-12-09 17:00:00+00:00,6.8073961999999995
2025-12-09 18:00:00+00:00,6.3844182
2025-12-09 19:00:00+00:00,5.880676
2025-12-09 20:00:00+00:00,5.407281499999999
2025-12-09 21:00:00+00:00,5.275628299999999
2025-12-09 22:00:00+00:00,5.164726399999999
2025-12-09 23:00:00+00:00,4.4551054
2025-12-10 00:00:00+00:00,4.4226456
2025-12-10 01:00:00+00:00,4.280933200000001
2025-12-10 02:00:00+00:00,4.467622799999999
2025-12-10 03:00:00+00:00,4.829263600000001
2025-12-10 04:00:00+00:00,5.2249438999999995
2025-12-10 05:00:00+00:00,6.079129699999999
2025-12-10 06:00:00+00:00,6.9783596999999995
2025-12-10 07:00:00+00:00,7.3365258
2025-12-10 08:00:00+00:00,7.378653600000001
2025-12-10 09:00:00+00:00,7.0893634
2025-12-10 10:00:00+00:00,6.729501000000001
2025-12-10 11:00:00+00:00,6.4639818
2025-12-10 12:00:00+00:00,6.3441334000000005
2025-12-10 13:00:00+00:00,6.5030965
2025-12-10 14:00:00+00:00,6.6623828000000005
2025-12-10 15:00:00+00:00,6.894474500000001
2025-12-10 16:00:00+00:00,7.4434895
2025-12-10 17:00:00+00:00,7.793696000000001
2025-12-10 18:00:00+00:00,7.6688255000000005
2025-12-10 19:00:00+00:00,7.3793083
2025-12-10 20:00:00+00:00,6.9395757
2025-12-10 21:00:00+00:00,6.8211209
2025-12-10 22:00:00+00:00,6.758740899999999
2025-12-10 23:00:00+00:00,7.006877299999999
2025-12-11 00:00:00+00:00,6.5934162999999995
2025-12-11 01:00:00+00:00,6.5722958
2025-12-11 02:00:00+00:00,6.609112400000002
2025-12-11 03:00:00+00:00,6.798878200000001
2025-12-11 04:00:00+00:00,7.274985300000001
2025-12-11 05:00:00+00:00,8.334420399999999
2025-12-11 06:00:00+00:00,9.2150266
2025-12-11 07:00:00+00:00,9.7369021
2025-12-11 08:00:00+00:00,9.6793517
2025-12-11 09:00:00+00:00,8.9987955
2025-12-11 10:00:00+00:00,8.534327000000001
2025-12-11 11:00:00+00:00,7.9572555000000005
2025-12-11 12:00:00+00:00,7.8506187
2025-12-11 13:00:00+00:00,8.1788435
2025-12-11 14:00:00+00:00,8.972057300000001
2025-12-11 15:00:00+00:00,9.6683757
2025-12-11 16:00:00+00:00,10.1175982
2025-12-11 17:00:00+00:00,9.9933439
2025-12-11 18:00:00+00:00,9.2483834
2025-12-11 19:00:00+00:00,8.6871399
2025-12-11 20:00:00+00:00,8.3437871
2025-12-11 21:00:00+00:00,8.191971899999999
2025-12-11 22:00:00+00:00,8.0766119
2025-12-11 23:00:00+00:00,8.211250399999999
2025-12-12 00:00:00+00:00,7.765281600000001
2025-12-12 01:00:00+00:00,7.5761678
2025-12-12 02:00:00+00:00,7.4425721000000005
2025-12-12 03:00:00+00:00,7.3962807
2025-12-12 04:00:00+00:00,7.706916900000001
2025-12-12 05:00:00+00:00,8.616529
2025-12-12 06:00:00+00:00,9.5939367
2025-12-12 07:00:00+00:00,10.040654100000001
2025-12-12 08:00:00+00:00,10.013064
2025-12-12 09:00:00+00:00,9.6149488
2025-12-12 10:00:00+00:00,9.510218
2025-12-12 11:00:00+00:00,9.255046199999999
2025-12-12 12:00:00+00:00,9.1942842
2025-12-12 13:00:00+00:00,9.327155600000001
2025-12-12 14:00:00+00:00,9.7535481
2025-12-12 15:00:00+00:00,10.1514232
2025-12-12 16:00:00+00:00,10.4872642
2025-12-12 17:00:00+00:00,10.2929104
2025-12-12 18:00:00+00:00,9.8179556
2025-12-12 19:00:00+00:00,9.319445400000001
2025-12-12 20:00:00+00:00,8.898278900000001
2025-12-12 21:00:00+00:00,8.7755741
2025-12-12 22:00:00+00:00,8.768501299999999
2025-12-12 23:00:00+00:00,8.2508762
2025-12-13 00:00:00+00:00,8.0554297
2025-12-13 01:00:00+00:00,7.906831400000001
2025-12-13 02:00:00+00:00,7.8080685999999995
2025-12-13 03:00:00+00:00,7.856269900000001
2025-12-13 04:00:00+00:00,8.01965
2025-12-13 05:00:00+00:00,8.3612651
2025-12-13 06:00:00+00:00,8.8411103
2025-12-13 07:00:00+00:00,9.512962
2025-12-13 08:00:00+00:00,9.8181461
2025-12-13 09:00:00+00:00,9.5833019
2025-12-13 10:00:00+00:00,9.276561
2025-12-13 11:00:00+00:00,8.833187599999999
2025-12-13 12:00:00+00:00,8.5683303
2025-12-13 13:00:00+00:00,8.717052599999999
2025-12-13 14:00:00+00:00,9.278580000000002
2025-12-13 15:00:00+00:00,9.9631585
2025-12-13 16:00:00+00:00,10.3453414
2025-12-13 17:00:00+00:00,10.3053736
2025-12-13 18:00:00+00:00,9.8887758
2025-12-13 19:00:00+00:00,9.319579599999999
2025-12-13 20:00:00+00:00,8.739537900000002
2025-12-13 21:00:00+00:00,8.412320699999999
2025-12-13 22:00:00+00:00,8.133224299999998
2025-12-13 23:00:00+00:00,7.908623700000001
2025-12-14 00:00:00+00:00,7.4052215
2025-12-14 01:00:00+00:00,7.047565800000001
2025-12-14 02:00:00+00:00,6.798011600000001
2025-12-14 03:00:00+00:00,6.688908700000001
2025-12-14 04:00:00+00:00,6.633853599999998
2025-12-14 05:00:00+00:00,6.689516300000001
2025-12-14 06:00:00+00:00,6.790193599999999
2025-12-14 07:00:00+00:00,7.113686900000001
2025-12-14 08:00:00+00:00,7.317147800000001
2025-12-14 09:00:00+00:00,7.422546400000001
2025-12-14 10:00:00+00:00,7.388892000000001
2025-12-14 11:00:00+00:00,7.294193300000001
2025-12-14 12:00:00+00:00,7.114762
2025-12-14 13:00:00+00:00,7.2261942
2025-12-14 14:00:00+00:00,7.553985199999999
2025-12-14 15:00:00+00:00,7.894101500000001
2025-12-14 16:00:00+00:00,8.2142899
2025-12-14 17:00:00+00:00,8.229971599999999
2025-12-14 18:00:00+00:00,7.9361104
2025-12-14 19:00:00+00:00,7.486536699999999
2025-12-14 20:00:00+00:00,6.9697417999999995
2025-12-14 21:00:00+00:00,6.6870714
2025-12-14 22:00:00+00:00,6.4267608
2025-12-14 23:00:00+00:00,5.8147523
2025-12-15 00:00:00+00:00,5.693702700000001
2025-12-15 01:00:00+00:00,5.425313700000001
2025-12-15 02:00:00+00:00,5.245703199999998
2025-12-15 03:00:00+00:00,5.2129843000000005
2025-12-15 04:00:00+00:00,5.4888951000000015
2025-12-15 05:00:00+00:00,6.402805800000001
2025-12-15 06:00:00+00:00,7.3753961000000015
2025-12-15 07:00:00+00:00,8.005890400000002
2025-12-15 08:00:00+00:00,7.8003838
2025-12-15 09:00:00+00:00,6.878327200000001
2025-12-15 10:00:00+00:00,6.1533864000000005
2025-12-15 11:00:00+00:00,5.7978726
2025-12-15 12:00:00+00:00,6.0271816
2025-12-15 13:00:00+00:00,6.5947551
2025-12-15 14:00:00+00:00,7.581640200000001
2025-12-15 15:00:00+00:00,8.423847
2025-12-15 16:00:00+00:00,8.8385609
2025-12-15 17:00:00+00:00,8.7170053
2025-12-15 18:00:00+00:00,8.221722200000002
2025-12-15 19:00:00+00:00,7.6006048
2025-12-15 20:00:00+00:00,7.035916400000001
2025-12-15 21:00:00+00:00,6.8327233000000005
2025-12-15 22:00:00+00:00,6.625127600000001
2025-12-15 23:00:00+00:00,6.150384100000002
2025-12-16 00:00:00+00:00,5.8673305
2025-12-16 01:00:00+00:00,5.6826115999999995
2025-12-16 02:00:00+00:00,5.667606599999999
2025-12-16 03:00:00+00:00,5.895986499999999
2025-12-16 04:00:00+00:00,6.4249417
2025-12-16 05:00:00+00:00,7.4680485999999995
2025-12-16 06:00:00+00:00,8.642975700000001
2025-12-16 07:00:00+00:00,9.492232600000001
2025-12-16 08:00:00+00:00,9.431789599999998
2025-12-16 09:00:00+00:00,8.774194300000001
2025-12-16 10:00:00+00:00,8.5180599
2025-12-16 11:00:00+00:00,8.5307951
2025-12-16 12:00:00+00:00,8.85907
2025-12-16 13:00:00+00:00,9.3270219
2025-12-16 14:00:00+00:00,10.0487541
2025-12-16 15:00:00+00:00,10.6231139
2025-12-16 16:00:00+00:00,11.137614000000001
2025-12-16 17:00:00+00:00,11.149090000000001
2025-12-16 18:00:00+00:00,10.7233988
2025-12-16 19:00:00+00:00,10.201618
2025-12-16 20:00:00+00:00,9.6528683
2025-12-16 21:00:00+00:00,9.4426116
2025-12-16 22:00:00+00:00,9.1873668
2025-12-16 23:00:00+00:00,8.230649699999999
2025-12-17 00:00:00+00:00,8.084796
2025-12-17 01:00:00+00:00,7.8777565
2025-12-17 02:00:00+00:00,7.7444547
2025-12-17 03:00:00+00:00,7.7965336999999995
2025-12-17 04:00:00+00:00,8.2337138
2025-12-17 05:00:00+00:00,9.214057
2025-12-17 06:00:00+00:00,10.1628886
2025-12-17 07:00:00+00:00,10.7518343
2025-12-17 08:00:00+00:00,10.7856262
2025-12-17 09:00:00+00:00,10.3759873
2025-12-17 10:00:00+00:00,10.0142262
2025-12-17 11:00:00+00:00,9.462689899999999
2025-12-17 12:00:00+00:00,9.182361400000001
2025-12-17 13:00:00+00:00,9.153513199999999
2025-12-17 14:00:00+00:00,9.397401599999998
2025-12-17 15:00:00+00:00,9.5914164
2025-12-17 16:00:00+00:00,9.634260000000001
2025-12-17 17:00:00+00:00,9.2537188
2025-12-17 18:00:00+00:00,8.480925200000001
2025-12-17 19:00:00+00:00,7.634020000000001
2025-12-17 20:00:00+00:00,6.8161798000000005
2025-12-17 21:00:00+00:00,6.4400116
2025-12-17 22:00:00+00:00,6.036283699999999
2025-12-17 23:00:00+00:00,5.014179700000001
2025-12-18 00:00:00+00:00,4.441514399999999
2025-12-18 01:00:00+00:00,4.0985095
2025-12-18 02:00:00+00:00,3.8621586999999984
2025-12-18 03:00:00+00:00,3.8669480999999983
2025-12-18 04:00:00+00:00,4.2772189
2025-12-18 05:00:00+00:00,5.300003700000001
2025-12-18 06:00:00+00:00,6.324000699999999
2025-12-18 07:00:00+00:00,7.0236613
2025-12-18 08:00:00+00:00,7.2052944000000005
2025-12-18 09:00:00+00:00,6.9083461
2025-12-18 10:00:00+00:00,6.643031100000002
2025-12-18 11:00:00+00:00,6.2211457999999995
2025-12-18 12:00:00+00:00,6.0069040000000005
2025-12-18 13:00:00+00:00,5.829727699999999
2025-12-18 14:00:00+00:00,6.1010277
2025-12-18 15:00:00+00:00,6.5871237
2025-12-18 16:00:00+00:00,7.0615208
2025-12-18 17:00:00+00:00,7.0042669
2025-12-18 18:00:00+00:00,6.405895299999998
2025-12-18 19:00:00+00:00,5.725220899999999
2025-12-18 20:00:00+00:00,5.180668999999999
2025-12-18 21:00:00+00:00,5.1525903
2025-12-18 22:00:00+00:00,5.000268800000001
2025-12-18 23:00:00+00:00,4.779504199999999
2025-12-19 00:00:00+00:00,4.498691900000001
2025-12-19 01:00:00+00:00,4.259911199999999
2025-12-19 02:00:00+00:00,4.3287733
2025-12-19 03:00:00+00:00,4.603314900000001
2025-12-19 04:00:00+00:00,5.466260100000001
2025-12-19 05:00:00+00:00,6.8800969
2025-12-19 06:00:00+00:00,8.4389799
2025-12-19 07:00:00+00:00,9.323749500000002
2025-12-19 08:00:00+00:00,9.5831458
2025-12-19 09:00:00+00:00,9.4234469
2025-12-19 10:00:00+00:00,9.132795600000001
2025-12-19 11:00:00+00:00,8.733588600000001
2025-12-19 12:00:00+00:00,8.5975606
2025-12-19 13:00:00+00:00,8.683101200000001
2025-12-19 14:00:00+00:00,9.105768
2025-12-19 15:00:00+00:00,9.7638526
2025-12-19 16:00:00+00:00,10.234506499999998
2025-12-19 17:00:00+00:00,10.167138200000002
2025-12-19 18:00:00+00:00,9.834571200000001
2025-12-19 19:00:00+00:00,9.451222900000001
2025-12-19 20:00:00+00:00,9.0822745
2025-12-19 21:00:00+00:00,9.1954101
2025-12-19 22:00:00+00:00,9.2451077
2025-12-19 23:00:00+00:00,8.983004399999999
2025-12-20 00:00:00+00:00,8.628630300000001
2025-12-20 01:00:00+00:00,8.3775897
2025-12-20 02:00:00+00:00,8.3269146
2025-12-20 03:00:00+00:00,8.140368899999999
2025-12-20 04:00:00+00:00,8.115923200000001
2025-12-20 05:00:00+00:00,8.5001264
2025-12-20 06:00:00+00:00,8.857052000000001
2025-12-20 07:00:00+00:00,9.0894343
2025-12-20 08:00:00+00:00,9.2401716
2025-12-20 09:00:00+00:00,9.142479600000001
2025-12-20 10:00:00+00:00,9.1505186
2025-12-20 11:00:00+00:00,9.1710764
2025-12-20 12:00:00+00:00,9.1087893
2025-12-20 13:00:00+00:00,9.079652799999998
2025-12-20 14:00:00+00:00,9.289651099999999
2025-12-20 15:00:00+00:00,9.6095592
2025-12-20 16:00:00+00:00,10.1718946
2025-12-20 17:00:00+00:00,10.074258700000001
2025-12-20 18:00:00+00:00,9.6636682
2025-12-20 19:00:00+00:00,9.195576
2025-12-20 20:00:00+00:00,8.8537447
2025-12-20 21:00:00+00:00,8.7450735
2025-12-20 22:00:00+00:00,8.6731297
2025-12-20 23:00:00+00:00,7.8404842
2025-12-21 00:00:00+00:00,7.3365939
2025-12-21 01:00:00+00:00,7.074702
2025-12-21 02:00:00+00:00,6.966808799999999
2025-12-21 03:00:00+00:00,7.0760459
2025-12-21 04:00:00+00:00,7.348625500000001
2025-12-21 05:00:00+00:00,7.661188200000001
2025-12-21 06:00:00+00:00,7.9617684
2025-12-21 07:00:00+00:00,8.335124800000001
2025-12-21 08:00:00+00:00,8.3744334
2025-12-21 09:00:00+00:00,8.1421643
2025-12-21 10:00:00+00:00,7.8766525000000005
2025-12-21 11:00:00+00:00,7.7601803
2025-12-21 12:00:00+00:00,7.7479701
2025-12-21 13:00:00+00:00,7.9546565000000005
2025-12-21 14:00:00+00:00,8.3289314
2025-12-21 15:00:00+00:00,8.7017998
2025-12-21 16:00:00+00:00,8.8835815
2025-12-21 17:00:00+00:00,8.5707938
2025-12-21 18:00:00+00:00,7.9583452999999995
2025-12-21 19:00:00+00:00,7.561547599999999
2025-12-21 20:00:00+00:00,7.260942200000001
2025-12-21 21:00:00+00:00,7.149437300000001
2025-12-21 22:00:00+00:00,7.2859375
2025-12-21 23:00:00+00:00,7.1069055
2025-12-22 00:00:00+00:00,7.2501785000000005
2025-12-22 01:00:00+00:00,7.0517109
2025-12-22 02:00:00+00:00,6.9308584
2025-12-22 03:00:00+00:00,6.9044371
2025-12-22 04:00:00+00:00,7.4270033999999985
2025-12-22 05:00:00+00:00,8.6899047
2025-12-22 06:00:00+00:00,9.884762300000002
2025-12-22 07:00:00+00:00,10.658225400000001
2025-12-22 08:00:00+00:00,10.5669295
2025-12-22 09:00:00+00:00,10.0718255
2025-12-22 10:00:00+00:00,9.8118136
2025-12-22 11:00:00+00:00,9.3730657
2025-12-22 12:00:00+00:00,9.3215225
2025-12-22 13:00:00+00:00,9.727846600000001
2025-12-22 14:00:00+00:00,10.4511704
2025-12-22 15:00:00+00:00,11.1719519
2025-12-22 16:00:00+00:00,11.588107
2025-12-22 17:00:00+00:00,11.4293638
2025-12-22 18:00:00+00:00,10.8567455
2025-12-22 19:00:00+00:00,10.2556493
2025-12-22 20:00:00+00:00,9.7098562
2025-12-22 21:00:00+00:00,9.5641448
2025-12-22 22:00:00+00:00,9.308860300000001
2025-12-22 23:00:00+00:00,8.455307300000001
2025-12-23 00:00:00+00:00,6.693026099999999
2025-12-23 01:00:00+00:00,6.2947917
2025-12-23 02:00:00+00:00,6.035241
2025-12-23 03:00:00+00:00,5.9169998999999995
2025-12-23 04:00:00+00:00,6.0470311
2025-12-23 05:00:00+00:00,6.4901471
2025-12-23 06:00:00+00:00,6.849900600000001
2025-12-23 07:00:00+00:00,7.449093400000001
2025-12-23 08:00:00+00:00,7.371193399999999
2025-12-23 09:00:00+00:00,6.798710400000001
2025-12-23 10:00:00+00:00,6.281737999999999
2025-12-23 11:00:00+00:00,5.9936191
2025-12-23 12:00:00+00:00,5.890253200000001
2025-12-23 13:00:00+00:00,6.0657525
2025-12-23 14:00:00+00:00,6.5777155
2025-12-23 15:00:00+00:00,7.1018426
2025-12-23 16:00:00+00:00,7.4232432
2025-12-23 17:00:00+00:00,7.2603966
2025-12-23 18:00:00+00:00,6.8030416
2025-12-23 19:00:00+00:00,6.235767600000001
2025-12-23 20:00:00+00:00,5.7943449000000005
2025-12-23 21:00:00+00:00,5.7245889000000005
2025-12-23 22:00:00+00:00,5.498243200000001
2025-12-23 23:00:00+00:00,4.6919537999999985
2025-12-24 00:00:00+00:00,4.207043299999999
2025-12-24 01:00:00+00:00,3.8225981
2025-12-24 02:00:00+00:00,3.696961
2025-12-24 03:00:00+00:00,3.7278941999999997
2025-12-24 04:00:00+00:00,3.938387300000001
2025-12-24 05:00:00+00:00,4.454048299999999
2025-12-24 06:00:00+00:00,4.9852585000000005
2025-12-24 07:00:00+00:00,5.530876100000002
2025-12-24 08:00:00+00:00,5.405332399999999
2025-12-24 09:00:00+00:00,4.552818700000002
2025-12-24 10:00:00+00:00,3.890699100000001
2025-12-24 11:00:00+00:00,3.5530958000000012
2025-12-24 12:00:00+00:00,3.483883399999999
2025-12-24 13:00:00+00:00,3.7974394
2025-12-24 14:00:00+00:00,4.812433100000001
2025-12-24 15:00:00+00:00,5.8747312
2025-12-24 16:00:00+00:00,6.459620500000001
2025-12-24 17:00:00+00:00,6.4521781
2025-12-24 18:00:00+00:00,5.934947900000001
2025-12-24 19:00:00+00:00,5.430853899999999
2025-12-24 20:00:00+00:00,5.009989399999999
2025-12-24 21:00:00+00:00,4.973501999999999
2025-12-24 22:00:00+00:00,4.7424448
2025-12-24 23:00:00+00:00,4.148463
2025-12-25 00:00:00+00:00,3.5550527
2025-12-25 01:00:00+00:00,3.3255003
2025-12-25 02:00:00+00:00,3.080070300000001
2025-12-25 03:00:00+00:00,3.0156347000000006
2025-12-25 04:00:00+00:00,3.0459272000000004
2025-12-25 05:00:00+00:00,3.2704617000000002
2025-12-25 06:00:00+00:00,3.46838
2025-12-25 07:00:00+00:00,3.8249570000000004
2025-12-25 08:00:00+00:00,3.6009154000000017
2025-12-25 09:00:00+00:00,2.9228885999999985
2025-12-25 10:00:00+00:00,2.4019054000000004
2025-12-25 11:00:00+00:00,2.344052900000001
2025-12-25 12:00:00+00:00,2.8218248999999993
2025-12-25 13:00:00+00:00,3.4297734
2025-12-25 14:00:00+00:00,4.396333500000001
2025-12-25 15:00:00+00:00,5.266241900000001
2025-12-25 16:00:00+00:00,5.7628658999999995
2025-12-25 17:00:00+00:00,5.875288299999999
2025-12-25 18:00:00+00:00,5.722893899999999
2025-12-25 19:00:00+00:00,5.530108
2025-12-25 20:00:00+00:00,5.4893057999999995
2025-12-25 21:00:00+00:00,5.7994722
2025-12-25 22:00:00+00:00,5.886349000000002
2025-12-25 23:00:00+00:00,6.1680397
2025-12-26 00:00:00+00:00,5.098701999999999
2025-12-26 01:00:00+00:00,4.8387432
2025-12-26 02:00:00+00:00,4.843612
2025-12-26 03:00:00+00:00,5.042054900000001
2025-12-26 04:00:00+00:00,5.4898207
2025-12-26 05:00:00+00:00,6.178670299999999
2025-12-26 06:00:00+00:00,6.8844338
2025-12-26 07:00:00+00:00,7.583478600000001
2025-12-26 08:00:00+00:00,7.330924500000001
2025-12-26 09:00:00+00:00,6.292197800000001
2025-12-26 10:00:00+00:00,5.556236499999999
2025-12-26 11:00:00+00:00,5.4062049000000005
2025-12-26 12:00:00+00:00,5.725062500000001
2025-12-26 13:00:00+00:00,6.3605272
2025-12-26 14:00:00+00:00,7.4197797
2025-12-26 15:00:00+00:00,8.3636428
2025-12-26 16:00:00+00:00,8.6473093
2025-12-26 17:00:00+00:00,8.320832799999998
2025-12-26 18:00:00+00:00,7.8066453000000005
2025-12-26 19:00:00+00:00,7.393678300000001
2025-12-26 20:00:00+00:00,7.131369699999999
2025-12-26 21:00:00+00:00,7.112528700000001
2025-12-26 22:00:00+00:00,6.9701459
2025-12-26 23:00:00+00:00,6.5579673
2025-12-27 00:00:00+00:00,6.254293
2025-12-27 01:00:00+00:00,5.9867702
2025-12-27 02:00:00+00:00,5.753920200000001
2025-12-27 03:00:00+00:00,5.7354456
2025-12-27 04:00:00+00:00,5.7808123
2025-12-27 05:00:00+00:00,5.9224429
2025-12-27 06:00:00+00:00,6.055189300000001
2025-12-27 07:00:00+00:00,6.403116500000001
2025-12-27 08:00:00+00:00,6.0523208
2025-12-27 09:00:00+00:00,5.143861900000001
2025-12-27 10:00:00+00:00,4.743261099999999
2025-12-27 11:00:00+00:00,4.795907000000001
2025-12-27 12:00:00+00:00,5.1890664
2025-12-27 13:00:00+00:00,5.842748900000002
2025-12-27 14:00:00+00:00,6.8397697000000015
2025-12-27 15:00:00+00:00,7.6137031
2025-12-27 16:00:00+00:00,7.9848149
2025-12-27 17:00:00+00:00,7.896027200000001
2025-12-27 18:00:00+00:00,7.6740485
2025-12-27 19:00:00+00:00,7.4801567
2025-12-27 20:00:00+00:00,7.282772100000001
2025-12-27 21:00:00+00:00,7.306323500000001
2025-12-27 22:00:00+00:00,7.286394
2025-12-27 23:00:00+00:00,7.043344599999999
2025-12-28 00:00:00+00:00,6.8467783
2025-12-28 01:00:00+00:00,6.5470357
2025-12-28 02:00:00+00:00,6.2796926
2025-12-28 03:00:00+00:00,6.2746474
2025-12-28 04:00:00+00:00,6.5608809
2025-12-28 05:00:00+00:00,6.9827702
2025-12-28 06:00:00+00:00,7.2923108
2025-12-28 07:00:00+00:00,7.7499822
2025-12-28 08:00:00+00:00,7.932948
2025-12-28 09:00:00+00:00,7.7722155000000015
2025-12-28 10:00:00+00:00,7.6029271000000005
2025-12-28 11:00:00+00:00,7.459391000000001
2025-12-28 12:00:00+00:00,7.154518599999999
2025-12-28 13:00:00+00:00,7.1714758000000005
2025-12-28 14:00:00+00:00,7.7674333
2025-12-28 15:00:00+00:00,8.486333400000001
2025-12-28 16:00:00+00:00,8.964101900000001
2025-12-28 17:00:00+00:00,9.0421312
2025-12-28 18:00:00+00:00,8.7845242
2025-12-28 19:00:00+00:00,8.5304488
2025-12-28 20:00:00+00:00,8.285796699999999
2025-12-28 21:00:00+00:00,8.2149909
2025-12-28 22:00:00+00:00,8.1017736
2025-12-28 23:00:00+00:00,7.884688399999999
2025-12-29 00:00:00+00:00,7.1627920000000005
2025-12-29 01:00:00+00:00,6.8239377
2025-12-29 02:00:00+00:00,6.7462867
2025-12-29 03:00:00+00:00,6.751063899999999
2025-12-29 04:00:00+00:00,7.0363185999999995
2025-12-29 05:00:00+00:00,7.672206100000001
2025-12-29 06:00:00+00:00,8.1471453
2025-12-29 07:00:00+00:00,8.794289199999998
2025-12-29 08:00:00+00:00,9.0316624
2025-12-29 09:00:00+00:00,8.9280629
2025-12-29 10:00:00+00:00,8.8773217
2025-12-29 11:00:00+00:00,8.728024099999999
2025-12-29 12:00:00+00:00,8.5604837
2025-12-29 13:00:00+00:00,8.5107346
2025-12-29 14:00:00+00:00,8.7568409
2025-12-29 15:00:00+00:00,9.1367705
2025-12-29 16:00:00+00:00,9.569956900000001
2025-12-29 17:00:00+00:00,9.4909127
2025-12-29 18:00:00+00:00,9.025041
2025-12-29 19:00:00+00:00,8.2698645
2025-12-29 20:00:00+00:00,7.5829306
2025-12-29 21:00:00+00:00,7.3220920000000005
2025-12-29 22:00:00+00:00,7.0704847
2025-12-29 23:00:00+00:00,6.4929548
2025-12-30 00:00:00+00:00,5.6164843
2025-12-30 01:00:00+00:00,5.2883088
2025-12-30 02:00:00+00:00,5.1443999
2025-12-30 03:00:00+00:00,5.163175
2025-12-30 04:00:00+00:00,5.4596392
2025-12-30 05:00:00+00:00,6.1070481
2025-12-30 06:00:00+00:00,6.6839667
2025-12-30 07:00:00+00:00,7.513054300000001
2025-12-30 08:00:00+00:00,7.6392743
2025-12-30 09:00:00+00:00,7.132142600000001
2025-12-30 10:00:00+00:00,6.6251781
2025-12-30 11:00:00+00:00,6.3152529
2025-12-30 12:00:00+00:00,6.3883755
2025-12-30 13:00:00+00:00,6.817806599999999
2025-12-30 14:00:00+00:00,7.799798
2025-12-30 15:00:00+00:00,8.787594599999998
2025-12-30 16:00:00+00:00,9.367439000000001
2025-12-30 17:00:00+00:00,9.3374217
2025-12-30 18:00:00+00:00,8.9714286
2025-12-30 19:00:00+00:00,8.5437869
2025-12-30 20:00:00+00:00,8.2458083
2025-12-30 21:00:00+00:00,8.3003727
2025-12-30 22:00:00+00:00,8.201221199999999
2025-12-30 23:00:00+00:00,8.0144278
2025-12-31 00:00:00+00:00,7.4906467
2025-12-31 01:00:00+00:00,7.1456108
2025-12-31 02:00:00+00:00,6.9250717999999996
2025-12-31 03:00:00+00:00,6.8796496
2025-12-31 04:00:00+00:00,7.1544092
2025-12-31 05:00:00+00:00,7.7791917
2025-12-31 06:00:00+00:00,8.2891743
2025-12-31 07:00:00+00:00,8.970813
2025-12-31 08:00:00+00:00,8.874950400000001
2025-12-31 09:00:00+00:00,8.0656413
2025-12-31 10:00:00+00:00,7.4091476
2025-12-31 11:00:00+00:00,7.2172308
2025-12-31 12:00:00+00:00,7.315690700000001
2025-12-31 13:00:00+00:00,7.636349999999999
2025-12-31 14:00:00+00:00,8.179078200000001
2025-12-31 15:00:00+00:00,8.781716999999999
2025-12-31 16:00:00+00:00,9.2481812
2025-12-31 17:00:00+00:00,9.1002612
2025-12-31 18:00:00+00:00,8.5182462
2025-12-31 19:00:00+00:00,7.786963899999999
2025-12-31 20:00:00+00:00,7.207614400000001
2025-12-31 21:00:00+00:00,7.021861800000002
2025-12-31 22:00:00+00:00,6.650789500000001
2025-12-31 23:00:00+00:00,6.0050442
2026-01-01 00:00:00+00:00,5.179401800000001
2026-01-01 01:00:00+00:00,4.8222813
2026-01-01 02:00:00+00:00,4.5083912
2026-01-01 03:00:00+00:00,4.256850399999999
2026-01-01 04:00:00+00:00,4.1140887
2026-01-01 05:00:00+00:00,3.909420000000001
2026-01-01 06:00:00+00:00,3.6428891000000005
2026-01-01 07:00:00+00:00,3.5415157000000006
2026-01-01 08:00:00+00:00,3.3697451999999997
2026-01-01 09:00:00+00:00,3.1587882
2026-01-01 10:00:00+00:00,2.9254435999999995
2026-01-01 11:00:00+00:00,2.871905599999999
2026-01-01 12:00:00+00:00,3.0423560999999992
2026-01-01 13:00:00+00:00,3.4025460999999995
2026-01-01 14:00:00+00:00,3.834369699999999
2026-01-01 15:00:00+00:00,4.277067199999999
2026-01-01 16:00:00+00:00,4.639404900000001
2026-01-01 17:00:00+00:00,4.7031201
2026-01-01 18:00:00+00:00,4.3435907
2026-01-01 19:00:00+00:00,4.0523428
2026-01-01 20:00:00+00:00,3.9626314999999988
2026-01-01 21:00:00+00:00,4.0051904
2026-01-01 22:00:00+00:00,3.9691414000000007
2026-01-01 23:00:00+00:00,3.6392879999999996
2026-01-02 00:00:00+00:00,3.6894641999999997
2026-01-02 01:00:00+00:00,3.5163057
2026-01-02 02:00:00+00:00,3.5795066
2026-01-02 03:00:00+00:00,3.830383800000001
2026-01-02 04:00:00+00:00,4.3217497
2026-01-02 05:00:00+00:00,5.1682005
2026-01-02 06:00:00+00:00,5.995124499999998
2026-01-02 07:00:00+00:00,6.7439353
2026-01-02 08:00:00+00:00,5.7874407
2026-01-02 09:00:00+00:00,4.1914118
2026-01-02 10:00:00+00:00,3.7128064999999992
2026-01-02 11:00:00+00:00,3.4023304000000003
2026-01-02 12:00:00+00:00,2.9790143000000002
2026-01-02 13:00:00+00:00,2.9459448000000013
2026-01-02 14:00:00+00:00,4.066070100000001
2026-01-02 15:00:00+00:00,5.391469299999999
2026-01-02 16:00:00+00:00,6.028152
2026-01-02 17:00:00+00:00,5.9178317
2026-01-02 18:00:00+00:00,5.486553399999999
2026-01-02 19:00:00+00:00,5.044328500000001
2026-01-02 20:00:00+00:00,4.7397344
2026-01-02 21:00:00+00:00,4.6614177
2026-01-02 22:00:00+00:00,5.007714099999999
2026-01-02 23:00:00+00:00,6.3268685
2026-01-03 00:00:00+00:00,5.6535966
2026-01-03 01:00:00+00:00,5.1712465000000005
2026-01-03 02:00:00+00:00,4.8007598
2026-01-03 03:00:00+00:00,4.6446687
2026-01-03 04:00:00+00:00,4.6393648999999995
2026-01-03 05:00:00+00:00,4.8976831
2026-01-03 06:00:00+00:00,5.1063067
2026-01-03 07:00:00+00:00,5.600281200000001
2026-01-03 08:00:00+00:00,5.725839600000001
2026-01-03 09:00:00+00:00,5.2818182
2026-01-03 10:00:00+00:00,4.916668800000001
2026-01-03 11:00:00+00:00,4.827693399999999
2026-01-03 12:00:00+00:00,4.976006900000001
2026-01-03 13:00:00+00:00,5.445347
2026-01-03 14:00:00+00:00,6.1782569
2026-01-03 15:00:00+00:00,7.035299499999999
2026-01-03 16:00:00+00:00,7.659987900000001
2026-01-03 17:00:00+00:00,7.764062900000001
2026-01-03 18:00:00+00:00,7.5390461
2026-01-03 19:00:00+00:00,7.157405700000001
2026-01-03 20:00:00+00:00,6.757067900000001
2026-01-03 21:00:00+00:00,6.608918300000001
2026-01-03 22:00:00+00:00,6.512151599999999
2026-01-03 23:00:00+00:00,6.052312000000001
2026-01-04 00:00:00+00:00,5.4111235
2026-01-04 01:00:00+00:00,5.099211
2026-01-04 02:00:00+00:00,4.9395875
2026-01-04 03:00:00+00:00,4.8734315
2026-01-04 04:00:00+00:00,4.9590414
2026-01-04 05:00:00+00:00,5.2311903
2026-01-04 06:00:00+00:00,5.460917
2026-01-04 07:00:00+00:00,6.009269900000001
2026-01-04 08:00:00+00:00,6.149760400000001
2026-01-04 09:00:00+00:00,5.7799570000000005
2026-01-04 10:00:00+00:00,5.423036900000001
2026-01-04 11:00:00+00:00,5.245179
2026-01-04 12:00:00+00:00,5.3633328
2026-01-04 13:00:00+00:00,5.9192874
2026-01-04 14:00:00+00:00,6.9055501999999995
2026-01-04 15:00:00+00:00,7.870015799999999
2026-01-04 16:00:00+00:00,8.752247
2026-01-04 17:00:00+00:00,8.8704986
2026-01-04 18:00:00+00:00,8.6846356
2026-01-04 19:00:00+00:00,8.263705
2026-01-04 20:00:00+00:00,7.833732599999999
2026-01-04 21:00:00+00:00,7.6478822000000015
2026-01-04 22:00:00+00:00,7.479058
2026-01-04 23:00:00+00:00,7.405669300000001
2026-01-05 00:00:00+00:00,6.9605781
2026-01-05 01:00:00+00:00,6.7166754
2026-01-05 02:00:00+00:00,6.6064549999999995
2026-01-05 03:00:00+00:00,6.664526599999999
2026-01-05 04:00:00+00:00,7.022970500000001
2026-01-05 05:00:00+00:00,7.9389042000000005
2026-01-05 06:00:00+00:00,8.8214711
2026-01-05 07:00:00+00:00,9.5838682
2026-01-05 08:00:00+00:00,9.6565242
2026-01-05 09:00:00+00:00,9.134499400000001
2026-01-05 10:00:00+00:00,8.5572157
2026-01-05 11:00:00+00:00,8.035718200000002
2026-01-05 12:00:00+00:00,7.951355099999999
2026-01-05 13:00:00+00:00,8.248605600000001
2026-01-05 14:00:00+00:00,8.9846024
2026-01-05 15:00:00+00:00,9.6887946
2026-01-05 16:00:00+00:00,10.2777286
2026-01-05 17:00:00+00:00,10.1690606
2026-01-05 18:00:00+00:00,9.667708600000001
2026-01-05 19:00:00+00:00,9.086678599999999
2026-01-05 20:00:00+00:00,8.6305139
2026-01-05 21:00:00+00:00,8.5791406
2026-01-05 22:00:00+00:00,8.5462945
2026-01-05 23:00:00+00:00,7.822586299999999
2026-01-06 00:00:00+00:00,7.299193899999999
2026-01-06 01:00:00+00:00,7.165351899999999
2026-01-06 02:00:00+00:00,7.1520891
2026-01-06 03:00:00+00:00,7.289468
2026-01-06 04:00:00+00:00,7.663495200000002
2026-01-06 05:00:00+00:00,8.455633
2026-01-06 06:00:00+00:00,9.2556038
2026-01-06 07:00:00+00:00,10.1227907
2026-01-06 08:00:00+00:00,10.1278666
2026-01-06 09:00:00+00:00,9.3248181
2026-01-06 10:00:00+00:00,8.4241201
2026-01-06 11:00:00+00:00,7.7154383
2026-01-06 12:00:00+00:00,7.541108900000001
2026-01-06 13:00:00+00:00,7.881861300000001
2026-01-06 14:00:00+00:00,8.790352899999998
2026-01-06 15:00:00+00:00,9.538824799999999
2026-01-06 16:00:00+00:00,9.946000900000001
2026-01-06 17:00:00+00:00,9.652823399999999
2026-01-06 18:00:00+00:00,8.988928999999999
2026-01-06 19:00:00+00:00,8.216547499999999
2026-01-06 20:00:00+00:00,7.5125948000000005
2026-01-06 21:00:00+00:00,7.1372952
2026-01-06 22:00:00+00:00,6.5888889000000015
2026-01-06 23:00:00+00:00,5.907825300000001
2026-01-07 00:00:00+00:00,5.7283559
2026-01-07 01:00:00+00:00,5.2606062
2026-01-07 02:00:00+00:00,4.9843319
2026-01-07 03:00:00+00:00,4.905295700000001
2026-01-07 04:00:00+00:00,5.185196000000001
2026-01-07 05:00:00+00:00,6.1163776
2026-01-07 06:00:00+00:00,7.1942467
2026-01-07 07:00:00+00:00,8.050699800000002
2026-01-07 08:00:00+00:00,8.401955800000001
2026-01-07 09:00:00+00:00,8.127216699999998
2026-01-07 10:00:00+00:00,7.832994800000002
2026-01-07 11:00:00+00:00,7.5295743
2026-01-07 12:00:00+00:00,7.5342280000000015
2026-01-07 13:00:00+00:00,7.614610800000001
2026-01-07 14:00:00+00:00,7.9882732999999995
2026-01-07 15:00:00+00:00,8.323762199999999
2026-01-07 16:00:00+00:00,8.8412234
2026-01-07 17:00:00+00:00,8.9356024
2026-01-07 18:00:00+00:00,8.5705343
2026-01-07 19:00:00+00:00,8.0140742
2026-01-07 20:00:00+00:00,7.5178883999999995
2026-01-07 21:00:00+00:00,7.4213352
2026-01-07 22:00:00+00:00,7.3675397
2026-01-07 23:00:00+00:00,7.3106054
2026-01-08 00:00:00+00:00,7.154798500000001
2026-01-08 01:00:00+00:00,7.121071800000001
2026-01-08 02:00:00+00:00,7.279603300000001
2026-01-08 03:00:00+00:00,7.611123399999999
2026-01-08 04:00:00+00:00,8.3303069
2026-01-08 05:00:00+00:00,9.6866636
2026-01-08 06:00:00+00:00,10.9334729
2026-01-08 07:00:00+00:00,11.6881234
2026-01-08 08:00:00+00:00,11.994943400000002
2026-01-08 09:00:00+00:00,11.7779721
2026-01-08 10:00:00+00:00,11.6376798
2026-01-08 11:00:00+00:00,11.4249614
2026-01-08 12:00:00+00:00,11.3905838
2026-01-08 13:00:00+00:00,11.2706184
2026-01-08 14:00:00+00:00,11.1717113
2026-01-08 15:00:00+00:00,10.9257388
2026-01-08 16:00:00+00:00,10.8448394
2026-01-08 17:00:00+00:00,10.3646293
2026-01-08 18:00:00+00:00,9.438217499999999
2026-01-08 19:00:00+00:00,8.286491400000001
2026-01-08 20:00:00+00:00,7.1309073000000005
2026-01-08 21:00:00+00:00,6.585539099999999
2026-01-08 22:00:00+00:00,6.1693649000000015
2026-01-08 23:00:00+00:00,5.7359325000000005
2026-01-09 00:00:00+00:00,5.310510699999999
2026-01-09 01:00:00+00:00,4.991679499999999
2026-01-09 02:00:00+00:00,4.931221200000001
2026-01-09 03:00:00+00:00,5.1176109
2026-01-09 04:00:00+00:00,5.568126700000001
2026-01-09 05:00:00+00:00,6.7860219
2026-01-09 06:00:00+00:00,8.0055649
2026-01-09 07:00:00+00:00,8.6632551
2026-01-09 08:00:00+00:00,8.9641044
2026-01-09 09:00:00+00:00,8.9665699
2026-01-09 10:00:00+00:00,8.906991999999999
2026-01-09 11:00:00+00:00,8.4891304
2026-01-09 12:00:00+00:00,8.2146709
2026-01-09 13:00:00+00:00,8.035662199999999
2026-01-09 14:00:00+00:00,7.971212699999999
2026-01-09 15:00:00+00:00,7.979435100000001
2026-01-09 16:00:00+00:00,8.401266
2026-01-09 17:00:00+00:00,8.445050600000002
2026-01-09 18:00:00+00:00,8.016849
2026-01-09 19:00:00+00:00,7.512978900000001
2026-01-09 20:00:00+00:00,7.111465900000002
2026-01-09 21:00:00+00:00,7.0276333
2026-01-09 22:00:00+00:00,6.942215000000001
2026-01-09 23:00:00+00:00,6.754346600000001
2026-01-10 00:00:00+00:00,5.955794899999999
2026-01-10 01:00:00+00:00,5.641355899999999
2026-01-10 02:00:00+00:00,5.4746924
2026-01-10 03:00:00+00:00,5.417971
2026-01-10 04:00:00+00:00,5.590211699999999
2026-01-10 05:00:00+00:00,6.076936800000001
2026-01-10 06:00:00+00:00,6.6027616
2026-01-10 07:00:00+00:00,7.3518639
2026-01-10 08:00:00+00:00,7.974395800000001
2026-01-10 09:00:00+00:00,8.361355499999998
2026-01-10 10:00:00+00:00,8.6935639
2026-01-10 11:00:00+00:00,8.7571328
2026-01-10 12:00:00+00:00,8.7205867
2026-01-10 13:00:00+00:00,8.712264
2026-01-10 14:00:00+00:00,9.0731951
2026-01-10 15:00:00+00:00,9.564635299999999
2026-01-10 16:00:00+00:00,10.1644399
2026-01-10 17:00:00+00:00,10.3535458
2026-01-10 18:00:00+00:00,10.185819299999999
2026-01-10 19:00:00+00:00,9.8752486
2026-01-10 20:00:00+00:00,9.524407
2026-01-10 21:00:00+00:00,9.5001241
2026-01-10 22:00:00+00:00,9.448265
2026-01-10 23:00:00+00:00,9.0887578
2026-01-11 00:00:00+00:00,8.719003100000002
2026-01-11 01:00:00+00:00,8.413437100000001
2026-01-11 02:00:00+00:00,8.2393514
2026-01-11 03:00:00+00:00,8.137709
2026-01-11 04:00:00+00:00,8.093332499999999
2026-01-11 05:00:00+00:00,8.193985
2026-01-11 06:00:00+00:00,8.2415328
2026-01-11 07:00:00+00:00,8.4212339
2026-01-11 08:00:00+00:00,8.146780099999999
2026-01-11 09:00:00+00:00,7.389063600000001
2026-01-11 10:00:00+00:00,6.7305004
2026-01-11 11:00:00+00:00,6.282287
2026-01-11 12:00:00+00:00,6.071058899999999
2026-01-11 13:00:00+00:00,6.116860300000001
2026-01-11 14:00:00+00:00,6.446262100000001
2026-01-11 15:00:00+00:00,6.676849600000001
2026-01-11 16:00:00+00:00,7.052729300000001
2026-01-11 17:00:00+00:00,7.0749926
2026-01-11 18:00:00+00:00,6.5898896
2026-01-11 19:00:00+00:00,5.996631399999999
2026-01-11 20:00:00+00:00,5.4294118
2026-01-11 21:00:00+00:00,5.1686124
2026-01-11 22:00:00+00:00,4.9522955999999985
2026-01-11 23:00:00+00:00,4.506399300000001
2026-01-12 00:00:00+00:00,4.0915637
2026-01-12 01:00:00+00:00,3.881390500000001
2026-01-12 02:00:00+00:00,3.8380627
2026-01-12 03:00:00+00:00,4.039615600000001
2026-01-12 04:00:00+00:00,4.576557800000002
2026-01-12 05:00:00+00:00,5.7402342
2026-01-12 06:00:00+00:00,6.9329197
2026-01-12 07:00:00+00:00,7.9022355
2026-01-12 08:00:00+00:00,8.2934472
2026-01-12 09:00:00+00:00,8.200751600000002
2026-01-12 10:00:00+00:00,8.014234100000003
2026-01-12 11:00:00+00:00,7.829311200000001
2026-01-12 12:00:00+00:00,8.014879100000002
2026-01-12 13:00:00+00:00,8.1650217
2026-01-12 14:00:00+00:00,8.266527
2026-01-12 15:00:00+00:00,8.4033892
2026-01-12 16:00:00+00:00,8.862054699999998
2026-01-12 17:00:00+00:00,9.0014635
2026-01-12 18:00:00+00:00,8.649061399999999
2026-01-12 19:00:00+00:00,8.0653933
2026-01-12 20:00:00+00:00,7.5222298
2026-01-12 21:00:00+00:00,7.423808900000001
2026-01-12 22:00:00+00:00,7.2458514
2026-01-12 23:00:00+00:00,6.543981100000002
2026-01-13 00:00:00+00:00,6.310842399999999
2026-01-13 01:00:00+00:00,6.1321218
2026-01-13 02:00:00+00:00,6.1666497
2026-01-13 03:00:00+00:00,6.3759337
2026-01-13 04:00:00+00:00,6.9863302
2026-01-13 05:00:00+00:00,8.247498199999999
2026-01-13 06:00:00+00:00,9.4092327
2026-01-13 07:00:00+00:00,9.9789428
2026-01-13 08:00:00+00:00,9.9725262
2026-01-13 09:00:00+00:00,9.507018500000001
2026-01-13 10:00:00+00:00,9.010797100000001
2026-01-13 11:00:00+00:00,8.382372499999999
2026-01-13 12:00:00+00:00,8.090051599999999
2026-01-13 13:00:00+00:00,7.7520128999999995
2026-01-13 14:00:00+00:00,7.871964200000001
2026-01-13 15:00:00+00:00,8.0835539
2026-01-13 16:00:00+00:00,8.5707083
2026-01-13 17:00:00+00:00,8.577090899999998
2026-01-13 18:00:00+00:00,8.0806387
2026-01-13 19:00:00+00:00,7.5836705
2026-01-13 20:00:00+00:00,7.064413799999999
2026-01-13 21:00:00+00:00,6.9013751999999995
2026-01-13 22:00:00+00:00,6.7977325
2026-01-13 23:00:00+00:00,6.856700999999999
2026-01-14 00:00:00+00:00,6.7469847
2026-01-14 01:00:00+00:00,6.7792840000000005
2026-01-14 02:00:00+00:00,6.8968415
2026-01-14 03:00:00+00:00,7.1413674
2026-01-14 04:00:00+00:00,7.7735104999999995
2026-01-14 05:00:00+00:00,8.9878118
2026-01-14 06:00:00+00:00,10.2590435
2026-01-14 07:00:00+00:00,11.2046747
2026-01-14 08:00:00+00:00,11.552572999999999
2026-01-14 09:00:00+00:00,11.3599941
2026-01-14 10:00:00+00:00,11.1271941
2026-01-14 11:00:00+00:00,10.745922799999999
2026-01-14 12:00:00+00:00,10.6972927
2026-01-14 13:00:00+00:00,10.798281999999999
2026-01-14 14:00:00+00:00,11.0698439
2026-01-14 15:00:00+00:00,11.4287348
2026-01-14 16:00:00+00:00,11.879232100000001
2026-01-14 17:00:00+00:00,11.755519999999999
2026-01-14 18:00:00+00:00,10.9993363
2026-01-14 19:00:00+00:00,10.1274451
2026-01-14 20:00:00+00:00,9.2122122
2026-01-14 21:00:00+00:00,8.6173317
2026-01-14 22:00:00+00:00,8.1128378
2026-01-14 23:00:00+00:00,6.5766289
2026-01-15 00:00:00+00:00,6.067133700000001
2026-01-15 01:00:00+00:00,5.6243686
2026-01-15 02:00:00+00:00,5.480809200000001
2026-01-15 03:00:00+00:00,5.443998000000001
2026-01-15 04:00:00+00:00,5.9247596
2026-01-15 05:00:00+00:00,7.127978499999999
2026-01-15 06:00:00+00:00,8.323832000000001
2026-01-15 07:00:00+00:00,9.0365723
2026-01-15 08:00:00+00:00,9.3310879
2026-01-15 09:00:00+00:00,9.0836828
2026-01-15 10:00:00+00:00,8.669684
2026-01-15 11:00:00+00:00,8.105171899999998
2026-01-15 12:00:00+00:00,7.9576988
2026-01-15 13:00:00+00:00,8.0480496
2026-01-15 14:00:00+00:00,8.1826917
2026-01-15 15:00:00+00:00,8.3185365
2026-01-15 16:00:00+00:00,8.549485800000001
2026-01-15 17:00:00+00:00,8.3421533
2026-01-15 18:00:00+00:00,7.757008000000001
2026-01-15 19:00:00+00:00,7.075404100000001
2026-01-15 20:00:00+00:00,6.4152894
2026-01-15 21:00:00+00:00,6.150352399999999
2026-01-15 22:00:00+00:00,5.8122906
2026-01-15 23:00:00+00:00,5.0535334
2026-01-16 00:00:00+00:00,4.742028799999999
2026-01-16 01:00:00+00:00,4.679900800000001
2026-01-16 02:00:00+00:00,4.933670200000001
2026-01-16 03:00:00+00:00,5.5314417
2026-01-16 04:00:00+00:00,6.568391500000001
2026-01-16 05:00:00+00:00,8.1812475
2026-01-16 06:00:00+00:00,9.627968000000001
2026-01-16 07:00:00+00:00,10.3042355
2026-01-16 08:00:00+00:00,10.2423934
2026-01-16 09:00:00+00:00,9.602795599999999
2026-01-16 10:00:00+00:00,9.2307259
2026-01-16 11:00:00+00:00,8.9698373
2026-01-16 12:00:00+00:00,9.0545155
2026-01-16 13:00:00+00:00,9.3756569
2026-01-16 14:00:00+00:00,9.898583
2026-01-16 15:00:00+00:00,10.5554103
2026-01-16 16:00:00+00:00,11.0754557
2026-01-16 17:00:00+00:00,10.9708235
2026-01-16 18:00:00+00:00,10.4783706
2026-01-16 19:00:00+00:00,9.971210500000002
2026-01-16 20:00:00+00:00,9.449549399999999
2026-01-16 21:00:00+00:00,9.367653299999999
2026-01-16 22:00:00+00:00,9.2166872
2026-01-16 23:00:00+00:00,8.653358200000001
2026-01-17 00:00:00+00:00,8.2000167
2026-01-17 01:00:00+00:00,7.8131347999999985
2026-01-17 02:00:00+00:00,7.5397757
2026-01-17 03:00:00+00:00,7.415847899999999
2026-01-17 04:00:00+00:00,7.480167100000001
2026-01-17 05:00:00+00:00,7.8149353
2026-01-17 06:00:00+00:00,8.266202799999999
2026-01-17 07:00:00+00:00,8.9290119
2026-01-17 08:00:00+00:00,9.1934866
2026-01-17 09:00:00+00:00,8.899626
2026-01-17 10:00:00+00:00,8.740067900000001
2026-01-17 11:00:00+00:00,8.6233836
2026-01-17 12:00:00+00:00,8.6142109
2026-01-17 13:00:00+00:00,8.858849
2026-01-17 14:00:00+00:00,9.478106599999998
2026-01-17 15:00:00+00:00,10.1584257
2026-01-17 16:00:00+00:00,10.7840968
2026-01-17 17:00:00+00:00,10.8329939
2026-01-17 18:00:00+00:00,10.3734981
2026-01-17 19:00:00+00:00,9.9114689
2026-01-17 20:00:00+00:00,9.468691000000002
2026-01-17 21:00:00+00:00,9.322536699999999
2026-01-17 22:00:00+00:00,9.283142100000001
2026-01-17 23:00:00+00:00,8.474437700000001
2026-01-18 00:00:00+00:00,8.1495342
2026-01-18 01:00:00+00:00,7.834053
2026-01-18 02:00:00+00:00,7.6418873
2026-01-18 03:00:00+00:00,7.593971199999999
2026-01-18 04:00:00+00:00,7.6317902
2026-01-18 05:00:00+00:00,7.825555099999999
2026-01-18 06:00:00+00:00,8.0463217
2026-01-18 07:00:00+00:00,8.502610800000001
2026-01-18 08:00:00+00:00,8.5663663
2026-01-18 09:00:00+00:00,8.059352099999998
2026-01-18 10:00:00+00:00,7.628157200000001
2026-01-18 11:00:00+00:00,7.2600254
2026-01-18 12:00:00+00:00,7.16413
2026-01-18 13:00:00+00:00,7.5941215
2026-01-18 14:00:00+00:00,8.5016558
2026-01-18 15:00:00+00:00,9.545483800000001
2026-01-18 16:00:00+00:00,10.4439438
2026-01-18 17:00:00+00:00,10.6477632
2026-01-18 18:00:00+00:00,10.4206102
2026-01-18 19:00:00+00:00,10.048145900000002
2026-01-18 20:00:00+00:00,9.6260563
2026-01-18 21:00:00+00:00,9.3940907
2026-01-18 22:00:00+00:00,9.132752499999999
2026-01-18 23:00:00+00:00,8.4507678
2026-01-19 00:00:00+00:00,8.0853799
2026-01-19 01:00:00+00:00,7.826976200000001
2026-01-19 02:00:00+00:00,7.7907454000000005
2026-01-19 03:00:00+00:00,8.028493600000001
2026-01-19 04:00:00+00:00,8.5886073
2026-01-19 05:00:00+00:00,9.7200892
2026-01-19 06:00:00+00:00,10.6833743
2026-01-19 07:00:00+00:00,11.429793
2026-01-19 08:00:00+00:00,11.4498949
2026-01-19 09:00:00+00:00,10.545935700000001
2026-01-19 10:00:00+00:00,9.8466474
2026-01-19 11:00:00+00:00,9.206054600000002
2026-01-19 12:00:00+00:00,9.084104700000001
2026-01-19 13:00:00+00:00,9.4208903
2026-01-19 14:00:00+00:00,10.157380700000001
2026-01-19 15:00:00+00:00,11.0005741
2026-01-19 16:00:00+00:00,11.6588844
2026-01-19 17:00:00+00:00,11.677367799999999
2026-01-19 18:00:00+00:00,11.0962867
2026-01-19 19:00:00+00:00,10.3030334
2026-01-19 20:00:00+00:00,9.6002101
2026-01-19 21:00:00+00:00,9.226713199999999
2026-01-19 22:00:00+00:00,8.8685318
2026-01-19 23:00:00+00:00,8.0286641
2026-01-20 00:00:00+00:00,7.689454899999999
2026-01-20 01:00:00+00:00,7.4204039
2026-01-20 02:00:00+00:00,7.298895300000002
2026-01-20 03:00:00+00:00,7.4096869000000005
2026-01-20 04:00:00+00:00,7.914543199999999
2026-01-20 05:00:00+00:00,8.994351400000001
2026-01-20 06:00:00+00:00,10.0670898
2026-01-20 07:00:00+00:00,10.638819900000001
2026-01-20 08:00:00+00:00,10.3316295
2026-01-20 09:00:00+00:00,9.2217073
2026-01-20 10:00:00+00:00,8.269503799999999
2026-01-20 11:00:00+00:00,7.615967000000001
2026-01-20 12:00:00+00:00,7.576402400000001
2026-01-20 13:00:00+00:00,8.169740899999999
2026-01-20 14:00:00+00:00,9.254093699999999
2026-01-20 15:00:00+00:00,10.0947488
2026-01-20 16:00:00+00:00,10.7343418
2026-01-20 17:00:00+00:00,10.590781999999999
2026-01-20 18:00:00+00:00,9.896762800000001
2026-01-20 19:00:00+00:00,9.225833399999999
2026-01-20 20:00:00+00:00,8.6296369
2026-01-20 21:00:00+00:00,8.4482752
2026-01-20 22:00:00+00:00,8.215049
2026-01-20 23:00:00+00:00,6.5012767
2026-01-21 00:00:00+00:00,5.796162500000001
2026-01-21 01:00:00+00:00,5.3557126
2026-01-21 02:00:00+00:00,5.1254437
2026-01-21 03:00:00+00:00,5.161198300000001
2026-01-21 04:00:00+00:00,5.5917463000000005
2026-01-21 05:00:00+00:00,6.6640139000000005
2026-01-21 06:00:00+00:00,7.7170015
2026-01-21 07:00:00+00:00,8.3012293
2026-01-21 08:00:00+00:00,8.281284
2026-01-21 09:00:00+00:00,7.7518212
2026-01-21 10:00:00+00:00,7.2844839
2026-01-21 11:00:00+00:00,6.854538800000002
2026-01-21 12:00:00+00:00,6.829491299999999
2026-01-21 13:00:00+00:00,6.896932600000001
2026-01-21 14:00:00+00:00,7.348067300000002
2026-01-21 15:00:00+00:00,7.936035899999999
2026-01-21 16:00:00+00:00,8.529512
2026-01-21 17:00:00+00:00,8.4632524
2026-01-21 18:00:00+00:00,7.990409199999999
2026-01-21 19:00:00+00:00,7.3550325999999995
2026-01-21 20:00:00+00:00,6.816428800000001
2026-01-21 21:00:00+00:00,6.719670000000001
2026-01-21 22:00:00+00:00,6.6891644999999995
2026-01-21 23:00:00+00:00,6.6563863
2026-01-22 00:00:00+00:00,6.382479900000002
2026-01-22 01:00:00+00:00,6.2850985999999995
2026-01-22 02:00:00+00:00,6.2213222
2026-01-22 03:00:00+00:00,6.283923500000001
2026-01-22 04:00:00+00:00,6.7047467
2026-01-22 05:00:00+00:00,7.767951500000001
2026-01-22 06:00:00+00:00,8.7295209
2026-01-22 07:00:00+00:00,9.2045702
2026-01-22 08:00:00+00:00,8.860436700000001
2026-01-22 09:00:00+00:00,7.869263799999999
2026-01-22 10:00:00+00:00,7.2790663
2026-01-22 11:00:00+00:00,7.0666325
2026-01-22 12:00:00+00:00,7.466713800000001
2026-01-22 13:00:00+00:00,8.1079387
2026-01-22 14:00:00+00:00,8.855501799999999
2026-01-22 15:00:00+00:00,9.4461585
2026-01-22 16:00:00+00:00,10.0137195
2026-01-22 17:00:00+00:00,9.968820800000001
2026-01-22 18:00:00+00:00,9.4212511
2026-01-22 19:00:00+00:00,8.791493500000001
2026-01-22 20:00:00+00:00,8.3264183
2026-01-22 21:00:00+00:00,8.2802712
2026-01-22 22:00:00+00:00,8.2505542
2026-01-22 23:00:00+00:00,7.602459400000001
2026-01-23 00:00:00+00:00,7.4638928
2026-01-23 01:00:00+00:00,7.2896315000000005
2026-01-23 02:00:00+00:00,7.227515
2026-01-23 03:00:00+00:00,7.266802
2026-01-23 04:00:00+00:00,7.5566749
2026-01-23 05:00:00+00:00,8.3879903
2026-01-23 06:00:00+00:00,9.191298900000001
2026-01-23 07:00:00+00:00,9.509768
2026-01-23 08:00:00+00:00,9.0640805
2026-01-23 09:00:00+00:00,8.0686672
2026-01-23 10:00:00+00:00,7.3545597
2026-01-23 11:00:00+00:00,6.908999600000001
2026-01-23 12:00:00+00:00,7.0853242000000005
2026-01-23 13:00:00+00:00,7.593474600000002
2026-01-23 14:00:00+00:00,8.2511209
2026-01-23 15:00:00+00:00,8.897647000000003
2026-01-23 16:00:00+00:00,9.5451224
2026-01-23 17:00:00+00:00,9.581429400000001
2026-01-23 18:00:00+00:00,9.1309652
2026-01-23 19:00:00+00:00,8.5506556
2026-01-23 20:00:00+00:00,8.0453936
2026-01-23 21:00:00+00:00,7.9609475
2026-01-23 22:00:00+00:00,7.8815054
2026-01-23 23:00:00+00:00,7.937428000000001
2026-01-24 00:00:00+00:00,7.488976499999999
2026-01-24 01:00:00+00:00,7.172840900000001
2026-01-24 02:00:00+00:00,7.0404661
2026-01-24 03:00:00+00:00,6.9904031
2026-01-24 04:00:00+00:00,7.0860359
2026-01-24 05:00:00+00:00,7.403161599999999
2026-01-24 06:00:00+00:00,7.861687399999999
2026-01-24 07:00:00+00:00,8.420101800000001
2026-01-24 08:00:00+00:00,8.2715955
2026-01-24 09:00:00+00:00,7.522708999999999
2026-01-24 10:00:00+00:00,6.8061418000000025
2026-01-24 11:00:00+00:00,6.2134626
2026-01-24 12:00:00+00:00,6.149203300000002
2026-01-24 13:00:00+00:00,6.528687400000002
2026-01-24 14:00:00+00:00,7.541828199999999
2026-01-24 15:00:00+00:00,8.739729899999999
2026-01-24 16:00:00+00:00,9.591439900000001
2026-01-24 17:00:00+00:00,9.5088929
2026-01-24 18:00:00+00:00,8.849559900000001
2026-01-24 19:00:00+00:00,8.282725199999998
2026-01-24 20:00:00+00:00,7.838160599999999
2026-01-24 21:00:00+00:00,7.736536399999999
2026-01-24 22:00:00+00:00,7.738961500000001
2026-01-24 23:00:00+00:00,7.4587446
2026-01-25 00:00:00+00:00,7.1719996
2026-01-25 01:00:00+00:00,6.9026859
2026-01-25 02:00:00+00:00,6.760866899999999
2026-01-25 03:00:00+00:00,6.7441674
2026-01-25 04:00:00+00:00,6.8511413999999995
2026-01-25 05:00:00+00:00,7.147297200000001
2026-01-25 06:00:00+00:00,7.4618799000000005
2026-01-25 07:00:00+00:00,7.8575512
2026-01-25 08:00:00+00:00,7.824897699999999
2026-01-25 09:00:00+00:00,7.3230689
2026-01-25 10:00:00+00:00,7.0000695
2026-01-25 11:00:00+00:00,6.8501798
2026-01-25 12:00:00+00:00,6.887719599999999
2026-01-25 13:00:00+00:00,7.2786712
2026-01-25 14:00:00+00:00,8.080093699999999
2026-01-25 15:00:00+00:00,8.970029599999998
2026-01-25 16:00:00+00:00,9.9091827
2026-01-25 17:00:00+00:00,10.2518455
2026-01-25 18:00:00+00:00,9.9978173
2026-01-25 19:00:00+00:00,9.707401099999998
2026-01-25 20:00:00+00:00,9.3807714
2026-01-25 21:00:00+00:00,9.300402499999999
2026-01-25 22:00:00+00:00,9.154133
2026-01-25 23:00:00+00:00,8.7303602
2026-01-26 00:00:00+00:00,8.4961006
2026-01-26 01:00:00+00:00,8.2462921
2026-01-26 02:00:00+00:00,8.111442199999999
2026-01-26 03:00:00+00:00,8.1917386
2026-01-26 04:00:00+00:00,8.723519
2026-01-26 05:00:00+00:00,9.8811491
2026-01-26 06:00:00+00:00,11.064541899999998
2026-01-26 07:00:00+00:00,11.904366600000001
2026-01-26 08:00:00+00:00,11.8825345
2026-01-26 09:00:00+00:00,11.306043599999999
2026-01-26 10:00:00+00:00,10.8863696
2026-01-26 11:00:00+00:00,10.264557100000001
2026-01-26 12:00:00+00:00,10.088919999999998
2026-01-26 13:00:00+00:00,10.097710000000001
2026-01-26 14:00:00+00:00,10.6232507
2026-01-26 15:00:00+00:00,11.1606213
2026-01-26 16:00:00+00:00,11.861819400000002
2026-01-26 17:00:00+00:00,12.1204165
2026-01-26 18:00:00+00:00,11.6115526
2026-01-26 19:00:00+00:00,10.8873625
2026-01-26 20:00:00+00:00,10.1127329
2026-01-26 21:00:00+00:00,9.646596
2026-01-26 22:00:00+00:00,9.1758073
2026-01-26 23:00:00+00:00,8.3251038
2026-01-27 00:00:00+00:00,7.6154991
2026-01-27 01:00:00+00:00,7.0509562
2026-01-27 02:00:00+00:00,6.6753477
2026-01-27 03:00:00+00:00,6.4898071
2026-01-27 04:00:00+00:00,6.638841299999999
2026-01-27 05:00:00+00:00,7.4221678
2026-01-27 06:00:00+00:00,8.1725658
2026-01-27 07:00:00+00:00,8.5421997
2026-01-27 08:00:00+00:00,8.797497100000001
2026-01-27 09:00:00+00:00,8.634666900000001
2026-01-27 10:00:00+00:00,8.434663100000002
2026-01-27 11:00:00+00:00,8.219282699999999
2026-01-27 12:00:00+00:00,8.4057872
2026-01-27 13:00:00+00:00,8.5687475
2026-01-27 14:00:00+00:00,8.918321800000001
2026-01-27 15:00:00+00:00,9.3894147
2026-01-27 16:00:00+00:00,10.2095427
2026-01-27 17:00:00+00:00,10.601151400000001
2026-01-27 18:00:00+00:00,10.335545999999999
2026-01-27 19:00:00+00:00,9.847922200000001
2026-01-27 20:00:00+00:00,9.428578199999999
2026-01-27 21:00:00+00:00,9.284670700000001
2026-01-27 22:00:00+00:00,9.220798400000001
2026-01-27 23:00:00+00:00,8.9563138
2026-01-28 00:00:00+00:00,8.7219744
2026-01-28 01:00:00+00:00,8.5641225
2026-01-28 02:00:00+00:00,8.5483011
2026-01-28 03:00:00+00:00,8.6752714
2026-01-28 04:00:00+00:00,9.1232277
2026-01-28 05:00:00+00:00,10.1790631
2026-01-28 06:00:00+00:00,11.1697101
2026-01-28 07:00:00+00:00,11.6982355
2026-01-28 08:00:00+00:00,11.695348899999999
2026-01-28 09:00:00+00:00,11.3639423
2026-01-28 10:00:00+00:00,11.1132092
2026-01-28 11:00:00+00:00,10.736391300000001
2026-01-28 12:00:00+00:00,10.5532327
2026-01-28 13:00:00+00:00,10.6286638
2026-01-28 14:00:00+00:00,10.9543255
2026-01-28 15:00:00+00:00,11.2673581
2026-01-28 16:00:00+00:00,11.8948636
2026-01-28 17:00:00+00:00,12.1063782
2026-01-28 18:00:00+00:00,11.7300948
2026-01-28 19:00:00+00:00,11.1194121
2026-01-28 20:00:00+00:00,10.572164999999998
2026-01-28 21:00:00+00:00,10.3622242
2026-01-28 22:00:00+00:00,10.0664685
2026-01-28 23:00:00+00:00,9.620739
2026-01-29 00:00:00+00:00,9.2225383
2026-01-29 01:00:00+00:00,8.9274203
2026-01-29 02:00:00+00:00,8.7917797
2026-01-29 03:00:00+00:00,8.854506399999998
2026-01-29 04:00:00+00:00,9.260570099999999
2026-01-29 05:00:00+00:00,10.293666
2026-01-29 06:00:00+00:00,11.290583400000001
2026-01-29 07:00:00+00:00,11.8683405
2026-01-29 08:00:00+00:00,12.033008999999998
2026-01-29 09:00:00+00:00,11.636318500000002
2026-01-29 10:00:00+00:00,11.366193299999999
2026-01-29 11:00:00+00:00,10.950628000000002
2026-01-29 12:00:00+00:00,10.826001399999999
2026-01-29 13:00:00+00:00,10.721664800000001
2026-01-29 14:00:00+00:00,10.904368199999999
2026-01-29 15:00:00+00:00,11.227349300000002
2026-01-29 16:00:00+00:00,11.8286141
2026-01-29 17:00:00+00:00,11.9428429
2026-01-29 18:00:00+00:00,11.4200882
2026-01-29 19:00:00+00:00,10.7170091
2026-01-29 20:00:00+00:00,9.935734700000001
2026-01-29 21:00:00+00:00,9.5283935
2026-01-29 22:00:00+00:00,9.172536299999999
2026-01-29 23:00:00+00:00,8.635263
2026-01-30 00:00:00+00:00,8.104444
2026-01-30 01:00:00+00:00,7.7120715
2026-01-30 02:00:00+00:00,7.4502682
2026-01-30 03:00:00+00:00,7.290186
2026-01-30 04:00:00+00:00,7.49752
2026-01-30 05:00:00+00:00,8.3978167
2026-01-30 06:00:00+00:00,9.3444225
2026-01-30 07:00:00+00:00,9.892129100000002
2026-01-30 08:00:00+00:00,9.743657500000001
2026-01-30 09:00:00+00:00,9.119677
2026-01-30 10:00:00+00:00,8.839585499999998
2026-01-30 11:00:00+00:00,8.545580300000001
2026-01-30 12:00:00+00:00,8.702115100000002
2026-01-30 13:00:00+00:00,8.9665985
2026-01-30 14:00:00+00:00,9.3263564
2026-01-30 15:00:00+00:00,9.7026474
2026-01-30 16:00:00+00:00,10.0588644
2026-01-30 17:00:00+00:00,9.852157
2026-01-30 18:00:00+00:00,9.121558400000001
2026-01-30 19:00:00+00:00,8.3957732
2026-01-30 20:00:00+00:00,7.751880400000001
2026-01-30 21:00:00+00:00,7.6095501
2026-01-30 22:00:00+00:00,7.589988399999999
2026-01-30 23:00:00+00:00,7.7323635
2026-01-31 00:00:00+00:00,7.5001902
2026-01-31 01:00:00+00:00,7.409516900000001
2026-01-31 02:00:00+00:00,7.4115123
2026-01-31 03:00:00+00:00,7.486238300000001
2026-01-31 04:00:00+00:00,7.714549899999999
2026-01-31 05:00:00+00:00,8.1284183
2026-01-31 06:00:00+00:00,8.5756171
2026-01-31 07:00:00+00:00,9.1284027
2026-01-31 08:00:00+00:00,9.374950600000002
2026-01-31 09:00:00+00:00,9.2062959
2026-01-31 10:00:00+00:00,8.9269816
2026-01-31 11:00:00+00:00,8.6302211
2026-01-31 12:00:00+00:00,8.4239705
2026-01-31 13:00:00+00:00,8.513009999999998
2026-01-31 14:00:00+00:00,8.9731271
2026-01-31 15:00:00+00:00,9.5791321
2026-01-31 16:00:00+00:00,10.2662882
2026-01-31 17:00:00+00:00,10.577552599999999
2026-01-31 18:00:00+00:00,10.169317
2026-01-31 19:00:00+00:00,9.6285458
2026-01-31 20:00:00+00:00,9.213998100000001
2026-01-31 21:00:00+00:00,9.091492
2026-01-31 22:00:00+00:00,8.969739899999999
2026-01-31 23:00:00+00:00,8.427875100000001
2026-02-01 00:00:00+00:00,7.865791900000001
2026-02-01 01:00:00+00:00,7.5204598
2026-02-01 02:00:00+00:00,7.333494600000001
2026-02-01 03:00:00+00:00,7.211646899999999
2026-02-01 04:00:00+00:00,7.186304000000001
2026-02-01 05:00:00+00:00,7.4646395000000005
2026-02-01 06:00:00+00:00,7.647003499999999
2026-02-01 07:00:00+00:00,7.927168
2026-02-01 08:00:00+00:00,8.0638117
2026-02-01 09:00:00+00:00,7.9632187000000005
2026-02-01 10:00:00+00:00,7.9174386
2026-02-01 11:00:00+00:00,7.955634499999999
2026-02-01 12:00:00+00:00,7.907963500000001
2026-02-01 13:00:00+00:00,7.965844800000001
2026-02-01 14:00:00+00:00,8.2760437
2026-02-01 15:00:00+00:00,8.6213574
2026-02-01 16:00:00+00:00,9.208407300000001
2026-02-01 17:00:00+00:00,9.7735561
2026-02-01 18:00:00+00:00,9.6542848
2026-02-01 19:00:00+00:00,9.189849099999998
2026-02-01 20:00:00+00:00,8.7365447
2026-02-01 21:00:00+00:00,8.6067437
2026-02-01 22:00:00+00:00,8.441924100000001
2026-02-01 23:00:00+00:00,7.2731404
2026-02-02 00:00:00+00:00,6.8606036999999995
2026-02-02 01:00:00+00:00,6.715467599999998
2026-02-02 02:00:00+00:00,6.7513939999999995
2026-02-02 03:00:00+00:00,7.048377
2026-02-02 04:00:00+00:00,7.7615573
2026-02-02 05:00:00+00:00,8.9630405
2026-02-02 06:00:00+00:00,10.217212
2026-02-02 07:00:00+00:00,11.0131645
2026-02-02 08:00:00+00:00,11.210992
2026-02-02 09:00:00+00:00,10.6875626
2026-02-02 10:00:00+00:00,10.095953999999999
2026-02-02 11:00:00+00:00,9.462917999999998
2026-02-02 12:00:00+00:00,9.2613915
2026-02-02 13:00:00+00:00,9.190976200000001
2026-02-02 14:00:00+00:00,9.5184026
2026-02-02 15:00:00+00:00,10.148619
2026-02-02 16:00:00+00:00,10.7427902
2026-02-02 17:00:00+00:00,10.7129587
2026-02-02 18:00:00+00:00,9.8255817
2026-02-02 19:00:00+00:00,8.9295189
2026-02-02 20:00:00+00:00,8.131676200000001
2026-02-02 21:00:00+00:00,7.750311799999999
2026-02-02 22:00:00+00:00,7.360882200000001
2026-02-02 23:00:00+00:00,6.2461947
2026-02-03 00:00:00+00:00,5.789237099999999
2026-02-03 01:00:00+00:00,5.473937799999999
2026-02-03 02:00:00+00:00,5.3167335
2026-02-03 03:00:00+00:00,5.408025
2026-02-03 04:00:00+00:00,5.887883400000001
2026-02-03 05:00:00+00:00,6.958103500000002
2026-02-03 06:00:00+00:00,8.0064918
2026-02-03 07:00:00+00:00,8.6334579
2026-02-03 08:00:00+00:00,8.992944900000001
2026-02-03 09:00:00+00:00,8.842819000000002
2026-02-03 10:00:00+00:00,8.7296193
2026-02-03 11:00:00+00:00,8.402440200000001
2026-02-03 12:00:00+00:00,8.347092499999999
2026-02-03 13:00:00+00:00,8.4405204
2026-02-03 14:00:00+00:00,8.8125079
2026-02-03 15:00:00+00:00,9.2536085
2026-02-03 16:00:00+00:00,9.8488659
2026-02-03 17:00:00+00:00,10.306339
2026-02-03 18:00:00+00:00,9.9965676
2026-02-03 19:00:00+00:00,9.348343700000001
2026-02-03 20:00:00+00:00,8.7246349
2026-02-03 21:00:00+00:00,8.4692911
2026-02-03 22:00:00+00:00,8.1834621
2026-02-03 23:00:00+00:00,7.9802368999999995
2026-02-04 00:00:00+00:00,7.524451200000001
2026-02-04 01:00:00+00:00,7.3388290000000005
2026-02-04 02:00:00+00:00,7.3258615
2026-02-04 03:00:00+00:00,7.512465000000001
2026-02-04 04:00:00+00:00,8.0645718
2026-02-04 05:00:00+00:00,9.1901467
2026-02-04 06:00:00+00:00,10.2797248
2026-02-04 07:00:00+00:00,10.5882163
2026-02-04 08:00:00+00:00,9.9091113
2026-02-04 09:00:00+00:00,8.5618955
2026-02-04 10:00:00+00:00,7.486225400000001
2026-02-04 11:00:00+00:00,6.8479217000000006
2026-02-04 12:00:00+00:00,6.9715393
2026-02-04 13:00:00+00:00,7.5435229999999995
2026-02-04 14:00:00+00:00,8.5027244
2026-02-04 15:00:00+00:00,9.3506877
2026-02-04 16:00:00+00:00,9.978412700000002
2026-02-04 17:00:00+00:00,9.9461859
2026-02-04 18:00:00+00:00,9.1211205
2026-02-04 19:00:00+00:00,8.265429800000001
2026-02-04 20:00:00+00:00,7.5150611
2026-02-04 21:00:00+00:00,7.311097499999999
2026-02-04 22:00:00+00:00,7.0676869
2026-02-04 23:00:00+00:00,6.406998
2026-02-05 00:00:00+00:00,6.132471300000001
2026-02-05 01:00:00+00:00,5.8584106
2026-02-05 02:00:00+00:00,5.7853116
2026-02-05 03:00:00+00:00,5.871530400000001
2026-02-05 04:00:00+00:00,6.3569958999999985
2026-02-05 05:00:00+00:00,7.4257074
2026-02-05 06:00:00+00:00,8.5041911
2026-02-05 07:00:00+00:00,9.0528991
2026-02-05 08:00:00+00:00,9.0822355
2026-02-05 09:00:00+00:00,8.577263199999999
2026-02-05 10:00:00+00:00,8.430651000000001
2026-02-05 11:00:00+00:00,8.3795119
2026-02-05 12:00:00+00:00,8.7207218
2026-02-05 13:00:00+00:00,9.0115164
2026-02-05 14:00:00+00:00,9.240608300000002
2026-02-05 15:00:00+00:00,9.6166212
2026-02-05 16:00:00+00:00,10.1195878
2026-02-05 17:00:00+00:00,10.3491109
2026-02-05 18:00:00+00:00,9.980075
2026-02-05 19:00:00+00:00,9.4544176
2026-02-05 20:00:00+00:00,8.932193700000001
2026-02-05 21:00:00+00:00,8.797623699999999
2026-02-05 22:00:00+00:00,8.5823746
2026-02-05 23:00:00+00:00,8.3508762
2026-02-06 00:00:00+00:00,7.930660199999999
2026-02-06 01:00:00+00:00,7.671994000000001
2026-02-06 02:00:00+00:00,7.5796233
2026-02-06 03:00:00+00:00,7.6002818
2026-02-06 04:00:00+00:00,7.8931936
2026-02-06 05:00:00+00:00,8.8469421
2026-02-06 06:00:00+00:00,9.7900974
2026-02-06 07:00:00+00:00,10.3639764
2026-02-06 08:00:00+00:00,10.6756786
2026-02-06 09:00:00+00:00,10.5098119
2026-02-06 10:00:00+00:00,10.215257
2026-02-06 11:00:00+00:00,9.777706199999999
2026-02-06 12:00:00+00:00,9.6576561
2026-02-06 13:00:00+00:00,9.510902
2026-02-06 14:00:00+00:00,9.635690199999999
2026-02-06 15:00:00+00:00,9.878486500000001
2026-02-06 16:00:00+00:00,10.33306
2026-02-06 17:00:00+00:00,10.451341499999998
2026-02-06 18:00:00+00:00,9.863994
2026-02-06 19:00:00+00:00,9.1468882
2026-02-06 20:00:00+00:00,8.491763800000001
2026-02-06 21:00:00+00:00,8.2422108
2026-02-06 22:00:00+00:00,7.903272299999999
2026-02-06 23:00:00+00:00,7.5864622000000015
2026-02-07 00:00:00+00:00,7.1402197
2026-02-07 01:00:00+00:00,6.805775300000001
2026-02-07 02:00:00+00:00,6.638964300000001
2026-02-07 03:00:00+00:00,6.6122504
2026-02-07 04:00:00+00:00,6.6550685000000005
2026-02-07 05:00:00+00:00,6.952121099999999
2026-02-07 06:00:00+00:00,7.294537500000001
2026-02-07 07:00:00+00:00,7.4815417
2026-02-07 08:00:00+00:00,6.968993899999999
2026-02-07 09:00:00+00:00,6.050534699999999
2026-02-07 10:00:00+00:00,5.4315463
2026-02-07 11:00:00+00:00,5.0323133
2026-02-07 12:00:00+00:00,4.895172300000001
2026-02-07 13:00:00+00:00,5.412923
2026-02-07 14:00:00+00:00,6.411946400000001
2026-02-07 15:00:00+00:00,7.565696099999999
2026-02-07 16:00:00+00:00,8.6794104
2026-02-07 17:00:00+00:00,9.0957481
2026-02-07 18:00:00+00:00,8.603802600000002
2026-02-07 19:00:00+00:00,7.959758600000001
2026-02-07 20:00:00+00:00,7.469381299999999
2026-02-07 21:00:00+00:00,7.3932605
2026-02-07 22:00:00+00:00,7.333152500000001
2026-02-07 23:00:00+00:00,6.9464046999999995
2026-02-08 00:00:00+00:00,6.790143
2026-02-08 01:00:00+00:00,6.7352797
2026-02-08 02:00:00+00:00,6.7697576
2026-02-08 03:00:00+00:00,6.8764408999999995
2026-02-08 04:00:00+00:00,7.0830836999999995
2026-02-08 05:00:00+00:00,7.459589
2026-02-08 06:00:00+00:00,7.7862466999999995
2026-02-08 07:00:00+00:00,8.039159999999999
2026-02-08 08:00:00+00:00,7.6764862
2026-02-08 09:00:00+00:00,6.8821925
2026-02-08 10:00:00+00:00,6.250181399999999
2026-02-08 11:00:00+00:00,5.9102337
2026-02-08 12:00:00+00:00,5.714402699999999
2026-02-08 13:00:00+00:00,5.9402416
2026-02-08 14:00:00+00:00,7.023744
2026-02-08 15:00:00+00:00,8.295019100000001
2026-02-08 16:00:00+00:00,9.600095
2026-02-08 17:00:00+00:00,10.3224489
2026-02-08 18:00:00+00:00,10.0689029
2026-02-08 19:00:00+00:00,9.6543794
2026-02-08 20:00:00+00:00,9.146656400000001
2026-02-08 21:00:00+00:00,8.9185155
2026-02-08 22:00:00+00:00,8.6825423
2026-02-08 23:00:00+00:00,8.158672900000001
2026-02-09 00:00:00+00:00,7.708102800000001
2026-02-09 01:00:00+00:00,7.448991400000001
2026-02-09 02:00:00+00:00,7.355083099999999
2026-02-09 03:00:00+00:00,7.5182995
2026-02-09 04:00:00+00:00,8.0654765
2026-02-09 05:00:00+00:00,9.115877499999998
2026-02-09 06:00:00+00:00,10.2088842
2026-02-09 07:00:00+00:00,10.6100967
2026-02-09 08:00:00+00:00,10.1876537
2026-02-09 09:00:00+00:00,9.207545499999998
2026-02-09 10:00:00+00:00,8.3991926
2026-02-09 11:00:00+00:00,7.6642932
2026-02-09 12:00:00+00:00,7.5666659
2026-02-09 13:00:00+00:00,7.807971200000001
2026-02-09 14:00:00+00:00,8.5826328
2026-02-09 15:00:00+00:00,9.5183018
2026-02-09 16:00:00+00:00,10.4702895
2026-02-09 17:00:00+00:00,10.755110799999999
2026-02-09 18:00:00+00:00,10.148891299999999
2026-02-09 19:00:00+00:00,9.384750700000001
2026-02-09 20:00:00+00:00,8.657761
2026-02-09 21:00:00+00:00,8.336109
2026-02-09 22:00:00+00:00,8.0178659
2026-02-09 23:00:00+00:00,7.163532
2026-02-10 00:00:00+00:00,6.697151000000001
2026-02-10 01:00:00+00:00,6.5616035
2026-02-10 02:00:00+00:00,6.590743
2026-02-10 03:00:00+00:00,6.8082266
2026-02-10 04:00:00+00:00,7.390266299999999
2026-02-10 05:00:00+00:00,8.607502300000002
2026-02-10 06:00:00+00:00,9.746241900000001
2026-02-10 07:00:00+00:00,10.405921000000001
2026-02-10 08:00:00+00:00,10.7032557
2026-02-10 09:00:00+00:00,10.3633433
2026-02-10 10:00:00+00:00,10.022816200000001
2026-02-10 11:00:00+00:00,9.4722339
2026-02-10 12:00:00+00:00,9.281275099999998
2026-02-10 13:00:00+00:00,9.2420747
2026-02-10 14:00:00+00:00,9.4174986
2026-02-10 15:00:00+00:00,9.851631000000001
2026-02-10 16:00:00+00:00,10.428826599999999
2026-02-10 17:00:00+00:00,10.774058199999999
2026-02-10 18:00:00+00:00,10.3112268
2026-02-10 19:00:00+00:00,9.603793
2026-02-10 20:00:00+00:00,8.9497775
2026-02-10 21:00:00+00:00,8.690452800000001
2026-02-10 22:00:00+00:00,8.450035
2026-02-10 23:00:00+00:00,8.099658199999999
2026-02-11 00:00:00+00:00,7.626606499999999
2026-02-11 01:00:00+00:00,7.2593522
2026-02-11 02:00:00+00:00,7.016341399999999
2026-02-11 03:00:00+00:00,6.884710300000001
2026-02-11 04:00:00+00:00,7.191656500000001
2026-02-11 05:00:00+00:00,8.172439899999999
2026-02-11 06:00:00+00:00,9.045893699999999
2026-02-11 07:00:00+00:00,9.4547413
2026-02-11 08:00:00+00:00,9.3868398
2026-02-11 09:00:00+00:00,8.832225900000001
2026-02-11 10:00:00+00:00,8.244488500000003
2026-02-11 11:00:00+00:00,7.3902348
2026-02-11 12:00:00+00:00,6.752857
2026-02-11 13:00:00+00:00,6.376717200000002
2026-02-11 14:00:00+00:00,6.4442618000000005
2026-02-11 15:00:00+00:00,6.7874845
2026-02-11 16:00:00+00:00,7.584657699999999
2026-02-11 17:00:00+00:00,8.262065600000001
2026-02-11 18:00:00+00:00,8.2198858
2026-02-11 19:00:00+00:00,7.9633933
2026-02-11 20:00:00+00:00,7.7195754
2026-02-11 21:00:00+00:00,7.850397399999999
2026-02-11 22:00:00+00:00,7.745267699999999
2026-02-11 23:00:00+00:00,8.312222
2026-02-12 00:00:00+00:00,7.9366257
2026-02-12 01:00:00+00:00,7.6889139
2026-02-12 02:00:00+00:00,7.6177362
2026-02-12 03:00:00+00:00,7.700273000000001
2026-02-12 04:00:00+00:00,8.0880287
2026-02-12 05:00:00+00:00,9.011490700000001
2026-02-12 06:00:00+00:00,9.8970615
2026-02-12 07:00:00+00:00,10.2793797
2026-02-12 08:00:00+00:00,10.1472896
2026-02-12 09:00:00+00:00,9.4875579
2026-02-12 10:00:00+00:00,8.9062819
2026-02-12 11:00:00+00:00,8.1614875
2026-02-12 12:00:00+00:00,7.810087800000001
2026-02-12 13:00:00+00:00,7.681010799999999
2026-02-12 14:00:00+00:00,8.0886928
2026-02-12 15:00:00+00:00,8.729811900000001
2026-02-12 16:00:00+00:00,9.5986428
2026-02-12 17:00:00+00:00,10.093638200000001
2026-02-12 18:00:00+00:00,9.6380353
2026-02-12 19:00:00+00:00,8.9815702
2026-02-12 20:00:00+00:00,8.394962500000002
2026-02-12 21:00:00+00:00,8.2570737
2026-02-12 22:00:00+00:00,8.118302000000002
2026-02-12 23:00:00+00:00,7.7060166
2026-02-13 00:00:00+00:00,7.5616266
2026-02-13 01:00:00+00:00,7.537711699999999
2026-02-13 02:00:00+00:00,7.666021000000001
2026-02-13 03:00:00+00:00,7.9262068
2026-02-13 04:00:00+00:00,8.4308488
2026-02-13 05:00:00+00:00,9.5175056
2026-02-13 06:00:00+00:00,10.559681399999999
2026-02-13 07:00:00+00:00,11.059855599999999
2026-02-13 08:00:00+00:00,11.086897
2026-02-13 09:00:00+00:00,10.633222
2026-02-13 10:00:00+00:00,10.238111
2026-02-13 11:00:00+00:00,9.680917599999999
2026-02-13 12:00:00+00:00,9.5066485
2026-02-13 13:00:00+00:00,9.3385316
2026-02-13 14:00:00+00:00,9.2272831
2026-02-13 15:00:00+00:00,9.1646681
2026-02-13 16:00:00+00:00,9.2975846
2026-02-13 17:00:00+00:00,9.234099
2026-02-13 18:00:00+00:00,8.5823668
2026-02-13 19:00:00+00:00,7.962223700000001
2026-02-13 20:00:00+00:00,7.378984000000001
2026-02-13 21:00:00+00:00,7.135561399999999
2026-02-13 22:00:00+00:00,6.7470708
2026-02-13 23:00:00+00:00,6.638418399999999
2026-02-14 00:00:00+00:00,6.021240500000001
2026-02-14 01:00:00+00:00,5.6390243
2026-02-14 02:00:00+00:00,5.3732334999999996
2026-02-14 03:00:00+00:00,5.2222918
2026-02-14 04:00:00+00:00,5.271967
2026-02-14 05:00:00+00:00,5.6077471
2026-02-14 06:00:00+00:00,6.043528899999999
2026-02-14 07:00:00+00:00,6.5308726
2026-02-14 08:00:00+00:00,6.786864499999999
2026-02-14 09:00:00+00:00,6.5022101
2026-02-14 10:00:00+00:00,6.230227099999999
2026-02-14 11:00:00+00:00,5.9332627
2026-02-14 12:00:00+00:00,5.708944500000001
2026-02-14 13:00:00+00:00,5.847076200000001
2026-02-14 14:00:00+00:00,6.530043399999999
2026-02-14 15:00:00+00:00,7.8418879
2026-02-14 16:00:00+00:00,9.5144776
2026-02-14 17:00:00+00:00,10.4306002
2026-02-14 18:00:00+00:00,10.294372399999999
2026-02-14 19:00:00+00:00,9.9425317
2026-02-14 20:00:00+00:00,9.575624600000001
2026-02-14 21:00:00+00:00,9.5143034
2026-02-14 22:00:00+00:00,9.274136
2026-02-14 23:00:00+00:00,9.0921941
2026-02-15 00:00:00+00:00,8.4362948
2026-02-15 01:00:00+00:00,7.922457400000002
2026-02-15 02:00:00+00:00,7.4537604
2026-02-15 03:00:00+00:00,7.031636299999999
2026-02-15 04:00:00+00:00,6.6186782
2026-02-15 05:00:00+00:00,6.477696700000001
2026-02-15 06:00:00+00:00,6.403656
2026-02-15 07:00:00+00:00,6.249566999999999
2026-02-15 08:00:00+00:00,5.845535999999999
2026-02-15 09:00:00+00:00,5.322171099999999
2026-02-15 10:00:00+00:00,4.981740299999999
2026-02-15 11:00:00+00:00,4.976094000000001
2026-02-15 12:00:00+00:00,5.1097497
2026-02-15 13:00:00+00:00,5.254139900000001
2026-02-15 14:00:00+00:00,5.3951683
2026-02-15 15:00:00+00:00,5.592022300000001
2026-02-15 16:00:00+00:00,6.195403
2026-02-15 17:00:00+00:00,6.9888463000000005
2026-02-15 18:00:00+00:00,7.0604546
2026-02-15 19:00:00+00:00,6.747683100000001
2026-02-15 20:00:00+00:00,6.372098000000001
2026-02-15 21:00:00+00:00,6.0792418
2026-02-15 22:00:00+00:00,5.585088699999999
2026-02-15 23:00:00+00:00,5.753241599999999
2026-02-16 00:00:00+00:00,4.839665800000001
2026-02-16 01:00:00+00:00,4.353778900000002
2026-02-16 02:00:00+00:00,4.2071098
2026-02-16 03:00:00+00:00,4.4300287
2026-02-16 04:00:00+00:00,5.131130899999999
2026-02-16 05:00:00+00:00,6.3985430999999995
2026-02-16 06:00:00+00:00,7.5636855
2026-02-16 07:00:00+00:00,8.0061204
2026-02-16 08:00:00+00:00,7.916379700000001
2026-02-16 09:00:00+00:00,7.312585
2026-02-16 10:00:00+00:00,6.693279199999999
2026-02-16 11:00:00+00:00,5.8876191
2026-02-16 12:00:00+00:00,5.460614900000001
2026-02-16 13:00:00+00:00,5.414486799999999
2026-02-16 14:00:00+00:00,5.9933971999999995
2026-02-16 15:00:00+00:00,7.0238046
2026-02-16 16:00:00+00:00,8.2601263
2026-02-16 17:00:00+00:00,9.0007872
2026-02-16 18:00:00+00:00,8.6558238
2026-02-16 19:00:00+00:00,7.932654300000001
2026-02-16 20:00:00+00:00,7.2852998
2026-02-16 21:00:00+00:00,7.153229400000001
2026-02-16 22:00:00+00:00,6.965744500000001
2026-02-16 23:00:00+00:00,7.0901608000000005
2026-02-17 00:00:00+00:00,6.4247339
2026-02-17 01:00:00+00:00,6.0812503
2026-02-17 02:00:00+00:00,5.840579400000001
2026-02-17 03:00:00+00:00,5.7088806000000005
2026-02-17 04:00:00+00:00,5.965434
2026-02-17 05:00:00+00:00,6.8529672
2026-02-17 06:00:00+00:00,7.6665741
2026-02-17 07:00:00+00:00,7.969729599999999
2026-02-17 08:00:00+00:00,7.6933037
2026-02-17 09:00:00+00:00,6.855053999999999
2026-02-17 10:00:00+00:00,6.014669900000001
2026-02-17 11:00:00+00:00,5.256814300000001
2026-02-17 12:00:00+00:00,4.980769
2026-02-17 13:00:00+00:00,5.0960535
2026-02-17 14:00:00+00:00,5.769117299999999
2026-02-17 15:00:00+00:00,6.825271
2026-02-17 16:00:00+00:00,8.233998699999999
2026-02-17 17:00:00+00:00,9.2394262
2026-02-17 18:00:00+00:00,9.344018400000001
2026-02-17 19:00:00+00:00,9.1057215
2026-02-17 20:00:00+00:00,8.974814499999999
2026-02-17 21:00:00+00:00,9.051703
2026-02-17 22:00:00+00:00,9.1152955
2026-02-17 23:00:00+00:00,9.1144389
2026-02-18 00:00:00+00:00,8.8115173
2026-02-18 01:00:00+00:00,8.614915400000001
2026-02-18 02:00:00+00:00,8.4938301
2026-02-18 03:00:00+00:00,8.471584
2026-02-18 04:00:00+00:00,8.6994694
2026-02-18 05:00:00+00:00,9.3911501
2026-02-18 06:00:00+00:00,9.8717018
2026-02-18 07:00:00+00:00,9.593992199999999
2026-02-18 08:00:00+00:00,8.728253800000001
2026-02-18 09:00:00+00:00,7.470083000000001
2026-02-18 10:00:00+00:00,6.475914400000001
2026-02-18 11:00:00+00:00,5.742324999999999
2026-02-18 12:00:00+00:00,5.533209900000001
2026-02-18 13:00:00+00:00,5.537637200000001
2026-02-18 14:00:00+00:00,6.172667500000001
2026-02-18 15:00:00+00:00,6.865006200000001
2026-02-18 16:00:00+00:00,7.465283200000001
2026-02-18 17:00:00+00:00,7.9133384000000015
2026-02-18 18:00:00+00:00,7.5894659
2026-02-18 19:00:00+00:00,6.9829398000000005
2026-02-18 20:00:00+00:00,6.5519572
2026-02-18 21:00:00+00:00,6.4553166
2026-02-18 22:00:00+00:00,6.197145600000001
2026-02-18 23:00:00+00:00,5.918720599999999
2026-02-19 00:00:00+00:00,5.5645694
2026-02-19 01:00:00+00:00,5.4052412
2026-02-19 02:00:00+00:00,5.394089599999999
2026-02-19 03:00:00+00:00,5.604352199999999
2026-02-19 04:00:00+00:00,6.1493219
2026-02-19 05:00:00+00:00,7.3235332
2026-02-19 06:00:00+00:00,8.399200800000001
2026-02-19 07:00:00+00:00,8.9847056
2026-02-19 08:00:00+00:00,9.2950611
2026-02-19 09:00:00+00:00,9.1201084
2026-02-19 10:00:00+00:00,8.931798
2026-02-19 11:00:00+00:00,8.6455002
2026-02-19 12:00:00+00:00,8.719229200000001
2026-02-19 13:00:00+00:00,8.8574729
2026-02-19 14:00:00+00:00,9.1939221
2026-02-19 15:00:00+00:00,9.6911743
2026-02-19 16:00:00+00:00,10.4020085
2026-02-19 17:00:00+00:00,11.0307361
2026-02-19 18:00:00+00:00,10.9807949
2026-02-19 19:00:00+00:00,10.6694907
2026-02-19 20:00:00+00:00,10.2674302
2026-02-19 21:00:00+00:00,10.095211599999999
2026-02-19 22:00:00+00:00,9.769504000000001
2026-02-19 23:00:00+00:00,9.2579653
2026-02-20 00:00:00+00:00,8.803447599999998
2026-02-20 01:00:00+00:00,8.469723599999998
2026-02-20 02:00:00+00:00,8.314902
2026-02-20 03:00:00+00:00,8.224092899999999
2026-02-20 04:00:00+00:00,8.5172574
2026-02-20 05:00:00+00:00,9.4549807
2026-02-20 06:00:00+00:00,10.2497623
2026-02-20 07:00:00+00:00,10.599135500000001
2026-02-20 08:00:00+00:00,10.472820599999999
2026-02-20 09:00:00+00:00,9.757752000000002
2026-02-20 10:00:00+00:00,8.949498899999998
2026-02-20 11:00:00+00:00,8.1023441
2026-02-20 12:00:00+00:00,7.5652924
2026-02-20 13:00:00+00:00,7.2017582
2026-02-20 14:00:00+00:00,7.144227499999999
2026-02-20 15:00:00+00:00,7.188871499999999
2026-02-20 16:00:00+00:00,7.339985199999999
2026-02-20 17:00:00+00:00,7.4551148
2026-02-20 18:00:00+00:00,6.9290881
2026-02-20 19:00:00+00:00,6.171148799999999
2026-02-20 20:00:00+00:00,5.744377999999999
2026-02-20 21:00:00+00:00,5.6402046000000015
2026-02-20 22:00:00+00:00,5.459238000000001
2026-02-20 23:00:00+00:00,5.171011700000001
2026-02-21 00:00:00+00:00,4.848510000000001
2026-02-21 01:00:00+00:00,4.637089600000001
2026-02-21 02:00:00+00:00,4.463236499999999
2026-02-21 03:00:00+00:00,4.556735100000001
2026-02-21 04:00:00+00:00,4.879086799999999
2026-02-21 05:00:00+00:00,5.550990600000001
2026-02-21 06:00:00+00:00,6.199236000000001
2026-02-21 07:00:00+00:00,6.703062899999999
2026-02-21 08:00:00+00:00,6.830513800000001
2026-02-21 09:00:00+00:00,6.555250699999998
2026-02-21 10:00:00+00:00,6.2449124000000005
2026-02-21 11:00:00+00:00,5.824494100000001
2026-02-21 12:00:00+00:00,5.489898
2026-02-21 13:00:00+00:00,5.3158021
2026-02-21 14:00:00+00:00,5.5988769000000005
2026-02-21 15:00:00+00:00,6.201155699999999
2026-02-21 16:00:00+00:00,6.793929399999999
2026-02-21 17:00:00+00:00,7.322900499999999
2026-02-21 18:00:00+00:00,7.0012717
2026-02-21 19:00:00+00:00,6.4163794
2026-02-21 20:00:00+00:00,5.8152267
2026-02-21 21:00:00+00:00,5.594896200000001
2026-02-21 22:00:00+00:00,5.323076799999999
2026-02-21 23:00:00+00:00,4.9089073
2026-02-22 00:00:00+00:00,4.3891295
2026-02-22 01:00:00+00:00,4.1239802
2026-02-22 02:00:00+00:00,3.945815500000001
2026-02-22 03:00:00+00:00,3.9714176000000005
2026-02-22 04:00:00+00:00,4.058554099999999
2026-02-22 05:00:00+00:00,4.291768
2026-02-22 06:00:00+00:00,4.4445193
2026-02-22 07:00:00+00:00,4.810623700000002
2026-02-22 08:00:00+00:00,5.204672599999999
2026-02-22 09:00:00+00:00,5.3008373
2026-02-22 10:00:00+00:00,5.2641388
2026-02-22 11:00:00+00:00,5.1851429000000016
2026-02-22 12:00:00+00:00,4.852224200000001
2026-02-22 13:00:00+00:00,4.6906740000000005
2026-02-22 14:00:00+00:00,4.779705699999999
2026-02-22 15:00:00+00:00,5.0235728
2026-02-22 16:00:00+00:00,5.784019000000001
2026-02-22 17:00:00+00:00,6.709200100000002
2026-02-22 18:00:00+00:00,6.8021940999999995
2026-02-22 19:00:00+00:00,6.3823852
2026-02-22 20:00:00+00:00,5.9785710000000005
2026-02-22 21:00:00+00:00,5.740633200000001
2026-02-22 22:00:00+00:00,5.5944787
2026-02-22 23:00:00+00:00,5.044664200000001
2026-02-23 00:00:00+00:00,4.5188257
2026-02-23 01:00:00+00:00,4.2255853000000005
2026-02-23 02:00:00+00:00,4.1277775
2026-02-23 03:00:00+00:00,4.2587127
2026-02-23 04:00:00+00:00,4.738414000000001
2026-02-23 05:00:00+00:00,5.758912299999999
2026-02-23 06:00:00+00:00,6.681932700000001
2026-02-23 07:00:00+00:00,6.9435511
2026-02-23 08:00:00+00:00,6.5781422
2026-02-23 09:00:00+00:00,5.6892695
2026-02-23 10:00:00+00:00,5.0362299
2026-02-23 11:00:00+00:00,4.377366799999999
2026-02-23 12:00:00+00:00,4.2103603
2026-02-23 13:00:00+00:00,4.4130136
2026-02-23 14:00:00+00:00,5.0441148
2026-02-23 15:00:00+00:00,5.957376699999999
2026-02-23 16:00:00+00:00,6.932321300000002
2026-02-23 17:00:00+00:00,7.750905100000001
2026-02-23 18:00:00+00:00,7.829029
2026-02-23 19:00:00+00:00,7.518857400000001
2026-02-23 20:00:00+00:00,7.328067900000001
2026-02-23 21:00:00+00:00,7.4986335
2026-02-23 22:00:00+00:00,7.4705244
2026-02-23 23:00:00+00:00,7.2438223
2026-02-24 00:00:00+00:00,6.853120400000001
2026-02-24 01:00:00+00:00,6.5680732
2026-02-24 02:00:00+00:00,6.4629949
2026-02-24 03:00:00+00:00,6.563314199999999
2026-02-24 04:00:00+00:00,7.109043499999999
2026-02-24 05:00:00+00:00,8.223985599999999
2026-02-24 06:00:00+00:00,9.2856627
2026-02-24 07:00:00+00:00,9.856375099999998
2026-02-24 08:00:00+00:00,9.9047489
2026-02-24 09:00:00+00:00,9.610215700000001
2026-02-24 10:00:00+00:00,9.372156799999999
2026-02-24 11:00:00+00:00,8.8453576
2026-02-24 12:00:00+00:00,8.6049992
2026-02-24 13:00:00+00:00,8.6270464
2026-02-24 14:00:00+00:00,8.7859142
2026-02-24 15:00:00+00:00,9.2295978
2026-02-24 16:00:00+00:00,10.097832499999999
2026-02-24 17:00:00+00:00,10.7037833
2026-02-24 18:00:00+00:00,10.2362858
2026-02-24 19:00:00+00:00,9.4752093
2026-02-24 20:00:00+00:00,8.7039425
2026-02-24 21:00:00+00:00,8.3049475
2026-02-24 22:00:00+00:00,7.976745099999999
2026-02-24 23:00:00+00:00,7.863520800000002
2026-02-25 00:00:00+00:00,7.566545399999999
2026-02-25 01:00:00+00:00,7.347840099999999
2026-02-25 02:00:00+00:00,7.2261843
2026-02-25 03:00:00+00:00,7.2944185
2026-02-25 04:00:00+00:00,7.681168400000001
2026-02-25 05:00:00+00:00,8.5610943
2026-02-25 06:00:00+00:00,9.3341525
2026-02-25 07:00:00+00:00,9.1040199
2026-02-25 08:00:00+00:00,7.859857600000002
2026-02-25 09:00:00+00:00,6.353725799999999
2026-02-25 10:00:00+00:00,5.449920400000001
2026-02-25 11:00:00+00:00,4.734407200000002
2026-02-25 12:00:00+00:00,4.707020300000001
2026-02-25 13:00:00+00:00,5.0850640999999985
2026-02-25 14:00:00+00:00,6.370199800000001
2026-02-25 15:00:00+00:00,8.0394863
2026-02-25 16:00:00+00:00,9.741779699999999
2026-02-25 17:00:00+00:00,10.5873069
2026-02-25 18:00:00+00:00,10.152239999999999
2026-02-25 19:00:00+00:00,9.4231373
2026-02-25 20:00:00+00:00,8.6452147
2026-02-25 21:00:00+00:00,8.2893223
2026-02-25 22:00:00+00:00,7.950078599999999
2026-02-25 23:00:00+00:00,7.703315700000001
2026-02-26 00:00:00+00:00,7.151116100000001
2026-02-26 01:00:00+00:00,6.882498599999999
2026-02-26 02:00:00+00:00,6.7519559
2026-02-26 03:00:00+00:00,6.8961655
2026-02-26 04:00:00+00:00,7.288719
2026-02-26 05:00:00+00:00,8.208241
2026-02-26 06:00:00+00:00,8.9328163
2026-02-26 07:00:00+00:00,8.776611099999998
2026-02-26 08:00:00+00:00,7.890005899999999
2026-02-26 09:00:00+00:00,6.6172538
2026-02-26 10:00:00+00:00,5.435630200000001
2026-02-26 11:00:00+00:00,4.236348100000001
2026-02-26 12:00:00+00:00,3.759364999999999
2026-02-26 13:00:00+00:00,3.8043204
2026-02-26 14:00:00+00:00,4.694429400000001
2026-02-26 15:00:00+00:00,6.027889700000001
2026-02-26 16:00:00+00:00,7.5547711
2026-02-26 17:00:00+00:00,8.4520382
2026-02-26 18:00:00+00:00,8.288787300000001
2026-02-26 19:00:00+00:00,7.756045
2026-02-26 20:00:00+00:00,7.2062877
2026-02-26 21:00:00+00:00,6.9541226
2026-02-26 22:00:00+00:00,6.4534227
2026-02-26 23:00:00+00:00,5.341628
2026-02-27 00:00:00+00:00,4.985895299999999
2026-02-27 01:00:00+00:00,4.7834746
2026-02-27 02:00:00+00:00,4.776026400000001
2026-02-27 03:00:00+00:00,4.9926572
2026-02-27 04:00:00+00:00,5.427959900000001
2026-02-27 05:00:00+00:00,6.3232724
2026-02-27 06:00:00+00:00,7.0033697
2026-02-27 07:00:00+00:00,6.793015300000001
2026-02-27 08:00:00+00:00,5.9799672
2026-02-27 09:00:00+00:00,5.092476099999999
2026-02-27 10:00:00+00:00,4.5940967
2026-02-27 11:00:00+00:00,4.4230454
2026-02-27 12:00:00+00:00,4.631802200000001
2026-02-27 13:00:00+00:00,5.110781000000001
2026-02-27 14:00:00+00:00,5.797307100000001
2026-02-27 15:00:00+00:00,6.4251118
2026-02-27 16:00:00+00:00,7.179118600000001
2026-02-27 17:00:00+00:00,7.7128499
2026-02-27 18:00:00+00:00,7.5354495
2026-02-27 19:00:00+00:00,7.052251999999999
2026-02-27 20:00:00+00:00,6.6985648
2026-02-27 21:00:00+00:00,6.7122893
2026-02-27 22:00:00+00:00,6.6078641000000005
2026-02-27 23:00:00+00:00,5.980716899999999
2026-02-28 00:00:00+00:00,5.5091784
2026-02-28 01:00:00+00:00,5.1609096
2026-02-28 02:00:00+00:00,4.926819700000001
2026-02-28 03:00:00+00:00,4.914380000000001
2026-02-28 04:00:00+00:00,5.042189800000001
2026-02-28 05:00:00+00:00,5.297328799999999
2026-02-28 06:00:00+00:00,5.3927862
2026-02-28 07:00:00+00:00,5.2942409999999995
2026-02-28 08:00:00+00:00,4.8490003999999995
2026-02-28 09:00:00+00:00,4.2294529
2026-02-28 10:00:00+00:00,3.9434679
2026-02-28 11:00:00+00:00,3.7609557999999996
2026-02-28 12:00:00+00:00,3.6444586999999995
2026-02-28 13:00:00+00:00,3.7520276
2026-02-28 14:00:00+00:00,4.2757914
2026-02-28 15:00:00+00:00,5.283817599999999
2026-02-28 16:00:00+00:00,6.743159500000001
2026-02-28 17:00:00+00:00,8.111811700000002
2026-02-28 18:00:00+00:00,8.4762943
2026-02-28 19:00:00+00:00,8.2900034
2026-02-28 20:00:00+00:00,7.9386038999999995
2026-02-28 21:00:00+00:00,7.828235199999999
2026-02-28 22:00:00+00:00,7.614797900000001
2026-02-28 23:00:00+00:00,7.1217101000000005
2026-03-01 00:00:00+00:00,6.779210999999998
2026-03-01 01:00:00+00:00,6.5208244
2026-03-01 02:00:00+00:00,6.347040099999999
2026-03-01 03:00:00+00:00,6.1669417
2026-03-01 04:00:00+00:00,5.962772900000001
2026-03-01 05:00:00+00:00,5.9829009000000015
2026-03-01 06:00:00+00:00,5.6892385
2026-03-01 07:00:00+00:00,4.8691645
2026-03-01 08:00:00+00:00,3.5852021999999995
2026-03-01 09:00:00+00:00,2.5638994000000004
2026-03-01 10:00:00+00:00,1.9508457999999997
2026-03-01 11:00:00+00:00,1.8645647000000025
2026-03-01 12:00:00+00:00,2.0665575
2026-03-01 13:00:00+00:00,2.7800993000000007
2026-03-01 14:00:00+00:00,3.7712757999999997
2026-03-01 15:00:00+00:00,4.918869400000001
2026-03-01 16:00:00+00:00,6.1195146000000005
2026-03-01 17:00:00+00:00,7.0957934
2026-03-01 18:00:00+00:00,7.1804697000000015
2026-03-01 19:00:00+00:00,6.8328256000000005
2026-03-01 20:00:00+00:00,6.571490800000001
2026-03-01 21:00:00+00:00,6.5271101
2026-03-01 22:00:00+00:00,6.4536422999999985
2026-03-01 23:00:00+00:00,6.2555765999999995
2026-03-02 00:00:00+00:00,5.8015531000000005
2026-03-02 01:00:00+00:00,5.558978
2026-03-02 02:00:00+00:00,5.4153088
2026-03-02 03:00:00+00:00,5.5161739
2026-03-02 04:00:00+00:00,5.995637400000001
2026-03-02 05:00:00+00:00,6.953143100000001
2026-03-02 06:00:00+00:00,7.580750800000001
2026-03-02 07:00:00+00:00,7.2004992
2026-03-02 08:00:00+00:00,5.881605700000001
2026-03-02 09:00:00+00:00,4.4131622
2026-03-02 10:00:00+00:00,3.7035956999999993
2026-03-02 11:00:00+00:00,3.066013700000001
2026-03-02 12:00:00+00:00,3.0678506999999993
2026-03-02 13:00:00+00:00,3.6836081999999983
2026-03-02 14:00:00+00:00,4.909501100000001
2026-03-02 15:00:00+00:00,6.7742348
2026-03-02 16:00:00+00:00,8.761381100000001
2026-03-02 17:00:00+00:00,9.7687529
2026-03-02 18:00:00+00:00,9.4508303
2026-03-02 19:00:00+00:00,8.6707689
2026-03-02 20:00:00+00:00,8.0195477
2026-03-02 21:00:00+00:00,7.684970300000001
2026-03-02 22:00:00+00:00,7.493431300000001
2026-03-02 23:00:00+00:00,7.5244746000000005
2026-03-03 00:00:00+00:00,7.2366013
2026-03-03 01:00:00+00:00,7.244975299999999
2026-03-03 02:00:00+00:00,7.3610652000000005
2026-03-03 03:00:00+00:00,7.609599899999999
2026-03-03 04:00:00+00:00,8.225823899999998
2026-03-03 05:00:00+00:00,9.258985800000001
2026-03-03 06:00:00+00:00,9.9701571
2026-03-03 07:00:00+00:00,9.5523671
2026-03-03 08:00:00+00:00,8.0670786
2026-03-03 09:00:00+00:00,6.4875387
2026-03-03 10:00:00+00:00,5.376752400000001
2026-03-03 11:00:00+00:00,4.523567300000002
2026-03-03 12:00:00+00:00,4.5007332
2026-03-03 13:00:00+00:00,5.033770400000002
2026-03-03 14:00:00+00:00,6.1376022
2026-03-03 15:00:00+00:00,7.6865570000000005
2026-03-03 16:00:00+00:00,9.4551228
2026-03-03 17:00:00+00:00,10.5033103
2026-03-03 18:00:00+00:00,10.311931300000001
2026-03-03 19:00:00+00:00,9.713317700000001
2026-03-03 20:00:00+00:00,9.1067918
2026-03-03 21:00:00+00:00,8.9520798
2026-03-03 22:00:00+00:00,8.7055091
2026-03-03 23:00:00+00:00,8.4552796
2026-03-04 00:00:00+00:00,7.963917200000001
2026-03-04 01:00:00+00:00,7.7926552000000004
2026-03-04 02:00:00+00:00,7.761929500000001
2026-03-04 03:00:00+00:00,7.939759699999999
2026-03-04 04:00:00+00:00,8.376474
2026-03-04 05:00:00+00:00,9.3531265
2026-03-04 06:00:00+00:00,9.9970986
2026-03-04 07:00:00+00:00,9.767472999999999
2026-03-04 08:00:00+00:00,8.3693323
2026-03-04 09:00:00+00:00,6.8484237
2026-03-04 10:00:00+00:00,5.715033700000001
2026-03-04 11:00:00+00:00,4.792328000000001
2026-03-04 12:00:00+00:00,4.5931287
2026-03-04 13:00:00+00:00,4.895306000000001
2026-03-04 14:00:00+00:00,5.997221900000001
2026-03-04 15:00:00+00:00,7.628343399999999
2026-03-04 16:00:00+00:00,9.433749
2026-03-04 17:00:00+00:00,10.4654199
2026-03-04 18:00:00+00:00,10.119174
2026-03-04 19:00:00+00:00,9.4135962
2026-03-04 20:00:00+00:00,8.6462018
2026-03-04 21:00:00+00:00,8.246998000000001
2026-03-04 22:00:00+00:00,7.9543692
2026-03-04 23:00:00+00:00,7.2297228
2026-03-05 00:00:00+00:00,6.918463699999999
2026-03-05 01:00:00+00:00,6.7075887
2026-03-05 02:00:00+00:00,6.627377
2026-03-05 03:00:00+00:00,6.775714099999999
2026-03-05 04:00:00+00:00,7.1463175
2026-03-05 05:00:00+00:00,8.0505627
2026-03-05 06:00:00+00:00,8.5736844
2026-03-05 07:00:00+00:00,8.1367638
2026-03-05 08:00:00+00:00,6.7750615000000005
2026-03-05 09:00:00+00:00,5.3070778999999995
2026-03-05 10:00:00+00:00,4.5354035
2026-03-05 11:00:00+00:00,4.006766400000002
2026-03-05 12:00:00+00:00,3.989293300000001
2026-03-05 13:00:00+00:00,4.500408600000001
2026-03-05 14:00:00+00:00,5.6271547
2026-03-05 15:00:00+00:00,7.313866599999999
2026-03-05 16:00:00+00:00,9.1630018
2026-03-05 17:00:00+00:00,10.184849000000002
2026-03-05 18:00:00+00:00,9.8787497
2026-03-05 19:00:00+00:00,9.2528878
2026-03-05 20:00:00+00:00,8.638777700000002
2026-03-05 21:00:00+00:00,8.3732078
2026-03-05 22:00:00+00:00,8.1827549
2026-03-05 23:00:00+00:00,7.6544638
2026-03-06 00:00:00+00:00,7.323698600000001
2026-03-06 01:00:00+00:00,7.137806500000001
2026-03-06 02:00:00+00:00,7.1328986
2026-03-06 03:00:00+00:00,7.310641
2026-03-06 04:00:00+00:00,7.8804905000000005
2026-03-06 05:00:00+00:00,8.9754843
2026-03-06 06:00:00+00:00,9.6237773
2026-03-06 07:00:00+00:00,9.324659400000002
2026-03-06 08:00:00+00:00,8.2124915
2026-03-06 09:00:00+00:00,6.9058484
2026-03-06 10:00:00+00:00,6.049262500000001
2026-03-06 11:00:00+00:00,5.5662603000000015
2026-03-06 12:00:00+00:00,5.609319800000001
2026-03-06 13:00:00+00:00,6.030169599999999
2026-03-06 14:00:00+00:00,6.956874600000001
2026-03-06 15:00:00+00:00,8.1139097
2026-03-06 16:00:00+00:00,9.4574728
2026-03-06 17:00:00+00:00,10.3468497
2026-03-06 18:00:00+00:00,10.2451712
2026-03-06 19:00:00+00:00,9.7850228
2026-03-06 20:00:00+00:00,9.292434799999999
2026-03-06 21:00:00+00:00,9.0901575
2026-03-06 22:00:00+00:00,8.896674599999999
2026-03-06 23:00:00+00:00,8.260730400000002
2026-03-07 00:00:00+00:00,7.9000445
2026-03-07 01:00:00+00:00,7.5851635
2026-03-07 02:00:00+00:00,7.4581669999999995
2026-03-07 03:00:00+00:00,7.352953599999999
2026-03-07 04:00:00+00:00,7.4107351999999995
2026-03-07 05:00:00+00:00,7.7769613
2026-03-07 06:00:00+00:00,7.9367241
2026-03-07 07:00:00+00:00,7.7053736
2026-03-07 08:00:00+00:00,6.8554369999999984
2026-03-07 09:00:00+00:00,5.950202799999999
2026-03-07 10:00:00+00:00,5.138753599999999
2026-03-07 11:00:00+00:00,4.694715500000001
2026-03-07 12:00:00+00:00,4.270674100000001
2026-03-07 13:00:00+00:00,4.670400000000001
2026-03-07 14:00:00+00:00,5.564198099999999
2026-03-07 15:00:00+00:00,6.7792546
2026-03-07 16:00:00+00:00,8.204443200000002
2026-03-07 17:00:00+00:00,9.0814908
2026-03-07 18:00:00+00:00,8.892821900000001
2026-03-07 19:00:00+00:00,8.619757
2026-03-07 20:00:00+00:00,8.230843700000001
2026-03-07 21:00:00+00:00,8.1565734
2026-03-07 22:00:00+00:00,8.056425
2026-03-07 23:00:00+00:00,7.712451400000001
2026-03-08 00:00:00+00:00,7.282281300000001
2026-03-08 01:00:00+00:00,7.0294822
2026-03-08 02:00:00+00:00,6.9311538
2026-03-08 03:00:00+00:00,6.9338156
2026-03-08 04:00:00+00:00,7.085231800000001
2026-03-08 05:00:00+00:00,7.383207799999999
2026-03-08 06:00:00+00:00,7.4725857
2026-03-08 07:00:00+00:00,7.2960931
2026-03-08 08:00:00+00:00,6.704182399999999
2026-03-08 09:00:00+00:00,5.821987799999999
2026-03-08 10:00:00+00:00,4.9622185000000005
2026-03-08 11:00:00+00:00,4.063409299999999
2026-03-08 12:00:00+00:00,3.5569782000000005
2026-03-08 13:00:00+00:00,3.7098929999999983
2026-03-08 14:00:00+00:00,4.637166000000001
2026-03-08 15:00:00+00:00,6.2362139
2026-03-08 16:00:00+00:00,8.116666200000001
2026-03-08 17:00:00+00:00,9.453800799999998
2026-03-08 18:00:00+00:00,9.4849546
2026-03-08 19:00:00+00:00,9.086299300000002
2026-03-08 20:00:00+00:00,8.7121747
2026-03-08 21:00:00+00:00,8.585767699999998
2026-03-08 22:00:00+00:00,8.343110900000001
2026-03-08 23:00:00+00:00,8.100293800000001
2026-03-09 00:00:00+00:00,7.7332749
2026-03-09 01:00:00+00:00,7.5177077
2026-03-09 02:00:00+00:00,7.4595619
2026-03-09 03:00:00+00:00,7.5790618
2026-03-09 04:00:00+00:00,8.142520699999999
2026-03-09 05:00:00+00:00,9.1652596
2026-03-09 06:00:00+00:00,9.8291795
2026-03-09 07:00:00+00:00,9.5614585
2026-03-09 08:00:00+00:00,8.5411928
2026-03-09 09:00:00+00:00,7.078875700000001
2026-03-09 10:00:00+00:00,6.058654799999999
2026-03-09 11:00:00+00:00,5.2482242
2026-03-09 12:00:00+00:00,5.091480500000002
2026-03-09 13:00:00+00:00,5.535592100000001
2026-03-09 14:00:00+00:00,6.6101822
2026-03-09 15:00:00+00:00,7.963807300000001
2026-03-09 16:00:00+00:00,9.5782871
2026-03-09 17:00:00+00:00,10.641821499999999
2026-03-09 18:00:00+00:00,10.562307
2026-03-09 19:00:00+00:00,9.9879016
2026-03-09 20:00:00+00:00,9.3452006
2026-03-09 21:00:00+00:00,9.049581400000001
2026-03-09 22:00:00+00:00,8.723038100000002
2026-03-09 23:00:00+00:00,8.1551407
2026-03-10 00:00:00+00:00,7.8251181999999995
2026-03-10 01:00:00+00:00,7.5714337
2026-03-10 02:00:00+00:00,7.486951400000001
2026-03-10 03:00:00+00:00,7.521538199999999
2026-03-10 04:00:00+00:00,7.9134622
2026-03-10 05:00:00+00:00,8.856737800000001
2026-03-10 06:00:00+00:00,9.529016200000001
2026-03-10 07:00:00+00:00,9.652426
2026-03-10 08:00:00+00:00,9.2849944
2026-03-10 09:00:00+00:00,8.8113764
2026-03-10 10:00:00+00:00,8.459174200000001
2026-03-10 11:00:00+00:00,7.8782704
2026-03-10 12:00:00+00:00,7.5619794
2026-03-10 13:00:00+00:00,7.366127800000001
2026-03-10 14:00:00+00:00,7.5573877
2026-03-10 15:00:00+00:00,8.0873858
2026-03-10 16:00:00+00:00,9.0561573
2026-03-10 17:00:00+00:00,9.7131649
2026-03-10 18:00:00+00:00,9.406011500000002
2026-03-10 19:00:00+00:00,8.6359909
2026-03-10 20:00:00+00:00,7.843171599999999
2026-03-10 21:00:00+00:00,7.376329699999999
2026-03-10 22:00:00+00:00,6.725384999999999
2026-03-10 23:00:00+00:00,5.5368086000000005
2026-03-11 00:00:00+00:00,4.827086
2026-03-11 01:00:00+00:00,4.3690946
2026-03-11 02:00:00+00:00,4.096487699999999
2026-03-11 03:00:00+00:00,3.9828126
2026-03-11 04:00:00+00:00,4.204132400000001
2026-03-11 05:00:00+00:00,5.0805349
2026-03-11 06:00:00+00:00,5.7730963
2026-03-11 07:00:00+00:00,6.247498400000001
2026-03-11 08:00:00+00:00,6.2493711
2026-03-11 09:00:00+00:00,6.037166600000002
2026-03-11 10:00:00+00:00,6.0031256
2026-03-11 11:00:00+00:00,5.5384885
2026-03-11 12:00:00+00:00,5.2787167
2026-03-11 13:00:00+00:00,5.1781775
2026-03-11 14:00:00+00:00,5.6500121
2026-03-11 15:00:00+00:00,6.6055288999999995
2026-03-11 16:00:00+00:00,7.9462447
2026-03-11 17:00:00+00:00,9.1078098
2026-03-11 18:00:00+00:00,9.2356257
2026-03-11 19:00:00+00:00,8.7131394
2026-03-11 20:00:00+00:00,8.114579
2026-03-11 21:00:00+00:00,7.863662999999999
2026-03-11 22:00:00+00:00,7.620995000000001
2026-03-11 23:00:00+00:00,7.075389400000001
2026-03-12 00:00:00+00:00,6.724190699999999
2026-03-12 01:00:00+00:00,6.3350878999999996
2026-03-12 02:00:00+00:00,5.9558361999999985
2026-03-12 03:00:00+00:00,5.841625799999999
2026-03-12 04:00:00+00:00,6.006775900000001
2026-03-12 05:00:00+00:00,6.7252896
2026-03-12 06:00:00+00:00,7.0414119
2026-03-12 07:00:00+00:00,6.502433000000001
2026-03-12 08:00:00+00:00,5.2906882
2026-03-12 09:00:00+00:00,3.793734800000001
2026-03-12 10:00:00+00:00,2.725881000000001
2026-03-12 11:00:00+00:00,2.2692289000000017
2026-03-12 12:00:00+00:00,2.4693332000000012
2026-03-12 13:00:00+00:00,2.8151150000000005
2026-03-12 14:00:00+00:00,3.324707600000001
2026-03-12 15:00:00+00:00,4.2352014
2026-03-12 16:00:00+00:00,5.506477400000001
2026-03-12 17:00:00+00:00,6.596672899999999
2026-03-12 18:00:00+00:00,6.6063533
2026-03-12 19:00:00+00:00,5.9690681
2026-03-12 20:00:00+00:00,5.317219199999999
2026-03-12 21:00:00+00:00,4.9987983
2026-03-12 22:00:00+00:00,4.6986721
2026-03-12 23:00:00+00:00,4.074698800000001
2026-03-13 00:00:00+00:00,3.752469799999999
2026-03-13 01:00:00+00:00,3.480483200000001
2026-03-13 02:00:00+00:00,3.3437896
2026-03-13 03:00:00+00:00,3.4368377000000008
2026-03-13 04:00:00+00:00,3.8461155000000007
2026-03-13 05:00:00+00:00,4.7699470999999996
2026-03-13 06:00:00+00:00,5.597389700000001
2026-03-13 07:00:00+00:00,6.291867600000001
2026-03-13 08:00:00+00:00,6.485111
2026-03-13 09:00:00+00:00,6.5872935
2026-03-13 10:00:00+00:00,6.857258200000001
2026-03-13 11:00:00+00:00,6.9555513
2026-03-13 12:00:00+00:00,6.9609494000000005
2026-03-13 13:00:00+00:00,6.846709900000001
2026-03-13 14:00:00+00:00,7.0284582
2026-03-13 15:00:00+00:00,7.386298699999999
2026-03-13 16:00:00+00:00,8.1128092
2026-03-13 17:00:00+00:00,8.7350654
2026-03-13 18:00:00+00:00,8.7406488
2026-03-13 19:00:00+00:00,8.4274412
2026-03-13 20:00:00+00:00,8.1206499
2026-03-13 21:00:00+00:00,8.1266531
2026-03-13 22:00:00+00:00,8.115704299999999
2026-03-13 23:00:00+00:00,7.9456549
2026-03-14 00:00:00+00:00,7.7049612
2026-03-14 01:00:00+00:00,7.472201200000001
2026-03-14 02:00:00+00:00,7.3752282000000005
2026-03-14 03:00:00+00:00,7.345016900000001
2026-03-14 04:00:00+00:00,7.389780299999999
2026-03-14 05:00:00+00:00,7.6941119
2026-03-14 06:00:00+00:00,7.852459500000001
2026-03-14 07:00:00+00:00,7.6528583999999995
2026-03-14 08:00:00+00:00,7.0429738
2026-03-14 09:00:00+00:00,6.197140600000001
2026-03-14 10:00:00+00:00,5.8323245
2026-03-14 11:00:00+00:00,5.5393916
2026-03-14 12:00:00+00:00,5.3629572
2026-03-14 13:00:00+00:00,5.3928805
2026-03-14 14:00:00+00:00,5.7859104
2026-03-14 15:00:00+00:00,6.7791481000000005
2026-03-14 16:00:00+00:00,8.125597800000001
2026-03-14 17:00:00+00:00,9.326260699999999
2026-03-14 18:00:00+00:00,9.4795643
2026-03-14 19:00:00+00:00,9.1812073
2026-03-14 20:00:00+00:00,8.7775743
2026-03-14 21:00:00+00:00,8.640305399999999
2026-03-14 22:00:00+00:00,8.4888257
2026-03-14 23:00:00+00:00,8.1087834
2026-03-15 00:00:00+00:00,7.7788241
2026-03-15 01:00:00+00:00,7.557101100000001
2026-03-15 02:00:00+00:00,7.442679399999999
2026-03-15 03:00:00+00:00,7.415489
2026-03-15 04:00:00+00:00,7.5424972
2026-03-15 05:00:00+00:00,7.7994004
2026-03-15 06:00:00+00:00,7.508778400000001
2026-03-15 07:00:00+00:00,6.3983522
2026-03-15 08:00:00+00:00,4.912847300000001
2026-03-15 09:00:00+00:00,3.403242400000001
2026-03-15 10:00:00+00:00,2.4350383000000013
2026-03-15 11:00:00+00:00,1.9752883999999993
2026-03-15 12:00:00+00:00,1.7126715999999993
2026-03-15 13:00:00+00:00,1.5912328000000011
2026-03-15 14:00:00+00:00,2.125414199999999
2026-03-15 15:00:00+00:00,3.3814092000000002
2026-03-15 16:00:00+00:00,5.117677400000001
2026-03-15 17:00:00+00:00,6.341790700000001
2026-03-15 18:00:00+00:00,6.201656399999999
2026-03-15 19:00:00+00:00,5.4604377
2026-03-15 20:00:00+00:00,4.800718800000001
2026-03-15 21:00:00+00:00,4.469933199999999
2026-03-15 22:00:00+00:00,4.172477400000001
2026-03-15 23:00:00+00:00,3.625312900000001
2026-03-16 00:00:00+00:00,3.2994207000000007
2026-03-16 01:00:00+00:00,3.316116
2026-03-16 02:00:00+00:00,3.488232600000001
2026-03-16 03:00:00+00:00,3.9015394000000003
2026-03-16 04:00:00+00:00,4.6431925000000005
2026-03-16 05:00:00+00:00,5.8926847
2026-03-16 06:00:00+00:00,6.5173095000000005
2026-03-16 07:00:00+00:00,6.2315771
2026-03-16 08:00:00+00:00,5.2964114
2026-03-16 09:00:00+00:00,4.3343673
2026-03-16 10:00:00+00:00,4.0831628
2026-03-16 11:00:00+00:00,4.0000608
2026-03-16 12:00:00+00:00,4.358478300000001
2026-03-16 13:00:00+00:00,4.677110700000001
2026-03-16 14:00:00+00:00,5.410552
2026-03-16 15:00:00+00:00,6.5218998
2026-03-16 16:00:00+00:00,7.7016406
2026-03-16 17:00:00+00:00,8.6315981
2026-03-16 18:00:00+00:00,8.7988815
2026-03-16 19:00:00+00:00,8.2910318
2026-03-16 20:00:00+00:00,7.5251563
2026-03-16 21:00:00+00:00,7.1010542
2026-03-16 22:00:00+00:00,6.5384388
2026-03-16 23:00:00+00:00,6.2386781
2026-03-17 00:00:00+00:00,5.7218249000000005
2026-03-17 01:00:00+00:00,5.6025052
2026-03-17 02:00:00+00:00,5.6207446999999995
2026-03-17 03:00:00+00:00,5.9194497
2026-03-17 04:00:00+00:00,6.5555094
2026-03-17 05:00:00+00:00,7.690974499999999
2026-03-17 06:00:00+00:00,8.416794000000001
2026-03-17 07:00:00+00:00,8.5976186
2026-03-17 08:00:00+00:00,7.975747500000001
2026-03-17 09:00:00+00:00,6.7516052
2026-03-17 10:00:00+00:00,5.7928234000000005
2026-03-17 11:00:00+00:00,5.448641200000001
2026-03-17 12:00:00+00:00,5.567028700000001
2026-03-17 13:00:00+00:00,5.6216361
2026-03-17 14:00:00+00:00,6.1298037
2026-03-17 15:00:00+00:00,7.2089493000000004
2026-03-17 16:00:00+00:00,8.4786734
2026-03-17 17:00:00+00:00,9.5943693
2026-03-17 18:00:00+00:00,9.7213236
2026-03-17 19:00:00+00:00,9.1032808
2026-03-17 20:00:00+00:00,8.2965911
2026-03-17 21:00:00+00:00,7.8020163
2026-03-17 22:00:00+00:00,7.4633123999999995
2026-03-17 23:00:00+00:00,6.959864200000001
2026-03-18 00:00:00+00:00,6.5532808000000005
2026-03-18 01:00:00+00:00,6.4154279
2026-03-18 02:00:00+00:00,6.3777054
2026-03-18 03:00:00+00:00,6.5663964
2026-03-18 04:00:00+00:00,6.985380300000001
2026-03-18 05:00:00+00:00,7.875729399999999
2026-03-18 06:00:00+00:00,8.0716816
2026-03-18 07:00:00+00:00,7.3188454
2026-03-18 08:00:00+00:00,5.8471964
2026-03-18 09:00:00+00:00,4.2812383
2026-03-18 10:00:00+00:00,3.4055351
2026-03-18 11:00:00+00:00,2.9002253000000007
2026-03-18 12:00:00+00:00,2.8040529000000003
2026-03-18 13:00:00+00:00,2.7377547
2026-03-18 14:00:00+00:00,3.5223802000000006
2026-03-18 15:00:00+00:00,4.989630399999999
2026-03-18 16:00:00+00:00,6.7569377
2026-03-18 17:00:00+00:00,8.2874838
2026-03-18 18:00:00+00:00,8.3674717
2026-03-18 19:00:00+00:00,7.871158900000001
2026-03-18 20:00:00+00:00,7.303616099999999
2026-03-18 21:00:00+00:00,7.0589277
2026-03-18 22:00:00+00:00,6.9778295
2026-03-18 23:00:00+00:00,6.970291400000001
2026-03-19 00:00:00+00:00,6.761747300000001
2026-03-19 01:00:00+00:00,6.802309600000001
2026-03-19 02:00:00+00:00,6.898281800000001
2026-03-19 03:00:00+00:00,7.1546209
2026-03-19 04:00:00+00:00,7.621921
2026-03-19 05:00:00+00:00,8.5681081
2026-03-19 06:00:00+00:00,8.7399497
2026-03-19 07:00:00+00:00,7.962358100000001
2026-03-19 08:00:00+00:00,6.5522572
2026-03-19 09:00:00+00:00,5.1152025
2026-03-19 10:00:00+00:00,4.2861479000000005
2026-03-19 11:00:00+00:00,3.7489138000000004
2026-03-19 12:00:00+00:00,3.6455976999999997
2026-03-19 13:00:00+00:00,3.596521
2026-03-19 14:00:00+00:00,4.337765400000001
2026-03-19 15:00:00+00:00,5.746582400000001
2026-03-19 16:00:00+00:00,7.592319499999999
2026-03-19 17:00:00+00:00,9.2218003
2026-03-19 18:00:00+00:00,9.484508
2026-03-19 19:00:00+00:00,9.2032464
2026-03-19 20:00:00+00:00,8.7597427
2026-03-19 21:00:00+00:00,8.542870299999999
2026-03-19 22:00:00+00:00,8.3603346
2026-03-19 23:00:00+00:00,8.0442499
2026-03-20 00:00:00+00:00,7.6581950999999995
2026-03-20 01:00:00+00:00,7.5626649
2026-03-20 02:00:00+00:00,7.5809917
2026-03-20 03:00:00+00:00,7.807373
2026-03-20 04:00:00+00:00,8.233911800000001
2026-03-20 05:00:00+00:00,9.0947007
2026-03-20 06:00:00+00:00,9.2951284
2026-03-20 07:00:00+00:00,8.732576400000001
2026-03-20 08:00:00+00:00,7.6150375
2026-03-20 09:00:00+00:00,6.2811551
2026-03-20 10:00:00+00:00,5.364963600000001
2026-03-20 11:00:00+00:00,4.6867059000000015
2026-03-20 12:00:00+00:00,4.425380800000001
2026-03-20 13:00:00+00:00,4.2690057999999995
2026-03-20 14:00:00+00:00,4.818586399999999
2026-03-20 15:00:00+00:00,6.060748899999999
2026-03-20 16:00:00+00:00,7.4680786999999995
2026-03-20 17:00:00+00:00,8.6665418
2026-03-20 18:00:00+00:00,8.803772200000001
2026-03-20 19:00:00+00:00,8.448992
2026-03-20 20:00:00+00:00,7.987241200000001
2026-03-20 21:00:00+00:00,7.852136700000001
2026-03-20 22:00:00+00:00,7.787122499999999
2026-03-20 23:00:00+00:00,8.3008429
2026-03-21 00:00:00+00:00,8.003495000000001
2026-03-21 01:00:00+00:00,7.8317374
2026-03-21 02:00:00+00:00,7.784159700000001
2026-03-21 03:00:00+00:00,7.8068762
2026-03-21 04:00:00+00:00,7.9235165
2026-03-21 05:00:00+00:00,8.2301605
2026-03-21 06:00:00+00:00,7.7751759
2026-03-21 07:00:00+00:00,6.7613207
2026-03-21 08:00:00+00:00,5.3823775000000005
2026-03-21 09:00:00+00:00,3.8091407000000004
2026-03-21 10:00:00+00:00,2.6379376
2026-03-21 11:00:00+00:00,2.1068195000000003
2026-03-21 12:00:00+00:00,1.9976327000000005
2026-03-21 13:00:00+00:00,2.5884644999999997
2026-03-21 14:00:00+00:00,3.7980627999999994
2026-03-21 15:00:00+00:00,5.3511062
2026-03-21 16:00:00+00:00,7.0635283
2026-03-21 17:00:00+00:00,8.418188400000002
2026-03-21 18:00:00+00:00,8.8585456
2026-03-21 19:00:00+00:00,8.4992479
2026-03-21 20:00:00+00:00,8.0513166
2026-03-21 21:00:00+00:00,7.919470800000001
2026-03-21 22:00:00+00:00,7.929260000000001
2026-03-21 23:00:00+00:00,7.834599399999999
2026-03-22 00:00:00+00:00,7.590580899999999
2026-03-22 01:00:00+00:00,7.431675800000001
2026-03-22 02:00:00+00:00,7.3516047
2026-03-22 03:00:00+00:00,7.3409704
2026-03-22 04:00:00+00:00,7.387390199999999
2026-03-22 05:00:00+00:00,7.563382
2026-03-22 06:00:00+00:00,6.891931
2026-03-22 07:00:00+00:00,5.724524300000001
2026-03-22 08:00:00+00:00,4.3443249
2026-03-22 09:00:00+00:00,2.9595801999999996
2026-03-22 10:00:00+00:00,1.9881351
2026-03-22 11:00:00+00:00,1.6032052000000006
2026-03-22 12:00:00+00:00,1.4758166000000008
2026-03-22 13:00:00+00:00,2.0013328
2026-03-22 14:00:00+00:00,3.2594527000000006
2026-03-22 15:00:00+00:00,4.9698262
2026-03-22 16:00:00+00:00,6.911505300000001
2026-03-22 17:00:00+00:00,8.637254400000002
2026-03-22 18:00:00+00:00,9.3634822
2026-03-22 19:00:00+00:00,9.298097
2026-03-22 20:00:00+00:00,8.9927615
2026-03-22 21:00:00+00:00,8.8670264
2026-03-22 22:00:00+00:00,8.7656023
2026-03-22 23:00:00+00:00,8.387227600000001
2026-03-23 00:00:00+00:00,8.1001226
2026-03-23 01:00:00+00:00,7.9220425
2026-03-23 02:00:00+00:00,7.891589399999999
2026-03-23 03:00:00+00:00,8.1018757
2026-03-23 04:00:00+00:00,8.6991988
2026-03-23 05:00:00+00:00,9.8474991
2026-03-23 06:00:00+00:00,9.8780531
2026-03-23 07:00:00+00:00,8.6124164
2026-03-23 08:00:00+00:00,7.025834500000001
2026-03-23 09:00:00+00:00,5.399361399999999
2026-03-23 10:00:00+00:00,4.4152882
2026-03-23 11:00:00+00:00,4.007801400000001
2026-03-23 12:00:00+00:00,4.403093600000001
2026-03-23 13:00:00+00:00,5.1277026
2026-03-23 14:00:00+00:00,6.2539775
2026-03-23 15:00:00+00:00,7.6828702
2026-03-23 16:00:00+00:00,9.1812635
2026-03-23 17:00:00+00:00,10.375632999999999
2026-03-23 18:00:00+00:00,10.8215963
2026-03-23 19:00:00+00:00,10.6008518
2026-03-23 20:00:00+00:00,10.123584899999999
2026-03-23 21:00:00+00:00,9.916631299999999
2026-03-23 22:00:00+00:00,9.6102258
2026-03-23 23:00:00+00:00,8.3557271
2026-03-24 00:00:00+00:00,7.596109200000001
2026-03-24 01:00:00+00:00,6.9913832
2026-03-24 02:00:00+00:00,6.573429600000001
2026-03-24 03:00:00+00:00,6.4049456
2026-03-24 04:00:00+00:00,6.619296400000001
2026-03-24 05:00:00+00:00,7.415126200000001
2026-03-24 06:00:00+00:00,7.4501807
2026-03-24 07:00:00+00:00,6.668032600000001
2026-03-24 08:00:00+00:00,5.624693600000001
2026-03-24 09:00:00+00:00,4.353944200000001
2026-03-24 10:00:00+00:00,3.3495837999999996
2026-03-24 11:00:00+00:00,2.6673124999999995
2026-03-24 12:00:00+00:00,2.6526759999999996
2026-03-24 13:00:00+00:00,2.8762427000000024
2026-03-24 14:00:00+00:00,3.581353
2026-03-24 15:00:00+00:00,4.567418
2026-03-24 16:00:00+00:00,5.5942145000000005
2026-03-24 17:00:00+00:00,6.3486786
2026-03-24 18:00:00+00:00,6.596034000000001
2026-03-24 19:00:00+00:00,6.211346900000001
2026-03-24 20:00:00+00:00,5.6199614
2026-03-24 21:00:00+00:00,5.327748499999999
2026-03-24 22:00:00+00:00,4.9723744000000005
2026-03-24 23:00:00+00:00,3.19036
2026-03-25 00:00:00+00:00,2.8172444000000008
2026-03-25 01:00:00+00:00,2.6015865000000007
2026-03-25 02:00:00+00:00,2.5587016
2026-03-25 03:00:00+00:00,2.7420041
2026-03-25 04:00:00+00:00,3.267399199999999
2026-03-25 05:00:00+00:00,4.283227
2026-03-25 06:00:00+00:00,4.9846833
2026-03-25 07:00:00+00:00,4.9425518
2026-03-25 08:00:00+00:00,4.586718299999999
2026-03-25 09:00:00+00:00,4.1231085
2026-03-25 10:00:00+00:00,4.143750800000001
2026-03-25 11:00:00+00:00,3.7915165
2026-03-25 12:00:00+00:00,3.5125241000000003
2026-03-25 13:00:00+00:00,3.4394091000000007
2026-03-25 14:00:00+00:00,3.788882600000001
2026-03-25 15:00:00+00:00,4.6932727000000005
2026-03-25 16:00:00+00:00,6.0249628
2026-03-25 17:00:00+00:00,7.0873433
2026-03-25 18:00:00+00:00,7.5801718000000005
2026-03-25 19:00:00+00:00,7.3485172
2026-03-25 20:00:00+00:00,6.922105700000001
2026-03-25 21:00:00+00:00,6.7852309
2026-03-25 22:00:00+00:00,6.4592361
2026-03-25 23:00:00+00:00,5.593441800000001
2026-03-26 00:00:00+00:00,5.4611737
2026-03-26 01:00:00+00:00,5.328099900000001
2026-03-26 02:00:00+00:00,5.240453400000001
2026-03-26 03:00:00+00:00,5.466230900000001
2026-03-26 04:00:00+00:00,5.912964399999999
2026-03-26 05:00:00+00:00,6.896544799999999
2026-03-26 06:00:00+00:00,7.257573399999999
2026-03-26 07:00:00+00:00,6.807015800000001
2026-03-26 08:00:00+00:00,5.847999700000001
2026-03-26 09:00:00+00:00,4.9633582
2026-03-26 10:00:00+00:00,4.5963500999999995
2026-03-26 11:00:00+00:00,3.971889299999999
2026-03-26 12:00:00+00:00,3.5161243000000004
2026-03-26 13:00:00+00:00,3.5065820000000008
2026-03-26 14:00:00+00:00,3.9077660000000005
2026-03-26 15:00:00+00:00,4.9376776000000016
2026-03-26 16:00:00+00:00,6.7669351
2026-03-26 17:00:00+00:00,8.394330400000001
2026-03-26 18:00:00+00:00,9.1111427
2026-03-26 19:00:00+00:00,9.190078999999999
2026-03-26 20:00:00+00:00,9.0956474
2026-03-26 21:00:00+00:00,9.206753
2026-03-26 22:00:00+00:00,9.0079643
2026-03-26 23:00:00+00:00,8.898470399999999
2026-03-27 00:00:00+00:00,8.6893783
2026-03-27 01:00:00+00:00,8.4861205
2026-03-27 02:00:00+00:00,8.395566200000001
2026-03-27 03:00:00+00:00,8.4962187
2026-03-27 04:00:00+00:00,8.8662493
2026-03-27 05:00:00+00:00,9.651883
2026-03-27 06:00:00+00:00,9.7482916
2026-03-27 07:00:00+00:00,8.9795504
2026-03-27 08:00:00+00:00,7.8291027
2026-03-27 09:00:00+00:00,6.5721632
2026-03-27 10:00:00+00:00,6.0341183
2026-03-27 11:00:00+00:00,5.5923212
2026-03-27 12:00:00+00:00,5.504187000000001
2026-03-27 13:00:00+00:00,5.596424000000001
2026-03-27 14:00:00+00:00,6.1289899
2026-03-27 15:00:00+00:00,6.9888581
2026-03-27 16:00:00+00:00,7.997412100000001
2026-03-27 17:00:00+00:00,8.4579944
2026-03-27 18:00:00+00:00,8.330906700000002
2026-03-27 19:00:00+00:00,7.6788955
2026-03-27 20:00:00+00:00,7.1454465
2026-03-27 21:00:00+00:00,6.9394691
2026-03-27 22:00:00+00:00,6.6056066
2026-03-27 23:00:00+00:00,6.5683515
2026-03-28 00:00:00+00:00,6.294141700000001
2026-03-28 01:00:00+00:00,6.077592599999999
2026-03-28 02:00:00+00:00,6.0262116
2026-03-28 03:00:00+00:00,6.0371666
2026-03-28 04:00:00+00:00,6.1085122
2026-03-28 05:00:00+00:00,6.220324499999999
2026-03-28 06:00:00+00:00,6.2297096
2026-03-28 07:00:00+00:00,5.977595900000001
2026-03-28 08:00:00+00:00,5.1727287
2026-03-28 09:00:00+00:00,3.9818651000000003
2026-03-28 10:00:00+00:00,2.851526500000002
2026-03-28 11:00:00+00:00,2.2200386000000005
2026-03-28 12:00:00+00:00,1.979223000000001
2026-03-28 13:00:00+00:00,1.8637932000000008
2026-03-28 14:00:00+00:00,2.7183580000000003
2026-03-28 15:00:00+00:00,4.039662400000001
2026-03-28 16:00:00+00:00,5.9744855
2026-03-28 17:00:00+00:00,7.656488200000001
2026-03-28 18:00:00+00:00,8.3431699
2026-03-28 19:00:00+00:00,7.994227
2026-03-28 20:00:00+00:00,7.7086556
2026-03-28 21:00:00+00:00,7.598917899999999
2026-03-28 22:00:00+00:00,7.318608900000001
2026-03-28 23:00:00+00:00,6.684708499999999
2026-03-29 00:00:00+00:00,6.3581877
2026-03-29 01:00:00+00:00,6.1632164000000005
2026-03-29 02:00:00+00:00,6.4432239000000004
2026-03-29 03:00:00+00:00,6.7673939
2026-03-29 04:00:00+00:00,7.1299752000000005
2026-03-29 05:00:00+00:00,7.442216900000001
2026-03-29 06:00:00+00:00,7.281738799999999
2026-03-29 07:00:00+00:00,6.1133019
2026-03-29 08:00:00+00:00,4.7269694
2026-03-29 09:00:00+00:00,3.5431170000000005
2026-03-29 10:00:00+00:00,2.9088450000000003
2026-03-29 11:00:00+00:00,2.368541799999999
2026-03-29 12:00:00+00:00,1.8022462000000008
2026-03-29 13:00:00+00:00,1.9104943000000016
2026-03-29 14:00:00+00:00,2.6437804000000007
2026-03-29 15:00:00+00:00,3.9038489
2026-03-29 16:00:00+00:00,5.0204136
2026-03-29 17:00:00+00:00,5.8639979
2026-03-29 18:00:00+00:00,5.6830218
2026-03-29 19:00:00+00:00,5.160025
2026-03-29 20:00:00+00:00,4.725246800000001
2026-03-29 21:00:00+00:00,4.221811499999999
2026-03-29 22:00:00+00:00,3.2896599999999996
2026-03-29 23:00:00+00:00,3.1191587000000007
2026-03-30 00:00:00+00:00,3.1434903000000007
2026-03-30 01:00:00+00:00,3.3624150999999998
2026-03-30 02:00:00+00:00,3.8749789
2026-03-30 03:00:00+00:00,4.6313482
2026-03-30 04:00:00+00:00,5.8564335
2026-03-30 05:00:00+00:00,7.077962899999999
2026-03-30 06:00:00+00:00,7.311323699999999
2026-03-30 07:00:00+00:00,6.214131100000001
2026-03-30 08:00:00+00:00,4.866792500000001
2026-03-30 09:00:00+00:00,3.6099631
2026-03-30 10:00:00+00:00,3.0727540000000015
2026-03-30 11:00:00+00:00,3.1120728000000017
2026-03-30 12:00:00+00:00,2.7859648000000004
2026-03-30 13:00:00+00:00,3.0359251
2026-03-30 14:00:00+00:00,3.572132200000002
2026-03-30 15:00:00+00:00,5.0846368
2026-03-30 16:00:00+00:00,6.806252100000001
2026-03-30 17:00:00+00:00,8.1128703
2026-03-30 18:00:00+00:00,8.4063269
2026-03-30 19:00:00+00:00,8.3860283
2026-03-30 20:00:00+00:00,8.4098546
2026-03-30 21:00:00+00:00,8.0780072
2026-03-30 22:00:00+00:00,7.7085729
2026-03-30 23:00:00+00:00,7.3994475
2026-03-31 00:00:00+00:00,7.153800400000001
2026-03-31 01:00:00+00:00,7.137372
2026-03-31 02:00:00+00:00,7.4552292
2026-03-31 03:00:00+00:00,8.0014635
2026-03-31 04:00:00+00:00,8.9734544
2026-03-31 05:00:00+00:00,9.955456700000001
2026-03-31 06:00:00+00:00,10.0720906
2026-03-31 07:00:00+00:00,9.134578099999999
2026-03-31 08:00:00+00:00,8.1070053
2026-03-31 09:00:00+00:00,7.3020476
2026-03-31 10:00:00+00:00,6.9207096
2026-03-31 11:00:00+00:00,7.032374900000001
2026-03-31 12:00:00+00:00,6.878013400000001
2026-03-31 13:00:00+00:00,7.099516100000001
2026-03-31 14:00:00+00:00,7.3980063000000005
2026-03-31 15:00:00+00:00,8.506429099999998
2026-03-31 16:00:00+00:00,9.5642274
2026-03-31 17:00:00+00:00,10.265344899999999
2026-03-31 18:00:00+00:00,10.0987464
2026-03-31 19:00:00+00:00,9.7780627
2026-03-31 20:00:00+00:00,9.523761
2026-03-31 21:00:00+00:00,9.0570883
2026-03-31 22:00:00+00:00,8.9362992
2026-03-31 23:00:00+00:00,8.666135599999999
2026-04-01 00:00:00+00:00,8.480464
2026-04-01 01:00:00+00:00,8.4481741
2026-04-01 02:00:00+00:00,8.679154800000001
2026-04-01 03:00:00+00:00,9.1472453
2026-04-01 04:00:00+00:00,10.005633900000001
2026-04-01 05:00:00+00:00,10.846702599999999
2026-04-01 06:00:00+00:00,11.0306593
2026-04-01 07:00:00+00:00,10.376631699999999
2026-04-01 08:00:00+00:00,9.2574483
2026-04-01 09:00:00+00:00,8.0093444
2026-04-01 10:00:00+00:00,6.9083532000000005
2026-04-01 11:00:00+00:00,6.3094699
2026-04-01 12:00:00+00:00,5.689451900000001
2026-04-01 13:00:00+00:00,5.7161221000000015
2026-04-01 14:00:00+00:00,6.2884962
2026-04-01 15:00:00+00:00,7.7640133
2026-04-01 16:00:00+00:00,9.289128
2026-04-01 17:00:00+00:00,10.306356599999999
2026-04-01 18:00:00+00:00,10.359467500000001
2026-04-01 19:00:00+00:00,9.949460199999999
2026-04-01 20:00:00+00:00,9.553768
2026-04-01 21:00:00+00:00,9.049254300000001
2026-04-01 22:00:00+00:00,8.9252676
2026-04-01 23:00:00+00:00,8.521755200000001
2026-04-02 00:00:00+00:00,8.099405699999998
2026-04-02 01:00:00+00:00,7.9156442
2026-04-02 02:00:00+00:00,8.0436116
2026-04-02 03:00:00+00:00,8.3158277
2026-04-02 04:00:00+00:00,8.9415291
2026-04-02 05:00:00+00:00,9.306262
2026-04-02 06:00:00+00:00,9.217147
2026-04-02 07:00:00+00:00,8.9327374
2026-04-02 08:00:00+00:00,8.3816606
2026-04-02 09:00:00+00:00,8.063778000000001
2026-04-02 10:00:00+00:00,7.5742905
2026-04-02 11:00:00+00:00,7.1746601
2026-04-02 12:00:00+00:00,6.7861153000000005
2026-04-02 13:00:00+00:00,6.814680200000001
2026-04-02 14:00:00+00:00,7.2438073
2026-04-02 15:00:00+00:00,8.1444136
2026-04-02 16:00:00+00:00,9.0915699
2026-04-02 17:00:00+00:00,9.8628543
2026-04-02 18:00:00+00:00,10.0901008
2026-04-02 19:00:00+00:00,9.796382
2026-04-02 20:00:00+00:00,9.486541599999999
2026-04-02 21:00:00+00:00,9.1658825
2026-04-02 22:00:00+00:00,9.0238038
2026-04-02 23:00:00+00:00,8.6513047
2026-04-03 00:00:00+00:00,8.290312100000001
2026-04-03 01:00:00+00:00,8.0882781
2026-04-03 02:00:00+00:00,7.9572719
2026-04-03 03:00:00+00:00,8.016255399999999
2026-04-03 04:00:00+00:00,8.6211726
2026-04-03 05:00:00+00:00,8.861710500000001
2026-04-03 06:00:00+00:00,8.603518900000001
2026-04-03 07:00:00+00:00,7.9387077
2026-04-03 08:00:00+00:00,6.735761600000001
2026-04-03 09:00:00+00:00,5.5730985
2026-04-03 10:00:00+00:00,4.317018900000001
2026-04-03 11:00:00+00:00,3.9708443000000004
2026-04-03 12:00:00+00:00,4.1270889
2026-04-03 13:00:00+00:00,4.4954301
2026-04-03 14:00:00+00:00,4.997001699999999
2026-04-03 15:00:00+00:00,5.501139900000001
2026-04-03 16:00:00+00:00,5.736921
2026-04-03 17:00:00+00:00,5.9587872
2026-04-03 18:00:00+00:00,5.9329557
2026-04-03 19:00:00+00:00,5.4737714
2026-04-03 20:00:00+00:00,5.155521500000001
2026-04-03 21:00:00+00:00,4.8194969
2026-04-03 22:00:00+00:00,4.3184638
2026-04-03 23:00:00+00:00,3.9665264999999987
2026-04-04 00:00:00+00:00,3.870165900000001
2026-04-04 01:00:00+00:00,4.1152956000000005
2026-04-04 02:00:00+00:00,4.4798065000000005
2026-04-04 03:00:00+00:00,5.0887571000000005
2026-04-04 04:00:00+00:00,5.998317799999999
2026-04-04 05:00:00+00:00,6.7552099000000005
2026-04-04 06:00:00+00:00,7.2560196
2026-04-04 07:00:00+00:00,7.019534800000001
2026-04-04 08:00:00+00:00,6.252176200000001
2026-04-04 09:00:00+00:00,5.6377835
2026-04-04 10:00:00+00:00,5.126169399999999
2026-04-04 11:00:00+00:00,4.84596
2026-04-04 12:00:00+00:00,4.332018900000001
2026-04-04 13:00:00+00:00,4.140308900000001
2026-04-04 14:00:00+00:00,4.1552572
2026-04-04 15:00:00+00:00,4.6389215
2026-04-04 16:00:00+00:00,5.1029486
2026-04-04 17:00:00+00:00,5.6703001
2026-04-04 18:00:00+00:00,5.541214500000001
2026-04-04 19:00:00+00:00,4.838915300000002
2026-04-04 20:00:00+00:00,4.2236813
2026-04-04 21:00:00+00:00,3.7396469000000003
2026-04-04 22:00:00+00:00,3.1161214
2026-04-04 23:00:00+00:00,2.7355017000000013
2026-04-05 00:00:00+00:00,2.3941457
2026-04-05 01:00:00+00:00,2.5193605999999997
2026-04-05 02:00:00+00:00,2.4123495000000004
2026-04-05 03:00:00+00:00,2.5542041000000006
2026-04-05 04:00:00+00:00,2.9583518999999994
2026-04-05 05:00:00+00:00,3.1307966
2026-04-05 06:00:00+00:00,3.3890062000000007
2026-04-05 07:00:00+00:00,3.3948907000000004
2026-04-05 08:00:00+00:00,3.0468990000000016
2026-04-05 09:00:00+00:00,2.7543284000000003
2026-04-05 10:00:00+00:00,2.3805490999999996
2026-04-05 11:00:00+00:00,1.8368281000000017
2026-04-05 12:00:00+00:00,1.2733369000000012
2026-04-05 13:00:00+00:00,0.803296500000001
2026-04-05 14:00:00+00:00,1.0712755000000005
2026-04-05 15:00:00+00:00,2.075088000000001
2026-04-05 16:00:00+00:00,3.6316158000000005
2026-04-05 17:00:00+00:00,5.2415178000000004
2026-04-05 18:00:00+00:00,6.3841162
2026-04-05 19:00:00+00:00,6.6800891
2026-04-05 20:00:00+00:00,6.840904999999999
2026-04-05 21:00:00+00:00,6.800753500000001
2026-04-05 22:00:00+00:00,6.867738200000001
2026-04-05 23:00:00+00:00,6.8280165
2026-04-06 00:00:00+00:00,6.8031965
2026-04-06 01:00:00+00:00,6.9330864
2026-04-06 02:00:00+00:00,7.1231833
2026-04-06 03:00:00+00:00,7.3068195
2026-04-06 04:00:00+00:00,7.7180977
2026-04-06 05:00:00+00:00,7.4488140000000005
2026-04-06 06:00:00+00:00,7.0039251
2026-04-06 07:00:00+00:00,6.0016886000000005
2026-04-06 08:00:00+00:00,4.4763085
2026-04-06 09:00:00+00:00,3.5435125999999997
2026-04-06 10:00:00+00:00,2.8830973
2026-04-06 11:00:00+00:00,2.2038955000000007
2026-04-06 12:00:00+00:00,2.0115437000000007
2026-04-06 13:00:00+00:00,2.056159599999999
2026-04-06 14:00:00+00:00,2.8712388000000004
2026-04-06 15:00:00+00:00,4.7074924
2026-04-06 16:00:00+00:00,6.762558799999999
2026-04-06 17:00:00+00:00,8.1221599
2026-04-06 18:00:00+00:00,8.726063
2026-04-06 19:00:00+00:00,8.4135575
2026-04-06 20:00:00+00:00,8.0642119
2026-04-06 21:00:00+00:00,7.638097200000001
2026-04-06 22:00:00+00:00,7.1035219000000005
2026-04-06 23:00:00+00:00,6.650051400000001
2026-04-07 00:00:00+00:00,6.3921826
2026-04-07 01:00:00+00:00,6.4516403
2026-04-07 02:00:00+00:00,6.4827939
2026-04-07 03:00:00+00:00,6.6382698
2026-04-07 04:00:00+00:00,7.742349
2026-04-07 05:00:00+00:00,8.352934900000001
2026-04-07 06:00:00+00:00,8.1430981
2026-04-07 07:00:00+00:00,6.902498199999999
2026-04-07 08:00:00+00:00,5.184222500000001
2026-04-07 09:00:00+00:00,3.9617972000000012
2026-04-07 10:00:00+00:00,2.8047111000000005
2026-04-07 11:00:00+00:00,2.2571286000000015
2026-04-07 12:00:00+00:00,2.060644400000001
2026-04-07 13:00:00+00:00,2.310304800000001
2026-04-07 14:00:00+00:00,3.3272966000000004
2026-04-07 15:00:00+00:00,5.151895399999999
2026-04-07 16:00:00+00:00,7.0616118000000005
2026-04-07 17:00:00+00:00,8.2465379
2026-04-07 18:00:00+00:00,8.4831938
2026-04-07 19:00:00+00:00,7.9111215
2026-04-07 20:00:00+00:00,7.321923099999999
2026-04-07 21:00:00+00:00,6.6744085
2026-04-07 22:00:00+00:00,6.631459899999999
2026-04-07 23:00:00+00:00,6.4159006
2026-04-08 00:00:00+00:00,6.3664218
2026-04-08 01:00:00+00:00,6.5927588
2026-04-08 02:00:00+00:00,6.8739254999999995
2026-04-08 03:00:00+00:00,7.4541993
2026-04-08 04:00:00+00:00,8.5937651
2026-04-08 05:00:00+00:00,9.1625227
2026-04-08 06:00:00+00:00,8.5832308
2026-04-08 07:00:00+00:00,7.292525200000001
2026-04-08 08:00:00+00:00,5.624531100000001
2026-04-08 09:00:00+00:00,4.291869900000002
2026-04-08 10:00:00+00:00,3.2662359000000007
2026-04-08 11:00:00+00:00,2.8420095000000005
2026-04-08 12:00:00+00:00,2.8417549000000006
2026-04-08 13:00:00+00:00,3.1989395000000007
2026-04-08 14:00:00+00:00,4.290074499999999
2026-04-08 15:00:00+00:00,6.123667
2026-04-08 16:00:00+00:00,8.126995399999998
2026-04-08 17:00:00+00:00,9.419082900000001
2026-04-08 18:00:00+00:00,9.7100695
2026-04-08 19:00:00+00:00,9.1935294
2026-04-08 20:00:00+00:00,8.693841
2026-04-08 21:00:00+00:00,8.155346100000001
2026-04-08 22:00:00+00:00,7.6848857
2026-04-08 23:00:00+00:00,7.2758564
2026-04-09 00:00:00+00:00,7.0152706
2026-04-09 01:00:00+00:00,7.0999776
2026-04-09 02:00:00+00:00,7.2536202
2026-04-09 03:00:00+00:00,7.7458398
2026-04-09 04:00:00+00:00,8.821288000000001
2026-04-09 05:00:00+00:00,9.3676948
2026-04-09 06:00:00+00:00,8.8718489
2026-04-09 07:00:00+00:00,7.6120476
2026-04-09 08:00:00+00:00,6.0118827
2026-04-09 09:00:00+00:00,4.929483100000001
2026-04-09 10:00:00+00:00,3.8800218000000015
2026-04-09 11:00:00+00:00,3.4918011000000018
2026-04-09 12:00:00+00:00,3.379380200000001
2026-04-09 13:00:00+00:00,3.6528935999999996
2026-04-09 14:00:00+00:00,4.688378900000001
2026-04-09 15:00:00+00:00,6.183104999999999
2026-04-09 16:00:00+00:00,7.4234155
2026-04-09 17:00:00+00:00,7.9817403
2026-04-09 18:00:00+00:00,7.786269900000001
2026-04-09 19:00:00+00:00,7.0298464
2026-04-09 20:00:00+00:00,6.251828100000001
2026-04-09 21:00:00+00:00,5.7371848
2026-04-09 22:00:00+00:00,5.148853000000001
2026-04-09 23:00:00+00:00,4.996896099999999
2026-04-10 00:00:00+00:00,4.9231999
2026-04-10 01:00:00+00:00,5.0121526
2026-04-10 02:00:00+00:00,5.153066
2026-04-10 03:00:00+00:00,5.763859200000001
2026-04-10 04:00:00+00:00,7.206541999999999
2026-04-10 05:00:00+00:00,8.3942402
2026-04-10 06:00:00+00:00,8.6556365
2026-04-10 07:00:00+00:00,8.036380600000001
2026-04-10 08:00:00+00:00,6.9704305999999985
2026-04-10 09:00:00+00:00,6.2107075
2026-04-10 10:00:00+00:00,5.3341757
2026-04-10 11:00:00+00:00,4.8609736
2026-04-10 12:00:00+00:00,4.716093400000001
2026-04-10 13:00:00+00:00,5.0018572
2026-04-10 14:00:00+00:00,6.192576100000001
2026-04-10 15:00:00+00:00,7.7195974000000005
2026-04-10 16:00:00+00:00,8.9257854
2026-04-10 17:00:00+00:00,9.6079886
2026-04-10 18:00:00+00:00,9.7605546
2026-04-10 19:00:00+00:00,9.3896555
2026-04-10 20:00:00+00:00,8.8476496
2026-04-10 21:00:00+00:00,8.147370299999999
2026-04-10 22:00:00+00:00,7.3204984
2026-04-10 23:00:00+00:00,6.6865746999999995
2026-04-11 00:00:00+00:00,6.253762500000001
2026-04-11 01:00:00+00:00,5.9158834
2026-04-11 02:00:00+00:00,5.6836592
2026-04-11 03:00:00+00:00,5.471365499999999
2026-04-11 04:00:00+00:00,5.456805299999999
2026-04-11 05:00:00+00:00,5.4163193
2026-04-11 06:00:00+00:00,5.318026600000001
2026-04-11 07:00:00+00:00,4.7668114
2026-04-11 08:00:00+00:00,3.8232613000000004
2026-04-11 09:00:00+00:00,3.033969100000001
2026-04-11 10:00:00+00:00,2.4053684000000013
2026-04-11 11:00:00+00:00,2.5027545999999994
2026-04-11 12:00:00+00:00,3.1041703000000007
2026-04-11 13:00:00+00:00,3.8453565000000003
2026-04-11 14:00:00+00:00,4.355341800000001
2026-04-11 15:00:00+00:00,5.0774817
2026-04-11 16:00:00+00:00,5.6325213
2026-04-11 17:00:00+00:00,6.168992
2026-04-11 18:00:00+00:00,6.3832491000000005
2026-04-11 19:00:00+00:00,6.3369252000000005
2026-04-11 20:00:00+00:00,6.1388011
2026-04-11 21:00:00+00:00,5.9484589
2026-04-11 22:00:00+00:00,5.5425059
2026-04-11 23:00:00+00:00,5.1621695
2026-04-12 00:00:00+00:00,5.0018196999999995
2026-04-12 01:00:00+00:00,4.825114800000001
2026-04-12 02:00:00+00:00,4.6886918
2026-04-12 03:00:00+00:00,4.633011400000001
2026-04-12 04:00:00+00:00,4.752866200000001
2026-04-12 05:00:00+00:00,4.7223539
2026-04-12 06:00:00+00:00,4.3914041
2026-04-12 07:00:00+00:00,3.4728128000000007
2026-04-12 08:00:00+00:00,2.4357205000000004
2026-04-12 09:00:00+00:00,1.6544388000000012
2026-04-12 10:00:00+00:00,1.2801389000000007
2026-04-12 11:00:00+00:00,1.3771462999999997
2026-04-12 12:00:00+00:00,1.630023099999999
2026-04-12 13:00:00+00:00,2.3137014999999996
2026-04-12 14:00:00+00:00,3.4513546
2026-04-12 15:00:00+00:00,4.9658429
2026-04-12 16:00:00+00:00,6.416422800000001
2026-04-12 17:00:00+00:00,7.684161800000001
2026-04-12 18:00:00+00:00,8.327981300000001
2026-04-12 19:00:00+00:00,8.361818099999999
2026-04-12 20:00:00+00:00,8.286117299999999
2026-04-12 21:00:00+00:00,8.0798252
2026-04-12 22:00:00+00:00,7.6922179
2026-04-12 23:00:00+00:00,7.3187583
2026-04-13 00:00:00+00:00,7.275121700000001
2026-04-13 01:00:00+00:00,7.258948
2026-04-13 02:00:00+00:00,7.3847558
2026-04-13 03:00:00+00:00,7.7463313
2026-04-13 04:00:00+00:00,8.615456
2026-04-13 05:00:00+00:00,9.3736505
2026-04-13 06:00:00+00:00,9.6072285
2026-04-13 07:00:00+00:00,9.176324300000001
2026-04-13 08:00:00+00:00,8.7897622
2026-04-13 09:00:00+00:00,8.5066314
2026-04-13 10:00:00+00:00,7.8591271
2026-04-13 11:00:00+00:00,7.700282099999999
2026-04-13 12:00:00+00:00,7.394399900000002
2026-04-13 13:00:00+00:00,7.3268986
2026-04-13 14:00:00+00:00,7.5439256
2026-04-13 15:00:00+00:00,8.078108799999999
2026-04-13 16:00:00+00:00,8.795290099999999
2026-04-13 17:00:00+00:00,9.4355865
2026-04-13 18:00:00+00:00,9.6833564
2026-04-13 19:00:00+00:00,9.55362
2026-04-13 20:00:00+00:00,9.3893278
2026-04-13 21:00:00+00:00,9.0274359
2026-04-13 22:00:00+00:00,8.6722484
2026-04-13 23:00:00+00:00,8.143604
2026-04-14 00:00:00+00:00,7.9767051
2026-04-14 01:00:00+00:00,7.8964622
2026-04-14 02:00:00+00:00,7.970870800000001
2026-04-14 03:00:00+00:00,8.244478
2026-04-14 04:00:00+00:00,9.0030095
2026-04-14 05:00:00+00:00,9.4228805
2026-04-14 06:00:00+00:00,9.0607195
2026-04-14 07:00:00+00:00,7.5780083
2026-04-14 08:00:00+00:00,6.032213200000001
2026-04-14 09:00:00+00:00,4.917903700000002
2026-04-14 10:00:00+00:00,3.975800900000001
2026-04-14 11:00:00+00:00,3.7552378000000006
2026-04-14 12:00:00+00:00,3.5982082
2026-04-14 13:00:00+00:00,3.9133248000000007
2026-04-14 14:00:00+00:00,4.704206300000001
2026-04-14 15:00:00+00:00,6.1550055
2026-04-14 16:00:00+00:00,7.7402997
2026-04-14 17:00:00+00:00,9.0959751
2026-04-14 18:00:00+00:00,9.6081039
2026-04-14 19:00:00+00:00,9.464368200000001
2026-04-14 20:00:00+00:00,9.1611573
2026-04-14 21:00:00+00:00,8.672198400000001
2026-04-14 22:00:00+00:00,7.4308102
2026-04-14 23:00:00+00:00,6.816031000000001
2026-04-15 00:00:00+00:00,6.5113062
2026-04-15 01:00:00+00:00,6.3694594
2026-04-15 02:00:00+00:00,6.3442647
2026-04-15 03:00:00+00:00,6.5566925000000005
2026-04-15 04:00:00+00:00,7.251228200000001
2026-04-15 05:00:00+00:00,7.6215408
2026-04-15 06:00:00+00:00,7.1680837
2026-04-15 07:00:00+00:00,6.007942
2026-04-15 08:00:00+00:00,4.7034144000000015
2026-04-15 09:00:00+00:00,3.7832803999999998
2026-04-15 10:00:00+00:00,2.819058000000001
2026-04-15 11:00:00+00:00,2.585311899999999
2026-04-15 12:00:00+00:00,2.3565509000000002
2026-04-15 13:00:00+00:00,3.0123314000000008
2026-04-15 14:00:00+00:00,4.358882800000001
2026-04-15 15:00:00+00:00,6.012006499999999
2026-04-15 16:00:00+00:00,7.2883852000000005
2026-04-15 17:00:00+00:00,8.1354923
2026-04-15 18:00:00+00:00,8.3664862
2026-04-15 19:00:00+00:00,8.134254799999999
2026-04-15 20:00:00+00:00,7.7229658
2026-04-15 21:00:00+00:00,7.2017193
2026-04-15 22:00:00+00:00,6.5734936
2026-04-15 23:00:00+00:00,6.1873137
2026-04-16 00:00:00+00:00,6.1069384
2026-04-16 01:00:00+00:00,6.1284064
2026-04-16 02:00:00+00:00,6.2899389999999995
2026-04-16 03:00:00+00:00,6.7002427
2026-04-16 04:00:00+00:00,7.530491500000001
2026-04-16 05:00:00+00:00,7.9380249
2026-04-16 06:00:00+00:00,7.5102167
2026-04-16 07:00:00+00:00,6.3754931
2026-04-16 08:00:00+00:00,5.226076300000001
2026-04-16 09:00:00+00:00,4.5176733
2026-04-16 10:00:00+00:00,3.656581600000001
2026-04-16 11:00:00+00:00,3.348222400000001
2026-04-16 12:00:00+00:00,3.1580752000000007
2026-04-16 13:00:00+00:00,3.4680564
2026-04-16 14:00:00+00:00,4.329365699999999
2026-04-16 15:00:00+00:00,5.708560800000001
2026-04-16 16:00:00+00:00,7.103712
2026-04-16 17:00:00+00:00,8.2475314
2026-04-16 18:00:00+00:00,8.8219932
2026-04-16 19:00:00+00:00,8.9008322
2026-04-16 20:00:00+00:00,8.775366
2026-04-16 21:00:00+00:00,8.497261900000002
2026-04-16 22:00:00+00:00,8.0203887
2026-04-16 23:00:00+00:00,7.665988
2026-04-17 00:00:00+00:00,7.4314383
2026-04-17 01:00:00+00:00,7.4309125
2026-04-17 02:00:00+00:00,7.6017767
2026-04-17 03:00:00+00:00,7.8883507999999996
2026-04-17 04:00:00+00:00,8.726117700000001
2026-04-17 05:00:00+00:00,9.2349365
2026-04-17 06:00:00+00:00,8.762831400000001
2026-04-17 07:00:00+00:00,7.5858879
2026-04-17 08:00:00+00:00,5.985064100000001
2026-04-17 09:00:00+00:00,4.943282900000001
2026-04-17 10:00:00+00:00,4.373754000000001
2026-04-17 11:00:00+00:00,4.472702099999999
2026-04-17 12:00:00+00:00,4.7542003
2026-04-17 13:00:00+00:00,5.150211499999999
2026-04-17 14:00:00+00:00,5.623252200000001
2026-04-17 15:00:00+00:00,6.495013900000001
2026-04-17 16:00:00+00:00,7.407431000000001
2026-04-17 17:00:00+00:00,8.1303789
2026-04-17 18:00:00+00:00,8.421574399999999
2026-04-17 19:00:00+00:00,8.480239899999999
2026-04-17 20:00:00+00:00,8.3137711
2026-04-17 21:00:00+00:00,7.9512747
2026-04-17 22:00:00+00:00,7.868485499999999
2026-04-17 23:00:00+00:00,7.5093362
2026-04-18 00:00:00+00:00,7.233162200000001
2026-04-18 01:00:00+00:00,7.1297500000000005
2026-04-18 02:00:00+00:00,7.1104689
2026-04-18 03:00:00+00:00,7.1245027
2026-04-18 04:00:00+00:00,7.4288777
2026-04-18 05:00:00+00:00,7.663841399999999
2026-04-18 06:00:00+00:00,7.7298188
2026-04-18 07:00:00+00:00,7.432974499999999
2026-04-18 08:00:00+00:00,6.6476969
2026-04-18 09:00:00+00:00,6.1174986
2026-04-18 10:00:00+00:00,5.937443400000001
2026-04-18 11:00:00+00:00,5.6815774
2026-04-18 12:00:00+00:00,5.3925944999999995
2026-04-18 13:00:00+00:00,5.307686500000001
2026-04-18 14:00:00+00:00,5.3926481
2026-04-18 15:00:00+00:00,6.073586799999999
2026-04-18 16:00:00+00:00,7.0955797
2026-04-18 17:00:00+00:00,8.0382207
2026-04-18 18:00:00+00:00,8.3518475
2026-04-18 19:00:00+00:00,8.3852172
2026-04-18 20:00:00+00:00,8.2427511
2026-04-18 21:00:00+00:00,7.934776599999999
2026-04-18 22:00:00+00:00,7.661379800000001
2026-04-18 23:00:00+00:00,7.3329693
2026-04-19 00:00:00+00:00,7.02346
2026-04-19 01:00:00+00:00,6.8051366
2026-04-19 02:00:00+00:00,6.6537913
2026-04-19 03:00:00+00:00,6.5827892
2026-04-19 04:00:00+00:00,6.7000760999999995
2026-04-19 05:00:00+00:00,6.4817584
2026-04-19 06:00:00+00:00,5.734625300000001
2026-04-19 07:00:00+00:00,4.6183945
2026-04-19 08:00:00+00:00,3.5449057
2026-04-19 09:00:00+00:00,2.7970869
2026-04-19 10:00:00+00:00,2.5599222999999993
2026-04-19 11:00:00+00:00,2.0992651
2026-04-19 12:00:00+00:00,1.8443112999999993
2026-04-19 13:00:00+00:00,1.9575839999999998
2026-04-19 14:00:00+00:00,2.521476
2026-04-19 15:00:00+00:00,3.923810500000001
2026-04-19 16:00:00+00:00,5.682450200000001
2026-04-19 17:00:00+00:00,7.097441199999999
2026-04-19 18:00:00+00:00,7.7292046999999995
2026-04-19 19:00:00+00:00,7.914669999999999
2026-04-19 20:00:00+00:00,7.946226
2026-04-19 21:00:00+00:00,7.713737600000001
2026-04-19 22:00:00+00:00,7.147323
2026-04-19 23:00:00+00:00,7.0392821
2026-04-20 00:00:00+00:00,6.923319
2026-04-20 01:00:00+00:00,6.964144699999999
2026-04-20 02:00:00+00:00,7.085876600000001
2026-04-20 03:00:00+00:00,7.478007
2026-04-20 04:00:00+00:00,8.445866800000001
2026-04-20 05:00:00+00:00,8.973487800000001
2026-04-20 06:00:00+00:00,8.5364465
2026-04-20 07:00:00+00:00,7.542647800000001
2026-04-20 08:00:00+00:00,6.080765900000001
2026-04-20 09:00:00+00:00,5.232452600000001
2026-04-20 10:00:00+00:00,4.726313600000001
2026-04-20 11:00:00+00:00,4.734696400000001
2026-04-20 12:00:00+00:00,5.0085487
2026-04-20 13:00:00+00:00,5.0202343
2026-04-20 14:00:00+00:00,5.2886358
2026-04-20 15:00:00+00:00,6.3449232
2026-04-20 16:00:00+00:00,7.674961399999999
2026-04-20 17:00:00+00:00,8.4536882
2026-04-20 18:00:00+00:00,8.6859674
2026-04-20 19:00:00+00:00,8.6476652
2026-04-20 20:00:00+00:00,8.4459388
2026-04-20 21:00:00+00:00,8.014949900000001
2026-04-20 22:00:00+00:00,7.1891252
2026-04-20 23:00:00+00:00,7.0110595
2026-04-21 00:00:00+00:00,6.8592973
2026-04-21 01:00:00+00:00,6.889988400000001
2026-04-21 02:00:00+00:00,6.984833499999999
2026-04-21 03:00:00+00:00,7.269288899999999
2026-04-21 04:00:00+00:00,8.0581201
2026-04-21 05:00:00+00:00,8.5203445
2026-04-21 06:00:00+00:00,8.194801
2026-04-21 07:00:00+00:00,7.273466300000001
2026-04-21 08:00:00+00:00,5.690240400000001
2026-04-21 09:00:00+00:00,4.434005400000001
2026-04-21 10:00:00+00:00,3.245465199999999
2026-04-21 11:00:00+00:00,2.9244087000000007
2026-04-21 12:00:00+00:00,3.0028827
2026-04-21 13:00:00+00:00,2.8894888000000005
2026-04-21 14:00:00+00:00,3.006837100000001
2026-04-21 15:00:00+00:00,3.9622905
2026-04-21 16:00:00+00:00,5.382554500000001
2026-04-21 17:00:00+00:00,6.3923213
2026-04-21 18:00:00+00:00,6.786851500000001
2026-04-21 19:00:00+00:00,6.839232600000001
2026-04-21 20:00:00+00:00,6.6800663
2026-04-21 21:00:00+00:00,6.299637000000001
2026-04-21 22:00:00+00:00,5.9529305
2026-04-21 23:00:00+00:00,5.7216799
2026-04-22 00:00:00+00:00,5.5818029000000005
2026-04-22 01:00:00+00:00,5.5843632
2026-04-22 02:00:00+00:00,5.6811115999999995
2026-04-22 03:00:00+00:00,6.085588499999999
2026-04-22 04:00:00+00:00,6.9900457000000005
2026-04-22 05:00:00+00:00,7.359311100000001
2026-04-22 06:00:00+00:00,6.736356800000001
2026-04-22 07:00:00+00:00,5.6247197
2026-04-22 08:00:00+00:00,3.9688495
2026-04-22 09:00:00+00:00,2.6835492
2026-04-22 10:00:00+00:00,1.5525740000000017
2026-04-22 11:00:00+00:00,1.0806854999999995
2026-04-22 12:00:00+00:00,0.9108280999999998
2026-04-22 13:00:00+00:00,0.8229167000000004
2026-04-22 14:00:00+00:00,1.3980615000000007
2026-04-22 15:00:00+00:00,3.083657200000001
2026-04-22 16:00:00+00:00,5.253879600000001
2026-04-22 17:00:00+00:00,6.7304185
2026-04-22 18:00:00+00:00,7.372195400000001
2026-04-22 19:00:00+00:00,7.475209499999999
2026-04-22 20:00:00+00:00,7.2816159
2026-04-22 21:00:00+00:00,6.901693799999999
2026-04-22 22:00:00+00:00,6.6240709
2026-04-22 23:00:00+00:00,6.4880467
2026-04-23 00:00:00+00:00,6.5871387
2026-04-23 01:00:00+00:00,6.7075163
2026-04-23 02:00:00+00:00,6.9798687
2026-04-23 03:00:00+00:00,7.5037368
2026-04-23 04:00:00+00:00,8.3205378
2026-04-23 05:00:00+00:00,8.5016257
2026-04-23 06:00:00+00:00,7.5820623
2026-04-23 07:00:00+00:00,6.254717399999999
2026-04-23 08:00:00+00:00,4.6436666
2026-04-23 09:00:00+00:00,3.5330393000000004
2026-04-23 10:00:00+00:00,2.6755785000000003
2026-04-23 11:00:00+00:00,2.281208300000001
2026-04-23 12:00:00+00:00,2.0209759000000016
2026-04-23 13:00:00+00:00,1.9224686000000002
2026-04-23 14:00:00+00:00,2.592257400000001
2026-04-23 15:00:00+00:00,4.182843500000001
2026-04-23 16:00:00+00:00,6.2926693
2026-04-23 17:00:00+00:00,7.726825400000001
2026-04-23 18:00:00+00:00,8.2318852
2026-04-23 19:00:00+00:00,8.194330599999999
2026-04-23 20:00:00+00:00,7.9056144
2026-04-23 21:00:00+00:00,7.546964600000001
2026-04-23 22:00:00+00:00,7.3793455
2026-04-23 23:00:00+00:00,7.220894500000001
2026-04-24 00:00:00+00:00,7.235342800000001
2026-04-24 01:00:00+00:00,7.2920153999999995
2026-04-24 02:00:00+00:00,7.5851402
2026-04-24 03:00:00+00:00,8.069812
2026-04-24 04:00:00+00:00,8.8345427
2026-04-24 05:00:00+00:00,9.0349438
2026-04-24 06:00:00+00:00,8.164462499999999
2026-04-24 07:00:00+00:00,6.6776839
2026-04-24 08:00:00+00:00,5.0902639
2026-04-24 09:00:00+00:00,4.0034123
2026-04-24 10:00:00+00:00,2.9858483000000025
2026-04-24 11:00:00+00:00,2.468249000000002
2026-04-24 12:00:00+00:00,2.1519104000000002
2026-04-24 13:00:00+00:00,2.362853000000001
2026-04-24 14:00:00+00:00,3.0543072
2026-04-24 15:00:00+00:00,4.5349754
2026-04-24 16:00:00+00:00,6.407613699999999
2026-04-24 17:00:00+00:00,7.8574476
2026-04-24 18:00:00+00:00,8.507822099999998
2026-04-24 19:00:00+00:00,8.6337341
2026-04-24 20:00:00+00:00,8.4798184
2026-04-24 21:00:00+00:00,8.191102200000001
2026-04-24 22:00:00+00:00,7.9959085
2026-04-24 23:00:00+00:00,7.738027600000001
2026-04-25 00:00:00+00:00,7.5944577
2026-04-25 01:00:00+00:00,7.5050246000000005
2026-04-25 02:00:00+00:00,7.5930456
2026-04-25 03:00:00+00:00,7.7151211
2026-04-25 04:00:00+00:00,7.870069699999999
2026-04-25 05:00:00+00:00,7.716788899999999
2026-04-25 06:00:00+00:00,7.006426899999999
2026-04-25 07:00:00+00:00,5.666847300000001
2026-04-25 08:00:00+00:00,3.9737930000000006
2026-04-25 09:00:00+00:00,2.5516824000000016
2026-04-25 10:00:00+00:00,1.6321799000000015
2026-04-25 11:00:00+00:00,1.1208763999999984
2026-04-25 12:00:00+00:00,0.9869538999999996
2026-04-25 13:00:00+00:00,1.5317942000000002
2026-04-25 14:00:00+00:00,2.6319170000000005
2026-04-25 15:00:00+00:00,4.3246019
2026-04-25 16:00:00+00:00,6.1167602
2026-04-25 17:00:00+00:00,7.4805084
2026-04-25 18:00:00+00:00,8.0742308
2026-04-25 19:00:00+00:00,8.2104339
2026-04-25 20:00:00+00:00,8.057788
2026-04-25 21:00:00+00:00,7.7102324
2026-04-25 22:00:00+00:00,7.442025299999999
2026-04-25 23:00:00+00:00,7.0784067
2026-04-26 00:00:00+00:00,6.7718609
2026-04-26 01:00:00+00:00,6.6250171
2026-04-26 02:00:00+00:00,6.6233154
2026-04-26 03:00:00+00:00,6.6838736999999995
2026-04-26 04:00:00+00:00,6.6460604
2026-04-26 05:00:00+00:00,6.2169922
2026-04-26 06:00:00+00:00,5.395425300000001
2026-04-26 07:00:00+00:00,4.325940599999999
2026-04-26 08:00:00+00:00,3.2083732000000005
2026-04-26 09:00:00+00:00,2.0131206000000006
2026-04-26 10:00:00+00:00,1.1519281000000001
2026-04-26 11:00:00+00:00,0.5270427000000009
2026-04-26 12:00:00+00:00,0.41148950000000184
2026-04-26 13:00:00+00:00,0.9327586000000014
2026-04-26 14:00:00+00:00,2.0452259
2026-04-26 15:00:00+00:00,3.8054703000000005
2026-04-26 16:00:00+00:00,5.6553432
2026-04-26 17:00:00+00:00,7.1519575
2026-04-26 18:00:00+00:00,7.8454823000000005
2026-04-26 19:00:00+00:00,7.9796552
2026-04-26 20:00:00+00:00,7.766015299999999
2026-04-26 21:00:00+00:00,7.400290700000001
2026-04-26 22:00:00+00:00,7.005922
2026-04-26 23:00:00+00:00,6.8291116
2026-04-27 00:00:00+00:00,6.6275958
2026-04-27 01:00:00+00:00,6.5538412
2026-04-27 02:00:00+00:00,6.7447604000000005
2026-04-27 03:00:00+00:00,7.269885
2026-04-27 04:00:00+00:00,8.069827
2026-04-27 05:00:00+00:00,8.4892522
2026-04-27 06:00:00+00:00,8.1535351
2026-04-27 07:00:00+00:00,7.3952173
2026-04-27 08:00:00+00:00,6.5308873
2026-04-27 09:00:00+00:00,5.421907900000001
2026-04-27 10:00:00+00:00,4.1850157999999995
2026-04-27 11:00:00+00:00,3.6620273
2026-04-27 12:00:00+00:00,3.551448699999999
2026-04-27 13:00:00+00:00,3.8297188999999996
2026-04-27 14:00:00+00:00,4.545029700000001
2026-04-27 15:00:00+00:00,5.7421357
2026-04-27 16:00:00+00:00,7.134057400000001
2026-04-27 17:00:00+00:00,8.2922602
2026-04-27 18:00:00+00:00,8.4972245
2026-04-27 19:00:00+00:00,8.2544338
2026-04-27 20:00:00+00:00,7.8236775000000005
2026-04-27 21:00:00+00:00,7.2169523
2026-04-27 22:00:00+00:00,6.9697636
2026-04-27 23:00:00+00:00,6.5572575
2026-04-28 00:00:00+00:00,6.1724084
2026-04-28 01:00:00+00:00,5.879571500000001
2026-04-28 02:00:00+00:00,5.7936967
2026-04-28 03:00:00+00:00,6.013306399999999
2026-04-28 04:00:00+00:00,6.570929000000001
2026-04-28 05:00:00+00:00,6.8110979
2026-04-28 06:00:00+00:00,6.325587100000001
2026-04-28 07:00:00+00:00,5.1618444
2026-04-28 08:00:00+00:00,4.032310499999999
2026-04-28 09:00:00+00:00,2.8514122000000004
2026-04-28 10:00:00+00:00,1.5355168
2026-04-28 11:00:00+00:00,0.8652589000000006
2026-04-28 12:00:00+00:00,0.5732218000000007
2026-04-28 13:00:00+00:00,0.7630227999999999
2026-04-28 14:00:00+00:00,1.2853384000000005
2026-04-28 15:00:00+00:00,2.3998022000000017
2026-04-28 16:00:00+00:00,3.7726049
2026-04-28 17:00:00+00:00,5.043163400000001
2026-04-28 18:00:00+00:00,5.479523400000001
2026-04-28 19:00:00+00:00,5.383374400000001
2026-04-28 20:00:00+00:00,5.015929200000001
2026-04-28 21:00:00+00:00,4.5389233
2026-04-28 22:00:00+00:00,4.231186000000001
2026-04-28 23:00:00+00:00,3.9365544000000003
2026-04-29 00:00:00+00:00,3.6682056999999997
2026-04-29 01:00:00+00:00,3.5063396
2026-04-29 02:00:00+00:00,3.5828084
2026-04-29 03:00:00+00:00,3.9638232999999996
2026-04-29 04:00:00+00:00,4.6390639
2026-04-29 05:00:00+00:00,4.810056900000001
2026-04-29 06:00:00+00:00,4.040934399999999
2026-04-29 07:00:00+00:00,2.6785932
2026-04-29 08:00:00+00:00,1.5114188000000013
2026-04-29 09:00:00+00:00,0.36636670000000215
2026-04-29 10:00:00+00:00,-0.7000910999999999
2026-04-29 11:00:00+00:00,-1.056624900000001
2026-04-29 12:00:00+00:00,-1.1146426999999992
2026-04-29 13:00:00+00:00,-0.7312836999999988
2026-04-29 14:00:00+00:00,0.07301290000000016
2026-04-29 15:00:00+00:00,1.5784414000000009
2026-04-29 16:00:00+00:00,3.3289124
2026-04-29 17:00:00+00:00,4.8806737
2026-04-29 18:00:00+00:00,5.554397399999999
2026-04-29 19:00:00+00:00,5.5471982
2026-04-29 20:00:00+00:00,5.195652700000001
2026-04-29 21:00:00+00:00,4.7396912
2026-04-29 22:00:00+00:00,4.1196554999999995
2026-04-29 23:00:00+00:00,3.9233556999999997
2026-04-30 00:00:00+00:00,3.6862582000000006
2026-04-30 01:00:00+00:00,3.5878597000000005
2026-04-30 02:00:00+00:00,3.7400038
2026-04-30 03:00:00+00:00,4.114806000000001
2026-04-30 04:00:00+00:00,4.5807093
2026-04-30 05:00:00+00:00,4.7115347000000005
2026-04-30 06:00:00+00:00,4.384401
2026-04-30 07:00:00+00:00,3.3067062000000007
2026-04-30 08:00:00+00:00,2.220955100000001
2026-04-30 09:00:00+00:00,1.2418668000000004
2026-04-30 10:00:00+00:00,0.15978639999999977
2026-04-30 11:00:00+00:00,-0.17522099999999874
2026-04-30 12:00:00+00:00,-0.3375620000000019
2026-04-30 13:00:00+00:00,0.012411900000001808
2026-04-30 14:00:00+00:00,0.7656256999999993
2026-04-30 15:00:00+00:00,2.0085794999999997
2026-04-30 16:00:00+00:00,3.7121536000000006
2026-04-30 17:00:00+00:00,5.3704753
2026-04-30 18:00:00+00:00,5.886095300000001
2026-04-30 19:00:00+00:00,5.865408800000001
2026-04-30 20:00:00+00:00,5.411797699999999
2026-04-30 21:00:00+00:00,4.9138486
2026-04-30 22:00:00+00:00,4.7213385
2026-04-30 23:00:00+00:00,4.6931736
2026-05-01 00:00:00+00:00,4.7570514
2026-05-01 01:00:00+00:00,4.955323
2026-05-01 02:00:00+00:00,5.182095700000001
2026-05-01 03:00:00+00:00,5.5254022
2026-05-01 04:00:00+00:00,5.7885694
2026-05-01 05:00:00+00:00,5.401845100000001
2026-05-01 06:00:00+00:00,4.2736996
2026-05-01 07:00:00+00:00,3.0037720000000006
2026-05-01 08:00:00+00:00,1.6873128
2026-05-01 09:00:00+00:00,0.4641794000000008
2026-05-01 10:00:00+00:00,-0.5410863999999993
2026-05-01 11:00:00+00:00,-0.9659147999999984
2026-05-01 12:00:00+00:00,-0.7336196999999984
2026-05-01 13:00:00+00:00,0.2560688999999998
2026-05-01 14:00:00+00:00,1.912621200000002
2026-05-01 15:00:00+00:00,3.7946820000000017
2026-05-01 16:00:00+00:00,5.5261885
2026-05-01 17:00:00+00:00,7.0841497
2026-05-01 18:00:00+00:00,7.849531499999999
2026-05-01 19:00:00+00:00,7.570008700000001
2026-05-01 20:00:00+00:00,7.0002601
2026-05-01 21:00:00+00:00,6.4836424
2026-05-01 22:00:00+00:00,6.5361808
2026-05-01 23:00:00+00:00,6.4119209
2026-05-02 00:00:00+00:00,6.4075194
2026-05-02 01:00:00+00:00,6.6208205
2026-05-02 02:00:00+00:00,6.9559120000000005
2026-05-02 03:00:00+00:00,7.3016725000000005
2026-05-02 04:00:00+00:00,7.4476941
2026-05-02 05:00:00+00:00,7.205500000000002
2026-05-02 06:00:00+00:00,6.3140276
2026-05-02 07:00:00+00:00,5.100571400000001
2026-05-02 08:00:00+00:00,3.935816299999999
2026-05-02 09:00:00+00:00,2.821325400000001
2026-05-02 10:00:00+00:00,2.0458413999999996
2026-05-02 11:00:00+00:00,1.905155099999999
2026-05-02 12:00:00+00:00,2.5218738999999992
2026-05-02 13:00:00+00:00,3.619274100000001
2026-05-02 14:00:00+00:00,4.8379167
2026-05-02 15:00:00+00:00,6.0645221
2026-05-02 16:00:00+00:00,7.0122876000000005
2026-05-02 17:00:00+00:00,7.795170400000001
2026-05-02 18:00:00+00:00,8.106702300000002
2026-05-02 19:00:00+00:00,7.8577769
2026-05-02 20:00:00+00:00,7.290239000000001
2026-05-02 21:00:00+00:00,6.8150046
2026-05-02 22:00:00+00:00,6.4322954
2026-05-02 23:00:00+00:00,6.2822787
2026-05-03 00:00:00+00:00,6.220756
2026-05-03 01:00:00+00:00,6.2687893
2026-05-03 02:00:00+00:00,6.3034183
2026-05-03 03:00:00+00:00,6.4257809
2026-05-03 04:00:00+00:00,6.58639
2026-05-03 05:00:00+00:00,6.646918599999999
2026-05-03 06:00:00+00:00,6.3627880999999995
2026-05-03 07:00:00+00:00,6.066543300000001
2026-05-03 08:00:00+00:00,5.5202241
2026-05-03 09:00:00+00:00,4.9610482
2026-05-03 10:00:00+00:00,4.2304529
2026-05-03 11:00:00+00:00,3.6227849
2026-05-03 12:00:00+00:00,3.2154375
2026-05-03 13:00:00+00:00,3.357268500000001
2026-05-03 14:00:00+00:00,3.9732886999999995
2026-05-03 15:00:00+00:00,4.7745464
2026-05-03 16:00:00+00:00,5.587119600000001
2026-05-03 17:00:00+00:00,6.400808100000001
2026-05-03 18:00:00+00:00,6.9062168
2026-05-03 19:00:00+00:00,6.789676399999999
2026-05-03 20:00:00+00:00,6.3393716
2026-05-03 21:00:00+00:00,6.046718800000001
2026-05-03 22:00:00+00:00,6.1419263
2026-05-03 23:00:00+00:00,6.1677172
2026-05-04 00:00:00+00:00,6.346306800000001
2026-05-04 01:00:00+00:00,6.9379831
2026-05-04 02:00:00+00:00,7.838170600000001
2026-05-04 03:00:00+00:00,8.8266077
2026-05-04 04:00:00+00:00,9.5464927
2026-05-04 05:00:00+00:00,9.5313303
2026-05-04 06:00:00+00:00,8.5874657
2026-05-04 07:00:00+00:00,7.835353900000001
2026-05-04 08:00:00+00:00,6.9055535
2026-05-04 09:00:00+00:00,6.097530100000001
2026-05-04 10:00:00+00:00,5.215569099999999
2026-05-04 11:00:00+00:00,4.844007
2026-05-04 12:00:00+00:00,4.766113999999999
2026-05-04 13:00:00+00:00,5.2705094
2026-05-04 14:00:00+00:00,6.0670181
2026-05-04 15:00:00+00:00,6.740142299999999
2026-05-04 16:00:00+00:00,7.3444992000000004
2026-05-04 17:00:00+00:00,7.9834873
2026-05-04 18:00:00+00:00,8.2491079
2026-05-04 19:00:00+00:00,7.917349999999998
2026-05-04 20:00:00+00:00,7.2781417
2026-05-04 21:00:00+00:00,6.8999267
2026-05-04 22:00:00+00:00,6.8075316
2026-05-04 23:00:00+00:00,6.7209883
2026-05-05 00:00:00+00:00,6.8115433
2026-05-05 01:00:00+00:00,7.2285096
2026-05-05 02:00:00+00:00,7.9461105000000005
2026-05-05 03:00:00+00:00,8.7529462
2026-05-05 04:00:00+00:00,9.209523
2026-05-05 05:00:00+00:00,9.1677897
2026-05-05 06:00:00+00:00,8.4351406
2026-05-05 07:00:00+00:00,7.7857354999999995
2026-05-05 08:00:00+00:00,6.8861726999999995
2026-05-05 09:00:00+00:00,6.232983800000001
2026-05-05 10:00:00+00:00,5.5117004
2026-05-05 11:00:00+00:00,5.2411112
2026-05-05 12:00:00+00:00,5.124798500000001
2026-05-05 13:00:00+00:00,5.236608100000001
2026-05-05 14:00:00+00:00,5.7250288000000005
2026-05-05 15:00:00+00:00,6.1678803
2026-05-05 16:00:00+00:00,6.4484227999999995
2026-05-05 17:00:00+00:00,6.8310992000000015
2026-05-05 18:00:00+00:00,7.0059567000000005
2026-05-05 19:00:00+00:00,6.6425339
2026-05-05 20:00:00+00:00,5.9721912999999995
2026-05-05 21:00:00+00:00,5.5768903000000005
2026-05-05 22:00:00+00:00,5.3276381
2026-05-05 23:00:00+00:00,5.3579876
2026-05-06 00:00:00+00:00,5.5926877
2026-05-06 01:00:00+00:00,6.070412700000001
2026-05-06 02:00:00+00:00,6.862574100000001
2026-05-06 03:00:00+00:00,7.745241399999999
2026-05-06 04:00:00+00:00,8.235295
2026-05-06 05:00:00+00:00,8.3384484
2026-05-06 06:00:00+00:00,7.961253699999999
2026-05-06 07:00:00+00:00,7.7895139
2026-05-06 08:00:00+00:00,7.381147800000002
2026-05-06 09:00:00+00:00,7.105059300000001
2026-05-06 10:00:00+00:00,6.7259713
2026-05-06 11:00:00+00:00,6.266274900000001
2026-05-06 12:00:00+00:00,6.2026078
2026-05-06 13:00:00+00:00,6.3928650000000005
2026-05-06 14:00:00+00:00,6.714137300000001
2026-05-06 15:00:00+00:00,7.0567386
2026-05-06 16:00:00+00:00,7.2986938000000015
2026-05-06 17:00:00+00:00,7.6673243
2026-05-06 18:00:00+00:00,7.8866274
2026-05-06 19:00:00+00:00,7.7226680000000005
2026-05-06 20:00:00+00:00,7.2215352
2026-05-06 21:00:00+00:00,6.9183047
2026-05-06 22:00:00+00:00,7.1373475
2026-05-06 23:00:00+00:00,7.2131795
2026-05-07 00:00:00+00:00,7.3722697
2026-05-07 01:00:00+00:00,7.7937125
2026-05-07 02:00:00+00:00,8.5802011
2026-05-07 03:00:00+00:00,9.4413833
2026-05-07 04:00:00+00:00,9.956810599999999
2026-05-07 05:00:00+00:00,9.7414982
2026-05-07 06:00:00+00:00,8.755871599999999
2026-05-07 07:00:00+00:00,7.531912600000001
2026-05-07 08:00:00+00:00,6.0993429
2026-05-07 09:00:00+00:00,5.136119700000001
2026-05-07 10:00:00+00:00,4.716922100000001
2026-05-07 11:00:00+00:00,4.686893299999999
2026-05-07 12:00:00+00:00,5.126973400000002
2026-05-07 13:00:00+00:00,5.8801784
2026-05-07 14:00:00+00:00,6.646380899999999
2026-05-07 15:00:00+00:00,7.339229400000001
2026-05-07 16:00:00+00:00,7.855773500000001
2026-05-07 17:00:00+00:00,8.4078875
2026-05-07 18:00:00+00:00,8.7525027
2026-05-07 19:00:00+00:00,8.4989426
2026-05-07 20:00:00+00:00,7.8781419
2026-05-07 21:00:00+00:00,7.4911781
2026-05-07 22:00:00+00:00,7.2346668
2026-05-07 23:00:00+00:00,7.1998625
2026-05-08 00:00:00+00:00,7.3384651
2026-05-08 01:00:00+00:00,7.7654257
2026-05-08 02:00:00+00:00,8.4815442
2026-05-08 03:00:00+00:00,9.286268199999999
2026-05-08 04:00:00+00:00,9.6856899
2026-05-08 05:00:00+00:00,9.3419831
2026-05-08 06:00:00+00:00,8.2794901
2026-05-08 07:00:00+00:00,6.8657327000000015
2026-05-08 08:00:00+00:00,5.4185332000000015
2026-05-08 09:00:00+00:00,4.5396306000000015
2026-05-08 10:00:00+00:00,4.128097700000001
2026-05-08 11:00:00+00:00,3.9113621000000007
2026-05-08 12:00:00+00:00,4.083341700000001
2026-05-08 13:00:00+00:00,4.625434900000001
2026-05-08 14:00:00+00:00,5.3419094
2026-05-08 15:00:00+00:00,6.140131800000001
2026-05-08 16:00:00+00:00,6.823735
2026-05-08 17:00:00+00:00,7.6234193
2026-05-08 18:00:00+00:00,8.0872618
2026-05-08 19:00:00+00:00,7.921262100000001
2026-05-08 20:00:00+00:00,7.2913973
2026-05-08 21:00:00+00:00,6.8333015999999995
2026-05-08 22:00:00+00:00,6.7052333
2026-05-08 23:00:00+00:00,6.628406099999999
2026-05-09 00:00:00+00:00,6.6132721000000005
2026-05-09 01:00:00+00:00,6.7121169
2026-05-09 02:00:00+00:00,6.9777048
2026-05-09 03:00:00+00:00,7.3490185
2026-05-09 04:00:00+00:00,7.5377799
2026-05-09 05:00:00+00:00,7.111822999999999
2026-05-09 06:00:00+00:00,6.060419100000001
2026-05-09 07:00:00+00:00,4.6708622
2026-05-09 08:00:00+00:00,3.1926862000000007
2026-05-09 09:00:00+00:00,1.9255838999999995
2026-05-09 10:00:00+00:00,1.2044848000000004
2026-05-09 11:00:00+00:00,1.0958390000000016
2026-05-09 12:00:00+00:00,1.4494917000000012
2026-05-09 13:00:00+00:00,2.3072129000000006
2026-05-09 14:00:00+00:00,3.3121926000000013
2026-05-09 15:00:00+00:00,4.297164400000001
2026-05-09 16:00:00+00:00,5.155229299999999
2026-05-09 17:00:00+00:00,6.0600526
2026-05-09 18:00:00+00:00,6.618462600000001
2026-05-09 19:00:00+00:00,6.565332600000001
2026-05-09 20:00:00+00:00,6.0543677
2026-05-09 21:00:00+00:00,5.7293995
2026-05-09 22:00:00+00:00,5.5865939000000004
2026-05-09 23:00:00+00:00,5.5778166
2026-05-10 00:00:00+00:00,5.561920499999999
2026-05-10 01:00:00+00:00,5.5738234
2026-05-10 02:00:00+00:00,5.586098400000001
2026-05-10 03:00:00+00:00,5.7284044000000005
2026-05-10 04:00:00+00:00,5.769552200000001
2026-05-10 05:00:00+00:00,5.408463
2026-05-10 06:00:00+00:00,4.6051467
2026-05-10 07:00:00+00:00,3.555123000000001
2026-05-10 08:00:00+00:00,2.2170032000000006
2026-05-10 09:00:00+00:00,0.9409740000000006
2026-05-10 10:00:00+00:00,0.08265839999999969
2026-05-10 11:00:00+00:00,-0.21806669999999784
2026-05-10 12:00:00+00:00,-0.19553849999999873
2026-05-10 13:00:00+00:00,0.4862669000000013
2026-05-10 14:00:00+00:00,1.754054700000001
2026-05-10 15:00:00+00:00,2.8479358
2026-05-10 16:00:00+00:00,3.759132300000001
2026-05-10 17:00:00+00:00,4.5772815
2026-05-10 18:00:00+00:00,4.944239200000002
2026-05-10 19:00:00+00:00,4.760840000000002
2026-05-10 20:00:00+00:00,4.387814400000001
2026-05-10 21:00:00+00:00,4.1813087
2026-05-10 22:00:00+00:00,4.361846999999999
2026-05-10 23:00:00+00:00,4.607637
2026-05-11 00:00:00+00:00,5.0878837
2026-05-11 01:00:00+00:00,5.814291300000001
2026-05-11 02:00:00+00:00,6.8268511
2026-05-11 03:00:00+00:00,7.935148799999999
2026-05-11 04:00:00+00:00,8.737400599999999
2026-05-11 05:00:00+00:00,8.717132399999999
2026-05-11 06:00:00+00:00,7.5776455
2026-05-11 07:00:00+00:00,6.331435399999999
2026-05-11 08:00:00+00:00,5.354695200000001
2026-05-11 09:00:00+00:00,4.4970077
2026-05-11 10:00:00+00:00,3.427593299999999
2026-05-11 11:00:00+00:00,2.7678154
2026-05-11 12:00:00+00:00,2.6314364999999995
2026-05-11 13:00:00+00:00,3.136665800000001
2026-05-11 14:00:00+00:00,3.6724742000000017
2026-05-11 15:00:00+00:00,4.2027849
2026-05-11 16:00:00+00:00,4.9522367
2026-05-11 17:00:00+00:00,5.868295700000001
2026-05-11 18:00:00+00:00,6.549385199999999
2026-05-11 19:00:00+00:00,6.603082800000001
2026-05-11 20:00:00+00:00,6.2851785
2026-05-11 21:00:00+00:00,6.1120455
2026-05-11 22:00:00+00:00,4.865274100000001
2026-05-11 23:00:00+00:00,4.963003800000001
2026-05-12 00:00:00+00:00,5.2118971
2026-05-12 01:00:00+00:00,5.7301986000000005
2026-05-12 02:00:00+00:00,6.6213905
2026-05-12 03:00:00+00:00,7.604354200000001
2026-05-12 04:00:00+00:00,8.143524999999999
2026-05-12 05:00:00+00:00,8.0076173
2026-05-12 06:00:00+00:00,7.081716900000001
2026-05-12 07:00:00+00:00,6.134769600000002
2026-05-12 08:00:00+00:00,5.180883099999999
2026-05-12 09:00:00+00:00,4.6623401
2026-05-12 10:00:00+00:00,4.1341353
2026-05-12 11:00:00+00:00,3.7996061999999995
2026-05-12 12:00:00+00:00,3.758332300000001
2026-05-12 13:00:00+00:00,4.1937565999999995
2026-05-12 14:00:00+00:00,4.991404800000001
2026-05-12 15:00:00+00:00,5.6830887
2026-05-12 16:00:00+00:00,6.3471308
2026-05-12 17:00:00+00:00,6.957609600000001
2026-05-12 18:00:00+00:00,7.355096699999999
2026-05-12 19:00:00+00:00,7.1525444
2026-05-12 20:00:00+00:00,6.554131700000001
2026-05-12 21:00:00+00:00,6.225961500000001
2026-05-12 22:00:00+00:00,5.8834316
2026-05-12 23:00:00+00:00,5.8679577
2026-05-13 00:00:00+00:00,6.0477128
2026-05-13 01:00:00+00:00,6.5580277
2026-05-13 02:00:00+00:00,7.445780299999999
2026-05-13 03:00:00+00:00,8.335095599999999
2026-05-13 04:00:00+00:00,8.5398618
2026-05-13 05:00:00+00:00,7.9113538000000005
2026-05-13 06:00:00+00:00,6.720346600000001
2026-05-13 07:00:00+00:00,5.785889999999999
2026-05-13 08:00:00+00:00,4.599170699999999
2026-05-13 09:00:00+00:00,3.5740452000000005
2026-05-13 10:00:00+00:00,2.8760329000000002
2026-05-13 11:00:00+00:00,2.3151928
2026-05-13 12:00:00+00:00,2.3111690000000005
2026-05-13 13:00:00+00:00,2.8131467
2026-05-13 14:00:00+00:00,3.6021228
2026-05-13 15:00:00+00:00,4.4871701
2026-05-13 16:00:00+00:00,5.308962800000001
2026-05-13 17:00:00+00:00,6.2488124
2026-05-13 18:00:00+00:00,6.9733442
2026-05-13 19:00:00+00:00,6.8656508
2026-05-13 20:00:00+00:00,6.3332484000000004
2026-05-13 21:00:00+00:00,5.9768452
2026-05-13 22:00:00+00:00,5.4543685
2026-05-13 23:00:00+00:00,5.2445276
2026-05-14 00:00:00+00:00,5.101038099999999
2026-05-14 01:00:00+00:00,5.1621728000000004
2026-05-14 02:00:00+00:00,5.3288321000000005
2026-05-14 03:00:00+00:00,5.686689
2026-05-14 04:00:00+00:00,6.0532759
2026-05-14 05:00:00+00:00,6.088504500000001
2026-05-14 06:00:00+00:00,5.6608184
2026-05-14 07:00:00+00:00,5.2100679
2026-05-14 08:00:00+00:00,4.7825594
2026-05-14 09:00:00+00:00,4.2616013
2026-05-14 10:00:00+00:00,3.6769142000000015
2026-05-14 11:00:00+00:00,3.1375191000000004
2026-05-14 12:00:00+00:00,2.9246979999999994
2026-05-14 13:00:00+00:00,3.3210385000000002
2026-05-14 14:00:00+00:00,4.0999952
2026-05-14 15:00:00+00:00,5.133081200000001
2026-05-14 16:00:00+00:00,6.2057851
2026-05-14 17:00:00+00:00,7.203982699999999
2026-05-14 18:00:00+00:00,7.9043056
2026-05-14 19:00:00+00:00,7.8645723
2026-05-14 20:00:00+00:00,7.499647100000001
2026-05-14 21:00:00+00:00,7.1919037
2026-05-14 22:00:00+00:00,6.8928026
2026-05-14 23:00:00+00:00,6.7824314999999995
2026-05-15 00:00:00+00:00,6.8005556
2026-05-15 01:00:00+00:00,7.035343000000001
2026-05-15 02:00:00+00:00,7.4495582
2026-05-15 03:00:00+00:00,7.936301299999999
2026-05-15 04:00:00+00:00,8.1182418
2026-05-15 05:00:00+00:00,7.7156027
2026-05-15 06:00:00+00:00,6.708609800000001
2026-05-15 07:00:00+00:00,5.622845699999999
2026-05-15 08:00:00+00:00,4.768763700000001
2026-05-15 09:00:00+00:00,4.302460100000001
2026-05-15 10:00:00+00:00,3.6877021
2026-05-15 11:00:00+00:00,3.0573925000000006
2026-05-15 12:00:00+00:00,2.9308457000000008
2026-05-15 13:00:00+00:00,3.3233275000000004
2026-05-15 14:00:00+00:00,4.1436516999999995
2026-05-15 15:00:00+00:00,5.1617788
2026-05-15 16:00:00+00:00,6.1701063000000005
2026-05-15 17:00:00+00:00,7.1836854
2026-05-15 18:00:00+00:00,7.922296300000001
2026-05-15 19:00:00+00:00,7.9834724
2026-05-15 20:00:00+00:00,7.6132092
2026-05-15 21:00:00+00:00,7.3261861
2026-05-15 22:00:00+00:00,7.2985532
2026-05-15 23:00:00+00:00,7.1662894999999995
2026-05-16 00:00:00+00:00,7.1084415
2026-05-16 01:00:00+00:00,7.2541695
2026-05-16 02:00:00+00:00,7.475010800000001
2026-05-16 03:00:00+00:00,7.7908343
2026-05-16 04:00:00+00:00,7.9460648
2026-05-16 05:00:00+00:00,7.652260500000001
2026-05-16 06:00:00+00:00,6.8091577999999995
2026-05-16 07:00:00+00:00,5.695161899999999
2026-05-16 08:00:00+00:00,4.778239899999999
2026-05-16 09:00:00+00:00,4.1136563
2026-05-16 10:00:00+00:00,3.7327276000000014
2026-05-16 11:00:00+00:00,3.402151400000001
2026-05-16 12:00:00+00:00,3.2508577
2026-05-16 13:00:00+00:00,3.5005947000000015
2026-05-16 14:00:00+00:00,4.0561052
2026-05-16 15:00:00+00:00,4.7550377
2026-05-16 16:00:00+00:00,5.6182795
2026-05-16 17:00:00+00:00,6.654433899999999
2026-05-16 18:00:00+00:00,7.418067500000001
2026-05-16 19:00:00+00:00,7.3941492
2026-05-16 20:00:00+00:00,6.910174500000001
2026-05-16 21:00:00+00:00,6.5630604
2026-05-16 22:00:00+00:00,5.8306034
2026-05-16 23:00:00+00:00,5.5217529
2026-05-17 00:00:00+00:00,5.3681924
2026-05-17 01:00:00+00:00,5.3831591
2026-05-17 02:00:00+00:00,5.522786
2026-05-17 03:00:00+00:00,5.892926599999999
2026-05-17 04:00:00+00:00,6.324833000000001
2026-05-17 05:00:00+00:00,6.592269000000002
2026-05-17 06:00:00+00:00,6.553618700000001
2026-05-17 07:00:00+00:00,6.2313355
2026-05-17 08:00:00+00:00,5.6482797
2026-05-17 09:00:00+00:00,5.012151
2026-05-17 10:00:00+00:00,4.614118800000001
2026-05-17 11:00:00+00:00,4.2975916
2026-05-17 12:00:00+00:00,3.9593996999999996
2026-05-17 13:00:00+00:00,4.1276108
2026-05-17 14:00:00+00:00,4.819988000000001
2026-05-17 15:00:00+00:00,5.754298199999999
2026-05-17 16:00:00+00:00,6.630082000000001
2026-05-17 17:00:00+00:00,7.426218200000001
2026-05-17 18:00:00+00:00,7.831309299999999
2026-05-17 19:00:00+00:00,7.599734699999999
2026-05-17 20:00:00+00:00,7.2187544
2026-05-17 21:00:00+00:00,7.0293852
2026-05-17 22:00:00+00:00,6.4031927
2026-05-17 23:00:00+00:00,6.3305566
2026-05-18 00:00:00+00:00,6.4740794
2026-05-18 01:00:00+00:00,6.933583199999999
2026-05-18 02:00:00+00:00,7.790678999999999
2026-05-18 03:00:00+00:00,8.7726371
2026-05-18 04:00:00+00:00,9.3967144
2026-05-18 05:00:00+00:00,9.230654900000001
2026-05-18 06:00:00+00:00,8.3206883
2026-05-18 07:00:00+00:00,7.2513054
2026-05-18 08:00:00+00:00,6.1367047
2026-05-18 09:00:00+00:00,5.103367200000001
2026-05-18 10:00:00+00:00,4.369955700000001
2026-05-18 11:00:00+00:00,4.2175530000000006
2026-05-18 12:00:00+00:00,4.236735100000001
2026-05-18 13:00:00+00:00,4.5391177
2026-05-18 14:00:00+00:00,5.0546444
2026-05-18 15:00:00+00:00,5.677293999999999
2026-05-18 16:00:00+00:00,6.278460600000002
2026-05-18 17:00:00+00:00,7.0976917
2026-05-18 18:00:00+00:00,7.863535699999999
2026-05-18 19:00:00+00:00,7.7846215999999995
2026-05-18 20:00:00+00:00,7.291629800000001
2026-05-18 21:00:00+00:00,6.833273
2026-05-18 22:00:00+00:00,6.6889031
2026-05-18 23:00:00+00:00,6.4861933
2026-05-19 00:00:00+00:00,6.4293755
2026-05-19 01:00:00+00:00,6.589872000000001
2026-05-19 02:00:00+00:00,7.178293499999999
2026-05-19 03:00:00+00:00,7.919927
2026-05-19 04:00:00+00:00,8.1865773
2026-05-19 05:00:00+00:00,7.9547598
2026-05-19 06:00:00+00:00,7.2945579
2026-05-19 07:00:00+00:00,6.718488600000001
2026-05-19 08:00:00+00:00,5.910506999999999
2026-05-19 09:00:00+00:00,5.296278899999999
2026-05-19 10:00:00+00:00,4.5043472000000015
2026-05-19 11:00:00+00:00,3.9976526000000003
2026-05-19 12:00:00+00:00,3.776121
2026-05-19 13:00:00+00:00,4.045404
2026-05-19 14:00:00+00:00,4.617335700000002
2026-05-19 15:00:00+00:00,5.0757677999999995
2026-05-19 16:00:00+00:00,5.346650899999999
2026-05-19 17:00:00+00:00,5.692317600000001
2026-05-19 18:00:00+00:00,6.109069000000001
2026-05-19 19:00:00+00:00,5.8249437
2026-05-19 20:00:00+00:00,5.239283600000001
2026-05-19 21:00:00+00:00,4.894384799999999
2026-05-19 22:00:00+00:00,4.6926247
2026-05-19 23:00:00+00:00,4.627878
2026-05-20 00:00:00+00:00,4.6851108
2026-05-20 01:00:00+00:00,5.0257366
2026-05-20 02:00:00+00:00,5.822898799999999
2026-05-20 03:00:00+00:00,6.6544423
2026-05-20 04:00:00+00:00,7.024774799999999
2026-05-20 05:00:00+00:00,6.706158700000001
2026-05-20 06:00:00+00:00,5.7818638
2026-05-20 07:00:00+00:00,4.7514257
2026-05-20 08:00:00+00:00,3.8241984
2026-05-20 09:00:00+00:00,3.2278619000000006
2026-05-20 10:00:00+00:00,2.5825536000000007
2026-05-20 11:00:00+00:00,1.7437211999999995
2026-05-20 12:00:00+00:00,1.2119599
2026-05-20 13:00:00+00:00,1.4462265999999993
2026-05-20 14:00:00+00:00,2.0267165999999994
2026-05-20 15:00:00+00:00,2.865957400000001
2026-05-20 16:00:00+00:00,3.814225699999999
2026-05-20 17:00:00+00:00,4.9079464999999995
2026-05-20 18:00:00+00:00,5.977250499999999
2026-05-20 19:00:00+00:00,6.110872500000001
2026-05-20 20:00:00+00:00,5.779538
2026-05-20 21:00:00+00:00,5.6253986
2026-05-20 22:00:00+00:00,5.5597096
2026-05-20 23:00:00+00:00,5.6797717
2026-05-21 00:00:00+00:00,5.9663528999999995
2026-05-21 01:00:00+00:00,6.4770743
2026-05-21 02:00:00+00:00,7.363877300000001
2026-05-21 03:00:00+00:00,8.2648343
2026-05-21 04:00:00+00:00,8.7948271
2026-05-21 05:00:00+00:00,8.461922000000001
2026-05-21 06:00:00+00:00,7.385032700000001
2026-05-21 07:00:00+00:00,6.0554353
2026-05-21 08:00:00+00:00,4.467208000000001
2026-05-21 09:00:00+00:00,3.398822000000001
2026-05-21 10:00:00+00:00,2.503422099999999
2026-05-21 11:00:00+00:00,2.2319113999999995
2026-05-21 12:00:00+00:00,2.4965513
2026-05-21 13:00:00+00:00,3.3351474000000003
2026-05-21 14:00:00+00:00,4.4740302000000005
2026-05-21 15:00:00+00:00,5.5509509999999995
2026-05-21 16:00:00+00:00,6.542561300000001
2026-05-21 17:00:00+00:00,7.4782506
2026-05-21 18:00:00+00:00,8.386245599999999
2026-05-21 19:00:00+00:00,8.4210331
2026-05-21 20:00:00+00:00,7.976724
2026-05-21 21:00:00+00:00,7.634648
2026-05-21 22:00:00+00:00,7.480841099999999
2026-05-21 23:00:00+00:00,7.3803938
2026-05-22 00:00:00+00:00,7.3956431
2026-05-22 01:00:00+00:00,7.606632
2026-05-22 02:00:00+00:00,8.2090099
2026-05-22 03:00:00+00:00,8.9538615
2026-05-22 04:00:00+00:00,9.1601162
2026-05-22 05:00:00+00:00,8.5702022
2026-05-22 06:00:00+00:00,7.329922099999999
2026-05-22 07:00:00+00:00,6.0384515
2026-05-22 08:00:00+00:00,4.4927945
2026-05-22 09:00:00+00:00,3.2314639000000014
2026-05-22 10:00:00+00:00,2.3068329000000007
2026-05-22 11:00:00+00:00,1.7045662000000004
2026-05-22 12:00:00+00:00,1.7346571000000006
2026-05-22 13:00:00+00:00,2.3705082000000006
2026-05-22 14:00:00+00:00,3.462141000000001
2026-05-22 15:00:00+00:00,4.8454487
2026-05-22 16:00:00+00:00,6.1224343
2026-05-22 17:00:00+00:00,7.3992836
2026-05-22 18:00:00+00:00,8.3877528
2026-05-22 19:00:00+00:00,8.3452473
2026-05-22 20:00:00+00:00,7.815869999999999
2026-05-22 21:00:00+00:00,7.3599738
2026-05-22 22:00:00+00:00,7.115703
2026-05-22 23:00:00+00:00,6.9816502
2026-05-23 00:00:00+00:00,6.9456861000000005
2026-05-23 01:00:00+00:00,6.985550599999999
2026-05-23 02:00:00+00:00,7.2047151
2026-05-23 03:00:00+00:00,7.479891200000001
2026-05-23 04:00:00+00:00,7.5960196
2026-05-23 05:00:00+00:00,7.156153400000001
2026-05-23 06:00:00+00:00,6.1605081
2026-05-23 07:00:00+00:00,4.9702654000000015
2026-05-23 08:00:00+00:00,3.864028200000001
2026-05-23 09:00:00+00:00,2.751509200000002
2026-05-23 10:00:00+00:00,1.7789071000000014
2026-05-23 11:00:00+00:00,1.3097930000000026
2026-05-23 12:00:00+00:00,1.309792700000001
2026-05-23 13:00:00+00:00,1.9673138999999997
2026-05-23 14:00:00+00:00,3.108684300000001
2026-05-23 15:00:00+00:00,4.375738399999999
2026-05-23 16:00:00+00:00,5.684699
2026-05-23 17:00:00+00:00,6.9619073
2026-05-23 18:00:00+00:00,7.901361300000001
2026-05-23 19:00:00+00:00,7.963333600000001
2026-05-23 20:00:00+00:00,7.539797399999999
2026-05-23 21:00:00+00:00,7.1853215
2026-05-23 22:00:00+00:00,6.9185534
2026-05-23 23:00:00+00:00,6.8575795
2026-05-24 00:00:00+00:00,6.837434200000001
2026-05-24 01:00:00+00:00,6.9226126
2026-05-24 02:00:00+00:00,7.0367119
2026-05-24 03:00:00+00:00,7.321765699999999
2026-05-24 04:00:00+00:00,7.4181296
2026-05-24 05:00:00+00:00,6.983294299999999
2026-05-24 06:00:00+00:00,6.0610686000000005
2026-05-24 07:00:00+00:00,4.8286563000000005
2026-05-24 08:00:00+00:00,3.459536
2026-05-24 09:00:00+00:00,2.147222600000001
2026-05-24 10:00:00+00:00,0.9953016000000003
2026-05-24 11:00:00+00:00,0.3456039000000004
2026-05-24 12:00:00+00:00,0.3792871000000009
2026-05-24 13:00:00+00:00,1.1306898000000016
2026-05-24 14:00:00+00:00,2.442781000000001
2026-05-24 15:00:00+00:00,4.0572404
2026-05-24 16:00:00+00:00,5.5919243000000005
2026-05-24 17:00:00+00:00,6.786785
2026-05-24 18:00:00+00:00,7.5642993
2026-05-24 19:00:00+00:00,7.481620000000001
2026-05-24 20:00:00+00:00,6.9922691
2026-05-24 21:00:00+00:00,6.661925800000001
2026-05-24 22:00:00+00:00,6.2802579
2026-05-24 23:00:00+00:00,6.252430099999999
2026-05-25 00:00:00+00:00,6.350550500000001
2026-05-25 01:00:00+00:00,6.6473271
2026-05-25 02:00:00+00:00,6.8913979
2026-05-25 03:00:00+00:00,7.2554233
2026-05-25 04:00:00+00:00,7.3416484
2026-05-25 05:00:00+00:00,6.882455299999999
2026-05-25 06:00:00+00:00,5.8191293
2026-05-25 07:00:00+00:00,4.4632869
2026-05-25 08:00:00+00:00,3.0708051999999997
2026-05-25 09:00:00+00:00,1.656133500000002
2026-05-25 10:00:00+00:00,0.5008734999999991
2026-05-25 11:00:00+00:00,-0.1755987000000001
2026-05-25 12:00:00+00:00,-0.392558600000001
2026-05-25 13:00:00+00:00,0.44564610000000116
2026-05-25 14:00:00+00:00,1.9106509999999997
2026-05-25 15:00:00+00:00,3.5754943
2026-05-25 16:00:00+00:00,5.0908255
2026-05-25 17:00:00+00:00,6.407131399999999
2026-05-25 18:00:00+00:00,7.3409482
2026-05-25 19:00:00+00:00,7.453871799999999
2026-05-25 20:00:00+00:00,6.956104099999999
2026-05-25 21:00:00+00:00,6.4707650999999995
2026-05-25 22:00:00+00:00,6.5214667
2026-05-25 23:00:00+00:00,6.4481117999999995
2026-05-26 00:00:00+00:00,6.6397414
2026-05-26 01:00:00+00:00,7.129852
2026-05-26 02:00:00+00:00,8.112012100000001
2026-05-26 03:00:00+00:00,9.068971500000002
2026-05-26 04:00:00+00:00,9.287395
2026-05-26 05:00:00+00:00,8.8194665
2026-05-26 06:00:00+00:00,7.5811965
2026-05-26 07:00:00+00:00,6.1522963
2026-05-26 08:00:00+00:00,4.421580200000001
2026-05-26 09:00:00+00:00,2.954141700000002
2026-05-26 10:00:00+00:00,2.0956186000000017
2026-05-26 11:00:00+00:00,1.6683146000000004
2026-05-26 12:00:00+00:00,1.8788785999999984
2026-05-26 13:00:00+00:00,2.660904900000001
2026-05-26 14:00:00+00:00,3.8084410999999996
2026-05-26 15:00:00+00:00,5.1267547
2026-05-26 16:00:00+00:00,6.2712918
2026-05-26 17:00:00+00:00,7.2440012000000005
2026-05-26 18:00:00+00:00,8.1460553
2026-05-26 19:00:00+00:00,8.038788599999998
2026-05-26 20:00:00+00:00,7.3556379000000005
2026-05-26 21:00:00+00:00,6.8937216999999995
2026-05-26 22:00:00+00:00,6.6809187
2026-05-26 23:00:00+00:00,6.3949275
2026-05-27 00:00:00+00:00,6.4031926
2026-05-27 01:00:00+00:00,6.7226987
2026-05-27 02:00:00+00:00,7.446212300000001
2026-05-27 03:00:00+00:00,8.2722806
2026-05-27 04:00:00+00:00,8.5469233
2026-05-27 05:00:00+00:00,7.9792411
2026-05-27 06:00:00+00:00,6.6980862000000005
2026-05-27 07:00:00+00:00,5.4076288
2026-05-27 08:00:00+00:00,4.0257441
2026-05-27 09:00:00+00:00,2.7046128000000014
2026-05-27 10:00:00+00:00,1.5587724000000005
2026-05-27 11:00:00+00:00,0.7635965999999996
2026-05-27 12:00:00+00:00,0.4660549000000014
2026-05-27 13:00:00+00:00,1.1496247000000004
2026-05-27 14:00:00+00:00,2.255727000000001
2026-05-27 15:00:00+00:00,3.636115199999999
2026-05-27 16:00:00+00:00,4.9016701000000005
2026-05-27 17:00:00+00:00,6.0785279
2026-05-27 18:00:00+00:00,7.0163017
2026-05-27 19:00:00+00:00,6.9889817
2026-05-27 20:00:00+00:00,6.5556304
2026-05-27 21:00:00+00:00,6.2782344
2026-05-27 22:00:00+00:00,6.1654911
2026-05-27 23:00:00+00:00,6.16556
2026-05-28 00:00:00+00:00,6.3146477
2026-05-28 01:00:00+00:00,6.727619000000001
2026-05-28 02:00:00+00:00,7.5874975
2026-05-28 03:00:00+00:00,8.4841589
2026-05-28 04:00:00+00:00,8.880619
2026-05-28 05:00:00+00:00,8.4769782
2026-05-28 06:00:00+00:00,7.3575773
2026-05-28 07:00:00+00:00,5.855996200000001
2026-05-28 08:00:00+00:00,4.270126200000001
2026-05-28 09:00:00+00:00,2.994887600000001
2026-05-28 10:00:00+00:00,2.0359452000000005
2026-05-28 11:00:00+00:00,1.4945161000000002
2026-05-28 12:00:00+00:00,1.5987314999999995
2026-05-28 13:00:00+00:00,2.2202270000000004
2026-05-28 14:00:00+00:00,3.5143336000000023
2026-05-28 15:00:00+00:00,4.8520544
2026-05-28 16:00:00+00:00,6.1210006
2026-05-28 17:00:00+00:00,7.2046982
2026-05-28 18:00:00+00:00,8.031726299999999
2026-05-28 19:00:00+00:00,8.0572034
2026-05-28 20:00:00+00:00,7.5973376
2026-05-28 21:00:00+00:00,7.1407272
2026-05-28 22:00:00+00:00,7.0368572
2026-05-28 23:00:00+00:00,7.0027637
2026-05-29 00:00:00+00:00,7.072525400000001
2026-05-29 01:00:00+00:00,7.3531567
2026-05-29 02:00:00+00:00,7.9674199
2026-05-29 03:00:00+00:00,8.636396900000001
2026-05-29 04:00:00+00:00,8.8341613
2026-05-29 05:00:00+00:00,8.374689100000001
2026-05-29 06:00:00+00:00,7.2878541
2026-05-29 07:00:00+00:00,6.275986500000001
2026-05-29 08:00:00+00:00,4.9343777000000015
2026-05-29 09:00:00+00:00,3.858283600000001
2026-05-29 10:00:00+00:00,3.0433094999999994
2026-05-29 11:00:00+00:00,2.6262057
2026-05-29 12:00:00+00:00,2.7812736000000005
2026-05-29 13:00:00+00:00,3.529280000000001
2026-05-29 14:00:00+00:00,4.600793200000001
2026-05-29 15:00:00+00:00,5.776663000000001
2026-05-29 16:00:00+00:00,6.718117899999999
2026-05-29 17:00:00+00:00,7.5806306
2026-05-29 18:00:00+00:00,8.323162799999999
2026-05-29 19:00:00+00:00,8.2025859
2026-05-29 20:00:00+00:00,7.6336550999999995
2026-05-29 21:00:00+00:00,7.194146699999999
2026-05-29 22:00:00+00:00,7.2667165
2026-05-29 23:00:00+00:00,7.2272208
2026-05-30 00:00:00+00:00,7.1539541
2026-05-30 01:00:00+00:00,7.2140796
2026-05-30 02:00:00+00:00,7.479286800000001
2026-05-30 03:00:00+00:00,7.834449900000001
2026-05-30 04:00:00+00:00,7.9648444
2026-05-30 05:00:00+00:00,7.592591499999999
2026-05-30 06:00:00+00:00,6.714193000000001
2026-05-30 07:00:00+00:00,5.593090500000001
2026-05-30 08:00:00+00:00,4.3556212
2026-05-30 09:00:00+00:00,3.0495584000000004
2026-05-30 10:00:00+00:00,1.9160922000000022
2026-05-30 11:00:00+00:00,1.3426133000000018
2026-05-30 12:00:00+00:00,1.2213037000000027
2026-05-30 13:00:00+00:00,1.8814645000000008
2026-05-30 14:00:00+00:00,3.0291630000000014
2026-05-30 15:00:00+00:00,4.338613400000001
2026-05-30 16:00:00+00:00,5.6455384
2026-05-30 17:00:00+00:00,6.8312501999999995
2026-05-30 18:00:00+00:00,7.640092800000001
2026-05-30 19:00:00+00:00,7.6907065999999995
2026-05-30 20:00:00+00:00,7.3116577
2026-05-30 21:00:00+00:00,7.0088235999999995
2026-05-30 22:00:00+00:00,6.9546224
2026-05-30 23:00:00+00:00,6.8166120999999995
2026-05-31 00:00:00+00:00,6.687063800000001
2026-05-31 01:00:00+00:00,6.650030999999999
2026-05-31 02:00:00+00:00,6.6209281
2026-05-31 03:00:00+00:00,6.862378400000001
2026-05-31 04:00:00+00:00,7.0289464
2026-05-31 05:00:00+00:00,6.572901300000001
2026-05-31 06:00:00+00:00,5.653794700000001
2026-05-31 07:00:00+00:00,4.517212
2026-05-31 08:00:00+00:00,3.3192204
2026-05-31 09:00:00+00:00,2.2421429
2026-05-31 10:00:00+00:00,1.4444511000000002
2026-05-31 11:00:00+00:00,1.1573811999999997
2026-05-31 12:00:00+00:00,1.2957435000000013
2026-05-31 13:00:00+00:00,1.8630218000000003
2026-05-31 14:00:00+00:00,2.8268407
2026-05-31 15:00:00+00:00,3.9362897000000014
2026-05-31 16:00:00+00:00,4.993147199999999
2026-05-31 17:00:00+00:00,5.8341759
2026-05-31 18:00:00+00:00,6.646318500000001
2026-05-31 19:00:00+00:00,6.840417200000001
2026-05-31 20:00:00+00:00,6.6758131
2026-05-31 21:00:00+00:00,6.609055700000001
2026-05-31 22:00:00+00:00,6.2367715
2026-05-31 23:00:00+00:00,6.3200297
2026-06-01 00:00:00+00:00,6.470760800000001
2026-06-01 01:00:00+00:00,6.8035878
2026-06-01 02:00:00+00:00,7.578244099999999
2026-06-01 03:00:00+00:00,8.5380402
2026-06-01 04:00:00+00:00,9.0773093
2026-06-01 05:00:00+00:00,8.6794564
2026-06-01 06:00:00+00:00,7.452494200000001
2026-06-01 07:00:00+00:00,6.0909961
2026-06-01 08:00:00+00:00,4.447902999999998
2026-06-01 09:00:00+00:00,3.4016835
2026-06-01 10:00:00+00:00,2.944616400000001
2026-06-01 11:00:00+00:00,2.857443999999999
2026-06-01 12:00:00+00:00,2.8488170000000004
2026-06-01 13:00:00+00:00,3.3733071000000017
2026-06-01 14:00:00+00:00,4.103433800000001
2026-06-01 15:00:00+00:00,4.996965000000001
2026-06-01 16:00:00+00:00,5.863133100000001
2026-06-01 17:00:00+00:00,6.671317799999999
2026-06-01 18:00:00+00:00,7.451533399999999
2026-06-01 19:00:00+00:00,7.582863900000001
2026-06-01 20:00:00+00:00,7.2588196
2026-06-01 21:00:00+00:00,6.9702013
2026-06-01 22:00:00+00:00,6.829062599999999
2026-06-01 23:00:00+00:00,6.6988249
2026-06-02 00:00:00+00:00,6.7290922
2026-06-02 01:00:00+00:00,6.923046299999999
2026-06-02 02:00:00+00:00,7.510995899999998
2026-06-02 03:00:00+00:00,8.2977663
2026-06-02 04:00:00+00:00,8.696533299999999
2026-06-02 05:00:00+00:00,8.637422599999999
2026-06-02 06:00:00+00:00,7.969364599999999
2026-06-02 07:00:00+00:00,7.1515816
2026-06-02 08:00:00+00:00,5.9886128
2026-06-02 09:00:00+00:00,5.0317505
2026-06-02 10:00:00+00:00,4.320937299999999
2026-06-02 11:00:00+00:00,3.8730843000000004
2026-06-02 12:00:00+00:00,3.7432687000000007
2026-06-02 13:00:00+00:00,3.8193516
2026-06-02 14:00:00+00:00,4.225061100000001
2026-06-02 15:00:00+00:00,4.592395399999999
2026-06-02 16:00:00+00:00,5.0848213
2026-06-02 17:00:00+00:00,5.744243000000001
2026-06-02 18:00:00+00:00,6.4790638000000005
2026-06-02 19:00:00+00:00,6.569364500000001
2026-06-02 20:00:00+00:00,6.1915057000000004
2026-06-02 21:00:00+00:00,6.015727
2026-06-02 22:00:00+00:00,5.0900345
2026-06-02 23:00:00+00:00,4.9735697000000005
2026-06-03 00:00:00+00:00,5.076334599999999
2026-06-03 01:00:00+00:00,5.4046739
2026-06-03 02:00:00+00:00,6.1330694
2026-06-03 03:00:00+00:00,7.096755000000001
2026-06-03 04:00:00+00:00,7.522081999999998
2026-06-03 05:00:00+00:00,7.2993250000000005
2026-06-03 06:00:00+00:00,6.536651000000001
2026-06-03 07:00:00+00:00,5.379750500000001
2026-06-03 08:00:00+00:00,4.007097
2026-06-03 09:00:00+00:00,2.826372900000001
2026-06-03 10:00:00+00:00,1.8804524000000011
2026-06-03 11:00:00+00:00,1.5809012000000013
2026-06-03 12:00:00+00:00,1.4501089000000018
2026-06-03 13:00:00+00:00,2.0050094000000005
2026-06-03 14:00:00+00:00,2.9032424999999993
2026-06-03 15:00:00+00:00,3.722857000000001
2026-06-03 16:00:00+00:00,4.1482184
2026-06-03 17:00:00+00:00,4.4456008
2026-06-03 18:00:00+00:00,4.868557899999999
2026-06-03 19:00:00+00:00,4.6287868
2026-06-03 20:00:00+00:00,4.2234627
2026-06-03 21:00:00+00:00,3.9511206000000003
2026-06-03 22:00:00+00:00,4.142351
2026-06-03 23:00:00+00:00,4.165372100000001
2026-06-04 00:00:00+00:00,4.3343666
2026-06-04 01:00:00+00:00,4.5854242
2026-06-04 02:00:00+00:00,5.124081500000001
2026-06-04 03:00:00+00:00,5.905715299999999
2026-06-04 04:00:00+00:00,6.3078401
2026-06-04 05:00:00+00:00,6.198663700000001
2026-06-04 06:00:00+00:00,5.540328700000001
2026-06-04 07:00:00+00:00,4.688560700000001
2026-06-04 08:00:00+00:00,3.5345885000000017
2026-06-04 09:00:00+00:00,2.468056500000001
2026-06-04 10:00:00+00:00,1.5843987999999989
2026-06-04 11:00:00+00:00,0.9408163999999992
2026-06-04 12:00:00+00:00,0.4580506
2026-06-04 13:00:00+00:00,0.2728866000000014
2026-06-04 14:00:00+00:00,0.7529292000000005
2026-06-04 15:00:00+00:00,1.5519874000000016
2026-06-04 16:00:00+00:00,2.5079074000000006
2026-06-04 17:00:00+00:00,3.5880098999999994
2026-06-04 18:00:00+00:00,4.743937000000001
2026-06-04 19:00:00+00:00,5.0600013000000015
2026-06-04 20:00:00+00:00,4.766937500000001
2026-06-04 21:00:00+00:00,4.5611887
2026-06-04 22:00:00+00:00,4.5614796
2026-06-04 23:00:00+00:00,4.5148119
2026-06-05 00:00:00+00:00,4.681507099999999
2026-06-05 01:00:00+00:00,5.118593999999999
2026-06-05 02:00:00+00:00,5.918767000000001
2026-06-05 03:00:00+00:00,6.9663694
2026-06-05 04:00:00+00:00,7.6645843
2026-06-05 05:00:00+00:00,7.7897236
2026-06-05 06:00:00+00:00,7.2271553
2026-06-05 07:00:00+00:00,6.5107244
2026-06-05 08:00:00+00:00,5.6053101
2026-06-05 09:00:00+00:00,4.8910012
2026-06-05 10:00:00+00:00,4.193799900000001
2026-06-05 11:00:00+00:00,3.599874700000001
2026-06-05 12:00:00+00:00,3.288799599999999
2026-06-05 13:00:00+00:00,3.303245500000002
2026-06-05 14:00:00+00:00,3.5303969000000013
2026-06-05 15:00:00+00:00,4.355071699999999
2026-06-05 16:00:00+00:00,5.308168800000002
2026-06-05 17:00:00+00:00,6.369882800000001
2026-06-05 18:00:00+00:00,7.4971296999999995
2026-06-05 19:00:00+00:00,7.730489
2026-06-05 20:00:00+00:00,7.3733974
2026-06-05 21:00:00+00:00,7.048034
2026-06-05 22:00:00+00:00,7.1611535
2026-06-05 23:00:00+00:00,6.9014685
2026-06-06 00:00:00+00:00,6.7020637
2026-06-06 01:00:00+00:00,6.4718624
2026-06-06 02:00:00+00:00,6.3700566
2026-06-06 03:00:00+00:00,6.3892607
2026-06-06 04:00:00+00:00,6.3652199000000005
2026-06-06 05:00:00+00:00,6.159250200000001
2026-06-06 06:00:00+00:00,5.603233100000001
2026-06-06 07:00:00+00:00,4.983711400000001
2026-06-06 08:00:00+00:00,4.212027900000001
2026-06-06 09:00:00+00:00,3.2748685999999996
2026-06-06 10:00:00+00:00,2.422943599999999
2026-06-06 11:00:00+00:00,2.0486240000000002
2026-06-06 12:00:00+00:00,1.9061407
2026-06-06 13:00:00+00:00,1.9413562000000013
2026-06-06 14:00:00+00:00,2.2590777000000006
2026-06-06 15:00:00+00:00,2.6899195000000002
2026-06-06 16:00:00+00:00,3.3106536999999996
2026-06-06 17:00:00+00:00,4.071397300000001
2026-06-06 18:00:00+00:00,4.6478584000000005
2026-06-06 19:00:00+00:00,4.678238199999999
2026-06-06 20:00:00+00:00,4.250402800000001
2026-06-06 21:00:00+00:00,3.8011323000000004
2026-06-06 22:00:00+00:00,3.2045357
2026-06-06 23:00:00+00:00,2.9285296999999995
2026-06-07 00:00:00+00:00,2.8135778
2026-06-07 01:00:00+00:00,2.8367331
2026-06-07 02:00:00+00:00,3.0056727000000008
2026-06-07 03:00:00+00:00,3.4152038000000005
2026-06-07 04:00:00+00:00,3.7986538000000003
2026-06-07 05:00:00+00:00,3.860452500000001
2026-06-07 06:00:00+00:00,3.5946768000000002
2026-06-07 07:00:00+00:00,3.063311699999999
2026-06-07 08:00:00+00:00,2.354991700000001
2026-06-07 09:00:00+00:00,1.6711517000000011
2026-06-07 10:00:00+00:00,1.072069100000001
2026-06-07 11:00:00+00:00,0.6031320999999998
2026-06-07 12:00:00+00:00,0.3948935999999996
2026-06-07 13:00:00+00:00,0.7495188000000006
2026-06-07 14:00:00+00:00,1.6770222000000006
2026-06-07 15:00:00+00:00,2.784843300000002
2026-06-07 16:00:00+00:00,3.9430058
2026-06-07 17:00:00+00:00,4.9757306
2026-06-07 18:00:00+00:00,5.955683199999999
2026-06-07 19:00:00+00:00,6.3143278
2026-06-07 20:00:00+00:00,6.2220422
2026-06-07 21:00:00+00:00,6.1555508
2026-06-07 22:00:00+00:00,6.0564063
2026-06-07 23:00:00+00:00,6.1229462
2026-06-08 00:00:00+00:00,6.240224300000001
2026-06-08 01:00:00+00:00,6.5551039
2026-06-08 02:00:00+00:00,7.2902369
2026-06-08 03:00:00+00:00,8.0727853
2026-06-08 04:00:00+00:00,8.509179600000001
2026-06-08 05:00:00+00:00,8.279718299999999
2026-06-08 06:00:00+00:00,7.555782899999999
2026-06-08 07:00:00+00:00,7.159850200000001
2026-06-08 08:00:00+00:00,6.275203100000001
2026-06-08 09:00:00+00:00,5.5638551000000005
2026-06-08 10:00:00+00:00,4.9047894
2026-06-08 11:00:00+00:00,4.175276600000001
2026-06-08 12:00:00+00:00,3.7946304
2026-06-08 13:00:00+00:00,3.9570134999999986
2026-06-08 14:00:00+00:00,4.534704000000001
2026-06-08 15:00:00+00:00,5.069658800000002
2026-06-08 16:00:00+00:00,5.572174199999999
2026-06-08 17:00:00+00:00,6.0101344999999995
2026-06-08 18:00:00+00:00,6.585569800000001
2026-06-08 19:00:00+00:00,6.646748400000001
2026-06-08 20:00:00+00:00,6.3057772
2026-06-08 21:00:00+00:00,6.0107033
2026-06-08 22:00:00+00:00,5.395825
2026-06-08 23:00:00+00:00,5.300380199999999
2026-06-09 00:00:00+00:00,5.328529400000001
2026-06-09 01:00:00+00:00,5.617199299999999
2026-06-09 02:00:00+00:00,6.3703647
2026-06-09 03:00:00+00:00,7.2370605999999995
2026-06-09 04:00:00+00:00,7.6035797
2026-06-09 05:00:00+00:00,7.1053581999999995
2026-06-09 06:00:00+00:00,5.939854100000001
2026-06-09 07:00:00+00:00,4.4799962
2026-06-09 08:00:00+00:00,2.8729184000000005
2026-06-09 09:00:00+00:00,1.7918237000000001
2026-06-09 10:00:00+00:00,1.0237091000000014
2026-06-09 11:00:00+00:00,0.755468500000001
2026-06-09 12:00:00+00:00,0.6688089000000002
2026-06-09 13:00:00+00:00,1.0094276000000004
2026-06-09 14:00:00+00:00,1.901083400000001
2026-06-09 15:00:00+00:00,2.6224133
2026-06-09 16:00:00+00:00,3.474998000000001
2026-06-09 17:00:00+00:00,4.594649199999999
2026-06-09 18:00:00+00:00,5.841255200000001
2026-06-09 19:00:00+00:00,6.0815121
2026-06-09 20:00:00+00:00,5.858298400000001
2026-06-09 21:00:00+00:00,5.5735791
2026-06-09 22:00:00+00:00,5.1388953
2026-06-09 23:00:00+00:00,5.1303594
2026-06-10 00:00:00+00:00,5.3652534
2026-06-10 01:00:00+00:00,5.782043799999999
2026-06-10 02:00:00+00:00,6.6014099
2026-06-10 03:00:00+00:00,7.585334100000001
2026-06-10 04:00:00+00:00,7.974240299999999
2026-06-10 05:00:00+00:00,7.7477125000000004
2026-06-10 06:00:00+00:00,6.973373600000001
2026-06-10 07:00:00+00:00,5.859221000000001
2026-06-10 08:00:00+00:00,4.559806200000001
2026-06-10 09:00:00+00:00,3.6738446
2026-06-10 10:00:00+00:00,3.1240994000000004
2026-06-10 11:00:00+00:00,2.716240600000001
2026-06-10 12:00:00+00:00,2.470652300000002
2026-06-10 13:00:00+00:00,2.7969604000000006
2026-06-10 14:00:00+00:00,3.2334478000000004
2026-06-10 15:00:00+00:00,3.8681891999999998
2026-06-10 16:00:00+00:00,4.797931299999999
2026-06-10 17:00:00+00:00,5.697126699999999
2026-06-10 18:00:00+00:00,6.6382852
2026-06-10 19:00:00+00:00,6.920566599999999
2026-06-10 20:00:00+00:00,6.7080707
2026-06-10 21:00:00+00:00,6.3920417
2026-06-10 22:00:00+00:00,6.5070904
2026-06-10 23:00:00+00:00,6.4075351000000005
2026-06-11 00:00:00+00:00,6.3814115
2026-06-11 01:00:00+00:00,6.529776
2026-06-11 02:00:00+00:00,7.200072500000001
2026-06-11 03:00:00+00:00,8.044193799999999
2026-06-11 04:00:00+00:00,8.5057279
2026-06-11 05:00:00+00:00,8.301238000000001
2026-06-11 06:00:00+00:00,7.2477437999999985
2026-06-11 07:00:00+00:00,6.055223699999999
2026-06-11 08:00:00+00:00,4.778577200000001
2026-06-11 09:00:00+00:00,4.0025371
2026-06-11 10:00:00+00:00,3.3752705
2026-06-11 11:00:00+00:00,2.9562029999999995
2026-06-11 12:00:00+00:00,3.1306853000000006
2026-06-11 13:00:00+00:00,3.740157700000001
2026-06-11 14:00:00+00:00,4.4745555
2026-06-11 15:00:00+00:00,5.022013900000001
2026-06-11 16:00:00+00:00,5.2991507
2026-06-11 17:00:00+00:00,5.325656800000001
2026-06-11 18:00:00+00:00,5.420644600000002
2026-06-11 19:00:00+00:00,5.115843
2026-06-11 20:00:00+00:00,4.5270422
2026-06-11 21:00:00+00:00,4.0679112
2026-06-11 22:00:00+00:00,3.9255211000000005
2026-06-11 23:00:00+00:00,3.9353714999999996
2026-06-12 00:00:00+00:00,3.998604100000001
2026-06-12 01:00:00+00:00,4.2636269
2026-06-12 02:00:00+00:00,5.038374300000001
2026-06-12 03:00:00+00:00,5.927255000000001
2026-06-12 04:00:00+00:00,6.443070100000002
2026-06-12 05:00:00+00:00,6.627648000000001
2026-06-12 06:00:00+00:00,6.3814093
2026-06-12 07:00:00+00:00,5.8648709000000006
2026-06-12 08:00:00+00:00,5.173340300000001
2026-06-12 09:00:00+00:00,4.5156997
2026-06-12 10:00:00+00:00,3.6797535000000003
2026-06-12 11:00:00+00:00,3.000600000000002
2026-06-12 12:00:00+00:00,2.6096194000000006
2026-06-12 13:00:00+00:00,2.5689635000000024
2026-06-12 14:00:00+00:00,2.6539655999999994
2026-06-12 15:00:00+00:00,3.0007850000000005
2026-06-12 16:00:00+00:00,3.523280400000001
2026-06-12 17:00:00+00:00,4.061705400000001
2026-06-12 18:00:00+00:00,4.6447682
2026-06-12 19:00:00+00:00,4.615806700000002
2026-06-12 20:00:00+00:00,4.3178839
2026-06-12 21:00:00+00:00,4.0069596999999995
2026-06-12 22:00:00+00:00,3.8316451000000007
2026-06-12 23:00:00+00:00,3.7287530000000007
2026-06-13 00:00:00+00:00,3.9354252
2026-06-13 01:00:00+00:00,4.113781299999999
2026-06-13 02:00:00+00:00,4.398537900000001
2026-06-13 03:00:00+00:00,4.8136478
2026-06-13 04:00:00+00:00,5.1261133
2026-06-13 05:00:00+00:00,4.999264200000001
2026-06-13 06:00:00+00:00,4.3465507
2026-06-13 07:00:00+00:00,3.497066600000001
2026-06-13 08:00:00+00:00,2.5162183999999996
2026-06-13 09:00:00+00:00,1.4343044999999996
2026-06-13 10:00:00+00:00,0.4866399000000001
2026-06-13 11:00:00+00:00,-0.05709549999999908
2026-06-13 12:00:00+00:00,-0.1424335999999986
2026-06-13 13:00:00+00:00,0.39883810000000075
2026-06-13 14:00:00+00:00,1.6354739999999994
2026-06-13 15:00:00+00:00,2.8878454000000007
2026-06-13 16:00:00+00:00,4.143055100000001
2026-06-13 17:00:00+00:00,5.5052522
2026-06-13 18:00:00+00:00,6.707503699999998
2026-06-13 19:00:00+00:00,7.019167700000001
2026-06-13 20:00:00+00:00,6.7492605999999995
2026-06-13 21:00:00+00:00,6.4338219
2026-06-13 22:00:00+00:00,5.7559676
2026-06-13 23:00:00+00:00,5.424985700000001
2026-06-14 00:00:00+00:00,5.1809828
2026-06-14 01:00:00+00:00,5.0522316
2026-06-14 02:00:00+00:00,5.1987383
2026-06-14 03:00:00+00:00,5.4180002
2026-06-14 04:00:00+00:00,5.520303499999999
2026-06-14 05:00:00+00:00,5.3575994
2026-06-14 06:00:00+00:00,4.6346099
2026-06-14 07:00:00+00:00,3.9824834000000005
2026-06-14 08:00:00+00:00,3.355464900000001
2026-06-14 09:00:00+00:00,2.6262819000000013
2026-06-14 10:00:00+00:00,2.0516558
2026-06-14 11:00:00+00:00,1.5172830999999984
2026-06-14 12:00:00+00:00,1.3445041000000018
2026-06-14 13:00:00+00:00,1.7937480999999993
2026-06-14 14:00:00+00:00,2.6244203000000006
2026-06-14 15:00:00+00:00,3.6862847
2026-06-14 16:00:00+00:00,4.856166300000001
2026-06-14 17:00:00+00:00,5.9691855
2026-06-14 18:00:00+00:00,7.1029864
2026-06-14 19:00:00+00:00,7.2958549
2026-06-14 20:00:00+00:00,7.0236509
2026-06-14 21:00:00+00:00,6.751675
2026-06-14 22:00:00+00:00,6.5909224
2026-06-14 23:00:00+00:00,6.5426313
2026-06-15 00:00:00+00:00,6.5762252000000005
2026-06-15 01:00:00+00:00,6.894185
2026-06-15 02:00:00+00:00,7.670326599999999
2026-06-15 03:00:00+00:00,8.577557
2026-06-15 04:00:00+00:00,9.081125700000001
2026-06-15 05:00:00+00:00,8.697134
2026-06-15 06:00:00+00:00,7.6170325000000005
2026-06-15 07:00:00+00:00,6.5435428999999985
2026-06-15 08:00:00+00:00,5.4204984000000005
2026-06-15 09:00:00+00:00,4.6853964
2026-06-15 10:00:00+00:00,4.053294400000001
2026-06-15 11:00:00+00:00,3.4209001000000008
2026-06-15 12:00:00+00:00,3.1250908000000006
2026-06-15 13:00:00+00:00,3.3859393000000004
2026-06-15 14:00:00+00:00,4.3478406000000005
2026-06-15 15:00:00+00:00,5.283933700000001
2026-06-15 16:00:00+00:00,6.1117155
2026-06-15 17:00:00+00:00,6.938601300000001
2026-06-15 18:00:00+00:00,7.7650118
2026-06-15 19:00:00+00:00,7.8928747999999995
2026-06-15 20:00:00+00:00,7.3903175999999995
2026-06-15 21:00:00+00:00,6.903059000000001
2026-06-15 22:00:00+00:00,6.454127199999999
2026-06-15 23:00:00+00:00,6.2387242
2026-06-16 00:00:00+00:00,6.2286553
2026-06-16 01:00:00+00:00,6.3661506
2026-06-16 02:00:00+00:00,7.0081191
2026-06-16 03:00:00+00:00,7.782380000000001
2026-06-16 04:00:00+00:00,8.2368738
2026-06-16 05:00:00+00:00,8.0904148
2026-06-16 06:00:00+00:00,7.3000907
2026-06-16 07:00:00+00:00,6.470599099999999
2026-06-16 08:00:00+00:00,5.1381477
2026-06-16 09:00:00+00:00,4.1138276000000005
2026-06-16 10:00:00+00:00,3.421153200000001
2026-06-16 11:00:00+00:00,2.9196653
2026-06-16 12:00:00+00:00,2.704553800000001
2026-06-16 13:00:00+00:00,3.121821800000001
2026-06-16 14:00:00+00:00,4.0250824000000005
2026-06-16 15:00:00+00:00,4.875694300000001
2026-06-16 16:00:00+00:00,5.842299000000001
2026-06-16 17:00:00+00:00,6.842855599999999
2026-06-16 18:00:00+00:00,7.881322099999999
2026-06-16 19:00:00+00:00,7.99866
2026-06-16 20:00:00+00:00,7.520431599999999
2026-06-16 21:00:00+00:00,7.1562372000000005
2026-06-16 22:00:00+00:00,6.703013
2026-06-16 23:00:00+00:00,6.5390407
2026-06-17 00:00:00+00:00,6.5675274
2026-06-17 01:00:00+00:00,6.742263199999999
2026-06-17 02:00:00+00:00,7.3296698000000005
2026-06-17 03:00:00+00:00,8.026021400000001
2026-06-17 04:00:00+00:00,8.2784609
2026-06-17 05:00:00+00:00,7.8539416
2026-06-17 06:00:00+00:00,7.1221922
2026-06-17 07:00:00+00:00,6.2446147
2026-06-17 08:00:00+00:00,5.193010700000001
2026-06-17 09:00:00+00:00,4.2082052
2026-06-17 10:00:00+00:00,3.496448600000001
2026-06-17 11:00:00+00:00,2.8133719
2026-06-17 12:00:00+00:00,2.4051228999999994
2026-06-17 13:00:00+00:00,2.575823100000001
2026-06-17 14:00:00+00:00,3.0623321000000017
2026-06-17 15:00:00+00:00,3.865054800000002
2026-06-17 16:00:00+00:00,4.845063100000001
2026-06-17 17:00:00+00:00,5.942436299999999
2026-06-17 18:00:00+00:00,7.0553279
2026-06-17 19:00:00+00:00,7.375447200000002
2026-06-17 20:00:00+00:00,7.2160652
2026-06-17 21:00:00+00:00,7.026869900000001
2026-06-17 22:00:00+00:00,6.8680255
2026-06-17 23:00:00+00:00,6.9613423
2026-06-18 00:00:00+00:00,7.0183862
2026-06-18 01:00:00+00:00,7.2456978
2026-06-18 02:00:00+00:00,7.9839148999999985
2026-06-18 03:00:00+00:00,8.8201413
2026-06-18 04:00:00+00:00,9.1636914
2026-06-18 05:00:00+00:00,8.860704
2026-06-18 06:00:00+00:00,7.773274000000001
2026-06-18 07:00:00+00:00,6.4199885000000005
2026-06-18 08:00:00+00:00,4.767199200000001
2026-06-18 09:00:00+00:00,3.4311414000000005
2026-06-18 10:00:00+00:00,2.529124200000002
2026-06-18 11:00:00+00:00,2.1124208000000007
2026-06-18 12:00:00+00:00,2.1538710000000005
2026-06-18 13:00:00+00:00,2.7708897000000006
2026-06-18 14:00:00+00:00,3.9326139000000007
2026-06-18 15:00:00+00:00,5.2218602
2026-06-18 16:00:00+00:00,6.448317900000001
2026-06-18 17:00:00+00:00,7.429936500000001
2026-06-18 18:00:00+00:00,8.392081000000001
2026-06-18 19:00:00+00:00,8.7031299
2026-06-18 20:00:00+00:00,8.2302383
2026-06-18 21:00:00+00:00,7.6852403
2026-06-18 22:00:00+00:00,7.5736301
2026-06-18 23:00:00+00:00,7.5407129
2026-06-19 00:00:00+00:00,7.5092277
2026-06-19 01:00:00+00:00,7.667724600000001
2026-06-19 02:00:00+00:00,8.2206308
2026-06-19 03:00:00+00:00,8.881411000000002
2026-06-19 04:00:00+00:00,9.0304772
2026-06-19 05:00:00+00:00,8.645381100000002
2026-06-19 06:00:00+00:00,7.7433197
2026-06-19 07:00:00+00:00,6.496398600000001
2026-06-19 08:00:00+00:00,5.003284700000001
2026-06-19 09:00:00+00:00,3.8440287000000017
2026-06-19 10:00:00+00:00,3.0466430000000004
2026-06-19 11:00:00+00:00,2.585338600000001
2026-06-19 12:00:00+00:00,2.809726499999999
2026-06-19 13:00:00+00:00,3.7699111000000016
2026-06-19 14:00:00+00:00,4.921513900000001
2026-06-19 15:00:00+00:00,5.886202299999999
2026-06-19 16:00:00+00:00,6.7596016
2026-06-19 17:00:00+00:00,7.4405877
2026-06-19 18:00:00+00:00,8.2043894
2026-06-19 19:00:00+00:00,8.2051164
2026-06-19 20:00:00+00:00,7.7780452
2026-06-19 21:00:00+00:00,7.2912672999999995
2026-06-19 22:00:00+00:00,7.1850805
2026-06-19 23:00:00+00:00,7.0262720000000005
2026-06-20 00:00:00+00:00,6.989023499999999
2026-06-20 01:00:00+00:00,6.9899582
2026-06-20 02:00:00+00:00,7.2275926
2026-06-20 03:00:00+00:00,7.6147698
2026-06-20 04:00:00+00:00,7.744493500000001
2026-06-20 05:00:00+00:00,7.424419800000001
2026-06-20 06:00:00+00:00,6.546905599999999
2026-06-20 07:00:00+00:00,5.2977651
2026-06-20 08:00:00+00:00,3.90275
2026-06-20 09:00:00+00:00,2.645498
2026-06-20 10:00:00+00:00,1.5258277999999992
2026-06-20 11:00:00+00:00,1.0668375000000019
2026-06-20 12:00:00+00:00,1.1491289000000027
2026-06-20 13:00:00+00:00,1.7992086
2026-06-20 14:00:00+00:00,3.0083432000000006
2026-06-20 15:00:00+00:00,4.480929199999999
2026-06-20 16:00:00+00:00,5.7523258
2026-06-20 17:00:00+00:00,6.843389000000001
2026-06-20 18:00:00+00:00,7.721158700000001
2026-06-20 19:00:00+00:00,7.9602472
2026-06-20 20:00:00+00:00,7.6903783
2026-06-20 21:00:00+00:00,7.3788741
2026-06-20 22:00:00+00:00,7.1825013
2026-06-20 23:00:00+00:00,7.0487341
2026-06-21 00:00:00+00:00,6.9622206
2026-06-21 01:00:00+00:00,6.900442900000001
2026-06-21 02:00:00+00:00,7.0143821
2026-06-21 03:00:00+00:00,7.3017397
2026-06-21 04:00:00+00:00,7.3117077
2026-06-21 05:00:00+00:00,6.908329200000001
2026-06-21 06:00:00+00:00,6.087086800000001
2026-06-21 07:00:00+00:00,4.972925299999999
2026-06-21 08:00:00+00:00,3.6269668
2026-06-21 09:00:00+00:00,2.206251100000001
2026-06-21 10:00:00+00:00,1.1964930999999996
2026-06-21 11:00:00+00:00,0.9516008000000014
2026-06-21 12:00:00+00:00,1.009463000000001
2026-06-21 13:00:00+00:00,1.591046799999999
2026-06-21 14:00:00+00:00,2.690360599999999
2026-06-21 15:00:00+00:00,4.024740999999999
2026-06-21 16:00:00+00:00,5.3381621
2026-06-21 17:00:00+00:00,6.4967354
2026-06-21 18:00:00+00:00,7.5121366
2026-06-21 19:00:00+00:00,7.618692600000001
2026-06-21 20:00:00+00:00,7.2308162000000005
2026-06-21 21:00:00+00:00,6.8898577
2026-06-21 22:00:00+00:00,6.5369118
2026-06-21 23:00:00+00:00,6.5024604
2026-06-22 00:00:00+00:00,6.5671676
2026-06-22 01:00:00+00:00,6.9158698
2026-06-22 02:00:00+00:00,7.7076281999999985
2026-06-22 03:00:00+00:00,8.564451
2026-06-22 04:00:00+00:00,9.001069900000001
2026-06-22 05:00:00+00:00,8.7012274
2026-06-22 06:00:00+00:00,7.537295199999999
2026-06-22 07:00:00+00:00,6.207094000000001
2026-06-22 08:00:00+00:00,4.6279263
2026-06-22 09:00:00+00:00,3.406009599999999
2026-06-22 10:00:00+00:00,2.384526299999999
2026-06-22 11:00:00+00:00,1.8075420000000015
2026-06-22 12:00:00+00:00,1.668364500000001
2026-06-22 13:00:00+00:00,2.1200015000000008
2026-06-22 14:00:00+00:00,3.3005434000000005
2026-06-22 15:00:00+00:00,4.5635864999999995
2026-06-22 16:00:00+00:00,5.752093200000002
2026-06-22 17:00:00+00:00,6.6483989
2026-06-22 18:00:00+00:00,7.468084300000001
2026-06-22 19:00:00+00:00,7.605380599999999
2026-06-22 20:00:00+00:00,7.261669499999999
2026-06-22 21:00:00+00:00,6.904030500000001
2026-06-22 22:00:00+00:00,6.8536656
2026-06-22 23:00:00+00:00,6.8808126
2026-06-23 00:00:00+00:00,6.9962583
2026-06-23 01:00:00+00:00,7.2703303
2026-06-23 02:00:00+00:00,8.092996
2026-06-23 03:00:00+00:00,8.938489200000001
2026-06-23 04:00:00+00:00,9.2541703
2026-06-23 05:00:00+00:00,8.885373800000002
2026-06-23 06:00:00+00:00,7.847080200000001
2026-06-23 07:00:00+00:00,6.6173549
2026-06-23 08:00:00+00:00,5.1448561
2026-06-23 09:00:00+00:00,3.8917597000000024
2026-06-23 10:00:00+00:00,3.0007699000000017
2026-06-23 11:00:00+00:00,2.5319781000000017
2026-06-23 12:00:00+00:00,2.3831959000000005
2026-06-23 13:00:00+00:00,2.867802300000001
2026-06-23 14:00:00+00:00,3.823701
2026-06-23 15:00:00+00:00,4.962819499999999
2026-06-23 16:00:00+00:00,6.1475568
2026-06-23 17:00:00+00:00,7.3046085000000005
2026-06-23 18:00:00+00:00,8.3861908
2026-06-23 19:00:00+00:00,8.515171500000001
2026-06-23 20:00:00+00:00,7.9898892
2026-06-23 21:00:00+00:00,7.5537528
2026-06-23 22:00:00+00:00,7.1145449
2026-06-23 23:00:00+00:00,6.8838998
2026-06-24 00:00:00+00:00,6.9377638
2026-06-24 01:00:00+00:00,7.1597584
2026-06-24 02:00:00+00:00,7.794358600000001
2026-06-24 03:00:00+00:00,8.6415564
2026-06-24 04:00:00+00:00,9.0290549
2026-06-24 05:00:00+00:00,8.6350525
2026-06-24 06:00:00+00:00,7.5222735
2026-06-24 07:00:00+00:00,6.243524399999999
2026-06-24 08:00:00+00:00,4.9213163
2026-06-24 09:00:00+00:00,3.8130467
2026-06-24 10:00:00+00:00,2.9779102
2026-06-24 11:00:00+00:00,2.384998600000001
2026-06-24 12:00:00+00:00,2.1175665000000023
2026-06-24 13:00:00+00:00,2.7835399999999995
2026-06-24 14:00:00+00:00,3.8603259999999997
2026-06-24 15:00:00+00:00,5.062986800000001
2026-06-24 16:00:00+00:00,6.334888900000001
2026-06-24 17:00:00+00:00,7.331239200000001
2026-06-24 18:00:00+00:00,8.2125189
2026-06-24 19:00:00+00:00,8.424093599999999
2026-06-24 20:00:00+00:00,8.010986200000001
2026-06-24 21:00:00+00:00,7.491446799999999
2026-06-24 22:00:00+00:00,7.512832799999999
2026-06-24 23:00:00+00:00,7.321327299999999
2026-06-25 00:00:00+00:00,7.2334325999999995
2026-06-25 01:00:00+00:00,7.3046527
2026-06-25 02:00:00+00:00,7.943212499999999
2026-06-25 03:00:00+00:00,8.713387299999999
2026-06-25 04:00:00+00:00,9.136834300000002
2026-06-25 05:00:00+00:00,8.873241400000001
2026-06-25 06:00:00+00:00,7.8397969
2026-06-25 07:00:00+00:00,6.752051100000001
2026-06-25 08:00:00+00:00,5.406439999999999
2026-06-25 09:00:00+00:00,4.152874700000001
2026-06-25 10:00:00+00:00,3.1333339000000002
2026-06-25 11:00:00+00:00,2.531059000000001
2026-06-25 12:00:00+00:00,2.507479
2026-06-25 13:00:00+00:00,2.9872101000000004
2026-06-25 14:00:00+00:00,3.6496945
2026-06-25 15:00:00+00:00,4.5428794
2026-06-25 16:00:00+00:00,5.48917
2026-06-25 17:00:00+00:00,6.3931544
2026-06-25 18:00:00+00:00,7.4203622
2026-06-25 19:00:00+00:00,7.725304599999999
2026-06-25 20:00:00+00:00,7.117056399999999
2026-06-25 21:00:00+00:00,6.556861700000001
2026-06-25 22:00:00+00:00,6.463862500000001
2026-06-25 23:00:00+00:00,6.4039812
2026-06-26 00:00:00+00:00,6.487831000000001
2026-06-26 01:00:00+00:00,6.7865386
2026-06-26 02:00:00+00:00,7.347059299999999
2026-06-26 03:00:00+00:00,8.1094203
2026-06-26 04:00:00+00:00,8.490255600000001
2026-06-26 05:00:00+00:00,8.2929308
2026-06-26 06:00:00+00:00,7.709921099999999
2026-06-26 07:00:00+00:00,6.846714199999999
2026-06-26 08:00:00+00:00,5.565273300000001
2026-06-26 09:00:00+00:00,4.431119000000001
2026-06-26 10:00:00+00:00,3.4247409000000006
2026-06-26 11:00:00+00:00,2.9646435
2026-06-26 12:00:00+00:00,2.9978463
2026-06-26 13:00:00+00:00,3.713016099999999
2026-06-26 14:00:00+00:00,4.6699064
2026-06-26 15:00:00+00:00,5.475617799999999
2026-06-26 16:00:00+00:00,6.349200700000001
2026-06-26 17:00:00+00:00,7.220276000000001
2026-06-26 18:00:00+00:00,8.153354899999998
2026-06-26 19:00:00+00:00,8.237426899999999
2026-06-26 20:00:00+00:00,7.9412281
2026-06-26 21:00:00+00:00,7.734547000000001
2026-06-26 22:00:00+00:00,7.6127896
2026-06-26 23:00:00+00:00,7.5681897
2026-06-27 00:00:00+00:00,7.569139699999999
2026-06-27 01:00:00+00:00,7.6189579
2026-06-27 02:00:00+00:00,7.8841147
2026-06-27 03:00:00+00:00,8.3341488
2026-06-27 04:00:00+00:00,8.5379823
2026-06-27 05:00:00+00:00,8.1545844
2026-06-27 06:00:00+00:00,7.363128500000002
2026-06-27 07:00:00+00:00,6.359698799999999
2026-06-27 08:00:00+00:00,4.9919348999999995
2026-06-27 09:00:00+00:00,3.7438266999999996
2026-06-27 10:00:00+00:00,2.6868409999999985
2026-06-27 11:00:00+00:00,2.2026428000000022
2026-06-27 12:00:00+00:00,2.2531684999999992
2026-06-27 13:00:00+00:00,2.9624236
2026-06-27 14:00:00+00:00,4.1739886
2026-06-27 15:00:00+00:00,5.4005955000000005
2026-06-27 16:00:00+00:00,6.603084000000001
2026-06-27 17:00:00+00:00,7.4282548
2026-06-27 18:00:00+00:00,8.266197400000001
2026-06-27 19:00:00+00:00,8.4557105
2026-06-27 20:00:00+00:00,7.9688791
2026-06-27 21:00:00+00:00,7.5585615
2026-06-27 22:00:00+00:00,7.5600718
2026-06-27 23:00:00+00:00,7.5450911
2026-06-28 00:00:00+00:00,7.4573172
2026-06-28 01:00:00+00:00,7.349351599999999
2026-06-28 02:00:00+00:00,7.3923404
2026-06-28 03:00:00+00:00,7.5224011
2026-06-28 04:00:00+00:00,7.5786726
2026-06-28 05:00:00+00:00,7.200966299999999
2026-06-28 06:00:00+00:00,6.362305000000001
2026-06-28 07:00:00+00:00,5.5045584000000005
2026-06-28 08:00:00+00:00,4.535985999999999
2026-06-28 09:00:00+00:00,3.4936432
2026-06-28 10:00:00+00:00,2.721119699999999
2026-06-28 11:00:00+00:00,2.221277100000001
2026-06-28 12:00:00+00:00,2.0917063000000002
2026-06-28 13:00:00+00:00,2.3299598
2026-06-28 14:00:00+00:00,2.9095804999999997
2026-06-28 15:00:00+00:00,3.824059
2026-06-28 16:00:00+00:00,4.893434899999999
2026-06-28 17:00:00+00:00,5.858611600000001
2026-06-28 18:00:00+00:00,6.7675054
2026-06-28 19:00:00+00:00,6.8680727
2026-06-28 20:00:00+00:00,6.615197
2026-06-28 21:00:00+00:00,6.421752
2026-06-28 22:00:00+00:00,6.125204699999999
2026-06-28 23:00:00+00:00,6.1638677
2026-06-29 00:00:00+00:00,6.318440000000001
2026-06-29 01:00:00+00:00,6.759491799999999
2026-06-29 02:00:00+00:00,7.605835600000001
2026-06-29 03:00:00+00:00,8.601442599999999
2026-06-29 04:00:00+00:00,9.1821949
2026-06-29 05:00:00+00:00,8.9871195
2026-06-29 06:00:00+00:00,7.9042359
2026-06-29 07:00:00+00:00,6.7492618
2026-06-29 08:00:00+00:00,5.445527200000001
2026-06-29 09:00:00+00:00,4.3802138
2026-06-29 10:00:00+00:00,3.3706447000000006
2026-06-29 11:00:00+00:00,2.7121850000000016
2026-06-29 12:00:00+00:00,2.4813579000000017
2026-06-29 13:00:00+00:00,3.0070216
2026-06-29 14:00:00+00:00,3.9652767000000004
2026-06-29 15:00:00+00:00,5.147757400000001
2026-06-29 16:00:00+00:00,6.302258900000002
2026-06-29 17:00:00+00:00,7.3478406
2026-06-29 18:00:00+00:00,8.458266900000002
2026-06-29 19:00:00+00:00,8.6819563
2026-06-29 20:00:00+00:00,8.2589887
2026-06-29 21:00:00+00:00,8.0052723
2026-06-29 22:00:00+00:00,7.900950799999999
2026-06-29 23:00:00+00:00,7.872078500000001
2026-06-30 00:00:00+00:00,7.823481399999999
2026-06-30 01:00:00+00:00,7.992065000000001
2026-06-30 02:00:00+00:00,8.5277356
2026-06-30 03:00:00+00:00,9.2068031
2026-06-30 04:00:00+00:00,9.6755592
2026-06-30 05:00:00+00:00,9.519103700000002
2026-06-30 06:00:00+00:00,8.7240278
2026-06-30 07:00:00+00:00,7.795922600000001
2026-06-30 08:00:00+00:00,6.907377299999999
2026-06-30 09:00:00+00:00,6.293775899999999
2026-06-30 10:00:00+00:00,5.991105800000001
2026-06-30 11:00:00+00:00,5.7880672
2026-06-30 12:00:00+00:00,5.9055741
2026-06-30 13:00:00+00:00,6.298668100000002
2026-06-30 14:00:00+00:00,6.4295794
2026-06-30 15:00:00+00:00,6.451198
2026-06-30 16:00:00+00:00,6.8631717000000005
2026-06-30 17:00:00+00:00,7.4895572999999995
2026-06-30 18:00:00+00:00,8.3302911
2026-06-30 19:00:00+00:00,8.328156100000001
2026-06-30 20:00:00+00:00,7.9668612
2026-06-30 21:00:00+00:00,7.6898172
2026-06-30 22:00:00+00:00,7.3566691
2026-06-30 23:00:00+00:00,7.1654707
2026-07-01 00:00:00+00:00,7.177832199999999
2026-07-01 01:00:00+00:00,7.363432100000001
2026-07-01 02:00:00+00:00,7.968423499999999
2026-07-01 03:00:00+00:00,8.7928466
2026-07-01 04:00:00+00:00,9.1769043
2026-07-01 05:00:00+00:00,8.8444749
2026-07-01 06:00:00+00:00,7.9594529000000005
2026-07-01 07:00:00+00:00,6.8516297
2026-07-01 08:00:00+00:00,5.610778000000001
2026-07-01 09:00:00+00:00,4.8277619
2026-07-01 10:00:00+00:00,4.163302300000002
2026-07-01 11:00:00+00:00,3.7707365
2026-07-01 12:00:00+00:00,3.5316469
2026-07-01 13:00:00+00:00,3.8286578
2026-07-01 14:00:00+00:00,4.5698025000000015
2026-07-01 15:00:00+00:00,5.3545173
2026-07-01 16:00:00+00:00,6.2579148
2026-07-01 17:00:00+00:00,7.310455
2026-07-01 18:00:00+00:00,8.4303718
2026-07-01 19:00:00+00:00,8.5684486
2026-07-01 20:00:00+00:00,8.2210938
2026-07-01 21:00:00+00:00,7.853266800000001
2026-07-01 22:00:00+00:00,7.210089999999999
2026-07-01 23:00:00+00:00,6.865466099999999
2026-07-02 00:00:00+00:00,6.6094825
2026-07-02 01:00:00+00:00,6.5532743
2026-07-02 02:00:00+00:00,6.9211547
2026-07-02 03:00:00+00:00,7.4092508
2026-07-02 04:00:00+00:00,7.5872601
2026-07-02 05:00:00+00:00,7.070082300000001
2026-07-02 06:00:00+00:00,6.092524600000001
2026-07-02 07:00:00+00:00,5.185045499999999
2026-07-02 08:00:00+00:00,4.698365900000001
2026-07-02 09:00:00+00:00,4.865564000000001
2026-07-02 10:00:00+00:00,5.198385900000001
2026-07-02 11:00:00+00:00,5.041199199999999
2026-07-02 12:00:00+00:00,4.793953800000001
2026-07-02 13:00:00+00:00,4.756564300000001
2026-07-02 14:00:00+00:00,4.8089816999999995
2026-07-02 15:00:00+00:00,5.1540817
2026-07-02 16:00:00+00:00,6.025256400000001
2026-07-02 17:00:00+00:00,7.1623383
2026-07-02 18:00:00+00:00,8.4100628
2026-07-02 19:00:00+00:00,8.756554600000001
2026-07-02 20:00:00+00:00,8.508521600000002
2026-07-02 21:00:00+00:00,8.3033178
2026-07-02 22:00:00+00:00,7.970528799999999
2026-07-02 23:00:00+00:00,7.9735057000000005
2026-07-03 00:00:00+00:00,8.018375200000001
2026-07-03 01:00:00+00:00,8.0723948
2026-07-03 02:00:00+00:00,8.415029
2026-07-03 03:00:00+00:00,9.0612
2026-07-03 04:00:00+00:00,9.300166200000001
2026-07-03 05:00:00+00:00,8.9049306
2026-07-03 06:00:00+00:00,7.975425100000001
2026-07-03 07:00:00+00:00,6.861226200000001
2026-07-03 08:00:00+00:00,5.6176124000000005
2026-07-03 09:00:00+00:00,4.6448437
2026-07-03 10:00:00+00:00,3.757906600000002
2026-07-03 11:00:00+00:00,2.8612490999999993
2026-07-03 12:00:00+00:00,2.503664800000001
2026-07-03 13:00:00+00:00,2.892648900000002
2026-07-03 14:00:00+00:00,3.6139252000000006
2026-07-03 15:00:00+00:00,4.708381900000001
2026-07-03 16:00:00+00:00,5.895231799999999
2026-07-03 17:00:00+00:00,7.1426373
2026-07-03 18:00:00+00:00,8.3082744
2026-07-03 19:00:00+00:00,8.636885600000001
2026-07-03 20:00:00+00:00,8.240022100000001
2026-07-03 21:00:00+00:00,7.831047699999999
2026-07-03 22:00:00+00:00,7.0820488
2026-07-03 23:00:00+00:00,6.6660624
2026-07-04 00:00:00+00:00,6.3991996
2026-07-04 01:00:00+00:00,6.2627828999999995
2026-07-04 02:00:00+00:00,6.3264005
2026-07-04 03:00:00+00:00,6.6305365
2026-07-04 04:00:00+00:00,6.692483600000001
2026-07-04 05:00:00+00:00,6.3172589
2026-07-04 06:00:00+00:00,5.4458737
2026-07-04 07:00:00+00:00,4.272626099999999
2026-07-04 08:00:00+00:00,3.219665599999999
2026-07-04 09:00:00+00:00,2.0961208000000005
2026-07-04 10:00:00+00:00,1.155019600000001
2026-07-04 11:00:00+00:00,0.6902761999999996
2026-07-04 12:00:00+00:00,0.5016727999999997
2026-07-04 13:00:00+00:00,0.8401402000000004
2026-07-04 14:00:00+00:00,1.5467016000000005
2026-07-04 15:00:00+00:00,2.5338036000000006
2026-07-04 16:00:00+00:00,3.8666798999999985
2026-07-04 17:00:00+00:00,5.350065300000001
2026-07-04 18:00:00+00:00,6.7150386
2026-07-04 19:00:00+00:00,7.147568400000001
2026-07-04 20:00:00+00:00,6.9426518
2026-07-04 21:00:00+00:00,6.8064418
2026-07-04 22:00:00+00:00,6.733090700000001
2026-07-04 23:00:00+00:00,6.6968608000000005
2026-07-05 00:00:00+00:00,6.5992889
2026-07-05 01:00:00+00:00,6.430272199999999
2026-07-05 02:00:00+00:00,6.3962701
2026-07-05 03:00:00+00:00,6.579087400000001
2026-07-05 04:00:00+00:00,6.6944763
2026-07-05 05:00:00+00:00,6.5822140000000005
2026-07-05 06:00:00+00:00,5.9232044
2026-07-05 07:00:00+00:00,5.0512709
2026-07-05 08:00:00+00:00,4.207853300000001
2026-07-05 09:00:00+00:00,3.5586762000000007
2026-07-05 10:00:00+00:00,2.9154832000000006
2026-07-05 11:00:00+00:00,2.417754800000001
2026-07-05 12:00:00+00:00,2.390933099999999
2026-07-05 13:00:00+00:00,2.6731323
2026-07-05 14:00:00+00:00,3.2100741
2026-07-05 15:00:00+00:00,4.2116896
2026-07-05 16:00:00+00:00,5.3202606
2026-07-05 17:00:00+00:00,6.3366791000000005
2026-07-05 18:00:00+00:00,7.380951400000001
2026-07-05 19:00:00+00:00,7.554792999999999
2026-07-05 20:00:00+00:00,7.182355
2026-07-05 21:00:00+00:00,6.9491585
2026-07-05 22:00:00+00:00,6.9772264
2026-07-05 23:00:00+00:00,6.7741005
2026-07-06 00:00:00+00:00,6.6265501
2026-07-06 01:00:00+00:00,6.6999745
2026-07-06 02:00:00+00:00,7.2292556999999995
2026-07-06 03:00:00+00:00,7.983002900000001
2026-07-06 04:00:00+00:00,8.4473506
2026-07-06 05:00:00+00:00,8.346428099999999
2026-07-06 06:00:00+00:00,7.559023300000001
2026-07-06 07:00:00+00:00,6.5130688
2026-07-06 08:00:00+00:00,5.064171099999999
2026-07-06 09:00:00+00:00,3.737967600000001
2026-07-06 10:00:00+00:00,2.3863644000000015
2026-07-06 11:00:00+00:00,1.4120456000000008
2026-07-06 12:00:00+00:00,0.9902008000000002
2026-07-06 13:00:00+00:00,1.2710454999999996
2026-07-06 14:00:00+00:00,2.0061446
2026-07-06 15:00:00+00:00,3.003221000000001
2026-07-06 16:00:00+00:00,4.1570637
2026-07-06 17:00:00+00:00,5.3346819
2026-07-06 18:00:00+00:00,6.5720064
2026-07-06 19:00:00+00:00,6.8847331
2026-07-06 20:00:00+00:00,6.555604400000002
2026-07-06 21:00:00+00:00,6.2584315
2026-07-06 22:00:00+00:00,5.4239615
2026-07-06 23:00:00+00:00,5.4478667000000005
2026-07-07 00:00:00+00:00,5.6314333
2026-07-07 01:00:00+00:00,5.9589425
2026-07-07 02:00:00+00:00,6.704386100000001
2026-07-07 03:00:00+00:00,7.629008800000001
2026-07-07 04:00:00+00:00,8.188820100000001
2026-07-07 05:00:00+00:00,8.0437593
2026-07-07 06:00:00+00:00,7.2836644999999995
2026-07-07 07:00:00+00:00,6.330030299999999
2026-07-07 08:00:00+00:00,5.1730078000000015
2026-07-07 09:00:00+00:00,4.0925537
2026-07-07 10:00:00+00:00,3.220776599999999
2026-07-07 11:00:00+00:00,2.4557600000000006
2026-07-07 12:00:00+00:00,2.2045512999999994
2026-07-07 13:00:00+00:00,2.5895148
2026-07-07 14:00:00+00:00,3.4572290000000008
2026-07-07 15:00:00+00:00,4.377245900000001
2026-07-07 16:00:00+00:00,5.466949099999999
2026-07-07 17:00:00+00:00,6.707141200000001
2026-07-07 18:00:00+00:00,7.950209400000001
2026-07-07 19:00:00+00:00,8.2257153
2026-07-07 20:00:00+00:00,7.9334283
2026-07-07 21:00:00+00:00,7.6300683
2026-07-07 22:00:00+00:00,7.5760779000000005
2026-07-07 23:00:00+00:00,7.5441861
2026-07-08 00:00:00+00:00,7.5558001
2026-07-08 01:00:00+00:00,7.7352465
2026-07-08 02:00:00+00:00,8.2748953
2026-07-08 03:00:00+00:00,9.053708
2026-07-08 04:00:00+00:00,9.4741238
2026-07-08 05:00:00+00:00,9.1986907
2026-07-08 06:00:00+00:00,8.281387800000001
2026-07-08 07:00:00+00:00,7.294646800000001
2026-07-08 08:00:00+00:00,6.237729799999999
2026-07-08 09:00:00+00:00,5.453939399999999
2026-07-08 10:00:00+00:00,4.886887300000001
2026-07-08 11:00:00+00:00,4.421492900000001
2026-07-08 12:00:00+00:00,4.086313
2026-07-08 13:00:00+00:00,4.3681573
2026-07-08 14:00:00+00:00,4.913360300000001
2026-07-08 15:00:00+00:00,5.529827200000001
2026-07-08 16:00:00+00:00,6.4115649999999995
2026-07-08 17:00:00+00:00,7.3923106999999995
2026-07-08 18:00:00+00:00,8.4720225
2026-07-08 19:00:00+00:00,8.6168822
2026-07-08 20:00:00+00:00,8.3012355
2026-07-08 21:00:00+00:00,8.0138807
2026-07-08 22:00:00+00:00,7.999323400000001
2026-07-08 23:00:00+00:00,7.913386
2026-07-09 00:00:00+00:00,7.9891746999999995
2026-07-09 01:00:00+00:00,8.2102638
2026-07-09 02:00:00+00:00,8.9037969
2026-07-09 03:00:00+00:00,9.683218
2026-07-09 04:00:00+00:00,9.9666308
2026-07-09 05:00:00+00:00,9.4553222
2026-07-09 06:00:00+00:00,8.3160379
2026-07-09 07:00:00+00:00,7.150967300000001
2026-07-09 08:00:00+00:00,5.8079634
2026-07-09 09:00:00+00:00,4.4995089
2026-07-09 10:00:00+00:00,3.2925583000000005
2026-07-09 11:00:00+00:00,2.616367800000001
2026-07-09 12:00:00+00:00,2.5057889000000024
2026-07-09 13:00:00+00:00,2.8633013
2026-07-09 14:00:00+00:00,3.6656733
2026-07-09 15:00:00+00:00,4.662605900000001
2026-07-09 16:00:00+00:00,5.8552412
2026-07-09 17:00:00+00:00,7.130976099999999
2026-07-09 18:00:00+00:00,8.3680796
2026-07-09 19:00:00+00:00,8.5382957
2026-07-09 20:00:00+00:00,8.0799233
2026-07-09 21:00:00+00:00,7.6122746999999995
2026-07-09 22:00:00+00:00,7.4602239
2026-07-09 23:00:00+00:00,7.3374047000000004
2026-07-10 00:00:00+00:00,7.3692588
2026-07-10 01:00:00+00:00,7.5936408
2026-07-10 02:00:00+00:00,8.247138
2026-07-10 03:00:00+00:00,9.025618300000001
2026-07-10 04:00:00+00:00,9.383878099999999
2026-07-10 05:00:00+00:00,9.1223934
2026-07-10 06:00:00+00:00,8.2728867
2026-07-10 07:00:00+00:00,7.1008783
2026-07-10 08:00:00+00:00,5.7276185
2026-07-10 09:00:00+00:00,4.567652300000001
2026-07-10 10:00:00+00:00,3.4802349999999995
2026-07-10 11:00:00+00:00,2.9704304000000006
2026-07-10 12:00:00+00:00,2.740488600000001
2026-07-10 13:00:00+00:00,2.9601176999999996
2026-07-10 14:00:00+00:00,3.4659780000000007
2026-07-10 15:00:00+00:00,4.2326961
2026-07-10 16:00:00+00:00,5.1631741
2026-07-10 17:00:00+00:00,6.0205929000000005
2026-07-10 18:00:00+00:00,6.872098
2026-07-10 19:00:00+00:00,6.928723399999999
2026-07-10 20:00:00+00:00,6.422230900000001
2026-07-10 21:00:00+00:00,6.0202628
2026-07-10 22:00:00+00:00,5.7562944
2026-07-10 23:00:00+00:00,5.753992
2026-07-11 00:00:00+00:00,5.8342542
2026-07-11 01:00:00+00:00,5.9239184
2026-07-11 02:00:00+00:00,6.173817400000001
2026-07-11 03:00:00+00:00,6.632930000000001
2026-07-11 04:00:00+00:00,6.9701208999999995
2026-07-11 05:00:00+00:00,6.7666048
2026-07-11 06:00:00+00:00,6.0053643
2026-07-11 07:00:00+00:00,4.869072500000001
2026-07-11 08:00:00+00:00,3.4931118000000003
2026-07-11 09:00:00+00:00,2.0387375000000008
2026-07-11 10:00:00+00:00,0.8849689999999999
2026-07-11 11:00:00+00:00,0.17556360000000204
2026-07-11 12:00:00+00:00,-0.11356520000000003
2026-07-11 13:00:00+00:00,0.20039980000000135
2026-07-11 14:00:00+00:00,0.897324900000001
2026-07-11 15:00:00+00:00,1.9689915000000004
2026-07-11 16:00:00+00:00,3.2520406
2026-07-11 17:00:00+00:00,4.535298399999999
2026-07-11 18:00:00+00:00,5.7472186999999995
2026-07-11 19:00:00+00:00,6.058134300000001
2026-07-11 20:00:00+00:00,5.7026873
2026-07-11 21:00:00+00:00,5.396205
2026-07-11 22:00:00+00:00,5.222350100000001
2026-07-11 23:00:00+00:00,5.131249800000001
2026-07-12 00:00:00+00:00,5.1090525
2026-07-12 01:00:00+00:00,5.1179322
2026-07-12 02:00:00+00:00,5.315670600000001
2026-07-12 03:00:00+00:00,5.7233407
2026-07-12 04:00:00+00:00,5.9494141
2026-07-12 05:00:00+00:00,5.6785407
2026-07-12 06:00:00+00:00,4.794468400000001
2026-07-12 07:00:00+00:00,3.6629044000000004
2026-07-12 08:00:00+00:00,2.3465006000000006
2026-07-12 09:00:00+00:00,0.9480527000000016
2026-07-12 10:00:00+00:00,-0.25796760000000063
2026-07-12 11:00:00+00:00,-1.0458895000000012
2026-07-12 12:00:00+00:00,-1.276963199999999
2026-07-12 13:00:00+00:00,-0.9594332999999988
2026-07-12 14:00:00+00:00,-0.014053499999999275
2026-07-12 15:00:00+00:00,1.3490782999999986
2026-07-12 16:00:00+00:00,2.6559726999999995
2026-07-12 17:00:00+00:00,3.9423223000000007
2026-07-12 18:00:00+00:00,5.0852638
2026-07-12 19:00:00+00:00,5.217058100000001
2026-07-12 20:00:00+00:00,4.902215
2026-07-12 21:00:00+00:00,4.644172500000001
2026-07-12 22:00:00+00:00,4.7491819
2026-07-12 23:00:00+00:00,4.8468257
2026-07-13 00:00:00+00:00,5.0350345
2026-07-13 01:00:00+00:00,5.4291961
2026-07-13 02:00:00+00:00,6.239365899999999
2026-07-13 03:00:00+00:00,7.1431787
2026-07-13 04:00:00+00:00,7.7106577000000005
2026-07-13 05:00:00+00:00,7.5782376
2026-07-13 06:00:00+00:00,6.598357
2026-07-13 07:00:00+00:00,5.451267100000001
2026-07-13 08:00:00+00:00,4.167513100000001
2026-07-13 09:00:00+00:00,3.1251825
2026-07-13 10:00:00+00:00,2.239170400000001
2026-07-13 11:00:00+00:00,1.7435048000000002
2026-07-13 12:00:00+00:00,1.5367234000000014
2026-07-13 13:00:00+00:00,2.0995502000000013
2026-07-13 14:00:00+00:00,3.1139372000000005
2026-07-13 15:00:00+00:00,4.375128500000001
2026-07-13 16:00:00+00:00,5.455201700000002
2026-07-13 17:00:00+00:00,6.1181281
2026-07-13 18:00:00+00:00,6.844392100000002
2026-07-13 19:00:00+00:00,6.8566547
2026-07-13 20:00:00+00:00,6.428771599999999
2026-07-13 21:00:00+00:00,6.1845994
2026-07-13 22:00:00+00:00,5.9683972999999995
2026-07-13 23:00:00+00:00,6.0986077
2026-07-14 00:00:00+00:00,6.3783749
2026-07-14 01:00:00+00:00,6.680482700000001
2026-07-14 02:00:00+00:00,7.295568899999999
2026-07-14 03:00:00+00:00,8.055045999999999
2026-07-14 04:00:00+00:00,8.5548763
2026-07-14 05:00:00+00:00,8.3748592
2026-07-14 06:00:00+00:00,7.5625003
2026-07-14 07:00:00+00:00,6.3360337
2026-07-14 08:00:00+00:00,4.998657400000001
2026-07-14 09:00:00+00:00,3.8267582000000004
2026-07-14 10:00:00+00:00,2.7871067000000025
2026-07-14 11:00:00+00:00,2.1374412000000014
2026-07-14 12:00:00+00:00,2.0727642000000017
2026-07-14 13:00:00+00:00,2.5493634
2026-07-14 14:00:00+00:00,3.2071348000000013
2026-07-14 15:00:00+00:00,3.9802799999999996
2026-07-14 16:00:00+00:00,4.855578099999999
2026-07-14 17:00:00+00:00,5.785278900000001
2026-07-14 18:00:00+00:00,6.8312245
2026-07-14 19:00:00+00:00,6.9253116
2026-07-14 20:00:00+00:00,6.4772242
2026-07-14 21:00:00+00:00,6.0941647
2026-07-14 22:00:00+00:00,5.5389565
2026-07-14 23:00:00+00:00,5.640536300000001
2026-07-15 00:00:00+00:00,5.7727493
2026-07-15 01:00:00+00:00,6.0712245
2026-07-15 02:00:00+00:00,6.6415022000000015
2026-07-15 03:00:00+00:00,7.4854131
2026-07-15 04:00:00+00:00,8.0995849
2026-07-15 05:00:00+00:00,8.076347299999998
2026-07-15 06:00:00+00:00,7.3802623999999994
2026-07-15 07:00:00+00:00,5.990545300000001
2026-07-15 08:00:00+00:00,4.3944348
2026-07-15 09:00:00+00:00,3.1075081000000004
2026-07-15 10:00:00+00:00,2.053329400000001
2026-07-15 11:00:00+00:00,1.4400484000000002
2026-07-15 12:00:00+00:00,1.199714300000002
2026-07-15 13:00:00+00:00,1.7746122999999994
2026-07-15 14:00:00+00:00,2.5814303
2026-07-15 15:00:00+00:00,3.2722920999999996
2026-07-15 16:00:00+00:00,4.258880900000001
2026-07-15 17:00:00+00:00,5.4382544
2026-07-15 18:00:00+00:00,6.571764099999999
2026-07-15 19:00:00+00:00,6.727179900000001
2026-07-15 20:00:00+00:00,6.409993900000002
2026-07-15 21:00:00+00:00,6.1835541
2026-07-15 22:00:00+00:00,6.0717018
2026-07-15 23:00:00+00:00,6.166324399999999
2026-07-16 00:00:00+00:00,6.374310299999999
2026-07-16 01:00:00+00:00,6.730409300000001
2026-07-16 02:00:00+00:00,7.4358901
2026-07-16 03:00:00+00:00,8.1832534
2026-07-16 04:00:00+00:00,8.665113400000001
2026-07-16 05:00:00+00:00,8.5663812
2026-07-16 06:00:00+00:00,7.648966600000001
2026-07-16 07:00:00+00:00,6.437057900000001
2026-07-16 08:00:00+00:00,5.0224591
2026-07-16 09:00:00+00:00,3.8602012000000006
2026-07-16 10:00:00+00:00,2.9129262999999996
2026-07-16 11:00:00+00:00,2.442262500000002
2026-07-16 12:00:00+00:00,2.3314914999999994
2026-07-16 13:00:00+00:00,2.7338039000000016
2026-07-16 14:00:00+00:00,3.494144199999999
2026-07-16 15:00:00+00:00,4.510737700000001
2026-07-16 16:00:00+00:00,5.607136900000001
2026-07-16 17:00:00+00:00,6.652097599999999
2026-07-16 18:00:00+00:00,7.7029689
2026-07-16 19:00:00+00:00,7.822941800000001
2026-07-16 20:00:00+00:00,7.409251
2026-07-16 21:00:00+00:00,7.037909900000001
2026-07-16 22:00:00+00:00,6.7134711
2026-07-16 23:00:00+00:00,6.8140236
2026-07-17 00:00:00+00:00,6.99497
2026-07-17 01:00:00+00:00,7.2056158
2026-07-17 02:00:00+00:00,7.739148700000001
2026-07-17 03:00:00+00:00,8.455235
2026-07-17 04:00:00+00:00,8.898019300000001
2026-07-17 05:00:00+00:00,8.8417388
2026-07-17 06:00:00+00:00,7.954569000000001
2026-07-17 07:00:00+00:00,6.846838500000001
2026-07-17 08:00:00+00:00,5.531952200000001
2026-07-17 09:00:00+00:00,4.3966311
2026-07-17 10:00:00+00:00,3.342228500000001
2026-07-17 11:00:00+00:00,2.5619266000000014
2026-07-17 12:00:00+00:00,2.2314965000000013
2026-07-17 13:00:00+00:00,2.5525672999999998
2026-07-17 14:00:00+00:00,3.174664
2026-07-17 15:00:00+00:00,4.084628499999999
2026-07-17 16:00:00+00:00,5.211262899999999
2026-07-17 17:00:00+00:00,6.3867821
2026-07-17 18:00:00+00:00,7.5883697
2026-07-17 19:00:00+00:00,7.950892
2026-07-17 20:00:00+00:00,7.6828266
2026-07-17 21:00:00+00:00,7.4446265
2026-07-17 22:00:00+00:00,7.341122700000001
2026-07-17 23:00:00+00:00,7.198564200000001
2026-07-18 00:00:00+00:00,7.1220262000000005
2026-07-18 01:00:00+00:00,7.0259346
2026-07-18 02:00:00+00:00,7.1632005
2026-07-18 03:00:00+00:00,7.488332099999999
2026-07-18 04:00:00+00:00,7.6132556
2026-07-18 05:00:00+00:00,7.3786001
2026-07-18 06:00:00+00:00,6.738640499999999
2026-07-18 07:00:00+00:00,5.8778462000000005
2026-07-18 08:00:00+00:00,4.8773622
2026-07-18 09:00:00+00:00,3.9459030999999998
2026-07-18 10:00:00+00:00,3.233539800000001
2026-07-18 11:00:00+00:00,2.672211100000001
2026-07-18 12:00:00+00:00,2.2417699000000004
2026-07-18 13:00:00+00:00,2.248982899999999
2026-07-18 14:00:00+00:00,2.756390999999999
2026-07-18 15:00:00+00:00,3.6266417000000013
2026-07-18 16:00:00+00:00,4.5983666
2026-07-18 17:00:00+00:00,5.4899029
2026-07-18 18:00:00+00:00,6.408892699999999
2026-07-18 19:00:00+00:00,6.7022455999999995
2026-07-18 20:00:00+00:00,6.4944891
2026-07-18 21:00:00+00:00,6.3638955
2026-07-18 22:00:00+00:00,5.9761381
2026-07-18 23:00:00+00:00,5.9466696
2026-07-19 00:00:00+00:00,5.8862436
2026-07-19 01:00:00+00:00,5.8106317
2026-07-19 02:00:00+00:00,5.829023
2026-07-19 03:00:00+00:00,5.9984708
2026-07-19 04:00:00+00:00,6.128112
2026-07-19 05:00:00+00:00,5.9602007
2026-07-19 06:00:00+00:00,5.2329382
2026-07-19 07:00:00+00:00,4.333402199999999
2026-07-19 08:00:00+00:00,3.2976353000000014
2026-07-19 09:00:00+00:00,2.3228767
2026-07-19 10:00:00+00:00,1.4925272000000014
2026-07-19 11:00:00+00:00,0.7768559000000019
2026-07-19 12:00:00+00:00,0.5278620999999992
2026-07-19 13:00:00+00:00,0.7752472999999984
2026-07-19 14:00:00+00:00,1.5792657000000005
2026-07-19 15:00:00+00:00,2.7009817000000016
2026-07-19 16:00:00+00:00,3.8715570999999995
2026-07-19 17:00:00+00:00,5.1496353
2026-07-19 18:00:00+00:00,6.207025600000001
2026-07-19 19:00:00+00:00,6.472349100000001
2026-07-19 20:00:00+00:00,6.3433491
2026-07-19 21:00:00+00:00,6.251112000000001
2026-07-19 22:00:00+00:00,5.7360998
2026-07-19 23:00:00+00:00,5.805746599999999
2026-07-20 00:00:00+00:00,5.9195165
2026-07-20 01:00:00+00:00,6.0686496000000005
2026-07-20 02:00:00+00:00,6.4051051999999995
2026-07-20 03:00:00+00:00,6.9478603
2026-07-20 04:00:00+00:00,7.2554743
2026-07-20 05:00:00+00:00,7.1037132
2026-07-20 06:00:00+00:00,6.3173698
2026-07-20 07:00:00+00:00,5.318255500000001
2026-07-20 08:00:00+00:00,4.2762306
2026-07-20 09:00:00+00:00,3.499213300000001
2026-07-20 10:00:00+00:00,2.9623568999999996
2026-07-20 11:00:00+00:00,2.4414776000000007
2026-07-20 12:00:00+00:00,2.276608099999999
2026-07-20 13:00:00+00:00,2.6308501
2026-07-20 14:00:00+00:00,3.1778180999999996
2026-07-20 15:00:00+00:00,3.9402994000000007
2026-07-20 16:00:00+00:00,4.774968300000001
2026-07-20 17:00:00+00:00,5.627528
2026-07-20 18:00:00+00:00,6.501252299999999
2026-07-20 19:00:00+00:00,6.624529000000001
2026-07-20 20:00:00+00:00,6.213118000000001
2026-07-20 21:00:00+00:00,5.992865599999999
2026-07-20 22:00:00+00:00,6.2286728
2026-07-20 23:00:00+00:00,6.305326999999999
2026-07-21 00:00:00+00:00,6.3733646
2026-07-21 01:00:00+00:00,6.3513089
2026-07-21 02:00:00+00:00,6.4529812
2026-07-21 03:00:00+00:00,6.781592399999999
2026-07-21 04:00:00+00:00,7.0005851
2026-07-21 05:00:00+00:00,6.7348772000000015
2026-07-21 06:00:00+00:00,5.630429900000001
2026-07-21 07:00:00+00:00,4.314125899999999
2026-07-21 08:00:00+00:00,2.9950177999999994
2026-07-21 09:00:00+00:00,1.6409844000000007
2026-07-21 10:00:00+00:00,0.6409545999999997
2026-07-21 11:00:00+00:00,-0.013830899999998536
2026-07-21 12:00:00+00:00,-0.13900309999999827
2026-07-21 13:00:00+00:00,0.4142153000000013
2026-07-21 14:00:00+00:00,1.5786778000000012
2026-07-21 15:00:00+00:00,3.050270000000001
2026-07-21 16:00:00+00:00,4.4190551000000005
2026-07-21 17:00:00+00:00,5.692143000000001
2026-07-21 18:00:00+00:00,6.756516700000001
2026-07-21 19:00:00+00:00,7.0550154
2026-07-21 20:00:00+00:00,6.7185836000000005
2026-07-21 21:00:00+00:00,6.5198368
2026-07-21 22:00:00+00:00,6.502216799999999
2026-07-21 23:00:00+00:00,6.4938751
2026-07-22 00:00:00+00:00,6.7092654
2026-07-22 01:00:00+00:00,7.0463653
2026-07-22 02:00:00+00:00,7.749092600000001
2026-07-22 03:00:00+00:00,8.563642499999998
2026-07-22 04:00:00+00:00,8.5870814
2026-07-22 05:00:00+00:00,8.4692708
2026-07-22 06:00:00+00:00,7.8931173
2026-07-22 07:00:00+00:00,7.1685651
2026-07-22 08:00:00+00:00,6.382304899999999
2026-07-22 09:00:00+00:00,5.8611597
2026-07-22 10:00:00+00:00,5.352112699999999
2026-07-22 11:00:00+00:00,4.872087700000001
2026-07-22 12:00:00+00:00,4.560241999999999
2026-07-22 13:00:00+00:00,4.7093088
2026-07-22 14:00:00+00:00,4.9938616
2026-07-22 15:00:00+00:00,5.2873227
2026-07-22 16:00:00+00:00,5.847406099999999
2026-07-22 17:00:00+00:00,6.534273700000001
2026-07-22 18:00:00+00:00,7.3567213
2026-07-22 19:00:00+00:00,7.4365065
2026-07-22 20:00:00+00:00,7.161871800000001
2026-07-22 21:00:00+00:00,6.9765739
2026-07-22 22:00:00+00:00,6.910093399999999
2026-07-22 23:00:00+00:00,6.8334715
2026-07-23 00:00:00+00:00,6.8400270999999995
2026-07-23 01:00:00+00:00,6.9568748
2026-07-23 02:00:00+00:00,7.437382000000001
2026-07-23 03:00:00+00:00,8.008914
2026-07-23 04:00:00+00:00,8.404536
2026-07-23 05:00:00+00:00,8.3347168
2026-07-23 06:00:00+00:00,7.618001100000001
2026-07-23 07:00:00+00:00,6.8274078
2026-07-23 08:00:00+00:00,5.9198306
2026-07-23 09:00:00+00:00,5.1394802
2026-07-23 10:00:00+00:00,4.374065900000001
2026-07-23 11:00:00+00:00,3.6458122
2026-07-23 12:00:00+00:00,3.183620200000001
2026-07-23 13:00:00+00:00,3.400897099999999
2026-07-23 14:00:00+00:00,3.9816453000000003
2026-07-23 15:00:00+00:00,4.773137600000001
2026-07-23 16:00:00+00:00,5.7720009999999995
2026-07-23 17:00:00+00:00,6.8106404000000005
2026-07-23 18:00:00+00:00,7.8953468
2026-07-23 19:00:00+00:00,8.102346499999998
2026-07-23 20:00:00+00:00,7.7424355
2026-07-23 21:00:00+00:00,7.4726263
2026-07-23 22:00:00+00:00,7.4480689
2026-07-23 23:00:00+00:00,7.3737687
2026-07-24 00:00:00+00:00,7.375449199999999
2026-07-24 01:00:00+00:00,7.4812629
2026-07-24 02:00:00+00:00,7.9456445
2026-07-24 03:00:00+00:00,8.569386199999999
2026-07-24 04:00:00+00:00,8.9465796
2026-07-24 05:00:00+00:00,8.7736862
2026-07-24 06:00:00+00:00,7.994823599999999
2026-07-24 07:00:00+00:00,7.0329016000000015
2026-07-24 08:00:00+00:00,5.8991842
2026-07-24 09:00:00+00:00,4.973229000000001
2026-07-24 10:00:00+00:00,4.107484
2026-07-24 11:00:00+00:00,3.3836385999999994
2026-07-24 12:00:00+00:00,3.0160028999999993
2026-07-24 13:00:00+00:00,3.2502956000000003
2026-07-24 14:00:00+00:00,3.8630075
2026-07-24 15:00:00+00:00,4.8871988
2026-07-24 16:00:00+00:00,6.084066
2026-07-24 17:00:00+00:00,7.104158000000002
2026-07-24 18:00:00+00:00,7.9905548
2026-07-24 19:00:00+00:00,8.057474599999999
2026-07-24 20:00:00+00:00,7.558257800000001
2026-07-24 21:00:00+00:00,7.177088899999999
2026-07-24 22:00:00+00:00,7.0690633
2026-07-24 23:00:00+00:00,6.9360019
2026-07-25 00:00:00+00:00,6.8550411
2026-07-25 01:00:00+00:00,6.7552413
2026-07-25 02:00:00+00:00,6.9021521
2026-07-25 03:00:00+00:00,7.2055026
2026-07-25 04:00:00+00:00,7.3450339
2026-07-25 05:00:00+00:00,7.148693699999999
2026-07-25 06:00:00+00:00,6.394302400000001
2026-07-25 07:00:00+00:00,5.551374100000001
2026-07-25 08:00:00+00:00,4.6525793
2026-07-25 09:00:00+00:00,3.2483254000000006
2026-07-25 10:00:00+00:00,2.280570300000001
2026-07-25 11:00:00+00:00,2.2227734000000003
2026-07-25 12:00:00+00:00,2.608681400000001
2026-07-25 13:00:00+00:00,3.059438900000001
2026-07-25 14:00:00+00:00,3.0768218000000003
2026-07-25 15:00:00+00:00,3.7716764000000005
2026-07-25 16:00:00+00:00,4.5843215
2026-07-25 17:00:00+00:00,5.1956109999999995
2026-07-25 18:00:00+00:00,5.8947232000000005
2026-07-25 19:00:00+00:00,5.952176
2026-07-25 20:00:00+00:00,5.5056899999999995
2026-07-25 21:00:00+00:00,5.3660188
2026-07-25 22:00:00+00:00,5.3017861
2026-07-25 23:00:00+00:00,5.430027900000001
2026-07-26 00:00:00+00:00,5.5145336
2026-07-26 01:00:00+00:00,5.5697457
2026-07-26 02:00:00+00:00,5.697444599999999
2026-07-26 03:00:00+00:00,5.8998198
2026-07-26 04:00:00+00:00,6.0546949
2026-07-26 05:00:00+00:00,6.0315743
2026-07-26 06:00:00+00:00,5.7441347
2026-07-26 07:00:00+00:00,5.541302299999999
2026-07-26 08:00:00+00:00,4.953479400000001
2026-07-26 09:00:00+00:00,4.2677368
2026-07-26 10:00:00+00:00,3.5246580000000005
2026-07-26 11:00:00+00:00,2.9711900999999994
2026-07-26 12:00:00+00:00,2.7272729
2026-07-26 13:00:00+00:00,2.537293400000001
2026-07-26 14:00:00+00:00,2.4483932999999993
2026-07-26 15:00:00+00:00,2.8451477
2026-07-26 16:00:00+00:00,3.6376715000000015
2026-07-26 17:00:00+00:00,4.604720299999999
2026-07-26 18:00:00+00:00,5.601890900000001
2026-07-26 19:00:00+00:00,5.8245109
2026-07-26 20:00:00+00:00,5.6880615
2026-07-26 21:00:00+00:00,5.496556200000001
2026-07-26 22:00:00+00:00,5.043882099999999
2026-07-26 23:00:00+00:00,4.879597
2026-07-27 00:00:00+00:00,4.8678468
2026-07-27 01:00:00+00:00,5.1478102
2026-07-27 02:00:00+00:00,5.6503882
2026-07-27 03:00:00+00:00,6.435436299999999
2026-07-27 04:00:00+00:00,7.101002099999999
2026-07-27 05:00:00+00:00,7.209349699999999
2026-07-27 06:00:00+00:00,6.3726371
2026-07-27 07:00:00+00:00,5.4660063999999995
2026-07-27 08:00:00+00:00,4.6383127
2026-07-27 09:00:00+00:00,4.2903421999999996
2026-07-27 10:00:00+00:00,4.0001886
2026-07-27 11:00:00+00:00,3.712799800000001
2026-07-27 12:00:00+00:00,3.2974715000000003
2026-07-27 13:00:00+00:00,3.4080138
2026-07-27 14:00:00+00:00,3.7509780999999993
2026-07-27 15:00:00+00:00,4.328050500000001
2026-07-27 16:00:00+00:00,5.125083600000002
2026-07-27 17:00:00+00:00,6.068323900000001
2026-07-27 18:00:00+00:00,6.9546036
2026-07-27 19:00:00+00:00,6.8137028
2026-07-27 20:00:00+00:00,6.318187
2026-07-27 21:00:00+00:00,5.9618234
2026-07-27 22:00:00+00:00,6.1937816
2026-07-27 23:00:00+00:00,6.173636
2026-07-28 00:00:00+00:00,6.253719
2026-07-28 01:00:00+00:00,6.4962654
2026-07-28 02:00:00+00:00,7.0489732
2026-07-28 03:00:00+00:00,7.7904860000000005
2026-07-28 04:00:00+00:00,8.245104
2026-07-28 05:00:00+00:00,8.131256100000002
2026-07-28 06:00:00+00:00,7.1155829000000015
2026-07-28 07:00:00+00:00,5.8799369
2026-07-28 08:00:00+00:00,4.5462054
2026-07-28 09:00:00+00:00,3.1299960999999987
2026-07-28 10:00:00+00:00,2.102357200000001
2026-07-28 11:00:00+00:00,1.4794052999999998
2026-07-28 12:00:00+00:00,1.3738373
2026-07-28 13:00:00+00:00,1.9608623000000005
2026-07-28 14:00:00+00:00,2.9205914999999996
2026-07-28 15:00:00+00:00,4.0997455
2026-07-28 16:00:00+00:00,5.5678711
2026-07-28 17:00:00+00:00,6.8762697
2026-07-28 18:00:00+00:00,7.975203800000001
2026-07-28 19:00:00+00:00,7.9911634000000005
2026-07-28 20:00:00+00:00,7.501199
2026-07-28 21:00:00+00:00,7.1087609
2026-07-28 22:00:00+00:00,7.2241952000000005
2026-07-28 23:00:00+00:00,7.167306
2026-07-29 00:00:00+00:00,7.1619587
2026-07-29 01:00:00+00:00,7.2765368
2026-07-29 02:00:00+00:00,7.709521199999999
2026-07-29 03:00:00+00:00,8.3452404
2026-07-29 04:00:00+00:00,8.752904899999999
2026-07-29 05:00:00+00:00,8.507143099999999
2026-07-29 06:00:00+00:00,7.4755266
2026-07-29 07:00:00+00:00,6.0196209
2026-07-29 08:00:00+00:00,4.4906543
2026-07-29 09:00:00+00:00,3.2146965000000014
2026-07-29 10:00:00+00:00,2.1631706999999993
2026-07-29 11:00:00+00:00,1.610631800000002
2026-07-29 12:00:00+00:00,1.6351456000000013
2026-07-29 13:00:00+00:00,2.3791020000000005
2026-07-29 14:00:00+00:00,3.4368246000000013
2026-07-29 15:00:00+00:00,4.623744000000001
2026-07-29 16:00:00+00:00,6.0323277
2026-07-29 17:00:00+00:00,7.343642099999999
2026-07-29 18:00:00+00:00,8.3980711
2026-07-29 19:00:00+00:00,8.226810200000001
2026-07-29 20:00:00+00:00,7.689106400000001
2026-07-29 21:00:00+00:00,7.1601571
2026-07-29 22:00:00+00:00,6.4869475
2026-07-29 23:00:00+00:00,6.3274526
2026-07-30 00:00:00+00:00,6.3641595
2026-07-30 01:00:00+00:00,6.6428944
2026-07-30 02:00:00+00:00,7.3045653
2026-07-30 03:00:00+00:00,8.006398500000001
2026-07-30 04:00:00+00:00,8.599622
2026-07-30 05:00:00+00:00,8.6277748
2026-07-30 06:00:00+00:00,7.776622499999998
2026-07-30 07:00:00+00:00,6.6537825
2026-07-30 08:00:00+00:00,5.6384033
2026-07-30 09:00:00+00:00,5.1303543
2026-07-30 10:00:00+00:00,5.150594700000002
2026-07-30 11:00:00+00:00,5.519366700000001
2026-07-30 12:00:00+00:00,5.8136396999999995
2026-07-30 13:00:00+00:00,5.9475432
2026-07-30 14:00:00+00:00,5.4653149
2026-07-30 15:00:00+00:00,5.309715200000001
2026-07-30 16:00:00+00:00,5.853263899999999
2026-07-30 17:00:00+00:00,6.826726599999999
2026-07-30 18:00:00+00:00,7.812655400000001
2026-07-30 19:00:00+00:00,7.9527053
2026-07-30 20:00:00+00:00,7.5903836
2026-07-30 21:00:00+00:00,7.3660819
2026-07-30 22:00:00+00:00,7.3743096
2026-07-30 23:00:00+00:00,7.3138774
2026-07-31 00:00:00+00:00,7.326624
2026-07-31 01:00:00+00:00,7.484649300000001
2026-07-31 02:00:00+00:00,7.9778472
2026-07-31 03:00:00+00:00,8.5456704
2026-07-31 04:00:00+00:00,8.9622497
2026-07-31 05:00:00+00:00,8.9109976
2026-07-31 06:00:00+00:00,8.2493657
2026-07-31 07:00:00+00:00,7.3436067000000005
2026-07-31 08:00:00+00:00,6.111160399999999
2026-07-31 09:00:00+00:00,4.903533
2026-07-31 10:00:00+00:00,3.6680707999999997
2026-07-31 11:00:00+00:00,3.0944599000000004
2026-07-31 12:00:00+00:00,2.795747300000002
2026-07-31 13:00:00+00:00,3.124268100000001
2026-07-31 14:00:00+00:00,3.7662721999999995
2026-07-31 15:00:00+00:00,4.777448600000001
2026-07-31 16:00:00+00:00,5.806948
2026-07-31 17:00:00+00:00,6.765546700000001
2026-07-31 18:00:00+00:00,7.645902200000001
2026-07-31 19:00:00+00:00,7.755690400000001
2026-07-31 20:00:00+00:00,7.321869400000001
2026-07-31 21:00:00+00:00,7.084370600000001
2026-07-31 22:00:00+00:00,6.767155300000001
2026-07-31 23:00:00+00:00,6.7351830999999995
2026-08-01 00:00:00+00:00,6.7154853
2026-08-01 01:00:00+00:00,6.685461
2026-08-01 02:00:00+00:00,6.8634295
2026-08-01 03:00:00+00:00,7.2068121000000005
2026-08-01 04:00:00+00:00,7.3790794
2026-08-01 05:00:00+00:00,7.1529054
2026-08-01 06:00:00+00:00,6.2104392
2026-08-01 07:00:00+00:00,5.0278236
2026-08-01 08:00:00+00:00,3.5145581999999997
2026-08-01 09:00:00+00:00,1.8926621000000008
2026-08-01 10:00:00+00:00,0.9402456000000008
2026-08-01 11:00:00+00:00,0.6526151000000011
2026-08-01 12:00:00+00:00,0.6877807000000011
2026-08-01 13:00:00+00:00,1.4466327999999988
2026-08-01 14:00:00+00:00,2.5528549000000016
2026-08-01 15:00:00+00:00,3.9557857000000007
2026-08-01 16:00:00+00:00,5.391099800000001
2026-08-01 17:00:00+00:00,6.4970006
2026-08-01 18:00:00+00:00,7.427802499999999
2026-08-01 19:00:00+00:00,7.4577629
2026-08-01 20:00:00+00:00,6.9069207
2026-08-01 21:00:00+00:00,6.5804034
2026-08-01 22:00:00+00:00,6.3858991000000005
2026-08-01 23:00:00+00:00,6.2631514
2026-08-02 00:00:00+00:00,6.1908309
2026-08-02 01:00:00+00:00,6.1639057
2026-08-02 02:00:00+00:00,6.2745978000000004
2026-08-02 03:00:00+00:00,6.5180205
2026-08-02 04:00:00+00:00,6.7412600000000005
2026-08-02 05:00:00+00:00,6.606539
2026-08-02 06:00:00+00:00,5.701268000000001
2026-08-02 07:00:00+00:00,4.2334076
2026-08-02 08:00:00+00:00,2.6785978000000004
2026-08-02 09:00:00+00:00,1.3808703000000007
2026-08-02 10:00:00+00:00,0.7042033000000005
2026-08-02 11:00:00+00:00,0.39311590000000063
2026-08-02 12:00:00+00:00,0.2865051999999997
2026-08-02 13:00:00+00:00,0.8240837000000001
2026-08-02 14:00:00+00:00,1.6813759999999984
2026-08-02 15:00:00+00:00,3.016244300000002
2026-08-02 16:00:00+00:00,4.2934421
2026-08-02 17:00:00+00:00,5.269397300000001
2026-08-02 18:00:00+00:00,5.9864421
2026-08-02 19:00:00+00:00,5.7725051
2026-08-02 20:00:00+00:00,5.279100700000001
2026-08-02 21:00:00+00:00,4.9939031
2026-08-02 22:00:00+00:00,4.657299
2026-08-02 23:00:00+00:00,4.8958591
2026-08-03 00:00:00+00:00,5.1933213
2026-08-03 01:00:00+00:00,5.748920200000001
2026-08-03 02:00:00+00:00,6.6453697
2026-08-03 03:00:00+00:00,7.5537559000000005
2026-08-03 04:00:00+00:00,8.2756146
2026-08-03 05:00:00+00:00,8.395503999999999
2026-08-03 06:00:00+00:00,7.4899907
2026-08-03 07:00:00+00:00,6.3657554
2026-08-03 08:00:00+00:00,4.9738798
2026-08-03 09:00:00+00:00,3.8122543999999996
2026-08-03 10:00:00+00:00,3.1065613999999986
2026-08-03 11:00:00+00:00,2.590512300000001
2026-08-03 12:00:00+00:00,2.4466267000000013
2026-08-03 13:00:00+00:00,3.094783999999999
2026-08-03 14:00:00+00:00,4.256628999999999
2026-08-03 15:00:00+00:00,5.4871717
2026-08-03 16:00:00+00:00,6.5277435000000015
2026-08-03 17:00:00+00:00,7.5414761
2026-08-03 18:00:00+00:00,8.2239921
2026-08-03 19:00:00+00:00,8.063311
2026-08-03 20:00:00+00:00,7.5273764000000005
2026-08-03 21:00:00+00:00,7.1272836
2026-08-03 22:00:00+00:00,6.9903621
2026-08-03 23:00:00+00:00,6.8787975
2026-08-04 00:00:00+00:00,6.9294704000000005
2026-08-04 01:00:00+00:00,7.1154777000000005
2026-08-04 02:00:00+00:00,7.528426100000001
2026-08-04 03:00:00+00:00,8.118213599999999
2026-08-04 04:00:00+00:00,8.5737995
2026-08-04 05:00:00+00:00,8.4099957
2026-08-04 06:00:00+00:00,7.617740700000001
2026-08-04 07:00:00+00:00,6.740899000000001
2026-08-04 08:00:00+00:00,5.749061299999999
2026-08-04 09:00:00+00:00,4.7635235
2026-08-04 10:00:00+00:00,3.9657173000000023
2026-08-04 11:00:00+00:00,3.4167153
2026-08-04 12:00:00+00:00,3.2799315
2026-08-04 13:00:00+00:00,3.5918238999999996
2026-08-04 14:00:00+00:00,3.9535138000000005
2026-08-04 15:00:00+00:00,4.3826435
2026-08-04 16:00:00+00:00,5.280044500000001
2026-08-04 17:00:00+00:00,6.1586126
2026-08-04 18:00:00+00:00,7.027497400000001
2026-08-04 19:00:00+00:00,6.9903184
2026-08-04 20:00:00+00:00,6.576776800000001
2026-08-04 21:00:00+00:00,6.2811594
2026-08-04 22:00:00+00:00,6.028411700000001
2026-08-04 23:00:00+00:00,5.8890849
2026-08-05 00:00:00+00:00,5.783491699999999
2026-08-05 01:00:00+00:00,5.7923439000000005
2026-08-05 02:00:00+00:00,6.1452512
2026-08-05 03:00:00+00:00,6.6738552
2026-08-05 04:00:00+00:00,7.0912025000000005
2026-08-05 05:00:00+00:00,7.018517899999999
2026-08-05 06:00:00+00:00,6.352432200000001
2026-08-05 07:00:00+00:00,5.182306199999999
2026-08-05 08:00:00+00:00,3.852727700000001
2026-08-05 09:00:00+00:00,2.7391936
2026-08-05 10:00:00+00:00,1.5974553
2026-08-05 11:00:00+00:00,0.7818661000000002
2026-08-05 12:00:00+00:00,0.5391716000000013
2026-08-05 13:00:00+00:00,0.9301335999999996
2026-08-05 14:00:00+00:00,1.4716461999999986
2026-08-05 15:00:00+00:00,2.219433800000001
2026-08-05 16:00:00+00:00,3.2126396
2026-08-05 17:00:00+00:00,4.3891775
2026-08-05 18:00:00+00:00,5.4438949
2026-08-05 19:00:00+00:00,5.420157500000001
2026-08-05 20:00:00+00:00,5.198023300000001
2026-08-05 21:00:00+00:00,5.176388
2026-08-05 22:00:00+00:00,5.132396000000001
2026-08-05 23:00:00+00:00,5.371324100000001
2026-08-06 00:00:00+00:00,5.6869969000000005
2026-08-06 01:00:00+00:00,6.0275736
2026-08-06 02:00:00+00:00,6.6569019
2026-08-06 03:00:00+00:00,7.360593600000001
2026-08-06 04:00:00+00:00,7.981164700000001
2026-08-06 05:00:00+00:00,7.978281899999999
2026-08-06 06:00:00+00:00,7.197338800000001
2026-08-06 07:00:00+00:00,6.0409755
2026-08-06 08:00:00+00:00,4.7335079
2026-08-06 09:00:00+00:00,3.7087354999999995
2026-08-06 10:00:00+00:00,2.7811500999999996
2026-08-06 11:00:00+00:00,2.289087900000002
2026-08-06 12:00:00+00:00,2.2290101999999994
2026-08-06 13:00:00+00:00,2.735664699999999
2026-08-06 14:00:00+00:00,3.607578
2026-08-06 15:00:00+00:00,4.6908433
2026-08-06 16:00:00+00:00,5.8078617999999995
2026-08-06 17:00:00+00:00,7.037661
2026-08-06 18:00:00+00:00,8.011068
2026-08-06 19:00:00+00:00,8.080770399999999
2026-08-06 20:00:00+00:00,7.6727415
2026-08-06 21:00:00+00:00,7.386442300000001
2026-08-06 22:00:00+00:00,7.2524855
2026-08-06 23:00:00+00:00,7.196199
2026-08-07 00:00:00+00:00,7.216208600000001
2026-08-07 01:00:00+00:00,7.409876799999999
2026-08-07 02:00:00+00:00,7.957613500000001
2026-08-07 03:00:00+00:00,8.6157827
2026-08-07 04:00:00+00:00,9.135870400000002
2026-08-07 05:00:00+00:00,8.9500969
2026-08-07 06:00:00+00:00,7.922227100000001
2026-08-07 07:00:00+00:00,6.6173763
2026-08-07 08:00:00+00:00,5.079694900000001
2026-08-07 09:00:00+00:00,3.9626974000000006
2026-08-07 10:00:00+00:00,3.235149400000001
2026-08-07 11:00:00+00:00,3.0451385999999996
2026-08-07 12:00:00+00:00,3.0374795
2026-08-07 13:00:00+00:00,3.4585486999999997
2026-08-07 14:00:00+00:00,3.9482353999999997
2026-08-07 15:00:00+00:00,4.8768424
2026-08-07 16:00:00+00:00,5.9657207
2026-08-07 17:00:00+00:00,7.091781599999999
2026-08-07 18:00:00+00:00,8.0257108
2026-08-07 19:00:00+00:00,8.0152233
2026-08-07 20:00:00+00:00,7.3997907000000005
2026-08-07 21:00:00+00:00,7.0029298
2026-08-07 22:00:00+00:00,6.6943187
2026-08-07 23:00:00+00:00,6.5663757
2026-08-08 00:00:00+00:00,6.4682764
2026-08-08 01:00:00+00:00,6.3477063
2026-08-08 02:00:00+00:00,6.5190981
2026-08-08 03:00:00+00:00,6.889821599999999
2026-08-08 04:00:00+00:00,7.158908500000001
2026-08-08 05:00:00+00:00,6.9845252
2026-08-08 06:00:00+00:00,6.0572342
2026-08-08 07:00:00+00:00,4.800568
2026-08-08 08:00:00+00:00,3.4390251000000003
2026-08-08 09:00:00+00:00,2.005131900000001
2026-08-08 10:00:00+00:00,0.8249925000000005
2026-08-08 11:00:00+00:00,0.2813907000000011
2026-08-08 12:00:00+00:00,0.16383979999999987
2026-08-08 13:00:00+00:00,0.8405237000000012
2026-08-08 14:00:00+00:00,1.959029300000001
2026-08-08 15:00:00+00:00,3.4011845000000003
2026-08-08 16:00:00+00:00,4.920548800000001
2026-08-08 17:00:00+00:00,6.351285600000001
2026-08-08 18:00:00+00:00,7.337399899999999
2026-08-08 19:00:00+00:00,7.3393409
2026-08-08 20:00:00+00:00,6.784456199999999
2026-08-08 21:00:00+00:00,6.4683418
2026-08-08 22:00:00+00:00,6.1408159
2026-08-08 23:00:00+00:00,6.0277159000000005
2026-08-09 00:00:00+00:00,6.058477
2026-08-09 01:00:00+00:00,6.2145401
2026-08-09 02:00:00+00:00,6.347533799999999
2026-08-09 03:00:00+00:00,6.609452500000001
2026-08-09 04:00:00+00:00,6.816751
2026-08-09 05:00:00+00:00,6.682624
2026-08-09 06:00:00+00:00,5.9571098000000005
2026-08-09 07:00:00+00:00,5.0017019
2026-08-09 08:00:00+00:00,3.826024000000001
2026-08-09 09:00:00+00:00,2.6863590999999998
2026-08-09 10:00:00+00:00,1.8794866
2026-08-09 11:00:00+00:00,1.4439077999999999
2026-08-09 12:00:00+00:00,1.4084616000000008
2026-08-09 13:00:00+00:00,1.9363694000000002
2026-08-09 14:00:00+00:00,2.7702312000000004
2026-08-09 15:00:00+00:00,3.964514800000001
2026-08-09 16:00:00+00:00,5.3828624000000005
2026-08-09 17:00:00+00:00,6.757096600000001
2026-08-09 18:00:00+00:00,7.5575108
2026-08-09 19:00:00+00:00,7.3821482
2026-08-09 20:00:00+00:00,6.8322997999999995
2026-08-09 21:00:00+00:00,6.3481062
2026-08-09 22:00:00+00:00,5.8100274
2026-08-09 23:00:00+00:00,5.5739437999999994
2026-08-10 00:00:00+00:00,5.487523299999999
2026-08-10 01:00:00+00:00,5.79924
2026-08-10 02:00:00+00:00,6.4423808000000005
2026-08-10 03:00:00+00:00,7.1635171
2026-08-10 04:00:00+00:00,7.8581121
2026-08-10 05:00:00+00:00,7.913346700000001
2026-08-10 06:00:00+00:00,7.010476299999999
2026-08-10 07:00:00+00:00,5.8361538
2026-08-10 08:00:00+00:00,4.4757776
2026-08-10 09:00:00+00:00,3.395569900000001
2026-08-10 10:00:00+00:00,2.5192184000000006
2026-08-10 11:00:00+00:00,1.9686423999999985
2026-08-10 12:00:00+00:00,1.8279237000000021
2026-08-10 13:00:00+00:00,2.4975346
2026-08-10 14:00:00+00:00,3.4592310999999984
2026-08-10 15:00:00+00:00,4.681915700000001
2026-08-10 16:00:00+00:00,5.8755927
2026-08-10 17:00:00+00:00,7.0320914000000005
2026-08-10 18:00:00+00:00,7.7792803
2026-08-10 19:00:00+00:00,7.6206516
2026-08-10 20:00:00+00:00,7.1320746
2026-08-10 21:00:00+00:00,6.8426933000000005
2026-08-10 22:00:00+00:00,6.5575627999999995
2026-08-10 23:00:00+00:00,6.5481589
2026-08-11 00:00:00+00:00,6.6187488
2026-08-11 01:00:00+00:00,6.772508500000001
2026-08-11 02:00:00+00:00,7.2141725
2026-08-11 03:00:00+00:00,7.8644402000000015
2026-08-11 04:00:00+00:00,8.3327806
2026-08-11 05:00:00+00:00,8.048309
2026-08-11 06:00:00+00:00,6.9738058
2026-08-11 07:00:00+00:00,5.674446500000001
2026-08-11 08:00:00+00:00,4.298779
2026-08-11 09:00:00+00:00,2.9789197000000005
2026-08-11 10:00:00+00:00,2.0019837000000003
2026-08-11 11:00:00+00:00,1.3065252000000012
2026-08-11 12:00:00+00:00,1.0418860000000016
2026-08-11 13:00:00+00:00,1.4886908000000005
2026-08-11 14:00:00+00:00,2.4117565999999995
2026-08-11 15:00:00+00:00,3.528794200000001
2026-08-11 16:00:00+00:00,4.891572100000001
2026-08-11 17:00:00+00:00,6.114666
2026-08-11 18:00:00+00:00,6.976683000000001
2026-08-11 19:00:00+00:00,6.7444451
2026-08-11 20:00:00+00:00,6.1901335
2026-08-11 21:00:00+00:00,5.8248356
2026-08-11 22:00:00+00:00,5.622549000000001
2026-08-11 23:00:00+00:00,5.5726869
2026-08-12 00:00:00+00:00,5.5982115
2026-08-12 01:00:00+00:00,5.7630132
2026-08-12 02:00:00+00:00,6.282312300000001
2026-08-12 03:00:00+00:00,7.0121511000000005
2026-08-12 04:00:00+00:00,7.6338232
2026-08-12 05:00:00+00:00,7.606754199999999
2026-08-12 06:00:00+00:00,6.725884300000001
2026-08-12 07:00:00+00:00,5.4313422
2026-08-12 08:00:00+00:00,4.0424629
2026-08-12 09:00:00+00:00,2.8757709999999994
2026-08-12 10:00:00+00:00,1.8396366000000022
2026-08-12 11:00:00+00:00,1.2948549000000007
2026-08-12 12:00:00+00:00,1.2976431999999996
2026-08-12 13:00:00+00:00,1.9723160000000002
2026-08-12 14:00:00+00:00,3.007899
2026-08-12 15:00:00+00:00,4.2777458
2026-08-12 16:00:00+00:00,5.680436500000001
2026-08-12 17:00:00+00:00,7.216993400000002
2026-08-12 18:00:00+00:00,8.014661499999999
2026-08-12 19:00:00+00:00,7.4319318999999995
2026-08-12 20:00:00+00:00,6.8521506
2026-08-12 21:00:00+00:00,6.4598399
2026-08-12 22:00:00+00:00,6.2051713
2026-08-12 23:00:00+00:00,6.2886478
2026-08-13 00:00:00+00:00,6.4753256
2026-08-13 01:00:00+00:00,6.899823399999999
2026-08-13 02:00:00+00:00,7.565275499999999
2026-08-13 03:00:00+00:00,8.265694700000001
2026-08-13 04:00:00+00:00,8.905041100000002
2026-08-13 05:00:00+00:00,8.9087417
2026-08-13 06:00:00+00:00,8.026145800000002
2026-08-13 07:00:00+00:00,6.733024800000001
2026-08-13 08:00:00+00:00,5.218389300000001
2026-08-13 09:00:00+00:00,3.8083920000000004
2026-08-13 10:00:00+00:00,2.5566740999999995
2026-08-13 11:00:00+00:00,1.9940062999999997
2026-08-13 12:00:00+00:00,1.9917103999999997
2026-08-13 13:00:00+00:00,2.5659409999999996
2026-08-13 14:00:00+00:00,3.6490358
2026-08-13 15:00:00+00:00,5.062396600000001
2026-08-13 16:00:00+00:00,6.473814599999999
2026-08-13 17:00:00+00:00,7.8673939
2026-08-13 18:00:00+00:00,8.7637401
2026-08-13 19:00:00+00:00,8.5604987
2026-08-13 20:00:00+00:00,7.9727168
2026-08-13 21:00:00+00:00,7.580610200000001
2026-08-13 22:00:00+00:00,7.2389902
2026-08-13 23:00:00+00:00,7.251503099999999
2026-08-14 00:00:00+00:00,7.413312
2026-08-14 01:00:00+00:00,7.677468800000001
2026-08-14 02:00:00+00:00,8.2909243
2026-08-14 03:00:00+00:00,8.9743086
2026-08-14 04:00:00+00:00,9.5390747
2026-08-14 05:00:00+00:00,9.4486442
2026-08-14 06:00:00+00:00,8.4288015
2026-08-14 07:00:00+00:00,6.8443161
2026-08-14 08:00:00+00:00,5.217046999999999
2026-08-14 09:00:00+00:00,3.863703100000002
2026-08-14 10:00:00+00:00,2.879914500000001
2026-08-14 11:00:00+00:00,2.535736400000001
2026-08-14 12:00:00+00:00,2.496287400000001
2026-08-14 13:00:00+00:00,2.959630800000001
2026-08-14 14:00:00+00:00,3.7857929000000006
2026-08-14 15:00:00+00:00,5.0547437
2026-08-14 16:00:00+00:00,6.433725299999999
2026-08-14 17:00:00+00:00,7.585557499999999
2026-08-14 18:00:00+00:00,8.3878146
2026-08-14 19:00:00+00:00,8.300981499999999
2026-08-14 20:00:00+00:00,7.7123628
2026-08-14 21:00:00+00:00,7.3655751
2026-08-14 22:00:00+00:00,6.9546266
2026-08-14 23:00:00+00:00,6.8285919999999996
2026-08-15 00:00:00+00:00,6.7996872999999995
2026-08-15 01:00:00+00:00,6.889401400000001
2026-08-15 02:00:00+00:00,6.980112600000001
2026-08-15 03:00:00+00:00,7.1052824999999995
2026-08-15 04:00:00+00:00,7.381713100000001
2026-08-15 05:00:00+00:00,7.323951800000001
2026-08-15 06:00:00+00:00,6.5059038
2026-08-15 07:00:00+00:00,5.394245399999999
2026-08-15 08:00:00+00:00,4.2044862
2026-08-15 09:00:00+00:00,2.9925904
2026-08-15 10:00:00+00:00,2.019293199999999
2026-08-15 11:00:00+00:00,1.446028
2026-08-15 12:00:00+00:00,1.2960349000000004
2026-08-15 13:00:00+00:00,1.849499100000001
2026-08-15 14:00:00+00:00,2.950337
2026-08-15 15:00:00+00:00,3.9963473
2026-08-15 16:00:00+00:00,5.1285961
2026-08-15 17:00:00+00:00,6.4508005
2026-08-15 18:00:00+00:00,6.9193403
2026-08-15 19:00:00+00:00,6.755763
2026-08-15 20:00:00+00:00,6.4583416
2026-08-15 21:00:00+00:00,6.2586939
2026-08-15 22:00:00+00:00,5.7704619
2026-08-15 23:00:00+00:00,5.7819297
2026-08-16 00:00:00+00:00,5.912783500000001
2026-08-16 01:00:00+00:00,6.0526789
2026-08-16 02:00:00+00:00,6.285687599999999
2026-08-16 03:00:00+00:00,6.595420400000001
2026-08-16 04:00:00+00:00,6.967935300000001
2026-08-16 05:00:00+00:00,7.078634500000001
2026-08-16 06:00:00+00:00,6.577698
2026-08-16 07:00:00+00:00,5.6961894000000015
2026-08-16 08:00:00+00:00,4.640129600000001
2026-08-16 09:00:00+00:00,3.9087430000000003
2026-08-16 10:00:00+00:00,3.412116600000002
2026-08-16 11:00:00+00:00,3.179308999999999
2026-08-16 12:00:00+00:00,3.0154749
2026-08-16 13:00:00+00:00,3.2286018
2026-08-16 14:00:00+00:00,3.792652900000002
2026-08-16 15:00:00+00:00,4.6182964
2026-08-16 16:00:00+00:00,5.745558600000001
2026-08-16 17:00:00+00:00,7.0944366
2026-08-16 18:00:00+00:00,7.642469800000001
2026-08-16 19:00:00+00:00,7.463040600000001
2026-08-16 20:00:00+00:00,7.2291095
2026-08-16 21:00:00+00:00,7.0412520999999995
2026-08-16 22:00:00+00:00,7.3334133
2026-08-16 23:00:00+00:00,7.2890908
2026-08-17 00:00:00+00:00,7.2958795
2026-08-17 01:00:00+00:00,7.5172475
2026-08-17 02:00:00+00:00,8.062674
2026-08-17 03:00:00+00:00,8.6998148
2026-08-17 04:00:00+00:00,9.3768984
2026-08-17 05:00:00+00:00,9.7730733
2026-08-17 06:00:00+00:00,9.3833201
2026-08-17 07:00:00+00:00,8.8274609
2026-08-17 08:00:00+00:00,8.062099400000001
2026-08-17 09:00:00+00:00,7.444655000000001
2026-08-17 10:00:00+00:00,6.7659606
2026-08-17 11:00:00+00:00,6.075418100000001
2026-08-17 12:00:00+00:00,5.537289400000001
2026-08-17 13:00:00+00:00,5.5300741
2026-08-17 14:00:00+00:00,5.904164999999999
2026-08-17 15:00:00+00:00,6.627223600000001
2026-08-17 16:00:00+00:00,7.4213863
2026-08-17 17:00:00+00:00,8.339904599999999
2026-08-17 18:00:00+00:00,8.8509719
2026-08-17 19:00:00+00:00,8.6151754
2026-08-17 20:00:00+00:00,8.1340673
2026-08-17 21:00:00+00:00,7.768131100000001
2026-08-17 22:00:00+00:00,7.4807029
2026-08-17 23:00:00+00:00,7.2323997
2026-08-18 00:00:00+00:00,7.1247643
2026-08-18 01:00:00+00:00,7.1153693
2026-08-18 02:00:00+00:00,7.411331599999999
2026-08-18 03:00:00+00:00,7.839706900000001
2026-08-18 04:00:00+00:00,8.154929500000001
2026-08-18 05:00:00+00:00,8.152552199999999
2026-08-18 06:00:00+00:00,7.781543300000001
2026-08-18 07:00:00+00:00,7.446844
2026-08-18 08:00:00+00:00,6.986124
2026-08-18 09:00:00+00:00,6.3866062
2026-08-18 10:00:00+00:00,5.910192100000001
2026-08-18 11:00:00+00:00,5.6629998000000015
2026-08-18 12:00:00+00:00,5.719474700000001
2026-08-18 13:00:00+00:00,5.941460299999999
2026-08-18 14:00:00+00:00,6.1726723
2026-08-18 15:00:00+00:00,6.3926838
2026-08-18 16:00:00+00:00,6.8089200000000005
2026-08-18 17:00:00+00:00,7.177049600000001
2026-08-18 18:00:00+00:00,7.5100026
2026-08-18 19:00:00+00:00,7.181691799999999
2026-08-18 20:00:00+00:00,6.760553999999999
2026-08-18 21:00:00+00:00,6.4864464
2026-08-18 22:00:00+00:00,6.7378975
2026-08-18 23:00:00+00:00,6.6985749
2026-08-19 00:00:00+00:00,6.7784905
2026-08-19 01:00:00+00:00,6.9492258
2026-08-19 02:00:00+00:00,7.505345500000001
2026-08-19 03:00:00+00:00,8.1559281
2026-08-19 04:00:00+00:00,8.6705456
2026-08-19 05:00:00+00:00,8.8636412
2026-08-19 06:00:00+00:00,8.684666700000001
2026-08-19 07:00:00+00:00,8.245076999999998
2026-08-19 08:00:00+00:00,7.7620878
2026-08-19 09:00:00+00:00,7.383292299999999
2026-08-19 10:00:00+00:00,6.8692508
2026-08-19 11:00:00+00:00,6.433159
2026-08-19 12:00:00+00:00,6.1955025
2026-08-19 13:00:00+00:00,6.3983243000000005
2026-08-19 14:00:00+00:00,6.732322300000002
2026-08-19 15:00:00+00:00,6.9899734
2026-08-19 16:00:00+00:00,7.392027800000001
2026-08-19 17:00:00+00:00,7.840029899999999
2026-08-19 18:00:00+00:00,8.150397100000001
2026-08-19 19:00:00+00:00,7.702294200000001
2026-08-19 20:00:00+00:00,7.2699211
2026-08-19 21:00:00+00:00,6.900907299999999
2026-08-19 22:00:00+00:00,6.6659478
2026-08-19 23:00:00+00:00,6.4622964
2026-08-20 00:00:00+00:00,6.3240685999999995
2026-08-20 01:00:00+00:00,6.413282000000001
2026-08-20 02:00:00+00:00,6.8638677
2026-08-20 03:00:00+00:00,7.383432999999999
2026-08-20 04:00:00+00:00,7.9274583
2026-08-20 05:00:00+00:00,8.0700772
2026-08-20 06:00:00+00:00,7.366210000000001
2026-08-20 07:00:00+00:00,6.210268100000001
2026-08-20 08:00:00+00:00,4.946129000000001
2026-08-20 09:00:00+00:00,4.099198100000001
2026-08-20 10:00:00+00:00,3.2654489999999994
2026-08-20 11:00:00+00:00,2.7841092000000014
2026-08-20 12:00:00+00:00,2.7631324999999993
2026-08-20 13:00:00+00:00,3.034127100000001
2026-08-20 14:00:00+00:00,3.5298572000000004
2026-08-20 15:00:00+00:00,4.2627185
2026-08-20 16:00:00+00:00,5.2202897
2026-08-20 17:00:00+00:00,6.4386783
2026-08-20 18:00:00+00:00,7.3042590999999994
2026-08-20 19:00:00+00:00,7.286657299999999
2026-08-20 20:00:00+00:00,6.9205554000000005
2026-08-20 21:00:00+00:00,6.668900900000001
2026-08-20 22:00:00+00:00,6.7043507
2026-08-20 23:00:00+00:00,6.684397
2026-08-21 00:00:00+00:00,6.787136800000001
2026-08-21 01:00:00+00:00,7.0655082
2026-08-21 02:00:00+00:00,7.697969199999998
2026-08-21 03:00:00+00:00,8.452026100000001
2026-08-21 04:00:00+00:00,9.108061800000002
2026-08-21 05:00:00+00:00,9.2968472
2026-08-21 06:00:00+00:00,8.745453000000001
2026-08-21 07:00:00+00:00,7.998165099999998
2026-08-21 08:00:00+00:00,7.182705800000001
2026-08-21 09:00:00+00:00,6.743895200000001
2026-08-21 10:00:00+00:00,6.175500499999999
2026-08-21 11:00:00+00:00,5.868885799999999
2026-08-21 12:00:00+00:00,5.603027100000001
2026-08-21 13:00:00+00:00,5.766343200000001
2026-08-21 14:00:00+00:00,6.168803500000001
2026-08-21 15:00:00+00:00,6.9008216
2026-08-21 16:00:00+00:00,7.580373000000001
2026-08-21 17:00:00+00:00,8.2116003
2026-08-21 18:00:00+00:00,8.5932769
2026-08-21 19:00:00+00:00,8.3009944
2026-08-21 20:00:00+00:00,7.696177500000001
2026-08-21 21:00:00+00:00,7.392078499999999
2026-08-21 22:00:00+00:00,7.2075999
2026-08-21 23:00:00+00:00,6.981251
2026-08-22 00:00:00+00:00,6.7817004999999995
2026-08-22 01:00:00+00:00,6.5736754
2026-08-22 02:00:00+00:00,6.6453166
2026-08-22 03:00:00+00:00,6.9153639
2026-08-22 04:00:00+00:00,7.247452599999999
2026-08-22 05:00:00+00:00,7.411008600000001
2026-08-22 06:00:00+00:00,6.921100200000001
2026-08-22 07:00:00+00:00,6.210436099999999
2026-08-22 08:00:00+00:00,5.426197500000001
2026-08-22 09:00:00+00:00,4.546186599999999
2026-08-22 10:00:00+00:00,3.6643264999999996
2026-08-22 11:00:00+00:00,3.1799485999999995
2026-08-22 12:00:00+00:00,2.8233740000000003
2026-08-22 13:00:00+00:00,2.9155961999999995
2026-08-22 14:00:00+00:00,3.484491000000001
2026-08-22 15:00:00+00:00,4.424968200000001
2026-08-22 16:00:00+00:00,5.6616808
2026-08-22 17:00:00+00:00,6.869853300000001
2026-08-22 18:00:00+00:00,7.576528999999999
2026-08-22 19:00:00+00:00,7.4878282
2026-08-22 20:00:00+00:00,7.0605664
2026-08-22 21:00:00+00:00,6.9089735
2026-08-22 22:00:00+00:00,6.8895082
2026-08-22 23:00:00+00:00,6.8292973
2026-08-23 00:00:00+00:00,6.8079312
2026-08-23 01:00:00+00:00,6.7923753
2026-08-23 02:00:00+00:00,6.9217778999999995
2026-08-23 03:00:00+00:00,7.1177721
2026-08-23 04:00:00+00:00,7.454345
2026-08-23 05:00:00+00:00,7.637511399999999
2026-08-23 06:00:00+00:00,7.0602208000000015
2026-08-23 07:00:00+00:00,6.1851348
2026-08-23 08:00:00+00:00,5.1949415000000005
2026-08-23 09:00:00+00:00,4.304031500000001
2026-08-23 10:00:00+00:00,3.6183122999999986
2026-08-23 11:00:00+00:00,3.2542508999999997
2026-08-23 12:00:00+00:00,3.2311817000000005
2026-08-23 13:00:00+00:00,3.5312124999999996
2026-08-23 14:00:00+00:00,4.098127500000001
2026-08-23 15:00:00+00:00,5.095203900000001
2026-08-23 16:00:00+00:00,6.4064089
2026-08-23 17:00:00+00:00,7.6179252
2026-08-23 18:00:00+00:00,8.173882800000001
2026-08-23 19:00:00+00:00,7.812465800000001
2026-08-23 20:00:00+00:00,7.4841066
2026-08-23 21:00:00+00:00,7.1672479000000004
2026-08-23 22:00:00+00:00,6.7151521999999995
2026-08-23 23:00:00+00:00,6.6258791
2026-08-24 00:00:00+00:00,6.6403099
2026-08-24 01:00:00+00:00,6.8893583
2026-08-24 02:00:00+00:00,7.494801800000001
2026-08-24 03:00:00+00:00,8.215458400000001
2026-08-24 04:00:00+00:00,8.9589225
2026-08-24 05:00:00+00:00,9.0946506
2026-08-24 06:00:00+00:00,7.984742799999999
2026-08-24 07:00:00+00:00,6.665541900000001
2026-08-24 08:00:00+00:00,5.150523700000001
2026-08-24 09:00:00+00:00,3.9249681
2026-08-24 10:00:00+00:00,2.906834400000001
2026-08-24 11:00:00+00:00,2.0572873000000005
2026-08-24 12:00:00+00:00,1.5808926000000003
2026-08-24 13:00:00+00:00,1.9768980999999997
2026-08-24 14:00:00+00:00,2.9700488000000007
2026-08-24 15:00:00+00:00,4.138663399999999
2026-08-24 16:00:00+00:00,5.254373699999999
2026-08-24 17:00:00+00:00,6.280641
2026-08-24 18:00:00+00:00,6.529999999999999
2026-08-24 19:00:00+00:00,5.900664999999999
2026-08-24 20:00:00+00:00,5.3402434
2026-08-24 21:00:00+00:00,5.028485400000001
2026-08-24 22:00:00+00:00,4.762941700000001
2026-08-24 23:00:00+00:00,4.6847753
2026-08-25 00:00:00+00:00,4.8885608000000005
2026-08-25 01:00:00+00:00,5.0699325
2026-08-25 02:00:00+00:00,5.754886300000001
2026-08-25 03:00:00+00:00,6.682576600000001
2026-08-25 04:00:00+00:00,7.530189699999999
2026-08-25 05:00:00+00:00,7.9340608999999995
2026-08-25 06:00:00+00:00,7.8007314
2026-08-25 07:00:00+00:00,7.560180300000002
2026-08-25 08:00:00+00:00,7.186206799999999
2026-08-25 09:00:00+00:00,6.7687852
2026-08-25 10:00:00+00:00,6.5720261
2026-08-25 11:00:00+00:00,6.402661400000001
2026-08-25 12:00:00+00:00,6.3288294
2026-08-25 13:00:00+00:00,6.562120800000001
2026-08-25 14:00:00+00:00,6.918416199999999
2026-08-25 15:00:00+00:00,7.239021
2026-08-25 16:00:00+00:00,7.7432894
2026-08-25 17:00:00+00:00,8.3092776
2026-08-25 18:00:00+00:00,8.6760863
2026-08-25 19:00:00+00:00,8.2216606
2026-08-25 20:00:00+00:00,7.6629727999999995
2026-08-25 21:00:00+00:00,7.296357
2026-08-25 22:00:00+00:00,6.7964233
2026-08-25 23:00:00+00:00,6.774354
2026-08-26 00:00:00+00:00,6.8443035
2026-08-26 01:00:00+00:00,7.0361202
2026-08-26 02:00:00+00:00,7.646078699999999
2026-08-26 03:00:00+00:00,8.4745347
2026-08-26 04:00:00+00:00,9.233064299999999
2026-08-26 05:00:00+00:00,9.5477129
2026-08-26 06:00:00+00:00,9.1548089
2026-08-26 07:00:00+00:00,8.1174429
2026-08-26 08:00:00+00:00,6.841732500000001
2026-08-26 09:00:00+00:00,5.730120500000001
2026-08-26 10:00:00+00:00,4.699619300000001
2026-08-26 11:00:00+00:00,4.211382900000001
2026-08-26 12:00:00+00:00,4.2712641
2026-08-26 13:00:00+00:00,4.808152100000001
2026-08-26 14:00:00+00:00,5.609594199999999
2026-08-26 15:00:00+00:00,6.5620046
2026-08-26 16:00:00+00:00,7.62438
2026-08-26 17:00:00+00:00,8.4902949
2026-08-26 18:00:00+00:00,8.8826913
2026-08-26 19:00:00+00:00,8.207594499999999
2026-08-26 20:00:00+00:00,7.596055399999999
2026-08-26 21:00:00+00:00,7.1231336
2026-08-26 22:00:00+00:00,6.7290893
2026-08-26 23:00:00+00:00,6.5723919
2026-08-27 00:00:00+00:00,6.4866625
2026-08-27 01:00:00+00:00,6.641605900000001
2026-08-27 02:00:00+00:00,7.2546512000000005
2026-08-27 03:00:00+00:00,8.036790799999999
2026-08-27 04:00:00+00:00,8.8573615
2026-08-27 05:00:00+00:00,9.3637914
2026-08-27 06:00:00+00:00,9.0860224
2026-08-27 07:00:00+00:00,8.470999
2026-08-27 08:00:00+00:00,7.1943258
2026-08-27 09:00:00+00:00,5.828357700000001
2026-08-27 10:00:00+00:00,4.516026599999999
2026-08-27 11:00:00+00:00,4.1132245
2026-08-27 12:00:00+00:00,4.322973900000001
2026-08-27 13:00:00+00:00,5.0141796
2026-08-27 14:00:00+00:00,6.128278499999999
2026-08-27 15:00:00+00:00,7.2126251
2026-08-27 16:00:00+00:00,8.039706299999999
2026-08-27 17:00:00+00:00,8.6442622
2026-08-27 18:00:00+00:00,8.757190099999999
2026-08-27 19:00:00+00:00,8.3183366
2026-08-27 20:00:00+00:00,7.8411986
2026-08-27 21:00:00+00:00,7.4488777000000015
2026-08-27 22:00:00+00:00,7.4413521000000005
2026-08-27 23:00:00+00:00,7.2271507
2026-08-28 00:00:00+00:00,7.165123599999999
2026-08-28 01:00:00+00:00,7.2771448
2026-08-28 02:00:00+00:00,7.8116782
2026-08-28 03:00:00+00:00,8.545722300000001
2026-08-28 04:00:00+00:00,9.2284342
2026-08-28 05:00:00+00:00,9.4949359
2026-08-28 06:00:00+00:00,8.9323656
2026-08-28 07:00:00+00:00,8.1156433
2026-08-28 08:00:00+00:00,7.172549199999999
2026-08-28 09:00:00+00:00,6.4331218
2026-08-28 10:00:00+00:00,5.494215800000001
2026-08-28 11:00:00+00:00,4.6505837
2026-08-28 12:00:00+00:00,3.830267900000001
2026-08-28 13:00:00+00:00,3.5720807999999984
2026-08-28 14:00:00+00:00,3.6903676
2026-08-28 15:00:00+00:00,4.197328
2026-08-28 16:00:00+00:00,4.875813400000001
2026-08-28 17:00:00+00:00,5.686196300000001
2026-08-28 18:00:00+00:00,6.180315200000001
2026-08-28 19:00:00+00:00,5.8126885
2026-08-28 20:00:00+00:00,5.100661199999999
2026-08-28 21:00:00+00:00,4.6133057
2026-08-28 22:00:00+00:00,3.8119852000000005
2026-08-28 23:00:00+00:00,3.6135174
2026-08-29 00:00:00+00:00,3.610500800000001
2026-08-29 01:00:00+00:00,3.7698611
2026-08-29 02:00:00+00:00,4.029016500000001
2026-08-29 03:00:00+00:00,4.283947100000001
2026-08-29 04:00:00+00:00,4.760088700000001
2026-08-29 05:00:00+00:00,5.2611972
2026-08-29 06:00:00+00:00,5.030792399999999
2026-08-29 07:00:00+00:00,3.7909721000000003
2026-08-29 08:00:00+00:00,3.0681376
2026-08-29 09:00:00+00:00,2.585958400000001
2026-08-29 10:00:00+00:00,2.271700899999999
2026-08-29 11:00:00+00:00,2.6924694000000002
2026-08-29 12:00:00+00:00,3.0313479
2026-08-29 13:00:00+00:00,3.3759902000000013
2026-08-29 14:00:00+00:00,3.682480700000001
2026-08-29 15:00:00+00:00,3.8811987000000006
2026-08-29 16:00:00+00:00,4.037567899999999
2026-08-29 17:00:00+00:00,4.4159786
2026-08-29 18:00:00+00:00,4.3454417
2026-08-29 19:00:00+00:00,3.9224761999999993
2026-08-29 20:00:00+00:00,3.4223046000000004
2026-08-29 21:00:00+00:00,3.1831795000000005
2026-08-29 22:00:00+00:00,2.5162690000000003
2026-08-29 23:00:00+00:00,2.3918153999999996
2026-08-30 00:00:00+00:00,2.399636
2026-08-30 01:00:00+00:00,2.5156123
2026-08-30 02:00:00+00:00,2.6891532
2026-08-30 03:00:00+00:00,3.0698456000000007
2026-08-30 04:00:00+00:00,3.7312769
2026-08-30 05:00:00+00:00,4.4664522
2026-08-30 06:00:00+00:00,4.4465096
2026-08-30 07:00:00+00:00,3.7871451
2026-08-30 08:00:00+00:00,3.2461179000000007
2026-08-30 09:00:00+00:00,2.678092900000001
2026-08-30 10:00:00+00:00,1.910546000000001
2026-08-30 11:00:00+00:00,1.767807900000001
2026-08-30 12:00:00+00:00,1.8965162000000007
2026-08-30 13:00:00+00:00,2.273761499999999
2026-08-30 14:00:00+00:00,3.2392493999999994
2026-08-30 15:00:00+00:00,4.285200900000001
2026-08-30 16:00:00+00:00,5.301115200000001
2026-08-30 17:00:00+00:00,6.2930296
2026-08-30 18:00:00+00:00,6.3782476
2026-08-30 19:00:00+00:00,5.9133283
2026-08-30 20:00:00+00:00,5.325348700000001
2026-08-30 21:00:00+00:00,4.8918634
2026-08-30 22:00:00+00:00,4.8408331
2026-08-30 23:00:00+00:00,4.417833400000001
2026-08-31 00:00:00+00:00,4.0611698
2026-08-31 01:00:00+00:00,4.1636318
2026-08-31 02:00:00+00:00,4.4829376
2026-08-31 03:00:00+00:00,4.9581582
2026-08-31 04:00:00+00:00,5.728028200000001
2026-08-31 05:00:00+00:00,5.9936584
2026-08-31 06:00:00+00:00,5.453803700000002
2026-08-31 07:00:00+00:00,4.3881437
2026-08-31 08:00:00+00:00,3.1378435
2026-08-31 09:00:00+00:00,2.333619800000001
2026-08-31 10:00:00+00:00,1.7971132000000019
2026-08-31 11:00:00+00:00,1.3032521000000017
2026-08-31 12:00:00+00:00,0.9555503999999999
2026-08-31 13:00:00+00:00,1.4680452000000024
2026-08-31 14:00:00+00:00,2.313004300000001
2026-08-31 15:00:00+00:00,3.2955244000000015
2026-08-31 16:00:00+00:00,4.627451199999999
2026-08-31 17:00:00+00:00,5.912173800000001
2026-08-31 18:00:00+00:00,6.442675200000001
2026-08-31 19:00:00+00:00,6.185885299999999
2026-08-31 20:00:00+00:00,5.928101900000001
2026-08-31 21:00:00+00:00,5.8431920999999996
2026-08-31 22:00:00+00:00,5.8351895
2026-08-31 23:00:00+00:00,5.9066708
2026-09-01 00:00:00+00:00,6.0287561
2026-09-01 01:00:00+00:00,6.5476339
2026-09-01 02:00:00+00:00,7.340678800000001
2026-09-01 03:00:00+00:00,8.1579277
2026-09-01 04:00:00+00:00,8.88257
2026-09-01 05:00:00+00:00,9.0591173
2026-09-01 06:00:00+00:00,8.4787425
2026-09-01 07:00:00+00:00,7.521923699999999
2026-09-01 08:00:00+00:00,6.4987694
2026-09-01 09:00:00+00:00,5.674332900000001
2026-09-01 10:00:00+00:00,4.869932300000001
2026-09-01 11:00:00+00:00,4.391005799999999
2026-09-01 12:00:00+00:00,4.3132584000000005
2026-09-01 13:00:00+00:00,4.997943100000001
2026-09-01 14:00:00+00:00,5.629513200000001
2026-09-01 15:00:00+00:00,6.4252842999999995
2026-09-01 16:00:00+00:00,7.191941299999998
2026-09-01 17:00:00+00:00,8.258007099999999
2026-09-01 18:00:00+00:00,8.523775100000002
2026-09-01 19:00:00+00:00,8.0379185
2026-09-01 20:00:00+00:00,7.424885
2026-09-01 21:00:00+00:00,6.9645891
2026-09-01 22:00:00+00:00,6.5550981
2026-09-01 23:00:00+00:00,6.5071821000000005
2026-09-02 00:00:00+00:00,6.5962184
2026-09-02 01:00:00+00:00,6.9640415
2026-09-02 02:00:00+00:00,7.598542000000001
2026-09-02 03:00:00+00:00,8.3862548
2026-09-02 04:00:00+00:00,8.924425800000002
2026-09-02 05:00:00+00:00,9.2297623
2026-09-02 06:00:00+00:00,8.9163809
2026-09-02 07:00:00+00:00,8.156932099999999
2026-09-02 08:00:00+00:00,7.2018624
2026-09-02 09:00:00+00:00,6.299491499999999
2026-09-02 10:00:00+00:00,5.534646699999999
2026-09-02 11:00:00+00:00,5.0038056
2026-09-02 12:00:00+00:00,4.924931
2026-09-02 13:00:00+00:00,5.322375800000001
2026-09-02 14:00:00+00:00,5.835087299999999
2026-09-02 15:00:00+00:00,6.2056933
2026-09-02 16:00:00+00:00,6.710080400000001
2026-09-02 17:00:00+00:00,7.446627200000001
2026-09-02 18:00:00+00:00,7.4867376
2026-09-02 19:00:00+00:00,6.852918800000001
2026-09-02 20:00:00+00:00,6.199037199999999
2026-09-02 21:00:00+00:00,5.732180400000001
2026-09-02 22:00:00+00:00,5.0595624
2026-09-02 23:00:00+00:00,4.7464838
2026-09-03 00:00:00+00:00,4.615443600000001
2026-09-03 01:00:00+00:00,4.870969400000001
2026-09-03 02:00:00+00:00,5.470865000000002
2026-09-03 03:00:00+00:00,6.125446200000001
2026-09-03 04:00:00+00:00,6.866655499999999
2026-09-03 05:00:00+00:00,6.9173673
2026-09-03 06:00:00+00:00,6.9012811
2026-09-03 07:00:00+00:00,7.1381099
2026-09-03 08:00:00+00:00,6.106185900000002
2026-09-03 09:00:00+00:00,5.558840600000002
2026-09-03 10:00:00+00:00,4.793711200000001
2026-09-03 11:00:00+00:00,3.9738854999999997
2026-09-03 12:00:00+00:00,3.3459916000000005
2026-09-03 13:00:00+00:00,3.5716064000000003
2026-09-03 14:00:00+00:00,4.1238156
2026-09-03 15:00:00+00:00,4.658199699999999
2026-09-03 16:00:00+00:00,5.5592324
2026-09-03 17:00:00+00:00,6.367528399999999
2026-09-03 18:00:00+00:00,6.133353499999999
2026-09-03 19:00:00+00:00,5.623119300000001
2026-09-03 20:00:00+00:00,4.967632
2026-09-03 21:00:00+00:00,4.6291906
2026-09-03 22:00:00+00:00,4.294632099999999
2026-09-03 23:00:00+00:00,4.2675225
2026-09-04 00:00:00+00:00,4.3667394
2026-09-04 01:00:00+00:00,4.6724366999999996
2026-09-04 02:00:00+00:00,5.1992899999999995
2026-09-04 03:00:00+00:00,5.790590100000001
2026-09-04 04:00:00+00:00,6.3521025
2026-09-04 05:00:00+00:00,6.689270600000001
2026-09-04 06:00:00+00:00,6.148704100000001
2026-09-04 07:00:00+00:00,5.4181414
2026-09-04 08:00:00+00:00,4.593343800000001
2026-09-04 09:00:00+00:00,3.6263097
2026-09-04 10:00:00+00:00,2.9757527999999986
2026-09-04 11:00:00+00:00,2.3957510000000006
2026-09-04 12:00:00+00:00,2.573971000000002
2026-09-04 13:00:00+00:00,3.1540438999999996
2026-09-04 14:00:00+00:00,4.0262615
2026-09-04 15:00:00+00:00,4.766449499999999
2026-09-04 16:00:00+00:00,5.5147664
2026-09-04 17:00:00+00:00,6.096301800000001
2026-09-04 18:00:00+00:00,6.0514868
2026-09-04 19:00:00+00:00,5.7671403
2026-09-04 20:00:00+00:00,5.7554637
2026-09-04 21:00:00+00:00,5.6645109
2026-09-04 22:00:00+00:00,5.476588400000001
2026-09-04 23:00:00+00:00,5.372988500000001
2026-09-05 00:00:00+00:00,5.3507286
2026-09-05 01:00:00+00:00,5.24896
2026-09-05 02:00:00+00:00,5.4734421
2026-09-05 03:00:00+00:00,5.766909699999999
2026-09-05 04:00:00+00:00,6.432885499999999
2026-09-05 05:00:00+00:00,6.6078850000000005
2026-09-05 06:00:00+00:00,6.0678573
2026-09-05 07:00:00+00:00,5.016787400000001
2026-09-05 08:00:00+00:00,3.520432200000001
2026-09-05 09:00:00+00:00,2.408158900000001
2026-09-05 10:00:00+00:00,1.6321143999999999
2026-09-05 11:00:00+00:00,1.0474972000000005
2026-09-05 12:00:00+00:00,1.1270786000000008
2026-09-05 13:00:00+00:00,1.8937080000000002
2026-09-05 14:00:00+00:00,3.2835637
2026-09-05 15:00:00+00:00,4.5070535
2026-09-05 16:00:00+00:00,6.205369
2026-09-05 17:00:00+00:00,7.513914700000001
2026-09-05 18:00:00+00:00,7.9008593
2026-09-05 19:00:00+00:00,7.7244717000000005
2026-09-05 20:00:00+00:00,7.4820899
2026-09-05 21:00:00+00:00,7.1813671999999995
2026-09-05 22:00:00+00:00,6.973804
2026-09-05 23:00:00+00:00,6.883308400000001
2026-09-06 00:00:00+00:00,6.8366375
2026-09-06 01:00:00+00:00,6.7070619
2026-09-06 02:00:00+00:00,6.8849758
2026-09-06 03:00:00+00:00,6.8803866000000005
2026-09-06 04:00:00+00:00,7.2047876
2026-09-06 05:00:00+00:00,7.1645258
2026-09-06 06:00:00+00:00,6.4584592
2026-09-06 07:00:00+00:00,5.375033200000001
2026-09-06 08:00:00+00:00,3.8420869
2026-09-06 09:00:00+00:00,2.4944429
2026-09-06 10:00:00+00:00,1.4433315000000002
2026-09-06 11:00:00+00:00,0.9349759000000004
2026-09-06 12:00:00+00:00,1.219378100000001
2026-09-06 13:00:00+00:00,2.0628824999999997
2026-09-06 14:00:00+00:00,3.3819762000000004
2026-09-06 15:00:00+00:00,5.091733699999999
2026-09-06 16:00:00+00:00,6.6144705
2026-09-06 17:00:00+00:00,7.5062949
2026-09-06 18:00:00+00:00,7.5562018
2026-09-06 19:00:00+00:00,7.002964400000001
2026-09-06 20:00:00+00:00,6.1897199
2026-09-06 21:00:00+00:00,5.897731
2026-09-06 22:00:00+00:00,5.875109
2026-09-06 23:00:00+00:00,5.773775
2026-09-07 00:00:00+00:00,5.7090598
2026-09-07 01:00:00+00:00,6.093662699999999
2026-09-07 02:00:00+00:00,6.889421099999999
2026-09-07 03:00:00+00:00,7.4910198999999995
2026-09-07 04:00:00+00:00,8.186909
2026-09-07 05:00:00+00:00,8.517193
2026-09-07 06:00:00+00:00,7.773836000000001
2026-09-07 07:00:00+00:00,6.422612300000001
2026-09-07 08:00:00+00:00,4.965337400000001
2026-09-07 09:00:00+00:00,3.4126733
2026-09-07 10:00:00+00:00,2.141573600000001
2026-09-07 11:00:00+00:00,1.5298946000000004
2026-09-07 12:00:00+00:00,1.6863726000000012
2026-09-07 13:00:00+00:00,2.4073539999999998
2026-09-07 14:00:00+00:00,3.4434310000000004
2026-09-07 15:00:00+00:00,4.5020343
2026-09-07 16:00:00+00:00,5.493392700000001
2026-09-07 17:00:00+00:00,6.140315599999999
2026-09-07 18:00:00+00:00,6.1808137
2026-09-07 19:00:00+00:00,5.779010899999999
2026-09-07 20:00:00+00:00,5.3728418
2026-09-07 21:00:00+00:00,5.2490465
2026-09-07 22:00:00+00:00,5.2215212000000015
2026-09-07 23:00:00+00:00,5.2596583
2026-09-08 00:00:00+00:00,5.361831700000001
2026-09-08 01:00:00+00:00,5.7792312
2026-09-08 02:00:00+00:00,6.6683681
2026-09-08 03:00:00+00:00,7.562815200000001
2026-09-08 04:00:00+00:00,8.4482436
2026-09-08 05:00:00+00:00,8.978056599999999
2026-09-08 06:00:00+00:00,8.754548999999999
2026-09-08 07:00:00+00:00,8.5115962
2026-09-08 08:00:00+00:00,7.7528199
2026-09-08 09:00:00+00:00,6.9644821000000015
2026-09-08 10:00:00+00:00,6.129216100000001
2026-09-08 11:00:00+00:00,5.8834844
2026-09-08 12:00:00+00:00,6.0055095000000005
2026-09-08 13:00:00+00:00,6.2633823
2026-09-08 14:00:00+00:00,6.884684
2026-09-08 15:00:00+00:00,7.143873499999999
2026-09-08 16:00:00+00:00,7.339055900000001
2026-09-08 17:00:00+00:00,7.4931125
2026-09-08 18:00:00+00:00,7.2442885000000015
2026-09-08 19:00:00+00:00,6.8772012999999985
2026-09-08 20:00:00+00:00,6.473285200000001
2026-09-08 21:00:00+00:00,5.9611366
2026-09-08 22:00:00+00:00,5.1303127
2026-09-08 23:00:00+00:00,5.0052597
2026-09-09 00:00:00+00:00,4.8802009
2026-09-09 01:00:00+00:00,5.147723800000001
2026-09-09 02:00:00+00:00,5.9384885999999995
2026-09-09 03:00:00+00:00,6.772603500000001
2026-09-09 04:00:00+00:00,7.572453100000001
2026-09-09 05:00:00+00:00,7.940699200000002
2026-09-09 06:00:00+00:00,7.344997900000001
2026-09-09 07:00:00+00:00,6.195508
2026-09-09 08:00:00+00:00,4.416706100000001
2026-09-09 09:00:00+00:00,3.2668455000000005
2026-09-09 10:00:00+00:00,2.8216675999999996
2026-09-09 11:00:00+00:00,2.4207645000000007
2026-09-09 12:00:00+00:00,2.8350779999999993
2026-09-09 13:00:00+00:00,3.5616712
2026-09-09 14:00:00+00:00,4.6236148
2026-09-09 15:00:00+00:00,5.861929000000001
2026-09-09 16:00:00+00:00,7.1761684
2026-09-09 17:00:00+00:00,8.153842200000001
2026-09-09 18:00:00+00:00,8.3275966
2026-09-09 19:00:00+00:00,8.2166087
2026-09-09 20:00:00+00:00,8.006286699999999
2026-09-09 21:00:00+00:00,7.7201592
2026-09-09 22:00:00+00:00,7.473350099999999
2026-09-09 23:00:00+00:00,7.477858800000001
2026-09-10 00:00:00+00:00,7.655005399999999
2026-09-10 01:00:00+00:00,8.202014799999999
2026-09-10 02:00:00+00:00,8.8818097
2026-09-10 03:00:00+00:00,9.5374479
2026-09-10 04:00:00+00:00,10.240536800000001
2026-09-10 05:00:00+00:00,10.4612587
2026-09-10 06:00:00+00:00,9.6682623
2026-09-10 07:00:00+00:00,8.1855993
2026-09-10 08:00:00+00:00,6.553286400000001
2026-09-10 09:00:00+00:00,5.2743082
2026-09-10 10:00:00+00:00,4.487489100000001
2026-09-10 11:00:00+00:00,4.062555400000001
2026-09-10 12:00:00+00:00,4.4782872000000005
2026-09-10 13:00:00+00:00,5.0799105
2026-09-10 14:00:00+00:00,6.042414900000001
2026-09-10 15:00:00+00:00,6.9894311
2026-09-10 16:00:00+00:00,7.8577861
2026-09-10 17:00:00+00:00,8.7132536
2026-09-10 18:00:00+00:00,8.5895172
2026-09-10 19:00:00+00:00,8.1174422
2026-09-10 20:00:00+00:00,7.739121300000001
2026-09-10 21:00:00+00:00,7.487723099999999
2026-09-10 22:00:00+00:00,6.711083400000001
2026-09-10 23:00:00+00:00,6.5226151
2026-09-11 00:00:00+00:00,6.428198200000001
2026-09-11 01:00:00+00:00,6.6349132
2026-09-11 02:00:00+00:00,7.3619371000000005
2026-09-11 03:00:00+00:00,7.825148100000001
2026-09-11 04:00:00+00:00,8.4996824
2026-09-11 05:00:00+00:00,8.950622200000002
2026-09-11 06:00:00+00:00,8.8109798
2026-09-11 07:00:00+00:00,8.5693102
2026-09-11 08:00:00+00:00,7.6023139
2026-09-11 09:00:00+00:00,6.701123399999999
2026-09-11 10:00:00+00:00,6.012150200000001
2026-09-11 11:00:00+00:00,5.7692277
2026-09-11 12:00:00+00:00,5.741190399999999
2026-09-11 13:00:00+00:00,6.222055299999999
2026-09-11 14:00:00+00:00,6.7484786
2026-09-11 15:00:00+00:00,7.398618100000001
2026-09-11 16:00:00+00:00,8.2939812
2026-09-11 17:00:00+00:00,8.9016045
2026-09-11 18:00:00+00:00,8.891900099999999
2026-09-11 19:00:00+00:00,8.541156899999999
2026-09-11 20:00:00+00:00,8.060124100000001
2026-09-11 21:00:00+00:00,7.5604173999999995
2026-09-11 22:00:00+00:00,7.1518311
2026-09-11 23:00:00+00:00,7.008943599999999
2026-09-12 00:00:00+00:00,6.9966427
2026-09-12 01:00:00+00:00,7.001019500000001
2026-09-12 02:00:00+00:00,7.1777850999999995
2026-09-12 03:00:00+00:00,7.4057035
2026-09-12 04:00:00+00:00,7.841339799999999
2026-09-12 05:00:00+00:00,8.157293500000002
2026-09-12 06:00:00+00:00,7.722855399999999
2026-09-12 07:00:00+00:00,6.7337823
2026-09-12 08:00:00+00:00,5.377546800000001
2026-09-12 09:00:00+00:00,3.6961533000000006
2026-09-12 10:00:00+00:00,2.5391947000000004
2026-09-12 11:00:00+00:00,1.8469048000000008
2026-09-12 12:00:00+00:00,1.5078616
2026-09-12 13:00:00+00:00,1.8503845000000005
2026-09-12 14:00:00+00:00,2.4296111
2026-09-12 15:00:00+00:00,3.4473631000000005
2026-09-12 16:00:00+00:00,4.793468399999999
2026-09-12 17:00:00+00:00,5.6353157000000005
2026-09-12 18:00:00+00:00,5.5324341
2026-09-12 19:00:00+00:00,5.2207414
2026-09-12 20:00:00+00:00,4.961442
2026-09-12 21:00:00+00:00,4.836743500000001
2026-09-12 22:00:00+00:00,4.51698
2026-09-12 23:00:00+00:00,4.537637
2026-09-13 00:00:00+00:00,4.7366471
2026-09-13 01:00:00+00:00,4.9924021000000005
2026-09-13 02:00:00+00:00,5.452577700000001
2026-09-13 03:00:00+00:00,5.651683
2026-09-13 04:00:00+00:00,6.252238500000001
2026-09-13 05:00:00+00:00,6.7487265
2026-09-13 06:00:00+00:00,7.244301200000001
2026-09-13 07:00:00+00:00,7.582508799999999
2026-09-13 08:00:00+00:00,7.371307099999999
2026-09-13 09:00:00+00:00,6.8200719
2026-09-13 10:00:00+00:00,6.4327276
2026-09-13 11:00:00+00:00,5.9573327
2026-09-13 12:00:00+00:00,5.3423949
2026-09-13 13:00:00+00:00,4.986888500000001
2026-09-13 14:00:00+00:00,5.40548
2026-09-13 15:00:00+00:00,6.110615000000001
2026-09-13 16:00:00+00:00,7.0991768
2026-09-13 17:00:00+00:00,7.7047594
2026-09-13 18:00:00+00:00,7.7112519
2026-09-13 19:00:00+00:00,7.3787389999999995
2026-09-13 20:00:00+00:00,7.1405759
2026-09-13 21:00:00+00:00,7.1219903
2026-09-13 22:00:00+00:00,6.9939381
2026-09-13 23:00:00+00:00,6.9476303999999995
2026-09-14 00:00:00+00:00,7.0234727
2026-09-14 01:00:00+00:00,7.3394203000000005
2026-09-14 02:00:00+00:00,8.136189700000001
2026-09-14 03:00:00+00:00,8.9168551
2026-09-14 04:00:00+00:00,9.736045800000001
2026-09-14 05:00:00+00:00,10.1032469
2026-09-14 06:00:00+00:00,9.8531686
2026-09-14 07:00:00+00:00,9.7222504
2026-09-14 08:00:00+00:00,9.102231499999998
2026-09-14 09:00:00+00:00,8.165361700000002
2026-09-14 10:00:00+00:00,7.0160852999999985
2026-09-14 11:00:00+00:00,5.871265
2026-09-14 12:00:00+00:00,5.4302381
2026-09-14 13:00:00+00:00,5.8388659
2026-09-14 14:00:00+00:00,6.5330539000000005
2026-09-14 15:00:00+00:00,7.2196289
2026-09-14 16:00:00+00:00,7.910748099999999
2026-09-14 17:00:00+00:00,8.1704699
2026-09-14 18:00:00+00:00,7.9408377
2026-09-14 19:00:00+00:00,7.498962099999999
2026-09-14 20:00:00+00:00,7.1592467
2026-09-14 21:00:00+00:00,6.927884199999999
2026-09-14 22:00:00+00:00,6.8303865
2026-09-14 23:00:00+00:00,6.837113
2026-09-15 00:00:00+00:00,6.775713
2026-09-15 01:00:00+00:00,6.9993928
2026-09-15 02:00:00+00:00,7.629814
2026-09-15 03:00:00+00:00,8.2934392
2026-09-15 04:00:00+00:00,9.0470708
2026-09-15 05:00:00+00:00,9.3165723
2026-09-15 06:00:00+00:00,8.5116174
2026-09-15 07:00:00+00:00,7.265059599999999
2026-09-15 08:00:00+00:00,5.733542500000002
2026-09-15 09:00:00+00:00,4.3639635
2026-09-15 10:00:00+00:00,2.9568520000000014
2026-09-15 11:00:00+00:00,2.3449669
2026-09-15 12:00:00+00:00,2.5466080999999994
2026-09-15 13:00:00+00:00,3.8369759000000014
2026-09-15 14:00:00+00:00,5.6455757
2026-09-15 15:00:00+00:00,6.5711505
2026-09-15 16:00:00+00:00,7.6304145000000005
2026-09-15 17:00:00+00:00,7.813784199999999
2026-09-15 18:00:00+00:00,7.6500952
2026-09-15 19:00:00+00:00,7.313223799999999
2026-09-15 20:00:00+00:00,7.0048739
2026-09-15 21:00:00+00:00,6.658116
2026-09-15 22:00:00+00:00,6.1878085
2026-09-15 23:00:00+00:00,6.0667576
2026-09-16 00:00:00+00:00,6.1389051
2026-09-16 01:00:00+00:00,6.4206567
2026-09-16 02:00:00+00:00,7.2428714
2026-09-16 03:00:00+00:00,8.0587611
2026-09-16 04:00:00+00:00,8.6543854
2026-09-16 05:00:00+00:00,8.993516199999998
2026-09-16 06:00:00+00:00,8.3149649
2026-09-16 07:00:00+00:00,6.919275800000001
2026-09-16 08:00:00+00:00,5.347056800000001
2026-09-16 09:00:00+00:00,4.226955200000001
2026-09-16 10:00:00+00:00,3.6547742000000003
2026-09-16 11:00:00+00:00,3.7474661000000005
2026-09-16 12:00:00+00:00,3.6759924
2026-09-16 13:00:00+00:00,4.071862500000002
2026-09-16 14:00:00+00:00,5.030998700000001
2026-09-16 15:00:00+00:00,6.032307699999999
2026-09-16 16:00:00+00:00,7.3619424
2026-09-16 17:00:00+00:00,8.1313142
2026-09-16 18:00:00+00:00,8.0771448
2026-09-16 19:00:00+00:00,7.5527604
2026-09-16 20:00:00+00:00,7.0353612000000005
2026-09-16 21:00:00+00:00,6.6472221
2026-09-16 22:00:00+00:00,6.3115611000000005
2026-09-16 23:00:00+00:00,6.1041767
2026-09-17 00:00:00+00:00,5.8777360000000005
2026-09-17 01:00:00+00:00,5.9996172
2026-09-17 02:00:00+00:00,6.6810551
2026-09-17 03:00:00+00:00,7.1967693
2026-09-17 04:00:00+00:00,7.749062200000001
2026-09-17 05:00:00+00:00,8.0433621
2026-09-17 06:00:00+00:00,7.829344200000001
2026-09-17 07:00:00+00:00,7.1340905999999995
2026-09-17 08:00:00+00:00,5.968677100000001
2026-09-17 09:00:00+00:00,4.911807400000001
2026-09-17 10:00:00+00:00,4.1059652
2026-09-17 11:00:00+00:00,4.005016100000001
2026-09-17 12:00:00+00:00,4.166394200000001
2026-09-17 13:00:00+00:00,4.628568300000001
2026-09-17 14:00:00+00:00,5.1885216
2026-09-17 15:00:00+00:00,5.338071599999999
2026-09-17 16:00:00+00:00,5.9860229
2026-09-17 17:00:00+00:00,6.2085936
2026-09-17 18:00:00+00:00,6.151783399999999
2026-09-17 19:00:00+00:00,5.9136625
2026-09-17 20:00:00+00:00,5.7592233
2026-09-17 21:00:00+00:00,5.676876
2026-09-17 22:00:00+00:00,5.5043253000000005
2026-09-17 23:00:00+00:00,5.5524822
2026-09-18 00:00:00+00:00,5.710166399999999
2026-09-18 01:00:00+00:00,6.1017622000000005
2026-09-18 02:00:00+00:00,7.006231699999999
2026-09-18 03:00:00+00:00,7.810406799999999
2026-09-18 04:00:00+00:00,8.471545500000001
2026-09-18 05:00:00+00:00,8.999038100000002
2026-09-18 06:00:00+00:00,8.3111008
2026-09-18 07:00:00+00:00,6.8094701
2026-09-18 08:00:00+00:00,5.0771619
2026-09-18 09:00:00+00:00,3.8238029000000004
2026-09-18 10:00:00+00:00,2.800878
2026-09-18 11:00:00+00:00,2.4109538000000006
2026-09-18 12:00:00+00:00,2.874218299999999
2026-09-18 13:00:00+00:00,3.3786165000000024
2026-09-18 14:00:00+00:00,4.033033100000002
2026-09-18 15:00:00+00:00,4.658376799999999
2026-09-18 16:00:00+00:00,5.589327700000001
2026-09-18 17:00:00+00:00,5.9710082
2026-09-18 18:00:00+00:00,5.8502355999999995
2026-09-18 19:00:00+00:00,5.389618599999999
2026-09-18 20:00:00+00:00,4.7654077
2026-09-18 21:00:00+00:00,4.342105400000001
