timestamp,value
2024-08-29 22:00:00+00:00,19.87140212833
2024-08-29 23:00:00+00:00,18.88912742833
2024-08-30 00:00:00+00:00,18.15770022833
2024-08-30 01:00:00+00:00,17.865167228329998
2024-08-30 02:00:00+00:00,17.96310082833
2024-08-30 03:00:00+00:00,18.54209982833
2024-08-30 04:00:00+00:00,20.62222462833
2024-08-30 05:00:00+00:00,22.682408228329997
2024-08-30 06:00:00+00:00,22.16080062833
2024-08-30 07:00:00+00:00,18.84762252833
2024-08-30 08:00:00+00:00,15.27717462833
2024-08-30 09:00:00+00:00,13.515360128330002
2024-08-30 10:00:00+00:00,12.580921928330003
2024-08-30 11:00:00+00:00,12.404793928330001
2024-08-30 12:00:00+00:00,11.883385528330003
2024-08-30 13:00:00+00:00,11.37583582833
2024-08-30 14:00:00+00:00,11.591352128330001
2024-08-30 15:00:00+00:00,13.06122692833
2024-08-30 16:00:00+00:00,15.79252342833
2024-08-30 17:00:00+00:00,19.78311082833
2024-08-30 18:00:00+00:00,22.78214532833
2024-08-30 19:00:00+00:00,23.96279692833
2024-08-30 20:00:00+00:00,21.985473528330004
2024-08-30 21:00:00+00:00,20.121527528330002
2024-08-30 22:00:00+00:00,18.489510062639997
2024-08-30 23:00:00+00:00,17.84792236264
2024-08-31 00:00:00+00:00,16.75908136264
2024-08-31 01:00:00+00:00,16.45038166264
2024-08-31 02:00:00+00:00,16.285527462639998
2024-08-31 03:00:00+00:00,16.23665266264
2024-08-31 04:00:00+00:00,16.703510662640003
2024-08-31 05:00:00+00:00,17.33298286264
2024-08-31 06:00:00+00:00,16.55573356264
2024-08-31 07:00:00+00:00,14.03764696264
2024-08-31 08:00:00+00:00,11.586227562640001
2024-08-31 09:00:00+00:00,9.81591246264
2024-08-31 10:00:00+00:00,8.805765762640004
2024-08-31 11:00:00+00:00,8.58035336264
2024-08-31 12:00:00+00:00,8.523726962640005
2024-08-31 13:00:00+00:00,8.475872562640003
2024-08-31 14:00:00+00:00,8.92607306264
2024-08-31 15:00:00+00:00,10.84669306264
2024-08-31 16:00:00+00:00,13.637638062640002
2024-08-31 17:00:00+00:00,17.702092362640002
2024-08-31 18:00:00+00:00,21.08082356264
2024-08-31 19:00:00+00:00,23.05180206264
2024-08-31 20:00:00+00:00,21.97492636264
2024-08-31 21:00:00+00:00,20.540088062640002
2024-08-31 22:00:00+00:00,20.0917548047
2024-08-31 23:00:00+00:00,19.315112404700002
2024-09-01 00:00:00+00:00,18.311435304699998
2024-09-01 01:00:00+00:00,18.3178380047
2024-09-01 02:00:00+00:00,18.1915535047
2024-09-01 03:00:00+00:00,18.2850399047
2024-09-01 04:00:00+00:00,18.7980878047
2024-09-01 05:00:00+00:00,19.1072060047
2024-09-01 06:00:00+00:00,17.3538640047
2024-09-01 07:00:00+00:00,13.4034675047
2024-09-01 08:00:00+00:00,9.601803804699998
2024-09-01 09:00:00+00:00,7.948881104699998
2024-09-01 10:00:00+00:00,7.170837504700003
2024-09-01 11:00:00+00:00,7.248301204700006
2024-09-01 12:00:00+00:00,7.575247904700003
2024-09-01 13:00:00+00:00,6.8095564047
2024-09-01 14:00:00+00:00,6.4475413047
2024-09-01 15:00:00+00:00,7.672953104700003
2024-09-01 16:00:00+00:00,11.025440304699998
2024-09-01 17:00:00+00:00,16.8530200047
2024-09-01 18:00:00+00:00,22.3336866047
2024-09-01 19:00:00+00:00,24.7298326047
2024-09-01 20:00:00+00:00,23.3683593047
2024-09-01 21:00:00+00:00,21.0725182047
2024-09-01 22:00:00+00:00,20.0435317377
2024-09-01 23:00:00+00:00,19.0590690377
2024-09-02 00:00:00+00:00,17.8526902377
2024-09-02 01:00:00+00:00,17.7123326377
2024-09-02 02:00:00+00:00,17.386248837700002
2024-09-02 03:00:00+00:00,17.9162552377
2024-09-02 04:00:00+00:00,20.2326752377
2024-09-02 05:00:00+00:00,22.9900106377
2024-09-02 06:00:00+00:00,22.2590457377
2024-09-02 07:00:00+00:00,17.9346991377
2024-09-02 08:00:00+00:00,13.6225940377
2024-09-02 09:00:00+00:00,11.6387707377
2024-09-02 10:00:00+00:00,10.9123101377
2024-09-02 11:00:00+00:00,11.072752337700003
2024-09-02 12:00:00+00:00,11.180730937700002
2024-09-02 13:00:00+00:00,10.743217937699999
2024-09-02 14:00:00+00:00,11.0832509377
2024-09-02 15:00:00+00:00,12.539711637699998
2024-09-02 16:00:00+00:00,15.286679537700003
2024-09-02 17:00:00+00:00,19.8938812377
2024-09-02 18:00:00+00:00,23.9746811377
2024-09-02 19:00:00+00:00,24.981039037700004
2024-09-02 20:00:00+00:00,22.2868837377
2024-09-02 21:00:00+00:00,19.6409729377
2024-09-02 22:00:00+00:00,18.875398501670002
2024-09-02 23:00:00+00:00,17.927788001670002
2024-09-03 00:00:00+00:00,16.97230550167
2024-09-03 01:00:00+00:00,16.96963630167
2024-09-03 02:00:00+00:00,16.619045201669998
2024-09-03 03:00:00+00:00,16.99253500167
2024-09-03 04:00:00+00:00,19.01436440167
2024-09-03 05:00:00+00:00,21.60690010167
2024-09-03 06:00:00+00:00,20.955753601670004
2024-09-03 07:00:00+00:00,16.91084620167
2024-09-03 08:00:00+00:00,12.552239001670003
2024-09-03 09:00:00+00:00,10.389549101670003
2024-09-03 10:00:00+00:00,9.494494801670001
2024-09-03 11:00:00+00:00,9.336456601669997
2024-09-03 12:00:00+00:00,9.016723901670002
2024-09-03 13:00:00+00:00,8.264210301670001
2024-09-03 14:00:00+00:00,8.324329701670003
2024-09-03 15:00:00+00:00,9.33611210167
2024-09-03 16:00:00+00:00,11.962637701670005
2024-09-03 17:00:00+00:00,17.271674301670004
2024-09-03 18:00:00+00:00,22.07655660167
2024-09-03 19:00:00+00:00,23.046701201670004
2024-09-03 20:00:00+00:00,20.19719330167
2024-09-03 21:00:00+00:00,17.60858800167
2024-09-03 22:00:00+00:00,17.17009080698
2024-09-03 23:00:00+00:00,16.369610506980003
2024-09-04 00:00:00+00:00,15.43489840698
2024-09-04 01:00:00+00:00,15.265588906980001
2024-09-04 02:00:00+00:00,14.90529280698
2024-09-04 03:00:00+00:00,15.248536406980001
2024-09-04 04:00:00+00:00,17.18315830698
2024-09-04 05:00:00+00:00,19.69049560698
2024-09-04 06:00:00+00:00,18.89461830698
2024-09-04 07:00:00+00:00,14.73516810698
2024-09-04 08:00:00+00:00,10.146884506980005
2024-09-04 09:00:00+00:00,7.662279206980003
2024-09-04 10:00:00+00:00,6.457378806980003
2024-09-04 11:00:00+00:00,6.1303627069800015
2024-09-04 12:00:00+00:00,5.6514134069800015
2024-09-04 13:00:00+00:00,4.69726920698
2024-09-04 14:00:00+00:00,4.789078906980002
2024-09-04 15:00:00+00:00,6.210277206979999
2024-09-04 16:00:00+00:00,9.329802006980003
2024-09-04 17:00:00+00:00,14.94986830698
2024-09-04 18:00:00+00:00,20.033637106979995
2024-09-04 19:00:00+00:00,21.09219820698
2024-09-04 20:00:00+00:00,18.28724830698
2024-09-04 21:00:00+00:00,15.846846206979999
2024-09-04 22:00:00+00:00,15.263740023990001
2024-09-04 23:00:00+00:00,14.631648223990002
2024-09-05 00:00:00+00:00,13.93728672399
2024-09-05 01:00:00+00:00,13.865759623990002
2024-09-05 02:00:00+00:00,14.127386523989998
2024-09-05 03:00:00+00:00,14.780822123990001
2024-09-05 04:00:00+00:00,17.20231952399
2024-09-05 05:00:00+00:00,20.137989023990002
2024-09-05 06:00:00+00:00,20.10731222399
2024-09-05 07:00:00+00:00,15.926794723990001
2024-09-05 08:00:00+00:00,12.033104523990001
2024-09-05 09:00:00+00:00,10.340695623990001
2024-09-05 10:00:00+00:00,10.177852523990001
2024-09-05 11:00:00+00:00,10.24406282399
2024-09-05 12:00:00+00:00,10.150325523990002
2024-09-05 13:00:00+00:00,10.05297802399
2024-09-05 14:00:00+00:00,11.33016082399
2024-09-05 15:00:00+00:00,13.347168823990003
2024-09-05 16:00:00+00:00,16.515351523990002
2024-09-05 17:00:00+00:00,20.94363522399
2024-09-05 18:00:00+00:00,24.90266992399
2024-09-05 19:00:00+00:00,25.81555842399
2024-09-05 20:00:00+00:00,22.441146823990003
2024-09-05 21:00:00+00:00,19.78026962399
2024-09-05 22:00:00+00:00,18.46086269804
2024-09-05 23:00:00+00:00,16.75289639804
2024-09-06 00:00:00+00:00,15.586482998039997
2024-09-06 01:00:00+00:00,14.972531698039997
2024-09-06 02:00:00+00:00,14.844790698039997
2024-09-06 03:00:00+00:00,15.13401219804
2024-09-06 04:00:00+00:00,17.348431298039998
2024-09-06 05:00:00+00:00,19.744038198040002
2024-09-06 06:00:00+00:00,18.709742698040003
2024-09-06 07:00:00+00:00,14.461821298040002
2024-09-06 08:00:00+00:00,10.040809498039998
2024-09-06 09:00:00+00:00,7.609124098040002
2024-09-06 10:00:00+00:00,5.944304598040002
2024-09-06 11:00:00+00:00,5.146349598040004
2024-09-06 12:00:00+00:00,3.400118298040006
2024-09-06 13:00:00+00:00,2.180651198040003
2024-09-06 14:00:00+00:00,2.2701461980399955
2024-09-06 15:00:00+00:00,3.7944545980400015
2024-09-06 16:00:00+00:00,7.912540098040001
2024-09-06 17:00:00+00:00,14.369802498040004
2024-09-06 18:00:00+00:00,20.59314109804
2024-09-06 19:00:00+00:00,22.62606869804
2024-09-06 20:00:00+00:00,20.22758569804
2024-09-06 21:00:00+00:00,18.758100098039996
2024-09-06 22:00:00+00:00,17.723316784770002
2024-09-06 23:00:00+00:00,16.73135608477
2024-09-07 00:00:00+00:00,15.64386338477
2024-09-07 01:00:00+00:00,15.36217858477
2024-09-07 02:00:00+00:00,15.024534484770001
2024-09-07 03:00:00+00:00,14.97001898477
2024-09-07 04:00:00+00:00,15.57912188477
2024-09-07 05:00:00+00:00,16.29979408477
2024-09-07 06:00:00+00:00,14.51151398477
2024-09-07 07:00:00+00:00,9.78859138477
2024-09-07 08:00:00+00:00,5.601449484770001
2024-09-07 09:00:00+00:00,3.531721084770002
2024-09-07 10:00:00+00:00,2.274801484770002
2024-09-07 11:00:00+00:00,1.8357243847699998
2024-09-07 12:00:00+00:00,1.2975615847700013
2024-09-07 13:00:00+00:00,1.1992435847700023
2024-09-07 14:00:00+00:00,1.926558884770003
2024-09-07 15:00:00+00:00,4.504478184770001
2024-09-07 16:00:00+00:00,9.92086798477
2024-09-07 17:00:00+00:00,16.240129484769998
2024-09-07 18:00:00+00:00,21.51692898477
2024-09-07 19:00:00+00:00,23.56290488477
2024-09-07 20:00:00+00:00,22.000114184770002
2024-09-07 21:00:00+00:00,20.74109458477
2024-09-07 22:00:00+00:00,19.703132244469998
2024-09-07 23:00:00+00:00,18.65687344447
2024-09-08 00:00:00+00:00,17.62698444447
2024-09-08 01:00:00+00:00,17.04117534447
2024-09-08 02:00:00+00:00,16.673878044469998
2024-09-08 03:00:00+00:00,16.73100904447
2024-09-08 04:00:00+00:00,17.08609624447
2024-09-08 05:00:00+00:00,16.97347164447
2024-09-08 06:00:00+00:00,14.943540044470002
2024-09-08 07:00:00+00:00,10.71600014447
2024-09-08 08:00:00+00:00,6.762386544470003
2024-09-08 09:00:00+00:00,4.47608194447
2024-09-08 10:00:00+00:00,2.7769051444699997
2024-09-08 11:00:00+00:00,2.1353207444700004
2024-09-08 12:00:00+00:00,1.2314164444699998
2024-09-08 13:00:00+00:00,0.1643527444699977
2024-09-08 14:00:00+00:00,-0.6647912555299982
2024-09-08 15:00:00+00:00,0.34258304447000043
2024-09-08 16:00:00+00:00,4.314720144469998
2024-09-08 17:00:00+00:00,11.180013044470002
2024-09-08 18:00:00+00:00,17.471554144469998
2024-09-08 19:00:00+00:00,19.702326344470002
2024-09-08 20:00:00+00:00,18.45338244447
2024-09-08 21:00:00+00:00,16.99582164447
2024-09-08 22:00:00+00:00,15.19832301819
2024-09-08 23:00:00+00:00,14.615232618190001
2024-09-09 00:00:00+00:00,14.068579418190001
2024-09-09 01:00:00+00:00,13.91410021819
2024-09-09 02:00:00+00:00,13.96135751819
2024-09-09 03:00:00+00:00,15.048855518189999
2024-09-09 04:00:00+00:00,17.629807918189996
2024-09-09 05:00:00+00:00,20.25044811819
2024-09-09 06:00:00+00:00,19.385468518190002
2024-09-09 07:00:00+00:00,13.949346118189998
2024-09-09 08:00:00+00:00,8.946743918190002
2024-09-09 09:00:00+00:00,6.390360418189996
2024-09-09 10:00:00+00:00,5.181171718189997
2024-09-09 11:00:00+00:00,4.887148118189998
2024-09-09 12:00:00+00:00,4.046239418190002
2024-09-09 13:00:00+00:00,4.092108118189994
2024-09-09 14:00:00+00:00,4.539018218189998
2024-09-09 15:00:00+00:00,6.450769118190003
2024-09-09 16:00:00+00:00,10.639401518190002
2024-09-09 17:00:00+00:00,17.03013591819
2024-09-09 18:00:00+00:00,22.397267718189998
2024-09-09 19:00:00+00:00,22.77614551819
2024-09-09 20:00:00+00:00,19.62526821819
2024-09-09 21:00:00+00:00,17.06393071819
2024-09-09 22:00:00+00:00,16.02373516707
2024-09-09 23:00:00+00:00,15.36513656707
2024-09-10 00:00:00+00:00,14.65348816707
2024-09-10 01:00:00+00:00,14.31191846707
2024-09-10 02:00:00+00:00,14.271060867070002
2024-09-10 03:00:00+00:00,15.076698867070002
2024-09-10 04:00:00+00:00,17.226552867069998
2024-09-10 05:00:00+00:00,19.752889267070003
2024-09-10 06:00:00+00:00,18.904747567069997
2024-09-10 07:00:00+00:00,13.58900406707
2024-09-10 08:00:00+00:00,8.438294667070004
2024-09-10 09:00:00+00:00,5.774068667069997
2024-09-10 10:00:00+00:00,4.63232696707
2024-09-10 11:00:00+00:00,4.486165467070002
2024-09-10 12:00:00+00:00,3.73689096707
2024-09-10 13:00:00+00:00,3.64955896707
2024-09-10 14:00:00+00:00,4.076477367070002
2024-09-10 15:00:00+00:00,5.88101636707
2024-09-10 16:00:00+00:00,9.949000367070003
2024-09-10 17:00:00+00:00,16.051057867070003
2024-09-10 18:00:00+00:00,21.01352016707
2024-09-10 19:00:00+00:00,21.386953067070003
2024-09-10 20:00:00+00:00,18.25011096707
2024-09-10 21:00:00+00:00,15.800115367070003
2024-09-10 22:00:00+00:00,15.090534752709999
2024-09-10 23:00:00+00:00,14.604166752710002
2024-09-11 00:00:00+00:00,14.08629365271
2024-09-11 01:00:00+00:00,13.932315652710002
2024-09-11 02:00:00+00:00,13.942818852710001
2024-09-11 03:00:00+00:00,14.757557052710002
2024-09-11 04:00:00+00:00,16.97015205271
2024-09-11 05:00:00+00:00,19.52430725271
2024-09-11 06:00:00+00:00,19.02026935271
2024-09-11 07:00:00+00:00,14.31061645271
2024-09-11 08:00:00+00:00,9.458731152709998
2024-09-11 09:00:00+00:00,6.7840870527099995
2024-09-11 10:00:00+00:00,5.635204952710001
2024-09-11 11:00:00+00:00,5.591076752710002
2024-09-11 12:00:00+00:00,5.076162452710005
2024-09-11 13:00:00+00:00,5.124356252710001
2024-09-11 14:00:00+00:00,5.63463145271
2024-09-11 15:00:00+00:00,7.528330852710003
2024-09-11 16:00:00+00:00,11.29194555271
2024-09-11 17:00:00+00:00,16.80410675271
2024-09-11 18:00:00+00:00,21.17190925271
2024-09-11 19:00:00+00:00,21.78642265271
2024-09-11 20:00:00+00:00,19.136558952709997
2024-09-11 21:00:00+00:00,17.11775615271
2024-09-11 22:00:00+00:00,15.698380310649998
2024-09-11 23:00:00+00:00,15.182207810649999
2024-09-12 00:00:00+00:00,14.771078210650002
2024-09-12 01:00:00+00:00,14.608359310649998
2024-09-12 02:00:00+00:00,14.743076210649999
2024-09-12 03:00:00+00:00,15.44685401065
2024-09-12 04:00:00+00:00,17.86559931065
2024-09-12 05:00:00+00:00,20.73934931065
2024-09-12 06:00:00+00:00,20.53645731065
2024-09-12 07:00:00+00:00,15.65467541065
2024-09-12 08:00:00+00:00,10.514805910650004
2024-09-12 09:00:00+00:00,7.38318541065
2024-09-12 10:00:00+00:00,5.447274910650002
2024-09-12 11:00:00+00:00,4.93014401065
2024-09-12 12:00:00+00:00,4.008114810650003
2024-09-12 13:00:00+00:00,3.2806661106499995
2024-09-12 14:00:00+00:00,3.4137897106500006
2024-09-12 15:00:00+00:00,5.133393710650001
2024-09-12 16:00:00+00:00,8.85077711065
2024-09-12 17:00:00+00:00,15.151867010650001
2024-09-12 18:00:00+00:00,20.11609141065
2024-09-12 19:00:00+00:00,20.43431781065
2024-09-12 20:00:00+00:00,17.48536271065
2024-09-12 21:00:00+00:00,15.006304010650002
2024-09-12 22:00:00+00:00,15.067670412270001
2024-09-12 23:00:00+00:00,14.07497731227
2024-09-13 00:00:00+00:00,13.28332081227
2024-09-13 01:00:00+00:00,12.568867612270001
2024-09-13 02:00:00+00:00,12.21829571227
2024-09-13 03:00:00+00:00,12.38325401227
2024-09-13 04:00:00+00:00,14.22584311227
2024-09-13 05:00:00+00:00,16.78174981227
2024-09-13 06:00:00+00:00,15.95206691227
2024-09-13 07:00:00+00:00,10.326393512270002
2024-09-13 08:00:00+00:00,4.611568612269998
2024-09-13 09:00:00+00:00,1.720642912270005
2024-09-13 10:00:00+00:00,1.2454268122700043
2024-09-13 11:00:00+00:00,0.2284167122700005
2024-09-13 12:00:00+00:00,-0.1792487877300033
2024-09-13 13:00:00+00:00,-0.3254930877299991
2024-09-13 14:00:00+00:00,-0.11381228772999918
2024-09-13 15:00:00+00:00,2.0414042122699954
2024-09-13 16:00:00+00:00,6.18109931227
2024-09-13 17:00:00+00:00,11.919740612270001
2024-09-13 18:00:00+00:00,16.049747712269998
2024-09-13 19:00:00+00:00,16.18161371227
2024-09-13 20:00:00+00:00,13.611310912270001
2024-09-13 21:00:00+00:00,11.91766971227
2024-09-13 22:00:00+00:00,11.085800699100002
2024-09-13 23:00:00+00:00,10.8622144991
2024-09-14 00:00:00+00:00,10.6868111991
2024-09-14 01:00:00+00:00,10.833999799099997
2024-09-14 02:00:00+00:00,11.4132600991
2024-09-14 03:00:00+00:00,11.900635299100003
2024-09-14 04:00:00+00:00,12.952053099100002
2024-09-14 05:00:00+00:00,14.4344710991
2024-09-14 06:00:00+00:00,13.349593399100003
2024-09-14 07:00:00+00:00,9.5755526991
2024-09-14 08:00:00+00:00,5.7402672990999974
2024-09-14 09:00:00+00:00,3.701387999100003
2024-09-14 10:00:00+00:00,2.7563892990999967
2024-09-14 11:00:00+00:00,2.640214999100003
2024-09-14 12:00:00+00:00,2.704987499100003
2024-09-14 13:00:00+00:00,2.086347299100005
2024-09-14 14:00:00+00:00,1.8978280991000034
2024-09-14 15:00:00+00:00,3.928117999100003
2024-09-14 16:00:00+00:00,8.5977272991
2024-09-14 17:00:00+00:00,14.5763728991
2024-09-14 18:00:00+00:00,18.522859099100003
2024-09-14 19:00:00+00:00,18.7335724991
2024-09-14 20:00:00+00:00,16.372323899100003
2024-09-14 21:00:00+00:00,14.537309699099998
2024-09-14 22:00:00+00:00,14.063841696490002
2024-09-14 23:00:00+00:00,13.117014596490002
2024-09-15 00:00:00+00:00,12.36394989649
2024-09-15 01:00:00+00:00,12.15084339649
2024-09-15 02:00:00+00:00,12.042317496489998
2024-09-15 03:00:00+00:00,12.01358679649
2024-09-15 04:00:00+00:00,12.43995159649
2024-09-15 05:00:00+00:00,12.98887739649
2024-09-15 06:00:00+00:00,10.695842896490001
2024-09-15 07:00:00+00:00,5.15999689649
2024-09-15 08:00:00+00:00,0.6179891964900044
2024-09-15 09:00:00+00:00,-0.9963008035099961
2024-09-15 10:00:00+00:00,-1.7740647035099961
2024-09-15 11:00:00+00:00,-1.6109207035100006
2024-09-15 12:00:00+00:00,-1.3110424035099975
2024-09-15 13:00:00+00:00,-1.9954092035099933
2024-09-15 14:00:00+00:00,-2.1202605035099964
2024-09-15 15:00:00+00:00,-0.3815826035099974
2024-09-15 16:00:00+00:00,4.21826349649
2024-09-15 17:00:00+00:00,10.529841196489999
2024-09-15 18:00:00+00:00,15.296006396489998
2024-09-15 19:00:00+00:00,15.88112719649
2024-09-15 20:00:00+00:00,13.48754719649
2024-09-15 21:00:00+00:00,11.553508096489999
2024-09-15 22:00:00+00:00,10.160923059639998
2024-09-15 23:00:00+00:00,9.34174075964
2024-09-16 00:00:00+00:00,8.88598935964
2024-09-16 01:00:00+00:00,8.799798359639999
2024-09-16 02:00:00+00:00,8.824676259639999
2024-09-16 03:00:00+00:00,9.294922259640002
2024-09-16 04:00:00+00:00,11.82882325964
2024-09-16 05:00:00+00:00,15.325174259639999
2024-09-16 06:00:00+00:00,15.082743359640002
2024-09-16 07:00:00+00:00,9.308916759640002
2024-09-16 08:00:00+00:00,3.9191147596399993
2024-09-16 09:00:00+00:00,1.837288759640007
2024-09-16 10:00:00+00:00,0.8664072596400025
2024-09-16 11:00:00+00:00,0.5470341596400026
2024-09-16 12:00:00+00:00,0.30740775963999667
2024-09-16 13:00:00+00:00,0.04534795963999727
2024-09-16 14:00:00+00:00,0.5634000596400028
2024-09-16 15:00:00+00:00,2.7747791596400013
2024-09-16 16:00:00+00:00,6.892212059640006
2024-09-16 17:00:00+00:00,12.895986259640004
2024-09-16 18:00:00+00:00,17.33028395964
2024-09-16 19:00:00+00:00,16.85144645964
2024-09-16 20:00:00+00:00,13.30398855964
2024-09-16 21:00:00+00:00,10.726401359639997
2024-09-16 22:00:00+00:00,10.53216120433
2024-09-16 23:00:00+00:00,9.87549660433
2024-09-17 00:00:00+00:00,9.470989904330002
2024-09-17 01:00:00+00:00,9.43519340433
2024-09-17 02:00:00+00:00,9.605634404329999
2024-09-17 03:00:00+00:00,10.013737204329999
2024-09-17 04:00:00+00:00,12.141644204329998
2024-09-17 05:00:00+00:00,15.46270270433
2024-09-17 06:00:00+00:00,15.336064004330003
2024-09-17 07:00:00+00:00,9.836476104330004
2024-09-17 08:00:00+00:00,4.633897704330003
2024-09-17 09:00:00+00:00,2.4115946043300056
2024-09-17 10:00:00+00:00,1.3778027043300014
2024-09-17 11:00:00+00:00,0.9865269043300025
2024-09-17 12:00:00+00:00,0.6980876043299986
2024-09-17 13:00:00+00:00,0.7939614043299983
2024-09-17 14:00:00+00:00,1.921305404329999
2024-09-17 15:00:00+00:00,4.536315504330002
2024-09-17 16:00:00+00:00,8.823778604330002
2024-09-17 17:00:00+00:00,14.384291804330001
2024-09-17 18:00:00+00:00,18.228290604330002
2024-09-17 19:00:00+00:00,17.625710604330003
2024-09-17 20:00:00+00:00,14.33547820433
2024-09-17 21:00:00+00:00,12.178516404330002
2024-09-17 22:00:00+00:00,12.45765676735
2024-09-17 23:00:00+00:00,12.42225656735
2024-09-18 00:00:00+00:00,12.60650166735
2024-09-18 01:00:00+00:00,12.997038167349999
2024-09-18 02:00:00+00:00,13.400941567350003
2024-09-18 03:00:00+00:00,14.165387667350002
2024-09-18 04:00:00+00:00,16.72034676735
2024-09-18 05:00:00+00:00,20.256276667349997
2024-09-18 06:00:00+00:00,20.66432826735
2024-09-18 07:00:00+00:00,16.48254436735
2024-09-18 08:00:00+00:00,12.068805067350002
2024-09-18 09:00:00+00:00,9.516348667350002
2024-09-18 10:00:00+00:00,8.27857196735
2024-09-18 11:00:00+00:00,7.751068067349998
2024-09-18 12:00:00+00:00,7.341480367350002
2024-09-18 13:00:00+00:00,7.291395967349999
2024-09-18 14:00:00+00:00,8.342470567349999
2024-09-18 15:00:00+00:00,11.05078116735
2024-09-18 16:00:00+00:00,14.944751567350002
2024-09-18 17:00:00+00:00,19.528578267350003
2024-09-18 18:00:00+00:00,22.913648067350003
2024-09-18 19:00:00+00:00,22.30567686735
2024-09-18 20:00:00+00:00,18.728368667349997
2024-09-18 21:00:00+00:00,16.366377267349996
2024-09-18 22:00:00+00:00,15.94539433104
2024-09-18 23:00:00+00:00,14.98622083104
2024-09-19 00:00:00+00:00,14.698627431040002
2024-09-19 01:00:00+00:00,14.853114331040002
2024-09-19 02:00:00+00:00,15.534802731040001
2024-09-19 03:00:00+00:00,16.81792233104
2024-09-19 04:00:00+00:00,19.42531103104
2024-09-19 05:00:00+00:00,22.94423433104
2024-09-19 06:00:00+00:00,23.39804923104
2024-09-19 07:00:00+00:00,20.672866031039998
2024-09-19 08:00:00+00:00,17.29414413104
2024-09-19 09:00:00+00:00,14.523794931040001
2024-09-19 10:00:00+00:00,13.371374831039999
2024-09-19 11:00:00+00:00,12.865479231040002
2024-09-19 12:00:00+00:00,12.053504631040003
2024-09-19 13:00:00+00:00,11.53353473104
2024-09-19 14:00:00+00:00,12.12465053104
2024-09-19 15:00:00+00:00,14.575759031040004
2024-09-19 16:00:00+00:00,18.630984831040003
2024-09-19 17:00:00+00:00,22.997737031040003
2024-09-19 18:00:00+00:00,26.571208331039998
2024-09-19 19:00:00+00:00,26.573475231040003
2024-09-19 20:00:00+00:00,22.98997653104
2024-09-19 21:00:00+00:00,20.202345531040002
2024-09-19 22:00:00+00:00,19.43653243073
2024-09-19 23:00:00+00:00,18.17537553073
2024-09-20 00:00:00+00:00,17.65508963073
2024-09-20 01:00:00+00:00,17.505420330729997
2024-09-20 02:00:00+00:00,17.82141813073
2024-09-20 03:00:00+00:00,18.80618213073
2024-09-20 04:00:00+00:00,21.305345730730004
2024-09-20 05:00:00+00:00,24.65629883073
2024-09-20 06:00:00+00:00,25.126211930729998
2024-09-20 07:00:00+00:00,21.98097023073
2024-09-20 08:00:00+00:00,18.14133523073
2024-09-20 09:00:00+00:00,14.932351630730004
2024-09-20 10:00:00+00:00,13.04959113073
2024-09-20 11:00:00+00:00,11.756818830730001
2024-09-20 12:00:00+00:00,10.174645930730001
2024-09-20 13:00:00+00:00,9.421893130730002
2024-09-20 14:00:00+00:00,10.193750730730002
2024-09-20 15:00:00+00:00,12.661130330730002
2024-09-20 16:00:00+00:00,17.00434613073
2024-09-20 17:00:00+00:00,21.76959573073
2024-09-20 18:00:00+00:00,25.04857423073
2024-09-20 19:00:00+00:00,24.754365230730002
2024-09-20 20:00:00+00:00,21.434472530729998
2024-09-20 21:00:00+00:00,19.217941830730002
2024-09-20 22:00:00+00:00,17.98472839626
2024-09-20 23:00:00+00:00,16.87045429626
2024-09-21 00:00:00+00:00,15.97916309626
2024-09-21 01:00:00+00:00,15.74097229626
2024-09-21 02:00:00+00:00,15.715073496260002
2024-09-21 03:00:00+00:00,15.87042979626
2024-09-21 04:00:00+00:00,16.689302996260004
2024-09-21 05:00:00+00:00,17.66654789626
2024-09-21 06:00:00+00:00,18.04177429626
2024-09-21 07:00:00+00:00,17.22158739626
2024-09-21 08:00:00+00:00,14.873902196260001
2024-09-21 09:00:00+00:00,12.045341396260001
2024-09-21 10:00:00+00:00,9.76684759626
2024-09-21 11:00:00+00:00,8.67555279626
2024-09-21 12:00:00+00:00,7.392835696260001
2024-09-21 13:00:00+00:00,6.029172996260002
2024-09-21 14:00:00+00:00,5.897989896260004
2024-09-21 15:00:00+00:00,7.476505596260001
2024-09-21 16:00:00+00:00,11.277448896260001
2024-09-21 17:00:00+00:00,16.80820029626
2024-09-21 18:00:00+00:00,21.32947599626
2024-09-21 19:00:00+00:00,22.28768979626
2024-09-21 20:00:00+00:00,20.51271819626
2024-09-21 21:00:00+00:00,19.171240496259998
2024-09-21 22:00:00+00:00,17.36000173936
2024-09-21 23:00:00+00:00,16.33177623936
2024-09-22 00:00:00+00:00,15.44203163936
2024-09-22 01:00:00+00:00,15.19612663936
2024-09-22 02:00:00+00:00,15.02338383936
2024-09-22 03:00:00+00:00,15.25345183936
2024-09-22 04:00:00+00:00,16.07311193936
2024-09-22 05:00:00+00:00,16.72253173936
2024-09-22 06:00:00+00:00,15.845641439360001
2024-09-22 07:00:00+00:00,13.01572803936
2024-09-22 08:00:00+00:00,9.454365239360001
2024-09-22 09:00:00+00:00,6.74070553936
2024-09-22 10:00:00+00:00,5.190985939360001
2024-09-22 11:00:00+00:00,4.636553939360002
2024-09-22 12:00:00+00:00,4.096197539360002
2024-09-22 13:00:00+00:00,3.084319839359999
2024-09-22 14:00:00+00:00,3.0287200393599996
2024-09-22 15:00:00+00:00,5.14001493936
2024-09-22 16:00:00+00:00,9.577572639360001
2024-09-22 17:00:00+00:00,15.38797723936
2024-09-22 18:00:00+00:00,19.789122639360002
2024-09-22 19:00:00+00:00,20.576320439360003
2024-09-22 20:00:00+00:00,19.27754083936
2024-09-22 21:00:00+00:00,17.50336813936
2024-09-22 22:00:00+00:00,17.27719522072
2024-09-22 23:00:00+00:00,16.22337622072
2024-09-23 00:00:00+00:00,15.46676562072
2024-09-23 01:00:00+00:00,15.32799112072
2024-09-23 02:00:00+00:00,15.383662720719999
2024-09-23 03:00:00+00:00,16.136267420720003
2024-09-23 04:00:00+00:00,18.83741152072
2024-09-23 05:00:00+00:00,22.27930752072
2024-09-23 06:00:00+00:00,22.60194722072
2024-09-23 07:00:00+00:00,18.07368002072
2024-09-23 08:00:00+00:00,12.830340120720003
2024-09-23 09:00:00+00:00,9.84567362072
2024-09-23 10:00:00+00:00,8.044885320719999
2024-09-23 11:00:00+00:00,7.53959682072
2024-09-23 12:00:00+00:00,6.731978420719997
2024-09-23 13:00:00+00:00,6.491422620720002
2024-09-23 14:00:00+00:00,7.01195392072
2024-09-23 15:00:00+00:00,9.193973920720001
2024-09-23 16:00:00+00:00,14.12777182072
2024-09-23 17:00:00+00:00,20.57845742072
2024-09-23 18:00:00+00:00,24.87660012072
2024-09-23 19:00:00+00:00,24.68664522072
2024-09-23 20:00:00+00:00,21.586423620719998
2024-09-23 21:00:00+00:00,18.91752742072
2024-09-23 22:00:00+00:00,17.003179782780002
2024-09-23 23:00:00+00:00,15.90746788278
2024-09-24 00:00:00+00:00,15.288624182780001
2024-09-24 01:00:00+00:00,15.261000582780001
2024-09-24 02:00:00+00:00,15.206914982779999
2024-09-24 03:00:00+00:00,15.607510682780001
2024-09-24 04:00:00+00:00,18.042943882779998
2024-09-24 05:00:00+00:00,21.166107882779997
2024-09-24 06:00:00+00:00,21.61950438278
2024-09-24 07:00:00+00:00,17.878039082780003
2024-09-24 08:00:00+00:00,13.98427378278
2024-09-24 09:00:00+00:00,12.150448282780001
2024-09-24 10:00:00+00:00,10.85402438278
2024-09-24 11:00:00+00:00,9.931106182780002
2024-09-24 12:00:00+00:00,9.224586482780005
2024-09-24 13:00:00+00:00,9.26183358278
2024-09-24 14:00:00+00:00,10.31167058278
2024-09-24 15:00:00+00:00,12.63716408278
2024-09-24 16:00:00+00:00,16.594489682780004
2024-09-24 17:00:00+00:00,20.92354528278
2024-09-24 18:00:00+00:00,23.966835382779998
2024-09-24 19:00:00+00:00,23.10356618278
2024-09-24 20:00:00+00:00,19.71445978278
2024-09-24 21:00:00+00:00,16.723345382780003
2024-09-24 22:00:00+00:00,16.140633974660002
2024-09-24 23:00:00+00:00,14.42528487466
2024-09-25 00:00:00+00:00,13.101821674660002
2024-09-25 01:00:00+00:00,12.751665574660002
2024-09-25 02:00:00+00:00,12.545846674660002
2024-09-25 03:00:00+00:00,12.81529157466
2024-09-25 04:00:00+00:00,14.882343574660002
2024-09-25 05:00:00+00:00,17.82300737466
2024-09-25 06:00:00+00:00,18.33750447466
2024-09-25 07:00:00+00:00,15.904610074660003
2024-09-25 08:00:00+00:00,12.64176167466
2024-09-25 09:00:00+00:00,10.12262317466
2024-09-25 10:00:00+00:00,8.11723577466
2024-09-25 11:00:00+00:00,7.069492074660001
2024-09-25 12:00:00+00:00,5.83455787466
2024-09-25 13:00:00+00:00,5.332084474660004
2024-09-25 14:00:00+00:00,5.648576574660002
2024-09-25 15:00:00+00:00,7.360024474659998
2024-09-25 16:00:00+00:00,9.753932274659999
2024-09-25 17:00:00+00:00,13.18294037466
2024-09-25 18:00:00+00:00,16.148450574660004
2024-09-25 19:00:00+00:00,15.39719507466
2024-09-25 20:00:00+00:00,12.27650837466
2024-09-25 21:00:00+00:00,9.62717717466
2024-09-25 22:00:00+00:00,7.767113964000002
2024-09-25 23:00:00+00:00,7.231331564000001
2024-09-26 00:00:00+00:00,6.629741063999999
2024-09-26 01:00:00+00:00,6.598634464000003
2024-09-26 02:00:00+00:00,6.7471538639999995
2024-09-26 03:00:00+00:00,7.296068464000001
2024-09-26 04:00:00+00:00,9.478981964000003
2024-09-26 05:00:00+00:00,12.461534964000002
2024-09-26 06:00:00+00:00,12.575541464
2024-09-26 07:00:00+00:00,9.532148763999999
2024-09-26 08:00:00+00:00,5.403063964000001
2024-09-26 09:00:00+00:00,2.0979891639999977
2024-09-26 10:00:00+00:00,0.19320746400000388
2024-09-26 11:00:00+00:00,-0.4239816360000006
2024-09-26 12:00:00+00:00,-1.4396469359999955
2024-09-26 13:00:00+00:00,-1.0995823359999974
2024-09-26 14:00:00+00:00,-0.06176403599999958
2024-09-26 15:00:00+00:00,2.467684164000005
2024-09-26 16:00:00+00:00,6.559631964000001
2024-09-26 17:00:00+00:00,11.205716764000002
2024-09-26 18:00:00+00:00,15.217625164000005
2024-09-26 19:00:00+00:00,15.299126964000003
2024-09-26 20:00:00+00:00,12.454923763999998
2024-09-26 21:00:00+00:00,10.433474964
2024-09-26 22:00:00+00:00,8.353292641420003
2024-09-26 23:00:00+00:00,7.0159305414199995
2024-09-27 00:00:00+00:00,6.11294794142
2024-09-27 01:00:00+00:00,6.203501141420002
2024-09-27 02:00:00+00:00,6.472907941419999
2024-09-27 03:00:00+00:00,7.171914941419999
2024-09-27 04:00:00+00:00,9.95224444142
2024-09-27 05:00:00+00:00,13.49876684142
2024-09-27 06:00:00+00:00,13.652423041419997
2024-09-27 07:00:00+00:00,9.464519241420003
2024-09-27 08:00:00+00:00,4.402870641420002
2024-09-27 09:00:00+00:00,0.8740017414200025
2024-09-27 10:00:00+00:00,-0.8037670585800001
2024-09-27 11:00:00+00:00,-1.2409733585799998
2024-09-27 12:00:00+00:00,-1.977189858580001
2024-09-27 13:00:00+00:00,-2.0680898585799987
2024-09-27 14:00:00+00:00,-1.2963331585799978
2024-09-27 15:00:00+00:00,1.4015068414200016
2024-09-27 16:00:00+00:00,7.3580839414199986
2024-09-27 17:00:00+00:00,14.75235864142
2024-09-27 18:00:00+00:00,18.935973341419995
2024-09-27 19:00:00+00:00,18.114640841419998
2024-09-27 20:00:00+00:00,15.76901634142
2024-09-27 21:00:00+00:00,14.463013941419998
2024-09-27 22:00:00+00:00,14.96315969462
2024-09-27 23:00:00+00:00,14.07129489462
2024-09-28 00:00:00+00:00,12.96029309462
2024-09-28 01:00:00+00:00,12.227092694620001
2024-09-28 02:00:00+00:00,11.99018139462
2024-09-28 03:00:00+00:00,11.79221019462
2024-09-28 04:00:00+00:00,12.481116994619999
2024-09-28 05:00:00+00:00,13.784675694620002
2024-09-28 06:00:00+00:00,13.16323999462
2024-09-28 07:00:00+00:00,8.918348294620003
2024-09-28 08:00:00+00:00,4.59939569462
2024-09-28 09:00:00+00:00,2.1031552946199987
2024-09-28 10:00:00+00:00,0.7540366946200017
2024-09-28 11:00:00+00:00,0.6517370946200032
2024-09-28 12:00:00+00:00,0.3290820946199986
2024-09-28 13:00:00+00:00,-0.39616730538000056
2024-09-28 14:00:00+00:00,-0.036594805380001816
2024-09-28 15:00:00+00:00,2.7585666946200007
2024-09-28 16:00:00+00:00,9.10331379462
2024-09-28 17:00:00+00:00,16.78882609462
2024-09-28 18:00:00+00:00,21.11409589462
2024-09-28 19:00:00+00:00,21.04972369462
2024-09-28 20:00:00+00:00,18.756838894620003
2024-09-28 21:00:00+00:00,17.33252979462
2024-09-28 22:00:00+00:00,16.33198796101
2024-09-28 23:00:00+00:00,14.86751476101
2024-09-29 00:00:00+00:00,13.52718396101
2024-09-29 01:00:00+00:00,12.62753286101
2024-09-29 02:00:00+00:00,11.99551996101
2024-09-29 03:00:00+00:00,11.842874761010002
2024-09-29 04:00:00+00:00,12.35136666101
2024-09-29 05:00:00+00:00,13.06537096101
2024-09-29 06:00:00+00:00,11.558794361010003
2024-09-29 07:00:00+00:00,6.97746636101
2024-09-29 08:00:00+00:00,2.143182561010004
2024-09-29 09:00:00+00:00,0.07492266101000666
2024-09-29 10:00:00+00:00,-1.3187868389899968
2024-09-29 11:00:00+00:00,-1.4900438389899975
2024-09-29 12:00:00+00:00,-1.8693424389899995
2024-09-29 13:00:00+00:00,-2.8442866389899955
2024-09-29 14:00:00+00:00,-2.543735038989997
2024-09-29 15:00:00+00:00,0.5134694610100041
2024-09-29 16:00:00+00:00,7.005828461010003
2024-09-29 17:00:00+00:00,14.597601361009998
2024-09-29 18:00:00+00:00,19.28127396101
2024-09-29 19:00:00+00:00,19.34711186101
2024-09-29 20:00:00+00:00,17.509204961010003
2024-09-29 21:00:00+00:00,15.872447861009999
2024-09-29 22:00:00+00:00,15.42302496641
2024-09-29 23:00:00+00:00,15.01567746641
2024-09-30 00:00:00+00:00,14.88578166641
2024-09-30 01:00:00+00:00,14.964939566410001
2024-09-30 02:00:00+00:00,15.22443826641
2024-09-30 03:00:00+00:00,16.283459266410002
2024-09-30 04:00:00+00:00,19.52090556641
2024-09-30 05:00:00+00:00,23.67976666641
2024-09-30 06:00:00+00:00,24.14896306641
2024-09-30 07:00:00+00:00,18.79969326641
2024-09-30 08:00:00+00:00,12.49682066641
2024-09-30 09:00:00+00:00,9.30898486641
2024-09-30 10:00:00+00:00,7.524035166410002
2024-09-30 11:00:00+00:00,6.97074446641
2024-09-30 12:00:00+00:00,6.06773426641
2024-09-30 13:00:00+00:00,5.709866066409994
2024-09-30 14:00:00+00:00,6.4054393664100004
2024-09-30 15:00:00+00:00,9.78860936641
2024-09-30 16:00:00+00:00,15.97313986641
2024-09-30 17:00:00+00:00,23.02766736641
2024-09-30 18:00:00+00:00,26.87696736641
2024-09-30 19:00:00+00:00,25.69697376641
2024-09-30 20:00:00+00:00,22.39517796641
2024-09-30 21:00:00+00:00,19.67123066641
2024-09-30 22:00:00+00:00,19.06847432429
2024-09-30 23:00:00+00:00,17.74816172429
2024-10-01 00:00:00+00:00,16.73162812429
2024-10-01 01:00:00+00:00,16.256115424289998
2024-10-01 02:00:00+00:00,16.008677424290003
2024-10-01 03:00:00+00:00,16.43545432429
2024-10-01 04:00:00+00:00,18.92400782429
2024-10-01 05:00:00+00:00,22.52716222429
2024-10-01 06:00:00+00:00,22.79904472429
2024-10-01 07:00:00+00:00,19.12213122429
2024-10-01 08:00:00+00:00,14.309204324290002
2024-10-01 09:00:00+00:00,11.494788624289999
2024-10-01 10:00:00+00:00,9.511380524289997
2024-10-01 11:00:00+00:00,8.44328082429
2024-10-01 12:00:00+00:00,7.060450224290001
2024-10-01 13:00:00+00:00,6.556039724289999
2024-10-01 14:00:00+00:00,7.114726324289997
2024-10-01 15:00:00+00:00,10.059145124289998
2024-10-01 16:00:00+00:00,15.073113724290003
2024-10-01 17:00:00+00:00,20.906612324290002
2024-10-01 18:00:00+00:00,24.59827012429
2024-10-01 19:00:00+00:00,23.70694742429
2024-10-01 20:00:00+00:00,20.712250524290003
2024-10-01 21:00:00+00:00,18.224486224289997
2024-10-01 22:00:00+00:00,16.99111108215
2024-10-01 23:00:00+00:00,15.652797382150002
2024-10-02 00:00:00+00:00,14.638185682149999
2024-10-02 01:00:00+00:00,14.23029378215
2024-10-02 02:00:00+00:00,14.078578282150001
2024-10-02 03:00:00+00:00,14.565454482149999
2024-10-02 04:00:00+00:00,17.091105882149996
2024-10-02 05:00:00+00:00,20.72207518215
2024-10-02 06:00:00+00:00,21.15281758215
2024-10-02 07:00:00+00:00,17.69352118215
2024-10-02 08:00:00+00:00,12.767811182150002
2024-10-02 09:00:00+00:00,9.607090082150002
2024-10-02 10:00:00+00:00,7.435698382150001
2024-10-02 11:00:00+00:00,6.837625182150003
2024-10-02 12:00:00+00:00,5.793385382149999
2024-10-02 13:00:00+00:00,5.573490382150002
2024-10-02 14:00:00+00:00,6.808572782149998
2024-10-02 15:00:00+00:00,10.342541082150003
2024-10-02 16:00:00+00:00,14.47880498215
2024-10-02 17:00:00+00:00,18.67670698215
2024-10-02 18:00:00+00:00,21.66556848215
2024-10-02 19:00:00+00:00,20.43701428215
2024-10-02 20:00:00+00:00,17.20458468215
2024-10-02 21:00:00+00:00,14.76938098215
2024-10-02 22:00:00+00:00,11.17688491917
2024-10-02 23:00:00+00:00,9.99612961917
2024-10-03 00:00:00+00:00,9.204099719170003
2024-10-03 01:00:00+00:00,8.82848581917
2024-10-03 02:00:00+00:00,8.767814919170002
2024-10-03 03:00:00+00:00,9.404955019169998
2024-10-03 04:00:00+00:00,12.568113419170002
2024-10-03 05:00:00+00:00,16.41653341917
2024-10-03 06:00:00+00:00,16.81211801917
2024-10-03 07:00:00+00:00,13.354264719169999
2024-10-03 08:00:00+00:00,8.462706219169998
2024-10-03 09:00:00+00:00,5.589061719169997
2024-10-03 10:00:00+00:00,4.631108819169999
2024-10-03 11:00:00+00:00,4.836850519169996
2024-10-03 12:00:00+00:00,4.55865311917
2024-10-03 13:00:00+00:00,4.7192141191699974
2024-10-03 14:00:00+00:00,5.75741921917
2024-10-03 15:00:00+00:00,8.94062661917
2024-10-03 16:00:00+00:00,14.30801841917
2024-10-03 17:00:00+00:00,19.722114819170002
2024-10-03 18:00:00+00:00,23.418603519170002
2024-10-03 19:00:00+00:00,22.50938051917
2024-10-03 20:00:00+00:00,19.70780061917
2024-10-03 21:00:00+00:00,17.58493521917
2024-10-03 22:00:00+00:00,16.38019742927
2024-10-03 23:00:00+00:00,15.375859729270001
2024-10-04 00:00:00+00:00,14.68867872927
2024-10-04 01:00:00+00:00,14.44241772927
2024-10-04 02:00:00+00:00,14.59227542927
2024-10-04 03:00:00+00:00,15.302842529270002
2024-10-04 04:00:00+00:00,17.851966629270002
2024-10-04 05:00:00+00:00,21.347415829270002
2024-10-04 06:00:00+00:00,21.504198029270004
2024-10-04 07:00:00+00:00,17.248866429270002
2024-10-04 08:00:00+00:00,11.866566529269999
2024-10-04 09:00:00+00:00,8.477291629270002
2024-10-04 10:00:00+00:00,7.930392829270001
2024-10-04 11:00:00+00:00,7.414624029269998
2024-10-04 12:00:00+00:00,7.330216129269999
2024-10-04 13:00:00+00:00,7.327711629270002
2024-10-04 14:00:00+00:00,8.398876929270003
2024-10-04 15:00:00+00:00,11.06612552927
2024-10-04 16:00:00+00:00,16.28331532927
2024-10-04 17:00:00+00:00,22.29529082927
2024-10-04 18:00:00+00:00,25.551913729269998
2024-10-04 19:00:00+00:00,24.704971329270002
2024-10-04 20:00:00+00:00,21.99159592927
2024-10-04 21:00:00+00:00,20.10262452927
2024-10-04 22:00:00+00:00,18.96036792484
2024-10-04 23:00:00+00:00,18.01149922484
2024-10-05 00:00:00+00:00,16.798620024839998
2024-10-05 01:00:00+00:00,15.972948324839999
2024-10-05 02:00:00+00:00,15.775448224840002
2024-10-05 03:00:00+00:00,15.47555182484
2024-10-05 04:00:00+00:00,15.83859482484
2024-10-05 05:00:00+00:00,16.54630292484
2024-10-05 06:00:00+00:00,16.18483132484
2024-10-05 07:00:00+00:00,13.19270302484
2024-10-05 08:00:00+00:00,8.96903932484
2024-10-05 09:00:00+00:00,5.45640182484
2024-10-05 10:00:00+00:00,3.21374732484
2024-10-05 11:00:00+00:00,2.1604675248400014
2024-10-05 12:00:00+00:00,1.0914252248399983
2024-10-05 13:00:00+00:00,-0.07961497515999838
2024-10-05 14:00:00+00:00,-0.19092797516000104
2024-10-05 15:00:00+00:00,2.073778224839998
2024-10-05 16:00:00+00:00,7.375516124839997
2024-10-05 17:00:00+00:00,12.82305582484
2024-10-05 18:00:00+00:00,16.120849324839998
2024-10-05 19:00:00+00:00,15.782116424839998
2024-10-05 20:00:00+00:00,13.83014782484
2024-10-05 21:00:00+00:00,12.23339852484
2024-10-05 22:00:00+00:00,10.12206351388
2024-10-05 23:00:00+00:00,8.849715713880002
2024-10-06 00:00:00+00:00,7.95119351388
2024-10-06 01:00:00+00:00,7.3707935138800025
2024-10-06 02:00:00+00:00,7.417370413880002
2024-10-06 03:00:00+00:00,7.617356213880001
2024-10-06 04:00:00+00:00,8.27543421388
2024-10-06 05:00:00+00:00,8.98347081388
2024-10-06 06:00:00+00:00,8.622510013879998
2024-10-06 07:00:00+00:00,6.467848313879999
2024-10-06 08:00:00+00:00,3.6351964138799993
2024-10-06 09:00:00+00:00,1.3413926138800036
2024-10-06 10:00:00+00:00,-0.8787327861200005
2024-10-06 11:00:00+00:00,-1.0732730861199933
2024-10-06 12:00:00+00:00,-1.513634186120001
2024-10-06 13:00:00+00:00,-2.008626086119996
2024-10-06 14:00:00+00:00,-1.7893605861199973
2024-10-06 15:00:00+00:00,0.9092325138800028
2024-10-06 16:00:00+00:00,6.04125041388
2024-10-06 17:00:00+00:00,11.133527413880001
2024-10-06 18:00:00+00:00,15.087683213879998
2024-10-06 19:00:00+00:00,15.302195513880001
2024-10-06 20:00:00+00:00,13.945838313880001
2024-10-06 21:00:00+00:00,12.12817171388
2024-10-06 22:00:00+00:00,11.81067217222
2024-10-06 23:00:00+00:00,10.559337372219998
2024-10-07 00:00:00+00:00,10.05222087222
2024-10-07 01:00:00+00:00,9.668617672220002
2024-10-07 02:00:00+00:00,9.92105957222
2024-10-07 03:00:00+00:00,10.401243372220002
2024-10-07 04:00:00+00:00,13.08948467222
2024-10-07 05:00:00+00:00,16.254051872219996
2024-10-07 06:00:00+00:00,17.432502172219998
2024-10-07 07:00:00+00:00,15.214468772220002
2024-10-07 08:00:00+00:00,11.79209197222
2024-10-07 09:00:00+00:00,8.808204672219997
2024-10-07 10:00:00+00:00,6.71177597222
2024-10-07 11:00:00+00:00,6.246188172219998
2024-10-07 12:00:00+00:00,4.871842172219999
2024-10-07 13:00:00+00:00,5.009621972219996
2024-10-07 14:00:00+00:00,5.541183472220002
2024-10-07 15:00:00+00:00,7.5415626722199995
2024-10-07 16:00:00+00:00,10.499464772219998
2024-10-07 17:00:00+00:00,13.99069697222
2024-10-07 18:00:00+00:00,17.11115437222
2024-10-07 19:00:00+00:00,16.34822207222
2024-10-07 20:00:00+00:00,13.41273407222
2024-10-07 21:00:00+00:00,10.61684467222
2024-10-07 22:00:00+00:00,9.513797000020002
2024-10-07 23:00:00+00:00,7.775690300020003
2024-10-08 00:00:00+00:00,6.653107200020001
2024-10-08 01:00:00+00:00,5.9842491000199995
2024-10-08 02:00:00+00:00,6.063932300019999
2024-10-08 03:00:00+00:00,6.219794600019998
2024-10-08 04:00:00+00:00,8.593898600020001
2024-10-08 05:00:00+00:00,11.864539600019999
2024-10-08 06:00:00+00:00,12.83702910002
2024-10-08 07:00:00+00:00,9.900508500019999
2024-10-08 08:00:00+00:00,5.598566200020002
2024-10-08 09:00:00+00:00,2.158171000020001
2024-10-08 10:00:00+00:00,0.18896370001999685
2024-10-08 11:00:00+00:00,0.16319810002000068
2024-10-08 12:00:00+00:00,-0.6723728999799974
2024-10-08 13:00:00+00:00,-0.2643640999799999
2024-10-08 14:00:00+00:00,0.933550900020002
2024-10-08 15:00:00+00:00,4.083436700020002
2024-10-08 16:00:00+00:00,8.58134380002
2024-10-08 17:00:00+00:00,13.014020800019999
2024-10-08 18:00:00+00:00,16.42616270002
2024-10-08 19:00:00+00:00,15.74590180002
2024-10-08 20:00:00+00:00,13.08172360002
2024-10-08 21:00:00+00:00,10.497776700020003
2024-10-08 22:00:00+00:00,7.52845196621
2024-10-08 23:00:00+00:00,6.12423066621
2024-10-09 00:00:00+00:00,5.492303566210001
2024-10-09 01:00:00+00:00,5.215202166210002
2024-10-09 02:00:00+00:00,5.571070466209999
2024-10-09 03:00:00+00:00,6.050475266210004
2024-10-09 04:00:00+00:00,8.407089966210002
2024-10-09 05:00:00+00:00,11.542440066209998
2024-10-09 06:00:00+00:00,12.49600296621
2024-10-09 07:00:00+00:00,10.644137766210001
2024-10-09 08:00:00+00:00,7.924609166210001
2024-10-09 09:00:00+00:00,5.503289466210003
2024-10-09 10:00:00+00:00,3.60133736621
2024-10-09 11:00:00+00:00,3.1468610662100005
2024-10-09 12:00:00+00:00,1.9565053662100027
2024-10-09 13:00:00+00:00,1.5350678662099995
2024-10-09 14:00:00+00:00,1.5746601662099984
2024-10-09 15:00:00+00:00,3.437351066209999
2024-10-09 16:00:00+00:00,6.374442366209998
2024-10-09 17:00:00+00:00,9.600530366209998
2024-10-09 18:00:00+00:00,12.481697166210001
2024-10-09 19:00:00+00:00,11.980695266209999
2024-10-09 20:00:00+00:00,10.001973366210002
2024-10-09 21:00:00+00:00,8.572075766209998
2024-10-09 22:00:00+00:00,8.158284975119999
2024-10-09 23:00:00+00:00,8.056798775119999
2024-10-10 00:00:00+00:00,7.8441403751199985
2024-10-10 01:00:00+00:00,8.012574275119999
2024-10-10 02:00:00+00:00,8.71474337512
2024-10-10 03:00:00+00:00,10.12965297512
2024-10-10 04:00:00+00:00,12.672577475120002
2024-10-10 05:00:00+00:00,16.58358547512
2024-10-10 06:00:00+00:00,18.058719075120003
2024-10-10 07:00:00+00:00,15.626094975120001
2024-10-10 08:00:00+00:00,11.048482075119999
2024-10-10 09:00:00+00:00,7.4696873751199995
2024-10-10 10:00:00+00:00,6.04031637512
2024-10-10 11:00:00+00:00,5.548576775120004
2024-10-10 12:00:00+00:00,5.062861475120002
2024-10-10 13:00:00+00:00,5.797844175120002
2024-10-10 14:00:00+00:00,7.48893377512
2024-10-10 15:00:00+00:00,11.155763875119998
2024-10-10 16:00:00+00:00,17.136332675120002
2024-10-10 17:00:00+00:00,23.22469857512
2024-10-10 18:00:00+00:00,26.52978607512
2024-10-10 19:00:00+00:00,26.14367007512
2024-10-10 20:00:00+00:00,23.764366975119998
2024-10-10 21:00:00+00:00,21.51542257512
2024-10-10 22:00:00+00:00,20.30739714815
2024-10-10 23:00:00+00:00,19.05164504815
2024-10-11 00:00:00+00:00,18.01615764815
2024-10-11 01:00:00+00:00,17.47224804815
2024-10-11 02:00:00+00:00,17.48790524815
2024-10-11 03:00:00+00:00,17.87479584815
2024-10-11 04:00:00+00:00,19.898458048149998
2024-10-11 05:00:00+00:00,22.674848248150003
2024-10-11 06:00:00+00:00,22.867935248149998
2024-10-11 07:00:00+00:00,19.92715304815
2024-10-11 08:00:00+00:00,16.01269354815
2024-10-11 09:00:00+00:00,13.01916464815
2024-10-11 10:00:00+00:00,11.457110548149998
2024-10-11 11:00:00+00:00,10.792855648149999
2024-10-11 12:00:00+00:00,9.67735704815
2024-10-11 13:00:00+00:00,9.336846648150004
2024-10-11 14:00:00+00:00,9.735695848149998
2024-10-11 15:00:00+00:00,11.347282648150003
2024-10-11 16:00:00+00:00,13.61430854815
2024-10-11 17:00:00+00:00,16.087453848150002
2024-10-11 18:00:00+00:00,17.778940748150003
2024-10-11 19:00:00+00:00,17.02717924815
2024-10-11 20:00:00+00:00,14.458636048149998
2024-10-11 21:00:00+00:00,12.39830284815
2024-10-11 22:00:00+00:00,9.947064010310001
2024-10-11 23:00:00+00:00,9.088832810310002
2024-10-12 00:00:00+00:00,8.52425871031
2024-10-12 01:00:00+00:00,8.566887210309996
2024-10-12 02:00:00+00:00,8.893275510309998
2024-10-12 03:00:00+00:00,9.522391610309999
2024-10-12 04:00:00+00:00,10.709164610309998
2024-10-12 05:00:00+00:00,12.042950810309998
2024-10-12 06:00:00+00:00,12.571005410309997
2024-10-12 07:00:00+00:00,12.69140871031
2024-10-12 08:00:00+00:00,12.458772110309997
2024-10-12 09:00:00+00:00,11.61644361031
2024-10-12 10:00:00+00:00,11.067167310310001
2024-10-12 11:00:00+00:00,10.840304210310002
2024-10-12 12:00:00+00:00,10.16784651031
2024-10-12 13:00:00+00:00,9.428293110310001
2024-10-12 14:00:00+00:00,9.48706271031
2024-10-12 15:00:00+00:00,10.911784610309997
2024-10-12 16:00:00+00:00,13.907586810309999
2024-10-12 17:00:00+00:00,17.659926810309997
2024-10-12 18:00:00+00:00,20.610301710309997
2024-10-12 19:00:00+00:00,20.92625001031
2024-10-12 20:00:00+00:00,19.268850410309998
2024-10-12 21:00:00+00:00,17.675254810309998
2024-10-12 22:00:00+00:00,14.71145600448
2024-10-12 23:00:00+00:00,13.660745604480002
2024-10-13 00:00:00+00:00,12.62560100448
2024-10-13 01:00:00+00:00,12.04889220448
2024-10-13 02:00:00+00:00,11.611663304480002
2024-10-13 03:00:00+00:00,11.106831904480003
2024-10-13 04:00:00+00:00,11.424552204480001
2024-10-13 05:00:00+00:00,11.94214180448
2024-10-13 06:00:00+00:00,11.513810404480001
2024-10-13 07:00:00+00:00,9.931419904480002
2024-10-13 08:00:00+00:00,6.765672004479999
2024-10-13 09:00:00+00:00,4.211764204479998
2024-10-13 10:00:00+00:00,2.692194304480001
2024-10-13 11:00:00+00:00,2.193352604480001
2024-10-13 12:00:00+00:00,1.5796225044799996
2024-10-13 13:00:00+00:00,0.739422704479999
2024-10-13 14:00:00+00:00,1.3571716044800013
2024-10-13 15:00:00+00:00,4.530624804480002
2024-10-13 16:00:00+00:00,10.747167104479999
2024-10-13 17:00:00+00:00,16.09100840448
2024-10-13 18:00:00+00:00,19.46443870448
2024-10-13 19:00:00+00:00,19.605453404480002
2024-10-13 20:00:00+00:00,18.177214504480002
2024-10-13 21:00:00+00:00,16.42887670448
2024-10-13 22:00:00+00:00,15.630163131059998
2024-10-13 23:00:00+00:00,14.788142131059999
2024-10-14 00:00:00+00:00,14.105865531060001
2024-10-14 01:00:00+00:00,14.047151131060001
2024-10-14 02:00:00+00:00,14.206797831059998
2024-10-14 03:00:00+00:00,14.88133133106
2024-10-14 04:00:00+00:00,17.92832443106
2024-10-14 05:00:00+00:00,21.60614693106
2024-10-14 06:00:00+00:00,23.24991293106
2024-10-14 07:00:00+00:00,20.81311193106
2024-10-14 08:00:00+00:00,16.01111713106
2024-10-14 09:00:00+00:00,11.69629783106
2024-10-14 10:00:00+00:00,9.34629783106
2024-10-14 11:00:00+00:00,7.976241831060005
2024-10-14 12:00:00+00:00,6.869809931060001
2024-10-14 13:00:00+00:00,6.692757131060002
2024-10-14 14:00:00+00:00,7.875091531059997
2024-10-14 15:00:00+00:00,11.349197731060002
2024-10-14 16:00:00+00:00,16.58927213106
2024-10-14 17:00:00+00:00,21.04929303106
2024-10-14 18:00:00+00:00,23.08331943106
2024-10-14 19:00:00+00:00,21.61354913106
2024-10-14 20:00:00+00:00,18.53241013106
2024-10-14 21:00:00+00:00,15.527207231060002
2024-10-14 22:00:00+00:00,14.604975663110002
2024-10-14 23:00:00+00:00,13.50351916311
2024-10-15 00:00:00+00:00,12.48679906311
2024-10-15 01:00:00+00:00,12.219051863110002
2024-10-15 02:00:00+00:00,12.22344776311
2024-10-15 03:00:00+00:00,12.70660466311
2024-10-15 04:00:00+00:00,15.28620786311
2024-10-15 05:00:00+00:00,18.736733963109998
2024-10-15 06:00:00+00:00,19.915610963109998
2024-10-15 07:00:00+00:00,18.96065376311
2024-10-15 08:00:00+00:00,16.12284346311
2024-10-15 09:00:00+00:00,13.098005563110002
2024-10-15 10:00:00+00:00,11.025003163110004
2024-10-15 11:00:00+00:00,9.812049663110002
2024-10-15 12:00:00+00:00,8.575310663110006
2024-10-15 13:00:00+00:00,8.81765476311
2024-10-15 14:00:00+00:00,10.276159463110005
2024-10-15 15:00:00+00:00,13.268874563110003
2024-10-15 16:00:00+00:00,17.09199036311
2024-10-15 17:00:00+00:00,20.366389563109998
2024-10-15 18:00:00+00:00,22.363673263109998
2024-10-15 19:00:00+00:00,20.77516846311
2024-10-15 20:00:00+00:00,17.57630916311
2024-10-15 21:00:00+00:00,14.61284946311
2024-10-15 22:00:00+00:00,11.925194096849998
2024-10-15 23:00:00+00:00,10.61595029685
2024-10-16 00:00:00+00:00,9.34508199685
2024-10-16 01:00:00+00:00,8.77415349685
2024-10-16 02:00:00+00:00,8.519750496849998
2024-10-16 03:00:00+00:00,8.61492049685
2024-10-16 04:00:00+00:00,10.76124299685
2024-10-16 05:00:00+00:00,13.88117619685
2024-10-16 06:00:00+00:00,14.79641349685
2024-10-16 07:00:00+00:00,13.406920896849998
2024-10-16 08:00:00+00:00,10.02087709685
2024-10-16 09:00:00+00:00,6.708532196850001
2024-10-16 10:00:00+00:00,4.43929389685
2024-10-16 11:00:00+00:00,2.629418396850003
2024-10-16 12:00:00+00:00,0.6340242968500007
2024-10-16 13:00:00+00:00,0.3723398968500007
2024-10-16 14:00:00+00:00,1.842912996850007
2024-10-16 15:00:00+00:00,5.751606196850002
2024-10-16 16:00:00+00:00,12.249091996850002
2024-10-16 17:00:00+00:00,18.07641579685
2024-10-16 18:00:00+00:00,20.984178896849997
2024-10-16 19:00:00+00:00,19.93528149685
2024-10-16 20:00:00+00:00,17.32852989685
2024-10-16 21:00:00+00:00,14.867541896849998
2024-10-16 22:00:00+00:00,13.725258631900001
2024-10-16 23:00:00+00:00,12.8277972319
2024-10-17 00:00:00+00:00,11.774771031899999
2024-10-17 01:00:00+00:00,11.1852322319
2024-10-17 02:00:00+00:00,10.7383370319
2024-10-17 03:00:00+00:00,10.804368631900001
2024-10-17 04:00:00+00:00,12.780116331900002
2024-10-17 05:00:00+00:00,15.871348631900002
2024-10-17 06:00:00+00:00,16.828742531899998
2024-10-17 07:00:00+00:00,13.975153931899998
2024-10-17 08:00:00+00:00,8.917142531900002
2024-10-17 09:00:00+00:00,4.6404066318999995
2024-10-17 10:00:00+00:00,2.448345931900004
2024-10-17 11:00:00+00:00,1.4466721319000015
2024-10-17 12:00:00+00:00,0.321005431899998
2024-10-17 13:00:00+00:00,-0.5855721681000077
2024-10-17 14:00:00+00:00,-0.2482059680999953
2024-10-17 15:00:00+00:00,2.4440739318999967
2024-10-17 16:00:00+00:00,8.415456531899999
2024-10-17 17:00:00+00:00,14.2766360319
2024-10-17 18:00:00+00:00,16.909992631900003
2024-10-17 19:00:00+00:00,15.992734531900002
2024-10-17 20:00:00+00:00,13.000199431900002
2024-10-17 21:00:00+00:00,10.5772988319
2024-10-17 22:00:00+00:00,9.571967940490001
2024-10-17 23:00:00+00:00,8.388750840490001
2024-10-18 00:00:00+00:00,7.919518940490002
2024-10-18 01:00:00+00:00,7.765819140489999
2024-10-18 02:00:00+00:00,7.622753640489998
2024-10-18 03:00:00+00:00,8.37160954049
2024-10-18 04:00:00+00:00,11.152597540490001
2024-10-18 05:00:00+00:00,15.03966884049
2024-10-18 06:00:00+00:00,16.56531224049
2024-10-18 07:00:00+00:00,12.862935740490002
2024-10-18 08:00:00+00:00,7.516570940490002
2024-10-18 09:00:00+00:00,4.072473340489999
2024-10-18 10:00:00+00:00,2.2584780404900044
2024-10-18 11:00:00+00:00,1.5381500404899988
2024-10-18 12:00:00+00:00,1.2352347404900037
2024-10-18 13:00:00+00:00,0.9806506404900013
2024-10-18 14:00:00+00:00,2.324880640490001
2024-10-18 15:00:00+00:00,6.278364840490003
2024-10-18 16:00:00+00:00,12.42233364049
2024-10-18 17:00:00+00:00,17.73411284049
2024-10-18 18:00:00+00:00,19.836853940490002
2024-10-18 19:00:00+00:00,18.65879704049
2024-10-18 20:00:00+00:00,15.72384114049
2024-10-18 21:00:00+00:00,13.39643674049
2024-10-18 22:00:00+00:00,11.925957470799998
2024-10-18 23:00:00+00:00,10.890976470799998
2024-10-19 00:00:00+00:00,9.8512280708
2024-10-19 01:00:00+00:00,9.575975270800003
2024-10-19 02:00:00+00:00,9.4506067708
2024-10-19 03:00:00+00:00,9.9088762708
2024-10-19 04:00:00+00:00,10.891082070799998
2024-10-19 05:00:00+00:00,12.719916470799998
2024-10-19 06:00:00+00:00,14.231132970800001
2024-10-19 07:00:00+00:00,13.8084699708
2024-10-19 08:00:00+00:00,10.9847696708
2024-10-19 09:00:00+00:00,7.3266981708
2024-10-19 10:00:00+00:00,4.982890470800005
2024-10-19 11:00:00+00:00,4.050316170800002
2024-10-19 12:00:00+00:00,3.777658070800001
2024-10-19 13:00:00+00:00,2.8426742708
2024-10-19 14:00:00+00:00,2.987957570799999
2024-10-19 15:00:00+00:00,5.965098870800002
2024-10-19 16:00:00+00:00,11.4956008708
2024-10-19 17:00:00+00:00,16.2248078708
2024-10-19 18:00:00+00:00,18.1836822708
2024-10-19 19:00:00+00:00,17.235751370800003
2024-10-19 20:00:00+00:00,15.0174268708
2024-10-19 21:00:00+00:00,13.0496885708
2024-10-19 22:00:00+00:00,11.15790930721
2024-10-19 23:00:00+00:00,10.151862607210001
2024-10-20 00:00:00+00:00,9.44778950721
2024-10-20 01:00:00+00:00,9.135969707210002
2024-10-20 02:00:00+00:00,9.027426707210001
2024-10-20 03:00:00+00:00,9.218307307209999
2024-10-20 04:00:00+00:00,9.91235160721
2024-10-20 05:00:00+00:00,11.01139760721
2024-10-20 06:00:00+00:00,11.54787140721
2024-10-20 07:00:00+00:00,9.992145507210001
2024-10-20 08:00:00+00:00,6.2077889072099985
2024-10-20 09:00:00+00:00,3.2380249072100007
2024-10-20 10:00:00+00:00,1.6338660072100026
2024-10-20 11:00:00+00:00,1.3070363072100015
2024-10-20 12:00:00+00:00,1.1733997072100024
2024-10-20 13:00:00+00:00,0.5558772072100027
2024-10-20 14:00:00+00:00,1.1204424072099997
2024-10-20 15:00:00+00:00,4.557612007210002
2024-10-20 16:00:00+00:00,11.44429730721
2024-10-20 17:00:00+00:00,17.409230607210002
2024-10-20 18:00:00+00:00,20.12615450721
2024-10-20 19:00:00+00:00,19.77640480721
2024-10-20 20:00:00+00:00,17.96509100721
2024-10-20 21:00:00+00:00,15.811025707210002
2024-10-20 22:00:00+00:00,14.90666492187
2024-10-20 23:00:00+00:00,13.733293721870002
2024-10-21 00:00:00+00:00,13.10569852187
2024-10-21 01:00:00+00:00,12.79959012187
2024-10-21 02:00:00+00:00,12.830477721870002
2024-10-21 03:00:00+00:00,13.421029021870002
2024-10-21 04:00:00+00:00,16.17914882187
2024-10-21 05:00:00+00:00,20.05767172187
2024-10-21 06:00:00+00:00,22.29495062187
2024-10-21 07:00:00+00:00,19.240343121869998
2024-10-21 08:00:00+00:00,13.679716221870002
2024-10-21 09:00:00+00:00,9.728282321870001
2024-10-21 10:00:00+00:00,7.918759021869999
2024-10-21 11:00:00+00:00,7.268635121870002
2024-10-21 12:00:00+00:00,6.803297221870004
2024-10-21 13:00:00+00:00,7.00862172187
2024-10-21 14:00:00+00:00,8.247392621870002
2024-10-21 15:00:00+00:00,12.186961821870002
2024-10-21 16:00:00+00:00,18.511619821870003
2024-10-21 17:00:00+00:00,23.80352732187
2024-10-21 18:00:00+00:00,25.091413621870004
2024-10-21 19:00:00+00:00,23.46631392187
2024-10-21 20:00:00+00:00,20.03625002187
2024-10-21 21:00:00+00:00,16.742608021869998
2024-10-21 22:00:00+00:00,15.7750191949
2024-10-21 23:00:00+00:00,14.607296894900001
2024-10-22 00:00:00+00:00,13.753982394899998
2024-10-22 01:00:00+00:00,13.202896494900001
2024-10-22 02:00:00+00:00,13.0442758949
2024-10-22 03:00:00+00:00,13.212737094900001
2024-10-22 04:00:00+00:00,15.2937404949
2024-10-22 05:00:00+00:00,18.580775494900003
2024-10-22 06:00:00+00:00,20.0055603949
2024-10-22 07:00:00+00:00,17.739675794900002
2024-10-22 08:00:00+00:00,12.972960994900003
2024-10-22 09:00:00+00:00,9.2123817949
2024-10-22 10:00:00+00:00,7.514207294900004
2024-10-22 11:00:00+00:00,6.890113494900003
2024-10-22 12:00:00+00:00,6.305792794900004
2024-10-22 13:00:00+00:00,6.563707994900003
2024-10-22 14:00:00+00:00,7.383367294900001
2024-10-22 15:00:00+00:00,10.3858704949
2024-10-22 16:00:00+00:00,15.4446917949
2024-10-22 17:00:00+00:00,19.4716629949
2024-10-22 18:00:00+00:00,20.586078694900003
2024-10-22 19:00:00+00:00,19.4351578949
2024-10-22 20:00:00+00:00,16.781768094900002
2024-10-22 21:00:00+00:00,14.345602994900002
2024-10-22 22:00:00+00:00,12.705213102060002
2024-10-22 23:00:00+00:00,12.04615470206
2024-10-23 00:00:00+00:00,11.74686090206
2024-10-23 01:00:00+00:00,11.70326080206
2024-10-23 02:00:00+00:00,12.057269402059998
2024-10-23 03:00:00+00:00,12.769392402060001
2024-10-23 04:00:00+00:00,15.40788000206
2024-10-23 05:00:00+00:00,19.18639050206
2024-10-23 06:00:00+00:00,20.90559060206
2024-10-23 07:00:00+00:00,18.83473020206
2024-10-23 08:00:00+00:00,13.854939902060003
2024-10-23 09:00:00+00:00,10.170615402060001
2024-10-23 10:00:00+00:00,8.772760702059998
2024-10-23 11:00:00+00:00,8.07708110206
2024-10-23 12:00:00+00:00,7.32391610206
2024-10-23 13:00:00+00:00,7.331732302060001
2024-10-23 14:00:00+00:00,8.22770930206
2024-10-23 15:00:00+00:00,11.637809402060004
2024-10-23 16:00:00+00:00,17.667065002060003
2024-10-23 17:00:00+00:00,22.64325350206
2024-10-23 18:00:00+00:00,24.103286202059998
2024-10-23 19:00:00+00:00,22.61712640206
2024-10-23 20:00:00+00:00,19.390933602060002
2024-10-23 21:00:00+00:00,16.27348840206
2024-10-23 22:00:00+00:00,14.7657981429
2024-10-23 23:00:00+00:00,13.215497942899999
2024-10-24 00:00:00+00:00,12.078261942899998
2024-10-24 01:00:00+00:00,11.661231342899999
2024-10-24 02:00:00+00:00,11.629871642899998
2024-10-24 03:00:00+00:00,12.1525816429
2024-10-24 04:00:00+00:00,14.670583242899998
2024-10-24 05:00:00+00:00,18.0197630429
2024-10-24 06:00:00+00:00,19.5343856429
2024-10-24 07:00:00+00:00,16.8668704429
2024-10-24 08:00:00+00:00,11.7476826429
2024-10-24 09:00:00+00:00,7.859674542899999
2024-10-24 10:00:00+00:00,6.014384942900001
2024-10-24 11:00:00+00:00,5.297835142900002
2024-10-24 12:00:00+00:00,4.2279806429
2024-10-24 13:00:00+00:00,4.3853308429
2024-10-24 14:00:00+00:00,5.9328165428999995
2024-10-24 15:00:00+00:00,9.937520342900005
2024-10-24 16:00:00+00:00,15.539451342900001
2024-10-24 17:00:00+00:00,19.7385272429
2024-10-24 18:00:00+00:00,21.029051342899997
2024-10-24 19:00:00+00:00,19.1823313429
2024-10-24 20:00:00+00:00,15.7557234429
2024-10-24 21:00:00+00:00,12.849135442900003
2024-10-24 22:00:00+00:00,11.35463575516
2024-10-24 23:00:00+00:00,10.441462855160003
2024-10-25 00:00:00+00:00,9.93313115516
2024-10-25 01:00:00+00:00,10.16866585516
2024-10-25 02:00:00+00:00,10.54711485516
2024-10-25 03:00:00+00:00,11.50807055516
2024-10-25 04:00:00+00:00,14.37471795516
2024-10-25 05:00:00+00:00,18.28071345516
2024-10-25 06:00:00+00:00,20.254888955160002
2024-10-25 07:00:00+00:00,19.58749295516
2024-10-25 08:00:00+00:00,16.67852915516
2024-10-25 09:00:00+00:00,13.46465095516
2024-10-25 10:00:00+00:00,11.799759355159999
2024-10-25 11:00:00+00:00,10.400370355160003
2024-10-25 12:00:00+00:00,8.959801255159999
2024-10-25 13:00:00+00:00,8.141813955160004
2024-10-25 14:00:00+00:00,8.975210055160002
2024-10-25 15:00:00+00:00,11.627003955159998
2024-10-25 16:00:00+00:00,16.347221455160003
2024-10-25 17:00:00+00:00,20.84680165516
2024-10-25 18:00:00+00:00,22.381985055159998
2024-10-25 19:00:00+00:00,21.26048595516
2024-10-25 20:00:00+00:00,18.274873055159997
2024-10-25 21:00:00+00:00,15.967800355160001
2024-10-25 22:00:00+00:00,14.370149035730002
2024-10-25 23:00:00+00:00,13.21580273573
2024-10-26 00:00:00+00:00,11.64075703573
2024-10-26 01:00:00+00:00,10.985783735730001
2024-10-26 02:00:00+00:00,10.88589253573
2024-10-26 03:00:00+00:00,10.735769935730001
2024-10-26 04:00:00+00:00,11.20834683573
2024-10-26 05:00:00+00:00,12.34088813573
2024-10-26 06:00:00+00:00,13.73412023573
2024-10-26 07:00:00+00:00,13.002261135729997
2024-10-26 08:00:00+00:00,9.761403535730002
2024-10-26 09:00:00+00:00,6.658383735730002
2024-10-26 10:00:00+00:00,4.9704193357300035
2024-10-26 11:00:00+00:00,4.539038435730006
2024-10-26 12:00:00+00:00,4.211042835730002
2024-10-26 13:00:00+00:00,3.4197536357300002
2024-10-26 14:00:00+00:00,3.5631035357300043
2024-10-26 15:00:00+00:00,6.185743835730001
2024-10-26 16:00:00+00:00,10.939679235729999
2024-10-26 17:00:00+00:00,14.492279635730002
2024-10-26 18:00:00+00:00,16.493369435729996
2024-10-26 19:00:00+00:00,16.132234335730004
2024-10-26 20:00:00+00:00,14.140079635730002
2024-10-26 21:00:00+00:00,12.45276253573
2024-10-26 22:00:00+00:00,12.738515832140001
2024-10-26 23:00:00+00:00,11.879073232140001
2024-10-27 00:00:00+00:00,11.36903913214
2024-10-27 01:00:00+00:00,11.36903913214
2024-10-27 02:00:00+00:00,10.986693032140002
2024-10-27 03:00:00+00:00,10.97058833214
2024-10-27 04:00:00+00:00,11.238247032140002
2024-10-27 05:00:00+00:00,12.06098613214
2024-10-27 06:00:00+00:00,12.599671232139999
2024-10-27 07:00:00+00:00,11.018330832140002
2024-10-27 08:00:00+00:00,7.672914832140002
2024-10-27 09:00:00+00:00,5.41438743214
2024-10-27 10:00:00+00:00,4.40599153214
2024-10-27 11:00:00+00:00,3.9917693321399987
2024-10-27 12:00:00+00:00,4.312967632139998
2024-10-27 13:00:00+00:00,5.125399432140004
2024-10-27 14:00:00+00:00,4.807563932139999
2024-10-27 15:00:00+00:00,6.324334832140002
2024-10-27 16:00:00+00:00,9.80524153214
2024-10-27 17:00:00+00:00,13.322186732140002
2024-10-27 18:00:00+00:00,15.053144432140002
2024-10-27 19:00:00+00:00,16.51401063214
2024-10-27 20:00:00+00:00,15.99992223214
2024-10-27 21:00:00+00:00,13.75518483214
2024-10-27 22:00:00+00:00,12.02414263214
2024-10-27 23:00:00+00:00,9.705475507580001
2024-10-28 00:00:00+00:00,8.65673780758
2024-10-28 01:00:00+00:00,7.873662907579998
2024-10-28 02:00:00+00:00,7.908343307580001
2024-10-28 03:00:00+00:00,8.001302907580001
2024-10-28 04:00:00+00:00,9.037508207580002
2024-10-28 05:00:00+00:00,12.26908530758
2024-10-28 06:00:00+00:00,15.779026607579997
2024-10-28 07:00:00+00:00,15.928345207579998
2024-10-28 08:00:00+00:00,11.668983307580003
2024-10-28 09:00:00+00:00,8.735152007580002
2024-10-28 10:00:00+00:00,7.111942707579999
2024-10-28 11:00:00+00:00,6.919597207579997
2024-10-28 12:00:00+00:00,7.17778360758
2024-10-28 13:00:00+00:00,7.767395307579999
2024-10-28 14:00:00+00:00,8.340338407580003
2024-10-28 15:00:00+00:00,10.28587010758
2024-10-28 16:00:00+00:00,13.57733620758
2024-10-28 17:00:00+00:00,16.018212207580003
2024-10-28 18:00:00+00:00,17.60450790758
2024-10-28 19:00:00+00:00,18.23481770758
2024-10-28 20:00:00+00:00,17.19642090758
2024-10-28 21:00:00+00:00,14.198799507579999
2024-10-28 22:00:00+00:00,11.61026440758
2024-10-28 23:00:00+00:00,10.08403258837
2024-10-29 00:00:00+00:00,9.021194688370002
2024-10-29 01:00:00+00:00,8.03940088837
2024-10-29 02:00:00+00:00,7.893841088369999
2024-10-29 03:00:00+00:00,7.75482708837
2024-10-29 04:00:00+00:00,8.27170828837
2024-10-29 05:00:00+00:00,10.764008688370001
2024-10-29 06:00:00+00:00,13.94879398837
2024-10-29 07:00:00+00:00,14.492754488370004
2024-10-29 08:00:00+00:00,11.76457618837
2024-10-29 09:00:00+00:00,9.80990188837
2024-10-29 10:00:00+00:00,8.267913088369998
2024-10-29 11:00:00+00:00,7.432409788369998
2024-10-29 12:00:00+00:00,7.188324588369998
2024-10-29 13:00:00+00:00,7.187352488369999
2024-10-29 14:00:00+00:00,7.318368288369999
2024-10-29 15:00:00+00:00,8.46338698837
2024-10-29 16:00:00+00:00,10.568435588370004
2024-10-29 17:00:00+00:00,12.43540588837
2024-10-29 18:00:00+00:00,13.82454158837
2024-10-29 19:00:00+00:00,14.645319088370002
2024-10-29 20:00:00+00:00,13.618793088370001
2024-10-29 21:00:00+00:00,10.746809788370001
2024-10-29 22:00:00+00:00,8.353006988370002
2024-10-29 23:00:00+00:00,6.975101123380002
2024-10-30 00:00:00+00:00,6.179585023379998
2024-10-30 01:00:00+00:00,5.727363823380001
2024-10-30 02:00:00+00:00,6.23832532338
2024-10-30 03:00:00+00:00,6.7774378233800014
2024-10-30 04:00:00+00:00,7.800653523380001
2024-10-30 05:00:00+00:00,10.618633823379998
2024-10-30 06:00:00+00:00,14.20317102338
2024-10-30 07:00:00+00:00,14.634172123379999
2024-10-30 08:00:00+00:00,10.964962123380001
2024-10-30 09:00:00+00:00,8.325366323380003
2024-10-30 10:00:00+00:00,6.870693123380004
2024-10-30 11:00:00+00:00,6.488289023379998
2024-10-30 12:00:00+00:00,6.717196023380001
2024-10-30 13:00:00+00:00,7.432751323380003
2024-10-30 14:00:00+00:00,8.659882723380004
2024-10-30 15:00:00+00:00,11.222892923380002
2024-10-30 16:00:00+00:00,14.801118823380001
2024-10-30 17:00:00+00:00,17.354173223380002
2024-10-30 18:00:00+00:00,18.96954752338
2024-10-30 19:00:00+00:00,20.07069652338
2024-10-30 20:00:00+00:00,19.26014322338
2024-10-30 21:00:00+00:00,16.49523102338
2024-10-30 22:00:00+00:00,14.214498323379999
2024-10-30 23:00:00+00:00,10.945740523980001
2024-10-31 00:00:00+00:00,10.265934823979999
2024-10-31 01:00:00+00:00,9.518260623980002
2024-10-31 02:00:00+00:00,9.66345342398
2024-10-31 03:00:00+00:00,9.80677662398
2024-10-31 04:00:00+00:00,10.735516323979999
2024-10-31 05:00:00+00:00,13.60870882398
2024-10-31 06:00:00+00:00,17.14460992398
2024-10-31 07:00:00+00:00,17.483023823979998
2024-10-31 08:00:00+00:00,14.23228692398
2024-10-31 09:00:00+00:00,11.93175392398
2024-10-31 10:00:00+00:00,10.533850023980001
2024-10-31 11:00:00+00:00,10.055643923980004
2024-10-31 12:00:00+00:00,10.22803512398
2024-10-31 13:00:00+00:00,10.99455522398
2024-10-31 14:00:00+00:00,12.113429623980002
2024-10-31 15:00:00+00:00,14.73804622398
2024-10-31 16:00:00+00:00,18.33405532398
2024-10-31 17:00:00+00:00,20.863194723979998
2024-10-31 18:00:00+00:00,22.25361242398
2024-10-31 19:00:00+00:00,22.920212323980003
2024-10-31 20:00:00+00:00,21.946101423979997
2024-10-31 21:00:00+00:00,19.076712923980004
2024-10-31 22:00:00+00:00,16.773979523979996
2024-10-31 23:00:00+00:00,15.36704513786
2024-11-01 00:00:00+00:00,14.339443637860002
2024-11-01 01:00:00+00:00,13.58382153786
2024-11-01 02:00:00+00:00,13.32583823786
2024-11-01 03:00:00+00:00,13.224781137859999
2024-11-01 04:00:00+00:00,13.488998137860001
2024-11-01 05:00:00+00:00,14.234757537859998
2024-11-01 06:00:00+00:00,14.709836837860001
2024-11-01 07:00:00+00:00,13.25550603786
2024-11-01 08:00:00+00:00,10.665308937859999
2024-11-01 09:00:00+00:00,8.60687313786
2024-11-01 10:00:00+00:00,7.20338543786
2024-11-01 11:00:00+00:00,6.3167755378600035
2024-11-01 12:00:00+00:00,6.531285137859999
2024-11-01 13:00:00+00:00,7.140980437859998
2024-11-01 14:00:00+00:00,7.9777486378599995
2024-11-01 15:00:00+00:00,10.905563237860001
2024-11-01 16:00:00+00:00,15.343234637860002
2024-11-01 17:00:00+00:00,18.62578973786
2024-11-01 18:00:00+00:00,20.167380537859998
2024-11-01 19:00:00+00:00,21.15499953786
2024-11-01 20:00:00+00:00,20.667111137859997
2024-11-01 21:00:00+00:00,19.358018837859998
2024-11-01 22:00:00+00:00,17.718014737860003
2024-11-01 23:00:00+00:00,15.83307851679
2024-11-02 00:00:00+00:00,14.824626316789999
2024-11-02 01:00:00+00:00,13.88274401679
2024-11-02 02:00:00+00:00,13.36224671679
2024-11-02 03:00:00+00:00,13.309812416789999
2024-11-02 04:00:00+00:00,13.53960381679
2024-11-02 05:00:00+00:00,14.30563491679
2024-11-02 06:00:00+00:00,15.40217971679
2024-11-02 07:00:00+00:00,14.628540316790001
2024-11-02 08:00:00+00:00,11.19866841679
2024-11-02 09:00:00+00:00,8.743220516790004
2024-11-02 10:00:00+00:00,7.350133416790001
2024-11-02 11:00:00+00:00,6.817288616790002
2024-11-02 12:00:00+00:00,7.207390316790004
2024-11-02 13:00:00+00:00,7.601838116790002
2024-11-02 14:00:00+00:00,7.682579816790003
2024-11-02 15:00:00+00:00,10.612758516790002
2024-11-02 16:00:00+00:00,15.696015316790001
2024-11-02 17:00:00+00:00,19.531283916790002
2024-11-02 18:00:00+00:00,20.11911931679
2024-11-02 19:00:00+00:00,19.83965461679
2024-11-02 20:00:00+00:00,18.81406321679
2024-11-02 21:00:00+00:00,17.047846116789998
2024-11-02 22:00:00+00:00,15.338895316790001
2024-11-02 23:00:00+00:00,13.84186813128
2024-11-03 00:00:00+00:00,12.505607831279999
2024-11-03 01:00:00+00:00,11.59309093128
2024-11-03 02:00:00+00:00,11.010160431280001
2024-11-03 03:00:00+00:00,10.76580763128
2024-11-03 04:00:00+00:00,10.885469931280001
2024-11-03 05:00:00+00:00,11.363216531279999
2024-11-03 06:00:00+00:00,11.71902273128
2024-11-03 07:00:00+00:00,10.036090231279998
2024-11-03 08:00:00+00:00,6.221453231280002
2024-11-03 09:00:00+00:00,3.254291731280002
2024-11-03 10:00:00+00:00,2.0299982312800005
2024-11-03 11:00:00+00:00,1.5743234312799999
2024-11-03 12:00:00+00:00,2.0441730312799997
2024-11-03 13:00:00+00:00,3.522223531279998
2024-11-03 14:00:00+00:00,3.962308631279999
2024-11-03 15:00:00+00:00,7.199587531279999
2024-11-03 16:00:00+00:00,12.135630131279997
2024-11-03 17:00:00+00:00,15.75837723128
2024-11-03 18:00:00+00:00,16.69139243128
2024-11-03 19:00:00+00:00,17.16807393128
2024-11-03 20:00:00+00:00,16.20518473128
2024-11-03 21:00:00+00:00,14.410358531279998
2024-11-03 22:00:00+00:00,12.297003931280003
2024-11-03 23:00:00+00:00,11.323692702019997
2024-11-04 00:00:00+00:00,10.126187802019999
2024-11-04 01:00:00+00:00,9.663316202020003
2024-11-04 02:00:00+00:00,9.662995502020001
2024-11-04 03:00:00+00:00,9.979881102019998
2024-11-04 04:00:00+00:00,11.046740302020002
2024-11-04 05:00:00+00:00,14.212808902019999
2024-11-04 06:00:00+00:00,17.91956530202
2024-11-04 07:00:00+00:00,19.05258840202
2024-11-04 08:00:00+00:00,15.935961202020001
2024-11-04 09:00:00+00:00,12.656149702019995
2024-11-04 10:00:00+00:00,10.721949102020002
2024-11-04 11:00:00+00:00,10.216899002020003
2024-11-04 12:00:00+00:00,10.519603702020003
2024-11-04 13:00:00+00:00,11.150159402020002
2024-11-04 14:00:00+00:00,12.158534102020003
2024-11-04 15:00:00+00:00,15.41288430202
2024-11-04 16:00:00+00:00,19.89769220202
2024-11-04 17:00:00+00:00,23.10700150202
2024-11-04 18:00:00+00:00,23.91670870202
2024-11-04 19:00:00+00:00,23.68332570202
2024-11-04 20:00:00+00:00,21.88349180202
2024-11-04 21:00:00+00:00,19.17932520202
2024-11-04 22:00:00+00:00,16.60168810202
2024-11-04 23:00:00+00:00,15.331084453400003
2024-11-05 00:00:00+00:00,14.362948153400001
2024-11-05 01:00:00+00:00,14.0849076534
2024-11-05 02:00:00+00:00,14.2568989534
2024-11-05 03:00:00+00:00,14.679056753399998
2024-11-05 04:00:00+00:00,15.6635781534
2024-11-05 05:00:00+00:00,18.5720201534
2024-11-05 06:00:00+00:00,22.2686830534
2024-11-05 07:00:00+00:00,22.5023143534
2024-11-05 08:00:00+00:00,18.5385055534
2024-11-05 09:00:00+00:00,14.644692653399998
2024-11-05 10:00:00+00:00,12.897064353400003
2024-11-05 11:00:00+00:00,12.9117695534
2024-11-05 12:00:00+00:00,13.652468353400002
2024-11-05 13:00:00+00:00,14.280984253400002
2024-11-05 14:00:00+00:00,15.0842334534
2024-11-05 15:00:00+00:00,18.558919053399997
2024-11-05 16:00:00+00:00,23.7862134534
2024-11-05 17:00:00+00:00,27.5155367534
2024-11-05 18:00:00+00:00,28.474617953399996
2024-11-05 19:00:00+00:00,28.3818501534
2024-11-05 20:00:00+00:00,26.7750572534
2024-11-05 21:00:00+00:00,24.1089997534
2024-11-05 22:00:00+00:00,21.423897553400003
2024-11-05 23:00:00+00:00,18.923304172930003
2024-11-06 00:00:00+00:00,17.58654877293
2024-11-06 01:00:00+00:00,16.78652807293
2024-11-06 02:00:00+00:00,16.47622077293
2024-11-06 03:00:00+00:00,16.39143897293
2024-11-06 04:00:00+00:00,16.95365207293
2024-11-06 05:00:00+00:00,19.309219972930002
2024-11-06 06:00:00+00:00,22.717977072929997
2024-11-06 07:00:00+00:00,21.72640837293
2024-11-06 08:00:00+00:00,16.261906572930002
2024-11-06 09:00:00+00:00,11.425227572930002
2024-11-06 10:00:00+00:00,9.63675227293
2024-11-06 11:00:00+00:00,9.067920772930002
2024-11-06 12:00:00+00:00,9.065823772930003
2024-11-06 13:00:00+00:00,9.47714357293
2024-11-06 14:00:00+00:00,10.602038572930002
2024-11-06 15:00:00+00:00,14.528671372930003
2024-11-06 16:00:00+00:00,20.620144572930002
2024-11-06 17:00:00+00:00,24.80711067293
2024-11-06 18:00:00+00:00,24.99483367293
2024-11-06 19:00:00+00:00,25.003251472930003
2024-11-06 20:00:00+00:00,23.787015772929998
2024-11-06 21:00:00+00:00,21.07809457293
2024-11-06 22:00:00+00:00,18.21161497293
2024-11-06 23:00:00+00:00,16.47644313281
2024-11-07 00:00:00+00:00,15.075620732810002
2024-11-07 01:00:00+00:00,14.317890932810002
2024-11-07 02:00:00+00:00,14.101471132809998
2024-11-07 03:00:00+00:00,14.109290332810001
2024-11-07 04:00:00+00:00,14.784589732810002
2024-11-07 05:00:00+00:00,17.25573003281
2024-11-07 06:00:00+00:00,20.83514953281
2024-11-07 07:00:00+00:00,20.79616993281
2024-11-07 08:00:00+00:00,16.60659273281
2024-11-07 09:00:00+00:00,12.30093023281
2024-11-07 10:00:00+00:00,10.463137032810003
2024-11-07 11:00:00+00:00,9.86011923281
2024-11-07 12:00:00+00:00,9.684411132809998
2024-11-07 13:00:00+00:00,9.737616432810004
2024-11-07 14:00:00+00:00,10.673303432809998
2024-11-07 15:00:00+00:00,14.509415232810001
2024-11-07 16:00:00+00:00,20.39290783281
2024-11-07 17:00:00+00:00,24.280278132809997
2024-11-07 18:00:00+00:00,24.61780533281
2024-11-07 19:00:00+00:00,24.64517373281
2024-11-07 20:00:00+00:00,23.340388732810002
2024-11-07 21:00:00+00:00,20.54498563281
2024-11-07 22:00:00+00:00,17.694238032810002
2024-11-07 23:00:00+00:00,16.17312097728
2024-11-08 00:00:00+00:00,14.817226877280001
2024-11-08 01:00:00+00:00,14.159341577280001
2024-11-08 02:00:00+00:00,13.977257677279999
2024-11-08 03:00:00+00:00,14.055479377280001
2024-11-08 04:00:00+00:00,14.834358577280002
2024-11-08 05:00:00+00:00,17.34544047728
2024-11-08 06:00:00+00:00,20.89762347728
2024-11-08 07:00:00+00:00,21.20510437728
2024-11-08 08:00:00+00:00,18.152089877280005
2024-11-08 09:00:00+00:00,14.811012077280001
2024-11-08 10:00:00+00:00,13.216537677280002
2024-11-08 11:00:00+00:00,12.934440077279998
2024-11-08 12:00:00+00:00,13.102701977279999
2024-11-08 13:00:00+00:00,13.397700077280001
2024-11-08 14:00:00+00:00,14.232006277280002
2024-11-08 15:00:00+00:00,16.66298827728
2024-11-08 16:00:00+00:00,20.610891177280003
2024-11-08 17:00:00+00:00,23.57188617728
2024-11-08 18:00:00+00:00,23.87361087728
2024-11-08 19:00:00+00:00,23.603525777279998
2024-11-08 20:00:00+00:00,22.402601177279998
2024-11-08 21:00:00+00:00,19.944302377280003
2024-11-08 22:00:00+00:00,17.625003677280002
2024-11-08 23:00:00+00:00,16.51408958711
2024-11-09 00:00:00+00:00,14.98358418711
2024-11-09 01:00:00+00:00,14.05335968711
2024-11-09 02:00:00+00:00,13.45802728711
2024-11-09 03:00:00+00:00,13.287147887110002
2024-11-09 04:00:00+00:00,13.42898978711
2024-11-09 05:00:00+00:00,14.299039187109997
2024-11-09 06:00:00+00:00,15.06851568711
2024-11-09 07:00:00+00:00,14.72123908711
2024-11-09 08:00:00+00:00,12.782113687110002
2024-11-09 09:00:00+00:00,10.29167468711
2024-11-09 10:00:00+00:00,7.809281787109999
2024-11-09 11:00:00+00:00,6.140935087109998
2024-11-09 12:00:00+00:00,5.192424087110002
2024-11-09 13:00:00+00:00,5.311149387110003
2024-11-09 14:00:00+00:00,5.279701587110001
2024-11-09 15:00:00+00:00,8.082673187110004
2024-11-09 16:00:00+00:00,13.23579678711
2024-11-09 17:00:00+00:00,16.62685688711
2024-11-09 18:00:00+00:00,17.04157588711
2024-11-09 19:00:00+00:00,17.734070587110004
2024-11-09 20:00:00+00:00,17.15638548711
2024-11-09 21:00:00+00:00,15.168367987110003
2024-11-09 22:00:00+00:00,13.729942087109999
2024-11-09 23:00:00+00:00,11.75304548189
2024-11-10 00:00:00+00:00,10.517275581890003
2024-11-10 01:00:00+00:00,9.649385981890001
2024-11-10 02:00:00+00:00,9.04340618189
2024-11-10 03:00:00+00:00,8.804945881890001
2024-11-10 04:00:00+00:00,8.98082298189
2024-11-10 05:00:00+00:00,9.401675281889998
2024-11-10 06:00:00+00:00,9.972480581889998
2024-11-10 07:00:00+00:00,8.421308781890001
2024-11-10 08:00:00+00:00,4.54718668189
2024-11-10 09:00:00+00:00,1.7278527818900002
2024-11-10 10:00:00+00:00,0.8358304818899995
2024-11-10 11:00:00+00:00,0.24368398189000118
2024-11-10 12:00:00+00:00,0.7502432818900004
2024-11-10 13:00:00+00:00,1.882652181890002
2024-11-10 14:00:00+00:00,2.1582709818899986
2024-11-10 15:00:00+00:00,5.50407838189
2024-11-10 16:00:00+00:00,10.856525981890002
2024-11-10 17:00:00+00:00,15.021836481890002
2024-11-10 18:00:00+00:00,16.01058878189
2024-11-10 19:00:00+00:00,17.09292648189
2024-11-10 20:00:00+00:00,16.82676908189
2024-11-10 21:00:00+00:00,15.03055278189
2024-11-10 22:00:00+00:00,13.110762181890001
2024-11-10 23:00:00+00:00,11.58262504973
2024-11-11 00:00:00+00:00,10.431448549729998
2024-11-11 01:00:00+00:00,9.65231144973
2024-11-11 02:00:00+00:00,9.095539949729998
2024-11-11 03:00:00+00:00,8.961937849729999
2024-11-11 04:00:00+00:00,9.589271049730002
2024-11-11 05:00:00+00:00,12.13144314973
2024-11-11 06:00:00+00:00,15.610396049730001
2024-11-11 07:00:00+00:00,15.40499684973
2024-11-11 08:00:00+00:00,9.87807594973
2024-11-11 09:00:00+00:00,5.213375749729998
2024-11-11 10:00:00+00:00,3.0604296497300005
2024-11-11 11:00:00+00:00,2.154809849729997
2024-11-11 12:00:00+00:00,1.9210521497300022
2024-11-11 13:00:00+00:00,2.377569249729998
2024-11-11 14:00:00+00:00,2.7722603497300007
2024-11-11 15:00:00+00:00,6.389993649730002
2024-11-11 16:00:00+00:00,12.34798734973
2024-11-11 17:00:00+00:00,16.61998454973
2024-11-11 18:00:00+00:00,17.10552274973
2024-11-11 19:00:00+00:00,17.01625454973
2024-11-11 20:00:00+00:00,15.822839949730003
2024-11-11 21:00:00+00:00,12.80284544973
2024-11-11 22:00:00+00:00,10.130006049729998
2024-11-11 23:00:00+00:00,8.96245706563
2024-11-12 00:00:00+00:00,7.762720165630004
2024-11-12 01:00:00+00:00,6.966895465629998
2024-11-12 02:00:00+00:00,6.668410865630001
2024-11-12 03:00:00+00:00,6.80768166563
2024-11-12 04:00:00+00:00,7.50142596563
2024-11-12 05:00:00+00:00,9.972549665630002
2024-11-12 06:00:00+00:00,13.66471036563
2024-11-12 07:00:00+00:00,13.01533546563
2024-11-12 08:00:00+00:00,7.526804665629999
2024-11-12 09:00:00+00:00,3.0664352656299982
2024-11-12 10:00:00+00:00,1.2423780656299996
2024-11-12 11:00:00+00:00,0.4091123656300013
2024-11-12 12:00:00+00:00,0.2157078656300051
2024-11-12 13:00:00+00:00,0.803043465630001
2024-11-12 14:00:00+00:00,1.7820366656299989
2024-11-12 15:00:00+00:00,5.804083165630001
2024-11-12 16:00:00+00:00,11.882940665630002
2024-11-12 17:00:00+00:00,16.08715746563
2024-11-12 18:00:00+00:00,16.800135865630004
2024-11-12 19:00:00+00:00,17.735178865630004
2024-11-12 20:00:00+00:00,17.59525026563
2024-11-12 21:00:00+00:00,15.662643865629999
2024-11-12 22:00:00+00:00,13.976782565630002
2024-11-12 23:00:00+00:00,13.40405137239
2024-11-13 00:00:00+00:00,12.730003172390001
2024-11-13 01:00:00+00:00,11.91710967239
2024-11-13 02:00:00+00:00,11.392355672390002
2024-11-13 03:00:00+00:00,11.276299572390002
2024-11-13 04:00:00+00:00,11.68902587239
2024-11-13 05:00:00+00:00,13.79731037239
2024-11-13 06:00:00+00:00,17.09321477239
2024-11-13 07:00:00+00:00,17.73300867239
2024-11-13 08:00:00+00:00,15.527475472390002
2024-11-13 09:00:00+00:00,13.645074972389999
2024-11-13 10:00:00+00:00,12.49672427239
2024-11-13 11:00:00+00:00,11.920624772390003
2024-11-13 12:00:00+00:00,11.756366172390003
2024-11-13 13:00:00+00:00,11.970222872390003
2024-11-13 14:00:00+00:00,11.805008272390001
2024-11-13 15:00:00+00:00,13.12385297239
2024-11-13 16:00:00+00:00,15.56486137239
2024-11-13 17:00:00+00:00,18.05680517239
2024-11-13 18:00:00+00:00,18.36286117239
2024-11-13 19:00:00+00:00,18.496544772390003
2024-11-13 20:00:00+00:00,17.617651072390004
2024-11-13 21:00:00+00:00,14.82872887239
2024-11-13 22:00:00+00:00,12.365634472390001
2024-11-13 23:00:00+00:00,11.483352521670001
2024-11-14 00:00:00+00:00,10.204543421670001
2024-11-14 01:00:00+00:00,9.59693232167
2024-11-14 02:00:00+00:00,9.79232112167
2024-11-14 03:00:00+00:00,10.09384992167
2024-11-14 04:00:00+00:00,11.023971821670001
2024-11-14 05:00:00+00:00,13.599034221670001
2024-11-14 06:00:00+00:00,17.376757821669997
2024-11-14 07:00:00+00:00,18.19525392167
2024-11-14 08:00:00+00:00,15.820150421670002
2024-11-14 09:00:00+00:00,13.652900721670001
2024-11-14 10:00:00+00:00,11.68944652167
2024-11-14 11:00:00+00:00,10.79107862167
2024-11-14 12:00:00+00:00,11.06732972167
2024-11-14 13:00:00+00:00,11.659683521669997
2024-11-14 14:00:00+00:00,13.128390721670002
2024-11-14 15:00:00+00:00,15.48413032167
2024-11-14 16:00:00+00:00,18.584313121670004
2024-11-14 17:00:00+00:00,21.07597872167
2024-11-14 18:00:00+00:00,21.53575352167
2024-11-14 19:00:00+00:00,21.89351222167
2024-11-14 20:00:00+00:00,20.72750662167
2024-11-14 21:00:00+00:00,17.925087321670002
2024-11-14 22:00:00+00:00,15.564313021670001
2024-11-14 23:00:00+00:00,13.33558160226
2024-11-15 00:00:00+00:00,12.13710840226
2024-11-15 01:00:00+00:00,11.842651902259998
2024-11-15 02:00:00+00:00,11.93235330226
2024-11-15 03:00:00+00:00,12.043535102260002
2024-11-15 04:00:00+00:00,12.78020600226
2024-11-15 05:00:00+00:00,15.71259030226
2024-11-15 06:00:00+00:00,19.44212260226
2024-11-15 07:00:00+00:00,20.133461602260002
2024-11-15 08:00:00+00:00,17.76457330226
2024-11-15 09:00:00+00:00,15.340619902259998
2024-11-15 10:00:00+00:00,14.008521502260002
2024-11-15 11:00:00+00:00,13.017246002260002
2024-11-15 12:00:00+00:00,12.67192160226
2024-11-15 13:00:00+00:00,12.926688502260003
2024-11-15 14:00:00+00:00,13.886809402259999
2024-11-15 15:00:00+00:00,15.89292970226
2024-11-15 16:00:00+00:00,19.34202520226
2024-11-15 17:00:00+00:00,21.729287402260002
2024-11-15 18:00:00+00:00,22.11118500226
2024-11-15 19:00:00+00:00,22.23136060226
2024-11-15 20:00:00+00:00,21.271037802259997
2024-11-15 21:00:00+00:00,18.07015550226
2024-11-15 22:00:00+00:00,15.515410002260001
2024-11-15 23:00:00+00:00,14.046088542539998
2024-11-16 00:00:00+00:00,12.557606542539999
2024-11-16 01:00:00+00:00,11.62023214254
2024-11-16 02:00:00+00:00,11.27731944254
2024-11-16 03:00:00+00:00,11.23928344254
2024-11-16 04:00:00+00:00,11.645796742540002
2024-11-16 05:00:00+00:00,12.533500842539999
2024-11-16 06:00:00+00:00,13.53576234254
2024-11-16 07:00:00+00:00,14.016602242540001
2024-11-16 08:00:00+00:00,13.677684142539999
2024-11-16 09:00:00+00:00,12.34021494254
2024-11-16 10:00:00+00:00,10.834033642540001
2024-11-16 11:00:00+00:00,10.15800874254
2024-11-16 12:00:00+00:00,10.29299784254
2024-11-16 13:00:00+00:00,11.03337574254
2024-11-16 14:00:00+00:00,11.99373884254
2024-11-16 15:00:00+00:00,14.38756004254
2024-11-16 16:00:00+00:00,18.38044484254
2024-11-16 17:00:00+00:00,21.453933942539997
2024-11-16 18:00:00+00:00,22.142549442540002
2024-11-16 19:00:00+00:00,22.804608042540004
2024-11-16 20:00:00+00:00,22.31632684254
2024-11-16 21:00:00+00:00,20.59464124254
2024-11-16 22:00:00+00:00,18.98709884254
2024-11-16 23:00:00+00:00,16.86343692488
2024-11-17 00:00:00+00:00,15.36850422488
2024-11-17 01:00:00+00:00,14.192252024880002
2024-11-17 02:00:00+00:00,13.52770422488
2024-11-17 03:00:00+00:00,13.21202152488
2024-11-17 04:00:00+00:00,13.68968172488
2024-11-17 05:00:00+00:00,14.18053052488
2024-11-17 06:00:00+00:00,14.882408824880002
2024-11-17 07:00:00+00:00,13.74353512488
2024-11-17 08:00:00+00:00,11.229715824880001
2024-11-17 09:00:00+00:00,8.48202652488
2024-11-17 10:00:00+00:00,6.761348724880001
2024-11-17 11:00:00+00:00,5.94554822488
2024-11-17 12:00:00+00:00,6.513797224879999
2024-11-17 13:00:00+00:00,8.08121282488
2024-11-17 14:00:00+00:00,9.443494624880001
2024-11-17 15:00:00+00:00,12.49582582488
2024-11-17 16:00:00+00:00,16.79703842488
2024-11-17 17:00:00+00:00,20.18512652488
2024-11-17 18:00:00+00:00,21.04858232488
2024-11-17 19:00:00+00:00,22.006839724880003
2024-11-17 20:00:00+00:00,21.89260452488
2024-11-17 21:00:00+00:00,20.416266524879997
2024-11-17 22:00:00+00:00,18.362409724880003
2024-11-17 23:00:00+00:00,17.35603652923
2024-11-18 00:00:00+00:00,16.00545282923
2024-11-18 01:00:00+00:00,15.23036382923
2024-11-18 02:00:00+00:00,15.083795729230001
2024-11-18 03:00:00+00:00,15.281720329230001
2024-11-18 04:00:00+00:00,16.67681272923
2024-11-18 05:00:00+00:00,19.65061412923
2024-11-18 06:00:00+00:00,23.94641602923
2024-11-18 07:00:00+00:00,24.41400412923
2024-11-18 08:00:00+00:00,19.98826192923
2024-11-18 09:00:00+00:00,15.52299872923
2024-11-18 10:00:00+00:00,13.325273829230003
2024-11-18 11:00:00+00:00,12.576012729230005
2024-11-18 12:00:00+00:00,12.683388729230003
2024-11-18 13:00:00+00:00,13.47061352923
2024-11-18 14:00:00+00:00,15.169317929229999
2024-11-18 15:00:00+00:00,19.160658329230003
2024-11-18 16:00:00+00:00,24.68241862923
2024-11-18 17:00:00+00:00,27.86176122923
2024-11-18 18:00:00+00:00,28.098038429229998
2024-11-18 19:00:00+00:00,28.254353029229996
2024-11-18 20:00:00+00:00,27.180717529229998
2024-11-18 21:00:00+00:00,24.11030382923
2024-11-18 22:00:00+00:00,20.922040729229998
2024-11-18 23:00:00+00:00,20.04332037714
2024-11-19 00:00:00+00:00,18.24157277714
2024-11-19 01:00:00+00:00,16.99323347714
2024-11-19 02:00:00+00:00,16.439111377139998
2024-11-19 03:00:00+00:00,16.175316177139997
2024-11-19 04:00:00+00:00,16.91365697714
2024-11-19 05:00:00+00:00,19.211400977140002
2024-11-19 06:00:00+00:00,23.01459087714
2024-11-19 07:00:00+00:00,23.26578937714
2024-11-19 08:00:00+00:00,19.53501907714
2024-11-19 09:00:00+00:00,15.56952067714
2024-11-19 10:00:00+00:00,13.014453977139997
2024-11-19 11:00:00+00:00,11.312705677140002
2024-11-19 12:00:00+00:00,10.255385077139998
2024-11-19 13:00:00+00:00,9.931148377139998
2024-11-19 14:00:00+00:00,10.49939797714
2024-11-19 15:00:00+00:00,13.62502167714
2024-11-19 16:00:00+00:00,18.71363407714
2024-11-19 17:00:00+00:00,21.48232477714
2024-11-19 18:00:00+00:00,21.166704077140004
2024-11-19 19:00:00+00:00,20.827072577139997
2024-11-19 20:00:00+00:00,19.22357347714
2024-11-19 21:00:00+00:00,15.77168857714
2024-11-19 22:00:00+00:00,12.564610877140002
2024-11-19 23:00:00+00:00,9.14226487157
2024-11-20 00:00:00+00:00,7.675409371569998
2024-11-20 01:00:00+00:00,6.654539871570002
2024-11-20 02:00:00+00:00,6.321768371570002
2024-11-20 03:00:00+00:00,6.2267584715699975
2024-11-20 04:00:00+00:00,6.871007071570002
2024-11-20 05:00:00+00:00,9.111610471570003
2024-11-20 06:00:00+00:00,12.954353171570002
2024-11-20 07:00:00+00:00,13.528315571570001
2024-11-20 08:00:00+00:00,10.11837077157
2024-11-20 09:00:00+00:00,6.244368171569999
2024-11-20 10:00:00+00:00,3.818080171570003
2024-11-20 11:00:00+00:00,2.677037871569997
2024-11-20 12:00:00+00:00,2.2550388715700045
2024-11-20 13:00:00+00:00,2.478136871570001
2024-11-20 14:00:00+00:00,3.65481517157
2024-11-20 15:00:00+00:00,7.346831671570001
2024-11-20 16:00:00+00:00,12.97785247157
2024-11-20 17:00:00+00:00,16.35800867157
2024-11-20 18:00:00+00:00,16.97528337157
2024-11-20 19:00:00+00:00,17.50070417157
2024-11-20 20:00:00+00:00,16.736899271570003
2024-11-20 21:00:00+00:00,14.04731657157
2024-11-20 22:00:00+00:00,11.040619571570002
2024-11-20 23:00:00+00:00,6.956600605400002
2024-11-21 00:00:00+00:00,5.456438505399998
2024-11-21 01:00:00+00:00,4.5454514054000015
2024-11-21 02:00:00+00:00,4.041606505400001
2024-11-21 03:00:00+00:00,3.813981505400001
2024-11-21 04:00:00+00:00,4.3371009054
2024-11-21 05:00:00+00:00,6.8171093054000025
2024-11-21 06:00:00+00:00,10.6798061054
2024-11-21 07:00:00+00:00,11.738474805399996
2024-11-21 08:00:00+00:00,9.0980165054
2024-11-21 09:00:00+00:00,6.071119805399999
2024-11-21 10:00:00+00:00,3.659163105400001
2024-11-21 11:00:00+00:00,2.060160205399999
2024-11-21 12:00:00+00:00,1.5190129053999968
2024-11-21 13:00:00+00:00,1.7867510053999958
2024-11-21 14:00:00+00:00,2.611857005400001
2024-11-21 15:00:00+00:00,5.505090405400001
2024-11-21 16:00:00+00:00,9.369503305399999
2024-11-21 17:00:00+00:00,12.297247805399998
2024-11-21 18:00:00+00:00,13.2657864054
2024-11-21 19:00:00+00:00,13.818805905399998
2024-11-21 20:00:00+00:00,12.998298005400002
2024-11-21 21:00:00+00:00,10.2965323054
2024-11-21 22:00:00+00:00,7.8292881054
2024-11-21 23:00:00+00:00,6.653648331020001
2024-11-22 00:00:00+00:00,5.810903131019998
2024-11-22 01:00:00+00:00,5.237174931020004
2024-11-22 02:00:00+00:00,5.332869731020001
2024-11-22 03:00:00+00:00,5.62502593102
2024-11-22 04:00:00+00:00,6.606902531020001
2024-11-22 05:00:00+00:00,9.801622931019999
2024-11-22 06:00:00+00:00,14.189983031019999
2024-11-22 07:00:00+00:00,15.753597831020002
2024-11-22 08:00:00+00:00,13.87452423102
2024-11-22 09:00:00+00:00,11.719276631020001
2024-11-22 10:00:00+00:00,10.37351243102
2024-11-22 11:00:00+00:00,9.88654173102
2024-11-22 12:00:00+00:00,10.621880531020004
2024-11-22 13:00:00+00:00,11.353985631020002
2024-11-22 14:00:00+00:00,13.126557231020001
2024-11-22 15:00:00+00:00,16.378016031020003
2024-11-22 16:00:00+00:00,21.41229903102
2024-11-22 17:00:00+00:00,25.38545373102
2024-11-22 18:00:00+00:00,26.57127773102
2024-11-22 19:00:00+00:00,26.81973723102
2024-11-22 20:00:00+00:00,25.34188223102
2024-11-22 21:00:00+00:00,21.88048953102
2024-11-22 22:00:00+00:00,19.03698713102
2024-11-22 23:00:00+00:00,16.596209374860003
2024-11-23 00:00:00+00:00,14.663240874860001
2024-11-23 01:00:00+00:00,13.068801174860003
2024-11-23 02:00:00+00:00,11.951448174860003
2024-11-23 03:00:00+00:00,11.172954674860001
2024-11-23 04:00:00+00:00,10.744893974860002
2024-11-23 05:00:00+00:00,11.21927297486
2024-11-23 06:00:00+00:00,11.93405307486
2024-11-23 07:00:00+00:00,12.03631757486
2024-11-23 08:00:00+00:00,10.204786474860002
2024-11-23 09:00:00+00:00,7.705881674860002
2024-11-23 10:00:00+00:00,5.406546274859998
2024-11-23 11:00:00+00:00,3.90711097486
2024-11-23 12:00:00+00:00,3.7322788748600004
2024-11-23 13:00:00+00:00,4.067157074859999
2024-11-23 14:00:00+00:00,4.554129674859997
2024-11-23 15:00:00+00:00,7.363323274860001
2024-11-23 16:00:00+00:00,11.454120674860004
2024-11-23 17:00:00+00:00,13.869300774860003
2024-11-23 18:00:00+00:00,14.053234974859999
2024-11-23 19:00:00+00:00,14.413510274860002
2024-11-23 20:00:00+00:00,13.934682074860003
2024-11-23 21:00:00+00:00,11.800597974860002
2024-11-23 22:00:00+00:00,10.049708874860002
2024-11-23 23:00:00+00:00,8.325204110449999
2024-11-24 00:00:00+00:00,6.8695951104500015
2024-11-24 01:00:00+00:00,5.865496310450002
2024-11-24 02:00:00+00:00,5.431779810450001
2024-11-24 03:00:00+00:00,5.321852010450002
2024-11-24 04:00:00+00:00,5.317142410450002
2024-11-24 05:00:00+00:00,6.046312710450001
2024-11-24 06:00:00+00:00,6.74717151045
2024-11-24 07:00:00+00:00,6.2482525104499995
2024-11-24 08:00:00+00:00,3.9278124104500023
2024-11-24 09:00:00+00:00,1.1266136104500006
2024-11-24 10:00:00+00:00,-0.7006152895500009
2024-11-24 11:00:00+00:00,-1.5976707895499942
2024-11-24 12:00:00+00:00,-0.7938706895499976
2024-11-24 13:00:00+00:00,0.4360263104499964
2024-11-24 14:00:00+00:00,1.9016403104499986
2024-11-24 15:00:00+00:00,4.283735310449998
2024-11-24 16:00:00+00:00,7.209828110449999
2024-11-24 17:00:00+00:00,10.09491501045
2024-11-24 18:00:00+00:00,11.300175310450001
2024-11-24 19:00:00+00:00,12.400121610450002
2024-11-24 20:00:00+00:00,12.353117910449999
2024-11-24 21:00:00+00:00,10.20623581045
2024-11-24 22:00:00+00:00,7.5604291104499985
2024-11-24 23:00:00+00:00,5.5357616093200015
2024-11-25 00:00:00+00:00,4.203579509320004
2024-11-25 01:00:00+00:00,3.375863409320001
2024-11-25 02:00:00+00:00,3.2133439093200025
2024-11-25 03:00:00+00:00,3.401771709320002
2024-11-25 04:00:00+00:00,3.9784936093199974
2024-11-25 05:00:00+00:00,7.210536409320003
2024-11-25 06:00:00+00:00,11.65186950932
2024-11-25 07:00:00+00:00,13.636012309320002
2024-11-25 08:00:00+00:00,11.835155409320006
2024-11-25 09:00:00+00:00,9.500008709320003
2024-11-25 10:00:00+00:00,7.685690309320002
2024-11-25 11:00:00+00:00,6.831353309320004
2024-11-25 12:00:00+00:00,6.900572809320003
2024-11-25 13:00:00+00:00,7.035467909320001
2024-11-25 14:00:00+00:00,8.393193609320004
2024-11-25 15:00:00+00:00,11.537333609320001
2024-11-25 16:00:00+00:00,16.062099409320002
2024-11-25 17:00:00+00:00,19.86961350932
2024-11-25 18:00:00+00:00,21.496409609319997
2024-11-25 19:00:00+00:00,22.367953209320003
2024-11-25 20:00:00+00:00,21.90321070932
2024-11-25 21:00:00+00:00,19.319701909320003
2024-11-25 22:00:00+00:00,17.22107630932
2024-11-25 23:00:00+00:00,15.13657318008
2024-11-26 00:00:00+00:00,14.03229228008
2024-11-26 01:00:00+00:00,13.53780748008
2024-11-26 02:00:00+00:00,13.814778780080001
2024-11-26 03:00:00+00:00,14.40987498008
2024-11-26 04:00:00+00:00,15.421418080079999
2024-11-26 05:00:00+00:00,18.65076318008
2024-11-26 06:00:00+00:00,23.21803148008
2024-11-26 07:00:00+00:00,24.791921780080003
2024-11-26 08:00:00+00:00,21.596141080080002
2024-11-26 09:00:00+00:00,17.72838648008
2024-11-26 10:00:00+00:00,15.297766880080003
2024-11-26 11:00:00+00:00,14.31620148008
2024-11-26 12:00:00+00:00,14.70599938008
2024-11-26 13:00:00+00:00,15.20681278008
2024-11-26 14:00:00+00:00,17.391722880080003
2024-11-26 15:00:00+00:00,20.628857880079998
2024-11-26 16:00:00+00:00,24.13737628008
2024-11-26 17:00:00+00:00,26.674063380080003
2024-11-26 18:00:00+00:00,26.983547880080003
2024-11-26 19:00:00+00:00,27.331130080079998
2024-11-26 20:00:00+00:00,26.388314580079996
2024-11-26 21:00:00+00:00,23.25694678008
2024-11-26 22:00:00+00:00,20.579260480080002
2024-11-26 23:00:00+00:00,18.44263848749
2024-11-27 00:00:00+00:00,16.89836758749
2024-11-27 01:00:00+00:00,16.04632548749
2024-11-27 02:00:00+00:00,15.937772187490001
2024-11-27 03:00:00+00:00,16.20383468749
2024-11-27 04:00:00+00:00,16.84911138749
2024-11-27 05:00:00+00:00,19.69037268749
2024-11-27 06:00:00+00:00,23.84573018749
2024-11-27 07:00:00+00:00,24.533305287490002
2024-11-27 08:00:00+00:00,19.53491158749
2024-11-27 09:00:00+00:00,14.119159487490002
2024-11-27 10:00:00+00:00,11.435114587490002
2024-11-27 11:00:00+00:00,10.498893287489999
2024-11-27 12:00:00+00:00,10.977091687489999
2024-11-27 13:00:00+00:00,11.54427108749
2024-11-27 14:00:00+00:00,13.52577228749
2024-11-27 15:00:00+00:00,18.25114498749
2024-11-27 16:00:00+00:00,24.334285287489998
2024-11-27 17:00:00+00:00,28.03544278749
2024-11-27 18:00:00+00:00,28.38915688749
2024-11-27 19:00:00+00:00,28.64869968749
2024-11-27 20:00:00+00:00,27.564072887490003
2024-11-27 21:00:00+00:00,24.24045308749
2024-11-27 22:00:00+00:00,21.29652728749
2024-11-27 23:00:00+00:00,18.837396924849998
2024-11-28 00:00:00+00:00,17.12255492485
2024-11-28 01:00:00+00:00,16.103920024849998
2024-11-28 02:00:00+00:00,15.900946524850001
2024-11-28 03:00:00+00:00,16.082910124850002
2024-11-28 04:00:00+00:00,16.64862082485
2024-11-28 05:00:00+00:00,19.47121412485
2024-11-28 06:00:00+00:00,23.666862024850005
2024-11-28 07:00:00+00:00,24.21501652485
2024-11-28 08:00:00+00:00,19.07366212485
2024-11-28 09:00:00+00:00,13.43756902485
2024-11-28 10:00:00+00:00,10.65792482485
2024-11-28 11:00:00+00:00,9.756509724850002
2024-11-28 12:00:00+00:00,10.405494224849999
2024-11-28 13:00:00+00:00,11.03654712485
2024-11-28 14:00:00+00:00,13.03672992485
2024-11-28 15:00:00+00:00,17.57863522485
2024-11-28 16:00:00+00:00,23.05601652485
2024-11-28 17:00:00+00:00,26.229165024849998
2024-11-28 18:00:00+00:00,26.31933582485
2024-11-28 19:00:00+00:00,26.480086124849997
2024-11-28 20:00:00+00:00,25.320875624850004
2024-11-28 21:00:00+00:00,21.952700124849997
2024-11-28 22:00:00+00:00,19.013970124849997
2024-11-28 23:00:00+00:00,16.69496767086
2024-11-29 00:00:00+00:00,15.08133507086
2024-11-29 01:00:00+00:00,13.84824017086
2024-11-29 02:00:00+00:00,13.33183897086
2024-11-29 03:00:00+00:00,13.15630777086
2024-11-29 04:00:00+00:00,13.828926670860001
2024-11-29 05:00:00+00:00,16.70967897086
2024-11-29 06:00:00+00:00,20.75549167086
2024-11-29 07:00:00+00:00,21.95476877086
2024-11-29 08:00:00+00:00,18.795741770859998
2024-11-29 09:00:00+00:00,14.510925770860002
2024-11-29 10:00:00+00:00,12.379043570859999
2024-11-29 11:00:00+00:00,11.443242670860002
2024-11-29 12:00:00+00:00,11.545919070860002
2024-11-29 13:00:00+00:00,12.014163170860002
2024-11-29 14:00:00+00:00,13.710981770860002
2024-11-29 15:00:00+00:00,17.64581977086
2024-11-29 16:00:00+00:00,22.675601870860003
2024-11-29 17:00:00+00:00,25.14170567086
2024-11-29 18:00:00+00:00,25.223608070860003
2024-11-29 19:00:00+00:00,25.34313277086
2024-11-29 20:00:00+00:00,24.348626270860002
2024-11-29 21:00:00+00:00,21.85869777086
2024-11-29 22:00:00+00:00,19.506402670860002
2024-11-29 23:00:00+00:00,18.26381277901
2024-11-30 00:00:00+00:00,16.55705607901
2024-11-30 01:00:00+00:00,15.716874779009999
2024-11-30 02:00:00+00:00,15.10947807901
2024-11-30 03:00:00+00:00,15.087786479010001
2024-11-30 04:00:00+00:00,15.257585879010001
2024-11-30 05:00:00+00:00,16.072101079009997
2024-11-30 06:00:00+00:00,17.32972547901
2024-11-30 07:00:00+00:00,17.455366379009998
2024-11-30 08:00:00+00:00,14.760034579010002
2024-11-30 09:00:00+00:00,11.24238017901
2024-11-30 10:00:00+00:00,8.859500479009998
2024-11-30 11:00:00+00:00,7.520365579010001
2024-11-30 12:00:00+00:00,7.557315079009999
2024-11-30 13:00:00+00:00,8.216293479010002
2024-11-30 14:00:00+00:00,9.297865079010002
2024-11-30 15:00:00+00:00,13.110591279010002
2024-11-30 16:00:00+00:00,17.806994279010002
2024-11-30 17:00:00+00:00,20.179171679009997
2024-11-30 18:00:00+00:00,20.45095507901
2024-11-30 19:00:00+00:00,21.14503357901
2024-11-30 20:00:00+00:00,20.64746607901
2024-11-30 21:00:00+00:00,18.44369067901
2024-11-30 22:00:00+00:00,16.597253779009996
2024-11-30 23:00:00+00:00,15.43792420798
2024-12-01 00:00:00+00:00,13.891338307980002
2024-12-01 01:00:00+00:00,12.76093450798
2024-12-01 02:00:00+00:00,12.315462607979999
2024-12-01 03:00:00+00:00,12.233546507980002
2024-12-01 04:00:00+00:00,12.430483707980002
2024-12-01 05:00:00+00:00,13.410176807980001
2024-12-01 06:00:00+00:00,14.03067580798
2024-12-01 07:00:00+00:00,14.46153440798
2024-12-01 08:00:00+00:00,13.14744290798
2024-12-01 09:00:00+00:00,10.733173907979998
2024-12-01 10:00:00+00:00,8.93008170798
2024-12-01 11:00:00+00:00,8.020565507979997
2024-12-01 12:00:00+00:00,8.61489510798
2024-12-01 13:00:00+00:00,10.25090130798
2024-12-01 14:00:00+00:00,11.89099850798
2024-12-01 15:00:00+00:00,15.06036410798
2024-12-01 16:00:00+00:00,18.75362460798
2024-12-01 17:00:00+00:00,21.706611907979998
2024-12-01 18:00:00+00:00,22.69841470798
2024-12-01 19:00:00+00:00,24.00192310798
2024-12-01 20:00:00+00:00,24.21612190798
2024-12-01 21:00:00+00:00,22.03505440798
2024-12-01 22:00:00+00:00,19.863742807980003
2024-12-01 23:00:00+00:00,17.86172716942
2024-12-02 00:00:00+00:00,16.48679276942
2024-12-02 01:00:00+00:00,15.446260869420001
2024-12-02 02:00:00+00:00,15.180828169420002
2024-12-02 03:00:00+00:00,15.28175106942
2024-12-02 04:00:00+00:00,16.00355476942
2024-12-02 05:00:00+00:00,19.20142406942
2024-12-02 06:00:00+00:00,23.12859506942
2024-12-02 07:00:00+00:00,25.887487569420003
2024-12-02 08:00:00+00:00,23.32397736942
2024-12-02 09:00:00+00:00,19.277913069420002
2024-12-02 10:00:00+00:00,16.27562176942
2024-12-02 11:00:00+00:00,14.69093266942
2024-12-02 12:00:00+00:00,14.470295569420003
2024-12-02 13:00:00+00:00,15.19587536942
2024-12-02 14:00:00+00:00,16.89025936942
2024-12-02 15:00:00+00:00,20.12969576942
2024-12-02 16:00:00+00:00,23.83787496942
2024-12-02 17:00:00+00:00,25.87146186942
2024-12-02 18:00:00+00:00,25.415739269419998
2024-12-02 19:00:00+00:00,25.47395476942
2024-12-02 20:00:00+00:00,24.579830269419997
2024-12-02 21:00:00+00:00,21.37412426942
2024-12-02 22:00:00+00:00,18.769587369419998
2024-12-02 23:00:00+00:00,18.713049097370003
2024-12-03 00:00:00+00:00,17.145677197370002
2024-12-03 01:00:00+00:00,16.042551197370003
2024-12-03 02:00:00+00:00,15.813596297370001
2024-12-03 03:00:00+00:00,15.89350609737
2024-12-03 04:00:00+00:00,16.50602889737
2024-12-03 05:00:00+00:00,19.540226097370002
2024-12-03 06:00:00+00:00,23.62659399737
2024-12-03 07:00:00+00:00,25.76051949737
2024-12-03 08:00:00+00:00,22.79765229737
2024-12-03 09:00:00+00:00,18.51855099737
2024-12-03 10:00:00+00:00,15.49135459737
2024-12-03 11:00:00+00:00,13.593524497370002
2024-12-03 12:00:00+00:00,12.857367597370004
2024-12-03 13:00:00+00:00,12.895619697370002
2024-12-03 14:00:00+00:00,14.239896497370005
2024-12-03 15:00:00+00:00,17.78032919737
2024-12-03 16:00:00+00:00,21.92921959737
2024-12-03 17:00:00+00:00,24.054936097370003
2024-12-03 18:00:00+00:00,23.675078197370002
2024-12-03 19:00:00+00:00,23.607773897369995
2024-12-03 20:00:00+00:00,22.41038069737
2024-12-03 21:00:00+00:00,18.84270579737
2024-12-03 22:00:00+00:00,15.92651059737
2024-12-03 23:00:00+00:00,14.384389392829998
2024-12-04 00:00:00+00:00,12.799320192829999
2024-12-04 01:00:00+00:00,11.444109092829999
2024-12-04 02:00:00+00:00,10.70284169283
2024-12-04 03:00:00+00:00,10.19873749283
2024-12-04 04:00:00+00:00,10.21185949283
2024-12-04 05:00:00+00:00,12.739504992829998
2024-12-04 06:00:00+00:00,16.48018879283
2024-12-04 07:00:00+00:00,18.39526909283
2024-12-04 08:00:00+00:00,15.394628292830003
2024-12-04 09:00:00+00:00,10.853728592830002
2024-12-04 10:00:00+00:00,7.960292892830001
2024-12-04 11:00:00+00:00,6.666199492830003
2024-12-04 12:00:00+00:00,6.594004692829998
2024-12-04 13:00:00+00:00,7.477427392830002
2024-12-04 14:00:00+00:00,9.433997692830001
2024-12-04 15:00:00+00:00,14.12089959283
2024-12-04 16:00:00+00:00,20.06517159283
2024-12-04 17:00:00+00:00,23.434308792830002
2024-12-04 18:00:00+00:00,23.65112679283
2024-12-04 19:00:00+00:00,24.30697729283
2024-12-04 20:00:00+00:00,23.83934009283
2024-12-04 21:00:00+00:00,20.93055309283
2024-12-04 22:00:00+00:00,18.564798692830003
2024-12-04 23:00:00+00:00,16.11393884058
2024-12-05 00:00:00+00:00,14.687983740580002
2024-12-05 01:00:00+00:00,13.712674740579999
2024-12-05 02:00:00+00:00,13.726829540580002
2024-12-05 03:00:00+00:00,13.475154140579999
2024-12-05 04:00:00+00:00,13.943408240579998
2024-12-05 05:00:00+00:00,16.52477884058
2024-12-05 06:00:00+00:00,20.35883454058
2024-12-05 07:00:00+00:00,21.19321024058
2024-12-05 08:00:00+00:00,17.268598940580002
2024-12-05 09:00:00+00:00,11.899320740580002
2024-12-05 10:00:00+00:00,8.972000240580002
2024-12-05 11:00:00+00:00,7.438897240580005
2024-12-05 12:00:00+00:00,7.354442140580002
2024-12-05 13:00:00+00:00,7.67461344058
2024-12-05 14:00:00+00:00,9.30084074058
2024-12-05 15:00:00+00:00,13.753648440579997
2024-12-05 16:00:00+00:00,19.34493674058
2024-12-05 17:00:00+00:00,21.982048540580003
2024-12-05 18:00:00+00:00,22.10751424058
2024-12-05 19:00:00+00:00,22.435654440580002
2024-12-05 20:00:00+00:00,21.59436444058
2024-12-05 21:00:00+00:00,18.48318034058
2024-12-05 22:00:00+00:00,15.60996654058
2024-12-05 23:00:00+00:00,13.100495991119999
2024-12-06 00:00:00+00:00,11.436552291120002
2024-12-06 01:00:00+00:00,10.285730691120001
2024-12-06 02:00:00+00:00,9.769709491119999
2024-12-06 03:00:00+00:00,9.669807991119999
2024-12-06 04:00:00+00:00,9.99312049112
2024-12-06 05:00:00+00:00,10.85542519112
2024-12-06 06:00:00+00:00,12.28431279112
2024-12-06 07:00:00+00:00,12.77241969112
2024-12-06 08:00:00+00:00,10.26394409112
2024-12-06 09:00:00+00:00,6.878566191120001
2024-12-06 10:00:00+00:00,4.661780191120005
2024-12-06 11:00:00+00:00,3.45382459112
2024-12-06 12:00:00+00:00,3.2672321911200015
2024-12-06 13:00:00+00:00,3.2949262911199995
2024-12-06 14:00:00+00:00,4.026475491119999
2024-12-06 15:00:00+00:00,7.719083491120003
2024-12-06 16:00:00+00:00,13.33914449112
2024-12-06 17:00:00+00:00,16.76703509112
2024-12-06 18:00:00+00:00,17.44422189112
2024-12-06 19:00:00+00:00,18.140898391120004
2024-12-06 20:00:00+00:00,18.10594319112
2024-12-06 21:00:00+00:00,16.905757291120004
2024-12-06 22:00:00+00:00,14.528964091119999
2024-12-06 23:00:00+00:00,12.30668849153
2024-12-07 00:00:00+00:00,10.55416299153
2024-12-07 01:00:00+00:00,9.15436429153
2024-12-07 02:00:00+00:00,8.083138591529998
2024-12-07 03:00:00+00:00,7.394691091530001
2024-12-07 04:00:00+00:00,6.805688191530001
2024-12-07 05:00:00+00:00,7.009594091529998
2024-12-07 06:00:00+00:00,7.52155439153
2024-12-07 07:00:00+00:00,7.22028039153
2024-12-07 08:00:00+00:00,5.657816691530005
2024-12-07 09:00:00+00:00,2.591931291529999
2024-12-07 10:00:00+00:00,-0.575071408469995
2024-12-07 11:00:00+00:00,-2.7767132084699995
2024-12-07 12:00:00+00:00,-3.6989064084699983
2024-12-07 13:00:00+00:00,-4.130244308469994
2024-12-07 14:00:00+00:00,-4.001217608469993
2024-12-07 15:00:00+00:00,-0.7561926084699984
2024-12-07 16:00:00+00:00,4.621390891530005
2024-12-07 17:00:00+00:00,7.919490491529999
2024-12-07 18:00:00+00:00,8.354257891530004
2024-12-07 19:00:00+00:00,8.824564191530001
2024-12-07 20:00:00+00:00,9.080615291530002
2024-12-07 21:00:00+00:00,7.883087891530003
2024-12-07 22:00:00+00:00,6.328400391530003
2024-12-07 23:00:00+00:00,6.813650474239996
2024-12-08 00:00:00+00:00,5.107779274240002
2024-12-08 01:00:00+00:00,3.7213931742399993
2024-12-08 02:00:00+00:00,3.0701024742399987
2024-12-08 03:00:00+00:00,2.8194465742400006
2024-12-08 04:00:00+00:00,3.0064515742400033
2024-12-08 05:00:00+00:00,3.8072489742399966
2024-12-08 06:00:00+00:00,5.3919124742400015
2024-12-08 07:00:00+00:00,5.880032974240002
2024-12-08 08:00:00+00:00,2.8763258742399955
2024-12-08 09:00:00+00:00,-0.8430557257599993
2024-12-08 10:00:00+00:00,-3.202870725759997
2024-12-08 11:00:00+00:00,-4.255553325760001
2024-12-08 12:00:00+00:00,-4.089295425759996
2024-12-08 13:00:00+00:00,-3.673445425760004
2024-12-08 14:00:00+00:00,-3.0432712257600016
2024-12-08 15:00:00+00:00,0.21301407424000018
2024-12-08 16:00:00+00:00,5.561013674240002
2024-12-08 17:00:00+00:00,9.41036157424
2024-12-08 18:00:00+00:00,10.464983874240001
2024-12-08 19:00:00+00:00,11.04396577424
2024-12-08 20:00:00+00:00,11.03008087424
2024-12-08 21:00:00+00:00,9.687513974240002
2024-12-08 22:00:00+00:00,7.324827574239997
2024-12-08 23:00:00+00:00,5.304028863580001
2024-12-09 00:00:00+00:00,3.852996463580002
2024-12-09 01:00:00+00:00,3.1613892635799985
2024-12-09 02:00:00+00:00,3.069382063580001
2024-12-09 03:00:00+00:00,3.1687410635800006
2024-12-09 04:00:00+00:00,4.144012863579999
2024-12-09 05:00:00+00:00,7.7867435635800035
2024-12-09 06:00:00+00:00,12.39705006358
2024-12-09 07:00:00+00:00,14.976712263580001
2024-12-09 08:00:00+00:00,11.657690063580006
2024-12-09 09:00:00+00:00,6.582617963580002
2024-12-09 10:00:00+00:00,3.5402197635800015
2024-12-09 11:00:00+00:00,2.640452363580007
2024-12-09 12:00:00+00:00,2.6599956635800055
2024-12-09 13:00:00+00:00,2.640552963580003
2024-12-09 14:00:00+00:00,4.0129854635800015
2024-12-09 15:00:00+00:00,8.04963366358
2024-12-09 16:00:00+00:00,13.755709863580002
2024-12-09 17:00:00+00:00,17.30066286358
2024-12-09 18:00:00+00:00,18.032795463579998
2024-12-09 19:00:00+00:00,18.760082663580004
2024-12-09 20:00:00+00:00,18.443918863580002
2024-12-09 21:00:00+00:00,16.04272926358
2024-12-09 22:00:00+00:00,13.662976663579999
2024-12-09 23:00:00+00:00,12.118016785719998
2024-12-10 00:00:00+00:00,10.86706128572
2024-12-10 01:00:00+00:00,10.372748985720001
2024-12-10 02:00:00+00:00,10.33749018572
2024-12-10 03:00:00+00:00,10.580065085720001
2024-12-10 04:00:00+00:00,11.63713648572
2024-12-10 05:00:00+00:00,15.19628988572
2024-12-10 06:00:00+00:00,20.13533128572
2024-12-10 07:00:00+00:00,22.12844338572
2024-12-10 08:00:00+00:00,18.808979485719995
2024-12-10 09:00:00+00:00,14.06213428572
2024-12-10 10:00:00+00:00,11.63537508572
2024-12-10 11:00:00+00:00,11.422485085720002
2024-12-10 12:00:00+00:00,12.077831285720006
2024-12-10 13:00:00+00:00,12.743771085720002
2024-12-10 14:00:00+00:00,14.70507738572
2024-12-10 15:00:00+00:00,19.29434788572
2024-12-10 16:00:00+00:00,25.09325548572
2024-12-10 17:00:00+00:00,28.494615885720002
2024-12-10 18:00:00+00:00,28.943155485720002
2024-12-10 19:00:00+00:00,29.657886985719998
2024-12-10 20:00:00+00:00,28.99727168572
2024-12-10 21:00:00+00:00,25.878544385719998
2024-12-10 22:00:00+00:00,23.120783585719998
2024-12-10 23:00:00+00:00,20.50689197592
2024-12-11 00:00:00+00:00,18.84792227592
2024-12-11 01:00:00+00:00,18.070849975919998
2024-12-11 02:00:00+00:00,17.76808517592
2024-12-11 03:00:00+00:00,17.84215567592
2024-12-11 04:00:00+00:00,18.70905347592
2024-12-11 05:00:00+00:00,21.96169357592
2024-12-11 06:00:00+00:00,26.54612557592
2024-12-11 07:00:00+00:00,28.57652077592
2024-12-11 08:00:00+00:00,25.815467975919997
2024-12-11 09:00:00+00:00,21.285029875920003
2024-12-11 10:00:00+00:00,18.59778687592
2024-12-11 11:00:00+00:00,18.146562575920004
2024-12-11 12:00:00+00:00,18.47762357592
2024-12-11 13:00:00+00:00,18.853296275920002
2024-12-11 14:00:00+00:00,20.393499475920002
2024-12-11 15:00:00+00:00,24.06453027592
2024-12-11 16:00:00+00:00,28.60083897592
2024-12-11 17:00:00+00:00,30.98903887592
2024-12-11 18:00:00+00:00,30.727489075919998
2024-12-11 19:00:00+00:00,30.881289975919998
2024-12-11 20:00:00+00:00,29.819300575920003
2024-12-11 21:00:00+00:00,26.402000375920004
2024-12-11 22:00:00+00:00,23.39999117592
2024-12-11 23:00:00+00:00,20.54783561931
2024-12-12 00:00:00+00:00,18.83577631931
2024-12-12 01:00:00+00:00,17.49426281931
2024-12-12 02:00:00+00:00,17.122942619309995
2024-12-12 03:00:00+00:00,17.01512371931
2024-12-12 04:00:00+00:00,17.921794519309998
2024-12-12 05:00:00+00:00,20.740405119309997
2024-12-12 06:00:00+00:00,25.25710831931
2024-12-12 07:00:00+00:00,27.66853501931
2024-12-12 08:00:00+00:00,25.46448461931
2024-12-12 09:00:00+00:00,21.66823721931
2024-12-12 10:00:00+00:00,19.24417341931
2024-12-12 11:00:00+00:00,17.89202191931
2024-12-12 12:00:00+00:00,18.29765981931
2024-12-12 13:00:00+00:00,19.595860819310005
2024-12-12 14:00:00+00:00,21.722886219310002
2024-12-12 15:00:00+00:00,24.795718819309997
2024-12-12 16:00:00+00:00,28.48878341931
2024-12-12 17:00:00+00:00,30.799038019309997
2024-12-12 18:00:00+00:00,31.48092921931
2024-12-12 19:00:00+00:00,32.05595871931
2024-12-12 20:00:00+00:00,30.974982819310004
2024-12-12 21:00:00+00:00,27.509654919309998
2024-12-12 22:00:00+00:00,24.27401651931
2024-12-12 23:00:00+00:00,21.902958789640003
2024-12-13 00:00:00+00:00,20.106993589640002
2024-12-13 01:00:00+00:00,18.921556489640004
2024-12-13 02:00:00+00:00,18.69606188964
2024-12-13 03:00:00+00:00,18.78525968964
2024-12-13 04:00:00+00:00,19.895807289639997
2024-12-13 05:00:00+00:00,22.915505289640002
2024-12-13 06:00:00+00:00,27.58602008964
2024-12-13 07:00:00+00:00,30.210600089640003
2024-12-13 08:00:00+00:00,28.95397238964
2024-12-13 09:00:00+00:00,25.88300308964
2024-12-13 10:00:00+00:00,22.976403789640003
2024-12-13 11:00:00+00:00,20.70568988964
2024-12-13 12:00:00+00:00,20.200333689640004
2024-12-13 13:00:00+00:00,20.33752428964
2024-12-13 14:00:00+00:00,21.38549488964
2024-12-13 15:00:00+00:00,24.50478488964
2024-12-13 16:00:00+00:00,29.41325798964
2024-12-13 17:00:00+00:00,32.452706089639996
2024-12-13 18:00:00+00:00,33.10867388964
2024-12-13 19:00:00+00:00,33.21187148964
2024-12-13 20:00:00+00:00,31.87296258964
2024-12-13 21:00:00+00:00,28.402177589639997
2024-12-13 22:00:00+00:00,25.373487489640002
2024-12-13 23:00:00+00:00,22.912323532160002
2024-12-14 00:00:00+00:00,20.47861733216
2024-12-14 01:00:00+00:00,18.74007203216
2024-12-14 02:00:00+00:00,17.95401893216
2024-12-14 03:00:00+00:00,17.36097943216
2024-12-14 04:00:00+00:00,17.34442163216
2024-12-14 05:00:00+00:00,18.31267063216
2024-12-14 06:00:00+00:00,19.510054232159998
2024-12-14 07:00:00+00:00,20.82530433216
2024-12-14 08:00:00+00:00,19.360629632160002
2024-12-14 09:00:00+00:00,15.89197383216
2024-12-14 10:00:00+00:00,12.96361923216
2024-12-14 11:00:00+00:00,11.349103332159999
2024-12-14 12:00:00+00:00,10.921763332159998
2024-12-14 13:00:00+00:00,11.438976232160002
2024-12-14 14:00:00+00:00,12.355568732159998
2024-12-14 15:00:00+00:00,16.05075943216
2024-12-14 16:00:00+00:00,21.31314533216
2024-12-14 17:00:00+00:00,23.58406643216
2024-12-14 18:00:00+00:00,23.61480823216
2024-12-14 19:00:00+00:00,24.287209432159997
2024-12-14 20:00:00+00:00,24.19237743216
2024-12-14 21:00:00+00:00,21.65399213216
2024-12-14 22:00:00+00:00,19.11060413216
2024-12-14 23:00:00+00:00,16.01407622397
2024-12-15 00:00:00+00:00,13.860637023970002
2024-12-15 01:00:00+00:00,12.31719892397
2024-12-15 02:00:00+00:00,11.466619823970001
2024-12-15 03:00:00+00:00,11.04233212397
2024-12-15 04:00:00+00:00,10.829528323970003
2024-12-15 05:00:00+00:00,11.360789323970002
2024-12-15 06:00:00+00:00,12.121281623970003
2024-12-15 07:00:00+00:00,12.39282282397
2024-12-15 08:00:00+00:00,9.58127182397
2024-12-15 09:00:00+00:00,5.74145852397
2024-12-15 10:00:00+00:00,3.29083862397
2024-12-15 11:00:00+00:00,2.2663335239700046
2024-12-15 12:00:00+00:00,3.0218374239699983
2024-12-15 13:00:00+00:00,4.30466782397
2024-12-15 14:00:00+00:00,5.288235323970003
2024-12-15 15:00:00+00:00,9.373208123969999
2024-12-15 16:00:00+00:00,15.033159423970002
2024-12-15 17:00:00+00:00,18.80749582397
2024-12-15 18:00:00+00:00,19.71349892397
2024-12-15 19:00:00+00:00,21.214576323970004
2024-12-15 20:00:00+00:00,21.911481023969998
2024-12-15 21:00:00+00:00,20.31150542397
2024-12-15 22:00:00+00:00,18.69773632397
2024-12-15 23:00:00+00:00,16.93845508162
2024-12-16 00:00:00+00:00,15.90994148162
2024-12-16 01:00:00+00:00,15.389856481619997
2024-12-16 02:00:00+00:00,15.115256581619999
2024-12-16 03:00:00+00:00,15.21002358162
2024-12-16 04:00:00+00:00,16.18605988162
2024-12-16 05:00:00+00:00,19.54643758162
2024-12-16 06:00:00+00:00,24.590679081620003
2024-12-16 07:00:00+00:00,26.99139448162
2024-12-16 08:00:00+00:00,22.801340681619997
2024-12-16 09:00:00+00:00,17.51742808162
2024-12-16 10:00:00+00:00,14.026274981619999
2024-12-16 11:00:00+00:00,12.845144281620005
2024-12-16 12:00:00+00:00,13.13968218162
2024-12-16 13:00:00+00:00,13.830060781619999
2024-12-16 14:00:00+00:00,15.529907581620002
2024-12-16 15:00:00+00:00,20.198529981620002
2024-12-16 16:00:00+00:00,25.973435981620003
2024-12-16 17:00:00+00:00,28.692126581620002
2024-12-16 18:00:00+00:00,29.013449381620003
2024-12-16 19:00:00+00:00,29.12120828162
2024-12-16 20:00:00+00:00,27.93484088162
2024-12-16 21:00:00+00:00,24.47721378162
2024-12-16 22:00:00+00:00,20.974508981619998
2024-12-16 23:00:00+00:00,18.71584031616
2024-12-17 00:00:00+00:00,16.76214291616
2024-12-17 01:00:00+00:00,15.607389716160002
2024-12-17 02:00:00+00:00,15.241606816160001
2024-12-17 03:00:00+00:00,15.40881731616
2024-12-17 04:00:00+00:00,16.27957231616
2024-12-17 05:00:00+00:00,19.457707216160003
2024-12-17 06:00:00+00:00,24.610386316160003
2024-12-17 07:00:00+00:00,27.30925961616
2024-12-17 08:00:00+00:00,24.79278961616
2024-12-17 09:00:00+00:00,20.982216816159998
2024-12-17 10:00:00+00:00,17.47573421616
2024-12-17 11:00:00+00:00,15.87675161616
2024-12-17 12:00:00+00:00,15.887195516159998
2024-12-17 13:00:00+00:00,16.376357216159995
2024-12-17 14:00:00+00:00,18.32810291616
2024-12-17 15:00:00+00:00,22.139617016159995
2024-12-17 16:00:00+00:00,26.22295051616
2024-12-17 17:00:00+00:00,28.09717981616
2024-12-17 18:00:00+00:00,28.001044316159998
2024-12-17 19:00:00+00:00,28.19303791616
2024-12-17 20:00:00+00:00,27.017988916159997
2024-12-17 21:00:00+00:00,23.43312871616
2024-12-17 22:00:00+00:00,19.90415951616
2024-12-17 23:00:00+00:00,16.58061813127
2024-12-18 00:00:00+00:00,14.80735223127
2024-12-18 01:00:00+00:00,13.911172031269999
2024-12-18 02:00:00+00:00,13.682420331269999
2024-12-18 03:00:00+00:00,13.830462231270001
2024-12-18 04:00:00+00:00,14.58404053127
2024-12-18 05:00:00+00:00,17.77610043127
2024-12-18 06:00:00+00:00,23.006870631269997
2024-12-18 07:00:00+00:00,25.367136431269998
2024-12-18 08:00:00+00:00,22.100935231269997
2024-12-18 09:00:00+00:00,17.381302031270003
2024-12-18 10:00:00+00:00,13.601255731269998
2024-12-18 11:00:00+00:00,12.414804631269998
2024-12-18 12:00:00+00:00,12.398294131270003
2024-12-18 13:00:00+00:00,12.465890231270002
2024-12-18 14:00:00+00:00,14.127885131270002
2024-12-18 15:00:00+00:00,17.85593173127
2024-12-18 16:00:00+00:00,21.71819693127
2024-12-18 17:00:00+00:00,23.021622531269998
2024-12-18 18:00:00+00:00,22.42628623127
2024-12-18 19:00:00+00:00,22.26167413127
2024-12-18 20:00:00+00:00,20.798565131270003
2024-12-18 21:00:00+00:00,16.987239231270003
2024-12-18 22:00:00+00:00,13.419047931270004
2024-12-18 23:00:00+00:00,10.254180562889998
2024-12-19 00:00:00+00:00,8.283888062889998
2024-12-19 01:00:00+00:00,6.8639671628900025
2024-12-19 02:00:00+00:00,6.343361262890003
2024-12-19 03:00:00+00:00,6.268171362889998
2024-12-19 04:00:00+00:00,6.98904326289
2024-12-19 05:00:00+00:00,9.880406262890002
2024-12-19 06:00:00+00:00,13.816993662889999
2024-12-19 07:00:00+00:00,16.430459762890003
2024-12-19 08:00:00+00:00,15.301714862890002
2024-12-19 09:00:00+00:00,12.101102062890003
2024-12-19 10:00:00+00:00,8.905669562890001
2024-12-19 11:00:00+00:00,7.463473762890004
2024-12-19 12:00:00+00:00,6.8959297628900025
2024-12-19 13:00:00+00:00,6.289766962889999
2024-12-19 14:00:00+00:00,7.1194926628900035
2024-12-19 15:00:00+00:00,9.595637862889998
2024-12-19 16:00:00+00:00,13.596397562889997
2024-12-19 17:00:00+00:00,16.727192962889998
2024-12-19 18:00:00+00:00,18.11570826289
2024-12-19 19:00:00+00:00,19.11745956289
2024-12-19 20:00:00+00:00,18.53352476289
2024-12-19 21:00:00+00:00,15.39671696289
2024-12-19 22:00:00+00:00,12.85107676289
2024-12-19 23:00:00+00:00,12.518349130710002
2024-12-20 00:00:00+00:00,10.99859693071
2024-12-20 01:00:00+00:00,10.378395230710002
2024-12-20 02:00:00+00:00,10.15610363071
2024-12-20 03:00:00+00:00,10.467346430709998
2024-12-20 04:00:00+00:00,11.343514030709999
2024-12-20 05:00:00+00:00,14.596884230710002
2024-12-20 06:00:00+00:00,19.695231530710004
2024-12-20 07:00:00+00:00,22.12582963071
2024-12-20 08:00:00+00:00,18.88962823071
2024-12-20 09:00:00+00:00,13.296121030710005
2024-12-20 10:00:00+00:00,9.844161830709997
2024-12-20 11:00:00+00:00,8.633406230709998
2024-12-20 12:00:00+00:00,8.71566933071
2024-12-20 13:00:00+00:00,8.87306943071
2024-12-20 14:00:00+00:00,10.15766663071
2024-12-20 15:00:00+00:00,14.57715383071
2024-12-20 16:00:00+00:00,21.032809430710003
2024-12-20 17:00:00+00:00,24.75159743071
2024-12-20 18:00:00+00:00,25.353354030709994
2024-12-20 19:00:00+00:00,25.84882493071
2024-12-20 20:00:00+00:00,24.983787730710002
2024-12-20 21:00:00+00:00,21.77943403071
2024-12-20 22:00:00+00:00,18.984240030709998
2024-12-20 23:00:00+00:00,17.1212140154
2024-12-21 00:00:00+00:00,14.9209152154
2024-12-21 01:00:00+00:00,13.6318359154
2024-12-21 02:00:00+00:00,12.870506515399999
2024-12-21 03:00:00+00:00,12.6276931154
2024-12-21 04:00:00+00:00,12.7573371154
2024-12-21 05:00:00+00:00,13.830080815399999
2024-12-21 06:00:00+00:00,15.3239337154
2024-12-21 07:00:00+00:00,16.7982460154
2024-12-21 08:00:00+00:00,14.956827615400002
2024-12-21 09:00:00+00:00,10.696862415400002
2024-12-21 10:00:00+00:00,7.811818115400001
2024-12-21 11:00:00+00:00,6.503590515399999
2024-12-21 12:00:00+00:00,6.6313811154
2024-12-21 13:00:00+00:00,6.841798215400001
2024-12-21 14:00:00+00:00,7.709864415400002
2024-12-21 15:00:00+00:00,11.5706705154
2024-12-21 16:00:00+00:00,17.7999603154
2024-12-21 17:00:00+00:00,21.6499381154
2024-12-21 18:00:00+00:00,22.0226111154
2024-12-21 19:00:00+00:00,22.278154015400002
2024-12-21 20:00:00+00:00,21.7794473154
2024-12-21 21:00:00+00:00,20.0087244154
2024-12-21 22:00:00+00:00,17.802113715399997
2024-12-21 23:00:00+00:00,15.176593881330001
2024-12-22 00:00:00+00:00,12.950967681330003
2024-12-22 01:00:00+00:00,11.397486681330001
2024-12-22 02:00:00+00:00,10.370124281330002
2024-12-22 03:00:00+00:00,9.83402668133
2024-12-22 04:00:00+00:00,9.65849838133
2024-12-22 05:00:00+00:00,10.063594381329999
2024-12-22 06:00:00+00:00,10.32497578133
2024-12-22 07:00:00+00:00,10.744839481329999
2024-12-22 08:00:00+00:00,8.478315981329999
2024-12-22 09:00:00+00:00,4.574859781330005
2024-12-22 10:00:00+00:00,2.0779423813300006
2024-12-22 11:00:00+00:00,0.7250506813300035
2024-12-22 12:00:00+00:00,0.4008956813300024
2024-12-22 13:00:00+00:00,0.10444278133000395
2024-12-22 14:00:00+00:00,-0.032851918669997815
2024-12-22 15:00:00+00:00,2.6642298813300016
2024-12-22 16:00:00+00:00,7.8698043813300025
2024-12-22 17:00:00+00:00,11.514877381330002
2024-12-22 18:00:00+00:00,12.230098381330002
2024-12-22 19:00:00+00:00,13.26288218133
2024-12-22 20:00:00+00:00,13.34911368133
2024-12-22 21:00:00+00:00,11.801853081330002
2024-12-22 22:00:00+00:00,9.515395081330002
2024-12-22 23:00:00+00:00,6.976206827140004
2024-12-23 00:00:00+00:00,5.1311030271400035
2024-12-23 01:00:00+00:00,4.023381627140001
2024-12-23 02:00:00+00:00,3.561375627140002
2024-12-23 03:00:00+00:00,3.5796311271400008
2024-12-23 04:00:00+00:00,4.391366427140003
2024-12-23 05:00:00+00:00,7.21226542714
2024-12-23 06:00:00+00:00,11.361716227140004
2024-12-23 07:00:00+00:00,14.200719127140001
2024-12-23 08:00:00+00:00,12.02308852714
2024-12-23 09:00:00+00:00,7.29762832714
2024-12-23 10:00:00+00:00,3.759915727140001
2024-12-23 11:00:00+00:00,2.1998976271400004
2024-12-23 12:00:00+00:00,1.9466252271400002
2024-12-23 13:00:00+00:00,1.7800004271399992
2024-12-23 14:00:00+00:00,2.716535127140002
2024-12-23 15:00:00+00:00,6.75241472714
2024-12-23 16:00:00+00:00,13.016316427140001
2024-12-23 17:00:00+00:00,16.871879127140005
2024-12-23 18:00:00+00:00,17.215315827140003
2024-12-23 19:00:00+00:00,17.70630132714
2024-12-23 20:00:00+00:00,17.50312682714
2024-12-23 21:00:00+00:00,15.529352627140003
2024-12-23 22:00:00+00:00,12.85313732714
2024-12-23 23:00:00+00:00,8.703084489399998
2024-12-24 00:00:00+00:00,7.045668689399999
2024-12-24 01:00:00+00:00,5.916671089400001
2024-12-24 02:00:00+00:00,5.442832889399998
2024-12-24 03:00:00+00:00,5.3077252894
2024-12-24 04:00:00+00:00,5.495910389400002
2024-12-24 05:00:00+00:00,6.6601246894
2024-12-24 06:00:00+00:00,8.7824985894
2024-12-24 07:00:00+00:00,10.3306069894
2024-12-24 08:00:00+00:00,8.656656089400002
2024-12-24 09:00:00+00:00,4.537263989400003
2024-12-24 10:00:00+00:00,1.303449589400003
2024-12-24 11:00:00+00:00,-0.0548948105999969
2024-12-24 12:00:00+00:00,0.03388988940000104
2024-12-24 13:00:00+00:00,-0.07992271059999823
2024-12-24 14:00:00+00:00,0.5459874894000016
2024-12-24 15:00:00+00:00,4.807410389400005
2024-12-24 16:00:00+00:00,10.7757327894
2024-12-24 17:00:00+00:00,14.9116267894
2024-12-24 18:00:00+00:00,14.9012371894
2024-12-24 19:00:00+00:00,13.879475689400003
2024-12-24 20:00:00+00:00,12.4663249894
2024-12-24 21:00:00+00:00,10.5202441894
2024-12-24 22:00:00+00:00,9.9415838894
2024-12-24 23:00:00+00:00,10.061238004900002
2024-12-25 00:00:00+00:00,9.419863704900001
2024-12-25 01:00:00+00:00,8.898752104900002
2024-12-25 02:00:00+00:00,8.4918107049
2024-12-25 03:00:00+00:00,8.601765704900002
2024-12-25 04:00:00+00:00,9.047345004899999
2024-12-25 05:00:00+00:00,9.895166904900002
2024-12-25 06:00:00+00:00,10.7397106049
2024-12-25 07:00:00+00:00,11.243684604899999
2024-12-25 08:00:00+00:00,8.479581904900002
2024-12-25 09:00:00+00:00,4.938852004900003
2024-12-25 10:00:00+00:00,3.6568477049000023
2024-12-25 11:00:00+00:00,3.494698704900003
2024-12-25 12:00:00+00:00,3.8531792049000018
2024-12-25 13:00:00+00:00,3.6240372048999987
2024-12-25 14:00:00+00:00,4.112167504899999
2024-12-25 15:00:00+00:00,8.3141202049
2024-12-25 16:00:00+00:00,14.5110112049
2024-12-25 17:00:00+00:00,19.056173004900003
2024-12-25 18:00:00+00:00,19.7354793049
2024-12-25 19:00:00+00:00,20.672439304900003
2024-12-25 20:00:00+00:00,20.961458104900004
2024-12-25 21:00:00+00:00,20.030996004899997
2024-12-25 22:00:00+00:00,18.2058502049
2024-12-25 23:00:00+00:00,16.416046811940003
2024-12-26 00:00:00+00:00,14.785382111939999
2024-12-26 01:00:00+00:00,13.88280111194
2024-12-26 02:00:00+00:00,13.513069711939998
2024-12-26 03:00:00+00:00,13.591883611940002
2024-12-26 04:00:00+00:00,14.245548211940001
2024-12-26 05:00:00+00:00,16.187101911939997
2024-12-26 06:00:00+00:00,19.09246881194
2024-12-26 07:00:00+00:00,21.331589711939998
2024-12-26 08:00:00+00:00,19.89861761194
2024-12-26 09:00:00+00:00,16.07979131194
2024-12-26 10:00:00+00:00,13.426413811940003
2024-12-26 11:00:00+00:00,11.874872811940001
2024-12-26 12:00:00+00:00,11.60495291194
2024-12-26 13:00:00+00:00,11.048541811940002
2024-12-26 14:00:00+00:00,11.458878711940002
2024-12-26 15:00:00+00:00,15.426653611940003
2024-12-26 16:00:00+00:00,21.76639601194
2024-12-26 17:00:00+00:00,25.743621211940003
2024-12-26 18:00:00+00:00,25.96753401194
2024-12-26 19:00:00+00:00,26.135936111939998
2024-12-26 20:00:00+00:00,25.62942721194
2024-12-26 21:00:00+00:00,23.99658781194
2024-12-26 22:00:00+00:00,21.30696051194
2024-12-26 23:00:00+00:00,19.63684048295
2024-12-27 00:00:00+00:00,17.41706808295
2024-12-27 01:00:00+00:00,16.10050808295
2024-12-27 02:00:00+00:00,15.418252582949998
2024-12-27 03:00:00+00:00,15.17249998295
2024-12-27 04:00:00+00:00,15.909339182950001
2024-12-27 05:00:00+00:00,18.06452558295
2024-12-27 06:00:00+00:00,21.06791948295
2024-12-27 07:00:00+00:00,23.44682568295
2024-12-27 08:00:00+00:00,21.585064782950003
2024-12-27 09:00:00+00:00,16.96970698295
2024-12-27 10:00:00+00:00,13.600773982949999
2024-12-27 11:00:00+00:00,11.615085482950004
2024-12-27 12:00:00+00:00,11.203826982950005
2024-12-27 13:00:00+00:00,10.709833982950006
2024-12-27 14:00:00+00:00,11.28675218295
2024-12-27 15:00:00+00:00,15.427016382950002
2024-12-27 16:00:00+00:00,22.03706658295
2024-12-27 17:00:00+00:00,26.194151282950003
2024-12-27 18:00:00+00:00,26.40918908295
2024-12-27 19:00:00+00:00,26.291522382950003
2024-12-27 20:00:00+00:00,25.84476628295
2024-12-27 21:00:00+00:00,24.16319418295
2024-12-27 22:00:00+00:00,22.19725278295
2024-12-27 23:00:00+00:00,19.71284178439
2024-12-28 00:00:00+00:00,17.82386468439
2024-12-28 01:00:00+00:00,16.492556684390003
2024-12-28 02:00:00+00:00,15.921043684389998
2024-12-28 03:00:00+00:00,15.950354284389999
2024-12-28 04:00:00+00:00,16.31656698439
2024-12-28 05:00:00+00:00,17.553460884390002
2024-12-28 06:00:00+00:00,19.271589684389998
2024-12-28 07:00:00+00:00,20.92420278439
2024-12-28 08:00:00+00:00,19.58156128439
2024-12-28 09:00:00+00:00,15.96098148439
2024-12-28 10:00:00+00:00,13.009081484389998
2024-12-28 11:00:00+00:00,11.129509084390001
2024-12-28 12:00:00+00:00,10.715153284390002
2024-12-28 13:00:00+00:00,10.57850038439
2024-12-28 14:00:00+00:00,11.03313418439
2024-12-28 15:00:00+00:00,14.76199308439
2024-12-28 16:00:00+00:00,21.474796784389998
2024-12-28 17:00:00+00:00,25.96257318439
2024-12-28 18:00:00+00:00,26.60187658439
2024-12-28 19:00:00+00:00,27.07742478439
2024-12-28 20:00:00+00:00,26.81072938439
2024-12-28 21:00:00+00:00,25.49060188439
2024-12-28 22:00:00+00:00,23.435423084390003
2024-12-28 23:00:00+00:00,20.17460805905
2024-12-29 00:00:00+00:00,18.15845465905
2024-12-29 01:00:00+00:00,16.73358815905
2024-12-29 02:00:00+00:00,16.007851659049997
2024-12-29 03:00:00+00:00,15.805602559049998
2024-12-29 04:00:00+00:00,16.02314075905
2024-12-29 05:00:00+00:00,16.850701759049997
2024-12-29 06:00:00+00:00,17.85110125905
2024-12-29 07:00:00+00:00,18.64379605905
2024-12-29 08:00:00+00:00,16.69016775905
2024-12-29 09:00:00+00:00,13.016429459050002
2024-12-29 10:00:00+00:00,10.425922559050003
2024-12-29 11:00:00+00:00,8.654480659050002
2024-12-29 12:00:00+00:00,8.427034759049999
2024-12-29 13:00:00+00:00,8.814371559050004
2024-12-29 14:00:00+00:00,9.258229759050003
2024-12-29 15:00:00+00:00,12.896079159050002
2024-12-29 16:00:00+00:00,19.51534765905
2024-12-29 17:00:00+00:00,24.37101375905
2024-12-29 18:00:00+00:00,25.347638959050002
2024-12-29 19:00:00+00:00,26.38544515905
2024-12-29 20:00:00+00:00,26.56652555905
2024-12-29 21:00:00+00:00,25.585418959050003
2024-12-29 22:00:00+00:00,23.34897715905
2024-12-29 23:00:00+00:00,19.66207841907
2024-12-30 00:00:00+00:00,17.480970919070003
2024-12-30 01:00:00+00:00,16.261992819070002
2024-12-30 02:00:00+00:00,15.773993619069998
2024-12-30 03:00:00+00:00,15.75305741907
2024-12-30 04:00:00+00:00,16.73105261907
2024-12-30 05:00:00+00:00,19.34000391907
2024-12-30 06:00:00+00:00,22.74445691907
2024-12-30 07:00:00+00:00,25.64775411907
2024-12-30 08:00:00+00:00,24.02436961907
2024-12-30 09:00:00+00:00,19.73146861907
2024-12-30 10:00:00+00:00,16.56959381907
2024-12-30 11:00:00+00:00,14.36928211907
2024-12-30 12:00:00+00:00,14.00397611907
2024-12-30 13:00:00+00:00,13.52087891907
2024-12-30 14:00:00+00:00,14.074420919070002
2024-12-30 15:00:00+00:00,18.19536891907
2024-12-30 16:00:00+00:00,25.09704601907
2024-12-30 17:00:00+00:00,29.72323581907
2024-12-30 18:00:00+00:00,30.15874281907
2024-12-30 19:00:00+00:00,30.359620219069996
2024-12-30 20:00:00+00:00,30.01332001907
2024-12-30 21:00:00+00:00,28.126604619069997
2024-12-30 22:00:00+00:00,25.39578901907
2024-12-30 23:00:00+00:00,21.78857716191
2024-12-31 00:00:00+00:00,19.47325176191
2024-12-31 01:00:00+00:00,17.96612086191
2024-12-31 02:00:00+00:00,17.24931786191
2024-12-31 03:00:00+00:00,17.127322361909997
2024-12-31 04:00:00+00:00,17.38470106191
2024-12-31 05:00:00+00:00,18.68065276191
2024-12-31 06:00:00+00:00,20.62154356191
2024-12-31 07:00:00+00:00,22.10110646191
2024-12-31 08:00:00+00:00,20.56063756191
2024-12-31 09:00:00+00:00,16.975752761909998
2024-12-31 10:00:00+00:00,13.78798526191
2024-12-31 11:00:00+00:00,11.99199836191
2024-12-31 12:00:00+00:00,11.44276576191
2024-12-31 13:00:00+00:00,11.52012756191
2024-12-31 14:00:00+00:00,12.05306466191
2024-12-31 15:00:00+00:00,15.763739161909998
2024-12-31 16:00:00+00:00,22.01367876191
2024-12-31 17:00:00+00:00,27.26385346191
2024-12-31 18:00:00+00:00,27.873065661909997
2024-12-31 19:00:00+00:00,26.82470656191
2024-12-31 20:00:00+00:00,24.749789961909997
2024-12-31 21:00:00+00:00,22.29399886191
2024-12-31 22:00:00+00:00,20.50710786191
2024-12-31 23:00:00+00:00,19.08702473628
2025-01-01 00:00:00+00:00,17.61577583628
2025-01-01 01:00:00+00:00,15.79130313628
2025-01-01 02:00:00+00:00,14.613024936279999
2025-01-01 03:00:00+00:00,13.666878436279998
2025-01-01 04:00:00+00:00,13.633633036280001
2025-01-01 05:00:00+00:00,13.827922336279999
2025-01-01 06:00:00+00:00,14.29126943628
2025-01-01 07:00:00+00:00,14.015642536279998
2025-01-01 08:00:00+00:00,10.558378436279998
2025-01-01 09:00:00+00:00,7.047089836280001
2025-01-01 10:00:00+00:00,4.83546393628
2025-01-01 11:00:00+00:00,3.8294990362800014
2025-01-01 12:00:00+00:00,3.9807620362800016
2025-01-01 13:00:00+00:00,4.758950236280004
2025-01-01 14:00:00+00:00,4.722369736280001
2025-01-01 15:00:00+00:00,8.238389836280001
2025-01-01 16:00:00+00:00,14.77521833628
2025-01-01 17:00:00+00:00,19.83558093628
2025-01-01 18:00:00+00:00,21.002318936280002
2025-01-01 19:00:00+00:00,21.846694536279998
2025-01-01 20:00:00+00:00,21.87189373628
2025-01-01 21:00:00+00:00,20.96317633628
2025-01-01 22:00:00+00:00,18.57174363628
2025-01-01 23:00:00+00:00,15.89690467061
2025-01-02 00:00:00+00:00,13.51978187061
2025-01-02 01:00:00+00:00,12.30734877061
2025-01-02 02:00:00+00:00,11.85718737061
2025-01-02 03:00:00+00:00,11.604818070610001
2025-01-02 04:00:00+00:00,12.49434677061
2025-01-02 05:00:00+00:00,15.04501757061
2025-01-02 06:00:00+00:00,18.67444207061
2025-01-02 07:00:00+00:00,21.609616270610005
2025-01-02 08:00:00+00:00,20.13379807061
2025-01-02 09:00:00+00:00,16.31748497061
2025-01-02 10:00:00+00:00,13.24369277061
2025-01-02 11:00:00+00:00,11.629860070609997
2025-01-02 12:00:00+00:00,11.13370237061
2025-01-02 13:00:00+00:00,10.745504670610003
2025-01-02 14:00:00+00:00,11.107774670610002
2025-01-02 15:00:00+00:00,15.191550670609999
2025-01-02 16:00:00+00:00,21.724360670609997
2025-01-02 17:00:00+00:00,25.81179267061
2025-01-02 18:00:00+00:00,25.90595047061
2025-01-02 19:00:00+00:00,25.66084857061
2025-01-02 20:00:00+00:00,24.73729067061
2025-01-02 21:00:00+00:00,22.41970237061
2025-01-02 22:00:00+00:00,19.37076957061
2025-01-02 23:00:00+00:00,16.276924835830002
2025-01-03 00:00:00+00:00,13.81654143583
2025-01-03 01:00:00+00:00,12.310543235829998
2025-01-03 02:00:00+00:00,11.48620433583
2025-01-03 03:00:00+00:00,11.07448133583
2025-01-03 04:00:00+00:00,11.580570135830001
2025-01-03 05:00:00+00:00,13.73508583583
2025-01-03 06:00:00+00:00,17.09243923583
2025-01-03 07:00:00+00:00,19.53715193583
2025-01-03 08:00:00+00:00,18.01556693583
2025-01-03 09:00:00+00:00,14.30567993583
2025-01-03 10:00:00+00:00,11.76105093583
2025-01-03 11:00:00+00:00,10.501609035830004
2025-01-03 12:00:00+00:00,10.650473435829998
2025-01-03 13:00:00+00:00,10.043073435829996
2025-01-03 14:00:00+00:00,10.683599435830004
2025-01-03 15:00:00+00:00,13.939925735829998
2025-01-03 16:00:00+00:00,18.97629223583
2025-01-03 17:00:00+00:00,21.989350935830004
2025-01-03 18:00:00+00:00,22.237037335829996
2025-01-03 19:00:00+00:00,21.884075835829996
2025-01-03 20:00:00+00:00,21.057089035830003
2025-01-03 21:00:00+00:00,19.03699053583
2025-01-03 22:00:00+00:00,16.63609883583
2025-01-03 23:00:00+00:00,13.230729548080001
2025-01-04 00:00:00+00:00,11.24418514808
2025-01-04 01:00:00+00:00,9.962109948080002
2025-01-04 02:00:00+00:00,9.466822748079998
2025-01-04 03:00:00+00:00,9.490631048080001
2025-01-04 04:00:00+00:00,9.765326148080002
2025-01-04 05:00:00+00:00,10.800812848080001
2025-01-04 06:00:00+00:00,12.38714254808
2025-01-04 07:00:00+00:00,14.122691448080001
2025-01-04 08:00:00+00:00,13.64138744808
2025-01-04 09:00:00+00:00,11.256104548080003
2025-01-04 10:00:00+00:00,9.108052548080007
2025-01-04 11:00:00+00:00,7.708564948079999
2025-01-04 12:00:00+00:00,7.55126674808
2025-01-04 13:00:00+00:00,7.517269748080004
2025-01-04 14:00:00+00:00,8.057727048080004
2025-01-04 15:00:00+00:00,10.829676648080003
2025-01-04 16:00:00+00:00,15.82003114808
2025-01-04 17:00:00+00:00,18.94794824808
2025-01-04 18:00:00+00:00,19.148931948079998
2025-01-04 19:00:00+00:00,19.19389024808
2025-01-04 20:00:00+00:00,18.570387348080004
2025-01-04 21:00:00+00:00,16.86776774808
2025-01-04 22:00:00+00:00,14.522296148079999
2025-01-04 23:00:00+00:00,11.323884486899999
2025-01-05 00:00:00+00:00,9.166657586899998
2025-01-05 01:00:00+00:00,7.6050451869
2025-01-05 02:00:00+00:00,6.709164986899999
2025-01-05 03:00:00+00:00,6.2624443869
2025-01-05 04:00:00+00:00,6.102311986900002
2025-01-05 05:00:00+00:00,6.469390086899999
2025-01-05 06:00:00+00:00,7.174255086900001
2025-01-05 07:00:00+00:00,7.861215886900002
2025-01-05 08:00:00+00:00,7.443147086900002
2025-01-05 09:00:00+00:00,6.233812686900002
2025-01-05 10:00:00+00:00,4.761092986900003
2025-01-05 11:00:00+00:00,3.332535886900004
2025-01-05 12:00:00+00:00,3.134689386900007
2025-01-05 13:00:00+00:00,3.373705086900003
2025-01-05 14:00:00+00:00,3.7577171869000026
2025-01-05 15:00:00+00:00,5.214458886900001
2025-01-05 16:00:00+00:00,7.973943586899999
2025-01-05 17:00:00+00:00,10.7345776869
2025-01-05 18:00:00+00:00,12.091190686900003
2025-01-05 19:00:00+00:00,12.9976608869
2025-01-05 20:00:00+00:00,13.062992886900002
2025-01-05 21:00:00+00:00,11.744216786900001
2025-01-05 22:00:00+00:00,9.4166425869
2025-01-05 23:00:00+00:00,7.271085353370001
2025-01-06 00:00:00+00:00,5.489079753370003
2025-01-06 01:00:00+00:00,3.95009665337
2025-01-06 02:00:00+00:00,3.3350563533699997
2025-01-06 03:00:00+00:00,3.32661185337
2025-01-06 04:00:00+00:00,3.8362582533700014
2025-01-06 05:00:00+00:00,4.859466353370001
2025-01-06 06:00:00+00:00,6.003106253370005
2025-01-06 07:00:00+00:00,6.748058953370002
2025-01-06 08:00:00+00:00,6.363406353369999
2025-01-06 09:00:00+00:00,5.01029925337
2025-01-06 10:00:00+00:00,3.1466359533700015
2025-01-06 11:00:00+00:00,1.6437601533699997
2025-01-06 12:00:00+00:00,0.6534563533700002
2025-01-06 13:00:00+00:00,0.12301305336999846
2025-01-06 14:00:00+00:00,-0.7418815466299975
2025-01-06 15:00:00+00:00,1.6607559533699998
2025-01-06 16:00:00+00:00,6.71633085337
2025-01-06 17:00:00+00:00,10.773351453370005
2025-01-06 18:00:00+00:00,12.29591085337
2025-01-06 19:00:00+00:00,13.352681353370002
2025-01-06 20:00:00+00:00,13.861400053370001
2025-01-06 21:00:00+00:00,12.976921453370004
2025-01-06 22:00:00+00:00,11.319721753370002
2025-01-06 23:00:00+00:00,11.04148028278
2025-01-07 00:00:00+00:00,9.021839882780002
2025-01-07 01:00:00+00:00,7.704902082780002
2025-01-07 02:00:00+00:00,7.2126541827800015
2025-01-07 03:00:00+00:00,7.29065668278
2025-01-07 04:00:00+00:00,7.939504882780003
2025-01-07 05:00:00+00:00,10.309496482780002
2025-01-07 06:00:00+00:00,13.98891958278
2025-01-07 07:00:00+00:00,16.31320488278
2025-01-07 08:00:00+00:00,14.086696282779997
2025-01-07 09:00:00+00:00,9.851431882779998
2025-01-07 10:00:00+00:00,6.52891668278
2025-01-07 11:00:00+00:00,4.656197682779997
2025-01-07 12:00:00+00:00,4.478759182779999
2025-01-07 13:00:00+00:00,4.572382082779999
2025-01-07 14:00:00+00:00,5.796213182780001
2025-01-07 15:00:00+00:00,9.032253982779999
2025-01-07 16:00:00+00:00,13.64677268278
2025-01-07 17:00:00+00:00,16.68183978278
2025-01-07 18:00:00+00:00,17.275562082780002
2025-01-07 19:00:00+00:00,17.31967408278
2025-01-07 20:00:00+00:00,16.55090178278
2025-01-07 21:00:00+00:00,14.216025782779997
2025-01-07 22:00:00+00:00,11.57525878278
2025-01-07 23:00:00+00:00,9.918565673770003
2025-01-08 00:00:00+00:00,8.312376973770004
2025-01-08 01:00:00+00:00,7.488537573770001
2025-01-08 02:00:00+00:00,7.095818873770003
2025-01-08 03:00:00+00:00,7.45086037377
2025-01-08 04:00:00+00:00,8.571902873770002
2025-01-08 05:00:00+00:00,12.019213573770005
2025-01-08 06:00:00+00:00,16.580502573769998
2025-01-08 07:00:00+00:00,19.40252447377
2025-01-08 08:00:00+00:00,17.035291073769997
2025-01-08 09:00:00+00:00,12.036307773769998
2025-01-08 10:00:00+00:00,8.04592477377
2025-01-08 11:00:00+00:00,5.991952973770001
2025-01-08 12:00:00+00:00,5.300314173769998
2025-01-08 13:00:00+00:00,5.064857273769999
2025-01-08 14:00:00+00:00,5.8889665737699985
2025-01-08 15:00:00+00:00,8.324574573769997
2025-01-08 16:00:00+00:00,11.846176273769998
2025-01-08 17:00:00+00:00,13.943566473769998
2025-01-08 18:00:00+00:00,14.832345673770003
2025-01-08 19:00:00+00:00,15.201264973770002
2025-01-08 20:00:00+00:00,14.197503773769999
2025-01-08 21:00:00+00:00,10.965637173769998
2025-01-08 22:00:00+00:00,7.758551673769997
2025-01-08 23:00:00+00:00,6.029936347340005
2025-01-09 00:00:00+00:00,4.135801447340004
2025-01-09 01:00:00+00:00,3.1262876473400034
2025-01-09 02:00:00+00:00,2.72419624734
2025-01-09 03:00:00+00:00,3.0674942473399973
2025-01-09 04:00:00+00:00,4.020865047340003
2025-01-09 05:00:00+00:00,7.43875904734
2025-01-09 06:00:00+00:00,12.11493134734
2025-01-09 07:00:00+00:00,15.049876447340004
2025-01-09 08:00:00+00:00,13.687552347340006
2025-01-09 09:00:00+00:00,9.79593174734
2025-01-09 10:00:00+00:00,6.028943747340001
2025-01-09 11:00:00+00:00,3.566695047340005
2025-01-09 12:00:00+00:00,2.463581847340002
2025-01-09 13:00:00+00:00,2.188844247340004
2025-01-09 14:00:00+00:00,3.233119847340003
2025-01-09 15:00:00+00:00,7.0375310473400035
2025-01-09 16:00:00+00:00,13.037369747340001
2025-01-09 17:00:00+00:00,17.13388364734
2025-01-09 18:00:00+00:00,18.69049004734
2025-01-09 19:00:00+00:00,19.42954534734
2025-01-09 20:00:00+00:00,18.749524547340002
2025-01-09 21:00:00+00:00,15.823214647340002
2025-01-09 22:00:00+00:00,12.849539147339998
2025-01-09 23:00:00+00:00,11.268310106960003
2025-01-10 00:00:00+00:00,9.447137006959998
2025-01-10 01:00:00+00:00,8.692622706960002
2025-01-10 02:00:00+00:00,8.17516410696
2025-01-10 03:00:00+00:00,8.285585206960002
2025-01-10 04:00:00+00:00,9.448864206959998
2025-01-10 05:00:00+00:00,12.96127460696
2025-01-10 06:00:00+00:00,18.150492206960003
2025-01-10 07:00:00+00:00,21.040303806959997
2025-01-10 08:00:00+00:00,19.092479106960006
2025-01-10 09:00:00+00:00,14.780023606960004
2025-01-10 10:00:00+00:00,11.265633906960002
2025-01-10 11:00:00+00:00,8.531657506959998
2025-01-10 12:00:00+00:00,7.207621106960001
2025-01-10 13:00:00+00:00,7.177092006960002
2025-01-10 14:00:00+00:00,8.125459806960002
2025-01-10 15:00:00+00:00,11.25592940696
2025-01-10 16:00:00+00:00,16.29636370696
2025-01-10 17:00:00+00:00,19.60593590696
2025-01-10 18:00:00+00:00,20.12743190696
2025-01-10 19:00:00+00:00,20.07666400696
2025-01-10 20:00:00+00:00,18.852088106959997
2025-01-10 21:00:00+00:00,15.471414706960001
2025-01-10 22:00:00+00:00,12.307280106959999
2025-01-10 23:00:00+00:00,9.169256624790002
2025-01-11 00:00:00+00:00,7.306386324790001
2025-01-11 01:00:00+00:00,6.268377424790003
2025-01-11 02:00:00+00:00,5.51126112479
2025-01-11 03:00:00+00:00,5.568781224790001
2025-01-11 04:00:00+00:00,6.050318224790001
2025-01-11 05:00:00+00:00,7.19228762479
2025-01-11 06:00:00+00:00,8.29670082479
2025-01-11 07:00:00+00:00,9.71161002479
2025-01-11 08:00:00+00:00,10.133742624789999
2025-01-11 09:00:00+00:00,8.864444424790001
2025-01-11 10:00:00+00:00,6.600447124790001
2025-01-11 11:00:00+00:00,4.055851324789998
2025-01-11 12:00:00+00:00,3.0306750247900034
2025-01-11 13:00:00+00:00,2.747432924790001
2025-01-11 14:00:00+00:00,2.3329155247900033
2025-01-11 15:00:00+00:00,4.229368224790001
2025-01-11 16:00:00+00:00,9.238667024789997
2025-01-11 17:00:00+00:00,13.789480224790001
2025-01-11 18:00:00+00:00,15.456161724790002
2025-01-11 19:00:00+00:00,16.53520782479
2025-01-11 20:00:00+00:00,16.37844602479
2025-01-11 21:00:00+00:00,13.933288624790002
2025-01-11 22:00:00+00:00,11.50726102479
2025-01-11 23:00:00+00:00,9.20942051827
2025-01-12 00:00:00+00:00,7.4381233182700015
2025-01-12 01:00:00+00:00,6.434328018270001
2025-01-12 02:00:00+00:00,6.252032518269999
2025-01-12 03:00:00+00:00,6.37650361827
2025-01-12 04:00:00+00:00,6.525759718269999
2025-01-12 05:00:00+00:00,6.937303318270001
2025-01-12 06:00:00+00:00,7.0428711182700034
2025-01-12 07:00:00+00:00,7.418700118269999
2025-01-12 08:00:00+00:00,5.534850918270003
2025-01-12 09:00:00+00:00,1.9029487182700002
2025-01-12 10:00:00+00:00,-0.9432187817299997
2025-01-12 11:00:00+00:00,-3.2036927817299947
2025-01-12 12:00:00+00:00,-3.584860781729997
2025-01-12 13:00:00+00:00,-3.0355816817299974
2025-01-12 14:00:00+00:00,-3.2844341817299956
2025-01-12 15:00:00+00:00,-0.7200835817300018
2025-01-12 16:00:00+00:00,5.534805718270004
2025-01-12 17:00:00+00:00,11.68705451827
2025-01-12 18:00:00+00:00,13.54075101827
2025-01-12 19:00:00+00:00,15.171705718270001
2025-01-12 20:00:00+00:00,16.00578471827
2025-01-12 21:00:00+00:00,14.45661981827
2025-01-12 22:00:00+00:00,12.551809318270003
2025-01-12 23:00:00+00:00,9.898034332880002
2025-01-13 00:00:00+00:00,8.65344023288
2025-01-13 01:00:00+00:00,8.236835532879999
2025-01-13 02:00:00+00:00,8.451183232879998
2025-01-13 03:00:00+00:00,8.758885532879999
2025-01-13 04:00:00+00:00,10.23605843288
2025-01-13 05:00:00+00:00,14.07345093288
2025-01-13 06:00:00+00:00,18.76330573288
2025-01-13 07:00:00+00:00,21.639931332879996
2025-01-13 08:00:00+00:00,17.29673413288
2025-01-13 09:00:00+00:00,10.81071553288
2025-01-13 10:00:00+00:00,7.400913232880004
2025-01-13 11:00:00+00:00,5.773114932880002
2025-01-13 12:00:00+00:00,5.314029232879999
2025-01-13 13:00:00+00:00,5.509074332880001
2025-01-13 14:00:00+00:00,6.391265032880003
2025-01-13 15:00:00+00:00,10.132739332880004
2025-01-13 16:00:00+00:00,17.197963032880004
2025-01-13 17:00:00+00:00,22.963482332879998
2025-01-13 18:00:00+00:00,24.52452553288
2025-01-13 19:00:00+00:00,25.407341032879998
2025-01-13 20:00:00+00:00,24.966733432879998
2025-01-13 21:00:00+00:00,21.85874713288
2025-01-13 22:00:00+00:00,18.90687613288
2025-01-13 23:00:00+00:00,17.77645694883
2025-01-14 00:00:00+00:00,16.173811548830002
2025-01-14 01:00:00+00:00,15.615816948830002
2025-01-14 02:00:00+00:00,15.802191848829999
2025-01-14 03:00:00+00:00,16.05629614883
2025-01-14 04:00:00+00:00,17.28884724883
2025-01-14 05:00:00+00:00,20.79798074883
2025-01-14 06:00:00+00:00,25.621688248830004
2025-01-14 07:00:00+00:00,28.36696184883
2025-01-14 08:00:00+00:00,24.438457448829993
2025-01-14 09:00:00+00:00,18.10437934883
2025-01-14 10:00:00+00:00,14.29508814883
2025-01-14 11:00:00+00:00,12.31251404883
2025-01-14 12:00:00+00:00,11.580633748830003
2025-01-14 13:00:00+00:00,11.898086648830002
2025-01-14 14:00:00+00:00,13.08634164883
2025-01-14 15:00:00+00:00,17.26685224883
2025-01-14 16:00:00+00:00,24.873545748829997
2025-01-14 17:00:00+00:00,30.99980554883
2025-01-14 18:00:00+00:00,32.410804648829995
2025-01-14 19:00:00+00:00,32.756969848829996
2025-01-14 20:00:00+00:00,31.657262448829997
2025-01-14 21:00:00+00:00,28.10241334883
2025-01-14 22:00:00+00:00,24.69438714883
2025-01-14 23:00:00+00:00,21.44248368126
2025-01-15 00:00:00+00:00,19.40342868126
2025-01-15 01:00:00+00:00,18.43222808126
2025-01-15 02:00:00+00:00,18.349064581260002
2025-01-15 03:00:00+00:00,18.35200188126
2025-01-15 04:00:00+00:00,19.30506588126
2025-01-15 05:00:00+00:00,22.51499058126
2025-01-15 06:00:00+00:00,26.96688068126
2025-01-15 07:00:00+00:00,29.245702981259996
2025-01-15 08:00:00+00:00,24.75625868126
2025-01-15 09:00:00+00:00,17.93699858126
2025-01-15 10:00:00+00:00,13.721396081260004
2025-01-15 11:00:00+00:00,11.585390381259998
2025-01-15 12:00:00+00:00,10.565895181259997
2025-01-15 13:00:00+00:00,10.374075781260004
2025-01-15 14:00:00+00:00,10.798835181260003
2025-01-15 15:00:00+00:00,13.96551988126
2025-01-15 16:00:00+00:00,20.47009278126
2025-01-15 17:00:00+00:00,25.73752938126
2025-01-15 18:00:00+00:00,26.62475658126
2025-01-15 19:00:00+00:00,26.946214081260003
2025-01-15 20:00:00+00:00,25.833772881260003
2025-01-15 21:00:00+00:00,22.22012068126
2025-01-15 22:00:00+00:00,18.791228181260003
2025-01-15 23:00:00+00:00,14.45299833507
2025-01-16 00:00:00+00:00,12.81661523507
2025-01-16 01:00:00+00:00,12.296925835069999
2025-01-16 02:00:00+00:00,12.211423035069998
2025-01-16 03:00:00+00:00,12.40655563507
2025-01-16 04:00:00+00:00,13.552267335070002
2025-01-16 05:00:00+00:00,17.39892413507
2025-01-16 06:00:00+00:00,22.73859803507
2025-01-16 07:00:00+00:00,25.918135735069995
2025-01-16 08:00:00+00:00,22.505942835070005
2025-01-16 09:00:00+00:00,16.33462323507
2025-01-16 10:00:00+00:00,12.798648135070003
2025-01-16 11:00:00+00:00,10.966301135070005
2025-01-16 12:00:00+00:00,10.752262235069999
2025-01-16 13:00:00+00:00,11.038207635069998
2025-01-16 14:00:00+00:00,11.85785303507
2025-01-16 15:00:00+00:00,15.440961635070003
2025-01-16 16:00:00+00:00,21.805054135070005
2025-01-16 17:00:00+00:00,26.43451463507
2025-01-16 18:00:00+00:00,26.986113335069998
2025-01-16 19:00:00+00:00,27.450745235070002
2025-01-16 20:00:00+00:00,26.17174713507
2025-01-16 21:00:00+00:00,22.14848183507
2025-01-16 22:00:00+00:00,18.36338493507
2025-01-16 23:00:00+00:00,15.96520082225
2025-01-17 00:00:00+00:00,14.08197982225
2025-01-17 01:00:00+00:00,13.099147222249998
2025-01-17 02:00:00+00:00,12.83293032225
2025-01-17 03:00:00+00:00,12.97126952225
2025-01-17 04:00:00+00:00,14.26690612225
2025-01-17 05:00:00+00:00,17.944552922249997
2025-01-17 06:00:00+00:00,23.738877822250004
2025-01-17 07:00:00+00:00,26.694550722250003
2025-01-17 08:00:00+00:00,23.57499862225
2025-01-17 09:00:00+00:00,17.841219822249997
2025-01-17 10:00:00+00:00,13.92827182225
2025-01-17 11:00:00+00:00,11.99497752225
2025-01-17 12:00:00+00:00,11.86820242225
2025-01-17 13:00:00+00:00,12.135897322249999
2025-01-17 14:00:00+00:00,13.036574922249997
2025-01-17 15:00:00+00:00,17.060945922250003
2025-01-17 16:00:00+00:00,23.705394822250003
2025-01-17 17:00:00+00:00,29.608248622250002
2025-01-17 18:00:00+00:00,31.635373122249998
2025-01-17 19:00:00+00:00,32.42059512225
2025-01-17 20:00:00+00:00,31.247488622249996
2025-01-17 21:00:00+00:00,27.835527422249996
2025-01-17 22:00:00+00:00,24.91185042225
2025-01-17 23:00:00+00:00,22.45796949383
2025-01-18 00:00:00+00:00,20.41821019383
2025-01-18 01:00:00+00:00,18.73270059383
2025-01-18 02:00:00+00:00,17.87875139383
2025-01-18 03:00:00+00:00,17.61894279383
2025-01-18 04:00:00+00:00,18.01999009383
2025-01-18 05:00:00+00:00,19.10118749383
2025-01-18 06:00:00+00:00,20.70965519383
2025-01-18 07:00:00+00:00,22.25522219383
2025-01-18 08:00:00+00:00,19.96773229383
2025-01-18 09:00:00+00:00,15.178883793830003
2025-01-18 10:00:00+00:00,12.055559293830001
2025-01-18 11:00:00+00:00,10.135803093830003
2025-01-18 12:00:00+00:00,10.11168229383
2025-01-18 13:00:00+00:00,10.28459339383
2025-01-18 14:00:00+00:00,10.357712693829999
2025-01-18 15:00:00+00:00,13.68564729383
2025-01-18 16:00:00+00:00,20.57712179383
2025-01-18 17:00:00+00:00,26.80677139383
2025-01-18 18:00:00+00:00,28.709468893830003
2025-01-18 19:00:00+00:00,29.643173693829997
2025-01-18 20:00:00+00:00,29.00017179383
2025-01-18 21:00:00+00:00,26.27664599383
2025-01-18 22:00:00+00:00,23.542307693829997
2025-01-18 23:00:00+00:00,20.69137088647
2025-01-19 00:00:00+00:00,18.25415128647
2025-01-19 01:00:00+00:00,16.651608386470002
2025-01-19 02:00:00+00:00,15.532645086469998
2025-01-19 03:00:00+00:00,15.02640668647
2025-01-19 04:00:00+00:00,15.49079628647
2025-01-19 05:00:00+00:00,16.13483158647
2025-01-19 06:00:00+00:00,17.214940386469998
2025-01-19 07:00:00+00:00,17.834685286470002
2025-01-19 08:00:00+00:00,15.23117698647
2025-01-19 09:00:00+00:00,11.136945686470003
2025-01-19 10:00:00+00:00,8.83828588647
2025-01-19 11:00:00+00:00,7.189308086470003
2025-01-19 12:00:00+00:00,7.4598007864700016
2025-01-19 13:00:00+00:00,8.617950286470002
2025-01-19 14:00:00+00:00,9.664222686470001
2025-01-19 15:00:00+00:00,13.138670286470003
2025-01-19 16:00:00+00:00,18.38835548647
2025-01-19 17:00:00+00:00,22.61193348647
2025-01-19 18:00:00+00:00,24.218269986470002
2025-01-19 19:00:00+00:00,25.51392748647
2025-01-19 20:00:00+00:00,25.64066888647
2025-01-19 21:00:00+00:00,23.436341186470003
2025-01-19 22:00:00+00:00,20.49758848647
2025-01-19 23:00:00+00:00,16.66961902991
2025-01-20 00:00:00+00:00,14.55215842991
2025-01-20 01:00:00+00:00,13.754911329909998
2025-01-20 02:00:00+00:00,13.230834929910001
2025-01-20 03:00:00+00:00,13.34734792991
2025-01-20 04:00:00+00:00,14.46997862991
2025-01-20 05:00:00+00:00,18.09293522991
2025-01-20 06:00:00+00:00,23.731834729910005
2025-01-20 07:00:00+00:00,27.04872952991
2025-01-20 08:00:00+00:00,26.471036629910003
2025-01-20 09:00:00+00:00,24.822595429910002
2025-01-20 10:00:00+00:00,23.70839352991
2025-01-20 11:00:00+00:00,22.670283329910003
2025-01-20 12:00:00+00:00,22.749770029910003
2025-01-20 13:00:00+00:00,22.931814029909997
2025-01-20 14:00:00+00:00,23.89275032991
2025-01-20 15:00:00+00:00,25.43271062991
2025-01-20 16:00:00+00:00,27.025876329909998
2025-01-20 17:00:00+00:00,28.16792852991
2025-01-20 18:00:00+00:00,28.870113629909998
2025-01-20 19:00:00+00:00,29.063908129909997
2025-01-20 20:00:00+00:00,27.750406129909997
2025-01-20 21:00:00+00:00,23.79218922991
2025-01-20 22:00:00+00:00,19.96158922991
2025-01-20 23:00:00+00:00,17.906342674149997
2025-01-21 00:00:00+00:00,15.661537474149998
2025-01-21 01:00:00+00:00,14.52773527415
2025-01-21 02:00:00+00:00,13.630994274149998
2025-01-21 03:00:00+00:00,13.502623374150001
2025-01-21 04:00:00+00:00,14.19334187415
2025-01-21 05:00:00+00:00,17.17343067415
2025-01-21 06:00:00+00:00,22.124165374150003
2025-01-21 07:00:00+00:00,24.58741837415
2025-01-21 08:00:00+00:00,23.83871117415
2025-01-21 09:00:00+00:00,21.65844457415
2025-01-21 10:00:00+00:00,19.66716657415
2025-01-21 11:00:00+00:00,17.973734774149996
2025-01-21 12:00:00+00:00,16.95467467415
2025-01-21 13:00:00+00:00,16.23388817415
2025-01-21 14:00:00+00:00,16.610540674150002
2025-01-21 15:00:00+00:00,18.043174674150002
2025-01-21 16:00:00+00:00,20.46559307415
2025-01-21 17:00:00+00:00,22.62831247415
2025-01-21 18:00:00+00:00,23.90520417415
2025-01-21 19:00:00+00:00,24.191213474150004
2025-01-21 20:00:00+00:00,22.85309907415
2025-01-21 21:00:00+00:00,19.036975374150003
2025-01-21 22:00:00+00:00,15.533547574149999
2025-01-21 23:00:00+00:00,12.426622711260002
2025-01-22 00:00:00+00:00,10.594428511259999
2025-01-22 01:00:00+00:00,9.718690711260003
2025-01-22 02:00:00+00:00,8.99752711126
2025-01-22 03:00:00+00:00,8.924699111259999
2025-01-22 04:00:00+00:00,9.654209111259998
2025-01-22 05:00:00+00:00,12.61300521126
2025-01-22 06:00:00+00:00,17.76196481126
2025-01-22 07:00:00+00:00,20.581669911260004
2025-01-22 08:00:00+00:00,19.287041611259998
2025-01-22 09:00:00+00:00,16.465379211259997
2025-01-22 10:00:00+00:00,14.08322551126
2025-01-22 11:00:00+00:00,12.257909411259998
2025-01-22 12:00:00+00:00,11.284247011259996
2025-01-22 13:00:00+00:00,10.644107111260002
2025-01-22 14:00:00+00:00,11.20672731126
2025-01-22 15:00:00+00:00,13.30960441126
2025-01-22 16:00:00+00:00,16.81836181126
2025-01-22 17:00:00+00:00,19.954443911259997
2025-01-22 18:00:00+00:00,21.865810711260004
2025-01-22 19:00:00+00:00,22.87534181126
2025-01-22 20:00:00+00:00,22.330798111260002
2025-01-22 21:00:00+00:00,19.072212311259996
2025-01-22 22:00:00+00:00,16.183920811260002
2025-01-22 23:00:00+00:00,13.89788026555
2025-01-23 00:00:00+00:00,13.10453346555
2025-01-23 01:00:00+00:00,12.860932365550001
2025-01-23 02:00:00+00:00,12.863191665549998
2025-01-23 03:00:00+00:00,13.103119065549999
2025-01-23 04:00:00+00:00,14.30167446555
2025-01-23 05:00:00+00:00,17.71074936555
2025-01-23 06:00:00+00:00,22.643227965550004
2025-01-23 07:00:00+00:00,25.47378746555
2025-01-23 08:00:00+00:00,24.061577165550002
2025-01-23 09:00:00+00:00,21.048927165550005
2025-01-23 10:00:00+00:00,18.280983765549998
2025-01-23 11:00:00+00:00,16.308827765549996
2025-01-23 12:00:00+00:00,15.218431865549999
2025-01-23 13:00:00+00:00,15.06520206555
2025-01-23 14:00:00+00:00,15.737253865549999
2025-01-23 15:00:00+00:00,18.358823665550005
2025-01-23 16:00:00+00:00,23.810621065550002
2025-01-23 17:00:00+00:00,29.147490865549997
2025-01-23 18:00:00+00:00,30.90160706555
2025-01-23 19:00:00+00:00,30.990523365549997
2025-01-23 20:00:00+00:00,28.86570456555
2025-01-23 21:00:00+00:00,24.33166096555
2025-01-23 22:00:00+00:00,19.85028166555
2025-01-23 23:00:00+00:00,16.117409839129998
2025-01-24 00:00:00+00:00,13.555467039129999
2025-01-24 01:00:00+00:00,12.019630339129998
2025-01-24 02:00:00+00:00,11.310754139130001
2025-01-24 03:00:00+00:00,10.70927623913
2025-01-24 04:00:00+00:00,11.745481939129998
2025-01-24 05:00:00+00:00,15.269801639129998
2025-01-24 06:00:00+00:00,19.52927903913
2025-01-24 07:00:00+00:00,21.404440139130003
2025-01-24 08:00:00+00:00,18.943008539130002
2025-01-24 09:00:00+00:00,15.810738939130001
2025-01-24 10:00:00+00:00,12.41613313913
2025-01-24 11:00:00+00:00,10.344706039130003
2025-01-24 12:00:00+00:00,9.021438839129999
2025-01-24 13:00:00+00:00,8.371400039130002
2025-01-24 14:00:00+00:00,8.344625039130005
2025-01-24 15:00:00+00:00,10.384156639129998
2025-01-24 16:00:00+00:00,14.920743839129997
2025-01-24 17:00:00+00:00,19.055079939130003
2025-01-24 18:00:00+00:00,20.82749073913
2025-01-24 19:00:00+00:00,20.894514139130003
2025-01-24 20:00:00+00:00,19.586433839130002
2025-01-24 21:00:00+00:00,16.21805733913
2025-01-24 22:00:00+00:00,13.82154673913
2025-01-24 23:00:00+00:00,12.014999010249998
2025-01-25 00:00:00+00:00,10.81774281025
2025-01-25 01:00:00+00:00,9.24509401025
2025-01-25 02:00:00+00:00,8.48112341025
2025-01-25 03:00:00+00:00,7.99746011025
2025-01-25 04:00:00+00:00,8.273925210250002
2025-01-25 05:00:00+00:00,9.022247910249998
2025-01-25 06:00:00+00:00,9.916458410249998
2025-01-25 07:00:00+00:00,11.024319810250002
2025-01-25 08:00:00+00:00,11.71754121025
2025-01-25 09:00:00+00:00,10.94374911025
2025-01-25 10:00:00+00:00,8.961124010250003
2025-01-25 11:00:00+00:00,6.821781610250003
2025-01-25 12:00:00+00:00,5.793835610250003
2025-01-25 13:00:00+00:00,4.510483910250002
2025-01-25 14:00:00+00:00,2.9718157102500022
2025-01-25 15:00:00+00:00,3.3754767102500054
2025-01-25 16:00:00+00:00,7.532223810250002
2025-01-25 17:00:00+00:00,12.56434551025
2025-01-25 18:00:00+00:00,14.80965441025
2025-01-25 19:00:00+00:00,16.11932031025
2025-01-25 20:00:00+00:00,15.975577110249999
2025-01-25 21:00:00+00:00,13.84832171025
2025-01-25 22:00:00+00:00,12.066358710249999
2025-01-25 23:00:00+00:00,9.334506048950002
2025-01-26 00:00:00+00:00,8.398255748950003
2025-01-26 01:00:00+00:00,7.454758248950002
2025-01-26 02:00:00+00:00,6.964794448949998
2025-01-26 03:00:00+00:00,6.3175815489500025
2025-01-26 04:00:00+00:00,6.061784848950003
2025-01-26 05:00:00+00:00,6.149259248950001
2025-01-26 06:00:00+00:00,6.42384764895
2025-01-26 07:00:00+00:00,6.555812148950002
2025-01-26 08:00:00+00:00,6.114996148949999
2025-01-26 09:00:00+00:00,5.085422648950001
2025-01-26 10:00:00+00:00,3.48697954895
2025-01-26 11:00:00+00:00,2.0824646489499976
2025-01-26 12:00:00+00:00,1.7834297489499988
2025-01-26 13:00:00+00:00,1.939967048949999
2025-01-26 14:00:00+00:00,1.5268292489500013
2025-01-26 15:00:00+00:00,2.100932448950001
2025-01-26 16:00:00+00:00,4.0822213489499966
2025-01-26 17:00:00+00:00,6.91991664895
2025-01-26 18:00:00+00:00,9.117278348949998
2025-01-26 19:00:00+00:00,10.519551648949996
2025-01-26 20:00:00+00:00,10.417055148950002
2025-01-26 21:00:00+00:00,7.898500948949998
2025-01-26 22:00:00+00:00,5.23476574895
2025-01-26 23:00:00+00:00,2.02633087049
2025-01-27 00:00:00+00:00,0.6211646704900033
2025-01-27 01:00:00+00:00,-0.431052229510005
2025-01-27 02:00:00+00:00,-0.38955162951000233
2025-01-27 03:00:00+00:00,-0.1979986295099998
2025-01-27 04:00:00+00:00,0.9762627704899991
2025-01-27 05:00:00+00:00,4.503880570489997
2025-01-27 06:00:00+00:00,9.53240507049
2025-01-27 07:00:00+00:00,12.261816070490003
2025-01-27 08:00:00+00:00,11.27382637049
2025-01-27 09:00:00+00:00,8.38511937049
2025-01-27 10:00:00+00:00,4.64168947049
2025-01-27 11:00:00+00:00,2.41795577049
2025-01-27 12:00:00+00:00,1.3755351704899965
2025-01-27 13:00:00+00:00,0.6727608704899986
2025-01-27 14:00:00+00:00,0.7761839704900027
2025-01-27 15:00:00+00:00,2.38074197049
2025-01-27 16:00:00+00:00,6.321388470490003
2025-01-27 17:00:00+00:00,10.358358870490004
2025-01-27 18:00:00+00:00,12.272014170490003
2025-01-27 19:00:00+00:00,13.038550770490001
2025-01-27 20:00:00+00:00,11.895309970490004
2025-01-27 21:00:00+00:00,8.487757970490001
2025-01-27 22:00:00+00:00,5.469696070489995
2025-01-27 23:00:00+00:00,3.5086725345500014
2025-01-28 00:00:00+00:00,2.15820163455
2025-01-28 01:00:00+00:00,1.1108441345499998
2025-01-28 02:00:00+00:00,1.0290251345499968
2025-01-28 03:00:00+00:00,1.0376042345500025
2025-01-28 04:00:00+00:00,1.9686512345499985
2025-01-28 05:00:00+00:00,5.050814434550002
2025-01-28 06:00:00+00:00,9.88515683455
2025-01-28 07:00:00+00:00,12.122636034550005
2025-01-28 08:00:00+00:00,9.606755134550003
2025-01-28 09:00:00+00:00,4.852791234550001
2025-01-28 10:00:00+00:00,0.23742693455000108
2025-01-28 11:00:00+00:00,-2.1145911654500047
2025-01-28 12:00:00+00:00,-2.80431066545
2025-01-28 13:00:00+00:00,-3.1805975654500003
2025-01-28 14:00:00+00:00,-2.7904757654500045
2025-01-28 15:00:00+00:00,-0.1775837654499952
2025-01-28 16:00:00+00:00,5.737000434549998
2025-01-28 17:00:00+00:00,11.673459034550007
2025-01-28 18:00:00+00:00,14.669430334550004
2025-01-28 19:00:00+00:00,15.731613734550002
2025-01-28 20:00:00+00:00,14.743437934549998
2025-01-28 21:00:00+00:00,11.40563763455
2025-01-28 22:00:00+00:00,8.49496363455
2025-01-28 23:00:00+00:00,7.426838175300002
2025-01-29 00:00:00+00:00,6.131294775299995
2025-01-29 01:00:00+00:00,5.207984075299997
2025-01-29 02:00:00+00:00,5.276776375299999
2025-01-29 03:00:00+00:00,5.541467775299999
2025-01-29 04:00:00+00:00,6.803890775300001
2025-01-29 05:00:00+00:00,10.5064043753
2025-01-29 06:00:00+00:00,15.886807975299998
2025-01-29 07:00:00+00:00,18.1681968753
2025-01-29 08:00:00+00:00,16.8039774753
2025-01-29 09:00:00+00:00,14.109330775300002
2025-01-29 10:00:00+00:00,11.392622275299999
2025-01-29 11:00:00+00:00,10.051389775300002
2025-01-29 12:00:00+00:00,9.765806975299995
2025-01-29 13:00:00+00:00,9.526494975300004
2025-01-29 14:00:00+00:00,9.4048028753
2025-01-29 15:00:00+00:00,10.105429175299996
2025-01-29 16:00:00+00:00,12.580131975299999
2025-01-29 17:00:00+00:00,15.785863575299999
2025-01-29 18:00:00+00:00,18.214287375300003
2025-01-29 19:00:00+00:00,19.2825177753
2025-01-29 20:00:00+00:00,18.5676053753
2025-01-29 21:00:00+00:00,15.895501375299999
2025-01-29 22:00:00+00:00,13.4091518753
2025-01-29 23:00:00+00:00,8.70856365582
2025-01-30 00:00:00+00:00,7.206436055820003
2025-01-30 01:00:00+00:00,5.935253755820003
2025-01-30 02:00:00+00:00,5.51535305582
2025-01-30 03:00:00+00:00,5.183481155819997
2025-01-30 04:00:00+00:00,5.382628155820004
2025-01-30 05:00:00+00:00,8.156908455819998
2025-01-30 06:00:00+00:00,12.64372975582
2025-01-30 07:00:00+00:00,14.227802055819996
2025-01-30 08:00:00+00:00,10.409508155820006
2025-01-30 09:00:00+00:00,5.268858755819998
2025-01-30 10:00:00+00:00,1.6514790558199977
2025-01-30 11:00:00+00:00,0.30928865581999787
2025-01-30 12:00:00+00:00,0.028605155820002892
2025-01-30 13:00:00+00:00,-0.5382560441799988
2025-01-30 14:00:00+00:00,-0.1504470441799981
2025-01-30 15:00:00+00:00,2.640548355820002
2025-01-30 16:00:00+00:00,8.260202855820005
2025-01-30 17:00:00+00:00,14.443930955819997
2025-01-30 18:00:00+00:00,17.65769965582
2025-01-30 19:00:00+00:00,18.535892855820006
2025-01-30 20:00:00+00:00,17.640828055820002
2025-01-30 21:00:00+00:00,14.59301955582
2025-01-30 22:00:00+00:00,11.931313355820002
2025-01-30 23:00:00+00:00,10.940282445559998
2025-01-31 00:00:00+00:00,9.466454845560001
2025-01-31 01:00:00+00:00,8.99586454556
2025-01-31 02:00:00+00:00,9.078647045559999
2025-01-31 03:00:00+00:00,9.36623874556
2025-01-31 04:00:00+00:00,10.545569945559999
2025-01-31 05:00:00+00:00,13.97113214556
2025-01-31 06:00:00+00:00,18.985445245560005
2025-01-31 07:00:00+00:00,20.10138204556
2025-01-31 08:00:00+00:00,15.483439545559996
2025-01-31 09:00:00+00:00,9.670179345560005
2025-01-31 10:00:00+00:00,6.453975445560001
2025-01-31 11:00:00+00:00,4.926891745559999
2025-01-31 12:00:00+00:00,5.257601045559998
2025-01-31 13:00:00+00:00,5.807140445559998
2025-01-31 14:00:00+00:00,6.391544445559994
2025-01-31 15:00:00+00:00,9.131407645560003
2025-01-31 16:00:00+00:00,15.523550845559999
2025-01-31 17:00:00+00:00,22.742999045559998
2025-01-31 18:00:00+00:00,25.05353414556
2025-01-31 19:00:00+00:00,25.32316664556
2025-01-31 20:00:00+00:00,23.83313034556
2025-01-31 21:00:00+00:00,20.351665845560003
2025-01-31 22:00:00+00:00,17.551696845560002
2025-01-31 23:00:00+00:00,16.56371540755
2025-02-01 00:00:00+00:00,14.76526380755
2025-02-01 01:00:00+00:00,13.20739050755
2025-02-01 02:00:00+00:00,12.21316740755
2025-02-01 03:00:00+00:00,11.68486470755
2025-02-01 04:00:00+00:00,12.008569007550003
2025-02-01 05:00:00+00:00,12.703810407549998
2025-02-01 06:00:00+00:00,13.53905550755
2025-02-01 07:00:00+00:00,13.98659320755
2025-02-01 08:00:00+00:00,11.108667407550001
2025-02-01 09:00:00+00:00,7.093030107550003
2025-02-01 10:00:00+00:00,4.055558407550006
2025-02-01 11:00:00+00:00,1.7979759075500006
2025-02-01 12:00:00+00:00,1.2596516075500048
2025-02-01 13:00:00+00:00,1.3856729075499992
2025-02-01 14:00:00+00:00,1.1184975075499999
2025-02-01 15:00:00+00:00,3.902058407550001
2025-02-01 16:00:00+00:00,10.34822200755
2025-02-01 17:00:00+00:00,17.77713870755
2025-02-01 18:00:00+00:00,20.791222507550003
2025-02-01 19:00:00+00:00,22.035389007550002
2025-02-01 20:00:00+00:00,22.097913007549998
2025-02-01 21:00:00+00:00,20.524881407549998
2025-02-01 22:00:00+00:00,19.368583107550002
2025-02-01 23:00:00+00:00,17.90757054977
2025-02-02 00:00:00+00:00,16.26888524977
2025-02-02 01:00:00+00:00,14.90441484977
2025-02-02 02:00:00+00:00,14.05398184977
2025-02-02 03:00:00+00:00,13.432278949770001
2025-02-02 04:00:00+00:00,13.36347974977
2025-02-02 05:00:00+00:00,13.81874754977
2025-02-02 06:00:00+00:00,14.009189549770001
2025-02-02 07:00:00+00:00,14.20929094977
2025-02-02 08:00:00+00:00,11.67540784977
2025-02-02 09:00:00+00:00,9.02140054977
2025-02-02 10:00:00+00:00,6.49391634977
2025-02-02 11:00:00+00:00,5.031340749769999
2025-02-02 12:00:00+00:00,5.370362649769998
2025-02-02 13:00:00+00:00,6.631838249769999
2025-02-02 14:00:00+00:00,7.182000849770002
2025-02-02 15:00:00+00:00,9.190245549769998
2025-02-02 16:00:00+00:00,13.68296224977
2025-02-02 17:00:00+00:00,18.48096584977
2025-02-02 18:00:00+00:00,21.26325394977
2025-02-02 19:00:00+00:00,22.85245004977
2025-02-02 20:00:00+00:00,22.966367249770002
2025-02-02 21:00:00+00:00,20.44430504977
2025-02-02 22:00:00+00:00,18.61848014977
2025-02-02 23:00:00+00:00,16.35818515169
2025-02-03 00:00:00+00:00,14.58367215169
2025-02-03 01:00:00+00:00,13.638541651690002
2025-02-03 02:00:00+00:00,13.27027945169
2025-02-03 03:00:00+00:00,13.212894151690001
2025-02-03 04:00:00+00:00,14.238144851689999
2025-02-03 05:00:00+00:00,17.964765051689998
2025-02-03 06:00:00+00:00,22.302155451690002
2025-02-03 07:00:00+00:00,24.43410875169
2025-02-03 08:00:00+00:00,20.251292351689997
2025-02-03 09:00:00+00:00,15.625886851690005
2025-02-03 10:00:00+00:00,12.027738051689994
2025-02-03 11:00:00+00:00,10.58421425169
2025-02-03 12:00:00+00:00,10.121201651689997
2025-02-03 13:00:00+00:00,9.96190725169
2025-02-03 14:00:00+00:00,11.000510051690007
2025-02-03 15:00:00+00:00,13.859895551690002
2025-02-03 16:00:00+00:00,20.01022405169
2025-02-03 17:00:00+00:00,26.32495905169
2025-02-03 18:00:00+00:00,28.87960145169
2025-02-03 19:00:00+00:00,29.803402251690002
2025-02-03 20:00:00+00:00,29.09312705169
2025-02-03 21:00:00+00:00,26.08834605169
2025-02-03 22:00:00+00:00,23.65921765169
2025-02-03 23:00:00+00:00,22.427290752879998
2025-02-04 00:00:00+00:00,20.35890235288
2025-02-04 01:00:00+00:00,19.06134415288
2025-02-04 02:00:00+00:00,18.533183952879998
2025-02-04 03:00:00+00:00,18.257971552879997
2025-02-04 04:00:00+00:00,18.98485025288
2025-02-04 05:00:00+00:00,22.29934085288
2025-02-04 06:00:00+00:00,26.52018035288
2025-02-04 07:00:00+00:00,27.885334652879997
2025-02-04 08:00:00+00:00,22.02185005288
2025-02-04 09:00:00+00:00,15.714969552879996
2025-02-04 10:00:00+00:00,11.286184752879993
2025-02-04 11:00:00+00:00,9.295456052879999
2025-02-04 12:00:00+00:00,8.484817552880003
2025-02-04 13:00:00+00:00,8.118243452880002
2025-02-04 14:00:00+00:00,9.156242852879998
2025-02-04 15:00:00+00:00,12.49591685288
2025-02-04 16:00:00+00:00,19.72974015288
2025-02-04 17:00:00+00:00,27.067260352879998
2025-02-04 18:00:00+00:00,29.77898835288
2025-02-04 19:00:00+00:00,30.07502015288
2025-02-04 20:00:00+00:00,28.33005015288
2025-02-04 21:00:00+00:00,24.31349085288
2025-02-04 22:00:00+00:00,21.40813415288
2025-02-04 23:00:00+00:00,19.05504190764
2025-02-05 00:00:00+00:00,16.98659040764
2025-02-05 01:00:00+00:00,15.68351980764
2025-02-05 02:00:00+00:00,15.026943407640001
2025-02-05 03:00:00+00:00,14.59724060764
2025-02-05 04:00:00+00:00,15.10367830764
2025-02-05 05:00:00+00:00,18.234925907639997
2025-02-05 06:00:00+00:00,22.414469807640003
2025-02-05 07:00:00+00:00,23.583869107639998
2025-02-05 08:00:00+00:00,17.51630090764
2025-02-05 09:00:00+00:00,11.275313007639998
2025-02-05 10:00:00+00:00,7.128249207639996
2025-02-05 11:00:00+00:00,5.395682307640001
2025-02-05 12:00:00+00:00,4.749232107640001
2025-02-05 13:00:00+00:00,4.510812807640001
2025-02-05 14:00:00+00:00,5.589680907639998
2025-02-05 15:00:00+00:00,8.545158707639999
2025-02-05 16:00:00+00:00,15.211281207640003
2025-02-05 17:00:00+00:00,22.55133510764
2025-02-05 18:00:00+00:00,25.31900670764
2025-02-05 19:00:00+00:00,25.93769940764
2025-02-05 20:00:00+00:00,24.79632060764
2025-02-05 21:00:00+00:00,21.45792710764
2025-02-05 22:00:00+00:00,19.01150770764
2025-02-05 23:00:00+00:00,17.212572815119998
2025-02-06 00:00:00+00:00,16.13193091512
2025-02-06 01:00:00+00:00,15.877336015120001
2025-02-06 02:00:00+00:00,16.022061115120003
2025-02-06 03:00:00+00:00,16.321670915120002
2025-02-06 04:00:00+00:00,17.42880091512
2025-02-06 05:00:00+00:00,20.89556191512
2025-02-06 06:00:00+00:00,25.707612315120002
2025-02-06 07:00:00+00:00,27.28742311512
2025-02-06 08:00:00+00:00,21.75975821512
2025-02-06 09:00:00+00:00,15.112789415119998
2025-02-06 10:00:00+00:00,10.996994315120006
2025-02-06 11:00:00+00:00,8.656205715120002
2025-02-06 12:00:00+00:00,7.981091715120002
2025-02-06 13:00:00+00:00,7.870031915120002
2025-02-06 14:00:00+00:00,8.295552415120003
2025-02-06 15:00:00+00:00,11.67730911512
2025-02-06 16:00:00+00:00,18.56200761512
2025-02-06 17:00:00+00:00,26.75354461512
2025-02-06 18:00:00+00:00,30.013941015120004
2025-02-06 19:00:00+00:00,30.757167915120004
2025-02-06 20:00:00+00:00,29.27693821512
2025-02-06 21:00:00+00:00,25.281324015120003
2025-02-06 22:00:00+00:00,21.72116671512
2025-02-06 23:00:00+00:00,19.68115148514
2025-02-07 00:00:00+00:00,17.25430098514
2025-02-07 01:00:00+00:00,15.689822685140001
2025-02-07 02:00:00+00:00,14.804457485139999
2025-02-07 03:00:00+00:00,14.35478038514
2025-02-07 04:00:00+00:00,15.07414988514
2025-02-07 05:00:00+00:00,18.26605378514
2025-02-07 06:00:00+00:00,22.82767548514
2025-02-07 07:00:00+00:00,23.97180888514
2025-02-07 08:00:00+00:00,19.827557285140003
2025-02-07 09:00:00+00:00,14.77111668514
2025-02-07 10:00:00+00:00,11.26222178514
2025-02-07 11:00:00+00:00,10.282017585139997
2025-02-07 12:00:00+00:00,10.62066528514
2025-02-07 13:00:00+00:00,10.898906485139996
2025-02-07 14:00:00+00:00,11.236045385140002
2025-02-07 15:00:00+00:00,13.140652285140007
2025-02-07 16:00:00+00:00,16.466241085140002
2025-02-07 17:00:00+00:00,20.093430285139995
2025-02-07 18:00:00+00:00,22.99830478514
2025-02-07 19:00:00+00:00,23.370051685139998
2025-02-07 20:00:00+00:00,22.230363485139996
2025-02-07 21:00:00+00:00,19.15725488514
2025-02-07 22:00:00+00:00,16.72018418514
2025-02-07 23:00:00+00:00,14.705485946529999
2025-02-08 00:00:00+00:00,13.073977346529999
2025-02-08 01:00:00+00:00,12.14397574653
2025-02-08 02:00:00+00:00,11.663291146529998
2025-02-08 03:00:00+00:00,11.43841674653
2025-02-08 04:00:00+00:00,11.96398604653
2025-02-08 05:00:00+00:00,13.081341946529998
2025-02-08 06:00:00+00:00,14.62013834653
2025-02-08 07:00:00+00:00,15.264353446529999
2025-02-08 08:00:00+00:00,13.19912534653
2025-02-08 09:00:00+00:00,9.468308946529998
2025-02-08 10:00:00+00:00,5.858865646529999
2025-02-08 11:00:00+00:00,3.1734709465299957
2025-02-08 12:00:00+00:00,2.6551657465300025
2025-02-08 13:00:00+00:00,2.6070686465299993
2025-02-08 14:00:00+00:00,2.4477017465299973
2025-02-08 15:00:00+00:00,4.8639845465299985
2025-02-08 16:00:00+00:00,11.257053446530001
2025-02-08 17:00:00+00:00,18.70328524653
2025-02-08 18:00:00+00:00,22.62625224653
2025-02-08 19:00:00+00:00,24.01128384653
2025-02-08 20:00:00+00:00,23.513747446529997
2025-02-08 21:00:00+00:00,21.153082746529996
2025-02-08 22:00:00+00:00,18.86386724653
2025-02-08 23:00:00+00:00,14.95312401654
2025-02-09 00:00:00+00:00,12.93173261654
2025-02-09 01:00:00+00:00,11.602954416540003
2025-02-09 02:00:00+00:00,10.903699816540001
2025-02-09 03:00:00+00:00,10.52874491654
2025-02-09 04:00:00+00:00,11.19285431654
2025-02-09 05:00:00+00:00,12.35877141654
2025-02-09 06:00:00+00:00,13.092807516539999
2025-02-09 07:00:00+00:00,12.690166316540001
2025-02-09 08:00:00+00:00,9.893308316540002
2025-02-09 09:00:00+00:00,6.49226931654
2025-02-09 10:00:00+00:00,4.388739416540005
2025-02-09 11:00:00+00:00,2.826053016539994
2025-02-09 12:00:00+00:00,2.9558371165400033
2025-02-09 13:00:00+00:00,3.887710416539999
2025-02-09 14:00:00+00:00,3.7536344165400024
2025-02-09 15:00:00+00:00,5.956752116540002
2025-02-09 16:00:00+00:00,12.044199216540001
2025-02-09 17:00:00+00:00,19.160915616540002
2025-02-09 18:00:00+00:00,23.10746621654
2025-02-09 19:00:00+00:00,24.75078201654
2025-02-09 20:00:00+00:00,24.79814981654
2025-02-09 21:00:00+00:00,22.395877316540002
2025-02-09 22:00:00+00:00,19.72230641654
2025-02-09 23:00:00+00:00,18.48509368429
2025-02-10 00:00:00+00:00,16.67164658429
2025-02-10 01:00:00+00:00,15.751381984290001
2025-02-10 02:00:00+00:00,15.26538508429
2025-02-10 03:00:00+00:00,15.035893484289998
2025-02-10 04:00:00+00:00,16.37955428429
2025-02-10 05:00:00+00:00,20.13898878429
2025-02-10 06:00:00+00:00,24.65886658429
2025-02-10 07:00:00+00:00,25.96256188429
2025-02-10 08:00:00+00:00,22.54570348429
2025-02-10 09:00:00+00:00,17.60728218429
2025-02-10 10:00:00+00:00,14.031868184289998
2025-02-10 11:00:00+00:00,11.794668284290001
2025-02-10 12:00:00+00:00,11.191466184290004
2025-02-10 13:00:00+00:00,10.933990984289998
2025-02-10 14:00:00+00:00,11.38796008429
2025-02-10 15:00:00+00:00,13.870663384289998
2025-02-10 16:00:00+00:00,19.371229284290003
2025-02-10 17:00:00+00:00,24.95402728429
2025-02-10 18:00:00+00:00,27.90079878429
2025-02-10 19:00:00+00:00,28.56249138429
2025-02-10 20:00:00+00:00,27.26899488429
2025-02-10 21:00:00+00:00,23.30115278429
2025-02-10 22:00:00+00:00,19.90465268429
2025-02-10 23:00:00+00:00,17.28504286997
2025-02-11 00:00:00+00:00,15.292972269969999
2025-02-11 01:00:00+00:00,14.23316156997
2025-02-11 02:00:00+00:00,13.718769969970001
2025-02-11 03:00:00+00:00,13.502093869969999
2025-02-11 04:00:00+00:00,14.70188586997
2025-02-11 05:00:00+00:00,18.08256456997
2025-02-11 06:00:00+00:00,22.53836776997
2025-02-11 07:00:00+00:00,23.62746316997
2025-02-11 08:00:00+00:00,20.129561069970002
2025-02-11 09:00:00+00:00,14.982298769969997
2025-02-11 10:00:00+00:00,11.20173766997
2025-02-11 11:00:00+00:00,9.283035169970002
2025-02-11 12:00:00+00:00,9.01519096997
2025-02-11 13:00:00+00:00,9.32232976997
2025-02-11 14:00:00+00:00,10.26624066997
2025-02-11 15:00:00+00:00,12.582460469970002
2025-02-11 16:00:00+00:00,17.049015969970004
2025-02-11 17:00:00+00:00,21.27399216997
2025-02-11 18:00:00+00:00,24.063774869969997
2025-02-11 19:00:00+00:00,24.942970369970002
2025-02-11 20:00:00+00:00,23.77374016997
2025-02-11 21:00:00+00:00,20.063961869969997
2025-02-11 22:00:00+00:00,17.28946336997
2025-02-11 23:00:00+00:00,14.18253946526
2025-02-12 00:00:00+00:00,12.525059665259999
2025-02-12 01:00:00+00:00,11.720567265260001
2025-02-12 02:00:00+00:00,11.362215265260001
2025-02-12 03:00:00+00:00,11.128720265260002
2025-02-12 04:00:00+00:00,12.255259565260001
2025-02-12 05:00:00+00:00,15.67948686526
2025-02-12 06:00:00+00:00,20.118546565259997
2025-02-12 07:00:00+00:00,21.515125965259998
2025-02-12 08:00:00+00:00,18.36894996526
2025-02-12 09:00:00+00:00,13.272096765260002
2025-02-12 10:00:00+00:00,9.057862265259999
2025-02-12 11:00:00+00:00,6.727286165259997
2025-02-12 12:00:00+00:00,5.758367965260007
2025-02-12 13:00:00+00:00,4.772419065260003
2025-02-12 14:00:00+00:00,4.270930765260001
2025-02-12 15:00:00+00:00,5.969137865260002
2025-02-12 16:00:00+00:00,11.399924965259999
2025-02-12 17:00:00+00:00,17.533410265260002
2025-02-12 18:00:00+00:00,21.019138165259996
2025-02-12 19:00:00+00:00,21.84537746526
2025-02-12 20:00:00+00:00,20.796945565260003
2025-02-12 21:00:00+00:00,17.359475365259996
2025-02-12 22:00:00+00:00,14.559601965260002
2025-02-12 23:00:00+00:00,11.85355458158
2025-02-13 00:00:00+00:00,10.557893381579998
2025-02-13 01:00:00+00:00,9.853474881579999
2025-02-13 02:00:00+00:00,9.661472381580001
2025-02-13 03:00:00+00:00,9.64422628158
2025-02-13 04:00:00+00:00,10.54447298158
2025-02-13 05:00:00+00:00,14.00749938158
2025-02-13 06:00:00+00:00,18.842560681579997
2025-02-13 07:00:00+00:00,19.674990381580002
2025-02-13 08:00:00+00:00,14.675580981580001
2025-02-13 09:00:00+00:00,9.320870581580003
2025-02-13 10:00:00+00:00,5.790808581580002
2025-02-13 11:00:00+00:00,3.8203480815800006
2025-02-13 12:00:00+00:00,3.2193278815800035
2025-02-13 13:00:00+00:00,3.114233181580005
2025-02-13 14:00:00+00:00,3.679438281580005
2025-02-13 15:00:00+00:00,6.737676081580002
2025-02-13 16:00:00+00:00,13.20669808158
2025-02-13 17:00:00+00:00,20.32130478158
2025-02-13 18:00:00+00:00,24.004620181579995
2025-02-13 19:00:00+00:00,24.98345868158
2025-02-13 20:00:00+00:00,23.84192308158
2025-02-13 21:00:00+00:00,19.95937298158
2025-02-13 22:00:00+00:00,16.741872581579997
2025-02-13 23:00:00+00:00,16.08078140327
2025-02-14 00:00:00+00:00,14.29917440327
2025-02-14 01:00:00+00:00,13.51438200327
2025-02-14 02:00:00+00:00,13.15352180327
2025-02-14 03:00:00+00:00,13.199743303269997
2025-02-14 04:00:00+00:00,14.087195703269998
2025-02-14 05:00:00+00:00,17.57517070327
2025-02-14 06:00:00+00:00,22.10758750327
2025-02-14 07:00:00+00:00,22.298469303269997
2025-02-14 08:00:00+00:00,16.282142603270003
2025-02-14 09:00:00+00:00,9.993590103270002
2025-02-14 10:00:00+00:00,6.497483503269997
2025-02-14 11:00:00+00:00,4.8593602032700005
2025-02-14 12:00:00+00:00,4.379667403269998
2025-02-14 13:00:00+00:00,4.122263903270003
2025-02-14 14:00:00+00:00,4.611625203269998
2025-02-14 15:00:00+00:00,7.063576503269999
2025-02-14 16:00:00+00:00,13.982374403270002
2025-02-14 17:00:00+00:00,21.97520130327
2025-02-14 18:00:00+00:00,25.97535210327
2025-02-14 19:00:00+00:00,26.869392103270002
2025-02-14 20:00:00+00:00,26.006386203269997
2025-02-14 21:00:00+00:00,22.74452780327
2025-02-14 22:00:00+00:00,19.85595590327
2025-02-14 23:00:00+00:00,17.948627739259997
2025-02-15 00:00:00+00:00,16.26180273926
2025-02-15 01:00:00+00:00,14.760843339260001
2025-02-15 02:00:00+00:00,13.80699213926
2025-02-15 03:00:00+00:00,13.303888139259998
2025-02-15 04:00:00+00:00,13.42185443926
2025-02-15 05:00:00+00:00,14.487200139259997
2025-02-15 06:00:00+00:00,15.631793439259999
2025-02-15 07:00:00+00:00,14.759267939259999
2025-02-15 08:00:00+00:00,11.34515323926
2025-02-15 09:00:00+00:00,6.913655239260002
2025-02-15 10:00:00+00:00,2.94114533926
2025-02-15 11:00:00+00:00,1.107168839259998
2025-02-15 12:00:00+00:00,0.8183770392600032
2025-02-15 13:00:00+00:00,1.1480511392600015
2025-02-15 14:00:00+00:00,1.3775086392600038
2025-02-15 15:00:00+00:00,4.020026439260004
2025-02-15 16:00:00+00:00,9.10452533926
2025-02-15 17:00:00+00:00,14.77137923926
2025-02-15 18:00:00+00:00,18.28385773926
2025-02-15 19:00:00+00:00,19.770595639259998
2025-02-15 20:00:00+00:00,19.547810139259997
2025-02-15 21:00:00+00:00,17.55672503926
2025-02-15 22:00:00+00:00,15.654424939259997
2025-02-15 23:00:00+00:00,14.473268208499999
2025-02-16 00:00:00+00:00,13.142189408500002
2025-02-16 01:00:00+00:00,12.4572210085
2025-02-16 02:00:00+00:00,12.3543754085
2025-02-16 03:00:00+00:00,12.6552445085
2025-02-16 04:00:00+00:00,13.217117708499998
2025-02-16 05:00:00+00:00,14.397327008500001
2025-02-16 06:00:00+00:00,15.3132322085
2025-02-16 07:00:00+00:00,14.1965526085
2025-02-16 08:00:00+00:00,10.375829108500001
2025-02-16 09:00:00+00:00,5.9223962085
2025-02-16 10:00:00+00:00,2.699859908499999
2025-02-16 11:00:00+00:00,0.7958992085000034
2025-02-16 12:00:00+00:00,0.3758040085000012
2025-02-16 13:00:00+00:00,0.6253556085000014
2025-02-16 14:00:00+00:00,0.156028608499998
2025-02-16 15:00:00+00:00,1.9495991085000028
2025-02-16 16:00:00+00:00,8.0403745085
2025-02-16 17:00:00+00:00,16.2384537085
2025-02-16 18:00:00+00:00,20.7712078085
2025-02-16 19:00:00+00:00,22.6041372085
2025-02-16 20:00:00+00:00,22.5812870085
2025-02-16 21:00:00+00:00,20.3585714085
2025-02-16 22:00:00+00:00,18.263253908499998
2025-02-16 23:00:00+00:00,17.422011184909998
2025-02-17 00:00:00+00:00,15.683009284909998
2025-02-17 01:00:00+00:00,14.772200284910003
2025-02-17 02:00:00+00:00,14.313332284909999
2025-02-17 03:00:00+00:00,14.52407578491
2025-02-17 04:00:00+00:00,15.596163584909998
2025-02-17 05:00:00+00:00,19.16312558491
2025-02-17 06:00:00+00:00,24.000542984910002
2025-02-17 07:00:00+00:00,24.33555638491
2025-02-17 08:00:00+00:00,19.27263478491
2025-02-17 09:00:00+00:00,13.496639184910002
2025-02-17 10:00:00+00:00,9.41576028491
2025-02-17 11:00:00+00:00,7.401590684910005
2025-02-17 12:00:00+00:00,6.668189584910003
2025-02-17 13:00:00+00:00,6.62887238491
2025-02-17 14:00:00+00:00,7.545849484910001
2025-02-17 15:00:00+00:00,10.723942484910001
2025-02-17 16:00:00+00:00,17.16066548491
2025-02-17 17:00:00+00:00,23.924353284909998
2025-02-17 18:00:00+00:00,27.59767608491
2025-02-17 19:00:00+00:00,28.40277648491
2025-02-17 20:00:00+00:00,26.915802084910002
2025-02-17 21:00:00+00:00,22.97585348491
2025-02-17 22:00:00+00:00,19.37171698491
2025-02-17 23:00:00+00:00,17.72103529181
2025-02-18 00:00:00+00:00,15.034538991810003
2025-02-18 01:00:00+00:00,13.367221891810003
2025-02-18 02:00:00+00:00,12.31679379181
2025-02-18 03:00:00+00:00,12.05892199181
2025-02-18 04:00:00+00:00,12.544131491810003
2025-02-18 05:00:00+00:00,15.353030291810002
2025-02-18 06:00:00+00:00,19.67149549181
2025-02-18 07:00:00+00:00,20.130011191809995
2025-02-18 08:00:00+00:00,15.966413491810002
2025-02-18 09:00:00+00:00,10.812165591810004
2025-02-18 10:00:00+00:00,6.606367991810004
2025-02-18 11:00:00+00:00,4.070828791809998
2025-02-18 12:00:00+00:00,2.8535617918100016
2025-02-18 13:00:00+00:00,2.5162724918100032
2025-02-18 14:00:00+00:00,3.3756459918100035
2025-02-18 15:00:00+00:00,6.498428791810003
2025-02-18 16:00:00+00:00,11.91597739181
2025-02-18 17:00:00+00:00,17.06586669181
2025-02-18 18:00:00+00:00,20.888479991809998
2025-02-18 19:00:00+00:00,22.468041091810004
2025-02-18 20:00:00+00:00,21.98578309181
2025-02-18 21:00:00+00:00,19.17250679181
2025-02-18 22:00:00+00:00,16.958244091810002
2025-02-18 23:00:00+00:00,16.39785791712
2025-02-19 00:00:00+00:00,15.438186617120001
2025-02-19 01:00:00+00:00,15.17918371712
2025-02-19 02:00:00+00:00,15.311351217119999
2025-02-19 03:00:00+00:00,15.82061691712
2025-02-19 04:00:00+00:00,16.91410341712
2025-02-19 05:00:00+00:00,20.24140331712
2025-02-19 06:00:00+00:00,24.83333381712
2025-02-19 07:00:00+00:00,25.26087021712
2025-02-19 08:00:00+00:00,20.66029881712
2025-02-19 09:00:00+00:00,14.804039117120002
2025-02-19 10:00:00+00:00,10.27208761712
2025-02-19 11:00:00+00:00,7.730222617120003
2025-02-19 12:00:00+00:00,6.652895817120001
2025-02-19 13:00:00+00:00,6.4341263171200005
2025-02-19 14:00:00+00:00,6.931098717120001
2025-02-19 15:00:00+00:00,9.431521717120003
2025-02-19 16:00:00+00:00,15.18461411712
2025-02-19 17:00:00+00:00,22.030445117120003
2025-02-19 18:00:00+00:00,26.027868817119998
2025-02-19 19:00:00+00:00,26.97418081712
2025-02-19 20:00:00+00:00,25.70099241712
2025-02-19 21:00:00+00:00,22.17771381712
2025-02-19 22:00:00+00:00,19.272266717119997
2025-02-19 23:00:00+00:00,16.96197093375
2025-02-20 00:00:00+00:00,15.426464633750001
2025-02-20 01:00:00+00:00,14.421890533749998
2025-02-20 02:00:00+00:00,14.04584283375
2025-02-20 03:00:00+00:00,14.044028933749999
2025-02-20 04:00:00+00:00,14.89108303375
2025-02-20 05:00:00+00:00,18.02591853375
2025-02-20 06:00:00+00:00,22.18648013375
2025-02-20 07:00:00+00:00,21.835998133750003
2025-02-20 08:00:00+00:00,15.73241743375
2025-02-20 09:00:00+00:00,9.77981953375
2025-02-20 10:00:00+00:00,6.098337033750003
2025-02-20 11:00:00+00:00,4.455689933750001
2025-02-20 12:00:00+00:00,3.836505333750001
2025-02-20 13:00:00+00:00,3.7509022337500006
2025-02-20 14:00:00+00:00,4.65441973375
2025-02-20 15:00:00+00:00,7.619949533749999
2025-02-20 16:00:00+00:00,13.77711293375
2025-02-20 17:00:00+00:00,21.083655533749997
2025-02-20 18:00:00+00:00,25.078481233749997
2025-02-20 19:00:00+00:00,25.631896733749997
2025-02-20 20:00:00+00:00,24.08759643375
2025-02-20 21:00:00+00:00,19.83163753375
2025-02-20 22:00:00+00:00,16.29186473375
2025-02-20 23:00:00+00:00,14.305125971529998
2025-02-21 00:00:00+00:00,12.265135271530001
2025-02-21 01:00:00+00:00,10.993394871530002
2025-02-21 02:00:00+00:00,10.46881327153
2025-02-21 03:00:00+00:00,10.477669971530004
2025-02-21 04:00:00+00:00,10.980535271530002
2025-02-21 05:00:00+00:00,13.961415871529999
2025-02-21 06:00:00+00:00,17.70850647153
2025-02-21 07:00:00+00:00,18.485932771530003
2025-02-21 08:00:00+00:00,14.72552497153
2025-02-21 09:00:00+00:00,10.24448417153
2025-02-21 10:00:00+00:00,6.862014871529997
2025-02-21 11:00:00+00:00,4.533971971529997
2025-02-21 12:00:00+00:00,3.3250742715299992
2025-02-21 13:00:00+00:00,2.61319137153
2025-02-21 14:00:00+00:00,3.018285671530002
2025-02-21 15:00:00+00:00,4.752805671530002
2025-02-21 16:00:00+00:00,8.57833517153
2025-02-21 17:00:00+00:00,12.79724147153
2025-02-21 18:00:00+00:00,16.37730037153
2025-02-21 19:00:00+00:00,17.21774927153
2025-02-21 20:00:00+00:00,16.50465287153
2025-02-21 21:00:00+00:00,13.710107771529998
2025-02-21 22:00:00+00:00,10.97068587153
2025-02-21 23:00:00+00:00,10.29430729558
2025-02-22 00:00:00+00:00,9.60358679558
2025-02-22 01:00:00+00:00,9.18100039558
2025-02-22 02:00:00+00:00,9.31639089558
2025-02-22 03:00:00+00:00,9.95921659558
2025-02-22 04:00:00+00:00,10.92615439558
2025-02-22 05:00:00+00:00,12.96500769558
2025-02-22 06:00:00+00:00,14.665320895580003
2025-02-22 07:00:00+00:00,14.835920995579999
2025-02-22 08:00:00+00:00,13.19507629558
2025-02-22 09:00:00+00:00,9.998350095580001
2025-02-22 10:00:00+00:00,7.279368895580003
2025-02-22 11:00:00+00:00,5.511947495579999
2025-02-22 12:00:00+00:00,5.101645495579998
2025-02-22 13:00:00+00:00,4.848420995579996
2025-02-22 14:00:00+00:00,4.092861395579998
2025-02-22 15:00:00+00:00,5.047226695579997
2025-02-22 16:00:00+00:00,9.549883995580002
2025-02-22 17:00:00+00:00,16.39063989558
2025-02-22 18:00:00+00:00,20.07436379558
2025-02-22 19:00:00+00:00,20.91921869558
2025-02-22 20:00:00+00:00,19.93108819558
2025-02-22 21:00:00+00:00,17.63695709558
2025-02-22 22:00:00+00:00,15.667613995580002
2025-02-22 23:00:00+00:00,14.501856404680002
2025-02-23 00:00:00+00:00,12.965672904680002
2025-02-23 01:00:00+00:00,12.13274870468
2025-02-23 02:00:00+00:00,11.849044304680003
2025-02-23 03:00:00+00:00,11.789667004679998
2025-02-23 04:00:00+00:00,12.053009104680001
2025-02-23 05:00:00+00:00,13.140866504680002
2025-02-23 06:00:00+00:00,13.80380550468
2025-02-23 07:00:00+00:00,11.50960670468
2025-02-23 08:00:00+00:00,6.624616504679999
2025-02-23 09:00:00+00:00,2.2967401046800013
2025-02-23 10:00:00+00:00,0.5665147046799994
2025-02-23 11:00:00+00:00,-0.08792519532000043
2025-02-23 12:00:00+00:00,-0.4148850953200025
2025-02-23 13:00:00+00:00,0.4344624046800014
2025-02-23 14:00:00+00:00,0.26644160468000067
2025-02-23 15:00:00+00:00,2.02881210468
2025-02-23 16:00:00+00:00,7.736168204680002
2025-02-23 17:00:00+00:00,16.32662140468
2025-02-23 18:00:00+00:00,21.42367440468
2025-02-23 19:00:00+00:00,22.911505604680002
2025-02-23 20:00:00+00:00,22.84174440468
2025-02-23 21:00:00+00:00,20.85628350468
2025-02-23 22:00:00+00:00,18.054987804680003
2025-02-23 23:00:00+00:00,15.089920217289999
2025-02-24 00:00:00+00:00,13.21457741729
2025-02-24 01:00:00+00:00,12.16137881729
2025-02-24 02:00:00+00:00,11.60959481729
2025-02-24 03:00:00+00:00,11.491692517290002
2025-02-24 04:00:00+00:00,12.29479491729
2025-02-24 05:00:00+00:00,15.818739617290001
2025-02-24 06:00:00+00:00,19.95181381729
2025-02-24 07:00:00+00:00,19.666098517290003
2025-02-24 08:00:00+00:00,14.729512417290003
2025-02-24 09:00:00+00:00,9.971773017290001
2025-02-24 10:00:00+00:00,7.373988117290001
2025-02-24 11:00:00+00:00,6.147693017289999
2025-02-24 12:00:00+00:00,5.020702017289999
2025-02-24 13:00:00+00:00,4.523131817289997
2025-02-24 14:00:00+00:00,4.621463717289998
2025-02-24 15:00:00+00:00,6.233045517290002
2025-02-24 16:00:00+00:00,11.150027817290002
2025-02-24 17:00:00+00:00,18.07380971729
2025-02-24 18:00:00+00:00,21.606068317290003
2025-02-24 19:00:00+00:00,21.50522431729
2025-02-24 20:00:00+00:00,19.750501017290006
2025-02-24 21:00:00+00:00,15.91889781729
2025-02-24 22:00:00+00:00,12.66582921729
2025-02-24 23:00:00+00:00,11.223428238220002
2025-02-25 00:00:00+00:00,9.50214303822
2025-02-25 01:00:00+00:00,8.700248938220001
2025-02-25 02:00:00+00:00,8.553059338219999
2025-02-25 03:00:00+00:00,8.926050438219999
2025-02-25 04:00:00+00:00,10.023390038219999
2025-02-25 05:00:00+00:00,13.59006883822
2025-02-25 06:00:00+00:00,17.91937143822
2025-02-25 07:00:00+00:00,18.488227038219996
2025-02-25 08:00:00+00:00,16.62168603822
2025-02-25 09:00:00+00:00,14.411577138220004
2025-02-25 10:00:00+00:00,12.139354938219999
2025-02-25 11:00:00+00:00,10.75068573822
2025-02-25 12:00:00+00:00,9.185538038220002
2025-02-25 13:00:00+00:00,8.161891438220003
2025-02-25 14:00:00+00:00,7.600707938220001
2025-02-25 15:00:00+00:00,8.400287538220002
2025-02-25 16:00:00+00:00,11.967197738219998
2025-02-25 17:00:00+00:00,17.81007013822
2025-02-25 18:00:00+00:00,21.936474038220002
2025-02-25 19:00:00+00:00,22.89651113822
2025-02-25 20:00:00+00:00,22.336499338220005
2025-02-25 21:00:00+00:00,19.40627313822
2025-02-25 22:00:00+00:00,16.988052338219997
2025-02-25 23:00:00+00:00,14.982448147940001
2025-02-26 00:00:00+00:00,13.86041614794
2025-02-26 01:00:00+00:00,13.134299547940001
2025-02-26 02:00:00+00:00,12.835375547940002
2025-02-26 03:00:00+00:00,13.049782247940001
2025-02-26 04:00:00+00:00,14.242755747939999
2025-02-26 05:00:00+00:00,17.881275647939997
2025-02-26 06:00:00+00:00,22.15027724794
2025-02-26 07:00:00+00:00,20.69941094794
2025-02-26 08:00:00+00:00,13.87811534794
2025-02-26 09:00:00+00:00,8.083259047940004
2025-02-26 10:00:00+00:00,5.580720547939997
2025-02-26 11:00:00+00:00,4.801578147940003
2025-02-26 12:00:00+00:00,4.133094247940008
2025-02-26 13:00:00+00:00,4.377816247939997
2025-02-26 14:00:00+00:00,5.720887647939996
2025-02-26 15:00:00+00:00,8.853140647939998
2025-02-26 16:00:00+00:00,15.492361447940002
2025-02-26 17:00:00+00:00,23.729966347940003
2025-02-26 18:00:00+00:00,28.471789947939996
2025-02-26 19:00:00+00:00,29.825807447939997
2025-02-26 20:00:00+00:00,29.461468247939997
2025-02-26 21:00:00+00:00,26.431286547939997
2025-02-26 22:00:00+00:00,23.45659964794
2025-02-26 23:00:00+00:00,21.47902767051
2025-02-27 00:00:00+00:00,19.779166770510002
2025-02-27 01:00:00+00:00,18.55851697051
2025-02-27 02:00:00+00:00,18.37872437051
2025-02-27 03:00:00+00:00,18.48370457051
2025-02-27 04:00:00+00:00,19.06624347051
2025-02-27 05:00:00+00:00,22.406938270509997
2025-02-27 06:00:00+00:00,26.67806697051
2025-02-27 07:00:00+00:00,27.115123770510003
2025-02-27 08:00:00+00:00,23.550271370509996
2025-02-27 09:00:00+00:00,18.946206470510003
2025-02-27 10:00:00+00:00,15.02912427051
2025-02-27 11:00:00+00:00,12.92448587051
2025-02-27 12:00:00+00:00,12.438887370510002
2025-02-27 13:00:00+00:00,12.466651470510001
2025-02-27 14:00:00+00:00,13.483939870510003
2025-02-27 15:00:00+00:00,15.83640867051
2025-02-27 16:00:00+00:00,20.26692797051
2025-02-27 17:00:00+00:00,25.798067770510002
2025-02-27 18:00:00+00:00,29.28419977051
2025-02-27 19:00:00+00:00,30.10664187051
2025-02-27 20:00:00+00:00,28.782288670510003
2025-02-27 21:00:00+00:00,24.924824870509998
2025-02-27 22:00:00+00:00,21.74636607051
2025-02-27 23:00:00+00:00,19.95810289286
2025-02-28 00:00:00+00:00,17.884694092860002
2025-02-28 01:00:00+00:00,16.77411979286
2025-02-28 02:00:00+00:00,16.12016589286
2025-02-28 03:00:00+00:00,15.63474669286
2025-02-28 04:00:00+00:00,15.722791092860001
2025-02-28 05:00:00+00:00,18.33477439286
2025-02-28 06:00:00+00:00,21.85255509286
2025-02-28 07:00:00+00:00,22.03235259286
2025-02-28 08:00:00+00:00,18.33076439286
2025-02-28 09:00:00+00:00,14.56670619286
2025-02-28 10:00:00+00:00,11.734752892860001
2025-02-28 11:00:00+00:00,10.24242489286
2025-02-28 12:00:00+00:00,9.89458679286
2025-02-28 13:00:00+00:00,10.168025092860002
2025-02-28 14:00:00+00:00,10.996327692860003
2025-02-28 15:00:00+00:00,12.39142589286
2025-02-28 16:00:00+00:00,15.111006992860002
2025-02-28 17:00:00+00:00,18.35859429286
2025-02-28 18:00:00+00:00,21.00410829286
2025-02-28 19:00:00+00:00,22.19305679286
2025-02-28 20:00:00+00:00,21.263454492860003
2025-02-28 21:00:00+00:00,18.42480119286
2025-02-28 22:00:00+00:00,16.04869909286
2025-02-28 23:00:00+00:00,14.46591519431
2025-03-01 00:00:00+00:00,12.92219479431
2025-03-01 01:00:00+00:00,11.71394539431
2025-03-01 02:00:00+00:00,11.07042909431
2025-03-01 03:00:00+00:00,10.63774619431
2025-03-01 04:00:00+00:00,10.227378694309998
2025-03-01 05:00:00+00:00,10.885876794310002
2025-03-01 06:00:00+00:00,11.41397089431
2025-03-01 07:00:00+00:00,11.01674559431
2025-03-01 08:00:00+00:00,10.37566279431
2025-03-01 09:00:00+00:00,9.036679794310004
2025-03-01 10:00:00+00:00,7.157020494310004
2025-03-01 11:00:00+00:00,5.408191494310007
2025-03-01 12:00:00+00:00,4.637429494310002
2025-03-01 13:00:00+00:00,4.641258294310003
2025-03-01 14:00:00+00:00,3.861459994310003
2025-03-01 15:00:00+00:00,3.4840673943099993
2025-03-01 16:00:00+00:00,5.783655494310004
2025-03-01 17:00:00+00:00,9.358729494310005
2025-03-01 18:00:00+00:00,12.69200829431
2025-03-01 19:00:00+00:00,14.008012894310003
2025-03-01 20:00:00+00:00,13.63729989431
2025-03-01 21:00:00+00:00,11.943292394310003
2025-03-01 22:00:00+00:00,10.292115394310002
2025-03-01 23:00:00+00:00,9.329984929850003
2025-03-02 00:00:00+00:00,8.05855952985
2025-03-02 01:00:00+00:00,7.184981229849997
2025-03-02 02:00:00+00:00,6.904843329849999
2025-03-02 03:00:00+00:00,6.957341829850002
2025-03-02 04:00:00+00:00,7.458206829849997
2025-03-02 05:00:00+00:00,8.851480629849998
2025-03-02 06:00:00+00:00,9.05665442985
2025-03-02 07:00:00+00:00,8.90147972985
2025-03-02 08:00:00+00:00,9.46229352985
2025-03-02 09:00:00+00:00,9.76882392985
2025-03-02 10:00:00+00:00,9.015146729849999
2025-03-02 11:00:00+00:00,8.02091522985
2025-03-02 12:00:00+00:00,7.986479329849999
2025-03-02 13:00:00+00:00,8.392413529850003
2025-03-02 14:00:00+00:00,7.368691429849999
2025-03-02 15:00:00+00:00,6.91649342985
2025-03-02 16:00:00+00:00,8.451980929850002
2025-03-02 17:00:00+00:00,11.661128429849999
2025-03-02 18:00:00+00:00,14.949617529849998
2025-03-02 19:00:00+00:00,16.44541862985
2025-03-02 20:00:00+00:00,16.21699102985
2025-03-02 21:00:00+00:00,14.18576702985
2025-03-02 22:00:00+00:00,11.577350429849998
2025-03-02 23:00:00+00:00,9.70162803835
2025-03-03 00:00:00+00:00,8.438651938349999
2025-03-03 01:00:00+00:00,7.66204703835
2025-03-03 02:00:00+00:00,7.558674838349999
2025-03-03 03:00:00+00:00,7.938311538349998
2025-03-03 04:00:00+00:00,9.00410613835
2025-03-03 05:00:00+00:00,12.94373433835
2025-03-03 06:00:00+00:00,16.46343523835
2025-03-03 07:00:00+00:00,18.05083953835
2025-03-03 08:00:00+00:00,16.829048738349996
2025-03-03 09:00:00+00:00,15.63102603835
2025-03-03 10:00:00+00:00,13.664526438350006
2025-03-03 11:00:00+00:00,12.183074438350005
2025-03-03 12:00:00+00:00,11.41187343835
2025-03-03 13:00:00+00:00,11.195338738350006
2025-03-03 14:00:00+00:00,11.120537838350003
2025-03-03 15:00:00+00:00,11.793991738350002
2025-03-03 16:00:00+00:00,14.33758093835
2025-03-03 17:00:00+00:00,17.64595533835
2025-03-03 18:00:00+00:00,20.30466313835
2025-03-03 19:00:00+00:00,21.017148938349997
2025-03-03 20:00:00+00:00,20.006428938350002
2025-03-03 21:00:00+00:00,16.96124383835
2025-03-03 22:00:00+00:00,13.76053333835
2025-03-03 23:00:00+00:00,12.207181790690003
2025-03-04 00:00:00+00:00,10.890262790689999
2025-03-04 01:00:00+00:00,9.97217149069
2025-03-04 02:00:00+00:00,9.73515509069
2025-03-04 03:00:00+00:00,9.954512390689999
2025-03-04 04:00:00+00:00,10.628005990690001
2025-03-04 05:00:00+00:00,13.82351509069
2025-03-04 06:00:00+00:00,16.995557490690004
2025-03-04 07:00:00+00:00,16.757850090690003
2025-03-04 08:00:00+00:00,13.23205539069
2025-03-04 09:00:00+00:00,10.02119729069
2025-03-04 10:00:00+00:00,7.373114790690003
2025-03-04 11:00:00+00:00,5.67967589069
2025-03-04 12:00:00+00:00,5.059303790690002
2025-03-04 13:00:00+00:00,5.010656590690001
2025-03-04 14:00:00+00:00,5.622469890690002
2025-03-04 15:00:00+00:00,7.212621390690003
2025-03-04 16:00:00+00:00,11.06737719069
2025-03-04 17:00:00+00:00,16.23412809069
2025-03-04 18:00:00+00:00,19.51736699069
2025-03-04 19:00:00+00:00,20.027251990690004
2025-03-04 20:00:00+00:00,18.71850789069
2025-03-04 21:00:00+00:00,15.567872690689999
2025-03-04 22:00:00+00:00,12.684847290690001
2025-03-04 23:00:00+00:00,11.127311920690001
2025-03-05 00:00:00+00:00,10.022538220689999
2025-03-05 01:00:00+00:00,9.202104520690003
2025-03-05 02:00:00+00:00,8.87110332069
2025-03-05 03:00:00+00:00,8.91615732069
2025-03-05 04:00:00+00:00,9.53026022069
2025-03-05 05:00:00+00:00,12.63275762069
2025-03-05 06:00:00+00:00,15.693955620689998
2025-03-05 07:00:00+00:00,16.00888702069
2025-03-05 08:00:00+00:00,13.82015002069
2025-03-05 09:00:00+00:00,11.390618920690002
2025-03-05 10:00:00+00:00,8.675148320690003
2025-03-05 11:00:00+00:00,6.979828020690004
2025-03-05 12:00:00+00:00,6.561627820690003
2025-03-05 13:00:00+00:00,6.491159620690006
2025-03-05 14:00:00+00:00,6.826753320690003
2025-03-05 15:00:00+00:00,8.04111712069
2025-03-05 16:00:00+00:00,10.769359720690002
2025-03-05 17:00:00+00:00,14.451764520690002
2025-03-05 18:00:00+00:00,17.535635220689997
2025-03-05 19:00:00+00:00,18.54456282069
2025-03-05 20:00:00+00:00,17.54503442069
2025-03-05 21:00:00+00:00,14.37446202069
2025-03-05 22:00:00+00:00,11.41155482069
2025-03-05 23:00:00+00:00,10.00999746369
2025-03-06 00:00:00+00:00,8.96018316369
2025-03-06 01:00:00+00:00,8.363656563689998
2025-03-06 02:00:00+00:00,8.416987863690002
2025-03-06 03:00:00+00:00,8.718624063690001
2025-03-06 04:00:00+00:00,9.52743756369
2025-03-06 05:00:00+00:00,12.649655963689998
2025-03-06 06:00:00+00:00,16.11698906369
2025-03-06 07:00:00+00:00,17.199553463690002
2025-03-06 08:00:00+00:00,15.156116463690001
2025-03-06 09:00:00+00:00,12.730719263689998
2025-03-06 10:00:00+00:00,10.464736663689997
2025-03-06 11:00:00+00:00,8.844133663690002
2025-03-06 12:00:00+00:00,8.019586663690003
2025-03-06 13:00:00+00:00,7.80550086369
2025-03-06 14:00:00+00:00,7.767736063689998
2025-03-06 15:00:00+00:00,8.79582356369
2025-03-06 16:00:00+00:00,12.168376163690002
2025-03-06 17:00:00+00:00,17.157942763690002
2025-03-06 18:00:00+00:00,21.240488763689996
2025-03-06 19:00:00+00:00,22.36722096369
2025-03-06 20:00:00+00:00,21.100957063689997
2025-03-06 21:00:00+00:00,18.04884476369
2025-03-06 22:00:00+00:00,15.372296663690001
2025-03-06 23:00:00+00:00,14.07948127152
2025-03-07 00:00:00+00:00,12.639110771519999
2025-03-07 01:00:00+00:00,11.972063471520002
2025-03-07 02:00:00+00:00,11.773016171519998
2025-03-07 03:00:00+00:00,11.759032171520001
2025-03-07 04:00:00+00:00,12.44917357152
2025-03-07 05:00:00+00:00,15.019452271520002
2025-03-07 06:00:00+00:00,17.98467077152
2025-03-07 07:00:00+00:00,17.692040571519996
2025-03-07 08:00:00+00:00,14.18364287152
2025-03-07 09:00:00+00:00,10.346320371520001
2025-03-07 10:00:00+00:00,7.363413171519998
2025-03-07 11:00:00+00:00,5.45023797152
2025-03-07 12:00:00+00:00,4.552138871520004
2025-03-07 13:00:00+00:00,4.633292371520007
2025-03-07 14:00:00+00:00,4.509444371520001
2025-03-07 15:00:00+00:00,5.403409871520001
2025-03-07 16:00:00+00:00,7.982295371520003
2025-03-07 17:00:00+00:00,11.373235871520002
2025-03-07 18:00:00+00:00,14.110769071520004
2025-03-07 19:00:00+00:00,14.76565197152
2025-03-07 20:00:00+00:00,13.488357771519997
2025-03-07 21:00:00+00:00,10.832716171520001
2025-03-07 22:00:00+00:00,8.776552571520003
2025-03-07 23:00:00+00:00,8.18554018543
2025-03-08 00:00:00+00:00,6.845576585429999
2025-03-08 01:00:00+00:00,5.854806385429999
2025-03-08 02:00:00+00:00,5.557162385430001
2025-03-08 03:00:00+00:00,5.497127585429999
2025-03-08 04:00:00+00:00,5.2487244854299995
2025-03-08 05:00:00+00:00,5.884302385429997
2025-03-08 06:00:00+00:00,5.96147818543
2025-03-08 07:00:00+00:00,5.739033785429999
2025-03-08 08:00:00+00:00,5.6676388854300015
2025-03-08 09:00:00+00:00,5.613878885430001
2025-03-08 10:00:00+00:00,4.232819985430002
2025-03-08 11:00:00+00:00,2.8856411854300035
2025-03-08 12:00:00+00:00,2.5197318854300015
2025-03-08 13:00:00+00:00,2.4799752854299975
2025-03-08 14:00:00+00:00,1.7226341854299996
2025-03-08 15:00:00+00:00,1.7283726854300028
2025-03-08 16:00:00+00:00,3.7534009854300017
2025-03-08 17:00:00+00:00,7.348998385429997
2025-03-08 18:00:00+00:00,11.21391178543
2025-03-08 19:00:00+00:00,13.193889685430001
2025-03-08 20:00:00+00:00,13.00822548543
2025-03-08 21:00:00+00:00,11.956920185429997
2025-03-08 22:00:00+00:00,10.21462808543
2025-03-08 23:00:00+00:00,9.270388780480001
2025-03-09 00:00:00+00:00,8.55942848048
2025-03-09 01:00:00+00:00,7.819865980480001
2025-03-09 02:00:00+00:00,7.38874528048
2025-03-09 03:00:00+00:00,7.074988780480002
2025-03-09 04:00:00+00:00,7.1904886804800014
2025-03-09 05:00:00+00:00,7.924243780479999
2025-03-09 06:00:00+00:00,7.871619880480001
2025-03-09 07:00:00+00:00,6.169103980479999
2025-03-09 08:00:00+00:00,4.013242780480002
2025-03-09 09:00:00+00:00,2.503545080480002
2025-03-09 10:00:00+00:00,1.0434837804800026
2025-03-09 11:00:00+00:00,-0.06273411951999464
2025-03-09 12:00:00+00:00,0.20663928048000102
2025-03-09 13:00:00+00:00,1.9833207804799997
2025-03-09 14:00:00+00:00,2.119786280480003
2025-03-09 15:00:00+00:00,3.828451680480004
2025-03-09 16:00:00+00:00,8.493287980480002
2025-03-09 17:00:00+00:00,14.380064280480001
2025-03-09 18:00:00+00:00,18.770189980480005
2025-03-09 19:00:00+00:00,20.76791798048
2025-03-09 20:00:00+00:00,20.82338188048
2025-03-09 21:00:00+00:00,19.16055318048
2025-03-09 22:00:00+00:00,16.83637848048
2025-03-09 23:00:00+00:00,15.54808156382
2025-03-10 00:00:00+00:00,14.16681466382
2025-03-10 01:00:00+00:00,13.36428296382
2025-03-10 02:00:00+00:00,13.01372226382
2025-03-10 03:00:00+00:00,12.95799056382
2025-03-10 04:00:00+00:00,14.068026163819999
2025-03-10 05:00:00+00:00,17.547101163820003
2025-03-10 06:00:00+00:00,21.020038763819997
2025-03-10 07:00:00+00:00,21.14876636382
2025-03-10 08:00:00+00:00,18.51860026382
2025-03-10 09:00:00+00:00,15.722757763819999
2025-03-10 10:00:00+00:00,13.85628666382
2025-03-10 11:00:00+00:00,12.77483636382
2025-03-10 12:00:00+00:00,12.492443163819999
2025-03-10 13:00:00+00:00,12.921586863820004
2025-03-10 14:00:00+00:00,13.54746086382
2025-03-10 15:00:00+00:00,15.274693963819999
2025-03-10 16:00:00+00:00,18.408565263819998
2025-03-10 17:00:00+00:00,21.74622496382
2025-03-10 18:00:00+00:00,23.50316506382
2025-03-10 19:00:00+00:00,23.97614506382
2025-03-10 20:00:00+00:00,22.595473963820005
2025-03-10 21:00:00+00:00,19.26928946382
2025-03-10 22:00:00+00:00,16.36980886382
2025-03-10 23:00:00+00:00,13.86184019116
2025-03-11 00:00:00+00:00,12.366056291160001
2025-03-11 01:00:00+00:00,11.62855879116
2025-03-11 02:00:00+00:00,11.595346591160004
2025-03-11 03:00:00+00:00,12.01815519116
2025-03-11 04:00:00+00:00,13.39228139116
2025-03-11 05:00:00+00:00,16.82965219116
2025-03-11 06:00:00+00:00,20.47794769116
2025-03-11 07:00:00+00:00,21.104347491160006
2025-03-11 08:00:00+00:00,18.194328391160003
2025-03-11 09:00:00+00:00,15.011088991159998
2025-03-11 10:00:00+00:00,12.873033091160003
2025-03-11 11:00:00+00:00,11.22082979116
2025-03-11 12:00:00+00:00,10.713707091160003
2025-03-11 13:00:00+00:00,10.972698991160001
2025-03-11 14:00:00+00:00,10.79976589116
2025-03-11 15:00:00+00:00,11.932663091160002
2025-03-11 16:00:00+00:00,15.62815639116
2025-03-11 17:00:00+00:00,20.929963591159996
2025-03-11 18:00:00+00:00,24.698444191160004
2025-03-11 19:00:00+00:00,25.903645891159996
2025-03-11 20:00:00+00:00,24.737243891160002
2025-03-11 21:00:00+00:00,21.21635999116
2025-03-11 22:00:00+00:00,17.84443549116
2025-03-11 23:00:00+00:00,12.847359666109998
2025-03-12 00:00:00+00:00,10.761168966109999
2025-03-12 01:00:00+00:00,9.391625966109999
2025-03-12 02:00:00+00:00,8.77205776611
2025-03-12 03:00:00+00:00,8.822204466110001
2025-03-12 04:00:00+00:00,10.01144296611
2025-03-12 05:00:00+00:00,13.400232066109998
2025-03-12 06:00:00+00:00,16.96626016611
2025-03-12 07:00:00+00:00,16.218348766109997
2025-03-12 08:00:00+00:00,12.551508166110004
2025-03-12 09:00:00+00:00,9.396192866109999
2025-03-12 10:00:00+00:00,7.668396966109999
2025-03-12 11:00:00+00:00,6.83107756611
2025-03-12 12:00:00+00:00,7.211924766109998
2025-03-12 13:00:00+00:00,8.368939566109994
2025-03-12 14:00:00+00:00,9.159706866110003
2025-03-12 15:00:00+00:00,11.033503866109996
2025-03-12 16:00:00+00:00,14.858107366110001
2025-03-12 17:00:00+00:00,19.327054866109997
2025-03-12 18:00:00+00:00,22.616864166110002
2025-03-12 19:00:00+00:00,23.92005546611
2025-03-12 20:00:00+00:00,23.080070166109998
2025-03-12 21:00:00+00:00,20.045746966110002
2025-03-12 22:00:00+00:00,17.440307366109998
2025-03-12 23:00:00+00:00,15.470400204970002
2025-03-13 00:00:00+00:00,14.304030804970001
2025-03-13 01:00:00+00:00,13.679029604970001
2025-03-13 02:00:00+00:00,13.48439460497
2025-03-13 03:00:00+00:00,13.651482404969999
2025-03-13 04:00:00+00:00,14.665003404970001
2025-03-13 05:00:00+00:00,17.81749730497
2025-03-13 06:00:00+00:00,21.29780620497
2025-03-13 07:00:00+00:00,21.88051280497
2025-03-13 08:00:00+00:00,19.64992010497
2025-03-13 09:00:00+00:00,17.272809604970004
2025-03-13 10:00:00+00:00,15.60019190497
2025-03-13 11:00:00+00:00,14.43326920497
2025-03-13 12:00:00+00:00,13.672018004969999
2025-03-13 13:00:00+00:00,13.552521104970001
2025-03-13 14:00:00+00:00,12.98601690497
2025-03-13 15:00:00+00:00,13.559357204970002
2025-03-13 16:00:00+00:00,14.815879404970001
2025-03-13 17:00:00+00:00,16.97775970497
2025-03-13 18:00:00+00:00,19.409938704970003
2025-03-13 19:00:00+00:00,20.084893104970003
2025-03-13 20:00:00+00:00,18.965564504969997
2025-03-13 21:00:00+00:00,15.680707304970003
2025-03-13 22:00:00+00:00,12.994506304970002
2025-03-13 23:00:00+00:00,10.281703826699998
2025-03-14 00:00:00+00:00,9.277603026699998
2025-03-14 01:00:00+00:00,8.598755526699998
2025-03-14 02:00:00+00:00,8.5613727267
2025-03-14 03:00:00+00:00,8.824636026699999
2025-03-14 04:00:00+00:00,9.9698067267
2025-03-14 05:00:00+00:00,12.9739221267
2025-03-14 06:00:00+00:00,16.6925832267
2025-03-14 07:00:00+00:00,17.3096745267
2025-03-14 08:00:00+00:00,13.5326439267
2025-03-14 09:00:00+00:00,10.234959426700001
2025-03-14 10:00:00+00:00,7.332800626699999
2025-03-14 11:00:00+00:00,5.748979926700002
2025-03-14 12:00:00+00:00,5.056689826700001
2025-03-14 13:00:00+00:00,4.792674326700002
2025-03-14 14:00:00+00:00,4.944340426699998
2025-03-14 15:00:00+00:00,6.047862826700001
2025-03-14 16:00:00+00:00,9.936461526699997
2025-03-14 17:00:00+00:00,15.416619726699999
2025-03-14 18:00:00+00:00,20.334938026699994
2025-03-14 19:00:00+00:00,21.4756748267
2025-03-14 20:00:00+00:00,20.4184380267
2025-03-14 21:00:00+00:00,17.7709885267
2025-03-14 22:00:00+00:00,15.437162826699998
2025-03-14 23:00:00+00:00,14.002190325780003
2025-03-15 00:00:00+00:00,12.528797425780002
2025-03-15 01:00:00+00:00,11.37584812578
2025-03-15 02:00:00+00:00,10.658448825780003
2025-03-15 03:00:00+00:00,10.206463325779998
2025-03-15 04:00:00+00:00,10.27082132578
2025-03-15 05:00:00+00:00,11.15663462578
2025-03-15 06:00:00+00:00,11.810341025780001
2025-03-15 07:00:00+00:00,7.472277025779999
2025-03-15 08:00:00+00:00,2.2304871257800016
2025-03-15 09:00:00+00:00,-0.6172888742200016
2025-03-15 10:00:00+00:00,-2.1134085742200064
2025-03-15 11:00:00+00:00,-2.2468013742199986
2025-03-15 12:00:00+00:00,-1.1590182742199993
2025-03-15 13:00:00+00:00,0.5890616257799977
2025-03-15 14:00:00+00:00,0.8957932257800003
2025-03-15 15:00:00+00:00,3.0302947257799993
2025-03-15 16:00:00+00:00,7.741319825779996
2025-03-15 17:00:00+00:00,14.387261425779998
2025-03-15 18:00:00+00:00,19.70764232578
2025-03-15 19:00:00+00:00,20.970512125779997
2025-03-15 20:00:00+00:00,20.64920562578
2025-03-15 21:00:00+00:00,18.41830252578
2025-03-15 22:00:00+00:00,16.30210102578
2025-03-15 23:00:00+00:00,14.734157008430001
2025-03-16 00:00:00+00:00,12.993510308429999
2025-03-16 01:00:00+00:00,12.00828720843
2025-03-16 02:00:00+00:00,11.518341008430001
2025-03-16 03:00:00+00:00,11.35269950843
2025-03-16 04:00:00+00:00,11.94590340843
2025-03-16 05:00:00+00:00,12.699387308429998
2025-03-16 06:00:00+00:00,12.82682390843
2025-03-16 07:00:00+00:00,10.813784808429999
2025-03-16 08:00:00+00:00,8.78348970843
2025-03-16 09:00:00+00:00,7.155983608430002
2025-03-16 10:00:00+00:00,5.404892108429998
2025-03-16 11:00:00+00:00,3.9528520084299963
2025-03-16 12:00:00+00:00,3.647477708430003
2025-03-16 13:00:00+00:00,3.971345408429997
2025-03-16 14:00:00+00:00,3.3295598084300053
2025-03-16 15:00:00+00:00,4.424063408430001
2025-03-16 16:00:00+00:00,8.741738508430004
2025-03-16 17:00:00+00:00,14.64728640843
2025-03-16 18:00:00+00:00,19.55280380843
2025-03-16 19:00:00+00:00,21.54872780843
2025-03-16 20:00:00+00:00,21.779939608430002
2025-03-16 21:00:00+00:00,19.83662460843
2025-03-16 22:00:00+00:00,17.42186950843
2025-03-16 23:00:00+00:00,16.14456665869
2025-03-17 00:00:00+00:00,14.33251785869
2025-03-17 01:00:00+00:00,13.41554255869
2025-03-17 02:00:00+00:00,12.89198825869
2025-03-17 03:00:00+00:00,12.749876058689999
2025-03-17 04:00:00+00:00,13.964394358689997
2025-03-17 05:00:00+00:00,16.87999935869
2025-03-17 06:00:00+00:00,20.28087045869
2025-03-17 07:00:00+00:00,20.544503958690004
2025-03-17 08:00:00+00:00,18.773254658689996
2025-03-17 09:00:00+00:00,16.91747155869
2025-03-17 10:00:00+00:00,15.331580558690003
2025-03-17 11:00:00+00:00,13.987332558689996
2025-03-17 12:00:00+00:00,13.481438758690004
2025-03-17 13:00:00+00:00,13.274622758690004
2025-03-17 14:00:00+00:00,13.389983258689998
2025-03-17 15:00:00+00:00,14.48624245869
2025-03-17 16:00:00+00:00,17.07882325869
2025-03-17 17:00:00+00:00,19.541784658690002
2025-03-17 18:00:00+00:00,21.77564395869
2025-03-17 19:00:00+00:00,22.72990115869
2025-03-17 20:00:00+00:00,21.848955758689996
2025-03-17 21:00:00+00:00,18.48672605869
2025-03-17 22:00:00+00:00,15.408662658689998
2025-03-17 23:00:00+00:00,13.56389638154
2025-03-18 00:00:00+00:00,11.639895981540002
2025-03-18 01:00:00+00:00,10.49406998154
2025-03-18 02:00:00+00:00,9.945031581540002
2025-03-18 03:00:00+00:00,9.82838128154
2025-03-18 04:00:00+00:00,10.812525081539999
2025-03-18 05:00:00+00:00,13.503727381540001
2025-03-18 06:00:00+00:00,16.86915748154
2025-03-18 07:00:00+00:00,17.651839481539994
2025-03-18 08:00:00+00:00,15.587946581539999
2025-03-18 09:00:00+00:00,13.162616781539999
2025-03-18 10:00:00+00:00,11.00792308154
2025-03-18 11:00:00+00:00,8.855739881540003
2025-03-18 12:00:00+00:00,7.790714181540004
2025-03-18 13:00:00+00:00,7.281766681539999
2025-03-18 14:00:00+00:00,7.2769881815400055
2025-03-18 15:00:00+00:00,8.187989881540002
2025-03-18 16:00:00+00:00,11.172584881540004
2025-03-18 17:00:00+00:00,15.29896268154
2025-03-18 18:00:00+00:00,19.264407181539998
2025-03-18 19:00:00+00:00,20.907755981540003
2025-03-18 20:00:00+00:00,20.452704981540002
2025-03-18 21:00:00+00:00,17.36481738154
2025-03-18 22:00:00+00:00,14.577385381540001
2025-03-18 23:00:00+00:00,12.596061598619997
2025-03-19 00:00:00+00:00,11.10390669862
2025-03-19 01:00:00+00:00,10.295479298620002
2025-03-19 02:00:00+00:00,9.788804898619997
2025-03-19 03:00:00+00:00,9.633327198619998
2025-03-19 04:00:00+00:00,10.46137989862
2025-03-19 05:00:00+00:00,12.863229598619998
2025-03-19 06:00:00+00:00,15.697512198620002
2025-03-19 07:00:00+00:00,13.530564598619996
2025-03-19 08:00:00+00:00,8.216055498620001
2025-03-19 09:00:00+00:00,3.7429522986200077
2025-03-19 10:00:00+00:00,0.2260752986200032
2025-03-19 11:00:00+00:00,-1.6456990013800024
2025-03-19 12:00:00+00:00,-2.4607343013799934
2025-03-19 13:00:00+00:00,-2.700105901379999
2025-03-19 14:00:00+00:00,-2.7492053013800017
2025-03-19 15:00:00+00:00,-1.5700185013799945
2025-03-19 16:00:00+00:00,2.6378111986199997
2025-03-19 17:00:00+00:00,8.204278298619997
2025-03-19 18:00:00+00:00,12.854336298619998
2025-03-19 19:00:00+00:00,14.178092998619999
2025-03-19 20:00:00+00:00,13.363914398619997
2025-03-19 21:00:00+00:00,9.937581998619997
2025-03-19 22:00:00+00:00,6.67197029862
2025-03-19 23:00:00+00:00,4.58260849238
2025-03-20 00:00:00+00:00,2.7730315923800006
2025-03-20 01:00:00+00:00,1.65651559238
2025-03-20 02:00:00+00:00,1.2547880923799966
2025-03-20 03:00:00+00:00,1.3020331923800015
2025-03-20 04:00:00+00:00,2.1357112923800017
2025-03-20 05:00:00+00:00,5.000802992380002
2025-03-20 06:00:00+00:00,7.885939292379998
2025-03-20 07:00:00+00:00,7.97920489238
2025-03-20 08:00:00+00:00,5.300283092379999
2025-03-20 09:00:00+00:00,3.6140479923800015
2025-03-20 10:00:00+00:00,1.8136232923800009
2025-03-20 11:00:00+00:00,1.377384092379998
2025-03-20 12:00:00+00:00,1.8061083923800005
2025-03-20 13:00:00+00:00,1.7332366923800002
2025-03-20 14:00:00+00:00,2.2204583923799994
2025-03-20 15:00:00+00:00,4.259065892380001
2025-03-20 16:00:00+00:00,8.326554892380003
2025-03-20 17:00:00+00:00,12.44648499238
2025-03-20 18:00:00+00:00,15.774323892380004
2025-03-20 19:00:00+00:00,16.89138089238
2025-03-20 20:00:00+00:00,15.810820092379998
2025-03-20 21:00:00+00:00,12.310724892379998
2025-03-20 22:00:00+00:00,9.53010929238
2025-03-20 23:00:00+00:00,8.57673164322
2025-03-21 00:00:00+00:00,7.356888143220001
2025-03-21 01:00:00+00:00,6.479844343220002
2025-03-21 02:00:00+00:00,6.1838329432200005
2025-03-21 03:00:00+00:00,6.097471743220002
2025-03-21 04:00:00+00:00,6.56229164322
2025-03-21 05:00:00+00:00,8.65718174322
2025-03-21 06:00:00+00:00,11.084312643219999
2025-03-21 07:00:00+00:00,10.271910243219999
2025-03-21 08:00:00+00:00,6.033522543220002
2025-03-21 09:00:00+00:00,3.1924470432199996
2025-03-21 10:00:00+00:00,1.177974843220003
2025-03-21 11:00:00+00:00,0.5923788432200006
2025-03-21 12:00:00+00:00,1.1528456432199974
2025-03-21 13:00:00+00:00,2.249007143220002
2025-03-21 14:00:00+00:00,2.1137064432200035
2025-03-21 15:00:00+00:00,3.6091856432199982
2025-03-21 16:00:00+00:00,5.63655234322
2025-03-21 17:00:00+00:00,8.738617243220002
2025-03-21 18:00:00+00:00,12.208091443220003
2025-03-21 19:00:00+00:00,13.923397743220004
2025-03-21 20:00:00+00:00,13.55749094322
2025-03-21 21:00:00+00:00,11.12606124322
2025-03-21 22:00:00+00:00,8.656150343219998
2025-03-21 23:00:00+00:00,7.009307403060003
2025-03-22 00:00:00+00:00,5.116469503059999
2025-03-22 01:00:00+00:00,3.790741203059998
2025-03-22 02:00:00+00:00,3.3078141030599966
2025-03-22 03:00:00+00:00,3.2271438030600024
2025-03-22 04:00:00+00:00,3.3088268030600005
2025-03-22 05:00:00+00:00,4.1186065030600005
2025-03-22 06:00:00+00:00,4.161215703060002
2025-03-22 07:00:00+00:00,2.4739807030600005
2025-03-22 08:00:00+00:00,0.44952590305999607
2025-03-22 09:00:00+00:00,0.18809120306000082
2025-03-22 10:00:00+00:00,-0.558403996940001
2025-03-22 11:00:00+00:00,-1.0730315969399982
2025-03-22 12:00:00+00:00,-0.9509632969399995
2025-03-22 13:00:00+00:00,-0.8174997969399982
2025-03-22 14:00:00+00:00,-1.3310944969400005
2025-03-22 15:00:00+00:00,-0.4259515969399992
2025-03-22 16:00:00+00:00,2.9443518030600018
2025-03-22 17:00:00+00:00,8.52462110306
2025-03-22 18:00:00+00:00,14.050166603060003
2025-03-22 19:00:00+00:00,15.791490503060002
2025-03-22 20:00:00+00:00,15.65168950306
2025-03-22 21:00:00+00:00,14.25694850306
2025-03-22 22:00:00+00:00,12.409228803060001
2025-03-22 23:00:00+00:00,10.886646267089997
2025-03-23 00:00:00+00:00,9.205257267089998
2025-03-23 01:00:00+00:00,7.91526076709
2025-03-23 02:00:00+00:00,7.31380616709
2025-03-23 03:00:00+00:00,6.86970816709
2025-03-23 04:00:00+00:00,6.786615667089997
2025-03-23 05:00:00+00:00,7.407792367089996
2025-03-23 06:00:00+00:00,7.292341867089998
2025-03-23 07:00:00+00:00,4.841261867090001
2025-03-23 08:00:00+00:00,2.6939908670899975
2025-03-23 09:00:00+00:00,1.7151131670899993
2025-03-23 10:00:00+00:00,1.2217866670900008
2025-03-23 11:00:00+00:00,0.6745772670899974
2025-03-23 12:00:00+00:00,0.7912800670900033
2025-03-23 13:00:00+00:00,1.736490667089999
2025-03-23 14:00:00+00:00,1.19814996709
2025-03-23 15:00:00+00:00,1.6055988670899985
2025-03-23 16:00:00+00:00,4.70583446709
2025-03-23 17:00:00+00:00,10.80665886709
2025-03-23 18:00:00+00:00,16.66740506709
2025-03-23 19:00:00+00:00,18.98200956709
2025-03-23 20:00:00+00:00,19.638472267090002
2025-03-23 21:00:00+00:00,17.74969336709
2025-03-23 22:00:00+00:00,15.247953267089999
2025-03-23 23:00:00+00:00,12.27379448975
2025-03-24 00:00:00+00:00,10.313696389750003
2025-03-24 01:00:00+00:00,9.306601489750001
2025-03-24 02:00:00+00:00,8.93757788975
2025-03-24 03:00:00+00:00,8.768689689749998
2025-03-24 04:00:00+00:00,9.616851889749999
2025-03-24 05:00:00+00:00,13.015189389750002
2025-03-24 06:00:00+00:00,16.22778808975
2025-03-24 07:00:00+00:00,13.394175189750001
2025-03-24 08:00:00+00:00,8.485505789750004
2025-03-24 09:00:00+00:00,5.882326889750004
2025-03-24 10:00:00+00:00,4.5898573897500015
2025-03-24 11:00:00+00:00,4.016158489750005
2025-03-24 12:00:00+00:00,3.8639663897500043
2025-03-24 13:00:00+00:00,4.579148489750004
2025-03-24 14:00:00+00:00,4.806220689749999
2025-03-24 15:00:00+00:00,6.007235989750004
2025-03-24 16:00:00+00:00,9.510268989750003
2025-03-24 17:00:00+00:00,15.16036158975
2025-03-24 18:00:00+00:00,20.17198208975
2025-03-24 19:00:00+00:00,21.73288798975
2025-03-24 20:00:00+00:00,21.468829289749998
2025-03-24 21:00:00+00:00,18.283497989750003
2025-03-24 22:00:00+00:00,15.513755089750003
2025-03-24 23:00:00+00:00,13.970624947450002
2025-03-25 00:00:00+00:00,12.121783047450002
2025-03-25 01:00:00+00:00,11.21702124745
2025-03-25 02:00:00+00:00,10.88220724745
2025-03-25 03:00:00+00:00,10.692420247449999
2025-03-25 04:00:00+00:00,11.44451064745
2025-03-25 05:00:00+00:00,14.366711247450002
2025-03-25 06:00:00+00:00,17.12989484745
2025-03-25 07:00:00+00:00,13.501150547450003
2025-03-25 08:00:00+00:00,7.895605247449996
2025-03-25 09:00:00+00:00,4.884476047450001
2025-03-25 10:00:00+00:00,3.93434704745
2025-03-25 11:00:00+00:00,3.729777747450001
2025-03-25 12:00:00+00:00,3.80120344745
2025-03-25 13:00:00+00:00,4.516684347449999
2025-03-25 14:00:00+00:00,4.464713247450003
2025-03-25 15:00:00+00:00,5.5721111474499985
2025-03-25 16:00:00+00:00,8.782994847450002
2025-03-25 17:00:00+00:00,14.456384747450002
2025-03-25 18:00:00+00:00,19.984504947450002
2025-03-25 19:00:00+00:00,21.698860347450005
2025-03-25 20:00:00+00:00,21.27758404745
2025-03-25 21:00:00+00:00,18.016678547450002
2025-03-25 22:00:00+00:00,15.45666174745
2025-03-25 23:00:00+00:00,13.915263717770001
2025-03-26 00:00:00+00:00,12.317279317770002
2025-03-26 01:00:00+00:00,11.40668351777
2025-03-26 02:00:00+00:00,11.11852921777
2025-03-26 03:00:00+00:00,11.029997017770004
2025-03-26 04:00:00+00:00,11.74453101777
2025-03-26 05:00:00+00:00,14.681684317770003
2025-03-26 06:00:00+00:00,17.17481701777
2025-03-26 07:00:00+00:00,11.863820217770002
2025-03-26 08:00:00+00:00,5.0678135177699986
2025-03-26 09:00:00+00:00,1.8674108177700042
2025-03-26 10:00:00+00:00,0.7415619177699995
2025-03-26 11:00:00+00:00,0.42971591777000384
2025-03-26 12:00:00+00:00,0.5191177177700048
2025-03-26 13:00:00+00:00,1.3959050177700014
2025-03-26 14:00:00+00:00,1.8609542177700042
2025-03-26 15:00:00+00:00,3.083875317770005
2025-03-26 16:00:00+00:00,6.3071263177700025
2025-03-26 17:00:00+00:00,12.450257317770003
2025-03-26 18:00:00+00:00,18.39435441777
2025-03-26 19:00:00+00:00,20.45190681777
2025-03-26 20:00:00+00:00,20.368083317769997
2025-03-26 21:00:00+00:00,17.300384517770002
2025-03-26 22:00:00+00:00,14.840545717770002
2025-03-26 23:00:00+00:00,13.454184596110002
2025-03-27 00:00:00+00:00,11.97541889611
2025-03-27 01:00:00+00:00,11.053092496109999
2025-03-27 02:00:00+00:00,10.83629089611
2025-03-27 03:00:00+00:00,10.90599429611
2025-03-27 04:00:00+00:00,12.039486796110001
2025-03-27 05:00:00+00:00,15.09923459611
2025-03-27 06:00:00+00:00,17.57244989611
2025-03-27 07:00:00+00:00,13.52513309611
2025-03-27 08:00:00+00:00,7.529954896109999
2025-03-27 09:00:00+00:00,4.4322561961100035
2025-03-27 10:00:00+00:00,2.7856835961099975
2025-03-27 11:00:00+00:00,2.2137526961099994
2025-03-27 12:00:00+00:00,2.3347258961100046
2025-03-27 13:00:00+00:00,2.802044896110001
2025-03-27 14:00:00+00:00,2.8499572961099986
2025-03-27 15:00:00+00:00,3.5064625961099978
2025-03-27 16:00:00+00:00,6.60694479611
2025-03-27 17:00:00+00:00,12.658404096109997
2025-03-27 18:00:00+00:00,18.354892896109998
2025-03-27 19:00:00+00:00,21.357813896110002
2025-03-27 20:00:00+00:00,21.16761919611
2025-03-27 21:00:00+00:00,18.27487789611
2025-03-27 22:00:00+00:00,15.50297299611
2025-03-27 23:00:00+00:00,13.22480013702
2025-03-28 00:00:00+00:00,11.93185653702
2025-03-28 01:00:00+00:00,11.02046723702
2025-03-28 02:00:00+00:00,11.010749637020002
2025-03-28 03:00:00+00:00,11.106538637019998
2025-03-28 04:00:00+00:00,11.816282937019999
2025-03-28 05:00:00+00:00,14.659421037020001
2025-03-28 06:00:00+00:00,16.53784383702
2025-03-28 07:00:00+00:00,11.36007903702
2025-03-28 08:00:00+00:00,4.524717537020003
2025-03-28 09:00:00+00:00,1.3002673370199958
2025-03-28 10:00:00+00:00,-0.17175586297999246
2025-03-28 11:00:00+00:00,-1.6854830629799977
2025-03-28 12:00:00+00:00,-2.7830288629799966
2025-03-28 13:00:00+00:00,-3.078194162980001
2025-03-28 14:00:00+00:00,-3.413885462979998
2025-03-28 15:00:00+00:00,-3.5434280629799986
2025-03-28 16:00:00+00:00,-0.1178079629799953
2025-03-28 17:00:00+00:00,6.65934263702
2025-03-28 18:00:00+00:00,13.927156237019997
2025-03-28 19:00:00+00:00,16.47138693702
2025-03-28 20:00:00+00:00,15.858725037020001
2025-03-28 21:00:00+00:00,12.299864737020002
2025-03-28 22:00:00+00:00,9.90007783702
2025-03-28 23:00:00+00:00,7.90386008542
2025-03-29 00:00:00+00:00,6.626819585419998
2025-03-29 01:00:00+00:00,5.195719885420001
2025-03-29 02:00:00+00:00,4.615194585420003
2025-03-29 03:00:00+00:00,4.3096358854200005
2025-03-29 04:00:00+00:00,4.346972885419998
2025-03-29 05:00:00+00:00,5.253658185420004
2025-03-29 06:00:00+00:00,4.541579085420004
2025-03-29 07:00:00+00:00,-1.3017833145799962
2025-03-29 08:00:00+00:00,-6.075237914580001
2025-03-29 09:00:00+00:00,-7.201135514579995
2025-03-29 10:00:00+00:00,-6.142922014579998
2025-03-29 11:00:00+00:00,-8.284185314579997
2025-03-29 12:00:00+00:00,-8.82825551458
2025-03-29 13:00:00+00:00,-8.24473281458
2025-03-29 14:00:00+00:00,-8.938395614579996
2025-03-29 15:00:00+00:00,-9.513681514579996
2025-03-29 16:00:00+00:00,-6.904016114579999
2025-03-29 17:00:00+00:00,-0.16292831458000023
2025-03-29 18:00:00+00:00,7.069044785420001
2025-03-29 19:00:00+00:00,10.018835485420002
2025-03-29 20:00:00+00:00,9.795705885420002
2025-03-29 21:00:00+00:00,8.00828188542
2025-03-29 22:00:00+00:00,6.27727038542
2025-03-29 23:00:00+00:00,6.212009922109999
2025-03-30 00:00:00+00:00,5.006175822110002
2025-03-30 01:00:00+00:00,3.4640994221099994
2025-03-30 02:00:00+00:00,3.4032404221099952
2025-03-30 03:00:00+00:00,3.6475303221100006
2025-03-30 04:00:00+00:00,4.509304122109999
2025-03-30 05:00:00+00:00,5.36863822211
2025-03-30 06:00:00+00:00,3.792002722110002
2025-03-30 07:00:00+00:00,-1.5870120778900016
2025-03-30 08:00:00+00:00,-6.420938277889999
2025-03-30 09:00:00+00:00,-7.76869437789
2025-03-30 10:00:00+00:00,-8.234526677890003
2025-03-30 11:00:00+00:00,-7.947845177890002
2025-03-30 12:00:00+00:00,-7.388997177889998
2025-03-30 13:00:00+00:00,-8.202153977890003
2025-03-30 14:00:00+00:00,-8.98269787789
2025-03-30 15:00:00+00:00,-8.391133877889999
2025-03-30 16:00:00+00:00,-4.6137419778899975
2025-03-30 17:00:00+00:00,3.7516729221099965
2025-03-30 18:00:00+00:00,11.78803392211
2025-03-30 19:00:00+00:00,13.19728012211
2025-03-30 20:00:00+00:00,11.208793122109999
2025-03-30 21:00:00+00:00,9.197271322110002
2025-03-30 22:00:00+00:00,10.268390689360004
2025-03-30 23:00:00+00:00,9.430189289360001
2025-03-31 00:00:00+00:00,8.852633689360001
2025-03-31 01:00:00+00:00,9.09349858936
2025-03-31 02:00:00+00:00,9.548653189360003
2025-03-31 03:00:00+00:00,10.81101398936
2025-03-31 04:00:00+00:00,14.50917848936
2025-03-31 05:00:00+00:00,19.13022358936
2025-03-31 06:00:00+00:00,19.11171338936
2025-03-31 07:00:00+00:00,11.994372889359997
2025-03-31 08:00:00+00:00,5.718801989360003
2025-03-31 09:00:00+00:00,2.79214828936
2025-03-31 10:00:00+00:00,1.567990989360002
2025-03-31 11:00:00+00:00,1.0923967893599986
2025-03-31 12:00:00+00:00,1.385052089360002
2025-03-31 13:00:00+00:00,1.3599759893599987
2025-03-31 14:00:00+00:00,1.5173764893600001
2025-03-31 15:00:00+00:00,3.430238089359996
2025-03-31 16:00:00+00:00,8.202194389360002
2025-03-31 17:00:00+00:00,17.22118028936
2025-03-31 18:00:00+00:00,25.192992489359998
2025-03-31 19:00:00+00:00,26.02656618936
2025-03-31 20:00:00+00:00,23.824364589360002
2025-03-31 21:00:00+00:00,21.54667348936
2025-03-31 22:00:00+00:00,20.22297055394
2025-03-31 23:00:00+00:00,18.89647625394
2025-04-01 00:00:00+00:00,17.78797245394
2025-04-01 01:00:00+00:00,17.59087795394
2025-04-01 02:00:00+00:00,17.65229735394
2025-04-01 03:00:00+00:00,18.36660105394
2025-04-01 04:00:00+00:00,21.37129535394
2025-04-01 05:00:00+00:00,25.46327155394
2025-04-01 06:00:00+00:00,25.46303295394
2025-04-01 07:00:00+00:00,19.59615125394
2025-04-01 08:00:00+00:00,13.421381853939998
2025-04-01 09:00:00+00:00,9.426135053940001
2025-04-01 10:00:00+00:00,7.420963553940002
2025-04-01 11:00:00+00:00,6.34473965394
2025-04-01 12:00:00+00:00,5.884279653939998
2025-04-01 13:00:00+00:00,5.512568653940001
2025-04-01 14:00:00+00:00,5.401056753939997
2025-04-01 15:00:00+00:00,6.987237153940001
2025-04-01 16:00:00+00:00,11.48156245394
2025-04-01 17:00:00+00:00,18.40438945394
2025-04-01 18:00:00+00:00,24.002412153939996
2025-04-01 19:00:00+00:00,24.02744165394
2025-04-01 20:00:00+00:00,20.954807153940003
2025-04-01 21:00:00+00:00,18.005932853940003
2025-04-01 22:00:00+00:00,16.80812262706
2025-04-01 23:00:00+00:00,15.36181142706
2025-04-02 00:00:00+00:00,14.272900227060001
2025-04-02 01:00:00+00:00,14.414031227060002
2025-04-02 02:00:00+00:00,14.80009542706
2025-04-02 03:00:00+00:00,15.846735427060002
2025-04-02 04:00:00+00:00,18.933824327059998
2025-04-02 05:00:00+00:00,22.84978382706
2025-04-02 06:00:00+00:00,23.25320972706
2025-04-02 07:00:00+00:00,18.74748262706
2025-04-02 08:00:00+00:00,13.672645127060001
2025-04-02 09:00:00+00:00,9.502862527060003
2025-04-02 10:00:00+00:00,6.9729428270600025
2025-04-02 11:00:00+00:00,5.638810327060003
2025-04-02 12:00:00+00:00,4.746507027060002
2025-04-02 13:00:00+00:00,4.001840027059998
2025-04-02 14:00:00+00:00,3.843590027060003
2025-04-02 15:00:00+00:00,5.0057953270599995
2025-04-02 16:00:00+00:00,8.443261127060001
2025-04-02 17:00:00+00:00,14.40280032706
2025-04-02 18:00:00+00:00,18.81978752706
2025-04-02 19:00:00+00:00,18.47141402706
2025-04-02 20:00:00+00:00,15.646314427060002
2025-04-02 21:00:00+00:00,13.299787927059999
2025-04-02 22:00:00+00:00,10.695632753200002
2025-04-02 23:00:00+00:00,9.436792053199998
2025-04-03 00:00:00+00:00,8.6589191532
2025-04-03 01:00:00+00:00,8.599448853199998
2025-04-03 02:00:00+00:00,8.795792253199998
2025-04-03 03:00:00+00:00,9.542598353199999
2025-04-03 04:00:00+00:00,12.373035253199998
2025-04-03 05:00:00+00:00,16.0811932532
2025-04-03 06:00:00+00:00,17.4526937532
2025-04-03 07:00:00+00:00,15.791215053199998
2025-04-03 08:00:00+00:00,12.745559053199997
2025-04-03 09:00:00+00:00,9.678122253200002
2025-04-03 10:00:00+00:00,7.745870953200001
2025-04-03 11:00:00+00:00,7.1512061532
2025-04-03 12:00:00+00:00,6.381720753199996
2025-04-03 13:00:00+00:00,5.032257253199997
2025-04-03 14:00:00+00:00,4.285125053199998
2025-04-03 15:00:00+00:00,5.439762153199997
2025-04-03 16:00:00+00:00,8.3347670532
2025-04-03 17:00:00+00:00,12.7139964532
2025-04-03 18:00:00+00:00,16.8547375532
2025-04-03 19:00:00+00:00,17.590520253199998
2025-04-03 20:00:00+00:00,13.815799253200002
2025-04-03 21:00:00+00:00,10.4060180532
2025-04-03 22:00:00+00:00,8.13547345557
2025-04-03 23:00:00+00:00,6.285414955570001
2025-04-04 00:00:00+00:00,5.591372455569999
2025-04-04 01:00:00+00:00,5.560629555569999
2025-04-04 02:00:00+00:00,5.951134955570003
2025-04-04 03:00:00+00:00,7.177688055570002
2025-04-04 04:00:00+00:00,10.490087355569997
2025-04-04 05:00:00+00:00,14.505909255570002
2025-04-04 06:00:00+00:00,15.65357505557
2025-04-04 07:00:00+00:00,12.92086135557
2025-04-04 08:00:00+00:00,10.070998755570002
2025-04-04 09:00:00+00:00,7.1851612555700015
2025-04-04 10:00:00+00:00,5.352323555570003
2025-04-04 11:00:00+00:00,4.367449855570001
2025-04-04 12:00:00+00:00,3.9596945555699996
2025-04-04 13:00:00+00:00,2.91891685557
2025-04-04 14:00:00+00:00,2.113894055570004
2025-04-04 15:00:00+00:00,3.027228555570005
2025-04-04 16:00:00+00:00,5.691100655569997
2025-04-04 17:00:00+00:00,10.82238965557
2025-04-04 18:00:00+00:00,15.988291355570002
2025-04-04 19:00:00+00:00,17.82896245557
2025-04-04 20:00:00+00:00,14.881093755570001
2025-04-04 21:00:00+00:00,12.77498605557
2025-04-04 22:00:00+00:00,9.75148204938
2025-04-04 23:00:00+00:00,8.795960749380002
2025-04-05 00:00:00+00:00,7.88340544938
2025-04-05 01:00:00+00:00,7.497325549380001
2025-04-05 02:00:00+00:00,7.26177714938
2025-04-05 03:00:00+00:00,7.2742562493800005
2025-04-05 04:00:00+00:00,8.233619449379999
2025-04-05 05:00:00+00:00,9.282791949380002
2025-04-05 06:00:00+00:00,9.019541649379999
2025-04-05 07:00:00+00:00,6.155657349379997
2025-04-05 08:00:00+00:00,3.260633849380003
2025-04-05 09:00:00+00:00,1.0661552493799995
2025-04-05 10:00:00+00:00,0.3809577493799985
2025-04-05 11:00:00+00:00,1.0115000493800004
2025-04-05 12:00:00+00:00,1.092149449379999
2025-04-05 13:00:00+00:00,0.351871049380005
2025-04-05 14:00:00+00:00,-0.025411150620001877
2025-04-05 15:00:00+00:00,1.4246747493799994
2025-04-05 16:00:00+00:00,5.112543449379999
2025-04-05 17:00:00+00:00,11.26112364938
2025-04-05 18:00:00+00:00,17.342133649380003
2025-04-05 19:00:00+00:00,19.36562864938
2025-04-05 20:00:00+00:00,17.88818574938
2025-04-05 21:00:00+00:00,15.975771549380001
2025-04-05 22:00:00+00:00,14.99653069068
2025-04-05 23:00:00+00:00,13.420979890679998
2025-04-06 00:00:00+00:00,12.021589890679998
2025-04-06 01:00:00+00:00,11.61962159068
2025-04-06 02:00:00+00:00,11.620805790679999
2025-04-06 03:00:00+00:00,11.76151639068
2025-04-06 04:00:00+00:00,12.47549949068
2025-04-06 05:00:00+00:00,12.99024579068
2025-04-06 06:00:00+00:00,11.272455390680001
2025-04-06 07:00:00+00:00,6.992193090680001
2025-04-06 08:00:00+00:00,3.727293790680001
2025-04-06 09:00:00+00:00,2.1944359906800024
2025-04-06 10:00:00+00:00,1.6334364906799976
2025-04-06 11:00:00+00:00,2.323993790680003
2025-04-06 12:00:00+00:00,3.044806990679998
2025-04-06 13:00:00+00:00,2.4070941906800023
2025-04-06 14:00:00+00:00,1.8444400906799991
2025-04-06 15:00:00+00:00,2.8402861906800005
2025-04-06 16:00:00+00:00,6.637100790680002
2025-04-06 17:00:00+00:00,12.00573639068
2025-04-06 18:00:00+00:00,17.219307590680003
2025-04-06 19:00:00+00:00,18.65984269068
2025-04-06 20:00:00+00:00,17.275931190679998
2025-04-06 21:00:00+00:00,14.840695490679998
2025-04-06 22:00:00+00:00,13.482485547950002
2025-04-06 23:00:00+00:00,12.68314244795
2025-04-07 00:00:00+00:00,12.01698384795
2025-04-07 01:00:00+00:00,12.28373214795
2025-04-07 02:00:00+00:00,13.036961647950001
2025-04-07 03:00:00+00:00,14.06249004795
2025-04-07 04:00:00+00:00,17.79630514795
2025-04-07 05:00:00+00:00,22.201342447949997
2025-04-07 06:00:00+00:00,21.99753984795
2025-04-07 07:00:00+00:00,16.87465434795
2025-04-07 08:00:00+00:00,11.639113047950001
2025-04-07 09:00:00+00:00,9.078973147950002
2025-04-07 10:00:00+00:00,7.956516847950002
2025-04-07 11:00:00+00:00,7.6696977479500035
2025-04-07 12:00:00+00:00,7.131167347950004
2025-04-07 13:00:00+00:00,6.545150247950001
2025-04-07 14:00:00+00:00,6.219735547950002
2025-04-07 15:00:00+00:00,7.22945374795
2025-04-07 16:00:00+00:00,11.053253647950001
2025-04-07 17:00:00+00:00,17.31728254795
2025-04-07 18:00:00+00:00,24.44659524795
2025-04-07 19:00:00+00:00,26.867154947950002
2025-04-07 20:00:00+00:00,23.88910064795
2025-04-07 21:00:00+00:00,20.83528824795
2025-04-07 22:00:00+00:00,19.49005740135
2025-04-07 23:00:00+00:00,18.49028720135
2025-04-08 00:00:00+00:00,17.57403230135
2025-04-08 01:00:00+00:00,17.35512730135
2025-04-08 02:00:00+00:00,17.50714730135
2025-04-08 03:00:00+00:00,17.84478910135
2025-04-08 04:00:00+00:00,20.54174010135
2025-04-08 05:00:00+00:00,24.04638140135
2025-04-08 06:00:00+00:00,22.789669301350003
2025-04-08 07:00:00+00:00,16.48200020135
2025-04-08 08:00:00+00:00,10.74887280135
2025-04-08 09:00:00+00:00,8.047594601350003
2025-04-08 10:00:00+00:00,6.664360901350005
2025-04-08 11:00:00+00:00,5.894872301350002
2025-04-08 12:00:00+00:00,5.034913601350002
2025-04-08 13:00:00+00:00,4.470559201350003
2025-04-08 14:00:00+00:00,4.44367670135
2025-04-08 15:00:00+00:00,5.500246501350002
2025-04-08 16:00:00+00:00,8.867898501349998
2025-04-08 17:00:00+00:00,15.345054801350003
2025-04-08 18:00:00+00:00,22.61565450135
2025-04-08 19:00:00+00:00,24.75860710135
2025-04-08 20:00:00+00:00,21.657495501350002
2025-04-08 21:00:00+00:00,18.77422650135
2025-04-08 22:00:00+00:00,15.925813438789998
2025-04-08 23:00:00+00:00,15.16589983879
2025-04-09 00:00:00+00:00,14.42632473879
2025-04-09 01:00:00+00:00,14.30011553879
2025-04-09 02:00:00+00:00,14.64410623879
2025-04-09 03:00:00+00:00,15.205619438789999
2025-04-09 04:00:00+00:00,18.127227838790002
2025-04-09 05:00:00+00:00,21.86668953879
2025-04-09 06:00:00+00:00,20.912074438789997
2025-04-09 07:00:00+00:00,15.194838738789997
2025-04-09 08:00:00+00:00,9.70230973879
2025-04-09 09:00:00+00:00,6.7817479387900015
2025-04-09 10:00:00+00:00,5.29969183879
2025-04-09 11:00:00+00:00,4.728354938790002
2025-04-09 12:00:00+00:00,4.212952738790005
2025-04-09 13:00:00+00:00,3.915898338790001
2025-04-09 14:00:00+00:00,3.966439138790001
2025-04-09 15:00:00+00:00,5.282603938790004
2025-04-09 16:00:00+00:00,9.008502938790002
2025-04-09 17:00:00+00:00,15.122179338789998
2025-04-09 18:00:00+00:00,21.12662973879
2025-04-09 19:00:00+00:00,22.62760863879
2025-04-09 20:00:00+00:00,19.096239738789997
2025-04-09 21:00:00+00:00,15.735462138789998
2025-04-09 22:00:00+00:00,12.696950543679998
2025-04-09 23:00:00+00:00,11.67395754368
2025-04-10 00:00:00+00:00,10.99690704368
2025-04-10 01:00:00+00:00,11.01408604368
2025-04-10 02:00:00+00:00,11.13649954368
2025-04-10 03:00:00+00:00,11.98708824368
2025-04-10 04:00:00+00:00,14.757461543679998
2025-04-10 05:00:00+00:00,18.077843643679998
2025-04-10 06:00:00+00:00,17.830475743679997
2025-04-10 07:00:00+00:00,13.031383543680004
2025-04-10 08:00:00+00:00,8.517101443680001
2025-04-10 09:00:00+00:00,5.378725743680004
2025-04-10 10:00:00+00:00,3.765612543680003
2025-04-10 11:00:00+00:00,2.4248326436799985
2025-04-10 12:00:00+00:00,1.748159943680001
2025-04-10 13:00:00+00:00,0.9856183436800023
2025-04-10 14:00:00+00:00,1.326292543680001
2025-04-10 15:00:00+00:00,3.0478586436800015
2025-04-10 16:00:00+00:00,6.268535243680002
2025-04-10 17:00:00+00:00,11.218412443679998
2025-04-10 18:00:00+00:00,15.60257974368
2025-04-10 19:00:00+00:00,16.82598904368
2025-04-10 20:00:00+00:00,14.000022643680001
2025-04-10 21:00:00+00:00,11.58001814368
2025-04-10 22:00:00+00:00,10.15170603915
2025-04-10 23:00:00+00:00,9.432038039150001
2025-04-11 00:00:00+00:00,9.079448239150002
2025-04-11 01:00:00+00:00,8.97423503915
2025-04-11 02:00:00+00:00,8.982824139149999
2025-04-11 03:00:00+00:00,9.761383539149998
2025-04-11 04:00:00+00:00,12.514226839149998
2025-04-11 05:00:00+00:00,15.693319439149999
2025-04-11 06:00:00+00:00,16.291323739150002
2025-04-11 07:00:00+00:00,13.784925739150003
2025-04-11 08:00:00+00:00,10.739400539150001
2025-04-11 09:00:00+00:00,7.687669839149997
2025-04-11 10:00:00+00:00,5.921352339150001
2025-04-11 11:00:00+00:00,4.806107839150002
2025-04-11 12:00:00+00:00,3.325188039150003
2025-04-11 13:00:00+00:00,2.65913823915
2025-04-11 14:00:00+00:00,3.2263582391500023
2025-04-11 15:00:00+00:00,4.271577539150002
2025-04-11 16:00:00+00:00,6.91023753915
2025-04-11 17:00:00+00:00,11.576930239149998
2025-04-11 18:00:00+00:00,15.744811839150001
2025-04-11 19:00:00+00:00,17.39759683915
2025-04-11 20:00:00+00:00,15.559456539149998
2025-04-11 21:00:00+00:00,13.85857303915
2025-04-11 22:00:00+00:00,14.13150600465
2025-04-11 23:00:00+00:00,13.283948704650001
2025-04-12 00:00:00+00:00,12.64475640465
2025-04-12 01:00:00+00:00,12.667206204649998
2025-04-12 02:00:00+00:00,12.84790200465
2025-04-12 03:00:00+00:00,13.533135504650001
2025-04-12 04:00:00+00:00,14.635637704649998
2025-04-12 05:00:00+00:00,15.465228604649997
2025-04-12 06:00:00+00:00,15.502005404650001
2025-04-12 07:00:00+00:00,13.96353230465
2025-04-12 08:00:00+00:00,11.188345404649999
2025-04-12 09:00:00+00:00,8.565116904649999
2025-04-12 10:00:00+00:00,6.9919877046500005
2025-04-12 11:00:00+00:00,6.798695204649999
2025-04-12 12:00:00+00:00,6.541272804649999
2025-04-12 13:00:00+00:00,5.450674404649998
2025-04-12 14:00:00+00:00,4.894313004649998
2025-04-12 15:00:00+00:00,6.09140280465
2025-04-12 16:00:00+00:00,9.378484804650002
2025-04-12 17:00:00+00:00,14.840940404649999
2025-04-12 18:00:00+00:00,19.58377420465
2025-04-12 19:00:00+00:00,21.85313820465
2025-04-12 20:00:00+00:00,20.16965240465
2025-04-12 21:00:00+00:00,18.53511180465
2025-04-12 22:00:00+00:00,16.64875366012
2025-04-12 23:00:00+00:00,15.325090560119998
2025-04-13 00:00:00+00:00,14.38249176012
2025-04-13 01:00:00+00:00,13.748907960119997
2025-04-13 02:00:00+00:00,13.57116006012
2025-04-13 03:00:00+00:00,13.79304226012
2025-04-13 04:00:00+00:00,14.44746236012
2025-04-13 05:00:00+00:00,14.608401660119998
2025-04-13 06:00:00+00:00,13.442125560119997
2025-04-13 07:00:00+00:00,10.955489560119998
2025-04-13 08:00:00+00:00,7.868153660119999
2025-04-13 09:00:00+00:00,5.507522660119999
2025-04-13 10:00:00+00:00,4.213006960119998
2025-04-13 11:00:00+00:00,4.511972460119999
2025-04-13 12:00:00+00:00,4.537785060120001
2025-04-13 13:00:00+00:00,3.586829060120003
2025-04-13 14:00:00+00:00,2.587195260119998
2025-04-13 15:00:00+00:00,3.4361982601199976
2025-04-13 16:00:00+00:00,6.282489460120001
2025-04-13 17:00:00+00:00,11.58168576012
2025-04-13 18:00:00+00:00,17.06638396012
2025-04-13 19:00:00+00:00,20.01599646012
2025-04-13 20:00:00+00:00,18.63478046012
2025-04-13 21:00:00+00:00,16.34193456012
2025-04-13 22:00:00+00:00,14.77651659797
2025-04-13 23:00:00+00:00,13.87629809797
2025-04-14 00:00:00+00:00,13.32107699797
2025-04-14 01:00:00+00:00,12.82016669797
2025-04-14 02:00:00+00:00,12.76967299797
2025-04-14 03:00:00+00:00,13.205356797970001
2025-04-14 04:00:00+00:00,16.02617229797
2025-04-14 05:00:00+00:00,19.06217179797
2025-04-14 06:00:00+00:00,18.59304879797
2025-04-14 07:00:00+00:00,14.235281297969998
2025-04-14 08:00:00+00:00,9.70662769797
2025-04-14 09:00:00+00:00,6.14755549797
2025-04-14 10:00:00+00:00,4.015605597969998
2025-04-14 11:00:00+00:00,3.387975097969999
2025-04-14 12:00:00+00:00,2.2474288979699963
2025-04-14 13:00:00+00:00,1.5139892979699994
2025-04-14 14:00:00+00:00,0.9683844979699963
2025-04-14 15:00:00+00:00,2.236672697969997
2025-04-14 16:00:00+00:00,4.937886697970001
2025-04-14 17:00:00+00:00,9.12871559797
2025-04-14 18:00:00+00:00,13.717400097970003
2025-04-14 19:00:00+00:00,14.87906889797
2025-04-14 20:00:00+00:00,11.70676239797
2025-04-14 21:00:00+00:00,8.58985859797
2025-04-14 22:00:00+00:00,8.36002725786
2025-04-14 23:00:00+00:00,7.64240025786
2025-04-15 00:00:00+00:00,7.58450005786
2025-04-15 01:00:00+00:00,7.805982557859998
2025-04-15 02:00:00+00:00,8.478687457860001
2025-04-15 03:00:00+00:00,9.51339585786
2025-04-15 04:00:00+00:00,12.538685357859999
2025-04-15 05:00:00+00:00,16.073202257860004
2025-04-15 06:00:00+00:00,15.891312857860003
2025-04-15 07:00:00+00:00,11.537603457859998
2025-04-15 08:00:00+00:00,7.516513957859999
2025-04-15 09:00:00+00:00,5.217135257860001
2025-04-15 10:00:00+00:00,4.461854557860001
2025-04-15 11:00:00+00:00,4.80426835786
2025-04-15 12:00:00+00:00,4.109490557860003
2025-04-15 13:00:00+00:00,3.612874357860001
2025-04-15 14:00:00+00:00,3.036502057859998
2025-04-15 15:00:00+00:00,3.9797409578600025
2025-04-15 16:00:00+00:00,6.555669657860001
2025-04-15 17:00:00+00:00,11.410871057859996
2025-04-15 18:00:00+00:00,16.71459345786
2025-04-15 19:00:00+00:00,18.37710145786
2025-04-15 20:00:00+00:00,15.33389785786
2025-04-15 21:00:00+00:00,12.35405495786
2025-04-15 22:00:00+00:00,9.814238775740002
2025-04-15 23:00:00+00:00,8.420606775740001
2025-04-16 00:00:00+00:00,7.439545875739999
2025-04-16 01:00:00+00:00,6.779299675740001
2025-04-16 02:00:00+00:00,6.578550375740001
2025-04-16 03:00:00+00:00,6.94604897574
2025-04-16 04:00:00+00:00,9.521061575740003
2025-04-16 05:00:00+00:00,12.62621227574
2025-04-16 06:00:00+00:00,10.810377275739999
2025-04-16 07:00:00+00:00,4.856532975740002
2025-04-16 08:00:00+00:00,0.3856253757400019
2025-04-16 09:00:00+00:00,-1.2986010242599981
2025-04-16 10:00:00+00:00,-1.5102224242600002
2025-04-16 11:00:00+00:00,-0.7287633242599973
2025-04-16 12:00:00+00:00,-0.6928926242599971
2025-04-16 13:00:00+00:00,-0.585667624260001
2025-04-16 14:00:00+00:00,-0.5240083242599987
2025-04-16 15:00:00+00:00,0.8635261757400023
2025-04-16 16:00:00+00:00,4.1266785757400015
2025-04-16 17:00:00+00:00,9.620938875740002
2025-04-16 18:00:00+00:00,15.440291675740003
2025-04-16 19:00:00+00:00,17.987522075740003
2025-04-16 20:00:00+00:00,15.57692067574
2025-04-16 21:00:00+00:00,12.65523777574
2025-04-16 22:00:00+00:00,11.63359222576
2025-04-16 23:00:00+00:00,10.147049825760002
2025-04-17 00:00:00+00:00,9.03105542576
2025-04-17 01:00:00+00:00,8.27086502576
2025-04-17 02:00:00+00:00,7.773240725759999
2025-04-17 03:00:00+00:00,7.6208577257600005
2025-04-17 04:00:00+00:00,8.55024892576
2025-04-17 05:00:00+00:00,9.202990025760002
2025-04-17 06:00:00+00:00,6.457361625760003
2025-04-17 07:00:00+00:00,2.411327325760002
2025-04-17 08:00:00+00:00,-1.0241305742399938
2025-04-17 09:00:00+00:00,-2.416835974239998
2025-04-17 10:00:00+00:00,-2.9196161742400015
2025-04-17 11:00:00+00:00,-2.756638474239999
2025-04-17 12:00:00+00:00,-2.6990305742399947
2025-04-17 13:00:00+00:00,-3.0759618742399937
2025-04-17 14:00:00+00:00,-2.719168274240001
2025-04-17 15:00:00+00:00,-1.5183118742399984
2025-04-17 16:00:00+00:00,1.7357386257600034
2025-04-17 17:00:00+00:00,7.54718662576
2025-04-17 18:00:00+00:00,13.555223025760002
2025-04-17 19:00:00+00:00,17.11559982576
2025-04-17 20:00:00+00:00,15.80799072576
2025-04-17 21:00:00+00:00,14.295918625760002
2025-04-17 22:00:00+00:00,12.529427434549998
2025-04-17 23:00:00+00:00,11.146285834550001
2025-04-18 00:00:00+00:00,10.06504873455
2025-04-18 01:00:00+00:00,9.42210593455
2025-04-18 02:00:00+00:00,8.97830533455
2025-04-18 03:00:00+00:00,8.938589234550001
2025-04-18 04:00:00+00:00,9.22583803455
2025-04-18 05:00:00+00:00,9.168302934549999
2025-04-18 06:00:00+00:00,6.518456334549999
2025-04-18 07:00:00+00:00,3.1928513345499994
2025-04-18 08:00:00+00:00,-0.1679271654499992
2025-04-18 09:00:00+00:00,-2.532645065449998
2025-04-18 10:00:00+00:00,-4.344320865450001
2025-04-18 11:00:00+00:00,-4.768514665449995
2025-04-18 12:00:00+00:00,-5.36040546545
2025-04-18 13:00:00+00:00,-6.081582865449999
2025-04-18 14:00:00+00:00,-6.348237065449997
2025-04-18 15:00:00+00:00,-5.548423765449996
2025-04-18 16:00:00+00:00,-3.2355906654499975
2025-04-18 17:00:00+00:00,1.4721207345499998
2025-04-18 18:00:00+00:00,6.823604934550005
2025-04-18 19:00:00+00:00,10.639768934550002
2025-04-18 20:00:00+00:00,9.930526934550002
2025-04-18 21:00:00+00:00,8.95348543455
2025-04-18 22:00:00+00:00,7.906746130169999
2025-04-18 23:00:00+00:00,6.775231530170002
2025-04-19 00:00:00+00:00,5.977153730169999
2025-04-19 01:00:00+00:00,5.18324343017
2025-04-19 02:00:00+00:00,4.868443730170002
2025-04-19 03:00:00+00:00,4.9450768301700005
2025-04-19 04:00:00+00:00,5.223912030170002
2025-04-19 05:00:00+00:00,5.5438927301700005
2025-04-19 06:00:00+00:00,3.0307806301700033
2025-04-19 07:00:00+00:00,-0.58655976983
2025-04-19 08:00:00+00:00,-3.1983588698300025
2025-04-19 09:00:00+00:00,-5.075209969829999
2025-04-19 10:00:00+00:00,-5.8649238698299975
2025-04-19 11:00:00+00:00,-6.09082016983
2025-04-19 12:00:00+00:00,-6.6976495698299985
2025-04-19 13:00:00+00:00,-7.140293269829996
2025-04-19 14:00:00+00:00,-7.453710069829999
2025-04-19 15:00:00+00:00,-6.71919256983
2025-04-19 16:00:00+00:00,-4.439373669830001
2025-04-19 17:00:00+00:00,0.18213623017000202
2025-04-19 18:00:00+00:00,6.339093230170004
2025-04-19 19:00:00+00:00,10.378953530170001
2025-04-19 20:00:00+00:00,9.46213083017
2025-04-19 21:00:00+00:00,7.857256330170003
2025-04-19 22:00:00+00:00,6.7892584455
2025-04-19 23:00:00+00:00,5.870687945500002
2025-04-20 00:00:00+00:00,5.070458145499998
2025-04-20 01:00:00+00:00,5.0658096455
2025-04-20 02:00:00+00:00,5.723457245500001
2025-04-20 03:00:00+00:00,6.6791365455000005
2025-04-20 04:00:00+00:00,8.150491445500002
2025-04-20 05:00:00+00:00,8.6238513455
2025-04-20 06:00:00+00:00,6.918864145499999
2025-04-20 07:00:00+00:00,4.306022445499998
2025-04-20 08:00:00+00:00,1.8995095455000026
2025-04-20 09:00:00+00:00,0.2490126454999988
2025-04-20 10:00:00+00:00,-0.9972159545000032
2025-04-20 11:00:00+00:00,-1.047890054499998
2025-04-20 12:00:00+00:00,-1.1810345545000018
2025-04-20 13:00:00+00:00,-2.017738754499998
2025-04-20 14:00:00+00:00,-2.6821415544999994
2025-04-20 15:00:00+00:00,-2.4573081545000015
2025-04-20 16:00:00+00:00,0.2326330454999983
2025-04-20 17:00:00+00:00,5.2932820455
2025-04-20 18:00:00+00:00,11.4881737455
2025-04-20 19:00:00+00:00,15.392386845499999
2025-04-20 20:00:00+00:00,14.603840845499999
2025-04-20 21:00:00+00:00,12.951723545500002
2025-04-20 22:00:00+00:00,12.290524318580001
2025-04-20 23:00:00+00:00,10.76787621858
2025-04-21 00:00:00+00:00,9.958643018579998
2025-04-21 01:00:00+00:00,9.741407018580002
2025-04-21 02:00:00+00:00,9.806369918580002
2025-04-21 03:00:00+00:00,10.63820641858
2025-04-21 04:00:00+00:00,12.84403161858
2025-04-21 05:00:00+00:00,14.85275061858
2025-04-21 06:00:00+00:00,12.80458901858
2025-04-21 07:00:00+00:00,8.759763218580002
2025-04-21 08:00:00+00:00,5.76752051858
2025-04-21 09:00:00+00:00,4.742741418579996
2025-04-21 10:00:00+00:00,4.605517918579999
2025-04-21 11:00:00+00:00,5.33994931858
2025-04-21 12:00:00+00:00,6.066168318580001
2025-04-21 13:00:00+00:00,6.487208318579999
2025-04-21 14:00:00+00:00,7.059828218579998
2025-04-21 15:00:00+00:00,8.48574731858
2025-04-21 16:00:00+00:00,11.411346718580003
2025-04-21 17:00:00+00:00,15.35262961858
2025-04-21 18:00:00+00:00,20.11484711858
2025-04-21 19:00:00+00:00,23.70071011858
2025-04-21 20:00:00+00:00,22.27336351858
2025-04-21 21:00:00+00:00,19.74355501858
2025-04-21 22:00:00+00:00,17.66273003832
2025-04-21 23:00:00+00:00,16.058842238319997
2025-04-22 00:00:00+00:00,15.005388138319999
2025-04-22 01:00:00+00:00,14.62981633832
2025-04-22 02:00:00+00:00,14.80423413832
2025-04-22 03:00:00+00:00,15.360135438319999
2025-04-22 04:00:00+00:00,17.71019553832
2025-04-22 05:00:00+00:00,19.947658838320002
2025-04-22 06:00:00+00:00,19.211547538319998
2025-04-22 07:00:00+00:00,15.17114103832
2025-04-22 08:00:00+00:00,10.608153338320001
2025-04-22 09:00:00+00:00,7.40145033832
2025-04-22 10:00:00+00:00,6.3152529383200005
2025-04-22 11:00:00+00:00,5.839604538319996
2025-04-22 12:00:00+00:00,5.3237526383199985
2025-04-22 13:00:00+00:00,4.748404538320003
2025-04-22 14:00:00+00:00,4.140273438319998
2025-04-22 15:00:00+00:00,3.9107116383199987
2025-04-22 16:00:00+00:00,6.081366038319999
2025-04-22 17:00:00+00:00,10.489108438319999
2025-04-22 18:00:00+00:00,16.64502573832
2025-04-22 19:00:00+00:00,19.99506203832
2025-04-22 20:00:00+00:00,17.732900638319997
2025-04-22 21:00:00+00:00,15.16492423832
2025-04-22 22:00:00+00:00,13.95705194214
2025-04-22 23:00:00+00:00,12.721272742140002
2025-04-23 00:00:00+00:00,12.057556742140001
2025-04-23 01:00:00+00:00,11.73387684214
2025-04-23 02:00:00+00:00,12.104650842140003
2025-04-23 03:00:00+00:00,13.057916542140003
2025-04-23 04:00:00+00:00,15.781306342140002
2025-04-23 05:00:00+00:00,18.092302142140003
2025-04-23 06:00:00+00:00,15.25044944214
2025-04-23 07:00:00+00:00,8.931132842140002
2025-04-23 08:00:00+00:00,4.253348442140005
2025-04-23 09:00:00+00:00,1.9087016421399987
2025-04-23 10:00:00+00:00,1.4044229421399983
2025-04-23 11:00:00+00:00,1.1535526421400029
2025-04-23 12:00:00+00:00,0.8814973421399976
2025-04-23 13:00:00+00:00,0.6800486421400045
2025-04-23 14:00:00+00:00,0.5496195421400003
2025-04-23 15:00:00+00:00,0.4632338421400064
2025-04-23 16:00:00+00:00,3.3770424421400023
2025-04-23 17:00:00+00:00,9.370097742140004
2025-04-23 18:00:00+00:00,17.048169242140002
2025-04-23 19:00:00+00:00,20.308274742140004
2025-04-23 20:00:00+00:00,17.69425274214
2025-04-23 21:00:00+00:00,14.904843542140002
2025-04-23 22:00:00+00:00,13.338626223850003
2025-04-23 23:00:00+00:00,11.98043692385
2025-04-24 00:00:00+00:00,11.09881092385
2025-04-24 01:00:00+00:00,10.568254823850001
2025-04-24 02:00:00+00:00,10.752890723850001
2025-04-24 03:00:00+00:00,11.467477723850003
2025-04-24 04:00:00+00:00,13.985688023850003
2025-04-24 05:00:00+00:00,16.21385512385
2025-04-24 06:00:00+00:00,13.116358023850003
2025-04-24 07:00:00+00:00,7.099663223850001
2025-04-24 08:00:00+00:00,2.7432912238500045
2025-04-24 09:00:00+00:00,0.6806502238500016
2025-04-24 10:00:00+00:00,0.47809482385000734
2025-04-24 11:00:00+00:00,0.46132242384999955
2025-04-24 12:00:00+00:00,0.38953902385000205
2025-04-24 13:00:00+00:00,0.42661442385000115
2025-04-24 14:00:00+00:00,0.694626723850007
2025-04-24 15:00:00+00:00,1.1917237238500036
2025-04-24 16:00:00+00:00,4.60476142385
2025-04-24 17:00:00+00:00,10.771352023850003
2025-04-24 18:00:00+00:00,18.18928872385
2025-04-24 19:00:00+00:00,21.55814842385
2025-04-24 20:00:00+00:00,19.33470672385
2025-04-24 21:00:00+00:00,16.852570923850003
2025-04-24 22:00:00+00:00,16.00968086307
2025-04-24 23:00:00+00:00,14.91505556307
2025-04-25 00:00:00+00:00,14.35761536307
2025-04-25 01:00:00+00:00,14.54369606307
2025-04-25 02:00:00+00:00,14.830711963070002
2025-04-25 03:00:00+00:00,15.762311863070002
2025-04-25 04:00:00+00:00,18.42290476307
2025-04-25 05:00:00+00:00,20.86187276307
2025-04-25 06:00:00+00:00,19.04784076307
2025-04-25 07:00:00+00:00,12.451259763070002
2025-04-25 08:00:00+00:00,6.960702863070001
2025-04-25 09:00:00+00:00,4.229619263069999
2025-04-25 10:00:00+00:00,3.048248563070004
2025-04-25 11:00:00+00:00,2.5150826630700003
2025-04-25 12:00:00+00:00,1.8380978630700007
2025-04-25 13:00:00+00:00,0.9242065630699976
2025-04-25 14:00:00+00:00,1.4777201630699963
2025-04-25 15:00:00+00:00,2.642271663069998
2025-04-25 16:00:00+00:00,5.64017506307
2025-04-25 17:00:00+00:00,11.136324563070001
2025-04-25 18:00:00+00:00,16.72633456307
2025-04-25 19:00:00+00:00,19.31129606307
2025-04-25 20:00:00+00:00,16.67678456307
2025-04-25 21:00:00+00:00,13.797016463070001
2025-04-25 22:00:00+00:00,11.439986624420001
2025-04-25 23:00:00+00:00,9.571616624419999
2025-04-26 00:00:00+00:00,8.233322024419998
2025-04-26 01:00:00+00:00,7.91260202442
2025-04-26 02:00:00+00:00,7.675171824420001
2025-04-26 03:00:00+00:00,7.852550824420003
2025-04-26 04:00:00+00:00,8.624223424420002
2025-04-26 05:00:00+00:00,8.576326624420002
2025-04-26 06:00:00+00:00,5.557870624420001
2025-04-26 07:00:00+00:00,0.9540750244200034
2025-04-26 08:00:00+00:00,-2.1645952755800018
2025-04-26 09:00:00+00:00,-3.613643875579996
2025-04-26 10:00:00+00:00,-4.3704169755799995
2025-04-26 11:00:00+00:00,-4.603756175579999
2025-04-26 12:00:00+00:00,-5.09144587558
2025-04-26 13:00:00+00:00,-6.0576680755800005
2025-04-26 14:00:00+00:00,-6.489198275579998
2025-04-26 15:00:00+00:00,-6.060454675579994
2025-04-26 16:00:00+00:00,-3.8709775755799996
2025-04-26 17:00:00+00:00,1.7158221244200043
2025-04-26 18:00:00+00:00,8.133820724420001
2025-04-26 19:00:00+00:00,12.003521224420002
2025-04-26 20:00:00+00:00,10.605790524420001
2025-04-26 21:00:00+00:00,8.91066432442
2025-04-26 22:00:00+00:00,8.22425004758
2025-04-26 23:00:00+00:00,7.41952634758
2025-04-27 00:00:00+00:00,6.9451567475800005
2025-04-27 01:00:00+00:00,6.866745347580002
2025-04-27 02:00:00+00:00,6.8869973475799995
2025-04-27 03:00:00+00:00,7.176094147580002
2025-04-27 04:00:00+00:00,7.5090539475800036
2025-04-27 05:00:00+00:00,6.60873964758
2025-04-27 06:00:00+00:00,2.06757444758
2025-04-27 07:00:00+00:00,-2.9860128524200036
2025-04-27 08:00:00+00:00,-5.175868452420001
2025-04-27 09:00:00+00:00,-5.4751210524200005
2025-04-27 10:00:00+00:00,-4.7530326524200035
2025-04-27 11:00:00+00:00,-3.948750452420004
2025-04-27 12:00:00+00:00,-3.5815096524199994
2025-04-27 13:00:00+00:00,-4.18432775242
2025-04-27 14:00:00+00:00,-4.643166352420003
2025-04-27 15:00:00+00:00,-4.172466652419999
2025-04-27 16:00:00+00:00,-1.3971543524199994
2025-04-27 17:00:00+00:00,4.870696647580001
2025-04-27 18:00:00+00:00,12.158263047579998
2025-04-27 19:00:00+00:00,16.189925147580002
2025-04-27 20:00:00+00:00,14.766584547579999
2025-04-27 21:00:00+00:00,12.821802447580001
2025-04-27 22:00:00+00:00,12.25817762814
2025-04-27 23:00:00+00:00,11.76605022814
2025-04-28 00:00:00+00:00,11.488150028139998
2025-04-28 01:00:00+00:00,11.59607662814
2025-04-28 02:00:00+00:00,11.768413928140001
2025-04-28 03:00:00+00:00,12.664860028140001
2025-04-28 04:00:00+00:00,15.462872428139999
2025-04-28 05:00:00+00:00,17.79997782814
2025-04-28 06:00:00+00:00,14.29581222814
2025-04-28 07:00:00+00:00,7.689863328140003
2025-04-28 08:00:00+00:00,3.4502146281400066
2025-04-28 09:00:00+00:00,1.3672676281399987
2025-04-28 10:00:00+00:00,1.0439340281399971
2025-04-28 11:00:00+00:00,0.6885737281399997
2025-04-28 12:00:00+00:00,0.0319880281399989
2025-04-28 13:00:00+00:00,-0.1464430718599985
2025-04-28 14:00:00+00:00,-0.023550971860000658
2025-04-28 15:00:00+00:00,1.2798076281399986
2025-04-28 16:00:00+00:00,4.06880612814
2025-04-28 17:00:00+00:00,9.550711228139999
2025-04-28 18:00:00+00:00,15.685512228139999
2025-04-28 19:00:00+00:00,18.14869992814
2025-04-28 20:00:00+00:00,15.11704452814
2025-04-28 21:00:00+00:00,12.13141162814
2025-04-28 22:00:00+00:00,11.37468533893
2025-04-28 23:00:00+00:00,10.428937638930002
2025-04-29 00:00:00+00:00,9.71355993893
2025-04-29 01:00:00+00:00,9.572795238930004
2025-04-29 02:00:00+00:00,9.781618538930001
2025-04-29 03:00:00+00:00,10.699455638930003
2025-04-29 04:00:00+00:00,13.29235423893
2025-04-29 05:00:00+00:00,15.507657638930002
2025-04-29 06:00:00+00:00,13.16897583893
2025-04-29 07:00:00+00:00,7.439431438930001
2025-04-29 08:00:00+00:00,2.9885871389300043
2025-04-29 09:00:00+00:00,0.3656682389300059
2025-04-29 10:00:00+00:00,-0.5965065610700009
2025-04-29 11:00:00+00:00,-1.3622054610700012
2025-04-29 12:00:00+00:00,-2.1482222610699964
2025-04-29 13:00:00+00:00,-2.0344831610699927
2025-04-29 14:00:00+00:00,-1.4651081610699954
2025-04-29 15:00:00+00:00,0.4142395389300084
2025-04-29 16:00:00+00:00,3.416288338930002
2025-04-29 17:00:00+00:00,8.37008193893
2025-04-29 18:00:00+00:00,13.532692138930003
2025-04-29 19:00:00+00:00,15.92549893893
2025-04-29 20:00:00+00:00,13.582664338930002
2025-04-29 21:00:00+00:00,10.917366438930001
2025-04-29 22:00:00+00:00,12.12164563465
2025-04-29 23:00:00+00:00,11.273141634649999
2025-04-30 00:00:00+00:00,10.752473334650002
2025-04-30 01:00:00+00:00,10.95494243465
2025-04-30 02:00:00+00:00,11.346153534649998
2025-04-30 03:00:00+00:00,12.509315034650001
2025-04-30 04:00:00+00:00,15.193525434649997
2025-04-30 05:00:00+00:00,17.32273923465
2025-04-30 06:00:00+00:00,15.97965313465
2025-04-30 07:00:00+00:00,12.062392934649997
2025-04-30 08:00:00+00:00,8.24884563465
2025-04-30 09:00:00+00:00,5.540773034650002
2025-04-30 10:00:00+00:00,4.878251534650001
2025-04-30 11:00:00+00:00,4.565861834650001
2025-04-30 12:00:00+00:00,4.066499234649999
2025-04-30 13:00:00+00:00,4.000637134649999
2025-04-30 14:00:00+00:00,3.930821334650002
2025-04-30 15:00:00+00:00,5.226405534650002
2025-04-30 16:00:00+00:00,7.517659234650001
2025-04-30 17:00:00+00:00,11.283699034650002
2025-04-30 18:00:00+00:00,15.64789503465
2025-04-30 19:00:00+00:00,18.49846243465
2025-04-30 20:00:00+00:00,16.684551534649998
2025-04-30 21:00:00+00:00,14.346501234649999
2025-04-30 22:00:00+00:00,10.057710915430002
2025-04-30 23:00:00+00:00,9.780210715430002
2025-05-01 00:00:00+00:00,9.688309915429999
2025-05-01 01:00:00+00:00,9.934828815429999
2025-05-01 02:00:00+00:00,10.192715215429999
2025-05-01 03:00:00+00:00,10.385506315430002
2025-05-01 04:00:00+00:00,10.79480621543
2025-05-01 05:00:00+00:00,10.165169115430002
2025-05-01 06:00:00+00:00,7.321986115430002
2025-05-01 07:00:00+00:00,3.3642242154299993
2025-05-01 08:00:00+00:00,-0.04036068457000397
2025-05-01 09:00:00+00:00,-2.4670340845700025
2025-05-01 10:00:00+00:00,-3.7980742845699993
2025-05-01 11:00:00+00:00,-4.011475484570003
2025-05-01 12:00:00+00:00,-4.1754783845700025
2025-05-01 13:00:00+00:00,-4.82822928457
2025-05-01 14:00:00+00:00,-4.94173428457
2025-05-01 15:00:00+00:00,-4.138920884570002
2025-05-01 16:00:00+00:00,-1.707579884570002
2025-05-01 17:00:00+00:00,3.396233815429998
2025-05-01 18:00:00+00:00,9.594051715430002
2025-05-01 19:00:00+00:00,13.312078015430004
2025-05-01 20:00:00+00:00,12.206142815429999
2025-05-01 21:00:00+00:00,10.173904815430001
2025-05-01 22:00:00+00:00,9.59092390851
2025-05-01 23:00:00+00:00,8.17773070851
2025-05-02 00:00:00+00:00,6.385052908510003
2025-05-02 01:00:00+00:00,5.5513287085100025
2025-05-02 02:00:00+00:00,4.989438008510001
2025-05-02 03:00:00+00:00,5.58921020851
2025-05-02 04:00:00+00:00,7.207196408510001
2025-05-02 05:00:00+00:00,8.887307908509998
2025-05-02 06:00:00+00:00,10.20557450851
2025-05-02 07:00:00+00:00,9.036871108509999
2025-05-02 08:00:00+00:00,6.267191308510004
2025-05-02 09:00:00+00:00,3.9038797085100043
2025-05-02 10:00:00+00:00,1.4835027085100023
2025-05-02 11:00:00+00:00,0.39416360850999865
2025-05-02 12:00:00+00:00,-0.05478259148999953
2025-05-02 13:00:00+00:00,-0.7874282914899986
2025-05-02 14:00:00+00:00,-2.66012249149
2025-05-02 15:00:00+00:00,-1.7251871914900008
2025-05-02 16:00:00+00:00,1.5614090085099974
2025-05-02 17:00:00+00:00,7.302237608510005
2025-05-02 18:00:00+00:00,13.035795208510002
2025-05-02 19:00:00+00:00,16.37948700851
2025-05-02 20:00:00+00:00,15.482882508510002
2025-05-02 21:00:00+00:00,14.50460120851
2025-05-02 22:00:00+00:00,15.0244143944
2025-05-02 23:00:00+00:00,14.0508848944
2025-05-03 00:00:00+00:00,12.3645595944
2025-05-03 01:00:00+00:00,11.310490294400001
2025-05-03 02:00:00+00:00,10.6714901944
2025-05-03 03:00:00+00:00,11.141957994400002
2025-05-03 04:00:00+00:00,11.791790194399999
2025-05-03 05:00:00+00:00,11.755431294400001
2025-05-03 06:00:00+00:00,10.287369894400001
2025-05-03 07:00:00+00:00,8.056705094399998
2025-05-03 08:00:00+00:00,5.577371894400002
2025-05-03 09:00:00+00:00,3.9398986944
2025-05-03 10:00:00+00:00,2.5366987944000066
2025-05-03 11:00:00+00:00,1.4502002944000019
2025-05-03 12:00:00+00:00,1.1066912944000045
2025-05-03 13:00:00+00:00,0.6419724944000009
2025-05-03 14:00:00+00:00,-1.0284826055999972
2025-05-03 15:00:00+00:00,0.011266694399999722
2025-05-03 16:00:00+00:00,3.6948528944000003
2025-05-03 17:00:00+00:00,9.853657694400002
2025-05-03 18:00:00+00:00,15.567831094399999
2025-05-03 19:00:00+00:00,18.952705094400002
2025-05-03 20:00:00+00:00,18.1213874944
2025-05-03 21:00:00+00:00,17.1859003944
2025-05-03 22:00:00+00:00,14.034007495449998
2025-05-03 23:00:00+00:00,12.714337095449999
2025-05-04 00:00:00+00:00,11.22088439545
2025-05-04 01:00:00+00:00,10.414825995450002
2025-05-04 02:00:00+00:00,9.881006795449998
2025-05-04 03:00:00+00:00,9.562903795450001
2025-05-04 04:00:00+00:00,9.61269459545
2025-05-04 05:00:00+00:00,9.019888295449999
2025-05-04 06:00:00+00:00,7.948849795450002
2025-05-04 07:00:00+00:00,5.692775095449999
2025-05-04 08:00:00+00:00,3.31429179545
2025-05-04 09:00:00+00:00,2.578288395450002
2025-05-04 10:00:00+00:00,1.3672542954499995
2025-05-04 11:00:00+00:00,0.7502575954500017
2025-05-04 12:00:00+00:00,0.10499549544999809
2025-05-04 13:00:00+00:00,-1.274637704549999
2025-05-04 14:00:00+00:00,-3.8709065045499997
2025-05-04 15:00:00+00:00,-3.5996480045500014
2025-05-04 16:00:00+00:00,0.4527125954500022
2025-05-04 17:00:00+00:00,6.28567759545
2025-05-04 18:00:00+00:00,12.06994369545
2025-05-04 19:00:00+00:00,15.989970395450001
2025-05-04 20:00:00+00:00,15.421758895450001
2025-05-04 21:00:00+00:00,14.054366195450001
2025-05-04 22:00:00+00:00,11.17037307184
2025-05-04 23:00:00+00:00,9.890303771840001
2025-05-05 00:00:00+00:00,8.344280271840002
2025-05-05 01:00:00+00:00,7.647452971840002
2025-05-05 02:00:00+00:00,6.81477267184
2025-05-05 03:00:00+00:00,7.544926671840001
2025-05-05 04:00:00+00:00,10.60940937184
2025-05-05 05:00:00+00:00,12.816767471839999
2025-05-05 06:00:00+00:00,13.57878297184
2025-05-05 07:00:00+00:00,9.67650887184
2025-05-05 08:00:00+00:00,5.952512571840003
2025-05-05 09:00:00+00:00,4.207319771839998
2025-05-05 10:00:00+00:00,2.4993007718400015
2025-05-05 11:00:00+00:00,1.7502278718399964
2025-05-05 12:00:00+00:00,1.0574825718399978
2025-05-05 13:00:00+00:00,0.35402577183999995
2025-05-05 14:00:00+00:00,-0.9680628281599972
2025-05-05 15:00:00+00:00,-0.7616953281600018
2025-05-05 16:00:00+00:00,1.6767552718400012
2025-05-05 17:00:00+00:00,6.440097471839998
2025-05-05 18:00:00+00:00,11.520246471839997
2025-05-05 19:00:00+00:00,14.54276787184
2025-05-05 20:00:00+00:00,12.85277847184
2025-05-05 21:00:00+00:00,11.16053107184
2025-05-05 22:00:00+00:00,9.753308412260001
2025-05-05 23:00:00+00:00,8.769701012259999
2025-05-06 00:00:00+00:00,7.52749431226
2025-05-06 01:00:00+00:00,6.954185712259999
2025-05-06 02:00:00+00:00,6.553762012260002
2025-05-06 03:00:00+00:00,7.3206427122600015
2025-05-06 04:00:00+00:00,9.42447411226
2025-05-06 05:00:00+00:00,11.672790812260002
2025-05-06 06:00:00+00:00,11.137278212260002
2025-05-06 07:00:00+00:00,7.878354312260004
2025-05-06 08:00:00+00:00,5.17478141226
2025-05-06 09:00:00+00:00,4.287854312260002
2025-05-06 10:00:00+00:00,3.5738361122600004
2025-05-06 11:00:00+00:00,2.5032332122599996
2025-05-06 12:00:00+00:00,1.6331827122600018
2025-05-06 13:00:00+00:00,1.2935802122600002
2025-05-06 14:00:00+00:00,-0.3959985877399994
2025-05-06 15:00:00+00:00,0.1785108122599972
2025-05-06 16:00:00+00:00,3.542213012260003
2025-05-06 17:00:00+00:00,9.333019012260003
2025-05-06 18:00:00+00:00,14.98813071226
2025-05-06 19:00:00+00:00,17.953770812260004
2025-05-06 20:00:00+00:00,16.10762661226
2025-05-06 21:00:00+00:00,14.54997741226
2025-05-06 22:00:00+00:00,12.687302283200001
2025-05-06 23:00:00+00:00,11.700049583200002
2025-05-07 00:00:00+00:00,10.385948883200001
2025-05-07 01:00:00+00:00,9.9242258832
2025-05-07 02:00:00+00:00,9.676414883199998
2025-05-07 03:00:00+00:00,10.4434855832
2025-05-07 04:00:00+00:00,12.544575683200003
2025-05-07 05:00:00+00:00,14.9687803832
2025-05-07 06:00:00+00:00,14.871420183200001
2025-05-07 07:00:00+00:00,12.190020083199999
2025-05-07 08:00:00+00:00,9.2447068832
2025-05-07 09:00:00+00:00,7.785584583199999
2025-05-07 10:00:00+00:00,6.2080807832
2025-05-07 11:00:00+00:00,5.153358483200002
2025-05-07 12:00:00+00:00,4.546475783199998
2025-05-07 13:00:00+00:00,4.533869983199999
2025-05-07 14:00:00+00:00,3.2260868832000007
2025-05-07 15:00:00+00:00,4.4253535832
2025-05-07 16:00:00+00:00,8.110639683200002
2025-05-07 17:00:00+00:00,13.517445283200002
2025-05-07 18:00:00+00:00,18.435084383200003
2025-05-07 19:00:00+00:00,21.2646742832
2025-05-07 20:00:00+00:00,19.5645618832
2025-05-07 21:00:00+00:00,17.869544483200002
2025-05-07 22:00:00+00:00,14.55360269986
2025-05-07 23:00:00+00:00,13.629543399859998
2025-05-08 00:00:00+00:00,13.52430219986
2025-05-08 01:00:00+00:00,13.734050599859998
2025-05-08 02:00:00+00:00,14.16533099986
2025-05-08 03:00:00+00:00,15.114803899859998
2025-05-08 04:00:00+00:00,17.79413619986
2025-05-08 05:00:00+00:00,20.15759179986
2025-05-08 06:00:00+00:00,19.490913699860002
2025-05-08 07:00:00+00:00,15.99219469986
2025-05-08 08:00:00+00:00,12.52142179986
2025-05-08 09:00:00+00:00,10.64569519986
2025-05-08 10:00:00+00:00,9.286238199860001
2025-05-08 11:00:00+00:00,9.232145699859998
2025-05-08 12:00:00+00:00,8.794960599859998
2025-05-08 13:00:00+00:00,8.077969299860001
2025-05-08 14:00:00+00:00,7.700419599860005
2025-05-08 15:00:00+00:00,8.693760199860002
2025-05-08 16:00:00+00:00,10.76507029986
2025-05-08 17:00:00+00:00,14.246714399860004
2025-05-08 18:00:00+00:00,19.18324239986
2025-05-08 19:00:00+00:00,21.94023229986
2025-05-08 20:00:00+00:00,19.99692379986
2025-05-08 21:00:00+00:00,17.38488819986
2025-05-08 22:00:00+00:00,16.71044496148
2025-05-08 23:00:00+00:00,15.790748961479999
2025-05-09 00:00:00+00:00,15.163008261480002
2025-05-09 01:00:00+00:00,14.861277361480001
2025-05-09 02:00:00+00:00,15.00612176148
2025-05-09 03:00:00+00:00,15.605643061479999
2025-05-09 04:00:00+00:00,18.35204756148
2025-05-09 05:00:00+00:00,20.34928676148
2025-05-09 06:00:00+00:00,18.874747761480002
2025-05-09 07:00:00+00:00,14.114793661480002
2025-05-09 08:00:00+00:00,10.51010226148
2025-05-09 09:00:00+00:00,8.64732626148
2025-05-09 10:00:00+00:00,8.18782706148
2025-05-09 11:00:00+00:00,7.939252661480001
2025-05-09 12:00:00+00:00,7.364071861479996
2025-05-09 13:00:00+00:00,6.140731561479999
2025-05-09 14:00:00+00:00,5.415874761479998
2025-05-09 15:00:00+00:00,6.01717296148
2025-05-09 16:00:00+00:00,8.508059261479996
2025-05-09 17:00:00+00:00,13.320018361480003
2025-05-09 18:00:00+00:00,19.190780061479998
2025-05-09 19:00:00+00:00,22.359454261479996
2025-05-09 20:00:00+00:00,20.331336361480002
2025-05-09 21:00:00+00:00,18.31516146148
2025-05-09 22:00:00+00:00,16.282736463890004
2025-05-09 23:00:00+00:00,15.49861396389
2025-05-10 00:00:00+00:00,14.36081576389
2025-05-10 01:00:00+00:00,13.690320063890002
2025-05-10 02:00:00+00:00,13.629533063890001
2025-05-10 03:00:00+00:00,13.552869763890001
2025-05-10 04:00:00+00:00,13.94757596389
2025-05-10 05:00:00+00:00,13.396840963890002
2025-05-10 06:00:00+00:00,11.879169263890002
2025-05-10 07:00:00+00:00,9.014415563890001
2025-05-10 08:00:00+00:00,6.37572126389
2025-05-10 09:00:00+00:00,4.276264863889999
2025-05-10 10:00:00+00:00,3.345598063889998
2025-05-10 11:00:00+00:00,2.82523336389
2025-05-10 12:00:00+00:00,2.4566542638900017
2025-05-10 13:00:00+00:00,1.0190992638899985
2025-05-10 14:00:00+00:00,-0.07102093610999916
2025-05-10 15:00:00+00:00,0.44450866389000154
2025-05-10 16:00:00+00:00,3.01902796389
2025-05-10 17:00:00+00:00,7.874698263890002
2025-05-10 18:00:00+00:00,13.94725546389
2025-05-10 19:00:00+00:00,17.98619976389
2025-05-10 20:00:00+00:00,17.29785246389
2025-05-10 21:00:00+00:00,15.91572846389
2025-05-10 22:00:00+00:00,12.83034967319
2025-05-10 23:00:00+00:00,11.45095677319
2025-05-11 00:00:00+00:00,10.293756373190002
2025-05-11 01:00:00+00:00,9.66109687319
2025-05-11 02:00:00+00:00,9.578075973190003
2025-05-11 03:00:00+00:00,9.911933173190002
2025-05-11 04:00:00+00:00,10.537637973190002
2025-05-11 05:00:00+00:00,9.36439927319
2025-05-11 06:00:00+00:00,5.154135773190003
2025-05-11 07:00:00+00:00,0.9867275731900023
2025-05-11 08:00:00+00:00,-1.2701496268099994
2025-05-11 09:00:00+00:00,-1.9871420268099982
2025-05-11 10:00:00+00:00,-1.9327006268099964
2025-05-11 11:00:00+00:00,-1.7264329268099985
2025-05-11 12:00:00+00:00,-1.7399761268099994
2025-05-11 13:00:00+00:00,-2.6582873268099974
2025-05-11 14:00:00+00:00,-3.7158170268099973
2025-05-11 15:00:00+00:00,-3.5554451268099996
2025-05-11 16:00:00+00:00,-1.2032672268099986
2025-05-11 17:00:00+00:00,4.184744773190001
2025-05-11 18:00:00+00:00,11.378829073190001
2025-05-11 19:00:00+00:00,16.539021873190002
2025-05-11 20:00:00+00:00,16.33585657319
2025-05-11 21:00:00+00:00,14.521258673190001
2025-05-11 22:00:00+00:00,13.85536756963
2025-05-11 23:00:00+00:00,12.754137269630002
2025-05-12 00:00:00+00:00,12.11251166963
2025-05-12 01:00:00+00:00,11.85628326963
2025-05-12 02:00:00+00:00,12.26438456963
2025-05-12 03:00:00+00:00,13.114751269630002
2025-05-12 04:00:00+00:00,16.19643036963
2025-05-12 05:00:00+00:00,18.24141286963
2025-05-12 06:00:00+00:00,14.675792569630001
2025-05-12 07:00:00+00:00,9.103569969630001
2025-05-12 08:00:00+00:00,5.576740369630002
2025-05-12 09:00:00+00:00,4.154540369630002
2025-05-12 10:00:00+00:00,3.961971169630001
2025-05-12 11:00:00+00:00,4.008732369630003
2025-05-12 12:00:00+00:00,3.9588723696300008
2025-05-12 13:00:00+00:00,4.17577056963
2025-05-12 14:00:00+00:00,3.906025669630001
2025-05-12 15:00:00+00:00,5.135514369629998
2025-05-12 16:00:00+00:00,7.663727469630004
2025-05-12 17:00:00+00:00,13.121501269630002
2025-05-12 18:00:00+00:00,19.685877269629998
2025-05-12 19:00:00+00:00,23.541197269630004
2025-05-12 20:00:00+00:00,22.04996646963
2025-05-12 21:00:00+00:00,19.420601269629998
2025-05-12 22:00:00+00:00,18.23978428602
2025-05-12 23:00:00+00:00,17.08761548602
2025-05-13 00:00:00+00:00,16.28651118602
2025-05-13 01:00:00+00:00,16.07601578602
2025-05-13 02:00:00+00:00,16.59007838602
2025-05-13 03:00:00+00:00,17.376967186019996
2025-05-13 04:00:00+00:00,20.11514748602
2025-05-13 05:00:00+00:00,22.07399408602
2025-05-13 06:00:00+00:00,19.08203398602
2025-05-13 07:00:00+00:00,13.72442828602
2025-05-13 08:00:00+00:00,10.023381386019999
2025-05-13 09:00:00+00:00,8.48260228602
2025-05-13 10:00:00+00:00,8.378961786020003
2025-05-13 11:00:00+00:00,8.571498086020004
2025-05-13 12:00:00+00:00,8.346512986019999
2025-05-13 13:00:00+00:00,8.551063486020002
2025-05-13 14:00:00+00:00,8.623704686019998
2025-05-13 15:00:00+00:00,10.00485868602
2025-05-13 16:00:00+00:00,12.380860286019999
2025-05-13 17:00:00+00:00,16.95256338602
2025-05-13 18:00:00+00:00,22.186191686020003
2025-05-13 19:00:00+00:00,24.995759886020004
2025-05-13 20:00:00+00:00,23.133462886020002
2025-05-13 21:00:00+00:00,20.34760128602
2025-05-13 22:00:00+00:00,18.96991159382
2025-05-13 23:00:00+00:00,17.98788799382
2025-05-14 00:00:00+00:00,17.24835969382
2025-05-14 01:00:00+00:00,16.84595239382
2025-05-14 02:00:00+00:00,17.061740593819998
2025-05-14 03:00:00+00:00,17.64452089382
2025-05-14 04:00:00+00:00,20.19284169382
2025-05-14 05:00:00+00:00,22.25570859382
2025-05-14 06:00:00+00:00,20.37335239382
2025-05-14 07:00:00+00:00,15.634268093820001
2025-05-14 08:00:00+00:00,11.71347769382
2025-05-14 09:00:00+00:00,9.44584989382
2025-05-14 10:00:00+00:00,8.58442219382
2025-05-14 11:00:00+00:00,8.626368893819997
2025-05-14 12:00:00+00:00,8.282188793819998
2025-05-14 13:00:00+00:00,8.20522079382
2025-05-14 14:00:00+00:00,8.05656769382
2025-05-14 15:00:00+00:00,9.09399429382
2025-05-14 16:00:00+00:00,11.14212149382
2025-05-14 17:00:00+00:00,15.413789893819999
2025-05-14 18:00:00+00:00,20.58961119382
2025-05-14 19:00:00+00:00,23.65047999382
2025-05-14 20:00:00+00:00,21.901199093819997
2025-05-14 21:00:00+00:00,19.01486089382
2025-05-14 22:00:00+00:00,17.366161405219998
2025-05-14 23:00:00+00:00,16.19016870522
2025-05-15 00:00:00+00:00,15.336378805219999
2025-05-15 01:00:00+00:00,14.88149090522
2025-05-15 02:00:00+00:00,14.789094705219998
2025-05-15 03:00:00+00:00,15.203722905220001
2025-05-15 04:00:00+00:00,17.47325460522
2025-05-15 05:00:00+00:00,18.91942600522
2025-05-15 06:00:00+00:00,16.86825980522
2025-05-15 07:00:00+00:00,11.775161005220003
2025-05-15 08:00:00+00:00,8.261962205220001
2025-05-15 09:00:00+00:00,6.020296705219998
2025-05-15 10:00:00+00:00,5.328009805219995
2025-05-15 11:00:00+00:00,4.92236700522
2025-05-15 12:00:00+00:00,4.283860805220002
2025-05-15 13:00:00+00:00,4.13646530522
2025-05-15 14:00:00+00:00,3.737529805220003
2025-05-15 15:00:00+00:00,4.301313905219999
2025-05-15 16:00:00+00:00,6.097402405220002
2025-05-15 17:00:00+00:00,9.519477105220002
2025-05-15 18:00:00+00:00,14.564384705220004
2025-05-15 19:00:00+00:00,17.522367505219997
2025-05-15 20:00:00+00:00,15.377511105220002
2025-05-15 21:00:00+00:00,12.437114405220001
2025-05-15 22:00:00+00:00,10.886887296220001
2025-05-15 23:00:00+00:00,9.85590529622
2025-05-16 00:00:00+00:00,9.25164859622
2025-05-16 01:00:00+00:00,9.144068196219997
2025-05-16 02:00:00+00:00,9.351219896220002
2025-05-16 03:00:00+00:00,10.026982896220002
2025-05-16 04:00:00+00:00,12.642307096220001
2025-05-16 05:00:00+00:00,14.07651329622
2025-05-16 06:00:00+00:00,10.561714596220003
2025-05-16 07:00:00+00:00,5.67625139622
2025-05-16 08:00:00+00:00,2.8450185962199974
2025-05-16 09:00:00+00:00,1.952561396220002
2025-05-16 10:00:00+00:00,1.8084199962200032
2025-05-16 11:00:00+00:00,1.6999387962199997
2025-05-16 12:00:00+00:00,1.2194771962200015
2025-05-16 13:00:00+00:00,1.084617696220004
2025-05-16 14:00:00+00:00,1.23846839622
2025-05-16 15:00:00+00:00,1.8291712962200002
2025-05-16 16:00:00+00:00,3.8186642962200033
2025-05-16 17:00:00+00:00,8.41417879622
2025-05-16 18:00:00+00:00,13.83203459622
2025-05-16 19:00:00+00:00,17.56598069622
2025-05-16 20:00:00+00:00,16.43897889622
2025-05-16 21:00:00+00:00,14.76590149622
2025-05-16 22:00:00+00:00,13.33889325449
2025-05-16 23:00:00+00:00,12.87022545449
2025-05-17 00:00:00+00:00,12.295528854490001
2025-05-17 01:00:00+00:00,12.254467054489998
2025-05-17 02:00:00+00:00,12.613388054489999
2025-05-17 03:00:00+00:00,13.036553454489999
2025-05-17 04:00:00+00:00,14.177340554490002
2025-05-17 05:00:00+00:00,13.25586175449
2025-05-17 06:00:00+00:00,9.40860155449
2025-05-17 07:00:00+00:00,5.553346154489997
2025-05-17 08:00:00+00:00,3.0742984544899983
2025-05-17 09:00:00+00:00,1.7657835544899996
2025-05-17 10:00:00+00:00,1.2536375544899983
2025-05-17 11:00:00+00:00,0.9815279544900015
2025-05-17 12:00:00+00:00,0.7766943544900009
2025-05-17 13:00:00+00:00,0.023842554489998946
2025-05-17 14:00:00+00:00,-0.22040894551000179
2025-05-17 15:00:00+00:00,0.6927464544900026
2025-05-17 16:00:00+00:00,3.018177654490003
2025-05-17 17:00:00+00:00,8.21449615449
2025-05-17 18:00:00+00:00,13.982404454490002
2025-05-17 19:00:00+00:00,18.01938695449
2025-05-17 20:00:00+00:00,17.366057254490002
2025-05-17 21:00:00+00:00,15.64391305449
2025-05-17 22:00:00+00:00,14.42617336797
2025-05-17 23:00:00+00:00,13.126264267970003
2025-05-18 00:00:00+00:00,11.924246967970001
2025-05-18 01:00:00+00:00,11.044317967969999
2025-05-18 02:00:00+00:00,10.76997556797
2025-05-18 03:00:00+00:00,10.897113267970003
2025-05-18 04:00:00+00:00,11.27031606797
2025-05-18 05:00:00+00:00,9.366940667970002
2025-05-18 06:00:00+00:00,5.237403167970003
2025-05-18 07:00:00+00:00,1.9026104679699998
2025-05-18 08:00:00+00:00,0.3939930679700048
2025-05-18 09:00:00+00:00,-0.40133303202999926
2025-05-18 10:00:00+00:00,-0.9701371320300005
2025-05-18 11:00:00+00:00,-0.49533443202999905
2025-05-18 12:00:00+00:00,-0.3605900320300002
2025-05-18 13:00:00+00:00,-1.2139567320299989
2025-05-18 14:00:00+00:00,-1.6553279320300014
2025-05-18 15:00:00+00:00,-0.5700278320300001
2025-05-18 16:00:00+00:00,1.521227967969999
2025-05-18 17:00:00+00:00,6.053515367970002
2025-05-18 18:00:00+00:00,11.592654567970003
2025-05-18 19:00:00+00:00,15.49892606797
2025-05-18 20:00:00+00:00,15.17551836797
2025-05-18 21:00:00+00:00,13.174942667969999
2025-05-18 22:00:00+00:00,10.801824540219998
2025-05-18 23:00:00+00:00,10.055484140219999
2025-05-19 00:00:00+00:00,9.68854074022
2025-05-19 01:00:00+00:00,9.55318504022
2025-05-19 02:00:00+00:00,10.10232604022
2025-05-19 03:00:00+00:00,11.420906940219998
2025-05-19 04:00:00+00:00,14.145610840219998
2025-05-19 05:00:00+00:00,15.454822140220003
2025-05-19 06:00:00+00:00,13.645788440219999
2025-05-19 07:00:00+00:00,9.025809540219996
2025-05-19 08:00:00+00:00,5.72067614022
2025-05-19 09:00:00+00:00,3.58508314022
2025-05-19 10:00:00+00:00,2.54568074022
2025-05-19 11:00:00+00:00,2.035745240219999
2025-05-19 12:00:00+00:00,1.206862640219999
2025-05-19 13:00:00+00:00,0.6475658402200004
2025-05-19 14:00:00+00:00,0.21643064022000402
2025-05-19 15:00:00+00:00,1.1472692402200018
2025-05-19 16:00:00+00:00,2.5382624402199987
2025-05-19 17:00:00+00:00,7.33760794022
2025-05-19 18:00:00+00:00,13.908588240219999
2025-05-19 19:00:00+00:00,18.255418240220003
2025-05-19 20:00:00+00:00,17.46516834022
2025-05-19 21:00:00+00:00,15.395471040220002
2025-05-19 22:00:00+00:00,13.77199498277
2025-05-19 23:00:00+00:00,12.90945698277
2025-05-20 00:00:00+00:00,12.36847458277
2025-05-20 01:00:00+00:00,11.885891682769998
2025-05-20 02:00:00+00:00,12.018016882769999
2025-05-20 03:00:00+00:00,12.757111882770001
2025-05-20 04:00:00+00:00,14.87082108277
2025-05-20 05:00:00+00:00,15.522898782770001
2025-05-20 06:00:00+00:00,12.087029082770002
2025-05-20 07:00:00+00:00,6.922822882770003
2025-05-20 08:00:00+00:00,4.022297182770004
2025-05-20 09:00:00+00:00,2.54411368277
2025-05-20 10:00:00+00:00,1.880047282770004
2025-05-20 11:00:00+00:00,2.0553906827700033
2025-05-20 12:00:00+00:00,1.891573582770004
2025-05-20 13:00:00+00:00,1.802568082770005
2025-05-20 14:00:00+00:00,2.202131682770002
2025-05-20 15:00:00+00:00,3.565464082770003
2025-05-20 16:00:00+00:00,5.071870082770001
2025-05-20 17:00:00+00:00,9.62926228277
2025-05-20 18:00:00+00:00,15.886545582770001
2025-05-20 19:00:00+00:00,19.91885458277
2025-05-20 20:00:00+00:00,18.84147438277
2025-05-20 21:00:00+00:00,16.501161582770003
2025-05-20 22:00:00+00:00,14.48508012643
2025-05-20 23:00:00+00:00,13.564854226429999
2025-05-21 00:00:00+00:00,12.940795126429999
2025-05-21 01:00:00+00:00,12.79331992643
2025-05-21 02:00:00+00:00,13.35350952643
2025-05-21 03:00:00+00:00,14.51963752643
2025-05-21 04:00:00+00:00,17.102267526429998
2025-05-21 05:00:00+00:00,18.05839122643
2025-05-21 06:00:00+00:00,14.744273226430002
2025-05-21 07:00:00+00:00,9.514216426430004
2025-05-21 08:00:00+00:00,6.293831526430001
2025-05-21 09:00:00+00:00,4.604883026429999
2025-05-21 10:00:00+00:00,3.782498226430004
2025-05-21 11:00:00+00:00,3.7520941264300056
2025-05-21 12:00:00+00:00,3.3650321264300054
2025-05-21 13:00:00+00:00,3.152870026430005
2025-05-21 14:00:00+00:00,3.513264426430002
2025-05-21 15:00:00+00:00,4.686274826430001
2025-05-21 16:00:00+00:00,6.009145126430003
2025-05-21 17:00:00+00:00,10.24806822643
2025-05-21 18:00:00+00:00,15.78927872643
2025-05-21 19:00:00+00:00,18.79273022643
2025-05-21 20:00:00+00:00,17.07241372643
2025-05-21 21:00:00+00:00,14.49921462643
2025-05-21 22:00:00+00:00,13.210711403160001
2025-05-21 23:00:00+00:00,12.432591603159999
2025-05-22 00:00:00+00:00,11.84385980316
2025-05-22 01:00:00+00:00,11.396099103159997
2025-05-22 02:00:00+00:00,11.119957403159997
2025-05-22 03:00:00+00:00,11.527400803159999
2025-05-22 04:00:00+00:00,13.578716303159998
2025-05-22 05:00:00+00:00,14.30657790316
2025-05-22 06:00:00+00:00,10.82207360316
2025-05-22 07:00:00+00:00,5.691621903159998
2025-05-22 08:00:00+00:00,2.8761707031599997
2025-05-22 09:00:00+00:00,1.870352803160003
2025-05-22 10:00:00+00:00,1.4486813031600008
2025-05-22 11:00:00+00:00,1.7055543031599996
2025-05-22 12:00:00+00:00,1.9372435031599977
2025-05-22 13:00:00+00:00,1.784350203159999
2025-05-22 14:00:00+00:00,2.1035062031599985
2025-05-22 15:00:00+00:00,3.3507684031600036
2025-05-22 16:00:00+00:00,4.82690410316
2025-05-22 17:00:00+00:00,8.34822570316
2025-05-22 18:00:00+00:00,13.12935890316
2025-05-22 19:00:00+00:00,15.62800120316
2025-05-22 20:00:00+00:00,13.96076210316
2025-05-22 21:00:00+00:00,11.238391203159999
2025-05-22 22:00:00+00:00,10.009834026840002
2025-05-22 23:00:00+00:00,9.264392426839999
2025-05-23 00:00:00+00:00,8.907713226839999
2025-05-23 01:00:00+00:00,8.87983872684
2025-05-23 02:00:00+00:00,9.042219426840001
2025-05-23 03:00:00+00:00,9.95650382684
2025-05-23 04:00:00+00:00,12.420179526839997
2025-05-23 05:00:00+00:00,13.998312326840002
2025-05-23 06:00:00+00:00,12.00735172684
2025-05-23 07:00:00+00:00,8.754894826839998
2025-05-23 08:00:00+00:00,6.436829626839998
2025-05-23 09:00:00+00:00,5.359171726840003
2025-05-23 10:00:00+00:00,4.780170426839998
2025-05-23 11:00:00+00:00,4.928750726840001
2025-05-23 12:00:00+00:00,4.33502472684
2025-05-23 13:00:00+00:00,3.364464126839998
2025-05-23 14:00:00+00:00,2.9638035268399996
2025-05-23 15:00:00+00:00,3.223450626840002
2025-05-23 16:00:00+00:00,4.629431826840001
2025-05-23 17:00:00+00:00,7.829725826839997
2025-05-23 18:00:00+00:00,12.609361226839999
2025-05-23 19:00:00+00:00,15.563202826840001
2025-05-23 20:00:00+00:00,13.811224026840003
2025-05-23 21:00:00+00:00,11.911859026839998
2025-05-23 22:00:00+00:00,11.09763882577
2025-05-23 23:00:00+00:00,10.842163225770003
2025-05-24 00:00:00+00:00,10.352568025769997
2025-05-24 01:00:00+00:00,10.03274002577
2025-05-24 02:00:00+00:00,10.202865425770002
2025-05-24 03:00:00+00:00,11.005820725770002
2025-05-24 04:00:00+00:00,11.95120652577
2025-05-24 05:00:00+00:00,11.180137325770001
2025-05-24 06:00:00+00:00,7.441339525770001
2025-05-24 07:00:00+00:00,4.226112125770001
2025-05-24 08:00:00+00:00,2.8552124257700022
2025-05-24 09:00:00+00:00,2.142975025770003
2025-05-24 10:00:00+00:00,1.412121625770002
2025-05-24 11:00:00+00:00,1.0371952257699988
2025-05-24 12:00:00+00:00,0.8640047257700019
2025-05-24 13:00:00+00:00,-0.28945417422999853
2025-05-24 14:00:00+00:00,-0.7689443742299993
2025-05-24 15:00:00+00:00,-0.05677257422999915
2025-05-24 16:00:00+00:00,2.149347425770003
2025-05-24 17:00:00+00:00,6.859753525770003
2025-05-24 18:00:00+00:00,13.24366152577
2025-05-24 19:00:00+00:00,18.249084825769998
2025-05-24 20:00:00+00:00,18.29652812577
2025-05-24 21:00:00+00:00,16.81413932577
2025-05-24 22:00:00+00:00,16.346571282499998
2025-05-24 23:00:00+00:00,15.4195735825
2025-05-25 00:00:00+00:00,14.3987430825
2025-05-25 01:00:00+00:00,14.069165282500002
2025-05-25 02:00:00+00:00,14.181016482499999
2025-05-25 03:00:00+00:00,14.5449334825
2025-05-25 04:00:00+00:00,15.1536319825
2025-05-25 05:00:00+00:00,13.012060282499998
2025-05-25 06:00:00+00:00,7.882091582499999
2025-05-25 07:00:00+00:00,3.7897561824999997
2025-05-25 08:00:00+00:00,1.9873384825000038
2025-05-25 09:00:00+00:00,1.7347480825000012
2025-05-25 10:00:00+00:00,1.2958833824999978
2025-05-25 11:00:00+00:00,1.4174540824999973
2025-05-25 12:00:00+00:00,1.617991182499999
2025-05-25 13:00:00+00:00,0.25380908249999834
2025-05-25 14:00:00+00:00,-0.32480121749999924
2025-05-25 15:00:00+00:00,0.026376082500000564
2025-05-25 16:00:00+00:00,1.8692285825
2025-05-25 17:00:00+00:00,5.9034797825
2025-05-25 18:00:00+00:00,11.6211192825
2025-05-25 19:00:00+00:00,15.9975271825
2025-05-25 20:00:00+00:00,15.824775182499998
2025-05-25 21:00:00+00:00,13.691451182499996
2025-05-25 22:00:00+00:00,12.20474704006
2025-05-25 23:00:00+00:00,11.32021514006
2025-05-26 00:00:00+00:00,10.577355040060002
2025-05-26 01:00:00+00:00,10.535587740060002
2025-05-26 02:00:00+00:00,10.97012354006
2025-05-26 03:00:00+00:00,12.273358540060002
2025-05-26 04:00:00+00:00,15.274412640060001
2025-05-26 05:00:00+00:00,16.29294684006
2025-05-26 06:00:00+00:00,13.128946240060003
2025-05-26 07:00:00+00:00,8.357227640060003
2025-05-26 08:00:00+00:00,6.026660640060001
2025-05-26 09:00:00+00:00,5.31275984006
2025-05-26 10:00:00+00:00,5.048564540060003
2025-05-26 11:00:00+00:00,5.145232140060003
2025-05-26 12:00:00+00:00,5.23833254006
2025-05-26 13:00:00+00:00,4.736781640060002
2025-05-26 14:00:00+00:00,4.74086404006
2025-05-26 15:00:00+00:00,5.912485340060002
2025-05-26 16:00:00+00:00,7.962543040060005
2025-05-26 17:00:00+00:00,12.190751240059997
2025-05-26 18:00:00+00:00,17.15776444006
2025-05-26 19:00:00+00:00,19.86604924006
2025-05-26 20:00:00+00:00,18.193331240059997
2025-05-26 21:00:00+00:00,15.02338314006
2025-05-26 22:00:00+00:00,14.17116329811
2025-05-26 23:00:00+00:00,13.283512098109998
2025-05-27 00:00:00+00:00,12.60403999811
2025-05-27 01:00:00+00:00,12.737176098109998
2025-05-27 02:00:00+00:00,13.23073159811
2025-05-27 03:00:00+00:00,14.385271298110002
2025-05-27 04:00:00+00:00,17.06926459811
2025-05-27 05:00:00+00:00,18.18372519811
2025-05-27 06:00:00+00:00,14.65047999811
2025-05-27 07:00:00+00:00,9.893495998110001
2025-05-27 08:00:00+00:00,7.308193098110003
2025-05-27 09:00:00+00:00,6.400438698110005
2025-05-27 10:00:00+00:00,5.992061398110003
2025-05-27 11:00:00+00:00,6.017344198110003
2025-05-27 12:00:00+00:00,5.940322898110004
2025-05-27 13:00:00+00:00,5.453505898109999
2025-05-27 14:00:00+00:00,5.697237998110001
2025-05-27 15:00:00+00:00,6.95642729811
2025-05-27 16:00:00+00:00,9.227830198110002
2025-05-27 17:00:00+00:00,13.825953398110002
2025-05-27 18:00:00+00:00,19.77806729811
2025-05-27 19:00:00+00:00,23.38714959811
2025-05-27 20:00:00+00:00,22.06554109811
2025-05-27 21:00:00+00:00,18.99546329811
2025-05-27 22:00:00+00:00,17.582511799760002
2025-05-27 23:00:00+00:00,16.51188579976
2025-05-28 00:00:00+00:00,15.426960899760001
2025-05-28 01:00:00+00:00,15.25675789976
2025-05-28 02:00:00+00:00,15.62366389976
2025-05-28 03:00:00+00:00,16.671957899760002
2025-05-28 04:00:00+00:00,19.09640899976
2025-05-28 05:00:00+00:00,19.496934199760002
2025-05-28 06:00:00+00:00,15.076952699760003
2025-05-28 07:00:00+00:00,9.618907199760002
2025-05-28 08:00:00+00:00,6.987939799760003
2025-05-28 09:00:00+00:00,6.074282099760005
2025-05-28 10:00:00+00:00,5.618015499760002
2025-05-28 11:00:00+00:00,5.495695399760006
2025-05-28 12:00:00+00:00,5.249726299760006
2025-05-28 13:00:00+00:00,4.66704639976
2025-05-28 14:00:00+00:00,4.800549099760001
2025-05-28 15:00:00+00:00,5.872344299760002
2025-05-28 16:00:00+00:00,7.85280649976
2025-05-28 17:00:00+00:00,12.05863089976
2025-05-28 18:00:00+00:00,17.328020199760005
2025-05-28 19:00:00+00:00,20.49956349976
2025-05-28 20:00:00+00:00,18.88318299976
2025-05-28 21:00:00+00:00,15.683434499759999
2025-05-28 22:00:00+00:00,15.130146519839998
2025-05-28 23:00:00+00:00,14.45060111984
2025-05-29 00:00:00+00:00,13.95505441984
2025-05-29 01:00:00+00:00,13.91056921984
2025-05-29 02:00:00+00:00,14.41544441984
2025-05-29 03:00:00+00:00,15.55870471984
2025-05-29 04:00:00+00:00,18.16800901984
2025-05-29 05:00:00+00:00,19.28707471984
2025-05-29 06:00:00+00:00,15.131633319839997
2025-05-29 07:00:00+00:00,10.268254619839997
2025-05-29 08:00:00+00:00,7.6482288198400035
2025-05-29 09:00:00+00:00,6.5917432198400014
2025-05-29 10:00:00+00:00,6.241540119840003
2025-05-29 11:00:00+00:00,6.42256251984
2025-05-29 12:00:00+00:00,6.080356519840002
2025-05-29 13:00:00+00:00,5.95671401984
2025-05-29 14:00:00+00:00,6.764983019839999
2025-05-29 15:00:00+00:00,8.452260219840003
2025-05-29 16:00:00+00:00,11.453999019840001
2025-05-29 17:00:00+00:00,16.135212619839997
2025-05-29 18:00:00+00:00,21.68847891984
2025-05-29 19:00:00+00:00,24.95683131984
2025-05-29 20:00:00+00:00,23.52856961984
2025-05-29 21:00:00+00:00,20.82410701984
2025-05-29 22:00:00+00:00,19.74243223317
2025-05-29 23:00:00+00:00,18.77391333317
2025-05-30 00:00:00+00:00,17.72488863317
2025-05-30 01:00:00+00:00,17.647239733169997
2025-05-30 02:00:00+00:00,17.63805513317
2025-05-30 03:00:00+00:00,18.225637533169998
2025-05-30 04:00:00+00:00,20.400628333169998
2025-05-30 05:00:00+00:00,21.26237673317
2025-05-30 06:00:00+00:00,17.761564033169996
2025-05-30 07:00:00+00:00,12.88746153317
2025-05-30 08:00:00+00:00,9.98574883317
2025-05-30 09:00:00+00:00,8.78698923317
2025-05-30 10:00:00+00:00,8.243326733169997
2025-05-30 11:00:00+00:00,8.219266333170001
2025-05-30 12:00:00+00:00,8.09112213317
2025-05-30 13:00:00+00:00,7.757217633170001
2025-05-30 14:00:00+00:00,7.843816833169999
2025-05-30 15:00:00+00:00,9.259226633169998
2025-05-30 16:00:00+00:00,11.70378013317
2025-05-30 17:00:00+00:00,16.22175923317
2025-05-30 18:00:00+00:00,20.796831333169997
2025-05-30 19:00:00+00:00,24.416978533170003
2025-05-30 20:00:00+00:00,23.85284193317
2025-05-30 21:00:00+00:00,21.82516973317
2025-05-30 22:00:00+00:00,20.21355833755
2025-05-30 23:00:00+00:00,19.23733883755
2025-05-31 00:00:00+00:00,17.95652993755
2025-05-31 01:00:00+00:00,17.39580583755
2025-05-31 02:00:00+00:00,17.30058713755
2025-05-31 03:00:00+00:00,17.22338873755
2025-05-31 04:00:00+00:00,17.83532513755
2025-05-31 05:00:00+00:00,16.30685493755
2025-05-31 06:00:00+00:00,12.688052937550001
2025-05-31 07:00:00+00:00,9.413716037550001
2025-05-31 08:00:00+00:00,8.398727437550004
2025-05-31 09:00:00+00:00,7.107628337549997
2025-05-31 10:00:00+00:00,6.699824537549997
2025-05-31 11:00:00+00:00,6.599752037550001
2025-05-31 12:00:00+00:00,6.350551937549998
2025-05-31 13:00:00+00:00,5.7240956375500005
2025-05-31 14:00:00+00:00,5.45417853755
2025-05-31 15:00:00+00:00,6.231538037549999
2025-05-31 16:00:00+00:00,8.514212837549998
2025-05-31 17:00:00+00:00,13.007807037550002
2025-05-31 18:00:00+00:00,17.845840737550002
2025-05-31 19:00:00+00:00,21.18112663755
2025-05-31 20:00:00+00:00,21.51173233755
2025-05-31 21:00:00+00:00,20.00033963755
2025-05-31 22:00:00+00:00,17.846562578460002
2025-05-31 23:00:00+00:00,16.44412467846
2025-06-01 00:00:00+00:00,15.108262678460001
2025-06-01 01:00:00+00:00,14.51249547846
2025-06-01 02:00:00+00:00,14.07816507846
2025-06-01 03:00:00+00:00,14.055178378459999
2025-06-01 04:00:00+00:00,14.72412057846
2025-06-01 05:00:00+00:00,12.804499078460001
2025-06-01 06:00:00+00:00,9.409341578460001
2025-06-01 07:00:00+00:00,6.44242497846
2025-06-01 08:00:00+00:00,5.85444727846
2025-06-01 09:00:00+00:00,5.598452578459998
2025-06-01 10:00:00+00:00,5.189971778459999
2025-06-01 11:00:00+00:00,5.575079978460003
2025-06-01 12:00:00+00:00,5.857101378460001
2025-06-01 13:00:00+00:00,5.26273717846
2025-06-01 14:00:00+00:00,4.72760587846
2025-06-01 15:00:00+00:00,5.361651478460001
2025-06-01 16:00:00+00:00,7.236933078460002
2025-06-01 17:00:00+00:00,11.225178878460003
2025-06-01 18:00:00+00:00,16.09273827846
2025-06-01 19:00:00+00:00,19.42122377846
2025-06-01 20:00:00+00:00,19.19970797846
2025-06-01 21:00:00+00:00,16.31001597846
2025-06-01 22:00:00+00:00,15.039394239380002
2025-06-01 23:00:00+00:00,13.378770239380001
2025-06-02 00:00:00+00:00,12.157324939379999
2025-06-02 01:00:00+00:00,11.75850443938
2025-06-02 02:00:00+00:00,11.847415239380002
2025-06-02 03:00:00+00:00,12.765353539379998
2025-06-02 04:00:00+00:00,15.890707539380001
2025-06-02 05:00:00+00:00,17.140215039380003
2025-06-02 06:00:00+00:00,15.84030323938
2025-06-02 07:00:00+00:00,12.383914039380002
2025-06-02 08:00:00+00:00,10.246614039379999
2025-06-02 09:00:00+00:00,8.741877739379998
2025-06-02 10:00:00+00:00,8.00692013938
2025-06-02 11:00:00+00:00,8.250900539380002
2025-06-02 12:00:00+00:00,7.981978739380001
2025-06-02 13:00:00+00:00,7.784356139380002
2025-06-02 14:00:00+00:00,7.679520039379998
2025-06-02 15:00:00+00:00,8.640343739379997
2025-06-02 16:00:00+00:00,10.737388139379998
2025-06-02 17:00:00+00:00,14.269713039380001
2025-06-02 18:00:00+00:00,19.15658373938
2025-06-02 19:00:00+00:00,22.61553453938
2025-06-02 20:00:00+00:00,21.71164023938
2025-06-02 21:00:00+00:00,19.243017439380004
2025-06-02 22:00:00+00:00,17.92000537608
2025-06-02 23:00:00+00:00,16.88373227608
2025-06-03 00:00:00+00:00,16.27669187608
2025-06-03 01:00:00+00:00,16.23487347608
2025-06-03 02:00:00+00:00,16.67362637608
2025-06-03 03:00:00+00:00,17.76518807608
2025-06-03 04:00:00+00:00,20.598302576080002
2025-06-03 05:00:00+00:00,21.71706687608
2025-06-03 06:00:00+00:00,19.719277776080002
2025-06-03 07:00:00+00:00,15.88650477608
2025-06-03 08:00:00+00:00,13.34481507608
2025-06-03 09:00:00+00:00,11.634748076079998
2025-06-03 10:00:00+00:00,10.976333976080003
2025-06-03 11:00:00+00:00,10.805343376080003
2025-06-03 12:00:00+00:00,10.169277576080002
2025-06-03 13:00:00+00:00,9.78380167608
2025-06-03 14:00:00+00:00,9.73176057608
2025-06-03 15:00:00+00:00,10.61167557608
2025-06-03 16:00:00+00:00,12.58512647608
2025-06-03 17:00:00+00:00,16.08523437608
2025-06-03 18:00:00+00:00,20.687386976080003
2025-06-03 19:00:00+00:00,24.11707887608
2025-06-03 20:00:00+00:00,23.14178207608
2025-06-03 21:00:00+00:00,20.61874317608
2025-06-03 22:00:00+00:00,19.17174054603
2025-06-03 23:00:00+00:00,17.71116224603
2025-06-04 00:00:00+00:00,16.49349864603
2025-06-04 01:00:00+00:00,16.00561364603
2025-06-04 02:00:00+00:00,15.985072646030002
2025-06-04 03:00:00+00:00,16.61225984603
2025-06-04 04:00:00+00:00,19.27507544603
2025-06-04 05:00:00+00:00,20.33838454603
2025-06-04 06:00:00+00:00,17.41244704603
2025-06-04 07:00:00+00:00,12.48739734603
2025-06-04 08:00:00+00:00,9.479767646029998
2025-06-04 09:00:00+00:00,7.760894046030003
2025-06-04 10:00:00+00:00,7.121552846030003
2025-06-04 11:00:00+00:00,7.050236646030001
2025-06-04 12:00:00+00:00,6.7859317460300055
2025-06-04 13:00:00+00:00,6.734527246030002
2025-06-04 14:00:00+00:00,6.682069446029999
2025-06-04 15:00:00+00:00,7.749389946030007
2025-06-04 16:00:00+00:00,10.05386834603
2025-06-04 17:00:00+00:00,14.118911846030002
2025-06-04 18:00:00+00:00,19.13860114603
2025-06-04 19:00:00+00:00,22.783826546030003
2025-06-04 20:00:00+00:00,21.807474246029997
2025-06-04 21:00:00+00:00,19.287142246029997
2025-06-04 22:00:00+00:00,17.54392807258
2025-06-04 23:00:00+00:00,16.56127987258
2025-06-05 00:00:00+00:00,16.25049077258
2025-06-05 01:00:00+00:00,15.92391067258
2025-06-05 02:00:00+00:00,15.89969457258
2025-06-05 03:00:00+00:00,16.46283777258
2025-06-05 04:00:00+00:00,18.93261997258
2025-06-05 05:00:00+00:00,19.50946957258
2025-06-05 06:00:00+00:00,16.190624272580003
2025-06-05 07:00:00+00:00,11.18321617258
2025-06-05 08:00:00+00:00,8.31215987258
2025-06-05 09:00:00+00:00,6.748285672580003
2025-06-05 10:00:00+00:00,6.08794157258
2025-06-05 11:00:00+00:00,5.955028772580004
2025-06-05 12:00:00+00:00,5.586385872579999
2025-06-05 13:00:00+00:00,5.482683672579999
2025-06-05 14:00:00+00:00,5.45052087258
2025-06-05 15:00:00+00:00,6.37432117258
2025-06-05 16:00:00+00:00,8.922818872579999
2025-06-05 17:00:00+00:00,13.497074572580004
2025-06-05 18:00:00+00:00,19.15376687258
2025-06-05 19:00:00+00:00,23.248492372580003
2025-06-05 20:00:00+00:00,22.41776397258
2025-06-05 21:00:00+00:00,19.87945087258
2025-06-05 22:00:00+00:00,18.75827155806
2025-06-05 23:00:00+00:00,17.80555795806
2025-06-06 00:00:00+00:00,17.03299715806
2025-06-06 01:00:00+00:00,16.912580858059997
2025-06-06 02:00:00+00:00,17.024837758060002
2025-06-06 03:00:00+00:00,17.601900858060002
2025-06-06 04:00:00+00:00,20.15356365806
2025-06-06 05:00:00+00:00,20.89182915806
2025-06-06 06:00:00+00:00,17.541319058059997
2025-06-06 07:00:00+00:00,12.487687758060002
2025-06-06 08:00:00+00:00,9.170815058059997
2025-06-06 09:00:00+00:00,7.888971858059996
2025-06-06 10:00:00+00:00,6.820228558059998
2025-06-06 11:00:00+00:00,6.3556453580599985
2025-06-06 12:00:00+00:00,5.199093158060002
2025-06-06 13:00:00+00:00,4.902974558059999
2025-06-06 14:00:00+00:00,4.947048758059996
2025-06-06 15:00:00+00:00,5.933283258059998
2025-06-06 16:00:00+00:00,8.035260158060002
2025-06-06 17:00:00+00:00,12.702023458059998
2025-06-06 18:00:00+00:00,18.694754558059998
2025-06-06 19:00:00+00:00,22.80116305806
2025-06-06 20:00:00+00:00,22.27476005806
2025-06-06 21:00:00+00:00,20.154950858059998
2025-06-06 22:00:00+00:00,18.29238189059
2025-06-06 23:00:00+00:00,17.405408190590002
2025-06-07 00:00:00+00:00,16.52350809059
2025-06-07 01:00:00+00:00,16.19033849059
2025-06-07 02:00:00+00:00,15.97185629059
2025-06-07 03:00:00+00:00,16.250459390590002
2025-06-07 04:00:00+00:00,17.00605309059
2025-06-07 05:00:00+00:00,15.815164390589999
2025-06-07 06:00:00+00:00,11.683717990590003
2025-06-07 07:00:00+00:00,7.647247190590004
2025-06-07 08:00:00+00:00,5.392174890590002
2025-06-07 09:00:00+00:00,4.129909790590002
2025-06-07 10:00:00+00:00,3.4834398905900024
2025-06-07 11:00:00+00:00,3.090383390589995
2025-06-07 12:00:00+00:00,2.79070279059
2025-06-07 13:00:00+00:00,1.9337575905900017
2025-06-07 14:00:00+00:00,1.1870956905899952
2025-06-07 15:00:00+00:00,1.3086219905900016
2025-06-07 16:00:00+00:00,3.5289917905899983
2025-06-07 17:00:00+00:00,7.728517990589999
2025-06-07 18:00:00+00:00,13.968215790590001
2025-06-07 19:00:00+00:00,18.805494190590004
2025-06-07 20:00:00+00:00,18.585366390590004
2025-06-07 21:00:00+00:00,16.74916229059
2025-06-07 22:00:00+00:00,16.92952161292
2025-06-07 23:00:00+00:00,15.596043312920003
2025-06-08 00:00:00+00:00,14.795787512919999
2025-06-08 01:00:00+00:00,14.31465391292
2025-06-08 02:00:00+00:00,14.195310412919998
2025-06-08 03:00:00+00:00,14.177537112920001
2025-06-08 04:00:00+00:00,14.327069212919998
2025-06-08 05:00:00+00:00,12.57105291292
2025-06-08 06:00:00+00:00,7.76748241292
2025-06-08 07:00:00+00:00,4.224867312920004
2025-06-08 08:00:00+00:00,2.9805560129200046
2025-06-08 09:00:00+00:00,3.10778281292
2025-06-08 10:00:00+00:00,3.2822115129200036
2025-06-08 11:00:00+00:00,3.865864112920004
2025-06-08 12:00:00+00:00,4.195240812919998
2025-06-08 13:00:00+00:00,3.7604656129200045
2025-06-08 14:00:00+00:00,3.169649012920001
2025-06-08 15:00:00+00:00,3.484428512920001
2025-06-08 16:00:00+00:00,4.799116312919999
2025-06-08 17:00:00+00:00,8.40859051292
2025-06-08 18:00:00+00:00,13.834728912920001
2025-06-08 19:00:00+00:00,18.49446421292
2025-06-08 20:00:00+00:00,18.669269512919996
2025-06-08 21:00:00+00:00,16.179528212919998
2025-06-08 22:00:00+00:00,15.267336430290001
2025-06-08 23:00:00+00:00,14.006463130289998
2025-06-09 00:00:00+00:00,13.71615263029
2025-06-09 01:00:00+00:00,13.861392330289998
2025-06-09 02:00:00+00:00,14.422968630290002
2025-06-09 03:00:00+00:00,15.208350830289998
2025-06-09 04:00:00+00:00,17.69822143029
2025-06-09 05:00:00+00:00,18.07789913029
2025-06-09 06:00:00+00:00,15.163137930289999
2025-06-09 07:00:00+00:00,10.693177630289998
2025-06-09 08:00:00+00:00,7.735558830290003
2025-06-09 09:00:00+00:00,6.819050330290004
2025-06-09 10:00:00+00:00,6.682855530290006
2025-06-09 11:00:00+00:00,7.532244830289997
2025-06-09 12:00:00+00:00,7.796328530290001
2025-06-09 13:00:00+00:00,8.327721030289997
2025-06-09 14:00:00+00:00,9.30067003029
2025-06-09 15:00:00+00:00,10.844622230290003
2025-06-09 16:00:00+00:00,13.07487483029
2025-06-09 17:00:00+00:00,16.80920523029
2025-06-09 18:00:00+00:00,21.111736730289998
2025-06-09 19:00:00+00:00,24.01380123029
2025-06-09 20:00:00+00:00,23.31544423029
2025-06-09 21:00:00+00:00,20.432196530290003
2025-06-09 22:00:00+00:00,18.29940590217
2025-06-09 23:00:00+00:00,16.933736802170003
2025-06-10 00:00:00+00:00,15.87636430217
2025-06-10 01:00:00+00:00,15.902438302170001
2025-06-10 02:00:00+00:00,16.29411540217
2025-06-10 03:00:00+00:00,17.209389302170003
2025-06-10 04:00:00+00:00,19.59970650217
2025-06-10 05:00:00+00:00,20.932292202169997
2025-06-10 06:00:00+00:00,19.48995810217
2025-06-10 07:00:00+00:00,16.80327290217
2025-06-10 08:00:00+00:00,14.792459902169998
2025-06-10 09:00:00+00:00,13.94842160217
2025-06-10 10:00:00+00:00,13.34956870217
2025-06-10 11:00:00+00:00,13.265858602169999
2025-06-10 12:00:00+00:00,13.093484102169999
2025-06-10 13:00:00+00:00,12.62282500217
2025-06-10 14:00:00+00:00,12.288485802170001
2025-06-10 15:00:00+00:00,13.374361002170001
2025-06-10 16:00:00+00:00,15.34755490217
2025-06-10 17:00:00+00:00,18.74713680217
2025-06-10 18:00:00+00:00,22.22587950217
2025-06-10 19:00:00+00:00,24.55780600217
2025-06-10 20:00:00+00:00,23.22970390217
2025-06-10 21:00:00+00:00,20.32248170217
2025-06-10 22:00:00+00:00,18.155156286969998
2025-06-10 23:00:00+00:00,16.83337838697
2025-06-11 00:00:00+00:00,15.64756258697
2025-06-11 01:00:00+00:00,15.433425986969999
2025-06-11 02:00:00+00:00,15.450727086970002
2025-06-11 03:00:00+00:00,15.93334538697
2025-06-11 04:00:00+00:00,18.117931786970004
2025-06-11 05:00:00+00:00,19.635763086969998
2025-06-11 06:00:00+00:00,19.38723328697
2025-06-11 07:00:00+00:00,16.83231938697
2025-06-11 08:00:00+00:00,14.060218886969999
2025-06-11 09:00:00+00:00,11.863788186970002
2025-06-11 10:00:00+00:00,9.819552686970002
2025-06-11 11:00:00+00:00,7.8038215869700025
2025-06-11 12:00:00+00:00,5.986466186970002
2025-06-11 13:00:00+00:00,4.874906386970004
2025-06-11 14:00:00+00:00,4.2915425869699995
2025-06-11 15:00:00+00:00,5.031954886970002
2025-06-11 16:00:00+00:00,7.072997986970005
2025-06-11 17:00:00+00:00,11.027086986970001
2025-06-11 18:00:00+00:00,16.016539986970002
2025-06-11 19:00:00+00:00,19.38454088697
2025-06-11 20:00:00+00:00,18.61455788697
2025-06-11 21:00:00+00:00,16.39728598697
2025-06-11 22:00:00+00:00,15.643786184740001
2025-06-11 23:00:00+00:00,14.841078984740001
2025-06-12 00:00:00+00:00,14.143585284739999
2025-06-12 01:00:00+00:00,14.289324984739999
2025-06-12 02:00:00+00:00,14.77823938474
2025-06-12 03:00:00+00:00,15.771413784740002
2025-06-12 04:00:00+00:00,18.415321484739998
2025-06-12 05:00:00+00:00,19.195797984739997
2025-06-12 06:00:00+00:00,15.711109384740002
2025-06-12 07:00:00+00:00,10.57288408474
2025-06-12 08:00:00+00:00,7.2995621847400045
2025-06-12 09:00:00+00:00,5.555501684740001
2025-06-12 10:00:00+00:00,4.206701584739999
2025-06-12 11:00:00+00:00,3.9162728847400032
2025-06-12 12:00:00+00:00,3.65483508474
2025-06-12 13:00:00+00:00,3.125165284740003
2025-06-12 14:00:00+00:00,3.3608746847400006
2025-06-12 15:00:00+00:00,5.165279484740001
2025-06-12 16:00:00+00:00,8.112414384740003
2025-06-12 17:00:00+00:00,12.97477398474
2025-06-12 18:00:00+00:00,18.90770838474
2025-06-12 19:00:00+00:00,22.863516984740002
2025-06-12 20:00:00+00:00,22.40195188474
2025-06-12 21:00:00+00:00,20.410494384739998
2025-06-12 22:00:00+00:00,21.035553175879997
2025-06-12 23:00:00+00:00,19.92872087588
2025-06-13 00:00:00+00:00,19.38341007588
2025-06-13 01:00:00+00:00,19.08452767588
2025-06-13 02:00:00+00:00,19.20173257588
2025-06-13 03:00:00+00:00,19.95255587588
2025-06-13 04:00:00+00:00,22.09143517588
2025-06-13 05:00:00+00:00,22.80277037588
2025-06-13 06:00:00+00:00,18.674309575880002
2025-06-13 07:00:00+00:00,13.258126875880002
2025-06-13 08:00:00+00:00,9.733468675880005
2025-06-13 09:00:00+00:00,7.90143337588
2025-06-13 10:00:00+00:00,6.903233375880006
2025-06-13 11:00:00+00:00,6.050532775880001
2025-06-13 12:00:00+00:00,5.552310575879996
2025-06-13 13:00:00+00:00,5.126612475880002
2025-06-13 14:00:00+00:00,5.18083317588
2025-06-13 15:00:00+00:00,6.943911675879999
2025-06-13 16:00:00+00:00,9.585857975880003
2025-06-13 17:00:00+00:00,14.075134075879998
2025-06-13 18:00:00+00:00,19.98899187588
2025-06-13 19:00:00+00:00,23.16567367588
2025-06-13 20:00:00+00:00,22.672473375880003
2025-06-13 21:00:00+00:00,20.559295375879998
2025-06-13 22:00:00+00:00,18.69559520958
2025-06-13 23:00:00+00:00,18.49866940958
2025-06-14 00:00:00+00:00,17.92292040958
2025-06-14 01:00:00+00:00,17.78513150958
2025-06-14 02:00:00+00:00,17.79657700958
2025-06-14 03:00:00+00:00,18.12388970958
2025-06-14 04:00:00+00:00,18.68541390958
2025-06-14 05:00:00+00:00,17.54799570958
2025-06-14 06:00:00+00:00,13.748765009580001
2025-06-14 07:00:00+00:00,10.044016309580003
2025-06-14 08:00:00+00:00,7.658608209579999
2025-06-14 09:00:00+00:00,6.568363009579997
2025-06-14 10:00:00+00:00,5.8388775095800085
2025-06-14 11:00:00+00:00,5.719322409579998
2025-06-14 12:00:00+00:00,5.804517509580002
2025-06-14 13:00:00+00:00,5.402319609580001
2025-06-14 14:00:00+00:00,5.372090409580004
2025-06-14 15:00:00+00:00,6.214166409580002
2025-06-14 16:00:00+00:00,8.21987190958
2025-06-14 17:00:00+00:00,12.22977610958
2025-06-14 18:00:00+00:00,17.590649509580004
2025-06-14 19:00:00+00:00,20.541489009579998
2025-06-14 20:00:00+00:00,20.24188410958
2025-06-14 21:00:00+00:00,18.29836100958
2025-06-14 22:00:00+00:00,16.42064164323
2025-06-14 23:00:00+00:00,14.943290643230002
2025-06-15 00:00:00+00:00,13.589499343229999
2025-06-15 01:00:00+00:00,12.863056143229999
2025-06-15 02:00:00+00:00,12.480200543230001
2025-06-15 03:00:00+00:00,12.524976443230003
2025-06-15 04:00:00+00:00,12.70800334323
2025-06-15 05:00:00+00:00,11.22340434323
2025-06-15 06:00:00+00:00,7.915080843230005
2025-06-15 07:00:00+00:00,5.01905744323
2025-06-15 08:00:00+00:00,3.5723044432299993
2025-06-15 09:00:00+00:00,3.4175650432300024
2025-06-15 10:00:00+00:00,3.1021407432300023
2025-06-15 11:00:00+00:00,3.323886843230003
2025-06-15 12:00:00+00:00,3.7518280432300024
2025-06-15 13:00:00+00:00,3.138544343230002
2025-06-15 14:00:00+00:00,2.8135192432300045
2025-06-15 15:00:00+00:00,3.617204243229999
2025-06-15 16:00:00+00:00,5.47864574323
2025-06-15 17:00:00+00:00,8.029968543230002
2025-06-15 18:00:00+00:00,12.515051043229999
2025-06-15 19:00:00+00:00,16.13955604323
2025-06-15 20:00:00+00:00,16.24026814323
2025-06-15 21:00:00+00:00,13.80768014323
2025-06-15 22:00:00+00:00,12.70343051291
2025-06-15 23:00:00+00:00,11.53419371291
2025-06-16 00:00:00+00:00,10.943478912909997
2025-06-16 01:00:00+00:00,10.944766312910001
2025-06-16 02:00:00+00:00,11.34121891291
2025-06-16 03:00:00+00:00,12.604238012909999
2025-06-16 04:00:00+00:00,15.541578912910001
2025-06-16 05:00:00+00:00,17.60010681291
2025-06-16 06:00:00+00:00,14.75602091291
2025-06-16 07:00:00+00:00,10.653228712909996
2025-06-16 08:00:00+00:00,8.091976712910004
2025-06-16 09:00:00+00:00,7.036011612910002
2025-06-16 10:00:00+00:00,6.745331212910006
2025-06-16 11:00:00+00:00,7.067236612910001
2025-06-16 12:00:00+00:00,7.4985482129099985
2025-06-16 13:00:00+00:00,8.41738011291
2025-06-16 14:00:00+00:00,10.046495112910005
2025-06-16 15:00:00+00:00,12.730761112909999
2025-06-16 16:00:00+00:00,16.03266781291
2025-06-16 17:00:00+00:00,19.597261312910003
2025-06-16 18:00:00+00:00,23.769876012910004
2025-06-16 19:00:00+00:00,25.42906791291
2025-06-16 20:00:00+00:00,24.221473212910002
2025-06-16 21:00:00+00:00,21.141457812909998
2025-06-16 22:00:00+00:00,20.40669395594
2025-06-16 23:00:00+00:00,19.495661455940002
2025-06-17 00:00:00+00:00,18.89226535594
2025-06-17 01:00:00+00:00,18.920562555940002
2025-06-17 02:00:00+00:00,19.13016415594
2025-06-17 03:00:00+00:00,19.893759855939997
2025-06-17 04:00:00+00:00,22.095133055939996
2025-06-17 05:00:00+00:00,23.49798205594
2025-06-17 06:00:00+00:00,20.060247255940002
2025-06-17 07:00:00+00:00,15.36720345594
2025-06-17 08:00:00+00:00,12.132316055940002
2025-06-17 09:00:00+00:00,10.683905055940002
2025-06-17 10:00:00+00:00,10.02842395594
2025-06-17 11:00:00+00:00,10.26909935594
2025-06-17 12:00:00+00:00,10.31988885594
2025-06-17 13:00:00+00:00,10.646062355940003
2025-06-17 14:00:00+00:00,11.342161755939998
2025-06-17 15:00:00+00:00,13.177700155940002
2025-06-17 16:00:00+00:00,15.910256355940007
2025-06-17 17:00:00+00:00,19.36870475594
2025-06-17 18:00:00+00:00,23.645387955940002
2025-06-17 19:00:00+00:00,25.822664255939998
2025-06-17 20:00:00+00:00,25.13872735594
2025-06-17 21:00:00+00:00,22.180399755939998
2025-06-17 22:00:00+00:00,20.66467536176
2025-06-17 23:00:00+00:00,19.57455976176
2025-06-18 00:00:00+00:00,18.82640516176
2025-06-18 01:00:00+00:00,18.80216856176
2025-06-18 02:00:00+00:00,19.11421516176
2025-06-18 03:00:00+00:00,20.05508166176
2025-06-18 04:00:00+00:00,22.50428726176
2025-06-18 05:00:00+00:00,23.90215146176
2025-06-18 06:00:00+00:00,20.29296686176
2025-06-18 07:00:00+00:00,15.38419216176
2025-06-18 08:00:00+00:00,12.317156961759999
2025-06-18 09:00:00+00:00,10.919437161759998
2025-06-18 10:00:00+00:00,10.297188761759994
2025-06-18 11:00:00+00:00,10.373146761759998
2025-06-18 12:00:00+00:00,10.345480961760007
2025-06-18 13:00:00+00:00,10.886582861759997
2025-06-18 14:00:00+00:00,12.06414436176
2025-06-18 15:00:00+00:00,14.27728956176
2025-06-18 16:00:00+00:00,17.682836361760003
2025-06-18 17:00:00+00:00,22.05431986176
2025-06-18 18:00:00+00:00,26.77007356176
2025-06-18 19:00:00+00:00,28.75735516176
2025-06-18 20:00:00+00:00,27.635967161760004
2025-06-18 21:00:00+00:00,24.643804061759997
2025-06-18 22:00:00+00:00,22.95028261207
2025-06-18 23:00:00+00:00,21.31855941207
2025-06-19 00:00:00+00:00,20.419962312070002
2025-06-19 01:00:00+00:00,20.35454151207
2025-06-19 02:00:00+00:00,20.37006621207
2025-06-19 03:00:00+00:00,21.18709481207
2025-06-19 04:00:00+00:00,23.48294301207
2025-06-19 05:00:00+00:00,24.643550812070004
2025-06-19 06:00:00+00:00,22.21700581207
2025-06-19 07:00:00+00:00,17.69689671207
2025-06-19 08:00:00+00:00,14.58328221207
2025-06-19 09:00:00+00:00,12.989163112070003
2025-06-19 10:00:00+00:00,12.052576812070004
2025-06-19 11:00:00+00:00,12.199132212070001
2025-06-19 12:00:00+00:00,12.145395412070005
2025-06-19 13:00:00+00:00,12.527359312069997
2025-06-19 14:00:00+00:00,13.318152312070005
2025-06-19 15:00:00+00:00,15.312234912070004
2025-06-19 16:00:00+00:00,17.841164012070003
2025-06-19 17:00:00+00:00,21.261619812069995
2025-06-19 18:00:00+00:00,25.457490512070002
2025-06-19 19:00:00+00:00,27.47934381207
2025-06-19 20:00:00+00:00,26.834682412070002
2025-06-19 21:00:00+00:00,24.45635401207
2025-06-19 22:00:00+00:00,22.657210496639998
2025-06-19 23:00:00+00:00,21.43891659664
2025-06-20 00:00:00+00:00,20.75517119664
2025-06-20 01:00:00+00:00,20.44646139664
2025-06-20 02:00:00+00:00,20.49574479664
2025-06-20 03:00:00+00:00,21.29563199664
2025-06-20 04:00:00+00:00,23.30619439664
2025-06-20 05:00:00+00:00,24.09492849664
2025-06-20 06:00:00+00:00,20.741366996639997
2025-06-20 07:00:00+00:00,15.612653396640003
2025-06-20 08:00:00+00:00,12.44432109664
2025-06-20 09:00:00+00:00,10.85571499664
2025-06-20 10:00:00+00:00,10.262061996640004
2025-06-20 11:00:00+00:00,10.436611796639998
2025-06-20 12:00:00+00:00,10.162062796640004
2025-06-20 13:00:00+00:00,10.32232689664
2025-06-20 14:00:00+00:00,11.059505896640001
2025-06-20 15:00:00+00:00,13.296252796640001
2025-06-20 16:00:00+00:00,16.23915359664
2025-06-20 17:00:00+00:00,20.45967899664
2025-06-20 18:00:00+00:00,25.59841719664
2025-06-20 19:00:00+00:00,28.471112196640004
2025-06-20 20:00:00+00:00,27.463223996640004
2025-06-20 21:00:00+00:00,24.72549199664
2025-06-20 22:00:00+00:00,22.23763256885
2025-06-20 23:00:00+00:00,21.14774676885
2025-06-21 00:00:00+00:00,19.875280868850002
2025-06-21 01:00:00+00:00,19.45656296885
2025-06-21 02:00:00+00:00,19.19303266885
2025-06-21 03:00:00+00:00,19.11314166885
2025-06-21 04:00:00+00:00,19.675195968849998
2025-06-21 05:00:00+00:00,18.47086536885
2025-06-21 06:00:00+00:00,14.850865968850002
2025-06-21 07:00:00+00:00,10.831769768849998
2025-06-21 08:00:00+00:00,8.463711168849997
2025-06-21 09:00:00+00:00,7.309289368850003
2025-06-21 10:00:00+00:00,5.8719991688499995
2025-06-21 11:00:00+00:00,5.522220268850006
2025-06-21 12:00:00+00:00,5.529136568849999
2025-06-21 13:00:00+00:00,5.073067168849995
2025-06-21 14:00:00+00:00,5.8742517688500016
2025-06-21 15:00:00+00:00,7.8379822688499985
2025-06-21 16:00:00+00:00,11.328695868850005
2025-06-21 17:00:00+00:00,15.63022606885
2025-06-21 18:00:00+00:00,20.483450068849997
2025-06-21 19:00:00+00:00,24.34079146885
2025-06-21 20:00:00+00:00,24.96480556885
2025-06-21 21:00:00+00:00,23.26920206885
2025-06-21 22:00:00+00:00,21.468019579809997
2025-06-21 23:00:00+00:00,19.96744947981
2025-06-22 00:00:00+00:00,18.64454617981
2025-06-22 01:00:00+00:00,18.058814079810002
2025-06-22 02:00:00+00:00,17.67777097981
2025-06-22 03:00:00+00:00,17.836586779810002
2025-06-22 04:00:00+00:00,18.08361257981
2025-06-22 05:00:00+00:00,16.257485879809998
2025-06-22 06:00:00+00:00,12.269943679810002
2025-06-22 07:00:00+00:00,8.02395237981
2025-06-22 08:00:00+00:00,5.75550237981
2025-06-22 09:00:00+00:00,4.963134179809995
2025-06-22 10:00:00+00:00,4.085200179810002
2025-06-22 11:00:00+00:00,4.5369700798100006
2025-06-22 12:00:00+00:00,5.792978479809996
2025-06-22 13:00:00+00:00,5.994119379809998
2025-06-22 14:00:00+00:00,5.365833279809998
2025-06-22 15:00:00+00:00,5.280261579810002
2025-06-22 16:00:00+00:00,8.01059817981
2025-06-22 17:00:00+00:00,12.856597379809998
2025-06-22 18:00:00+00:00,19.110769979809998
2025-06-22 19:00:00+00:00,23.37115767981
2025-06-22 20:00:00+00:00,23.759240579809997
2025-06-22 21:00:00+00:00,21.29922907981
2025-06-22 22:00:00+00:00,20.787061734959998
2025-06-22 23:00:00+00:00,19.05412273496
2025-06-23 00:00:00+00:00,17.63339453496
2025-06-23 01:00:00+00:00,17.34310223496
2025-06-23 02:00:00+00:00,17.38034103496
2025-06-23 03:00:00+00:00,18.19857323496
2025-06-23 04:00:00+00:00,19.788969734960002
2025-06-23 05:00:00+00:00,20.11554913496
2025-06-23 06:00:00+00:00,17.56814293496
2025-06-23 07:00:00+00:00,14.33632803496
2025-06-23 08:00:00+00:00,11.79895453496
2025-06-23 09:00:00+00:00,10.298132134960003
2025-06-23 10:00:00+00:00,9.850132234960004
2025-06-23 11:00:00+00:00,10.233710334960001
2025-06-23 12:00:00+00:00,10.34662963496
2025-06-23 13:00:00+00:00,10.497706234960003
2025-06-23 14:00:00+00:00,11.418542234960004
2025-06-23 15:00:00+00:00,13.323937734960005
2025-06-23 16:00:00+00:00,15.719148034960007
2025-06-23 17:00:00+00:00,19.38830923496
2025-06-23 18:00:00+00:00,23.843251434960003
2025-06-23 19:00:00+00:00,26.521643834960003
2025-06-23 20:00:00+00:00,25.99787723496
2025-06-23 21:00:00+00:00,23.24094883496
2025-06-23 22:00:00+00:00,22.100508786120002
2025-06-23 23:00:00+00:00,20.40870918612
2025-06-24 00:00:00+00:00,18.922778786120002
2025-06-24 01:00:00+00:00,18.32635248612
2025-06-24 02:00:00+00:00,18.02005208612
2025-06-24 03:00:00+00:00,17.99917318612
2025-06-24 04:00:00+00:00,18.17254568612
2025-06-24 05:00:00+00:00,16.07139448612
2025-06-24 06:00:00+00:00,13.28356688612
2025-06-24 07:00:00+00:00,11.452326386120001
2025-06-24 08:00:00+00:00,9.43215528612
2025-06-24 09:00:00+00:00,7.6085255861200025
2025-06-24 10:00:00+00:00,6.56135368612
2025-06-24 11:00:00+00:00,6.400213986119997
2025-06-24 12:00:00+00:00,6.045740086120002
2025-06-24 13:00:00+00:00,5.254130286119999
2025-06-24 14:00:00+00:00,5.0217495861199986
2025-06-24 15:00:00+00:00,6.134165086119999
2025-06-24 16:00:00+00:00,8.386123986119998
2025-06-24 17:00:00+00:00,12.47534018612
2025-06-24 18:00:00+00:00,17.345413586120003
2025-06-24 19:00:00+00:00,21.044354286119997
2025-06-24 20:00:00+00:00,22.384946886119998
2025-06-24 21:00:00+00:00,20.51830018612
2025-06-24 22:00:00+00:00,19.91074604889
2025-06-24 23:00:00+00:00,18.549694648890004
2025-06-25 00:00:00+00:00,17.74175634889
2025-06-25 01:00:00+00:00,17.736799448889997
2025-06-25 02:00:00+00:00,17.917747848890002
2025-06-25 03:00:00+00:00,18.97167584889
2025-06-25 04:00:00+00:00,21.34858224889
2025-06-25 05:00:00+00:00,22.315191548890002
2025-06-25 06:00:00+00:00,18.897858248890003
2025-06-25 07:00:00+00:00,13.76163624889
2025-06-25 08:00:00+00:00,9.778793848889997
2025-06-25 09:00:00+00:00,6.892877848890006
2025-06-25 10:00:00+00:00,5.10805584889
2025-06-25 11:00:00+00:00,4.389865048890002
2025-06-25 12:00:00+00:00,3.439575248889998
2025-06-25 13:00:00+00:00,3.078394048890001
2025-06-25 14:00:00+00:00,3.314796848890005
2025-06-25 15:00:00+00:00,4.410099548890006
2025-06-25 16:00:00+00:00,7.16229184889
2025-06-25 17:00:00+00:00,12.010153048890004
2025-06-25 18:00:00+00:00,18.60601714889
2025-06-25 19:00:00+00:00,23.516005248890004
2025-06-25 20:00:00+00:00,24.032973248890002
2025-06-25 21:00:00+00:00,22.122100448890002
2025-06-25 22:00:00+00:00,20.869290624690002
2025-06-25 23:00:00+00:00,19.42363572469
2025-06-26 00:00:00+00:00,18.403819124690003
2025-06-26 01:00:00+00:00,18.061095024689998
2025-06-26 02:00:00+00:00,17.90670632469
2025-06-26 03:00:00+00:00,18.671796024689996
2025-06-26 04:00:00+00:00,21.13299652469
2025-06-26 05:00:00+00:00,21.983664824690003
2025-06-26 06:00:00+00:00,18.36829152469
2025-06-26 07:00:00+00:00,12.98505082469
2025-06-26 08:00:00+00:00,9.721232724690001
2025-06-26 09:00:00+00:00,8.253884924690002
2025-06-26 10:00:00+00:00,8.01585102469
2025-06-26 11:00:00+00:00,8.352703224690003
2025-06-26 12:00:00+00:00,8.35986452469
2025-06-26 13:00:00+00:00,8.43297942469
2025-06-26 14:00:00+00:00,8.990445724690002
2025-06-26 15:00:00+00:00,10.35917292469
2025-06-26 16:00:00+00:00,13.357879824689999
2025-06-26 17:00:00+00:00,17.83546362469
2025-06-26 18:00:00+00:00,23.86845162469
2025-06-26 19:00:00+00:00,27.996314324689997
2025-06-26 20:00:00+00:00,26.820961424689997
2025-06-26 21:00:00+00:00,23.28437832469
2025-06-26 22:00:00+00:00,22.31499922884
2025-06-26 23:00:00+00:00,20.925713728839998
2025-06-27 00:00:00+00:00,20.22714502884
2025-06-27 01:00:00+00:00,19.98547882884
2025-06-27 02:00:00+00:00,19.92892982884
2025-06-27 03:00:00+00:00,20.83156422884
2025-06-27 04:00:00+00:00,23.173231128839998
2025-06-27 05:00:00+00:00,23.80386212884
2025-06-27 06:00:00+00:00,19.70067702884
2025-06-27 07:00:00+00:00,14.128895628839999
2025-06-27 08:00:00+00:00,10.604887728840005
2025-06-27 09:00:00+00:00,8.835054628840002
2025-06-27 10:00:00+00:00,8.250020028840009
2025-06-27 11:00:00+00:00,8.430099528839996
2025-06-27 12:00:00+00:00,8.260920228840003
2025-06-27 13:00:00+00:00,8.289396828840001
2025-06-27 14:00:00+00:00,8.996649128840001
2025-06-27 15:00:00+00:00,10.550202128840006
2025-06-27 16:00:00+00:00,13.50580672884
2025-06-27 17:00:00+00:00,17.77247112884
2025-06-27 18:00:00+00:00,23.252106028839997
2025-06-27 19:00:00+00:00,26.975276128839997
2025-06-27 20:00:00+00:00,25.97952412884
2025-06-27 21:00:00+00:00,22.88278392884
2025-06-27 22:00:00+00:00,20.47857192016
2025-06-27 23:00:00+00:00,19.402053120159998
2025-06-28 00:00:00+00:00,18.46843482016
2025-06-28 01:00:00+00:00,18.104477720160002
2025-06-28 02:00:00+00:00,18.03287792016
2025-06-28 03:00:00+00:00,18.58541242016
2025-06-28 04:00:00+00:00,19.84725902016
2025-06-28 05:00:00+00:00,18.611291720159997
2025-06-28 06:00:00+00:00,14.243799920159999
2025-06-28 07:00:00+00:00,9.899210220160004
2025-06-28 08:00:00+00:00,7.40047882016
2025-06-28 09:00:00+00:00,6.50664592016
2025-06-28 10:00:00+00:00,5.925610120159998
2025-06-28 11:00:00+00:00,6.052199220160002
2025-06-28 12:00:00+00:00,6.41176012016
2025-06-28 13:00:00+00:00,6.409174720160003
2025-06-28 14:00:00+00:00,6.660436020160002
2025-06-28 15:00:00+00:00,8.12667622016
2025-06-28 16:00:00+00:00,11.51315392016
2025-06-28 17:00:00+00:00,15.736890720160005
2025-06-28 18:00:00+00:00,21.33213912016
2025-06-28 19:00:00+00:00,24.93316522016
2025-06-28 20:00:00+00:00,24.586367520159996
2025-06-28 21:00:00+00:00,22.02795202016
2025-06-28 22:00:00+00:00,19.9506073408
2025-06-28 23:00:00+00:00,18.6722129408
2025-06-29 00:00:00+00:00,17.7834628408
2025-06-29 01:00:00+00:00,17.6029058408
2025-06-29 02:00:00+00:00,17.6666290408
2025-06-29 03:00:00+00:00,17.638973540800002
2025-06-29 04:00:00+00:00,17.9757940408
2025-06-29 05:00:00+00:00,16.3445636408
2025-06-29 06:00:00+00:00,11.5833848408
2025-06-29 07:00:00+00:00,7.550163440800002
2025-06-29 08:00:00+00:00,6.570832640800003
2025-06-29 09:00:00+00:00,6.744970940799998
2025-06-29 10:00:00+00:00,6.565277140799999
2025-06-29 11:00:00+00:00,7.507248840799999
2025-06-29 12:00:00+00:00,8.532696840799996
2025-06-29 13:00:00+00:00,8.473083440799996
2025-06-29 14:00:00+00:00,7.722802740800002
2025-06-29 15:00:00+00:00,8.058088740799999
2025-06-29 16:00:00+00:00,11.133489340799997
2025-06-29 17:00:00+00:00,15.992105840800003
2025-06-29 18:00:00+00:00,21.578960540800004
2025-06-29 19:00:00+00:00,25.6157208408
2025-06-29 20:00:00+00:00,26.8600704408
2025-06-29 21:00:00+00:00,24.8516016408
2025-06-29 22:00:00+00:00,23.141433724149998
2025-06-29 23:00:00+00:00,21.70584612415
2025-06-30 00:00:00+00:00,20.54258882415
2025-06-30 01:00:00+00:00,20.30545172415
2025-06-30 02:00:00+00:00,20.00371922415
2025-06-30 03:00:00+00:00,20.642091024149998
2025-06-30 04:00:00+00:00,23.343769824149998
2025-06-30 05:00:00+00:00,24.20989442415
2025-06-30 06:00:00+00:00,21.08986252415
2025-06-30 07:00:00+00:00,16.619126924150002
2025-06-30 08:00:00+00:00,14.935656524150001
2025-06-30 09:00:00+00:00,13.479655224150001
2025-06-30 10:00:00+00:00,13.291554324149995
2025-06-30 11:00:00+00:00,13.963265024150001
2025-06-30 12:00:00+00:00,14.106972324150004
2025-06-30 13:00:00+00:00,14.348243124150002
2025-06-30 14:00:00+00:00,15.024394024150002
2025-06-30 15:00:00+00:00,16.68322892415
2025-06-30 16:00:00+00:00,19.312661324149996
2025-06-30 17:00:00+00:00,23.34036392415
2025-06-30 18:00:00+00:00,27.847609824150005
2025-06-30 19:00:00+00:00,30.038389324150003
2025-06-30 20:00:00+00:00,29.046821824149998
2025-06-30 21:00:00+00:00,26.494887724150004
2025-06-30 22:00:00+00:00,25.04450330958
2025-06-30 23:00:00+00:00,23.536593109580004
2025-07-01 00:00:00+00:00,22.32276040958
2025-07-01 01:00:00+00:00,21.86493640958
2025-07-01 02:00:00+00:00,21.15621810958
2025-07-01 03:00:00+00:00,21.53391440958
2025-07-01 04:00:00+00:00,23.85679450958
2025-07-01 05:00:00+00:00,24.46997160958
2025-07-01 06:00:00+00:00,21.08916000958
2025-07-01 07:00:00+00:00,16.35673660958
2025-07-01 08:00:00+00:00,14.758613009579996
2025-07-01 09:00:00+00:00,13.258075309580004
2025-07-01 10:00:00+00:00,13.024765109580002
2025-07-01 11:00:00+00:00,13.618704309580004
2025-07-01 12:00:00+00:00,13.682946809579999
2025-07-01 13:00:00+00:00,14.112440809580004
2025-07-01 14:00:00+00:00,15.002102509580006
2025-07-01 15:00:00+00:00,16.53344000958
2025-07-01 16:00:00+00:00,19.16444130958
2025-07-01 17:00:00+00:00,23.48340600958
2025-07-01 18:00:00+00:00,27.98801080958
2025-07-01 19:00:00+00:00,30.23711870958
2025-07-01 20:00:00+00:00,29.19027300958
2025-07-01 21:00:00+00:00,26.185072509579996
2025-07-01 22:00:00+00:00,23.27135588854
2025-07-01 23:00:00+00:00,21.62371398854
2025-07-02 00:00:00+00:00,20.40058548854
2025-07-02 01:00:00+00:00,19.72226358854
2025-07-02 02:00:00+00:00,19.18765898854
2025-07-02 03:00:00+00:00,19.52759958854
2025-07-02 04:00:00+00:00,21.83505638854
2025-07-02 05:00:00+00:00,22.52851988854
2025-07-02 06:00:00+00:00,19.473421588540006
2025-07-02 07:00:00+00:00,14.685756688540003
2025-07-02 08:00:00+00:00,13.007176488539997
2025-07-02 09:00:00+00:00,11.308298288540001
2025-07-02 10:00:00+00:00,10.948120788539999
2025-07-02 11:00:00+00:00,11.291696988540004
2025-07-02 12:00:00+00:00,11.172836388539999
2025-07-02 13:00:00+00:00,11.101754388539998
2025-07-02 14:00:00+00:00,11.560769088539999
2025-07-02 15:00:00+00:00,12.665446488540002
2025-07-02 16:00:00+00:00,14.52598348854
2025-07-02 17:00:00+00:00,17.962156588540005
2025-07-02 18:00:00+00:00,22.222461188540002
2025-07-02 19:00:00+00:00,24.67833798854
2025-07-02 20:00:00+00:00,23.56931748854
2025-07-02 21:00:00+00:00,20.861703788540005
2025-07-02 22:00:00+00:00,17.92960336924
2025-07-02 23:00:00+00:00,15.936623869239998
2025-07-03 00:00:00+00:00,14.63970406924
2025-07-03 01:00:00+00:00,14.14060346924
2025-07-03 02:00:00+00:00,14.14496056924
2025-07-03 03:00:00+00:00,14.76676436924
2025-07-03 04:00:00+00:00,17.39400276924
2025-07-03 05:00:00+00:00,18.49988066924
2025-07-03 06:00:00+00:00,15.64788036924
2025-07-03 07:00:00+00:00,11.186658169240005
2025-07-03 08:00:00+00:00,8.840796969240003
2025-07-03 09:00:00+00:00,7.724025069240007
2025-07-03 10:00:00+00:00,7.72828826924
2025-07-03 11:00:00+00:00,8.600900469240003
2025-07-03 12:00:00+00:00,9.138681369239997
2025-07-03 13:00:00+00:00,9.686501369240005
2025-07-03 14:00:00+00:00,10.630669969240003
2025-07-03 15:00:00+00:00,11.957026069240005
2025-07-03 16:00:00+00:00,14.24956916924
2025-07-03 17:00:00+00:00,17.81265286924
2025-07-03 18:00:00+00:00,22.500408669240002
2025-07-03 19:00:00+00:00,25.396187969240003
2025-07-03 20:00:00+00:00,24.26510646924
2025-07-03 21:00:00+00:00,21.69229096924
2025-07-03 22:00:00+00:00,19.044783549789997
2025-07-03 23:00:00+00:00,17.59517504979
2025-07-04 00:00:00+00:00,16.739693349789995
2025-07-04 01:00:00+00:00,16.777531349790003
2025-07-04 02:00:00+00:00,17.329369649790003
2025-07-04 03:00:00+00:00,18.141875849789997
2025-07-04 04:00:00+00:00,20.75238274979
2025-07-04 05:00:00+00:00,21.665266049790002
2025-07-04 06:00:00+00:00,18.202539449790002
2025-07-04 07:00:00+00:00,13.735720249789999
2025-07-04 08:00:00+00:00,10.878057349789998
2025-07-04 09:00:00+00:00,9.890956649789999
2025-07-04 10:00:00+00:00,9.636042049790003
2025-07-04 11:00:00+00:00,10.005232549789998
2025-07-04 12:00:00+00:00,10.313503749790002
2025-07-04 13:00:00+00:00,10.790197649789995
2025-07-04 14:00:00+00:00,11.402208749789995
2025-07-04 15:00:00+00:00,12.85510034979
2025-07-04 16:00:00+00:00,15.786684349790004
2025-07-04 17:00:00+00:00,19.001545749789997
2025-07-04 18:00:00+00:00,22.99676294979
2025-07-04 19:00:00+00:00,26.804516149790004
2025-07-04 20:00:00+00:00,26.83213784979
2025-07-04 21:00:00+00:00,24.34198514979
2025-07-04 22:00:00+00:00,22.31047017467
2025-07-04 23:00:00+00:00,20.540198974669998
2025-07-05 00:00:00+00:00,19.405234374670002
2025-07-05 01:00:00+00:00,18.55587277467
2025-07-05 02:00:00+00:00,18.505401474670002
2025-07-05 03:00:00+00:00,18.378907874670002
2025-07-05 04:00:00+00:00,19.107476174669998
2025-07-05 05:00:00+00:00,18.28145137467
2025-07-05 06:00:00+00:00,14.570763074670001
2025-07-05 07:00:00+00:00,10.14810367467
2025-07-05 08:00:00+00:00,7.520430774669997
2025-07-05 09:00:00+00:00,6.521648474670002
2025-07-05 10:00:00+00:00,6.094270974670003
2025-07-05 11:00:00+00:00,6.664852574669997
2025-07-05 12:00:00+00:00,6.82847117467
2025-07-05 13:00:00+00:00,6.50321727467
2025-07-05 14:00:00+00:00,6.639946974669996
2025-07-05 15:00:00+00:00,6.994843174669999
2025-07-05 16:00:00+00:00,9.376348974670002
2025-07-05 17:00:00+00:00,13.39273597467
2025-07-05 18:00:00+00:00,19.66314767467
2025-07-05 19:00:00+00:00,23.58600827467
2025-07-05 20:00:00+00:00,23.763383074670003
2025-07-05 21:00:00+00:00,22.06943707467
2025-07-05 22:00:00+00:00,20.41997155027
2025-07-05 23:00:00+00:00,19.12189585027
2025-07-06 00:00:00+00:00,18.064614850269997
2025-07-06 01:00:00+00:00,17.362435850270003
2025-07-06 02:00:00+00:00,17.079966050270002
2025-07-06 03:00:00+00:00,17.31821135027
2025-07-06 04:00:00+00:00,17.45038775027
2025-07-06 05:00:00+00:00,16.22226375027
2025-07-06 06:00:00+00:00,11.749906150270002
2025-07-06 07:00:00+00:00,7.77334335027
2025-07-06 08:00:00+00:00,5.466440250270004
2025-07-06 09:00:00+00:00,5.2552256502700025
2025-07-06 10:00:00+00:00,4.960734750270003
2025-07-06 11:00:00+00:00,5.649397650270004
2025-07-06 12:00:00+00:00,6.449500650270004
2025-07-06 13:00:00+00:00,5.98159065027
2025-07-06 14:00:00+00:00,5.932907850269999
2025-07-06 15:00:00+00:00,5.68744355027
2025-07-06 16:00:00+00:00,7.155236850270001
2025-07-06 17:00:00+00:00,11.444123750270002
2025-07-06 18:00:00+00:00,17.03665155027
2025-07-06 19:00:00+00:00,20.19647115027
2025-07-06 20:00:00+00:00,20.89444565027
2025-07-06 21:00:00+00:00,19.14963975027
2025-07-06 22:00:00+00:00,18.40596537659
2025-07-06 23:00:00+00:00,16.676168676590002
2025-07-07 00:00:00+00:00,15.42778087659
2025-07-07 01:00:00+00:00,14.99334847659
2025-07-07 02:00:00+00:00,15.11499947659
2025-07-07 03:00:00+00:00,16.37992757659
2025-07-07 04:00:00+00:00,18.61230537659
2025-07-07 05:00:00+00:00,19.75406457659
2025-07-07 06:00:00+00:00,16.14998687659
2025-07-07 07:00:00+00:00,11.479050076590003
2025-07-07 08:00:00+00:00,7.296804776590005
2025-07-07 09:00:00+00:00,5.844761476589998
2025-07-07 10:00:00+00:00,5.531395176589999
2025-07-07 11:00:00+00:00,5.838887276590004
2025-07-07 12:00:00+00:00,5.974007076590002
2025-07-07 13:00:00+00:00,5.348022276590001
2025-07-07 14:00:00+00:00,4.859629576590002
2025-07-07 15:00:00+00:00,4.873704276589994
2025-07-07 16:00:00+00:00,6.253499276590002
2025-07-07 17:00:00+00:00,9.795141376589996
2025-07-07 18:00:00+00:00,14.69109967659
2025-07-07 19:00:00+00:00,17.859170676590004
2025-07-07 20:00:00+00:00,17.312493376589998
2025-07-07 21:00:00+00:00,14.85803337659
2025-07-07 22:00:00+00:00,14.79424284987
2025-07-07 23:00:00+00:00,12.909361349870002
2025-07-08 00:00:00+00:00,11.822506949869998
2025-07-08 01:00:00+00:00,11.61864554987
2025-07-08 02:00:00+00:00,11.88955444987
2025-07-08 03:00:00+00:00,13.16901874987
2025-07-08 04:00:00+00:00,15.742088849870003
2025-07-08 05:00:00+00:00,17.16244374987
2025-07-08 06:00:00+00:00,14.428562749869997
2025-07-08 07:00:00+00:00,9.74004034987
2025-07-08 08:00:00+00:00,5.859240249869998
2025-07-08 09:00:00+00:00,4.631726149869998
2025-07-08 10:00:00+00:00,4.533371449870003
2025-07-08 11:00:00+00:00,5.05496024987
2025-07-08 12:00:00+00:00,5.212726349870003
2025-07-08 13:00:00+00:00,5.075343549870006
2025-07-08 14:00:00+00:00,5.910336749869998
2025-07-08 15:00:00+00:00,7.211141049870001
2025-07-08 16:00:00+00:00,9.426345449870006
2025-07-08 17:00:00+00:00,13.601716949870003
2025-07-08 18:00:00+00:00,18.71801114987
2025-07-08 19:00:00+00:00,21.74229054987
2025-07-08 20:00:00+00:00,21.14993024987
2025-07-08 21:00:00+00:00,18.89925224987
2025-07-08 22:00:00+00:00,18.906715643370003
2025-07-08 23:00:00+00:00,17.29105324337
2025-07-09 00:00:00+00:00,16.48796714337
2025-07-09 01:00:00+00:00,16.450925143370004
2025-07-09 02:00:00+00:00,16.82786454337
2025-07-09 03:00:00+00:00,18.20708894337
2025-07-09 04:00:00+00:00,20.92177794337
2025-07-09 05:00:00+00:00,22.35743954337
2025-07-09 06:00:00+00:00,19.90150444337
2025-07-09 07:00:00+00:00,15.86811624337
2025-07-09 08:00:00+00:00,11.862568443370005
2025-07-09 09:00:00+00:00,10.268919743370002
2025-07-09 10:00:00+00:00,9.809677243369997
2025-07-09 11:00:00+00:00,9.978683743369999
2025-07-09 12:00:00+00:00,9.863687043370007
2025-07-09 13:00:00+00:00,9.771242343370002
2025-07-09 14:00:00+00:00,10.368457843369999
2025-07-09 15:00:00+00:00,11.529286743370001
2025-07-09 16:00:00+00:00,13.95746894337
2025-07-09 17:00:00+00:00,18.34374854337
2025-07-09 18:00:00+00:00,23.75569274337
2025-07-09 19:00:00+00:00,26.97875814337
2025-07-09 20:00:00+00:00,26.082463043369998
2025-07-09 21:00:00+00:00,23.48956584337
2025-07-09 22:00:00+00:00,22.232335245500003
2025-07-09 23:00:00+00:00,21.1346802455
2025-07-10 00:00:00+00:00,20.6418742455
2025-07-10 01:00:00+00:00,20.746998245500002
2025-07-10 02:00:00+00:00,20.6235758455
2025-07-10 03:00:00+00:00,21.5336666455
2025-07-10 04:00:00+00:00,23.758345445499998
2025-07-10 05:00:00+00:00,24.832999745500004
2025-07-10 06:00:00+00:00,21.923146145500002
2025-07-10 07:00:00+00:00,16.9092779455
2025-07-10 08:00:00+00:00,12.9936001455
2025-07-10 09:00:00+00:00,11.177904745500001
2025-07-10 10:00:00+00:00,10.222173045500003
2025-07-10 11:00:00+00:00,9.833946945500003
2025-07-10 12:00:00+00:00,9.1073553455
2025-07-10 13:00:00+00:00,8.6109237455
2025-07-10 14:00:00+00:00,8.008773845499999
2025-07-10 15:00:00+00:00,9.008121745500006
2025-07-10 16:00:00+00:00,11.764914245500002
2025-07-10 17:00:00+00:00,16.493917245500004
2025-07-10 18:00:00+00:00,22.6722827455
2025-07-10 19:00:00+00:00,26.822962245499998
2025-07-10 20:00:00+00:00,26.148074845500002
2025-07-10 21:00:00+00:00,23.8782403455
2025-07-10 22:00:00+00:00,22.34801176837
2025-07-10 23:00:00+00:00,20.80733476837
2025-07-11 00:00:00+00:00,19.92056916837
2025-07-11 01:00:00+00:00,19.819837668370003
2025-07-11 02:00:00+00:00,19.80434116837
2025-07-11 03:00:00+00:00,20.55214686837
2025-07-11 04:00:00+00:00,23.086267368370002
2025-07-11 05:00:00+00:00,24.26837336837
2025-07-11 06:00:00+00:00,20.864973568370004
2025-07-11 07:00:00+00:00,15.682888568370002
2025-07-11 08:00:00+00:00,12.561541168369999
2025-07-11 09:00:00+00:00,10.858456768369997
2025-07-11 10:00:00+00:00,9.58014286837
2025-07-11 11:00:00+00:00,8.827665568370001
2025-07-11 12:00:00+00:00,8.501262568370002
2025-07-11 13:00:00+00:00,7.423488668370005
2025-07-11 14:00:00+00:00,6.977938368370001
2025-07-11 15:00:00+00:00,7.587870268369997
2025-07-11 16:00:00+00:00,9.35660286837
2025-07-11 17:00:00+00:00,13.38690856837
2025-07-11 18:00:00+00:00,18.97966356837
2025-07-11 19:00:00+00:00,23.36496786837
2025-07-11 20:00:00+00:00,23.68138896837
2025-07-11 21:00:00+00:00,22.29062526837
2025-07-11 22:00:00+00:00,22.214075254620003
2025-07-11 23:00:00+00:00,21.07849505462
2025-07-12 00:00:00+00:00,19.79711705462
2025-07-12 01:00:00+00:00,19.16718575462
2025-07-12 02:00:00+00:00,19.10780275462
2025-07-12 03:00:00+00:00,19.29713105462
2025-07-12 04:00:00+00:00,19.86297675462
2025-07-12 05:00:00+00:00,19.81040215462
2025-07-12 06:00:00+00:00,16.913697154620003
2025-07-12 07:00:00+00:00,11.83159005462
2025-07-12 08:00:00+00:00,9.051128554620004
2025-07-12 09:00:00+00:00,7.633657854619997
2025-07-12 10:00:00+00:00,6.329967754620004
2025-07-12 11:00:00+00:00,5.783130954619999
2025-07-12 12:00:00+00:00,5.085726854619999
2025-07-12 13:00:00+00:00,4.12688375462
2025-07-12 14:00:00+00:00,3.337579154620002
2025-07-12 15:00:00+00:00,3.851197454620003
2025-07-12 16:00:00+00:00,6.730396754619999
2025-07-12 17:00:00+00:00,11.80900525462
2025-07-12 18:00:00+00:00,18.68000235462
2025-07-12 19:00:00+00:00,23.532812054620003
2025-07-12 20:00:00+00:00,24.279939954619998
2025-07-12 21:00:00+00:00,22.62900015462
2025-07-12 22:00:00+00:00,21.014963872899997
2025-07-12 23:00:00+00:00,19.8634002729
2025-07-13 00:00:00+00:00,18.850493872900003
2025-07-13 01:00:00+00:00,18.4144561729
2025-07-13 02:00:00+00:00,17.8648235729
2025-07-13 03:00:00+00:00,18.0715851729
2025-07-13 04:00:00+00:00,18.3667505729
2025-07-13 05:00:00+00:00,17.1393672729
2025-07-13 06:00:00+00:00,12.2086038729
2025-07-13 07:00:00+00:00,5.853911272900003
2025-07-13 08:00:00+00:00,3.335610872900002
2025-07-13 09:00:00+00:00,2.4877409728999993
2025-07-13 10:00:00+00:00,1.4508169729000002
2025-07-13 11:00:00+00:00,1.3620776729000035
2025-07-13 12:00:00+00:00,1.3102897729000063
2025-07-13 13:00:00+00:00,0.5312951729000019
2025-07-13 14:00:00+00:00,0.21183357290000515
2025-07-13 15:00:00+00:00,1.3655768729000073
2025-07-13 16:00:00+00:00,4.743575472900005
2025-07-13 17:00:00+00:00,9.931771972900002
2025-07-13 18:00:00+00:00,17.034404172900004
2025-07-13 19:00:00+00:00,22.1553397729
2025-07-13 20:00:00+00:00,22.7467970729
2025-07-13 21:00:00+00:00,20.9022309729
2025-07-13 22:00:00+00:00,21.00936567799
2025-07-13 23:00:00+00:00,19.56714217799
2025-07-14 00:00:00+00:00,18.62889977799
2025-07-14 01:00:00+00:00,18.585431377990002
2025-07-14 02:00:00+00:00,18.574421577989998
2025-07-14 03:00:00+00:00,19.731025777990002
2025-07-14 04:00:00+00:00,22.44613697799
2025-07-14 05:00:00+00:00,24.11232607799
2025-07-14 06:00:00+00:00,20.935124777990005
2025-07-14 07:00:00+00:00,15.21631587799
2025-07-14 08:00:00+00:00,12.036301777989998
2025-07-14 09:00:00+00:00,10.248109977990001
2025-07-14 10:00:00+00:00,9.310070677989998
2025-07-14 11:00:00+00:00,8.861087677989996
2025-07-14 12:00:00+00:00,8.281341677990003
2025-07-14 13:00:00+00:00,7.600458477989999
2025-07-14 14:00:00+00:00,7.6386993779900045
2025-07-14 15:00:00+00:00,8.960720477989998
2025-07-14 16:00:00+00:00,11.759622277990001
2025-07-14 17:00:00+00:00,15.768025877990002
2025-07-14 18:00:00+00:00,21.343190977989998
2025-07-14 19:00:00+00:00,24.89239847799
2025-07-14 20:00:00+00:00,23.88827187799
2025-07-14 21:00:00+00:00,20.93193707799
2025-07-14 22:00:00+00:00,20.12643681456
2025-07-14 23:00:00+00:00,18.67834331456
2025-07-15 00:00:00+00:00,17.93840561456
2025-07-15 01:00:00+00:00,18.054210614560002
2025-07-15 02:00:00+00:00,18.12820701456
2025-07-15 03:00:00+00:00,19.21713691456
2025-07-15 04:00:00+00:00,21.72836251456
2025-07-15 05:00:00+00:00,23.247624014560003
2025-07-15 06:00:00+00:00,19.626309414559998
2025-07-15 07:00:00+00:00,13.608250214559998
2025-07-15 08:00:00+00:00,10.769513714560002
2025-07-15 09:00:00+00:00,9.535305114560003
2025-07-15 10:00:00+00:00,9.072320214560008
2025-07-15 11:00:00+00:00,9.103861414560008
2025-07-15 12:00:00+00:00,8.742922314560005
2025-07-15 13:00:00+00:00,8.032354514560001
2025-07-15 14:00:00+00:00,8.069156414560002
2025-07-15 15:00:00+00:00,9.216045514560005
2025-07-15 16:00:00+00:00,11.684882314560003
2025-07-15 17:00:00+00:00,15.651870914560003
2025-07-15 18:00:00+00:00,21.41960501456
2025-07-15 19:00:00+00:00,25.190750614559995
2025-07-15 20:00:00+00:00,24.026108814559997
2025-07-15 21:00:00+00:00,20.782187314559998
2025-07-15 22:00:00+00:00,20.293568785940003
2025-07-15 23:00:00+00:00,18.93024868594
2025-07-16 00:00:00+00:00,18.28461018594
2025-07-16 01:00:00+00:00,18.493714985940002
2025-07-16 02:00:00+00:00,18.73449668594
2025-07-16 03:00:00+00:00,20.02629328594
2025-07-16 04:00:00+00:00,22.60798148594
2025-07-16 05:00:00+00:00,24.08053468594
2025-07-16 06:00:00+00:00,20.300718085939998
2025-07-16 07:00:00+00:00,14.41555688594
2025-07-16 08:00:00+00:00,11.589049985940001
2025-07-16 09:00:00+00:00,10.418852885940002
2025-07-16 10:00:00+00:00,10.04289028594
2025-07-16 11:00:00+00:00,10.222658485939998
2025-07-16 12:00:00+00:00,10.018325285940001
2025-07-16 13:00:00+00:00,9.502982285940003
2025-07-16 14:00:00+00:00,9.635538685940002
2025-07-16 15:00:00+00:00,10.990876585940004
2025-07-16 16:00:00+00:00,13.84509128594
2025-07-16 17:00:00+00:00,18.148969785940004
2025-07-16 18:00:00+00:00,24.04686228594
2025-07-16 19:00:00+00:00,27.748859985939998
2025-07-16 20:00:00+00:00,26.378964685940005
2025-07-16 21:00:00+00:00,23.01315898594
2025-07-16 22:00:00+00:00,22.88299943775
2025-07-16 23:00:00+00:00,21.78468893775
2025-07-17 00:00:00+00:00,21.13486493775
2025-07-17 01:00:00+00:00,21.04569103775
2025-07-17 02:00:00+00:00,21.020658537750002
2025-07-17 03:00:00+00:00,21.76076863775
2025-07-17 04:00:00+00:00,23.815687737749997
2025-07-17 05:00:00+00:00,24.72445833775
2025-07-17 06:00:00+00:00,20.92501813775
2025-07-17 07:00:00+00:00,15.70348363775
2025-07-17 08:00:00+00:00,12.62519803775
2025-07-17 09:00:00+00:00,11.491988737749999
2025-07-17 10:00:00+00:00,10.97004773775
2025-07-17 11:00:00+00:00,11.098248137750005
2025-07-17 12:00:00+00:00,10.759256637750003
2025-07-17 13:00:00+00:00,9.88965133775
2025-07-17 14:00:00+00:00,9.844993237750003
2025-07-17 15:00:00+00:00,10.789665037750002
2025-07-17 16:00:00+00:00,12.75323853775
2025-07-17 17:00:00+00:00,17.34686553775
2025-07-17 18:00:00+00:00,23.093322837750005
2025-07-17 19:00:00+00:00,26.87687953775
2025-07-17 20:00:00+00:00,26.408944837750003
2025-07-17 21:00:00+00:00,24.05550553775
2025-07-17 22:00:00+00:00,22.29066234917
2025-07-17 23:00:00+00:00,20.64412374917
2025-07-18 00:00:00+00:00,19.76285084917
2025-07-18 01:00:00+00:00,19.50494224917
2025-07-18 02:00:00+00:00,19.53615944917
2025-07-18 03:00:00+00:00,20.18519554917
2025-07-18 04:00:00+00:00,22.53642234917
2025-07-18 05:00:00+00:00,23.193479149170003
2025-07-18 06:00:00+00:00,20.169409949170003
2025-07-18 07:00:00+00:00,15.191923249170003
2025-07-18 08:00:00+00:00,12.23531494917
2025-07-18 09:00:00+00:00,10.812267949169996
2025-07-18 10:00:00+00:00,9.728640549170002
2025-07-18 11:00:00+00:00,9.466576949170001
2025-07-18 12:00:00+00:00,8.735511349170004
2025-07-18 13:00:00+00:00,7.290493949170003
2025-07-18 14:00:00+00:00,6.753216949170003
2025-07-18 15:00:00+00:00,7.47930494917
2025-07-18 16:00:00+00:00,9.389117349170004
2025-07-18 17:00:00+00:00,13.24579604917
2025-07-18 18:00:00+00:00,18.79212574917
2025-07-18 19:00:00+00:00,23.00839644917
2025-07-18 20:00:00+00:00,22.84003764917
2025-07-18 21:00:00+00:00,20.88455294917
2025-07-18 22:00:00+00:00,19.33083616052
2025-07-18 23:00:00+00:00,18.115334360520002
2025-07-19 00:00:00+00:00,17.26358506052
2025-07-19 01:00:00+00:00,16.682500460520004
2025-07-19 02:00:00+00:00,16.520426260519997
2025-07-19 03:00:00+00:00,16.54092516052
2025-07-19 04:00:00+00:00,17.074855960519997
2025-07-19 05:00:00+00:00,16.49168516052
2025-07-19 06:00:00+00:00,12.969812360520002
2025-07-19 07:00:00+00:00,6.721636460520003
2025-07-19 08:00:00+00:00,3.4119313605200006
2025-07-19 09:00:00+00:00,1.8197032605200008
2025-07-19 10:00:00+00:00,0.9371851605200057
2025-07-19 11:00:00+00:00,1.0838702605200012
2025-07-19 12:00:00+00:00,1.2535319605200037
2025-07-19 13:00:00+00:00,0.49714386052000137
2025-07-19 14:00:00+00:00,0.4040373605200003
2025-07-19 15:00:00+00:00,1.2218033605200027
2025-07-19 16:00:00+00:00,4.141506860520003
2025-07-19 17:00:00+00:00,9.854320860519998
2025-07-19 18:00:00+00:00,16.64685496052
2025-07-19 19:00:00+00:00,20.81959306052
2025-07-19 20:00:00+00:00,21.44312656052
2025-07-19 21:00:00+00:00,19.534127560519998
2025-07-19 22:00:00+00:00,15.202483409710002
2025-07-19 23:00:00+00:00,13.54074820971
2025-07-20 00:00:00+00:00,12.294897109710002
2025-07-20 01:00:00+00:00,11.92039800971
2025-07-20 02:00:00+00:00,11.327965709710002
2025-07-20 03:00:00+00:00,11.733717609710002
2025-07-20 04:00:00+00:00,12.067297409710001
2025-07-20 05:00:00+00:00,11.071402909710002
2025-07-20 06:00:00+00:00,7.174749809710001
2025-07-20 07:00:00+00:00,3.4489585097099997
2025-07-20 08:00:00+00:00,2.090866409710003
2025-07-20 09:00:00+00:00,0.8295037097100035
2025-07-20 10:00:00+00:00,-1.4589336902899994
2025-07-20 11:00:00+00:00,-2.5424928902899957
2025-07-20 12:00:00+00:00,-1.9812109902899984
2025-07-20 13:00:00+00:00,-2.49047679029
2025-07-20 14:00:00+00:00,-2.7310860902899954
2025-07-20 15:00:00+00:00,-2.2602423902899957
2025-07-20 16:00:00+00:00,-0.21295639028999602
2025-07-20 17:00:00+00:00,4.385448309710004
2025-07-20 18:00:00+00:00,11.45154410971
2025-07-20 19:00:00+00:00,17.02009490971
2025-07-20 20:00:00+00:00,18.297702709710002
2025-07-20 21:00:00+00:00,16.35808180971
2025-07-20 22:00:00+00:00,16.78285865821
2025-07-20 23:00:00+00:00,15.83154545821
2025-07-21 00:00:00+00:00,15.073295258209999
2025-07-21 01:00:00+00:00,15.308096458209999
2025-07-21 02:00:00+00:00,15.509257258209999
2025-07-21 03:00:00+00:00,17.09993955821
2025-07-21 04:00:00+00:00,19.92709285821
2025-07-21 05:00:00+00:00,21.65304815821
2025-07-21 06:00:00+00:00,18.38500705821
2025-07-21 07:00:00+00:00,13.425473858210005
2025-07-21 08:00:00+00:00,10.222514658209999
2025-07-21 09:00:00+00:00,8.960759458210003
2025-07-21 10:00:00+00:00,8.073958058210003
2025-07-21 11:00:00+00:00,8.183935258210006
2025-07-21 12:00:00+00:00,8.311929858210004
2025-07-21 13:00:00+00:00,8.071703658210001
2025-07-21 14:00:00+00:00,8.481575858210004
2025-07-21 15:00:00+00:00,9.482124558210007
2025-07-21 16:00:00+00:00,11.947341658210004
2025-07-21 17:00:00+00:00,16.70077955821
2025-07-21 18:00:00+00:00,23.53546685821
2025-07-21 19:00:00+00:00,27.739434858210004
2025-07-21 20:00:00+00:00,26.73371625821
2025-07-21 21:00:00+00:00,23.44822635821
2025-07-21 22:00:00+00:00,23.062711554579998
2025-07-21 23:00:00+00:00,21.44043865458
2025-07-22 00:00:00+00:00,20.39357225458
2025-07-22 01:00:00+00:00,20.39833255458
2025-07-22 02:00:00+00:00,20.398841754579998
2025-07-22 03:00:00+00:00,21.58187365458
2025-07-22 04:00:00+00:00,23.75613455458
2025-07-22 05:00:00+00:00,24.89928095458
2025-07-22 06:00:00+00:00,21.567471654580004
2025-07-22 07:00:00+00:00,15.96730705458
2025-07-22 08:00:00+00:00,12.199782654580002
2025-07-22 09:00:00+00:00,10.45398705458
2025-07-22 10:00:00+00:00,9.26115345458
2025-07-22 11:00:00+00:00,9.105689054580004
2025-07-22 12:00:00+00:00,9.069822054580001
2025-07-22 13:00:00+00:00,8.649251654580006
2025-07-22 14:00:00+00:00,8.795050254580005
2025-07-22 15:00:00+00:00,9.616651154580001
2025-07-22 16:00:00+00:00,11.87269545458
2025-07-22 17:00:00+00:00,16.714290454580002
2025-07-22 18:00:00+00:00,23.068747254580003
2025-07-22 19:00:00+00:00,26.817624054579998
2025-07-22 20:00:00+00:00,25.75095655458
2025-07-22 21:00:00+00:00,22.63046515458
2025-07-22 22:00:00+00:00,21.66711389777
2025-07-22 23:00:00+00:00,20.46308409777
2025-07-23 00:00:00+00:00,19.82198609777
2025-07-23 01:00:00+00:00,20.08640459777
2025-07-23 02:00:00+00:00,20.158152297770002
2025-07-23 03:00:00+00:00,21.13963489777
2025-07-23 04:00:00+00:00,23.062713397769997
2025-07-23 05:00:00+00:00,24.29562759777
2025-07-23 06:00:00+00:00,22.265013397769998
2025-07-23 07:00:00+00:00,17.705920397769997
2025-07-23 08:00:00+00:00,13.757992097770007
2025-07-23 09:00:00+00:00,11.330768697769997
2025-07-23 10:00:00+00:00,9.587738797770008
2025-07-23 11:00:00+00:00,9.054170197769992
2025-07-23 12:00:00+00:00,8.47220319777
2025-07-23 13:00:00+00:00,7.92715229777
2025-07-23 14:00:00+00:00,8.084071597770006
2025-07-23 15:00:00+00:00,9.192651897769998
2025-07-23 16:00:00+00:00,11.21903299777
2025-07-23 17:00:00+00:00,15.180805197769999
2025-07-23 18:00:00+00:00,19.494507197769998
2025-07-23 19:00:00+00:00,21.557677597769995
2025-07-23 20:00:00+00:00,20.31691879777
2025-07-23 21:00:00+00:00,17.459174997770003
2025-07-23 22:00:00+00:00,16.049486004260004
2025-07-23 23:00:00+00:00,14.36913010426
2025-07-24 00:00:00+00:00,13.435426704260001
2025-07-24 01:00:00+00:00,13.14241780426
2025-07-24 02:00:00+00:00,13.219282604260002
2025-07-24 03:00:00+00:00,14.139889004259999
2025-07-24 04:00:00+00:00,16.24204550426
2025-07-24 05:00:00+00:00,17.49627180426
2025-07-24 06:00:00+00:00,15.063337404260002
2025-07-24 07:00:00+00:00,9.91332270426
2025-07-24 08:00:00+00:00,6.478935204260001
2025-07-24 09:00:00+00:00,4.660849404260002
2025-07-24 10:00:00+00:00,4.123855404260006
2025-07-24 11:00:00+00:00,4.168332804260004
2025-07-24 12:00:00+00:00,3.6480918042600052
2025-07-24 13:00:00+00:00,3.1567008042600015
2025-07-24 14:00:00+00:00,2.9809988042600004
2025-07-24 15:00:00+00:00,3.496613404260003
2025-07-24 16:00:00+00:00,5.11436700426
2025-07-24 17:00:00+00:00,8.800993804259999
2025-07-24 18:00:00+00:00,13.882235804259999
2025-07-24 19:00:00+00:00,17.51908710426
2025-07-24 20:00:00+00:00,16.71650240426
2025-07-24 21:00:00+00:00,14.276633804260001
2025-07-24 22:00:00+00:00,13.22417961039
2025-07-24 23:00:00+00:00,12.416153810390002
2025-07-25 00:00:00+00:00,12.121310810390002
2025-07-25 01:00:00+00:00,12.167636610390003
2025-07-25 02:00:00+00:00,12.164651110389999
2025-07-25 03:00:00+00:00,12.894301310390002
2025-07-25 04:00:00+00:00,15.158490410389998
2025-07-25 05:00:00+00:00,17.02601271039
2025-07-25 06:00:00+00:00,13.881628410390002
2025-07-25 07:00:00+00:00,8.495332710389999
2025-07-25 08:00:00+00:00,5.3670077103899985
2025-07-25 09:00:00+00:00,4.948571910390001
2025-07-25 10:00:00+00:00,4.918252010389999
2025-07-25 11:00:00+00:00,5.00115951039
2025-07-25 12:00:00+00:00,4.746406410389998
2025-07-25 13:00:00+00:00,4.86413921039
2025-07-25 14:00:00+00:00,5.393742610390003
2025-07-25 15:00:00+00:00,4.940820810389997
2025-07-25 16:00:00+00:00,5.131040010389999
2025-07-25 17:00:00+00:00,9.14757891039
2025-07-25 18:00:00+00:00,14.371778410389997
2025-07-25 19:00:00+00:00,17.848919310390002
2025-07-25 20:00:00+00:00,16.49680021039
2025-07-25 21:00:00+00:00,14.261035510390002
2025-07-25 22:00:00+00:00,14.014947856769998
2025-07-25 23:00:00+00:00,13.572604156770002
2025-07-26 00:00:00+00:00,12.88969785677
2025-07-26 01:00:00+00:00,12.703063456770002
2025-07-26 02:00:00+00:00,12.85145025677
2025-07-26 03:00:00+00:00,13.177935756770003
2025-07-26 04:00:00+00:00,13.99823535677
2025-07-26 05:00:00+00:00,14.292854856770001
2025-07-26 06:00:00+00:00,9.964957756770001
2025-07-26 07:00:00+00:00,5.419218056769999
2025-07-26 08:00:00+00:00,3.1036495567700015
2025-07-26 09:00:00+00:00,2.382643556769999
2025-07-26 10:00:00+00:00,2.504448256770001
2025-07-26 11:00:00+00:00,2.2220157567699985
2025-07-26 12:00:00+00:00,2.069494956769997
2025-07-26 13:00:00+00:00,1.5397493567699954
2025-07-26 14:00:00+00:00,1.2912414567700026
2025-07-26 15:00:00+00:00,1.8587928567700018
2025-07-26 16:00:00+00:00,3.23729675677
2025-07-26 17:00:00+00:00,6.730853456769999
2025-07-26 18:00:00+00:00,13.441210256769999
2025-07-26 19:00:00+00:00,17.98163535677
2025-07-26 20:00:00+00:00,17.62065005677
2025-07-26 21:00:00+00:00,15.95154925677
2025-07-26 22:00:00+00:00,14.977692944970002
2025-07-26 23:00:00+00:00,14.093325144970002
2025-07-27 00:00:00+00:00,13.26640544497
2025-07-27 01:00:00+00:00,12.832535344970001
2025-07-27 02:00:00+00:00,12.581749544970002
2025-07-27 03:00:00+00:00,12.55064994497
2025-07-27 04:00:00+00:00,12.781844544970001
2025-07-27 05:00:00+00:00,11.77672024497
2025-07-27 06:00:00+00:00,6.877141744970002
2025-07-27 07:00:00+00:00,2.811871944970001
2025-07-27 08:00:00+00:00,0.8663206449699992
2025-07-27 09:00:00+00:00,0.41375634497000036
2025-07-27 10:00:00+00:00,-0.05477335502999736
2025-07-27 11:00:00+00:00,0.5019490449699973
2025-07-27 12:00:00+00:00,-0.22993795502999959
2025-07-27 13:00:00+00:00,-1.7971439550299984
2025-07-27 14:00:00+00:00,-2.8309738550300025
2025-07-27 15:00:00+00:00,-2.6021701550300023
2025-07-27 16:00:00+00:00,-0.04083615503000004
2025-07-27 17:00:00+00:00,4.258419344970001
2025-07-27 18:00:00+00:00,11.399525344970002
2025-07-27 19:00:00+00:00,16.42603894497
2025-07-27 20:00:00+00:00,16.25106074497
2025-07-27 21:00:00+00:00,14.288542544970001
2025-07-27 22:00:00+00:00,15.34010972829
2025-07-27 23:00:00+00:00,13.822583928290001
2025-07-28 00:00:00+00:00,12.71430982829
2025-07-28 01:00:00+00:00,12.31310002829
2025-07-28 02:00:00+00:00,12.132031428290002
2025-07-28 03:00:00+00:00,12.40876612829
2025-07-28 04:00:00+00:00,14.284314728290001
2025-07-28 05:00:00+00:00,15.26303632829
2025-07-28 06:00:00+00:00,12.113649028290002
2025-07-28 07:00:00+00:00,5.923857628290001
2025-07-28 08:00:00+00:00,2.48640252829
2025-07-28 09:00:00+00:00,2.104347228289999
2025-07-28 10:00:00+00:00,1.4229991282900052
2025-07-28 11:00:00+00:00,1.5136921282900033
2025-07-28 12:00:00+00:00,1.4188452282899995
2025-07-28 13:00:00+00:00,0.6830021282900027
2025-07-28 14:00:00+00:00,0.46367132829000113
2025-07-28 15:00:00+00:00,0.7371847282899999
2025-07-28 16:00:00+00:00,1.4904493282900049
2025-07-28 17:00:00+00:00,5.591766128290001
2025-07-28 18:00:00+00:00,12.117649028290003
2025-07-28 19:00:00+00:00,16.041377328290004
2025-07-28 20:00:00+00:00,15.17191002829
2025-07-28 21:00:00+00:00,12.664060028289999
2025-07-28 22:00:00+00:00,13.071228213280001
2025-07-28 23:00:00+00:00,11.889974313280002
2025-07-29 00:00:00+00:00,11.04056191328
2025-07-29 01:00:00+00:00,10.67895131328
2025-07-29 02:00:00+00:00,10.497990513280001
2025-07-29 03:00:00+00:00,10.802882513280002
2025-07-29 04:00:00+00:00,12.65391771328
2025-07-29 05:00:00+00:00,13.818315513280002
2025-07-29 06:00:00+00:00,10.625374613279998
2025-07-29 07:00:00+00:00,5.190043813280003
2025-07-29 08:00:00+00:00,1.9041938132799991
2025-07-29 09:00:00+00:00,1.5525408132800038
2025-07-29 10:00:00+00:00,1.1433330132799995
2025-07-29 11:00:00+00:00,1.1757884132799994
2025-07-29 12:00:00+00:00,1.7471890132799999
2025-07-29 13:00:00+00:00,1.9946904132800007
2025-07-29 14:00:00+00:00,2.2140209132799953
2025-07-29 15:00:00+00:00,2.354468313279998
2025-07-29 16:00:00+00:00,3.15860481328
2025-07-29 17:00:00+00:00,7.355435713279999
2025-07-29 18:00:00+00:00,13.730265113280002
2025-07-29 19:00:00+00:00,17.39204871328
2025-07-29 20:00:00+00:00,16.26133091328
2025-07-29 21:00:00+00:00,13.60044761328
2025-07-29 22:00:00+00:00,13.591662089449999
2025-07-29 23:00:00+00:00,12.48618308945
2025-07-30 00:00:00+00:00,11.714197789450003
2025-07-30 01:00:00+00:00,11.593405489449998
2025-07-30 02:00:00+00:00,11.69956418945
2025-07-30 03:00:00+00:00,12.289137889450002
2025-07-30 04:00:00+00:00,14.363308389449998
2025-07-30 05:00:00+00:00,15.706490789450001
2025-07-30 06:00:00+00:00,12.504234589449998
2025-07-30 07:00:00+00:00,6.837092289450002
2025-07-30 08:00:00+00:00,2.8608622894500044
2025-07-30 09:00:00+00:00,2.0966116894500004
2025-07-30 10:00:00+00:00,1.7447788894500036
2025-07-30 11:00:00+00:00,2.1267640894500026
2025-07-30 12:00:00+00:00,2.2745498894500003
2025-07-30 13:00:00+00:00,1.909048589450002
2025-07-30 14:00:00+00:00,2.0201403894500025
2025-07-30 15:00:00+00:00,2.8630347894500012
2025-07-30 16:00:00+00:00,4.920172089450002
2025-07-30 17:00:00+00:00,9.57809638945
2025-07-30 18:00:00+00:00,16.06159318945
2025-07-30 19:00:00+00:00,19.17930468945
2025-07-30 20:00:00+00:00,17.56681848945
2025-07-30 21:00:00+00:00,14.703406589450001
2025-07-30 22:00:00+00:00,14.71773288657
2025-07-30 23:00:00+00:00,13.64200628657
2025-07-31 00:00:00+00:00,12.889955986570001
2025-07-31 01:00:00+00:00,12.69600328657
2025-07-31 02:00:00+00:00,12.90323938657
2025-07-31 03:00:00+00:00,13.597643586570003
2025-07-31 04:00:00+00:00,16.079167686570003
2025-07-31 05:00:00+00:00,17.79586358657
2025-07-31 06:00:00+00:00,14.787421486570002
2025-07-31 07:00:00+00:00,9.555434586569998
2025-07-31 08:00:00+00:00,6.3037571865699995
2025-07-31 09:00:00+00:00,4.81396138657
2025-07-31 10:00:00+00:00,3.9169219865699993
2025-07-31 11:00:00+00:00,4.198306686569996
2025-07-31 12:00:00+00:00,4.418838786569999
2025-07-31 13:00:00+00:00,3.62502768657
2025-07-31 14:00:00+00:00,3.6601115865699967
2025-07-31 15:00:00+00:00,5.391466986570002
2025-07-31 16:00:00+00:00,8.339575486569998
2025-07-31 17:00:00+00:00,12.93776778657
2025-07-31 18:00:00+00:00,18.291135186570003
2025-07-31 19:00:00+00:00,20.837182686569996
2025-07-31 20:00:00+00:00,19.22620478657
2025-07-31 21:00:00+00:00,16.49801458657
2025-07-31 22:00:00+00:00,15.92367338642
2025-07-31 23:00:00+00:00,14.968342086420002
2025-08-01 00:00:00+00:00,14.687417086420002
2025-08-01 01:00:00+00:00,14.406000586420001
2025-08-01 02:00:00+00:00,14.545539886420002
2025-08-01 03:00:00+00:00,15.30964158642
2025-08-01 04:00:00+00:00,17.855071786419998
2025-08-01 05:00:00+00:00,19.63500018642
2025-08-01 06:00:00+00:00,17.02543478642
2025-08-01 07:00:00+00:00,11.90126268642
2025-08-01 08:00:00+00:00,8.180148786420002
2025-08-01 09:00:00+00:00,5.979836186420005
2025-08-01 10:00:00+00:00,4.687193886420001
2025-08-01 11:00:00+00:00,4.677137686420004
2025-08-01 12:00:00+00:00,4.723119086420006
2025-08-01 13:00:00+00:00,4.157684986420001
2025-08-01 14:00:00+00:00,4.3340262864199985
2025-08-01 15:00:00+00:00,6.252162986420004
2025-08-01 16:00:00+00:00,9.248332686420003
2025-08-01 17:00:00+00:00,13.695345586420004
2025-08-01 18:00:00+00:00,18.36827958642
2025-08-01 19:00:00+00:00,20.705491186419998
2025-08-01 20:00:00+00:00,19.573403786420002
2025-08-01 21:00:00+00:00,17.19934048642
2025-08-01 22:00:00+00:00,15.543130973210001
2025-08-01 23:00:00+00:00,14.548441473210001
2025-08-02 00:00:00+00:00,13.491955073210002
2025-08-02 01:00:00+00:00,12.890242773210002
2025-08-02 02:00:00+00:00,12.60114497321
2025-08-02 03:00:00+00:00,12.71502957321
2025-08-02 04:00:00+00:00,13.48262817321
2025-08-02 05:00:00+00:00,13.615524973210002
2025-08-02 06:00:00+00:00,10.438014973209999
2025-08-02 07:00:00+00:00,5.367095973210002
2025-08-02 08:00:00+00:00,2.1416432732100006
2025-08-02 09:00:00+00:00,0.611918673209999
2025-08-02 10:00:00+00:00,-0.32113472678999955
2025-08-02 11:00:00+00:00,-0.1594739267899925
2025-08-02 12:00:00+00:00,0.39822727321000073
2025-08-02 13:00:00+00:00,0.2203321732100001
2025-08-02 14:00:00+00:00,0.25622737321000244
2025-08-02 15:00:00+00:00,1.3098862732100045
2025-08-02 16:00:00+00:00,3.2284713732100023
2025-08-02 17:00:00+00:00,7.7421790732100035
2025-08-02 18:00:00+00:00,13.57100047321
2025-08-02 19:00:00+00:00,16.76210377321
2025-08-02 20:00:00+00:00,16.10814257321
2025-08-02 21:00:00+00:00,13.93011297321
2025-08-02 22:00:00+00:00,12.836738492670001
2025-08-02 23:00:00+00:00,11.928551692670002
2025-08-03 00:00:00+00:00,11.27133849267
2025-08-03 01:00:00+00:00,10.80709839267
2025-08-03 02:00:00+00:00,10.83608529267
2025-08-03 03:00:00+00:00,11.02714819267
2025-08-03 04:00:00+00:00,11.77616049267
2025-08-03 05:00:00+00:00,11.24161179267
2025-08-03 06:00:00+00:00,7.217497892670002
2025-08-03 07:00:00+00:00,2.3864284926700066
2025-08-03 08:00:00+00:00,0.2817195926700009
2025-08-03 09:00:00+00:00,-0.7227636073299983
2025-08-03 10:00:00+00:00,-1.0479442073299978
2025-08-03 11:00:00+00:00,-0.39166960733000167
2025-08-03 12:00:00+00:00,0.4321550926700013
2025-08-03 13:00:00+00:00,0.13812299266999872
2025-08-03 14:00:00+00:00,0.14240969267000025
2025-08-03 15:00:00+00:00,1.4213036926700013
2025-08-03 16:00:00+00:00,4.0688987926700015
2025-08-03 17:00:00+00:00,8.826409992670001
2025-08-03 18:00:00+00:00,15.388776692670003
2025-08-03 19:00:00+00:00,19.02452289267
2025-08-03 20:00:00+00:00,17.96249089267
2025-08-03 21:00:00+00:00,15.181576692670001
2025-08-03 22:00:00+00:00,15.0612756922
2025-08-03 23:00:00+00:00,14.173374292200002
2025-08-04 00:00:00+00:00,13.918057392200001
2025-08-04 01:00:00+00:00,14.163853892199999
2025-08-04 02:00:00+00:00,14.848697192199998
2025-08-04 03:00:00+00:00,16.1022450922
2025-08-04 04:00:00+00:00,19.190766992199997
2025-08-04 05:00:00+00:00,21.0490364922
2025-08-04 06:00:00+00:00,18.5405403922
2025-08-04 07:00:00+00:00,13.438522292200002
2025-08-04 08:00:00+00:00,10.309728792199998
2025-08-04 09:00:00+00:00,8.793560192200005
2025-08-04 10:00:00+00:00,8.060117892200005
2025-08-04 11:00:00+00:00,7.974414292200006
2025-08-04 12:00:00+00:00,7.628103492200001
2025-08-04 13:00:00+00:00,7.357431892200001
2025-08-04 14:00:00+00:00,8.045671592200001
2025-08-04 15:00:00+00:00,9.760676492200002
2025-08-04 16:00:00+00:00,13.244209792200003
2025-08-04 17:00:00+00:00,18.6266458922
2025-08-04 18:00:00+00:00,24.890058892200003
2025-08-04 19:00:00+00:00,27.9675477922
2025-08-04 20:00:00+00:00,25.969597192200002
2025-08-04 21:00:00+00:00,22.1434321922
2025-08-04 22:00:00+00:00,21.07310335779
2025-08-04 23:00:00+00:00,19.30443955779
2025-08-05 00:00:00+00:00,17.94434535779
2025-08-05 01:00:00+00:00,17.200510657789998
2025-08-05 02:00:00+00:00,16.92431535779
2025-08-05 03:00:00+00:00,17.26046975779
2025-08-05 04:00:00+00:00,19.14690375779
2025-08-05 05:00:00+00:00,20.16697945779
2025-08-05 06:00:00+00:00,16.91126895779
2025-08-05 07:00:00+00:00,11.258104157790001
2025-08-05 08:00:00+00:00,7.725424257789999
2025-08-05 09:00:00+00:00,6.173522957790002
2025-08-05 10:00:00+00:00,5.6847692577900055
2025-08-05 11:00:00+00:00,5.835966157790004
2025-08-05 12:00:00+00:00,6.177458057790002
2025-08-05 13:00:00+00:00,6.6877109577900065
2025-08-05 14:00:00+00:00,6.6659116577900015
2025-08-05 15:00:00+00:00,7.396590057790004
2025-08-05 16:00:00+00:00,9.938511357790006
2025-08-05 17:00:00+00:00,14.09332285779
2025-08-05 18:00:00+00:00,19.206306457790003
2025-08-05 19:00:00+00:00,21.89749985779
2025-08-05 20:00:00+00:00,20.044042857790004
2025-08-05 21:00:00+00:00,16.83088815779
2025-08-05 22:00:00+00:00,16.54483534823
2025-08-05 23:00:00+00:00,15.33124384823
2025-08-06 00:00:00+00:00,14.673530848230001
2025-08-06 01:00:00+00:00,14.74120384823
2025-08-06 02:00:00+00:00,15.352392548230002
2025-08-06 03:00:00+00:00,16.537369648229998
2025-08-06 04:00:00+00:00,19.26447434823
2025-08-06 05:00:00+00:00,21.37094774823
2025-08-06 06:00:00+00:00,19.33366884823
2025-08-06 07:00:00+00:00,14.332502148229999
2025-08-06 08:00:00+00:00,11.054845148230005
2025-08-06 09:00:00+00:00,9.51373804823
2025-08-06 10:00:00+00:00,8.92844514823
2025-08-06 11:00:00+00:00,8.839906248230001
2025-08-06 12:00:00+00:00,8.378602548230003
2025-08-06 13:00:00+00:00,8.11597024823
2025-08-06 14:00:00+00:00,8.730085648229998
2025-08-06 15:00:00+00:00,10.451401248229995
2025-08-06 16:00:00+00:00,13.90968604823
2025-08-06 17:00:00+00:00,19.41709954823
2025-08-06 18:00:00+00:00,25.652899148230002
2025-08-06 19:00:00+00:00,28.628181648229997
2025-08-06 20:00:00+00:00,26.83985614823
2025-08-06 21:00:00+00:00,23.56134904823
2025-08-06 22:00:00+00:00,22.87386057877
2025-08-06 23:00:00+00:00,21.48126367877
2025-08-07 00:00:00+00:00,20.65789817877
2025-08-07 01:00:00+00:00,20.13205367877
2025-08-07 02:00:00+00:00,20.30139797877
2025-08-07 03:00:00+00:00,20.69479487877
2025-08-07 04:00:00+00:00,22.60144437877
2025-08-07 05:00:00+00:00,23.94923197877
2025-08-07 06:00:00+00:00,20.888162778770003
2025-08-07 07:00:00+00:00,15.05882657877
2025-08-07 08:00:00+00:00,11.134533378769998
2025-08-07 09:00:00+00:00,9.404846778769997
2025-08-07 10:00:00+00:00,8.609326478770004
2025-08-07 11:00:00+00:00,8.511134078770002
2025-08-07 12:00:00+00:00,8.230273178769998
2025-08-07 13:00:00+00:00,7.53741447877
2025-08-07 14:00:00+00:00,7.796137978769998
2025-08-07 15:00:00+00:00,9.63284777877
2025-08-07 16:00:00+00:00,12.818559978770004
2025-08-07 17:00:00+00:00,18.37875007877
2025-08-07 18:00:00+00:00,24.535555878769998
2025-08-07 19:00:00+00:00,26.915585878770003
2025-08-07 20:00:00+00:00,24.931334478769998
2025-08-07 21:00:00+00:00,22.01827327877
2025-08-07 22:00:00+00:00,20.94478567716
2025-08-07 23:00:00+00:00,19.351146877159998
2025-08-08 00:00:00+00:00,18.442069277159998
2025-08-08 01:00:00+00:00,18.32893927716
2025-08-08 02:00:00+00:00,18.48233017716
2025-08-08 03:00:00+00:00,18.86585747716
2025-08-08 04:00:00+00:00,20.99426167716
2025-08-08 05:00:00+00:00,22.55359827716
2025-08-08 06:00:00+00:00,19.62319817716
2025-08-08 07:00:00+00:00,14.35382417716
2025-08-08 08:00:00+00:00,10.33159787716
2025-08-08 09:00:00+00:00,8.736459177159997
2025-08-08 10:00:00+00:00,7.832820377160001
2025-08-08 11:00:00+00:00,8.096978077160006
2025-08-08 12:00:00+00:00,8.055444377160004
2025-08-08 13:00:00+00:00,7.647677077159997
2025-08-08 14:00:00+00:00,7.9633862771600015
2025-08-08 15:00:00+00:00,9.829629577159999
2025-08-08 16:00:00+00:00,12.79957997716
2025-08-08 17:00:00+00:00,17.639087277159998
2025-08-08 18:00:00+00:00,22.777531277159998
2025-08-08 19:00:00+00:00,25.39177447716
2025-08-08 20:00:00+00:00,24.11409737716
2025-08-08 21:00:00+00:00,22.37065767716
2025-08-08 22:00:00+00:00,21.434219649670002
2025-08-08 23:00:00+00:00,20.40458744967
2025-08-09 00:00:00+00:00,19.20914764967
2025-08-09 01:00:00+00:00,18.73152404967
2025-08-09 02:00:00+00:00,18.726291649670003
2025-08-09 03:00:00+00:00,18.613490649670002
2025-08-09 04:00:00+00:00,19.10215624967
2025-08-09 05:00:00+00:00,19.07057854967
2025-08-09 06:00:00+00:00,15.357235549670001
2025-08-09 07:00:00+00:00,9.908605249670002
2025-08-09 08:00:00+00:00,7.53398194967
2025-08-09 09:00:00+00:00,7.38952574967
2025-08-09 10:00:00+00:00,5.263737249670001
2025-08-09 11:00:00+00:00,3.8492135496700044
2025-08-09 12:00:00+00:00,3.8122976496700005
2025-08-09 13:00:00+00:00,3.8069637496700004
2025-08-09 14:00:00+00:00,3.9942082496700024
2025-08-09 15:00:00+00:00,4.9176970496699965
2025-08-09 16:00:00+00:00,7.504155549670003
2025-08-09 17:00:00+00:00,12.59739494967
2025-08-09 18:00:00+00:00,18.50258134967
2025-08-09 19:00:00+00:00,21.54150854967
2025-08-09 20:00:00+00:00,20.77151434967
2025-08-09 21:00:00+00:00,18.95268234967
2025-08-09 22:00:00+00:00,17.486602623290004
2025-08-09 23:00:00+00:00,16.30750122329
2025-08-10 00:00:00+00:00,15.292278323289999
2025-08-10 01:00:00+00:00,14.777642923290003
2025-08-10 02:00:00+00:00,14.166454923289999
2025-08-10 03:00:00+00:00,14.263386423290001
2025-08-10 04:00:00+00:00,14.95933472329
2025-08-10 05:00:00+00:00,14.480086623290003
2025-08-10 06:00:00+00:00,10.25884502329
2025-08-10 07:00:00+00:00,5.931320723290003
2025-08-10 08:00:00+00:00,3.977179323289999
2025-08-10 09:00:00+00:00,3.1801327232900007
2025-08-10 10:00:00+00:00,2.9777183232900057
2025-08-10 11:00:00+00:00,3.4136309232900004
2025-08-10 12:00:00+00:00,3.8819073232900045
2025-08-10 13:00:00+00:00,3.4600092232900046
2025-08-10 14:00:00+00:00,3.7807472232899997
2025-08-10 15:00:00+00:00,5.042054823290002
2025-08-10 16:00:00+00:00,8.046046823289998
2025-08-10 17:00:00+00:00,14.405951423289999
2025-08-10 18:00:00+00:00,21.71306682329
2025-08-10 19:00:00+00:00,25.77393322329
2025-08-10 20:00:00+00:00,24.819209423289998
2025-08-10 21:00:00+00:00,21.99208602329
2025-08-10 22:00:00+00:00,20.92782604024
2025-08-10 23:00:00+00:00,19.12599194024
2025-08-11 00:00:00+00:00,17.55194694024
2025-08-11 01:00:00+00:00,16.83323464024
2025-08-11 02:00:00+00:00,16.49790534024
2025-08-11 03:00:00+00:00,17.14525174024
2025-08-11 04:00:00+00:00,19.86648764024
2025-08-11 05:00:00+00:00,21.964746740240003
2025-08-11 06:00:00+00:00,19.56697974024
2025-08-11 07:00:00+00:00,14.395644940240002
2025-08-11 08:00:00+00:00,11.81862344024
2025-08-11 09:00:00+00:00,10.163234840239998
2025-08-11 10:00:00+00:00,9.547337040240002
2025-08-11 11:00:00+00:00,9.765336440240002
2025-08-11 12:00:00+00:00,9.826153840240003
2025-08-11 13:00:00+00:00,9.446293740239998
2025-08-11 14:00:00+00:00,9.811054340240002
2025-08-11 15:00:00+00:00,12.253395140239999
2025-08-11 16:00:00+00:00,15.72382014024
2025-08-11 17:00:00+00:00,21.339967540240004
2025-08-11 18:00:00+00:00,26.90718624024
2025-08-11 19:00:00+00:00,29.75905884024
2025-08-11 20:00:00+00:00,27.960096940240003
2025-08-11 21:00:00+00:00,24.96996814024
2025-08-11 22:00:00+00:00,24.79399427107
2025-08-11 23:00:00+00:00,23.472864371070003
2025-08-12 00:00:00+00:00,22.230206571070003
2025-08-12 01:00:00+00:00,21.06863797107
2025-08-12 02:00:00+00:00,20.95528337107
2025-08-12 03:00:00+00:00,21.30011097107
2025-08-12 04:00:00+00:00,23.344937471069997
2025-08-12 05:00:00+00:00,25.00273387107
2025-08-12 06:00:00+00:00,22.262733071070002
2025-08-12 07:00:00+00:00,16.92254897107
2025-08-12 08:00:00+00:00,14.076212471069997
2025-08-12 09:00:00+00:00,12.188676871070001
2025-08-12 10:00:00+00:00,11.57653377107
2025-08-12 11:00:00+00:00,12.143485871070002
2025-08-12 12:00:00+00:00,12.222648371070004
2025-08-12 13:00:00+00:00,11.689814471069997
2025-08-12 14:00:00+00:00,11.850790471069995
2025-08-12 15:00:00+00:00,14.05360887107
2025-08-12 16:00:00+00:00,17.185168071070002
2025-08-12 17:00:00+00:00,22.27734497107
2025-08-12 18:00:00+00:00,27.629010371070002
2025-08-12 19:00:00+00:00,29.944186271070002
2025-08-12 20:00:00+00:00,27.884596371070003
2025-08-12 21:00:00+00:00,24.828883871069998
2025-08-12 22:00:00+00:00,23.29140081
2025-08-12 23:00:00+00:00,21.73175221
2025-08-13 00:00:00+00:00,20.14090571
2025-08-13 01:00:00+00:00,19.30698391
2025-08-13 02:00:00+00:00,19.55489041
2025-08-13 03:00:00+00:00,20.084756310000003
2025-08-13 04:00:00+00:00,22.17968471
2025-08-13 05:00:00+00:00,23.85227941
2025-08-13 06:00:00+00:00,21.800553810000004
2025-08-13 07:00:00+00:00,16.652699910000003
2025-08-13 08:00:00+00:00,13.472410110000006
2025-08-13 09:00:00+00:00,11.310216610000008
2025-08-13 10:00:00+00:00,10.675433009999995
2025-08-13 11:00:00+00:00,11.292501210000008
2025-08-13 12:00:00+00:00,11.519026210000007
2025-08-13 13:00:00+00:00,11.290504810000002
2025-08-13 14:00:00+00:00,11.761578010000001
2025-08-13 15:00:00+00:00,14.028846110000003
2025-08-13 16:00:00+00:00,16.92341251
2025-08-13 17:00:00+00:00,21.65889721
2025-08-13 18:00:00+00:00,26.86144211
2025-08-13 19:00:00+00:00,29.353486309999997
2025-08-13 20:00:00+00:00,27.31859691
2025-08-13 21:00:00+00:00,24.22725251
2025-08-13 22:00:00+00:00,21.952012351649998
2025-08-13 23:00:00+00:00,20.30453045165
2025-08-14 00:00:00+00:00,18.62623015165
2025-08-14 01:00:00+00:00,18.162406951650002
2025-08-14 02:00:00+00:00,17.514145551650003
2025-08-14 03:00:00+00:00,17.88227705165
2025-08-14 04:00:00+00:00,19.692637551649998
2025-08-14 05:00:00+00:00,20.88273925165
2025-08-14 06:00:00+00:00,18.11588505165
2025-08-14 07:00:00+00:00,12.65886955165
2025-08-14 08:00:00+00:00,8.71428665165
2025-08-14 09:00:00+00:00,7.121048751650001
2025-08-14 10:00:00+00:00,6.627014051650001
2025-08-14 11:00:00+00:00,7.1939857516500005
2025-08-14 12:00:00+00:00,7.779633251650001
2025-08-14 13:00:00+00:00,7.270071351650003
2025-08-14 14:00:00+00:00,8.39032935165
2025-08-14 15:00:00+00:00,10.398055451649999
2025-08-14 16:00:00+00:00,14.606699651649997
2025-08-14 17:00:00+00:00,20.106642351650002
2025-08-14 18:00:00+00:00,25.49895325165
2025-08-14 19:00:00+00:00,27.54715305165
2025-08-14 20:00:00+00:00,25.118217651650003
2025-08-14 21:00:00+00:00,22.06168495165
2025-08-14 22:00:00+00:00,20.784529170629998
2025-08-14 23:00:00+00:00,18.82454917063
2025-08-15 00:00:00+00:00,17.277497470630003
2025-08-15 01:00:00+00:00,16.105713270629998
2025-08-15 02:00:00+00:00,15.945221070630001
2025-08-15 03:00:00+00:00,16.092457270630003
2025-08-15 04:00:00+00:00,16.21883627063
2025-08-15 05:00:00+00:00,15.21015767063
2025-08-15 06:00:00+00:00,11.348263070629999
2025-08-15 07:00:00+00:00,6.700576470630001
2025-08-15 08:00:00+00:00,4.786060370630004
2025-08-15 09:00:00+00:00,3.7239689706300005
2025-08-15 10:00:00+00:00,3.357363770630002
2025-08-15 11:00:00+00:00,4.075693470630004
2025-08-15 12:00:00+00:00,4.658670570630001
2025-08-15 13:00:00+00:00,4.573667670630005
2025-08-15 14:00:00+00:00,5.358516370630003
2025-08-15 15:00:00+00:00,7.447796370629998
2025-08-15 16:00:00+00:00,11.144731570630004
2025-08-15 17:00:00+00:00,16.99062907063
2025-08-15 18:00:00+00:00,23.10917677063
2025-08-15 19:00:00+00:00,27.200234770629997
2025-08-15 20:00:00+00:00,26.647860570629998
2025-08-15 21:00:00+00:00,24.49360437063
2025-08-15 22:00:00+00:00,23.39327755403
2025-08-15 23:00:00+00:00,22.036180454030003
2025-08-16 00:00:00+00:00,20.80453455403
2025-08-16 01:00:00+00:00,19.90007905403
2025-08-16 02:00:00+00:00,19.795971354029998
2025-08-16 03:00:00+00:00,19.69135925403
2025-08-16 04:00:00+00:00,20.20115225403
2025-08-16 05:00:00+00:00,20.03137675403
2025-08-16 06:00:00+00:00,16.74189675403
2025-08-16 07:00:00+00:00,11.301752554030001
2025-08-16 08:00:00+00:00,7.714477854029997
2025-08-16 09:00:00+00:00,6.103476254029999
2025-08-16 10:00:00+00:00,5.257415754029999
2025-08-16 11:00:00+00:00,5.3195427540299995
2025-08-16 12:00:00+00:00,5.700568454029998
2025-08-16 13:00:00+00:00,5.545219454030001
2025-08-16 14:00:00+00:00,5.950748754029998
2025-08-16 15:00:00+00:00,8.025666354029998
2025-08-16 16:00:00+00:00,11.72882325403
2025-08-16 17:00:00+00:00,17.124268054030004
2025-08-16 18:00:00+00:00,22.67757425403
2025-08-16 19:00:00+00:00,26.08983275403
2025-08-16 20:00:00+00:00,25.154528054030003
2025-08-16 21:00:00+00:00,23.62499665403
2025-08-16 22:00:00+00:00,23.80359979039
2025-08-16 23:00:00+00:00,22.193312090390002
2025-08-17 00:00:00+00:00,20.67577829039
2025-08-17 01:00:00+00:00,19.59458859039
2025-08-17 02:00:00+00:00,19.25882539039
2025-08-17 03:00:00+00:00,18.851214190390003
2025-08-17 04:00:00+00:00,19.053124890390002
2025-08-17 05:00:00+00:00,18.29154369039
2025-08-17 06:00:00+00:00,14.80345889039
2025-08-17 07:00:00+00:00,9.693081390389999
2025-08-17 08:00:00+00:00,6.431764090390004
2025-08-17 09:00:00+00:00,4.983818390390002
2025-08-17 10:00:00+00:00,4.402385490390003
2025-08-17 11:00:00+00:00,5.034176490390006
2025-08-17 12:00:00+00:00,5.592922390390001
2025-08-17 13:00:00+00:00,5.472665290390008
2025-08-17 14:00:00+00:00,5.69955299039
2025-08-17 15:00:00+00:00,7.647276890390003
2025-08-17 16:00:00+00:00,11.873921090390002
2025-08-17 17:00:00+00:00,17.630753890389997
2025-08-17 18:00:00+00:00,23.26897689039
2025-08-17 19:00:00+00:00,27.07329069039
2025-08-17 20:00:00+00:00,26.620099590389998
2025-08-17 21:00:00+00:00,25.164047890390002
2025-08-17 22:00:00+00:00,23.68527250167
2025-08-17 23:00:00+00:00,21.75908480167
2025-08-18 00:00:00+00:00,20.43960910167
2025-08-18 01:00:00+00:00,19.399674101669998
2025-08-18 02:00:00+00:00,19.20172880167
2025-08-18 03:00:00+00:00,19.479565801670002
2025-08-18 04:00:00+00:00,21.98377030167
2025-08-18 05:00:00+00:00,23.704817301669998
2025-08-18 06:00:00+00:00,23.081308101670004
2025-08-18 07:00:00+00:00,19.251117001670004
2025-08-18 08:00:00+00:00,16.72811230167
2025-08-18 09:00:00+00:00,14.514287501670005
2025-08-18 10:00:00+00:00,13.685950201669996
2025-08-18 11:00:00+00:00,13.781389101670005
2025-08-18 12:00:00+00:00,13.364238201670002
2025-08-18 13:00:00+00:00,12.862426001669998
2025-08-18 14:00:00+00:00,13.06147610167
2025-08-18 15:00:00+00:00,15.08721440167
2025-08-18 16:00:00+00:00,18.189645001669998
2025-08-18 17:00:00+00:00,22.033926801670003
2025-08-18 18:00:00+00:00,25.638501201670003
2025-08-18 19:00:00+00:00,27.874569601670004
2025-08-18 20:00:00+00:00,25.793626301670002
2025-08-18 21:00:00+00:00,23.226824501670002
2025-08-18 22:00:00+00:00,21.04159738887
2025-08-18 23:00:00+00:00,19.69999338887
2025-08-19 00:00:00+00:00,18.78606598887
2025-08-19 01:00:00+00:00,18.67074168887
2025-08-19 02:00:00+00:00,17.78637178887
2025-08-19 03:00:00+00:00,17.88131928887
2025-08-19 04:00:00+00:00,20.00602988887
2025-08-19 05:00:00+00:00,21.80119358887
2025-08-19 06:00:00+00:00,19.997081488870002
2025-08-19 07:00:00+00:00,15.80705158887
2025-08-19 08:00:00+00:00,10.740188288870002
2025-08-19 09:00:00+00:00,8.572583788870002
2025-08-19 10:00:00+00:00,7.304791288869996
2025-08-19 11:00:00+00:00,6.81660098887
2025-08-19 12:00:00+00:00,6.073951788870005
2025-08-19 13:00:00+00:00,5.494298188870001
2025-08-19 14:00:00+00:00,5.9603135888700045
2025-08-19 15:00:00+00:00,8.009276388870003
2025-08-19 16:00:00+00:00,10.999278988870003
2025-08-19 17:00:00+00:00,16.428604088870003
2025-08-19 18:00:00+00:00,22.233684888870002
2025-08-19 19:00:00+00:00,24.961756088869997
2025-08-19 20:00:00+00:00,22.88729448887
2025-08-19 21:00:00+00:00,20.718714388869998
2025-08-19 22:00:00+00:00,18.702855985310002
2025-08-19 23:00:00+00:00,17.26822288531
2025-08-20 00:00:00+00:00,16.56973508531
2025-08-20 01:00:00+00:00,16.82651078531
2025-08-20 02:00:00+00:00,16.87015838531
2025-08-20 03:00:00+00:00,17.09942058531
2025-08-20 04:00:00+00:00,19.08870138531
2025-08-20 05:00:00+00:00,20.10314808531
2025-08-20 06:00:00+00:00,18.21965748531
2025-08-20 07:00:00+00:00,13.260445085310002
2025-08-20 08:00:00+00:00,7.60737778531
2025-08-20 09:00:00+00:00,5.093393985309998
2025-08-20 10:00:00+00:00,3.680020285310004
2025-08-20 11:00:00+00:00,3.227393385310002
2025-08-20 12:00:00+00:00,2.6411548853100015
2025-08-20 13:00:00+00:00,2.1479599853099955
2025-08-20 14:00:00+00:00,2.756666285309997
2025-08-20 15:00:00+00:00,4.723241485309998
2025-08-20 16:00:00+00:00,7.653612185309999
2025-08-20 17:00:00+00:00,12.966897085310002
2025-08-20 18:00:00+00:00,18.687828985310006
2025-08-20 19:00:00+00:00,21.636744385310003
2025-08-20 20:00:00+00:00,19.827092285310002
2025-08-20 21:00:00+00:00,18.00406898531
2025-08-20 22:00:00+00:00,16.94178895298
2025-08-20 23:00:00+00:00,16.141973952980003
2025-08-21 00:00:00+00:00,15.68119455298
2025-08-21 01:00:00+00:00,15.637679352980001
2025-08-21 02:00:00+00:00,16.372310652979998
2025-08-21 03:00:00+00:00,16.90303625298
2025-08-21 04:00:00+00:00,18.734727452980003
2025-08-21 05:00:00+00:00,20.65510145298
2025-08-21 06:00:00+00:00,18.687583152980004
2025-08-21 07:00:00+00:00,12.001986052980001
2025-08-21 08:00:00+00:00,7.006988352980006
2025-08-21 09:00:00+00:00,4.554129952980006
2025-08-21 10:00:00+00:00,3.2287013529800035
2025-08-21 11:00:00+00:00,2.90060495298
2025-08-21 12:00:00+00:00,2.659961052979998
2025-08-21 13:00:00+00:00,2.2601278529800055
2025-08-21 14:00:00+00:00,3.0327259529800052
2025-08-21 15:00:00+00:00,4.999715052979997
2025-08-21 16:00:00+00:00,8.044182452980007
2025-08-21 17:00:00+00:00,13.366494552980004
2025-08-21 18:00:00+00:00,18.418080252979998
2025-08-21 19:00:00+00:00,20.802972852979998
2025-08-21 20:00:00+00:00,18.24310025298
2025-08-21 21:00:00+00:00,16.042927652979998
2025-08-21 22:00:00+00:00,15.43243416133
2025-08-21 23:00:00+00:00,14.338248761329998
2025-08-22 00:00:00+00:00,13.632910261330002
2025-08-22 01:00:00+00:00,13.76635566133
2025-08-22 02:00:00+00:00,13.793448561330003
2025-08-22 03:00:00+00:00,14.069829361330001
2025-08-22 04:00:00+00:00,16.333335661329997
2025-08-22 05:00:00+00:00,18.635825561329998
2025-08-22 06:00:00+00:00,15.860291361329999
2025-08-22 07:00:00+00:00,10.40377216133
2025-08-22 08:00:00+00:00,5.841276061330003
2025-08-22 09:00:00+00:00,3.6401629613300024
2025-08-22 10:00:00+00:00,2.727049861330002
2025-08-22 11:00:00+00:00,2.7235799613299996
2025-08-22 12:00:00+00:00,2.639126661329996
2025-08-22 13:00:00+00:00,2.4458360613299988
2025-08-22 14:00:00+00:00,2.53360836133
2025-08-22 15:00:00+00:00,4.218968061330003
2025-08-22 16:00:00+00:00,7.394623361330002
2025-08-22 17:00:00+00:00,13.191100361330001
2025-08-22 18:00:00+00:00,18.31141106133
2025-08-22 19:00:00+00:00,20.21759256133
2025-08-22 20:00:00+00:00,18.01643206133
2025-08-22 21:00:00+00:00,16.54661556133
2025-08-22 22:00:00+00:00,16.056737832479996
2025-08-22 23:00:00+00:00,15.345899832479997
2025-08-23 00:00:00+00:00,14.830089832479999
2025-08-23 01:00:00+00:00,15.037019232479999
2025-08-23 02:00:00+00:00,15.29631693248
2025-08-23 03:00:00+00:00,15.656308332479998
2025-08-23 04:00:00+00:00,16.75357103248
2025-08-23 05:00:00+00:00,17.85446623248
2025-08-23 06:00:00+00:00,14.693883932479999
2025-08-23 07:00:00+00:00,9.27429283248
2025-08-23 08:00:00+00:00,4.632451732480003
2025-08-23 09:00:00+00:00,2.4669781324800013
2025-08-23 10:00:00+00:00,1.0145855324800017
2025-08-23 11:00:00+00:00,1.5077181324799973
2025-08-23 12:00:00+00:00,2.62898753248
2025-08-23 13:00:00+00:00,2.558707132480002
2025-08-23 14:00:00+00:00,2.1400111324800015
2025-08-23 15:00:00+00:00,3.4149481324799993
2025-08-23 16:00:00+00:00,6.710599332480001
2025-08-23 17:00:00+00:00,12.881335432480002
2025-08-23 18:00:00+00:00,19.247207932480002
2025-08-23 19:00:00+00:00,22.86552593248
2025-08-23 20:00:00+00:00,21.27090403248
2025-08-23 21:00:00+00:00,19.620953232479998
2025-08-23 22:00:00+00:00,18.98614380924
2025-08-23 23:00:00+00:00,17.74346190924
2025-08-24 00:00:00+00:00,16.830885209239998
2025-08-24 01:00:00+00:00,16.74157370924
2025-08-24 02:00:00+00:00,16.73959130924
2025-08-24 03:00:00+00:00,16.41698970924
2025-08-24 04:00:00+00:00,17.069846509239998
2025-08-24 05:00:00+00:00,17.26141310924
2025-08-24 06:00:00+00:00,13.76452660924
2025-08-24 07:00:00+00:00,8.292034609240002
2025-08-24 08:00:00+00:00,3.5193854092400016
2025-08-24 09:00:00+00:00,1.2471730092400009
2025-08-24 10:00:00+00:00,-0.16353169075999574
2025-08-24 11:00:00+00:00,0.19623440923999524
2025-08-24 12:00:00+00:00,0.5536148092400026
2025-08-24 13:00:00+00:00,0.6899059092400002
2025-08-24 14:00:00+00:00,0.8642209092399966
2025-08-24 15:00:00+00:00,2.6164155092399994
2025-08-24 16:00:00+00:00,6.410888309239997
2025-08-24 17:00:00+00:00,12.254599409240003
2025-08-24 18:00:00+00:00,17.841446709240003
2025-08-24 19:00:00+00:00,20.93178750924
2025-08-24 20:00:00+00:00,19.29761380924
2025-08-24 21:00:00+00:00,18.03408690924
2025-08-24 22:00:00+00:00,16.9419424904
2025-08-24 23:00:00+00:00,15.910417590399998
2025-08-25 00:00:00+00:00,15.354965790400001
2025-08-25 01:00:00+00:00,15.672994490399999
2025-08-25 02:00:00+00:00,15.983056890400002
2025-08-25 03:00:00+00:00,16.639787290399997
2025-08-25 04:00:00+00:00,19.369090190399998
2025-08-25 05:00:00+00:00,21.7781084904
2025-08-25 06:00:00+00:00,21.9904543904
2025-08-25 07:00:00+00:00,17.9404300904
2025-08-25 08:00:00+00:00,13.636211090399998
2025-08-25 09:00:00+00:00,10.3032307904
2025-08-25 10:00:00+00:00,8.216738490400001
2025-08-25 11:00:00+00:00,7.1257305904
2025-08-25 12:00:00+00:00,6.069440290399999
2025-08-25 13:00:00+00:00,5.1198740904
2025-08-25 14:00:00+00:00,4.935399590399999
2025-08-25 15:00:00+00:00,6.4385006904000015
2025-08-25 16:00:00+00:00,9.6926286904
2025-08-25 17:00:00+00:00,15.513328090400002
2025-08-25 18:00:00+00:00,20.3870559904
2025-08-25 19:00:00+00:00,22.8308057904
2025-08-25 20:00:00+00:00,20.8534255904
2025-08-25 21:00:00+00:00,19.2022979904
2025-08-25 22:00:00+00:00,19.354927465179998
2025-08-25 23:00:00+00:00,18.46573946518
2025-08-26 00:00:00+00:00,18.11711736518
2025-08-26 01:00:00+00:00,18.137964965180004
2025-08-26 02:00:00+00:00,18.45240996518
2025-08-26 03:00:00+00:00,19.03247986518
2025-08-26 04:00:00+00:00,21.166171765179996
2025-08-26 05:00:00+00:00,23.25253826518
2025-08-26 06:00:00+00:00,21.54682116518
2025-08-26 07:00:00+00:00,16.56755836518
2025-08-26 08:00:00+00:00,11.513944265180001
2025-08-26 09:00:00+00:00,8.675072365179997
2025-08-26 10:00:00+00:00,7.341243265180001
2025-08-26 11:00:00+00:00,7.002343865180002
2025-08-26 12:00:00+00:00,6.481112865179998
2025-08-26 13:00:00+00:00,5.947213565179997
2025-08-26 14:00:00+00:00,6.46749236518
2025-08-26 15:00:00+00:00,8.584264765180002
2025-08-26 16:00:00+00:00,12.664822065180001
2025-08-26 17:00:00+00:00,18.590680665180003
2025-08-26 18:00:00+00:00,24.134843265180002
2025-08-26 19:00:00+00:00,26.22397586518
2025-08-26 20:00:00+00:00,23.70754416518
2025-08-26 21:00:00+00:00,21.308481165179998
2025-08-26 22:00:00+00:00,19.90575325975
2025-08-26 23:00:00+00:00,18.87705445975
2025-08-27 00:00:00+00:00,18.158448259750003
2025-08-27 01:00:00+00:00,18.00621315975
2025-08-27 02:00:00+00:00,18.16357725975
2025-08-27 03:00:00+00:00,18.58963675975
2025-08-27 04:00:00+00:00,20.80946665975
2025-08-27 05:00:00+00:00,22.97546035975
2025-08-27 06:00:00+00:00,21.74290365975
2025-08-27 07:00:00+00:00,16.665984959750002
2025-08-27 08:00:00+00:00,11.201566159750001
2025-08-27 09:00:00+00:00,7.931597759750005
2025-08-27 10:00:00+00:00,6.210847059750009
2025-08-27 11:00:00+00:00,5.797296759750001
2025-08-27 12:00:00+00:00,4.9754839597500045
2025-08-27 13:00:00+00:00,3.9507301597500017
2025-08-27 14:00:00+00:00,3.998884459750002
2025-08-27 15:00:00+00:00,5.7137712597500006
2025-08-27 16:00:00+00:00,9.532751359750002
2025-08-27 17:00:00+00:00,15.310204359750001
2025-08-27 18:00:00+00:00,20.80137685975
2025-08-27 19:00:00+00:00,23.25038195975
2025-08-27 20:00:00+00:00,21.10045655975
2025-08-27 21:00:00+00:00,18.916039559750004
2025-08-27 22:00:00+00:00,19.08588567312
2025-08-27 23:00:00+00:00,17.42668147312
2025-08-28 00:00:00+00:00,16.23194187312
2025-08-28 01:00:00+00:00,15.52301157312
2025-08-28 02:00:00+00:00,15.294940373120001
2025-08-28 03:00:00+00:00,15.24745237312
2025-08-28 04:00:00+00:00,16.53843517312
2025-08-28 05:00:00+00:00,18.723155273120003
2025-08-28 06:00:00+00:00,16.82430457312
2025-08-28 07:00:00+00:00,11.108718273120001
2025-08-28 08:00:00+00:00,5.950411473119999
2025-08-28 09:00:00+00:00,3.1424416731200004
2025-08-28 10:00:00+00:00,1.8938792731199996
2025-08-28 11:00:00+00:00,1.8310131731199988
2025-08-28 12:00:00+00:00,1.1840349731200028
2025-08-28 13:00:00+00:00,0.1823431731199996
2025-08-28 14:00:00+00:00,0.45355627312000024
2025-08-28 15:00:00+00:00,1.83131667312
2025-08-28 16:00:00+00:00,5.264969473120001
2025-08-28 17:00:00+00:00,12.052749373120001
2025-08-28 18:00:00+00:00,18.80152287312
2025-08-28 19:00:00+00:00,21.92311647312
2025-08-28 20:00:00+00:00,20.057560173120002
2025-08-28 21:00:00+00:00,18.25319537312
2025-08-28 22:00:00+00:00,17.68434540585
2025-08-28 23:00:00+00:00,16.285533605850002
2025-08-29 00:00:00+00:00,15.39224610585
2025-08-29 01:00:00+00:00,14.86771110585
2025-08-29 02:00:00+00:00,14.280584005850002
2025-08-29 03:00:00+00:00,14.28943310585
2025-08-29 04:00:00+00:00,16.15222440585
2025-08-29 05:00:00+00:00,18.38996370585
2025-08-29 06:00:00+00:00,16.96951000585
2025-08-29 07:00:00+00:00,11.870287905850002
2025-08-29 08:00:00+00:00,6.845793505850001
2025-08-29 09:00:00+00:00,5.11003060585
2025-08-29 10:00:00+00:00,4.156451505850001
2025-08-29 11:00:00+00:00,3.4026319058500007
2025-08-29 12:00:00+00:00,2.5115977058500008
2025-08-29 13:00:00+00:00,1.8410049058500029
2025-08-29 14:00:00+00:00,2.040016705850004
2025-08-29 15:00:00+00:00,2.532230105850001
2025-08-29 16:00:00+00:00,4.588725505849997
2025-08-29 17:00:00+00:00,11.419512705850003
2025-08-29 18:00:00+00:00,18.43074080585
2025-08-29 19:00:00+00:00,21.505509705850002
2025-08-29 20:00:00+00:00,20.42782880585
2025-08-29 21:00:00+00:00,19.02373160585
2025-08-29 22:00:00+00:00,18.13106583029
2025-08-29 23:00:00+00:00,17.47013353029
2025-08-30 00:00:00+00:00,16.45732243029
2025-08-30 01:00:00+00:00,15.836468730290001
2025-08-30 02:00:00+00:00,15.74943283029
2025-08-30 03:00:00+00:00,15.937521030289998
2025-08-30 04:00:00+00:00,16.63536533029
2025-08-30 05:00:00+00:00,17.60410143029
2025-08-30 06:00:00+00:00,14.90361183029
2025-08-30 07:00:00+00:00,8.83927853029
2025-08-30 08:00:00+00:00,4.418043830289999
2025-08-30 09:00:00+00:00,2.6555703302900078
2025-08-30 10:00:00+00:00,2.056749830290002
2025-08-30 11:00:00+00:00,2.0996361302900013
2025-08-30 12:00:00+00:00,1.8701691302900016
2025-08-30 13:00:00+00:00,1.068195130290004
2025-08-30 14:00:00+00:00,0.6988613302900042
2025-08-30 15:00:00+00:00,1.2628510302900047
2025-08-30 16:00:00+00:00,4.425581130290002
2025-08-30 17:00:00+00:00,11.690412230289999
2025-08-30 18:00:00+00:00,18.524530730290003
2025-08-30 19:00:00+00:00,21.52996133029
2025-08-30 20:00:00+00:00,20.162201530289998
2025-08-30 21:00:00+00:00,18.48130113029
2025-08-30 22:00:00+00:00,18.11357758256
2025-08-30 23:00:00+00:00,17.22183038256
2025-08-31 00:00:00+00:00,16.153978782560003
2025-08-31 01:00:00+00:00,15.499995482560003
2025-08-31 02:00:00+00:00,15.38890538256
2025-08-31 03:00:00+00:00,15.222645882560002
2025-08-31 04:00:00+00:00,15.197629882559998
2025-08-31 05:00:00+00:00,15.03615728256
2025-08-31 06:00:00+00:00,11.615438682559999
2025-08-31 07:00:00+00:00,5.4685505825600025
2025-08-31 08:00:00+00:00,1.8965849825600003
2025-08-31 09:00:00+00:00,0.8626620825599964
2025-08-31 10:00:00+00:00,-0.8477962174400027
2025-08-31 11:00:00+00:00,-1.243829617440003
2025-08-31 12:00:00+00:00,-1.3347042174399988
2025-08-31 13:00:00+00:00,-2.168411017439997
2025-08-31 14:00:00+00:00,-3.60546591744
2025-08-31 15:00:00+00:00,-3.8733955174399988
2025-08-31 16:00:00+00:00,-0.2615460174400006
2025-08-31 17:00:00+00:00,6.524371582560001
2025-08-31 18:00:00+00:00,12.76740858256
2025-08-31 19:00:00+00:00,15.537989182559999
2025-08-31 20:00:00+00:00,14.55707928256
2025-08-31 21:00:00+00:00,13.026429182560001
2025-08-31 22:00:00+00:00,11.788081704889999
2025-08-31 23:00:00+00:00,10.807027504890002
2025-09-01 00:00:00+00:00,9.90135500489
2025-09-01 01:00:00+00:00,9.48773700489
2025-09-01 02:00:00+00:00,9.76338580489
2025-09-01 03:00:00+00:00,10.482924604889998
2025-09-01 04:00:00+00:00,12.667671804889999
2025-09-01 05:00:00+00:00,15.03786920489
2025-09-01 06:00:00+00:00,13.80036560489
2025-09-01 07:00:00+00:00,7.804709704889998
2025-09-01 08:00:00+00:00,2.886721204889998
2025-09-01 09:00:00+00:00,0.46892150489000173
2025-09-01 10:00:00+00:00,-0.6749341951100014
2025-09-01 11:00:00+00:00,-0.6010834951100001
2025-09-01 12:00:00+00:00,-0.3279599951099996
2025-09-01 13:00:00+00:00,-1.0518420951100005
2025-09-01 14:00:00+00:00,-1.4998306951099956
2025-09-01 15:00:00+00:00,-0.15538549510999644
2025-09-01 16:00:00+00:00,3.533642304890005
2025-09-01 17:00:00+00:00,11.192903904890002
2025-09-01 18:00:00+00:00,18.47234730489
2025-09-01 19:00:00+00:00,20.91185830489
2025-09-01 20:00:00+00:00,19.17026190489
2025-09-01 21:00:00+00:00,17.37666670489
2025-09-01 22:00:00+00:00,17.24880532605
2025-09-01 23:00:00+00:00,16.42319042605
2025-09-02 00:00:00+00:00,15.39789262605
2025-09-02 01:00:00+00:00,14.892749426049999
2025-09-02 02:00:00+00:00,15.043774426050003
2025-09-02 03:00:00+00:00,15.343844126050001
2025-09-02 04:00:00+00:00,17.15789452605
2025-09-02 05:00:00+00:00,19.32433062605
2025-09-02 06:00:00+00:00,17.68294932605
2025-09-02 07:00:00+00:00,11.613901426049999
2025-09-02 08:00:00+00:00,6.464853626050001
2025-09-02 09:00:00+00:00,4.906271126050001
2025-09-02 10:00:00+00:00,4.4094829260500035
2025-09-02 11:00:00+00:00,3.8619466260499955
2025-09-02 12:00:00+00:00,3.4712401260500023
2025-09-02 13:00:00+00:00,2.7383858260500027
2025-09-02 14:00:00+00:00,3.304733026050002
2025-09-02 15:00:00+00:00,4.268102226050001
2025-09-02 16:00:00+00:00,7.234643026050001
2025-09-02 17:00:00+00:00,15.40390312605
2025-09-02 18:00:00+00:00,22.99397272605
2025-09-02 19:00:00+00:00,25.04906762605
2025-09-02 20:00:00+00:00,22.60782552605
2025-09-02 21:00:00+00:00,20.11764632605
2025-09-02 22:00:00+00:00,18.654957937
2025-09-02 23:00:00+00:00,17.397659337
2025-09-03 00:00:00+00:00,16.084440537
2025-09-03 01:00:00+00:00,15.366822237
2025-09-03 02:00:00+00:00,15.320602137
2025-09-03 03:00:00+00:00,15.662929136999999
2025-09-03 04:00:00+00:00,17.352634037
2025-09-03 05:00:00+00:00,19.407290437
2025-09-03 06:00:00+00:00,17.106840337
2025-09-03 07:00:00+00:00,10.238799536999998
2025-09-03 08:00:00+00:00,6.105053737000002
2025-09-03 09:00:00+00:00,4.820163337000004
2025-09-03 10:00:00+00:00,3.3576104370000017
2025-09-03 11:00:00+00:00,3.0091389370000066
2025-09-03 12:00:00+00:00,2.803099137000004
2025-09-03 13:00:00+00:00,2.4255714370000057
2025-09-03 14:00:00+00:00,3.3743123370000028
2025-09-03 15:00:00+00:00,4.419489537000004
2025-09-03 16:00:00+00:00,7.426272537000003
2025-09-03 17:00:00+00:00,15.237792836999999
2025-09-03 18:00:00+00:00,22.165255037
2025-09-03 19:00:00+00:00,24.243361436999997
2025-09-03 20:00:00+00:00,22.227325137
2025-09-03 21:00:00+00:00,19.964232737
2025-09-03 22:00:00+00:00,19.008753523209997
2025-09-03 23:00:00+00:00,17.827095323210003
2025-09-04 00:00:00+00:00,17.04694502321
2025-09-04 01:00:00+00:00,15.894196423210001
2025-09-04 02:00:00+00:00,16.42569642321
2025-09-04 03:00:00+00:00,16.53183952321
2025-09-04 04:00:00+00:00,18.89903132321
2025-09-04 05:00:00+00:00,21.62539232321
2025-09-04 06:00:00+00:00,20.41516192321
2025-09-04 07:00:00+00:00,14.373530923210001
2025-09-04 08:00:00+00:00,9.020678323210003
2025-09-04 09:00:00+00:00,6.1234427232099975
2025-09-04 10:00:00+00:00,4.733718023209999
2025-09-04 11:00:00+00:00,4.067865223210003
2025-09-04 12:00:00+00:00,5.265645023210006
2025-09-04 13:00:00+00:00,4.594590823210002
2025-09-04 14:00:00+00:00,5.07744532321
2025-09-04 15:00:00+00:00,6.577328223209999
2025-09-04 16:00:00+00:00,10.868326623210002
2025-09-04 17:00:00+00:00,17.89160752321
2025-09-04 18:00:00+00:00,23.484629423210002
2025-09-04 19:00:00+00:00,24.61913332321
2025-09-04 20:00:00+00:00,22.92476192321
2025-09-04 21:00:00+00:00,20.70766002321
2025-09-04 22:00:00+00:00,18.91377182743
2025-09-04 23:00:00+00:00,17.67326022743
2025-09-05 00:00:00+00:00,16.81498582743
2025-09-05 01:00:00+00:00,15.667560827429998
2025-09-05 02:00:00+00:00,16.22019322743
2025-09-05 03:00:00+00:00,16.406266927430003
2025-09-05 04:00:00+00:00,18.59465892743
2025-09-05 05:00:00+00:00,21.02168072743
2025-09-05 06:00:00+00:00,20.167172627430002
2025-09-05 07:00:00+00:00,15.134687527430001
2025-09-05 08:00:00+00:00,10.210678427429997
2025-09-05 09:00:00+00:00,7.147278027429998
2025-09-05 10:00:00+00:00,5.622401027429998
2025-09-05 11:00:00+00:00,5.52473312743
2025-09-05 12:00:00+00:00,7.595203527429998
2025-09-05 13:00:00+00:00,6.260463027429996
2025-09-05 14:00:00+00:00,5.645017827429999
2025-09-05 15:00:00+00:00,6.899609127429997
2025-09-05 16:00:00+00:00,10.571474727429997
2025-09-05 17:00:00+00:00,16.26510592743
2025-09-05 18:00:00+00:00,20.49450962743
2025-09-05 19:00:00+00:00,21.066073027429997
2025-09-05 20:00:00+00:00,19.34832272743
2025-09-05 21:00:00+00:00,17.703276127429998
2025-09-05 22:00:00+00:00,17.55447533578
2025-09-05 23:00:00+00:00,16.01461453578
2025-09-06 00:00:00+00:00,14.91113273578
2025-09-06 01:00:00+00:00,14.17781653578
2025-09-06 02:00:00+00:00,13.934276835780002
2025-09-06 03:00:00+00:00,14.13227133578
2025-09-06 04:00:00+00:00,14.77062763578
2025-09-06 05:00:00+00:00,15.35947633578
2025-09-06 06:00:00+00:00,13.67414623578
2025-09-06 07:00:00+00:00,9.39722703578
2025-09-06 08:00:00+00:00,6.050992335779998
2025-09-06 09:00:00+00:00,4.69025733578
2025-09-06 10:00:00+00:00,3.550359735779999
2025-09-06 11:00:00+00:00,2.3901193357799997
2025-09-06 12:00:00+00:00,2.314254535779998
2025-09-06 13:00:00+00:00,1.4837031357800008
2025-09-06 14:00:00+00:00,1.3795320357800023
2025-09-06 15:00:00+00:00,2.828236035779998
2025-09-06 16:00:00+00:00,4.062071335780001
2025-09-06 17:00:00+00:00,8.493312435779998
2025-09-06 18:00:00+00:00,14.337475035779999
2025-09-06 19:00:00+00:00,15.946181135780002
2025-09-06 20:00:00+00:00,14.52275423578
2025-09-06 21:00:00+00:00,13.160650935780001
2025-09-06 22:00:00+00:00,11.444216494760001
2025-09-06 23:00:00+00:00,10.564621994760003
2025-09-07 00:00:00+00:00,10.04899599476
2025-09-07 01:00:00+00:00,9.883835294760003
2025-09-07 02:00:00+00:00,10.166244194760003
2025-09-07 03:00:00+00:00,10.983204094760003
2025-09-07 04:00:00+00:00,12.109354594760001
2025-09-07 05:00:00+00:00,12.654938394760002
2025-09-07 06:00:00+00:00,12.033206394760002
2025-09-07 07:00:00+00:00,9.35103329476
2025-09-07 08:00:00+00:00,7.13361269476
2025-09-07 09:00:00+00:00,6.056807494760001
2025-09-07 10:00:00+00:00,5.382002394760001
2025-09-07 11:00:00+00:00,5.352287494760002
2025-09-07 12:00:00+00:00,5.943007094759999
2025-09-07 13:00:00+00:00,5.723515294760002
2025-09-07 14:00:00+00:00,5.509699994760002
2025-09-07 15:00:00+00:00,6.571974494760003
2025-09-07 16:00:00+00:00,10.28410149476
2025-09-07 17:00:00+00:00,15.510556794760001
2025-09-07 18:00:00+00:00,20.40324559476
2025-09-07 19:00:00+00:00,22.44308129476
2025-09-07 20:00:00+00:00,20.91436439476
2025-09-07 21:00:00+00:00,19.242553694759998
2025-09-07 22:00:00+00:00,19.64675118318
2025-09-07 23:00:00+00:00,18.44647468318
2025-09-08 00:00:00+00:00,17.43272428318
2025-09-08 01:00:00+00:00,16.68857678318
2025-09-08 02:00:00+00:00,16.610080283180004
2025-09-08 03:00:00+00:00,17.49220408318
2025-09-08 04:00:00+00:00,20.27167508318
2025-09-08 05:00:00+00:00,22.951650383180002
2025-09-08 06:00:00+00:00,22.80816748318
2025-09-08 07:00:00+00:00,18.46313668318
2025-09-08 08:00:00+00:00,13.606796483180002
2025-09-08 09:00:00+00:00,10.594266183180004
2025-09-08 10:00:00+00:00,9.54278138318
2025-09-08 11:00:00+00:00,9.26238718318
2025-09-08 12:00:00+00:00,8.75051338318
2025-09-08 13:00:00+00:00,7.855705283179997
2025-09-08 14:00:00+00:00,8.012929483179999
2025-09-08 15:00:00+00:00,9.699639883180001
2025-09-08 16:00:00+00:00,13.420617383179998
2025-09-08 17:00:00+00:00,18.634210783180002
2025-09-08 18:00:00+00:00,23.035773583179996
2025-09-08 19:00:00+00:00,23.523437783180004
2025-09-08 20:00:00+00:00,20.27693088318
2025-09-08 21:00:00+00:00,17.881665583180002
2025-09-08 22:00:00+00:00,17.710049973720004
2025-09-08 23:00:00+00:00,16.71045317372
2025-09-09 00:00:00+00:00,16.072846173720002
2025-09-09 01:00:00+00:00,15.74530017372
2025-09-09 02:00:00+00:00,15.930322473719999
2025-09-09 03:00:00+00:00,17.04605597372
2025-09-09 04:00:00+00:00,19.833395373720002
2025-09-09 05:00:00+00:00,22.63354497372
2025-09-09 06:00:00+00:00,22.31760037372
2025-09-09 07:00:00+00:00,17.375414873719997
2025-09-09 08:00:00+00:00,11.907377373720006
2025-09-09 09:00:00+00:00,8.81474957372
2025-09-09 10:00:00+00:00,7.735263273720001
2025-09-09 11:00:00+00:00,6.990050373719999
2025-09-09 12:00:00+00:00,6.331440273720002
2025-09-09 13:00:00+00:00,5.473517873720006
2025-09-09 14:00:00+00:00,5.72843747372
2025-09-09 15:00:00+00:00,7.690276173720001
2025-09-09 16:00:00+00:00,11.667753173720001
2025-09-09 17:00:00+00:00,18.61260717372
2025-09-09 18:00:00+00:00,24.65722377372
2025-09-09 19:00:00+00:00,25.30068167372
2025-09-09 20:00:00+00:00,21.911552273719998
2025-09-09 21:00:00+00:00,19.483899273720002
2025-09-09 22:00:00+00:00,18.538805088030003
2025-09-09 23:00:00+00:00,17.25454518803
2025-09-10 00:00:00+00:00,16.24201748803
2025-09-10 01:00:00+00:00,15.487160388029999
2025-09-10 02:00:00+00:00,15.152389188030002
2025-09-10 03:00:00+00:00,15.62376708803
2025-09-10 04:00:00+00:00,17.76395768803
2025-09-10 05:00:00+00:00,20.03516528803
2025-09-10 06:00:00+00:00,18.83501658803
2025-09-10 07:00:00+00:00,12.699838888030001
2025-09-10 08:00:00+00:00,6.770117588030001
2025-09-10 09:00:00+00:00,3.5992842880300024
2025-09-10 10:00:00+00:00,2.658765288030004
2025-09-10 11:00:00+00:00,2.620073188030002
2025-09-10 12:00:00+00:00,2.930843388030002
2025-09-10 13:00:00+00:00,2.9472022880300024
2025-09-10 14:00:00+00:00,3.5151268880300037
2025-09-10 15:00:00+00:00,5.342277088029999
2025-09-10 16:00:00+00:00,9.537807288029999
2025-09-10 17:00:00+00:00,16.164235288030003
2025-09-10 18:00:00+00:00,21.869372688030005
2025-09-10 19:00:00+00:00,22.92329918803
2025-09-10 20:00:00+00:00,20.15859988803
2025-09-10 21:00:00+00:00,18.058668688029996
2025-09-10 22:00:00+00:00,16.77009550633
2025-09-10 23:00:00+00:00,15.515573006330001
2025-09-11 00:00:00+00:00,14.65455470633
2025-09-11 01:00:00+00:00,14.30448160633
2025-09-11 02:00:00+00:00,14.325274606330002
2025-09-11 03:00:00+00:00,14.933818106330001
2025-09-11 04:00:00+00:00,17.52905920633
2025-09-11 05:00:00+00:00,20.48445250633
2025-09-11 06:00:00+00:00,19.666369106330002
2025-09-11 07:00:00+00:00,13.559838306330002
2025-09-11 08:00:00+00:00,8.09093050633
2025-09-11 09:00:00+00:00,6.795914106330002
2025-09-11 10:00:00+00:00,5.414007506329998
2025-09-11 11:00:00+00:00,4.938839306329999
2025-09-11 12:00:00+00:00,4.63603550633
2025-09-11 13:00:00+00:00,4.074321906329999
2025-09-11 14:00:00+00:00,4.570280006329995
2025-09-11 15:00:00+00:00,4.862988206330002
2025-09-11 16:00:00+00:00,9.205706306329997
2025-09-11 17:00:00+00:00,17.767720006330002
2025-09-11 18:00:00+00:00,24.44350230633
2025-09-11 19:00:00+00:00,25.980988506330004
2025-09-11 20:00:00+00:00,23.52453610633
2025-09-11 21:00:00+00:00,21.48480710633
2025-09-11 22:00:00+00:00,21.27219566262
2025-09-11 23:00:00+00:00,20.653251162620002
2025-09-12 00:00:00+00:00,19.91964826262
2025-09-12 01:00:00+00:00,19.62833056262
2025-09-12 02:00:00+00:00,19.68977886262
2025-09-12 03:00:00+00:00,20.446305262619997
2025-09-12 04:00:00+00:00,23.26500646262
2025-09-12 05:00:00+00:00,26.10361976262
2025-09-12 06:00:00+00:00,25.326793562619997
2025-09-12 07:00:00+00:00,18.62801006262
2025-09-12 08:00:00+00:00,12.246522062619999
2025-09-12 09:00:00+00:00,8.72427546262
2025-09-12 10:00:00+00:00,7.337474962619996
2025-09-12 11:00:00+00:00,7.057785562620001
2025-09-12 12:00:00+00:00,5.931012662619999
2025-09-12 13:00:00+00:00,5.297713862620004
2025-09-12 14:00:00+00:00,5.64655026262
2025-09-12 15:00:00+00:00,7.643175062619999
2025-09-12 16:00:00+00:00,12.06142056262
2025-09-12 17:00:00+00:00,19.658019462619997
2025-09-12 18:00:00+00:00,25.371582562620002
2025-09-12 19:00:00+00:00,25.91152006262
2025-09-12 20:00:00+00:00,22.84938546262
2025-09-12 21:00:00+00:00,20.74669876262
2025-09-12 22:00:00+00:00,20.30520417839
2025-09-12 23:00:00+00:00,19.73488217839
2025-09-13 00:00:00+00:00,18.91587947839
2025-09-13 01:00:00+00:00,18.62165547839
2025-09-13 02:00:00+00:00,18.55234577839
2025-09-13 03:00:00+00:00,18.87163147839
2025-09-13 04:00:00+00:00,19.787227178389998
2025-09-13 05:00:00+00:00,20.43925167839
2025-09-13 06:00:00+00:00,19.469527378389998
2025-09-13 07:00:00+00:00,14.77815147839
2025-09-13 08:00:00+00:00,9.67769127839
2025-09-13 09:00:00+00:00,6.167331978390003
2025-09-13 10:00:00+00:00,3.9185199783900018
2025-09-13 11:00:00+00:00,3.4602671783900014
2025-09-13 12:00:00+00:00,3.6352905783899985
2025-09-13 13:00:00+00:00,3.1766421783900043
2025-09-13 14:00:00+00:00,2.537150578390005
2025-09-13 15:00:00+00:00,3.113795678390005
2025-09-13 16:00:00+00:00,7.8051419783900045
2025-09-13 17:00:00+00:00,15.750344378390004
2025-09-13 18:00:00+00:00,21.729505978389998
2025-09-13 19:00:00+00:00,22.958270778390002
2025-09-13 20:00:00+00:00,20.96044217839
2025-09-13 21:00:00+00:00,19.29193567839
2025-09-13 22:00:00+00:00,17.15341546942
2025-09-13 23:00:00+00:00,16.18607866942
2025-09-14 00:00:00+00:00,15.329521569419999
2025-09-14 01:00:00+00:00,15.198538869419998
2025-09-14 02:00:00+00:00,15.275568869419999
2025-09-14 03:00:00+00:00,15.38438546942
2025-09-14 04:00:00+00:00,16.27845926942
2025-09-14 05:00:00+00:00,16.77700506942
2025-09-14 06:00:00+00:00,14.572430969420001
2025-09-14 07:00:00+00:00,8.39862246942
2025-09-14 08:00:00+00:00,5.024747369419998
2025-09-14 09:00:00+00:00,4.285202069419999
2025-09-14 10:00:00+00:00,3.109201069419999
2025-09-14 11:00:00+00:00,3.296864169420001
2025-09-14 12:00:00+00:00,3.6638039694200017
2025-09-14 13:00:00+00:00,2.669203869420002
2025-09-14 14:00:00+00:00,2.154141469419997
2025-09-14 15:00:00+00:00,3.2567633694200033
2025-09-14 16:00:00+00:00,7.555392169419999
2025-09-14 17:00:00+00:00,16.05753896942
2025-09-14 18:00:00+00:00,22.735302969419998
2025-09-14 19:00:00+00:00,24.301466969419998
2025-09-14 20:00:00+00:00,22.155963169419998
2025-09-14 21:00:00+00:00,20.210465069420003
2025-09-14 22:00:00+00:00,18.402914990249997
2025-09-14 23:00:00+00:00,17.369426190250003
2025-09-15 00:00:00+00:00,16.70991209025
2025-09-15 01:00:00+00:00,16.60597169025
2025-09-15 02:00:00+00:00,16.718687390249997
2025-09-15 03:00:00+00:00,17.52387089025
2025-09-15 04:00:00+00:00,20.59932349025
2025-09-15 05:00:00+00:00,23.890063790250004
2025-09-15 06:00:00+00:00,23.597602890250002
2025-09-15 07:00:00+00:00,17.648238990250004
2025-09-15 08:00:00+00:00,11.533775190250005
2025-09-15 09:00:00+00:00,8.331503690250003
2025-09-15 10:00:00+00:00,6.713729290250004
2025-09-15 11:00:00+00:00,6.592036490249999
2025-09-15 12:00:00+00:00,6.218030890249999
2025-09-15 13:00:00+00:00,6.0558905902500015
2025-09-15 14:00:00+00:00,6.579448190250002
2025-09-15 15:00:00+00:00,8.767654490250003
2025-09-15 16:00:00+00:00,13.45824609025
2025-09-15 17:00:00+00:00,20.129291990250003
2025-09-15 18:00:00+00:00,24.61272589025
2025-09-15 19:00:00+00:00,24.16307789025
2025-09-15 20:00:00+00:00,20.517242890250003
2025-09-15 21:00:00+00:00,18.04071709025
2025-09-15 22:00:00+00:00,17.142229990639997
2025-09-15 23:00:00+00:00,16.479199890639997
2025-09-16 00:00:00+00:00,16.07663609064
2025-09-16 01:00:00+00:00,16.21610959064
2025-09-16 02:00:00+00:00,16.32962969064
2025-09-16 03:00:00+00:00,17.00563179064
2025-09-16 04:00:00+00:00,19.798384390640003
2025-09-16 05:00:00+00:00,23.07439469064
2025-09-16 06:00:00+00:00,22.90301709064
2025-09-16 07:00:00+00:00,16.97562109064
2025-09-16 08:00:00+00:00,11.20066949064
2025-09-16 09:00:00+00:00,8.301298890640002
2025-09-16 10:00:00+00:00,7.01500429064
2025-09-16 11:00:00+00:00,6.654991890639998
2025-09-16 12:00:00+00:00,5.948365990640003
2025-09-16 13:00:00+00:00,5.951773890640002
2025-09-16 14:00:00+00:00,6.911149090640002
2025-09-16 15:00:00+00:00,9.597109790640001
2025-09-16 16:00:00+00:00,14.98781409064
2025-09-16 17:00:00+00:00,23.13823019064
2025-09-16 18:00:00+00:00,28.681901690639997
2025-09-16 19:00:00+00:00,28.816812190639997
2025-09-16 20:00:00+00:00,25.57629839064
2025-09-16 21:00:00+00:00,23.17739209064
2025-09-16 22:00:00+00:00,21.7941785642
2025-09-16 23:00:00+00:00,20.7370302642
2025-09-17 00:00:00+00:00,19.8559349642
2025-09-17 01:00:00+00:00,19.5792923642
2025-09-17 02:00:00+00:00,19.5401092642
2025-09-17 03:00:00+00:00,20.046683564200002
2025-09-17 04:00:00+00:00,22.660256564199997
2025-09-17 05:00:00+00:00,25.7457629642
2025-09-17 06:00:00+00:00,25.1349183642
2025-09-17 07:00:00+00:00,18.562002064199998
2025-09-17 08:00:00+00:00,12.0151089642
2025-09-17 09:00:00+00:00,8.760040664199998
2025-09-17 10:00:00+00:00,7.416355464200002
2025-09-17 11:00:00+00:00,7.259031964200002
2025-09-17 12:00:00+00:00,6.950321564199999
2025-09-17 13:00:00+00:00,7.103052464200001
2025-09-17 14:00:00+00:00,8.022680064200003
2025-09-17 15:00:00+00:00,10.831424664200004
2025-09-17 16:00:00+00:00,16.400860264200002
2025-09-17 17:00:00+00:00,24.3953683642
2025-09-17 18:00:00+00:00,29.6119860642
2025-09-17 19:00:00+00:00,29.435125264200003
2025-09-17 20:00:00+00:00,25.972270564200002
2025-09-17 21:00:00+00:00,23.376817764200002
2025-09-17 22:00:00+00:00,22.66746218843
2025-09-17 23:00:00+00:00,21.464184888429997
2025-09-18 00:00:00+00:00,20.54318998843
2025-09-18 01:00:00+00:00,20.21189518843
2025-09-18 02:00:00+00:00,20.039827888429997
2025-09-18 03:00:00+00:00,20.50426018843
2025-09-18 04:00:00+00:00,23.099796688429997
2025-09-18 05:00:00+00:00,25.98601948843
2025-09-18 06:00:00+00:00,25.40851838843
2025-09-18 07:00:00+00:00,18.799196888430004
2025-09-18 08:00:00+00:00,12.742744088430001
2025-09-18 09:00:00+00:00,9.951976188430002
2025-09-18 10:00:00+00:00,8.89810778843
2025-09-18 11:00:00+00:00,8.39460648843
2025-09-18 12:00:00+00:00,7.930879288430006
2025-09-18 13:00:00+00:00,7.92960738843
2025-09-18 14:00:00+00:00,9.14409418843
2025-09-18 15:00:00+00:00,12.251375688429999
2025-09-18 16:00:00+00:00,17.424766188430002
2025-09-18 17:00:00+00:00,23.50936128843
2025-09-18 18:00:00+00:00,27.443067388429995
2025-09-18 19:00:00+00:00,27.382129388430002
2025-09-18 20:00:00+00:00,24.874199688430004
2025-09-18 21:00:00+00:00,22.808600588430004
2025-09-18 22:00:00+00:00,21.58300057268
2025-09-18 23:00:00+00:00,20.465138472680003
2025-09-19 00:00:00+00:00,19.53561347268
2025-09-19 01:00:00+00:00,19.22719117268
2025-09-19 02:00:00+00:00,19.22976757268
2025-09-19 03:00:00+00:00,19.851221072679998
2025-09-19 04:00:00+00:00,22.35567647268
2025-09-19 05:00:00+00:00,25.83491907268
2025-09-19 06:00:00+00:00,26.222745672680002
2025-09-19 07:00:00+00:00,20.936616072679996
2025-09-19 08:00:00+00:00,14.842361572680005
2025-09-19 09:00:00+00:00,10.92569867268
2025-09-19 10:00:00+00:00,8.925841572679996
2025-09-19 11:00:00+00:00,8.171313172680001
2025-09-19 12:00:00+00:00,7.55340777268
2025-09-19 13:00:00+00:00,7.460801572680005
2025-09-19 14:00:00+00:00,8.767794072680001
2025-09-19 15:00:00+00:00,11.92631347268
2025-09-19 16:00:00+00:00,17.136002672680004
2025-09-19 17:00:00+00:00,22.63568097268
2025-09-19 18:00:00+00:00,25.857376772680002
2025-09-19 19:00:00+00:00,25.385564972679997
2025-09-19 20:00:00+00:00,22.19896457268
2025-09-19 21:00:00+00:00,19.559368672679998
2025-09-19 22:00:00+00:00,18.60839346654
2025-09-19 23:00:00+00:00,17.358242766540002
2025-09-20 00:00:00+00:00,16.346880666540002
2025-09-20 01:00:00+00:00,15.89636546654
2025-09-20 02:00:00+00:00,15.489913066540002
2025-09-20 03:00:00+00:00,15.31558816654
2025-09-20 04:00:00+00:00,16.36448116654
2025-09-20 05:00:00+00:00,17.873701866540003
2025-09-20 06:00:00+00:00,17.85355176654
2025-09-20 07:00:00+00:00,13.937901066540004
2025-09-20 08:00:00+00:00,9.74755636654
2025-09-20 09:00:00+00:00,6.424437466540002
2025-09-20 10:00:00+00:00,4.008478866539999
2025-09-20 11:00:00+00:00,3.529424966539999
2025-09-20 12:00:00+00:00,3.21994146654
2025-09-20 13:00:00+00:00,3.1170029665399994
2025-09-20 14:00:00+00:00,3.8988560665399987
2025-09-20 15:00:00+00:00,6.746520066540004
2025-09-20 16:00:00+00:00,11.981124466539999
2025-09-20 17:00:00+00:00,18.67539806654
2025-09-20 18:00:00+00:00,22.81401346654
2025-09-20 19:00:00+00:00,23.05100146654
2025-09-20 20:00:00+00:00,21.38065016654
2025-09-20 21:00:00+00:00,20.29901206654
2025-09-20 22:00:00+00:00,18.95502499343
2025-09-20 23:00:00+00:00,17.92952309343
2025-09-21 00:00:00+00:00,17.03986159343
2025-09-21 01:00:00+00:00,16.667656593430003
2025-09-21 02:00:00+00:00,16.21995799343
2025-09-21 03:00:00+00:00,16.14029829343
2025-09-21 04:00:00+00:00,16.473846193430003
2025-09-21 05:00:00+00:00,16.96924249343
2025-09-21 06:00:00+00:00,15.343816793430001
2025-09-21 07:00:00+00:00,10.94626619343
2025-09-21 08:00:00+00:00,6.700504493429996
2025-09-21 09:00:00+00:00,3.7781476934300002
2025-09-21 10:00:00+00:00,1.3926872934300008
2025-09-21 11:00:00+00:00,0.05168579342999635
2025-09-21 12:00:00+00:00,-0.7086780065700005
2025-09-21 13:00:00+00:00,-2.263567206570002
2025-09-21 14:00:00+00:00,-2.7434541065700024
2025-09-21 15:00:00+00:00,-1.3995240065699974
2025-09-21 16:00:00+00:00,3.047053093429998
2025-09-21 17:00:00+00:00,10.190764793430002
2025-09-21 18:00:00+00:00,15.629018693430003
2025-09-21 19:00:00+00:00,16.446218493430003
2025-09-21 20:00:00+00:00,14.71818809343
2025-09-21 21:00:00+00:00,13.28338339343
2025-09-21 22:00:00+00:00,13.341063938729999
2025-09-21 23:00:00+00:00,12.798964638729998
2025-09-22 00:00:00+00:00,12.54520603873
2025-09-22 01:00:00+00:00,12.57792293873
2025-09-22 02:00:00+00:00,12.816332038729998
2025-09-22 03:00:00+00:00,13.641047538730001
2025-09-22 04:00:00+00:00,16.422505138730003
2025-09-22 05:00:00+00:00,20.41141613873
2025-09-22 06:00:00+00:00,19.29895823873
2025-09-22 07:00:00+00:00,12.637011338730002
2025-09-22 08:00:00+00:00,6.302808938730003
2025-09-22 09:00:00+00:00,4.575192638730002
2025-09-22 10:00:00+00:00,4.355320138730001
2025-09-22 11:00:00+00:00,3.971116938729999
2025-09-22 12:00:00+00:00,3.635974738729999
2025-09-22 13:00:00+00:00,3.872951938730001
2025-09-22 14:00:00+00:00,5.342748338730001
2025-09-22 15:00:00+00:00,6.560191938730004
2025-09-22 16:00:00+00:00,10.736293738730001
2025-09-22 17:00:00+00:00,18.39144493873
2025-09-22 18:00:00+00:00,23.418839338730002
2025-09-22 19:00:00+00:00,22.76047813873
2025-09-22 20:00:00+00:00,19.74031473873
2025-09-22 21:00:00+00:00,17.21114983873
2025-09-22 22:00:00+00:00,17.352952516000002
2025-09-22 23:00:00+00:00,16.248301116
2025-09-23 00:00:00+00:00,15.552974816
2025-09-23 01:00:00+00:00,15.270519615999998
2025-09-23 02:00:00+00:00,15.078503316000003
2025-09-23 03:00:00+00:00,15.403768916
2025-09-23 04:00:00+00:00,17.536575016
2025-09-23 05:00:00+00:00,20.992108316
2025-09-23 06:00:00+00:00,19.950235016
2025-09-23 07:00:00+00:00,13.371794516000001
2025-09-23 08:00:00+00:00,6.873229616000003
2025-09-23 09:00:00+00:00,3.9410873159999973
2025-09-23 10:00:00+00:00,3.0321697160000056
2025-09-23 11:00:00+00:00,2.6726372160000054
2025-09-23 12:00:00+00:00,1.9309441160000063
2025-09-23 13:00:00+00:00,1.7427069160000066
2025-09-23 14:00:00+00:00,2.7886963160000064
2025-09-23 15:00:00+00:00,5.119561116000007
2025-09-23 16:00:00+00:00,10.561087216000004
2025-09-23 17:00:00+00:00,18.188621816
2025-09-23 18:00:00+00:00,22.648741316000002
2025-09-23 19:00:00+00:00,21.412860316
2025-09-23 20:00:00+00:00,17.947957416
2025-09-23 21:00:00+00:00,15.358744916000001
2025-09-23 22:00:00+00:00,14.221423849470002
2025-09-23 23:00:00+00:00,13.54571134947
2025-09-24 00:00:00+00:00,13.36803544947
2025-09-24 01:00:00+00:00,13.42090074947
2025-09-24 02:00:00+00:00,13.616096449470003
2025-09-24 03:00:00+00:00,14.19489924947
2025-09-24 04:00:00+00:00,16.65486524947
2025-09-24 05:00:00+00:00,20.670317349469997
2025-09-24 06:00:00+00:00,20.394420449470005
2025-09-24 07:00:00+00:00,14.57316494947
2025-09-24 08:00:00+00:00,8.733543549470003
2025-09-24 09:00:00+00:00,5.70874774947
2025-09-24 10:00:00+00:00,4.543832149470003
2025-09-24 11:00:00+00:00,4.4493697494700015
2025-09-24 12:00:00+00:00,4.206707849470003
2025-09-24 13:00:00+00:00,4.39528374947
2025-09-24 14:00:00+00:00,5.700843249470001
2025-09-24 15:00:00+00:00,8.631098249470003
2025-09-24 16:00:00+00:00,14.281778549470003
2025-09-24 17:00:00+00:00,20.940535349470004
2025-09-24 18:00:00+00:00,24.636180649470003
2025-09-24 19:00:00+00:00,23.64451244947
2025-09-24 20:00:00+00:00,20.25350254947
2025-09-24 21:00:00+00:00,17.566397049469998
2025-09-24 22:00:00+00:00,15.186482109039998
2025-09-24 23:00:00+00:00,14.54311870904
2025-09-25 00:00:00+00:00,13.94756220904
2025-09-25 01:00:00+00:00,14.057144609040002
2025-09-25 02:00:00+00:00,14.525113709040003
2025-09-25 03:00:00+00:00,15.49474030904
2025-09-25 04:00:00+00:00,18.76447240904
2025-09-25 05:00:00+00:00,22.30687900904
2025-09-25 06:00:00+00:00,22.11025970904
2025-09-25 07:00:00+00:00,15.88205580904
2025-09-25 08:00:00+00:00,8.950353709039998
2025-09-25 09:00:00+00:00,5.114942209039999
2025-09-25 10:00:00+00:00,3.7966886090399967
2025-09-25 11:00:00+00:00,3.3846162090400007
2025-09-25 12:00:00+00:00,2.90801350904
2025-09-25 13:00:00+00:00,3.1362472090400004
2025-09-25 14:00:00+00:00,4.377980409039996
2025-09-25 15:00:00+00:00,7.397591209039998
2025-09-25 16:00:00+00:00,13.414299609040002
2025-09-25 17:00:00+00:00,21.14282850904
2025-09-25 18:00:00+00:00,25.95896210904
2025-09-25 19:00:00+00:00,26.103682509040002
2025-09-25 20:00:00+00:00,23.32538250904
2025-09-25 21:00:00+00:00,21.04088220904
2025-09-25 22:00:00+00:00,19.8088077721
2025-09-25 23:00:00+00:00,19.229927772099998
2025-09-26 00:00:00+00:00,18.5717849721
2025-09-26 01:00:00+00:00,18.527398372100002
2025-09-26 02:00:00+00:00,18.8248393721
2025-09-26 03:00:00+00:00,19.5870191721
2025-09-26 04:00:00+00:00,22.5930525721
2025-09-26 05:00:00+00:00,25.8292275721
2025-09-26 06:00:00+00:00,25.012748772100004
2025-09-26 07:00:00+00:00,17.6861463721
2025-09-26 08:00:00+00:00,9.984644072100004
2025-09-26 09:00:00+00:00,6.076032672100002
2025-09-26 10:00:00+00:00,4.4360571721
2025-09-26 11:00:00+00:00,3.4935640721
2025-09-26 12:00:00+00:00,2.4520162720999963
2025-09-26 13:00:00+00:00,2.3296273721000027
2025-09-26 14:00:00+00:00,3.341560972099998
2025-09-26 15:00:00+00:00,6.226533972100004
2025-09-26 16:00:00+00:00,12.751814372100002
2025-09-26 17:00:00+00:00,21.4189329721
2025-09-26 18:00:00+00:00,26.5859690721
2025-09-26 19:00:00+00:00,26.3837573721
2025-09-26 20:00:00+00:00,23.6085935721
2025-09-26 21:00:00+00:00,21.5571153721
2025-09-26 22:00:00+00:00,20.29376102845
2025-09-26 23:00:00+00:00,19.39585522845
2025-09-27 00:00:00+00:00,18.04244132845
2025-09-27 01:00:00+00:00,17.49453252845
2025-09-27 02:00:00+00:00,17.002512928450003
2025-09-27 03:00:00+00:00,16.864012928450002
2025-09-27 04:00:00+00:00,17.98246732845
2025-09-27 05:00:00+00:00,19.25405492845
2025-09-27 06:00:00+00:00,18.29112802845
2025-09-27 07:00:00+00:00,13.208523728450002
2025-09-27 08:00:00+00:00,7.323094128450002
2025-09-27 09:00:00+00:00,3.6714405284500025
2025-09-27 10:00:00+00:00,1.5063925284500037
2025-09-27 11:00:00+00:00,1.004081328449999
2025-09-27 12:00:00+00:00,0.6653100284500013
2025-09-27 13:00:00+00:00,0.05225112845000268
2025-09-27 14:00:00+00:00,1.3177482284499966
2025-09-27 15:00:00+00:00,4.834822928450002
2025-09-27 16:00:00+00:00,11.09791292845
2025-09-27 17:00:00+00:00,17.04622952845
2025-09-27 18:00:00+00:00,20.72311422845
2025-09-27 19:00:00+00:00,20.952782228449998
2025-09-27 20:00:00+00:00,18.87069262845
2025-09-27 21:00:00+00:00,17.179067228450002
2025-09-27 22:00:00+00:00,16.270582287699998
2025-09-27 23:00:00+00:00,15.505923687700001
2025-09-28 00:00:00+00:00,14.655619287700002
2025-09-28 01:00:00+00:00,14.295644787699999
2025-09-28 02:00:00+00:00,13.9897018877
2025-09-28 03:00:00+00:00,13.866347587700002
2025-09-28 04:00:00+00:00,14.4307212877
2025-09-28 05:00:00+00:00,14.806001787700001
2025-09-28 06:00:00+00:00,13.861141087700002
2025-09-28 07:00:00+00:00,11.481006087700003
2025-09-28 08:00:00+00:00,8.553421687699998
2025-09-28 09:00:00+00:00,5.987142587700003
2025-09-28 10:00:00+00:00,4.4808026877000025
2025-09-28 11:00:00+00:00,4.5160109877
2025-09-28 12:00:00+00:00,4.6301033877
2025-09-28 13:00:00+00:00,4.0579634877
2025-09-28 14:00:00+00:00,4.466074187700002
2025-09-28 15:00:00+00:00,6.724011587699998
2025-09-28 16:00:00+00:00,10.297472487700002
2025-09-28 17:00:00+00:00,14.081463087700001
2025-09-28 18:00:00+00:00,16.824883887700004
2025-09-28 19:00:00+00:00,16.9784702877
2025-09-28 20:00:00+00:00,15.175181587700001
2025-09-28 21:00:00+00:00,13.102871187700002
2025-09-28 22:00:00+00:00,12.408137051999999
2025-09-28 23:00:00+00:00,11.487170251999999
2025-09-29 00:00:00+00:00,10.883426151999998
2025-09-29 01:00:00+00:00,10.845301652
2025-09-29 02:00:00+00:00,10.713673252
2025-09-29 03:00:00+00:00,11.166506552
2025-09-29 04:00:00+00:00,13.953474152000002
2025-09-29 05:00:00+00:00,17.547642552
2025-09-29 06:00:00+00:00,18.602881352
2025-09-29 07:00:00+00:00,16.211491952
2025-09-29 08:00:00+00:00,12.327781951999999
2025-09-29 09:00:00+00:00,9.135926352000002
2025-09-29 10:00:00+00:00,7.490892651999999
2025-09-29 11:00:00+00:00,6.865358052000001
2025-09-29 12:00:00+00:00,5.915528452
2025-09-29 13:00:00+00:00,5.534776552000004
2025-09-29 14:00:00+00:00,6.245571651999999
2025-09-29 15:00:00+00:00,8.843234152
2025-09-29 16:00:00+00:00,13.373456651999998
2025-09-29 17:00:00+00:00,18.677893552
2025-09-29 18:00:00+00:00,21.815641452
2025-09-29 19:00:00+00:00,21.305479752000004
2025-09-29 20:00:00+00:00,18.469907451999998
2025-09-29 21:00:00+00:00,16.196372352
2025-09-29 22:00:00+00:00,15.802296134799999
2025-09-29 23:00:00+00:00,15.2614122348
2025-09-30 00:00:00+00:00,14.849363834799998
2025-09-30 01:00:00+00:00,14.9753192348
2025-09-30 02:00:00+00:00,15.0856323348
2025-09-30 03:00:00+00:00,15.7338196348
2025-09-30 04:00:00+00:00,18.5385856348
2025-09-30 05:00:00+00:00,22.2997437348
2025-09-30 06:00:00+00:00,22.636905434800003
2025-09-30 07:00:00+00:00,17.798414534800003
2025-09-30 08:00:00+00:00,11.893972134800002
2025-09-30 09:00:00+00:00,8.4498205348
2025-09-30 10:00:00+00:00,7.354931234800006
2025-09-30 11:00:00+00:00,7.167667734799998
2025-09-30 12:00:00+00:00,6.5313139348000036
2025-09-30 13:00:00+00:00,6.578852434800005
2025-09-30 14:00:00+00:00,7.6441805348
2025-09-30 15:00:00+00:00,11.023242434800004
2025-09-30 16:00:00+00:00,16.510564034799998
2025-09-30 17:00:00+00:00,22.662469434800002
2025-09-30 18:00:00+00:00,25.6049320348
2025-09-30 19:00:00+00:00,24.6321404348
2025-09-30 20:00:00+00:00,21.4803166348
2025-09-30 21:00:00+00:00,18.937334634800003
2025-09-30 22:00:00+00:00,18.37111145688
2025-09-30 23:00:00+00:00,17.71779715688
2025-10-01 00:00:00+00:00,17.208205156880002
2025-10-01 01:00:00+00:00,17.29828395688
2025-10-01 02:00:00+00:00,17.37236665688
2025-10-01 03:00:00+00:00,18.084842556879998
2025-10-01 04:00:00+00:00,20.87433765688
2025-10-01 05:00:00+00:00,24.451252056879998
2025-10-01 06:00:00+00:00,24.203788956879997
2025-10-01 07:00:00+00:00,17.98204485688
2025-10-01 08:00:00+00:00,10.783192356880004
2025-10-01 09:00:00+00:00,6.727230456880001
2025-10-01 10:00:00+00:00,5.329137656880004
2025-10-01 11:00:00+00:00,5.052829156879998
2025-10-01 12:00:00+00:00,4.468284056879998
2025-10-01 13:00:00+00:00,4.669426256879998
2025-10-01 14:00:00+00:00,6.014476656879999
2025-10-01 15:00:00+00:00,9.66513045688
2025-10-01 16:00:00+00:00,15.803809556880001
2025-10-01 17:00:00+00:00,22.696059756879997
2025-10-01 18:00:00+00:00,25.869698956879997
2025-10-01 19:00:00+00:00,25.02042555688
2025-10-01 20:00:00+00:00,21.693120656879998
2025-10-01 21:00:00+00:00,19.12569585688
2025-10-01 22:00:00+00:00,17.918688843530003
2025-10-01 23:00:00+00:00,17.200622643530004
2025-10-02 00:00:00+00:00,16.99395104353
2025-10-02 01:00:00+00:00,17.37810874353
2025-10-02 02:00:00+00:00,17.79864304353
2025-10-02 03:00:00+00:00,18.58907544353
2025-10-02 04:00:00+00:00,21.67622774353
2025-10-02 05:00:00+00:00,25.30553474353
2025-10-02 06:00:00+00:00,25.091465443529998
2025-10-02 07:00:00+00:00,18.42382184353
2025-10-02 08:00:00+00:00,10.82689274353
2025-10-02 09:00:00+00:00,6.5761941435299995
2025-10-02 10:00:00+00:00,4.917628943530001
2025-10-02 11:00:00+00:00,4.600247243530003
2025-10-02 12:00:00+00:00,4.562566643530001
2025-10-02 13:00:00+00:00,4.692658943529999
2025-10-02 14:00:00+00:00,6.178221243529997
2025-10-02 15:00:00+00:00,10.123272143530002
2025-10-02 16:00:00+00:00,16.89200284353
2025-10-02 17:00:00+00:00,24.468755743530004
2025-10-02 18:00:00+00:00,28.38097284353
2025-10-02 19:00:00+00:00,27.37800964353
2025-10-02 20:00:00+00:00,24.230210443529998
2025-10-02 21:00:00+00:00,21.63553004353
2025-10-02 22:00:00+00:00,20.632610459589998
2025-10-02 23:00:00+00:00,19.715225459590002
2025-10-03 00:00:00+00:00,19.16698895959
2025-10-03 01:00:00+00:00,18.92957415959
2025-10-03 02:00:00+00:00,18.818644259590002
2025-10-03 03:00:00+00:00,19.609772559590002
2025-10-03 04:00:00+00:00,22.18623685959
2025-10-03 05:00:00+00:00,25.85673015959
2025-10-03 06:00:00+00:00,26.02697305959
2025-10-03 07:00:00+00:00,19.730295959590002
2025-10-03 08:00:00+00:00,13.06117195959
2025-10-03 09:00:00+00:00,9.047150759590004
2025-10-03 10:00:00+00:00,7.290687359590006
2025-10-03 11:00:00+00:00,6.838160459590004
2025-10-03 12:00:00+00:00,6.059423059590003
2025-10-03 13:00:00+00:00,5.849480459590005
2025-10-03 14:00:00+00:00,6.627639559590005
2025-10-03 15:00:00+00:00,9.90566755959
2025-10-03 16:00:00+00:00,15.980797459589999
2025-10-03 17:00:00+00:00,22.61144245959
2025-10-03 18:00:00+00:00,25.864695959589998
2025-10-03 19:00:00+00:00,24.843452959590003
2025-10-03 20:00:00+00:00,21.98533755959
2025-10-03 21:00:00+00:00,19.887108359590002
2025-10-03 22:00:00+00:00,18.59404567745
2025-10-03 23:00:00+00:00,17.38993517745
2025-10-04 00:00:00+00:00,15.907473577449998
2025-10-04 01:00:00+00:00,15.388550377450002
2025-10-04 02:00:00+00:00,14.90088787745
2025-10-04 03:00:00+00:00,15.064335777450001
2025-10-04 04:00:00+00:00,15.75451867745
2025-10-04 05:00:00+00:00,17.09374807745
2025-10-04 06:00:00+00:00,16.53857407745
2025-10-04 07:00:00+00:00,11.825851077450002
2025-10-04 08:00:00+00:00,6.458908877450003
2025-10-04 09:00:00+00:00,3.463908877449999
2025-10-04 10:00:00+00:00,1.9852479774500011
2025-10-04 11:00:00+00:00,1.968059877449999
2025-10-04 12:00:00+00:00,1.5511294774500008
2025-10-04 13:00:00+00:00,0.381990077450002
2025-10-04 14:00:00+00:00,0.12796257744999906
2025-10-04 15:00:00+00:00,2.521336777450003
2025-10-04 16:00:00+00:00,8.48957777745
2025-10-04 17:00:00+00:00,15.234109677449998
2025-10-04 18:00:00+00:00,18.01096097745
2025-10-04 19:00:00+00:00,17.092944577449998
2025-10-04 20:00:00+00:00,14.640519077450001
2025-10-04 21:00:00+00:00,13.050492277450003
2025-10-04 22:00:00+00:00,11.481289395470002
2025-10-04 23:00:00+00:00,10.547502895469998
2025-10-05 00:00:00+00:00,9.69690279547
2025-10-05 01:00:00+00:00,9.28180739547
2025-10-05 02:00:00+00:00,9.09377489547
2025-10-05 03:00:00+00:00,9.30405809547
2025-10-05 04:00:00+00:00,9.792107295469998
2025-10-05 05:00:00+00:00,10.447010195469998
2025-10-05 06:00:00+00:00,9.11714889547
2025-10-05 07:00:00+00:00,3.8178774954700003
2025-10-05 08:00:00+00:00,-0.2635037045300024
2025-10-05 09:00:00+00:00,-0.8986477045299992
2025-10-05 10:00:00+00:00,-1.1872779045299993
2025-10-05 11:00:00+00:00,-1.6459702045299984
2025-10-05 12:00:00+00:00,-1.6508990045300003
2025-10-05 13:00:00+00:00,-2.4929166045299986
2025-10-05 14:00:00+00:00,-3.45156470453
2025-10-05 15:00:00+00:00,-2.3244823045299974
2025-10-05 16:00:00+00:00,3.756505395470004
2025-10-05 17:00:00+00:00,11.032704995469999
2025-10-05 18:00:00+00:00,14.660537895469997
2025-10-05 19:00:00+00:00,14.380598395469999
2025-10-05 20:00:00+00:00,12.984516695469999
2025-10-05 21:00:00+00:00,11.69248329547
2025-10-05 22:00:00+00:00,10.37986318928
2025-10-05 23:00:00+00:00,9.85173728928
2025-10-06 00:00:00+00:00,9.936097689279999
2025-10-06 01:00:00+00:00,10.277184989279997
2025-10-06 02:00:00+00:00,10.832946189280001
2025-10-06 03:00:00+00:00,12.377496289280002
2025-10-06 04:00:00+00:00,15.993911289280003
2025-10-06 05:00:00+00:00,20.383248189280003
2025-10-06 06:00:00+00:00,21.64439288928
2025-10-06 07:00:00+00:00,17.39193218928
2025-10-06 08:00:00+00:00,11.731547889280002
2025-10-06 09:00:00+00:00,8.587078989280002
2025-10-06 10:00:00+00:00,7.365868189280004
2025-10-06 11:00:00+00:00,6.9640846892800035
2025-10-06 12:00:00+00:00,6.5331180892799985
2025-10-06 13:00:00+00:00,6.477986389280002
2025-10-06 14:00:00+00:00,7.680236489279999
2025-10-06 15:00:00+00:00,11.42552438928
2025-10-06 16:00:00+00:00,18.122972989279997
2025-10-06 17:00:00+00:00,24.84460348928
2025-10-06 18:00:00+00:00,28.297963689280003
2025-10-06 19:00:00+00:00,26.97920908928
2025-10-06 20:00:00+00:00,24.28790888928
2025-10-06 21:00:00+00:00,21.97400128928
2025-10-06 22:00:00+00:00,20.58749486452
2025-10-06 23:00:00+00:00,19.57545436452
2025-10-07 00:00:00+00:00,18.973796664520002
2025-10-07 01:00:00+00:00,18.78343236452
2025-10-07 02:00:00+00:00,18.85952086452
2025-10-07 03:00:00+00:00,19.60050016452
2025-10-07 04:00:00+00:00,22.08334966452
2025-10-07 05:00:00+00:00,25.61172556452
2025-10-07 06:00:00+00:00,25.69269596452
2025-10-07 07:00:00+00:00,19.793691564520003
2025-10-07 08:00:00+00:00,12.44622056452
2025-10-07 09:00:00+00:00,8.420567764520001
2025-10-07 10:00:00+00:00,7.059709764520004
2025-10-07 11:00:00+00:00,6.681604764519999
2025-10-07 12:00:00+00:00,6.150898764520001
2025-10-07 13:00:00+00:00,6.1540161645200016
2025-10-07 14:00:00+00:00,7.617868264520002
2025-10-07 15:00:00+00:00,11.418403564520002
2025-10-07 16:00:00+00:00,18.26505636452
2025-10-07 17:00:00+00:00,25.50134856452
2025-10-07 18:00:00+00:00,28.99234266452
2025-10-07 19:00:00+00:00,27.77832346452
2025-10-07 20:00:00+00:00,24.93884256452
2025-10-07 21:00:00+00:00,22.57347106452
2025-10-07 22:00:00+00:00,20.2911057747
2025-10-07 23:00:00+00:00,19.3884190747
2025-10-08 00:00:00+00:00,18.8956939747
2025-10-08 01:00:00+00:00,18.7994479747
2025-10-08 02:00:00+00:00,18.9132302747
2025-10-08 03:00:00+00:00,19.5872583747
2025-10-08 04:00:00+00:00,22.0179452747
2025-10-08 05:00:00+00:00,25.5271364747
2025-10-08 06:00:00+00:00,25.8240192747
2025-10-08 07:00:00+00:00,20.540555174700003
2025-10-08 08:00:00+00:00,13.763969074700004
2025-10-08 09:00:00+00:00,9.817030774699997
2025-10-08 10:00:00+00:00,8.219044274699996
2025-10-08 11:00:00+00:00,7.6274692746999975
2025-10-08 12:00:00+00:00,7.037412674699997
2025-10-08 13:00:00+00:00,6.763036074699997
2025-10-08 14:00:00+00:00,7.793245274700002
2025-10-08 15:00:00+00:00,10.868099374699998
2025-10-08 16:00:00+00:00,15.832321874700003
2025-10-08 17:00:00+00:00,20.698685374700002
2025-10-08 18:00:00+00:00,22.7744141747
2025-10-08 19:00:00+00:00,20.9738204747
2025-10-08 20:00:00+00:00,17.838801274700003
2025-10-08 21:00:00+00:00,15.2514229747
2025-10-08 22:00:00+00:00,14.164540221769998
2025-10-08 23:00:00+00:00,13.021188521769998
2025-10-09 00:00:00+00:00,12.35377942177
2025-10-09 01:00:00+00:00,12.25798502177
2025-10-09 02:00:00+00:00,12.292272521769998
2025-10-09 03:00:00+00:00,12.742886121769999
2025-10-09 04:00:00+00:00,15.43708182177
2025-10-09 05:00:00+00:00,18.87239832177
2025-10-09 06:00:00+00:00,19.762383321770002
2025-10-09 07:00:00+00:00,15.097742621770001
2025-10-09 08:00:00+00:00,9.217933721770002
2025-10-09 09:00:00+00:00,5.352190821770005
2025-10-09 10:00:00+00:00,3.8425592217700064
2025-10-09 11:00:00+00:00,3.440041121770001
2025-10-09 12:00:00+00:00,3.2050904217700023
2025-10-09 13:00:00+00:00,3.095695121770003
2025-10-09 14:00:00+00:00,4.2617123217700055
2025-10-09 15:00:00+00:00,7.533536021770001
2025-10-09 16:00:00+00:00,13.412534621770002
2025-10-09 17:00:00+00:00,18.37725532177
2025-10-09 18:00:00+00:00,20.591427621770002
2025-10-09 19:00:00+00:00,19.12632382177
2025-10-09 20:00:00+00:00,15.993246721770001
2025-10-09 21:00:00+00:00,13.714863221769999
2025-10-09 22:00:00+00:00,12.38631833053
2025-10-09 23:00:00+00:00,11.517568530530001
2025-10-10 00:00:00+00:00,11.039272830530003
2025-10-10 01:00:00+00:00,11.161396230530004
2025-10-10 02:00:00+00:00,11.188621630530003
2025-10-10 03:00:00+00:00,12.368089030530001
2025-10-10 04:00:00+00:00,15.14724253053
2025-10-10 05:00:00+00:00,18.56161213053
2025-10-10 06:00:00+00:00,19.29613743053
2025-10-10 07:00:00+00:00,15.00314463053
2025-10-10 08:00:00+00:00,9.22521243053
2025-10-10 09:00:00+00:00,6.19340943053
2025-10-10 10:00:00+00:00,5.10103293053
2025-10-10 11:00:00+00:00,5.3803964305299985
2025-10-10 12:00:00+00:00,5.38780353053
2025-10-10 13:00:00+00:00,5.763097130530003
2025-10-10 14:00:00+00:00,6.6836302305299995
2025-10-10 15:00:00+00:00,9.80152703053
2025-10-10 16:00:00+00:00,14.48637683053
2025-10-10 17:00:00+00:00,19.051704530530003
2025-10-10 18:00:00+00:00,21.10658613053
2025-10-10 19:00:00+00:00,20.11211033053
2025-10-10 20:00:00+00:00,17.205559730530002
2025-10-10 21:00:00+00:00,15.700881530530001
2025-10-10 22:00:00+00:00,15.371918409749998
2025-10-10 23:00:00+00:00,14.820517809750001
2025-10-11 00:00:00+00:00,14.361898409750001
2025-10-11 01:00:00+00:00,14.009308109749998
2025-10-11 02:00:00+00:00,13.848238309749998
2025-10-11 03:00:00+00:00,14.083231109749999
2025-10-11 04:00:00+00:00,15.337764509749999
2025-10-11 05:00:00+00:00,16.44868140975
2025-10-11 06:00:00+00:00,16.66446570975
2025-10-11 07:00:00+00:00,13.123647309750002
2025-10-11 08:00:00+00:00,7.622241709749996
2025-10-11 09:00:00+00:00,4.149756909750007
2025-10-11 10:00:00+00:00,2.180741409750002
2025-10-11 11:00:00+00:00,1.9147409097500017
2025-10-11 12:00:00+00:00,1.6985754097499992
2025-10-11 13:00:00+00:00,1.0540003097500055
2025-10-11 14:00:00+00:00,1.3059591097500025
2025-10-11 15:00:00+00:00,4.2369261097500015
2025-10-11 16:00:00+00:00,10.400119709750003
2025-10-11 17:00:00+00:00,16.00428420975
2025-10-11 18:00:00+00:00,19.01879080975
2025-10-11 19:00:00+00:00,18.481480009749998
2025-10-11 20:00:00+00:00,16.225965509749997
2025-10-11 21:00:00+00:00,15.055541609749998
2025-10-11 22:00:00+00:00,15.77100059361
2025-10-11 23:00:00+00:00,14.964080493609998
2025-10-12 00:00:00+00:00,14.387357493610002
2025-10-12 01:00:00+00:00,14.130936593609999
2025-10-12 02:00:00+00:00,13.993614093610002
2025-10-12 03:00:00+00:00,14.03159809361
2025-10-12 04:00:00+00:00,14.40085259361
2025-10-12 05:00:00+00:00,14.91754769361
2025-10-12 06:00:00+00:00,14.226987293609998
2025-10-12 07:00:00+00:00,10.387681093609999
2025-10-12 08:00:00+00:00,5.422437493609998
2025-10-12 09:00:00+00:00,2.1132030936100037
2025-10-12 10:00:00+00:00,0.7570614936100029
2025-10-12 11:00:00+00:00,0.7664117936100006
2025-10-12 12:00:00+00:00,0.9907988936100018
2025-10-12 13:00:00+00:00,1.2097367936100056
2025-10-12 14:00:00+00:00,2.545418993610003
2025-10-12 15:00:00+00:00,6.111261193610002
2025-10-12 16:00:00+00:00,11.717814593609999
2025-10-12 17:00:00+00:00,17.14780509361
2025-10-12 18:00:00+00:00,20.121436193610002
2025-10-12 19:00:00+00:00,20.28358319361
2025-10-12 20:00:00+00:00,18.647482093609998
2025-10-12 21:00:00+00:00,17.12002659361
2025-10-12 22:00:00+00:00,14.715130024970001
2025-10-12 23:00:00+00:00,13.886453824970001
2025-10-13 00:00:00+00:00,13.834918624970001
2025-10-13 01:00:00+00:00,13.846226224970003
2025-10-13 02:00:00+00:00,14.018221724970001
2025-10-13 03:00:00+00:00,15.36065352497
2025-10-13 04:00:00+00:00,18.37420012497
2025-10-13 05:00:00+00:00,22.04597802497
2025-10-13 06:00:00+00:00,24.33158032497
2025-10-13 07:00:00+00:00,21.64499912497
2025-10-13 08:00:00+00:00,16.31893482497
2025-10-13 09:00:00+00:00,12.224513624970001
2025-10-13 10:00:00+00:00,10.237227424970001
2025-10-13 11:00:00+00:00,9.58832532497
2025-10-13 12:00:00+00:00,8.68629492497
2025-10-13 13:00:00+00:00,8.84716052497
2025-10-13 14:00:00+00:00,10.059658624970002
2025-10-13 15:00:00+00:00,13.788202624970001
2025-10-13 16:00:00+00:00,19.899545724969997
2025-10-13 17:00:00+00:00,25.454087824970003
2025-10-13 18:00:00+00:00,27.55890352497
2025-10-13 19:00:00+00:00,26.33472332497
2025-10-13 20:00:00+00:00,23.664210424969998
2025-10-13 21:00:00+00:00,21.59762802497
2025-10-13 22:00:00+00:00,21.0445076291
2025-10-13 23:00:00+00:00,19.879112229100002
2025-10-14 00:00:00+00:00,19.2779950291
2025-10-14 01:00:00+00:00,18.8566195291
2025-10-14 02:00:00+00:00,18.6133973291
2025-10-14 03:00:00+00:00,19.3661676291
2025-10-14 04:00:00+00:00,21.792617729099998
2025-10-14 05:00:00+00:00,25.1354114291
2025-10-14 06:00:00+00:00,26.1721815291
2025-10-14 07:00:00+00:00,21.2749861291
2025-10-14 08:00:00+00:00,13.7295950291
2025-10-14 09:00:00+00:00,9.063574429100004
2025-10-14 10:00:00+00:00,7.1482632290999994
2025-10-14 11:00:00+00:00,6.872287829100003
2025-10-14 12:00:00+00:00,6.2508636290999995
2025-10-14 13:00:00+00:00,6.778396329100005
2025-10-14 14:00:00+00:00,8.281535029099999
2025-10-14 15:00:00+00:00,12.4051732291
2025-10-14 16:00:00+00:00,19.4615174291
2025-10-14 17:00:00+00:00,25.6704762291
2025-10-14 18:00:00+00:00,27.6569157291
2025-10-14 19:00:00+00:00,26.1279628291
2025-10-14 20:00:00+00:00,22.9064083291
2025-10-14 21:00:00+00:00,20.6003107291
2025-10-14 22:00:00+00:00,19.06590728361
2025-10-14 23:00:00+00:00,18.16620928361
2025-10-15 00:00:00+00:00,17.75954198361
2025-10-15 01:00:00+00:00,17.48191628361
2025-10-15 02:00:00+00:00,17.357386883609998
2025-10-15 03:00:00+00:00,18.15031858361
2025-10-15 04:00:00+00:00,20.55015658361
2025-10-15 05:00:00+00:00,23.792048983609998
2025-10-15 06:00:00+00:00,24.82759428361
2025-10-15 07:00:00+00:00,20.43991178361
2025-10-15 08:00:00+00:00,13.32752658361
2025-10-15 09:00:00+00:00,8.598111283609995
2025-10-15 10:00:00+00:00,6.660363083609997
2025-10-15 11:00:00+00:00,6.558291183610002
2025-10-15 12:00:00+00:00,6.092933283610002
2025-10-15 13:00:00+00:00,6.787581583610002
2025-10-15 14:00:00+00:00,8.585215683610002
2025-10-15 15:00:00+00:00,13.088306783610001
2025-10-15 16:00:00+00:00,20.022184983610003
2025-10-15 17:00:00+00:00,25.840698283610003
2025-10-15 18:00:00+00:00,27.75046698361
2025-10-15 19:00:00+00:00,26.28773968361
2025-10-15 20:00:00+00:00,23.228025283610002
2025-10-15 21:00:00+00:00,20.935598283610002
2025-10-15 22:00:00+00:00,19.76091429262
2025-10-15 23:00:00+00:00,18.970151292620002
2025-10-16 00:00:00+00:00,18.295603292619997
2025-10-16 01:00:00+00:00,18.21699519262
2025-10-16 02:00:00+00:00,18.33415629262
2025-10-16 03:00:00+00:00,18.98799849262
2025-10-16 04:00:00+00:00,21.65733489262
2025-10-16 05:00:00+00:00,25.099110992620002
2025-10-16 06:00:00+00:00,26.492338692620002
2025-10-16 07:00:00+00:00,23.43150959262
2025-10-16 08:00:00+00:00,17.280978892620002
2025-10-16 09:00:00+00:00,12.049508892619997
2025-10-16 10:00:00+00:00,9.173555592619998
2025-10-16 11:00:00+00:00,8.601817292620002
2025-10-16 12:00:00+00:00,8.231846092620003
2025-10-16 13:00:00+00:00,8.67716039262
2025-10-16 14:00:00+00:00,10.567605592620001
2025-10-16 15:00:00+00:00,14.787923992620001
2025-10-16 16:00:00+00:00,20.95322409262
2025-10-16 17:00:00+00:00,26.20238339262
2025-10-16 18:00:00+00:00,28.305181092619996
2025-10-16 19:00:00+00:00,27.003823292619998
2025-10-16 20:00:00+00:00,23.739593692619998
2025-10-16 21:00:00+00:00,21.30927409262
2025-10-16 22:00:00+00:00,20.005846476669998
2025-10-16 23:00:00+00:00,18.75472447667
2025-10-17 00:00:00+00:00,17.997200076669998
2025-10-17 01:00:00+00:00,17.855560676670002
2025-10-17 02:00:00+00:00,17.94629357667
2025-10-17 03:00:00+00:00,18.67646947667
2025-10-17 04:00:00+00:00,21.47925707667
2025-10-17 05:00:00+00:00,25.06367227667
2025-10-17 06:00:00+00:00,26.32212317667
2025-10-17 07:00:00+00:00,22.63624017667
2025-10-17 08:00:00+00:00,16.143416376669997
2025-10-17 09:00:00+00:00,10.756627976670003
2025-10-17 10:00:00+00:00,7.9308355766700025
2025-10-17 11:00:00+00:00,7.178764576670002
2025-10-17 12:00:00+00:00,6.7514865766700005
2025-10-17 13:00:00+00:00,6.777477276669998
2025-10-17 14:00:00+00:00,8.67795877667
2025-10-17 15:00:00+00:00,13.022625376670002
2025-10-17 16:00:00+00:00,19.70114347667
2025-10-17 17:00:00+00:00,25.63285377667
2025-10-17 18:00:00+00:00,27.56842567667
2025-10-17 19:00:00+00:00,26.559363676670003
2025-10-17 20:00:00+00:00,23.77889417667
2025-10-17 21:00:00+00:00,21.76810597667
2025-10-17 22:00:00+00:00,20.05791388072
2025-10-17 23:00:00+00:00,18.997196980720002
2025-10-18 00:00:00+00:00,17.89445678072
2025-10-18 01:00:00+00:00,17.32971148072
2025-10-18 02:00:00+00:00,17.07907208072
2025-10-18 03:00:00+00:00,17.15742788072
2025-10-18 04:00:00+00:00,17.88287838072
2025-10-18 05:00:00+00:00,19.07838248072
2025-10-18 06:00:00+00:00,19.89908038072
2025-10-18 07:00:00+00:00,15.85014218072
2025-10-18 08:00:00+00:00,9.242835280720003
2025-10-18 09:00:00+00:00,4.391874180720002
2025-10-18 10:00:00+00:00,1.823597980719999
2025-10-18 11:00:00+00:00,1.2369409807200036
2025-10-18 12:00:00+00:00,1.1685913807199988
2025-10-18 13:00:00+00:00,0.6898831807200025
2025-10-18 14:00:00+00:00,1.2786787807199964
2025-10-18 15:00:00+00:00,5.649226480719999
2025-10-18 16:00:00+00:00,13.474964880720004
2025-10-18 17:00:00+00:00,20.204017880720002
2025-10-18 18:00:00+00:00,22.049813280720002
2025-10-18 19:00:00+00:00,21.097447080720002
2025-10-18 20:00:00+00:00,18.72908518072
2025-10-18 21:00:00+00:00,16.810595380720002
2025-10-18 22:00:00+00:00,13.69050361265
2025-10-18 23:00:00+00:00,11.954261212650001
2025-10-19 00:00:00+00:00,10.55970491265
2025-10-19 01:00:00+00:00,9.72116071265
2025-10-19 02:00:00+00:00,9.006872312650001
2025-10-19 03:00:00+00:00,9.08372331265
2025-10-19 04:00:00+00:00,9.489174812649999
2025-10-19 05:00:00+00:00,9.89600531265
2025-10-19 06:00:00+00:00,9.930659012650002
2025-10-19 07:00:00+00:00,7.900490712649999
2025-10-19 08:00:00+00:00,3.6680454126500024
2025-10-19 09:00:00+00:00,0.06419021265000424
2025-10-19 10:00:00+00:00,-2.6699703873499985
2025-10-19 11:00:00+00:00,-3.3162701873499962
2025-10-19 12:00:00+00:00,-3.02154488735
2025-10-19 13:00:00+00:00,-3.469631387349999
2025-10-19 14:00:00+00:00,-2.704509187349995
2025-10-19 15:00:00+00:00,1.0116664126500012
2025-10-19 16:00:00+00:00,6.78135611265
2025-10-19 17:00:00+00:00,11.587791412649999
2025-10-19 18:00:00+00:00,13.818562312649997
2025-10-19 19:00:00+00:00,13.41249111265
2025-10-19 20:00:00+00:00,12.169947112649998
2025-10-19 21:00:00+00:00,10.483549912650002
2025-10-19 22:00:00+00:00,10.19692963481
2025-10-19 23:00:00+00:00,9.254890834810002
2025-10-20 00:00:00+00:00,8.590943334810001
2025-10-20 01:00:00+00:00,8.14984503481
2025-10-20 02:00:00+00:00,8.021062234810001
2025-10-20 03:00:00+00:00,8.77356913481
2025-10-20 04:00:00+00:00,11.69205283481
2025-10-20 05:00:00+00:00,15.25138323481
2025-10-20 06:00:00+00:00,17.35953863481
2025-10-20 07:00:00+00:00,15.025103634810002
2025-10-20 08:00:00+00:00,9.880365134810003
2025-10-20 09:00:00+00:00,5.519339234810005
2025-10-20 10:00:00+00:00,2.418442534810005
2025-10-20 11:00:00+00:00,1.4508635348100007
2025-10-20 12:00:00+00:00,0.6229469348100061
2025-10-20 13:00:00+00:00,0.2871360348100076
2025-10-20 14:00:00+00:00,0.7535354348100043
2025-10-20 15:00:00+00:00,4.1861866348100065
2025-10-20 16:00:00+00:00,10.545797234810006
2025-10-20 17:00:00+00:00,16.77773943481
2025-10-20 18:00:00+00:00,19.07506043481
2025-10-20 19:00:00+00:00,17.60128393481
2025-10-20 20:00:00+00:00,14.22536973481
2025-10-20 21:00:00+00:00,11.14854313481
2025-10-20 22:00:00+00:00,9.74871458782
2025-10-20 23:00:00+00:00,8.83726488782
2025-10-21 00:00:00+00:00,8.29080738782
2025-10-21 01:00:00+00:00,8.090397387820003
2025-10-21 02:00:00+00:00,8.11105108782
2025-10-21 03:00:00+00:00,8.65291938782
2025-10-21 04:00:00+00:00,11.09716978782
2025-10-21 05:00:00+00:00,14.43031348782
2025-10-21 06:00:00+00:00,16.175689587820003
2025-10-21 07:00:00+00:00,13.787801087820004
2025-10-21 08:00:00+00:00,9.043943987820004
2025-10-21 09:00:00+00:00,5.562853687820002
2025-10-21 10:00:00+00:00,3.205449087820007
2025-10-21 11:00:00+00:00,2.205174387820005
2025-10-21 12:00:00+00:00,1.0708698878200025
2025-10-21 13:00:00+00:00,0.48233048782000054
2025-10-21 14:00:00+00:00,1.3556025878200053
2025-10-21 15:00:00+00:00,5.256370387820006
2025-10-21 16:00:00+00:00,11.171364887820005
2025-10-21 17:00:00+00:00,16.651301087820002
2025-10-21 18:00:00+00:00,18.50923908782
2025-10-21 19:00:00+00:00,16.50354248782
2025-10-21 20:00:00+00:00,12.945413587820001
2025-10-21 21:00:00+00:00,9.872887187820002
2025-10-21 22:00:00+00:00,7.580827065969999
2025-10-21 23:00:00+00:00,6.503966765969999
2025-10-22 00:00:00+00:00,5.88416286597
2025-10-22 01:00:00+00:00,5.677526765969999
2025-10-22 02:00:00+00:00,5.57994296597
2025-10-22 03:00:00+00:00,6.1099116659699995
2025-10-22 04:00:00+00:00,8.471092365970001
2025-10-22 05:00:00+00:00,11.648649265970004
2025-10-22 06:00:00+00:00,13.337075965970001
2025-10-22 07:00:00+00:00,10.999525665970001
2025-10-22 08:00:00+00:00,5.954395265970003
2025-10-22 09:00:00+00:00,1.9459485659700029
2025-10-22 10:00:00+00:00,-0.5186732340300004
2025-10-22 11:00:00+00:00,-1.3476099340300003
2025-10-22 12:00:00+00:00,-2.242840634029996
2025-10-22 13:00:00+00:00,-2.52364803403
2025-10-22 14:00:00+00:00,-1.4595855340299977
2025-10-22 15:00:00+00:00,2.2636685659700007
2025-10-22 16:00:00+00:00,7.776802065969999
2025-10-22 17:00:00+00:00,13.041650565970002
2025-10-22 18:00:00+00:00,14.821869165970003
2025-10-22 19:00:00+00:00,13.183957665969999
2025-10-22 20:00:00+00:00,10.24255456597
2025-10-22 21:00:00+00:00,7.630747365969999
2025-10-22 22:00:00+00:00,5.938679262799997
2025-10-22 23:00:00+00:00,5.536579462799999
2025-10-23 00:00:00+00:00,5.754761762800005
2025-10-23 01:00:00+00:00,5.6400865628000005
2025-10-23 02:00:00+00:00,5.543600462800001
2025-10-23 03:00:00+00:00,5.398403262799999
2025-10-23 04:00:00+00:00,6.841736362799999
2025-10-23 05:00:00+00:00,9.8606532628
2025-10-23 06:00:00+00:00,11.487229062800001
2025-10-23 07:00:00+00:00,9.1084646628
2025-10-23 08:00:00+00:00,4.730793262799999
2025-10-23 09:00:00+00:00,0.9157020628000012
2025-10-23 10:00:00+00:00,-0.5156823371999977
2025-10-23 11:00:00+00:00,-0.6905315371999983
2025-10-23 12:00:00+00:00,-1.092070637199999
2025-10-23 13:00:00+00:00,-1.0114591372000028
2025-10-23 14:00:00+00:00,0.46576876279999624
2025-10-23 15:00:00+00:00,3.518285462799998
2025-10-23 16:00:00+00:00,9.966013762800003
2025-10-23 17:00:00+00:00,17.145708862800003
2025-10-23 18:00:00+00:00,19.8143435628
2025-10-23 19:00:00+00:00,19.4232374628
2025-10-23 20:00:00+00:00,17.0743654628
2025-10-23 21:00:00+00:00,15.3001233628
2025-10-23 22:00:00+00:00,15.37827972201
2025-10-23 23:00:00+00:00,14.65183542201
2025-10-24 00:00:00+00:00,14.14192772201
2025-10-24 01:00:00+00:00,13.966498922009999
2025-10-24 02:00:00+00:00,14.098128922010002
2025-10-24 03:00:00+00:00,14.89926192201
2025-10-24 04:00:00+00:00,17.624396522010002
2025-10-24 05:00:00+00:00,21.49313702201
2025-10-24 06:00:00+00:00,23.55605202201
2025-10-24 07:00:00+00:00,20.919806322010004
2025-10-24 08:00:00+00:00,15.965706122010001
2025-10-24 09:00:00+00:00,12.30008032201
2025-10-24 10:00:00+00:00,10.145938422009998
2025-10-24 11:00:00+00:00,9.138738722010004
2025-10-24 12:00:00+00:00,7.833771122009999
2025-10-24 13:00:00+00:00,7.138973922010003
2025-10-24 14:00:00+00:00,7.581147222010003
2025-10-24 15:00:00+00:00,11.110140822010003
2025-10-24 16:00:00+00:00,17.866313822010003
2025-10-24 17:00:00+00:00,23.788877622010002
2025-10-24 18:00:00+00:00,25.52740332201
2025-10-24 19:00:00+00:00,24.49885862201
2025-10-24 20:00:00+00:00,21.44582752201
2025-10-24 21:00:00+00:00,19.31233762201
2025-10-24 22:00:00+00:00,15.789604797629998
2025-10-24 23:00:00+00:00,14.735054497630001
2025-10-25 00:00:00+00:00,13.65125729763
2025-10-25 01:00:00+00:00,13.09555179763
2025-10-25 02:00:00+00:00,12.96279629763
2025-10-25 03:00:00+00:00,13.31904879763
2025-10-25 04:00:00+00:00,14.589798397629998
2025-10-25 05:00:00+00:00,16.445922897630002
2025-10-25 06:00:00+00:00,17.89621839763
2025-10-25 07:00:00+00:00,17.38305429763
2025-10-25 08:00:00+00:00,14.028942597630001
2025-10-25 09:00:00+00:00,10.299199197630001
2025-10-25 10:00:00+00:00,7.835862997630002
2025-10-25 11:00:00+00:00,7.1289475976300025
2025-10-25 12:00:00+00:00,6.4740765976300025
2025-10-25 13:00:00+00:00,5.347076597630004
2025-10-25 14:00:00+00:00,5.330727197630001
2025-10-25 15:00:00+00:00,8.412630797630003
2025-10-25 16:00:00+00:00,14.340715897630002
2025-10-25 17:00:00+00:00,18.97744609763
2025-10-25 18:00:00+00:00,20.72620159763
2025-10-25 19:00:00+00:00,20.15366709763
2025-10-25 20:00:00+00:00,17.95762929763
2025-10-25 21:00:00+00:00,16.01709309763
2025-10-25 22:00:00+00:00,14.04110055112
2025-10-25 23:00:00+00:00,12.441741351120001
2025-10-26 00:00:00+00:00,11.245090701120002
2025-10-26 01:00:00+00:00,11.245090701120002
2025-10-26 02:00:00+00:00,9.76765825112
2025-10-26 03:00:00+00:00,9.220836951119999
2025-10-26 04:00:00+00:00,8.995435651120003
2025-10-26 05:00:00+00:00,9.07735035112
2025-10-26 06:00:00+00:00,9.18447825112
2025-10-26 07:00:00+00:00,8.41970475112
2025-10-26 08:00:00+00:00,6.981160251120002
2025-10-26 09:00:00+00:00,5.613172251120002
2025-10-26 10:00:00+00:00,3.888191851120002
2025-10-26 11:00:00+00:00,2.4752285511200007
2025-10-26 12:00:00+00:00,2.31318615112
2025-10-26 13:00:00+00:00,2.701815451119998
2025-10-26 14:00:00+00:00,2.8026803511199994
2025-10-26 15:00:00+00:00,4.95520475112
2025-10-26 16:00:00+00:00,9.452770951119998
2025-10-26 17:00:00+00:00,13.49618375112
2025-10-26 18:00:00+00:00,15.468082651120001
2025-10-26 19:00:00+00:00,17.45346035112
2025-10-26 20:00:00+00:00,17.311903051119998
2025-10-26 21:00:00+00:00,15.715008451120001
2025-10-26 22:00:00+00:00,14.412193251120001
2025-10-26 23:00:00+00:00,13.425550464420002
2025-10-27 00:00:00+00:00,12.634866864420001
2025-10-27 01:00:00+00:00,12.361361364420002
2025-10-27 02:00:00+00:00,12.458604864420002
2025-10-27 03:00:00+00:00,12.909269064419998
2025-10-27 04:00:00+00:00,13.850657364420002
2025-10-27 05:00:00+00:00,16.941256664420003
2025-10-27 06:00:00+00:00,20.70400636442
2025-10-27 07:00:00+00:00,18.612732764420002
2025-10-27 08:00:00+00:00,12.50263916442
2025-10-27 09:00:00+00:00,8.344622464419999
2025-10-27 10:00:00+00:00,5.8971408644200025
2025-10-27 11:00:00+00:00,4.801901364420004
2025-10-27 12:00:00+00:00,4.96079836442
2025-10-27 13:00:00+00:00,5.618657664420006
2025-10-27 14:00:00+00:00,6.752888764420003
2025-10-27 15:00:00+00:00,11.013736864420004
2025-10-27 16:00:00+00:00,18.48211736442
2025-10-27 17:00:00+00:00,23.53233406442
2025-10-27 18:00:00+00:00,25.18769316442
2025-10-27 19:00:00+00:00,26.41500676442
2025-10-27 20:00:00+00:00,25.15544266442
2025-10-27 21:00:00+00:00,22.21383506442
2025-10-27 22:00:00+00:00,20.000525264420002
2025-10-27 23:00:00+00:00,18.23707109571
2025-10-28 00:00:00+00:00,17.35943049571
2025-10-28 01:00:00+00:00,16.878243495710002
2025-10-28 02:00:00+00:00,16.88277949571
2025-10-28 03:00:00+00:00,17.19142769571
2025-10-28 04:00:00+00:00,17.89707369571
2025-10-28 05:00:00+00:00,20.49008869571
2025-10-28 06:00:00+00:00,23.80650509571
2025-10-28 07:00:00+00:00,21.26390569571
2025-10-28 08:00:00+00:00,14.832685395709998
2025-10-28 09:00:00+00:00,10.475405695709998
2025-10-28 10:00:00+00:00,8.39805459571
2025-10-28 11:00:00+00:00,8.120460095709998
2025-10-28 12:00:00+00:00,9.139851795710001
2025-10-28 13:00:00+00:00,10.471580895709998
2025-10-28 14:00:00+00:00,12.435754395710001
2025-10-28 15:00:00+00:00,16.53684339571
2025-10-28 16:00:00+00:00,21.51321589571
2025-10-28 17:00:00+00:00,23.78988209571
2025-10-28 18:00:00+00:00,24.63877259571
2025-10-28 19:00:00+00:00,25.354721195710002
2025-10-28 20:00:00+00:00,23.404718395710002
2025-10-28 21:00:00+00:00,19.65560649571
2025-10-28 22:00:00+00:00,16.81447509571
2025-10-28 23:00:00+00:00,14.854302144790001
2025-10-29 00:00:00+00:00,13.396054244790001
2025-10-29 01:00:00+00:00,12.580178644790001
2025-10-29 02:00:00+00:00,12.431925844790001
2025-10-29 03:00:00+00:00,12.576144644789998
2025-10-29 04:00:00+00:00,13.206663244790002
2025-10-29 05:00:00+00:00,15.716304744790001
2025-10-29 06:00:00+00:00,19.001007244790003
2025-10-29 07:00:00+00:00,19.52430184479
2025-10-29 08:00:00+00:00,17.568308744790002
2025-10-29 09:00:00+00:00,16.007082244790002
2025-10-29 10:00:00+00:00,14.648167044790004
2025-10-29 11:00:00+00:00,14.212635544790004
2025-10-29 12:00:00+00:00,14.680124444790001
2025-10-29 13:00:00+00:00,15.569716444790004
2025-10-29 14:00:00+00:00,16.70047544479
2025-10-29 15:00:00+00:00,19.089185544790002
2025-10-29 16:00:00+00:00,22.742338144789997
2025-10-29 17:00:00+00:00,25.30126374479
2025-10-29 18:00:00+00:00,27.02190014479
2025-10-29 19:00:00+00:00,28.31866684479
2025-10-29 20:00:00+00:00,27.028134144790002
2025-10-29 21:00:00+00:00,23.916270844790002
2025-10-29 22:00:00+00:00,21.526674344790003
2025-10-29 23:00:00+00:00,17.90652769683
2025-10-30 00:00:00+00:00,16.82739429683
2025-10-30 01:00:00+00:00,15.96861969683
2025-10-30 02:00:00+00:00,15.310976096830002
2025-10-30 03:00:00+00:00,14.929471896830002
2025-10-30 04:00:00+00:00,15.38401269683
2025-10-30 05:00:00+00:00,17.83736569683
2025-10-30 06:00:00+00:00,20.820139596830003
2025-10-30 07:00:00+00:00,19.520289696830005
2025-10-30 08:00:00+00:00,14.578760896830001
2025-10-30 09:00:00+00:00,10.273545796830003
2025-10-30 10:00:00+00:00,6.75245259683
2025-10-30 11:00:00+00:00,4.953449096829999
2025-10-30 12:00:00+00:00,3.870891596829999
2025-10-30 13:00:00+00:00,3.3157834968300044
2025-10-30 14:00:00+00:00,3.959181696830001
2025-10-30 15:00:00+00:00,7.840751996830001
2025-10-30 16:00:00+00:00,14.220803196830001
2025-10-30 17:00:00+00:00,18.587738796830003
2025-10-30 18:00:00+00:00,19.858004996829997
2025-10-30 19:00:00+00:00,20.23232469683
2025-10-30 20:00:00+00:00,18.69418149683
2025-10-30 21:00:00+00:00,15.678255796830003
2025-10-30 22:00:00+00:00,13.37907689683
2025-10-30 23:00:00+00:00,12.507651019739999
2025-10-31 00:00:00+00:00,11.306139219739999
2025-10-31 01:00:00+00:00,10.83965001974
2025-10-31 02:00:00+00:00,10.83058331974
2025-10-31 03:00:00+00:00,10.42103531974
2025-10-31 04:00:00+00:00,10.865575019739998
2025-10-31 05:00:00+00:00,13.35691851974
2025-10-31 06:00:00+00:00,16.57557501974
2025-10-31 07:00:00+00:00,15.80525891974
2025-10-31 08:00:00+00:00,12.218962219740003
2025-10-31 09:00:00+00:00,9.152627419740003
2025-10-31 10:00:00+00:00,6.942784619739996
2025-10-31 11:00:00+00:00,6.253924119740002
2025-10-31 12:00:00+00:00,6.254834919740002
2025-10-31 13:00:00+00:00,6.8127923197400015
2025-10-31 14:00:00+00:00,7.633339119739997
2025-10-31 15:00:00+00:00,10.336484619740002
2025-10-31 16:00:00+00:00,14.76359781974
2025-10-31 17:00:00+00:00,17.997060219740003
2025-10-31 18:00:00+00:00,18.95068581974
2025-10-31 19:00:00+00:00,18.894955019740003
2025-10-31 20:00:00+00:00,17.35591931974
2025-10-31 21:00:00+00:00,14.438152619740004
2025-10-31 22:00:00+00:00,12.39367881974
2025-10-31 23:00:00+00:00,11.34042170565
2025-11-01 00:00:00+00:00,10.341967205649999
2025-11-01 01:00:00+00:00,9.63769950565
2025-11-01 02:00:00+00:00,9.383708405649998
2025-11-01 03:00:00+00:00,9.324699205649997
2025-11-01 04:00:00+00:00,9.65469160565
2025-11-01 05:00:00+00:00,10.587121805650002
2025-11-01 06:00:00+00:00,11.163792505650001
2025-11-01 07:00:00+00:00,9.40140270565
2025-11-01 08:00:00+00:00,6.474245105649999
2025-11-01 09:00:00+00:00,4.4946279056500025
2025-11-01 10:00:00+00:00,3.286734105649998
2025-11-01 11:00:00+00:00,2.856600905649998
2025-11-01 12:00:00+00:00,3.43697850565
2025-11-01 13:00:00+00:00,4.2045249056500005
2025-11-01 14:00:00+00:00,4.97604680565
2025-11-01 15:00:00+00:00,8.18898600565
2025-11-01 16:00:00+00:00,13.489275505649998
2025-11-01 17:00:00+00:00,17.270279605650003
2025-11-01 18:00:00+00:00,19.02240850565
2025-11-01 19:00:00+00:00,19.80074280565
2025-11-01 20:00:00+00:00,18.89671280565
2025-11-01 21:00:00+00:00,17.12836780565
2025-11-01 22:00:00+00:00,15.26179860565
2025-11-01 23:00:00+00:00,12.9358516315
2025-11-02 00:00:00+00:00,11.797652631499998
2025-11-02 01:00:00+00:00,10.687321931500001
2025-11-02 02:00:00+00:00,9.933955431500003
2025-11-02 03:00:00+00:00,9.172063231500001
2025-11-02 04:00:00+00:00,8.6827841315
2025-11-02 05:00:00+00:00,8.884598831500002
2025-11-02 06:00:00+00:00,9.286067631500002
2025-11-02 07:00:00+00:00,7.309379131500002
2025-11-02 08:00:00+00:00,2.8871869315000005
2025-11-02 09:00:00+00:00,-0.33239016849999814
2025-11-02 10:00:00+00:00,-1.3893520684999991
2025-11-02 11:00:00+00:00,-2.4571784685000004
2025-11-02 12:00:00+00:00,-2.587108968500001
2025-11-02 13:00:00+00:00,-1.5715676684999984
2025-11-02 14:00:00+00:00,-1.462540868499996
2025-11-02 15:00:00+00:00,1.6675419315000006
2025-11-02 16:00:00+00:00,9.277181631500003
2025-11-02 17:00:00+00:00,16.0541908315
2025-11-02 18:00:00+00:00,18.010773131500002
2025-11-02 19:00:00+00:00,19.3074507315
2025-11-02 20:00:00+00:00,19.4617234315
2025-11-02 21:00:00+00:00,18.1181292315
2025-11-02 22:00:00+00:00,16.3484480315
2025-11-02 23:00:00+00:00,14.910583358350001
2025-11-03 00:00:00+00:00,14.01212025835
2025-11-03 01:00:00+00:00,13.23671315835
2025-11-03 02:00:00+00:00,13.17114755835
2025-11-03 03:00:00+00:00,13.111049158350001
2025-11-03 04:00:00+00:00,13.90688055835
2025-11-03 05:00:00+00:00,17.090034358349996
2025-11-03 06:00:00+00:00,21.18776965835
2025-11-03 07:00:00+00:00,19.47312275835
2025-11-03 08:00:00+00:00,12.15390855835
2025-11-03 09:00:00+00:00,6.519534758350002
2025-11-03 10:00:00+00:00,4.364273358350001
2025-11-03 11:00:00+00:00,3.75188275835
2025-11-03 12:00:00+00:00,3.884621958350003
2025-11-03 13:00:00+00:00,5.021506758350004
2025-11-03 14:00:00+00:00,6.381137658349999
2025-11-03 15:00:00+00:00,10.935439058350003
2025-11-03 16:00:00+00:00,18.95638645835
2025-11-03 17:00:00+00:00,25.242451558349998
2025-11-03 18:00:00+00:00,25.62918105835
2025-11-03 19:00:00+00:00,24.82486495835
2025-11-03 20:00:00+00:00,23.30091985835
2025-11-03 21:00:00+00:00,19.96870775835
2025-11-03 22:00:00+00:00,16.85355685835
2025-11-03 23:00:00+00:00,15.058279674870002
2025-11-04 00:00:00+00:00,13.701747974869999
2025-11-04 01:00:00+00:00,12.54535377487
2025-11-04 02:00:00+00:00,12.21225417487
2025-11-04 03:00:00+00:00,11.91430147487
2025-11-04 04:00:00+00:00,12.369137074870002
2025-11-04 05:00:00+00:00,14.96271297487
2025-11-04 06:00:00+00:00,18.60045837487
2025-11-04 07:00:00+00:00,16.88929987487
2025-11-04 08:00:00+00:00,10.62208907487
2025-11-04 09:00:00+00:00,5.623719974869999
2025-11-04 10:00:00+00:00,3.592283274869999
2025-11-04 11:00:00+00:00,3.0016928748700025
2025-11-04 12:00:00+00:00,3.3687429748700026
2025-11-04 13:00:00+00:00,4.638971274870002
2025-11-04 14:00:00+00:00,6.482342274870003
2025-11-04 15:00:00+00:00,10.87671067487
2025-11-04 16:00:00+00:00,16.891596474870003
2025-11-04 17:00:00+00:00,21.173876174870003
2025-11-04 18:00:00+00:00,21.366365674870003
2025-11-04 19:00:00+00:00,21.12893427487
2025-11-04 20:00:00+00:00,20.13185707487
2025-11-04 21:00:00+00:00,17.35221527487
2025-11-04 22:00:00+00:00,14.76701807487
2025-11-04 23:00:00+00:00,9.59468771645
2025-11-05 00:00:00+00:00,8.496676416450002
2025-11-05 01:00:00+00:00,7.371370616449999
2025-11-05 02:00:00+00:00,7.02949111645
2025-11-05 03:00:00+00:00,6.746738016449999
2025-11-05 04:00:00+00:00,7.083136716449999
2025-11-05 05:00:00+00:00,9.46492061645
2025-11-05 06:00:00+00:00,12.91828781645
2025-11-05 07:00:00+00:00,12.356159116450002
2025-11-05 08:00:00+00:00,7.919778516450002
2025-11-05 09:00:00+00:00,4.211732516450006
2025-11-05 10:00:00+00:00,2.399800616450001
2025-11-05 11:00:00+00:00,1.689464916450003
2025-11-05 12:00:00+00:00,1.7777374164500017
2025-11-05 13:00:00+00:00,2.8358641164500007
2025-11-05 14:00:00+00:00,4.619441016450008
2025-11-05 15:00:00+00:00,7.37377161645
2025-11-05 16:00:00+00:00,11.244739216450004
2025-11-05 17:00:00+00:00,14.66267731645
2025-11-05 18:00:00+00:00,15.599755416450002
2025-11-05 19:00:00+00:00,15.74241581645
2025-11-05 20:00:00+00:00,15.068129516449998
2025-11-05 21:00:00+00:00,12.698740116450002
2025-11-05 22:00:00+00:00,10.30269691645
2025-11-05 23:00:00+00:00,8.10504812898
2025-11-06 00:00:00+00:00,7.163175028980001
2025-11-06 01:00:00+00:00,6.1943317289800035
2025-11-06 02:00:00+00:00,5.8265380289800035
2025-11-06 03:00:00+00:00,5.711257828980001
2025-11-06 04:00:00+00:00,6.401827428980003
2025-11-06 05:00:00+00:00,8.940646428980003
2025-11-06 06:00:00+00:00,11.79744012898
2025-11-06 07:00:00+00:00,10.485590728980004
2025-11-06 08:00:00+00:00,4.754123328979997
2025-11-06 09:00:00+00:00,0.3486857289800014
2025-11-06 10:00:00+00:00,-1.7011634710199992
2025-11-06 11:00:00+00:00,-2.1151351710200004
2025-11-06 12:00:00+00:00,-1.4502796710199988
2025-11-06 13:00:00+00:00,-0.7667538710200006
2025-11-06 14:00:00+00:00,0.7044393289800013
2025-11-06 15:00:00+00:00,5.0679587289800025
2025-11-06 16:00:00+00:00,11.74738392898
2025-11-06 17:00:00+00:00,16.176394628980002
2025-11-06 18:00:00+00:00,17.40406662898
2025-11-06 19:00:00+00:00,17.640122928980006
2025-11-06 20:00:00+00:00,16.567294928980004
2025-11-06 21:00:00+00:00,14.04651102898
2025-11-06 22:00:00+00:00,11.651860228980004
2025-11-06 23:00:00+00:00,9.6719266266
2025-11-07 00:00:00+00:00,8.6242489266
2025-11-07 01:00:00+00:00,7.974634326600002
2025-11-07 02:00:00+00:00,7.721580226600002
2025-11-07 03:00:00+00:00,7.7749876266
2025-11-07 04:00:00+00:00,8.618878626599999
2025-11-07 05:00:00+00:00,11.4445568266
2025-11-07 06:00:00+00:00,15.2268546266
2025-11-07 07:00:00+00:00,15.128704426600002
2025-11-07 08:00:00+00:00,11.122795826600004
2025-11-07 09:00:00+00:00,8.473321326600004
2025-11-07 10:00:00+00:00,7.296860426600002
2025-11-07 11:00:00+00:00,7.424178226600002
2025-11-07 12:00:00+00:00,8.334075326600004
2025-11-07 13:00:00+00:00,9.538238026600002
2025-11-07 14:00:00+00:00,11.232303526600003
2025-11-07 15:00:00+00:00,13.2938273266
2025-11-07 16:00:00+00:00,17.362812626600004
2025-11-07 17:00:00+00:00,20.362797526599998
2025-11-07 18:00:00+00:00,21.2893979266
2025-11-07 19:00:00+00:00,21.3392322266
2025-11-07 20:00:00+00:00,19.972868526600003
2025-11-07 21:00:00+00:00,17.3228269266
2025-11-07 22:00:00+00:00,15.039499126599999
2025-11-07 23:00:00+00:00,11.643194456560003
2025-11-08 00:00:00+00:00,10.014441756560004
2025-11-08 01:00:00+00:00,8.31177235656
2025-11-08 02:00:00+00:00,6.885755656560002
2025-11-08 03:00:00+00:00,6.266934056560002
2025-11-08 04:00:00+00:00,6.060495556560001
2025-11-08 05:00:00+00:00,6.547971956560003
2025-11-08 06:00:00+00:00,7.868955256560003
2025-11-08 07:00:00+00:00,6.404165756560001
2025-11-08 08:00:00+00:00,1.2895859565599999
2025-11-08 09:00:00+00:00,-2.433077743440002
2025-11-08 10:00:00+00:00,-4.3317153434399955
2025-11-08 11:00:00+00:00,-4.649754443439999
2025-11-08 12:00:00+00:00,-4.76961914344
2025-11-08 13:00:00+00:00,-4.19554784344
2025-11-08 14:00:00+00:00,-2.8543497434400003
2025-11-08 15:00:00+00:00,1.196769456560002
2025-11-08 16:00:00+00:00,8.609691256560003
2025-11-08 17:00:00+00:00,14.17435895656
2025-11-08 18:00:00+00:00,15.15313445656
2025-11-08 19:00:00+00:00,15.91740665656
2025-11-08 20:00:00+00:00,15.722844956560001
2025-11-08 21:00:00+00:00,14.45664615656
2025-11-08 22:00:00+00:00,13.316733956560002
2025-11-08 23:00:00+00:00,12.24380414835
2025-11-09 00:00:00+00:00,11.327036448349999
2025-11-09 01:00:00+00:00,10.677806048349998
2025-11-09 02:00:00+00:00,10.260933348350003
2025-11-09 03:00:00+00:00,10.247808148350002
2025-11-09 04:00:00+00:00,10.597716948350001
2025-11-09 05:00:00+00:00,11.667388848349999
2025-11-09 06:00:00+00:00,12.71995464835
2025-11-09 07:00:00+00:00,10.289755048350003
2025-11-09 08:00:00+00:00,4.067476448350003
2025-11-09 09:00:00+00:00,0.1800642483499999
2025-11-09 10:00:00+00:00,-0.9276953516500015
2025-11-09 11:00:00+00:00,-1.2894230516499974
2025-11-09 12:00:00+00:00,-0.38967275165000004
2025-11-09 13:00:00+00:00,1.0857599483500024
2025-11-09 14:00:00+00:00,2.8468859483499998
2025-11-09 15:00:00+00:00,8.16010944835
2025-11-09 16:00:00+00:00,15.38244414835
2025-11-09 17:00:00+00:00,20.19563524835
2025-11-09 18:00:00+00:00,20.91655244835
2025-11-09 19:00:00+00:00,21.98760454835
2025-11-09 20:00:00+00:00,21.75038414835
2025-11-09 21:00:00+00:00,20.04817034835
2025-11-09 22:00:00+00:00,17.650955248349998
2025-11-09 23:00:00+00:00,15.053582906709998
2025-11-10 00:00:00+00:00,13.585159306709999
2025-11-10 01:00:00+00:00,12.92229570671
2025-11-10 02:00:00+00:00,12.532870506710001
2025-11-10 03:00:00+00:00,12.435985706710001
2025-11-10 04:00:00+00:00,13.06226500671
2025-11-10 05:00:00+00:00,16.399949806709998
2025-11-10 06:00:00+00:00,20.60906970671
2025-11-10 07:00:00+00:00,20.62969320671
2025-11-10 08:00:00+00:00,14.144927406710002
2025-11-10 09:00:00+00:00,9.00641280671
2025-11-10 10:00:00+00:00,6.596580006709999
2025-11-10 11:00:00+00:00,5.610783406710002
2025-11-10 12:00:00+00:00,5.526515106710001
2025-11-10 13:00:00+00:00,6.3288392067100006
2025-11-10 14:00:00+00:00,8.58526650671
2025-11-10 15:00:00+00:00,14.175797206710003
2025-11-10 16:00:00+00:00,21.62583030671
2025-11-10 17:00:00+00:00,26.07722610671
2025-11-10 18:00:00+00:00,26.098591806710004
2025-11-10 19:00:00+00:00,26.52648260671
2025-11-10 20:00:00+00:00,25.675822106709997
2025-11-10 21:00:00+00:00,22.81593980671
2025-11-10 22:00:00+00:00,19.84570080671
2025-11-10 23:00:00+00:00,16.875622441490002
2025-11-11 00:00:00+00:00,15.239389941489998
2025-11-11 01:00:00+00:00,14.33058044149
2025-11-11 02:00:00+00:00,13.830665541490001
2025-11-11 03:00:00+00:00,13.72126604149
2025-11-11 04:00:00+00:00,14.08417404149
2025-11-11 05:00:00+00:00,16.74069074149
2025-11-11 06:00:00+00:00,20.37106874149
2025-11-11 07:00:00+00:00,19.61239244149
2025-11-11 08:00:00+00:00,12.537936241490002
2025-11-11 09:00:00+00:00,6.729175941490002
2025-11-11 10:00:00+00:00,3.9782119414900023
2025-11-11 11:00:00+00:00,3.0456977414900024
2025-11-11 12:00:00+00:00,2.9524021414900012
2025-11-11 13:00:00+00:00,3.302671841490003
2025-11-11 14:00:00+00:00,4.956464441490002
2025-11-11 15:00:00+00:00,10.171310841490001
2025-11-11 16:00:00+00:00,17.194350541490003
2025-11-11 17:00:00+00:00,21.08123304149
2025-11-11 18:00:00+00:00,20.650522341490003
2025-11-11 19:00:00+00:00,20.533261441489998
2025-11-11 20:00:00+00:00,19.17759194149
2025-11-11 21:00:00+00:00,16.149437241490002
2025-11-11 22:00:00+00:00,13.433717141490002
2025-11-11 23:00:00+00:00,9.499954483289999
2025-11-12 00:00:00+00:00,8.14009498329
2025-11-12 01:00:00+00:00,7.27529748329
2025-11-12 02:00:00+00:00,6.903078683290003
2025-11-12 03:00:00+00:00,6.9146282832900035
2025-11-12 04:00:00+00:00,7.244184683290003
2025-11-12 05:00:00+00:00,9.838568683290001
2025-11-12 06:00:00+00:00,13.512594583290001
2025-11-12 07:00:00+00:00,13.19204228329
2025-11-12 08:00:00+00:00,7.159562383290005
2025-11-12 09:00:00+00:00,2.058339083290001
2025-11-12 10:00:00+00:00,-0.18382851670999756
2025-11-12 11:00:00+00:00,-0.9636920167099952
2025-11-12 12:00:00+00:00,-1.4291652167100004
2025-11-12 13:00:00+00:00,-1.5258090167099994
2025-11-12 14:00:00+00:00,0.026740183290005604
2025-11-12 15:00:00+00:00,5.0490230832900025
2025-11-12 16:00:00+00:00,11.612697683290001
2025-11-12 17:00:00+00:00,15.60509488329
2025-11-12 18:00:00+00:00,15.970376983290002
2025-11-12 19:00:00+00:00,16.62934668329
2025-11-12 20:00:00+00:00,15.83272318329
2025-11-12 21:00:00+00:00,13.162038383290003
2025-11-12 22:00:00+00:00,10.628011083290001
2025-11-12 23:00:00+00:00,8.724848543519999
2025-11-13 00:00:00+00:00,7.914246743520003
2025-11-13 01:00:00+00:00,7.124508943519999
2025-11-13 02:00:00+00:00,7.01603604352
2025-11-13 03:00:00+00:00,6.85132964352
2025-11-13 04:00:00+00:00,7.99515684352
2025-11-13 05:00:00+00:00,10.92174044352
2025-11-13 06:00:00+00:00,14.537620543520001
2025-11-13 07:00:00+00:00,14.78324334352
2025-11-13 08:00:00+00:00,11.56968164352
2025-11-13 09:00:00+00:00,9.034263543519998
2025-11-13 10:00:00+00:00,6.749313743520002
2025-11-13 11:00:00+00:00,5.84040744352
2025-11-13 12:00:00+00:00,6.0547083435200015
2025-11-13 13:00:00+00:00,7.01001934352
2025-11-13 14:00:00+00:00,8.671898843520001
2025-11-13 15:00:00+00:00,10.600206043519997
2025-11-13 16:00:00+00:00,12.819173243520002
2025-11-13 17:00:00+00:00,14.60714054352
2025-11-13 18:00:00+00:00,15.030648643519996
2025-11-13 19:00:00+00:00,15.120103543519999
2025-11-13 20:00:00+00:00,13.712234843520001
2025-11-13 21:00:00+00:00,10.842250543519999
2025-11-13 22:00:00+00:00,8.264740443520001
2025-11-13 23:00:00+00:00,6.7962803890900005
2025-11-14 00:00:00+00:00,5.726329889090003
2025-11-14 01:00:00+00:00,5.019950389090003
2025-11-14 02:00:00+00:00,4.773134189090001
2025-11-14 03:00:00+00:00,4.682320089089998
2025-11-14 04:00:00+00:00,5.3828554890900016
2025-11-14 05:00:00+00:00,8.132235389089999
2025-11-14 06:00:00+00:00,12.432933589089998
2025-11-14 07:00:00+00:00,13.59838958909
2025-11-14 08:00:00+00:00,11.164359289090001
2025-11-14 09:00:00+00:00,8.26843928909
2025-11-14 10:00:00+00:00,5.710585189090008
2025-11-14 11:00:00+00:00,4.314921689089999
2025-11-14 12:00:00+00:00,3.9955549890899995
2025-11-14 13:00:00+00:00,4.757066389090003
2025-11-14 14:00:00+00:00,6.14120718909
2025-11-14 15:00:00+00:00,9.11644448909
2025-11-14 16:00:00+00:00,12.89406908909
2025-11-14 17:00:00+00:00,15.411645489089999
2025-11-14 18:00:00+00:00,15.97579118909
2025-11-14 19:00:00+00:00,15.70159338909
2025-11-14 20:00:00+00:00,14.06362698909
2025-11-14 21:00:00+00:00,11.111186089090001
2025-11-14 22:00:00+00:00,8.87576178909
2025-11-14 23:00:00+00:00,7.181430182840003
2025-11-15 00:00:00+00:00,6.033011782840003
2025-11-15 01:00:00+00:00,5.367085682840003
2025-11-15 02:00:00+00:00,5.067712882839999
2025-11-15 03:00:00+00:00,5.297453282840003
2025-11-15 04:00:00+00:00,5.8660397828400015
2025-11-15 05:00:00+00:00,7.200489282840001
2025-11-15 06:00:00+00:00,8.63505008284
2025-11-15 07:00:00+00:00,8.376316682839999
2025-11-15 08:00:00+00:00,6.966817082840002
2025-11-15 09:00:00+00:00,6.024157682840002
2025-11-15 10:00:00+00:00,4.946696582840001
2025-11-15 11:00:00+00:00,4.7352011828400045
2025-11-15 12:00:00+00:00,5.906935282840003
2025-11-15 13:00:00+00:00,7.769217282840003
2025-11-15 14:00:00+00:00,8.806009782840004
2025-11-15 15:00:00+00:00,9.979714782840004
2025-11-15 16:00:00+00:00,11.999546682840002
2025-11-15 17:00:00+00:00,14.096405482839998
2025-11-15 18:00:00+00:00,14.27737088284
2025-11-15 19:00:00+00:00,14.36780448284
2025-11-15 20:00:00+00:00,13.669767182839998
2025-11-15 21:00:00+00:00,11.72425728284
2025-11-15 22:00:00+00:00,9.950818382840003
2025-11-15 23:00:00+00:00,9.193791108560001
2025-11-16 00:00:00+00:00,8.127565008560001
2025-11-16 01:00:00+00:00,7.1598932085600016
2025-11-16 02:00:00+00:00,6.590341208560002
2025-11-16 03:00:00+00:00,6.379635108560002
2025-11-16 04:00:00+00:00,6.291368008560003
2025-11-16 05:00:00+00:00,7.207756708560002
2025-11-16 06:00:00+00:00,7.724752708559997
2025-11-16 07:00:00+00:00,6.592208708560001
2025-11-16 08:00:00+00:00,3.8514575085599994
2025-11-16 09:00:00+00:00,1.5918266085599981
2025-11-16 10:00:00+00:00,-0.07163719143999714
2025-11-16 11:00:00+00:00,-0.8756009914400025
2025-11-16 12:00:00+00:00,-0.9347591914400049
2025-11-16 13:00:00+00:00,0.24895490855999824
2025-11-16 14:00:00+00:00,1.0798329085600002
2025-11-16 15:00:00+00:00,5.488008908559998
2025-11-16 16:00:00+00:00,12.020525008560002
2025-11-16 17:00:00+00:00,16.74520620856
2025-11-16 18:00:00+00:00,18.18854120856
2025-11-16 19:00:00+00:00,19.161770508560004
2025-11-16 20:00:00+00:00,18.921599108560002
2025-11-16 21:00:00+00:00,17.321189408560002
2025-11-16 22:00:00+00:00,15.588166508559999
2025-11-16 23:00:00+00:00,14.16566659339
2025-11-17 00:00:00+00:00,13.32102069339
2025-11-17 01:00:00+00:00,12.89486759339
2025-11-17 02:00:00+00:00,12.76113269339
2025-11-17 03:00:00+00:00,12.94198129339
2025-11-17 04:00:00+00:00,14.075799293389998
2025-11-17 05:00:00+00:00,17.73040469339
2025-11-17 06:00:00+00:00,21.54444099339
2025-11-17 07:00:00+00:00,22.22498419339
2025-11-17 08:00:00+00:00,18.59228239339
2025-11-17 09:00:00+00:00,14.558786593389998
2025-11-17 10:00:00+00:00,11.378415793390001
2025-11-17 11:00:00+00:00,9.893642393390003
2025-11-17 12:00:00+00:00,8.55666099339
2025-11-17 13:00:00+00:00,8.07551179339
2025-11-17 14:00:00+00:00,8.81279869339
2025-11-17 15:00:00+00:00,12.33127709339
2025-11-17 16:00:00+00:00,17.44993139339
2025-11-17 17:00:00+00:00,20.32116919339
2025-11-17 18:00:00+00:00,19.72971739339
2025-11-17 19:00:00+00:00,19.56675089339
2025-11-17 20:00:00+00:00,18.32858669339
2025-11-17 21:00:00+00:00,15.37170669339
2025-11-17 22:00:00+00:00,12.783308493389999
2025-11-17 23:00:00+00:00,12.302125965610001
2025-11-18 00:00:00+00:00,11.18112656561
2025-11-18 01:00:00+00:00,10.490940265610002
2025-11-18 02:00:00+00:00,10.470713665609999
2025-11-18 03:00:00+00:00,10.73580766561
2025-11-18 04:00:00+00:00,11.528890965610001
2025-11-18 05:00:00+00:00,14.690888765610001
2025-11-18 06:00:00+00:00,18.54159326561
2025-11-18 07:00:00+00:00,18.274720065609998
2025-11-18 08:00:00+00:00,11.94705556561
2025-11-18 09:00:00+00:00,6.126355665609999
2025-11-18 10:00:00+00:00,3.85882546561
2025-11-18 11:00:00+00:00,3.8826625656100013
2025-11-18 12:00:00+00:00,4.3223276656100005
2025-11-18 13:00:00+00:00,5.28732736561
2025-11-18 14:00:00+00:00,7.0891779656099985
2025-11-18 15:00:00+00:00,12.686317965610002
2025-11-18 16:00:00+00:00,20.92908756561
2025-11-18 17:00:00+00:00,25.87386896561
2025-11-18 18:00:00+00:00,26.236414965609995
2025-11-18 19:00:00+00:00,27.13673806561
2025-11-18 20:00:00+00:00,26.628980765610002
2025-11-18 21:00:00+00:00,24.11939036561
2025-11-18 22:00:00+00:00,21.50541426561
2025-11-18 23:00:00+00:00,19.98181009224
2025-11-19 00:00:00+00:00,18.743028892239998
2025-11-19 01:00:00+00:00,17.85694019224
2025-11-19 02:00:00+00:00,17.46321599224
2025-11-19 03:00:00+00:00,17.24740019224
2025-11-19 04:00:00+00:00,17.74297719224
2025-11-19 05:00:00+00:00,20.63145639224
2025-11-19 06:00:00+00:00,24.308646292240002
2025-11-19 07:00:00+00:00,23.95903489224
2025-11-19 08:00:00+00:00,17.859258192240002
2025-11-19 09:00:00+00:00,11.942733692239997
2025-11-19 10:00:00+00:00,8.636661492239998
2025-11-19 11:00:00+00:00,7.407118992240001
2025-11-19 12:00:00+00:00,6.6134720922399985
2025-11-19 13:00:00+00:00,6.903031592239998
2025-11-19 14:00:00+00:00,8.22861949224
2025-11-19 15:00:00+00:00,13.050730092239998
2025-11-19 16:00:00+00:00,19.96850249224
2025-11-19 17:00:00+00:00,23.802288592240004
2025-11-19 18:00:00+00:00,23.886482792240002
2025-11-19 19:00:00+00:00,24.050089492239998
2025-11-19 20:00:00+00:00,22.780566392240004
2025-11-19 21:00:00+00:00,19.50376969224
2025-11-19 22:00:00+00:00,16.515804592240002
2025-11-19 23:00:00+00:00,14.14747309739
2025-11-20 00:00:00+00:00,12.78324239739
2025-11-20 01:00:00+00:00,11.788007297390001
2025-11-20 02:00:00+00:00,11.35663809739
2025-11-20 03:00:00+00:00,11.450803097390002
2025-11-20 04:00:00+00:00,12.24267179739
2025-11-20 05:00:00+00:00,15.37661459739
2025-11-20 06:00:00+00:00,19.69732099739
2025-11-20 07:00:00+00:00,20.066971897390005
2025-11-20 08:00:00+00:00,14.255244797390002
2025-11-20 09:00:00+00:00,8.334231897390001
2025-11-20 10:00:00+00:00,5.148823197389998
2025-11-20 11:00:00+00:00,4.146479897390002
2025-11-20 12:00:00+00:00,3.7381454973900006
2025-11-20 13:00:00+00:00,3.8460637973899985
2025-11-20 14:00:00+00:00,5.349704597390005
2025-11-20 15:00:00+00:00,9.43631329739
2025-11-20 16:00:00+00:00,16.601382297390003
2025-11-20 17:00:00+00:00,20.501230897389995
2025-11-20 18:00:00+00:00,21.25990129739
2025-11-20 19:00:00+00:00,21.81054829739
2025-11-20 20:00:00+00:00,20.76686989739
2025-11-20 21:00:00+00:00,17.65186819739
2025-11-20 22:00:00+00:00,14.515154697390003
2025-11-20 23:00:00+00:00,11.297755844920001
2025-11-21 00:00:00+00:00,9.28676914492
2025-11-21 01:00:00+00:00,8.055374444920004
2025-11-21 02:00:00+00:00,7.4684078449200015
2025-11-21 03:00:00+00:00,7.267794244919999
2025-11-21 04:00:00+00:00,7.818163244920001
2025-11-21 05:00:00+00:00,10.90991124492
2025-11-21 06:00:00+00:00,15.48469894492
2025-11-21 07:00:00+00:00,16.00466904492
2025-11-21 08:00:00+00:00,10.154964544920002
2025-11-21 09:00:00+00:00,4.813424544920007
2025-11-21 10:00:00+00:00,2.2678334449200044
2025-11-21 11:00:00+00:00,1.4751347449200019
2025-11-21 12:00:00+00:00,1.6148112449199985
2025-11-21 13:00:00+00:00,2.804668144920008
2025-11-21 14:00:00+00:00,4.882886644920003
2025-11-21 15:00:00+00:00,9.563886044920004
2025-11-21 16:00:00+00:00,16.85764594492
2025-11-21 17:00:00+00:00,21.76580634492
2025-11-21 18:00:00+00:00,22.701816844920003
2025-11-21 19:00:00+00:00,22.79577494492
2025-11-21 20:00:00+00:00,21.94338684492
2025-11-21 21:00:00+00:00,18.80453094492
2025-11-21 22:00:00+00:00,16.12151874492
2025-11-21 23:00:00+00:00,14.607437423490001
2025-11-22 00:00:00+00:00,12.846449823490001
2025-11-22 01:00:00+00:00,11.56518182349
2025-11-22 02:00:00+00:00,10.67951552349
2025-11-22 03:00:00+00:00,10.270804323490001
2025-11-22 04:00:00+00:00,10.357837023490003
2025-11-22 05:00:00+00:00,11.435717823489998
2025-11-22 06:00:00+00:00,13.021389923489998
2025-11-22 07:00:00+00:00,12.57037342349
2025-11-22 08:00:00+00:00,7.270862423489998
2025-11-22 09:00:00+00:00,2.8809658234899977
2025-11-22 10:00:00+00:00,1.1040617234899983
2025-11-22 11:00:00+00:00,0.20437182348999983
2025-11-22 12:00:00+00:00,0.5269667234899984
2025-11-22 13:00:00+00:00,1.6342367234899982
2025-11-22 14:00:00+00:00,2.9694469234900005
2025-11-22 15:00:00+00:00,8.379719923489997
2025-11-22 16:00:00+00:00,16.25027142349
2025-11-22 17:00:00+00:00,20.43417992349
2025-11-22 18:00:00+00:00,20.69203722349
2025-11-22 19:00:00+00:00,20.96775962349
2025-11-22 20:00:00+00:00,20.138910923490002
2025-11-22 21:00:00+00:00,17.19561452349
2025-11-22 22:00:00+00:00,14.439846623490002
2025-11-22 23:00:00+00:00,11.90215801104
2025-11-23 00:00:00+00:00,9.830920811040002
2025-11-23 01:00:00+00:00,8.312287911039999
2025-11-23 02:00:00+00:00,7.444063211040001
2025-11-23 03:00:00+00:00,7.01756301104
2025-11-23 04:00:00+00:00,7.447473111040001
2025-11-23 05:00:00+00:00,8.538383411040002
2025-11-23 06:00:00+00:00,9.55571711104
2025-11-23 07:00:00+00:00,8.75908891104
2025-11-23 08:00:00+00:00,4.27996151104
2025-11-23 09:00:00+00:00,1.1089181110400013
2025-11-23 10:00:00+00:00,0.9109646110400043
2025-11-23 11:00:00+00:00,1.0323105110400022
2025-11-23 12:00:00+00:00,0.6455883110400009
2025-11-23 13:00:00+00:00,0.4323303110400012
2025-11-23 14:00:00+00:00,1.1256950110400012
2025-11-23 15:00:00+00:00,5.14570861104
2025-11-23 16:00:00+00:00,11.379134111040004
2025-11-23 17:00:00+00:00,14.875762211040003
2025-11-23 18:00:00+00:00,15.23828661104
2025-11-23 19:00:00+00:00,15.57018471104
2025-11-23 20:00:00+00:00,14.93612491104
2025-11-23 21:00:00+00:00,12.47485141104
2025-11-23 22:00:00+00:00,9.419066011039998
2025-11-23 23:00:00+00:00,6.218600405510003
2025-11-24 00:00:00+00:00,4.441183005510002
2025-11-24 01:00:00+00:00,3.116872405510005
2025-11-24 02:00:00+00:00,2.5972723055100033
2025-11-24 03:00:00+00:00,2.3720559055100026
2025-11-24 04:00:00+00:00,3.3624108055100024
2025-11-24 05:00:00+00:00,6.593224205510001
2025-11-24 06:00:00+00:00,10.954489105510003
2025-11-24 07:00:00+00:00,13.023255705510003
2025-11-24 08:00:00+00:00,11.540810705509998
2025-11-24 09:00:00+00:00,9.527524005510003
2025-11-24 10:00:00+00:00,7.667873805510002
2025-11-24 11:00:00+00:00,6.835762005510002
2025-11-24 12:00:00+00:00,7.2092081055099975
2025-11-24 13:00:00+00:00,7.800614005510006
2025-11-24 14:00:00+00:00,9.802850705510004
2025-11-24 15:00:00+00:00,12.205955205509998
2025-11-24 16:00:00+00:00,14.968749705510003
2025-11-24 17:00:00+00:00,17.307350605510003
2025-11-24 18:00:00+00:00,17.78878800551
2025-11-24 19:00:00+00:00,18.22099270551
2025-11-24 20:00:00+00:00,17.40044440551
2025-11-24 21:00:00+00:00,13.939503005510002
2025-11-24 22:00:00+00:00,10.747130005509998
2025-11-24 23:00:00+00:00,8.2785062437
2025-11-25 00:00:00+00:00,7.156071943700002
2025-11-25 01:00:00+00:00,6.105935743700002
2025-11-25 02:00:00+00:00,5.7977124437
2025-11-25 03:00:00+00:00,5.940329443700001
2025-11-25 04:00:00+00:00,7.078490143700002
2025-11-25 05:00:00+00:00,10.468429343699999
2025-11-25 06:00:00+00:00,15.361902843700001
2025-11-25 07:00:00+00:00,16.688151243700002
2025-11-25 08:00:00+00:00,11.672912543700004
2025-11-25 09:00:00+00:00,6.313319443700006
2025-11-25 10:00:00+00:00,4.2524487437000005
2025-11-25 11:00:00+00:00,5.563658543700004
2025-11-25 12:00:00+00:00,7.182295843700004
2025-11-25 13:00:00+00:00,5.207498643700003
2025-11-25 14:00:00+00:00,4.851305143699999
2025-11-25 15:00:00+00:00,9.266576143700004
2025-11-25 16:00:00+00:00,16.459258843700002
2025-11-25 17:00:00+00:00,20.8919628437
2025-11-25 18:00:00+00:00,21.435998143699997
2025-11-25 19:00:00+00:00,21.9672325437
2025-11-25 20:00:00+00:00,21.328379643700003
2025-11-25 21:00:00+00:00,17.9537119437
2025-11-25 22:00:00+00:00,14.7870407437
2025-11-25 23:00:00+00:00,11.86618503163
2025-11-26 00:00:00+00:00,10.472210331629999
2025-11-26 01:00:00+00:00,9.42185653163
2025-11-26 02:00:00+00:00,9.092046431630001
2025-11-26 03:00:00+00:00,9.056178731630002
2025-11-26 04:00:00+00:00,10.15002043163
2025-11-26 05:00:00+00:00,13.41913253163
2025-11-26 06:00:00+00:00,17.90757613163
2025-11-26 07:00:00+00:00,18.68507453163
2025-11-26 08:00:00+00:00,12.621872031630001
2025-11-26 09:00:00+00:00,6.256341831630007
2025-11-26 10:00:00+00:00,3.9675867316300035
2025-11-26 11:00:00+00:00,5.234138031630003
2025-11-26 12:00:00+00:00,6.986767631630002
2025-11-26 13:00:00+00:00,4.95118653163
2025-11-26 14:00:00+00:00,4.824048331629999
2025-11-26 15:00:00+00:00,10.418781731630002
2025-11-26 16:00:00+00:00,18.551369331630003
2025-11-26 17:00:00+00:00,23.18477633163
2025-11-26 18:00:00+00:00,23.62281843163
2025-11-26 19:00:00+00:00,24.11509323163
2025-11-26 20:00:00+00:00,23.36290793163
2025-11-26 21:00:00+00:00,20.05958263163
2025-11-26 22:00:00+00:00,17.074648031629998
2025-11-26 23:00:00+00:00,14.536331959019998
2025-11-27 00:00:00+00:00,13.138270559019999
2025-11-27 01:00:00+00:00,12.292276059020002
2025-11-27 02:00:00+00:00,11.93054525902
2025-11-27 03:00:00+00:00,12.012192959020002
2025-11-27 04:00:00+00:00,12.899566159019999
2025-11-27 05:00:00+00:00,16.24883505902
2025-11-27 06:00:00+00:00,20.85054055902
2025-11-27 07:00:00+00:00,21.48394795902
2025-11-27 08:00:00+00:00,15.185334659019997
2025-11-27 09:00:00+00:00,8.78327175902
2025-11-27 10:00:00+00:00,5.994803459020002
2025-11-27 11:00:00+00:00,5.325876759019998
2025-11-27 12:00:00+00:00,5.844240359020002
2025-11-27 13:00:00+00:00,6.99221255902
2025-11-27 14:00:00+00:00,9.396349159020005
2025-11-27 15:00:00+00:00,15.645441959020001
2025-11-27 16:00:00+00:00,23.73057705902
2025-11-27 17:00:00+00:00,28.164876659020003
2025-11-27 18:00:00+00:00,28.602505959019997
2025-11-27 19:00:00+00:00,29.604839959019998
2025-11-27 20:00:00+00:00,28.474136459020002
2025-11-27 21:00:00+00:00,25.45662825902
2025-11-27 22:00:00+00:00,22.65469825902
2025-11-27 23:00:00+00:00,20.600856616410002
2025-11-28 00:00:00+00:00,19.07875801641
2025-11-28 01:00:00+00:00,18.19027821641
2025-11-28 02:00:00+00:00,17.89474931641
2025-11-28 03:00:00+00:00,17.93364241641
2025-11-28 04:00:00+00:00,18.90560441641
2025-11-28 05:00:00+00:00,22.060033016410003
2025-11-28 06:00:00+00:00,26.86720041641
2025-11-28 07:00:00+00:00,27.638417016410003
2025-11-28 08:00:00+00:00,21.09232391641
2025-11-28 09:00:00+00:00,14.742998016410006
2025-11-28 10:00:00+00:00,11.328378216409998
2025-11-28 11:00:00+00:00,10.035492916410004
2025-11-28 12:00:00+00:00,9.89476541641
2025-11-28 13:00:00+00:00,10.45210001641
2025-11-28 14:00:00+00:00,12.602507516410004
2025-11-28 15:00:00+00:00,18.739410716410003
2025-11-28 16:00:00+00:00,26.593510416410002
2025-11-28 17:00:00+00:00,30.37119641641
2025-11-28 18:00:00+00:00,30.933415616409995
2025-11-28 19:00:00+00:00,31.217154516410005
2025-11-28 20:00:00+00:00,29.83590231641
2025-11-28 21:00:00+00:00,26.618003916410004
2025-11-28 22:00:00+00:00,23.84274041641
2025-11-28 23:00:00+00:00,21.69284875093
2025-11-29 00:00:00+00:00,19.47949395093
2025-11-29 01:00:00+00:00,18.02906505093
2025-11-29 02:00:00+00:00,17.08972535093
2025-11-29 03:00:00+00:00,16.76679865093
2025-11-29 04:00:00+00:00,16.78757905093
2025-11-29 05:00:00+00:00,17.87131265093
2025-11-29 06:00:00+00:00,19.58318995093
2025-11-29 07:00:00+00:00,19.657118750930003
2025-11-29 08:00:00+00:00,16.037405950929998
2025-11-29 09:00:00+00:00,11.509579450930001
2025-11-29 10:00:00+00:00,8.11095515093
2025-11-29 11:00:00+00:00,6.603795850930002
2025-11-29 12:00:00+00:00,6.61317475093
2025-11-29 13:00:00+00:00,7.72861355093
2025-11-29 14:00:00+00:00,10.251867250930001
2025-11-29 15:00:00+00:00,15.441248550929998
2025-11-29 16:00:00+00:00,20.97711045093
2025-11-29 17:00:00+00:00,23.460828350929997
2025-11-29 18:00:00+00:00,23.988729550929996
2025-11-29 19:00:00+00:00,24.321941550930003
2025-11-29 20:00:00+00:00,23.291039050929996
2025-11-29 21:00:00+00:00,20.83935075093
2025-11-29 22:00:00+00:00,18.51216265093
2025-11-29 23:00:00+00:00,17.04921608625
2025-11-30 00:00:00+00:00,14.919979886250001
2025-11-30 01:00:00+00:00,13.347971386250002
2025-11-30 02:00:00+00:00,11.997263386250001
2025-11-30 03:00:00+00:00,10.724435286250001
2025-11-30 04:00:00+00:00,10.48138428625
2025-11-30 05:00:00+00:00,10.873387586249999
2025-11-30 06:00:00+00:00,11.724807586249998
2025-11-30 07:00:00+00:00,12.04009168625
2025-11-30 08:00:00+00:00,10.731258086250001
2025-11-30 09:00:00+00:00,9.018289086250004
2025-11-30 10:00:00+00:00,6.639068086250003
2025-11-30 11:00:00+00:00,4.541932186250005
2025-11-30 12:00:00+00:00,4.26895758625
2025-11-30 13:00:00+00:00,5.364887186250002
2025-11-30 14:00:00+00:00,6.404925186250004
2025-11-30 15:00:00+00:00,10.159070786250002
2025-11-30 16:00:00+00:00,15.43256038625
2025-11-30 17:00:00+00:00,18.91520598625
2025-11-30 18:00:00+00:00,19.87061908625
2025-11-30 19:00:00+00:00,21.11775458625
2025-11-30 20:00:00+00:00,21.608192486249997
2025-11-30 21:00:00+00:00,20.20110728625
2025-11-30 22:00:00+00:00,18.48458398625
2025-11-30 23:00:00+00:00,17.09656215414
2025-12-01 00:00:00+00:00,15.930713254139999
2025-12-01 01:00:00+00:00,15.290653954140002
2025-12-01 02:00:00+00:00,15.12817315414
2025-12-01 03:00:00+00:00,14.98813885414
2025-12-01 04:00:00+00:00,16.46233095414
2025-12-01 05:00:00+00:00,20.11815925414
2025-12-01 06:00:00+00:00,25.384284254140002
2025-12-01 07:00:00+00:00,26.83521245414
2025-12-01 08:00:00+00:00,21.09065495414
2025-12-01 09:00:00+00:00,14.994028054140003
2025-12-01 10:00:00+00:00,11.189530054140004
2025-12-01 11:00:00+00:00,9.03570845414
2025-12-01 12:00:00+00:00,8.771397854140005
2025-12-01 13:00:00+00:00,9.08108735414
2025-12-01 14:00:00+00:00,11.616860654140002
2025-12-01 15:00:00+00:00,17.77823225414
2025-12-01 16:00:00+00:00,24.380292154139998
2025-12-01 17:00:00+00:00,27.046003254139997
2025-12-01 18:00:00+00:00,26.760469654140003
2025-12-01 19:00:00+00:00,27.014342754140003
2025-12-01 20:00:00+00:00,26.133493554139996
2025-12-01 21:00:00+00:00,22.814276454140003
2025-12-01 22:00:00+00:00,19.55626425414
2025-12-01 23:00:00+00:00,16.447110850869997
2025-12-02 00:00:00+00:00,14.72546755087
2025-12-02 01:00:00+00:00,13.72069355087
2025-12-02 02:00:00+00:00,13.53872635087
2025-12-02 03:00:00+00:00,13.34529225087
2025-12-02 04:00:00+00:00,14.48061645087
2025-12-02 05:00:00+00:00,17.65262275087
2025-12-02 06:00:00+00:00,22.491279550869997
2025-12-02 07:00:00+00:00,24.521547950870005
2025-12-02 08:00:00+00:00,22.11497295087
2025-12-02 09:00:00+00:00,19.241726650870003
2025-12-02 10:00:00+00:00,16.173435150870002
2025-12-02 11:00:00+00:00,13.211506550870006
2025-12-02 12:00:00+00:00,11.848369250870004
2025-12-02 13:00:00+00:00,11.74979935087
2025-12-02 14:00:00+00:00,13.218885450870001
2025-12-02 15:00:00+00:00,17.68125425087
2025-12-02 16:00:00+00:00,23.77037975087
2025-12-02 17:00:00+00:00,26.929713450869997
2025-12-02 18:00:00+00:00,26.867324150869997
2025-12-02 19:00:00+00:00,26.85158505087
2025-12-02 20:00:00+00:00,25.561315650870004
2025-12-02 21:00:00+00:00,21.91348975087
2025-12-02 22:00:00+00:00,18.43506385087
2025-12-02 23:00:00+00:00,15.9960002173
2025-12-03 00:00:00+00:00,14.186684117299999
2025-12-03 01:00:00+00:00,13.037421717299999
2025-12-03 02:00:00+00:00,12.4563293173
2025-12-03 03:00:00+00:00,11.8044860173
2025-12-03 04:00:00+00:00,12.448686417300001
2025-12-03 05:00:00+00:00,15.252985117300002
2025-12-03 06:00:00+00:00,19.967037317300004
2025-12-03 07:00:00+00:00,21.563419817299998
2025-12-03 08:00:00+00:00,16.495542417300005
2025-12-03 09:00:00+00:00,10.823871817299999
2025-12-03 10:00:00+00:00,6.5671505173000035
2025-12-03 11:00:00+00:00,4.210769317300006
2025-12-03 12:00:00+00:00,3.6808525173
2025-12-03 13:00:00+00:00,3.7965379172999967
2025-12-03 14:00:00+00:00,6.088264117300003
2025-12-03 15:00:00+00:00,11.9820895173
2025-12-03 16:00:00+00:00,18.3712571173
2025-12-03 17:00:00+00:00,20.9749985173
2025-12-03 18:00:00+00:00,20.762970217299998
2025-12-03 19:00:00+00:00,20.862941317299995
2025-12-03 20:00:00+00:00,19.5897249173
2025-12-03 21:00:00+00:00,16.0074278173
2025-12-03 22:00:00+00:00,12.642466017299999
2025-12-03 23:00:00+00:00,9.137078797260003
2025-12-04 00:00:00+00:00,7.534561997259999
2025-12-04 01:00:00+00:00,6.445887097260002
2025-12-04 02:00:00+00:00,6.2267815972600005
2025-12-04 03:00:00+00:00,6.412899097260002
2025-12-04 04:00:00+00:00,7.08828709726
2025-12-04 05:00:00+00:00,10.340364997259996
2025-12-04 06:00:00+00:00,15.43758779726
2025-12-04 07:00:00+00:00,17.269084797259996
2025-12-04 08:00:00+00:00,15.555228097260006
2025-12-04 09:00:00+00:00,13.101086997260001
2025-12-04 10:00:00+00:00,9.977512697260003
2025-12-04 11:00:00+00:00,7.9637327972600005
2025-12-04 12:00:00+00:00,7.075537197260008
2025-12-04 13:00:00+00:00,6.778086597259996
2025-12-04 14:00:00+00:00,7.8501398972599965
2025-12-04 15:00:00+00:00,11.18362739726
2025-12-04 16:00:00+00:00,15.041874697260003
2025-12-04 17:00:00+00:00,17.390838197260006
2025-12-04 18:00:00+00:00,18.07867959726
2025-12-04 19:00:00+00:00,18.374027397260004
2025-12-04 20:00:00+00:00,17.024466597260002
2025-12-04 21:00:00+00:00,13.48073649726
2025-12-04 22:00:00+00:00,10.13090289726
2025-12-04 23:00:00+00:00,8.7192817233
2025-12-05 00:00:00+00:00,7.247071523300001
2025-12-05 01:00:00+00:00,6.358186823300002
2025-12-05 02:00:00+00:00,6.240895523300001
2025-12-05 03:00:00+00:00,6.399949423300001
2025-12-05 04:00:00+00:00,7.300508423300002
2025-12-05 05:00:00+00:00,10.962397323300003
2025-12-05 06:00:00+00:00,16.217876723299995
2025-12-05 07:00:00+00:00,18.376741623300003
2025-12-05 08:00:00+00:00,16.271135023299998
2025-12-05 09:00:00+00:00,13.150444623299997
2025-12-05 10:00:00+00:00,10.545887723300002
2025-12-05 11:00:00+00:00,8.838692323300005
2025-12-05 12:00:00+00:00,8.0283324233
2025-12-05 13:00:00+00:00,8.462153123300002
2025-12-05 14:00:00+00:00,9.797597423300001
2025-12-05 15:00:00+00:00,13.1304911233
2025-12-05 16:00:00+00:00,16.4849472233
2025-12-05 17:00:00+00:00,18.385490123299995
2025-12-05 18:00:00+00:00,18.894514923300004
2025-12-05 19:00:00+00:00,19.271469123299998
2025-12-05 20:00:00+00:00,18.028124123300003
2025-12-05 21:00:00+00:00,14.595805223300001
2025-12-05 22:00:00+00:00,11.3418839233
2025-12-05 23:00:00+00:00,9.418221864940001
2025-12-06 00:00:00+00:00,7.663853564939998
2025-12-06 01:00:00+00:00,6.43931806494
2025-12-06 02:00:00+00:00,5.970027164939999
2025-12-06 03:00:00+00:00,5.947767364940001
2025-12-06 04:00:00+00:00,6.347333364940001
2025-12-06 05:00:00+00:00,7.1958337649400015
2025-12-06 06:00:00+00:00,8.73910536494
2025-12-06 07:00:00+00:00,9.297639864940002
2025-12-06 08:00:00+00:00,7.776654064940001
2025-12-06 09:00:00+00:00,5.3967042649399986
2025-12-06 10:00:00+00:00,2.8383671649399993
2025-12-06 11:00:00+00:00,1.1888526649400006
2025-12-06 12:00:00+00:00,1.3039203649400015
2025-12-06 13:00:00+00:00,2.0247144649400006
2025-12-06 14:00:00+00:00,3.4202476649399998
2025-12-06 15:00:00+00:00,6.9179482649400015
2025-12-06 16:00:00+00:00,11.964412664940001
2025-12-06 17:00:00+00:00,15.454655564940001
2025-12-06 18:00:00+00:00,16.074553464940003
2025-12-06 19:00:00+00:00,16.302611064940002
2025-12-06 20:00:00+00:00,16.028356964940002
2025-12-06 21:00:00+00:00,14.721691364940002
2025-12-06 22:00:00+00:00,12.617282064940001
2025-12-06 23:00:00+00:00,10.293104248480002
2025-12-07 00:00:00+00:00,8.825220548480003
2025-12-07 01:00:00+00:00,8.240484848479998
2025-12-07 02:00:00+00:00,8.06214784848
2025-12-07 03:00:00+00:00,8.129275448480001
2025-12-07 04:00:00+00:00,8.594219048480003
2025-12-07 05:00:00+00:00,9.654079648480002
2025-12-07 06:00:00+00:00,10.55994694848
2025-12-07 07:00:00+00:00,10.282726848480001
2025-12-07 08:00:00+00:00,8.20484744848
2025-12-07 09:00:00+00:00,5.569677848479998
2025-12-07 10:00:00+00:00,2.9504117484800005
2025-12-07 11:00:00+00:00,1.4174345484799993
2025-12-07 12:00:00+00:00,1.2216007484800002
2025-12-07 13:00:00+00:00,2.306010848479996
2025-12-07 14:00:00+00:00,3.7428520484799996
2025-12-07 15:00:00+00:00,8.04052594848
2025-12-07 16:00:00+00:00,14.07205244848
2025-12-07 17:00:00+00:00,17.85458614848
2025-12-07 18:00:00+00:00,18.750930848480003
2025-12-07 19:00:00+00:00,19.956268048480002
2025-12-07 20:00:00+00:00,20.406783748480002
2025-12-07 21:00:00+00:00,18.82007984848
2025-12-07 22:00:00+00:00,16.67099524848
2025-12-07 23:00:00+00:00,16.67590129026
2025-12-08 00:00:00+00:00,15.414840490260001
2025-12-08 01:00:00+00:00,14.61112699026
2025-12-08 02:00:00+00:00,14.37917839026
2025-12-08 03:00:00+00:00,14.375550990259999
2025-12-08 04:00:00+00:00,14.736421990259998
2025-12-08 05:00:00+00:00,15.68063399026
2025-12-08 06:00:00+00:00,17.26423919026
2025-12-08 07:00:00+00:00,17.40520349026
2025-12-08 08:00:00+00:00,13.691020790260001
2025-12-08 09:00:00+00:00,8.926385090260002
2025-12-08 10:00:00+00:00,5.5432847902599995
2025-12-08 11:00:00+00:00,3.5130346902599996
2025-12-08 12:00:00+00:00,3.091685290259999
2025-12-08 13:00:00+00:00,3.3604886902599986
2025-12-08 14:00:00+00:00,4.60219169026
2025-12-08 15:00:00+00:00,9.534942490259999
2025-12-08 16:00:00+00:00,16.49995299026
2025-12-08 17:00:00+00:00,20.382232790259998
2025-12-08 18:00:00+00:00,20.76922029026
2025-12-08 19:00:00+00:00,21.02209279026
2025-12-08 20:00:00+00:00,20.63378249026
2025-12-08 21:00:00+00:00,19.06083319026
2025-12-08 22:00:00+00:00,16.59543059026
2025-12-08 23:00:00+00:00,14.827162072800004
2025-12-09 00:00:00+00:00,12.9769427728
2025-12-09 01:00:00+00:00,11.863509872800002
2025-12-09 02:00:00+00:00,11.3073968728
2025-12-09 03:00:00+00:00,11.1354458728
2025-12-09 04:00:00+00:00,12.0218773728
2025-12-09 05:00:00+00:00,14.9918024728
2025-12-09 06:00:00+00:00,19.4960649728
2025-12-09 07:00:00+00:00,20.592565372800003
2025-12-09 08:00:00+00:00,15.549604172799999
2025-12-09 09:00:00+00:00,9.4162594728
2025-12-09 10:00:00+00:00,5.714336372800002
2025-12-09 11:00:00+00:00,4.891612772800002
2025-12-09 12:00:00+00:00,5.5826666727999985
2025-12-09 13:00:00+00:00,6.7590742727999995
2025-12-09 14:00:00+00:00,9.8383089728
2025-12-09 15:00:00+00:00,15.083037772800001
2025-12-09 16:00:00+00:00,20.861417772800003
2025-12-09 17:00:00+00:00,23.996092272800002
2025-12-09 18:00:00+00:00,24.4308811728
2025-12-09 19:00:00+00:00,24.610865172800004
2025-12-09 20:00:00+00:00,24.0954646728
2025-12-09 21:00:00+00:00,21.5133676728
2025-12-09 22:00:00+00:00,18.8868474728
2025-12-09 23:00:00+00:00,17.97085789694
2025-12-10 00:00:00+00:00,16.70113699694
2025-12-10 01:00:00+00:00,16.168120396939997
2025-12-10 02:00:00+00:00,16.030164696940002
2025-12-10 03:00:00+00:00,16.29944949694
2025-12-10 04:00:00+00:00,17.59705209694
2025-12-10 05:00:00+00:00,21.04589779694
2025-12-10 06:00:00+00:00,25.95724159694
2025-12-10 07:00:00+00:00,28.52186249694
2025-12-10 08:00:00+00:00,27.75785579694
2025-12-10 09:00:00+00:00,26.183182796940002
2025-12-10 10:00:00+00:00,24.415099196939998
2025-12-10 11:00:00+00:00,23.666214596939998
2025-12-10 12:00:00+00:00,23.679300696939997
2025-12-10 13:00:00+00:00,24.08567419694
2025-12-10 14:00:00+00:00,25.006482696940004
2025-12-10 15:00:00+00:00,26.686347096939997
2025-12-10 16:00:00+00:00,29.45425359694
2025-12-10 17:00:00+00:00,31.34337329694
2025-12-10 18:00:00+00:00,31.40799159694
2025-12-10 19:00:00+00:00,31.810144396940004
2025-12-10 20:00:00+00:00,31.11238749694
2025-12-10 21:00:00+00:00,27.908604296940002
2025-12-10 22:00:00+00:00,24.531162396939997
2025-12-10 23:00:00+00:00,20.81593188241
2025-12-11 00:00:00+00:00,18.88670068241
2025-12-11 01:00:00+00:00,17.71085818241
2025-12-11 02:00:00+00:00,16.90148268241
2025-12-11 03:00:00+00:00,16.50029478241
2025-12-11 04:00:00+00:00,17.17968608241
2025-12-11 05:00:00+00:00,20.26078048241
2025-12-11 06:00:00+00:00,25.012326582409997
2025-12-11 07:00:00+00:00,26.798365482410002
2025-12-11 08:00:00+00:00,22.87817238241
2025-12-11 09:00:00+00:00,16.94181698241
2025-12-11 10:00:00+00:00,12.349505382410001
2025-12-11 11:00:00+00:00,10.31831578241
2025-12-11 12:00:00+00:00,9.846647582410004
2025-12-11 13:00:00+00:00,10.469517782410005
2025-12-11 14:00:00+00:00,12.780091182410004
2025-12-11 15:00:00+00:00,17.690504282410004
2025-12-11 16:00:00+00:00,23.79422058241
2025-12-11 17:00:00+00:00,26.765833882410003
2025-12-11 18:00:00+00:00,26.87478588241
2025-12-11 19:00:00+00:00,27.176446982410003
2025-12-11 20:00:00+00:00,26.351094482410005
2025-12-11 21:00:00+00:00,23.13463758241
2025-12-11 22:00:00+00:00,20.04597028241
2025-12-11 23:00:00+00:00,16.28244930014
2025-12-12 00:00:00+00:00,14.719669700140003
2025-12-12 01:00:00+00:00,14.261610900139999
2025-12-12 02:00:00+00:00,14.194762200140001
2025-12-12 03:00:00+00:00,14.439094600139999
2025-12-12 04:00:00+00:00,15.59034050014
2025-12-12 05:00:00+00:00,19.08184760014
2025-12-12 06:00:00+00:00,23.93751960014
2025-12-12 07:00:00+00:00,26.05766020014
2025-12-12 08:00:00+00:00,24.81920070014
2025-12-12 09:00:00+00:00,22.508582800139997
2025-12-12 10:00:00+00:00,20.205018700140002
2025-12-12 11:00:00+00:00,18.713458200140003
2025-12-12 12:00:00+00:00,18.271734800140003
2025-12-12 13:00:00+00:00,18.18501090014
2025-12-12 14:00:00+00:00,19.118495800139996
2025-12-12 15:00:00+00:00,21.300112600139997
2025-12-12 16:00:00+00:00,24.041211200139998
2025-12-12 17:00:00+00:00,25.45000170014
2025-12-12 18:00:00+00:00,25.40782230014
2025-12-12 19:00:00+00:00,25.445394200139997
2025-12-12 20:00:00+00:00,24.315449700140004
2025-12-12 21:00:00+00:00,20.86280600014
2025-12-12 22:00:00+00:00,17.67631720014
2025-12-12 23:00:00+00:00,16.26952401144
2025-12-13 00:00:00+00:00,14.329988811439998
2025-12-13 01:00:00+00:00,13.11863571144
2025-12-13 02:00:00+00:00,12.347846911440001
2025-12-13 03:00:00+00:00,12.216424611439999
2025-12-13 04:00:00+00:00,12.374152811439998
2025-12-13 05:00:00+00:00,13.712203611440001
2025-12-13 06:00:00+00:00,15.28910731144
2025-12-13 07:00:00+00:00,16.32919871144
2025-12-13 08:00:00+00:00,15.306964411440001
2025-12-13 09:00:00+00:00,11.950340011440002
2025-12-13 10:00:00+00:00,8.63165651144
2025-12-13 11:00:00+00:00,6.677692611440001
2025-12-13 12:00:00+00:00,6.070545411440001
2025-12-13 13:00:00+00:00,6.4061317114400005
2025-12-13 14:00:00+00:00,7.75927991144
2025-12-13 15:00:00+00:00,12.29469351144
2025-12-13 16:00:00+00:00,18.172213211440003
2025-12-13 17:00:00+00:00,21.38388591144
2025-12-13 18:00:00+00:00,22.12529801144
2025-12-13 19:00:00+00:00,23.08112461144
2025-12-13 20:00:00+00:00,22.66480911144
2025-12-13 21:00:00+00:00,20.43001801144
2025-12-13 22:00:00+00:00,17.86194051144
2025-12-13 23:00:00+00:00,16.05720189094
2025-12-14 00:00:00+00:00,14.17456449094
2025-12-14 01:00:00+00:00,13.15421729094
2025-12-14 02:00:00+00:00,12.55580679094
2025-12-14 03:00:00+00:00,12.366319690940001
2025-12-14 04:00:00+00:00,12.625380690939998
2025-12-14 05:00:00+00:00,13.52336329094
2025-12-14 06:00:00+00:00,14.283169090940001
2025-12-14 07:00:00+00:00,14.29500309094
2025-12-14 08:00:00+00:00,12.49055879094
2025-12-14 09:00:00+00:00,9.447388590940001
2025-12-14 10:00:00+00:00,7.054183790940002
2025-12-14 11:00:00+00:00,5.721533990940003
2025-12-14 12:00:00+00:00,6.152988390939999
2025-12-14 13:00:00+00:00,7.54687249094
2025-12-14 14:00:00+00:00,8.50573719094
2025-12-14 15:00:00+00:00,11.877648890940002
2025-12-14 16:00:00+00:00,16.79454579094
2025-12-14 17:00:00+00:00,19.916645290940004
2025-12-14 18:00:00+00:00,20.505687490939998
2025-12-14 19:00:00+00:00,21.13229859094
2025-12-14 20:00:00+00:00,20.78982279094
2025-12-14 21:00:00+00:00,19.01089429094
2025-12-14 22:00:00+00:00,16.379213690940002
2025-12-14 23:00:00+00:00,13.898680560919999
2025-12-15 00:00:00+00:00,12.069650760919998
2025-12-15 01:00:00+00:00,11.21641606092
2025-12-15 02:00:00+00:00,10.832853860919998
2025-12-15 03:00:00+00:00,10.97779326092
2025-12-15 04:00:00+00:00,12.07000496092
2025-12-15 05:00:00+00:00,15.82916886092
2025-12-15 06:00:00+00:00,20.91839726092
2025-12-15 07:00:00+00:00,23.11948456092
2025-12-15 08:00:00+00:00,21.24961476092
2025-12-15 09:00:00+00:00,17.94703396092
2025-12-15 10:00:00+00:00,15.244720860920001
2025-12-15 11:00:00+00:00,13.838026760919998
2025-12-15 12:00:00+00:00,14.084334760920004
2025-12-15 13:00:00+00:00,14.86038826092
2025-12-15 14:00:00+00:00,16.877038060920004
2025-12-15 15:00:00+00:00,19.97437776092
2025-12-15 16:00:00+00:00,23.27255476092
2025-12-15 17:00:00+00:00,25.112210760919996
2025-12-15 18:00:00+00:00,25.685287260920003
2025-12-15 19:00:00+00:00,26.570301760919996
2025-12-15 20:00:00+00:00,25.77871406092
2025-12-15 21:00:00+00:00,22.60464636092
2025-12-15 22:00:00+00:00,19.349326560919998
2025-12-15 23:00:00+00:00,17.7133196864
2025-12-16 00:00:00+00:00,15.970050286400001
2025-12-16 01:00:00+00:00,15.239732786400001
2025-12-16 02:00:00+00:00,14.975846886400001
2025-12-16 03:00:00+00:00,15.0453082864
2025-12-16 04:00:00+00:00,15.845217586399999
2025-12-16 05:00:00+00:00,18.915714286400004
2025-12-16 06:00:00+00:00,23.432532686400002
2025-12-16 07:00:00+00:00,25.533890486400004
2025-12-16 08:00:00+00:00,24.3422930864
2025-12-16 09:00:00+00:00,22.0653262864
2025-12-16 10:00:00+00:00,20.073918286399998
2025-12-16 11:00:00+00:00,18.7200515864
2025-12-16 12:00:00+00:00,18.428096486400005
2025-12-16 13:00:00+00:00,18.1550659864
2025-12-16 14:00:00+00:00,18.4333111864
2025-12-16 15:00:00+00:00,20.331880486400003
2025-12-16 16:00:00+00:00,23.8123165864
2025-12-16 17:00:00+00:00,25.749439086399995
2025-12-16 18:00:00+00:00,25.8870944864
2025-12-16 19:00:00+00:00,26.4726142864
2025-12-16 20:00:00+00:00,25.450403386399998
2025-12-16 21:00:00+00:00,22.280537486400004
2025-12-16 22:00:00+00:00,19.2894954864
2025-12-16 23:00:00+00:00,16.46658263373
2025-12-17 00:00:00+00:00,15.03504533373
2025-12-17 01:00:00+00:00,14.42539973373
2025-12-17 02:00:00+00:00,14.30159943373
2025-12-17 03:00:00+00:00,14.558466233729998
2025-12-17 04:00:00+00:00,15.76307423373
2025-12-17 05:00:00+00:00,19.43810993373
2025-12-17 06:00:00+00:00,24.687148633729997
2025-12-17 07:00:00+00:00,27.14005583373
2025-12-17 08:00:00+00:00,23.787493333729998
2025-12-17 09:00:00+00:00,18.264465333729998
2025-12-17 10:00:00+00:00,14.601096933730005
2025-12-17 11:00:00+00:00,13.306258233729999
2025-12-17 12:00:00+00:00,13.45435963373
2025-12-17 13:00:00+00:00,14.114993133730003
2025-12-17 14:00:00+00:00,15.935290633729998
2025-12-17 15:00:00+00:00,20.42164313373
2025-12-17 16:00:00+00:00,26.282514233729998
2025-12-17 17:00:00+00:00,29.12213353373
2025-12-17 18:00:00+00:00,29.231865933730003
2025-12-17 19:00:00+00:00,29.51157053373
2025-12-17 20:00:00+00:00,28.10178803373
2025-12-17 21:00:00+00:00,24.48890153373
2025-12-17 22:00:00+00:00,20.94330413373
2025-12-17 23:00:00+00:00,17.70836754106
2025-12-18 00:00:00+00:00,15.82518684106
2025-12-18 01:00:00+00:00,14.499394741060001
2025-12-18 02:00:00+00:00,13.445466941060001
2025-12-18 03:00:00+00:00,13.168391841060002
2025-12-18 04:00:00+00:00,13.91843414106
2025-12-18 05:00:00+00:00,16.98292204106
2025-12-18 06:00:00+00:00,21.234182641060002
2025-12-18 07:00:00+00:00,23.12249554106
2025-12-18 08:00:00+00:00,19.41243004106
2025-12-18 09:00:00+00:00,13.76181234106
2025-12-18 10:00:00+00:00,9.775617641060002
2025-12-18 11:00:00+00:00,8.463703141060002
2025-12-18 12:00:00+00:00,7.685339541060003
2025-12-18 13:00:00+00:00,7.55908644106
2025-12-18 14:00:00+00:00,9.51157704106
2025-12-18 15:00:00+00:00,14.60155024106
2025-12-18 16:00:00+00:00,20.872466841060003
2025-12-18 17:00:00+00:00,24.22959054106
2025-12-18 18:00:00+00:00,25.443372741060003
2025-12-18 19:00:00+00:00,26.59930144106
2025-12-18 20:00:00+00:00,25.953330641060006
2025-12-18 21:00:00+00:00,22.921301941059998
2025-12-18 22:00:00+00:00,19.969764641060003
2025-12-18 23:00:00+00:00,17.14753581595
2025-12-19 00:00:00+00:00,15.66795001595
2025-12-19 01:00:00+00:00,15.160988315949998
2025-12-19 02:00:00+00:00,15.264135815949999
2025-12-19 03:00:00+00:00,15.66687361595
2025-12-19 04:00:00+00:00,17.057556915950002
2025-12-19 05:00:00+00:00,20.70943071595
2025-12-19 06:00:00+00:00,25.45683811595
2025-12-19 07:00:00+00:00,27.896911715950004
2025-12-19 08:00:00+00:00,26.473656015950002
2025-12-19 09:00:00+00:00,24.217124515950005
2025-12-19 10:00:00+00:00,22.569161715950003
2025-12-19 11:00:00+00:00,21.72110221595
2025-12-19 12:00:00+00:00,21.43873721595
2025-12-19 13:00:00+00:00,22.322057215949997
2025-12-19 14:00:00+00:00,23.572445215949998
2025-12-19 15:00:00+00:00,25.469906615950002
2025-12-19 16:00:00+00:00,28.10927041595
2025-12-19 17:00:00+00:00,30.144647415949997
2025-12-19 18:00:00+00:00,30.349568615949998
2025-12-19 19:00:00+00:00,30.750343715950002
2025-12-19 20:00:00+00:00,29.86255311595
2025-12-19 21:00:00+00:00,26.75507221595
2025-12-19 22:00:00+00:00,23.76700871595
2025-12-19 23:00:00+00:00,22.50430508008
2025-12-20 00:00:00+00:00,20.25955898008
2025-12-20 01:00:00+00:00,18.423080080080002
2025-12-20 02:00:00+00:00,16.97574918008
2025-12-20 03:00:00+00:00,15.81309568008
2025-12-20 04:00:00+00:00,15.463928280080001
2025-12-20 05:00:00+00:00,15.863812580080001
2025-12-20 06:00:00+00:00,16.28765078008
2025-12-20 07:00:00+00:00,17.279443880080002
2025-12-20 08:00:00+00:00,16.314856680080002
2025-12-20 09:00:00+00:00,13.43105658008
2025-12-20 10:00:00+00:00,10.317071680080002
2025-12-20 11:00:00+00:00,8.39299708008
2025-12-20 12:00:00+00:00,7.00623568008
2025-12-20 13:00:00+00:00,6.597392080080002
2025-12-20 14:00:00+00:00,7.183580080079999
2025-12-20 15:00:00+00:00,10.906499080080003
2025-12-20 16:00:00+00:00,15.88411658008
2025-12-20 17:00:00+00:00,18.67047308008
2025-12-20 18:00:00+00:00,19.38094328008
2025-12-20 19:00:00+00:00,19.604286380079998
2025-12-20 20:00:00+00:00,18.65097368008
2025-12-20 21:00:00+00:00,16.21986478008
2025-12-20 22:00:00+00:00,13.565843280080003
2025-12-20 23:00:00+00:00,11.12611170755
2025-12-21 00:00:00+00:00,8.96899220755
2025-12-21 01:00:00+00:00,7.7346655075500035
2025-12-21 02:00:00+00:00,7.140036307549998
2025-12-21 03:00:00+00:00,6.888802007550002
2025-12-21 04:00:00+00:00,6.8831014075500025
2025-12-21 05:00:00+00:00,7.53881840755
2025-12-21 06:00:00+00:00,8.477134207550002
2025-12-21 07:00:00+00:00,9.47093890755
2025-12-21 08:00:00+00:00,9.52299810755
2025-12-21 09:00:00+00:00,7.847216007549999
2025-12-21 10:00:00+00:00,5.589742807550003
2025-12-21 11:00:00+00:00,3.6945622075499998
2025-12-21 12:00:00+00:00,3.0629494075500006
2025-12-21 13:00:00+00:00,3.0812090075499974
2025-12-21 14:00:00+00:00,3.512855307549998
2025-12-21 15:00:00+00:00,6.4512147075499975
2025-12-21 16:00:00+00:00,11.76834530755
2025-12-21 17:00:00+00:00,15.860664607550003
2025-12-21 18:00:00+00:00,16.90234230755
2025-12-21 19:00:00+00:00,17.945899607549997
2025-12-21 20:00:00+00:00,18.24078090755
2025-12-21 21:00:00+00:00,17.11284810755
2025-12-21 22:00:00+00:00,14.85247020755
2025-12-21 23:00:00+00:00,13.554440970360002
2025-12-22 00:00:00+00:00,11.48012897036
2025-12-22 01:00:00+00:00,10.24490677036
2025-12-22 02:00:00+00:00,9.68764307036
2025-12-22 03:00:00+00:00,9.435765270360001
2025-12-22 04:00:00+00:00,10.21333727036
2025-12-22 05:00:00+00:00,12.983991670360002
2025-12-22 06:00:00+00:00,16.92024677036
2025-12-22 07:00:00+00:00,19.424597770360002
2025-12-22 08:00:00+00:00,16.969517770360003
2025-12-22 09:00:00+00:00,12.491188670360003
2025-12-22 10:00:00+00:00,9.232640470360003
2025-12-22 11:00:00+00:00,7.260565170360003
2025-12-22 12:00:00+00:00,7.195672970360004
2025-12-22 13:00:00+00:00,7.386254470360004
2025-12-22 14:00:00+00:00,9.14873037036
2025-12-22 15:00:00+00:00,13.614696070360004
2025-12-22 16:00:00+00:00,19.568930270360003
2025-12-22 17:00:00+00:00,22.825637870359998
2025-12-22 18:00:00+00:00,22.526679970359996
2025-12-22 19:00:00+00:00,22.32834027036
2025-12-22 20:00:00+00:00,21.444915770359998
2025-12-22 21:00:00+00:00,19.02803567036
2025-12-22 22:00:00+00:00,16.18185227036
2025-12-22 23:00:00+00:00,13.21177222643
2025-12-23 00:00:00+00:00,11.234930426430001
2025-12-23 01:00:00+00:00,10.20061832643
2025-12-23 02:00:00+00:00,10.034496926429998
2025-12-23 03:00:00+00:00,10.241051226429999
2025-12-23 04:00:00+00:00,11.21984742643
2025-12-23 05:00:00+00:00,13.961878726429997
2025-12-23 06:00:00+00:00,18.05743442643
2025-12-23 07:00:00+00:00,20.730949726429998
2025-12-23 08:00:00+00:00,19.561968626429998
2025-12-23 09:00:00+00:00,16.946140226430003
2025-12-23 10:00:00+00:00,14.723776726430003
2025-12-23 11:00:00+00:00,12.955247126429999
2025-12-23 12:00:00+00:00,12.881145126429999
2025-12-23 13:00:00+00:00,13.19608882643
2025-12-23 14:00:00+00:00,14.69418362643
2025-12-23 15:00:00+00:00,17.94649592643
2025-12-23 16:00:00+00:00,22.33333522643
2025-12-23 17:00:00+00:00,25.119033526429998
2025-12-23 18:00:00+00:00,25.22622072643
2025-12-23 19:00:00+00:00,25.37291082643
2025-12-23 20:00:00+00:00,24.81813752643
2025-12-23 21:00:00+00:00,22.63730112643
2025-12-23 22:00:00+00:00,20.01975652643
2025-12-23 23:00:00+00:00,15.222897237879998
2025-12-24 00:00:00+00:00,13.140113937879999
2025-12-24 01:00:00+00:00,11.85978523788
2025-12-24 02:00:00+00:00,11.31999143788
2025-12-24 03:00:00+00:00,11.01692313788
2025-12-24 04:00:00+00:00,10.919502337880001
2025-12-24 05:00:00+00:00,11.593746237880001
2025-12-24 06:00:00+00:00,13.35814793788
2025-12-24 07:00:00+00:00,14.679464937879999
2025-12-24 08:00:00+00:00,12.803471437879999
2025-12-24 09:00:00+00:00,8.270003037879999
2025-12-24 10:00:00+00:00,4.052781337879999
2025-12-24 11:00:00+00:00,1.6566768378799992
2025-12-24 12:00:00+00:00,1.5526274378800018
2025-12-24 13:00:00+00:00,1.7608965378800008
2025-12-24 14:00:00+00:00,2.9207746378800046
2025-12-24 15:00:00+00:00,7.443329737879999
2025-12-24 16:00:00+00:00,13.46787963788
2025-12-24 17:00:00+00:00,17.38555653788
2025-12-24 18:00:00+00:00,17.128449437879997
2025-12-24 19:00:00+00:00,15.63595693788
2025-12-24 20:00:00+00:00,13.612510137879998
2025-12-24 21:00:00+00:00,11.197010137880003
2025-12-24 22:00:00+00:00,10.198928937880002
2025-12-24 23:00:00+00:00,9.044800352980003
2025-12-25 00:00:00+00:00,8.025725152979998
2025-12-25 01:00:00+00:00,6.996401052980001
2025-12-25 02:00:00+00:00,6.212483552979998
2025-12-25 03:00:00+00:00,6.114553752980001
2025-12-25 04:00:00+00:00,6.63599125298
2025-12-25 05:00:00+00:00,7.712480052980002
2025-12-25 06:00:00+00:00,8.85528905298
2025-12-25 07:00:00+00:00,9.77134975298
2025-12-25 08:00:00+00:00,8.204175152980001
2025-12-25 09:00:00+00:00,5.639386152980002
2025-12-25 10:00:00+00:00,4.276103152980003
2025-12-25 11:00:00+00:00,3.985601852980004
2025-12-25 12:00:00+00:00,4.785555552980004
2025-12-25 13:00:00+00:00,5.315422752980002
2025-12-25 14:00:00+00:00,6.657091352980004
2025-12-25 15:00:00+00:00,11.137669352980001
2025-12-25 16:00:00+00:00,17.415346552979997
2025-12-25 17:00:00+00:00,22.10514395298
2025-12-25 18:00:00+00:00,22.80366285298
2025-12-25 19:00:00+00:00,23.48029115298
2025-12-25 20:00:00+00:00,23.39367435298
2025-12-25 21:00:00+00:00,22.19890825298
2025-12-25 22:00:00+00:00,19.996166252979997
2025-12-25 23:00:00+00:00,17.77071270499
2025-12-26 00:00:00+00:00,15.67045500499
2025-12-26 01:00:00+00:00,14.297737404989999
2025-12-26 02:00:00+00:00,13.43518800499
2025-12-26 03:00:00+00:00,13.059954204990001
2025-12-26 04:00:00+00:00,13.519675404990002
2025-12-26 05:00:00+00:00,15.338321004989998
2025-12-26 06:00:00+00:00,18.24373880499
2025-12-26 07:00:00+00:00,20.67682170499
2025-12-26 08:00:00+00:00,18.966969404990003
2025-12-26 09:00:00+00:00,14.565571504990002
2025-12-26 10:00:00+00:00,11.185904504989999
2025-12-26 11:00:00+00:00,9.191361404990001
2025-12-26 12:00:00+00:00,9.30727050499
2025-12-26 13:00:00+00:00,9.509706704989998
2025-12-26 14:00:00+00:00,11.31332210499
2025-12-26 15:00:00+00:00,16.408732504990002
2025-12-26 16:00:00+00:00,23.487246504990004
2025-12-26 17:00:00+00:00,27.60794000499
2025-12-26 18:00:00+00:00,27.73932030499
2025-12-26 19:00:00+00:00,27.92817360499
2025-12-26 20:00:00+00:00,27.46907630499
2025-12-26 21:00:00+00:00,25.89348120499
2025-12-26 22:00:00+00:00,23.012650304990004
2025-12-26 23:00:00+00:00,21.104231348760003
2025-12-27 00:00:00+00:00,18.66934864876
2025-12-27 01:00:00+00:00,16.72528944876
2025-12-27 02:00:00+00:00,15.46888364876
2025-12-27 03:00:00+00:00,14.745443948759998
2025-12-27 04:00:00+00:00,14.42300814876
2025-12-27 05:00:00+00:00,14.90625704876
2025-12-27 06:00:00+00:00,15.930856548760001
2025-12-27 07:00:00+00:00,16.908219648760003
2025-12-27 08:00:00+00:00,14.61840684876
2025-12-27 09:00:00+00:00,10.096497048760003
2025-12-27 10:00:00+00:00,6.5500815487600015
2025-12-27 11:00:00+00:00,4.8816930487600025
2025-12-27 12:00:00+00:00,5.192533148759999
2025-12-27 13:00:00+00:00,5.85748924876
2025-12-27 14:00:00+00:00,7.161520548759999
2025-12-27 15:00:00+00:00,10.736104348760001
2025-12-27 16:00:00+00:00,15.848721348759998
2025-12-27 17:00:00+00:00,18.814981248760002
2025-12-27 18:00:00+00:00,19.01134324876
2025-12-27 19:00:00+00:00,19.349080348759998
2025-12-27 20:00:00+00:00,19.026907248759997
2025-12-27 21:00:00+00:00,17.71695964876
2025-12-27 22:00:00+00:00,15.729582248759998
2025-12-27 23:00:00+00:00,9.97537934633
2025-12-28 00:00:00+00:00,8.330370546330002
2025-12-28 01:00:00+00:00,7.223378446330003
2025-12-28 02:00:00+00:00,6.692251546330002
2025-12-28 03:00:00+00:00,6.764249646330002
2025-12-28 04:00:00+00:00,7.367451146330001
2025-12-28 05:00:00+00:00,8.41280754633
2025-12-28 06:00:00+00:00,9.55007094633
2025-12-28 07:00:00+00:00,10.65447184633
2025-12-28 08:00:00+00:00,10.379835146330002
2025-12-28 09:00:00+00:00,8.419570646329998
2025-12-28 10:00:00+00:00,6.320088446330004
2025-12-28 11:00:00+00:00,4.7187810463299975
2025-12-28 12:00:00+00:00,4.810157746329999
2025-12-28 13:00:00+00:00,5.8493353463299975
2025-12-28 14:00:00+00:00,7.165961246329999
2025-12-28 15:00:00+00:00,10.593727346330002
2025-12-28 16:00:00+00:00,15.97939084633
2025-12-28 17:00:00+00:00,19.99712884633
2025-12-28 18:00:00+00:00,20.88919994633
2025-12-28 19:00:00+00:00,21.812620146329998
2025-12-28 20:00:00+00:00,21.988093546330003
2025-12-28 21:00:00+00:00,21.109469046330002
2025-12-28 22:00:00+00:00,19.15711294633
2025-12-28 23:00:00+00:00,16.55590453417
2025-12-29 00:00:00+00:00,14.816610834169998
2025-12-29 01:00:00+00:00,13.98444403417
2025-12-29 02:00:00+00:00,13.835423634169999
2025-12-29 03:00:00+00:00,14.12554963417
2025-12-29 04:00:00+00:00,15.361042034170001
2025-12-29 05:00:00+00:00,18.06713523417
2025-12-29 06:00:00+00:00,21.45366783417
2025-12-29 07:00:00+00:00,24.37483223417
2025-12-29 08:00:00+00:00,22.68231893417
2025-12-29 09:00:00+00:00,17.60535453417
2025-12-29 10:00:00+00:00,13.57665973417
2025-12-29 11:00:00+00:00,11.29049993417
2025-12-29 12:00:00+00:00,11.30551053417
2025-12-29 13:00:00+00:00,11.56771593417
2025-12-29 14:00:00+00:00,12.957741834169997
2025-12-29 15:00:00+00:00,17.65730823417
2025-12-29 16:00:00+00:00,24.79484643417
2025-12-29 17:00:00+00:00,29.16160233417
2025-12-29 18:00:00+00:00,29.31684593417
2025-12-29 19:00:00+00:00,29.34225853417
2025-12-29 20:00:00+00:00,28.847387034169998
2025-12-29 21:00:00+00:00,26.79575193417
2025-12-29 22:00:00+00:00,23.92686233417
2025-12-29 23:00:00+00:00,21.81349055765
2025-12-30 00:00:00+00:00,19.414709957649997
2025-12-30 01:00:00+00:00,17.81813805765
2025-12-30 02:00:00+00:00,16.85022455765
2025-12-30 03:00:00+00:00,16.12777505765
2025-12-30 04:00:00+00:00,16.234813857650003
2025-12-30 05:00:00+00:00,17.83103615765
2025-12-30 06:00:00+00:00,20.43760125765
2025-12-30 07:00:00+00:00,22.40037195765
2025-12-30 08:00:00+00:00,19.053961357650003
2025-12-30 09:00:00+00:00,12.83157085765
2025-12-30 10:00:00+00:00,8.073729557650001
2025-12-30 11:00:00+00:00,5.28436145765
2025-12-30 12:00:00+00:00,4.875274157650001
2025-12-30 13:00:00+00:00,4.815183857649998
2025-12-30 14:00:00+00:00,6.27972375765
2025-12-30 15:00:00+00:00,11.23007315765
2025-12-30 16:00:00+00:00,18.43610915765
2025-12-30 17:00:00+00:00,22.57737735765
2025-12-30 18:00:00+00:00,22.50748805765
2025-12-30 19:00:00+00:00,22.603508157650005
2025-12-30 20:00:00+00:00,22.26301165765
2025-12-30 21:00:00+00:00,20.48072105765
2025-12-30 22:00:00+00:00,18.255066957649998
2025-12-30 23:00:00+00:00,14.684919517320001
2025-12-31 00:00:00+00:00,12.803303117320002
2025-12-31 01:00:00+00:00,11.589809417319998
2025-12-31 02:00:00+00:00,11.136726017320001
2025-12-31 03:00:00+00:00,11.22455011732
2025-12-31 04:00:00+00:00,11.62455421732
2025-12-31 05:00:00+00:00,13.104966217320001
2025-12-31 06:00:00+00:00,15.35265841732
2025-12-31 07:00:00+00:00,17.20320921732
2025-12-31 08:00:00+00:00,15.423415117319998
2025-12-31 09:00:00+00:00,11.44768691732
2025-12-31 10:00:00+00:00,7.7909982173199985
2025-12-31 11:00:00+00:00,5.896994017319997
2025-12-31 12:00:00+00:00,5.787633317319997
2025-12-31 13:00:00+00:00,6.291184917319999
2025-12-31 14:00:00+00:00,7.507310417319999
2025-12-31 15:00:00+00:00,12.848874017319998
2025-12-31 16:00:00+00:00,20.89792811732
2025-12-31 17:00:00+00:00,26.75674841732
2025-12-31 18:00:00+00:00,27.43098851732
2025-12-31 19:00:00+00:00,26.53671401732
2025-12-31 20:00:00+00:00,24.52584011732
2025-12-31 21:00:00+00:00,22.022314217319998
2025-12-31 22:00:00+00:00,20.25919551732
2025-12-31 23:00:00+00:00,19.24495249006
2026-01-01 00:00:00+00:00,17.573695590059998
2026-01-01 01:00:00+00:00,15.597057490060003
2026-01-01 02:00:00+00:00,14.263074190060001
2026-01-01 03:00:00+00:00,13.20846829006
2026-01-01 04:00:00+00:00,13.13266159006
2026-01-01 05:00:00+00:00,13.334326590060002
2026-01-01 06:00:00+00:00,13.713089590060001
2026-01-01 07:00:00+00:00,13.235751590059998
2026-01-01 08:00:00+00:00,9.911287190059998
2026-01-01 09:00:00+00:00,7.26665489006
2026-01-01 10:00:00+00:00,5.6148509900600025
2026-01-01 11:00:00+00:00,4.868203190060001
2026-01-01 12:00:00+00:00,5.96805859006
2026-01-01 13:00:00+00:00,7.852050290059999
2026-01-01 14:00:00+00:00,9.054413590060001
2026-01-01 15:00:00+00:00,12.340779090060002
2026-01-01 16:00:00+00:00,16.90275129006
2026-01-01 17:00:00+00:00,20.31592029006
2026-01-01 18:00:00+00:00,21.16598289006
2026-01-01 19:00:00+00:00,21.67594079006
2026-01-01 20:00:00+00:00,21.50312959006
2026-01-01 21:00:00+00:00,20.434849490060003
2026-01-01 22:00:00+00:00,18.105172190060003
2026-01-01 23:00:00+00:00,15.282959932710003
2026-01-02 00:00:00+00:00,12.94739823271
2026-01-02 01:00:00+00:00,11.858847032709999
2026-01-02 02:00:00+00:00,11.408323732709999
2026-01-02 03:00:00+00:00,11.156456932710004
2026-01-02 04:00:00+00:00,11.92723303271
2026-01-02 05:00:00+00:00,14.369818132710002
2026-01-02 06:00:00+00:00,17.940349032710003
2026-01-02 07:00:00+00:00,20.92323093271
2026-01-02 08:00:00+00:00,20.36801973271
2026-01-02 09:00:00+00:00,17.54460413271
2026-01-02 10:00:00+00:00,14.412711832710002
2026-01-02 11:00:00+00:00,13.151166732710006
2026-01-02 12:00:00+00:00,13.859292532710004
2026-01-02 13:00:00+00:00,15.07506473271
2026-01-02 14:00:00+00:00,16.54850263271
2026-01-02 15:00:00+00:00,19.81722523271
2026-01-02 16:00:00+00:00,23.72632973271
2026-01-02 17:00:00+00:00,26.375341032710004
2026-01-02 18:00:00+00:00,26.347048032710003
2026-01-02 19:00:00+00:00,26.13534313271
2026-01-02 20:00:00+00:00,25.47772023271
2026-01-02 21:00:00+00:00,23.44551953271
2026-01-02 22:00:00+00:00,20.92187403271
2026-01-02 23:00:00+00:00,18.292759170750003
2026-01-03 00:00:00+00:00,16.37737897075
2026-01-03 01:00:00+00:00,14.89700147075
2026-01-03 02:00:00+00:00,14.06559627075
2026-01-03 03:00:00+00:00,13.80580847075
2026-01-03 04:00:00+00:00,13.97930527075
2026-01-03 05:00:00+00:00,14.913630870750001
2026-01-03 06:00:00+00:00,16.37877987075
2026-01-03 07:00:00+00:00,17.970769670750002
2026-01-03 08:00:00+00:00,18.20453947075
2026-01-03 09:00:00+00:00,17.209947670749997
2026-01-03 10:00:00+00:00,15.498591470750002
2026-01-03 11:00:00+00:00,13.922629770750001
2026-01-03 12:00:00+00:00,13.82667987075
2026-01-03 13:00:00+00:00,14.078310370750001
2026-01-03 14:00:00+00:00,14.644538470750001
2026-01-03 15:00:00+00:00,15.94292517075
2026-01-03 16:00:00+00:00,18.39809907075
2026-01-03 17:00:00+00:00,20.271582470749998
2026-01-03 18:00:00+00:00,20.225806170749998
2026-01-03 19:00:00+00:00,19.96846877075
2026-01-03 20:00:00+00:00,19.029805370749997
2026-01-03 21:00:00+00:00,17.034813070749998
2026-01-03 22:00:00+00:00,14.669341370749999
2026-01-03 23:00:00+00:00,12.320184951929999
2026-01-04 00:00:00+00:00,9.835777451929998
2026-01-04 01:00:00+00:00,8.137936751929997
2026-01-04 02:00:00+00:00,7.12062275193
2026-01-04 03:00:00+00:00,6.60159965193
2026-01-04 04:00:00+00:00,6.563592451930001
2026-01-04 05:00:00+00:00,7.024696251929997
2026-01-04 06:00:00+00:00,7.6171697519300015
2026-01-04 07:00:00+00:00,8.237554951929999
2026-01-04 08:00:00+00:00,7.858087751930004
2026-01-04 09:00:00+00:00,6.695368851930002
2026-01-04 10:00:00+00:00,5.2135397519300035
2026-01-04 11:00:00+00:00,3.9543051519300043
2026-01-04 12:00:00+00:00,4.617378351930004
2026-01-04 13:00:00+00:00,5.4598020519300015
2026-01-04 14:00:00+00:00,5.964949251930001
2026-01-04 15:00:00+00:00,7.852462051930004
2026-01-04 16:00:00+00:00,11.257883451929999
2026-01-04 17:00:00+00:00,14.51770895193
2026-01-04 18:00:00+00:00,15.515540551929998
2026-01-04 19:00:00+00:00,16.33117955193
2026-01-04 20:00:00+00:00,16.42075455193
2026-01-04 21:00:00+00:00,15.301346351929999
2026-01-04 22:00:00+00:00,13.17600775193
2026-01-04 23:00:00+00:00,10.77544762395
2026-01-05 00:00:00+00:00,9.02910322395
2026-01-05 01:00:00+00:00,8.192839123950002
2026-01-05 02:00:00+00:00,7.997648023950003
2026-01-05 03:00:00+00:00,8.211407823950001
2026-01-05 04:00:00+00:00,9.30925162395
2026-01-05 05:00:00+00:00,12.224605923950001
2026-01-05 06:00:00+00:00,16.18698142395
2026-01-05 07:00:00+00:00,19.34982842395
2026-01-05 08:00:00+00:00,18.605368623950003
2026-01-05 09:00:00+00:00,15.290419623950001
2026-01-05 10:00:00+00:00,12.16113752395
2026-01-05 11:00:00+00:00,9.83047862395
2026-01-05 12:00:00+00:00,9.391002623950001
2026-01-05 13:00:00+00:00,8.801065023949999
2026-01-05 14:00:00+00:00,9.317243423949996
2026-01-05 15:00:00+00:00,12.746179523949998
2026-01-05 16:00:00+00:00,18.647703323949997
2026-01-05 17:00:00+00:00,22.546255023950003
2026-01-05 18:00:00+00:00,22.767815323949996
2026-01-05 19:00:00+00:00,22.638315923950003
2026-01-05 20:00:00+00:00,21.88016322395
2026-01-05 21:00:00+00:00,19.56240572395
2026-01-05 22:00:00+00:00,16.70590362395
2026-01-05 23:00:00+00:00,13.233629751039999
2026-01-06 00:00:00+00:00,10.948134551040003
2026-01-06 01:00:00+00:00,8.844404551040004
2026-01-06 02:00:00+00:00,7.70100545104
2026-01-06 03:00:00+00:00,6.886491451040001
2026-01-06 04:00:00+00:00,6.52051655104
2026-01-06 05:00:00+00:00,6.6827488510399995
2026-01-06 06:00:00+00:00,7.031631551040004
2026-01-06 07:00:00+00:00,6.83509115104
2026-01-06 08:00:00+00:00,2.588454851039998
2026-01-06 09:00:00+00:00,-3.1234697489600016
2026-01-06 10:00:00+00:00,-7.139330148959996
2026-01-06 11:00:00+00:00,-8.985679548959997
2026-01-06 12:00:00+00:00,-9.364392948959988
2026-01-06 13:00:00+00:00,-8.98707474895999
2026-01-06 14:00:00+00:00,-8.15841254895999
2026-01-06 15:00:00+00:00,-2.1838334489600015
2026-01-06 16:00:00+00:00,7.393104151039999
2026-01-06 17:00:00+00:00,14.11800345104
2026-01-06 18:00:00+00:00,16.11969695104
2026-01-06 19:00:00+00:00,17.43913775104
2026-01-06 20:00:00+00:00,18.13863745104
2026-01-06 21:00:00+00:00,17.51115665104
2026-01-06 22:00:00+00:00,15.805684251040002
2026-01-06 23:00:00+00:00,14.191702519140001
2026-01-07 00:00:00+00:00,11.99108821914
2026-01-07 01:00:00+00:00,10.61589581914
2026-01-07 02:00:00+00:00,10.06484421914
2026-01-07 03:00:00+00:00,9.88039611914
2026-01-07 04:00:00+00:00,10.59206291914
2026-01-07 05:00:00+00:00,13.12312731914
2026-01-07 06:00:00+00:00,17.15891361914
2026-01-07 07:00:00+00:00,20.10827421914
2026-01-07 08:00:00+00:00,17.35980641914
2026-01-07 09:00:00+00:00,11.91735381914
2026-01-07 10:00:00+00:00,8.185550519140001
2026-01-07 11:00:00+00:00,6.663235219139999
2026-01-07 12:00:00+00:00,6.710784219140006
2026-01-07 13:00:00+00:00,6.538292919140005
2026-01-07 14:00:00+00:00,7.586432519140004
2026-01-07 15:00:00+00:00,11.701486319140002
2026-01-07 16:00:00+00:00,17.880236819140002
2026-01-07 17:00:00+00:00,21.610291919139996
2026-01-07 18:00:00+00:00,21.821554819139998
2026-01-07 19:00:00+00:00,21.514146819139995
2026-01-07 20:00:00+00:00,20.564011119139998
2026-01-07 21:00:00+00:00,18.182973419140005
2026-01-07 22:00:00+00:00,14.96504741914
2026-01-07 23:00:00+00:00,13.486859718920002
2026-01-08 00:00:00+00:00,11.21042121892
2026-01-08 01:00:00+00:00,9.798792618919999
2026-01-08 02:00:00+00:00,9.07879981892
2026-01-08 03:00:00+00:00,8.81429321892
2026-01-08 04:00:00+00:00,9.73099591892
2026-01-08 05:00:00+00:00,13.13272721892
2026-01-08 06:00:00+00:00,18.232630718920007
2026-01-08 07:00:00+00:00,20.84815231892
2026-01-08 08:00:00+00:00,17.612508918920003
2026-01-08 09:00:00+00:00,12.487168018920002
2026-01-08 10:00:00+00:00,7.818700318920001
2026-01-08 11:00:00+00:00,4.945336718920004
2026-01-08 12:00:00+00:00,4.135365718919999
2026-01-08 13:00:00+00:00,4.295295518920003
2026-01-08 14:00:00+00:00,6.116979318920002
2026-01-08 15:00:00+00:00,10.451883118920005
2026-01-08 16:00:00+00:00,16.564740318920006
2026-01-08 17:00:00+00:00,20.012963118920002
2026-01-08 18:00:00+00:00,20.335275118920002
2026-01-08 19:00:00+00:00,20.24668521892
2026-01-08 20:00:00+00:00,18.684599018920004
2026-01-08 21:00:00+00:00,15.200475518920005
2026-01-08 22:00:00+00:00,11.59614461892
2026-01-08 23:00:00+00:00,8.554378766559996
2026-01-09 00:00:00+00:00,6.409238166560002
2026-01-09 01:00:00+00:00,5.052757366560005
2026-01-09 02:00:00+00:00,4.425804366560005
2026-01-09 03:00:00+00:00,4.361687366560002
2026-01-09 04:00:00+00:00,4.969549266559998
2026-01-09 05:00:00+00:00,7.995150766560002
2026-01-09 06:00:00+00:00,12.873830266560006
2026-01-09 07:00:00+00:00,15.376352366560006
2026-01-09 08:00:00+00:00,12.859623066560005
2026-01-09 09:00:00+00:00,8.288792766560007
2026-01-09 10:00:00+00:00,3.977744166560001
2026-01-09 11:00:00+00:00,1.036775666560004
2026-01-09 12:00:00+00:00,-0.44016863344000257
2026-01-09 13:00:00+00:00,-1.22936833344
2026-01-09 14:00:00+00:00,-0.3819100334400005
2026-01-09 15:00:00+00:00,3.6704769665600026
2026-01-09 16:00:00+00:00,10.904188766560004
2026-01-09 17:00:00+00:00,16.332262566560004
2026-01-09 18:00:00+00:00,18.025305366559998
2026-01-09 19:00:00+00:00,18.437378166560002
2026-01-09 20:00:00+00:00,17.711541666560002
2026-01-09 21:00:00+00:00,15.26884896656
2026-01-09 22:00:00+00:00,12.561923466560003
2026-01-09 23:00:00+00:00,10.111760981300002
2026-01-10 00:00:00+00:00,8.2273918813
2026-01-10 01:00:00+00:00,7.058838381300003
2026-01-10 02:00:00+00:00,6.450528381300003
2026-01-10 03:00:00+00:00,6.378507481299998
2026-01-10 04:00:00+00:00,7.008106981300001
2026-01-10 05:00:00+00:00,8.566527181299998
2026-01-10 06:00:00+00:00,10.5466796813
2026-01-10 07:00:00+00:00,12.7955988813
2026-01-10 08:00:00+00:00,10.3739832813
2026-01-10 09:00:00+00:00,4.807215281300007
2026-01-10 10:00:00+00:00,0.29769568130000224
2026-01-10 11:00:00+00:00,-1.7404805186999965
2026-01-10 12:00:00+00:00,-1.5729767186999943
2026-01-10 13:00:00+00:00,-0.774840518699996
2026-01-10 14:00:00+00:00,0.6918797813000026
2026-01-10 15:00:00+00:00,5.9384259813000035
2026-01-10 16:00:00+00:00,13.883108081300001
2026-01-10 17:00:00+00:00,19.648117981299997
2026-01-10 18:00:00+00:00,21.239623681300003
2026-01-10 19:00:00+00:00,22.2873975813
2026-01-10 20:00:00+00:00,21.8696742813
2026-01-10 21:00:00+00:00,19.1466196813
2026-01-10 22:00:00+00:00,16.1944728813
2026-01-10 23:00:00+00:00,13.734240643570004
2026-01-11 00:00:00+00:00,11.72465864357
2026-01-11 01:00:00+00:00,10.427916543570003
2026-01-11 02:00:00+00:00,9.833221043570001
2026-01-11 03:00:00+00:00,9.599977543570002
2026-01-11 04:00:00+00:00,10.350997243570003
2026-01-11 05:00:00+00:00,11.53546164357
2026-01-11 06:00:00+00:00,12.69000364357
2026-01-11 07:00:00+00:00,13.493193643570002
2026-01-11 08:00:00+00:00,10.199470843570001
2026-01-11 09:00:00+00:00,4.734831643570004
2026-01-11 10:00:00+00:00,1.1032219435700021
2026-01-11 11:00:00+00:00,-0.2907180564299985
2026-01-11 12:00:00+00:00,0.5051874435700014
2026-01-11 13:00:00+00:00,1.8974528435700044
2026-01-11 14:00:00+00:00,2.694372243570001
2026-01-11 15:00:00+00:00,7.259915743570005
2026-01-11 16:00:00+00:00,15.322257743570002
2026-01-11 17:00:00+00:00,21.18371714357
2026-01-11 18:00:00+00:00,22.453305643570005
2026-01-11 19:00:00+00:00,23.412052943570004
2026-01-11 20:00:00+00:00,23.322238143570004
2026-01-11 21:00:00+00:00,20.81197474357
2026-01-11 22:00:00+00:00,17.93692444357
2026-01-11 23:00:00+00:00,14.3755617192
2026-01-12 00:00:00+00:00,12.503211919200002
2026-01-12 01:00:00+00:00,11.7363719192
2026-01-12 02:00:00+00:00,11.534645919199999
2026-01-12 03:00:00+00:00,11.5682775192
2026-01-12 04:00:00+00:00,12.875146219199998
2026-01-12 05:00:00+00:00,16.5380373192
2026-01-12 06:00:00+00:00,21.767197019200005
2026-01-12 07:00:00+00:00,24.826615319200002
2026-01-12 08:00:00+00:00,21.2299075192
2026-01-12 09:00:00+00:00,14.552990519199998
2026-01-12 10:00:00+00:00,9.1157150192
2026-01-12 11:00:00+00:00,6.322012319200002
2026-01-12 12:00:00+00:00,5.624326119200003
2026-01-12 13:00:00+00:00,5.686764119199996
2026-01-12 14:00:00+00:00,7.6127612192000065
2026-01-12 15:00:00+00:00,12.861085419200005
2026-01-12 16:00:00+00:00,20.5193429192
2026-01-12 17:00:00+00:00,25.3577661192
2026-01-12 18:00:00+00:00,26.386211919200004
2026-01-12 19:00:00+00:00,26.741607719200005
2026-01-12 20:00:00+00:00,25.443991119200003
2026-01-12 21:00:00+00:00,21.339305019200005
2026-01-12 22:00:00+00:00,17.5214108192
2026-01-12 23:00:00+00:00,13.91531401325
2026-01-13 00:00:00+00:00,11.825070613249999
2026-01-13 01:00:00+00:00,10.53352011325
2026-01-13 02:00:00+00:00,10.042114713250001
2026-01-13 03:00:00+00:00,9.83830171325
2026-01-13 04:00:00+00:00,10.866277513250001
2026-01-13 05:00:00+00:00,14.43111821325
2026-01-13 06:00:00+00:00,19.79259301325
2026-01-13 07:00:00+00:00,22.85705721325
2026-01-13 08:00:00+00:00,20.31364471325
2026-01-13 09:00:00+00:00,15.592688913249997
2026-01-13 10:00:00+00:00,11.44583731325
2026-01-13 11:00:00+00:00,9.507464313249994
2026-01-13 12:00:00+00:00,9.368959513249994
2026-01-13 13:00:00+00:00,10.020093913249998
2026-01-13 14:00:00+00:00,12.154661113249997
2026-01-13 15:00:00+00:00,16.04139141325
2026-01-13 16:00:00+00:00,21.013278713250003
2026-01-13 17:00:00+00:00,24.76433091325
2026-01-13 18:00:00+00:00,27.08443191325
2026-01-13 19:00:00+00:00,28.56265541325
2026-01-13 20:00:00+00:00,28.026344713249998
2026-01-13 21:00:00+00:00,24.615140313250002
2026-01-13 22:00:00+00:00,21.655602013249997
2026-01-13 23:00:00+00:00,17.826136319899998
2026-01-14 00:00:00+00:00,16.4358112199
2026-01-14 01:00:00+00:00,15.928014119900002
2026-01-14 02:00:00+00:00,15.9707689199
2026-01-14 03:00:00+00:00,16.3726895199
2026-01-14 04:00:00+00:00,18.0331395199
2026-01-14 05:00:00+00:00,21.9063249199
2026-01-14 06:00:00+00:00,27.509081319899998
2026-01-14 07:00:00+00:00,30.926085319899997
2026-01-14 08:00:00+00:00,29.106482819900002
2026-01-14 09:00:00+00:00,24.8348808199
2026-01-14 10:00:00+00:00,20.3857700199
2026-01-14 11:00:00+00:00,16.9111841199
2026-01-14 12:00:00+00:00,15.410286319900003
2026-01-14 13:00:00+00:00,15.379796819900001
2026-01-14 14:00:00+00:00,16.529973419900003
2026-01-14 15:00:00+00:00,20.4691987199
2026-01-14 16:00:00+00:00,27.1933470199
2026-01-14 17:00:00+00:00,32.130462819899996
2026-01-14 18:00:00+00:00,33.6612130199
2026-01-14 19:00:00+00:00,34.1318070199
2026-01-14 20:00:00+00:00,32.7467176199
2026-01-14 21:00:00+00:00,28.644227419899998
2026-01-14 22:00:00+00:00,24.7156265199
2026-01-14 23:00:00+00:00,19.39860029389
2026-01-15 00:00:00+00:00,16.93082989389
2026-01-15 01:00:00+00:00,15.46968219389
2026-01-15 02:00:00+00:00,14.82287059389
2026-01-15 03:00:00+00:00,14.46442659389
2026-01-15 04:00:00+00:00,14.91759969389
2026-01-15 05:00:00+00:00,17.915410293889998
2026-01-15 06:00:00+00:00,22.75684459389
2026-01-15 07:00:00+00:00,25.219640793890004
2026-01-15 08:00:00+00:00,20.96543629389
2026-01-15 09:00:00+00:00,15.57488229389
2026-01-15 10:00:00+00:00,11.337643193889996
2026-01-15 11:00:00+00:00,9.082799393890006
2026-01-15 12:00:00+00:00,8.920999093890003
2026-01-15 13:00:00+00:00,9.940575693890004
2026-01-15 14:00:00+00:00,12.137314293890004
2026-01-15 15:00:00+00:00,16.02818099389
2026-01-15 16:00:00+00:00,20.445867293890004
2026-01-15 17:00:00+00:00,23.650874193890004
2026-01-15 18:00:00+00:00,25.67042589389
2026-01-15 19:00:00+00:00,26.45400589389
2026-01-15 20:00:00+00:00,25.46506409389
2026-01-15 21:00:00+00:00,21.98723589389
2026-01-15 22:00:00+00:00,18.47753589389
2026-01-15 23:00:00+00:00,16.905099486199997
2026-01-16 00:00:00+00:00,14.9909911862
2026-01-16 01:00:00+00:00,14.373604186200001
2026-01-16 02:00:00+00:00,14.0814588862
2026-01-16 03:00:00+00:00,14.396014586199998
2026-01-16 04:00:00+00:00,15.644211986200002
2026-01-16 05:00:00+00:00,19.4323515862
2026-01-16 06:00:00+00:00,24.858837086199998
2026-01-16 07:00:00+00:00,28.115881386199998
2026-01-16 08:00:00+00:00,26.5780730862
2026-01-16 09:00:00+00:00,22.2370310862
2026-01-16 10:00:00+00:00,17.855748786200003
2026-01-16 11:00:00+00:00,15.479777786200003
2026-01-16 12:00:00+00:00,14.504571686200002
2026-01-16 13:00:00+00:00,14.196151786200005
2026-01-16 14:00:00+00:00,15.513337186200005
2026-01-16 15:00:00+00:00,19.4194641862
2026-01-16 16:00:00+00:00,25.279666086200002
2026-01-16 17:00:00+00:00,29.377893986199997
2026-01-16 18:00:00+00:00,31.180803186199995
2026-01-16 19:00:00+00:00,32.0128814862
2026-01-16 20:00:00+00:00,30.8878005862
2026-01-16 21:00:00+00:00,27.518960986199996
2026-01-16 22:00:00+00:00,24.2426420862
2026-01-16 23:00:00+00:00,22.433063738580003
2026-01-17 00:00:00+00:00,20.30040933858
2026-01-17 01:00:00+00:00,18.95761253858
2026-01-17 02:00:00+00:00,17.931110138580003
2026-01-17 03:00:00+00:00,17.67186193858
2026-01-17 04:00:00+00:00,18.22225053858
2026-01-17 05:00:00+00:00,19.74253303858
2026-01-17 06:00:00+00:00,21.24837653858
2026-01-17 07:00:00+00:00,23.109414538579998
2026-01-17 08:00:00+00:00,22.80891553858
2026-01-17 09:00:00+00:00,20.686576838580002
2026-01-17 10:00:00+00:00,17.707912138580003
2026-01-17 11:00:00+00:00,15.225144538580002
2026-01-17 12:00:00+00:00,14.682006838580001
2026-01-17 13:00:00+00:00,15.066991038580003
2026-01-17 14:00:00+00:00,15.253150638580003
2026-01-17 15:00:00+00:00,17.894138838580005
2026-01-17 16:00:00+00:00,23.208207438579997
2026-01-17 17:00:00+00:00,28.40286773858
2026-01-17 18:00:00+00:00,30.367307138580003
2026-01-17 19:00:00+00:00,31.21535143858
2026-01-17 20:00:00+00:00,30.17445373858
2026-01-17 21:00:00+00:00,27.38009773858
2026-01-17 22:00:00+00:00,24.592785638580004
2026-01-17 23:00:00+00:00,20.578169626940003
2026-01-18 00:00:00+00:00,18.50629792694
2026-01-18 01:00:00+00:00,17.161520026939996
2026-01-18 02:00:00+00:00,16.28653712694
2026-01-18 03:00:00+00:00,15.819088626940001
2026-01-18 04:00:00+00:00,16.378971126939998
2026-01-18 05:00:00+00:00,17.142544826940004
2026-01-18 06:00:00+00:00,17.93303602694
2026-01-18 07:00:00+00:00,18.269011926940003
2026-01-18 08:00:00+00:00,15.58174602694
2026-01-18 09:00:00+00:00,10.565625326940001
2026-01-18 10:00:00+00:00,6.441813226940003
2026-01-18 11:00:00+00:00,4.495411426939999
2026-01-18 12:00:00+00:00,4.7530552269399955
2026-01-18 13:00:00+00:00,6.075825326939999
2026-01-18 14:00:00+00:00,6.77531842694
2026-01-18 15:00:00+00:00,10.947668426940002
2026-01-18 16:00:00+00:00,18.26118222694
2026-01-18 17:00:00+00:00,24.98778952694
2026-01-18 18:00:00+00:00,26.850469226939996
2026-01-18 19:00:00+00:00,28.26126542694
2026-01-18 20:00:00+00:00,28.275410326940005
2026-01-18 21:00:00+00:00,25.75714822694
2026-01-18 22:00:00+00:00,23.12002202694
2026-01-18 23:00:00+00:00,19.402203913690002
2026-01-19 00:00:00+00:00,17.441936813690003
2026-01-19 01:00:00+00:00,16.230201513689998
2026-01-19 02:00:00+00:00,15.45910661369
2026-01-19 03:00:00+00:00,15.24457681369
2026-01-19 04:00:00+00:00,16.16059811369
2026-01-19 05:00:00+00:00,19.474716513689998
2026-01-19 06:00:00+00:00,24.433899113690003
2026-01-19 07:00:00+00:00,26.697068813689995
2026-01-19 08:00:00+00:00,22.302168813690002
2026-01-19 09:00:00+00:00,15.074955713689995
2026-01-19 10:00:00+00:00,10.129313913689995
2026-01-19 11:00:00+00:00,8.37803841369
2026-01-19 12:00:00+00:00,8.569398213689997
2026-01-19 13:00:00+00:00,8.834819013689998
2026-01-19 14:00:00+00:00,10.026548213689999
2026-01-19 15:00:00+00:00,14.05855591369
2026-01-19 16:00:00+00:00,20.43443151369
2026-01-19 17:00:00+00:00,26.008955413689996
2026-01-19 18:00:00+00:00,26.836162213690002
2026-01-19 19:00:00+00:00,27.384231213690004
2026-01-19 20:00:00+00:00,25.793664413690003
2026-01-19 21:00:00+00:00,21.319261313690003
2026-01-19 22:00:00+00:00,17.36085281369
2026-01-19 23:00:00+00:00,15.11363757447
2026-01-20 00:00:00+00:00,12.941285174470002
2026-01-20 01:00:00+00:00,11.606828574469999
2026-01-20 02:00:00+00:00,10.84113807447
2026-01-20 03:00:00+00:00,10.65824957447
2026-01-20 04:00:00+00:00,11.45581787447
2026-01-20 05:00:00+00:00,14.76907977447
2026-01-20 06:00:00+00:00,20.013665074469998
2026-01-20 07:00:00+00:00,22.803724474469995
2026-01-20 08:00:00+00:00,18.834432174470003
2026-01-20 09:00:00+00:00,12.085227174470006
2026-01-20 10:00:00+00:00,6.959310074470004
2026-01-20 11:00:00+00:00,4.529331374470004
2026-01-20 12:00:00+00:00,4.488781474470002
2026-01-20 13:00:00+00:00,4.918213674469996
2026-01-20 14:00:00+00:00,6.322280674470008
2026-01-20 15:00:00+00:00,11.029131674470001
2026-01-20 16:00:00+00:00,18.558970774470005
2026-01-20 17:00:00+00:00,24.54130097447
2026-01-20 18:00:00+00:00,25.667240374469998
2026-01-20 19:00:00+00:00,26.047035574469994
2026-01-20 20:00:00+00:00,24.375045274470004
2026-01-20 21:00:00+00:00,20.118859674469995
2026-01-20 22:00:00+00:00,16.45012357447
2026-01-20 23:00:00+00:00,12.91051706517
2026-01-21 00:00:00+00:00,11.020646665170002
2026-01-21 01:00:00+00:00,10.113405465169999
2026-01-21 02:00:00+00:00,9.70568986517
2026-01-21 03:00:00+00:00,9.69257086517
2026-01-21 04:00:00+00:00,10.485154865170001
2026-01-21 05:00:00+00:00,13.53669676517
2026-01-21 06:00:00+00:00,18.441621565169996
2026-01-21 07:00:00+00:00,20.721943765169996
2026-01-21 08:00:00+00:00,18.724741265169996
2026-01-21 09:00:00+00:00,15.407919665170002
2026-01-21 10:00:00+00:00,12.567058765169996
2026-01-21 11:00:00+00:00,11.549783465169998
2026-01-21 12:00:00+00:00,11.668051665170005
2026-01-21 13:00:00+00:00,11.713784765169997
2026-01-21 14:00:00+00:00,12.327555665170003
2026-01-21 15:00:00+00:00,13.624041065170001
2026-01-21 16:00:00+00:00,15.27597646517
2026-01-21 17:00:00+00:00,17.243485565170005
2026-01-21 18:00:00+00:00,18.45580776517
2026-01-21 19:00:00+00:00,19.24066146517
2026-01-21 20:00:00+00:00,17.96172286517
2026-01-21 21:00:00+00:00,14.393095065169998
2026-01-21 22:00:00+00:00,11.41481286517
2026-01-21 23:00:00+00:00,8.93159383451
2026-01-22 00:00:00+00:00,7.00860523451
2026-01-22 01:00:00+00:00,5.434067134510006
2026-01-22 02:00:00+00:00,4.521289034510005
2026-01-22 03:00:00+00:00,4.386044434510001
2026-01-22 04:00:00+00:00,5.50156823451
2026-01-22 05:00:00+00:00,9.173613234510004
2026-01-22 06:00:00+00:00,14.515487134509996
2026-01-22 07:00:00+00:00,17.11906873451
2026-01-22 08:00:00+00:00,12.994433734509997
2026-01-22 09:00:00+00:00,6.917228834510002
2026-01-22 10:00:00+00:00,2.756914734510005
2026-01-22 11:00:00+00:00,2.03380113451
2026-01-22 12:00:00+00:00,3.672275634510001
2026-01-22 13:00:00+00:00,5.480193134510003
2026-01-22 14:00:00+00:00,8.071958134510005
2026-01-22 15:00:00+00:00,11.874083334510004
2026-01-22 16:00:00+00:00,15.753488534510005
2026-01-22 17:00:00+00:00,18.33635563451
2026-01-22 18:00:00+00:00,20.07419283451
2026-01-22 19:00:00+00:00,20.596170234509998
2026-01-22 20:00:00+00:00,19.03630973451
2026-01-22 21:00:00+00:00,15.27218123451
2026-01-22 22:00:00+00:00,11.518698734509996
2026-01-22 23:00:00+00:00,8.439256112279999
2026-01-23 00:00:00+00:00,6.602299912280003
2026-01-23 01:00:00+00:00,5.488409712280003
2026-01-23 02:00:00+00:00,4.916690812279999
2026-01-23 03:00:00+00:00,4.900635312280002
2026-01-23 04:00:00+00:00,5.834428712280001
2026-01-23 05:00:00+00:00,9.04202141228
2026-01-23 06:00:00+00:00,13.752975112280001
2026-01-23 07:00:00+00:00,15.477623712280007
2026-01-23 08:00:00+00:00,10.662660312279996
2026-01-23 09:00:00+00:00,3.84464951228
2026-01-23 10:00:00+00:00,-0.4017179877199979
2026-01-23 11:00:00+00:00,-1.4080882877199912
2026-01-23 12:00:00+00:00,-0.6865169877199975
2026-01-23 13:00:00+00:00,0.7911523122800048
2026-01-23 14:00:00+00:00,3.7064338122799967
2026-01-23 15:00:00+00:00,8.306229812279998
2026-01-23 16:00:00+00:00,14.040905212280006
2026-01-23 17:00:00+00:00,18.914123012280005
2026-01-23 18:00:00+00:00,21.715660412280002
2026-01-23 19:00:00+00:00,22.83090591228
2026-01-23 20:00:00+00:00,22.11305711228
2026-01-23 21:00:00+00:00,19.124641912280005
2026-01-23 22:00:00+00:00,15.912653412280001
2026-01-23 23:00:00+00:00,12.26512820094
2026-01-24 00:00:00+00:00,10.11681970094
2026-01-24 01:00:00+00:00,8.310735600940003
2026-01-24 02:00:00+00:00,6.96093370094
2026-01-24 03:00:00+00:00,6.363019100940001
2026-01-24 04:00:00+00:00,6.324173500939999
2026-01-24 05:00:00+00:00,6.91975950094
2026-01-24 06:00:00+00:00,7.973749600940003
2026-01-24 07:00:00+00:00,8.893724900940004
2026-01-24 08:00:00+00:00,7.403180400940002
2026-01-24 09:00:00+00:00,4.27068510094
2026-01-24 10:00:00+00:00,0.9890266009400008
2026-01-24 11:00:00+00:00,-1.71754779906
2026-01-24 12:00:00+00:00,-2.490039699059995
2026-01-24 13:00:00+00:00,-2.3683113990600013
2026-01-24 14:00:00+00:00,-2.8014612990600014
2026-01-24 15:00:00+00:00,-0.247491499059997
2026-01-24 16:00:00+00:00,5.520525400940002
2026-01-24 17:00:00+00:00,11.726045400940002
2026-01-24 18:00:00+00:00,13.632757100940005
2026-01-24 19:00:00+00:00,14.134781400940003
2026-01-24 20:00:00+00:00,13.036008200940007
2026-01-24 21:00:00+00:00,10.500094000940003
2026-01-24 22:00:00+00:00,7.786405300940004
2026-01-24 23:00:00+00:00,5.365173076550004
2026-01-25 00:00:00+00:00,3.6573453765500012
2026-01-25 01:00:00+00:00,3.0082288765499996
2026-01-25 02:00:00+00:00,3.99948247655
2026-01-25 03:00:00+00:00,4.67476637655
2026-01-25 04:00:00+00:00,5.054168876550001
2026-01-25 05:00:00+00:00,5.905135176550001
2026-01-25 06:00:00+00:00,5.217013876550002
2026-01-25 07:00:00+00:00,3.9597766765499998
2026-01-25 08:00:00+00:00,3.165898476550005
2026-01-25 09:00:00+00:00,2.5914147765499997
2026-01-25 10:00:00+00:00,1.620235476550004
2026-01-25 11:00:00+00:00,-0.7736584234499979
2026-01-25 12:00:00+00:00,-1.2651196234499977
2026-01-25 13:00:00+00:00,-0.36717512345000003
2026-01-25 14:00:00+00:00,-0.41817412345000093
2026-01-25 15:00:00+00:00,-0.5219009234499978
2026-01-25 16:00:00+00:00,2.046987776550001
2026-01-25 17:00:00+00:00,7.649095076550001
2026-01-25 18:00:00+00:00,10.09908617655
2026-01-25 19:00:00+00:00,11.736416776550001
2026-01-25 20:00:00+00:00,11.939870076550001
2026-01-25 21:00:00+00:00,10.094410076550002
2026-01-25 22:00:00+00:00,7.124541576549998
2026-01-25 23:00:00+00:00,4.6359456675600015
2026-01-26 00:00:00+00:00,3.1158371675600023
2026-01-26 01:00:00+00:00,2.1202994675600024
2026-01-26 02:00:00+00:00,1.721004967559999
2026-01-26 03:00:00+00:00,1.8803830675600004
2026-01-26 04:00:00+00:00,3.07314396756
2026-01-26 05:00:00+00:00,6.917862167559999
2026-01-26 06:00:00+00:00,12.555217767560002
2026-01-26 07:00:00+00:00,15.487489567560004
2026-01-26 08:00:00+00:00,14.60748026756
2026-01-26 09:00:00+00:00,12.143710767560002
2026-01-26 10:00:00+00:00,10.13909536756
2026-01-26 11:00:00+00:00,8.846802867560005
2026-01-26 12:00:00+00:00,8.678591367560003
2026-01-26 13:00:00+00:00,9.023305067559999
2026-01-26 14:00:00+00:00,9.115556167560001
2026-01-26 15:00:00+00:00,10.648034767559999
2026-01-26 16:00:00+00:00,13.571635167559997
2026-01-26 17:00:00+00:00,16.507401067560004
2026-01-26 18:00:00+00:00,17.336183867560003
2026-01-26 19:00:00+00:00,17.90844526756
2026-01-26 20:00:00+00:00,16.683572767559998
2026-01-26 21:00:00+00:00,13.330175567560005
2026-01-26 22:00:00+00:00,9.544750867560005
2026-01-26 23:00:00+00:00,7.235829564840003
2026-01-27 00:00:00+00:00,5.337942264839999
2026-01-27 01:00:00+00:00,3.9276110648400007
2026-01-27 02:00:00+00:00,3.4968922648399996
2026-01-27 03:00:00+00:00,3.71411616484
2026-01-27 04:00:00+00:00,4.4803407648399975
2026-01-27 05:00:00+00:00,7.663402864840002
2026-01-27 06:00:00+00:00,12.873577264840005
2026-01-27 07:00:00+00:00,15.354849564839999
2026-01-27 08:00:00+00:00,14.317866564839996
2026-01-27 09:00:00+00:00,11.706434064839996
2026-01-27 10:00:00+00:00,9.093249664839998
2026-01-27 11:00:00+00:00,7.08748786484
2026-01-27 12:00:00+00:00,6.470050764840007
2026-01-27 13:00:00+00:00,7.013463364840003
2026-01-27 14:00:00+00:00,7.106715164840001
2026-01-27 15:00:00+00:00,8.679828564840001
2026-01-27 16:00:00+00:00,12.325447764840003
2026-01-27 17:00:00+00:00,16.266215964840004
2026-01-27 18:00:00+00:00,17.44897376484
2026-01-27 19:00:00+00:00,17.746322064839998
2026-01-27 20:00:00+00:00,16.149076864840005
2026-01-27 21:00:00+00:00,12.655519964839996
2026-01-27 22:00:00+00:00,8.888095564840004
2026-01-27 23:00:00+00:00,5.943434929720002
2026-01-28 00:00:00+00:00,4.548783929720003
2026-01-28 01:00:00+00:00,3.752270729720003
2026-01-28 02:00:00+00:00,3.8374140297200015
2026-01-28 03:00:00+00:00,4.484835429720004
2026-01-28 04:00:00+00:00,6.02829632972
2026-01-28 05:00:00+00:00,10.37366222972
2026-01-28 06:00:00+00:00,16.621099929720003
2026-01-28 07:00:00+00:00,19.69887152972
2026-01-28 08:00:00+00:00,18.769211829720003
2026-01-28 09:00:00+00:00,15.245117929720003
2026-01-28 10:00:00+00:00,10.784555729720005
2026-01-28 11:00:00+00:00,7.200756129720002
2026-01-28 12:00:00+00:00,5.082748429720002
2026-01-28 13:00:00+00:00,3.830751929719998
2026-01-28 14:00:00+00:00,3.4000246297200007
2026-01-28 15:00:00+00:00,5.933306729720002
2026-01-28 16:00:00+00:00,11.055662429720005
2026-01-28 17:00:00+00:00,15.53914442972
2026-01-28 18:00:00+00:00,16.78270822972
2026-01-28 19:00:00+00:00,17.44366932972
2026-01-28 20:00:00+00:00,16.36222222972
2026-01-28 21:00:00+00:00,13.311241729720003
2026-01-28 22:00:00+00:00,10.002983429720004
2026-01-28 23:00:00+00:00,7.974748679890002
2026-01-29 00:00:00+00:00,6.741624279890001
2026-01-29 01:00:00+00:00,6.060836879889997
2026-01-29 02:00:00+00:00,5.995694079890004
2026-01-29 03:00:00+00:00,6.068540079889999
2026-01-29 04:00:00+00:00,6.642080679890004
2026-01-29 05:00:00+00:00,9.68178647989
2026-01-29 06:00:00+00:00,14.39003217989
2026-01-29 07:00:00+00:00,16.40086107989
2026-01-29 08:00:00+00:00,16.008221479890004
2026-01-29 09:00:00+00:00,14.746270779890004
2026-01-29 10:00:00+00:00,12.996986479889998
2026-01-29 11:00:00+00:00,10.960896279890001
2026-01-29 12:00:00+00:00,9.719946879890003
2026-01-29 13:00:00+00:00,8.358978379889997
2026-01-29 14:00:00+00:00,7.396413979889999
2026-01-29 15:00:00+00:00,7.97398697989
2026-01-29 16:00:00+00:00,10.55113417989
2026-01-29 17:00:00+00:00,13.64639517989
2026-01-29 18:00:00+00:00,15.262490379889996
2026-01-29 19:00:00+00:00,15.50029067989
2026-01-29 20:00:00+00:00,13.909052479889993
2026-01-29 21:00:00+00:00,10.07245407989
2026-01-29 22:00:00+00:00,6.79112797989
2026-01-29 23:00:00+00:00,4.532573977230001
2026-01-30 00:00:00+00:00,3.3184656772300016
2026-01-30 01:00:00+00:00,3.2418605772300033
2026-01-30 02:00:00+00:00,3.222978977230003
2026-01-30 03:00:00+00:00,2.8559004772300014
2026-01-30 04:00:00+00:00,3.4894742772300056
2026-01-30 05:00:00+00:00,6.726669177230001
2026-01-30 06:00:00+00:00,11.699917977230005
2026-01-30 07:00:00+00:00,13.35134957723
2026-01-30 08:00:00+00:00,11.118116977230002
2026-01-30 09:00:00+00:00,7.828059477230003
2026-01-30 10:00:00+00:00,5.783447277230003
2026-01-30 11:00:00+00:00,5.967041377230004
2026-01-30 12:00:00+00:00,5.868559177230004
2026-01-30 13:00:00+00:00,4.276705477230003
2026-01-30 14:00:00+00:00,3.3487670772300007
2026-01-30 15:00:00+00:00,4.93629357723
2026-01-30 16:00:00+00:00,8.792926077229996
2026-01-30 17:00:00+00:00,12.386474977230002
2026-01-30 18:00:00+00:00,14.183336577230008
2026-01-30 19:00:00+00:00,14.101516977230002
2026-01-30 20:00:00+00:00,12.551593077229999
2026-01-30 21:00:00+00:00,9.013558677230002
2026-01-30 22:00:00+00:00,5.72280057723
2026-01-30 23:00:00+00:00,6.110444265189997
2026-01-31 00:00:00+00:00,6.104345965190003
2026-01-31 01:00:00+00:00,5.198033065190003
2026-01-31 02:00:00+00:00,4.313345865190001
2026-01-31 03:00:00+00:00,3.972059365189999
2026-01-31 04:00:00+00:00,4.16985816519
2026-01-31 05:00:00+00:00,5.035527165189997
2026-01-31 06:00:00+00:00,6.107301565189999
2026-01-31 07:00:00+00:00,6.295932665189998
2026-01-31 08:00:00+00:00,3.9681097651900004
2026-01-31 09:00:00+00:00,0.417829665190002
2026-01-31 10:00:00+00:00,-2.6480384348099975
2026-01-31 11:00:00+00:00,-4.367198434809993
2026-01-31 12:00:00+00:00,-3.826415034810001
2026-01-31 13:00:00+00:00,-3.250650634809997
2026-01-31 14:00:00+00:00,-3.1121529348099948
2026-01-31 15:00:00+00:00,-0.8038780348099976
2026-01-31 16:00:00+00:00,2.99250336519
2026-01-31 17:00:00+00:00,7.9539124651899975
2026-01-31 18:00:00+00:00,11.029465365190003
2026-01-31 19:00:00+00:00,12.162748065190002
2026-01-31 20:00:00+00:00,11.882822465190003
2026-01-31 21:00:00+00:00,9.88933836519
2026-01-31 22:00:00+00:00,8.355229565189997
2026-01-31 23:00:00+00:00,7.65798739992
2026-02-01 00:00:00+00:00,6.46626229992
2026-02-01 01:00:00+00:00,5.696672499920002
2026-02-01 02:00:00+00:00,5.422543699920002
2026-02-01 03:00:00+00:00,5.278051899920001
2026-02-01 04:00:00+00:00,5.72239269992
2026-02-01 05:00:00+00:00,6.461361799920001
2026-02-01 06:00:00+00:00,7.515972699920001
2026-02-01 07:00:00+00:00,8.14456959992
2026-02-01 08:00:00+00:00,8.485014999919997
2026-02-01 09:00:00+00:00,8.83925339992
2026-02-01 10:00:00+00:00,8.38595049992
2026-02-01 11:00:00+00:00,7.149681999920002
2026-02-01 12:00:00+00:00,6.912723099919997
2026-02-01 13:00:00+00:00,7.592840799919998
2026-02-01 14:00:00+00:00,6.8470367999200015
2026-02-01 15:00:00+00:00,8.196281899920002
2026-02-01 16:00:00+00:00,11.269960599919997
2026-02-01 17:00:00+00:00,14.649243999919998
2026-02-01 18:00:00+00:00,16.564694499919998
2026-02-01 19:00:00+00:00,17.536554699920003
2026-02-01 20:00:00+00:00,17.10220459992
2026-02-01 21:00:00+00:00,14.36470509992
2026-02-01 22:00:00+00:00,11.02980679992
2026-02-01 23:00:00+00:00,7.8520340207200015
2026-02-02 00:00:00+00:00,6.01922772072
2026-02-02 01:00:00+00:00,5.487402320719998
2026-02-02 02:00:00+00:00,6.0472672207199984
2026-02-02 03:00:00+00:00,6.3981171207199985
2026-02-02 04:00:00+00:00,6.031165820720002
2026-02-02 05:00:00+00:00,7.527979420720001
2026-02-02 06:00:00+00:00,12.00265202072
2026-02-02 07:00:00+00:00,13.814752120720001
2026-02-02 08:00:00+00:00,12.119795820720004
2026-02-02 09:00:00+00:00,9.593226720720004
2026-02-02 10:00:00+00:00,6.442732620720001
2026-02-02 11:00:00+00:00,4.001787620720002
2026-02-02 12:00:00+00:00,2.8211059207199973
2026-02-02 13:00:00+00:00,2.4516552207199993
2026-02-02 14:00:00+00:00,2.3734616207200006
2026-02-02 15:00:00+00:00,3.5512075207199985
2026-02-02 16:00:00+00:00,7.190445520720001
2026-02-02 17:00:00+00:00,12.143847820719998
2026-02-02 18:00:00+00:00,14.271674920720002
2026-02-02 19:00:00+00:00,14.826299420719998
2026-02-02 20:00:00+00:00,13.97588622072
2026-02-02 21:00:00+00:00,10.965966420719997
2026-02-02 22:00:00+00:00,7.906729820719999
2026-02-02 23:00:00+00:00,4.945551912160003
2026-02-03 00:00:00+00:00,3.774397712159999
2026-02-03 01:00:00+00:00,3.587875012159998
2026-02-03 02:00:00+00:00,4.03339441216
2026-02-03 03:00:00+00:00,4.800824412160001
2026-02-03 04:00:00+00:00,6.367850612160002
2026-02-03 05:00:00+00:00,9.941482012159998
2026-02-03 06:00:00+00:00,15.461830712160001
2026-02-03 07:00:00+00:00,17.43454851216
2026-02-03 08:00:00+00:00,14.60914211216
2026-02-03 09:00:00+00:00,10.836322512160002
2026-02-03 10:00:00+00:00,7.414914412160002
2026-02-03 11:00:00+00:00,5.09978611216
2026-02-03 12:00:00+00:00,4.136343112159999
2026-02-03 13:00:00+00:00,4.1660315121599965
2026-02-03 14:00:00+00:00,4.621437012160001
2026-02-03 15:00:00+00:00,7.608567912159998
2026-02-03 16:00:00+00:00,12.885775212160002
2026-02-03 17:00:00+00:00,17.832476912159997
2026-02-03 18:00:00+00:00,19.691069612160003
2026-02-03 19:00:00+00:00,19.82975291216
2026-02-03 20:00:00+00:00,18.39016341216
2026-02-03 21:00:00+00:00,14.810621312159999
2026-02-03 22:00:00+00:00,11.635289412159999
2026-02-03 23:00:00+00:00,8.817482299759998
2026-02-04 00:00:00+00:00,7.390319399759999
2026-02-04 01:00:00+00:00,6.764849299759998
2026-02-04 02:00:00+00:00,6.358179999760001
2026-02-04 03:00:00+00:00,5.647460599759999
2026-02-04 04:00:00+00:00,6.0767387997599975
2026-02-04 05:00:00+00:00,8.673644199759998
2026-02-04 06:00:00+00:00,13.417793999759997
2026-02-04 07:00:00+00:00,15.463416199759997
2026-02-04 08:00:00+00:00,14.01526229976
2026-02-04 09:00:00+00:00,12.02974909976
2026-02-04 10:00:00+00:00,9.835520499760001
2026-02-04 11:00:00+00:00,8.151311799759998
2026-02-04 12:00:00+00:00,7.294968499760007
2026-02-04 13:00:00+00:00,6.778142499760001
2026-02-04 14:00:00+00:00,6.576261999760003
2026-02-04 15:00:00+00:00,8.409612699760004
2026-02-04 16:00:00+00:00,11.24984289976
2026-02-04 17:00:00+00:00,14.085843199759996
2026-02-04 18:00:00+00:00,16.046556899760002
2026-02-04 19:00:00+00:00,16.832022499759997
2026-02-04 20:00:00+00:00,16.10634919976
2026-02-04 21:00:00+00:00,13.083831699760001
2026-02-04 22:00:00+00:00,10.101575999759998
2026-02-04 23:00:00+00:00,7.299198545020001
2026-02-05 00:00:00+00:00,6.344445645019999
2026-02-05 01:00:00+00:00,5.603372845020001
2026-02-05 02:00:00+00:00,5.76258934502
2026-02-05 03:00:00+00:00,6.223185545019998
2026-02-05 04:00:00+00:00,6.097078345020002
2026-02-05 05:00:00+00:00,7.425882445020001
2026-02-05 06:00:00+00:00,11.110553045019994
2026-02-05 07:00:00+00:00,11.897787145020004
2026-02-05 08:00:00+00:00,9.73703774502
2026-02-05 09:00:00+00:00,6.773583245019999
2026-02-05 10:00:00+00:00,3.405336045020004
2026-02-05 11:00:00+00:00,2.919921145019998
2026-02-05 12:00:00+00:00,2.5522942450200006
2026-02-05 13:00:00+00:00,0.6453760450200008
2026-02-05 14:00:00+00:00,0.38685254502000177
2026-02-05 15:00:00+00:00,2.4645202450200046
2026-02-05 16:00:00+00:00,4.597844245019999
2026-02-05 17:00:00+00:00,8.271591845020005
2026-02-05 18:00:00+00:00,11.124012945020002
2026-02-05 19:00:00+00:00,11.712883245019995
2026-02-05 20:00:00+00:00,10.951426745020004
2026-02-05 21:00:00+00:00,7.840425145019999
2026-02-05 22:00:00+00:00,6.663680045020001
2026-02-05 23:00:00+00:00,5.979187073960002
2026-02-06 00:00:00+00:00,4.53535827396
2026-02-06 01:00:00+00:00,3.722641473960003
2026-02-06 02:00:00+00:00,3.425810073960001
2026-02-06 03:00:00+00:00,3.6055743739599997
2026-02-06 04:00:00+00:00,4.290362173959998
2026-02-06 05:00:00+00:00,5.945156273960002
2026-02-06 06:00:00+00:00,8.64867867396
2026-02-06 07:00:00+00:00,9.761108973959999
2026-02-06 08:00:00+00:00,6.924346873960001
2026-02-06 09:00:00+00:00,4.867725173959993
2026-02-06 10:00:00+00:00,4.4023381739600005
2026-02-06 11:00:00+00:00,3.981689373960002
2026-02-06 12:00:00+00:00,3.7478607739599994
2026-02-06 13:00:00+00:00,3.8245084739600017
2026-02-06 14:00:00+00:00,3.5237712739600013
2026-02-06 15:00:00+00:00,3.6705243739599993
2026-02-06 16:00:00+00:00,6.623549573960002
2026-02-06 17:00:00+00:00,11.861952173959999
2026-02-06 18:00:00+00:00,14.329441473960003
2026-02-06 19:00:00+00:00,13.999674473960003
2026-02-06 20:00:00+00:00,11.994448273959996
2026-02-06 21:00:00+00:00,8.349683373959994
2026-02-06 22:00:00+00:00,7.28765237396
2026-02-06 23:00:00+00:00,7.248675487219998
2026-02-07 00:00:00+00:00,6.085331087219998
2026-02-07 01:00:00+00:00,4.78513608722
2026-02-07 02:00:00+00:00,4.356922587219998
2026-02-07 03:00:00+00:00,4.13581728722
2026-02-07 04:00:00+00:00,4.3471437872199985
2026-02-07 05:00:00+00:00,5.174029587219998
2026-02-07 06:00:00+00:00,6.101168887219998
2026-02-07 07:00:00+00:00,6.494018687219999
2026-02-07 08:00:00+00:00,6.388394887219995
2026-02-07 09:00:00+00:00,6.195391987219995
2026-02-07 10:00:00+00:00,5.434328687219999
2026-02-07 11:00:00+00:00,5.585460287219998
2026-02-07 12:00:00+00:00,6.040204187219999
2026-02-07 13:00:00+00:00,6.9604993872200005
2026-02-07 14:00:00+00:00,7.190615387219999
2026-02-07 15:00:00+00:00,8.358014887219998
2026-02-07 16:00:00+00:00,9.566701487219998
2026-02-07 17:00:00+00:00,11.34183368722
2026-02-07 18:00:00+00:00,13.028059087219997
2026-02-07 19:00:00+00:00,13.760894887219994
2026-02-07 20:00:00+00:00,13.012445687220001
2026-02-07 21:00:00+00:00,10.875407987220001
2026-02-07 22:00:00+00:00,8.949786187219996
2026-02-07 23:00:00+00:00,6.147634994519997
2026-02-08 00:00:00+00:00,4.71994359452
2026-02-08 01:00:00+00:00,4.08252439452
2026-02-08 02:00:00+00:00,4.27419849452
2026-02-08 03:00:00+00:00,4.403143994520001
2026-02-08 04:00:00+00:00,4.565257894519998
2026-02-08 05:00:00+00:00,5.361426294520001
2026-02-08 06:00:00+00:00,5.392977694519999
2026-02-08 07:00:00+00:00,4.73274009452
2026-02-08 08:00:00+00:00,2.6602931945200012
2026-02-08 09:00:00+00:00,-0.47439290547999846
2026-02-08 10:00:00+00:00,-3.19013300548
2026-02-08 11:00:00+00:00,-4.787523505479999
2026-02-08 12:00:00+00:00,-4.794641205480001
2026-02-08 13:00:00+00:00,-3.7250423054799953
2026-02-08 14:00:00+00:00,-3.5898798054800025
2026-02-08 15:00:00+00:00,-1.4164225054800035
2026-02-08 16:00:00+00:00,2.010677994519998
2026-02-08 17:00:00+00:00,5.876196694520001
2026-02-08 18:00:00+00:00,9.18887049452
2026-02-08 19:00:00+00:00,11.005816194520005
2026-02-08 20:00:00+00:00,11.34350719452
2026-02-08 21:00:00+00:00,9.764894994519995
2026-02-08 22:00:00+00:00,7.764532294519999
2026-02-08 23:00:00+00:00,5.303640185839999
2026-02-09 00:00:00+00:00,4.1702676858400025
2026-02-09 01:00:00+00:00,3.29366288584
2026-02-09 02:00:00+00:00,3.458841685840003
2026-02-09 03:00:00+00:00,3.641496285839999
2026-02-09 04:00:00+00:00,4.172093985840004
2026-02-09 05:00:00+00:00,7.612468985840003
2026-02-09 06:00:00+00:00,12.01826698584
2026-02-09 07:00:00+00:00,14.042603885839998
2026-02-09 08:00:00+00:00,11.906343285839998
2026-02-09 09:00:00+00:00,7.860344385839998
2026-02-09 10:00:00+00:00,3.4490974858399994
2026-02-09 11:00:00+00:00,1.1440545858399993
2026-02-09 12:00:00+00:00,0.8598813858399978
2026-02-09 13:00:00+00:00,2.5804647858399967
2026-02-09 14:00:00+00:00,3.441413485840002
2026-02-09 15:00:00+00:00,4.2646830858400016
2026-02-09 16:00:00+00:00,7.604751585839999
2026-02-09 17:00:00+00:00,10.931850685839997
2026-02-09 18:00:00+00:00,12.92849588584
2026-02-09 19:00:00+00:00,13.407454185839999
2026-02-09 20:00:00+00:00,12.198224085839996
2026-02-09 21:00:00+00:00,8.926561585839998
2026-02-09 22:00:00+00:00,7.336434185840002
2026-02-09 23:00:00+00:00,7.144380046180004
2026-02-10 00:00:00+00:00,6.249312646180002
2026-02-10 01:00:00+00:00,4.952934646180001
2026-02-10 02:00:00+00:00,4.45567644618
2026-02-10 03:00:00+00:00,4.353817346180001
2026-02-10 04:00:00+00:00,4.82491664618
2026-02-10 05:00:00+00:00,6.198509846179999
2026-02-10 06:00:00+00:00,8.176656146180004
2026-02-10 07:00:00+00:00,9.327358746180003
2026-02-10 08:00:00+00:00,7.95069674618
2026-02-10 09:00:00+00:00,5.601208346180002
2026-02-10 10:00:00+00:00,3.816769746180004
2026-02-10 11:00:00+00:00,3.363497246179996
2026-02-10 12:00:00+00:00,2.6449590461799986
2026-02-10 13:00:00+00:00,2.389521946180004
2026-02-10 14:00:00+00:00,2.982821546180002
2026-02-10 15:00:00+00:00,4.062159546180002
2026-02-10 16:00:00+00:00,5.739618546180001
2026-02-10 17:00:00+00:00,7.650547846180004
2026-02-10 18:00:00+00:00,9.483226646180004
2026-02-10 19:00:00+00:00,10.074719446180001
2026-02-10 20:00:00+00:00,9.094566846180005
2026-02-10 21:00:00+00:00,8.17981694618
2026-02-10 22:00:00+00:00,7.43599014618
2026-02-10 23:00:00+00:00,5.661582886959998
2026-02-11 00:00:00+00:00,4.224362786959997
2026-02-11 01:00:00+00:00,3.2188864869600025
2026-02-11 02:00:00+00:00,2.9866785869599966
2026-02-11 03:00:00+00:00,3.097716186959996
2026-02-11 04:00:00+00:00,3.7201152869600023
2026-02-11 05:00:00+00:00,6.93897968696
2026-02-11 06:00:00+00:00,9.88301778696
2026-02-11 07:00:00+00:00,9.517906286959995
2026-02-11 08:00:00+00:00,8.298637886960002
2026-02-11 09:00:00+00:00,8.447625386960002
2026-02-11 10:00:00+00:00,8.059495686960005
2026-02-11 11:00:00+00:00,6.786832186959998
2026-02-11 12:00:00+00:00,6.107180586960002
2026-02-11 13:00:00+00:00,6.462146986960001
2026-02-11 14:00:00+00:00,6.99441838696
2026-02-11 15:00:00+00:00,8.384963286959998
2026-02-11 16:00:00+00:00,8.88163568696
2026-02-11 17:00:00+00:00,8.89191808696
2026-02-11 18:00:00+00:00,10.234668186959997
2026-02-11 19:00:00+00:00,10.375305586959996
2026-02-11 20:00:00+00:00,9.576566086959996
2026-02-11 21:00:00+00:00,8.590399686960001
2026-02-11 22:00:00+00:00,7.098703986959997
2026-02-11 23:00:00+00:00,4.537920453999998
2026-02-12 00:00:00+00:00,3.347290454000003
2026-02-12 01:00:00+00:00,2.5221687540000026
2026-02-12 02:00:00+00:00,2.380257854
2026-02-12 03:00:00+00:00,2.4353725540000006
2026-02-12 04:00:00+00:00,3.3165296540000035
2026-02-12 05:00:00+00:00,5.558584654000001
2026-02-12 06:00:00+00:00,8.595248754000004
2026-02-12 07:00:00+00:00,8.379942054
2026-02-12 08:00:00+00:00,4.806418054000002
2026-02-12 09:00:00+00:00,0.4342961540000019
2026-02-12 10:00:00+00:00,-3.5577646460000025
2026-02-12 11:00:00+00:00,-5.4225128459999965
2026-02-12 12:00:00+00:00,-5.805010046
2026-02-12 13:00:00+00:00,-5.127990446000002
2026-02-12 14:00:00+00:00,-3.3004037460000006
2026-02-12 15:00:00+00:00,-0.005273145999996842
2026-02-12 16:00:00+00:00,3.6432955540000016
2026-02-12 17:00:00+00:00,8.695462453999998
2026-02-12 18:00:00+00:00,12.380018054
2026-02-12 19:00:00+00:00,13.199103654000002
2026-02-12 20:00:00+00:00,12.134296354
2026-02-12 21:00:00+00:00,9.500534354
2026-02-12 22:00:00+00:00,7.468001354000002
2026-02-12 23:00:00+00:00,6.149212972640001
2026-02-13 00:00:00+00:00,5.527773872640001
2026-02-13 01:00:00+00:00,5.4953663726399995
2026-02-13 02:00:00+00:00,6.414146772639999
2026-02-13 03:00:00+00:00,6.738227072640001
2026-02-13 04:00:00+00:00,6.772827172640003
2026-02-13 05:00:00+00:00,9.21330507264
2026-02-13 06:00:00+00:00,12.56105057264
2026-02-13 07:00:00+00:00,12.942574572640005
2026-02-13 08:00:00+00:00,9.899607672640002
2026-02-13 09:00:00+00:00,5.890159672639996
2026-02-13 10:00:00+00:00,2.6865617726400046
2026-02-13 11:00:00+00:00,0.6998166726399973
2026-02-13 12:00:00+00:00,-0.04392202735999717
2026-02-13 13:00:00+00:00,-0.432245727359998
2026-02-13 14:00:00+00:00,1.7437292726399996
2026-02-13 15:00:00+00:00,3.0584855726399987
2026-02-13 16:00:00+00:00,4.096347172640002
2026-02-13 17:00:00+00:00,8.12590857264
2026-02-13 18:00:00+00:00,10.589982072640005
2026-02-13 19:00:00+00:00,10.700399472640001
2026-02-13 20:00:00+00:00,9.503130472639995
2026-02-13 21:00:00+00:00,7.737221472640002
2026-02-13 22:00:00+00:00,6.553205672640001
2026-02-13 23:00:00+00:00,5.856606821160003
2026-02-14 00:00:00+00:00,3.1211778211600034
2026-02-14 01:00:00+00:00,2.2003482211599987
2026-02-14 02:00:00+00:00,2.08247922116
2026-02-14 03:00:00+00:00,1.8152569211599996
2026-02-14 04:00:00+00:00,1.9478787211600022
2026-02-14 05:00:00+00:00,2.035485421159997
2026-02-14 06:00:00+00:00,1.929251021160006
2026-02-14 07:00:00+00:00,2.1215219211599994
2026-02-14 08:00:00+00:00,-0.212741378839997
2026-02-14 09:00:00+00:00,-4.421758178839994
2026-02-14 10:00:00+00:00,-6.882562478839997
2026-02-14 11:00:00+00:00,-8.638270778839999
2026-02-14 12:00:00+00:00,-8.815320878840005
2026-02-14 13:00:00+00:00,-8.006031178840004
2026-02-14 14:00:00+00:00,-7.904418578839998
2026-02-14 15:00:00+00:00,-6.128366378840003
2026-02-14 16:00:00+00:00,-1.2654721788399996
2026-02-14 17:00:00+00:00,5.759819621160002
2026-02-14 18:00:00+00:00,9.491828921160003
2026-02-14 19:00:00+00:00,10.772328221160002
2026-02-14 20:00:00+00:00,10.117458221160003
2026-02-14 21:00:00+00:00,8.166575021160003
2026-02-14 22:00:00+00:00,5.833295621160001
2026-02-14 23:00:00+00:00,5.7672429254400015
2026-02-15 00:00:00+00:00,4.673609025440001
2026-02-15 01:00:00+00:00,3.9562089254399986
2026-02-15 02:00:00+00:00,4.7310590254400005
2026-02-15 03:00:00+00:00,5.144991025440003
2026-02-15 04:00:00+00:00,5.066321325440001
2026-02-15 05:00:00+00:00,5.615936225440002
2026-02-15 06:00:00+00:00,5.8362161254399965
2026-02-15 07:00:00+00:00,4.46147912544
2026-02-15 08:00:00+00:00,-0.10716207455999793
2026-02-15 09:00:00+00:00,-3.563203774559998
2026-02-15 10:00:00+00:00,-5.22766527456
2026-02-15 11:00:00+00:00,-6.678458874560004
2026-02-15 12:00:00+00:00,-6.65018087456
2026-02-15 13:00:00+00:00,-5.396734174559995
2026-02-15 14:00:00+00:00,-5.475993774559999
2026-02-15 15:00:00+00:00,-4.175298674559997
2026-02-15 16:00:00+00:00,1.062926625440003
2026-02-15 17:00:00+00:00,7.021322725440001
2026-02-15 18:00:00+00:00,8.94980112544
2026-02-15 19:00:00+00:00,9.298253425439999
2026-02-15 20:00:00+00:00,9.464094425440003
2026-02-15 21:00:00+00:00,9.318704825440001
2026-02-15 22:00:00+00:00,8.293160825440001
2026-02-15 23:00:00+00:00,5.37667961056
2026-02-16 00:00:00+00:00,4.159684610559999
2026-02-16 01:00:00+00:00,3.229892510559999
2026-02-16 02:00:00+00:00,3.0333813105599994
2026-02-16 03:00:00+00:00,3.0471388105599964
2026-02-16 04:00:00+00:00,2.9789442105600017
2026-02-16 05:00:00+00:00,4.748885810559997
2026-02-16 06:00:00+00:00,8.25986961056
2026-02-16 07:00:00+00:00,9.64159771056
2026-02-16 08:00:00+00:00,7.796665110560003
2026-02-16 09:00:00+00:00,6.000735910560003
2026-02-16 10:00:00+00:00,3.8160989105599974
2026-02-16 11:00:00+00:00,2.798103710560003
2026-02-16 12:00:00+00:00,2.977018810559997
2026-02-16 13:00:00+00:00,3.04749481056
2026-02-16 14:00:00+00:00,3.67120001056
2026-02-16 15:00:00+00:00,5.241593610559995
2026-02-16 16:00:00+00:00,7.094488610560003
2026-02-16 17:00:00+00:00,9.267725810560002
2026-02-16 18:00:00+00:00,11.495380410560003
2026-02-16 19:00:00+00:00,12.289119910560004
2026-02-16 20:00:00+00:00,11.631836810560003
2026-02-16 21:00:00+00:00,8.84582931056
2026-02-16 22:00:00+00:00,6.7671819105600015
2026-02-16 23:00:00+00:00,6.552625865980001
2026-02-17 00:00:00+00:00,6.211618965980001
2026-02-17 01:00:00+00:00,6.443266365979998
2026-02-17 02:00:00+00:00,7.2524188659799975
2026-02-17 03:00:00+00:00,6.799855965980001
2026-02-17 04:00:00+00:00,6.4774641659800025
2026-02-17 05:00:00+00:00,8.803955465980003
2026-02-17 06:00:00+00:00,12.823312365980001
2026-02-17 07:00:00+00:00,13.776320765980003
2026-02-17 08:00:00+00:00,9.148841365980001
2026-02-17 09:00:00+00:00,5.108542865980002
2026-02-17 10:00:00+00:00,4.447204965980003
2026-02-17 11:00:00+00:00,4.193851065979999
2026-02-17 12:00:00+00:00,3.0442489659799996
2026-02-17 13:00:00+00:00,2.3672901659799983
2026-02-17 14:00:00+00:00,2.770222965980004
2026-02-17 15:00:00+00:00,3.1997774659800022
2026-02-17 16:00:00+00:00,7.692380765980001
2026-02-17 17:00:00+00:00,16.19948256598
2026-02-17 18:00:00+00:00,20.617050165980004
2026-02-17 19:00:00+00:00,21.382036765980004
2026-02-17 20:00:00+00:00,20.225469665979997
2026-02-17 21:00:00+00:00,16.61230096598
2026-02-17 22:00:00+00:00,13.243647865979998
2026-02-17 23:00:00+00:00,11.935956172919997
2026-02-18 00:00:00+00:00,10.53642987292
2026-02-18 01:00:00+00:00,9.528611472919998
2026-02-18 02:00:00+00:00,9.300364472919998
2026-02-18 03:00:00+00:00,9.22024287292
2026-02-18 04:00:00+00:00,9.739999672919996
2026-02-18 05:00:00+00:00,12.33322587292
2026-02-18 06:00:00+00:00,15.892982372919999
2026-02-18 07:00:00+00:00,15.63315437292
2026-02-18 08:00:00+00:00,9.747088172919998
2026-02-18 09:00:00+00:00,4.426212272919997
2026-02-18 10:00:00+00:00,3.4587670729200006
2026-02-18 11:00:00+00:00,3.576577972919999
2026-02-18 12:00:00+00:00,2.693657772919998
2026-02-18 13:00:00+00:00,2.5470259729199967
2026-02-18 14:00:00+00:00,2.976037472919998
2026-02-18 15:00:00+00:00,4.754578472919999
2026-02-18 16:00:00+00:00,6.612936772919998
2026-02-18 17:00:00+00:00,9.136819372919994
2026-02-18 18:00:00+00:00,12.456329472920004
2026-02-18 19:00:00+00:00,12.75735087292
2026-02-18 20:00:00+00:00,11.528676472919997
2026-02-18 21:00:00+00:00,8.33318397292
2026-02-18 22:00:00+00:00,6.289340972920002
2026-02-18 23:00:00+00:00,3.050574627339998
2026-02-19 00:00:00+00:00,1.62173672734
2026-02-19 01:00:00+00:00,0.706577427340001
2026-02-19 02:00:00+00:00,0.46245372734000156
2026-02-19 03:00:00+00:00,0.47658682734000024
2026-02-19 04:00:00+00:00,1.0189275273400007
2026-02-19 05:00:00+00:00,4.446392827339999
2026-02-19 06:00:00+00:00,8.797072227340003
2026-02-19 07:00:00+00:00,7.934936327339997
2026-02-19 08:00:00+00:00,0.3891585273400011
2026-02-19 09:00:00+00:00,-6.105384072659994
2026-02-19 10:00:00+00:00,-8.671696972659998
2026-02-19 11:00:00+00:00,-11.073397172660002
2026-02-19 12:00:00+00:00,-11.237978072660002
2026-02-19 13:00:00+00:00,-10.761582772659992
2026-02-19 14:00:00+00:00,-10.104233172659995
2026-02-19 15:00:00+00:00,-7.56912717266
2026-02-19 16:00:00+00:00,-0.4642641726599983
2026-02-19 17:00:00+00:00,9.770507627339999
2026-02-19 18:00:00+00:00,15.686531327340006
2026-02-19 19:00:00+00:00,17.15720222734
2026-02-19 20:00:00+00:00,16.84931882734
2026-02-19 21:00:00+00:00,14.133120127340003
2026-02-19 22:00:00+00:00,11.506906627340001
2026-02-19 23:00:00+00:00,10.554734780160002
2026-02-20 00:00:00+00:00,9.46750098016
2026-02-20 01:00:00+00:00,8.700126580160001
2026-02-20 02:00:00+00:00,8.180210380160002
2026-02-20 03:00:00+00:00,8.21955788016
2026-02-20 04:00:00+00:00,9.23825378016
2026-02-20 05:00:00+00:00,12.607483980160001
2026-02-20 06:00:00+00:00,16.93036098016
2026-02-20 07:00:00+00:00,15.338313680159999
2026-02-20 08:00:00+00:00,6.858658080160005
2026-02-20 09:00:00+00:00,0.37875728016000565
2026-02-20 10:00:00+00:00,0.323260880160003
2026-02-20 11:00:00+00:00,0.6276290801599984
2026-02-20 12:00:00+00:00,0.10884628016000164
2026-02-20 13:00:00+00:00,-0.862582419839999
2026-02-20 14:00:00+00:00,0.44535358015999904
2026-02-20 15:00:00+00:00,1.1031759801600032
2026-02-20 16:00:00+00:00,6.313569980159997
2026-02-20 17:00:00+00:00,17.39006638016
2026-02-20 18:00:00+00:00,22.968054980159998
2026-02-20 19:00:00+00:00,23.634749880160005
2026-02-20 20:00:00+00:00,22.75036668016
2026-02-20 21:00:00+00:00,20.03915588016
2026-02-20 22:00:00+00:00,17.802008180159998
2026-02-20 23:00:00+00:00,16.07106362694
2026-02-21 00:00:00+00:00,14.671157726940002
2026-02-21 01:00:00+00:00,13.455795026939999
2026-02-21 02:00:00+00:00,13.05199972694
2026-02-21 03:00:00+00:00,13.265425026940001
2026-02-21 04:00:00+00:00,14.120589526940002
2026-02-21 05:00:00+00:00,15.766275126939998
2026-02-21 06:00:00+00:00,17.21251682694
2026-02-21 07:00:00+00:00,14.56306872694
2026-02-21 08:00:00+00:00,8.300187626940001
2026-02-21 09:00:00+00:00,3.68048612694
2026-02-21 10:00:00+00:00,1.4976550269400022
2026-02-21 11:00:00+00:00,-0.9447196730599998
2026-02-21 12:00:00+00:00,-2.298480273060001
2026-02-21 13:00:00+00:00,-3.035777273060006
2026-02-21 14:00:00+00:00,-1.7782295730600026
2026-02-21 15:00:00+00:00,1.4981513269400004
2026-02-21 16:00:00+00:00,7.69449532694
2026-02-21 17:00:00+00:00,17.244833326939997
2026-02-21 18:00:00+00:00,23.540571726939998
2026-02-21 19:00:00+00:00,25.206164926939998
2026-02-21 20:00:00+00:00,24.63990532694
2026-02-21 21:00:00+00:00,22.33691282694
2026-02-21 22:00:00+00:00,20.188487126939997
2026-02-21 23:00:00+00:00,18.26442789392
2026-02-22 00:00:00+00:00,16.269945593920003
2026-02-22 01:00:00+00:00,14.87103389392
2026-02-22 02:00:00+00:00,14.097382393920002
2026-02-22 03:00:00+00:00,13.85183509392
2026-02-22 04:00:00+00:00,14.131271893920001
2026-02-22 05:00:00+00:00,15.200380493920001
2026-02-22 06:00:00+00:00,15.697450493919998
2026-02-22 07:00:00+00:00,11.815276793919999
2026-02-22 08:00:00+00:00,5.008249793920001
2026-02-22 09:00:00+00:00,0.8755491939200013
2026-02-22 10:00:00+00:00,-3.8907614060799958
2026-02-22 11:00:00+00:00,-7.74198350608
2026-02-22 12:00:00+00:00,-8.338785806079997
2026-02-22 13:00:00+00:00,-7.832776506079995
2026-02-22 14:00:00+00:00,-6.421479606080002
2026-02-22 15:00:00+00:00,-1.0685003060800007
2026-02-22 16:00:00+00:00,6.256030793920001
2026-02-22 17:00:00+00:00,15.641405593920002
2026-02-22 18:00:00+00:00,22.281533893920002
2026-02-22 19:00:00+00:00,24.222648393920004
2026-02-22 20:00:00+00:00,24.39225839392
2026-02-22 21:00:00+00:00,22.575470593920002
2026-02-22 22:00:00+00:00,20.139564493920002
2026-02-22 23:00:00+00:00,17.932474379600002
2026-02-23 00:00:00+00:00,16.1131163796
2026-02-23 01:00:00+00:00,15.124550279600001
2026-02-23 02:00:00+00:00,14.689836679599999
2026-02-23 03:00:00+00:00,14.821214579600001
2026-02-23 04:00:00+00:00,15.992281379599998
2026-02-23 05:00:00+00:00,19.8984611796
2026-02-23 06:00:00+00:00,24.4492182796
2026-02-23 07:00:00+00:00,22.5206304796
2026-02-23 08:00:00+00:00,11.931388779599999
2026-02-23 09:00:00+00:00,5.3291751796000035
2026-02-23 10:00:00+00:00,4.1074032796
2026-02-23 11:00:00+00:00,2.622102079600001
2026-02-23 12:00:00+00:00,1.1261483796
2026-02-23 13:00:00+00:00,1.7329951795999996
2026-02-23 14:00:00+00:00,3.601415579600001
2026-02-23 15:00:00+00:00,4.964491579600004
2026-02-23 16:00:00+00:00,11.146151879600001
2026-02-23 17:00:00+00:00,22.190483379600003
2026-02-23 18:00:00+00:00,27.666678279600003
2026-02-23 19:00:00+00:00,28.6654014796
2026-02-23 20:00:00+00:00,27.5469044796
2026-02-23 21:00:00+00:00,23.9560489796
2026-02-23 22:00:00+00:00,20.3788483796
2026-02-23 23:00:00+00:00,18.47355867932
2026-02-24 00:00:00+00:00,16.21319717932
2026-02-24 01:00:00+00:00,14.89815157932
2026-02-24 02:00:00+00:00,14.27686117932
2026-02-24 03:00:00+00:00,14.240844279320001
2026-02-24 04:00:00+00:00,15.051370679319998
2026-02-24 05:00:00+00:00,18.30635967932
2026-02-24 06:00:00+00:00,22.40268557932
2026-02-24 07:00:00+00:00,20.188793879320002
2026-02-24 08:00:00+00:00,10.190573879319999
2026-02-24 09:00:00+00:00,3.8969033793200047
2026-02-24 10:00:00+00:00,0.3688763793199996
2026-02-24 11:00:00+00:00,-2.6425061206800002
2026-02-24 12:00:00+00:00,-3.421137320679996
2026-02-24 13:00:00+00:00,-2.2742735206799978
2026-02-24 14:00:00+00:00,0.9340687793200004
2026-02-24 15:00:00+00:00,3.283272279320002
2026-02-24 16:00:00+00:00,8.993806079319999
2026-02-24 17:00:00+00:00,18.781878279320004
2026-02-24 18:00:00+00:00,23.86514377932
2026-02-24 19:00:00+00:00,24.63756027932
2026-02-24 20:00:00+00:00,23.33446397932
2026-02-24 21:00:00+00:00,19.94497857932
2026-02-24 22:00:00+00:00,17.125377679319996
2026-02-24 23:00:00+00:00,15.454737191
2026-02-25 00:00:00+00:00,13.951275391
2026-02-25 01:00:00+00:00,13.169067991000002
2026-02-25 02:00:00+00:00,12.966178290999999
2026-02-25 03:00:00+00:00,13.223220591000002
2026-02-25 04:00:00+00:00,14.313404891000001
2026-02-25 05:00:00+00:00,17.779057791
2026-02-25 06:00:00+00:00,22.036755691
2026-02-25 07:00:00+00:00,20.621674091
2026-02-25 08:00:00+00:00,12.139606490999999
2026-02-25 09:00:00+00:00,5.056366991000001
2026-02-25 10:00:00+00:00,0.8229426910000015
2026-02-25 11:00:00+00:00,-0.6759608089999993
2026-02-25 12:00:00+00:00,-0.7618919089999991
2026-02-25 13:00:00+00:00,-0.5564631089999956
2026-02-25 14:00:00+00:00,0.6345877910000013
2026-02-25 15:00:00+00:00,4.223917791000005
2026-02-25 16:00:00+00:00,12.181166190999999
2026-02-25 17:00:00+00:00,21.020347591000004
2026-02-25 18:00:00+00:00,25.362457091000003
2026-02-25 19:00:00+00:00,26.918990891
2026-02-25 20:00:00+00:00,26.328309890999996
2026-02-25 21:00:00+00:00,23.344740991000002
2026-02-25 22:00:00+00:00,20.570621091
2026-02-25 23:00:00+00:00,18.7792829841
2026-02-26 00:00:00+00:00,17.373571984100003
2026-02-26 01:00:00+00:00,16.4164835841
2026-02-26 02:00:00+00:00,16.001689984100004
2026-02-26 03:00:00+00:00,16.0485054841
2026-02-26 04:00:00+00:00,17.3377421841
2026-02-26 05:00:00+00:00,20.6300623841
2026-02-26 06:00:00+00:00,24.9182558841
2026-02-26 07:00:00+00:00,22.4890370841
2026-02-26 08:00:00+00:00,12.191368984100002
2026-02-26 09:00:00+00:00,5.888194784100001
2026-02-26 10:00:00+00:00,3.884963884100003
2026-02-26 11:00:00+00:00,0.8554933841000008
2026-02-26 12:00:00+00:00,-2.0412604158999983
2026-02-26 13:00:00+00:00,-3.1214878158999966
2026-02-26 14:00:00+00:00,-0.18939051589999778
2026-02-26 15:00:00+00:00,3.040969584100001
2026-02-26 16:00:00+00:00,9.145580184099998
2026-02-26 17:00:00+00:00,20.1571685841
2026-02-26 18:00:00+00:00,25.833614084100006
2026-02-26 19:00:00+00:00,26.7979711841
2026-02-26 20:00:00+00:00,25.742761284100006
2026-02-26 21:00:00+00:00,22.135555784100003
2026-02-26 22:00:00+00:00,18.803598684100002
2026-02-26 23:00:00+00:00,16.277356607519998
2026-02-27 00:00:00+00:00,14.40486870752
2026-02-27 01:00:00+00:00,13.096025307520001
2026-02-27 02:00:00+00:00,12.603124907520002
2026-02-27 03:00:00+00:00,12.47502860752
2026-02-27 04:00:00+00:00,13.61052840752
2026-02-27 05:00:00+00:00,16.956928707520003
2026-02-27 06:00:00+00:00,20.77028740752
2026-02-27 07:00:00+00:00,19.002366807520005
2026-02-27 08:00:00+00:00,10.942134407520001
2026-02-27 09:00:00+00:00,6.191023007520002
2026-02-27 10:00:00+00:00,4.814304807520003
2026-02-27 11:00:00+00:00,3.3083314075200043
2026-02-27 12:00:00+00:00,3.112874807520001
2026-02-27 13:00:00+00:00,3.5339536075200044
2026-02-27 14:00:00+00:00,5.192502407519999
2026-02-27 15:00:00+00:00,6.967519607520003
2026-02-27 16:00:00+00:00,12.431533607520002
2026-02-27 17:00:00+00:00,20.34060200752
2026-02-27 18:00:00+00:00,25.004828707519998
2026-02-27 19:00:00+00:00,26.149964207520004
2026-02-27 20:00:00+00:00,25.06883600752
2026-02-27 21:00:00+00:00,21.775961207519998
2026-02-27 22:00:00+00:00,18.820163207520004
2026-02-27 23:00:00+00:00,17.366861994780002
2026-02-28 00:00:00+00:00,15.475975594780003
2026-02-28 01:00:00+00:00,13.839184694780002
2026-02-28 02:00:00+00:00,13.263558394780002
2026-02-28 03:00:00+00:00,13.037994694780002
2026-02-28 04:00:00+00:00,13.269603494780002
2026-02-28 05:00:00+00:00,13.97391279478
2026-02-28 06:00:00+00:00,14.563053694779999
2026-02-28 07:00:00+00:00,12.186158394780003
2026-02-28 08:00:00+00:00,7.406021794780003
2026-02-28 09:00:00+00:00,3.713543694780004
2026-02-28 10:00:00+00:00,1.150252594780003
2026-02-28 11:00:00+00:00,-0.43304410521999515
2026-02-28 12:00:00+00:00,-0.8373019052199986
2026-02-28 13:00:00+00:00,-0.16705270521999793
2026-02-28 14:00:00+00:00,0.26077129478000316
2026-02-28 15:00:00+00:00,2.640409594780003
2026-02-28 16:00:00+00:00,7.643190894780002
2026-02-28 17:00:00+00:00,14.728378394780002
2026-02-28 18:00:00+00:00,19.49936119478
2026-02-28 19:00:00+00:00,20.73077319478
2026-02-28 20:00:00+00:00,20.455699194780003
2026-02-28 21:00:00+00:00,18.417256594780003
2026-02-28 22:00:00+00:00,16.84405709478
2026-02-28 23:00:00+00:00,16.310073189359997
2026-03-01 00:00:00+00:00,14.926469389360001
2026-03-01 01:00:00+00:00,13.895715589359998
2026-03-01 02:00:00+00:00,13.555863689360002
2026-03-01 03:00:00+00:00,13.60280538936
2026-03-01 04:00:00+00:00,14.010570089360002
2026-03-01 05:00:00+00:00,15.030976289359998
2026-03-01 06:00:00+00:00,14.90428788936
2026-03-01 07:00:00+00:00,10.968565289360003
2026-03-01 08:00:00+00:00,5.624812689360001
2026-03-01 09:00:00+00:00,2.002288189359998
2026-03-01 10:00:00+00:00,-0.7084346106399977
2026-03-01 11:00:00+00:00,-2.7078754106400034
2026-03-01 12:00:00+00:00,-3.135030710639999
2026-03-01 13:00:00+00:00,-2.603820110640001
2026-03-01 14:00:00+00:00,-3.1740545106399978
2026-03-01 15:00:00+00:00,-1.0802572106399992
2026-03-01 16:00:00+00:00,3.6862228893600033
2026-03-01 17:00:00+00:00,10.776196989360002
2026-03-01 18:00:00+00:00,16.168222889360003
2026-03-01 19:00:00+00:00,17.44831408936
2026-03-01 20:00:00+00:00,17.00122598936
2026-03-01 21:00:00+00:00,14.691706989360002
2026-03-01 22:00:00+00:00,12.63818718936
2026-03-01 23:00:00+00:00,10.189564646920001
2026-03-02 00:00:00+00:00,8.71356644692
2026-03-02 01:00:00+00:00,8.17882554692
2026-03-02 02:00:00+00:00,8.31549754692
2026-03-02 03:00:00+00:00,8.70005304692
2026-03-02 04:00:00+00:00,9.891515246920001
2026-03-02 05:00:00+00:00,13.39638264692
2026-03-02 06:00:00+00:00,16.86964184692
2026-03-02 07:00:00+00:00,16.25135404692
2026-03-02 08:00:00+00:00,10.141955346920003
2026-03-02 09:00:00+00:00,5.009143546920001
2026-03-02 10:00:00+00:00,1.1885170469200013
2026-03-02 11:00:00+00:00,-1.3687485530799997
2026-03-02 12:00:00+00:00,-2.0702292530799973
2026-03-02 13:00:00+00:00,-2.2151114530799987
2026-03-02 14:00:00+00:00,-1.317627053079999
2026-03-02 15:00:00+00:00,1.9889693469200012
2026-03-02 16:00:00+00:00,8.965108046920005
2026-03-02 17:00:00+00:00,15.982691046920001
2026-03-02 18:00:00+00:00,19.983517546919998
2026-03-02 19:00:00+00:00,21.082814546919998
2026-03-02 20:00:00+00:00,20.090523246919993
2026-03-02 21:00:00+00:00,16.722380946919998
2026-03-02 22:00:00+00:00,14.194032346920002
2026-03-02 23:00:00+00:00,12.573751549199999
2026-03-03 00:00:00+00:00,11.230373349199999
2026-03-03 01:00:00+00:00,10.508059249199999
2026-03-03 02:00:00+00:00,10.561894249200002
2026-03-03 03:00:00+00:00,10.9008845492
2026-03-03 04:00:00+00:00,11.9417831492
2026-03-03 05:00:00+00:00,15.252935649200003
2026-03-03 06:00:00+00:00,18.6772413492
2026-03-03 07:00:00+00:00,17.6966504492
2026-03-03 08:00:00+00:00,11.731955549199999
2026-03-03 09:00:00+00:00,6.2662239492000005
2026-03-03 10:00:00+00:00,2.0929075491999996
2026-03-03 11:00:00+00:00,-0.5703204508000042
2026-03-03 12:00:00+00:00,-1.2424209507999997
2026-03-03 13:00:00+00:00,-1.2471568507999997
2026-03-03 14:00:00+00:00,-0.6112919507999983
2026-03-03 15:00:00+00:00,2.1976141492000068
2026-03-03 16:00:00+00:00,8.6142689492
2026-03-03 17:00:00+00:00,15.643997449199999
2026-03-03 18:00:00+00:00,20.129481249199998
2026-03-03 19:00:00+00:00,21.1892538492
2026-03-03 20:00:00+00:00,20.341956749200005
2026-03-03 21:00:00+00:00,17.2415961492
2026-03-03 22:00:00+00:00,14.826785249199999
2026-03-03 23:00:00+00:00,14.219482763940002
2026-03-04 00:00:00+00:00,13.042367663940002
2026-03-04 01:00:00+00:00,12.23918986394
2026-03-04 02:00:00+00:00,12.05930006394
2026-03-04 03:00:00+00:00,12.126505163940001
2026-03-04 04:00:00+00:00,12.98259646394
2026-03-04 05:00:00+00:00,16.06670586394
2026-03-04 06:00:00+00:00,19.94851006394
2026-03-04 07:00:00+00:00,18.97556426394
2026-03-04 08:00:00+00:00,13.465444063940005
2026-03-04 09:00:00+00:00,8.10908836394
2026-03-04 10:00:00+00:00,4.740123563939999
2026-03-04 11:00:00+00:00,3.26898106394
2026-03-04 12:00:00+00:00,3.3790786639400032
2026-03-04 13:00:00+00:00,4.403058463939999
2026-03-04 14:00:00+00:00,5.425314463940001
2026-03-04 15:00:00+00:00,8.168776463940002
2026-03-04 16:00:00+00:00,12.917319463940004
2026-03-04 17:00:00+00:00,17.584363963940003
2026-03-04 18:00:00+00:00,21.025825563939996
2026-03-04 19:00:00+00:00,22.15275356394
2026-03-04 20:00:00+00:00,21.490502463940004
2026-03-04 21:00:00+00:00,18.80898696394
2026-03-04 22:00:00+00:00,16.357297063940003
2026-03-04 23:00:00+00:00,13.49991655986
2026-03-05 00:00:00+00:00,12.635954459859999
2026-03-05 01:00:00+00:00,12.24308135986
2026-03-05 02:00:00+00:00,12.38924925986
2026-03-05 03:00:00+00:00,12.691034659860001
2026-03-05 04:00:00+00:00,13.96992405986
2026-03-05 05:00:00+00:00,17.52226195986
2026-03-05 06:00:00+00:00,21.65716395986
2026-03-05 07:00:00+00:00,21.38771035986
2026-03-05 08:00:00+00:00,16.81126585986
2026-03-05 09:00:00+00:00,12.128014859860002
2026-03-05 10:00:00+00:00,8.860677859859994
2026-03-05 11:00:00+00:00,7.466269859859999
2026-03-05 12:00:00+00:00,7.525752759860001
2026-03-05 13:00:00+00:00,7.52347165986
2026-03-05 14:00:00+00:00,7.821718259859999
2026-03-05 15:00:00+00:00,9.65732875986
2026-03-05 16:00:00+00:00,13.690188759860003
2026-03-05 17:00:00+00:00,18.29578935986
2026-03-05 18:00:00+00:00,21.17004375986
2026-03-05 19:00:00+00:00,21.70004215986
2026-03-05 20:00:00+00:00,20.439418559859995
2026-03-05 21:00:00+00:00,16.71400135986
2026-03-05 22:00:00+00:00,13.463015059859998
2026-03-05 23:00:00+00:00,10.093501860620002
2026-03-06 00:00:00+00:00,8.84519976062
2026-03-06 01:00:00+00:00,7.965547260620001
2026-03-06 02:00:00+00:00,7.4397652606200015
2026-03-06 03:00:00+00:00,7.141373860620002
2026-03-06 04:00:00+00:00,7.76397006062
2026-03-06 05:00:00+00:00,10.564920560620003
2026-03-06 06:00:00+00:00,13.910282360619998
2026-03-06 07:00:00+00:00,14.075621360620001
2026-03-06 08:00:00+00:00,11.168852560620003
2026-03-06 09:00:00+00:00,8.357477060620003
2026-03-06 10:00:00+00:00,6.231254660620003
2026-03-06 11:00:00+00:00,4.637140860620004
2026-03-06 12:00:00+00:00,4.171700760620006
2026-03-06 13:00:00+00:00,3.609658460619997
2026-03-06 14:00:00+00:00,3.287300360619998
2026-03-06 15:00:00+00:00,4.546658460620002
2026-03-06 16:00:00+00:00,7.847750960620001
2026-03-06 17:00:00+00:00,11.56162966062
2026-03-06 18:00:00+00:00,14.928914360619999
2026-03-06 19:00:00+00:00,16.25955306062
2026-03-06 20:00:00+00:00,16.011899860620005
2026-03-06 21:00:00+00:00,13.90125766062
2026-03-06 22:00:00+00:00,12.267047660620001
2026-03-06 23:00:00+00:00,9.84821239754
2026-03-07 00:00:00+00:00,8.666653297539998
2026-03-07 01:00:00+00:00,7.561645197539997
2026-03-07 02:00:00+00:00,7.675367697539997
2026-03-07 03:00:00+00:00,8.075445697540001
2026-03-07 04:00:00+00:00,8.708452497540002
2026-03-07 05:00:00+00:00,10.11710909754
2026-03-07 06:00:00+00:00,11.180340197540001
2026-03-07 07:00:00+00:00,10.22719439754
2026-03-07 08:00:00+00:00,7.34872379754
2026-03-07 09:00:00+00:00,3.712018497540001
2026-03-07 10:00:00+00:00,0.49738209754000096
2026-03-07 11:00:00+00:00,-1.0567815024600016
2026-03-07 12:00:00+00:00,-1.5571058024600006
2026-03-07 13:00:00+00:00,-1.0646619024600028
2026-03-07 14:00:00+00:00,-0.5855929024600002
2026-03-07 15:00:00+00:00,2.15907169754
2026-03-07 16:00:00+00:00,7.356126397539999
2026-03-07 17:00:00+00:00,14.205598297539998
2026-03-07 18:00:00+00:00,19.13953209754
2026-03-07 19:00:00+00:00,20.704626897540003
2026-03-07 20:00:00+00:00,20.655475697540002
2026-03-07 21:00:00+00:00,18.96883909754
2026-03-07 22:00:00+00:00,17.33269259754
2026-03-07 23:00:00+00:00,15.2099859695
2026-03-08 00:00:00+00:00,13.880073669500002
2026-03-08 01:00:00+00:00,12.991797969500002
2026-03-08 02:00:00+00:00,12.7874458695
2026-03-08 03:00:00+00:00,12.8870668695
2026-03-08 04:00:00+00:00,13.1285753695
2026-03-08 05:00:00+00:00,13.989774769499999
2026-03-08 06:00:00+00:00,14.3703267695
2026-03-08 07:00:00+00:00,11.6012104695
2026-03-08 08:00:00+00:00,6.750367969500001
2026-03-08 09:00:00+00:00,2.840793069500002
2026-03-08 10:00:00+00:00,0.9174550695000008
2026-03-08 11:00:00+00:00,-0.07997083050000242
2026-03-08 12:00:00+00:00,-0.04514343050000136
2026-03-08 13:00:00+00:00,1.1578929695000042
2026-03-08 14:00:00+00:00,0.7461377695000024
2026-03-08 15:00:00+00:00,2.594834169500004
2026-03-08 16:00:00+00:00,8.0268832695
2026-03-08 17:00:00+00:00,15.6084981695
2026-03-08 18:00:00+00:00,21.5368950695
2026-03-08 19:00:00+00:00,23.3982180695
2026-03-08 20:00:00+00:00,23.509238869500003
2026-03-08 21:00:00+00:00,21.9597686695
2026-03-08 22:00:00+00:00,19.389094069499997
2026-03-08 23:00:00+00:00,18.04717649464
2026-03-09 00:00:00+00:00,16.08907519464
2026-03-09 01:00:00+00:00,14.68826889464
2026-03-09 02:00:00+00:00,14.15804369464
2026-03-09 03:00:00+00:00,14.29130659464
2026-03-09 04:00:00+00:00,15.191688594639999
2026-03-09 05:00:00+00:00,18.516313694639997
2026-03-09 06:00:00+00:00,22.56816019464
2026-03-09 07:00:00+00:00,21.520866994640002
2026-03-09 08:00:00+00:00,16.87306819464
2026-03-09 09:00:00+00:00,12.999278094640001
2026-03-09 10:00:00+00:00,10.91455719464
2026-03-09 11:00:00+00:00,9.927404894640002
2026-03-09 12:00:00+00:00,9.83220979464
2026-03-09 13:00:00+00:00,10.489706694640002
2026-03-09 14:00:00+00:00,11.980965794640007
2026-03-09 15:00:00+00:00,14.925518594640007
2026-03-09 16:00:00+00:00,18.950220094640002
2026-03-09 17:00:00+00:00,23.39323539464
2026-03-09 18:00:00+00:00,26.752739594640005
2026-03-09 19:00:00+00:00,27.958076294639994
2026-03-09 20:00:00+00:00,27.059299694639996
2026-03-09 21:00:00+00:00,23.67968989464
2026-03-09 22:00:00+00:00,20.72916099464
2026-03-09 23:00:00+00:00,19.31012260226
2026-03-10 00:00:00+00:00,17.96940090226
2026-03-10 01:00:00+00:00,17.07646880226
2026-03-10 02:00:00+00:00,16.856221202260002
2026-03-10 03:00:00+00:00,17.060217702259997
2026-03-10 04:00:00+00:00,17.90827240226
2026-03-10 05:00:00+00:00,21.094236002259997
2026-03-10 06:00:00+00:00,24.998801802259997
2026-03-10 07:00:00+00:00,24.840565302260003
2026-03-10 08:00:00+00:00,20.26383790226
2026-03-10 09:00:00+00:00,15.478936602260003
2026-03-10 10:00:00+00:00,12.87551210226
2026-03-10 11:00:00+00:00,11.389343202259994
2026-03-10 12:00:00+00:00,10.637651502259999
2026-03-10 13:00:00+00:00,10.765394902259999
2026-03-10 14:00:00+00:00,10.776122802260002
2026-03-10 15:00:00+00:00,12.674750802260004
2026-03-10 16:00:00+00:00,17.363550502259997
2026-03-10 17:00:00+00:00,23.470125402260003
2026-03-10 18:00:00+00:00,28.513672702260003
2026-03-10 19:00:00+00:00,29.900313402259997
2026-03-10 20:00:00+00:00,29.19582140226
2026-03-10 21:00:00+00:00,26.04873110226
2026-03-10 22:00:00+00:00,23.26314960226
2026-03-10 23:00:00+00:00,18.769201203
2026-03-11 00:00:00+00:00,17.220566103
2026-03-11 01:00:00+00:00,16.134855303000002
2026-03-11 02:00:00+00:00,15.793481103
2026-03-11 03:00:00+00:00,15.918672102999999
2026-03-11 04:00:00+00:00,16.757324802999996
2026-03-11 05:00:00+00:00,19.828878603
2026-03-11 06:00:00+00:00,23.661509003
2026-03-11 07:00:00+00:00,21.096967203
2026-03-11 08:00:00+00:00,13.265083303000004
2026-03-11 09:00:00+00:00,6.888699602999999
2026-03-11 10:00:00+00:00,3.6506608029999974
2026-03-11 11:00:00+00:00,2.4796550030000013
2026-03-11 12:00:00+00:00,2.448544203000001
2026-03-11 13:00:00+00:00,3.222213303
2026-03-11 14:00:00+00:00,4.159757302999999
2026-03-11 15:00:00+00:00,7.168653502999998
2026-03-11 16:00:00+00:00,12.973651203000003
2026-03-11 17:00:00+00:00,21.089330503
2026-03-11 18:00:00+00:00,27.261932503000004
2026-03-11 19:00:00+00:00,28.226659602999998
2026-03-11 20:00:00+00:00,27.027302803
2026-03-11 21:00:00+00:00,23.431939702999998
2026-03-11 22:00:00+00:00,20.456817403
2026-03-11 23:00:00+00:00,17.72551881132
2026-03-12 00:00:00+00:00,16.390010711320002
2026-03-12 01:00:00+00:00,15.542973711319998
2026-03-12 02:00:00+00:00,15.29494351132
2026-03-12 03:00:00+00:00,15.405855511319999
2026-03-12 04:00:00+00:00,16.18523621132
2026-03-12 05:00:00+00:00,19.30527631132
2026-03-12 06:00:00+00:00,22.627603011319998
2026-03-12 07:00:00+00:00,18.455365611319998
2026-03-12 08:00:00+00:00,8.994481111319999
2026-03-12 09:00:00+00:00,2.040875311320004
2026-03-12 10:00:00+00:00,-1.8432419886799956
2026-03-12 11:00:00+00:00,-3.4848564886799984
2026-03-12 12:00:00+00:00,-4.389390488679993
2026-03-12 13:00:00+00:00,-3.378072388679996
2026-03-12 14:00:00+00:00,-2.40464428868
2026-03-12 15:00:00+00:00,0.5179256113200026
2026-03-12 16:00:00+00:00,7.507344011320001
2026-03-12 17:00:00+00:00,18.22043021132
2026-03-12 18:00:00+00:00,26.214647611320004
2026-03-12 19:00:00+00:00,27.56628301132
2026-03-12 20:00:00+00:00,26.336316211320003
2026-03-12 21:00:00+00:00,22.462502611319998
2026-03-12 22:00:00+00:00,19.08737341132
2026-03-12 23:00:00+00:00,17.097072421660002
2026-03-13 00:00:00+00:00,15.01680642166
2026-03-13 01:00:00+00:00,13.928796021660002
2026-03-13 02:00:00+00:00,13.40903542166
2026-03-13 03:00:00+00:00,13.09155312166
2026-03-13 04:00:00+00:00,13.965255221660001
2026-03-13 05:00:00+00:00,17.31992622166
2026-03-13 06:00:00+00:00,20.44133632166
2026-03-13 07:00:00+00:00,14.58499512166
2026-03-13 08:00:00+00:00,4.292461221659998
2026-03-13 09:00:00+00:00,-1.7766653783399988
2026-03-13 10:00:00+00:00,-5.091544878339992
2026-03-13 11:00:00+00:00,-7.286188778339994
2026-03-13 12:00:00+00:00,-7.878951678340005
2026-03-13 13:00:00+00:00,-7.7671407783400035
2026-03-13 14:00:00+00:00,-7.193452078340002
2026-03-13 15:00:00+00:00,-4.682888478339997
2026-03-13 16:00:00+00:00,1.8190652216600007
2026-03-13 17:00:00+00:00,11.151951421660002
2026-03-13 18:00:00+00:00,17.566549021660002
2026-03-13 19:00:00+00:00,18.414538521660006
2026-03-13 20:00:00+00:00,16.485590821660004
2026-03-13 21:00:00+00:00,12.801815221660004
2026-03-13 22:00:00+00:00,9.947333121660002
2026-03-13 23:00:00+00:00,8.600313087200004
2026-03-14 00:00:00+00:00,7.535028987200004
2026-03-14 01:00:00+00:00,6.1783419872
2026-03-14 02:00:00+00:00,5.399569887200002
2026-03-14 03:00:00+00:00,5.178668187200003
2026-03-14 04:00:00+00:00,5.507478087199999
2026-03-14 05:00:00+00:00,6.593978887200002
2026-03-14 06:00:00+00:00,7.0687283872
2026-03-14 07:00:00+00:00,4.807455187200002
2026-03-14 08:00:00+00:00,1.2332925872000011
2026-03-14 09:00:00+00:00,-1.7508969127999947
2026-03-14 10:00:00+00:00,-4.455244512800004
2026-03-14 11:00:00+00:00,-5.622999112799999
2026-03-14 12:00:00+00:00,-4.7389994128000055
2026-03-14 13:00:00+00:00,-3.3876018127999963
2026-03-14 14:00:00+00:00,-3.3508464127999957
2026-03-14 15:00:00+00:00,-2.5125560127999975
2026-03-14 16:00:00+00:00,1.373768487200003
2026-03-14 17:00:00+00:00,8.1673811872
2026-03-14 18:00:00+00:00,13.623530187199998
2026-03-14 19:00:00+00:00,15.5768266872
2026-03-14 20:00:00+00:00,15.2036455872
2026-03-14 21:00:00+00:00,13.5445833872
2026-03-14 22:00:00+00:00,11.3119547872
2026-03-14 23:00:00+00:00,9.145189248700001
2026-03-15 00:00:00+00:00,7.567004548700002
2026-03-15 01:00:00+00:00,6.3142927487
2026-03-15 02:00:00+00:00,5.6976693487
2026-03-15 03:00:00+00:00,5.1369092486999985
2026-03-15 04:00:00+00:00,5.3005354487
2026-03-15 05:00:00+00:00,6.011134148700004
2026-03-15 06:00:00+00:00,5.3142114487
2026-03-15 07:00:00+00:00,0.7366563486999986
2026-03-15 08:00:00+00:00,-2.6360863512999977
2026-03-15 09:00:00+00:00,-4.143534251299997
2026-03-15 10:00:00+00:00,-6.0924983513000015
2026-03-15 11:00:00+00:00,-6.8754874513
2026-03-15 12:00:00+00:00,-6.812712451300001
2026-03-15 13:00:00+00:00,-6.197366051300001
2026-03-15 14:00:00+00:00,-6.665756251300003
2026-03-15 15:00:00+00:00,-5.660077451299998
2026-03-15 16:00:00+00:00,-3.556369951299999
2026-03-15 17:00:00+00:00,2.896071348699998
2026-03-15 18:00:00+00:00,11.023855848700002
2026-03-15 19:00:00+00:00,13.786427148699998
2026-03-15 20:00:00+00:00,14.527138248699998
2026-03-15 21:00:00+00:00,13.4268960487
2026-03-15 22:00:00+00:00,11.7538875487
2026-03-15 23:00:00+00:00,10.44072350736
2026-03-16 00:00:00+00:00,9.65258050736
2026-03-16 01:00:00+00:00,9.150898407360001
2026-03-16 02:00:00+00:00,9.258053007360003
2026-03-16 03:00:00+00:00,9.32800840736
2026-03-16 04:00:00+00:00,10.833196307360001
2026-03-16 05:00:00+00:00,14.338668707359998
2026-03-16 06:00:00+00:00,17.077276507359997
2026-03-16 07:00:00+00:00,10.791841407360003
2026-03-16 08:00:00+00:00,4.094701307360005
2026-03-16 09:00:00+00:00,1.5030680073600031
2026-03-16 10:00:00+00:00,-1.3287098926399992
2026-03-16 11:00:00+00:00,-2.3516077926399994
2026-03-16 12:00:00+00:00,-2.479161892639997
2026-03-16 13:00:00+00:00,-1.9679535926399971
2026-03-16 14:00:00+00:00,-0.8240622926399972
2026-03-16 15:00:00+00:00,0.08648520736000265
2026-03-16 16:00:00+00:00,4.566880707360003
2026-03-16 17:00:00+00:00,15.961402407360001
2026-03-16 18:00:00+00:00,25.199658907359996
2026-03-16 19:00:00+00:00,27.59920150736
2026-03-16 20:00:00+00:00,26.96786560736
2026-03-16 21:00:00+00:00,23.92302060736
2026-03-16 22:00:00+00:00,20.92413300736
2026-03-16 23:00:00+00:00,18.84647538012
2026-03-17 00:00:00+00:00,17.45647858012
2026-03-17 01:00:00+00:00,16.41043338012
2026-03-17 02:00:00+00:00,16.00751168012
2026-03-17 03:00:00+00:00,15.66132828012
2026-03-17 04:00:00+00:00,16.93728668012
2026-03-17 05:00:00+00:00,20.068062880120003
2026-03-17 06:00:00+00:00,22.36763698012
2026-03-17 07:00:00+00:00,14.53554118012
2026-03-17 08:00:00+00:00,6.666502180120002
2026-03-17 09:00:00+00:00,3.466967480120001
2026-03-17 10:00:00+00:00,0.4182469801199993
2026-03-17 11:00:00+00:00,-0.7464314198800004
2026-03-17 12:00:00+00:00,-1.1527795198799993
2026-03-17 13:00:00+00:00,-0.7734827198800005
2026-03-17 14:00:00+00:00,0.24085408011999832
2026-03-17 15:00:00+00:00,2.8826330801199944
2026-03-17 16:00:00+00:00,6.909329580120001
2026-03-17 17:00:00+00:00,15.460567580120003
2026-03-17 18:00:00+00:00,23.77943428012
2026-03-17 19:00:00+00:00,25.592111480120003
2026-03-17 20:00:00+00:00,24.46899048012
2026-03-17 21:00:00+00:00,21.030345580120002
2026-03-17 22:00:00+00:00,18.17969058012
2026-03-17 23:00:00+00:00,15.938743751880002
2026-03-18 00:00:00+00:00,14.925938951880001
2026-03-18 01:00:00+00:00,14.251974851879998
2026-03-18 02:00:00+00:00,14.26816925188
2026-03-18 03:00:00+00:00,14.23769325188
2026-03-18 04:00:00+00:00,15.47778705188
2026-03-18 05:00:00+00:00,18.57662615188
2026-03-18 06:00:00+00:00,21.072020151879997
2026-03-18 07:00:00+00:00,17.89317045188
2026-03-18 08:00:00+00:00,10.974293351880004
2026-03-18 09:00:00+00:00,7.16058735188
2026-03-18 10:00:00+00:00,5.624630051880004
2026-03-18 11:00:00+00:00,2.395989751880002
2026-03-18 12:00:00+00:00,-0.5704261481199993
2026-03-18 13:00:00+00:00,-0.621328248119994
2026-03-18 14:00:00+00:00,1.1162379518800059
2026-03-18 15:00:00+00:00,3.6814295518800044
2026-03-18 16:00:00+00:00,8.768321451879999
2026-03-18 17:00:00+00:00,16.90872045188
2026-03-18 18:00:00+00:00,23.01730535188
2026-03-18 19:00:00+00:00,24.18590915188
2026-03-18 20:00:00+00:00,22.512292351880003
2026-03-18 21:00:00+00:00,18.510118351880003
2026-03-18 22:00:00+00:00,15.20061585188
2026-03-18 23:00:00+00:00,12.518960743680001
2026-03-19 00:00:00+00:00,10.909351043679997
2026-03-19 01:00:00+00:00,9.967048643680002
2026-03-19 02:00:00+00:00,9.53020944368
2026-03-19 03:00:00+00:00,9.474136843679998
2026-03-19 04:00:00+00:00,10.35491044368
2026-03-19 05:00:00+00:00,13.149341543680002
2026-03-19 06:00:00+00:00,15.59843884368
2026-03-19 07:00:00+00:00,11.45125774368
2026-03-19 08:00:00+00:00,5.225998143680005
2026-03-19 09:00:00+00:00,2.576120743679997
2026-03-19 10:00:00+00:00,0.609156843680001
2026-03-19 11:00:00+00:00,-0.9416529563200022
2026-03-19 12:00:00+00:00,-1.2841014563199984
2026-03-19 13:00:00+00:00,-0.6647518563199988
2026-03-19 14:00:00+00:00,-0.20512275632000154
2026-03-19 15:00:00+00:00,-0.26700665631999954
2026-03-19 16:00:00+00:00,3.5083499436800025
2026-03-19 17:00:00+00:00,11.27853944368
2026-03-19 18:00:00+00:00,17.075475143680002
2026-03-19 19:00:00+00:00,18.92180734368
2026-03-19 20:00:00+00:00,18.14476274368
2026-03-19 21:00:00+00:00,15.28970014368
2026-03-19 22:00:00+00:00,12.94587114368
2026-03-19 23:00:00+00:00,11.6380909867
2026-03-20 00:00:00+00:00,10.786228986699998
2026-03-20 01:00:00+00:00,10.3376711867
2026-03-20 02:00:00+00:00,10.382535886700001
2026-03-20 03:00:00+00:00,11.0956196867
2026-03-20 04:00:00+00:00,12.5403264867
2026-03-20 05:00:00+00:00,15.835973886700003
2026-03-20 06:00:00+00:00,18.9373730867
2026-03-20 07:00:00+00:00,18.0693346867
2026-03-20 08:00:00+00:00,13.5786119867
2026-03-20 09:00:00+00:00,9.160188586699999
2026-03-20 10:00:00+00:00,5.919680986700001
2026-03-20 11:00:00+00:00,3.6074983867000014
2026-03-20 12:00:00+00:00,2.3943090867000016
2026-03-20 13:00:00+00:00,3.126505186700001
2026-03-20 14:00:00+00:00,4.425570286700001
2026-03-20 15:00:00+00:00,6.902950386700002
2026-03-20 16:00:00+00:00,11.423605786700001
2026-03-20 17:00:00+00:00,16.026790186699998
2026-03-20 18:00:00+00:00,20.001483386700002
2026-03-20 19:00:00+00:00,21.876420386699998
2026-03-20 20:00:00+00:00,21.4654648867
2026-03-20 21:00:00+00:00,19.249385986700002
2026-03-20 22:00:00+00:00,17.067200086699998
2026-03-20 23:00:00+00:00,15.99747786672
2026-03-21 00:00:00+00:00,14.901636566720002
2026-03-21 01:00:00+00:00,14.26055746672
2026-03-21 02:00:00+00:00,14.078451866719998
2026-03-21 03:00:00+00:00,14.36263026672
2026-03-21 04:00:00+00:00,14.781100266720001
2026-03-21 05:00:00+00:00,15.50975016672
2026-03-21 06:00:00+00:00,15.460011566719999
2026-03-21 07:00:00+00:00,13.363798366720001
2026-03-21 08:00:00+00:00,11.041189066719998
2026-03-21 09:00:00+00:00,8.30004546672
2026-03-21 10:00:00+00:00,5.780383466720004
2026-03-21 11:00:00+00:00,3.8833346667200033
2026-03-21 12:00:00+00:00,2.675997566720003
2026-03-21 13:00:00+00:00,2.7790428667200047
2026-03-21 14:00:00+00:00,2.4559281667200032
2026-03-21 15:00:00+00:00,3.7838971667200028
2026-03-21 16:00:00+00:00,7.8378890667200025
2026-03-21 17:00:00+00:00,14.05738726672
2026-03-21 18:00:00+00:00,19.01334616672
2026-03-21 19:00:00+00:00,21.00838616672
2026-03-21 20:00:00+00:00,20.82234356672
2026-03-21 21:00:00+00:00,19.27629556672
2026-03-21 22:00:00+00:00,17.43879156672
2026-03-21 23:00:00+00:00,15.828119517360001
2026-03-22 00:00:00+00:00,14.467187417359998
2026-03-22 01:00:00+00:00,13.44524251736
2026-03-22 02:00:00+00:00,12.883651017359998
2026-03-22 03:00:00+00:00,12.72738791736
2026-03-22 04:00:00+00:00,12.914365417359999
2026-03-22 05:00:00+00:00,13.73068451736
2026-03-22 06:00:00+00:00,12.150307417360002
2026-03-22 07:00:00+00:00,4.50263111736
2026-03-22 08:00:00+00:00,-2.1374935826400048
2026-03-22 09:00:00+00:00,-4.7863801826399985
2026-03-22 10:00:00+00:00,-6.884349782640001
2026-03-22 11:00:00+00:00,-9.06203198264
2026-03-22 12:00:00+00:00,-8.675122582639997
2026-03-22 13:00:00+00:00,-6.694898782639999
2026-03-22 14:00:00+00:00,-7.851016082640001
2026-03-22 15:00:00+00:00,-7.637113582639998
2026-03-22 16:00:00+00:00,-3.637386682639999
2026-03-22 17:00:00+00:00,4.721447317359999
2026-03-22 18:00:00+00:00,11.982828417359999
2026-03-22 19:00:00+00:00,14.357989217359998
2026-03-22 20:00:00+00:00,14.236190817359999
2026-03-22 21:00:00+00:00,12.87372501736
2026-03-22 22:00:00+00:00,10.915328017360004
2026-03-22 23:00:00+00:00,8.970144282620002
2026-03-23 00:00:00+00:00,7.88718108262
2026-03-23 01:00:00+00:00,7.64145688262
2026-03-23 02:00:00+00:00,7.5825155826199975
2026-03-23 03:00:00+00:00,7.834743282620002
2026-03-23 04:00:00+00:00,8.921174682619998
2026-03-23 05:00:00+00:00,12.296843182619998
2026-03-23 06:00:00+00:00,13.73085798262
2026-03-23 07:00:00+00:00,7.789183882620005
2026-03-23 08:00:00+00:00,-0.880339117379993
2026-03-23 09:00:00+00:00,-5.0549175173799945
2026-03-23 10:00:00+00:00,-7.641986617379999
2026-03-23 11:00:00+00:00,-7.897031917379998
2026-03-23 12:00:00+00:00,-6.9002510173800005
2026-03-23 13:00:00+00:00,-5.825286117379996
2026-03-23 14:00:00+00:00,-4.868125717379996
2026-03-23 15:00:00+00:00,-1.666466017379996
2026-03-23 16:00:00+00:00,4.223006882620005
2026-03-23 17:00:00+00:00,12.786380682620003
2026-03-23 18:00:00+00:00,19.34206898262
2026-03-23 19:00:00+00:00,21.656058482620004
2026-03-23 20:00:00+00:00,21.016545982620002
2026-03-23 21:00:00+00:00,18.895753682619997
2026-03-23 22:00:00+00:00,16.77761808262
2026-03-23 23:00:00+00:00,15.099879928820002
2026-03-24 00:00:00+00:00,14.20536822882
2026-03-24 01:00:00+00:00,14.01294572882
2026-03-24 02:00:00+00:00,14.349702028820001
2026-03-24 03:00:00+00:00,15.07551952882
2026-03-24 04:00:00+00:00,16.363318028820004
2026-03-24 05:00:00+00:00,19.579831028820003
2026-03-24 06:00:00+00:00,20.80976662882
2026-03-24 07:00:00+00:00,13.354538028819999
2026-03-24 08:00:00+00:00,4.027508728820003
2026-03-24 09:00:00+00:00,1.392530128819999
2026-03-24 10:00:00+00:00,0.4105576288199977
2026-03-24 11:00:00+00:00,-0.362177671179996
2026-03-24 12:00:00+00:00,0.18912562882000117
2026-03-24 13:00:00+00:00,-0.05750447117999968
2026-03-24 14:00:00+00:00,-0.05436977117999575
2026-03-24 15:00:00+00:00,1.7382613288199984
2026-03-24 16:00:00+00:00,6.434294528820004
2026-03-24 17:00:00+00:00,16.37156902882
2026-03-24 18:00:00+00:00,24.850968928820002
2026-03-24 19:00:00+00:00,27.570440828820004
2026-03-24 20:00:00+00:00,26.80429672882
2026-03-24 21:00:00+00:00,24.14100212882
2026-03-24 22:00:00+00:00,21.60731452882
2026-03-24 23:00:00+00:00,19.27118197752
2026-03-25 00:00:00+00:00,17.89725547752
2026-03-25 01:00:00+00:00,16.783097077520004
2026-03-25 02:00:00+00:00,16.03850167752
2026-03-25 03:00:00+00:00,15.733140077520002
2026-03-25 04:00:00+00:00,16.16614487752
2026-03-25 05:00:00+00:00,18.45838067752
2026-03-25 06:00:00+00:00,18.43662957752
2026-03-25 07:00:00+00:00,9.43488417752
2026-03-25 08:00:00+00:00,1.1667868775200034
2026-03-25 09:00:00+00:00,-3.4377153224799955
2026-03-25 10:00:00+00:00,-9.071937222480003
2026-03-25 11:00:00+00:00,-10.503628722479998
2026-03-25 12:00:00+00:00,-10.121786122480003
2026-03-25 13:00:00+00:00,-9.33792202248
2026-03-25 14:00:00+00:00,-8.187226522480003
2026-03-25 15:00:00+00:00,-5.106177322480001
2026-03-25 16:00:00+00:00,0.2466902775200026
2026-03-25 17:00:00+00:00,7.7212443775200015
2026-03-25 18:00:00+00:00,14.095713177520004
2026-03-25 19:00:00+00:00,16.247933777520004
2026-03-25 20:00:00+00:00,15.317095977519998
2026-03-25 21:00:00+00:00,12.64931507752
2026-03-25 22:00:00+00:00,10.22095877752
2026-03-25 23:00:00+00:00,8.507769200840002
2026-03-26 00:00:00+00:00,7.640373200840003
2026-03-26 01:00:00+00:00,7.12521110084
2026-03-26 02:00:00+00:00,6.871894000840003
2026-03-26 03:00:00+00:00,7.088055400840002
2026-03-26 04:00:00+00:00,7.9111714008400025
2026-03-26 05:00:00+00:00,11.331593200840002
2026-03-26 06:00:00+00:00,12.387806300840005
2026-03-26 07:00:00+00:00,5.864484100839999
2026-03-26 08:00:00+00:00,-2.9464462991599945
2026-03-26 09:00:00+00:00,-7.041285599160002
2026-03-26 10:00:00+00:00,-9.154993699159995
2026-03-26 11:00:00+00:00,-10.853312699160004
2026-03-26 12:00:00+00:00,-11.080007799159997
2026-03-26 13:00:00+00:00,-10.587498999159997
2026-03-26 14:00:00+00:00,-10.280538699160001
2026-03-26 15:00:00+00:00,-8.232948499159992
2026-03-26 16:00:00+00:00,-3.4794871991600047
2026-03-26 17:00:00+00:00,5.359441400840005
2026-03-26 18:00:00+00:00,13.903316400840005
2026-03-26 19:00:00+00:00,16.68033800084
2026-03-26 20:00:00+00:00,15.899671400840003
2026-03-26 21:00:00+00:00,13.094756700840001
2026-03-26 22:00:00+00:00,10.673009100840002
2026-03-26 23:00:00+00:00,9.813335396640001
2026-03-27 00:00:00+00:00,8.73581239664
2026-03-27 01:00:00+00:00,8.062381396640001
2026-03-27 02:00:00+00:00,7.957141096640001
2026-03-27 03:00:00+00:00,7.855961196640001
2026-03-27 04:00:00+00:00,8.763311596640003
2026-03-27 05:00:00+00:00,11.81933889664
2026-03-27 06:00:00+00:00,12.903928496640003
2026-03-27 07:00:00+00:00,7.106276896640001
2026-03-27 08:00:00+00:00,-0.8194280033599988
2026-03-27 09:00:00+00:00,-5.1500566033599995
2026-03-27 10:00:00+00:00,-7.352891103360001
2026-03-27 11:00:00+00:00,-8.830854603359999
2026-03-27 12:00:00+00:00,-9.10275570336
2026-03-27 13:00:00+00:00,-9.822476803359994
2026-03-27 14:00:00+00:00,-10.453919703359993
2026-03-27 15:00:00+00:00,-8.598275703359992
2026-03-27 16:00:00+00:00,-3.9474236033599936
2026-03-27 17:00:00+00:00,5.347445796640002
2026-03-27 18:00:00+00:00,14.163063796640003
2026-03-27 19:00:00+00:00,17.00358939664
2026-03-27 20:00:00+00:00,16.33817189664
2026-03-27 21:00:00+00:00,13.80943089664
2026-03-27 22:00:00+00:00,11.54058989664
2026-03-27 23:00:00+00:00,10.281963752540001
2026-03-28 00:00:00+00:00,9.409708152539999
2026-03-28 01:00:00+00:00,8.678021452540001
2026-03-28 02:00:00+00:00,8.544816752540001
2026-03-28 03:00:00+00:00,8.590977052540001
2026-03-28 04:00:00+00:00,8.890159252540002
2026-03-28 05:00:00+00:00,10.022501452539998
2026-03-28 06:00:00+00:00,8.95960855254
2026-03-28 07:00:00+00:00,3.447530952540003
2026-03-28 08:00:00+00:00,-2.0439355474599985
2026-03-28 09:00:00+00:00,-4.973068647459996
2026-03-28 10:00:00+00:00,-6.544297647459999
2026-03-28 11:00:00+00:00,-7.73742834746
2026-03-28 12:00:00+00:00,-7.658953047459999
2026-03-28 13:00:00+00:00,-6.986075847459997
2026-03-28 14:00:00+00:00,-7.364886947459997
2026-03-28 15:00:00+00:00,-6.445607947459997
2026-03-28 16:00:00+00:00,-2.8287195474599933
2026-03-28 17:00:00+00:00,3.4744096525400003
2026-03-28 18:00:00+00:00,9.315376252539998
2026-03-28 19:00:00+00:00,11.354338852540003
2026-03-28 20:00:00+00:00,11.01939395254
2026-03-28 21:00:00+00:00,9.528211152539999
2026-03-28 22:00:00+00:00,8.270958552539998
2026-03-28 23:00:00+00:00,7.821471320700001
2026-03-29 00:00:00+00:00,7.161384320699998
2026-03-29 01:00:00+00:00,6.868620120700001
2026-03-29 02:00:00+00:00,7.5797095207
2026-03-29 03:00:00+00:00,7.676463020700002
2026-03-29 04:00:00+00:00,8.5035764207
2026-03-29 05:00:00+00:00,8.713321520700001
2026-03-29 06:00:00+00:00,7.2057761206999995
2026-03-29 07:00:00+00:00,0.8214607207000029
2026-03-29 08:00:00+00:00,-5.950372679299996
2026-03-29 09:00:00+00:00,-9.761918379299999
2026-03-29 10:00:00+00:00,-11.572190779299994
2026-03-29 11:00:00+00:00,-11.837060979299999
2026-03-29 12:00:00+00:00,-11.236200179299995
2026-03-29 13:00:00+00:00,-11.415967679299996
2026-03-29 14:00:00+00:00,-11.2940749793
2026-03-29 15:00:00+00:00,-9.243821379299991
2026-03-29 16:00:00+00:00,-4.303252279299997
2026-03-29 17:00:00+00:00,2.9003510207000005
2026-03-29 18:00:00+00:00,9.658552320700004
2026-03-29 19:00:00+00:00,10.898105720700006
2026-03-29 20:00:00+00:00,9.758902120700004
2026-03-29 21:00:00+00:00,8.7301523207
2026-03-29 22:00:00+00:00,7.455613061399998
2026-03-29 23:00:00+00:00,7.338426361400003
2026-03-30 00:00:00+00:00,7.164531661400002
2026-03-30 01:00:00+00:00,7.2810778614
2026-03-30 02:00:00+00:00,7.4310579614000005
2026-03-30 03:00:00+00:00,8.155600861400004
2026-03-30 04:00:00+00:00,11.6974006614
2026-03-30 05:00:00+00:00,15.471280661399998
2026-03-30 06:00:00+00:00,15.5283566614
2026-03-30 07:00:00+00:00,8.024381361399996
2026-03-30 08:00:00+00:00,2.831600361400003
2026-03-30 09:00:00+00:00,0.41613266139999894
2026-03-30 10:00:00+00:00,-2.0339664385999967
2026-03-30 11:00:00+00:00,-3.0105202385999945
2026-03-30 12:00:00+00:00,-3.1596055385999975
2026-03-30 13:00:00+00:00,-3.1754056385999974
2026-03-30 14:00:00+00:00,-2.668533938600003
2026-03-30 15:00:00+00:00,-0.5359453385999977
2026-03-30 16:00:00+00:00,1.9842790614000023
2026-03-30 17:00:00+00:00,8.0835302614
2026-03-30 18:00:00+00:00,16.632797461400003
2026-03-30 19:00:00+00:00,16.576795461400003
2026-03-30 20:00:00+00:00,13.479849261400002
2026-03-30 21:00:00+00:00,10.856541961400001
2026-03-30 22:00:00+00:00,8.645137638000001
2026-03-30 23:00:00+00:00,7.620360138000001
2026-03-31 00:00:00+00:00,6.931004038000001
2026-03-31 01:00:00+00:00,7.053008538000004
2026-03-31 02:00:00+00:00,7.430403938000001
2026-03-31 03:00:00+00:00,8.017603138
2026-03-31 04:00:00+00:00,10.866881938000002
2026-03-31 05:00:00+00:00,14.146609638000001
2026-03-31 06:00:00+00:00,13.011922138000003
2026-03-31 07:00:00+00:00,7.644316138000001
2026-03-31 08:00:00+00:00,2.7612131379999987
2026-03-31 09:00:00+00:00,-1.8592043619999998
2026-03-31 10:00:00+00:00,-3.849834961999999
2026-03-31 11:00:00+00:00,-4.957371561999995
2026-03-31 12:00:00+00:00,-5.4301086619999985
2026-03-31 13:00:00+00:00,-5.4537077620000005
2026-03-31 14:00:00+00:00,-4.873603161999995
2026-03-31 15:00:00+00:00,-2.875158461999998
2026-03-31 16:00:00+00:00,1.9385765379999995
2026-03-31 17:00:00+00:00,8.352324838000001
2026-03-31 18:00:00+00:00,14.727292038000002
2026-03-31 19:00:00+00:00,15.456063137999998
2026-03-31 20:00:00+00:00,12.841468838000004
2026-03-31 21:00:00+00:00,10.678645838000001
2026-03-31 22:00:00+00:00,7.674657164020001
2026-03-31 23:00:00+00:00,7.112602264020001
2026-04-01 00:00:00+00:00,6.610886464019998
2026-04-01 01:00:00+00:00,6.528153264020002
2026-04-01 02:00:00+00:00,6.6339344640199975
2026-04-01 03:00:00+00:00,7.36867116402
2026-04-01 04:00:00+00:00,10.35685516402
2026-04-01 05:00:00+00:00,13.834332364020003
2026-04-01 06:00:00+00:00,12.811374164020002
2026-04-01 07:00:00+00:00,7.454860064020004
2026-04-01 08:00:00+00:00,2.4117321640200053
2026-04-01 09:00:00+00:00,-1.956702935980001
2026-04-01 10:00:00+00:00,-3.921893435979996
2026-04-01 11:00:00+00:00,-4.758545235979998
2026-04-01 12:00:00+00:00,-4.972280835980005
2026-04-01 13:00:00+00:00,-4.795153035979997
2026-04-01 14:00:00+00:00,-4.238182435979994
2026-04-01 15:00:00+00:00,-2.3832711359799994
2026-04-01 16:00:00+00:00,1.644096064020001
2026-04-01 17:00:00+00:00,7.412181464020001
2026-04-01 18:00:00+00:00,13.462853664020002
2026-04-01 19:00:00+00:00,14.581954564020002
2026-04-01 20:00:00+00:00,12.130758964020004
2026-04-01 21:00:00+00:00,10.04744746402
2026-04-01 22:00:00+00:00,9.709950450460001
2026-04-01 23:00:00+00:00,8.365356750460004
2026-04-02 00:00:00+00:00,7.41089455046
2026-04-02 01:00:00+00:00,6.913631150459999
2026-04-02 02:00:00+00:00,6.642651850460002
2026-04-02 03:00:00+00:00,6.76869935046
2026-04-02 04:00:00+00:00,7.8817585504600025
2026-04-02 05:00:00+00:00,9.237010150460002
2026-04-02 06:00:00+00:00,7.197604150459998
2026-04-02 07:00:00+00:00,2.117487750460004
2026-04-02 08:00:00+00:00,-1.609570249539999
2026-04-02 09:00:00+00:00,-3.6792563495399975
2026-04-02 10:00:00+00:00,-5.521173549540002
2026-04-02 11:00:00+00:00,-6.373488049539997
2026-04-02 12:00:00+00:00,-6.934134649539999
2026-04-02 13:00:00+00:00,-7.9079223495400015
2026-04-02 14:00:00+00:00,-7.872017949539995
2026-04-02 15:00:00+00:00,-6.701923349539996
2026-04-02 16:00:00+00:00,-3.53831964954
2026-04-02 17:00:00+00:00,2.383784050460001
2026-04-02 18:00:00+00:00,8.83263035046
2026-04-02 19:00:00+00:00,11.827004050460001
2026-04-02 20:00:00+00:00,10.42696095046
2026-04-02 21:00:00+00:00,9.631777250459999
2026-04-02 22:00:00+00:00,9.377717811880002
2026-04-02 23:00:00+00:00,8.769311211879998
2026-04-03 00:00:00+00:00,8.540980311880002
2026-04-03 01:00:00+00:00,8.47259561188
2026-04-03 02:00:00+00:00,8.571875911880001
2026-04-03 03:00:00+00:00,9.07161371188
2026-04-03 04:00:00+00:00,9.65894221188
2026-04-03 05:00:00+00:00,10.609093611879999
2026-04-03 06:00:00+00:00,7.65301221188
2026-04-03 07:00:00+00:00,2.075435911880003
2026-04-03 08:00:00+00:00,-3.1401977881199983
2026-04-03 09:00:00+00:00,-6.330005688119996
2026-04-03 10:00:00+00:00,-8.132557988119995
2026-04-03 11:00:00+00:00,-8.775559588119997
2026-04-03 12:00:00+00:00,-9.272459588119993
2026-04-03 13:00:00+00:00,-9.944311588120001
2026-04-03 14:00:00+00:00,-9.427778788119998
2026-04-03 15:00:00+00:00,-7.226700388119994
2026-04-03 16:00:00+00:00,-2.286334488119998
2026-04-03 17:00:00+00:00,5.262658211880002
2026-04-03 18:00:00+00:00,12.795320411879999
2026-04-03 19:00:00+00:00,16.676204011880003
2026-04-03 20:00:00+00:00,15.67102731188
2026-04-03 21:00:00+00:00,14.73191361188
2026-04-03 22:00:00+00:00,14.036357121959998
2026-04-03 23:00:00+00:00,13.100179521959998
2026-04-04 00:00:00+00:00,12.515004121959999
2026-04-04 01:00:00+00:00,12.30319552196
2026-04-04 02:00:00+00:00,12.51932252196
2026-04-04 03:00:00+00:00,13.046631221959998
2026-04-04 04:00:00+00:00,13.947797821960002
2026-04-04 05:00:00+00:00,15.517036521960001
2026-04-04 06:00:00+00:00,12.25210772196
2026-04-04 07:00:00+00:00,6.16177632196
2026-04-04 08:00:00+00:00,0.772814921960002
2026-04-04 09:00:00+00:00,-3.010427878039998
2026-04-04 10:00:00+00:00,-4.995786478039996
2026-04-04 11:00:00+00:00,-5.96604017804
2026-04-04 12:00:00+00:00,-6.541719678040003
2026-04-04 13:00:00+00:00,-6.644051878040003
2026-04-04 14:00:00+00:00,-6.089973978039996
2026-04-04 15:00:00+00:00,-3.60230897804
2026-04-04 16:00:00+00:00,1.4375723219600047
2026-04-04 17:00:00+00:00,9.566225321960001
2026-04-04 18:00:00+00:00,18.08718422196
2026-04-04 19:00:00+00:00,21.846353521959998
2026-04-04 20:00:00+00:00,20.58435562196
2026-04-04 21:00:00+00:00,18.74420482196
2026-04-04 22:00:00+00:00,18.019005398140003
2026-04-04 23:00:00+00:00,16.804734998140002
2026-04-05 00:00:00+00:00,15.67550759814
2026-04-05 01:00:00+00:00,15.10837679814
2026-04-05 02:00:00+00:00,14.951628598140001
2026-04-05 03:00:00+00:00,15.086699398139999
2026-04-05 04:00:00+00:00,15.94771369814
2026-04-05 05:00:00+00:00,16.40642109814
2026-04-05 06:00:00+00:00,12.321527098140002
2026-04-05 07:00:00+00:00,3.0078937981399996
2026-04-05 08:00:00+00:00,-5.126042401859998
2026-04-05 09:00:00+00:00,-7.10384970186
2026-04-05 10:00:00+00:00,-7.622452301859994
2026-04-05 11:00:00+00:00,-8.436887701860002
2026-04-05 12:00:00+00:00,-7.844281801859999
2026-04-05 13:00:00+00:00,-7.3911741018599955
2026-04-05 14:00:00+00:00,-6.62530690186
2026-04-05 15:00:00+00:00,-4.189355901859994
2026-04-05 16:00:00+00:00,-1.3763855018599997
2026-04-05 17:00:00+00:00,6.206384698140001
2026-04-05 18:00:00+00:00,16.376496998140002
2026-04-05 19:00:00+00:00,20.099113898139997
2026-04-05 20:00:00+00:00,19.10829059814
2026-04-05 21:00:00+00:00,17.488693498139998
2026-04-05 22:00:00+00:00,15.40120862944
2026-04-05 23:00:00+00:00,13.66723862944
2026-04-06 00:00:00+00:00,12.65155252944
2026-04-06 01:00:00+00:00,12.199284729439999
2026-04-06 02:00:00+00:00,11.95872312944
2026-04-06 03:00:00+00:00,12.359207429439998
2026-04-06 04:00:00+00:00,13.874204329440001
2026-04-06 05:00:00+00:00,15.679900529440001
2026-04-06 06:00:00+00:00,12.267974029440001
2026-04-06 07:00:00+00:00,5.374747129439999
2026-04-06 08:00:00+00:00,-0.06456717056000016
2026-04-06 09:00:00+00:00,-3.6723446705599976
2026-04-06 10:00:00+00:00,-5.958993470559996
2026-04-06 11:00:00+00:00,-7.057678470559999
2026-04-06 12:00:00+00:00,-7.746186470559998
2026-04-06 13:00:00+00:00,-8.195888170560004
2026-04-06 14:00:00+00:00,-7.0429881705599975
2026-04-06 15:00:00+00:00,-4.577145670560004
2026-04-06 16:00:00+00:00,-1.7582667705599988
2026-04-06 17:00:00+00:00,4.075161729440001
2026-04-06 18:00:00+00:00,11.31180482944
2026-04-06 19:00:00+00:00,14.382897729440002
2026-04-06 20:00:00+00:00,13.22933112944
2026-04-06 21:00:00+00:00,11.391308529439998
2026-04-06 22:00:00+00:00,11.173676594980002
2026-04-06 23:00:00+00:00,10.21077409498
2026-04-07 00:00:00+00:00,10.071671194980004
2026-04-07 01:00:00+00:00,10.45054219498
2026-04-07 02:00:00+00:00,10.46822809498
2026-04-07 03:00:00+00:00,11.11064719498
2026-04-07 04:00:00+00:00,13.66178169498
2026-04-07 05:00:00+00:00,16.343908294980004
2026-04-07 06:00:00+00:00,15.904394694980002
2026-04-07 07:00:00+00:00,10.887844894979999
2026-04-07 08:00:00+00:00,5.510804594979998
2026-04-07 09:00:00+00:00,2.014593594979999
2026-04-07 10:00:00+00:00,0.013508894979999297
2026-04-07 11:00:00+00:00,-0.6425315050200027
2026-04-07 12:00:00+00:00,-0.8868513050200022
2026-04-07 13:00:00+00:00,-1.0203980050199988
2026-04-07 14:00:00+00:00,0.001227094979999066
2026-04-07 15:00:00+00:00,2.338105994980001
2026-04-07 16:00:00+00:00,6.6620095949800024
2026-04-07 17:00:00+00:00,12.591217194980004
2026-04-07 18:00:00+00:00,17.38985679498
2026-04-07 19:00:00+00:00,19.89154179498
2026-04-07 20:00:00+00:00,18.49526189498
2026-04-07 21:00:00+00:00,16.796464694980003
2026-04-07 22:00:00+00:00,16.60184197134
2026-04-07 23:00:00+00:00,15.70452257134
2026-04-08 00:00:00+00:00,15.253261571339998
2026-04-08 01:00:00+00:00,15.38439447134
2026-04-08 02:00:00+00:00,15.59678167134
2026-04-08 03:00:00+00:00,16.508620471340002
2026-04-08 04:00:00+00:00,19.40571097134
2026-04-08 05:00:00+00:00,22.14248277134
2026-04-08 06:00:00+00:00,22.11532547134
2026-04-08 07:00:00+00:00,17.51420177134
2026-04-08 08:00:00+00:00,12.451764471339999
2026-04-08 09:00:00+00:00,8.427729871340002
2026-04-08 10:00:00+00:00,5.068804571340003
2026-04-08 11:00:00+00:00,2.7682637713400027
2026-04-08 12:00:00+00:00,1.006032671339998
2026-04-08 13:00:00+00:00,0.10778477134000397
2026-04-08 14:00:00+00:00,0.6480669713399969
2026-04-08 15:00:00+00:00,2.6745677713400013
2026-04-08 16:00:00+00:00,7.431710571340002
2026-04-08 17:00:00+00:00,14.69813707134
2026-04-08 18:00:00+00:00,21.30034047134
2026-04-08 19:00:00+00:00,24.24347027134
2026-04-08 20:00:00+00:00,22.474051471339997
2026-04-08 21:00:00+00:00,20.425381471340003
2026-04-08 22:00:00+00:00,19.36214430806
2026-04-08 23:00:00+00:00,18.20090950806
2026-04-09 00:00:00+00:00,17.264429508059997
2026-04-09 01:00:00+00:00,17.018741008059997
2026-04-09 02:00:00+00:00,16.87423670806
2026-04-09 03:00:00+00:00,17.46767890806
2026-04-09 04:00:00+00:00,20.13944060806
2026-04-09 05:00:00+00:00,22.55640060806
2026-04-09 06:00:00+00:00,21.52114850806
2026-04-09 07:00:00+00:00,14.66047780806
2026-04-09 08:00:00+00:00,6.972127408059997
2026-04-09 09:00:00+00:00,1.0754724080599978
2026-04-09 10:00:00+00:00,-2.9686618919399983
2026-04-09 11:00:00+00:00,-4.757110191940001
2026-04-09 12:00:00+00:00,-5.779646291940001
2026-04-09 13:00:00+00:00,-6.5407514919399965
2026-04-09 14:00:00+00:00,-6.107904191940001
2026-04-09 15:00:00+00:00,-4.148953791940002
2026-04-09 16:00:00+00:00,0.5532968080599936
2026-04-09 17:00:00+00:00,9.063731708060004
2026-04-09 18:00:00+00:00,16.462314108060003
2026-04-09 19:00:00+00:00,18.49355880806
2026-04-09 20:00:00+00:00,16.03038300806
2026-04-09 21:00:00+00:00,13.555064508060001
2026-04-09 22:00:00+00:00,12.091604257079998
2026-04-09 23:00:00+00:00,11.666879157080002
2026-04-10 00:00:00+00:00,11.215780157080001
2026-04-10 01:00:00+00:00,11.296940857080001
2026-04-10 02:00:00+00:00,12.076945757079999
2026-04-10 03:00:00+00:00,13.166520257079998
2026-04-10 04:00:00+00:00,16.482150357080002
2026-04-10 05:00:00+00:00,20.364259057079998
2026-04-10 06:00:00+00:00,18.99514965708
2026-04-10 07:00:00+00:00,10.52912465708
2026-04-10 08:00:00+00:00,2.676463957080003
2026-04-10 09:00:00+00:00,-1.716193742919998
2026-04-10 10:00:00+00:00,-3.488626542919995
2026-04-10 11:00:00+00:00,-3.8544101429199955
2026-04-10 12:00:00+00:00,-3.774066642919994
2026-04-10 13:00:00+00:00,-3.6764504429199967
2026-04-10 14:00:00+00:00,-2.913111042919997
2026-04-10 15:00:00+00:00,-0.12426844292000183
2026-04-10 16:00:00+00:00,5.465904157080004
2026-04-10 17:00:00+00:00,13.61671625708
2026-04-10 18:00:00+00:00,19.88287605708
2026-04-10 19:00:00+00:00,22.132394357080003
2026-04-10 20:00:00+00:00,19.76877805708
2026-04-10 21:00:00+00:00,17.48655115708
2026-04-10 22:00:00+00:00,16.68855464366
2026-04-10 23:00:00+00:00,15.56896684366
2026-04-11 00:00:00+00:00,14.85237944366
2026-04-11 01:00:00+00:00,14.623448643659998
2026-04-11 02:00:00+00:00,14.41000794366
2026-04-11 03:00:00+00:00,14.186982743660003
2026-04-11 04:00:00+00:00,15.013749243660001
2026-04-11 05:00:00+00:00,15.789118143660001
2026-04-11 06:00:00+00:00,15.22089374366
2026-04-11 07:00:00+00:00,11.573291943660003
2026-04-11 08:00:00+00:00,6.768878643660003
2026-04-11 09:00:00+00:00,2.7985292436600027
2026-04-11 10:00:00+00:00,0.022255843660001773
2026-04-11 11:00:00+00:00,-0.6563173563400007
2026-04-11 12:00:00+00:00,-0.9307871563399956
2026-04-11 13:00:00+00:00,-2.6295149563399995
2026-04-11 14:00:00+00:00,-3.233433556339996
2026-04-11 15:00:00+00:00,-2.0737319563399943
2026-04-11 16:00:00+00:00,1.4551200436599991
2026-04-11 17:00:00+00:00,6.803153843660002
2026-04-11 18:00:00+00:00,11.101603343660003
2026-04-11 19:00:00+00:00,13.432227743659999
2026-04-11 20:00:00+00:00,12.119522243659999
2026-04-11 21:00:00+00:00,10.465384343660004
2026-04-11 22:00:00+00:00,9.91854892144
2026-04-11 23:00:00+00:00,8.821310821440001
2026-04-12 00:00:00+00:00,8.03595932144
2026-04-12 01:00:00+00:00,7.918577721440002
2026-04-12 02:00:00+00:00,8.069533721440003
2026-04-12 03:00:00+00:00,8.339061921439999
2026-04-12 04:00:00+00:00,9.074425421439997
2026-04-12 05:00:00+00:00,9.374816421440002
2026-04-12 06:00:00+00:00,8.515651221439999
2026-04-12 07:00:00+00:00,5.590116421440001
2026-04-12 08:00:00+00:00,2.85796852144
2026-04-12 09:00:00+00:00,0.6743699214400003
2026-04-12 10:00:00+00:00,-1.49861657856
2026-04-12 11:00:00+00:00,-2.5678033785600007
2026-04-12 12:00:00+00:00,-3.2590172785599982
2026-04-12 13:00:00+00:00,-4.7194290785599975
2026-04-12 14:00:00+00:00,-6.227409578559996
2026-04-12 15:00:00+00:00,-6.276158878559997
2026-04-12 16:00:00+00:00,-3.648911478559995
2026-04-12 17:00:00+00:00,2.6041790214400002
2026-04-12 18:00:00+00:00,9.91177622144
2026-04-12 19:00:00+00:00,13.78088082144
2026-04-12 20:00:00+00:00,12.831748321440003
2026-04-12 21:00:00+00:00,10.70032462144
2026-04-12 22:00:00+00:00,7.845037444340003
2026-04-12 23:00:00+00:00,6.368801044340001
2026-04-13 00:00:00+00:00,5.432602244340002
2026-04-13 01:00:00+00:00,5.0716790443400015
2026-04-13 02:00:00+00:00,5.010489344340003
2026-04-13 03:00:00+00:00,5.681064744339999
2026-04-13 04:00:00+00:00,8.728093744340002
2026-04-13 05:00:00+00:00,12.103106844340003
2026-04-13 06:00:00+00:00,10.05227844434
2026-04-13 07:00:00+00:00,1.5364621443400033
2026-04-13 08:00:00+00:00,-4.997212855659999
2026-04-13 09:00:00+00:00,-8.237746455659998
2026-04-13 10:00:00+00:00,-9.914911855660002
2026-04-13 11:00:00+00:00,-9.342897755659994
2026-04-13 12:00:00+00:00,-9.243454155659997
2026-04-13 13:00:00+00:00,-8.17661315566
2026-04-13 14:00:00+00:00,-6.9975919556599955
2026-04-13 15:00:00+00:00,-4.646790855660001
2026-04-13 16:00:00+00:00,0.6439374443400041
2026-04-13 17:00:00+00:00,7.364203744339999
2026-04-13 18:00:00+00:00,14.40339434434
2026-04-13 19:00:00+00:00,17.688596344340006
2026-04-13 20:00:00+00:00,15.54445614434
2026-04-13 21:00:00+00:00,13.19591974434
2026-04-13 22:00:00+00:00,12.75063986526
2026-04-13 23:00:00+00:00,11.757048265260002
2026-04-14 00:00:00+00:00,11.11409886526
2026-04-14 01:00:00+00:00,10.698283465260001
2026-04-14 02:00:00+00:00,10.50561566526
2026-04-14 03:00:00+00:00,11.01989716526
2026-04-14 04:00:00+00:00,13.78901586526
2026-04-14 05:00:00+00:00,16.84823026526
2026-04-14 06:00:00+00:00,13.858004865260003
2026-04-14 07:00:00+00:00,4.868124765260003
2026-04-14 08:00:00+00:00,-2.2580984347400026
2026-04-14 09:00:00+00:00,-5.913150034740003
2026-04-14 10:00:00+00:00,-7.5711560347399995
2026-04-14 11:00:00+00:00,-6.739928234739999
2026-04-14 12:00:00+00:00,-6.546709834739996
2026-04-14 13:00:00+00:00,-5.559904234740003
2026-04-14 14:00:00+00:00,-4.684145034739995
2026-04-14 15:00:00+00:00,-2.6734650347399977
2026-04-14 16:00:00+00:00,2.2593806652600037
2026-04-14 17:00:00+00:00,10.443614565259999
2026-04-14 18:00:00+00:00,18.80466066526
2026-04-14 19:00:00+00:00,22.25167416526
2026-04-14 20:00:00+00:00,19.829617265259998
2026-04-14 21:00:00+00:00,17.02973646526
2026-04-14 22:00:00+00:00,14.56536558568
2026-04-14 23:00:00+00:00,13.42948338568
2026-04-15 00:00:00+00:00,12.75574328568
2026-04-15 01:00:00+00:00,12.649654185680001
2026-04-15 02:00:00+00:00,12.90502468568
2026-04-15 03:00:00+00:00,13.959338485680004
2026-04-15 04:00:00+00:00,17.03380908568
2026-04-15 05:00:00+00:00,20.34454998568
2026-04-15 06:00:00+00:00,16.687013985680004
2026-04-15 07:00:00+00:00,6.868554185680001
2026-04-15 08:00:00+00:00,-0.47304421431999444
2026-04-15 09:00:00+00:00,-2.40112881432
2026-04-15 10:00:00+00:00,-1.3419636143199973
2026-04-15 11:00:00+00:00,0.77235378568
2026-04-15 12:00:00+00:00,0.704501085680004
2026-04-15 13:00:00+00:00,0.8648392856800058
2026-04-15 14:00:00+00:00,1.4666485856800016
2026-04-15 15:00:00+00:00,0.22849888568000054
2026-04-15 16:00:00+00:00,2.622934585680003
2026-04-15 17:00:00+00:00,12.240657885680005
2026-04-15 18:00:00+00:00,21.63305998568
2026-04-15 19:00:00+00:00,25.37961478568
2026-04-15 20:00:00+00:00,22.76821848568
2026-04-15 21:00:00+00:00,19.70519338568
2026-04-15 22:00:00+00:00,17.505097798309997
2026-04-15 23:00:00+00:00,16.61364069831
2026-04-16 00:00:00+00:00,16.40656139831
2026-04-16 01:00:00+00:00,16.62698079831
2026-04-16 02:00:00+00:00,17.04517749831
2026-04-16 03:00:00+00:00,18.11674709831
2026-04-16 04:00:00+00:00,21.10517799831
2026-04-16 05:00:00+00:00,24.60467039831
2026-04-16 06:00:00+00:00,20.80955389831
2026-04-16 07:00:00+00:00,10.855472498310004
2026-04-16 08:00:00+00:00,2.6351842983100013
2026-04-16 09:00:00+00:00,-0.9613956016899969
2026-04-16 10:00:00+00:00,-2.184018401689997
2026-04-16 11:00:00+00:00,-2.892227501689998
2026-04-16 12:00:00+00:00,-4.029283501689992
2026-04-16 13:00:00+00:00,-3.9979823016899942
2026-04-16 14:00:00+00:00,-3.64337410169
2026-04-16 15:00:00+00:00,-2.020923601689997
2026-04-16 16:00:00+00:00,3.2309550983100017
2026-04-16 17:00:00+00:00,13.66639539831
2026-04-16 18:00:00+00:00,23.99883179831
2026-04-16 19:00:00+00:00,27.44854379831
2026-04-16 20:00:00+00:00,24.55174899831
2026-04-16 21:00:00+00:00,21.591879798310003
2026-04-16 22:00:00+00:00,20.28492255002
2026-04-16 23:00:00+00:00,19.25038385002
2026-04-17 00:00:00+00:00,18.62850865002
2026-04-17 01:00:00+00:00,18.38905305002
2026-04-17 02:00:00+00:00,18.27306735002
2026-04-17 03:00:00+00:00,19.20107065002
2026-04-17 04:00:00+00:00,22.001712750019998
2026-04-17 05:00:00+00:00,25.23404825002
2026-04-17 06:00:00+00:00,21.37999445002
2026-04-17 07:00:00+00:00,10.90305535002
2026-04-17 08:00:00+00:00,2.5933499500199986
2026-04-17 09:00:00+00:00,-0.5494747499799963
2026-04-17 10:00:00+00:00,0.4068215500199983
2026-04-17 11:00:00+00:00,1.7311799500199996
2026-04-17 12:00:00+00:00,0.4983856500199977
2026-04-17 13:00:00+00:00,0.2272860500200018
2026-04-17 14:00:00+00:00,0.21138115001999935
2026-04-17 15:00:00+00:00,-0.15798254997999805
2026-04-17 16:00:00+00:00,3.1178571500200043
2026-04-17 17:00:00+00:00,12.83771145002
2026-04-17 18:00:00+00:00,21.76637215002
2026-04-17 19:00:00+00:00,24.92703185002
2026-04-17 20:00:00+00:00,22.120971250020002
2026-04-17 21:00:00+00:00,19.303918350020002
2026-04-17 22:00:00+00:00,17.89613442496
2026-04-17 23:00:00+00:00,16.74372822496
2026-04-18 00:00:00+00:00,15.702289424960002
2026-04-18 01:00:00+00:00,15.270851224960001
2026-04-18 02:00:00+00:00,15.175595324959998
2026-04-18 03:00:00+00:00,15.60746442496
2026-04-18 04:00:00+00:00,16.16519792496
2026-04-18 05:00:00+00:00,16.76066612496
2026-04-18 06:00:00+00:00,12.612509824960002
2026-04-18 07:00:00+00:00,4.469160224960007
2026-04-18 08:00:00+00:00,-1.4325593750400003
2026-04-18 09:00:00+00:00,-4.257095875039997
2026-04-18 10:00:00+00:00,-6.900472875039995
2026-04-18 11:00:00+00:00,-6.5785454750399985
2026-04-18 12:00:00+00:00,-5.475663075039996
2026-04-18 13:00:00+00:00,-5.081996375039996
2026-04-18 14:00:00+00:00,-6.1688509750399945
2026-04-18 15:00:00+00:00,-5.271150175039995
2026-04-18 16:00:00+00:00,-0.49145527503999986
2026-04-18 17:00:00+00:00,7.828333024960003
2026-04-18 18:00:00+00:00,15.823605324959999
2026-04-18 19:00:00+00:00,19.17556782496
2026-04-18 20:00:00+00:00,17.39220912496
2026-04-18 21:00:00+00:00,15.531113524959999
2026-04-18 22:00:00+00:00,14.309603294420002
2026-04-18 23:00:00+00:00,13.53378769442
2026-04-19 00:00:00+00:00,13.114035194420001
2026-04-19 01:00:00+00:00,13.066510694420003
2026-04-19 02:00:00+00:00,13.056339494420001
2026-04-19 03:00:00+00:00,13.565223394420002
2026-04-19 04:00:00+00:00,14.288829694419999
2026-04-19 05:00:00+00:00,14.31488819442
2026-04-19 06:00:00+00:00,8.93798429442
2026-04-19 07:00:00+00:00,0.062150894420003766
2026-04-19 08:00:00+00:00,-3.798870405579997
2026-04-19 09:00:00+00:00,-4.224588505579998
2026-04-19 10:00:00+00:00,-5.18343180558
2026-04-19 11:00:00+00:00,-5.342967105579998
2026-04-19 12:00:00+00:00,-4.7925671055799945
2026-04-19 13:00:00+00:00,-5.37031070558
2026-04-19 14:00:00+00:00,-4.808663405580003
2026-04-19 15:00:00+00:00,-4.11092770558
2026-04-19 16:00:00+00:00,-1.3123298055799992
2026-04-19 17:00:00+00:00,7.677230194419998
2026-04-19 18:00:00+00:00,16.96478449442
2026-04-19 19:00:00+00:00,21.265486594420004
2026-04-19 20:00:00+00:00,20.27947509442
2026-04-19 21:00:00+00:00,18.35626489442
2026-04-19 22:00:00+00:00,17.033468974100003
2026-04-19 23:00:00+00:00,15.8994224741
2026-04-20 00:00:00+00:00,15.196124074099998
2026-04-20 01:00:00+00:00,15.2714067741
2026-04-20 02:00:00+00:00,15.6837637741
2026-04-20 03:00:00+00:00,16.776389174099997
2026-04-20 04:00:00+00:00,20.0310532741
2026-04-20 05:00:00+00:00,23.1557988741
2026-04-20 06:00:00+00:00,19.616772774100003
2026-04-20 07:00:00+00:00,10.251943374100001
2026-04-20 08:00:00+00:00,2.3964063741000032
2026-04-20 09:00:00+00:00,-1.4596526258999951
2026-04-20 10:00:00+00:00,-2.648984025899999
2026-04-20 11:00:00+00:00,-3.275032525899995
2026-04-20 12:00:00+00:00,-3.2837383259
2026-04-20 13:00:00+00:00,-3.1004439258999987
2026-04-20 14:00:00+00:00,-1.8847955258999995
2026-04-20 15:00:00+00:00,1.3463609741000013
2026-04-20 16:00:00+00:00,7.051162674100002
2026-04-20 17:00:00+00:00,15.411164074100004
2026-04-20 18:00:00+00:00,23.3296716741
2026-04-20 19:00:00+00:00,26.1115251741
2026-04-20 20:00:00+00:00,23.2275214741
2026-04-20 21:00:00+00:00,20.0706718741
2026-04-20 22:00:00+00:00,18.54246901988
2026-04-20 23:00:00+00:00,17.48440601988
2026-04-21 00:00:00+00:00,16.75243711988
2026-04-21 01:00:00+00:00,16.41013931988
2026-04-21 02:00:00+00:00,16.28629441988
2026-04-21 03:00:00+00:00,16.75632451988
2026-04-21 04:00:00+00:00,19.100037319880002
2026-04-21 05:00:00+00:00,21.38575801988
2026-04-21 06:00:00+00:00,18.35915321988
2026-04-21 07:00:00+00:00,10.655311319880003
2026-04-21 08:00:00+00:00,3.586993319880005
2026-04-21 09:00:00+00:00,0.8594820198800015
2026-04-21 10:00:00+00:00,1.6851160198799988
2026-04-21 11:00:00+00:00,1.7027397198799967
2026-04-21 12:00:00+00:00,1.342015019879998
2026-04-21 13:00:00+00:00,1.5638685198799998
2026-04-21 14:00:00+00:00,0.7590996198800006
2026-04-21 15:00:00+00:00,1.1344605198800046
2026-04-21 16:00:00+00:00,5.3360058198800004
2026-04-21 17:00:00+00:00,11.958928319880002
2026-04-21 18:00:00+00:00,18.229880619880003
2026-04-21 19:00:00+00:00,21.39222521988
2026-04-21 20:00:00+00:00,19.628414119880002
2026-04-21 21:00:00+00:00,17.375128719880003
2026-04-21 22:00:00+00:00,15.479363017400003
2026-04-21 23:00:00+00:00,14.2333949174
2026-04-22 00:00:00+00:00,13.602060317400001
2026-04-22 01:00:00+00:00,13.590419617399998
2026-04-22 02:00:00+00:00,13.707328617399998
2026-04-22 03:00:00+00:00,14.3285277174
2026-04-22 04:00:00+00:00,17.0485375174
2026-04-22 05:00:00+00:00,19.8742195174
2026-04-22 06:00:00+00:00,17.1281914174
2026-04-22 07:00:00+00:00,9.269887617400002
2026-04-22 08:00:00+00:00,1.8980129174000027
2026-04-22 09:00:00+00:00,-2.3110055825999964
2026-04-22 10:00:00+00:00,-3.535895182600001
2026-04-22 11:00:00+00:00,-3.7172263825999963
2026-04-22 12:00:00+00:00,-3.203763682599998
2026-04-22 13:00:00+00:00,-2.135304682600001
2026-04-22 14:00:00+00:00,-1.5755776825999988
2026-04-22 15:00:00+00:00,-1.1389944826000011
2026-04-22 16:00:00+00:00,3.442272017400004
2026-04-22 17:00:00+00:00,12.5470104174
2026-04-22 18:00:00+00:00,21.447683017400003
2026-04-22 19:00:00+00:00,24.982364317400002
2026-04-22 20:00:00+00:00,22.1406632174
2026-04-22 21:00:00+00:00,19.3158357174
2026-04-22 22:00:00+00:00,17.534416581280002
2026-04-22 23:00:00+00:00,16.60871218128
2026-04-23 00:00:00+00:00,15.73728968128
2026-04-23 01:00:00+00:00,15.711580181279999
2026-04-23 02:00:00+00:00,15.859292481279999
2026-04-23 03:00:00+00:00,16.284052281279997
2026-04-23 04:00:00+00:00,18.54962128128
2026-04-23 05:00:00+00:00,20.53668348128
2026-04-23 06:00:00+00:00,17.07767958128
2026-04-23 07:00:00+00:00,8.626662681280003
2026-04-23 08:00:00+00:00,1.703819081279999
2026-04-23 09:00:00+00:00,-2.639366918719997
2026-04-23 10:00:00+00:00,-4.194962618719998
2026-04-23 11:00:00+00:00,-2.8890270187199967
2026-04-23 12:00:00+00:00,-1.39096901872
2026-04-23 13:00:00+00:00,-1.3184332187199992
2026-04-23 14:00:00+00:00,-1.5517554187199956
2026-04-23 15:00:00+00:00,-0.43676111871999623
2026-04-23 16:00:00+00:00,4.1323761812800015
2026-04-23 17:00:00+00:00,10.945019581280004
2026-04-23 18:00:00+00:00,17.420930181280003
2026-04-23 19:00:00+00:00,19.987283281280003
2026-04-23 20:00:00+00:00,17.372668781280005
2026-04-23 21:00:00+00:00,15.270533281280002
2026-04-23 22:00:00+00:00,14.710022523200001
2026-04-23 23:00:00+00:00,14.1284659232
2026-04-24 00:00:00+00:00,14.214697523199998
2026-04-24 01:00:00+00:00,14.3600583232
2026-04-24 02:00:00+00:00,14.5877580232
2026-04-24 03:00:00+00:00,15.599887223199998
2026-04-24 04:00:00+00:00,18.7221590232
2026-04-24 05:00:00+00:00,21.4420312232
2026-04-24 06:00:00+00:00,20.3595286232
2026-04-24 07:00:00+00:00,15.5283914232
2026-04-24 08:00:00+00:00,10.4585898232
2026-04-24 09:00:00+00:00,6.735347923199999
2026-04-24 10:00:00+00:00,4.8105159232000005
2026-04-24 11:00:00+00:00,4.080807623199998
2026-04-24 12:00:00+00:00,3.288102023199997
2026-04-24 13:00:00+00:00,3.399887123199999
2026-04-24 14:00:00+00:00,4.376206023200002
2026-04-24 15:00:00+00:00,6.960534323200001
2026-04-24 16:00:00+00:00,11.3793822232
2026-04-24 17:00:00+00:00,17.5612267232
2026-04-24 18:00:00+00:00,22.9480106232
2026-04-24 19:00:00+00:00,25.6974995232
2026-04-24 20:00:00+00:00,23.1905131232
2026-04-24 21:00:00+00:00,21.1418498232
2026-04-24 22:00:00+00:00,19.7660160584
2026-04-24 23:00:00+00:00,18.7267342584
2026-04-25 00:00:00+00:00,17.4105428584
2026-04-25 01:00:00+00:00,16.835950358399998
2026-04-25 02:00:00+00:00,16.7142752584
2026-04-25 03:00:00+00:00,16.768123558400003
2026-04-25 04:00:00+00:00,17.3578026584
2026-04-25 05:00:00+00:00,16.9150891584
2026-04-25 06:00:00+00:00,13.966686258400001
2026-04-25 07:00:00+00:00,8.594169158400003
2026-04-25 08:00:00+00:00,3.1702374584000026
2026-04-25 09:00:00+00:00,-0.6828513415999957
2026-04-25 10:00:00+00:00,-3.1421804416000008
2026-04-25 11:00:00+00:00,-3.955766741599998
2026-04-25 12:00:00+00:00,-3.8375469415999994
2026-04-25 13:00:00+00:00,-4.619633141599994
2026-04-25 14:00:00+00:00,-4.427813141599998
2026-04-25 15:00:00+00:00,-1.8075421416000026
2026-04-25 16:00:00+00:00,3.0363508583999987
2026-04-25 17:00:00+00:00,9.602462558400003
2026-04-25 18:00:00+00:00,15.698540458400004
2026-04-25 19:00:00+00:00,19.0058366584
2026-04-25 20:00:00+00:00,17.3718582584
2026-04-25 21:00:00+00:00,15.6711383584
2026-04-25 22:00:00+00:00,14.99592786832
2026-04-25 23:00:00+00:00,14.145305668319999
2026-04-26 00:00:00+00:00,13.37018876832
2026-04-26 01:00:00+00:00,13.001545068320002
2026-04-26 02:00:00+00:00,12.937638468320001
2026-04-26 03:00:00+00:00,13.242863768320001
2026-04-26 04:00:00+00:00,13.824810268319998
2026-04-26 05:00:00+00:00,13.054534568319998
2026-04-26 06:00:00+00:00,7.4255227683200005
2026-04-26 07:00:00+00:00,-0.5383357316800002
2026-04-26 08:00:00+00:00,-5.915200031680001
2026-04-26 09:00:00+00:00,-8.739728131679996
2026-04-26 10:00:00+00:00,-10.627706731680004
2026-04-26 11:00:00+00:00,-10.979628431679998
2026-04-26 12:00:00+00:00,-10.771553531679999
2026-04-26 13:00:00+00:00,-11.174249631680002
2026-04-26 14:00:00+00:00,-10.420226931680002
2026-04-26 15:00:00+00:00,-7.361530631680001
2026-04-26 16:00:00+00:00,-2.146607931680002
2026-04-26 17:00:00+00:00,6.11072436832
2026-04-26 18:00:00+00:00,14.53828476832
2026-04-26 19:00:00+00:00,18.71470366832
2026-04-26 20:00:00+00:00,17.30583616832
2026-04-26 21:00:00+00:00,15.567650568320001
2026-04-26 22:00:00+00:00,14.59121992592
2026-04-26 23:00:00+00:00,13.772852025919999
2026-04-27 00:00:00+00:00,13.19927912592
2026-04-27 01:00:00+00:00,13.08131332592
2026-04-27 02:00:00+00:00,13.347847225919999
2026-04-27 03:00:00+00:00,14.244703425920001
2026-04-27 04:00:00+00:00,17.07639382592
2026-04-27 05:00:00+00:00,19.22717352592
2026-04-27 06:00:00+00:00,14.136413925920003
2026-04-27 07:00:00+00:00,4.908243425920006
2026-04-27 08:00:00+00:00,-1.4854621740799985
2026-04-27 09:00:00+00:00,-4.139563574079997
2026-04-27 10:00:00+00:00,-2.8280472740799993
2026-04-27 11:00:00+00:00,-0.9601999740799982
2026-04-27 12:00:00+00:00,-1.5961036740799983
2026-04-27 13:00:00+00:00,-3.476243674079999
2026-04-27 14:00:00+00:00,-5.510327874079998
2026-04-27 15:00:00+00:00,-3.738818874079996
2026-04-27 16:00:00+00:00,1.5318080259200038
2026-04-27 17:00:00+00:00,9.312522725920001
2026-04-27 18:00:00+00:00,17.09957042592
2026-04-27 19:00:00+00:00,20.55951992592
2026-04-27 20:00:00+00:00,17.86883142592
2026-04-27 21:00:00+00:00,15.25370642592
2026-04-27 22:00:00+00:00,14.226754467180003
2026-04-27 23:00:00+00:00,13.595017167180002
2026-04-28 00:00:00+00:00,13.14957886718
2026-04-28 01:00:00+00:00,13.168348467180003
2026-04-28 02:00:00+00:00,13.594858767180002
2026-04-28 03:00:00+00:00,14.46108186718
2026-04-28 04:00:00+00:00,17.17110006718
2026-04-28 05:00:00+00:00,19.42967806718
2026-04-28 06:00:00+00:00,16.408338267180007
2026-04-28 07:00:00+00:00,9.512560767180002
2026-04-28 08:00:00+00:00,3.807081267179999
2026-04-28 09:00:00+00:00,1.01054256718
2026-04-28 10:00:00+00:00,0.033896567180001114
2026-04-28 11:00:00+00:00,0.8475091671800001
2026-04-28 12:00:00+00:00,0.23492056718000143
2026-04-28 13:00:00+00:00,-1.4754709328200022
2026-04-28 14:00:00+00:00,-0.5004767328199975
2026-04-28 15:00:00+00:00,2.3367823671799997
2026-04-28 16:00:00+00:00,6.7619787671800005
2026-04-28 17:00:00+00:00,13.281846467180005
2026-04-28 18:00:00+00:00,19.409208667180003
2026-04-28 19:00:00+00:00,22.03687616718
2026-04-28 20:00:00+00:00,19.176291867179998
2026-04-28 21:00:00+00:00,16.783648267180002
2026-04-28 22:00:00+00:00,15.04586808894
2026-04-28 23:00:00+00:00,14.429776588939998
2026-04-29 00:00:00+00:00,13.966466188939998
2026-04-29 01:00:00+00:00,14.14573778894
2026-04-29 02:00:00+00:00,14.54271938894
2026-04-29 03:00:00+00:00,15.325025388939999
2026-04-29 04:00:00+00:00,17.73020468894
2026-04-29 05:00:00+00:00,19.75833388894
2026-04-29 06:00:00+00:00,18.98415648894
2026-04-29 07:00:00+00:00,15.032181188940001
2026-04-29 08:00:00+00:00,10.187079788940004
2026-04-29 09:00:00+00:00,6.1011830889400045
2026-04-29 10:00:00+00:00,3.494075888939996
2026-04-29 11:00:00+00:00,1.7399655889400023
2026-04-29 12:00:00+00:00,0.21201848894000364
2026-04-29 13:00:00+00:00,-0.6402492110599987
2026-04-29 14:00:00+00:00,-0.17950431105999698
2026-04-29 15:00:00+00:00,2.1696101889400055
2026-04-29 16:00:00+00:00,6.483518088940002
2026-04-29 17:00:00+00:00,13.240986288940002
2026-04-29 18:00:00+00:00,20.286399888940004
2026-04-29 19:00:00+00:00,23.83555758894
2026-04-29 20:00:00+00:00,21.361617388939997
2026-04-29 21:00:00+00:00,18.91012918894
2026-04-29 22:00:00+00:00,15.962537943600001
2026-04-29 23:00:00+00:00,14.773866943600002
2026-04-30 00:00:00+00:00,14.279351643599998
2026-04-30 01:00:00+00:00,14.7291705436
2026-04-30 02:00:00+00:00,15.249644243600002
2026-04-30 03:00:00+00:00,16.0212960436
2026-04-30 04:00:00+00:00,18.909513443599998
2026-04-30 05:00:00+00:00,21.0917889436
2026-04-30 06:00:00+00:00,17.4060530436
2026-04-30 07:00:00+00:00,9.480406543600001
2026-04-30 08:00:00+00:00,2.568999143600003
2026-04-30 09:00:00+00:00,-1.2771076563999983
2026-04-30 10:00:00+00:00,-3.046345456400001
2026-04-30 11:00:00+00:00,-3.4912948563999997
2026-04-30 12:00:00+00:00,-3.310095456399999
2026-04-30 13:00:00+00:00,-3.3479921563999966
2026-04-30 14:00:00+00:00,-2.5959766563999978
2026-04-30 15:00:00+00:00,-0.0731721563999983
2026-04-30 16:00:00+00:00,4.798456943599998
2026-04-30 17:00:00+00:00,13.3288723436
2026-04-30 18:00:00+00:00,21.847007243600004
2026-04-30 19:00:00+00:00,25.8353455436
2026-04-30 20:00:00+00:00,23.632682843599998
2026-04-30 21:00:00+00:00,20.8551168436
2026-04-30 22:00:00+00:00,18.811785435399997
2026-04-30 23:00:00+00:00,17.575409835400002
2026-05-01 00:00:00+00:00,16.5564293354
2026-05-01 01:00:00+00:00,16.1506222354
2026-05-01 02:00:00+00:00,15.985345335400002
2026-05-01 03:00:00+00:00,16.0209896354
2026-05-01 04:00:00+00:00,16.4699996354
2026-05-01 05:00:00+00:00,15.383968935399999
2026-05-01 06:00:00+00:00,10.3672949354
2026-05-01 07:00:00+00:00,3.119907435400002
2026-05-01 08:00:00+00:00,-1.6677966645999973
2026-05-01 09:00:00+00:00,-4.149574864599998
2026-05-01 10:00:00+00:00,-5.767094864599997
2026-05-01 11:00:00+00:00,-6.691020864599999
2026-05-01 12:00:00+00:00,-7.256623864600002
2026-05-01 13:00:00+00:00,-8.219900364599997
2026-05-01 14:00:00+00:00,-8.3668940646
2026-05-01 15:00:00+00:00,-6.960129864599999
2026-05-01 16:00:00+00:00,-2.886688764599999
2026-05-01 17:00:00+00:00,5.113412835399998
2026-05-01 18:00:00+00:00,13.7918494354
2026-05-01 19:00:00+00:00,18.4535152354
2026-05-01 20:00:00+00:00,17.502895035399998
2026-05-01 21:00:00+00:00,15.5554758354
2026-05-01 22:00:00+00:00,14.638405889180003
2026-05-01 23:00:00+00:00,13.232163789180003
2026-05-02 00:00:00+00:00,12.08821048918
2026-05-02 01:00:00+00:00,11.776642189180002
2026-05-02 02:00:00+00:00,11.52643768918
2026-05-02 03:00:00+00:00,11.917499089180001
2026-05-02 04:00:00+00:00,12.66098008918
2026-05-02 05:00:00+00:00,12.59156858918
2026-05-02 06:00:00+00:00,11.67140228918
2026-05-02 07:00:00+00:00,9.546043389180001
2026-05-02 08:00:00+00:00,6.154851089180003
2026-05-02 09:00:00+00:00,2.7225369891799964
2026-05-02 10:00:00+00:00,0.5419064891800005
2026-05-02 11:00:00+00:00,-0.3713169108199956
2026-05-02 12:00:00+00:00,-1.8126849108199998
2026-05-02 13:00:00+00:00,-3.2939442108199977
2026-05-02 14:00:00+00:00,-3.816581510819997
2026-05-02 15:00:00+00:00,-3.0430345108199965
2026-05-02 16:00:00+00:00,0.5679450891800037
2026-05-02 17:00:00+00:00,6.936041289179997
2026-05-02 18:00:00+00:00,13.874280689179999
2026-05-02 19:00:00+00:00,18.40139258918
2026-05-02 20:00:00+00:00,17.79641358918
2026-05-02 21:00:00+00:00,16.723202389180003
2026-05-02 22:00:00+00:00,15.933773691119999
2026-05-02 23:00:00+00:00,14.765967891119999
2026-05-03 00:00:00+00:00,13.89308479112
2026-05-03 01:00:00+00:00,13.71992689112
2026-05-03 02:00:00+00:00,13.586655191119998
2026-05-03 03:00:00+00:00,14.02530099112
2026-05-03 04:00:00+00:00,14.641462691120001
2026-05-03 05:00:00+00:00,13.83071699112
2026-05-03 06:00:00+00:00,11.17219679112
2026-05-03 07:00:00+00:00,6.642349491120001
2026-05-03 08:00:00+00:00,2.2143926911200005
2026-05-03 09:00:00+00:00,-0.6031234088799984
2026-05-03 10:00:00+00:00,-2.5612337088799997
2026-05-03 11:00:00+00:00,-3.05719310888
2026-05-03 12:00:00+00:00,-3.5446383088799998
2026-05-03 13:00:00+00:00,-4.695259608880001
2026-05-03 14:00:00+00:00,-4.8599282088799995
2026-05-03 15:00:00+00:00,-3.4437908088799993
2026-05-03 16:00:00+00:00,1.149118891119997
2026-05-03 17:00:00+00:00,8.163776591120001
2026-05-03 18:00:00+00:00,15.91242219112
2026-05-03 19:00:00+00:00,21.05703219112
2026-05-03 20:00:00+00:00,20.657402991119998
2026-05-03 21:00:00+00:00,19.20458459112
2026-05-03 22:00:00+00:00,17.50483409792
2026-05-03 23:00:00+00:00,16.45030289792
2026-05-04 00:00:00+00:00,15.80290719792
2026-05-04 01:00:00+00:00,15.748445797919999
2026-05-04 02:00:00+00:00,15.774525397919998
2026-05-04 03:00:00+00:00,16.729538397920003
2026-05-04 04:00:00+00:00,19.66749639792
2026-05-04 05:00:00+00:00,21.66518589792
2026-05-04 06:00:00+00:00,17.35009099792
2026-05-04 07:00:00+00:00,9.57302309792
2026-05-04 08:00:00+00:00,3.7234971979200004
2026-05-04 09:00:00+00:00,0.4141774979200008
2026-05-04 10:00:00+00:00,-1.2832247020800018
2026-05-04 11:00:00+00:00,-1.9302535020799994
2026-05-04 12:00:00+00:00,-3.17943120208
2026-05-04 13:00:00+00:00,-3.7653327020799985
2026-05-04 14:00:00+00:00,-3.828253802079999
2026-05-04 15:00:00+00:00,-2.7971872020799964
2026-05-04 16:00:00+00:00,1.2296073979200024
2026-05-04 17:00:00+00:00,8.51673649792
2026-05-04 18:00:00+00:00,17.92822749792
2026-05-04 19:00:00+00:00,23.13625139792
2026-05-04 20:00:00+00:00,21.15776009792
2026-05-04 21:00:00+00:00,18.561809097919998
2026-05-04 22:00:00+00:00,16.886486275979998
2026-05-04 23:00:00+00:00,15.85837347598
2026-05-05 00:00:00+00:00,15.23067147598
2026-05-05 01:00:00+00:00,15.162624275979999
2026-05-05 02:00:00+00:00,15.265347275979998
2026-05-05 03:00:00+00:00,15.92676757598
2026-05-05 04:00:00+00:00,18.49579157598
2026-05-05 05:00:00+00:00,19.87469687598
2026-05-05 06:00:00+00:00,14.11001037598
2026-05-05 07:00:00+00:00,5.363711075979996
2026-05-05 08:00:00+00:00,-0.3703527240199982
2026-05-05 09:00:00+00:00,-3.1846361240199954
2026-05-05 10:00:00+00:00,-4.089541124019998
2026-05-05 11:00:00+00:00,-4.431844624019998
2026-05-05 12:00:00+00:00,-5.194865724019998
2026-05-05 13:00:00+00:00,-5.213059324019994
2026-05-05 14:00:00+00:00,-4.43565832402
2026-05-05 15:00:00+00:00,-2.708333424019994
2026-05-05 16:00:00+00:00,1.0593341759799983
2026-05-05 17:00:00+00:00,8.423135075980003
2026-05-05 18:00:00+00:00,17.74646707598
2026-05-05 19:00:00+00:00,22.85244817598
2026-05-05 20:00:00+00:00,20.87719467598
2026-05-05 21:00:00+00:00,18.22834407598
2026-05-05 22:00:00+00:00,18.300594599039997
2026-05-05 23:00:00+00:00,17.174272199039997
2026-05-06 00:00:00+00:00,16.52194689904
2026-05-06 01:00:00+00:00,16.55009939904
2026-05-06 02:00:00+00:00,16.57810409904
2026-05-06 03:00:00+00:00,17.444440399039998
2026-05-06 04:00:00+00:00,20.16042719904
2026-05-06 05:00:00+00:00,21.84395489904
2026-05-06 06:00:00+00:00,16.01175799904
2026-05-06 07:00:00+00:00,6.749282999040002
2026-05-06 08:00:00+00:00,0.7605999990400001
2026-05-06 09:00:00+00:00,-1.8664665009599943
2026-05-06 10:00:00+00:00,-2.8715206009600003
2026-05-06 11:00:00+00:00,-1.9706700009599984
2026-05-06 12:00:00+00:00,-1.8454918009599979
2026-05-06 13:00:00+00:00,-1.4211852009599966
2026-05-06 14:00:00+00:00,-1.0032524009599975
2026-05-06 15:00:00+00:00,0.5949231990400037
2026-05-06 16:00:00+00:00,5.396593199039998
2026-05-06 17:00:00+00:00,12.649580099040001
2026-05-06 18:00:00+00:00,20.877755199040003
2026-05-06 19:00:00+00:00,24.880367799040002
2026-05-06 20:00:00+00:00,22.11275879904
2026-05-06 21:00:00+00:00,19.183509299039997
2026-05-06 22:00:00+00:00,16.52586611412
2026-05-06 23:00:00+00:00,15.438365414119998
2026-05-07 00:00:00+00:00,14.92700711412
2026-05-07 01:00:00+00:00,14.889747114119999
2026-05-07 02:00:00+00:00,15.02206911412
2026-05-07 03:00:00+00:00,15.857081514119999
2026-05-07 04:00:00+00:00,18.57810641412
2026-05-07 05:00:00+00:00,20.40880871412
2026-05-07 06:00:00+00:00,16.64747161412
2026-05-07 07:00:00+00:00,9.715956814119998
2026-05-07 08:00:00+00:00,4.313614914120002
2026-05-07 09:00:00+00:00,1.660278114119997
2026-05-07 10:00:00+00:00,0.13325341412000213
2026-05-07 11:00:00+00:00,-0.14254248587999996
2026-05-07 12:00:00+00:00,-0.6307936858800005
2026-05-07 13:00:00+00:00,-0.5998671858799973
2026-05-07 14:00:00+00:00,-0.4787948858799993
2026-05-07 15:00:00+00:00,1.3970112141200026
2026-05-07 16:00:00+00:00,5.8741580141200025
2026-05-07 17:00:00+00:00,13.31171591412
2026-05-07 18:00:00+00:00,21.544450714119996
2026-05-07 19:00:00+00:00,25.210368214120003
2026-05-07 20:00:00+00:00,22.657053014120002
2026-05-07 21:00:00+00:00,19.42701251412
2026-05-07 22:00:00+00:00,17.7462377564
2026-05-07 23:00:00+00:00,16.4496186564
2026-05-08 00:00:00+00:00,15.371852056399998
2026-05-08 01:00:00+00:00,15.120239656400003
2026-05-08 02:00:00+00:00,15.335893456400001
2026-05-08 03:00:00+00:00,16.3337401564
2026-05-08 04:00:00+00:00,18.848151956400002
2026-05-08 05:00:00+00:00,20.6332911564
2026-05-08 06:00:00+00:00,18.5320949564
2026-05-08 07:00:00+00:00,12.7006129564
2026-05-08 08:00:00+00:00,7.341619056400003
2026-05-08 09:00:00+00:00,2.9279907564000034
2026-05-08 10:00:00+00:00,0.07134095640000027
2026-05-08 11:00:00+00:00,-1.6066483435999963
2026-05-08 12:00:00+00:00,-2.3756521436
2026-05-08 13:00:00+00:00,-3.133107343599999
2026-05-08 14:00:00+00:00,-3.4015305435999963
2026-05-08 15:00:00+00:00,-1.2874268435999987
2026-05-08 16:00:00+00:00,3.1420545564000015
2026-05-08 17:00:00+00:00,10.495952856400002
2026-05-08 18:00:00+00:00,18.4023220564
2026-05-08 19:00:00+00:00,22.0085653564
2026-05-08 20:00:00+00:00,20.1589243564
2026-05-08 21:00:00+00:00,17.346924956400002
2026-05-08 22:00:00+00:00,15.299767529920002
2026-05-08 23:00:00+00:00,13.79861702992
2026-05-09 00:00:00+00:00,12.222774129920001
2026-05-09 01:00:00+00:00,11.40092502992
2026-05-09 02:00:00+00:00,10.933722029920002
2026-05-09 03:00:00+00:00,11.00490472992
2026-05-09 04:00:00+00:00,11.77916422992
2026-05-09 05:00:00+00:00,11.37934512992
2026-05-09 06:00:00+00:00,10.926297129920002
2026-05-09 07:00:00+00:00,9.441493329920004
2026-05-09 08:00:00+00:00,6.665412829920001
2026-05-09 09:00:00+00:00,3.7084509299200015
2026-05-09 10:00:00+00:00,1.3081708299200017
2026-05-09 11:00:00+00:00,-0.378884070079998
2026-05-09 12:00:00+00:00,-1.3581614700800024
2026-05-09 13:00:00+00:00,-1.120007870079995
2026-05-09 14:00:00+00:00,-2.1859340700799983
2026-05-09 15:00:00+00:00,-3.3013220700800012
2026-05-09 16:00:00+00:00,-0.9847321700800009
2026-05-09 17:00:00+00:00,5.512382329920001
2026-05-09 18:00:00+00:00,12.99235242992
2026-05-09 19:00:00+00:00,17.39024812992
2026-05-09 20:00:00+00:00,16.09756862992
2026-05-09 21:00:00+00:00,13.86932842992
2026-05-09 22:00:00+00:00,11.23158169098
2026-05-09 23:00:00+00:00,9.56293659098
2026-05-10 00:00:00+00:00,8.101220090979998
2026-05-10 01:00:00+00:00,7.705662890980001
2026-05-10 02:00:00+00:00,7.845771190979997
2026-05-10 03:00:00+00:00,8.508867390979999
2026-05-10 04:00:00+00:00,9.317710690979998
2026-05-10 05:00:00+00:00,8.344341990979999
2026-05-10 06:00:00+00:00,4.5478129909800025
2026-05-10 07:00:00+00:00,1.4702321909800027
2026-05-10 08:00:00+00:00,-0.7267665090199991
2026-05-10 09:00:00+00:00,-2.644234609019996
2026-05-10 10:00:00+00:00,-3.882107409019998
2026-05-10 11:00:00+00:00,-4.777665109019992
2026-05-10 12:00:00+00:00,-5.180717609019993
2026-05-10 13:00:00+00:00,-6.475023609020003
2026-05-10 14:00:00+00:00,-6.978419109019995
2026-05-10 15:00:00+00:00,-5.688106209019995
2026-05-10 16:00:00+00:00,-3.9681721090199993
2026-05-10 17:00:00+00:00,1.6657658909800013
2026-05-10 18:00:00+00:00,11.236014090980001
2026-05-10 19:00:00+00:00,17.33320619098
2026-05-10 20:00:00+00:00,17.16061519098
2026-05-10 21:00:00+00:00,15.526949590980003
2026-05-10 22:00:00+00:00,13.47951335228
2026-05-10 23:00:00+00:00,11.918225152280002
2026-05-11 00:00:00+00:00,10.628287352280001
2026-05-11 01:00:00+00:00,10.39888625228
2026-05-11 02:00:00+00:00,10.676124552279997
2026-05-11 03:00:00+00:00,11.901656552280002
2026-05-11 04:00:00+00:00,15.21995685228
2026-05-11 05:00:00+00:00,17.410382552279998
2026-05-11 06:00:00+00:00,12.696100252279999
2026-05-11 07:00:00+00:00,4.910555652280003
2026-05-11 08:00:00+00:00,-0.14041754771999848
2026-05-11 09:00:00+00:00,-1.948241847719995
2026-05-11 10:00:00+00:00,-2.239562447719994
2026-05-11 11:00:00+00:00,-2.060623347719993
2026-05-11 12:00:00+00:00,-2.1984661477200014
2026-05-11 13:00:00+00:00,-2.581077547719996
2026-05-11 14:00:00+00:00,-2.8150250477199954
2026-05-11 15:00:00+00:00,-1.2986399477200017
2026-05-11 16:00:00+00:00,3.14933765228
2026-05-11 17:00:00+00:00,10.932152352280003
2026-05-11 18:00:00+00:00,20.044989752280003
2026-05-11 19:00:00+00:00,24.951560952279998
2026-05-11 20:00:00+00:00,23.262520752280004
2026-05-11 21:00:00+00:00,20.706746552280002
2026-05-11 22:00:00+00:00,19.690220663559998
2026-05-11 23:00:00+00:00,18.480975663560002
2026-05-12 00:00:00+00:00,17.42125726356
2026-05-12 01:00:00+00:00,17.17462446356
2026-05-12 02:00:00+00:00,17.23769856356
2026-05-12 03:00:00+00:00,18.08128716356
2026-05-12 04:00:00+00:00,20.69218696356
2026-05-12 05:00:00+00:00,22.338990763560002
2026-05-12 06:00:00+00:00,17.56596746356
2026-05-12 07:00:00+00:00,9.764857863560003
2026-05-12 08:00:00+00:00,4.047852763560002
2026-05-12 09:00:00+00:00,1.1566899635600016
2026-05-12 10:00:00+00:00,-0.15837563643999886
2026-05-12 11:00:00+00:00,-1.1146955364400029
2026-05-12 12:00:00+00:00,-2.0980475364399958
2026-05-12 13:00:00+00:00,-2.7069493364399975
2026-05-12 14:00:00+00:00,-3.114131136440001
2026-05-12 15:00:00+00:00,-1.933160136439998
2026-05-12 16:00:00+00:00,0.9560069635600001
2026-05-12 17:00:00+00:00,7.2006977635600045
2026-05-12 18:00:00+00:00,15.38211386356
2026-05-12 19:00:00+00:00,19.923243963560004
2026-05-12 20:00:00+00:00,18.104306763560004
2026-05-12 21:00:00+00:00,15.548736763560001
2026-05-12 22:00:00+00:00,13.100650809340003
2026-05-12 23:00:00+00:00,12.087620109340001
2026-05-13 00:00:00+00:00,11.334723609340003
2026-05-13 01:00:00+00:00,11.287166009340002
2026-05-13 02:00:00+00:00,11.455958509340002
2026-05-13 03:00:00+00:00,12.330610009340003
2026-05-13 04:00:00+00:00,14.96189940934
2026-05-13 05:00:00+00:00,16.63377680934
2026-05-13 06:00:00+00:00,11.455279809339999
2026-05-13 07:00:00+00:00,2.921177209339998
2026-05-13 08:00:00+00:00,-2.3297351906599992
2026-05-13 09:00:00+00:00,-4.077646490659998
2026-05-13 10:00:00+00:00,-4.085536390659996
2026-05-13 11:00:00+00:00,-3.8199430906600007
2026-05-13 12:00:00+00:00,-3.8355387906599994
2026-05-13 13:00:00+00:00,-4.153837690660001
2026-05-13 14:00:00+00:00,-4.252577990659997
2026-05-13 15:00:00+00:00,-3.3009422906599966
2026-05-13 16:00:00+00:00,0.27681960934000216
2026-05-13 17:00:00+00:00,7.52214950934
2026-05-13 18:00:00+00:00,16.233397609340003
2026-05-13 19:00:00+00:00,21.14930790934
2026-05-13 20:00:00+00:00,19.70152830934
2026-05-13 21:00:00+00:00,17.384562209340004
2026-05-13 22:00:00+00:00,15.716449281420001
2026-05-13 23:00:00+00:00,14.475808681420002
2026-05-14 00:00:00+00:00,13.73810958142
2026-05-14 01:00:00+00:00,13.616246681419998
2026-05-14 02:00:00+00:00,13.878276581420002
2026-05-14 03:00:00+00:00,14.73903698142
2026-05-14 04:00:00+00:00,17.162783881419998
2026-05-14 05:00:00+00:00,18.025662681420002
2026-05-14 06:00:00+00:00,12.250255881420003
2026-05-14 07:00:00+00:00,3.806016581419996
2026-05-14 08:00:00+00:00,-0.20309101857999678
2026-05-14 09:00:00+00:00,-0.06089191857999765
2026-05-14 10:00:00+00:00,-0.5805557185800012
2026-05-14 11:00:00+00:00,-1.0156035185799936
2026-05-14 12:00:00+00:00,-1.2475538185799913
2026-05-14 13:00:00+00:00,-1.4514154185799946
2026-05-14 14:00:00+00:00,-1.6452214185800003
2026-05-14 15:00:00+00:00,-0.860367818579995
2026-05-14 16:00:00+00:00,-0.6058288185799938
2026-05-14 17:00:00+00:00,3.493874981420003
2026-05-14 18:00:00+00:00,13.019073881420002
2026-05-14 19:00:00+00:00,18.151368081420003
2026-05-14 20:00:00+00:00,16.722777981420002
2026-05-14 21:00:00+00:00,14.779090181420003
2026-05-14 22:00:00+00:00,12.073096342420001
2026-05-14 23:00:00+00:00,10.833344842419999
2026-05-15 00:00:00+00:00,9.702220942419999
2026-05-15 01:00:00+00:00,8.989214742419998
2026-05-15 02:00:00+00:00,8.525281142419999
2026-05-15 03:00:00+00:00,8.787679942420002
2026-05-15 04:00:00+00:00,11.178233642420002
2026-05-15 05:00:00+00:00,12.33023704242
2026-05-15 06:00:00+00:00,7.35968194242
2026-05-15 07:00:00+00:00,0.7005618424200009
2026-05-15 08:00:00+00:00,-3.2340629575799973
2026-05-15 09:00:00+00:00,-5.32744015758
2026-05-15 10:00:00+00:00,-5.778537957579999
2026-05-15 11:00:00+00:00,-4.447736857579997
2026-05-15 12:00:00+00:00,-3.5103277575800007
2026-05-15 13:00:00+00:00,-3.3726259575799986
2026-05-15 14:00:00+00:00,-3.408433557579997
2026-05-15 15:00:00+00:00,-3.690759457579997
2026-05-15 16:00:00+00:00,-2.4593908575800008
2026-05-15 17:00:00+00:00,3.002153242420004
2026-05-15 18:00:00+00:00,11.176863042419999
2026-05-15 19:00:00+00:00,16.53780384242
2026-05-15 20:00:00+00:00,16.01844894242
2026-05-15 21:00:00+00:00,14.48478744242
2026-05-15 22:00:00+00:00,13.324384321660002
2026-05-15 23:00:00+00:00,12.71426892166
2026-05-16 00:00:00+00:00,12.072765021660002
2026-05-16 01:00:00+00:00,11.928463521660001
2026-05-16 02:00:00+00:00,12.17370612166
2026-05-16 03:00:00+00:00,12.768900021660002
2026-05-16 04:00:00+00:00,13.67500702166
2026-05-16 05:00:00+00:00,12.060158121660002
2026-05-16 06:00:00+00:00,4.64449722166
2026-05-16 07:00:00+00:00,-2.606111578340002
2026-05-16 08:00:00+00:00,-6.512403878339995
2026-05-16 09:00:00+00:00,-8.124989378339997
2026-05-16 10:00:00+00:00,-8.495523178339997
2026-05-16 11:00:00+00:00,-7.2198301783400005
2026-05-16 12:00:00+00:00,-5.7241102783399995
2026-05-16 13:00:00+00:00,-6.294938278340002
2026-05-16 14:00:00+00:00,-6.708733078340003
2026-05-16 15:00:00+00:00,-6.71214927834
2026-05-16 16:00:00+00:00,-3.6498141783399944
2026-05-16 17:00:00+00:00,4.20287572166
2026-05-16 18:00:00+00:00,13.66149332166
2026-05-16 19:00:00+00:00,19.59135232166
2026-05-16 20:00:00+00:00,19.48764822166
2026-05-16 21:00:00+00:00,18.132319821659998
2026-05-16 22:00:00+00:00,16.64015160564
2026-05-16 23:00:00+00:00,15.370927805640001
2026-05-17 00:00:00+00:00,14.25230800564
2026-05-17 01:00:00+00:00,13.731566905640001
2026-05-17 02:00:00+00:00,13.41055810564
2026-05-17 03:00:00+00:00,13.55669860564
2026-05-17 04:00:00+00:00,14.29479640564
2026-05-17 05:00:00+00:00,12.12882930564
2026-05-17 06:00:00+00:00,6.272330705639998
2026-05-17 07:00:00+00:00,0.32145820563999905
2026-05-17 08:00:00+00:00,-1.4971294943599993
2026-05-17 09:00:00+00:00,-1.2578711943599998
2026-05-17 10:00:00+00:00,-2.3246973943599976
2026-05-17 11:00:00+00:00,-2.0241194943600007
2026-05-17 12:00:00+00:00,-1.763367394360003
2026-05-17 13:00:00+00:00,-2.4564580943599985
2026-05-17 14:00:00+00:00,-2.65061059436
2026-05-17 15:00:00+00:00,-3.296239994359997
2026-05-17 16:00:00+00:00,-1.3183605943599979
2026-05-17 17:00:00+00:00,5.574457505640005
2026-05-17 18:00:00+00:00,13.62513770564
2026-05-17 19:00:00+00:00,18.830707205640003
2026-05-17 20:00:00+00:00,18.23171420564
2026-05-17 21:00:00+00:00,16.521201905639998
2026-05-17 22:00:00+00:00,15.78853226744
2026-05-17 23:00:00+00:00,14.91000676744
2026-05-18 00:00:00+00:00,14.695081167439998
2026-05-18 01:00:00+00:00,14.86875156744
2026-05-18 02:00:00+00:00,15.074570067440002
2026-05-18 03:00:00+00:00,16.12974036744
2026-05-18 04:00:00+00:00,19.03876506744
2026-05-18 05:00:00+00:00,19.42494216744
2026-05-18 06:00:00+00:00,13.66659816744
2026-05-18 07:00:00+00:00,5.460453467440008
2026-05-18 08:00:00+00:00,0.24588726744000056
2026-05-18 09:00:00+00:00,-2.0076947325599974
2026-05-18 10:00:00+00:00,-3.035755632560001
2026-05-18 11:00:00+00:00,-3.171684832559997
2026-05-18 12:00:00+00:00,-4.035287332559999
2026-05-18 13:00:00+00:00,-4.017259932559998
2026-05-18 14:00:00+00:00,-3.947257132559997
2026-05-18 15:00:00+00:00,-2.775347032559999
2026-05-18 16:00:00+00:00,1.2118532674400022
2026-05-18 17:00:00+00:00,8.757152067440003
2026-05-18 18:00:00+00:00,17.38469256744
2026-05-18 19:00:00+00:00,21.839350767440003
2026-05-18 20:00:00+00:00,20.128722667439998
2026-05-18 21:00:00+00:00,17.38868096744
2026-05-18 22:00:00+00:00,15.319925547819999
2026-05-18 23:00:00+00:00,14.208055247819999
2026-05-19 00:00:00+00:00,13.31193754782
2026-05-19 01:00:00+00:00,12.72901304782
2026-05-19 02:00:00+00:00,12.395372447820002
2026-05-19 03:00:00+00:00,12.975461447820003
2026-05-19 04:00:00+00:00,15.429345847819999
2026-05-19 05:00:00+00:00,15.875309247819999
2026-05-19 06:00:00+00:00,9.822196547819999
2026-05-19 07:00:00+00:00,1.8197690478199995
2026-05-19 08:00:00+00:00,-3.3071109521800004
2026-05-19 09:00:00+00:00,-5.379905852180002
2026-05-19 10:00:00+00:00,-6.176999652180005
2026-05-19 11:00:00+00:00,-5.480223952179994
2026-05-19 12:00:00+00:00,-5.419725052180002
2026-05-19 13:00:00+00:00,-5.347038652179997
2026-05-19 14:00:00+00:00,-4.994453552179998
2026-05-19 15:00:00+00:00,-4.054738352180003
2026-05-19 16:00:00+00:00,-0.2946546521800002
2026-05-19 17:00:00+00:00,7.545852647820002
2026-05-19 18:00:00+00:00,17.573753347820002
2026-05-19 19:00:00+00:00,23.552598047820002
2026-05-19 20:00:00+00:00,22.52231374782
2026-05-19 21:00:00+00:00,20.30291364782
2026-05-19 22:00:00+00:00,18.31876712722
2026-05-19 23:00:00+00:00,17.376742427219998
2026-05-20 00:00:00+00:00,16.803165727219998
2026-05-20 01:00:00+00:00,16.76506732722
2026-05-20 02:00:00+00:00,16.838548327220003
2026-05-20 03:00:00+00:00,17.73553502722
2026-05-20 04:00:00+00:00,20.14811612722
2026-05-20 05:00:00+00:00,20.223092627219998
2026-05-20 06:00:00+00:00,13.34790412722
2026-05-20 07:00:00+00:00,4.5302290272200025
2026-05-20 08:00:00+00:00,1.7873545272199998
2026-05-20 09:00:00+00:00,2.1805399272199963
2026-05-20 10:00:00+00:00,0.9861984272199997
2026-05-20 11:00:00+00:00,0.7685683272199988
2026-05-20 12:00:00+00:00,-0.11184797278000147
2026-05-20 13:00:00+00:00,-0.24778637278000204
2026-05-20 14:00:00+00:00,0.26686092722000154
2026-05-20 15:00:00+00:00,-0.6849279727799988
2026-05-20 16:00:00+00:00,0.3844451272200011
2026-05-20 17:00:00+00:00,7.737240927220004
2026-05-20 18:00:00+00:00,17.55877572722
2026-05-20 19:00:00+00:00,23.06676392722
2026-05-20 20:00:00+00:00,21.52493162722
2026-05-20 21:00:00+00:00,18.80774462722
2026-05-20 22:00:00+00:00,17.77350743242
2026-05-20 23:00:00+00:00,16.566635432420004
2026-05-21 00:00:00+00:00,15.53387453242
2026-05-21 01:00:00+00:00,15.161805432420001
2026-05-21 02:00:00+00:00,14.83283033242
2026-05-21 03:00:00+00:00,15.40606183242
2026-05-21 04:00:00+00:00,17.60150403242
2026-05-21 05:00:00+00:00,17.41827053242
2026-05-21 06:00:00+00:00,9.754347432420001
2026-05-21 07:00:00+00:00,1.215654032419998
2026-05-21 08:00:00+00:00,-0.5716136675799994
2026-05-21 09:00:00+00:00,0.6368292324200056
2026-05-21 10:00:00+00:00,-0.14762596758000157
2026-05-21 11:00:00+00:00,-0.02942786757999727
2026-05-21 12:00:00+00:00,-0.6119188675800018
2026-05-21 13:00:00+00:00,-0.38583806757999994
2026-05-21 14:00:00+00:00,-2.2093188675799986
2026-05-21 15:00:00+00:00,-3.349595767579995
2026-05-21 16:00:00+00:00,-0.05283126758000023
2026-05-21 17:00:00+00:00,7.703233232419997
2026-05-21 18:00:00+00:00,17.488043232419997
2026-05-21 19:00:00+00:00,22.88126973242
2026-05-21 20:00:00+00:00,21.58490253242
2026-05-21 21:00:00+00:00,19.13702183242
2026-05-21 22:00:00+00:00,18.34111696004
2026-05-21 23:00:00+00:00,17.188005360040002
2026-05-22 00:00:00+00:00,16.30132876004
2026-05-22 01:00:00+00:00,16.07517236004
2026-05-22 02:00:00+00:00,16.09257426004
2026-05-22 03:00:00+00:00,16.427017260040003
2026-05-22 04:00:00+00:00,18.66230296004
2026-05-22 05:00:00+00:00,18.66740046004
2026-05-22 06:00:00+00:00,11.25664166004
2026-05-22 07:00:00+00:00,2.6918342600400003
2026-05-22 08:00:00+00:00,0.5614246600400001
2026-05-22 09:00:00+00:00,0.7585106600400024
2026-05-22 10:00:00+00:00,-0.28800103996000104
2026-05-22 11:00:00+00:00,-0.5506735399599947
2026-05-22 12:00:00+00:00,-0.8979208399599976
2026-05-22 13:00:00+00:00,-1.2167304399599956
2026-05-22 14:00:00+00:00,-2.6114473399599945
2026-05-22 15:00:00+00:00,-3.485958839959995
2026-05-22 16:00:00+00:00,-0.6053448399600008
2026-05-22 17:00:00+00:00,7.178345360040002
2026-05-22 18:00:00+00:00,16.577056360040004
2026-05-22 19:00:00+00:00,21.35759996004
2026-05-22 20:00:00+00:00,20.09294346004
2026-05-22 21:00:00+00:00,17.43418846004
2026-05-22 22:00:00+00:00,16.3065796381
2026-05-22 23:00:00+00:00,14.7610303381
2026-05-23 00:00:00+00:00,13.309400438099999
2026-05-23 01:00:00+00:00,12.9131273381
2026-05-23 02:00:00+00:00,13.052213538099998
2026-05-23 03:00:00+00:00,13.5050269381
2026-05-23 04:00:00+00:00,14.367208338100003
2026-05-23 05:00:00+00:00,12.2372403381
2026-05-23 06:00:00+00:00,5.5321963381
2026-05-23 07:00:00+00:00,0.4444206381000022
2026-05-23 08:00:00+00:00,-0.3546448618999989
2026-05-23 09:00:00+00:00,-2.1651291618999977
2026-05-23 10:00:00+00:00,-4.570660561899999
2026-05-23 11:00:00+00:00,-5.125313561899997
2026-05-23 12:00:00+00:00,-5.2095135619
2026-05-23 13:00:00+00:00,-6.076938661900002
2026-05-23 14:00:00+00:00,-6.439802861899999
2026-05-23 15:00:00+00:00,-5.545291561899997
2026-05-23 16:00:00+00:00,-1.7867503619000011
2026-05-23 17:00:00+00:00,6.488122038100002
2026-05-23 18:00:00+00:00,14.9811732381
2026-05-23 19:00:00+00:00,19.0428410381
2026-05-23 20:00:00+00:00,18.4133464381
2026-05-23 21:00:00+00:00,16.5177915381
2026-05-23 22:00:00+00:00,14.30820251692
2026-05-23 23:00:00+00:00,13.229361516920003
2026-05-24 00:00:00+00:00,12.658703216920001
2026-05-24 01:00:00+00:00,12.491897716919999
2026-05-24 02:00:00+00:00,12.73997041692
2026-05-24 03:00:00+00:00,12.915940016919999
2026-05-24 04:00:00+00:00,13.20939561692
2026-05-24 05:00:00+00:00,10.755733616919999
2026-05-24 06:00:00+00:00,3.7767264169200008
2026-05-24 07:00:00+00:00,-1.0423842830800005
2026-05-24 08:00:00+00:00,-2.7252057830799963
2026-05-24 09:00:00+00:00,-4.438006383079998
2026-05-24 10:00:00+00:00,-5.807396683079997
2026-05-24 11:00:00+00:00,-5.795715083080001
2026-05-24 12:00:00+00:00,-5.552599383079997
2026-05-24 13:00:00+00:00,-5.573521483079997
2026-05-24 14:00:00+00:00,-5.098056583079998
2026-05-24 15:00:00+00:00,-2.714993083080003
2026-05-24 16:00:00+00:00,-1.0957949830799976
2026-05-24 17:00:00+00:00,3.466565316920004
2026-05-24 18:00:00+00:00,11.554250816919998
2026-05-24 19:00:00+00:00,16.46602701692
2026-05-24 20:00:00+00:00,16.70141581692
2026-05-24 21:00:00+00:00,14.89589711692
2026-05-24 22:00:00+00:00,12.457837779740004
2026-05-24 23:00:00+00:00,11.24058897974
2026-05-25 00:00:00+00:00,10.915230879740001
2026-05-25 01:00:00+00:00,11.216127879740002
2026-05-25 02:00:00+00:00,11.986189179740002
2026-05-25 03:00:00+00:00,12.88955607974
2026-05-25 04:00:00+00:00,15.478975379740003
2026-05-25 05:00:00+00:00,15.00129647974
2026-05-25 06:00:00+00:00,9.385602879740002
2026-05-25 07:00:00+00:00,3.7547515797400024
2026-05-25 08:00:00+00:00,1.2581699797399999
2026-05-25 09:00:00+00:00,-0.4510785202599976
2026-05-25 10:00:00+00:00,-1.463981220259999
2026-05-25 11:00:00+00:00,-1.406653920260002
2026-05-25 12:00:00+00:00,-1.80382992026
2026-05-25 13:00:00+00:00,-1.4038765202600025
2026-05-25 14:00:00+00:00,-0.19180182026000026
2026-05-25 15:00:00+00:00,1.8644066797400036
2026-05-25 16:00:00+00:00,2.70030617974
2026-05-25 17:00:00+00:00,6.7493546797400015
2026-05-25 18:00:00+00:00,15.097024679739999
2026-05-25 19:00:00+00:00,20.021453379740002
2026-05-25 20:00:00+00:00,19.48537507974
2026-05-25 21:00:00+00:00,17.107118679740005
2026-05-25 22:00:00+00:00,14.21447139302
2026-05-25 23:00:00+00:00,12.94323479302
2026-05-26 00:00:00+00:00,12.03439739302
2026-05-26 01:00:00+00:00,12.157809493020002
2026-05-26 02:00:00+00:00,12.47361399302
2026-05-26 03:00:00+00:00,13.58242199302
2026-05-26 04:00:00+00:00,15.93172199302
2026-05-26 05:00:00+00:00,15.62600849302
2026-05-26 06:00:00+00:00,8.855136493020002
2026-05-26 07:00:00+00:00,0.9665396930200032
2026-05-26 08:00:00+00:00,-0.477666306979998
2026-05-26 09:00:00+00:00,0.044457393020007174
2026-05-26 10:00:00+00:00,-1.130673706979998
2026-05-26 11:00:00+00:00,-1.2501365069799952
2026-05-26 12:00:00+00:00,-1.4327737069799973
2026-05-26 13:00:00+00:00,-1.2044986069799997
2026-05-26 14:00:00+00:00,-1.1560814069799967
2026-05-26 15:00:00+00:00,-1.9945258069799934
2026-05-26 16:00:00+00:00,1.0822848930200024
2026-05-26 17:00:00+00:00,9.143314593020001
2026-05-26 18:00:00+00:00,17.979178593020002
2026-05-26 19:00:00+00:00,22.46702529302
2026-05-26 20:00:00+00:00,21.263710793020003
2026-05-26 21:00:00+00:00,18.73344949302
2026-05-26 22:00:00+00:00,18.3509819975
2026-05-26 23:00:00+00:00,17.3474523975
2026-05-27 00:00:00+00:00,16.6786844975
2026-05-27 01:00:00+00:00,16.5570325975
2026-05-27 02:00:00+00:00,16.4593355975
2026-05-27 03:00:00+00:00,17.1292121975
2026-05-27 04:00:00+00:00,19.324834997500002
2026-05-27 05:00:00+00:00,18.6899108975
2026-05-27 06:00:00+00:00,11.765707297500004
2026-05-27 07:00:00+00:00,3.3195217974999984
2026-05-27 08:00:00+00:00,1.6892668975000014
2026-05-27 09:00:00+00:00,2.4633633975
2026-05-27 10:00:00+00:00,1.508053697500003
2026-05-27 11:00:00+00:00,1.592051297500003
2026-05-27 12:00:00+00:00,1.468634897500003
2026-05-27 13:00:00+00:00,1.551944997500005
2026-05-27 14:00:00+00:00,1.1519766975000039
2026-05-27 15:00:00+00:00,-0.09749310249999965
2026-05-27 16:00:00+00:00,2.1946945975
2026-05-27 17:00:00+00:00,9.394969197500007
2026-05-27 18:00:00+00:00,18.233640897500003
2026-05-27 19:00:00+00:00,22.9441959975
2026-05-27 20:00:00+00:00,21.366541597500003
2026-05-27 21:00:00+00:00,18.342124897500003
2026-05-27 22:00:00+00:00,18.77071869342
2026-05-27 23:00:00+00:00,17.53397519342
2026-05-28 00:00:00+00:00,16.73737089342
2026-05-28 01:00:00+00:00,17.05167689342
2026-05-28 02:00:00+00:00,17.47054689342
2026-05-28 03:00:00+00:00,18.59717289342
2026-05-28 04:00:00+00:00,21.11742069342
2026-05-28 05:00:00+00:00,20.73584789342
2026-05-28 06:00:00+00:00,13.777010393420003
2026-05-28 07:00:00+00:00,5.582877293420001
2026-05-28 08:00:00+00:00,1.6031676934200014
2026-05-28 09:00:00+00:00,0.06766989342000329
2026-05-28 10:00:00+00:00,-0.6276708065799959
2026-05-28 11:00:00+00:00,-0.5468906065799999
2026-05-28 12:00:00+00:00,-0.8915191065799952
2026-05-28 13:00:00+00:00,-1.5846254065799954
2026-05-28 14:00:00+00:00,-1.1567692065799946
2026-05-28 15:00:00+00:00,0.7428598934200039
2026-05-28 16:00:00+00:00,4.920871893420003
2026-05-28 17:00:00+00:00,12.385758793420003
2026-05-28 18:00:00+00:00,21.613686993419996
2026-05-28 19:00:00+00:00,26.611151993420002
2026-05-28 20:00:00+00:00,25.053023393420002
2026-05-28 21:00:00+00:00,21.781051593420003
2026-05-28 22:00:00+00:00,19.85898100357
2026-05-28 23:00:00+00:00,18.253200403570002
2026-05-29 00:00:00+00:00,17.540000803570003
2026-05-29 01:00:00+00:00,17.65439290357
2026-05-29 02:00:00+00:00,17.93310870357
2026-05-29 03:00:00+00:00,19.01064730357
2026-05-29 04:00:00+00:00,21.51770260357
2026-05-29 05:00:00+00:00,21.212373403570002
2026-05-29 06:00:00+00:00,14.30578240357
2026-05-29 07:00:00+00:00,6.133659303570003
2026-05-29 08:00:00+00:00,2.115251203570004
2026-05-29 09:00:00+00:00,0.5112450035700036
2026-05-29 10:00:00+00:00,0.3661973035700008
2026-05-29 11:00:00+00:00,0.7741250035699956
2026-05-29 12:00:00+00:00,0.47275490357000294
2026-05-29 13:00:00+00:00,0.32210380356999835
2026-05-29 14:00:00+00:00,0.31012150357000223
2026-05-29 15:00:00+00:00,1.2835116035700018
2026-05-29 16:00:00+00:00,5.168669603569999
2026-05-29 17:00:00+00:00,12.231644603570004
2026-05-29 18:00:00+00:00,20.63498230357
2026-05-29 19:00:00+00:00,25.18997880357
2026-05-29 20:00:00+00:00,24.038133803570002
2026-05-29 21:00:00+00:00,21.48137920357
2026-05-29 22:00:00+00:00,20.155270050600002
2026-05-29 23:00:00+00:00,19.012420950600003
2026-05-30 00:00:00+00:00,17.8566500506
2026-05-30 01:00:00+00:00,17.5205133506
2026-05-30 02:00:00+00:00,17.4698644506
2026-05-30 03:00:00+00:00,17.7134434506
2026-05-30 04:00:00+00:00,18.6033141506
2026-05-30 05:00:00+00:00,16.4777255506
2026-05-30 06:00:00+00:00,9.999754550600002
2026-05-30 07:00:00+00:00,3.433097850600003
2026-05-30 08:00:00+00:00,0.487420150600002
2026-05-30 09:00:00+00:00,0.22878295060000298
2026-05-30 10:00:00+00:00,-0.262761949399998
2026-05-30 11:00:00+00:00,-0.6549962493999963
2026-05-30 12:00:00+00:00,-1.0018981493999952
2026-05-30 13:00:00+00:00,-1.8237754493999958
2026-05-30 14:00:00+00:00,-1.5368445494000014
2026-05-30 15:00:00+00:00,-0.49223944939999953
2026-05-30 16:00:00+00:00,2.6209925506000005
2026-05-30 17:00:00+00:00,9.457663450600005
2026-05-30 18:00:00+00:00,16.9266290506
2026-05-30 19:00:00+00:00,21.2695286506
2026-05-30 20:00:00+00:00,20.270951450600002
2026-05-30 21:00:00+00:00,18.906229550600003
2026-05-30 22:00:00+00:00,17.12104393816
2026-05-30 23:00:00+00:00,15.83760483816
2026-05-31 00:00:00+00:00,14.727988738159999
2026-05-31 01:00:00+00:00,14.173676238159999
2026-05-31 02:00:00+00:00,13.700103638160002
2026-05-31 03:00:00+00:00,13.897756438159998
2026-05-31 04:00:00+00:00,14.660196538159997
2026-05-31 05:00:00+00:00,12.00254683816
2026-05-31 06:00:00+00:00,5.06706863816
2026-05-31 07:00:00+00:00,-1.3957990618399982
2026-05-31 08:00:00+00:00,-3.776449361839994
2026-05-31 09:00:00+00:00,-4.634986161839997
2026-05-31 10:00:00+00:00,-5.357616161839999
2026-05-31 11:00:00+00:00,-5.305930961839998
2026-05-31 12:00:00+00:00,-4.666124361839994
2026-05-31 13:00:00+00:00,-5.435448861839994
2026-05-31 14:00:00+00:00,-5.23626196184
2026-05-31 15:00:00+00:00,-3.417676961839998
2026-05-31 16:00:00+00:00,-0.12621356183999666
2026-05-31 17:00:00+00:00,6.00255803816
2026-05-31 18:00:00+00:00,13.745879238159999
2026-05-31 19:00:00+00:00,18.772209238160002
2026-05-31 20:00:00+00:00,19.206552438160003
2026-05-31 21:00:00+00:00,17.182112938160003
2026-05-31 22:00:00+00:00,16.05366008814
2026-05-31 23:00:00+00:00,15.314673388140001
2026-06-01 00:00:00+00:00,15.07618938814
2026-06-01 01:00:00+00:00,15.491592388139999
2026-06-01 02:00:00+00:00,16.02911558814
2026-06-01 03:00:00+00:00,17.23657498814
2026-06-01 04:00:00+00:00,20.391922588139998
2026-06-01 05:00:00+00:00,20.78743108814
2026-06-01 06:00:00+00:00,14.982717588140002
2026-06-01 07:00:00+00:00,7.401320088140004
2026-06-01 08:00:00+00:00,3.4154665881399993
2026-06-01 09:00:00+00:00,1.8129451881400058
2026-06-01 10:00:00+00:00,0.9841647881400029
2026-06-01 11:00:00+00:00,1.1158432881400024
2026-06-01 12:00:00+00:00,0.2619798881400044
2026-06-01 13:00:00+00:00,-0.10435381186000114
2026-06-01 14:00:00+00:00,0.417397688140003
2026-06-01 15:00:00+00:00,2.192607188140002
2026-06-01 16:00:00+00:00,6.2047959881400025
2026-06-01 17:00:00+00:00,11.650145588140003
2026-06-01 18:00:00+00:00,19.743340888139997
2026-06-01 19:00:00+00:00,24.78584218814
2026-06-01 20:00:00+00:00,23.602843688140005
2026-06-01 21:00:00+00:00,20.91606688814
2026-06-01 22:00:00+00:00,19.75065785804
2026-06-01 23:00:00+00:00,18.54483135804
2026-06-02 00:00:00+00:00,17.73859815804
2026-06-02 01:00:00+00:00,17.30662115804
2026-06-02 02:00:00+00:00,16.895948458040003
2026-06-02 03:00:00+00:00,17.133689058039998
2026-06-02 04:00:00+00:00,19.19628885804
2026-06-02 05:00:00+00:00,18.64981085804
2026-06-02 06:00:00+00:00,12.98484985804
2026-06-02 07:00:00+00:00,5.196384158040004
2026-06-02 08:00:00+00:00,0.6486491580400013
2026-06-02 09:00:00+00:00,-1.6065710419599952
2026-06-02 10:00:00+00:00,-2.6865625419600008
2026-06-02 11:00:00+00:00,-2.9904663419600013
2026-06-02 12:00:00+00:00,-3.82078194196
2026-06-02 13:00:00+00:00,-4.42236174196
2026-06-02 14:00:00+00:00,-3.9672377419599982
2026-06-02 15:00:00+00:00,-2.3093697419599977
2026-06-02 16:00:00+00:00,0.614506758040001
2026-06-02 17:00:00+00:00,6.481500358040009
2026-06-02 18:00:00+00:00,14.419086358040001
2026-06-02 19:00:00+00:00,19.47503255804
2026-06-02 20:00:00+00:00,19.08652915804
2026-06-02 21:00:00+00:00,17.30622235804
2026-06-02 22:00:00+00:00,16.26256822914
2026-06-02 23:00:00+00:00,15.341978229139999
2026-06-03 00:00:00+00:00,14.681247829139998
2026-06-03 01:00:00+00:00,14.584600829140001
2026-06-03 02:00:00+00:00,14.650951129140001
2026-06-03 03:00:00+00:00,15.35102782914
2026-06-03 04:00:00+00:00,17.86058502914
2026-06-03 05:00:00+00:00,17.681246129140003
2026-06-03 06:00:00+00:00,11.189236229139997
2026-06-03 07:00:00+00:00,3.30022882914
2026-06-03 08:00:00+00:00,-0.09337377085999776
2026-06-03 09:00:00+00:00,-1.2317354708599986
2026-06-03 10:00:00+00:00,-2.026348370859999
2026-06-03 11:00:00+00:00,-2.2250580708599976
2026-06-03 12:00:00+00:00,-2.98840567085999
2026-06-03 13:00:00+00:00,-3.4535283708600026
2026-06-03 14:00:00+00:00,-2.5232406708599946
2026-06-03 15:00:00+00:00,-0.42116517086000016
2026-06-03 16:00:00+00:00,3.4075714291399954
2026-06-03 17:00:00+00:00,9.865402829139995
2026-06-03 18:00:00+00:00,18.59563572914
2026-06-03 19:00:00+00:00,24.284004429140005
2026-06-03 20:00:00+00:00,23.451925829140002
2026-06-03 21:00:00+00:00,20.798513529140003
2026-06-03 22:00:00+00:00,18.83638793142
2026-06-03 23:00:00+00:00,17.44231633142
2026-06-04 00:00:00+00:00,16.608494431420002
2026-06-04 01:00:00+00:00,16.27898363142
2026-06-04 02:00:00+00:00,16.22972663142
2026-06-04 03:00:00+00:00,16.59569803142
2026-06-04 04:00:00+00:00,18.72816713142
2026-06-04 05:00:00+00:00,18.58058563142
2026-06-04 06:00:00+00:00,12.539627531419999
2026-06-04 07:00:00+00:00,4.874688431420001
2026-06-04 08:00:00+00:00,0.6914185314199983
2026-06-04 09:00:00+00:00,-1.3694039685799986
2026-06-04 10:00:00+00:00,-3.0845422685800017
2026-06-04 11:00:00+00:00,-3.443468868579995
2026-06-04 12:00:00+00:00,-2.7939114685799993
2026-06-04 13:00:00+00:00,-2.96900236858
2026-06-04 14:00:00+00:00,-3.8078338685800013
2026-06-04 15:00:00+00:00,-2.89609816858
2026-06-04 16:00:00+00:00,-0.5639238685800017
2026-06-04 17:00:00+00:00,4.09096793142
2026-06-04 18:00:00+00:00,11.758756231419998
2026-06-04 19:00:00+00:00,18.36666463142
2026-06-04 20:00:00+00:00,17.83501543142
2026-06-04 21:00:00+00:00,15.85206733142
2026-06-04 22:00:00+00:00,15.08478610318
2026-06-04 23:00:00+00:00,14.52875460318
2026-06-05 00:00:00+00:00,14.28358030318
2026-06-05 01:00:00+00:00,14.308248203180002
2026-06-05 02:00:00+00:00,14.42946110318
2026-06-05 03:00:00+00:00,15.365869803179999
2026-06-05 04:00:00+00:00,17.827065503180002
2026-06-05 05:00:00+00:00,18.208895603180004
2026-06-05 06:00:00+00:00,12.454857803180001
2026-06-05 07:00:00+00:00,5.664022103180002
2026-06-05 08:00:00+00:00,1.935649703180001
2026-06-05 09:00:00+00:00,1.0096875031800074
2026-06-05 10:00:00+00:00,0.38668730318000755
2026-06-05 11:00:00+00:00,-0.06369589682000054
2026-06-05 12:00:00+00:00,-0.45624719681999437
2026-06-05 13:00:00+00:00,-1.1929668968199962
2026-06-05 14:00:00+00:00,-1.2302735968200018
2026-06-05 15:00:00+00:00,-0.4378159968199995
2026-06-05 16:00:00+00:00,2.372461603180003
2026-06-05 17:00:00+00:00,8.474091203180002
2026-06-05 18:00:00+00:00,16.403040803179998
2026-06-05 19:00:00+00:00,22.29950360318
2026-06-05 20:00:00+00:00,21.640918003179998
2026-06-05 21:00:00+00:00,19.36676200318
2026-06-05 22:00:00+00:00,17.64112348778
2026-06-05 23:00:00+00:00,16.69004568778
2026-06-06 00:00:00+00:00,15.90658748778
2026-06-06 01:00:00+00:00,15.831196787780002
2026-06-06 02:00:00+00:00,16.07574968778
2026-06-06 03:00:00+00:00,16.80962768778
2026-06-06 04:00:00+00:00,17.91944688778
2026-06-06 05:00:00+00:00,16.20569538778
2026-06-06 06:00:00+00:00,11.481075687780002
2026-06-06 07:00:00+00:00,5.662397287779999
2026-06-06 08:00:00+00:00,1.8786179877800002
2026-06-06 09:00:00+00:00,0.09516588777999857
2026-06-06 10:00:00+00:00,-1.224338512219994
2026-06-06 11:00:00+00:00,-1.1289852122200017
2026-06-06 12:00:00+00:00,-1.416517512220004
2026-06-06 13:00:00+00:00,-2.5502426122200035
2026-06-06 14:00:00+00:00,-2.979505012219999
2026-06-06 15:00:00+00:00,-2.0017389122199987
2026-06-06 16:00:00+00:00,1.0568952877800015
2026-06-06 17:00:00+00:00,7.125992187780003
2026-06-06 18:00:00+00:00,14.50522248778
2026-06-06 19:00:00+00:00,19.54154548778
2026-06-06 20:00:00+00:00,19.15806028778
2026-06-06 21:00:00+00:00,16.832384287780002
2026-06-06 22:00:00+00:00,15.2102495575
2026-06-06 23:00:00+00:00,14.1279358575
2026-06-07 00:00:00+00:00,13.5488149575
2026-06-07 01:00:00+00:00,13.4336441575
2026-06-07 02:00:00+00:00,13.688581157500002
2026-06-07 03:00:00+00:00,14.129292857500001
2026-06-07 04:00:00+00:00,14.5061015575
2026-06-07 05:00:00+00:00,12.1513005575
2026-06-07 06:00:00+00:00,5.5863382575
2026-06-07 07:00:00+00:00,-0.7000156425000021
2026-06-07 08:00:00+00:00,-2.515514342500005
2026-06-07 09:00:00+00:00,-2.762281342499996
2026-06-07 10:00:00+00:00,-4.232425442500002
2026-06-07 11:00:00+00:00,-4.3440697425
2026-06-07 12:00:00+00:00,-4.195288742499997
2026-06-07 13:00:00+00:00,-6.059914342499997
2026-06-07 14:00:00+00:00,-7.618550342500001
2026-06-07 15:00:00+00:00,-7.222465142500003
2026-06-07 16:00:00+00:00,-3.8379576424999975
2026-06-07 17:00:00+00:00,2.8944976575000005
2026-06-07 18:00:00+00:00,11.737966757499999
2026-06-07 19:00:00+00:00,18.646317557499998
2026-06-07 20:00:00+00:00,19.3775576575
2026-06-07 21:00:00+00:00,17.884758757500002
2026-06-07 22:00:00+00:00,16.92490874268
2026-06-07 23:00:00+00:00,16.03881874268
2026-06-08 00:00:00+00:00,15.667276042680001
2026-06-08 01:00:00+00:00,15.89014404268
2026-06-08 02:00:00+00:00,16.53766014268
2026-06-08 03:00:00+00:00,17.90178084268
2026-06-08 04:00:00+00:00,20.65801874268
2026-06-08 05:00:00+00:00,21.03298934268
2026-06-08 06:00:00+00:00,14.214756742680002
2026-06-08 07:00:00+00:00,6.347739342680001
2026-06-08 08:00:00+00:00,2.122070842679996
2026-06-08 09:00:00+00:00,0.4353635426800011
2026-06-08 10:00:00+00:00,-0.38778015731999815
2026-06-08 11:00:00+00:00,-0.21308985731999996
2026-06-08 12:00:00+00:00,-0.2847887573199941
2026-06-08 13:00:00+00:00,-1.1186700573199992
2026-06-08 14:00:00+00:00,-1.6208969573199994
2026-06-08 15:00:00+00:00,-1.059613757319994
2026-06-08 16:00:00+00:00,1.4396424426800003
2026-06-08 17:00:00+00:00,6.675376642680003
2026-06-08 18:00:00+00:00,14.239860742680001
2026-06-08 19:00:00+00:00,19.517616842680003
2026-06-08 20:00:00+00:00,18.51843944268
2026-06-08 21:00:00+00:00,16.19885124268
2026-06-08 22:00:00+00:00,14.709320375979999
2026-06-08 23:00:00+00:00,13.766162675980002
2026-06-09 00:00:00+00:00,13.20201647598
2026-06-09 01:00:00+00:00,12.980734975979999
2026-06-09 02:00:00+00:00,13.12331817598
2026-06-09 03:00:00+00:00,13.884365475980001
2026-06-09 04:00:00+00:00,16.018040475979998
2026-06-09 05:00:00+00:00,16.138547275980002
2026-06-09 06:00:00+00:00,9.85585997598
2026-06-09 07:00:00+00:00,3.0041533759799997
2026-06-09 08:00:00+00:00,-0.16699612401999886
2026-06-09 09:00:00+00:00,-1.0984250240199955
2026-06-09 10:00:00+00:00,-1.4361878240199992
2026-06-09 11:00:00+00:00,-1.174075024019995
2026-06-09 12:00:00+00:00,-1.4239823240200025
2026-06-09 13:00:00+00:00,-1.964999924019999
2026-06-09 14:00:00+00:00,-1.6146027240199992
2026-06-09 15:00:00+00:00,-1.2260476240200013
2026-06-09 16:00:00+00:00,1.2603032759800037
2026-06-09 17:00:00+00:00,7.031116175979999
2026-06-09 18:00:00+00:00,14.68055147598
2026-06-09 19:00:00+00:00,19.99574777598
2026-06-09 20:00:00+00:00,19.29692407598
2026-06-09 21:00:00+00:00,16.96891947598
2026-06-09 22:00:00+00:00,15.433161187620001
2026-06-09 23:00:00+00:00,14.452351787620001
2026-06-10 00:00:00+00:00,13.96941178762
2026-06-10 01:00:00+00:00,13.66166598762
2026-06-10 02:00:00+00:00,13.75816648762
2026-06-10 03:00:00+00:00,14.50599868762
2026-06-10 04:00:00+00:00,16.64001998762
2026-06-10 05:00:00+00:00,16.78080678762
2026-06-10 06:00:00+00:00,11.158687687620002
2026-06-10 07:00:00+00:00,4.073210587620004
2026-06-10 08:00:00+00:00,0.2788436876200038
2026-06-10 09:00:00+00:00,-1.023425212379994
2026-06-10 10:00:00+00:00,-1.5473795123799974
2026-06-10 11:00:00+00:00,-1.6262689123799987
2026-06-10 12:00:00+00:00,-2.231986512379997
2026-06-10 13:00:00+00:00,-2.9663978123799986
2026-06-10 14:00:00+00:00,-2.556048812380002
2026-06-10 15:00:00+00:00,-2.0409528123799987
2026-06-10 16:00:00+00:00,0.030712287619998335
2026-06-10 17:00:00+00:00,5.354034187619998
2026-06-10 18:00:00+00:00,12.942667087620002
2026-06-10 19:00:00+00:00,18.14421258762
2026-06-10 20:00:00+00:00,17.17532488762
2026-06-10 21:00:00+00:00,14.595440387619998
2026-06-10 22:00:00+00:00,13.71197074844
2026-06-10 23:00:00+00:00,12.721765848440004
2026-06-11 00:00:00+00:00,12.10031024844
2026-06-11 01:00:00+00:00,12.14513474844
2026-06-11 02:00:00+00:00,11.96196324844
2026-06-11 03:00:00+00:00,12.92832214844
2026-06-11 04:00:00+00:00,15.21388704844
2026-06-11 05:00:00+00:00,14.722377748439998
2026-06-11 06:00:00+00:00,8.526473848440006
2026-06-11 07:00:00+00:00,1.4245561484400007
2026-06-11 08:00:00+00:00,0.6354071484399988
2026-06-11 09:00:00+00:00,1.7505683484400016
2026-06-11 10:00:00+00:00,1.0462745484399996
2026-06-11 11:00:00+00:00,0.9844062484399991
2026-06-11 12:00:00+00:00,0.4922735484400036
2026-06-11 13:00:00+00:00,0.09392394844000407
2026-06-11 14:00:00+00:00,0.4921364484399966
2026-06-11 15:00:00+00:00,-0.01854945155999843
2026-06-11 16:00:00+00:00,0.23789464844000463
2026-06-11 17:00:00+00:00,5.28365414844
2026-06-11 18:00:00+00:00,12.997252748440001
2026-06-11 19:00:00+00:00,17.936791148439998
2026-06-11 20:00:00+00:00,17.165891948440002
2026-06-11 21:00:00+00:00,14.261940548440002
2026-06-11 22:00:00+00:00,12.960324552600003
2026-06-11 23:00:00+00:00,12.071219752600001
2026-06-12 00:00:00+00:00,11.661437152600001
2026-06-12 01:00:00+00:00,11.7276579526
2026-06-12 02:00:00+00:00,12.3050121526
2026-06-12 03:00:00+00:00,13.2409047526
2026-06-12 04:00:00+00:00,15.7888402526
2026-06-12 05:00:00+00:00,15.399181652600003
2026-06-12 06:00:00+00:00,9.3244324526
2026-06-12 07:00:00+00:00,3.9545099526000023
2026-06-12 08:00:00+00:00,2.4971914526000027
2026-06-12 09:00:00+00:00,1.4566009526000023
2026-06-12 10:00:00+00:00,0.8853011526000003
2026-06-12 11:00:00+00:00,1.0107485526000026
2026-06-12 12:00:00+00:00,0.9092472526000002
2026-06-12 13:00:00+00:00,0.5072724525999988
2026-06-12 14:00:00+00:00,1.180609152600006
2026-06-12 15:00:00+00:00,1.001262452599999
2026-06-12 16:00:00+00:00,2.0651845526000017
2026-06-12 17:00:00+00:00,7.835406452600001
2026-06-12 18:00:00+00:00,15.269591052600003
2026-06-12 19:00:00+00:00,20.1844094526
2026-06-12 20:00:00+00:00,19.686522152600002
2026-06-12 21:00:00+00:00,17.0879493526
2026-06-12 22:00:00+00:00,15.857020050760001
2026-06-12 23:00:00+00:00,15.26914685076
2026-06-13 00:00:00+00:00,14.70288545076
2026-06-13 01:00:00+00:00,14.42881445076
2026-06-13 02:00:00+00:00,14.51142765076
2026-06-13 03:00:00+00:00,14.874925650759998
2026-06-13 04:00:00+00:00,15.652886550759998
2026-06-13 05:00:00+00:00,13.400157650760002
2026-06-13 06:00:00+00:00,7.049832650759999
2026-06-13 07:00:00+00:00,2.728785050760006
2026-06-13 08:00:00+00:00,1.4089781507599994
2026-06-13 09:00:00+00:00,0.31335505076000203
2026-06-13 10:00:00+00:00,-0.4924288492399995
2026-06-13 11:00:00+00:00,-0.36390514923999717
2026-06-13 12:00:00+00:00,-0.359622649239995
2026-06-13 13:00:00+00:00,-1.1312211492399982
2026-06-13 14:00:00+00:00,-1.6249437492399998
2026-06-13 15:00:00+00:00,-0.2849355492400001
2026-06-13 16:00:00+00:00,1.4404619507600032
2026-06-13 17:00:00+00:00,6.394112150760002
2026-06-13 18:00:00+00:00,14.71596115076
2026-06-13 19:00:00+00:00,20.219185650759997
2026-06-13 20:00:00+00:00,20.924734750760003
2026-06-13 21:00:00+00:00,18.87887405076
2026-06-13 22:00:00+00:00,17.72492381296
2026-06-13 23:00:00+00:00,16.71574631296
2026-06-14 00:00:00+00:00,15.745826812959999
2026-06-14 01:00:00+00:00,15.35021001296
2026-06-14 02:00:00+00:00,15.493227512959999
2026-06-14 03:00:00+00:00,15.76961321296
2026-06-14 04:00:00+00:00,16.46534561296
2026-06-14 05:00:00+00:00,13.95103781296
2026-06-14 06:00:00+00:00,7.713468112960001
2026-06-14 07:00:00+00:00,2.9363162129600013
2026-06-14 08:00:00+00:00,1.1543065129600052
2026-06-14 09:00:00+00:00,-0.06053388703999829
2026-06-14 10:00:00+00:00,-0.6797690870400004
2026-06-14 11:00:00+00:00,-0.0008270870399975649
2026-06-14 12:00:00+00:00,0.2179055129600016
2026-06-14 13:00:00+00:00,0.2415798129600013
2026-06-14 14:00:00+00:00,0.9284640129599993
2026-06-14 15:00:00+00:00,2.514058212960002
2026-06-14 16:00:00+00:00,4.1586192129600015
2026-06-14 17:00:00+00:00,8.269950812960001
2026-06-14 18:00:00+00:00,16.00629351296
2026-06-14 19:00:00+00:00,21.57967011296
2026-06-14 20:00:00+00:00,22.31733491296
2026-06-14 21:00:00+00:00,20.93101671296
2026-06-14 22:00:00+00:00,19.740764298720002
2026-06-14 23:00:00+00:00,18.50521619872
2026-06-15 00:00:00+00:00,17.796971298720003
2026-06-15 01:00:00+00:00,17.681612098720002
2026-06-15 02:00:00+00:00,17.79521349872
2026-06-15 03:00:00+00:00,18.56272029872
2026-06-15 04:00:00+00:00,21.352312998720002
2026-06-15 05:00:00+00:00,21.305554998719998
2026-06-15 06:00:00+00:00,16.32292279872
2026-06-15 07:00:00+00:00,9.229633098719997
2026-06-15 08:00:00+00:00,4.526169498719998
2026-06-15 09:00:00+00:00,2.657391698719998
2026-06-15 10:00:00+00:00,2.1347009987200067
2026-06-15 11:00:00+00:00,2.6583226987199957
2026-06-15 12:00:00+00:00,2.9132844987199995
2026-06-15 13:00:00+00:00,3.2158835987200014
2026-06-15 14:00:00+00:00,4.262987298719999
2026-06-15 15:00:00+00:00,6.253543598720004
2026-06-15 16:00:00+00:00,9.721595198720003
2026-06-15 17:00:00+00:00,15.562794898720004
2026-06-15 18:00:00+00:00,22.14671869872
2026-06-15 19:00:00+00:00,25.95894629872
2026-06-15 20:00:00+00:00,25.692072098719997
2026-06-15 21:00:00+00:00,23.44893949872
2026-06-15 22:00:00+00:00,22.2011497225
2026-06-15 23:00:00+00:00,21.099832622500003
2026-06-16 00:00:00+00:00,20.2250415225
2026-06-16 01:00:00+00:00,19.9580208225
2026-06-16 02:00:00+00:00,19.961557222499998
2026-06-16 03:00:00+00:00,20.5191268225
2026-06-16 04:00:00+00:00,22.8357415225
2026-06-16 05:00:00+00:00,22.4378675225
2026-06-16 06:00:00+00:00,16.522889022500003
2026-06-16 07:00:00+00:00,8.787231622499998
2026-06-16 08:00:00+00:00,4.365121322500002
2026-06-16 09:00:00+00:00,2.4382268225000026
2026-06-16 10:00:00+00:00,1.6198603225000063
2026-06-16 11:00:00+00:00,1.9004827225000014
2026-06-16 12:00:00+00:00,1.6932163225000032
2026-06-16 13:00:00+00:00,1.777782922500002
2026-06-16 14:00:00+00:00,2.6787616225000015
2026-06-16 15:00:00+00:00,4.945665522500004
2026-06-16 16:00:00+00:00,8.861276122499998
2026-06-16 17:00:00+00:00,14.962625322500003
2026-06-16 18:00:00+00:00,22.202133722499998
2026-06-16 19:00:00+00:00,26.3981740225
2026-06-16 20:00:00+00:00,25.8209236225
2026-06-16 21:00:00+00:00,23.321117022499998
2026-06-16 22:00:00+00:00,21.88176677262
2026-06-16 23:00:00+00:00,20.41186657262
2026-06-17 00:00:00+00:00,19.32442737262
2026-06-17 01:00:00+00:00,18.790112472620002
2026-06-17 02:00:00+00:00,18.67125147262
2026-06-17 03:00:00+00:00,19.25924717262
2026-06-17 04:00:00+00:00,21.66670657262
2026-06-17 05:00:00+00:00,21.381399372620002
2026-06-17 06:00:00+00:00,15.378573472620001
2026-06-17 07:00:00+00:00,7.931026172620001
2026-06-17 08:00:00+00:00,3.8071333726200045
2026-06-17 09:00:00+00:00,1.9766681726200055
2026-06-17 10:00:00+00:00,0.9290056726200042
2026-06-17 11:00:00+00:00,0.9894785726200048
2026-06-17 12:00:00+00:00,0.7601789726200039
2026-06-17 13:00:00+00:00,1.056889472620007
2026-06-17 14:00:00+00:00,1.9244238726200003
2026-06-17 15:00:00+00:00,3.8755583726199987
2026-06-17 16:00:00+00:00,7.53961917262
2026-06-17 17:00:00+00:00,13.48625747262
2026-06-17 18:00:00+00:00,20.62767597262
2026-06-17 19:00:00+00:00,24.651665272619997
2026-06-17 20:00:00+00:00,24.04200997262
2026-06-17 21:00:00+00:00,21.65623927262
2026-06-17 22:00:00+00:00,20.907576572079996
2026-06-17 23:00:00+00:00,19.81760707208
2026-06-18 00:00:00+00:00,19.43617267208
2026-06-18 01:00:00+00:00,19.347052572080003
2026-06-18 02:00:00+00:00,19.40727827208
2026-06-18 03:00:00+00:00,20.17755407208
2026-06-18 04:00:00+00:00,22.57046287208
2026-06-18 05:00:00+00:00,22.57853377208
2026-06-18 06:00:00+00:00,17.093683872080003
2026-06-18 07:00:00+00:00,9.831248472079999
2026-06-18 08:00:00+00:00,5.207553472080001
2026-06-18 09:00:00+00:00,2.8118874720800022
2026-06-18 10:00:00+00:00,1.351878372079998
2026-06-18 11:00:00+00:00,1.3155557720799997
2026-06-18 12:00:00+00:00,0.7937619720800058
2026-06-18 13:00:00+00:00,0.6894368720800017
2026-06-18 14:00:00+00:00,1.8228622720799983
2026-06-18 15:00:00+00:00,4.338934272080003
2026-06-18 16:00:00+00:00,8.020533472080004
2026-06-18 17:00:00+00:00,14.34274507208
2026-06-18 18:00:00+00:00,21.48698027208
2026-06-18 19:00:00+00:00,26.19965317208
2026-06-18 20:00:00+00:00,25.72790197208
2026-06-18 21:00:00+00:00,23.08329377208
2026-06-18 22:00:00+00:00,21.8858501096
2026-06-18 23:00:00+00:00,20.7148114096
2026-06-19 00:00:00+00:00,20.0105880096
2026-06-19 01:00:00+00:00,20.0126717096
2026-06-19 02:00:00+00:00,20.0114220096
2026-06-19 03:00:00+00:00,20.8067996096
2026-06-19 04:00:00+00:00,23.208930709599997
2026-06-19 05:00:00+00:00,23.0241079096
2026-06-19 06:00:00+00:00,17.2529468096
2026-06-19 07:00:00+00:00,10.010872409600005
2026-06-19 08:00:00+00:00,5.479079209599998
2026-06-19 09:00:00+00:00,3.494164009600002
2026-06-19 10:00:00+00:00,2.5360736095999954
2026-06-19 11:00:00+00:00,2.7787645096000055
2026-06-19 12:00:00+00:00,2.8689544096000006
2026-06-19 13:00:00+00:00,3.0206536096
2026-06-19 14:00:00+00:00,4.032827209600004
2026-06-19 15:00:00+00:00,5.9384384096
2026-06-19 16:00:00+00:00,9.550131409599995
2026-06-19 17:00:00+00:00,15.7632050096
2026-06-19 18:00:00+00:00,22.138849109600002
2026-06-19 19:00:00+00:00,25.644316509600003
2026-06-19 20:00:00+00:00,25.410919109599998
2026-06-19 21:00:00+00:00,22.8298068096
2026-06-19 22:00:00+00:00,21.30999641414
2026-06-19 23:00:00+00:00,20.11294461414
2026-06-20 00:00:00+00:00,19.03111991414
2026-06-20 01:00:00+00:00,18.530797414139997
2026-06-20 02:00:00+00:00,18.40867351414
2026-06-20 03:00:00+00:00,18.473537314140003
2026-06-20 04:00:00+00:00,19.158208114140002
2026-06-20 05:00:00+00:00,16.94900821414
2026-06-20 06:00:00+00:00,11.037143214140002
2026-06-20 07:00:00+00:00,4.83246821414
2026-06-20 08:00:00+00:00,1.370270414140002
2026-06-20 09:00:00+00:00,-0.6905046858599988
2026-06-20 10:00:00+00:00,-2.407384585859994
2026-06-20 11:00:00+00:00,-2.4869772858599966
2026-06-20 12:00:00+00:00,-2.5124221858599967
2026-06-20 13:00:00+00:00,-2.9690390858600004
2026-06-20 14:00:00+00:00,-2.1796956858600005
2026-06-20 15:00:00+00:00,-0.12629438585999964
2026-06-20 16:00:00+00:00,3.651643414140004
2026-06-20 17:00:00+00:00,9.45270431414
2026-06-20 18:00:00+00:00,16.132107514140003
2026-06-20 19:00:00+00:00,20.17375441414
2026-06-20 20:00:00+00:00,20.486413614139998
2026-06-20 21:00:00+00:00,18.27864901414
2026-06-20 22:00:00+00:00,16.799287356500002
2026-06-20 23:00:00+00:00,15.619759556499998
2026-06-21 00:00:00+00:00,14.8448783565
2026-06-21 01:00:00+00:00,14.490488356500002
2026-06-21 02:00:00+00:00,14.285863056500002
2026-06-21 03:00:00+00:00,14.526267456499998
2026-06-21 04:00:00+00:00,15.123561056500002
2026-06-21 05:00:00+00:00,12.080046156500002
2026-06-21 06:00:00+00:00,5.233356256499999
2026-06-21 07:00:00+00:00,-0.3114485434999992
2026-06-21 08:00:00+00:00,-2.530219343499997
2026-06-21 09:00:00+00:00,-3.6879972435
2026-06-21 10:00:00+00:00,-4.684658543499992
2026-06-21 11:00:00+00:00,-4.472578343499993
2026-06-21 12:00:00+00:00,-3.772883943500002
2026-06-21 13:00:00+00:00,-4.164196643499999
2026-06-21 14:00:00+00:00,-3.9738449435000014
2026-06-21 15:00:00+00:00,-2.7099079434999993
2026-06-21 16:00:00+00:00,1.0937077565000024
2026-06-21 17:00:00+00:00,7.490786756500004
2026-06-21 18:00:00+00:00,15.788016856499999
2026-06-21 19:00:00+00:00,21.763428056499997
2026-06-21 20:00:00+00:00,23.1270691565
2026-06-21 21:00:00+00:00,20.8962970565
2026-06-21 22:00:00+00:00,18.082568016099998
2026-06-21 23:00:00+00:00,16.8751992161
2026-06-22 00:00:00+00:00,15.858157816100002
2026-06-22 01:00:00+00:00,15.5704342161
2026-06-22 02:00:00+00:00,15.729889816099998
2026-06-22 03:00:00+00:00,16.6621473161
2026-06-22 04:00:00+00:00,19.732996616100003
2026-06-22 05:00:00+00:00,20.137417816100005
2026-06-22 06:00:00+00:00,15.383908016100001
2026-06-22 07:00:00+00:00,9.797093916100003
2026-06-22 08:00:00+00:00,6.167544716100004
2026-06-22 09:00:00+00:00,4.5472580161000025
2026-06-22 10:00:00+00:00,3.5738136161000043
2026-06-22 11:00:00+00:00,3.715236416099998
2026-06-22 12:00:00+00:00,3.719346316100001
2026-06-22 13:00:00+00:00,4.1569834161000045
2026-06-22 14:00:00+00:00,5.126614316100003
2026-06-22 15:00:00+00:00,7.9535941161
2026-06-22 16:00:00+00:00,12.387100916100003
2026-06-22 17:00:00+00:00,18.7068928161
2026-06-22 18:00:00+00:00,25.7016266161
2026-06-22 19:00:00+00:00,29.0340803161
2026-06-22 20:00:00+00:00,28.154024016100003
2026-06-22 21:00:00+00:00,25.090723616100004
2026-06-22 22:00:00+00:00,22.39822268986
2026-06-22 23:00:00+00:00,20.220831389860003
2026-06-23 00:00:00+00:00,18.640804489860002
2026-06-23 01:00:00+00:00,18.26935998986
2026-06-23 02:00:00+00:00,18.48811838986
2026-06-23 03:00:00+00:00,19.26459558986
2026-06-23 04:00:00+00:00,21.42044458986
2026-06-23 05:00:00+00:00,21.734476789860004
2026-06-23 06:00:00+00:00,17.163728089859994
2026-06-23 07:00:00+00:00,11.218165689860001
2026-06-23 08:00:00+00:00,7.040259889860003
2026-06-23 09:00:00+00:00,5.535190589860008
2026-06-23 10:00:00+00:00,4.654276989860001
2026-06-23 11:00:00+00:00,4.720371289859997
2026-06-23 12:00:00+00:00,4.9549461898600065
2026-06-23 13:00:00+00:00,5.315013589860005
2026-06-23 14:00:00+00:00,6.113868889860001
2026-06-23 15:00:00+00:00,8.495522989860003
2026-06-23 16:00:00+00:00,12.12612288986
2026-06-23 17:00:00+00:00,17.77158998986
2026-06-23 18:00:00+00:00,24.01914488986
2026-06-23 19:00:00+00:00,27.34722218986
2026-06-23 20:00:00+00:00,26.334532389859998
2026-06-23 21:00:00+00:00,23.059035589860002
2026-06-23 22:00:00+00:00,19.87576051118
2026-06-23 23:00:00+00:00,18.58310931118
2026-06-24 00:00:00+00:00,17.29175121118
2026-06-24 01:00:00+00:00,16.88075171118
2026-06-24 02:00:00+00:00,16.93532691118
2026-06-24 03:00:00+00:00,17.23250581118
2026-06-24 04:00:00+00:00,17.549159111180003
2026-06-24 05:00:00+00:00,14.63184751118
2026-06-24 06:00:00+00:00,7.489528811180001
2026-06-24 07:00:00+00:00,1.5221531111799997
2026-06-24 08:00:00+00:00,-1.06210348882
2026-06-24 09:00:00+00:00,-1.8845061888200014
2026-06-24 10:00:00+00:00,-2.2571101888200005
2026-06-24 11:00:00+00:00,-1.8434691888199985
2026-06-24 12:00:00+00:00,-1.6185212888199985
2026-06-24 13:00:00+00:00,-2.095844688819998
2026-06-24 14:00:00+00:00,-1.9885389888200038
2026-06-24 15:00:00+00:00,-0.3833077888200016
2026-06-24 16:00:00+00:00,3.010641211180001
2026-06-24 17:00:00+00:00,8.679019811180002
2026-06-24 18:00:00+00:00,16.00494101118
2026-06-24 19:00:00+00:00,21.53905661118
2026-06-24 20:00:00+00:00,22.72237201118
2026-06-24 21:00:00+00:00,20.60137711118
2026-06-24 22:00:00+00:00,20.3744065077
2026-06-24 23:00:00+00:00,18.5474216077
2026-06-25 00:00:00+00:00,17.272110807700003
2026-06-25 01:00:00+00:00,16.8553137077
2026-06-25 02:00:00+00:00,17.081118907700002
2026-06-25 03:00:00+00:00,17.5529911077
2026-06-25 04:00:00+00:00,20.188100707700002
2026-06-25 05:00:00+00:00,20.9132225077
2026-06-25 06:00:00+00:00,16.394852607700003
2026-06-25 07:00:00+00:00,9.749837307699998
2026-06-25 08:00:00+00:00,4.557483007700007
2026-06-25 09:00:00+00:00,1.9791498076999972
2026-06-25 10:00:00+00:00,0.11425090770000423
2026-06-25 11:00:00+00:00,-0.7597076922999904
2026-06-25 12:00:00+00:00,-1.4893311922999999
2026-06-25 13:00:00+00:00,-1.6871071922999974
2026-06-25 14:00:00+00:00,-1.0113054922999964
2026-06-25 15:00:00+00:00,1.0752488076999995
2026-06-25 16:00:00+00:00,4.882858407699999
2026-06-25 17:00:00+00:00,10.958137207700005
2026-06-25 18:00:00+00:00,18.4577396077
2026-06-25 19:00:00+00:00,24.024981407700004
2026-06-25 20:00:00+00:00,24.988084507700002
2026-06-25 21:00:00+00:00,23.417164607700002
2026-06-25 22:00:00+00:00,23.67002494432
2026-06-25 23:00:00+00:00,21.947524644319998
2026-06-26 00:00:00+00:00,20.53954144432
2026-06-26 01:00:00+00:00,19.900391144320004
2026-06-26 02:00:00+00:00,19.979720144319998
2026-06-26 03:00:00+00:00,20.47315544432
2026-06-26 04:00:00+00:00,23.12981134432
2026-06-26 05:00:00+00:00,22.948438344320003
2026-06-26 06:00:00+00:00,17.42313034432
2026-06-26 07:00:00+00:00,9.856567744320003
2026-06-26 08:00:00+00:00,4.86852004432
2026-06-26 09:00:00+00:00,2.980452744320001
2026-06-26 10:00:00+00:00,2.004323444319997
2026-06-26 11:00:00+00:00,1.8470003443200014
2026-06-26 12:00:00+00:00,1.3801311443199964
2026-06-26 13:00:00+00:00,1.2181378443200046
2026-06-26 14:00:00+00:00,1.8571638443200023
2026-06-26 15:00:00+00:00,3.54870274432
2026-06-26 16:00:00+00:00,6.70280184432
2026-06-26 17:00:00+00:00,12.582093744320002
2026-06-26 18:00:00+00:00,20.075838944320004
2026-06-26 19:00:00+00:00,25.29031184432
2026-06-26 20:00:00+00:00,25.73760594432
2026-06-26 21:00:00+00:00,24.069989744320004
2026-06-26 22:00:00+00:00,22.936494523740002
2026-06-26 23:00:00+00:00,21.563823423739997
2026-06-27 00:00:00+00:00,20.33811692374
2026-06-27 01:00:00+00:00,19.784880423740002
2026-06-27 02:00:00+00:00,19.77093242374
2026-06-27 03:00:00+00:00,19.68568682374
2026-06-27 04:00:00+00:00,20.64517302374
2026-06-27 05:00:00+00:00,18.68704192374
2026-06-27 06:00:00+00:00,12.48522932374
2026-06-27 07:00:00+00:00,5.710003523739999
2026-06-27 08:00:00+00:00,2.294155523739999
2026-06-27 09:00:00+00:00,2.5066286237399993
2026-06-27 10:00:00+00:00,2.32767842374
2026-06-27 11:00:00+00:00,2.2052711237400047
2026-06-27 12:00:00+00:00,1.9138245237400007
2026-06-27 13:00:00+00:00,1.3368102237399988
2026-06-27 14:00:00+00:00,1.1861682237400046
2026-06-27 15:00:00+00:00,0.5553721237400033
2026-06-27 16:00:00+00:00,2.6948398237400006
2026-06-27 17:00:00+00:00,9.379125423740003
2026-06-27 18:00:00+00:00,17.53518562374
2026-06-27 19:00:00+00:00,23.347713923740002
2026-06-27 20:00:00+00:00,24.781047623739997
2026-06-27 21:00:00+00:00,23.57014262374
2026-06-27 22:00:00+00:00,21.872909122379998
2026-06-27 23:00:00+00:00,20.64808532238
2026-06-28 00:00:00+00:00,19.83952922238
2026-06-28 01:00:00+00:00,19.27574212238
2026-06-28 02:00:00+00:00,19.277889922379998
2026-06-28 03:00:00+00:00,19.307484622380002
2026-06-28 04:00:00+00:00,19.99103622238
2026-06-28 05:00:00+00:00,17.45201942238
2026-06-28 06:00:00+00:00,11.84390342238
2026-06-28 07:00:00+00:00,5.904910922380001
2026-06-28 08:00:00+00:00,2.9246187223800035
2026-06-28 09:00:00+00:00,2.6171117223800024
2026-06-28 10:00:00+00:00,3.194828622380001
2026-06-28 11:00:00+00:00,3.53816142238
2026-06-28 12:00:00+00:00,4.380771822380002
2026-06-28 13:00:00+00:00,3.445878922380004
2026-06-28 14:00:00+00:00,3.32091782238
2026-06-28 15:00:00+00:00,2.4993949223800023
2026-06-28 16:00:00+00:00,3.3416565223800028
2026-06-28 17:00:00+00:00,8.49339022238
2026-06-28 18:00:00+00:00,15.99769722238
2026-06-28 19:00:00+00:00,21.97897872238
2026-06-28 20:00:00+00:00,22.41997712238
2026-06-28 21:00:00+00:00,20.11084782238
2026-06-28 22:00:00+00:00,17.02417751228
2026-06-28 23:00:00+00:00,14.854851712279999
2026-06-29 00:00:00+00:00,13.936322612279998
2026-06-29 01:00:00+00:00,13.310586712280003
2026-06-29 02:00:00+00:00,13.273444312280002
2026-06-29 03:00:00+00:00,13.690468412280001
2026-06-29 04:00:00+00:00,16.592828112280003
2026-06-29 05:00:00+00:00,16.998994812280003
2026-06-29 06:00:00+00:00,11.421508812280003
2026-06-29 07:00:00+00:00,4.771023012280004
2026-06-29 08:00:00+00:00,1.720122412280002
2026-06-29 09:00:00+00:00,0.35207831228000686
2026-06-29 10:00:00+00:00,0.9064925122800034
2026-06-29 11:00:00+00:00,1.7382781122800033
2026-06-29 12:00:00+00:00,2.6799672122799976
2026-06-29 13:00:00+00:00,2.8822946122800026
2026-06-29 14:00:00+00:00,3.42033481228
2026-06-29 15:00:00+00:00,5.103711112279999
2026-06-29 16:00:00+00:00,8.126824412280001
2026-06-29 17:00:00+00:00,13.37811791228
2026-06-29 18:00:00+00:00,20.750612412280002
2026-06-29 19:00:00+00:00,25.313788112279997
2026-06-29 20:00:00+00:00,24.04716151228
2026-06-29 21:00:00+00:00,20.853755512280003
2026-06-29 22:00:00+00:00,20.206965604380002
2026-06-29 23:00:00+00:00,18.841186504379998
2026-06-30 00:00:00+00:00,18.373642104380004
2026-06-30 01:00:00+00:00,18.31464580438
2026-06-30 02:00:00+00:00,18.88444990438
2026-06-30 03:00:00+00:00,19.90804200438
2026-06-30 04:00:00+00:00,22.76137020438
2026-06-30 05:00:00+00:00,22.79536540438
2026-06-30 06:00:00+00:00,16.68310480438
2026-06-30 07:00:00+00:00,9.145299604380003
2026-06-30 08:00:00+00:00,5.193768304380008
2026-06-30 09:00:00+00:00,3.279847004380006
2026-06-30 10:00:00+00:00,3.2266121043800062
2026-06-30 11:00:00+00:00,3.3998417043800053
2026-06-30 12:00:00+00:00,3.6880829043800034
2026-06-30 13:00:00+00:00,3.46840750438
2026-06-30 14:00:00+00:00,3.741495504380005
2026-06-30 15:00:00+00:00,5.218970904380004
2026-06-30 16:00:00+00:00,8.09643610438
2026-06-30 17:00:00+00:00,13.496071804380005
2026-06-30 18:00:00+00:00,20.257769604380005
2026-06-30 19:00:00+00:00,24.210538304379998
2026-06-30 20:00:00+00:00,22.82328040438
2026-06-30 21:00:00+00:00,19.516486404380004
2026-06-30 22:00:00+00:00,17.71851040036
2026-06-30 23:00:00+00:00,15.656968400360002
2026-07-01 00:00:00+00:00,14.71086940036
2026-07-01 01:00:00+00:00,13.99855530036
2026-07-01 02:00:00+00:00,13.944211200360002
2026-07-01 03:00:00+00:00,14.370373200360001
2026-07-01 04:00:00+00:00,16.89562730036
2026-07-01 05:00:00+00:00,16.396568900360002
2026-07-01 06:00:00+00:00,10.665251500360004
2026-07-01 07:00:00+00:00,3.6466529003599994
2026-07-01 08:00:00+00:00,-0.10414429963999794
2026-07-01 09:00:00+00:00,-2.0967776996399934
2026-07-01 10:00:00+00:00,-2.301551799639995
2026-07-01 11:00:00+00:00,-2.230021599639997
2026-07-01 12:00:00+00:00,-1.9320807996399907
2026-07-01 13:00:00+00:00,-2.1052499996400016
2026-07-01 14:00:00+00:00,-1.5959631996399963
2026-07-01 15:00:00+00:00,-0.049283099640000216
2026-07-01 16:00:00+00:00,2.5461572003599997
2026-07-01 17:00:00+00:00,7.763669500360006
2026-07-01 18:00:00+00:00,14.779016000359999
2026-07-01 19:00:00+00:00,19.203405900360003
2026-07-01 20:00:00+00:00,18.441625100360003
2026-07-01 21:00:00+00:00,15.54178560036
2026-07-01 22:00:00+00:00,13.904902471260002
2026-07-01 23:00:00+00:00,11.85866267126
2026-07-02 00:00:00+00:00,10.960266571260004
2026-07-02 01:00:00+00:00,10.44028347126
2026-07-02 02:00:00+00:00,10.469298571260001
2026-07-02 03:00:00+00:00,11.032349371260004
2026-07-02 04:00:00+00:00,13.606380671260002
2026-07-02 05:00:00+00:00,13.992478671260002
2026-07-02 06:00:00+00:00,8.270821971259998
2026-07-02 07:00:00+00:00,1.6047131712600056
2026-07-02 08:00:00+00:00,0.5858133712600022
2026-07-02 09:00:00+00:00,2.4385624712600027
2026-07-02 10:00:00+00:00,2.0635816712600032
2026-07-02 11:00:00+00:00,2.7893967712600016
2026-07-02 12:00:00+00:00,2.967283071260006
2026-07-02 13:00:00+00:00,2.9344945712600037
2026-07-02 14:00:00+00:00,3.1325127712600036
2026-07-02 15:00:00+00:00,2.262076471260002
2026-07-02 16:00:00+00:00,2.0696398712600086
2026-07-02 17:00:00+00:00,6.238001871260003
2026-07-02 18:00:00+00:00,13.521790771260001
2026-07-02 19:00:00+00:00,18.653011771260005
2026-07-02 20:00:00+00:00,18.694935171260003
2026-07-02 21:00:00+00:00,16.345553071260003
2026-07-02 22:00:00+00:00,14.833591810460003
2026-07-02 23:00:00+00:00,13.355103910460002
2026-07-03 00:00:00+00:00,12.515658110459999
2026-07-03 01:00:00+00:00,12.051322210460004
2026-07-03 02:00:00+00:00,11.85568901046
2026-07-03 03:00:00+00:00,12.634526710460001
2026-07-03 04:00:00+00:00,15.141512310460001
2026-07-03 05:00:00+00:00,15.05298421046
2026-07-03 06:00:00+00:00,9.225020110460001
2026-07-03 07:00:00+00:00,2.7718819104599994
2026-07-03 08:00:00+00:00,0.37248921046000305
2026-07-03 09:00:00+00:00,-0.15468458953999686
2026-07-03 10:00:00+00:00,0.021524910460001934
2026-07-03 11:00:00+00:00,2.5140802104599977
2026-07-03 12:00:00+00:00,3.5273020104600015
2026-07-03 13:00:00+00:00,3.3158439104600035
2026-07-03 14:00:00+00:00,3.3690495104600053
2026-07-03 15:00:00+00:00,2.641382310459999
2026-07-03 16:00:00+00:00,2.6324550104599993
2026-07-03 17:00:00+00:00,6.775129010460006
2026-07-03 18:00:00+00:00,14.088558410460003
2026-07-03 19:00:00+00:00,19.845391010460002
2026-07-03 20:00:00+00:00,20.32622971046
2026-07-03 21:00:00+00:00,18.537084110460004
2026-07-03 22:00:00+00:00,17.09804217742
2026-07-03 23:00:00+00:00,15.550105577420002
2026-07-04 00:00:00+00:00,14.707419977420003
2026-07-04 01:00:00+00:00,13.705261477420002
2026-07-04 02:00:00+00:00,13.502770377420003
2026-07-04 03:00:00+00:00,13.51200817742
2026-07-04 04:00:00+00:00,14.091526677420003
2026-07-04 05:00:00+00:00,12.515171377420003
2026-07-04 06:00:00+00:00,6.161915277420004
2026-07-04 07:00:00+00:00,2.162467677420004
2026-07-04 08:00:00+00:00,1.491105077420002
2026-07-04 09:00:00+00:00,1.1494823774200036
2026-07-04 10:00:00+00:00,0.5734530774200017
2026-07-04 11:00:00+00:00,1.2624245774200027
2026-07-04 12:00:00+00:00,1.9426137774200036
2026-07-04 13:00:00+00:00,2.047210777420009
2026-07-04 14:00:00+00:00,1.595783777420003
2026-07-04 15:00:00+00:00,2.4907588774200065
2026-07-04 16:00:00+00:00,3.776538977420003
2026-07-04 17:00:00+00:00,7.759666777420005
2026-07-04 18:00:00+00:00,15.951964477419995
2026-07-04 19:00:00+00:00,21.80710157742
2026-07-04 20:00:00+00:00,22.02218577742
2026-07-04 21:00:00+00:00,19.85302087742
2026-07-04 22:00:00+00:00,17.05308947094
2026-07-04 23:00:00+00:00,16.140505770940003
2026-07-05 00:00:00+00:00,15.28213517094
2026-07-05 01:00:00+00:00,14.96781867094
2026-07-05 02:00:00+00:00,14.878196670940001
2026-07-05 03:00:00+00:00,15.151646170940001
2026-07-05 04:00:00+00:00,16.016818470940002
2026-07-05 05:00:00+00:00,13.86204297094
2026-07-05 06:00:00+00:00,7.263030070940005
2026-07-05 07:00:00+00:00,1.655572170940001
2026-07-05 08:00:00+00:00,0.7476420709400031
2026-07-05 09:00:00+00:00,-0.09881822905999726
2026-07-05 10:00:00+00:00,-1.1437446290599986
2026-07-05 11:00:00+00:00,0.6394107709400032
2026-07-05 12:00:00+00:00,2.8965259709400044
2026-07-05 13:00:00+00:00,3.575016970940002
2026-07-05 14:00:00+00:00,1.8715844709400038
2026-07-05 15:00:00+00:00,0.8323890709400068
2026-07-05 16:00:00+00:00,4.483456170940002
2026-07-05 17:00:00+00:00,11.204936670940004
2026-07-05 18:00:00+00:00,19.582987170940005
2026-07-05 19:00:00+00:00,25.560780470940003
2026-07-05 20:00:00+00:00,26.212386370940003
2026-07-05 21:00:00+00:00,23.71753697094
2026-07-05 22:00:00+00:00,21.3370403886
2026-07-05 23:00:00+00:00,20.3091868886
2026-07-06 00:00:00+00:00,19.3938418886
2026-07-06 01:00:00+00:00,18.6264805886
2026-07-06 02:00:00+00:00,18.8567880886
2026-07-06 03:00:00+00:00,19.8614036886
2026-07-06 04:00:00+00:00,22.8208911886
2026-07-06 05:00:00+00:00,23.1788454886
2026-07-06 06:00:00+00:00,17.268871388599997
2026-07-06 07:00:00+00:00,9.616751688600004
2026-07-06 08:00:00+00:00,6.572912388599999
2026-07-06 09:00:00+00:00,5.325468888600003
2026-07-06 10:00:00+00:00,4.569855788600002
2026-07-06 11:00:00+00:00,5.346581788600005
2026-07-06 12:00:00+00:00,5.716105688600006
2026-07-06 13:00:00+00:00,5.770340988600008
2026-07-06 14:00:00+00:00,6.307188488600005
2026-07-06 15:00:00+00:00,7.815538688600007
2026-07-06 16:00:00+00:00,11.539137588600006
2026-07-06 17:00:00+00:00,18.2490464886
2026-07-06 18:00:00+00:00,25.468406488599996
2026-07-06 19:00:00+00:00,30.145441988600002
2026-07-06 20:00:00+00:00,29.779203488600004
2026-07-06 21:00:00+00:00,26.6357884886
2026-07-06 22:00:00+00:00,24.97556141574
2026-07-06 23:00:00+00:00,23.78696931574
2026-07-07 00:00:00+00:00,22.62950101574
2026-07-07 01:00:00+00:00,21.68158551574
2026-07-07 02:00:00+00:00,21.682288515739998
2026-07-07 03:00:00+00:00,22.33728181574
2026-07-07 04:00:00+00:00,24.98848541574
2026-07-07 05:00:00+00:00,25.27527071574
2026-07-07 06:00:00+00:00,19.36102821574
2026-07-07 07:00:00+00:00,11.130605015740002
2026-07-07 08:00:00+00:00,7.932324915740001
2026-07-07 09:00:00+00:00,6.603082815739999
2026-07-07 10:00:00+00:00,5.75595931574
2026-07-07 11:00:00+00:00,6.435958315740006
2026-07-07 12:00:00+00:00,6.818752115740001
2026-07-07 13:00:00+00:00,6.883315515739998
2026-07-07 14:00:00+00:00,7.460785515740003
2026-07-07 15:00:00+00:00,8.67698761574
2026-07-07 16:00:00+00:00,11.785412915740007
2026-07-07 17:00:00+00:00,17.419958815740006
2026-07-07 18:00:00+00:00,24.001982015739998
2026-07-07 19:00:00+00:00,29.07106351574
2026-07-07 20:00:00+00:00,29.29999841574
2026-07-07 21:00:00+00:00,26.98699021574
2026-07-07 22:00:00+00:00,25.142653383800003
2026-07-07 23:00:00+00:00,24.103786683800003
2026-07-08 00:00:00+00:00,22.9782403838
2026-07-08 01:00:00+00:00,22.497280283800002
2026-07-08 02:00:00+00:00,22.1261296838
2026-07-08 03:00:00+00:00,22.5070662838
2026-07-08 04:00:00+00:00,24.966480483799998
2026-07-08 05:00:00+00:00,25.0491283838
2026-07-08 06:00:00+00:00,18.8636766838
2026-07-08 07:00:00+00:00,10.668192483800002
2026-07-08 08:00:00+00:00,7.166252283800002
2026-07-08 09:00:00+00:00,5.780955883800008
2026-07-08 10:00:00+00:00,4.937566483800005
2026-07-08 11:00:00+00:00,5.441616783799997
2026-07-08 12:00:00+00:00,5.477746783800001
2026-07-08 13:00:00+00:00,5.436950183800004
2026-07-08 14:00:00+00:00,5.957097583800003
2026-07-08 15:00:00+00:00,6.8758492838000045
2026-07-08 16:00:00+00:00,10.134031583800002
2026-07-08 17:00:00+00:00,16.6638822838
2026-07-08 18:00:00+00:00,24.8139366838
2026-07-08 19:00:00+00:00,30.7017466838
2026-07-08 20:00:00+00:00,30.515551383800005
2026-07-08 21:00:00+00:00,27.515104683799997
2026-07-08 22:00:00+00:00,25.642131990219998
2026-07-08 23:00:00+00:00,23.91394549022
2026-07-09 00:00:00+00:00,22.93319099022
2026-07-09 01:00:00+00:00,22.47371419022
2026-07-09 02:00:00+00:00,22.381539090220002
2026-07-09 03:00:00+00:00,23.015104890219998
2026-07-09 04:00:00+00:00,25.390118590220002
2026-07-09 05:00:00+00:00,25.39000709022
2026-07-09 06:00:00+00:00,19.38908379022
2026-07-09 07:00:00+00:00,11.719384590219995
2026-07-09 08:00:00+00:00,7.264110390220004
2026-07-09 09:00:00+00:00,5.431585490220002
2026-07-09 10:00:00+00:00,4.597197990220003
2026-07-09 11:00:00+00:00,4.873254990220001
2026-07-09 12:00:00+00:00,4.6718078902200055
2026-07-09 13:00:00+00:00,4.989666990220002
2026-07-09 14:00:00+00:00,5.421156090220002
2026-07-09 15:00:00+00:00,6.913032290219995
2026-07-09 16:00:00+00:00,10.437144890220004
2026-07-09 17:00:00+00:00,16.09103209022
2026-07-09 18:00:00+00:00,23.804340190220003
2026-07-09 19:00:00+00:00,29.022001890220004
2026-07-09 20:00:00+00:00,29.01007979022
2026-07-09 21:00:00+00:00,26.658330990219998
2026-07-09 22:00:00+00:00,25.498764054459997
2026-07-09 23:00:00+00:00,23.78157875446
2026-07-10 00:00:00+00:00,22.68886695446
2026-07-10 01:00:00+00:00,22.63163785446
2026-07-10 02:00:00+00:00,22.92713115446
2026-07-10 03:00:00+00:00,23.25692835446
2026-07-10 04:00:00+00:00,25.66759635446
2026-07-10 05:00:00+00:00,25.83254155446
2026-07-10 06:00:00+00:00,20.652366054459996
2026-07-10 07:00:00+00:00,13.599602754460005
2026-07-10 08:00:00+00:00,9.205026554459998
2026-07-10 09:00:00+00:00,6.301523354460002
2026-07-10 10:00:00+00:00,4.367413854460008
2026-07-10 11:00:00+00:00,4.010698754459998
2026-07-10 12:00:00+00:00,3.2338391544600036
2026-07-10 13:00:00+00:00,3.479558754460001
2026-07-10 14:00:00+00:00,4.320407854459997
2026-07-10 15:00:00+00:00,5.772895054460001
2026-07-10 16:00:00+00:00,8.902543554460003
2026-07-10 17:00:00+00:00,14.893356654460003
2026-07-10 18:00:00+00:00,23.255576354459997
2026-07-10 19:00:00+00:00,29.02344955446
2026-07-10 20:00:00+00:00,29.351213454459998
2026-07-10 21:00:00+00:00,27.310022854459998
2026-07-10 22:00:00+00:00,25.50537199912
2026-07-10 23:00:00+00:00,24.087060799120003
2026-07-11 00:00:00+00:00,22.594282999119997
2026-07-11 01:00:00+00:00,21.70011839912
2026-07-11 02:00:00+00:00,21.31855009912
2026-07-11 03:00:00+00:00,20.89136959912
2026-07-11 04:00:00+00:00,21.151412099119998
2026-07-11 05:00:00+00:00,19.32031059912
2026-07-11 06:00:00+00:00,13.135510999120003
2026-07-11 07:00:00+00:00,6.255225699120004
2026-07-11 08:00:00+00:00,1.8811982991200011
2026-07-11 09:00:00+00:00,0.6147087991200024
2026-07-11 10:00:00+00:00,0.6071280991200005
2026-07-11 11:00:00+00:00,0.8107820991200043
2026-07-11 12:00:00+00:00,-0.327226600879996
2026-07-11 13:00:00+00:00,-0.9269086008800009
2026-07-11 14:00:00+00:00,-0.9990171008799997
2026-07-11 15:00:00+00:00,0.1753341991200017
2026-07-11 16:00:00+00:00,3.861605999120002
2026-07-11 17:00:00+00:00,10.10691639912
2026-07-11 18:00:00+00:00,18.19905859912
2026-07-11 19:00:00+00:00,22.971048999119997
2026-07-11 20:00:00+00:00,23.88846109912
2026-07-11 21:00:00+00:00,21.86533729912
2026-07-11 22:00:00+00:00,18.3032648624
2026-07-11 23:00:00+00:00,16.8490489624
2026-07-12 00:00:00+00:00,15.316333462400001
2026-07-12 01:00:00+00:00,15.2563251624
2026-07-12 02:00:00+00:00,15.793460262400002
2026-07-12 03:00:00+00:00,16.4130285624
2026-07-12 04:00:00+00:00,16.7591145624
2026-07-12 05:00:00+00:00,15.337158362399999
2026-07-12 06:00:00+00:00,9.716838762400002
2026-07-12 07:00:00+00:00,3.4530694623999985
2026-07-12 08:00:00+00:00,-1.1540771376000016
2026-07-12 09:00:00+00:00,-3.1587120375999973
2026-07-12 10:00:00+00:00,-5.659978437599992
2026-07-12 11:00:00+00:00,-6.3054746376
2026-07-12 12:00:00+00:00,-6.319983137600001
2026-07-12 13:00:00+00:00,-6.981493537599995
2026-07-12 14:00:00+00:00,-6.563435237600004
2026-07-12 15:00:00+00:00,-5.012513237599997
2026-07-12 16:00:00+00:00,-1.0962116375999997
2026-07-12 17:00:00+00:00,5.340446062400002
2026-07-12 18:00:00+00:00,14.2087232624
2026-07-12 19:00:00+00:00,21.543650462400002
2026-07-12 20:00:00+00:00,23.024905262399997
2026-07-12 21:00:00+00:00,21.6218408624
2026-07-12 22:00:00+00:00,21.6411873824
2026-07-12 23:00:00+00:00,20.8895536824
2026-07-13 00:00:00+00:00,19.679929482400002
2026-07-13 01:00:00+00:00,19.8430546824
2026-07-13 02:00:00+00:00,20.9205644824
2026-07-13 03:00:00+00:00,21.8377278824
2026-07-13 04:00:00+00:00,24.5677357824
2026-07-13 05:00:00+00:00,25.1460989824
2026-07-13 06:00:00+00:00,19.027550082399998
2026-07-13 07:00:00+00:00,12.4364703824
2026-07-13 08:00:00+00:00,6.547888782400001
2026-07-13 09:00:00+00:00,4.212628182400003
2026-07-13 10:00:00+00:00,2.725605482399999
2026-07-13 11:00:00+00:00,2.5737326824000064
2026-07-13 12:00:00+00:00,2.1338439823999984
2026-07-13 13:00:00+00:00,2.080601982400001
2026-07-13 14:00:00+00:00,3.037374882399998
2026-07-13 15:00:00+00:00,4.459974982399999
2026-07-13 16:00:00+00:00,8.1413240824
2026-07-13 17:00:00+00:00,14.399041282400002
2026-07-13 18:00:00+00:00,23.3440498824
2026-07-13 19:00:00+00:00,29.992506882400004
2026-07-13 20:00:00+00:00,29.2243243824
2026-07-13 21:00:00+00:00,26.5401214824
2026-07-13 22:00:00+00:00,25.935404835219998
2026-07-13 23:00:00+00:00,24.66232953522
2026-07-14 00:00:00+00:00,23.07824183522
2026-07-14 01:00:00+00:00,22.96716983522
2026-07-14 02:00:00+00:00,23.679153435219998
2026-07-14 03:00:00+00:00,24.25585353522
2026-07-14 04:00:00+00:00,26.56736933522
2026-07-14 05:00:00+00:00,26.56439083522
2026-07-14 06:00:00+00:00,20.461777235219998
2026-07-14 07:00:00+00:00,13.206725135220008
2026-07-14 08:00:00+00:00,7.305394235220003
2026-07-14 09:00:00+00:00,5.056837335220006
2026-07-14 10:00:00+00:00,3.40179373522
2026-07-14 11:00:00+00:00,3.014269835220002
2026-07-14 12:00:00+00:00,2.3201402352200056
2026-07-14 13:00:00+00:00,1.8022784352200034
2026-07-14 14:00:00+00:00,2.362848635220004
2026-07-14 15:00:00+00:00,3.589967035220006
2026-07-14 16:00:00+00:00,7.250952335219999
2026-07-14 17:00:00+00:00,13.838090435220003
2026-07-14 18:00:00+00:00,22.11578453522
2026-07-14 19:00:00+00:00,28.370784735220003
2026-07-14 20:00:00+00:00,27.99660793522
2026-07-14 21:00:00+00:00,25.71628833522
2026-07-14 22:00:00+00:00,24.165135989760003
2026-07-14 23:00:00+00:00,23.181344789759997
2026-07-15 00:00:00+00:00,21.85194178976
2026-07-15 01:00:00+00:00,21.75230308976
2026-07-15 02:00:00+00:00,22.54414868976
2026-07-15 03:00:00+00:00,23.23829538976
2026-07-15 04:00:00+00:00,25.43321348976
2026-07-15 05:00:00+00:00,25.791611489759998
2026-07-15 06:00:00+00:00,20.552132189760002
2026-07-15 07:00:00+00:00,14.292505189760007
2026-07-15 08:00:00+00:00,8.463427689760003
2026-07-15 09:00:00+00:00,6.299697389760002
2026-07-15 10:00:00+00:00,4.849503889760001
2026-07-15 11:00:00+00:00,4.625023089760006
2026-07-15 12:00:00+00:00,4.321637989759999
2026-07-15 13:00:00+00:00,4.046669089760002
2026-07-15 14:00:00+00:00,4.645402089760005
2026-07-15 15:00:00+00:00,6.1803408897599965
2026-07-15 16:00:00+00:00,9.744297289760006
2026-07-15 17:00:00+00:00,16.031667989760003
2026-07-15 18:00:00+00:00,24.29170918976
2026-07-15 19:00:00+00:00,30.15936068976
2026-07-15 20:00:00+00:00,29.23806858976
2026-07-15 21:00:00+00:00,26.33016998976
2026-07-15 22:00:00+00:00,25.0462478822
2026-07-15 23:00:00+00:00,23.3786816822
2026-07-16 00:00:00+00:00,22.3453612822
2026-07-16 01:00:00+00:00,22.0501176822
2026-07-16 02:00:00+00:00,22.2969954822
2026-07-16 03:00:00+00:00,23.064428682200003
2026-07-16 04:00:00+00:00,25.3899160822
2026-07-16 05:00:00+00:00,26.528346682200002
2026-07-16 06:00:00+00:00,22.0950687822
2026-07-16 07:00:00+00:00,15.142430582199996
2026-07-16 08:00:00+00:00,10.317741182200002
2026-07-16 09:00:00+00:00,7.629989382200002
2026-07-16 10:00:00+00:00,5.580494682199998
2026-07-16 11:00:00+00:00,4.700137082199998
2026-07-16 12:00:00+00:00,3.5256628822000025
2026-07-16 13:00:00+00:00,2.4658379822
2026-07-16 14:00:00+00:00,2.254839582199999
2026-07-16 15:00:00+00:00,3.8787835822000076
2026-07-16 16:00:00+00:00,7.140937382200001
2026-07-16 17:00:00+00:00,12.7764111822
2026-07-16 18:00:00+00:00,21.6379185822
2026-07-16 19:00:00+00:00,27.722590382200003
2026-07-16 20:00:00+00:00,27.218837582200003
2026-07-16 21:00:00+00:00,24.9375851822
2026-07-16 22:00:00+00:00,23.235337372420002
2026-07-16 23:00:00+00:00,22.03919107242
2026-07-17 00:00:00+00:00,21.417855772419998
2026-07-17 01:00:00+00:00,21.11246977242
2026-07-17 02:00:00+00:00,21.14626747242
2026-07-17 03:00:00+00:00,21.819169272419998
2026-07-17 04:00:00+00:00,24.06380767242
2026-07-17 05:00:00+00:00,25.01121877242
2026-07-17 06:00:00+00:00,19.49604557242
2026-07-17 07:00:00+00:00,11.977823172420003
2026-07-17 08:00:00+00:00,7.393355572419999
2026-07-17 09:00:00+00:00,5.701140872419998
2026-07-17 10:00:00+00:00,5.053842472420001
2026-07-17 11:00:00+00:00,5.508645072420002
2026-07-17 12:00:00+00:00,5.011214872419998
2026-07-17 13:00:00+00:00,4.1761930724199985
2026-07-17 14:00:00+00:00,3.6925225724200033
2026-07-17 15:00:00+00:00,5.2155695724200015
2026-07-17 16:00:00+00:00,8.163666472420005
2026-07-17 17:00:00+00:00,13.517472772420007
2026-07-17 18:00:00+00:00,21.55230537242
2026-07-17 19:00:00+00:00,26.91275157242
2026-07-17 20:00:00+00:00,25.220164372419998
2026-07-17 21:00:00+00:00,22.809186172420002
2026-07-17 22:00:00+00:00,22.47603915442
2026-07-17 23:00:00+00:00,20.72610165442
2026-07-18 00:00:00+00:00,19.651400754420003
2026-07-18 01:00:00+00:00,18.77330445442
2026-07-18 02:00:00+00:00,18.652595654419997
2026-07-18 03:00:00+00:00,19.19109405442
2026-07-18 04:00:00+00:00,20.858380254420002
2026-07-18 05:00:00+00:00,19.87856385442
2026-07-18 06:00:00+00:00,14.91140805442
2026-07-18 07:00:00+00:00,7.7825700544200025
2026-07-18 08:00:00+00:00,3.6977963544199994
2026-07-18 09:00:00+00:00,1.8014603544200014
2026-07-18 10:00:00+00:00,0.9654569544200022
2026-07-18 11:00:00+00:00,0.7833910544200045
2026-07-18 12:00:00+00:00,0.6399868544200018
2026-07-18 13:00:00+00:00,-0.0915460455799959
2026-07-18 14:00:00+00:00,-0.34387334557999694
2026-07-18 15:00:00+00:00,0.5632790544200006
2026-07-18 16:00:00+00:00,4.232725654420005
2026-07-18 17:00:00+00:00,10.16591955442
2026-07-18 18:00:00+00:00,18.15811125442
2026-07-18 19:00:00+00:00,23.575820454420004
2026-07-18 20:00:00+00:00,23.446961454420002
2026-07-18 21:00:00+00:00,21.35440445442
2026-07-18 22:00:00+00:00,18.80196984822
2026-07-18 23:00:00+00:00,17.521987648219998
2026-07-19 00:00:00+00:00,16.77221404822
2026-07-19 01:00:00+00:00,16.48802784822
2026-07-19 02:00:00+00:00,16.590258348219997
2026-07-19 03:00:00+00:00,17.47933954822
2026-07-19 04:00:00+00:00,18.31340264822
2026-07-19 05:00:00+00:00,16.551180448220002
2026-07-19 06:00:00+00:00,11.058551348220002
2026-07-19 07:00:00+00:00,4.298530248220004
2026-07-19 08:00:00+00:00,1.4829617482199993
2026-07-19 09:00:00+00:00,0.39702974822000314
2026-07-19 10:00:00+00:00,0.2918044482200024
2026-07-19 11:00:00+00:00,0.7725812482199963
2026-07-19 12:00:00+00:00,0.8100828482200022
2026-07-19 13:00:00+00:00,-0.4505104517800014
2026-07-19 14:00:00+00:00,-0.9837871517799961
2026-07-19 15:00:00+00:00,-0.18498875178000063
2026-07-19 16:00:00+00:00,2.621434048220003
2026-07-19 17:00:00+00:00,8.22492894822
2026-07-19 18:00:00+00:00,16.779784248220004
2026-07-19 19:00:00+00:00,23.35652164822
2026-07-19 20:00:00+00:00,24.160008448220005
2026-07-19 21:00:00+00:00,21.63813814822
2026-07-19 22:00:00+00:00,20.8113730755
2026-07-19 23:00:00+00:00,19.528603175500002
2026-07-20 00:00:00+00:00,18.732525975500003
2026-07-20 01:00:00+00:00,18.6490057755
2026-07-20 02:00:00+00:00,19.4003748755
2026-07-20 03:00:00+00:00,20.9179299755
2026-07-20 04:00:00+00:00,23.7475314755
2026-07-20 05:00:00+00:00,25.334970375500003
2026-07-20 06:00:00+00:00,19.6392911755
2026-07-20 07:00:00+00:00,12.7899291755
2026-07-20 08:00:00+00:00,8.607794675500003
2026-07-20 09:00:00+00:00,6.250193875500006
2026-07-20 10:00:00+00:00,4.7238388755
2026-07-20 11:00:00+00:00,4.620559475500006
2026-07-20 12:00:00+00:00,4.150140775500006
2026-07-20 13:00:00+00:00,3.665960075500003
2026-07-20 14:00:00+00:00,4.014340975499998
2026-07-20 15:00:00+00:00,5.3027512755
2026-07-20 16:00:00+00:00,8.721469075500003
2026-07-20 17:00:00+00:00,13.858857975500001
2026-07-20 18:00:00+00:00,22.0847757755
2026-07-20 19:00:00+00:00,27.3631195755
2026-07-20 20:00:00+00:00,26.003677375500004
2026-07-20 21:00:00+00:00,22.8128352755
2026-07-20 22:00:00+00:00,21.67518752214
2026-07-20 23:00:00+00:00,20.04803022214
2026-07-21 00:00:00+00:00,19.175232322139998
2026-07-21 01:00:00+00:00,18.949178022139996
2026-07-21 02:00:00+00:00,19.38626792214
2026-07-21 03:00:00+00:00,20.523804022140002
2026-07-21 04:00:00+00:00,22.91973502214
2026-07-21 05:00:00+00:00,24.39655692214
2026-07-21 06:00:00+00:00,20.26042592214
2026-07-21 07:00:00+00:00,13.65518482214
2026-07-21 08:00:00+00:00,9.404634122140006
2026-07-21 09:00:00+00:00,7.18825612214
2026-07-21 10:00:00+00:00,6.228081422140004
2026-07-21 11:00:00+00:00,6.569924122139998
2026-07-21 12:00:00+00:00,6.634198022140005
2026-07-21 13:00:00+00:00,6.407393622140006
2026-07-21 14:00:00+00:00,7.2076596221399996
2026-07-21 15:00:00+00:00,8.867435522139996
2026-07-21 16:00:00+00:00,12.127740222140002
2026-07-21 17:00:00+00:00,17.59374512214
2026-07-21 18:00:00+00:00,24.45049552214
2026-07-21 19:00:00+00:00,28.485550922140003
2026-07-21 20:00:00+00:00,27.02305082214
2026-07-21 21:00:00+00:00,24.317240522139997
2026-07-21 22:00:00+00:00,22.75904965638
2026-07-21 23:00:00+00:00,21.35823845638
2026-07-22 00:00:00+00:00,20.58146845638
2026-07-22 01:00:00+00:00,20.62042775638
2026-07-22 02:00:00+00:00,21.23201425638
2026-07-22 03:00:00+00:00,22.455959856379998
2026-07-22 04:00:00+00:00,24.88449595638
2026-07-22 05:00:00+00:00,26.653471056380003
2026-07-22 06:00:00+00:00,22.558532656380002
2026-07-22 07:00:00+00:00,15.660846056379999
2026-07-22 08:00:00+00:00,11.091885656380004
2026-07-22 09:00:00+00:00,8.583626656380005
2026-07-22 10:00:00+00:00,7.21391935638
2026-07-22 11:00:00+00:00,7.133428956379998
2026-07-22 12:00:00+00:00,6.827692956380002
2026-07-22 13:00:00+00:00,6.319254156380005
2026-07-22 14:00:00+00:00,6.999668456380004
2026-07-22 15:00:00+00:00,8.701158056379995
2026-07-22 16:00:00+00:00,12.089651356380003
2026-07-22 17:00:00+00:00,17.843092356380005
2026-07-22 18:00:00+00:00,25.64509655638
2026-07-22 19:00:00+00:00,30.773031456380004
2026-07-22 20:00:00+00:00,29.927080456379997
2026-07-22 21:00:00+00:00,27.16435295638
2026-07-22 22:00:00+00:00,25.670613960300003
2026-07-22 23:00:00+00:00,24.3664418603
2026-07-23 00:00:00+00:00,23.0827797603
2026-07-23 01:00:00+00:00,22.7839692603
2026-07-23 02:00:00+00:00,22.6968073603
2026-07-23 03:00:00+00:00,23.3251618603
2026-07-23 04:00:00+00:00,25.5391836603
2026-07-23 05:00:00+00:00,26.6267380603
2026-07-23 06:00:00+00:00,20.878879260299996
2026-07-23 07:00:00+00:00,13.372232560299995
2026-07-23 08:00:00+00:00,8.965608360300006
2026-07-23 09:00:00+00:00,6.826335660300003
2026-07-23 10:00:00+00:00,5.422791560300002
2026-07-23 11:00:00+00:00,5.115652160300005
2026-07-23 12:00:00+00:00,4.788198560300003
2026-07-23 13:00:00+00:00,4.762858460300002
2026-07-23 14:00:00+00:00,5.184940860300003
2026-07-23 15:00:00+00:00,7.223837060299999
2026-07-23 16:00:00+00:00,10.523385060300004
2026-07-23 17:00:00+00:00,15.9778151603
2026-07-23 18:00:00+00:00,24.069465060299997
2026-07-23 19:00:00+00:00,30.084368960300004
2026-07-23 20:00:00+00:00,29.7915216603
2026-07-23 21:00:00+00:00,27.412498360300003
2026-07-23 22:00:00+00:00,26.37751841196
2026-07-23 23:00:00+00:00,24.83362091196
2026-07-24 00:00:00+00:00,23.501639311960002
2026-07-24 01:00:00+00:00,22.95185201196
2026-07-24 02:00:00+00:00,22.37749371196
2026-07-24 03:00:00+00:00,22.99647131196
2026-07-24 04:00:00+00:00,24.77028671196
2026-07-24 05:00:00+00:00,25.76707111196
2026-07-24 06:00:00+00:00,20.40478921196
2026-07-24 07:00:00+00:00,12.342163711960001
2026-07-24 08:00:00+00:00,7.038784411960002
2026-07-24 09:00:00+00:00,3.7732936119600033
2026-07-24 10:00:00+00:00,1.6407575119599969
2026-07-24 11:00:00+00:00,1.2489742119599967
2026-07-24 12:00:00+00:00,0.28918211196000243
2026-07-24 13:00:00+00:00,-1.1211930880400018
2026-07-24 14:00:00+00:00,-1.6494000880400037
2026-07-24 15:00:00+00:00,-0.38382518803999943
2026-07-24 16:00:00+00:00,2.4380673119599976
2026-07-24 17:00:00+00:00,8.166487611960005
2026-07-24 18:00:00+00:00,16.963623911960003
2026-07-24 19:00:00+00:00,23.36216471196
2026-07-24 20:00:00+00:00,23.724316611960003
2026-07-24 21:00:00+00:00,22.086374511960003
2026-07-24 22:00:00+00:00,21.465619333840003
2026-07-24 23:00:00+00:00,20.581493733840002
2026-07-25 00:00:00+00:00,19.33663113384
2026-07-25 01:00:00+00:00,19.00519213384
2026-07-25 02:00:00+00:00,18.63148973384
2026-07-25 03:00:00+00:00,18.28069623384
2026-07-25 04:00:00+00:00,18.89905313384
2026-07-25 05:00:00+00:00,17.65803263384
2026-07-25 06:00:00+00:00,12.183881833840001
2026-07-25 07:00:00+00:00,3.8335046338400076
2026-07-25 08:00:00+00:00,0.8996258338400018
2026-07-25 09:00:00+00:00,0.25382123384000366
2026-07-25 10:00:00+00:00,-1.021951166160001
2026-07-25 11:00:00+00:00,-0.704063566159995
2026-07-25 12:00:00+00:00,-0.5198830661599949
2026-07-25 13:00:00+00:00,-0.7065873661599973
2026-07-25 14:00:00+00:00,-0.6022163661599969
2026-07-25 15:00:00+00:00,-0.7324628661599988
2026-07-25 16:00:00+00:00,-0.1388631661599966
2026-07-25 17:00:00+00:00,4.943704133840001
2026-07-25 18:00:00+00:00,13.444931933840003
2026-07-25 19:00:00+00:00,19.03150203384
2026-07-25 20:00:00+00:00,19.673918133839997
2026-07-25 21:00:00+00:00,18.22045683384
2026-07-25 22:00:00+00:00,16.966834915840003
2026-07-25 23:00:00+00:00,16.07087431584
2026-07-26 00:00:00+00:00,15.219757515840001
2026-07-26 01:00:00+00:00,14.877284215840001
2026-07-26 02:00:00+00:00,14.793244215839998
2026-07-26 03:00:00+00:00,15.082220015839999
2026-07-26 04:00:00+00:00,16.012779615840003
2026-07-26 05:00:00+00:00,14.666576015839999
2026-07-26 06:00:00+00:00,7.5511139158399985
2026-07-26 07:00:00+00:00,0.0341847158399986
2026-07-26 08:00:00+00:00,-2.03230228416
2026-07-26 09:00:00+00:00,-2.9634880841600015
2026-07-26 10:00:00+00:00,-3.709302184160002
2026-07-26 11:00:00+00:00,-3.2417579841599995
2026-07-26 12:00:00+00:00,-1.8895915841600015
2026-07-26 13:00:00+00:00,-2.0885653841600025
2026-07-26 14:00:00+00:00,-1.8890410841599987
2026-07-26 15:00:00+00:00,-0.48545378415999707
2026-07-26 16:00:00+00:00,0.7354884158400026
2026-07-26 17:00:00+00:00,5.8181073158400025
2026-07-26 18:00:00+00:00,15.782671115840001
2026-07-26 19:00:00+00:00,22.52411471584
2026-07-26 20:00:00+00:00,22.96650171584
2026-07-26 21:00:00+00:00,20.25708541584
2026-07-26 22:00:00+00:00,19.316919778219997
2026-07-26 23:00:00+00:00,17.903320378220002
2026-07-27 00:00:00+00:00,16.55365787822
2026-07-27 01:00:00+00:00,15.960370478220002
2026-07-27 02:00:00+00:00,15.76243757822
2026-07-27 03:00:00+00:00,16.49536077822
2026-07-27 04:00:00+00:00,19.923354178220002
2026-07-27 05:00:00+00:00,21.508737178220002
2026-07-27 06:00:00+00:00,15.305841078220004
2026-07-27 07:00:00+00:00,7.085150578219999
2026-07-27 08:00:00+00:00,2.371674778220001
2026-07-27 09:00:00+00:00,1.4251444782200018
2026-07-27 10:00:00+00:00,0.46858417821999865
2026-07-27 11:00:00+00:00,0.23929917822000846
2026-07-27 12:00:00+00:00,0.6915039782200054
2026-07-27 13:00:00+00:00,0.8312630782199975
2026-07-27 14:00:00+00:00,1.7179996782199964
2026-07-27 15:00:00+00:00,3.719674278220001
2026-07-27 16:00:00+00:00,7.530906978219999
2026-07-27 17:00:00+00:00,14.08688077822
2026-07-27 18:00:00+00:00,23.74621767822
2026-07-27 19:00:00+00:00,29.397806878220003
2026-07-27 20:00:00+00:00,27.687455478220002
2026-07-27 21:00:00+00:00,24.39592767822
2026-07-27 22:00:00+00:00,23.889361155819998
2026-07-27 23:00:00+00:00,22.68675665582
2026-07-28 00:00:00+00:00,21.65514965582
2026-07-28 01:00:00+00:00,21.258965455820004
2026-07-28 02:00:00+00:00,21.04563045582
2026-07-28 03:00:00+00:00,21.555919955820002
2026-07-28 04:00:00+00:00,24.493922855820003
2026-07-28 05:00:00+00:00,25.50515625582
2026-07-28 06:00:00+00:00,19.857391355820003
2026-07-28 07:00:00+00:00,11.412017355820005
2026-07-28 08:00:00+00:00,5.705474755819999
2026-07-28 09:00:00+00:00,3.659911555819999
2026-07-28 10:00:00+00:00,2.27284815582
2026-07-28 11:00:00+00:00,1.899730655820001
2026-07-28 12:00:00+00:00,2.270003355820002
2026-07-28 13:00:00+00:00,2.463580655820003
2026-07-28 14:00:00+00:00,3.3950038558200077
2026-07-28 15:00:00+00:00,5.7421734558200015
2026-07-28 16:00:00+00:00,10.06531495582
2026-07-28 17:00:00+00:00,17.258700755819998
2026-07-28 18:00:00+00:00,26.02840625582
2026-07-28 19:00:00+00:00,30.951628555819998
2026-07-28 20:00:00+00:00,29.36805915582
2026-07-28 21:00:00+00:00,26.30614555582
2026-07-28 22:00:00+00:00,25.120052083700003
2026-07-28 23:00:00+00:00,23.5762184837
2026-07-29 00:00:00+00:00,22.2313321837
2026-07-29 01:00:00+00:00,21.757049083699997
2026-07-29 02:00:00+00:00,21.6804172837
2026-07-29 03:00:00+00:00,22.3175550837
2026-07-29 04:00:00+00:00,25.1003655837
2026-07-29 05:00:00+00:00,26.2745329837
2026-07-29 06:00:00+00:00,20.9249544837
2026-07-29 07:00:00+00:00,12.6889448837
2026-07-29 08:00:00+00:00,6.891012583700004
2026-07-29 09:00:00+00:00,4.465843383700001
2026-07-29 10:00:00+00:00,2.8339997837000013
2026-07-29 11:00:00+00:00,2.403663983700003
2026-07-29 12:00:00+00:00,2.5614344837000047
2026-07-29 13:00:00+00:00,2.536591083700003
2026-07-29 14:00:00+00:00,3.175772883700006
2026-07-29 15:00:00+00:00,4.998246583699995
2026-07-29 16:00:00+00:00,8.6926291837
2026-07-29 17:00:00+00:00,15.438725283700002
2026-07-29 18:00:00+00:00,24.147523383699998
2026-07-29 19:00:00+00:00,29.255297983699997
2026-07-29 20:00:00+00:00,27.969298783699998
2026-07-29 21:00:00+00:00,25.1606927837
2026-07-29 22:00:00+00:00,22.8591008676
2026-07-29 23:00:00+00:00,21.8842756676
2026-07-30 00:00:00+00:00,21.323076667600002
2026-07-30 01:00:00+00:00,21.3819665676
2026-07-30 02:00:00+00:00,21.7504357676
2026-07-30 03:00:00+00:00,22.6058558676
2026-07-30 04:00:00+00:00,25.2237670676
2026-07-30 05:00:00+00:00,26.2995621676
2026-07-30 06:00:00+00:00,21.3427924676
2026-07-30 07:00:00+00:00,13.0795631676
2026-07-30 08:00:00+00:00,7.279819967600002
2026-07-30 09:00:00+00:00,4.7745567676
2026-07-30 10:00:00+00:00,3.491571367599999
2026-07-30 11:00:00+00:00,3.396257267600003
2026-07-30 12:00:00+00:00,3.433104667599995
2026-07-30 13:00:00+00:00,2.9556454676
2026-07-30 14:00:00+00:00,3.3994854676000053
2026-07-30 15:00:00+00:00,5.2466362676
2026-07-30 16:00:00+00:00,9.049847767600003
2026-07-30 17:00:00+00:00,15.883690767599997
2026-07-30 18:00:00+00:00,24.389397367599997
2026-07-30 19:00:00+00:00,29.5699625676
2026-07-30 20:00:00+00:00,28.8021613676
2026-07-30 21:00:00+00:00,26.608437967599997
2026-07-30 22:00:00+00:00,25.06734181302
2026-07-30 23:00:00+00:00,23.619755413020002
2026-07-31 00:00:00+00:00,22.599625213019998
2026-07-31 01:00:00+00:00,22.37555261302
2026-07-31 02:00:00+00:00,22.49859131302
2026-07-31 03:00:00+00:00,23.25591181302
2026-07-31 04:00:00+00:00,25.030240213019997
2026-07-31 05:00:00+00:00,26.31497341302
2026-07-31 06:00:00+00:00,21.622261713020002
2026-07-31 07:00:00+00:00,13.708629113019995
2026-07-31 08:00:00+00:00,7.982310213020003
2026-07-31 09:00:00+00:00,5.6810947130199985
2026-07-31 10:00:00+00:00,4.67900291302
2026-07-31 11:00:00+00:00,4.253273513020002
2026-07-31 12:00:00+00:00,3.723130613020011
2026-07-31 13:00:00+00:00,3.1904089130200077
2026-07-31 14:00:00+00:00,3.0698572130200006
2026-07-31 15:00:00+00:00,4.547831913020001
2026-07-31 16:00:00+00:00,7.84557041302001
2026-07-31 17:00:00+00:00,14.30097921302
2026-07-31 18:00:00+00:00,22.08842661302
2026-07-31 19:00:00+00:00,26.74955211302
2026-07-31 20:00:00+00:00,26.168811613020004
2026-07-31 21:00:00+00:00,24.00991261302
2026-07-31 22:00:00+00:00,23.483586152
2026-07-31 23:00:00+00:00,22.291594452000002
2026-08-01 00:00:00+00:00,20.949835552
2026-08-01 01:00:00+00:00,20.482310952000002
2026-08-01 02:00:00+00:00,20.544097352
2026-08-01 03:00:00+00:00,20.275707552
2026-08-01 04:00:00+00:00,20.899699952
2026-08-01 05:00:00+00:00,20.854587352
2026-08-01 06:00:00+00:00,15.939755351999999
2026-08-01 07:00:00+00:00,7.721236851999997
2026-08-01 08:00:00+00:00,3.0924819520000035
2026-08-01 09:00:00+00:00,1.5372131520000067
2026-08-01 10:00:00+00:00,0.3262847519999994
2026-08-01 11:00:00+00:00,0.8554044520000019
2026-08-01 12:00:00+00:00,1.0704440520000063
2026-08-01 13:00:00+00:00,0.6134189520000035
2026-08-01 14:00:00+00:00,0.7196521520000019
2026-08-01 15:00:00+00:00,2.0584774520000018
2026-08-01 16:00:00+00:00,5.677699452000002
2026-08-01 17:00:00+00:00,12.640060452000004
2026-08-01 18:00:00+00:00,20.909683452
2026-08-01 19:00:00+00:00,25.940706952
2026-08-01 20:00:00+00:00,26.024009452
2026-08-01 21:00:00+00:00,24.245916852
2026-08-01 22:00:00+00:00,22.279640696519998
2026-08-01 23:00:00+00:00,21.33605279652
2026-08-02 00:00:00+00:00,20.513941896520002
2026-08-02 01:00:00+00:00,20.13660579652
2026-08-02 02:00:00+00:00,19.76290379652
2026-08-02 03:00:00+00:00,19.76817649652
2026-08-02 04:00:00+00:00,19.91701469652
2026-08-02 05:00:00+00:00,18.44554269652
2026-08-02 06:00:00+00:00,12.019207496519998
2026-08-02 07:00:00+00:00,3.5948498965199995
2026-08-02 08:00:00+00:00,-0.8061703034799983
2026-08-02 09:00:00+00:00,-2.050714703479997
2026-08-02 10:00:00+00:00,-3.156315403479997
2026-08-02 11:00:00+00:00,-3.5550574034799993
2026-08-02 12:00:00+00:00,-3.052899503479999
2026-08-02 13:00:00+00:00,-3.3748184034799955
2026-08-02 14:00:00+00:00,-3.0822055034799973
2026-08-02 15:00:00+00:00,-1.3917948034799963
2026-08-02 16:00:00+00:00,2.3003643965200062
2026-08-02 17:00:00+00:00,9.602127596520003
2026-08-02 18:00:00+00:00,19.102229996520002
2026-08-02 19:00:00+00:00,24.928350496519997
2026-08-02 20:00:00+00:00,25.30868199652
2026-08-02 21:00:00+00:00,23.10259639652
2026-08-02 22:00:00+00:00,22.25409584152
2026-08-02 23:00:00+00:00,21.01917324152
2026-08-03 00:00:00+00:00,20.007723641520002
2026-08-03 01:00:00+00:00,19.72299474152
2026-08-03 02:00:00+00:00,19.121045441520003
2026-08-03 03:00:00+00:00,19.594291641519998
2026-08-03 04:00:00+00:00,22.49544724152
2026-08-03 05:00:00+00:00,23.81214574152
2026-08-03 06:00:00+00:00,21.21901474152
2026-08-03 07:00:00+00:00,15.953110941520002
2026-08-03 08:00:00+00:00,10.666782141520002
2026-08-03 09:00:00+00:00,7.23226004152
2026-08-03 10:00:00+00:00,5.381498141519998
2026-08-03 11:00:00+00:00,5.020727341520004
2026-08-03 12:00:00+00:00,4.565337241520009
2026-08-03 13:00:00+00:00,3.76006704152001
2026-08-03 14:00:00+00:00,3.5873215415200015
2026-08-03 15:00:00+00:00,4.813380041520002
2026-08-03 16:00:00+00:00,7.9004786415199995
2026-08-03 17:00:00+00:00,14.067739141520004
2026-08-03 18:00:00+00:00,23.07889254152
2026-08-03 19:00:00+00:00,28.03266544152
2026-08-03 20:00:00+00:00,27.050679941520002
2026-08-03 21:00:00+00:00,24.416607941520002
2026-08-03 22:00:00+00:00,25.03593195806
2026-08-03 23:00:00+00:00,23.439199558059997
2026-08-04 00:00:00+00:00,22.203015558060002
2026-08-04 01:00:00+00:00,21.82804975806
2026-08-04 02:00:00+00:00,21.60339815806
2026-08-04 03:00:00+00:00,21.96715075806
2026-08-04 04:00:00+00:00,24.21365575806
2026-08-04 05:00:00+00:00,25.06274365806
2026-08-04 06:00:00+00:00,20.09166595806
2026-08-04 07:00:00+00:00,11.37725765806
2026-08-04 08:00:00+00:00,5.771679958060005
2026-08-04 09:00:00+00:00,3.2989839580600027
2026-08-04 10:00:00+00:00,2.3534360580600016
2026-08-04 11:00:00+00:00,2.255425158060003
2026-08-04 12:00:00+00:00,2.104250558060002
2026-08-04 13:00:00+00:00,1.5710607580600033
2026-08-04 14:00:00+00:00,1.894543558060004
2026-08-04 15:00:00+00:00,3.532132758060005
2026-08-04 16:00:00+00:00,7.320849458060003
2026-08-04 17:00:00+00:00,14.66009195806
2026-08-04 18:00:00+00:00,24.15816255806
2026-08-04 19:00:00+00:00,29.09468685806
2026-08-04 20:00:00+00:00,27.690421058059997
2026-08-04 21:00:00+00:00,24.67841965806
2026-08-04 22:00:00+00:00,24.00023502244
2026-08-04 23:00:00+00:00,22.64481372244
2026-08-05 00:00:00+00:00,21.57406662244
2026-08-05 01:00:00+00:00,21.206057822440002
2026-08-05 02:00:00+00:00,21.000209722439998
2026-08-05 03:00:00+00:00,21.51505352244
2026-08-05 04:00:00+00:00,23.85106642244
2026-08-05 05:00:00+00:00,25.17436662244
2026-08-05 06:00:00+00:00,20.54483892244
2026-08-05 07:00:00+00:00,12.00303992244
2026-08-05 08:00:00+00:00,6.4311357224400005
2026-08-05 09:00:00+00:00,3.842127122440001
2026-08-05 10:00:00+00:00,2.990755022440002
2026-08-05 11:00:00+00:00,3.1186162224399965
2026-08-05 12:00:00+00:00,3.0506037224399982
2026-08-05 13:00:00+00:00,2.4096652224399975
2026-08-05 14:00:00+00:00,2.7820184224399966
2026-08-05 15:00:00+00:00,4.577384122439998
2026-08-05 16:00:00+00:00,8.109357122439999
2026-08-05 17:00:00+00:00,14.667520822440004
2026-08-05 18:00:00+00:00,23.082879022440004
2026-08-05 19:00:00+00:00,27.29256222244
2026-08-05 20:00:00+00:00,25.67316612244
2026-08-05 21:00:00+00:00,22.79061542244
2026-08-05 22:00:00+00:00,21.67246146312
2026-08-05 23:00:00+00:00,20.249432563120003
2026-08-06 00:00:00+00:00,19.199113663120002
2026-08-06 01:00:00+00:00,18.973712063119997
2026-08-06 02:00:00+00:00,18.96855646312
2026-08-06 03:00:00+00:00,20.11371406312
2026-08-06 04:00:00+00:00,22.05416506312
2026-08-06 05:00:00+00:00,23.52400076312
2026-08-06 06:00:00+00:00,18.32145856312
2026-08-06 07:00:00+00:00,9.940910963120004
2026-08-06 08:00:00+00:00,4.516114463120001
2026-08-06 09:00:00+00:00,2.5847760631199996
2026-08-06 10:00:00+00:00,1.822018663120005
2026-08-06 11:00:00+00:00,2.260109763120006
2026-08-06 12:00:00+00:00,2.966742363120005
2026-08-06 13:00:00+00:00,2.630305263120004
2026-08-06 14:00:00+00:00,2.9896404631200006
2026-08-06 15:00:00+00:00,4.4023020631200005
2026-08-06 16:00:00+00:00,7.762455563120007
2026-08-06 17:00:00+00:00,14.420801963119999
2026-08-06 18:00:00+00:00,23.089528263120002
2026-08-06 19:00:00+00:00,27.800726163120004
2026-08-06 20:00:00+00:00,26.559671963120003
2026-08-06 21:00:00+00:00,23.839317963120003
2026-08-06 22:00:00+00:00,23.152423945000002
2026-08-06 23:00:00+00:00,21.701250145000003
2026-08-07 00:00:00+00:00,20.830204345
2026-08-07 01:00:00+00:00,20.503856245
2026-08-07 02:00:00+00:00,20.633185044999998
2026-08-07 03:00:00+00:00,21.396521745
2026-08-07 04:00:00+00:00,23.427174844999996
2026-08-07 05:00:00+00:00,25.271946445
2026-08-07 06:00:00+00:00,19.991964145
2026-08-07 07:00:00+00:00,10.763241545000003
2026-08-07 08:00:00+00:00,5.1631703449999975
2026-08-07 09:00:00+00:00,3.2001806449999997
2026-08-07 10:00:00+00:00,2.2896867450000045
2026-08-07 11:00:00+00:00,2.819516744999998
2026-08-07 12:00:00+00:00,2.6659978449999997
2026-08-07 13:00:00+00:00,2.2659195450000027
2026-08-07 14:00:00+00:00,2.8819144449999996
2026-08-07 15:00:00+00:00,4.694562944999998
2026-08-07 16:00:00+00:00,8.493220245
2026-08-07 17:00:00+00:00,16.058276745000004
2026-08-07 18:00:00+00:00,24.429191644999996
2026-08-07 19:00:00+00:00,29.352184645
2026-08-07 20:00:00+00:00,28.533249045
2026-08-07 21:00:00+00:00,26.208571345
2026-08-07 22:00:00+00:00,24.92816722198
2026-08-07 23:00:00+00:00,23.54149632198
2026-08-08 00:00:00+00:00,22.210005121979997
2026-08-08 01:00:00+00:00,21.72936922198
2026-08-08 02:00:00+00:00,21.497471321979997
2026-08-08 03:00:00+00:00,21.25319222198
2026-08-08 04:00:00+00:00,22.09404272198
2026-08-08 05:00:00+00:00,21.82462602198
2026-08-08 06:00:00+00:00,16.01543682198
2026-08-08 07:00:00+00:00,7.3772380219799985
2026-08-08 08:00:00+00:00,2.2756964219800047
2026-08-08 09:00:00+00:00,2.1752090219800024
2026-08-08 10:00:00+00:00,2.5821229219800017
2026-08-08 11:00:00+00:00,2.739421521979999
2026-08-08 12:00:00+00:00,3.396324621980007
2026-08-08 13:00:00+00:00,3.237705421980003
2026-08-08 14:00:00+00:00,2.599164221980004
2026-08-08 15:00:00+00:00,1.984044121980002
2026-08-08 16:00:00+00:00,4.677368621980001
2026-08-08 17:00:00+00:00,11.449001321979999
2026-08-08 18:00:00+00:00,19.95670392198
2026-08-08 19:00:00+00:00,25.65595992198
2026-08-08 20:00:00+00:00,25.49831002198
2026-08-08 21:00:00+00:00,23.79925642198
2026-08-08 22:00:00+00:00,22.051340295160003
2026-08-08 23:00:00+00:00,20.68967009516
2026-08-09 00:00:00+00:00,19.327477395160003
2026-08-09 01:00:00+00:00,18.82968069516
2026-08-09 02:00:00+00:00,18.382943095159998
2026-08-09 03:00:00+00:00,17.75013239516
2026-08-09 04:00:00+00:00,18.85063469516
2026-08-09 05:00:00+00:00,17.65694369516
2026-08-09 06:00:00+00:00,11.79389799516
2026-08-09 07:00:00+00:00,3.004524895160003
2026-08-09 08:00:00+00:00,-0.15070020483999613
2026-08-09 09:00:00+00:00,0.26628439516000313
2026-08-09 10:00:00+00:00,-0.39832960483999713
2026-08-09 11:00:00+00:00,-0.2915227048399949
2026-08-09 12:00:00+00:00,0.07935039516000231
2026-08-09 13:00:00+00:00,-0.6726190048399943
2026-08-09 14:00:00+00:00,-2.318192504839999
2026-08-09 15:00:00+00:00,-2.302530604839994
2026-08-09 16:00:00+00:00,1.660653395159997
2026-08-09 17:00:00+00:00,9.350502895160002
2026-08-09 18:00:00+00:00,18.864475595160002
2026-08-09 19:00:00+00:00,25.038271495160004
2026-08-09 20:00:00+00:00,24.685923995160003
2026-08-09 21:00:00+00:00,22.46415779516
2026-08-09 22:00:00+00:00,20.80379496862
2026-08-09 23:00:00+00:00,19.587165768620004
2026-08-10 00:00:00+00:00,18.53164406862
2026-08-10 01:00:00+00:00,18.44397726862
2026-08-10 02:00:00+00:00,18.70157516862
2026-08-10 03:00:00+00:00,19.48425726862
2026-08-10 04:00:00+00:00,22.60885566862
2026-08-10 05:00:00+00:00,24.24253656862
2026-08-10 06:00:00+00:00,19.64284856862
2026-08-10 07:00:00+00:00,11.020822968620003
2026-08-10 08:00:00+00:00,5.758833268620005
2026-08-10 09:00:00+00:00,3.6402925686200014
2026-08-10 10:00:00+00:00,2.8245483686200004
2026-08-10 11:00:00+00:00,2.829031768620002
2026-08-10 12:00:00+00:00,2.532584468619998
2026-08-10 13:00:00+00:00,2.546870268620001
2026-08-10 14:00:00+00:00,2.831995368620003
2026-08-10 15:00:00+00:00,4.312423768620004
2026-08-10 16:00:00+00:00,7.874427068620005
2026-08-10 17:00:00+00:00,14.382884968620004
2026-08-10 18:00:00+00:00,23.408035168620003
2026-08-10 19:00:00+00:00,28.510240468620005
2026-08-10 20:00:00+00:00,27.090062468619998
2026-08-10 21:00:00+00:00,24.49490896862
2026-08-10 22:00:00+00:00,23.82651901402
2026-08-10 23:00:00+00:00,22.667402614020002
2026-08-11 00:00:00+00:00,21.801541914020003
2026-08-11 01:00:00+00:00,21.87022271402
2026-08-11 02:00:00+00:00,22.00604141402
2026-08-11 03:00:00+00:00,22.320540714019998
2026-08-11 04:00:00+00:00,24.960674814020003
2026-08-11 05:00:00+00:00,26.23039841402
2026-08-11 06:00:00+00:00,21.290511314019998
2026-08-11 07:00:00+00:00,11.87313521402
2026-08-11 08:00:00+00:00,6.014473914020002
2026-08-11 09:00:00+00:00,3.720341214020003
2026-08-11 10:00:00+00:00,3.017216814020003
2026-08-11 11:00:00+00:00,3.1115346140200018
2026-08-11 12:00:00+00:00,3.1019534140200022
2026-08-11 13:00:00+00:00,3.461810314019999
2026-08-11 14:00:00+00:00,4.120992814019999
2026-08-11 15:00:00+00:00,5.960800314020005
2026-08-11 16:00:00+00:00,9.848796614020003
2026-08-11 17:00:00+00:00,17.30829421402
2026-08-11 18:00:00+00:00,26.54878961402
2026-08-11 19:00:00+00:00,31.21399131402
2026-08-11 20:00:00+00:00,29.133671814020005
2026-08-11 21:00:00+00:00,25.97145451402
2026-08-11 22:00:00+00:00,24.339937533700002
2026-08-11 23:00:00+00:00,23.0138567337
2026-08-12 00:00:00+00:00,21.966835033699997
2026-08-12 01:00:00+00:00,21.766303633699998
2026-08-12 02:00:00+00:00,21.497211233700003
2026-08-12 03:00:00+00:00,21.817630033700002
2026-08-12 04:00:00+00:00,24.7787901337
2026-08-12 05:00:00+00:00,26.0283216337
2026-08-12 06:00:00+00:00,21.162446833700002
2026-08-12 07:00:00+00:00,11.826827633699999
2026-08-12 08:00:00+00:00,6.101472133700003
2026-08-12 09:00:00+00:00,3.742959733700001
2026-08-12 10:00:00+00:00,2.993395633699997
2026-08-12 11:00:00+00:00,2.9611572337
2026-08-12 12:00:00+00:00,2.940569033700008
2026-08-12 13:00:00+00:00,3.3705014337000065
2026-08-12 14:00:00+00:00,4.296060733700006
2026-08-12 15:00:00+00:00,6.350810833699999
2026-08-12 16:00:00+00:00,10.477974333700004
2026-08-12 17:00:00+00:00,18.064177533700008
2026-08-12 18:00:00+00:00,29.2717249337
2026-08-12 19:00:00+00:00,30.9902298337
2026-08-12 20:00:00+00:00,28.781054033700002
2026-08-12 21:00:00+00:00,25.5031168337
2026-08-12 22:00:00+00:00,22.92104371566
2026-08-12 23:00:00+00:00,21.24268711566
2026-08-13 00:00:00+00:00,20.09729581566
2026-08-13 01:00:00+00:00,20.10227321566
2026-08-13 02:00:00+00:00,20.39173851566
2026-08-13 03:00:00+00:00,21.089312015660003
2026-08-13 04:00:00+00:00,23.41311701566
2026-08-13 05:00:00+00:00,25.093220915659998
2026-08-13 06:00:00+00:00,19.88637261566
2026-08-13 07:00:00+00:00,10.658136215659997
2026-08-13 08:00:00+00:00,6.11470071566
2026-08-13 09:00:00+00:00,3.6846200156599984
2026-08-13 10:00:00+00:00,2.6561143156599982
2026-08-13 11:00:00+00:00,2.956328615660002
2026-08-13 12:00:00+00:00,3.402939015660003
2026-08-13 13:00:00+00:00,3.5703417156599997
2026-08-13 14:00:00+00:00,4.695213815660004
2026-08-13 15:00:00+00:00,7.171749415659999
2026-08-13 16:00:00+00:00,11.395422015660003
2026-08-13 17:00:00+00:00,18.460205915660005
2026-08-13 18:00:00+00:00,26.532528415659996
2026-08-13 19:00:00+00:00,30.317286115659996
2026-08-13 20:00:00+00:00,27.824888115660002
2026-08-13 21:00:00+00:00,24.98530051566
2026-08-13 22:00:00+00:00,23.74360816518
2026-08-13 23:00:00+00:00,21.912980465180002
2026-08-14 00:00:00+00:00,21.04818436518
2026-08-14 01:00:00+00:00,20.21599576518
2026-08-14 02:00:00+00:00,20.720521965179998
2026-08-14 03:00:00+00:00,21.310781865179997
2026-08-14 04:00:00+00:00,23.35173646518
2026-08-14 05:00:00+00:00,24.82066066518
2026-08-14 06:00:00+00:00,19.91923346518
2026-08-14 07:00:00+00:00,11.046912265180005
2026-08-14 08:00:00+00:00,6.845007765180004
2026-08-14 09:00:00+00:00,4.363026065180009
2026-08-14 10:00:00+00:00,3.44885856518
2026-08-14 11:00:00+00:00,4.072736665180006
2026-08-14 12:00:00+00:00,4.27824736518
2026-08-14 13:00:00+00:00,4.348911465180009
2026-08-14 14:00:00+00:00,5.1851872651800015
2026-08-14 15:00:00+00:00,7.388120865179999
2026-08-14 16:00:00+00:00,11.212344965180005
2026-08-14 17:00:00+00:00,16.351524365179998
2026-08-14 18:00:00+00:00,22.74589036518
2026-08-14 19:00:00+00:00,27.289399665179996
2026-08-14 20:00:00+00:00,26.29982676518
2026-08-14 21:00:00+00:00,24.480096365180003
2026-08-14 22:00:00+00:00,21.73324475996
2026-08-14 23:00:00+00:00,19.78618355996
2026-08-15 00:00:00+00:00,18.138965459959998
2026-08-15 01:00:00+00:00,17.00395075996
2026-08-15 02:00:00+00:00,16.485895259960003
2026-08-15 03:00:00+00:00,16.44444295996
2026-08-15 04:00:00+00:00,16.40538955996
2026-08-15 05:00:00+00:00,15.032409559960001
2026-08-15 06:00:00+00:00,9.262119959959998
2026-08-15 07:00:00+00:00,1.9822979599600004
2026-08-15 08:00:00+00:00,-1.0297441400399983
2026-08-15 09:00:00+00:00,-0.8431804400399976
2026-08-15 10:00:00+00:00,0.06305925995999928
2026-08-15 11:00:00+00:00,0.36563705996000095
2026-08-15 12:00:00+00:00,-0.3243210400399974
2026-08-15 13:00:00+00:00,-1.5377626400400004
2026-08-15 14:00:00+00:00,-1.3546140400399977
2026-08-15 15:00:00+00:00,0.4251453599599948
2026-08-15 16:00:00+00:00,3.905671659960003
2026-08-15 17:00:00+00:00,10.501245559960001
2026-08-15 18:00:00+00:00,18.127688859960003
2026-08-15 19:00:00+00:00,23.307678659959997
2026-08-15 20:00:00+00:00,23.34484875996
2026-08-15 21:00:00+00:00,21.58994805996
2026-08-15 22:00:00+00:00,20.58738186754
2026-08-15 23:00:00+00:00,19.14559266754
2026-08-16 00:00:00+00:00,17.65373226754
2026-08-16 01:00:00+00:00,17.50878666754
2026-08-16 02:00:00+00:00,17.372447767540002
2026-08-16 03:00:00+00:00,16.96961286754
2026-08-16 04:00:00+00:00,17.02893116754
2026-08-16 05:00:00+00:00,16.25881876754
2026-08-16 06:00:00+00:00,11.326987567539998
2026-08-16 07:00:00+00:00,3.4986830675400036
2026-08-16 08:00:00+00:00,-2.97928183246
2026-08-16 09:00:00+00:00,-4.6347495324600025
2026-08-16 10:00:00+00:00,-5.181615132459996
2026-08-16 11:00:00+00:00,-4.422251532459999
2026-08-16 12:00:00+00:00,-3.5918101324599974
2026-08-16 13:00:00+00:00,-3.132664332459999
2026-08-16 14:00:00+00:00,-2.442143332459999
2026-08-16 15:00:00+00:00,-0.19968173246000376
2026-08-16 16:00:00+00:00,4.140507467540001
2026-08-16 17:00:00+00:00,11.578012467540002
2026-08-16 18:00:00+00:00,20.06881176754
2026-08-16 19:00:00+00:00,24.06558756754
2026-08-16 20:00:00+00:00,22.872407167540004
2026-08-16 21:00:00+00:00,20.42988996754
2026-08-16 22:00:00+00:00,19.50230555686
2026-08-16 23:00:00+00:00,18.36154575686
2026-08-17 00:00:00+00:00,17.36490125686
2026-08-17 01:00:00+00:00,17.78997345686
2026-08-17 02:00:00+00:00,17.94121065686
2026-08-17 03:00:00+00:00,18.53664785686
2026-08-17 04:00:00+00:00,20.54849465686
2026-08-17 05:00:00+00:00,22.14255355686
2026-08-17 06:00:00+00:00,18.370781556860003
2026-08-17 07:00:00+00:00,10.392106456860002
2026-08-17 08:00:00+00:00,2.9834208568600076
2026-08-17 09:00:00+00:00,0.6694638568600055
2026-08-17 10:00:00+00:00,-0.09394664313999712
2026-08-17 11:00:00+00:00,0.42141495686000496
2026-08-17 12:00:00+00:00,0.7303540568600013
2026-08-17 13:00:00+00:00,0.9737456568600003
2026-08-17 14:00:00+00:00,2.1005646568600014
2026-08-17 15:00:00+00:00,4.730222056859997
2026-08-17 16:00:00+00:00,8.534230556859999
2026-08-17 17:00:00+00:00,15.459938756860005
2026-08-17 18:00:00+00:00,24.032524956859998
2026-08-17 19:00:00+00:00,27.036742356859996
2026-08-17 20:00:00+00:00,24.50408095686
2026-08-17 21:00:00+00:00,21.45741575686
2026-08-17 22:00:00+00:00,21.270061522000002
2026-08-17 23:00:00+00:00,19.934330422000002
2026-08-18 00:00:00+00:00,18.819553422
2026-08-18 01:00:00+00:00,19.063976822
2026-08-18 02:00:00+00:00,18.903994822
2026-08-18 03:00:00+00:00,19.339271622
2026-08-18 04:00:00+00:00,21.278426122
2026-08-18 05:00:00+00:00,23.088279422000003
2026-08-18 06:00:00+00:00,19.021268822000003
2026-08-18 07:00:00+00:00,10.301650822
2026-08-18 08:00:00+00:00,2.8388725220000026
2026-08-18 09:00:00+00:00,0.7745922220000026
2026-08-18 10:00:00+00:00,0.25566272200000384
2026-08-18 11:00:00+00:00,0.691996721999999
2026-08-18 12:00:00+00:00,0.774420622000001
2026-08-18 13:00:00+00:00,1.0886788220000057
2026-08-18 14:00:00+00:00,2.1500191220000033
2026-08-18 15:00:00+00:00,4.620510622000001
2026-08-18 16:00:00+00:00,8.999485721999996
2026-08-18 17:00:00+00:00,16.976792522000004
2026-08-18 18:00:00+00:00,26.706946522
2026-08-18 19:00:00+00:00,30.542791121999997
2026-08-18 20:00:00+00:00,28.415147122
2026-08-18 21:00:00+00:00,25.559310922
2026-08-18 22:00:00+00:00,24.599934808340002
2026-08-18 23:00:00+00:00,23.36545920834
2026-08-19 00:00:00+00:00,22.26748600834
2026-08-19 01:00:00+00:00,22.277726508340002
2026-08-19 02:00:00+00:00,21.91562300834
2026-08-19 03:00:00+00:00,21.94348140834
2026-08-19 04:00:00+00:00,23.373982108339998
2026-08-19 05:00:00+00:00,24.56753040834
2026-08-19 06:00:00+00:00,19.919383508339997
2026-08-19 07:00:00+00:00,10.904046808340002
2026-08-19 08:00:00+00:00,3.5686973083400026
2026-08-19 09:00:00+00:00,1.2232726083400003
2026-08-19 10:00:00+00:00,0.15716160834000448
2026-08-19 11:00:00+00:00,0.18602960834000015
2026-08-19 12:00:00+00:00,-0.18237989166000546
2026-08-19 13:00:00+00:00,-0.2612490916600052
2026-08-19 14:00:00+00:00,0.2125042083400075
2026-08-19 15:00:00+00:00,2.098703708340004
2026-08-19 16:00:00+00:00,5.677141708340002
2026-08-19 17:00:00+00:00,12.725666908340003
2026-08-19 18:00:00+00:00,21.816992408340006
2026-08-19 19:00:00+00:00,25.912467708340003
2026-08-19 20:00:00+00:00,24.230744408339998
2026-08-19 21:00:00+00:00,21.98479170834
2026-08-19 22:00:00+00:00,20.86872562322
2026-08-19 23:00:00+00:00,19.44440062322
2026-08-20 00:00:00+00:00,18.59338302322
2026-08-20 01:00:00+00:00,18.87956932322
2026-08-20 02:00:00+00:00,18.469433923220002
2026-08-20 03:00:00+00:00,18.97991232322
2026-08-20 04:00:00+00:00,21.13065042322
2026-08-20 05:00:00+00:00,23.17303842322
2026-08-20 06:00:00+00:00,20.43169482322
2026-08-20 07:00:00+00:00,13.191869723220002
2026-08-20 08:00:00+00:00,6.24445542322
2026-08-20 09:00:00+00:00,2.6520480232200008
2026-08-20 10:00:00+00:00,1.829639123220005
2026-08-20 11:00:00+00:00,2.062236623220006
2026-08-20 12:00:00+00:00,1.714029223220006
2026-08-20 13:00:00+00:00,1.5164585232199954
2026-08-20 14:00:00+00:00,2.28334922322
2026-08-20 15:00:00+00:00,4.11099992322
2026-08-20 16:00:00+00:00,8.286901823219996
2026-08-20 17:00:00+00:00,14.866962723219999
2026-08-20 18:00:00+00:00,22.138682123219997
2026-08-20 19:00:00+00:00,25.420406023220004
2026-08-20 20:00:00+00:00,23.55620792322
2026-08-20 21:00:00+00:00,21.24016212322
2026-08-20 22:00:00+00:00,20.45113389068
2026-08-20 23:00:00+00:00,18.26624929068
2026-08-21 00:00:00+00:00,17.436467790680002
2026-08-21 01:00:00+00:00,17.05905419068
2026-08-21 02:00:00+00:00,17.129847690680002
2026-08-21 03:00:00+00:00,17.27369629068
2026-08-21 04:00:00+00:00,19.39922689068
2026-08-21 05:00:00+00:00,20.97280179068
2026-08-21 06:00:00+00:00,17.61440809068
2026-08-21 07:00:00+00:00,9.88222819068
2026-08-21 08:00:00+00:00,3.1633045906799993
2026-08-21 09:00:00+00:00,0.5588475906799992
2026-08-21 10:00:00+00:00,-0.44619930932000074
2026-08-21 11:00:00+00:00,0.10699179067999864
2026-08-21 12:00:00+00:00,0.30540419067999736
2026-08-21 13:00:00+00:00,0.147292390679997
2026-08-21 14:00:00+00:00,-0.17225070932000008
2026-08-21 15:00:00+00:00,1.3310416906799993
2026-08-21 16:00:00+00:00,5.6126867906800015
2026-08-21 17:00:00+00:00,13.853667290679997
2026-08-21 18:00:00+00:00,21.95397049068
2026-08-21 19:00:00+00:00,25.432509090679996
2026-08-21 20:00:00+00:00,23.35774809068
2026-08-21 21:00:00+00:00,20.97061509068
2026-08-21 22:00:00+00:00,18.588816037140003
2026-08-21 23:00:00+00:00,17.31503093714
2026-08-22 00:00:00+00:00,16.57537343714
2026-08-22 01:00:00+00:00,16.36861843714
2026-08-22 02:00:00+00:00,16.63243093714
2026-08-22 03:00:00+00:00,16.57923603714
2026-08-22 04:00:00+00:00,16.94666253714
2026-08-22 05:00:00+00:00,17.419702037140002
2026-08-22 06:00:00+00:00,12.958303537139999
2026-08-22 07:00:00+00:00,4.36508033714
2026-08-22 08:00:00+00:00,-1.0815718628599953
2026-08-22 09:00:00+00:00,-2.3147745628599985
2026-08-22 10:00:00+00:00,-3.0927483628599965
2026-08-22 11:00:00+00:00,-4.792710862859998
2026-08-22 12:00:00+00:00,-6.3770002628599975
2026-08-22 13:00:00+00:00,-6.300139062859998
2026-08-22 14:00:00+00:00,-6.495206762859997
2026-08-22 15:00:00+00:00,-5.044950862859999
2026-08-22 16:00:00+00:00,-1.5639384628600048
2026-08-22 17:00:00+00:00,6.235497137140001
2026-08-22 18:00:00+00:00,15.43176083714
2026-08-22 19:00:00+00:00,20.04784633714
2026-08-22 20:00:00+00:00,18.70945413714
2026-08-22 21:00:00+00:00,16.81329903714
2026-08-22 22:00:00+00:00,16.38064691148
2026-08-22 23:00:00+00:00,15.73430931148
2026-08-23 00:00:00+00:00,15.27470341148
2026-08-23 01:00:00+00:00,15.04979891148
2026-08-23 02:00:00+00:00,15.33948291148
2026-08-23 03:00:00+00:00,15.54957511148
2026-08-23 04:00:00+00:00,15.66465581148
2026-08-23 05:00:00+00:00,15.883428611480001
2026-08-23 06:00:00+00:00,11.00203151148
2026-08-23 07:00:00+00:00,1.4182486114800028
2026-08-23 08:00:00+00:00,-3.0126224885199946
2026-08-23 09:00:00+00:00,-3.5078370885199988
2026-08-23 10:00:00+00:00,-4.84792418852
2026-08-23 11:00:00+00:00,-5.627293188519996
2026-08-23 12:00:00+00:00,-7.643334288519995
2026-08-23 13:00:00+00:00,-8.81591448852
2026-08-23 14:00:00+00:00,-8.771386688519996
2026-08-23 15:00:00+00:00,-6.952155588519997
2026-08-23 16:00:00+00:00,-2.7070022885199947
2026-08-23 17:00:00+00:00,5.846857511480003
2026-08-23 18:00:00+00:00,15.419804511479999
2026-08-23 19:00:00+00:00,19.984979811480002
2026-08-23 20:00:00+00:00,18.89899101148
2026-08-23 21:00:00+00:00,17.04850721148
2026-08-23 22:00:00+00:00,15.49245535426
2026-08-23 23:00:00+00:00,14.58170825426
2026-08-24 00:00:00+00:00,14.063565854260002
2026-08-24 01:00:00+00:00,13.839005854259998
2026-08-24 02:00:00+00:00,14.13312935426
2026-08-24 03:00:00+00:00,14.999787654259999
2026-08-24 04:00:00+00:00,16.933710854260003
2026-08-24 05:00:00+00:00,19.27464725426
2026-08-24 06:00:00+00:00,17.296133554260003
2026-08-24 07:00:00+00:00,10.092223654260003
2026-08-24 08:00:00+00:00,4.342756054260004
2026-08-24 09:00:00+00:00,0.29575995425999935
2026-08-24 10:00:00+00:00,-0.36712244573999797
2026-08-24 11:00:00+00:00,0.3165179542600036
2026-08-24 12:00:00+00:00,-2.854689645739999
2026-08-24 13:00:00+00:00,-5.634111645739999
2026-08-24 14:00:00+00:00,-6.050441045740001
2026-08-24 15:00:00+00:00,-3.7865865457400005
2026-08-24 16:00:00+00:00,0.6692768542600014
2026-08-24 17:00:00+00:00,8.995489454260003
2026-08-24 18:00:00+00:00,17.368087254260004
2026-08-24 19:00:00+00:00,20.41486935426
2026-08-24 20:00:00+00:00,18.56783855426
2026-08-24 21:00:00+00:00,16.39814545426
2026-08-24 22:00:00+00:00,14.366579043100002
2026-08-24 23:00:00+00:00,13.2271723431
2026-08-25 00:00:00+00:00,12.4933073431
2026-08-25 01:00:00+00:00,12.306922643100002
2026-08-25 02:00:00+00:00,12.7503469431
2026-08-25 03:00:00+00:00,13.7412302431
2026-08-25 04:00:00+00:00,15.791034643100001
2026-08-25 05:00:00+00:00,18.6362145431
2026-08-25 06:00:00+00:00,16.865110143100004
2026-08-25 07:00:00+00:00,8.992905343100002
2026-08-25 08:00:00+00:00,2.6382138431000044
2026-08-25 09:00:00+00:00,-0.8074086569000016
2026-08-25 10:00:00+00:00,-2.6404608568999954
2026-08-25 11:00:00+00:00,-2.988799156899997
2026-08-25 12:00:00+00:00,-3.3723237568999984
2026-08-25 13:00:00+00:00,-3.0384439569
2026-08-25 14:00:00+00:00,-1.9315668568999946
2026-08-25 15:00:00+00:00,1.0211835431000047
2026-08-25 16:00:00+00:00,6.370076543100005
2026-08-25 17:00:00+00:00,15.9044717431
2026-08-25 18:00:00+00:00,25.0367905431
2026-08-25 19:00:00+00:00,28.301908443099997
2026-08-25 20:00:00+00:00,25.9443559431
2026-08-25 21:00:00+00:00,23.2939856431
2026-08-25 22:00:00+00:00,21.78276728378
2026-08-25 23:00:00+00:00,20.45414368378
2026-08-26 00:00:00+00:00,19.25726028378
2026-08-26 01:00:00+00:00,18.40118568378
2026-08-26 02:00:00+00:00,17.90931428378
2026-08-26 03:00:00+00:00,17.99986488378
2026-08-26 04:00:00+00:00,19.160072383779998
2026-08-26 05:00:00+00:00,20.88351278378
2026-08-26 06:00:00+00:00,18.90139608378
2026-08-26 07:00:00+00:00,10.818949883779997
2026-08-26 08:00:00+00:00,3.493248983779999
2026-08-26 09:00:00+00:00,-1.228048316219997
2026-08-26 10:00:00+00:00,-4.842647516220001
2026-08-26 11:00:00+00:00,-6.410482016219998
2026-08-26 12:00:00+00:00,-7.899845816220001
2026-08-26 13:00:00+00:00,-8.508174416220001
2026-08-26 14:00:00+00:00,-8.05284791622
2026-08-26 15:00:00+00:00,-5.623880916220003
2026-08-26 16:00:00+00:00,-0.5843345162199967
2026-08-26 17:00:00+00:00,8.012017983780002
2026-08-26 18:00:00+00:00,16.131281083780003
2026-08-26 19:00:00+00:00,19.597907783780002
2026-08-26 20:00:00+00:00,18.32901288378
2026-08-26 21:00:00+00:00,16.79765798378
2026-08-26 22:00:00+00:00,16.20608322666
2026-08-26 23:00:00+00:00,15.475785326659999
2026-08-27 00:00:00+00:00,15.159963026660002
2026-08-27 01:00:00+00:00,15.316899026660003
2026-08-27 02:00:00+00:00,15.55155712666
2026-08-27 03:00:00+00:00,16.34040642666
2026-08-27 04:00:00+00:00,18.42856512666
2026-08-27 05:00:00+00:00,20.927288426660002
2026-08-27 06:00:00+00:00,19.04732342666
2026-08-27 07:00:00+00:00,12.609732826660004
2026-08-27 08:00:00+00:00,5.915091326660004
2026-08-27 09:00:00+00:00,0.9756337266599999
2026-08-27 10:00:00+00:00,-1.732396273340001
2026-08-27 11:00:00+00:00,-2.398000573339999
2026-08-27 12:00:00+00:00,-3.5565063733399995
2026-08-27 13:00:00+00:00,-4.59920277334
2026-08-27 14:00:00+00:00,-3.913961173340006
2026-08-27 15:00:00+00:00,-1.1787913733399975
2026-08-27 16:00:00+00:00,3.3287120266600034
2026-08-27 17:00:00+00:00,9.836714026659998
2026-08-27 18:00:00+00:00,16.89751952666
2026-08-27 19:00:00+00:00,20.13388052666
2026-08-27 20:00:00+00:00,18.10973642666
2026-08-27 21:00:00+00:00,15.95734442666
2026-08-27 22:00:00+00:00,13.981143448500001
2026-08-27 23:00:00+00:00,12.592968948500001
2026-08-28 00:00:00+00:00,12.263229848500002
2026-08-28 01:00:00+00:00,12.4086748485
2026-08-28 02:00:00+00:00,12.784256948500003
2026-08-28 03:00:00+00:00,13.6713782485
2026-08-28 04:00:00+00:00,16.392948348500003
2026-08-28 05:00:00+00:00,19.3616964485
2026-08-28 06:00:00+00:00,15.953372748500001
2026-08-28 07:00:00+00:00,7.467435748500002
2026-08-28 08:00:00+00:00,0.9250788485000001
2026-08-28 09:00:00+00:00,0.7772671485000018
2026-08-28 10:00:00+00:00,2.4386618485000042
2026-08-28 11:00:00+00:00,2.9057132485000032
2026-08-28 12:00:00+00:00,1.7198236485000002
2026-08-28 13:00:00+00:00,0.6774881485000002
2026-08-28 14:00:00+00:00,-0.7552300514999963
2026-08-28 15:00:00+00:00,-0.8206037514999949
2026-08-28 16:00:00+00:00,4.248981048499999
2026-08-28 17:00:00+00:00,13.5962582485
2026-08-28 18:00:00+00:00,22.1162987485
2026-08-28 19:00:00+00:00,26.172863248500004
2026-08-28 20:00:00+00:00,24.092573848500002
2026-08-28 21:00:00+00:00,21.9710906485
2026-08-28 22:00:00+00:00,20.59175234668
2026-08-28 23:00:00+00:00,19.63604234668
2026-08-29 00:00:00+00:00,18.68447714668
2026-08-29 01:00:00+00:00,18.06186574668
2026-08-29 02:00:00+00:00,17.80592344668
2026-08-29 03:00:00+00:00,17.66384184668
2026-08-29 04:00:00+00:00,17.85540524668
2026-08-29 05:00:00+00:00,18.495046546679998
2026-08-29 06:00:00+00:00,13.563335146680004
2026-08-29 07:00:00+00:00,3.4792094466800023
2026-08-29 08:00:00+00:00,-1.130894253320001
2026-08-29 09:00:00+00:00,-1.6454451533199936
2026-08-29 10:00:00+00:00,-2.757442253319997
2026-08-29 11:00:00+00:00,-2.39892725332
2026-08-29 12:00:00+00:00,-2.609124753319996
2026-08-29 13:00:00+00:00,-3.163413453319997
2026-08-29 14:00:00+00:00,-3.905288653319996
2026-08-29 15:00:00+00:00,-3.5674826533199955
2026-08-29 16:00:00+00:00,1.4326695466799997
2026-08-29 17:00:00+00:00,11.213331446680003
2026-08-29 18:00:00+00:00,20.98724134668
2026-08-29 19:00:00+00:00,24.54228084668
2026-08-29 20:00:00+00:00,22.93507894668
2026-08-29 21:00:00+00:00,21.21343384668
2026-08-29 22:00:00+00:00,20.04415438536
2026-08-29 23:00:00+00:00,18.833007685360002
2026-08-30 00:00:00+00:00,17.819885085360003
2026-08-30 01:00:00+00:00,17.59472468536
2026-08-30 02:00:00+00:00,17.65005548536
2026-08-30 03:00:00+00:00,17.66958288536
2026-08-30 04:00:00+00:00,18.032440185360002
2026-08-30 05:00:00+00:00,18.116875885360002
2026-08-30 06:00:00+00:00,12.00432428536
2026-08-30 07:00:00+00:00,1.4180893853600018
2026-08-30 08:00:00+00:00,-3.600480214640001
2026-08-30 09:00:00+00:00,-3.536416514639999
2026-08-30 10:00:00+00:00,-4.41415541464
2026-08-30 11:00:00+00:00,-4.119053214640001
2026-08-30 12:00:00+00:00,-3.947467814640003
2026-08-30 13:00:00+00:00,-4.44902591464
2026-08-30 14:00:00+00:00,-5.972207014640002
2026-08-30 15:00:00+00:00,-6.170851414640001
2026-08-30 16:00:00+00:00,-1.4111916146399999
2026-08-30 17:00:00+00:00,8.942001085360001
2026-08-30 18:00:00+00:00,18.75337158536
2026-08-30 19:00:00+00:00,22.628414585359998
2026-08-30 20:00:00+00:00,21.34453018536
2026-08-30 21:00:00+00:00,19.34953128536
2026-08-30 22:00:00+00:00,17.76350342928
2026-08-30 23:00:00+00:00,16.49802032928
2026-08-31 00:00:00+00:00,15.60729682928
2026-08-31 01:00:00+00:00,15.517349429280001
2026-08-31 02:00:00+00:00,15.86700162928
2026-08-31 03:00:00+00:00,16.657098529280002
2026-08-31 04:00:00+00:00,19.48416182928
2026-08-31 05:00:00+00:00,22.48348642928
2026-08-31 06:00:00+00:00,18.65011582928
2026-08-31 07:00:00+00:00,8.587413129279998
2026-08-31 08:00:00+00:00,1.3190352292800007
2026-08-31 09:00:00+00:00,0.8832638292800006
2026-08-31 10:00:00+00:00,1.88298682928
2026-08-31 11:00:00+00:00,1.9269238292800033
2026-08-31 12:00:00+00:00,0.07656292927999431
2026-08-31 13:00:00+00:00,-1.8463288707200007
2026-08-31 14:00:00+00:00,-1.8336848707200026
2026-08-31 15:00:00+00:00,-0.1356564707199972
2026-08-31 16:00:00+00:00,4.726352329280001
2026-08-31 17:00:00+00:00,14.45926852928
2026-08-31 18:00:00+00:00,22.94292882928
2026-08-31 19:00:00+00:00,24.960939429279996
2026-08-31 20:00:00+00:00,22.20029952928
2026-08-31 21:00:00+00:00,19.450049629280002
2026-08-31 22:00:00+00:00,17.773112838400003
2026-08-31 23:00:00+00:00,16.7466600384
2026-09-01 00:00:00+00:00,16.0469383384
2026-09-01 01:00:00+00:00,16.1679665384
2026-09-01 02:00:00+00:00,16.6159122384
2026-09-01 03:00:00+00:00,17.3875906384
2026-09-01 04:00:00+00:00,19.8925450384
2026-09-01 05:00:00+00:00,22.7464230384
2026-09-01 06:00:00+00:00,19.8561801384
2026-09-01 07:00:00+00:00,11.6110225384
2026-09-01 08:00:00+00:00,4.8158694384
2026-09-01 09:00:00+00:00,1.6156688383999978
2026-09-01 10:00:00+00:00,0.05686803840000465
2026-09-01 11:00:00+00:00,-0.4781823615999983
2026-09-01 12:00:00+00:00,-1.5378611615999986
2026-09-01 13:00:00+00:00,-2.132212661599997
2026-09-01 14:00:00+00:00,-1.4479636615999993
2026-09-01 15:00:00+00:00,0.6602628384000013
2026-09-01 16:00:00+00:00,5.631276538400002
2026-09-01 17:00:00+00:00,15.305722638399999
2026-09-01 18:00:00+00:00,23.5436851384
2026-09-01 19:00:00+00:00,25.3075311384
2026-09-01 20:00:00+00:00,22.4293972384
2026-09-01 21:00:00+00:00,19.7204287384
2026-09-01 22:00:00+00:00,19.80132436338
2026-09-01 23:00:00+00:00,19.09386616338
2026-09-02 00:00:00+00:00,18.610329863380002
2026-09-02 01:00:00+00:00,18.690614063380004
2026-09-02 02:00:00+00:00,18.99307786338
2026-09-02 03:00:00+00:00,19.538827463380002
2026-09-02 04:00:00+00:00,21.89500946338
2026-09-02 05:00:00+00:00,24.57287276338
2026-09-02 06:00:00+00:00,20.69823516338
2026-09-02 07:00:00+00:00,10.944587363380002
2026-09-02 08:00:00+00:00,3.3410409633799993
2026-09-02 09:00:00+00:00,0.05616706338000199
2026-09-02 10:00:00+00:00,-1.2995001366200043
2026-09-02 11:00:00+00:00,-1.435801236619998
2026-09-02 12:00:00+00:00,-1.885979236619999
2026-09-02 13:00:00+00:00,-1.8724995366200048
2026-09-02 14:00:00+00:00,-0.7189453366199992
2026-09-02 15:00:00+00:00,2.0291421633799978
2026-09-02 16:00:00+00:00,7.577442863379996
2026-09-02 17:00:00+00:00,17.558880163380003
2026-09-02 18:00:00+00:00,25.921132763379997
2026-09-02 19:00:00+00:00,27.36192456338
2026-09-02 20:00:00+00:00,24.04345196338
2026-09-02 21:00:00+00:00,20.78054626338
2026-09-02 22:00:00+00:00,19.866900931320004
2026-09-02 23:00:00+00:00,18.54311213132
2026-09-03 00:00:00+00:00,17.645732331319998
2026-09-03 01:00:00+00:00,17.74246673132
2026-09-03 02:00:00+00:00,18.19757423132
2026-09-03 03:00:00+00:00,18.85576573132
2026-09-03 04:00:00+00:00,21.22996213132
2026-09-03 05:00:00+00:00,23.96738273132
2026-09-03 06:00:00+00:00,20.253951231320002
2026-09-03 07:00:00+00:00,10.657191231320002
2026-09-03 08:00:00+00:00,3.2048318313200035
2026-09-03 09:00:00+00:00,0.17579153132000158
2026-09-03 10:00:00+00:00,-0.9692694686800003
2026-09-03 11:00:00+00:00,-0.8155769686800021
2026-09-03 12:00:00+00:00,-1.0192183686799972
2026-09-03 13:00:00+00:00,-0.7328769686799959
2026-09-03 14:00:00+00:00,0.7501594313200002
2026-09-03 15:00:00+00:00,3.6937978313199977
2026-09-03 16:00:00+00:00,9.252602331319995
2026-09-03 17:00:00+00:00,19.661897031320002
2026-09-03 18:00:00+00:00,28.25355703132
2026-09-03 19:00:00+00:00,29.925457531320003
2026-09-03 20:00:00+00:00,27.14107483132
2026-09-03 21:00:00+00:00,24.34093203132
2026-09-03 22:00:00+00:00,25.6581575555
2026-09-03 23:00:00+00:00,24.2808810555
2026-09-04 00:00:00+00:00,23.1618865555
2026-09-04 01:00:00+00:00,22.685287955499998
2026-09-04 02:00:00+00:00,22.4661061555
2026-09-04 03:00:00+00:00,22.8314573555
2026-09-04 04:00:00+00:00,25.0283684555
2026-09-04 05:00:00+00:00,27.7753660555
2026-09-04 06:00:00+00:00,24.9798387555
2026-09-04 07:00:00+00:00,16.214040255500002
2026-09-04 08:00:00+00:00,8.755243255500005
2026-09-04 09:00:00+00:00,5.5742547555
2026-09-04 10:00:00+00:00,4.426430255499998
2026-09-04 11:00:00+00:00,4.593045855500005
2026-09-04 12:00:00+00:00,4.315268655499995
2026-09-04 13:00:00+00:00,4.552732155500003
2026-09-04 14:00:00+00:00,6.675359155500001
2026-09-04 15:00:00+00:00,10.633392555499999
2026-09-04 16:00:00+00:00,16.636190655500002
2026-09-04 17:00:00+00:00,24.894237155500004
2026-09-04 18:00:00+00:00,30.509604355500002
2026-09-04 19:00:00+00:00,31.7204998555
2026-09-04 20:00:00+00:00,29.097164855499997
2026-09-04 21:00:00+00:00,26.6880184555
2026-09-04 22:00:00+00:00,24.202703889120002
2026-09-04 23:00:00+00:00,22.24244768912
2026-09-05 00:00:00+00:00,20.77744168912
2026-09-05 01:00:00+00:00,19.92437598912
2026-09-05 02:00:00+00:00,19.65709408912
2026-09-05 03:00:00+00:00,19.430447389119998
2026-09-05 04:00:00+00:00,20.14710528912
2026-09-05 05:00:00+00:00,21.121387689120002
2026-09-05 06:00:00+00:00,19.75932498912
2026-09-05 07:00:00+00:00,14.514573289120001
2026-09-05 08:00:00+00:00,9.07329498912
2026-09-05 09:00:00+00:00,5.184546189119999
2026-09-05 10:00:00+00:00,3.439238589120002
2026-09-05 11:00:00+00:00,3.9732802891200016
2026-09-05 12:00:00+00:00,4.199616389120003
2026-09-05 13:00:00+00:00,4.139379789120007
2026-09-05 14:00:00+00:00,5.153005989119997
2026-09-05 15:00:00+00:00,8.028112489120002
2026-09-05 16:00:00+00:00,13.27063768912
2026-09-05 17:00:00+00:00,21.12027508912
2026-09-05 18:00:00+00:00,25.915909289120002
2026-09-05 19:00:00+00:00,26.56806078912
2026-09-05 20:00:00+00:00,25.27108388912
2026-09-05 21:00:00+00:00,23.931562989120003
2026-09-05 22:00:00+00:00,21.33643517594
2026-09-05 23:00:00+00:00,19.88552727594
2026-09-06 00:00:00+00:00,18.873499275940002
2026-09-06 01:00:00+00:00,18.83993197594
2026-09-06 02:00:00+00:00,18.731852775940002
2026-09-06 03:00:00+00:00,19.139621875939998
2026-09-06 04:00:00+00:00,19.791595375940002
2026-09-06 05:00:00+00:00,19.755123975940002
2026-09-06 06:00:00+00:00,16.73795337594
2026-09-06 07:00:00+00:00,9.486758075940003
2026-09-06 08:00:00+00:00,4.308388675940002
2026-09-06 09:00:00+00:00,1.9111762759400044
2026-09-06 10:00:00+00:00,0.7135204759400047
2026-09-06 11:00:00+00:00,0.8875672759400004
2026-09-06 12:00:00+00:00,1.9512694759399984
2026-09-06 13:00:00+00:00,2.0536388759400026
2026-09-06 14:00:00+00:00,2.4844104759400025
2026-09-06 15:00:00+00:00,4.912392175939999
2026-09-06 16:00:00+00:00,9.639990475940003
2026-09-06 17:00:00+00:00,18.77752677594
2026-09-06 18:00:00+00:00,26.750138175940002
2026-09-06 19:00:00+00:00,29.01818837594
2026-09-06 20:00:00+00:00,27.76638987594
2026-09-06 21:00:00+00:00,25.41269257594
2026-09-06 22:00:00+00:00,24.740902450580002
2026-09-06 23:00:00+00:00,23.33004405058
2026-09-07 00:00:00+00:00,22.27451115058
2026-09-07 01:00:00+00:00,22.14362695058
2026-09-07 02:00:00+00:00,22.148404150580003
2026-09-07 03:00:00+00:00,22.73575805058
2026-09-07 04:00:00+00:00,25.529248950579998
2026-09-07 05:00:00+00:00,28.68211605058
2026-09-07 06:00:00+00:00,25.88643295058
2026-09-07 07:00:00+00:00,16.99390485058
2026-09-07 08:00:00+00:00,9.429891650580007
2026-09-07 09:00:00+00:00,6.508027150580006
2026-09-07 10:00:00+00:00,5.106673550579998
2026-09-07 11:00:00+00:00,5.331547350579999
2026-09-07 12:00:00+00:00,4.72924765058
2026-09-07 13:00:00+00:00,5.073449350579999
2026-09-07 14:00:00+00:00,6.619373050579998
2026-09-07 15:00:00+00:00,9.827315650580005
2026-09-07 16:00:00+00:00,15.953761950580002
2026-09-07 17:00:00+00:00,24.07707195058
2026-09-07 18:00:00+00:00,31.57110335058
2026-09-07 19:00:00+00:00,32.40930385058
2026-09-07 20:00:00+00:00,28.91618985058
2026-09-07 21:00:00+00:00,25.95302825058
2026-09-07 22:00:00+00:00,26.3317795652
2026-09-07 23:00:00+00:00,24.7381405652
2026-09-08 00:00:00+00:00,23.574537065199998
2026-09-08 01:00:00+00:00,23.3186239652
2026-09-08 02:00:00+00:00,23.0761135652
2026-09-08 03:00:00+00:00,23.2277204652
2026-09-08 04:00:00+00:00,25.381813365200003
2026-09-08 05:00:00+00:00,27.965494865200004
2026-09-08 06:00:00+00:00,25.7316846652
2026-09-08 07:00:00+00:00,16.4819042652
2026-09-08 08:00:00+00:00,8.508822265200003
2026-09-08 09:00:00+00:00,5.2988926652000075
2026-09-08 10:00:00+00:00,4.3681131652000005
2026-09-08 11:00:00+00:00,4.793808065200004
2026-09-08 12:00:00+00:00,4.436720765200008
2026-09-08 13:00:00+00:00,4.366694365199997
2026-09-08 14:00:00+00:00,5.181964565199998
2026-09-08 15:00:00+00:00,7.850506665200001
2026-09-08 16:00:00+00:00,12.406138165199998
2026-09-08 17:00:00+00:00,20.166863565199996
2026-09-08 18:00:00+00:00,26.486613265200006
2026-09-08 19:00:00+00:00,26.596195365200003
2026-09-08 20:00:00+00:00,23.4725667652
2026-09-08 21:00:00+00:00,21.154208865199998
2026-09-08 22:00:00+00:00,20.191876793700004
2026-09-08 23:00:00+00:00,18.4821507937
2026-09-09 00:00:00+00:00,17.172805393700003
2026-09-09 01:00:00+00:00,16.4609277937
2026-09-09 02:00:00+00:00,15.6624988937
2026-09-09 03:00:00+00:00,15.327427093699999
2026-09-09 04:00:00+00:00,17.2719003937
2026-09-09 05:00:00+00:00,19.9095770937
2026-09-09 06:00:00+00:00,19.1587245937
2026-09-09 07:00:00+00:00,12.618652193700001
2026-09-09 08:00:00+00:00,5.933739393699998
2026-09-09 09:00:00+00:00,2.4452743937000037
2026-09-09 10:00:00+00:00,0.9681859937000041
2026-09-09 11:00:00+00:00,1.2021240937000073
2026-09-09 12:00:00+00:00,0.990509493700003
2026-09-09 13:00:00+00:00,0.7222976936999999
2026-09-09 14:00:00+00:00,1.1169087937000057
2026-09-09 15:00:00+00:00,3.0376533937000048
2026-09-09 16:00:00+00:00,7.4024135937
2026-09-09 17:00:00+00:00,15.931678793699998
2026-09-09 18:00:00+00:00,23.215795493700007
2026-09-09 19:00:00+00:00,23.822688793700003
2026-09-09 20:00:00+00:00,20.6592140937
2026-09-09 21:00:00+00:00,18.3006495937
2026-09-09 22:00:00+00:00,17.14900603316
2026-09-09 23:00:00+00:00,16.80746063316
2026-09-10 00:00:00+00:00,16.41254033316
2026-09-10 01:00:00+00:00,16.60119143316
2026-09-10 02:00:00+00:00,16.602562633159998
2026-09-10 03:00:00+00:00,17.387950833159998
2026-09-10 04:00:00+00:00,20.00864853316
2026-09-10 05:00:00+00:00,23.25999993316
2026-09-10 06:00:00+00:00,21.42550843316
2026-09-10 07:00:00+00:00,12.59937013316
2026-09-10 08:00:00+00:00,4.599469233159997
2026-09-10 09:00:00+00:00,1.1341379331599981
2026-09-10 10:00:00+00:00,0.31139923316000306
2026-09-10 11:00:00+00:00,0.7593055331600027
2026-09-10 12:00:00+00:00,0.6466626331600054
2026-09-10 13:00:00+00:00,0.8501775331600037
2026-09-10 14:00:00+00:00,2.109573833160006
2026-09-10 15:00:00+00:00,5.03336143316
2026-09-10 16:00:00+00:00,11.10337963316
2026-09-10 17:00:00+00:00,21.33655693316
2026-09-10 18:00:00+00:00,29.56460793316
2026-09-10 19:00:00+00:00,30.99984973316
2026-09-10 20:00:00+00:00,27.66783883316
2026-09-10 21:00:00+00:00,24.85402083316
2026-09-10 22:00:00+00:00,23.1762210206
2026-09-10 23:00:00+00:00,21.9436529206
2026-09-11 00:00:00+00:00,20.9526379206
2026-09-11 01:00:00+00:00,20.5039905206
2026-09-11 02:00:00+00:00,20.2624139206
2026-09-11 03:00:00+00:00,20.429300820599998
2026-09-11 04:00:00+00:00,23.0725454206
2026-09-11 05:00:00+00:00,25.769506720600003
2026-09-11 06:00:00+00:00,22.7923895206
2026-09-11 07:00:00+00:00,12.672879120600001
2026-09-11 08:00:00+00:00,3.638974220599998
2026-09-11 09:00:00+00:00,0.01707762059999851
2026-09-11 10:00:00+00:00,-0.927753279400001
2026-09-11 11:00:00+00:00,-1.5225972793999922
2026-09-11 12:00:00+00:00,-1.9658250793999947
2026-09-11 13:00:00+00:00,-2.1601659793999985
2026-09-11 14:00:00+00:00,-1.839250179399997
2026-09-11 15:00:00+00:00,0.36974622059999973
2026-09-11 16:00:00+00:00,6.124941620600001
2026-09-11 17:00:00+00:00,16.257616920599997
2026-09-11 18:00:00+00:00,23.425257320600004
2026-09-11 19:00:00+00:00,23.726598920600004
2026-09-11 20:00:00+00:00,20.3574208206
2026-09-11 21:00:00+00:00,18.282551520600002
2026-09-11 22:00:00+00:00,18.01427304494
2026-09-11 23:00:00+00:00,16.830324944940003
2026-09-12 00:00:00+00:00,15.91828064494
2026-09-12 01:00:00+00:00,15.87248084494
2026-09-12 02:00:00+00:00,15.876876844940004
2026-09-12 03:00:00+00:00,15.914191244940003
2026-09-12 04:00:00+00:00,17.09838474494
2026-09-12 05:00:00+00:00,18.33703044494
2026-09-12 06:00:00+00:00,15.451610944939999
2026-09-12 07:00:00+00:00,6.972313844940004
2026-09-12 08:00:00+00:00,0.8536957449400084
2026-09-12 09:00:00+00:00,-0.5381470550599978
2026-09-12 10:00:00+00:00,-2.2845415550599952
2026-09-12 11:00:00+00:00,-2.9276089550599984
2026-09-12 12:00:00+00:00,-2.525355355059993
2026-09-12 13:00:00+00:00,-3.068351655059999
2026-09-12 14:00:00+00:00,-3.8037311550599995
2026-09-12 15:00:00+00:00,-2.2331325550599956
2026-09-12 16:00:00+00:00,3.5706955449400013
2026-09-12 17:00:00+00:00,14.07719624494
2026-09-12 18:00:00+00:00,21.56966084494
2026-09-12 19:00:00+00:00,22.757246544940003
2026-09-12 20:00:00+00:00,20.109995844940002
2026-09-12 21:00:00+00:00,18.57342124494
2026-09-12 22:00:00+00:00,17.14303992336
2026-09-12 23:00:00+00:00,16.37037522336
2026-09-13 00:00:00+00:00,15.67014132336
2026-09-13 01:00:00+00:00,15.294760523359999
2026-09-13 02:00:00+00:00,15.26170712336
2026-09-13 03:00:00+00:00,15.09671392336
2026-09-13 04:00:00+00:00,15.483983723359998
2026-09-13 05:00:00+00:00,15.81354782336
2026-09-13 06:00:00+00:00,12.13082112336
2026-09-13 07:00:00+00:00,2.5241863233599986
2026-09-13 08:00:00+00:00,-2.79271897664
2026-09-13 09:00:00+00:00,-3.0641818766399993
2026-09-13 10:00:00+00:00,-3.602276676639999
2026-09-13 11:00:00+00:00,-3.422736876639995
2026-09-13 12:00:00+00:00,-2.3834159766399985
2026-09-13 13:00:00+00:00,-2.83221897664
2026-09-13 14:00:00+00:00,-4.66501177664
2026-09-13 15:00:00+00:00,-3.8885646766399944
2026-09-13 16:00:00+00:00,2.4066674233599983
2026-09-13 17:00:00+00:00,13.751074523360003
2026-09-13 18:00:00+00:00,22.11268652336
2026-09-13 19:00:00+00:00,24.00992182336
2026-09-13 20:00:00+00:00,21.58849382336
2026-09-13 21:00:00+00:00,20.11223462336
2026-09-13 22:00:00+00:00,19.31134665852
2026-09-13 23:00:00+00:00,18.73409355852
2026-09-14 00:00:00+00:00,18.23898945852
2026-09-14 01:00:00+00:00,18.25850525852
2026-09-14 02:00:00+00:00,18.57958615852
2026-09-14 03:00:00+00:00,19.13898125852
2026-09-14 04:00:00+00:00,21.39750395852
2026-09-14 05:00:00+00:00,24.27709265852
2026-09-14 06:00:00+00:00,22.036140658519997
2026-09-14 07:00:00+00:00,11.94176795852
2026-09-14 08:00:00+00:00,3.5360427585200043
2026-09-14 09:00:00+00:00,0.2216682585200047
2026-09-14 10:00:00+00:00,-0.7592025414800005
2026-09-14 11:00:00+00:00,-0.862764141479996
2026-09-14 12:00:00+00:00,-0.44397904147999867
2026-09-14 13:00:00+00:00,-0.19117844147999818
2026-09-14 14:00:00+00:00,0.9710589585200005
2026-09-14 15:00:00+00:00,4.3250224585199994
2026-09-14 16:00:00+00:00,11.076792458519993
2026-09-14 17:00:00+00:00,21.68896285852
2026-09-14 18:00:00+00:00,29.463045758519996
2026-09-14 19:00:00+00:00,30.06035975852
2026-09-14 20:00:00+00:00,26.57359155852
2026-09-14 21:00:00+00:00,23.96607105852
2026-09-14 22:00:00+00:00,24.038553338979998
2026-09-14 23:00:00+00:00,22.88641743898
2026-09-15 00:00:00+00:00,21.91082913898
2026-09-15 01:00:00+00:00,21.63042083898
2026-09-15 02:00:00+00:00,21.58486853898
2026-09-15 03:00:00+00:00,21.76179353898
2026-09-15 04:00:00+00:00,23.647360438979998
2026-09-15 05:00:00+00:00,26.32237043898
2026-09-15 06:00:00+00:00,23.87698423898
2026-09-15 07:00:00+00:00,13.385610338980001
2026-09-15 08:00:00+00:00,4.675604538980004
2026-09-15 09:00:00+00:00,1.1755275389800026
2026-09-15 10:00:00+00:00,-0.015087561019996087
2026-09-15 11:00:00+00:00,-0.2868540610199979
2026-09-15 12:00:00+00:00,-0.09693526101999694
2026-09-15 13:00:00+00:00,-0.1406305610199965
2026-09-15 14:00:00+00:00,0.6963277389800062
2026-09-15 15:00:00+00:00,3.4164221389800034
2026-09-15 16:00:00+00:00,9.122151238980003
2026-09-15 17:00:00+00:00,18.517408138980006
2026-09-15 18:00:00+00:00,24.74077563898
2026-09-15 19:00:00+00:00,24.20030643898
2026-09-15 20:00:00+00:00,20.04102553898
2026-09-15 21:00:00+00:00,17.286226538980003
2026-09-15 22:00:00+00:00,15.79878194658
2026-09-15 23:00:00+00:00,14.70411684658
2026-09-16 00:00:00+00:00,13.775923946580003
2026-09-16 01:00:00+00:00,13.33927084658
2026-09-16 02:00:00+00:00,13.09574554658
2026-09-16 03:00:00+00:00,13.15411964658
2026-09-16 04:00:00+00:00,14.80572974658
2026-09-16 05:00:00+00:00,17.26548474658
2026-09-16 06:00:00+00:00,15.736691746580002
2026-09-16 07:00:00+00:00,7.050124946580002
2026-09-16 08:00:00+00:00,-0.45927735341999565
2026-09-16 09:00:00+00:00,-3.5870936534199984
2026-09-16 10:00:00+00:00,-4.8683631534200025
2026-09-16 11:00:00+00:00,-5.16263405342
2026-09-16 12:00:00+00:00,-4.940243953419994
2026-09-16 13:00:00+00:00,-4.818551253420001
2026-09-16 14:00:00+00:00,-3.500449853420001
2026-09-16 15:00:00+00:00,-0.5858572534199951
2026-09-16 16:00:00+00:00,4.5674229465800025
2026-09-16 17:00:00+00:00,12.958837846580007
2026-09-16 18:00:00+00:00,19.070092746580002
2026-09-16 19:00:00+00:00,19.51445204658
2026-09-16 20:00:00+00:00,16.48242874658
2026-09-16 21:00:00+00:00,14.797868346580001
2026-09-16 22:00:00+00:00,14.176350346160001
2026-09-16 23:00:00+00:00,13.640168546160004
2026-09-17 00:00:00+00:00,13.441367046160002
2026-09-17 01:00:00+00:00,13.654501346160002
2026-09-17 02:00:00+00:00,13.98309494616
2026-09-17 03:00:00+00:00,14.619723646160002
2026-09-17 04:00:00+00:00,17.074976746160004
2026-09-17 05:00:00+00:00,20.99212694616
2026-09-17 06:00:00+00:00,20.76742734616
2026-09-17 07:00:00+00:00,13.607948746159998
2026-09-17 08:00:00+00:00,6.495778346159998
2026-09-17 09:00:00+00:00,3.099411846159999
2026-09-17 10:00:00+00:00,1.836105246159999
2026-09-17 11:00:00+00:00,1.5492439461600007
2026-09-17 12:00:00+00:00,0.9489409461600005
2026-09-17 13:00:00+00:00,0.7733113461600034
2026-09-17 14:00:00+00:00,1.8476796461600031
2026-09-17 15:00:00+00:00,5.033379246159999
2026-09-17 16:00:00+00:00,11.342040046160001
2026-09-17 17:00:00+00:00,20.387677546160003
2026-09-17 18:00:00+00:00,26.437666746159998
2026-09-17 19:00:00+00:00,25.84833034616
2026-09-17 20:00:00+00:00,22.057486146160002
2026-09-17 21:00:00+00:00,19.58818584616
2026-09-17 22:00:00+00:00,18.84308477928
2026-09-17 23:00:00+00:00,17.892010979280002
2026-09-18 00:00:00+00:00,17.28310447928
2026-09-18 01:00:00+00:00,17.081854979280003
2026-09-18 02:00:00+00:00,17.07819377928
2026-09-18 03:00:00+00:00,17.449457679280002
2026-09-18 04:00:00+00:00,19.66871517928
2026-09-18 05:00:00+00:00,23.38526647928
2026-09-18 06:00:00+00:00,22.72318417928
2026-09-18 07:00:00+00:00,14.51988467928
2026-09-18 08:00:00+00:00,6.412450079279999
2026-09-18 09:00:00+00:00,2.3401486792799986
2026-09-18 10:00:00+00:00,0.7104895792800008
2026-09-18 11:00:00+00:00,0.38341447927999894
2026-09-18 12:00:00+00:00,-0.23140982071999971
2026-09-18 13:00:00+00:00,-0.638849320719995
2026-09-18 14:00:00+00:00,0.14876697928000482
2026-09-18 15:00:00+00:00,3.0458772792800026
2026-09-18 16:00:00+00:00,9.08339037928
2026-09-18 17:00:00+00:00,18.02528557928
2026-09-18 18:00:00+00:00,23.52604427928
2026-09-18 19:00:00+00:00,22.74772907928
2026-09-18 20:00:00+00:00,19.37538387928
2026-09-18 21:00:00+00:00,17.55803937928
