timestamp,value
2024-08-29 22:00:00+00:00,32.975639916666665
2024-08-29 23:00:00+00:00,30.987923316666667
2024-08-30 00:00:00+00:00,29.266132616666663
2024-08-30 01:00:00+00:00,27.81501681666667
2024-08-30 02:00:00+00:00,27.059534416666665
2024-08-30 03:00:00+00:00,28.532631716666664
2024-08-30 04:00:00+00:00,31.44093111666667
2024-08-30 05:00:00+00:00,33.69927811666666
2024-08-30 06:00:00+00:00,35.590675616666665
2024-08-30 07:00:00+00:00,36.14038871666666
2024-08-30 08:00:00+00:00,35.341801616666665
2024-08-30 09:00:00+00:00,34.55316321666667
2024-08-30 10:00:00+00:00,34.649990716666665
2024-08-30 11:00:00+00:00,33.53163361666667
2024-08-30 12:00:00+00:00,32.63890501666667
2024-08-30 13:00:00+00:00,31.96519951666667
2024-08-30 14:00:00+00:00,31.56292631666667
2024-08-30 15:00:00+00:00,32.924106916666666
2024-08-30 16:00:00+00:00,35.65474651666666
2024-08-30 17:00:00+00:00,37.31088561666667
2024-08-30 18:00:00+00:00,36.287579216666664
2024-08-30 19:00:00+00:00,36.101101916666664
2024-08-30 20:00:00+00:00,35.914325516666665
2024-08-30 21:00:00+00:00,34.88005461666666
2024-08-30 22:00:00+00:00,33.23059605
2024-08-30 23:00:00+00:00,31.16747605
2024-08-31 00:00:00+00:00,29.305500950000003
2024-08-31 01:00:00+00:00,27.515956149999997
2024-08-31 02:00:00+00:00,26.379592050000007
2024-08-31 03:00:00+00:00,26.759714950000003
2024-08-31 04:00:00+00:00,27.743609149999997
2024-08-31 05:00:00+00:00,28.614903849999997
2024-08-31 06:00:00+00:00,29.42853365
2024-08-31 07:00:00+00:00,29.90993855
2024-08-31 08:00:00+00:00,29.819019650000005
2024-08-31 09:00:00+00:00,29.391233250000003
2024-08-31 10:00:00+00:00,30.42625485
2024-08-31 11:00:00+00:00,29.538943449999998
2024-08-31 12:00:00+00:00,28.523900750000003
2024-08-31 13:00:00+00:00,28.107165750000004
2024-08-31 14:00:00+00:00,28.302121149999998
2024-08-31 15:00:00+00:00,30.35355705
2024-08-31 16:00:00+00:00,33.89380265
2024-08-31 17:00:00+00:00,36.49023125
2024-08-31 18:00:00+00:00,36.16915295
2024-08-31 19:00:00+00:00,36.37347245
2024-08-31 20:00:00+00:00,36.395320049999995
2024-08-31 21:00:00+00:00,35.92140085
2024-08-31 22:00:00+00:00,35.52860771666667
2024-08-31 23:00:00+00:00,36.23862161666667
2024-09-01 00:00:00+00:00,32.90033111666667
2024-09-01 01:00:00+00:00,29.926575616666668
2024-09-01 02:00:00+00:00,27.84856341666667
2024-09-01 03:00:00+00:00,27.434217516666667
2024-09-01 04:00:00+00:00,27.430876716666667
2024-09-01 05:00:00+00:00,26.95271281666667
2024-09-01 06:00:00+00:00,27.21794761666667
2024-09-01 07:00:00+00:00,28.227358816666666
2024-09-01 08:00:00+00:00,29.576279616666667
2024-09-01 09:00:00+00:00,30.406158116666667
2024-09-01 10:00:00+00:00,31.542890116666666
2024-09-01 11:00:00+00:00,30.698941416666667
2024-09-01 12:00:00+00:00,29.31884521666667
2024-09-01 13:00:00+00:00,28.687969716666665
2024-09-01 14:00:00+00:00,28.687768316666663
2024-09-01 15:00:00+00:00,29.910536516666664
2024-09-01 16:00:00+00:00,33.459346016666665
2024-09-01 17:00:00+00:00,37.17923581666667
2024-09-01 18:00:00+00:00,38.35197191666667
2024-09-01 19:00:00+00:00,38.75052361666667
2024-09-01 20:00:00+00:00,38.75060451666667
2024-09-01 21:00:00+00:00,38.442520916666666
2024-09-01 22:00:00+00:00,34.18941185
2024-09-01 23:00:00+00:00,31.999690450000003
2024-09-02 00:00:00+00:00,30.64678005
2024-09-02 01:00:00+00:00,29.18528465
2024-09-02 02:00:00+00:00,28.725483349999998
2024-09-02 03:00:00+00:00,30.64487775
2024-09-02 04:00:00+00:00,34.232644050000005
2024-09-02 05:00:00+00:00,37.57961525
2024-09-02 06:00:00+00:00,39.75878695
2024-09-02 07:00:00+00:00,39.41098865
2024-09-02 08:00:00+00:00,38.09198615
2024-09-02 09:00:00+00:00,37.01775455
2024-09-02 10:00:00+00:00,36.96256565
2024-09-02 11:00:00+00:00,36.23750305
2024-09-02 12:00:00+00:00,35.73850135
2024-09-02 13:00:00+00:00,35.452808950000005
2024-09-02 14:00:00+00:00,35.75410275
2024-09-02 15:00:00+00:00,36.87006215
2024-09-02 16:00:00+00:00,40.31882175
2024-09-02 17:00:00+00:00,43.70007805
2024-09-02 18:00:00+00:00,43.54280515
2024-09-02 19:00:00+00:00,42.50074585
2024-09-02 20:00:00+00:00,41.71170945
2024-09-02 21:00:00+00:00,40.605076350000004
2024-09-02 22:00:00+00:00,37.333499466666666
2024-09-02 23:00:00+00:00,35.06297756666667
2024-09-03 00:00:00+00:00,33.41807106666667
2024-09-03 01:00:00+00:00,31.79058556666667
2024-09-03 02:00:00+00:00,31.056091666666664
2024-09-03 03:00:00+00:00,32.57965076666667
2024-09-03 04:00:00+00:00,35.81868846666667
2024-09-03 05:00:00+00:00,38.98122566666666
2024-09-03 06:00:00+00:00,41.076757066666666
2024-09-03 07:00:00+00:00,41.078023466666664
2024-09-03 08:00:00+00:00,40.47961506666667
2024-09-03 09:00:00+00:00,39.92771176666666
2024-09-03 10:00:00+00:00,40.01410116666667
2024-09-03 11:00:00+00:00,38.999179766666664
2024-09-03 12:00:00+00:00,38.41463316666667
2024-09-03 13:00:00+00:00,37.85517526666667
2024-09-03 14:00:00+00:00,37.90286256666666
2024-09-03 15:00:00+00:00,38.57253016666667
2024-09-03 16:00:00+00:00,41.04720596666667
2024-09-03 17:00:00+00:00,43.33280426666667
2024-09-03 18:00:00+00:00,42.82323306666667
2024-09-03 19:00:00+00:00,41.89590056666666
2024-09-03 20:00:00+00:00,41.30150306666667
2024-09-03 21:00:00+00:00,40.40436376666666
2024-09-03 22:00:00+00:00,37.19888426666667
2024-09-03 23:00:00+00:00,35.124591966666664
2024-09-04 00:00:00+00:00,33.495136366666664
2024-09-04 01:00:00+00:00,31.83033466666667
2024-09-04 02:00:00+00:00,31.153861866666666
2024-09-04 03:00:00+00:00,32.73368226666667
2024-09-04 04:00:00+00:00,35.79464036666667
2024-09-04 05:00:00+00:00,39.13332006666667
2024-09-04 06:00:00+00:00,41.51973126666667
2024-09-04 07:00:00+00:00,41.710620066666664
2024-09-04 08:00:00+00:00,40.92086196666667
2024-09-04 09:00:00+00:00,40.27287916666667
2024-09-04 10:00:00+00:00,40.32938526666667
2024-09-04 11:00:00+00:00,39.55165386666667
2024-09-04 12:00:00+00:00,38.954165966666665
2024-09-04 13:00:00+00:00,38.23406196666667
2024-09-04 14:00:00+00:00,38.125434266666666
2024-09-04 15:00:00+00:00,38.54090306666667
2024-09-04 16:00:00+00:00,40.958283666666674
2024-09-04 17:00:00+00:00,43.318615566666665
2024-09-04 18:00:00+00:00,42.73079336666667
2024-09-04 19:00:00+00:00,41.53821286666667
2024-09-04 20:00:00+00:00,40.62921276666667
2024-09-04 21:00:00+00:00,39.70714386666667
2024-09-04 22:00:00+00:00,34.879891883333336
2024-09-04 23:00:00+00:00,32.84459538333333
2024-09-05 00:00:00+00:00,31.174648083333334
2024-09-05 01:00:00+00:00,29.371641283333332
2024-09-05 02:00:00+00:00,28.526632483333334
2024-09-05 03:00:00+00:00,30.016882083333332
2024-09-05 04:00:00+00:00,33.40808618333333
2024-09-05 05:00:00+00:00,36.51785568333333
2024-09-05 06:00:00+00:00,38.620836983333334
2024-09-05 07:00:00+00:00,39.20305128333333
2024-09-05 08:00:00+00:00,38.546762183333335
2024-09-05 09:00:00+00:00,37.859855083333336
2024-09-05 10:00:00+00:00,37.42683658333333
2024-09-05 11:00:00+00:00,36.10259238333333
2024-09-05 12:00:00+00:00,35.06867728333333
2024-09-05 13:00:00+00:00,34.655192283333335
2024-09-05 14:00:00+00:00,34.61828908333334
2024-09-05 15:00:00+00:00,35.41430698333333
2024-09-05 16:00:00+00:00,38.68364618333334
2024-09-05 17:00:00+00:00,41.790106783333336
2024-09-05 18:00:00+00:00,41.51542288333333
2024-09-05 19:00:00+00:00,40.49551818333334
2024-09-05 20:00:00+00:00,39.93050228333333
2024-09-05 21:00:00+00:00,39.46531448333333
2024-09-05 22:00:00+00:00,34.495750699999995
2024-09-05 23:00:00+00:00,32.591040400000004
2024-09-06 00:00:00+00:00,31.208515900000002
2024-09-06 01:00:00+00:00,29.5225774
2024-09-06 02:00:00+00:00,28.7575224
2024-09-06 03:00:00+00:00,30.3031275
2024-09-06 04:00:00+00:00,33.7279469
2024-09-06 05:00:00+00:00,36.7320819
2024-09-06 06:00:00+00:00,38.2463684
2024-09-06 07:00:00+00:00,38.12471910000001
2024-09-06 08:00:00+00:00,36.784527999999995
2024-09-06 09:00:00+00:00,35.5707692
2024-09-06 10:00:00+00:00,34.695820100000006
2024-09-06 11:00:00+00:00,33.064698400000005
2024-09-06 12:00:00+00:00,31.740385200000006
2024-09-06 13:00:00+00:00,31.264900599999997
2024-09-06 14:00:00+00:00,30.921086900000006
2024-09-06 15:00:00+00:00,31.699483600000004
2024-09-06 16:00:00+00:00,34.8000536
2024-09-06 17:00:00+00:00,37.3959275
2024-09-06 18:00:00+00:00,36.9356709
2024-09-06 19:00:00+00:00,35.930293
2024-09-06 20:00:00+00:00,35.41852
2024-09-06 21:00:00+00:00,35.3175389
2024-09-06 22:00:00+00:00,32.97076688333333
2024-09-06 23:00:00+00:00,30.822794683333335
2024-09-07 00:00:00+00:00,29.09005558333333
2024-09-07 01:00:00+00:00,27.104068883333333
2024-09-07 02:00:00+00:00,26.141452883333336
2024-09-07 03:00:00+00:00,26.61356908333333
2024-09-07 04:00:00+00:00,28.069952983333337
2024-09-07 05:00:00+00:00,28.61468008333333
2024-09-07 06:00:00+00:00,29.430502383333334
2024-09-07 07:00:00+00:00,30.701302983333335
2024-09-07 08:00:00+00:00,30.59232708333333
2024-09-07 09:00:00+00:00,30.351189283333333
2024-09-07 10:00:00+00:00,30.33686408333334
2024-09-07 11:00:00+00:00,28.75212718333333
2024-09-07 12:00:00+00:00,26.764493883333337
2024-09-07 13:00:00+00:00,26.16330178333333
2024-09-07 14:00:00+00:00,26.062332283333333
2024-09-07 15:00:00+00:00,27.561405883333336
2024-09-07 16:00:00+00:00,31.059336683333335
2024-09-07 17:00:00+00:00,34.180521983333335
2024-09-07 18:00:00+00:00,34.20194668333333
2024-09-07 19:00:00+00:00,33.64458508333333
2024-09-07 20:00:00+00:00,33.337965483333335
2024-09-07 21:00:00+00:00,33.43983888333333
2024-09-07 22:00:00+00:00,28.965118933333336
2024-09-07 23:00:00+00:00,26.251844833333333
2024-09-08 00:00:00+00:00,24.391237733333337
2024-09-08 01:00:00+00:00,22.339542533333336
2024-09-08 02:00:00+00:00,21.365161133333334
2024-09-08 03:00:00+00:00,21.522597533333332
2024-09-08 04:00:00+00:00,22.603546633333334
2024-09-08 05:00:00+00:00,22.739565833333337
2024-09-08 06:00:00+00:00,23.06889323333333
2024-09-08 07:00:00+00:00,23.834922033333335
2024-09-08 08:00:00+00:00,23.708391433333333
2024-09-08 09:00:00+00:00,23.961947633333335
2024-09-08 10:00:00+00:00,24.548965533333337
2024-09-08 11:00:00+00:00,23.265010233333335
2024-09-08 12:00:00+00:00,21.178650833333336
2024-09-08 13:00:00+00:00,20.18561643333333
2024-09-08 14:00:00+00:00,19.788884833333338
2024-09-08 15:00:00+00:00,21.25049813333333
2024-09-08 16:00:00+00:00,25.116266833333334
2024-09-08 17:00:00+00:00,28.86914373333333
2024-09-08 18:00:00+00:00,29.08460213333333
2024-09-08 19:00:00+00:00,28.42015803333333
2024-09-08 20:00:00+00:00,28.138670933333337
2024-09-08 21:00:00+00:00,27.704742133333333
2024-09-08 22:00:00+00:00,24.522688883333338
2024-09-08 23:00:00+00:00,22.56770748333333
2024-09-09 00:00:00+00:00,21.482492083333334
2024-09-09 01:00:00+00:00,19.922614783333334
2024-09-09 02:00:00+00:00,19.507430283333335
2024-09-09 03:00:00+00:00,21.72406158333333
2024-09-09 04:00:00+00:00,26.22780828333333
2024-09-09 05:00:00+00:00,30.130025583333328
2024-09-09 06:00:00+00:00,31.99738138333333
2024-09-09 07:00:00+00:00,32.036302383333336
2024-09-09 08:00:00+00:00,30.48794418333334
2024-09-09 09:00:00+00:00,29.492891983333333
2024-09-09 10:00:00+00:00,28.46008468333333
2024-09-09 11:00:00+00:00,26.645147483333336
2024-09-09 12:00:00+00:00,25.28173618333334
2024-09-09 13:00:00+00:00,24.572230483333332
2024-09-09 14:00:00+00:00,24.334634083333338
2024-09-09 15:00:00+00:00,25.748958483333336
2024-09-09 16:00:00+00:00,30.07269108333334
2024-09-09 17:00:00+00:00,34.495052183333335
2024-09-09 18:00:00+00:00,34.738270783333334
2024-09-09 19:00:00+00:00,33.63227408333333
2024-09-09 20:00:00+00:00,33.48669578333333
2024-09-09 21:00:00+00:00,34.090852883333326
2024-09-09 22:00:00+00:00,31.2112421
2024-09-09 23:00:00+00:00,29.299423199999996
2024-09-10 00:00:00+00:00,28.2666247
2024-09-10 01:00:00+00:00,26.4970936
2024-09-10 02:00:00+00:00,25.8100287
2024-09-10 03:00:00+00:00,27.420353600000002
2024-09-10 04:00:00+00:00,31.267514600000002
2024-09-10 05:00:00+00:00,34.7247129
2024-09-10 06:00:00+00:00,35.8132043
2024-09-10 07:00:00+00:00,34.9598291
2024-09-10 08:00:00+00:00,32.17941449999999
2024-09-10 09:00:00+00:00,29.971949300000002
2024-09-10 10:00:00+00:00,28.052470900000003
2024-09-10 11:00:00+00:00,25.8517139
2024-09-10 12:00:00+00:00,24.244007000000003
2024-09-10 13:00:00+00:00,23.335984700000004
2024-09-10 14:00:00+00:00,23.018603899999995
2024-09-10 15:00:00+00:00,24.5504787
2024-09-10 16:00:00+00:00,28.751694300000004
2024-09-10 17:00:00+00:00,32.890912900000004
2024-09-10 18:00:00+00:00,32.6789855
2024-09-10 19:00:00+00:00,31.0163921
2024-09-10 20:00:00+00:00,30.275339400000004
2024-09-10 21:00:00+00:00,30.2756046
2024-09-10 22:00:00+00:00,25.245103516666667
2024-09-10 23:00:00+00:00,22.853849916666668
2024-09-11 00:00:00+00:00,21.70733771666667
2024-09-11 01:00:00+00:00,20.35598601666667
2024-09-11 02:00:00+00:00,20.544011916666662
2024-09-11 03:00:00+00:00,22.981675616666664
2024-09-11 04:00:00+00:00,27.75906441666666
2024-09-11 05:00:00+00:00,32.23459501666667
2024-09-11 06:00:00+00:00,35.156035716666665
2024-09-11 07:00:00+00:00,36.246537016666664
2024-09-11 08:00:00+00:00,35.258030616666666
2024-09-11 09:00:00+00:00,34.89736431666667
2024-09-11 10:00:00+00:00,34.52667041666666
2024-09-11 11:00:00+00:00,33.05979211666667
2024-09-11 12:00:00+00:00,31.903054216666668
2024-09-11 13:00:00+00:00,31.02854131666667
2024-09-11 14:00:00+00:00,30.412039916666664
2024-09-11 15:00:00+00:00,31.301758116666665
2024-09-11 16:00:00+00:00,34.70628281666667
2024-09-11 17:00:00+00:00,37.82874241666667
2024-09-11 18:00:00+00:00,37.25389431666666
2024-09-11 19:00:00+00:00,35.60298101666667
2024-09-11 20:00:00+00:00,35.18103241666667
2024-09-11 21:00:00+00:00,35.512184616666666
2024-09-11 22:00:00+00:00,32.01292958333333
2024-09-11 23:00:00+00:00,30.22231868333333
2024-09-12 00:00:00+00:00,29.306289183333334
2024-09-12 01:00:00+00:00,27.890152883333332
2024-09-12 02:00:00+00:00,27.34243498333333
2024-09-12 03:00:00+00:00,29.340421183333333
2024-09-12 04:00:00+00:00,33.80412128333333
2024-09-12 05:00:00+00:00,38.00687048333333
2024-09-12 06:00:00+00:00,40.19993708333334
2024-09-12 07:00:00+00:00,40.228808283333336
2024-09-12 08:00:00+00:00,37.77110318333333
2024-09-12 09:00:00+00:00,35.61380868333333
2024-09-12 10:00:00+00:00,33.82217848333333
2024-09-12 11:00:00+00:00,31.44112428333333
2024-09-12 12:00:00+00:00,29.816006483333332
2024-09-12 13:00:00+00:00,28.914947583333333
2024-09-12 14:00:00+00:00,28.694722883333334
2024-09-12 15:00:00+00:00,30.416891283333335
2024-09-12 16:00:00+00:00,35.117765383333335
2024-09-12 17:00:00+00:00,39.723371783333334
2024-09-12 18:00:00+00:00,39.92668878333333
2024-09-12 19:00:00+00:00,37.99308238333334
2024-09-12 20:00:00+00:00,37.59876718333333
2024-09-12 21:00:00+00:00,37.62072008333334
2024-09-12 22:00:00+00:00,34.45705756666667
2024-09-12 23:00:00+00:00,32.29441296666667
2024-09-13 00:00:00+00:00,31.080130566666664
2024-09-13 01:00:00+00:00,29.449867266666665
2024-09-13 02:00:00+00:00,28.784384266666667
2024-09-13 03:00:00+00:00,30.644500166666667
2024-09-13 04:00:00+00:00,35.18795236666667
2024-09-13 05:00:00+00:00,39.446334766666666
2024-09-13 06:00:00+00:00,41.38717366666667
2024-09-13 07:00:00+00:00,40.86834906666667
2024-09-13 08:00:00+00:00,37.74494586666667
2024-09-13 09:00:00+00:00,35.02957286666667
2024-09-13 10:00:00+00:00,33.60534216666667
2024-09-13 11:00:00+00:00,31.338264766666665
2024-09-13 12:00:00+00:00,29.638060566666674
2024-09-13 13:00:00+00:00,28.572433866666664
2024-09-13 14:00:00+00:00,28.449858866666666
2024-09-13 15:00:00+00:00,30.375246266666668
2024-09-13 16:00:00+00:00,35.13830966666667
2024-09-13 17:00:00+00:00,39.65704386666667
2024-09-13 18:00:00+00:00,40.08352046666667
2024-09-13 19:00:00+00:00,38.44190856666667
2024-09-13 20:00:00+00:00,38.685856766666674
2024-09-13 21:00:00+00:00,38.59571366666667
2024-09-13 22:00:00+00:00,34.09306573333333
2024-09-13 23:00:00+00:00,31.940795433333335
2024-09-14 00:00:00+00:00,30.796486133333335
2024-09-14 01:00:00+00:00,29.061964433333333
2024-09-14 02:00:00+00:00,28.133252433333336
2024-09-14 03:00:00+00:00,28.916818633333335
2024-09-14 04:00:00+00:00,31.20333453333333
2024-09-14 05:00:00+00:00,32.75565603333334
2024-09-14 06:00:00+00:00,33.870439133333335
2024-09-14 07:00:00+00:00,33.70357763333334
2024-09-14 08:00:00+00:00,31.060481233333334
2024-09-14 09:00:00+00:00,28.67557413333334
2024-09-14 10:00:00+00:00,27.505516733333337
2024-09-14 11:00:00+00:00,25.164908933333336
2024-09-14 12:00:00+00:00,22.821539933333337
2024-09-14 13:00:00+00:00,21.947688733333333
2024-09-14 14:00:00+00:00,22.220419433333333
2024-09-14 15:00:00+00:00,24.716380833333332
2024-09-14 16:00:00+00:00,29.795718033333337
2024-09-14 17:00:00+00:00,34.88449713333333
2024-09-14 18:00:00+00:00,35.81492263333333
2024-09-14 19:00:00+00:00,34.32593383333333
2024-09-14 20:00:00+00:00,34.98143183333333
2024-09-14 21:00:00+00:00,35.010829533333336
2024-09-14 22:00:00+00:00,32.5814131
2024-09-14 23:00:00+00:00,30.8914684
2024-09-15 00:00:00+00:00,29.5636478
2024-09-15 01:00:00+00:00,27.708405500000005
2024-09-15 02:00:00+00:00,26.6496767
2024-09-15 03:00:00+00:00,27.218093700000004
2024-09-15 04:00:00+00:00,28.787811499999997
2024-09-15 05:00:00+00:00,29.640192400000004
2024-09-15 06:00:00+00:00,29.849425000000004
2024-09-15 07:00:00+00:00,29.309727600000002
2024-09-15 08:00:00+00:00,26.885261199999995
2024-09-15 09:00:00+00:00,25.2920373
2024-09-15 10:00:00+00:00,24.565965
2024-09-15 11:00:00+00:00,22.175145099999998
2024-09-15 12:00:00+00:00,19.636411500000005
2024-09-15 13:00:00+00:00,18.601773200000004
2024-09-15 14:00:00+00:00,18.9481611
2024-09-15 15:00:00+00:00,21.7759196
2024-09-15 16:00:00+00:00,27.8184809
2024-09-15 17:00:00+00:00,33.9310867
2024-09-15 18:00:00+00:00,35.4911861
2024-09-15 19:00:00+00:00,34.192247
2024-09-15 20:00:00+00:00,34.5904594
2024-09-15 21:00:00+00:00,34.774820999999996
2024-09-15 22:00:00+00:00,31.288543033333333
2024-09-15 23:00:00+00:00,30.04924273333333
2024-09-16 00:00:00+00:00,28.67982973333333
2024-09-16 01:00:00+00:00,27.060364333333332
2024-09-16 02:00:00+00:00,26.625992133333334
2024-09-16 03:00:00+00:00,28.747025333333333
2024-09-16 04:00:00+00:00,33.646400533333335
2024-09-16 05:00:00+00:00,38.11701623333333
2024-09-16 06:00:00+00:00,39.90263203333333
2024-09-16 07:00:00+00:00,39.35839693333334
2024-09-16 08:00:00+00:00,36.26071213333333
2024-09-16 09:00:00+00:00,33.59188283333333
2024-09-16 10:00:00+00:00,31.587923033333336
2024-09-16 11:00:00+00:00,28.978317333333337
2024-09-16 12:00:00+00:00,27.002016333333337
2024-09-16 13:00:00+00:00,25.997245533333338
2024-09-16 14:00:00+00:00,25.808245433333337
2024-09-16 15:00:00+00:00,27.57955103333334
2024-09-16 16:00:00+00:00,32.215402833333336
2024-09-16 17:00:00+00:00,36.685394233333334
2024-09-16 18:00:00+00:00,36.405140933333335
2024-09-16 19:00:00+00:00,33.227039133333335
2024-09-16 20:00:00+00:00,32.52970143333333
2024-09-16 21:00:00+00:00,31.60587973333334
2024-09-16 22:00:00+00:00,29.209124800000005
2024-09-16 23:00:00+00:00,27.4696076
2024-09-17 00:00:00+00:00,25.779115400000002
2024-09-17 01:00:00+00:00,23.946130599999996
2024-09-17 02:00:00+00:00,23.286955900000002
2024-09-17 03:00:00+00:00,24.946109200000002
2024-09-17 04:00:00+00:00,29.305941100000002
2024-09-17 05:00:00+00:00,33.2710522
2024-09-17 06:00:00+00:00,34.4543928
2024-09-17 07:00:00+00:00,33.204470799999996
2024-09-17 08:00:00+00:00,29.873130700000004
2024-09-17 09:00:00+00:00,27.5162545
2024-09-17 10:00:00+00:00,26.0895269
2024-09-17 11:00:00+00:00,24.300346500000003
2024-09-17 12:00:00+00:00,23.185053200000002
2024-09-17 13:00:00+00:00,22.8701842
2024-09-17 14:00:00+00:00,22.983620100000003
2024-09-17 15:00:00+00:00,24.844290299999997
2024-09-17 16:00:00+00:00,29.240716900000002
2024-09-17 17:00:00+00:00,33.334553400000004
2024-09-17 18:00:00+00:00,33.2534933
2024-09-17 19:00:00+00:00,30.524402400000003
2024-09-17 20:00:00+00:00,30.497515699999997
2024-09-17 21:00:00+00:00,30.101015200000003
2024-09-17 22:00:00+00:00,26.12961701666667
2024-09-17 23:00:00+00:00,24.87186231666667
2024-09-18 00:00:00+00:00,23.722013416666663
2024-09-18 01:00:00+00:00,22.14127871666667
2024-09-18 02:00:00+00:00,21.668122616666665
2024-09-18 03:00:00+00:00,23.295259316666666
2024-09-18 04:00:00+00:00,27.80766851666667
2024-09-18 05:00:00+00:00,31.90728961666667
2024-09-18 06:00:00+00:00,33.41969251666667
2024-09-18 07:00:00+00:00,32.69466821666667
2024-09-18 08:00:00+00:00,29.837684116666665
2024-09-18 09:00:00+00:00,27.742828916666667
2024-09-18 10:00:00+00:00,26.244314016666667
2024-09-18 11:00:00+00:00,24.38275521666667
2024-09-18 12:00:00+00:00,23.079147516666673
2024-09-18 13:00:00+00:00,22.731853416666667
2024-09-18 14:00:00+00:00,23.172232716666667
2024-09-18 15:00:00+00:00,25.45382331666667
2024-09-18 16:00:00+00:00,30.576967816666674
2024-09-18 17:00:00+00:00,35.11637571666667
2024-09-18 18:00:00+00:00,35.118095116666666
2024-09-18 19:00:00+00:00,32.23898001666667
2024-09-18 20:00:00+00:00,31.846729516666667
2024-09-18 21:00:00+00:00,31.372205916666665
2024-09-18 22:00:00+00:00,27.138915750000002
2024-09-18 23:00:00+00:00,25.36464205
2024-09-19 00:00:00+00:00,24.008784150000004
2024-09-19 01:00:00+00:00,22.360343450000002
2024-09-19 02:00:00+00:00,21.743645649999998
2024-09-19 03:00:00+00:00,23.464407950000002
2024-09-19 04:00:00+00:00,27.52250155
2024-09-19 05:00:00+00:00,31.466302050000003
2024-09-19 06:00:00+00:00,32.360236549999996
2024-09-19 07:00:00+00:00,31.11959615
2024-09-19 08:00:00+00:00,28.206115450000002
2024-09-19 09:00:00+00:00,26.043879049999994
2024-09-19 10:00:00+00:00,25.07670915
2024-09-19 11:00:00+00:00,23.790449549999998
2024-09-19 12:00:00+00:00,22.691751449999998
2024-09-19 13:00:00+00:00,22.46926755
2024-09-19 14:00:00+00:00,23.164360950000003
2024-09-19 15:00:00+00:00,25.829304549999996
2024-09-19 16:00:00+00:00,31.08348515
2024-09-19 17:00:00+00:00,35.24726675
2024-09-19 18:00:00+00:00,35.09126975
2024-09-19 19:00:00+00:00,32.11331645
2024-09-19 20:00:00+00:00,31.658585950000003
2024-09-19 21:00:00+00:00,31.671295250000004
2024-09-19 22:00:00+00:00,27.913136400000006
2024-09-19 23:00:00+00:00,26.415821299999998
2024-09-20 00:00:00+00:00,25.1709128
2024-09-20 01:00:00+00:00,23.518182900000003
2024-09-20 02:00:00+00:00,23.009856300000003
2024-09-20 03:00:00+00:00,24.685587800000004
2024-09-20 04:00:00+00:00,29.074140900000003
2024-09-20 05:00:00+00:00,33.1027822
2024-09-20 06:00:00+00:00,34.2261264
2024-09-20 07:00:00+00:00,33.5520124
2024-09-20 08:00:00+00:00,31.7650638
2024-09-20 09:00:00+00:00,29.9893345
2024-09-20 10:00:00+00:00,29.518858100000003
2024-09-20 11:00:00+00:00,28.505384299999996
2024-09-20 12:00:00+00:00,27.5415001
2024-09-20 13:00:00+00:00,27.5049406
2024-09-20 14:00:00+00:00,27.769164600000003
2024-09-20 15:00:00+00:00,30.091142100000003
2024-09-20 16:00:00+00:00,34.6673368
2024-09-20 17:00:00+00:00,37.510047
2024-09-20 18:00:00+00:00,36.9284243
2024-09-20 19:00:00+00:00,34.0575224
2024-09-20 20:00:00+00:00,33.8941692
2024-09-20 21:00:00+00:00,33.9145442
2024-09-20 22:00:00+00:00,31.991144016666667
2024-09-20 23:00:00+00:00,29.97418101666667
2024-09-21 00:00:00+00:00,28.01208121666667
2024-09-21 01:00:00+00:00,26.059257116666664
2024-09-21 02:00:00+00:00,24.894839216666668
2024-09-21 03:00:00+00:00,25.295341916666665
2024-09-21 04:00:00+00:00,27.071112616666664
2024-09-21 05:00:00+00:00,28.209357516666664
2024-09-21 06:00:00+00:00,28.265216316666667
2024-09-21 07:00:00+00:00,28.43420541666667
2024-09-21 08:00:00+00:00,28.011624216666668
2024-09-21 09:00:00+00:00,27.20185671666667
2024-09-21 10:00:00+00:00,27.38127551666667
2024-09-21 11:00:00+00:00,26.310926616666666
2024-09-21 12:00:00+00:00,24.589754916666667
2024-09-21 13:00:00+00:00,24.245450616666666
2024-09-21 14:00:00+00:00,24.80023731666667
2024-09-21 15:00:00+00:00,27.114496416666668
2024-09-21 16:00:00+00:00,31.614073216666664
2024-09-21 17:00:00+00:00,34.45419551666667
2024-09-21 18:00:00+00:00,34.20259661666667
2024-09-21 19:00:00+00:00,31.872049516666667
2024-09-21 20:00:00+00:00,31.988772616666665
2024-09-21 21:00:00+00:00,32.55593701666666
2024-09-21 22:00:00+00:00,29.253936983333336
2024-09-21 23:00:00+00:00,27.36726738333333
2024-09-22 00:00:00+00:00,25.76967218333333
2024-09-22 01:00:00+00:00,23.850449983333334
2024-09-22 02:00:00+00:00,22.65298898333333
2024-09-22 03:00:00+00:00,23.052785383333333
2024-09-22 04:00:00+00:00,24.391795283333334
2024-09-22 05:00:00+00:00,25.058454283333333
2024-09-22 06:00:00+00:00,25.20564968333333
2024-09-22 07:00:00+00:00,26.315838783333337
2024-09-22 08:00:00+00:00,27.253833583333332
2024-09-22 09:00:00+00:00,27.703782083333337
2024-09-22 10:00:00+00:00,28.645526183333338
2024-09-22 11:00:00+00:00,27.722517983333333
2024-09-22 12:00:00+00:00,25.87795008333333
2024-09-22 13:00:00+00:00,24.89663888333334
2024-09-22 14:00:00+00:00,24.808406583333333
2024-09-22 15:00:00+00:00,26.611213983333336
2024-09-22 16:00:00+00:00,31.454285383333332
2024-09-22 17:00:00+00:00,35.57268478333333
2024-09-22 18:00:00+00:00,36.34731218333333
2024-09-22 19:00:00+00:00,33.96346508333333
2024-09-22 20:00:00+00:00,33.82652768333334
2024-09-22 21:00:00+00:00,34.05669998333334
2024-09-22 22:00:00+00:00,30.10220125
2024-09-22 23:00:00+00:00,28.166202650000002
2024-09-23 00:00:00+00:00,26.831880250000005
2024-09-23 01:00:00+00:00,25.146460150000003
2024-09-23 02:00:00+00:00,24.472178049999997
2024-09-23 03:00:00+00:00,26.44486045
2024-09-23 04:00:00+00:00,31.013555150000002
2024-09-23 05:00:00+00:00,35.51740395
2024-09-23 06:00:00+00:00,36.824441650000004
2024-09-23 07:00:00+00:00,36.37327635
2024-09-23 08:00:00+00:00,34.55853305
2024-09-23 09:00:00+00:00,32.78645795
2024-09-23 10:00:00+00:00,31.93124925
2024-09-23 11:00:00+00:00,30.493084750000005
2024-09-23 12:00:00+00:00,29.45661505
2024-09-23 13:00:00+00:00,28.89026295
2024-09-23 14:00:00+00:00,28.75544225
2024-09-23 15:00:00+00:00,30.28046025
2024-09-23 16:00:00+00:00,35.227022649999995
2024-09-23 17:00:00+00:00,39.16873125
2024-09-23 18:00:00+00:00,38.56084715
2024-09-23 19:00:00+00:00,34.86653145
2024-09-23 20:00:00+00:00,34.218966050000006
2024-09-23 21:00:00+00:00,33.73686855
2024-09-23 22:00:00+00:00,30.9729332
2024-09-23 23:00:00+00:00,28.842796000000003
2024-09-24 00:00:00+00:00,27.5271526
2024-09-24 01:00:00+00:00,25.818021100000003
2024-09-24 02:00:00+00:00,25.1082046
2024-09-24 03:00:00+00:00,26.777675000000002
2024-09-24 04:00:00+00:00,31.3195056
2024-09-24 05:00:00+00:00,35.492819600000004
2024-09-24 06:00:00+00:00,36.331734999999995
2024-09-24 07:00:00+00:00,35.4704028
2024-09-24 08:00:00+00:00,33.5698038
2024-09-24 09:00:00+00:00,31.745018400000003
2024-09-24 10:00:00+00:00,30.6941727
2024-09-24 11:00:00+00:00,29.329635399999997
2024-09-24 12:00:00+00:00,28.483701200000002
2024-09-24 13:00:00+00:00,28.0789631
2024-09-24 14:00:00+00:00,28.3532137
2024-09-24 15:00:00+00:00,30.535741999999995
2024-09-24 16:00:00+00:00,35.8960486
2024-09-24 17:00:00+00:00,40.293807
2024-09-24 18:00:00+00:00,40.1090618
2024-09-24 19:00:00+00:00,36.7793408
2024-09-24 20:00:00+00:00,36.2997917
2024-09-24 21:00:00+00:00,36.034448
2024-09-24 22:00:00+00:00,33.17551506666667
2024-09-24 23:00:00+00:00,31.009348566666667
2024-09-25 00:00:00+00:00,29.510418566666665
2024-09-25 01:00:00+00:00,27.800653966666665
2024-09-25 02:00:00+00:00,27.035894766666665
2024-09-25 03:00:00+00:00,28.668773166666664
2024-09-25 04:00:00+00:00,32.76735866666667
2024-09-25 05:00:00+00:00,36.51725536666666
2024-09-25 06:00:00+00:00,37.284662266666665
2024-09-25 07:00:00+00:00,36.39714686666667
2024-09-25 08:00:00+00:00,34.311757566666664
2024-09-25 09:00:00+00:00,32.48722946666666
2024-09-25 10:00:00+00:00,31.35389956666667
2024-09-25 11:00:00+00:00,29.96547736666667
2024-09-25 12:00:00+00:00,29.264003766666665
2024-09-25 13:00:00+00:00,28.618927966666668
2024-09-25 14:00:00+00:00,28.449827866666666
2024-09-25 15:00:00+00:00,29.471499166666664
2024-09-25 16:00:00+00:00,33.10543046666667
2024-09-25 17:00:00+00:00,35.95399436666666
2024-09-25 18:00:00+00:00,34.95111476666667
2024-09-25 19:00:00+00:00,31.134122966666666
2024-09-25 20:00:00+00:00,30.646111866666665
2024-09-25 21:00:00+00:00,30.718557266666664
2024-09-25 22:00:00+00:00,26.865794616666662
2024-09-25 23:00:00+00:00,24.99572291666667
2024-09-26 00:00:00+00:00,24.10471471666667
2024-09-26 01:00:00+00:00,22.377448716666667
2024-09-26 02:00:00+00:00,21.591174316666667
2024-09-26 03:00:00+00:00,23.225255016666665
2024-09-26 04:00:00+00:00,27.47699791666667
2024-09-26 05:00:00+00:00,31.69593101666667
2024-09-26 06:00:00+00:00,33.18520681666667
2024-09-26 07:00:00+00:00,32.779151416666664
2024-09-26 08:00:00+00:00,31.037830016666668
2024-09-26 09:00:00+00:00,29.695415516666664
2024-09-26 10:00:00+00:00,28.953331116666668
2024-09-26 11:00:00+00:00,27.42713451666667
2024-09-26 12:00:00+00:00,26.482116116666667
2024-09-26 13:00:00+00:00,25.599676416666668
2024-09-26 14:00:00+00:00,25.32229841666667
2024-09-26 15:00:00+00:00,26.047718816666666
2024-09-26 16:00:00+00:00,29.04347211666667
2024-09-26 17:00:00+00:00,31.877448216666664
2024-09-26 18:00:00+00:00,30.793476616666666
2024-09-26 19:00:00+00:00,27.280764816666668
2024-09-26 20:00:00+00:00,26.73291961666667
2024-09-26 21:00:00+00:00,26.93682951666667
2024-09-26 22:00:00+00:00,22.02691768333333
2024-09-26 23:00:00+00:00,20.161265283333332
2024-09-27 00:00:00+00:00,19.01348258333333
2024-09-27 01:00:00+00:00,17.601403783333335
2024-09-27 02:00:00+00:00,17.26899718333333
2024-09-27 03:00:00+00:00,19.31093058333333
2024-09-27 04:00:00+00:00,23.63703848333333
2024-09-27 05:00:00+00:00,28.215145683333333
2024-09-27 06:00:00+00:00,29.809434383333333
2024-09-27 07:00:00+00:00,29.580255683333334
2024-09-27 08:00:00+00:00,27.692859383333335
2024-09-27 09:00:00+00:00,26.06309878333333
2024-09-27 10:00:00+00:00,25.195933383333333
2024-09-27 11:00:00+00:00,23.299928683333334
2024-09-27 12:00:00+00:00,22.186351683333335
2024-09-27 13:00:00+00:00,21.964855783333334
2024-09-27 14:00:00+00:00,22.82188718333333
2024-09-27 15:00:00+00:00,25.26147588333333
2024-09-27 16:00:00+00:00,30.27756038333333
2024-09-27 17:00:00+00:00,34.43275018333333
2024-09-27 18:00:00+00:00,34.18867418333333
2024-09-27 19:00:00+00:00,31.519505083333332
2024-09-27 20:00:00+00:00,31.859031283333334
2024-09-27 21:00:00+00:00,32.45508598333333
2024-09-27 22:00:00+00:00,29.04922225
2024-09-27 23:00:00+00:00,27.419944649999998
2024-09-28 00:00:00+00:00,26.177142849999996
2024-09-28 01:00:00+00:00,24.57718495
2024-09-28 02:00:00+00:00,23.722463249999997
2024-09-28 03:00:00+00:00,24.738980750000003
2024-09-28 04:00:00+00:00,27.233793249999998
2024-09-28 05:00:00+00:00,29.55913355
2024-09-28 06:00:00+00:00,30.700049049999997
2024-09-28 07:00:00+00:00,31.256907249999998
2024-09-28 08:00:00+00:00,30.05478365
2024-09-28 09:00:00+00:00,28.827467649999996
2024-09-28 10:00:00+00:00,28.45809045
2024-09-28 11:00:00+00:00,26.735128350000004
2024-09-28 12:00:00+00:00,24.79063725
2024-09-28 13:00:00+00:00,23.959508850000002
2024-09-28 14:00:00+00:00,24.58657795
2024-09-28 15:00:00+00:00,27.13877145
2024-09-28 16:00:00+00:00,32.912241050000006
2024-09-28 17:00:00+00:00,37.948219550000005
2024-09-28 18:00:00+00:00,38.467923049999996
2024-09-28 19:00:00+00:00,36.288871650000004
2024-09-28 20:00:00+00:00,37.30676955
2024-09-28 21:00:00+00:00,38.38089105
2024-09-28 22:00:00+00:00,35.17057951666666
2024-09-28 23:00:00+00:00,33.20487071666667
2024-09-29 00:00:00+00:00,31.19521831666667
2024-09-29 01:00:00+00:00,28.91047161666667
2024-09-29 02:00:00+00:00,27.373072216666664
2024-09-29 03:00:00+00:00,27.34996671666667
2024-09-29 04:00:00+00:00,28.689385416666667
2024-09-29 05:00:00+00:00,29.75995711666667
2024-09-29 06:00:00+00:00,29.77561131666667
2024-09-29 07:00:00+00:00,29.618603516666667
2024-09-29 08:00:00+00:00,28.568142616666666
2024-09-29 09:00:00+00:00,27.91029101666667
2024-09-29 10:00:00+00:00,27.670998816666664
2024-09-29 11:00:00+00:00,25.32446391666667
2024-09-29 12:00:00+00:00,22.741519116666666
2024-09-29 13:00:00+00:00,21.398069016666668
2024-09-29 14:00:00+00:00,21.493153116666672
2024-09-29 15:00:00+00:00,23.191816416666665
2024-09-29 16:00:00+00:00,27.97608801666667
2024-09-29 17:00:00+00:00,32.424070416666666
2024-09-29 18:00:00+00:00,32.081210516666665
2024-09-29 19:00:00+00:00,29.24391241666667
2024-09-29 20:00:00+00:00,29.170510216666667
2024-09-29 21:00:00+00:00,29.24936291666667
2024-09-29 22:00:00+00:00,27.048072400000002
2024-09-29 23:00:00+00:00,25.2314145
2024-09-30 00:00:00+00:00,23.426377
2024-09-30 01:00:00+00:00,21.252358100000002
2024-09-30 02:00:00+00:00,20.253177099999995
2024-09-30 03:00:00+00:00,21.883291999999997
2024-09-30 04:00:00+00:00,26.250844699999995
2024-09-30 05:00:00+00:00,30.6386864
2024-09-30 06:00:00+00:00,31.9341
2024-09-30 07:00:00+00:00,31.3191376
2024-09-30 08:00:00+00:00,29.2171825
2024-09-30 09:00:00+00:00,27.365274300000003
2024-09-30 10:00:00+00:00,26.016686800000002
2024-09-30 11:00:00+00:00,23.743964700000003
2024-09-30 12:00:00+00:00,22.201222100000006
2024-09-30 13:00:00+00:00,21.678517900000006
2024-09-30 14:00:00+00:00,21.9382854
2024-09-30 15:00:00+00:00,23.984952400000005
2024-09-30 16:00:00+00:00,29.349906600000004
2024-09-30 17:00:00+00:00,34.1565129
2024-09-30 18:00:00+00:00,33.70638099999999
2024-09-30 19:00:00+00:00,30.571006599999997
2024-09-30 20:00:00+00:00,30.919690100000004
2024-09-30 21:00:00+00:00,31.453249899999996
2024-09-30 22:00:00+00:00,28.987158550000004
2024-09-30 23:00:00+00:00,27.689746149999998
2024-10-01 00:00:00+00:00,26.498653349999998
2024-10-01 01:00:00+00:00,25.135504949999998
2024-10-01 02:00:00+00:00,24.80574035
2024-10-01 03:00:00+00:00,26.99048245
2024-10-01 04:00:00+00:00,31.808699250000004
2024-10-01 05:00:00+00:00,36.80518775
2024-10-01 06:00:00+00:00,38.85623335
2024-10-01 07:00:00+00:00,38.87273055
2024-10-01 08:00:00+00:00,37.24450885
2024-10-01 09:00:00+00:00,36.03691415
2024-10-01 10:00:00+00:00,35.364464749999996
2024-10-01 11:00:00+00:00,33.87505955
2024-10-01 12:00:00+00:00,32.82176835
2024-10-01 13:00:00+00:00,32.39597535
2024-10-01 14:00:00+00:00,32.30021965
2024-10-01 15:00:00+00:00,33.46372105
2024-10-01 16:00:00+00:00,37.91678235
2024-10-01 17:00:00+00:00,41.84474145
2024-10-01 18:00:00+00:00,41.06522515
2024-10-01 19:00:00+00:00,37.581128750000005
2024-10-01 20:00:00+00:00,37.57776255
2024-10-01 21:00:00+00:00,37.63710225
2024-10-01 22:00:00+00:00,33.069739416666664
2024-10-01 23:00:00+00:00,31.231289316666665
2024-10-02 00:00:00+00:00,29.41660721666667
2024-10-02 01:00:00+00:00,27.737124016666662
2024-10-02 02:00:00+00:00,27.067957016666668
2024-10-02 03:00:00+00:00,29.02783691666667
2024-10-02 04:00:00+00:00,33.86578151666667
2024-10-02 05:00:00+00:00,38.79336981666667
2024-10-02 06:00:00+00:00,41.178074116666664
2024-10-02 07:00:00+00:00,41.62106801666667
2024-10-02 08:00:00+00:00,40.04301001666667
2024-10-02 09:00:00+00:00,38.75777521666667
2024-10-02 10:00:00+00:00,38.18219061666667
2024-10-02 11:00:00+00:00,36.66554081666667
2024-10-02 12:00:00+00:00,35.607434516666665
2024-10-02 13:00:00+00:00,35.23740911666667
2024-10-02 14:00:00+00:00,35.57562991666667
2024-10-02 15:00:00+00:00,37.238614016666666
2024-10-02 16:00:00+00:00,41.829584716666666
2024-10-02 17:00:00+00:00,45.69425031666667
2024-10-02 18:00:00+00:00,44.334792416666666
2024-10-02 19:00:00+00:00,40.39719181666666
2024-10-02 20:00:00+00:00,39.96219181666667
2024-10-02 21:00:00+00:00,39.88010581666666
2024-10-02 22:00:00+00:00,34.008854883333335
2024-10-02 23:00:00+00:00,31.930135283333332
2024-10-03 00:00:00+00:00,30.225395783333333
2024-10-03 01:00:00+00:00,28.22250328333334
2024-10-03 02:00:00+00:00,27.186017783333334
2024-10-03 03:00:00+00:00,28.499636283333338
2024-10-03 04:00:00+00:00,32.772290283333334
2024-10-03 05:00:00+00:00,37.35164528333333
2024-10-03 06:00:00+00:00,38.814892783333335
2024-10-03 07:00:00+00:00,38.253359583333335
2024-10-03 08:00:00+00:00,36.16222648333333
2024-10-03 09:00:00+00:00,34.58608718333333
2024-10-03 10:00:00+00:00,33.671950083333336
2024-10-03 11:00:00+00:00,31.735500883333337
2024-10-03 12:00:00+00:00,30.098659383333334
2024-10-03 13:00:00+00:00,29.56414928333334
2024-10-03 14:00:00+00:00,29.51490838333333
2024-10-03 15:00:00+00:00,31.930947783333337
2024-10-03 16:00:00+00:00,36.96913178333334
2024-10-03 17:00:00+00:00,41.60684698333333
2024-10-03 18:00:00+00:00,40.75755528333333
2024-10-03 19:00:00+00:00,37.28489338333334
2024-10-03 20:00:00+00:00,37.402283983333334
2024-10-03 21:00:00+00:00,37.60713378333334
2024-10-03 22:00:00+00:00,33.54119206666667
2024-10-03 23:00:00+00:00,32.09826666666667
2024-10-04 00:00:00+00:00,31.00693926666667
2024-10-04 01:00:00+00:00,29.482807166666667
2024-10-04 02:00:00+00:00,28.92590146666667
2024-10-04 03:00:00+00:00,30.841051066666665
2024-10-04 04:00:00+00:00,35.49247666666667
2024-10-04 05:00:00+00:00,40.75956276666667
2024-10-04 06:00:00+00:00,42.43910996666667
2024-10-04 07:00:00+00:00,41.64343756666667
2024-10-04 08:00:00+00:00,38.936626866666664
2024-10-04 09:00:00+00:00,36.394184366666664
2024-10-04 10:00:00+00:00,34.40136426666666
2024-10-04 11:00:00+00:00,31.74316896666667
2024-10-04 12:00:00+00:00,30.10380856666667
2024-10-04 13:00:00+00:00,29.414750766666668
2024-10-04 14:00:00+00:00,29.598719266666667
2024-10-04 15:00:00+00:00,33.19960566666667
2024-10-04 16:00:00+00:00,38.44540416666667
2024-10-04 17:00:00+00:00,43.22364026666667
2024-10-04 18:00:00+00:00,42.316538566666665
2024-10-04 19:00:00+00:00,39.21381436666667
2024-10-04 20:00:00+00:00,39.24745526666667
2024-10-04 21:00:00+00:00,39.69291606666666
2024-10-04 22:00:00+00:00,37.250506533333336
2024-10-04 23:00:00+00:00,35.40206323333334
2024-10-05 00:00:00+00:00,33.78005503333333
2024-10-05 01:00:00+00:00,31.882243433333336
2024-10-05 02:00:00+00:00,30.849538233333334
2024-10-05 03:00:00+00:00,31.385955333333335
2024-10-05 04:00:00+00:00,33.541685533333336
2024-10-05 05:00:00+00:00,35.76759803333333
2024-10-05 06:00:00+00:00,36.30131963333333
2024-10-05 07:00:00+00:00,36.03201893333333
2024-10-05 08:00:00+00:00,33.68733343333333
2024-10-05 09:00:00+00:00,31.220879733333334
2024-10-05 10:00:00+00:00,29.767529333333332
2024-10-05 11:00:00+00:00,27.22968553333334
2024-10-05 12:00:00+00:00,24.551735533333332
2024-10-05 13:00:00+00:00,23.602471633333337
2024-10-05 14:00:00+00:00,24.139246833333335
2024-10-05 15:00:00+00:00,27.86315093333333
2024-10-05 16:00:00+00:00,32.49716003333333
2024-10-05 17:00:00+00:00,36.502358533333336
2024-10-05 18:00:00+00:00,35.080217033333334
2024-10-05 19:00:00+00:00,31.803023033333332
2024-10-05 20:00:00+00:00,31.757970433333337
2024-10-05 21:00:00+00:00,32.41341223333333
2024-10-05 22:00:00+00:00,29.618145099999996
2024-10-05 23:00:00+00:00,28.0479086
2024-10-06 00:00:00+00:00,26.368710300000004
2024-10-06 01:00:00+00:00,24.402539800000003
2024-10-06 02:00:00+00:00,23.4478827
2024-10-06 03:00:00+00:00,24.0457404
2024-10-06 04:00:00+00:00,25.729492
2024-10-06 05:00:00+00:00,27.359350300000003
2024-10-06 06:00:00+00:00,27.590961899999996
2024-10-06 07:00:00+00:00,28.8404833
2024-10-06 08:00:00+00:00,29.5162091
2024-10-06 09:00:00+00:00,29.929241700000002
2024-10-06 10:00:00+00:00,30.2278811
2024-10-06 11:00:00+00:00,28.256509500000003
2024-10-06 12:00:00+00:00,25.4560007
2024-10-06 13:00:00+00:00,24.044475799999997
2024-10-06 14:00:00+00:00,23.7811883
2024-10-06 15:00:00+00:00,26.0722945
2024-10-06 16:00:00+00:00,30.2321107
2024-10-06 17:00:00+00:00,34.7570377
2024-10-06 18:00:00+00:00,33.8860156
2024-10-06 19:00:00+00:00,31.1006753
2024-10-06 20:00:00+00:00,31.089654300000003
2024-10-06 21:00:00+00:00,31.2210667
2024-10-06 22:00:00+00:00,27.44841806666667
2024-10-06 23:00:00+00:00,26.236438866666667
2024-10-07 00:00:00+00:00,25.066357966666665
2024-10-07 01:00:00+00:00,23.595695366666668
2024-10-07 02:00:00+00:00,23.493495566666667
2024-10-07 03:00:00+00:00,25.998941466666665
2024-10-07 04:00:00+00:00,31.229076666666664
2024-10-07 05:00:00+00:00,36.87450646666667
2024-10-07 06:00:00+00:00,38.594375666666664
2024-10-07 07:00:00+00:00,38.98020976666667
2024-10-07 08:00:00+00:00,37.96752476666666
2024-10-07 09:00:00+00:00,37.26966866666667
2024-10-07 10:00:00+00:00,36.64893236666667
2024-10-07 11:00:00+00:00,35.496744766666666
2024-10-07 12:00:00+00:00,34.258845566666665
2024-10-07 13:00:00+00:00,33.265259666666665
2024-10-07 14:00:00+00:00,32.775856966666666
2024-10-07 15:00:00+00:00,34.05034176666666
2024-10-07 16:00:00+00:00,36.79936406666667
2024-10-07 17:00:00+00:00,40.27624296666667
2024-10-07 18:00:00+00:00,37.490673066666666
2024-10-07 19:00:00+00:00,33.339055566666666
2024-10-07 20:00:00+00:00,32.57550236666667
2024-10-07 21:00:00+00:00,32.58616926666667
2024-10-07 22:00:00+00:00,28.56958381666667
2024-10-07 23:00:00+00:00,26.904561016666662
2024-10-08 00:00:00+00:00,25.38331891666667
2024-10-08 01:00:00+00:00,23.85185701666667
2024-10-08 02:00:00+00:00,23.627051416666667
2024-10-08 03:00:00+00:00,25.92512691666667
2024-10-08 04:00:00+00:00,30.70096171666667
2024-10-08 05:00:00+00:00,35.96321881666667
2024-10-08 06:00:00+00:00,37.109295816666666
2024-10-08 07:00:00+00:00,36.95640761666667
2024-10-08 08:00:00+00:00,35.12820241666667
2024-10-08 09:00:00+00:00,33.41601201666667
2024-10-08 10:00:00+00:00,32.02748361666667
2024-10-08 11:00:00+00:00,30.25652111666667
2024-10-08 12:00:00+00:00,28.44909821666667
2024-10-08 13:00:00+00:00,27.253499516666665
2024-10-08 14:00:00+00:00,26.98845431666667
2024-10-08 15:00:00+00:00,29.17910081666667
2024-10-08 16:00:00+00:00,33.120437216666666
2024-10-08 17:00:00+00:00,37.167801116666666
2024-10-08 18:00:00+00:00,34.55782871666667
2024-10-08 19:00:00+00:00,30.40689881666667
2024-10-08 20:00:00+00:00,29.75276261666667
2024-10-08 21:00:00+00:00,29.818697916666665
2024-10-08 22:00:00+00:00,24.809667516666664
2024-10-08 23:00:00+00:00,23.43412991666667
2024-10-09 00:00:00+00:00,21.959037816666665
2024-10-09 01:00:00+00:00,20.384021016666665
2024-10-09 02:00:00+00:00,20.26857591666667
2024-10-09 03:00:00+00:00,22.620474216666665
2024-10-09 04:00:00+00:00,27.506728916666667
2024-10-09 05:00:00+00:00,32.89474941666666
2024-10-09 06:00:00+00:00,34.67782291666667
2024-10-09 07:00:00+00:00,35.005501816666666
2024-10-09 08:00:00+00:00,33.653302116666666
2024-10-09 09:00:00+00:00,32.83953271666667
2024-10-09 10:00:00+00:00,32.44687891666667
2024-10-09 11:00:00+00:00,31.526445416666668
2024-10-09 12:00:00+00:00,30.474151416666665
2024-10-09 13:00:00+00:00,29.86021291666667
2024-10-09 14:00:00+00:00,30.120907116666665
2024-10-09 15:00:00+00:00,32.04635971666667
2024-10-09 16:00:00+00:00,35.797961316666665
2024-10-09 17:00:00+00:00,40.03291831666667
2024-10-09 18:00:00+00:00,37.86209221666667
2024-10-09 19:00:00+00:00,33.841480516666664
2024-10-09 20:00:00+00:00,32.97751711666667
2024-10-09 21:00:00+00:00,32.45677761666666
2024-10-09 22:00:00+00:00,26.056289550000002
2024-10-09 23:00:00+00:00,24.323519750000003
2024-10-10 00:00:00+00:00,22.83014655
2024-10-10 01:00:00+00:00,21.03109675
2024-10-10 02:00:00+00:00,20.83634605
2024-10-10 03:00:00+00:00,23.25520395
2024-10-10 04:00:00+00:00,28.468350949999998
2024-10-10 05:00:00+00:00,34.51892515
2024-10-10 06:00:00+00:00,36.70393085
2024-10-10 07:00:00+00:00,36.67542475
2024-10-10 08:00:00+00:00,35.15430055
2024-10-10 09:00:00+00:00,33.83236525
2024-10-10 10:00:00+00:00,33.37449155
2024-10-10 11:00:00+00:00,32.09964425
2024-10-10 12:00:00+00:00,30.76807595
2024-10-10 13:00:00+00:00,29.88575955
2024-10-10 14:00:00+00:00,30.492492050000003
2024-10-10 15:00:00+00:00,33.38349435000001
2024-10-10 16:00:00+00:00,38.76511775
2024-10-10 17:00:00+00:00,44.07726055
2024-10-10 18:00:00+00:00,42.06517325
2024-10-10 19:00:00+00:00,38.789970049999994
2024-10-10 20:00:00+00:00,38.95552905
2024-10-10 21:00:00+00:00,39.456059249999996
2024-10-10 22:00:00+00:00,35.61402285
2024-10-10 23:00:00+00:00,34.20074225
2024-10-11 00:00:00+00:00,32.67774415
2024-10-11 01:00:00+00:00,30.93449915
2024-10-11 02:00:00+00:00,30.66161565
2024-10-11 03:00:00+00:00,32.61485965
2024-10-11 04:00:00+00:00,37.49359585
2024-10-11 05:00:00+00:00,42.96490155
2024-10-11 06:00:00+00:00,44.561845850000005
2024-10-11 07:00:00+00:00,43.75189115
2024-10-11 08:00:00+00:00,41.34244745
2024-10-11 09:00:00+00:00,38.644060749999994
2024-10-11 10:00:00+00:00,37.248213250000006
2024-10-11 11:00:00+00:00,35.16077905
2024-10-11 12:00:00+00:00,33.336719650000006
2024-10-11 13:00:00+00:00,32.52598145
2024-10-11 14:00:00+00:00,33.05564964999999
2024-10-11 15:00:00+00:00,35.94729535
2024-10-11 16:00:00+00:00,40.52620145
2024-10-11 17:00:00+00:00,44.47911655
2024-10-11 18:00:00+00:00,41.57109565
2024-10-11 19:00:00+00:00,37.860756949999995
2024-10-11 20:00:00+00:00,37.470735950000005
2024-10-11 21:00:00+00:00,37.13359815
2024-10-11 22:00:00+00:00,34.351942433333335
2024-10-11 23:00:00+00:00,32.301213233333335
2024-10-12 00:00:00+00:00,30.241532333333332
2024-10-12 01:00:00+00:00,28.026085833333333
2024-10-12 02:00:00+00:00,26.990860833333336
2024-10-12 03:00:00+00:00,27.75835123333333
2024-10-12 04:00:00+00:00,29.924008633333337
2024-10-12 05:00:00+00:00,32.34759283333334
2024-10-12 06:00:00+00:00,33.511722033333335
2024-10-12 07:00:00+00:00,34.35361313333333
2024-10-12 08:00:00+00:00,34.57652443333333
2024-10-12 09:00:00+00:00,34.214139233333334
2024-10-12 10:00:00+00:00,34.65075003333334
2024-10-12 11:00:00+00:00,33.20580473333334
2024-10-12 12:00:00+00:00,31.08309243333333
2024-10-12 13:00:00+00:00,29.218988533333334
2024-10-12 14:00:00+00:00,29.475820833333334
2024-10-12 15:00:00+00:00,31.450927233333335
2024-10-12 16:00:00+00:00,34.68940463333334
2024-10-12 17:00:00+00:00,38.479277933333336
2024-10-12 18:00:00+00:00,35.85134733333334
2024-10-12 19:00:00+00:00,32.91462563333333
2024-10-12 20:00:00+00:00,33.05987553333333
2024-10-12 21:00:00+00:00,33.54063603333333
2024-10-12 22:00:00+00:00,29.583498000000002
2024-10-12 23:00:00+00:00,28.241842900000005
2024-10-13 00:00:00+00:00,26.8861725
2024-10-13 01:00:00+00:00,25.259579800000004
2024-10-13 02:00:00+00:00,24.6570618
2024-10-13 03:00:00+00:00,25.396003999999998
2024-10-13 04:00:00+00:00,27.3366934
2024-10-13 05:00:00+00:00,29.674854
2024-10-13 06:00:00+00:00,30.076718600000003
2024-10-13 07:00:00+00:00,30.9107746
2024-10-13 08:00:00+00:00,31.021232599999998
2024-10-13 09:00:00+00:00,30.469798899999997
2024-10-13 10:00:00+00:00,30.462581400000005
2024-10-13 11:00:00+00:00,28.645439000000003
2024-10-13 12:00:00+00:00,26.257399100000004
2024-10-13 13:00:00+00:00,25.156887700000002
2024-10-13 14:00:00+00:00,26.481130900000004
2024-10-13 15:00:00+00:00,29.6651828
2024-10-13 16:00:00+00:00,34.9100323
2024-10-13 17:00:00+00:00,39.7901447
2024-10-13 18:00:00+00:00,37.3260768
2024-10-13 19:00:00+00:00,34.4496072
2024-10-13 20:00:00+00:00,34.3618238
2024-10-13 21:00:00+00:00,34.699034
2024-10-13 22:00:00+00:00,32.98817328333333
2024-10-13 23:00:00+00:00,31.341958783333336
2024-10-14 00:00:00+00:00,29.813736783333336
2024-10-14 01:00:00+00:00,27.954935483333337
2024-10-14 02:00:00+00:00,27.41798588333333
2024-10-14 03:00:00+00:00,29.495882383333335
2024-10-14 04:00:00+00:00,34.58591688333333
2024-10-14 05:00:00+00:00,40.357965083333326
2024-10-14 06:00:00+00:00,41.91351708333333
2024-10-14 07:00:00+00:00,41.624391083333336
2024-10-14 08:00:00+00:00,40.11093588333333
2024-10-14 09:00:00+00:00,38.38218498333333
2024-10-14 10:00:00+00:00,37.230423583333334
2024-10-14 11:00:00+00:00,35.459904783333336
2024-10-14 12:00:00+00:00,33.96799608333333
2024-10-14 13:00:00+00:00,32.93110138333333
2024-10-14 14:00:00+00:00,33.92977128333333
2024-10-14 15:00:00+00:00,36.45890138333333
2024-10-14 16:00:00+00:00,41.611295983333335
2024-10-14 17:00:00+00:00,46.678013783333334
2024-10-14 18:00:00+00:00,43.66201468333333
2024-10-14 19:00:00+00:00,40.20383678333333
2024-10-14 20:00:00+00:00,39.78811358333333
2024-10-14 21:00:00+00:00,39.93081958333333
2024-10-14 22:00:00+00:00,36.10800775
2024-10-14 23:00:00+00:00,34.00571375
2024-10-15 00:00:00+00:00,31.991846250000002
2024-10-15 01:00:00+00:00,29.857507049999995
2024-10-15 02:00:00+00:00,28.917773450000002
2024-10-15 03:00:00+00:00,30.345913449999998
2024-10-15 04:00:00+00:00,34.75552395
2024-10-15 05:00:00+00:00,39.77166175000001
2024-10-15 06:00:00+00:00,40.64193985
2024-10-15 07:00:00+00:00,39.75664595
2024-10-15 08:00:00+00:00,38.00303285
2024-10-15 09:00:00+00:00,36.23449695
2024-10-15 10:00:00+00:00,35.016782649999996
2024-10-15 11:00:00+00:00,33.56490675
2024-10-15 12:00:00+00:00,32.45735995
2024-10-15 13:00:00+00:00,30.69117585
2024-10-15 14:00:00+00:00,31.23000495
2024-10-15 15:00:00+00:00,32.56325425
2024-10-15 16:00:00+00:00,35.51138655
2024-10-15 17:00:00+00:00,38.870716650000006
2024-10-15 18:00:00+00:00,34.77529845
2024-10-15 19:00:00+00:00,30.984437449999998
2024-10-15 20:00:00+00:00,30.43999385
2024-10-15 21:00:00+00:00,30.681921749999997
2024-10-15 22:00:00+00:00,27.388173616666666
2024-10-15 23:00:00+00:00,25.656720316666668
2024-10-16 00:00:00+00:00,23.893747516666668
2024-10-16 01:00:00+00:00,21.967552516666668
2024-10-16 02:00:00+00:00,21.257190416666667
2024-10-16 03:00:00+00:00,22.92058711666667
2024-10-16 04:00:00+00:00,27.277938016666667
2024-10-16 05:00:00+00:00,32.27653231666667
2024-10-16 06:00:00+00:00,33.52674951666667
2024-10-16 07:00:00+00:00,33.11114271666667
2024-10-16 08:00:00+00:00,32.02424011666666
2024-10-16 09:00:00+00:00,31.49716941666667
2024-10-16 10:00:00+00:00,31.426191516666673
2024-10-16 11:00:00+00:00,30.942960916666667
2024-10-16 12:00:00+00:00,30.71302391666667
2024-10-16 13:00:00+00:00,30.20433541666667
2024-10-16 14:00:00+00:00,31.417081216666666
2024-10-16 15:00:00+00:00,32.98510031666667
2024-10-16 16:00:00+00:00,36.49239601666666
2024-10-16 17:00:00+00:00,40.414365016666665
2024-10-16 18:00:00+00:00,36.913669016666674
2024-10-16 19:00:00+00:00,33.33529671666666
2024-10-16 20:00:00+00:00,33.19260061666667
2024-10-16 21:00:00+00:00,33.664940516666675
2024-10-16 22:00:00+00:00,28.446884883333333
2024-10-16 23:00:00+00:00,26.432377783333337
2024-10-17 00:00:00+00:00,25.03035548333333
2024-10-17 01:00:00+00:00,23.86636478333333
2024-10-17 02:00:00+00:00,23.687772783333333
2024-10-17 03:00:00+00:00,25.88762038333333
2024-10-17 04:00:00+00:00,31.356799483333333
2024-10-17 05:00:00+00:00,37.574818883333336
2024-10-17 06:00:00+00:00,39.568171783333334
2024-10-17 07:00:00+00:00,40.09564308333333
2024-10-17 08:00:00+00:00,39.77595538333333
2024-10-17 09:00:00+00:00,39.391756783333335
2024-10-17 10:00:00+00:00,39.77801348333333
2024-10-17 11:00:00+00:00,38.998917283333334
2024-10-17 12:00:00+00:00,38.36523228333333
2024-10-17 13:00:00+00:00,37.294748283333334
2024-10-17 14:00:00+00:00,36.838007483333335
2024-10-17 15:00:00+00:00,37.30524028333333
2024-10-17 16:00:00+00:00,40.01966208333333
2024-10-17 17:00:00+00:00,43.77405018333333
2024-10-17 18:00:00+00:00,39.66649448333333
2024-10-17 19:00:00+00:00,35.914324183333335
2024-10-17 20:00:00+00:00,35.44870458333334
2024-10-17 21:00:00+00:00,35.54736658333333
2024-10-17 22:00:00+00:00,32.02049736666667
2024-10-17 23:00:00+00:00,29.73070116666667
2024-10-18 00:00:00+00:00,28.280441866666663
2024-10-18 01:00:00+00:00,26.326363166666667
2024-10-18 02:00:00+00:00,25.644089766666664
2024-10-18 03:00:00+00:00,27.432899766666665
2024-10-18 04:00:00+00:00,32.53297376666667
2024-10-18 05:00:00+00:00,38.36836246666667
2024-10-18 06:00:00+00:00,40.016025766666665
2024-10-18 07:00:00+00:00,40.35147486666666
2024-10-18 08:00:00+00:00,39.563601866666666
2024-10-18 09:00:00+00:00,38.46362166666667
2024-10-18 10:00:00+00:00,38.28109906666667
2024-10-18 11:00:00+00:00,36.992810766666665
2024-10-18 12:00:00+00:00,35.802096266666666
2024-10-18 13:00:00+00:00,34.587731766666664
2024-10-18 14:00:00+00:00,34.30366716666667
2024-10-18 15:00:00+00:00,35.953831666666666
2024-10-18 16:00:00+00:00,39.55900896666667
2024-10-18 17:00:00+00:00,43.67347526666667
2024-10-18 18:00:00+00:00,40.05522366666667
2024-10-18 19:00:00+00:00,36.89157586666667
2024-10-18 20:00:00+00:00,36.946945666666664
2024-10-18 21:00:00+00:00,36.99846996666667
2024-10-18 22:00:00+00:00,33.441951083333336
2024-10-18 23:00:00+00:00,30.400948683333333
2024-10-19 00:00:00+00:00,28.56344538333333
2024-10-19 01:00:00+00:00,26.121176183333336
2024-10-19 02:00:00+00:00,24.497113483333337
2024-10-19 03:00:00+00:00,24.794141583333335
2024-10-19 04:00:00+00:00,26.930795983333336
2024-10-19 05:00:00+00:00,29.303969583333338
2024-10-19 06:00:00+00:00,29.649383083333337
2024-10-19 07:00:00+00:00,30.363525483333333
2024-10-19 08:00:00+00:00,30.172681683333334
2024-10-19 09:00:00+00:00,29.103902083333335
2024-10-19 10:00:00+00:00,29.365664483333333
2024-10-19 11:00:00+00:00,28.043753283333334
2024-10-19 12:00:00+00:00,26.311173683333333
2024-10-19 13:00:00+00:00,25.676989483333333
2024-10-19 14:00:00+00:00,26.222457183333333
2024-10-19 15:00:00+00:00,28.954306583333334
2024-10-19 16:00:00+00:00,33.696407683333334
2024-10-19 17:00:00+00:00,38.859898783333335
2024-10-19 18:00:00+00:00,36.18978868333333
2024-10-19 19:00:00+00:00,33.923834883333335
2024-10-19 20:00:00+00:00,34.71161888333334
2024-10-19 21:00:00+00:00,35.732577283333335
2024-10-19 22:00:00+00:00,32.89568286666666
2024-10-19 23:00:00+00:00,30.186896866666665
2024-10-20 00:00:00+00:00,28.310466166666668
2024-10-20 01:00:00+00:00,25.661035666666663
2024-10-20 02:00:00+00:00,23.791710866666662
2024-10-20 03:00:00+00:00,23.505353966666668
2024-10-20 04:00:00+00:00,24.47083166666667
2024-10-20 05:00:00+00:00,25.823453166666667
2024-10-20 06:00:00+00:00,25.23246736666667
2024-10-20 07:00:00+00:00,24.900874766666668
2024-10-20 08:00:00+00:00,23.90045686666667
2024-10-20 09:00:00+00:00,22.389841566666668
2024-10-20 10:00:00+00:00,22.326194666666666
2024-10-20 11:00:00+00:00,20.343115066666666
2024-10-20 12:00:00+00:00,17.993753066666667
2024-10-20 13:00:00+00:00,17.270152166666666
2024-10-20 14:00:00+00:00,18.072145466666665
2024-10-20 15:00:00+00:00,20.88586556666667
2024-10-20 16:00:00+00:00,25.96096026666667
2024-10-20 17:00:00+00:00,31.83166056666667
2024-10-20 18:00:00+00:00,29.661679966666664
2024-10-20 19:00:00+00:00,27.878661166666667
2024-10-20 20:00:00+00:00,28.58599076666667
2024-10-20 21:00:00+00:00,29.46637126666667
2024-10-20 22:00:00+00:00,26.69757525
2024-10-20 23:00:00+00:00,25.372963249999998
2024-10-21 00:00:00+00:00,24.598679850000003
2024-10-21 01:00:00+00:00,23.403450749999998
2024-10-21 02:00:00+00:00,23.282939850000005
2024-10-21 03:00:00+00:00,25.62434385
2024-10-21 04:00:00+00:00,31.14050655
2024-10-21 05:00:00+00:00,37.22117475
2024-10-21 06:00:00+00:00,39.15197125
2024-10-21 07:00:00+00:00,38.87471135
2024-10-21 08:00:00+00:00,36.82770955000001
2024-10-21 09:00:00+00:00,34.67150025
2024-10-21 10:00:00+00:00,33.76100555000001
2024-10-21 11:00:00+00:00,32.118272250000004
2024-10-21 12:00:00+00:00,30.82462695
2024-10-21 13:00:00+00:00,30.392240450000003
2024-10-21 14:00:00+00:00,30.90196775
2024-10-21 15:00:00+00:00,33.11894885000001
2024-10-21 16:00:00+00:00,37.42489185
2024-10-21 17:00:00+00:00,41.98339905
2024-10-21 18:00:00+00:00,37.69525415
2024-10-21 19:00:00+00:00,34.193369950000005
2024-10-21 20:00:00+00:00,34.21908665
2024-10-21 21:00:00+00:00,34.717136950000004
2024-10-21 22:00:00+00:00,30.875094666666666
2024-10-21 23:00:00+00:00,29.05692756666667
2024-10-22 00:00:00+00:00,28.21405216666667
2024-10-22 01:00:00+00:00,26.811078666666667
2024-10-22 02:00:00+00:00,26.484584066666667
2024-10-22 03:00:00+00:00,28.567878766666663
2024-10-22 04:00:00+00:00,33.86675636666667
2024-10-22 05:00:00+00:00,40.051226766666666
2024-10-22 06:00:00+00:00,42.14130556666667
2024-10-22 07:00:00+00:00,42.259882766666664
2024-10-22 08:00:00+00:00,40.56925716666667
2024-10-22 09:00:00+00:00,38.66520846666667
2024-10-22 10:00:00+00:00,37.71135816666667
2024-10-22 11:00:00+00:00,36.10094686666667
2024-10-22 12:00:00+00:00,34.735894066666674
2024-10-22 13:00:00+00:00,34.18197806666667
2024-10-22 14:00:00+00:00,34.609834166666666
2024-10-22 15:00:00+00:00,36.59461266666666
2024-10-22 16:00:00+00:00,40.97615986666667
2024-10-22 17:00:00+00:00,46.037521266666666
2024-10-22 18:00:00+00:00,42.43774346666667
2024-10-22 19:00:00+00:00,39.10516296666666
2024-10-22 20:00:00+00:00,39.01211216666667
2024-10-22 21:00:00+00:00,39.30391346666667
2024-10-22 22:00:00+00:00,37.08092153333333
2024-10-22 23:00:00+00:00,34.760971733333335
2024-10-23 00:00:00+00:00,33.44133323333333
2024-10-23 01:00:00+00:00,31.50556793333333
2024-10-23 02:00:00+00:00,30.67558093333333
2024-10-23 03:00:00+00:00,32.43921173333334
2024-10-23 04:00:00+00:00,37.06384213333333
2024-10-23 05:00:00+00:00,42.63614333333334
2024-10-23 06:00:00+00:00,44.42983263333333
2024-10-23 07:00:00+00:00,44.04522503333334
2024-10-23 08:00:00+00:00,41.536032633333335
2024-10-23 09:00:00+00:00,38.84409813333333
2024-10-23 10:00:00+00:00,37.371022833333335
2024-10-23 11:00:00+00:00,35.366626933333336
2024-10-23 12:00:00+00:00,33.71388793333333
2024-10-23 13:00:00+00:00,33.14544203333334
2024-10-23 14:00:00+00:00,33.96670893333333
2024-10-23 15:00:00+00:00,36.50783703333333
2024-10-23 16:00:00+00:00,40.98090523333333
2024-10-23 17:00:00+00:00,45.544306733333336
2024-10-23 18:00:00+00:00,41.14206313333333
2024-10-23 19:00:00+00:00,37.33805753333333
2024-10-23 20:00:00+00:00,36.78530703333333
2024-10-23 21:00:00+00:00,36.86553843333333
2024-10-23 22:00:00+00:00,33.351797866666665
2024-10-23 23:00:00+00:00,31.655240966666664
2024-10-24 00:00:00+00:00,29.92748256666667
2024-10-24 01:00:00+00:00,28.063432666666667
2024-10-24 02:00:00+00:00,27.33616696666667
2024-10-24 03:00:00+00:00,29.22617616666667
2024-10-24 04:00:00+00:00,33.60255386666667
2024-10-24 05:00:00+00:00,39.010524366666665
2024-10-24 06:00:00+00:00,40.80327426666667
2024-10-24 07:00:00+00:00,40.29597696666667
2024-10-24 08:00:00+00:00,38.29589366666667
2024-10-24 09:00:00+00:00,36.31788946666667
2024-10-24 10:00:00+00:00,35.25551456666667
2024-10-24 11:00:00+00:00,33.53259756666667
2024-10-24 12:00:00+00:00,32.09467586666666
2024-10-24 13:00:00+00:00,31.72937266666667
2024-10-24 14:00:00+00:00,32.41152126666667
2024-10-24 15:00:00+00:00,34.65331186666667
2024-10-24 16:00:00+00:00,38.64625426666667
2024-10-24 17:00:00+00:00,42.59510996666667
2024-10-24 18:00:00+00:00,38.01461626666667
2024-10-24 19:00:00+00:00,34.209221666666664
2024-10-24 20:00:00+00:00,33.67053896666667
2024-10-24 21:00:00+00:00,33.72714356666667
2024-10-24 22:00:00+00:00,30.643985733333338
2024-10-24 23:00:00+00:00,28.988143533333336
2024-10-25 00:00:00+00:00,27.274993533333337
2024-10-25 01:00:00+00:00,25.778567933333335
2024-10-25 02:00:00+00:00,25.33427463333333
2024-10-25 03:00:00+00:00,27.298770833333336
2024-10-25 04:00:00+00:00,31.61926173333333
2024-10-25 05:00:00+00:00,37.027935433333326
2024-10-25 06:00:00+00:00,39.209718433333336
2024-10-25 07:00:00+00:00,39.76990453333333
2024-10-25 08:00:00+00:00,38.84669313333333
2024-10-25 09:00:00+00:00,38.00382043333333
2024-10-25 10:00:00+00:00,37.96194263333334
2024-10-25 11:00:00+00:00,36.97397983333333
2024-10-25 12:00:00+00:00,35.80138633333333
2024-10-25 13:00:00+00:00,35.66221783333334
2024-10-25 14:00:00+00:00,36.17605253333333
2024-10-25 15:00:00+00:00,38.11068173333334
2024-10-25 16:00:00+00:00,41.937695033333334
2024-10-25 17:00:00+00:00,46.214172633333334
2024-10-25 18:00:00+00:00,42.48579473333333
2024-10-25 19:00:00+00:00,39.65815893333333
2024-10-25 20:00:00+00:00,39.90424963333333
2024-10-25 21:00:00+00:00,40.16680543333334
2024-10-25 22:00:00+00:00,35.52383016666667
2024-10-25 23:00:00+00:00,33.53812946666667
2024-10-26 00:00:00+00:00,31.164952966666668
2024-10-26 01:00:00+00:00,28.868907266666668
2024-10-26 02:00:00+00:00,27.448804066666668
2024-10-26 03:00:00+00:00,27.915265366666667
2024-10-26 04:00:00+00:00,29.79415476666667
2024-10-26 05:00:00+00:00,32.07954826666666
2024-10-26 06:00:00+00:00,33.537574166666666
2024-10-26 07:00:00+00:00,35.25377496666666
2024-10-26 08:00:00+00:00,36.188450966666664
2024-10-26 09:00:00+00:00,36.46855106666666
2024-10-26 10:00:00+00:00,37.121443266666674
2024-10-26 11:00:00+00:00,36.02735906666666
2024-10-26 12:00:00+00:00,34.233923866666665
2024-10-26 13:00:00+00:00,33.055448166666665
2024-10-26 14:00:00+00:00,32.69250746666667
2024-10-26 15:00:00+00:00,34.006580166666666
2024-10-26 16:00:00+00:00,37.60147896666666
2024-10-26 17:00:00+00:00,42.09819856666667
2024-10-26 18:00:00+00:00,38.84882586666667
2024-10-26 19:00:00+00:00,36.480292766666665
2024-10-26 20:00:00+00:00,37.26058806666667
2024-10-26 21:00:00+00:00,37.94197066666666
2024-10-26 22:00:00+00:00,33.65397506666667
2024-10-26 23:00:00+00:00,31.92396426666667
2024-10-27 00:00:00+00:00,29.38771941666667
2024-10-27 01:00:00+00:00,29.38771941666667
2024-10-27 02:00:00+00:00,26.959850366666664
2024-10-27 03:00:00+00:00,25.53389166666667
2024-10-27 04:00:00+00:00,26.045071566666664
2024-10-27 05:00:00+00:00,27.379146366666667
2024-10-27 06:00:00+00:00,28.128246666666662
2024-10-27 07:00:00+00:00,27.526718566666666
2024-10-27 08:00:00+00:00,27.771288966666667
2024-10-27 09:00:00+00:00,28.204179466666666
2024-10-27 10:00:00+00:00,28.793697466666668
2024-10-27 11:00:00+00:00,30.125240166666668
2024-10-27 12:00:00+00:00,29.163710966666663
2024-10-27 13:00:00+00:00,27.794228266666668
2024-10-27 14:00:00+00:00,27.97662006666667
2024-10-27 15:00:00+00:00,29.79468686666667
2024-10-27 16:00:00+00:00,33.13177196666667
2024-10-27 17:00:00+00:00,38.07107786666667
2024-10-27 18:00:00+00:00,41.457307166666666
2024-10-27 19:00:00+00:00,37.61056226666666
2024-10-27 20:00:00+00:00,35.72328366666667
2024-10-27 21:00:00+00:00,36.499024666666664
2024-10-27 22:00:00+00:00,37.105721566666666
2024-10-27 23:00:00+00:00,32.87376293333334
2024-10-28 00:00:00+00:00,31.35130193333333
2024-10-28 01:00:00+00:00,29.535133333333334
2024-10-28 02:00:00+00:00,27.834676733333335
2024-10-28 03:00:00+00:00,27.244532733333333
2024-10-28 04:00:00+00:00,29.76181453333333
2024-10-28 05:00:00+00:00,34.54755153333333
2024-10-28 06:00:00+00:00,39.03383183333334
2024-10-28 07:00:00+00:00,39.905672233333334
2024-10-28 08:00:00+00:00,38.75960963333333
2024-10-28 09:00:00+00:00,36.99652363333334
2024-10-28 10:00:00+00:00,35.821130833333335
2024-10-28 11:00:00+00:00,35.547796733333335
2024-10-28 12:00:00+00:00,34.65113553333334
2024-10-28 13:00:00+00:00,34.43731833333333
2024-10-28 14:00:00+00:00,35.13826923333333
2024-10-28 15:00:00+00:00,36.890078333333335
2024-10-28 16:00:00+00:00,39.930900433333335
2024-10-28 17:00:00+00:00,44.72227923333333
2024-10-28 18:00:00+00:00,47.73540723333333
2024-10-28 19:00:00+00:00,42.03148793333333
2024-10-28 20:00:00+00:00,38.55533673333333
2024-10-28 21:00:00+00:00,38.42334953333334
2024-10-28 22:00:00+00:00,38.63589563333333
2024-10-28 23:00:00+00:00,34.9513086
2024-10-29 00:00:00+00:00,33.208740500000005
2024-10-29 01:00:00+00:00,31.588498599999998
2024-10-29 02:00:00+00:00,30.0158532
2024-10-29 03:00:00+00:00,29.3717715
2024-10-29 04:00:00+00:00,31.6064233
2024-10-29 05:00:00+00:00,36.1989897
2024-10-29 06:00:00+00:00,40.6078501
2024-10-29 07:00:00+00:00,41.2397633
2024-10-29 08:00:00+00:00,39.6664437
2024-10-29 09:00:00+00:00,37.5410798
2024-10-29 10:00:00+00:00,36.002068
2024-10-29 11:00:00+00:00,35.4299542
2024-10-29 12:00:00+00:00,34.312045399999995
2024-10-29 13:00:00+00:00,33.9567962
2024-10-29 14:00:00+00:00,34.6012524
2024-10-29 15:00:00+00:00,36.4473019
2024-10-29 16:00:00+00:00,39.4696558
2024-10-29 17:00:00+00:00,44.054273200000004
2024-10-29 18:00:00+00:00,46.795815499999996
2024-10-29 19:00:00+00:00,41.1566109
2024-10-29 20:00:00+00:00,37.804861
2024-10-29 21:00:00+00:00,37.7799816
2024-10-29 22:00:00+00:00,37.8143169
2024-10-29 23:00:00+00:00,35.381000099999994
2024-10-30 00:00:00+00:00,33.5005741
2024-10-30 01:00:00+00:00,31.629474300000002
2024-10-30 02:00:00+00:00,29.685000799999997
2024-10-30 03:00:00+00:00,28.771585899999998
2024-10-30 04:00:00+00:00,30.824605699999996
2024-10-30 05:00:00+00:00,35.170118099999996
2024-10-30 06:00:00+00:00,39.16219530000001
2024-10-30 07:00:00+00:00,39.9208703
2024-10-30 08:00:00+00:00,38.2873527
2024-10-30 09:00:00+00:00,36.0976077
2024-10-30 10:00:00+00:00,34.7035152
2024-10-30 11:00:00+00:00,34.2805108
2024-10-30 12:00:00+00:00,33.1260384
2024-10-30 13:00:00+00:00,32.500310400000004
2024-10-30 14:00:00+00:00,33.0434714
2024-10-30 15:00:00+00:00,34.744933
2024-10-30 16:00:00+00:00,37.41434960000001
2024-10-30 17:00:00+00:00,41.5986056
2024-10-30 18:00:00+00:00,43.9071706
2024-10-30 19:00:00+00:00,38.2523353
2024-10-30 20:00:00+00:00,34.9642231
2024-10-30 21:00:00+00:00,35.1778362
2024-10-30 22:00:00+00:00,35.7625932
2024-10-30 23:00:00+00:00,34.33149325
2024-10-31 00:00:00+00:00,32.60199675
2024-10-31 01:00:00+00:00,31.40014215
2024-10-31 02:00:00+00:00,29.677419150000006
2024-10-31 03:00:00+00:00,29.255632050000003
2024-10-31 04:00:00+00:00,31.431560150000003
2024-10-31 05:00:00+00:00,35.97316395
2024-10-31 06:00:00+00:00,40.17934285
2024-10-31 07:00:00+00:00,41.274175650000004
2024-10-31 08:00:00+00:00,39.935775449999994
2024-10-31 09:00:00+00:00,37.65605515
2024-10-31 10:00:00+00:00,36.426907850000006
2024-10-31 11:00:00+00:00,36.294770650000004
2024-10-31 12:00:00+00:00,35.11170785
2024-10-31 13:00:00+00:00,34.758860549999994
2024-10-31 14:00:00+00:00,35.712896549999996
2024-10-31 15:00:00+00:00,37.62955685
2024-10-31 16:00:00+00:00,40.69780375
2024-10-31 17:00:00+00:00,44.760788250000004
2024-10-31 18:00:00+00:00,45.99483445
2024-10-31 19:00:00+00:00,40.758539750000004
2024-10-31 20:00:00+00:00,38.06895855
2024-10-31 21:00:00+00:00,38.58961325
2024-10-31 22:00:00+00:00,39.44623365
2024-10-31 23:00:00+00:00,39.14835443333334
2024-11-01 00:00:00+00:00,37.17963253333333
2024-11-01 01:00:00+00:00,35.342758333333336
2024-11-01 02:00:00+00:00,33.06228063333334
2024-11-01 03:00:00+00:00,31.947277333333336
2024-11-01 04:00:00+00:00,32.84472433333333
2024-11-01 05:00:00+00:00,34.46542803333333
2024-11-01 06:00:00+00:00,35.173821933333336
2024-11-01 07:00:00+00:00,34.58401173333333
2024-11-01 08:00:00+00:00,33.56910343333333
2024-11-01 09:00:00+00:00,32.427453433333326
2024-11-01 10:00:00+00:00,31.68308403333333
2024-11-01 11:00:00+00:00,32.11991963333334
2024-11-01 12:00:00+00:00,30.927248133333336
2024-11-01 13:00:00+00:00,29.505172533333337
2024-11-01 14:00:00+00:00,30.152690233333335
2024-11-01 15:00:00+00:00,32.55279513333333
2024-11-01 16:00:00+00:00,36.035494433333334
2024-11-01 17:00:00+00:00,41.04324823333333
2024-11-01 18:00:00+00:00,43.199550333333335
2024-11-01 19:00:00+00:00,39.678175333333336
2024-11-01 20:00:00+00:00,37.69365023333333
2024-11-01 21:00:00+00:00,38.301668033333335
2024-11-01 22:00:00+00:00,39.04799403333333
2024-11-01 23:00:00+00:00,34.944810333333336
2024-11-02 00:00:00+00:00,33.10147873333333
2024-11-02 01:00:00+00:00,31.36685753333333
2024-11-02 02:00:00+00:00,29.585728433333333
2024-11-02 03:00:00+00:00,29.08639593333333
2024-11-02 04:00:00+00:00,31.068756333333333
2024-11-02 05:00:00+00:00,34.52855803333333
2024-11-02 06:00:00+00:00,36.85747833333333
2024-11-02 07:00:00+00:00,36.86003573333333
2024-11-02 08:00:00+00:00,35.623136933333335
2024-11-02 09:00:00+00:00,33.485994133333335
2024-11-02 10:00:00+00:00,31.801162433333335
2024-11-02 11:00:00+00:00,31.68248393333333
2024-11-02 12:00:00+00:00,30.30010023333334
2024-11-02 13:00:00+00:00,29.394805833333333
2024-11-02 14:00:00+00:00,30.040850733333333
2024-11-02 15:00:00+00:00,31.867235833333336
2024-11-02 16:00:00+00:00,34.77590323333333
2024-11-02 17:00:00+00:00,39.00558663333333
2024-11-02 18:00:00+00:00,40.10913213333333
2024-11-02 19:00:00+00:00,36.12963043333333
2024-11-02 20:00:00+00:00,34.20811723333333
2024-11-02 21:00:00+00:00,35.345822733333335
2024-11-02 22:00:00+00:00,36.921983233333336
2024-11-02 23:00:00+00:00,34.59438576666667
2024-11-03 00:00:00+00:00,33.12025976666666
2024-11-03 01:00:00+00:00,31.53970496666667
2024-11-03 02:00:00+00:00,29.369512666666665
2024-11-03 03:00:00+00:00,28.617245766666663
2024-11-03 04:00:00+00:00,29.372791966666664
2024-11-03 05:00:00+00:00,30.79049576666667
2024-11-03 06:00:00+00:00,31.436896866666668
2024-11-03 07:00:00+00:00,31.44177446666667
2024-11-03 08:00:00+00:00,31.568507866666664
2024-11-03 09:00:00+00:00,31.180326866666668
2024-11-03 10:00:00+00:00,31.026041066666664
2024-11-03 11:00:00+00:00,31.618248066666666
2024-11-03 12:00:00+00:00,30.24563356666667
2024-11-03 13:00:00+00:00,28.866352066666668
2024-11-03 14:00:00+00:00,29.169619866666668
2024-11-03 15:00:00+00:00,30.988684666666664
2024-11-03 16:00:00+00:00,34.30289046666667
2024-11-03 17:00:00+00:00,39.33080736666667
2024-11-03 18:00:00+00:00,40.81837026666667
2024-11-03 19:00:00+00:00,38.23837426666667
2024-11-03 20:00:00+00:00,36.71950666666667
2024-11-03 21:00:00+00:00,37.72704336666667
2024-11-03 22:00:00+00:00,38.64537996666667
2024-11-03 23:00:00+00:00,36.59841326666667
2024-11-04 00:00:00+00:00,35.11527796666667
2024-11-04 01:00:00+00:00,33.577819166666664
2024-11-04 02:00:00+00:00,31.784734566666668
2024-11-04 03:00:00+00:00,31.480297666666665
2024-11-04 04:00:00+00:00,33.93911946666667
2024-11-04 05:00:00+00:00,38.70077136666667
2024-11-04 06:00:00+00:00,42.97622436666667
2024-11-04 07:00:00+00:00,44.60856366666667
2024-11-04 08:00:00+00:00,44.05807176666667
2024-11-04 09:00:00+00:00,42.09231356666666
2024-11-04 10:00:00+00:00,40.78110026666667
2024-11-04 11:00:00+00:00,40.32537656666667
2024-11-04 12:00:00+00:00,39.20940296666667
2024-11-04 13:00:00+00:00,38.86981456666667
2024-11-04 14:00:00+00:00,39.26719966666666
2024-11-04 15:00:00+00:00,40.439890366666674
2024-11-04 16:00:00+00:00,42.89062626666667
2024-11-04 17:00:00+00:00,47.438867566666666
2024-11-04 18:00:00+00:00,47.84954906666667
2024-11-04 19:00:00+00:00,43.70064056666667
2024-11-04 20:00:00+00:00,40.74457326666666
2024-11-04 21:00:00+00:00,41.07079816666666
2024-11-04 22:00:00+00:00,41.69826406666667
2024-11-04 23:00:00+00:00,38.236094800000004
2024-11-05 00:00:00+00:00,36.5435351
2024-11-05 01:00:00+00:00,35.0606035
2024-11-05 02:00:00+00:00,33.3208404
2024-11-05 03:00:00+00:00,32.8041997
2024-11-05 04:00:00+00:00,35.01279530000001
2024-11-05 05:00:00+00:00,39.5217289
2024-11-05 06:00:00+00:00,43.6583054
2024-11-05 07:00:00+00:00,45.1609648
2024-11-05 08:00:00+00:00,44.67258150000001
2024-11-05 09:00:00+00:00,43.2617842
2024-11-05 10:00:00+00:00,42.1172168
2024-11-05 11:00:00+00:00,41.7152456
2024-11-05 12:00:00+00:00,40.520415299999996
2024-11-05 13:00:00+00:00,40.3349803
2024-11-05 14:00:00+00:00,40.9234053
2024-11-05 15:00:00+00:00,42.142371
2024-11-05 16:00:00+00:00,44.8274054
2024-11-05 17:00:00+00:00,49.6757184
2024-11-05 18:00:00+00:00,50.347352799999996
2024-11-05 19:00:00+00:00,46.0968064
2024-11-05 20:00:00+00:00,43.158664599999994
2024-11-05 21:00:00+00:00,43.339379699999995
2024-11-05 22:00:00+00:00,43.632986900000006
2024-11-05 23:00:00+00:00,39.9133791
2024-11-06 00:00:00+00:00,38.0813386
2024-11-06 01:00:00+00:00,36.2124454
2024-11-06 02:00:00+00:00,34.2334725
2024-11-06 03:00:00+00:00,33.5210301
2024-11-06 04:00:00+00:00,35.5173625
2024-11-06 05:00:00+00:00,39.6539961
2024-11-06 06:00:00+00:00,43.486682900000005
2024-11-06 07:00:00+00:00,45.1698853
2024-11-06 08:00:00+00:00,45.2352133
2024-11-06 09:00:00+00:00,44.0249721
2024-11-06 10:00:00+00:00,42.8955354
2024-11-06 11:00:00+00:00,42.523398799999995
2024-11-06 12:00:00+00:00,41.2511905
2024-11-06 13:00:00+00:00,40.8918238
2024-11-06 14:00:00+00:00,41.2562003
2024-11-06 15:00:00+00:00,42.1996746
2024-11-06 16:00:00+00:00,44.4452408
2024-11-06 17:00:00+00:00,49.0135695
2024-11-06 18:00:00+00:00,49.3882191
2024-11-06 19:00:00+00:00,44.980487800000006
2024-11-06 20:00:00+00:00,41.8999098
2024-11-06 21:00:00+00:00,42.044629400000005
2024-11-06 22:00:00+00:00,42.3292814
2024-11-06 23:00:00+00:00,38.622208433333334
2024-11-07 00:00:00+00:00,36.621213833333336
2024-11-07 01:00:00+00:00,34.659674333333335
2024-11-07 02:00:00+00:00,32.57583603333334
2024-11-07 03:00:00+00:00,31.605885833333335
2024-11-07 04:00:00+00:00,33.20748283333333
2024-11-07 05:00:00+00:00,37.250363533333335
2024-11-07 06:00:00+00:00,41.458285733333334
2024-11-07 07:00:00+00:00,42.95948693333334
2024-11-07 08:00:00+00:00,42.696071833333335
2024-11-07 09:00:00+00:00,41.65725153333334
2024-11-07 10:00:00+00:00,40.73239073333333
2024-11-07 11:00:00+00:00,40.89340693333333
2024-11-07 12:00:00+00:00,40.23983963333333
2024-11-07 13:00:00+00:00,39.91966323333334
2024-11-07 14:00:00+00:00,40.56658873333333
2024-11-07 15:00:00+00:00,41.51237983333334
2024-11-07 16:00:00+00:00,43.890934533333336
2024-11-07 17:00:00+00:00,47.78401613333334
2024-11-07 18:00:00+00:00,47.07629873333333
2024-11-07 19:00:00+00:00,42.90745523333334
2024-11-07 20:00:00+00:00,39.91147853333333
2024-11-07 21:00:00+00:00,40.13467253333334
2024-11-07 22:00:00+00:00,40.79885513333333
2024-11-07 23:00:00+00:00,39.139745733333335
2024-11-08 00:00:00+00:00,37.13800413333334
2024-11-08 01:00:00+00:00,35.66000253333333
2024-11-08 02:00:00+00:00,33.86791113333334
2024-11-08 03:00:00+00:00,33.33310933333333
2024-11-08 04:00:00+00:00,35.196369133333334
2024-11-08 05:00:00+00:00,39.62612703333333
2024-11-08 06:00:00+00:00,44.23329103333333
2024-11-08 07:00:00+00:00,45.657645933333335
2024-11-08 08:00:00+00:00,45.227971733333334
2024-11-08 09:00:00+00:00,43.67380313333334
2024-11-08 10:00:00+00:00,42.300352333333336
2024-11-08 11:00:00+00:00,42.32139723333334
2024-11-08 12:00:00+00:00,41.38003543333333
2024-11-08 13:00:00+00:00,41.10795663333333
2024-11-08 14:00:00+00:00,41.680894433333336
2024-11-08 15:00:00+00:00,42.591982333333334
2024-11-08 16:00:00+00:00,45.23665643333333
2024-11-08 17:00:00+00:00,48.95863813333334
2024-11-08 18:00:00+00:00,47.80102333333333
2024-11-08 19:00:00+00:00,43.67931323333333
2024-11-08 20:00:00+00:00,41.17701113333334
2024-11-08 21:00:00+00:00,41.99144833333333
2024-11-08 22:00:00+00:00,42.23699083333333
2024-11-08 23:00:00+00:00,39.94487753333333
2024-11-09 00:00:00+00:00,37.92223473333333
2024-11-09 01:00:00+00:00,35.78982953333333
2024-11-09 02:00:00+00:00,33.507085733333334
2024-11-09 03:00:00+00:00,32.37025593333334
2024-11-09 04:00:00+00:00,32.888798333333334
2024-11-09 05:00:00+00:00,34.55466533333333
2024-11-09 06:00:00+00:00,36.254293233333335
2024-11-09 07:00:00+00:00,37.17701733333333
2024-11-09 08:00:00+00:00,38.591717233333334
2024-11-09 09:00:00+00:00,39.23344873333333
2024-11-09 10:00:00+00:00,39.336696833333335
2024-11-09 11:00:00+00:00,40.534421433333335
2024-11-09 12:00:00+00:00,39.964279833333336
2024-11-09 13:00:00+00:00,38.76722423333334
2024-11-09 14:00:00+00:00,38.315805833333336
2024-11-09 15:00:00+00:00,38.80731503333333
2024-11-09 16:00:00+00:00,41.453007533333334
2024-11-09 17:00:00+00:00,45.35936453333333
2024-11-09 18:00:00+00:00,45.04700793333333
2024-11-09 19:00:00+00:00,41.54926783333333
2024-11-09 20:00:00+00:00,39.52302553333333
2024-11-09 21:00:00+00:00,40.609317233333336
2024-11-09 22:00:00+00:00,41.08557783333333
2024-11-09 23:00:00+00:00,38.62721535
2024-11-10 00:00:00+00:00,36.74162975
2024-11-10 01:00:00+00:00,34.65006375
2024-11-10 02:00:00+00:00,32.25503205
2024-11-10 03:00:00+00:00,30.97943885
2024-11-10 04:00:00+00:00,31.259123050000003
2024-11-10 05:00:00+00:00,32.58003765
2024-11-10 06:00:00+00:00,33.66517365
2024-11-10 07:00:00+00:00,33.786887050000004
2024-11-10 08:00:00+00:00,34.76759465
2024-11-10 09:00:00+00:00,35.567934550000004
2024-11-10 10:00:00+00:00,35.82111485
2024-11-10 11:00:00+00:00,37.00537025
2024-11-10 12:00:00+00:00,35.93339365
2024-11-10 13:00:00+00:00,34.588246850000004
2024-11-10 14:00:00+00:00,34.67445895
2024-11-10 15:00:00+00:00,35.766449550000004
2024-11-10 16:00:00+00:00,39.146860350000004
2024-11-10 17:00:00+00:00,43.60589505
2024-11-10 18:00:00+00:00,44.10000715
2024-11-10 19:00:00+00:00,41.175537850000005
2024-11-10 20:00:00+00:00,39.406261650000005
2024-11-10 21:00:00+00:00,40.08212305000001
2024-11-10 22:00:00+00:00,40.03540065
2024-11-10 23:00:00+00:00,37.57490513333333
2024-11-11 00:00:00+00:00,36.16448463333333
2024-11-11 01:00:00+00:00,34.13611443333333
2024-11-11 02:00:00+00:00,31.66946373333333
2024-11-11 03:00:00+00:00,30.315859933333332
2024-11-11 04:00:00+00:00,30.814026333333334
2024-11-11 05:00:00+00:00,32.18070673333333
2024-11-11 06:00:00+00:00,33.40695053333334
2024-11-11 07:00:00+00:00,32.955808733333335
2024-11-11 08:00:00+00:00,33.472833933333334
2024-11-11 09:00:00+00:00,33.46471873333333
2024-11-11 10:00:00+00:00,33.36861843333333
2024-11-11 11:00:00+00:00,34.22788593333333
2024-11-11 12:00:00+00:00,33.21983113333333
2024-11-11 13:00:00+00:00,31.585999833333332
2024-11-11 14:00:00+00:00,31.320083933333333
2024-11-11 15:00:00+00:00,32.271292333333335
2024-11-11 16:00:00+00:00,35.384744233333336
2024-11-11 17:00:00+00:00,39.564961933333336
2024-11-11 18:00:00+00:00,39.895086533333334
2024-11-11 19:00:00+00:00,36.73782393333333
2024-11-11 20:00:00+00:00,34.85913763333333
2024-11-11 21:00:00+00:00,35.71443823333334
2024-11-11 22:00:00+00:00,35.62497073333333
2024-11-11 23:00:00+00:00,32.288582633333334
2024-11-12 00:00:00+00:00,30.713418833333332
2024-11-12 01:00:00+00:00,28.780070333333338
2024-11-12 02:00:00+00:00,26.664571733333332
2024-11-12 03:00:00+00:00,26.036760933333337
2024-11-12 04:00:00+00:00,28.378503533333333
2024-11-12 05:00:00+00:00,33.539321433333335
2024-11-12 06:00:00+00:00,39.00620103333333
2024-11-12 07:00:00+00:00,40.51644803333333
2024-11-12 08:00:00+00:00,40.54351033333334
2024-11-12 09:00:00+00:00,39.51204933333333
2024-11-12 10:00:00+00:00,38.59988763333333
2024-11-12 11:00:00+00:00,38.53426953333334
2024-11-12 12:00:00+00:00,37.886140733333335
2024-11-12 13:00:00+00:00,38.207557433333335
2024-11-12 14:00:00+00:00,39.070323933333334
2024-11-12 15:00:00+00:00,40.25704243333333
2024-11-12 16:00:00+00:00,43.26026313333333
2024-11-12 17:00:00+00:00,47.41493613333334
2024-11-12 18:00:00+00:00,47.503964933333336
2024-11-12 19:00:00+00:00,43.37667483333333
2024-11-12 20:00:00+00:00,40.66461773333333
2024-11-12 21:00:00+00:00,41.27074913333334
2024-11-12 22:00:00+00:00,41.16618353333333
2024-11-12 23:00:00+00:00,38.200160016666665
2024-11-13 00:00:00+00:00,36.94339901666667
2024-11-13 01:00:00+00:00,35.44869441666667
2024-11-13 02:00:00+00:00,33.70918291666666
2024-11-13 03:00:00+00:00,33.328508916666664
2024-11-13 04:00:00+00:00,35.690200016666665
2024-11-13 05:00:00+00:00,40.60687671666667
2024-11-13 06:00:00+00:00,45.81164031666667
2024-11-13 07:00:00+00:00,47.23422801666666
2024-11-13 08:00:00+00:00,47.08208871666666
2024-11-13 09:00:00+00:00,45.566780816666665
2024-11-13 10:00:00+00:00,44.40979201666667
2024-11-13 11:00:00+00:00,44.323855116666664
2024-11-13 12:00:00+00:00,43.491923016666675
2024-11-13 13:00:00+00:00,43.65432561666667
2024-11-13 14:00:00+00:00,44.756512416666666
2024-11-13 15:00:00+00:00,46.298938316666664
2024-11-13 16:00:00+00:00,49.50438381666666
2024-11-13 17:00:00+00:00,53.48905281666667
2024-11-13 18:00:00+00:00,53.24383591666667
2024-11-13 19:00:00+00:00,48.943557016666674
2024-11-13 20:00:00+00:00,46.12859971666667
2024-11-13 21:00:00+00:00,46.62983881666666
2024-11-13 22:00:00+00:00,46.48219541666667
2024-11-13 23:00:00+00:00,43.94903741666667
2024-11-14 00:00:00+00:00,42.65493731666666
2024-11-14 01:00:00+00:00,41.06632801666667
2024-11-14 02:00:00+00:00,39.19874801666667
2024-11-14 03:00:00+00:00,38.52042601666666
2024-11-14 04:00:00+00:00,40.68507051666667
2024-11-14 05:00:00+00:00,45.67490251666666
2024-11-14 06:00:00+00:00,51.04053761666667
2024-11-14 07:00:00+00:00,52.07279651666667
2024-11-14 08:00:00+00:00,51.18030171666667
2024-11-14 09:00:00+00:00,49.23936811666667
2024-11-14 10:00:00+00:00,47.74701221666666
2024-11-14 11:00:00+00:00,47.20217221666667
2024-11-14 12:00:00+00:00,46.17228911666667
2024-11-14 13:00:00+00:00,45.88665281666667
2024-11-14 14:00:00+00:00,46.719345516666664
2024-11-14 15:00:00+00:00,47.96037121666667
2024-11-14 16:00:00+00:00,51.146773216666666
2024-11-14 17:00:00+00:00,55.34324531666667
2024-11-14 18:00:00+00:00,55.15095651666667
2024-11-14 19:00:00+00:00,50.80077821666667
2024-11-14 20:00:00+00:00,47.81996771666667
2024-11-14 21:00:00+00:00,48.18013071666667
2024-11-14 22:00:00+00:00,48.05602321666667
2024-11-14 23:00:00+00:00,47.181417700000004
2024-11-15 00:00:00+00:00,45.827598099999996
2024-11-15 01:00:00+00:00,44.2659988
2024-11-15 02:00:00+00:00,42.547870200000006
2024-11-15 03:00:00+00:00,42.0690649
2024-11-15 04:00:00+00:00,44.6603367
2024-11-15 05:00:00+00:00,49.4993092
2024-11-15 06:00:00+00:00,54.6446158
2024-11-15 07:00:00+00:00,55.818699200000005
2024-11-15 08:00:00+00:00,54.8271666
2024-11-15 09:00:00+00:00,52.22297710000001
2024-11-15 10:00:00+00:00,50.358966099999996
2024-11-15 11:00:00+00:00,49.672081500000004
2024-11-15 12:00:00+00:00,47.858415
2024-11-15 13:00:00+00:00,47.2071622
2024-11-15 14:00:00+00:00,48.0350902
2024-11-15 15:00:00+00:00,49.421610099999995
2024-11-15 16:00:00+00:00,53.382906000000006
2024-11-15 17:00:00+00:00,57.01425690000001
2024-11-15 18:00:00+00:00,56.5749084
2024-11-15 19:00:00+00:00,52.921944700000005
2024-11-15 20:00:00+00:00,50.306406
2024-11-15 21:00:00+00:00,50.7081764
2024-11-15 22:00:00+00:00,51.475817899999996
2024-11-15 23:00:00+00:00,48.118441733333334
2024-11-16 00:00:00+00:00,46.566821733333335
2024-11-16 01:00:00+00:00,44.58929783333333
2024-11-16 02:00:00+00:00,42.55091683333333
2024-11-16 03:00:00+00:00,41.525360533333334
2024-11-16 04:00:00+00:00,42.92723303333334
2024-11-16 05:00:00+00:00,45.361140633333335
2024-11-16 06:00:00+00:00,47.504610533333334
2024-11-16 07:00:00+00:00,48.101694333333334
2024-11-16 08:00:00+00:00,48.231002133333334
2024-11-16 09:00:00+00:00,46.54049213333334
2024-11-16 10:00:00+00:00,45.08175193333334
2024-11-16 11:00:00+00:00,45.261360233333335
2024-11-16 12:00:00+00:00,43.63312433333334
2024-11-16 13:00:00+00:00,42.05753943333334
2024-11-16 14:00:00+00:00,42.31059783333333
2024-11-16 15:00:00+00:00,43.70114513333333
2024-11-16 16:00:00+00:00,47.551565833333335
2024-11-16 17:00:00+00:00,50.88225503333334
2024-11-16 18:00:00+00:00,50.655334933333336
2024-11-16 19:00:00+00:00,47.43068443333333
2024-11-16 20:00:00+00:00,45.258702533333334
2024-11-16 21:00:00+00:00,45.74190523333333
2024-11-16 22:00:00+00:00,46.360275533333336
2024-11-16 23:00:00+00:00,43.7704543
2024-11-17 00:00:00+00:00,42.1276977
2024-11-17 01:00:00+00:00,39.7272556
2024-11-17 02:00:00+00:00,37.251385400000004
2024-11-17 03:00:00+00:00,35.9275686
2024-11-17 04:00:00+00:00,36.7473477
2024-11-17 05:00:00+00:00,38.538405000000004
2024-11-17 06:00:00+00:00,39.886925500000004
2024-11-17 07:00:00+00:00,39.846114
2024-11-17 08:00:00+00:00,40.4922762
2024-11-17 09:00:00+00:00,40.380279200000004
2024-11-17 10:00:00+00:00,40.2107863
2024-11-17 11:00:00+00:00,41.1640713
2024-11-17 12:00:00+00:00,39.7903039
2024-11-17 13:00:00+00:00,37.829482
2024-11-17 14:00:00+00:00,37.890819
2024-11-17 15:00:00+00:00,38.7549878
2024-11-17 16:00:00+00:00,42.450791800000005
2024-11-17 17:00:00+00:00,46.143535
2024-11-17 18:00:00+00:00,46.720992100000004
2024-11-17 19:00:00+00:00,44.1823435
2024-11-17 20:00:00+00:00,42.226611
2024-11-17 21:00:00+00:00,42.546224300000006
2024-11-17 22:00:00+00:00,42.894240599999996
2024-11-17 23:00:00+00:00,40.42268336666667
2024-11-18 00:00:00+00:00,38.95402596666667
2024-11-18 01:00:00+00:00,37.01352536666667
2024-11-18 02:00:00+00:00,35.16635746666667
2024-11-18 03:00:00+00:00,34.86500496666667
2024-11-18 04:00:00+00:00,38.01429886666667
2024-11-18 05:00:00+00:00,43.735655466666664
2024-11-18 06:00:00+00:00,49.64054646666666
2024-11-18 07:00:00+00:00,51.79910736666666
2024-11-18 08:00:00+00:00,51.75935706666667
2024-11-18 09:00:00+00:00,49.862746466666664
2024-11-18 10:00:00+00:00,48.35661436666667
2024-11-18 11:00:00+00:00,47.96983856666667
2024-11-18 12:00:00+00:00,46.43752826666666
2024-11-18 13:00:00+00:00,45.99641796666667
2024-11-18 14:00:00+00:00,46.37023576666667
2024-11-18 15:00:00+00:00,46.919421066666665
2024-11-18 16:00:00+00:00,50.177071866666665
2024-11-18 17:00:00+00:00,53.170440866666674
2024-11-18 18:00:00+00:00,52.45666786666667
2024-11-18 19:00:00+00:00,47.75179236666666
2024-11-18 20:00:00+00:00,43.68206596666666
2024-11-18 21:00:00+00:00,42.76788356666667
2024-11-18 22:00:00+00:00,42.168437266666665
2024-11-18 23:00:00+00:00,37.64156843333334
2024-11-19 00:00:00+00:00,35.42213363333333
2024-11-19 01:00:00+00:00,33.09679393333333
2024-11-19 02:00:00+00:00,30.801117133333335
2024-11-19 03:00:00+00:00,29.988468333333334
2024-11-19 04:00:00+00:00,32.26019513333334
2024-11-19 05:00:00+00:00,36.969348233333335
2024-11-19 06:00:00+00:00,42.14325963333334
2024-11-19 07:00:00+00:00,43.531694333333334
2024-11-19 08:00:00+00:00,43.07985703333334
2024-11-19 09:00:00+00:00,41.415433533333335
2024-11-19 10:00:00+00:00,40.13380223333333
2024-11-19 11:00:00+00:00,40.03191613333333
2024-11-19 12:00:00+00:00,39.11708503333333
2024-11-19 13:00:00+00:00,38.753981833333334
2024-11-19 14:00:00+00:00,39.167979333333335
2024-11-19 15:00:00+00:00,40.08651643333334
2024-11-19 16:00:00+00:00,44.18667923333334
2024-11-19 17:00:00+00:00,48.30291343333333
2024-11-19 18:00:00+00:00,48.630273233333334
2024-11-19 19:00:00+00:00,44.886967033333335
2024-11-19 20:00:00+00:00,42.106229633333335
2024-11-19 21:00:00+00:00,42.41565893333333
2024-11-19 22:00:00+00:00,42.88704473333333
2024-11-19 23:00:00+00:00,38.53159316666667
2024-11-20 00:00:00+00:00,37.86032706666666
2024-11-20 01:00:00+00:00,36.75286496666667
2024-11-20 02:00:00+00:00,35.67063566666667
2024-11-20 03:00:00+00:00,35.85331906666667
2024-11-20 04:00:00+00:00,38.89835816666667
2024-11-20 05:00:00+00:00,44.340317766666665
2024-11-20 06:00:00+00:00,49.91517566666666
2024-11-20 07:00:00+00:00,52.26672286666666
2024-11-20 08:00:00+00:00,52.929808466666664
2024-11-20 09:00:00+00:00,51.62244476666667
2024-11-20 10:00:00+00:00,49.937019766666666
2024-11-20 11:00:00+00:00,48.899679066666664
2024-11-20 12:00:00+00:00,47.16118696666666
2024-11-20 13:00:00+00:00,46.82898786666667
2024-11-20 14:00:00+00:00,47.92015766666667
2024-11-20 15:00:00+00:00,49.313314266666666
2024-11-20 16:00:00+00:00,53.55363856666668
2024-11-20 17:00:00+00:00,57.349501966666665
2024-11-20 18:00:00+00:00,57.34848786666667
2024-11-20 19:00:00+00:00,53.68855326666667
2024-11-20 20:00:00+00:00,51.07678706666667
2024-11-20 21:00:00+00:00,51.52916836666667
2024-11-20 22:00:00+00:00,52.36181376666667
2024-11-20 23:00:00+00:00,49.59342353333333
2024-11-21 00:00:00+00:00,49.15503883333333
2024-11-21 01:00:00+00:00,47.774052733333335
2024-11-21 02:00:00+00:00,45.958406233333335
2024-11-21 03:00:00+00:00,45.12344443333333
2024-11-21 04:00:00+00:00,46.857700433333335
2024-11-21 05:00:00+00:00,51.08988143333333
2024-11-21 06:00:00+00:00,55.96247753333334
2024-11-21 07:00:00+00:00,56.82537513333334
2024-11-21 08:00:00+00:00,56.06271153333334
2024-11-21 09:00:00+00:00,54.59781033333334
2024-11-21 10:00:00+00:00,53.54262373333333
2024-11-21 11:00:00+00:00,53.00698103333333
2024-11-21 12:00:00+00:00,51.11406243333333
2024-11-21 13:00:00+00:00,49.770779933333344
2024-11-21 14:00:00+00:00,49.03676633333333
2024-11-21 15:00:00+00:00,48.82188393333333
2024-11-21 16:00:00+00:00,52.16022343333333
2024-11-21 17:00:00+00:00,55.95621483333333
2024-11-21 18:00:00+00:00,56.35761703333333
2024-11-21 19:00:00+00:00,52.94448483333333
2024-11-21 20:00:00+00:00,50.95319043333333
2024-11-21 21:00:00+00:00,51.74756623333333
2024-11-21 22:00:00+00:00,51.91831023333334
2024-11-21 23:00:00+00:00,49.44674723333334
2024-11-22 00:00:00+00:00,48.18914623333333
2024-11-22 01:00:00+00:00,46.25586643333334
2024-11-22 02:00:00+00:00,43.98498073333334
2024-11-22 03:00:00+00:00,43.18892613333334
2024-11-22 04:00:00+00:00,45.19548743333334
2024-11-22 05:00:00+00:00,49.54266273333334
2024-11-22 06:00:00+00:00,54.931872733333336
2024-11-22 07:00:00+00:00,55.79698823333334
2024-11-22 08:00:00+00:00,54.122696633333334
2024-11-22 09:00:00+00:00,50.91234253333334
2024-11-22 10:00:00+00:00,48.25616063333334
2024-11-22 11:00:00+00:00,47.13421413333333
2024-11-22 12:00:00+00:00,45.65733423333334
2024-11-22 13:00:00+00:00,45.17517213333334
2024-11-22 14:00:00+00:00,46.59139123333333
2024-11-22 15:00:00+00:00,48.70498783333334
2024-11-22 16:00:00+00:00,53.565687233333335
2024-11-22 17:00:00+00:00,57.54786263333334
2024-11-22 18:00:00+00:00,57.64831213333333
2024-11-22 19:00:00+00:00,54.56689113333334
2024-11-22 20:00:00+00:00,52.757263433333335
2024-11-22 21:00:00+00:00,53.59148503333334
2024-11-22 22:00:00+00:00,53.89206793333333
2024-11-22 23:00:00+00:00,50.35339668333334
2024-11-23 00:00:00+00:00,48.34983738333334
2024-11-23 01:00:00+00:00,45.899705483333335
2024-11-23 02:00:00+00:00,43.184997683333336
2024-11-23 03:00:00+00:00,41.628004983333334
2024-11-23 04:00:00+00:00,41.77498928333334
2024-11-23 05:00:00+00:00,43.41655518333333
2024-11-23 06:00:00+00:00,45.16137078333334
2024-11-23 07:00:00+00:00,43.99995948333334
2024-11-23 08:00:00+00:00,42.19596378333333
2024-11-23 09:00:00+00:00,39.231809883333334
2024-11-23 10:00:00+00:00,36.82480818333333
2024-11-23 11:00:00+00:00,36.25324048333334
2024-11-23 12:00:00+00:00,34.65404268333333
2024-11-23 13:00:00+00:00,32.47747488333333
2024-11-23 14:00:00+00:00,31.806296483333334
2024-11-23 15:00:00+00:00,32.29736738333334
2024-11-23 16:00:00+00:00,35.04263778333333
2024-11-23 17:00:00+00:00,37.287005683333334
2024-11-23 18:00:00+00:00,36.809168283333335
2024-11-23 19:00:00+00:00,33.29816518333333
2024-11-23 20:00:00+00:00,31.476811683333338
2024-11-23 21:00:00+00:00,32.000841183333335
2024-11-23 22:00:00+00:00,32.60754198333334
2024-11-23 23:00:00+00:00,30.617954216666668
2024-11-24 00:00:00+00:00,28.977240416666667
2024-11-24 01:00:00+00:00,26.836769216666667
2024-11-24 02:00:00+00:00,24.35553881666667
2024-11-24 03:00:00+00:00,23.09575471666667
2024-11-24 04:00:00+00:00,23.479328216666666
2024-11-24 05:00:00+00:00,24.84043851666667
2024-11-24 06:00:00+00:00,26.21188961666667
2024-11-24 07:00:00+00:00,25.45750111666667
2024-11-24 08:00:00+00:00,25.62982441666667
2024-11-24 09:00:00+00:00,25.13594521666667
2024-11-24 10:00:00+00:00,24.517938616666676
2024-11-24 11:00:00+00:00,25.55779091666667
2024-11-24 12:00:00+00:00,24.50581301666667
2024-11-24 13:00:00+00:00,22.165642316666673
2024-11-24 14:00:00+00:00,21.419021616666672
2024-11-24 15:00:00+00:00,22.461781316666666
2024-11-24 16:00:00+00:00,25.781451316666665
2024-11-24 17:00:00+00:00,29.131197116666666
2024-11-24 18:00:00+00:00,30.06484561666667
2024-11-24 19:00:00+00:00,27.37023551666667
2024-11-24 20:00:00+00:00,26.03845201666667
2024-11-24 21:00:00+00:00,26.562224716666673
2024-11-24 22:00:00+00:00,26.95871761666667
2024-11-24 23:00:00+00:00,24.628387033333333
2024-11-25 00:00:00+00:00,23.18543493333333
2024-11-25 01:00:00+00:00,21.641898833333336
2024-11-25 02:00:00+00:00,20.071198233333337
2024-11-25 03:00:00+00:00,20.022224833333336
2024-11-25 04:00:00+00:00,22.690814533333334
2024-11-25 05:00:00+00:00,28.311530833333336
2024-11-25 06:00:00+00:00,34.182662533333335
2024-11-25 07:00:00+00:00,36.124724533333335
2024-11-25 08:00:00+00:00,37.26722933333334
2024-11-25 09:00:00+00:00,37.78087643333333
2024-11-25 10:00:00+00:00,38.149991633333336
2024-11-25 11:00:00+00:00,39.484245333333334
2024-11-25 12:00:00+00:00,39.64202333333334
2024-11-25 13:00:00+00:00,39.08286523333333
2024-11-25 14:00:00+00:00,39.13349303333333
2024-11-25 15:00:00+00:00,40.26639133333334
2024-11-25 16:00:00+00:00,43.695832333333335
2024-11-25 17:00:00+00:00,47.08827743333334
2024-11-25 18:00:00+00:00,47.36952933333333
2024-11-25 19:00:00+00:00,43.40500513333333
2024-11-25 20:00:00+00:00,40.59792063333333
2024-11-25 21:00:00+00:00,40.41217803333333
2024-11-25 22:00:00+00:00,40.54039983333334
2024-11-25 23:00:00+00:00,38.531872916666664
2024-11-26 00:00:00+00:00,36.75756531666667
2024-11-26 01:00:00+00:00,35.32282801666667
2024-11-26 02:00:00+00:00,33.57283171666667
2024-11-26 03:00:00+00:00,33.29503461666667
2024-11-26 04:00:00+00:00,35.73930541666667
2024-11-26 05:00:00+00:00,40.92029061666667
2024-11-26 06:00:00+00:00,46.726331316666666
2024-11-26 07:00:00+00:00,47.91391201666667
2024-11-26 08:00:00+00:00,47.39898481666667
2024-11-26 09:00:00+00:00,45.673637416666665
2024-11-26 10:00:00+00:00,44.60676761666667
2024-11-26 11:00:00+00:00,44.80941311666667
2024-11-26 12:00:00+00:00,44.65103201666666
2024-11-26 13:00:00+00:00,44.92517801666667
2024-11-26 14:00:00+00:00,45.93031441666666
2024-11-26 15:00:00+00:00,47.73967171666666
2024-11-26 16:00:00+00:00,51.10361251666667
2024-11-26 17:00:00+00:00,53.882974716666666
2024-11-26 18:00:00+00:00,53.41117691666667
2024-11-26 19:00:00+00:00,48.67630331666666
2024-11-26 20:00:00+00:00,45.248320916666664
2024-11-26 21:00:00+00:00,44.423387416666664
2024-11-26 22:00:00+00:00,43.97761321666667
2024-11-26 23:00:00+00:00,41.849311416666666
2024-11-27 00:00:00+00:00,39.31118671666667
2024-11-27 01:00:00+00:00,36.858873116666665
2024-11-27 02:00:00+00:00,34.24485151666667
2024-11-27 03:00:00+00:00,33.11812281666667
2024-11-27 04:00:00+00:00,34.54851511666667
2024-11-27 05:00:00+00:00,39.12785421666667
2024-11-27 06:00:00+00:00,43.99833761666667
2024-11-27 07:00:00+00:00,44.58277281666667
2024-11-27 08:00:00+00:00,43.23328361666667
2024-11-27 09:00:00+00:00,40.709157616666666
2024-11-27 10:00:00+00:00,39.34628851666667
2024-11-27 11:00:00+00:00,39.549586516666665
2024-11-27 12:00:00+00:00,39.00265291666667
2024-11-27 13:00:00+00:00,38.50251351666667
2024-11-27 14:00:00+00:00,39.075936416666664
2024-11-27 15:00:00+00:00,41.142852616666666
2024-11-27 16:00:00+00:00,45.49866251666667
2024-11-27 17:00:00+00:00,49.55233231666667
2024-11-27 18:00:00+00:00,50.60763851666667
2024-11-27 19:00:00+00:00,47.47806431666666
2024-11-27 20:00:00+00:00,45.627572816666664
2024-11-27 21:00:00+00:00,46.328089616666674
2024-11-27 22:00:00+00:00,47.32649441666667
2024-11-27 23:00:00+00:00,44.248950916666665
2024-11-28 00:00:00+00:00,42.94959171666667
2024-11-28 01:00:00+00:00,41.50982261666667
2024-11-28 02:00:00+00:00,40.04933401666666
2024-11-28 03:00:00+00:00,39.555222916666665
2024-11-28 04:00:00+00:00,42.073204616666665
2024-11-28 05:00:00+00:00,47.31522571666666
2024-11-28 06:00:00+00:00,52.894161716666666
2024-11-28 07:00:00+00:00,54.223913716666665
2024-11-28 08:00:00+00:00,53.59848421666667
2024-11-28 09:00:00+00:00,51.79394491666667
2024-11-28 10:00:00+00:00,50.46845631666666
2024-11-28 11:00:00+00:00,50.35445381666666
2024-11-28 12:00:00+00:00,49.50303641666667
2024-11-28 13:00:00+00:00,48.922898016666664
2024-11-28 14:00:00+00:00,49.25755971666666
2024-11-28 15:00:00+00:00,50.791595216666664
2024-11-28 16:00:00+00:00,54.45815821666667
2024-11-28 17:00:00+00:00,57.10821911666667
2024-11-28 18:00:00+00:00,56.57158331666666
2024-11-28 19:00:00+00:00,52.11328131666667
2024-11-28 20:00:00+00:00,48.681941316666666
2024-11-28 21:00:00+00:00,48.108769816666666
2024-11-28 22:00:00+00:00,48.21228491666666
2024-11-28 23:00:00+00:00,44.369943983333336
2024-11-29 00:00:00+00:00,42.354984583333334
2024-11-29 01:00:00+00:00,40.133540583333335
2024-11-29 02:00:00+00:00,38.09458168333333
2024-11-29 03:00:00+00:00,37.15368458333333
2024-11-29 04:00:00+00:00,39.22973268333333
2024-11-29 05:00:00+00:00,43.931967283333336
2024-11-29 06:00:00+00:00,48.92787718333334
2024-11-29 07:00:00+00:00,49.914203783333335
2024-11-29 08:00:00+00:00,48.39091928333333
2024-11-29 09:00:00+00:00,45.70505668333334
2024-11-29 10:00:00+00:00,44.41692268333334
2024-11-29 11:00:00+00:00,44.875412483333335
2024-11-29 12:00:00+00:00,44.38941808333333
2024-11-29 13:00:00+00:00,43.93694778333333
2024-11-29 14:00:00+00:00,44.40758798333333
2024-11-29 15:00:00+00:00,45.747206883333334
2024-11-29 16:00:00+00:00,49.86927408333334
2024-11-29 17:00:00+00:00,52.476696483333335
2024-11-29 18:00:00+00:00,51.93971048333333
2024-11-29 19:00:00+00:00,48.28637388333334
2024-11-29 20:00:00+00:00,45.91520258333334
2024-11-29 21:00:00+00:00,46.422084283333334
2024-11-29 22:00:00+00:00,47.32646588333333
2024-11-29 23:00:00+00:00,45.895661866666664
2024-11-30 00:00:00+00:00,44.76008936666666
2024-11-30 01:00:00+00:00,43.075413966666666
2024-11-30 02:00:00+00:00,41.52921576666667
2024-11-30 03:00:00+00:00,40.56876916666667
2024-11-30 04:00:00+00:00,42.05318776666667
2024-11-30 05:00:00+00:00,44.609401166666665
2024-11-30 06:00:00+00:00,46.966522766666664
2024-11-30 07:00:00+00:00,47.67472506666667
2024-11-30 08:00:00+00:00,48.04261746666667
2024-11-30 09:00:00+00:00,47.30227926666666
2024-11-30 10:00:00+00:00,46.47421026666666
2024-11-30 11:00:00+00:00,47.05001276666667
2024-11-30 12:00:00+00:00,46.124352466666664
2024-11-30 13:00:00+00:00,44.92048176666667
2024-11-30 14:00:00+00:00,44.973537166666674
2024-11-30 15:00:00+00:00,46.13648106666666
2024-11-30 16:00:00+00:00,50.17189116666667
2024-11-30 17:00:00+00:00,52.795234066666666
2024-11-30 18:00:00+00:00,52.654997466666664
2024-11-30 19:00:00+00:00,49.35146916666667
2024-11-30 20:00:00+00:00,47.18597716666667
2024-11-30 21:00:00+00:00,47.602199266666666
2024-11-30 22:00:00+00:00,48.311298066666666
2024-11-30 23:00:00+00:00,44.578817916666665
2024-12-01 00:00:00+00:00,42.89921221666667
2024-12-01 01:00:00+00:00,39.98434101666666
2024-12-01 02:00:00+00:00,37.34778301666667
2024-12-01 03:00:00+00:00,35.47170291666667
2024-12-01 04:00:00+00:00,35.756860716666665
2024-12-01 05:00:00+00:00,37.02755211666667
2024-12-01 06:00:00+00:00,38.46092801666667
2024-12-01 07:00:00+00:00,38.14733471666666
2024-12-01 08:00:00+00:00,37.887948916666666
2024-12-01 09:00:00+00:00,37.526176916666664
2024-12-01 10:00:00+00:00,37.41938831666666
2024-12-01 11:00:00+00:00,38.48994201666666
2024-12-01 12:00:00+00:00,37.97810691666666
2024-12-01 13:00:00+00:00,36.71379721666667
2024-12-01 14:00:00+00:00,36.455229216666666
2024-12-01 15:00:00+00:00,37.17476691666667
2024-12-01 16:00:00+00:00,40.89132261666667
2024-12-01 17:00:00+00:00,43.88388631666667
2024-12-01 18:00:00+00:00,44.79624091666667
2024-12-01 19:00:00+00:00,42.264889116666666
2024-12-01 20:00:00+00:00,40.37720741666667
2024-12-01 21:00:00+00:00,40.84862421666667
2024-12-01 22:00:00+00:00,41.344421616666665
2024-12-01 23:00:00+00:00,39.330793166666666
2024-12-02 00:00:00+00:00,37.83757336666666
2024-12-02 01:00:00+00:00,35.74733296666667
2024-12-02 02:00:00+00:00,33.926455366666666
2024-12-02 03:00:00+00:00,33.43740666666667
2024-12-02 04:00:00+00:00,36.18286176666667
2024-12-02 05:00:00+00:00,41.57303336666667
2024-12-02 06:00:00+00:00,47.26732796666667
2024-12-02 07:00:00+00:00,49.238419066666665
2024-12-02 08:00:00+00:00,48.97340416666667
2024-12-02 09:00:00+00:00,47.64789726666667
2024-12-02 10:00:00+00:00,46.38135856666666
2024-12-02 11:00:00+00:00,46.09556216666667
2024-12-02 12:00:00+00:00,45.26742866666667
2024-12-02 13:00:00+00:00,45.053827866666666
2024-12-02 14:00:00+00:00,45.217341866666665
2024-12-02 15:00:00+00:00,46.03226936666667
2024-12-02 16:00:00+00:00,49.953412066666665
2024-12-02 17:00:00+00:00,52.91863196666666
2024-12-02 18:00:00+00:00,53.11599196666667
2024-12-02 19:00:00+00:00,49.091052566666676
2024-12-02 20:00:00+00:00,45.97581386666667
2024-12-02 21:00:00+00:00,46.07406986666667
2024-12-02 22:00:00+00:00,46.68575406666666
2024-12-02 23:00:00+00:00,43.340367533333335
2024-12-03 00:00:00+00:00,42.06087913333334
2024-12-03 01:00:00+00:00,40.39734273333333
2024-12-03 02:00:00+00:00,38.811527733333335
2024-12-03 03:00:00+00:00,38.61091953333334
2024-12-03 04:00:00+00:00,41.70758763333333
2024-12-03 05:00:00+00:00,47.516535133333335
2024-12-03 06:00:00+00:00,53.80510923333333
2024-12-03 07:00:00+00:00,56.026174033333334
2024-12-03 08:00:00+00:00,55.700141633333345
2024-12-03 09:00:00+00:00,54.12400313333334
2024-12-03 10:00:00+00:00,52.768604933333336
2024-12-03 11:00:00+00:00,52.32808873333334
2024-12-03 12:00:00+00:00,51.42341953333333
2024-12-03 13:00:00+00:00,51.49434493333334
2024-12-03 14:00:00+00:00,52.38996853333333
2024-12-03 15:00:00+00:00,53.83847683333333
2024-12-03 16:00:00+00:00,58.14071883333333
2024-12-03 17:00:00+00:00,61.01047973333333
2024-12-03 18:00:00+00:00,60.83732303333334
2024-12-03 19:00:00+00:00,56.64782613333334
2024-12-03 20:00:00+00:00,53.38734063333334
2024-12-03 21:00:00+00:00,53.175318133333334
2024-12-03 22:00:00+00:00,53.21156523333333
2024-12-03 23:00:00+00:00,51.17083123333334
2024-12-04 00:00:00+00:00,49.54549063333334
2024-12-04 01:00:00+00:00,47.510958333333335
2024-12-04 02:00:00+00:00,45.593765033333334
2024-12-04 03:00:00+00:00,44.935752533333336
2024-12-04 04:00:00+00:00,47.36564023333333
2024-12-04 05:00:00+00:00,52.41935303333333
2024-12-04 06:00:00+00:00,57.82598773333334
2024-12-04 07:00:00+00:00,59.49727753333334
2024-12-04 08:00:00+00:00,58.58033453333334
2024-12-04 09:00:00+00:00,56.31384583333333
2024-12-04 10:00:00+00:00,54.20690903333334
2024-12-04 11:00:00+00:00,53.32038223333333
2024-12-04 12:00:00+00:00,52.060324833333326
2024-12-04 13:00:00+00:00,52.14787923333333
2024-12-04 14:00:00+00:00,53.21770143333333
2024-12-04 15:00:00+00:00,54.888572333333336
2024-12-04 16:00:00+00:00,58.93289823333334
2024-12-04 17:00:00+00:00,61.450118833333335
2024-12-04 18:00:00+00:00,60.84963163333333
2024-12-04 19:00:00+00:00,56.20437763333333
2024-12-04 20:00:00+00:00,52.339449333333334
2024-12-04 21:00:00+00:00,51.57187063333333
2024-12-04 22:00:00+00:00,51.167174333333335
2024-12-04 23:00:00+00:00,45.461178133333334
2024-12-05 00:00:00+00:00,43.460939233333335
2024-12-05 01:00:00+00:00,41.106043533333334
2024-12-05 02:00:00+00:00,38.73768333333334
2024-12-05 03:00:00+00:00,37.65033363333333
2024-12-05 04:00:00+00:00,39.376510333333336
2024-12-05 05:00:00+00:00,43.95731653333334
2024-12-05 06:00:00+00:00,48.77730123333333
2024-12-05 07:00:00+00:00,49.50048823333333
2024-12-05 08:00:00+00:00,47.609533533333334
2024-12-05 09:00:00+00:00,45.01423513333333
2024-12-05 10:00:00+00:00,43.16115313333334
2024-12-05 11:00:00+00:00,42.64775373333334
2024-12-05 12:00:00+00:00,41.36661023333333
2024-12-05 13:00:00+00:00,41.22800993333333
2024-12-05 14:00:00+00:00,41.74668393333334
2024-12-05 15:00:00+00:00,42.65500713333334
2024-12-05 16:00:00+00:00,46.253352633333336
2024-12-05 17:00:00+00:00,48.15417723333333
2024-12-05 18:00:00+00:00,47.06675093333334
2024-12-05 19:00:00+00:00,42.291785133333335
2024-12-05 20:00:00+00:00,38.49967913333333
2024-12-05 21:00:00+00:00,37.671451033333334
2024-12-05 22:00:00+00:00,37.48943043333333
2024-12-05 23:00:00+00:00,36.982167833333335
2024-12-06 00:00:00+00:00,35.61175093333334
2024-12-06 01:00:00+00:00,34.09174803333333
2024-12-06 02:00:00+00:00,32.52973863333334
2024-12-06 03:00:00+00:00,32.770678333333336
2024-12-06 04:00:00+00:00,36.12604523333333
2024-12-06 05:00:00+00:00,42.211344733333334
2024-12-06 06:00:00+00:00,48.920186633333344
2024-12-06 07:00:00+00:00,51.47468073333333
2024-12-06 08:00:00+00:00,51.76189013333333
2024-12-06 09:00:00+00:00,50.84102343333333
2024-12-06 10:00:00+00:00,49.75801543333334
2024-12-06 11:00:00+00:00,49.29142003333334
2024-12-06 12:00:00+00:00,48.07307643333334
2024-12-06 13:00:00+00:00,48.16201673333333
2024-12-06 14:00:00+00:00,49.28753193333333
2024-12-06 15:00:00+00:00,50.32090083333333
2024-12-06 16:00:00+00:00,53.85146313333334
2024-12-06 17:00:00+00:00,55.12805763333334
2024-12-06 18:00:00+00:00,53.22415263333333
2024-12-06 19:00:00+00:00,48.28985493333333
2024-12-06 20:00:00+00:00,44.16118663333333
2024-12-06 21:00:00+00:00,42.844652333333336
2024-12-06 22:00:00+00:00,42.44063843333333
2024-12-06 23:00:00+00:00,37.30985183333334
2024-12-07 00:00:00+00:00,34.757139433333336
2024-12-07 01:00:00+00:00,31.891890833333335
2024-12-07 02:00:00+00:00,29.022073933333335
2024-12-07 03:00:00+00:00,27.68877103333334
2024-12-07 04:00:00+00:00,28.500794533333334
2024-12-07 05:00:00+00:00,30.906937133333333
2024-12-07 06:00:00+00:00,33.75208993333334
2024-12-07 07:00:00+00:00,34.969383533333335
2024-12-07 08:00:00+00:00,35.81643363333333
2024-12-07 09:00:00+00:00,34.99429343333334
2024-12-07 10:00:00+00:00,34.30173133333333
2024-12-07 11:00:00+00:00,34.68077353333334
2024-12-07 12:00:00+00:00,33.409208533333334
2024-12-07 13:00:00+00:00,31.771551833333337
2024-12-07 14:00:00+00:00,31.116735633333334
2024-12-07 15:00:00+00:00,31.459812033333336
2024-12-07 16:00:00+00:00,35.39727503333334
2024-12-07 17:00:00+00:00,37.766403133333334
2024-12-07 18:00:00+00:00,37.63145443333333
2024-12-07 19:00:00+00:00,34.858324933333336
2024-12-07 20:00:00+00:00,32.96429883333333
2024-12-07 21:00:00+00:00,33.73250843333334
2024-12-07 22:00:00+00:00,35.12409113333334
2024-12-07 23:00:00+00:00,33.3462599
2024-12-08 00:00:00+00:00,32.3561682
2024-12-08 01:00:00+00:00,30.5067555
2024-12-08 02:00:00+00:00,28.492625900000004
2024-12-08 03:00:00+00:00,27.535884700000004
2024-12-08 04:00:00+00:00,28.5380396
2024-12-08 05:00:00+00:00,30.5657496
2024-12-08 06:00:00+00:00,32.84108260000001
2024-12-08 07:00:00+00:00,34.011770600000006
2024-12-08 08:00:00+00:00,35.76860500000001
2024-12-08 09:00:00+00:00,36.8414062
2024-12-08 10:00:00+00:00,37.6802216
2024-12-08 11:00:00+00:00,39.160467600000004
2024-12-08 12:00:00+00:00,37.6915021
2024-12-08 13:00:00+00:00,36.0878286
2024-12-08 14:00:00+00:00,36.02065850000001
2024-12-08 15:00:00+00:00,37.0147715
2024-12-08 16:00:00+00:00,41.18061659999999
2024-12-08 17:00:00+00:00,44.2645611
2024-12-08 18:00:00+00:00,45.028259199999994
2024-12-08 19:00:00+00:00,42.7317968
2024-12-08 20:00:00+00:00,40.723096999999996
2024-12-08 21:00:00+00:00,40.8401901
2024-12-08 22:00:00+00:00,41.14002020000001
2024-12-08 23:00:00+00:00,38.10145618333334
2024-12-09 00:00:00+00:00,36.96885688333333
2024-12-09 01:00:00+00:00,35.254274683333335
2024-12-09 02:00:00+00:00,33.431121583333336
2024-12-09 03:00:00+00:00,32.82263248333334
2024-12-09 04:00:00+00:00,35.39403628333333
2024-12-09 05:00:00+00:00,40.857521383333335
2024-12-09 06:00:00+00:00,46.73934128333333
2024-12-09 07:00:00+00:00,49.03832918333333
2024-12-09 08:00:00+00:00,49.06014438333333
2024-12-09 09:00:00+00:00,48.179593383333334
2024-12-09 10:00:00+00:00,47.91551678333334
2024-12-09 11:00:00+00:00,47.67990208333334
2024-12-09 12:00:00+00:00,46.40742028333334
2024-12-09 13:00:00+00:00,46.31773928333334
2024-12-09 14:00:00+00:00,46.94593548333333
2024-12-09 15:00:00+00:00,47.941410883333326
2024-12-09 16:00:00+00:00,51.80517918333332
2024-12-09 17:00:00+00:00,54.758078483333335
2024-12-09 18:00:00+00:00,54.77001308333334
2024-12-09 19:00:00+00:00,51.23434958333333
2024-12-09 20:00:00+00:00,48.12006448333334
2024-12-09 21:00:00+00:00,47.87411268333333
2024-12-09 22:00:00+00:00,48.30379458333333
2024-12-09 23:00:00+00:00,46.0001361
2024-12-10 00:00:00+00:00,44.8544877
2024-12-10 01:00:00+00:00,43.391808
2024-12-10 02:00:00+00:00,41.8331173
2024-12-10 03:00:00+00:00,41.1833113
2024-12-10 04:00:00+00:00,43.6493816
2024-12-10 05:00:00+00:00,49.0882084
2024-12-10 06:00:00+00:00,55.08687309999999
2024-12-10 07:00:00+00:00,57.018835700000004
2024-12-10 08:00:00+00:00,56.4964837
2024-12-10 09:00:00+00:00,54.7025903
2024-12-10 10:00:00+00:00,53.576268899999995
2024-12-10 11:00:00+00:00,53.243566900000005
2024-12-10 12:00:00+00:00,52.281906000000006
2024-12-10 13:00:00+00:00,52.747644199999996
2024-12-10 14:00:00+00:00,53.6958014
2024-12-10 15:00:00+00:00,54.9390174
2024-12-10 16:00:00+00:00,58.692986899999994
2024-12-10 17:00:00+00:00,61.355954600000004
2024-12-10 18:00:00+00:00,61.083130499999996
2024-12-10 19:00:00+00:00,57.51880680000001
2024-12-10 20:00:00+00:00,54.463817899999995
2024-12-10 21:00:00+00:00,54.3288994
2024-12-10 22:00:00+00:00,54.78587829999999
2024-12-10 23:00:00+00:00,51.587699150000006
2024-12-11 00:00:00+00:00,50.42741895
2024-12-11 01:00:00+00:00,48.86956615
2024-12-11 02:00:00+00:00,47.11950685
2024-12-11 03:00:00+00:00,46.41472975
2024-12-11 04:00:00+00:00,48.87721965
2024-12-11 05:00:00+00:00,54.21984225
2024-12-11 06:00:00+00:00,60.21139755
2024-12-11 07:00:00+00:00,62.510029349999996
2024-12-11 08:00:00+00:00,62.074084549999995
2024-12-11 09:00:00+00:00,59.887758250000005
2024-12-11 10:00:00+00:00,58.717753349999995
2024-12-11 11:00:00+00:00,58.371354849999996
2024-12-11 12:00:00+00:00,56.615353649999996
2024-12-11 13:00:00+00:00,56.56241695
2024-12-11 14:00:00+00:00,57.634010749999995
2024-12-11 15:00:00+00:00,59.13294415
2024-12-11 16:00:00+00:00,62.84410575
2024-12-11 17:00:00+00:00,65.22035065
2024-12-11 18:00:00+00:00,64.75351375
2024-12-11 19:00:00+00:00,60.98076215
2024-12-11 20:00:00+00:00,57.78211075
2024-12-11 21:00:00+00:00,57.52590565
2024-12-11 22:00:00+00:00,57.85942824999999
2024-12-11 23:00:00+00:00,54.31615789999999
2024-12-12 00:00:00+00:00,52.8940566
2024-12-12 01:00:00+00:00,51.671555
2024-12-12 02:00:00+00:00,49.9569404
2024-12-12 03:00:00+00:00,49.1992878
2024-12-12 04:00:00+00:00,51.7023566
2024-12-12 05:00:00+00:00,56.8988794
2024-12-12 06:00:00+00:00,62.5839922
2024-12-12 07:00:00+00:00,64.7124363
2024-12-12 08:00:00+00:00,63.845792700000004
2024-12-12 09:00:00+00:00,61.550628
2024-12-12 10:00:00+00:00,60.0433967
2024-12-12 11:00:00+00:00,59.68476509999999
2024-12-12 12:00:00+00:00,57.8715548
2024-12-12 13:00:00+00:00,57.8081041
2024-12-12 14:00:00+00:00,58.4592823
2024-12-12 15:00:00+00:00,59.8606683
2024-12-12 16:00:00+00:00,63.77283369999999
2024-12-12 17:00:00+00:00,66.3684823
2024-12-12 18:00:00+00:00,65.94527099999999
2024-12-12 19:00:00+00:00,62.2291917
2024-12-12 20:00:00+00:00,59.046609700000005
2024-12-12 21:00:00+00:00,58.8275218
2024-12-12 22:00:00+00:00,59.096645800000005
2024-12-12 23:00:00+00:00,57.70007223333334
2024-12-13 00:00:00+00:00,56.33913783333333
2024-12-13 01:00:00+00:00,54.96606543333333
2024-12-13 02:00:00+00:00,53.26361103333333
2024-12-13 03:00:00+00:00,52.66510743333333
2024-12-13 04:00:00+00:00,55.22895093333334
2024-12-13 05:00:00+00:00,60.537886533333335
2024-12-13 06:00:00+00:00,66.37127613333334
2024-12-13 07:00:00+00:00,68.64350573333333
2024-12-13 08:00:00+00:00,68.29504663333333
2024-12-13 09:00:00+00:00,66.84950763333333
2024-12-13 10:00:00+00:00,65.69168613333333
2024-12-13 11:00:00+00:00,65.36289303333334
2024-12-13 12:00:00+00:00,63.45985243333333
2024-12-13 13:00:00+00:00,62.831625333333335
2024-12-13 14:00:00+00:00,62.88083073333333
2024-12-13 15:00:00+00:00,63.63801173333333
2024-12-13 16:00:00+00:00,67.47193613333333
2024-12-13 17:00:00+00:00,69.88969753333333
2024-12-13 18:00:00+00:00,69.13685443333333
2024-12-13 19:00:00+00:00,65.56927013333333
2024-12-13 20:00:00+00:00,62.78347393333334
2024-12-13 21:00:00+00:00,62.95681883333333
2024-12-13 22:00:00+00:00,62.93768843333333
2024-12-13 23:00:00+00:00,58.71951681666667
2024-12-14 00:00:00+00:00,56.71529221666666
2024-12-14 01:00:00+00:00,54.704817516666665
2024-12-14 02:00:00+00:00,52.28629061666667
2024-12-14 03:00:00+00:00,50.83346401666667
2024-12-14 04:00:00+00:00,51.830893816666666
2024-12-14 05:00:00+00:00,54.06819861666667
2024-12-14 06:00:00+00:00,56.51470391666667
2024-12-14 07:00:00+00:00,57.53166511666667
2024-12-14 08:00:00+00:00,58.072052416666665
2024-12-14 09:00:00+00:00,57.71779621666667
2024-12-14 10:00:00+00:00,56.88709741666666
2024-12-14 11:00:00+00:00,57.10222791666666
2024-12-14 12:00:00+00:00,55.305703916666666
2024-12-14 13:00:00+00:00,53.65036611666666
2024-12-14 14:00:00+00:00,53.138647516666666
2024-12-14 15:00:00+00:00,53.274129916666666
2024-12-14 16:00:00+00:00,56.51444561666667
2024-12-14 17:00:00+00:00,58.63109611666667
2024-12-14 18:00:00+00:00,58.54323051666667
2024-12-14 19:00:00+00:00,55.670592416666665
2024-12-14 20:00:00+00:00,53.51270971666666
2024-12-14 21:00:00+00:00,54.375804816666665
2024-12-14 22:00:00+00:00,55.23310651666667
2024-12-14 23:00:00+00:00,52.28704043333333
2024-12-15 00:00:00+00:00,50.58645093333334
2024-12-15 01:00:00+00:00,48.84283143333333
2024-12-15 02:00:00+00:00,46.55169803333334
2024-12-15 03:00:00+00:00,45.16485793333334
2024-12-15 04:00:00+00:00,45.74771473333334
2024-12-15 05:00:00+00:00,47.23709423333333
2024-12-15 06:00:00+00:00,48.55373073333333
2024-12-15 07:00:00+00:00,48.82752443333333
2024-12-15 08:00:00+00:00,49.23528353333333
2024-12-15 09:00:00+00:00,49.24123633333333
2024-12-15 10:00:00+00:00,49.03705923333333
2024-12-15 11:00:00+00:00,49.91854523333334
2024-12-15 12:00:00+00:00,48.324031133333335
2024-12-15 13:00:00+00:00,46.90038213333334
2024-12-15 14:00:00+00:00,45.55740453333333
2024-12-15 15:00:00+00:00,46.28385193333333
2024-12-15 16:00:00+00:00,49.86364343333334
2024-12-15 17:00:00+00:00,52.79442583333334
2024-12-15 18:00:00+00:00,53.74302073333334
2024-12-15 19:00:00+00:00,51.60211153333334
2024-12-15 20:00:00+00:00,49.66056003333333
2024-12-15 21:00:00+00:00,50.33945443333334
2024-12-15 22:00:00+00:00,50.65937733333334
2024-12-15 23:00:00+00:00,47.116714216666665
2024-12-16 00:00:00+00:00,45.944889116666666
2024-12-16 01:00:00+00:00,44.54636441666667
2024-12-16 02:00:00+00:00,42.89812571666667
2024-12-16 03:00:00+00:00,42.48227871666667
2024-12-16 04:00:00+00:00,45.470329416666665
2024-12-16 05:00:00+00:00,51.357889416666666
2024-12-16 06:00:00+00:00,57.44805291666666
2024-12-16 07:00:00+00:00,60.01707371666667
2024-12-16 08:00:00+00:00,59.71708331666666
2024-12-16 09:00:00+00:00,57.73730861666666
2024-12-16 10:00:00+00:00,56.09143201666667
2024-12-16 11:00:00+00:00,55.73517831666667
2024-12-16 12:00:00+00:00,54.301485416666665
2024-12-16 13:00:00+00:00,53.89226931666666
2024-12-16 14:00:00+00:00,53.71400151666667
2024-12-16 15:00:00+00:00,54.95366791666666
2024-12-16 16:00:00+00:00,58.85301711666667
2024-12-16 17:00:00+00:00,61.66258401666667
2024-12-16 18:00:00+00:00,62.00009491666666
2024-12-16 19:00:00+00:00,58.55656951666667
2024-12-16 20:00:00+00:00,55.333568316666664
2024-12-16 21:00:00+00:00,55.40828701666667
2024-12-16 22:00:00+00:00,55.378299516666665
2024-12-16 23:00:00+00:00,52.23441476666667
2024-12-17 00:00:00+00:00,50.81844686666667
2024-12-17 01:00:00+00:00,49.292851066666664
2024-12-17 02:00:00+00:00,47.59428726666666
2024-12-17 03:00:00+00:00,47.077652066666666
2024-12-17 04:00:00+00:00,49.74684556666667
2024-12-17 05:00:00+00:00,55.27447146666667
2024-12-17 06:00:00+00:00,61.075178066666666
2024-12-17 07:00:00+00:00,63.02699746666667
2024-12-17 08:00:00+00:00,61.95064736666666
2024-12-17 09:00:00+00:00,59.56023736666666
2024-12-17 10:00:00+00:00,57.68178346666666
2024-12-17 11:00:00+00:00,56.83615846666666
2024-12-17 12:00:00+00:00,55.09925716666666
2024-12-17 13:00:00+00:00,53.93587806666666
2024-12-17 14:00:00+00:00,52.93905386666667
2024-12-17 15:00:00+00:00,53.30816156666667
2024-12-17 16:00:00+00:00,56.35023616666667
2024-12-17 17:00:00+00:00,58.149098366666664
2024-12-17 18:00:00+00:00,57.64846826666667
2024-12-17 19:00:00+00:00,53.42868356666666
2024-12-17 20:00:00+00:00,49.55885516666667
2024-12-17 21:00:00+00:00,48.91219986666667
2024-12-17 22:00:00+00:00,48.11687966666667
2024-12-17 23:00:00+00:00,44.783401633333334
2024-12-18 00:00:00+00:00,42.61501023333333
2024-12-18 01:00:00+00:00,40.382542433333334
2024-12-18 02:00:00+00:00,38.02440443333334
2024-12-18 03:00:00+00:00,36.91746083333333
2024-12-18 04:00:00+00:00,39.06186983333333
2024-12-18 05:00:00+00:00,43.837349333333336
2024-12-18 06:00:00+00:00,48.937996833333344
2024-12-18 07:00:00+00:00,50.75259253333334
2024-12-18 08:00:00+00:00,49.78308443333334
2024-12-18 09:00:00+00:00,47.383411233333334
2024-12-18 10:00:00+00:00,45.96251743333333
2024-12-18 11:00:00+00:00,45.92313273333333
2024-12-18 12:00:00+00:00,44.835151233333335
2024-12-18 13:00:00+00:00,44.33725883333334
2024-12-18 14:00:00+00:00,43.558561833333336
2024-12-18 15:00:00+00:00,44.73868373333334
2024-12-18 16:00:00+00:00,48.099159433333334
2024-12-18 17:00:00+00:00,50.179628033333344
2024-12-18 18:00:00+00:00,49.67616973333333
2024-12-18 19:00:00+00:00,45.224444733333335
2024-12-18 20:00:00+00:00,41.21434263333334
2024-12-18 21:00:00+00:00,40.45821363333334
2024-12-18 22:00:00+00:00,39.80623853333334
2024-12-18 23:00:00+00:00,34.32583083333333
2024-12-19 00:00:00+00:00,32.66941383333334
2024-12-19 01:00:00+00:00,30.855408533333335
2024-12-19 02:00:00+00:00,28.836389533333335
2024-12-19 03:00:00+00:00,28.000174533333333
2024-12-19 04:00:00+00:00,30.622210933333335
2024-12-19 05:00:00+00:00,35.88480723333333
2024-12-19 06:00:00+00:00,42.07444713333333
2024-12-19 07:00:00+00:00,45.34196273333334
2024-12-19 08:00:00+00:00,46.18356523333334
2024-12-19 09:00:00+00:00,45.50374603333333
2024-12-19 10:00:00+00:00,45.01720113333333
2024-12-19 11:00:00+00:00,44.685050333333336
2024-12-19 12:00:00+00:00,43.24678733333334
2024-12-19 13:00:00+00:00,41.49887353333334
2024-12-19 14:00:00+00:00,40.25620203333334
2024-12-19 15:00:00+00:00,41.27933663333333
2024-12-19 16:00:00+00:00,45.880736533333334
2024-12-19 17:00:00+00:00,48.953489133333335
2024-12-19 18:00:00+00:00,49.44296843333333
2024-12-19 19:00:00+00:00,46.05215473333333
2024-12-19 20:00:00+00:00,43.32446013333333
2024-12-19 21:00:00+00:00,43.70654003333333
2024-12-19 22:00:00+00:00,44.25559423333333
2024-12-19 23:00:00+00:00,42.516370566666666
2024-12-20 00:00:00+00:00,41.30110896666667
2024-12-20 01:00:00+00:00,39.958340566666664
2024-12-20 02:00:00+00:00,38.679371966666665
2024-12-20 03:00:00+00:00,38.65988966666667
2024-12-20 04:00:00+00:00,42.06542206666667
2024-12-20 05:00:00+00:00,47.90267866666667
2024-12-20 06:00:00+00:00,54.58667896666667
2024-12-20 07:00:00+00:00,57.889553066666664
2024-12-20 08:00:00+00:00,57.961125366666664
2024-12-20 09:00:00+00:00,55.72934556666667
2024-12-20 10:00:00+00:00,53.99550966666666
2024-12-20 11:00:00+00:00,53.038197366666665
2024-12-20 12:00:00+00:00,51.27185096666666
2024-12-20 13:00:00+00:00,49.53393646666666
2024-12-20 14:00:00+00:00,48.79604896666666
2024-12-20 15:00:00+00:00,49.09799546666666
2024-12-20 16:00:00+00:00,52.31501766666667
2024-12-20 17:00:00+00:00,53.79899226666667
2024-12-20 18:00:00+00:00,52.49786496666667
2024-12-20 19:00:00+00:00,48.36419426666667
2024-12-20 20:00:00+00:00,45.177865966666666
2024-12-20 21:00:00+00:00,45.28464696666667
2024-12-20 22:00:00+00:00,45.71163486666667
2024-12-20 23:00:00+00:00,44.000204133333334
2024-12-21 00:00:00+00:00,42.893303333333336
2024-12-21 01:00:00+00:00,41.46318803333334
2024-12-21 02:00:00+00:00,39.90733863333334
2024-12-21 03:00:00+00:00,39.33289043333333
2024-12-21 04:00:00+00:00,41.029061733333336
2024-12-21 05:00:00+00:00,43.48686943333334
2024-12-21 06:00:00+00:00,46.00285803333333
2024-12-21 07:00:00+00:00,47.29654383333333
2024-12-21 08:00:00+00:00,47.399002233333334
2024-12-21 09:00:00+00:00,45.655838233333334
2024-12-21 10:00:00+00:00,43.74698773333333
2024-12-21 11:00:00+00:00,42.67006003333333
2024-12-21 12:00:00+00:00,40.43485963333334
2024-12-21 13:00:00+00:00,37.51737393333333
2024-12-21 14:00:00+00:00,35.55250493333334
2024-12-21 15:00:00+00:00,35.322175533333336
2024-12-21 16:00:00+00:00,37.84874163333333
2024-12-21 17:00:00+00:00,39.485119233333336
2024-12-21 18:00:00+00:00,39.47919803333333
2024-12-21 19:00:00+00:00,36.70466723333333
2024-12-21 20:00:00+00:00,34.775074933333336
2024-12-21 21:00:00+00:00,35.658066833333336
2024-12-21 22:00:00+00:00,36.20422023333333
2024-12-21 23:00:00+00:00,33.18286198333334
2024-12-22 00:00:00+00:00,31.685019383333337
2024-12-22 01:00:00+00:00,29.356012783333338
2024-12-22 02:00:00+00:00,27.181956983333333
2024-12-22 03:00:00+00:00,26.092013683333338
2024-12-22 04:00:00+00:00,26.780755583333335
2024-12-22 05:00:00+00:00,28.108161983333336
2024-12-22 06:00:00+00:00,29.511549883333334
2024-12-22 07:00:00+00:00,30.910496883333337
2024-12-22 08:00:00+00:00,32.81450968333334
2024-12-22 09:00:00+00:00,33.989825683333336
2024-12-22 10:00:00+00:00,34.38045438333333
2024-12-22 11:00:00+00:00,34.95820328333334
2024-12-22 12:00:00+00:00,33.92918598333333
2024-12-22 13:00:00+00:00,31.783317583333336
2024-12-22 14:00:00+00:00,30.934830483333336
2024-12-22 15:00:00+00:00,31.955295583333342
2024-12-22 16:00:00+00:00,35.95799048333333
2024-12-22 17:00:00+00:00,38.76693048333334
2024-12-22 18:00:00+00:00,39.66001238333334
2024-12-22 19:00:00+00:00,37.15066758333333
2024-12-22 20:00:00+00:00,35.52356238333333
2024-12-22 21:00:00+00:00,36.40919318333333
2024-12-22 22:00:00+00:00,36.880065183333336
2024-12-22 23:00:00+00:00,35.79290521666667
2024-12-23 00:00:00+00:00,34.338671016666666
2024-12-23 01:00:00+00:00,32.55033711666667
2024-12-23 02:00:00+00:00,30.71250641666667
2024-12-23 03:00:00+00:00,30.283418316666666
2024-12-23 04:00:00+00:00,32.68306701666667
2024-12-23 05:00:00+00:00,36.855591816666674
2024-12-23 06:00:00+00:00,41.158011816666665
2024-12-23 07:00:00+00:00,44.10979621666667
2024-12-23 08:00:00+00:00,44.98634551666666
2024-12-23 09:00:00+00:00,43.66105571666667
2024-12-23 10:00:00+00:00,42.07104591666667
2024-12-23 11:00:00+00:00,41.37599391666666
2024-12-23 12:00:00+00:00,40.743715416666674
2024-12-23 13:00:00+00:00,41.34502461666667
2024-12-23 14:00:00+00:00,43.11082571666667
2024-12-23 15:00:00+00:00,45.98912601666667
2024-12-23 16:00:00+00:00,50.58097231666667
2024-12-23 17:00:00+00:00,53.71633741666667
2024-12-23 18:00:00+00:00,54.64062761666668
2024-12-23 19:00:00+00:00,52.25569551666667
2024-12-23 20:00:00+00:00,50.277472016666664
2024-12-23 21:00:00+00:00,51.387523716666664
2024-12-23 22:00:00+00:00,52.41460421666667
2024-12-23 23:00:00+00:00,50.11554125
2024-12-24 00:00:00+00:00,48.79475295
2024-12-24 01:00:00+00:00,47.01846595
2024-12-24 02:00:00+00:00,45.027461450000004
2024-12-24 03:00:00+00:00,44.37552035
2024-12-24 04:00:00+00:00,46.38700895
2024-12-24 05:00:00+00:00,50.008327449999996
2024-12-24 06:00:00+00:00,53.61995995
2024-12-24 07:00:00+00:00,55.937488949999995
2024-12-24 08:00:00+00:00,56.70108454999999
2024-12-24 09:00:00+00:00,55.75905655
2024-12-24 10:00:00+00:00,54.49088055
2024-12-24 11:00:00+00:00,53.771081550000005
2024-12-24 12:00:00+00:00,52.829866949999996
2024-12-24 13:00:00+00:00,52.10644165
2024-12-24 14:00:00+00:00,51.64627725
2024-12-24 15:00:00+00:00,52.463979550000005
2024-12-24 16:00:00+00:00,55.635614149999995
2024-12-24 17:00:00+00:00,56.76886065
2024-12-24 18:00:00+00:00,55.07763085
2024-12-24 19:00:00+00:00,51.401685050000005
2024-12-24 20:00:00+00:00,49.61183205
2024-12-24 21:00:00+00:00,51.356779450000005
2024-12-24 22:00:00+00:00,52.94090225
2024-12-24 23:00:00+00:00,48.95914715
2024-12-25 00:00:00+00:00,48.30712375
2024-12-25 01:00:00+00:00,46.23446605
2024-12-25 02:00:00+00:00,43.49469635
2024-12-25 03:00:00+00:00,41.66847885
2024-12-25 04:00:00+00:00,41.91562784999999
2024-12-25 05:00:00+00:00,43.05623845
2024-12-25 06:00:00+00:00,43.49667045
2024-12-25 07:00:00+00:00,42.90597615
2024-12-25 08:00:00+00:00,42.26146505
2024-12-25 09:00:00+00:00,41.70231305
2024-12-25 10:00:00+00:00,41.05617305
2024-12-25 11:00:00+00:00,41.09049385
2024-12-25 12:00:00+00:00,40.39081064999999
2024-12-25 13:00:00+00:00,39.54034315
2024-12-25 14:00:00+00:00,39.84648125
2024-12-25 15:00:00+00:00,41.70093665
2024-12-25 16:00:00+00:00,45.56314215
2024-12-25 17:00:00+00:00,47.61916905
2024-12-25 18:00:00+00:00,47.980105449999996
2024-12-25 19:00:00+00:00,46.25535945
2024-12-25 20:00:00+00:00,45.277782949999995
2024-12-25 21:00:00+00:00,47.01555995
2024-12-25 22:00:00+00:00,47.99439685
2024-12-25 23:00:00+00:00,44.70113515
2024-12-26 00:00:00+00:00,43.21723324999999
2024-12-26 01:00:00+00:00,41.51540835
2024-12-26 02:00:00+00:00,39.59202935
2024-12-26 03:00:00+00:00,38.84481194999999
2024-12-26 04:00:00+00:00,40.17735375
2024-12-26 05:00:00+00:00,42.87300715
2024-12-26 06:00:00+00:00,45.36651335
2024-12-26 07:00:00+00:00,46.919290950000004
2024-12-26 08:00:00+00:00,47.33964255
2024-12-26 09:00:00+00:00,46.86948295
2024-12-26 10:00:00+00:00,46.08191795
2024-12-26 11:00:00+00:00,46.39432155
2024-12-26 12:00:00+00:00,45.17470385
2024-12-26 13:00:00+00:00,44.175219850000005
2024-12-26 14:00:00+00:00,44.64546045
2024-12-26 15:00:00+00:00,46.36232165
2024-12-26 16:00:00+00:00,50.468169450000005
2024-12-26 17:00:00+00:00,53.23823825
2024-12-26 18:00:00+00:00,53.663414450000005
2024-12-26 19:00:00+00:00,50.73633665
2024-12-26 20:00:00+00:00,48.37492015
2024-12-26 21:00:00+00:00,49.139156850000006
2024-12-26 22:00:00+00:00,50.141339349999996
2024-12-26 23:00:00+00:00,49.12977118333333
2024-12-27 00:00:00+00:00,47.85570118333333
2024-12-27 01:00:00+00:00,46.48202938333333
2024-12-27 02:00:00+00:00,44.72685808333333
2024-12-27 03:00:00+00:00,44.36867458333334
2024-12-27 04:00:00+00:00,46.076850783333335
2024-12-27 05:00:00+00:00,49.17196008333333
2024-12-27 06:00:00+00:00,52.29397278333333
2024-12-27 07:00:00+00:00,54.220160183333334
2024-12-27 08:00:00+00:00,54.34775638333333
2024-12-27 09:00:00+00:00,52.960876283333334
2024-12-27 10:00:00+00:00,51.18979448333333
2024-12-27 11:00:00+00:00,50.81589228333333
2024-12-27 12:00:00+00:00,49.06128348333333
2024-12-27 13:00:00+00:00,48.00180378333334
2024-12-27 14:00:00+00:00,48.464138283333334
2024-12-27 15:00:00+00:00,50.43511528333333
2024-12-27 16:00:00+00:00,55.16180538333333
2024-12-27 17:00:00+00:00,57.96844148333333
2024-12-27 18:00:00+00:00,58.53666648333334
2024-12-27 19:00:00+00:00,55.74663208333333
2024-12-27 20:00:00+00:00,53.58426888333334
2024-12-27 21:00:00+00:00,54.272553583333334
2024-12-27 22:00:00+00:00,54.961436983333336
2024-12-27 23:00:00+00:00,51.77670393333334
2024-12-28 00:00:00+00:00,50.23256523333334
2024-12-28 01:00:00+00:00,48.59409493333333
2024-12-28 02:00:00+00:00,46.46833483333334
2024-12-28 03:00:00+00:00,45.444681233333334
2024-12-28 04:00:00+00:00,46.235424433333336
2024-12-28 05:00:00+00:00,48.12556993333334
2024-12-28 06:00:00+00:00,50.354870033333334
2024-12-28 07:00:00+00:00,51.71737323333333
2024-12-28 08:00:00+00:00,51.86522093333333
2024-12-28 09:00:00+00:00,50.91380803333334
2024-12-28 10:00:00+00:00,49.33068513333333
2024-12-28 11:00:00+00:00,49.080655633333336
2024-12-28 12:00:00+00:00,47.07358043333334
2024-12-28 13:00:00+00:00,45.69258713333333
2024-12-28 14:00:00+00:00,46.15012953333333
2024-12-28 15:00:00+00:00,47.98188423333333
2024-12-28 16:00:00+00:00,52.66942773333333
2024-12-28 17:00:00+00:00,55.66862653333333
2024-12-28 18:00:00+00:00,56.54938393333334
2024-12-28 19:00:00+00:00,54.131058933333335
2024-12-28 20:00:00+00:00,52.294279233333334
2024-12-28 21:00:00+00:00,53.28995813333333
2024-12-28 22:00:00+00:00,54.142687933333335
2024-12-28 23:00:00+00:00,51.887976566666666
2024-12-29 00:00:00+00:00,50.25373786666667
2024-12-29 01:00:00+00:00,48.23720096666666
2024-12-29 02:00:00+00:00,45.95005076666666
2024-12-29 03:00:00+00:00,44.70919516666666
2024-12-29 04:00:00+00:00,45.23800786666666
2024-12-29 05:00:00+00:00,46.68017746666667
2024-12-29 06:00:00+00:00,48.143231066666665
2024-12-29 07:00:00+00:00,49.08687376666667
2024-12-29 08:00:00+00:00,49.513540666666664
2024-12-29 09:00:00+00:00,49.530295566666666
2024-12-29 10:00:00+00:00,49.10953966666666
2024-12-29 11:00:00+00:00,49.26511156666667
2024-12-29 12:00:00+00:00,47.315011166666665
2024-12-29 13:00:00+00:00,45.59239066666667
2024-12-29 14:00:00+00:00,45.912342466666665
2024-12-29 15:00:00+00:00,47.526545866666666
2024-12-29 16:00:00+00:00,51.73171356666666
2024-12-29 17:00:00+00:00,55.038770166666666
2024-12-29 18:00:00+00:00,56.545541566666664
2024-12-29 19:00:00+00:00,54.77869926666666
2024-12-29 20:00:00+00:00,52.96985576666667
2024-12-29 21:00:00+00:00,53.48265596666667
2024-12-29 22:00:00+00:00,53.88804536666667
2024-12-29 23:00:00+00:00,53.81403386666666
2024-12-30 00:00:00+00:00,52.05278576666667
2024-12-30 01:00:00+00:00,50.443642466666674
2024-12-30 02:00:00+00:00,48.40521046666667
2024-12-30 03:00:00+00:00,47.47459476666667
2024-12-30 04:00:00+00:00,49.03183766666667
2024-12-30 05:00:00+00:00,52.04854136666667
2024-12-30 06:00:00+00:00,55.29357706666667
2024-12-30 07:00:00+00:00,58.02813526666667
2024-12-30 08:00:00+00:00,59.36478476666666
2024-12-30 09:00:00+00:00,59.15833716666667
2024-12-30 10:00:00+00:00,57.819598166666665
2024-12-30 11:00:00+00:00,57.55780286666667
2024-12-30 12:00:00+00:00,55.34752816666666
2024-12-30 13:00:00+00:00,53.70125816666667
2024-12-30 14:00:00+00:00,53.672662566666666
2024-12-30 15:00:00+00:00,54.975758866666666
2024-12-30 16:00:00+00:00,59.35865936666667
2024-12-30 17:00:00+00:00,62.52699896666667
2024-12-30 18:00:00+00:00,63.47988116666667
2024-12-30 19:00:00+00:00,60.416993966666666
2024-12-30 20:00:00+00:00,57.50922526666667
2024-12-30 21:00:00+00:00,57.76984646666667
2024-12-30 22:00:00+00:00,58.03861106666667
2024-12-30 23:00:00+00:00,54.21788133333334
2024-12-31 00:00:00+00:00,52.23907233333334
2024-12-31 01:00:00+00:00,50.15128213333333
2024-12-31 02:00:00+00:00,47.65108643333333
2024-12-31 03:00:00+00:00,46.317133633333334
2024-12-31 04:00:00+00:00,47.499638833333336
2024-12-31 05:00:00+00:00,50.14516513333333
2024-12-31 06:00:00+00:00,53.00004883333333
2024-12-31 07:00:00+00:00,54.72920723333334
2024-12-31 08:00:00+00:00,54.89888313333333
2024-12-31 09:00:00+00:00,54.051540933333335
2024-12-31 10:00:00+00:00,51.89225173333333
2024-12-31 11:00:00+00:00,50.50341743333333
2024-12-31 12:00:00+00:00,47.69524163333333
2024-12-31 13:00:00+00:00,45.66855773333334
2024-12-31 14:00:00+00:00,45.319297133333336
2024-12-31 15:00:00+00:00,46.155122033333335
2024-12-31 16:00:00+00:00,49.344964233333336
2024-12-31 17:00:00+00:00,50.26644493333333
2024-12-31 18:00:00+00:00,48.654080333333326
2024-12-31 19:00:00+00:00,44.69966393333334
2024-12-31 20:00:00+00:00,41.919390433333334
2024-12-31 21:00:00+00:00,42.440990033333335
2024-12-31 22:00:00+00:00,43.50828163333334
2024-12-31 23:00:00+00:00,41.829889800000004
2025-01-01 00:00:00+00:00,40.5865469
2025-01-01 01:00:00+00:00,38.4897455
2025-01-01 02:00:00+00:00,35.4735583
2025-01-01 03:00:00+00:00,32.981295599999996
2025-01-01 04:00:00+00:00,32.3503229
2025-01-01 05:00:00+00:00,32.353821499999995
2025-01-01 06:00:00+00:00,32.1278818
2025-01-01 07:00:00+00:00,31.385325400000003
2025-01-01 08:00:00+00:00,30.170598500000004
2025-01-01 09:00:00+00:00,29.266461400000004
2025-01-01 10:00:00+00:00,28.3782251
2025-01-01 11:00:00+00:00,28.933178100000006
2025-01-01 12:00:00+00:00,27.8649907
2025-01-01 13:00:00+00:00,26.2323285
2025-01-01 14:00:00+00:00,26.041590000000003
2025-01-01 15:00:00+00:00,27.8353033
2025-01-01 16:00:00+00:00,32.3236546
2025-01-01 17:00:00+00:00,35.1017803
2025-01-01 18:00:00+00:00,36.381805
2025-01-01 19:00:00+00:00,35.2767372
2025-01-01 20:00:00+00:00,34.3511105
2025-01-01 21:00:00+00:00,36.00946280000001
2025-01-01 22:00:00+00:00,37.4328759
2025-01-01 23:00:00+00:00,37.179413233333335
2025-01-02 00:00:00+00:00,36.198895533333335
2025-01-02 01:00:00+00:00,35.18705233333334
2025-01-02 02:00:00+00:00,33.82907183333333
2025-01-02 03:00:00+00:00,33.87401773333333
2025-01-02 04:00:00+00:00,36.44620773333334
2025-01-02 05:00:00+00:00,40.79507973333333
2025-01-02 06:00:00+00:00,45.31635453333334
2025-01-02 07:00:00+00:00,49.47765343333333
2025-01-02 08:00:00+00:00,52.06271063333333
2025-01-02 09:00:00+00:00,52.984532533333336
2025-01-02 10:00:00+00:00,52.97721503333334
2025-01-02 11:00:00+00:00,53.41514843333333
2025-01-02 12:00:00+00:00,52.22768083333333
2025-01-02 13:00:00+00:00,51.20537803333333
2025-01-02 14:00:00+00:00,51.03825433333333
2025-01-02 15:00:00+00:00,51.907565633333334
2025-01-02 16:00:00+00:00,55.44790453333333
2025-01-02 17:00:00+00:00,58.08472783333334
2025-01-02 18:00:00+00:00,58.369957033333336
2025-01-02 19:00:00+00:00,55.69619383333333
2025-01-02 20:00:00+00:00,52.40746703333333
2025-01-02 21:00:00+00:00,52.74738433333333
2025-01-02 22:00:00+00:00,53.45664683333333
2025-01-02 23:00:00+00:00,50.94311945
2025-01-03 00:00:00+00:00,49.35078385
2025-01-03 01:00:00+00:00,48.09109665
2025-01-03 02:00:00+00:00,46.25389725
2025-01-03 03:00:00+00:00,45.61231095
2025-01-03 04:00:00+00:00,47.50333315
2025-01-03 05:00:00+00:00,51.01708595
2025-01-03 06:00:00+00:00,54.82246745
2025-01-03 07:00:00+00:00,58.084745549999994
2025-01-03 08:00:00+00:00,59.574287149999996
2025-01-03 09:00:00+00:00,59.312885349999995
2025-01-03 10:00:00+00:00,58.06612175000001
2025-01-03 11:00:00+00:00,57.327750349999995
2025-01-03 12:00:00+00:00,55.50910465
2025-01-03 13:00:00+00:00,54.10100845
2025-01-03 14:00:00+00:00,53.920598150000004
2025-01-03 15:00:00+00:00,55.09456815
2025-01-03 16:00:00+00:00,59.27499615
2025-01-03 17:00:00+00:00,62.505005749999995
2025-01-03 18:00:00+00:00,62.85267664999999
2025-01-03 19:00:00+00:00,60.378909150000005
2025-01-03 20:00:00+00:00,56.62827205
2025-01-03 21:00:00+00:00,56.729188150000006
2025-01-03 22:00:00+00:00,57.14726135
2025-01-03 23:00:00+00:00,57.64970995
2025-01-04 00:00:00+00:00,55.91594035
2025-01-04 01:00:00+00:00,54.178923850000004
2025-01-04 02:00:00+00:00,51.78640205
2025-01-04 03:00:00+00:00,50.573444550000005
2025-01-04 04:00:00+00:00,51.45610735
2025-01-04 05:00:00+00:00,53.35075675
2025-01-04 06:00:00+00:00,55.41691405
2025-01-04 07:00:00+00:00,56.93568125
2025-01-04 08:00:00+00:00,57.33499305000001
2025-01-04 09:00:00+00:00,57.37139705
2025-01-04 10:00:00+00:00,57.22963515000001
2025-01-04 11:00:00+00:00,57.279200749999994
2025-01-04 12:00:00+00:00,55.56609745
2025-01-04 13:00:00+00:00,52.95887395
2025-01-04 14:00:00+00:00,51.02193675
2025-01-04 15:00:00+00:00,50.171478650000005
2025-01-04 16:00:00+00:00,52.33527725
2025-01-04 17:00:00+00:00,54.37642635
2025-01-04 18:00:00+00:00,54.46297035
2025-01-04 19:00:00+00:00,51.477782749999996
2025-01-04 20:00:00+00:00,48.095094950000004
2025-01-04 21:00:00+00:00,48.02913255
2025-01-04 22:00:00+00:00,47.78491685
2025-01-04 23:00:00+00:00,44.83058416666667
2025-01-05 00:00:00+00:00,42.66364756666667
2025-01-05 01:00:00+00:00,40.025862866666664
2025-01-05 02:00:00+00:00,36.87656056666667
2025-01-05 03:00:00+00:00,35.09454976666667
2025-01-05 04:00:00+00:00,34.97213826666666
2025-01-05 05:00:00+00:00,36.026367566666664
2025-01-05 06:00:00+00:00,37.14989676666667
2025-01-05 07:00:00+00:00,38.32686836666667
2025-01-05 08:00:00+00:00,39.05225086666666
2025-01-05 09:00:00+00:00,38.98355806666667
2025-01-05 10:00:00+00:00,38.48665696666667
2025-01-05 11:00:00+00:00,38.51786356666667
2025-01-05 12:00:00+00:00,36.70046716666667
2025-01-05 13:00:00+00:00,33.79416636666667
2025-01-05 14:00:00+00:00,32.67096106666666
2025-01-05 15:00:00+00:00,33.643592966666674
2025-01-05 16:00:00+00:00,37.72166996666667
2025-01-05 17:00:00+00:00,41.08817546666667
2025-01-05 18:00:00+00:00,42.489120166666666
2025-01-05 19:00:00+00:00,40.48000746666667
2025-01-05 20:00:00+00:00,38.01805116666667
2025-01-05 21:00:00+00:00,37.91687656666667
2025-01-05 22:00:00+00:00,37.90089736666667
2025-01-05 23:00:00+00:00,33.73626673333334
2025-01-06 00:00:00+00:00,31.861832533333335
2025-01-06 01:00:00+00:00,30.15876933333333
2025-01-06 02:00:00+00:00,28.200733733333333
2025-01-06 03:00:00+00:00,27.796774733333336
2025-01-06 04:00:00+00:00,30.213809033333337
2025-01-06 05:00:00+00:00,35.471220233333334
2025-01-06 06:00:00+00:00,41.39802423333333
2025-01-06 07:00:00+00:00,44.81229783333333
2025-01-06 08:00:00+00:00,45.25323953333334
2025-01-06 09:00:00+00:00,44.43399573333333
2025-01-06 10:00:00+00:00,43.67486933333333
2025-01-06 11:00:00+00:00,43.525199233333325
2025-01-06 12:00:00+00:00,42.472311533333325
2025-01-06 13:00:00+00:00,41.08343283333333
2025-01-06 14:00:00+00:00,40.82807713333334
2025-01-06 15:00:00+00:00,42.356796933333335
2025-01-06 16:00:00+00:00,46.36614483333333
2025-01-06 17:00:00+00:00,49.86892763333334
2025-01-06 18:00:00+00:00,50.74018323333333
2025-01-06 19:00:00+00:00,47.00348003333333
2025-01-06 20:00:00+00:00,43.24236523333333
2025-01-06 21:00:00+00:00,42.49773473333333
2025-01-06 22:00:00+00:00,42.266728433333334
2025-01-06 23:00:00+00:00,36.96012116666667
2025-01-07 00:00:00+00:00,35.24542716666667
2025-01-07 01:00:00+00:00,33.93682556666667
2025-01-07 02:00:00+00:00,32.59355856666666
2025-01-07 03:00:00+00:00,32.645889366666665
2025-01-07 04:00:00+00:00,35.482819866666674
2025-01-07 05:00:00+00:00,41.06936496666667
2025-01-07 06:00:00+00:00,47.421292166666674
2025-01-07 07:00:00+00:00,51.07925466666667
2025-01-07 08:00:00+00:00,51.00340286666667
2025-01-07 09:00:00+00:00,48.93702426666667
2025-01-07 10:00:00+00:00,46.94394546666666
2025-01-07 11:00:00+00:00,46.35270976666667
2025-01-07 12:00:00+00:00,45.23154166666667
2025-01-07 13:00:00+00:00,44.95273846666666
2025-01-07 14:00:00+00:00,46.05900536666667
2025-01-07 15:00:00+00:00,48.60260886666667
2025-01-07 16:00:00+00:00,53.20893546666666
2025-01-07 17:00:00+00:00,57.01409256666666
2025-01-07 18:00:00+00:00,57.997154466666665
2025-01-07 19:00:00+00:00,55.219845466666655
2025-01-07 20:00:00+00:00,52.30540226666666
2025-01-07 21:00:00+00:00,52.47956166666667
2025-01-07 22:00:00+00:00,53.07002316666667
2025-01-07 23:00:00+00:00,50.70456111666667
2025-01-08 00:00:00+00:00,49.27430901666666
2025-01-08 01:00:00+00:00,47.965938916666666
2025-01-08 02:00:00+00:00,46.48615091666667
2025-01-08 03:00:00+00:00,46.141836016666666
2025-01-08 04:00:00+00:00,48.34488211666667
2025-01-08 05:00:00+00:00,53.13178861666667
2025-01-08 06:00:00+00:00,58.63774831666667
2025-01-08 07:00:00+00:00,61.41234481666667
2025-01-08 08:00:00+00:00,60.94121861666667
2025-01-08 09:00:00+00:00,58.76425611666666
2025-01-08 10:00:00+00:00,55.94580251666667
2025-01-08 11:00:00+00:00,53.83202961666667
2025-01-08 12:00:00+00:00,51.10530761666667
2025-01-08 13:00:00+00:00,48.30950921666666
2025-01-08 14:00:00+00:00,46.97014771666667
2025-01-08 15:00:00+00:00,46.959385616666665
2025-01-08 16:00:00+00:00,49.60760491666667
2025-01-08 17:00:00+00:00,52.21657401666667
2025-01-08 18:00:00+00:00,52.856460616666666
2025-01-08 19:00:00+00:00,49.61471161666667
2025-01-08 20:00:00+00:00,46.28466751666667
2025-01-08 21:00:00+00:00,46.215578416666666
2025-01-08 22:00:00+00:00,46.50699231666667
2025-01-08 23:00:00+00:00,42.515994066666664
2025-01-09 00:00:00+00:00,40.42843346666667
2025-01-09 01:00:00+00:00,38.61873976666667
2025-01-09 02:00:00+00:00,36.46510856666667
2025-01-09 03:00:00+00:00,35.73619356666667
2025-01-09 04:00:00+00:00,37.55334486666667
2025-01-09 05:00:00+00:00,42.00612846666667
2025-01-09 06:00:00+00:00,47.322631566666665
2025-01-09 07:00:00+00:00,49.98183776666667
2025-01-09 08:00:00+00:00,49.71471006666667
2025-01-09 09:00:00+00:00,48.91046776666667
2025-01-09 10:00:00+00:00,48.74204416666667
2025-01-09 11:00:00+00:00,49.12224126666667
2025-01-09 12:00:00+00:00,48.17442196666666
2025-01-09 13:00:00+00:00,47.68327386666666
2025-01-09 14:00:00+00:00,48.23138816666667
2025-01-09 15:00:00+00:00,50.007613066666664
2025-01-09 16:00:00+00:00,54.54001636666666
2025-01-09 17:00:00+00:00,58.788037966666664
2025-01-09 18:00:00+00:00,59.86705296666668
2025-01-09 19:00:00+00:00,56.48940376666666
2025-01-09 20:00:00+00:00,53.643763366666676
2025-01-09 21:00:00+00:00,53.75959206666667
2025-01-09 22:00:00+00:00,54.301764266666666
2025-01-09 23:00:00+00:00,51.528953466666664
2025-01-10 00:00:00+00:00,50.03370316666667
2025-01-10 01:00:00+00:00,48.341828766666666
2025-01-10 02:00:00+00:00,46.243158066666666
2025-01-10 03:00:00+00:00,45.514586466666664
2025-01-10 04:00:00+00:00,47.57249366666667
2025-01-10 05:00:00+00:00,52.33142866666667
2025-01-10 06:00:00+00:00,57.86358506666666
2025-01-10 07:00:00+00:00,60.59472376666666
2025-01-10 08:00:00+00:00,60.00771146666666
2025-01-10 09:00:00+00:00,58.33742586666667
2025-01-10 10:00:00+00:00,57.17815636666666
2025-01-10 11:00:00+00:00,56.74420756666666
2025-01-10 12:00:00+00:00,55.31044366666667
2025-01-10 13:00:00+00:00,54.536775066666664
2025-01-10 14:00:00+00:00,54.37797506666667
2025-01-10 15:00:00+00:00,54.922704166666676
2025-01-10 16:00:00+00:00,58.16066016666667
2025-01-10 17:00:00+00:00,61.37256216666667
2025-01-10 18:00:00+00:00,61.63411456666667
2025-01-10 19:00:00+00:00,57.87803876666667
2025-01-10 20:00:00+00:00,55.336775466666666
2025-01-10 21:00:00+00:00,55.60201386666667
2025-01-10 22:00:00+00:00,55.843398166666674
2025-01-10 23:00:00+00:00,53.968680600000006
2025-01-11 00:00:00+00:00,52.065017399999995
2025-01-11 01:00:00+00:00,49.864879099999996
2025-01-11 02:00:00+00:00,47.2589653
2025-01-11 03:00:00+00:00,46.0435353
2025-01-11 04:00:00+00:00,46.689046899999994
2025-01-11 05:00:00+00:00,48.583592599999996
2025-01-11 06:00:00+00:00,50.8173426
2025-01-11 07:00:00+00:00,52.7864807
2025-01-11 08:00:00+00:00,54.0989534
2025-01-11 09:00:00+00:00,54.249688500000005
2025-01-11 10:00:00+00:00,53.3678733
2025-01-11 11:00:00+00:00,53.22162779999999
2025-01-11 12:00:00+00:00,51.51204729999999
2025-01-11 13:00:00+00:00,49.9671496
2025-01-11 14:00:00+00:00,49.8600713
2025-01-11 15:00:00+00:00,51.084566699999996
2025-01-11 16:00:00+00:00,54.8407203
2025-01-11 17:00:00+00:00,58.2831798
2025-01-11 18:00:00+00:00,59.059916
2025-01-11 19:00:00+00:00,56.0940003
2025-01-11 20:00:00+00:00,54.0192221
2025-01-11 21:00:00+00:00,54.9077017
2025-01-11 22:00:00+00:00,55.5006831
2025-01-11 23:00:00+00:00,53.987900266666664
2025-01-12 00:00:00+00:00,52.35232416666667
2025-01-12 01:00:00+00:00,50.58914536666667
2025-01-12 02:00:00+00:00,48.29220076666667
2025-01-12 03:00:00+00:00,47.07860956666667
2025-01-12 04:00:00+00:00,47.72914156666667
2025-01-12 05:00:00+00:00,49.156394266666666
2025-01-12 06:00:00+00:00,50.784685366666665
2025-01-12 07:00:00+00:00,51.87664086666667
2025-01-12 08:00:00+00:00,52.57371906666667
2025-01-12 09:00:00+00:00,52.413336466666664
2025-01-12 10:00:00+00:00,51.478682766666665
2025-01-12 11:00:00+00:00,51.39827736666666
2025-01-12 12:00:00+00:00,49.12914856666667
2025-01-12 13:00:00+00:00,47.06098016666667
2025-01-12 14:00:00+00:00,47.35378506666666
2025-01-12 15:00:00+00:00,49.30380206666667
2025-01-12 16:00:00+00:00,53.42487386666667
2025-01-12 17:00:00+00:00,57.868113466666664
2025-01-12 18:00:00+00:00,59.872380666666665
2025-01-12 19:00:00+00:00,57.43024026666667
2025-01-12 20:00:00+00:00,55.55428086666666
2025-01-12 21:00:00+00:00,56.00913226666666
2025-01-12 22:00:00+00:00,56.26144286666667
2025-01-12 23:00:00+00:00,53.8897583
2025-01-13 00:00:00+00:00,52.5060232
2025-01-13 01:00:00+00:00,51.3105084
2025-01-13 02:00:00+00:00,49.6493729
2025-01-13 03:00:00+00:00,49.3346087
2025-01-13 04:00:00+00:00,52.2630996
2025-01-13 05:00:00+00:00,57.8391362
2025-01-13 06:00:00+00:00,63.8716574
2025-01-13 07:00:00+00:00,66.6631829
2025-01-13 08:00:00+00:00,65.8070873
2025-01-13 09:00:00+00:00,63.4226164
2025-01-13 10:00:00+00:00,61.5110476
2025-01-13 11:00:00+00:00,59.93983779999999
2025-01-13 12:00:00+00:00,57.751358399999994
2025-01-13 13:00:00+00:00,57.00348199999999
2025-01-13 14:00:00+00:00,57.731128
2025-01-13 15:00:00+00:00,59.81242859999999
2025-01-13 16:00:00+00:00,63.7884463
2025-01-13 17:00:00+00:00,68.0093298
2025-01-13 18:00:00+00:00,69.5240296
2025-01-13 19:00:00+00:00,65.91576900000001
2025-01-13 20:00:00+00:00,62.9085181
2025-01-13 21:00:00+00:00,63.1498134
2025-01-13 22:00:00+00:00,63.144826800000004
2025-01-13 23:00:00+00:00,60.585365633333325
2025-01-14 00:00:00+00:00,59.16084213333333
2025-01-14 01:00:00+00:00,58.01056083333333
2025-01-14 02:00:00+00:00,56.36346713333334
2025-01-14 03:00:00+00:00,55.79726453333333
2025-01-14 04:00:00+00:00,58.42412133333333
2025-01-14 05:00:00+00:00,63.90851413333333
2025-01-14 06:00:00+00:00,69.69886873333334
2025-01-14 07:00:00+00:00,71.99201623333333
2025-01-14 08:00:00+00:00,70.43668883333333
2025-01-14 09:00:00+00:00,67.31352673333333
2025-01-14 10:00:00+00:00,64.34278553333333
2025-01-14 11:00:00+00:00,61.94576523333333
2025-01-14 12:00:00+00:00,59.189376333333335
2025-01-14 13:00:00+00:00,58.223137433333335
2025-01-14 14:00:00+00:00,58.643812233333335
2025-01-14 15:00:00+00:00,60.57922103333333
2025-01-14 16:00:00+00:00,64.64850133333333
2025-01-14 17:00:00+00:00,68.82259443333334
2025-01-14 18:00:00+00:00,69.94456493333333
2025-01-14 19:00:00+00:00,66.15799603333333
2025-01-14 20:00:00+00:00,62.788954833333335
2025-01-14 21:00:00+00:00,62.631945233333326
2025-01-14 22:00:00+00:00,62.18717123333333
2025-01-14 23:00:00+00:00,60.337152683333336
2025-01-15 00:00:00+00:00,58.69450068333333
2025-01-15 01:00:00+00:00,57.19619998333334
2025-01-15 02:00:00+00:00,55.25558008333333
2025-01-15 03:00:00+00:00,54.49663528333333
2025-01-15 04:00:00+00:00,56.91418638333333
2025-01-15 05:00:00+00:00,61.901297983333336
2025-01-15 06:00:00+00:00,67.15456098333333
2025-01-15 07:00:00+00:00,69.70866628333333
2025-01-15 08:00:00+00:00,69.06755788333334
2025-01-15 09:00:00+00:00,66.76814338333332
2025-01-15 10:00:00+00:00,64.56928638333332
2025-01-15 11:00:00+00:00,63.00950888333334
2025-01-15 12:00:00+00:00,60.60929638333333
2025-01-15 13:00:00+00:00,59.460571683333335
2025-01-15 14:00:00+00:00,59.63017928333334
2025-01-15 15:00:00+00:00,60.96721558333333
2025-01-15 16:00:00+00:00,64.21782738333334
2025-01-15 17:00:00+00:00,67.91908788333333
2025-01-15 18:00:00+00:00,68.73149608333333
2025-01-15 19:00:00+00:00,64.54044598333333
2025-01-15 20:00:00+00:00,60.97073268333334
2025-01-15 21:00:00+00:00,60.67137918333333
2025-01-15 22:00:00+00:00,60.32433448333333
2025-01-15 23:00:00+00:00,59.85966271666666
2025-01-16 00:00:00+00:00,58.33977471666667
2025-01-16 01:00:00+00:00,56.67909051666667
2025-01-16 02:00:00+00:00,54.61228991666667
2025-01-16 03:00:00+00:00,53.60418381666667
2025-01-16 04:00:00+00:00,55.79162921666667
2025-01-16 05:00:00+00:00,60.60949641666666
2025-01-16 06:00:00+00:00,65.95745711666667
2025-01-16 07:00:00+00:00,68.62770951666667
2025-01-16 08:00:00+00:00,68.23696871666667
2025-01-16 09:00:00+00:00,66.49239401666667
2025-01-16 10:00:00+00:00,64.70827321666667
2025-01-16 11:00:00+00:00,63.06516311666667
2025-01-16 12:00:00+00:00,60.497251616666674
2025-01-16 13:00:00+00:00,59.75516361666667
2025-01-16 14:00:00+00:00,59.741857916666675
2025-01-16 15:00:00+00:00,61.43218911666666
2025-01-16 16:00:00+00:00,65.55056891666666
2025-01-16 17:00:00+00:00,70.04469831666667
2025-01-16 18:00:00+00:00,71.02848881666668
2025-01-16 19:00:00+00:00,67.31655661666667
2025-01-16 20:00:00+00:00,63.87103871666667
2025-01-16 21:00:00+00:00,63.84465521666667
2025-01-16 22:00:00+00:00,64.14094381666666
2025-01-16 23:00:00+00:00,59.34504079999999
2025-01-17 00:00:00+00:00,58.077875500000005
2025-01-17 01:00:00+00:00,56.7653818
2025-01-17 02:00:00+00:00,55.0593622
2025-01-17 03:00:00+00:00,54.6244847
2025-01-17 04:00:00+00:00,57.4297977
2025-01-17 05:00:00+00:00,62.728958500000005
2025-01-17 06:00:00+00:00,68.55756120000001
2025-01-17 07:00:00+00:00,71.347274
2025-01-17 08:00:00+00:00,70.37844480000001
2025-01-17 09:00:00+00:00,66.945367
2025-01-17 10:00:00+00:00,63.68019070000001
2025-01-17 11:00:00+00:00,61.399719000000005
2025-01-17 12:00:00+00:00,58.238382800000004
2025-01-17 13:00:00+00:00,56.444163399999994
2025-01-17 14:00:00+00:00,56.1973724
2025-01-17 15:00:00+00:00,58.2977551
2025-01-17 16:00:00+00:00,63.503105500000004
2025-01-17 17:00:00+00:00,67.9800724
2025-01-17 18:00:00+00:00,68.4361036
2025-01-17 19:00:00+00:00,64.88044719999999
2025-01-17 20:00:00+00:00,61.8392447
2025-01-17 21:00:00+00:00,62.075167900000004
2025-01-17 22:00:00+00:00,62.3722127
2025-01-17 23:00:00+00:00,63.24781423333333
2025-01-18 00:00:00+00:00,61.64125873333333
2025-01-18 01:00:00+00:00,59.67395523333333
2025-01-18 02:00:00+00:00,57.38051203333333
2025-01-18 03:00:00+00:00,56.19139993333333
2025-01-18 04:00:00+00:00,57.42785383333333
2025-01-18 05:00:00+00:00,59.865309333333336
2025-01-18 06:00:00+00:00,62.40077483333333
2025-01-18 07:00:00+00:00,64.63340063333334
2025-01-18 08:00:00+00:00,65.17086563333334
2025-01-18 09:00:00+00:00,63.39734853333333
2025-01-18 10:00:00+00:00,61.34108083333333
2025-01-18 11:00:00+00:00,60.29439563333334
2025-01-18 12:00:00+00:00,57.53329913333333
2025-01-18 13:00:00+00:00,55.078403533333336
2025-01-18 14:00:00+00:00,54.427133233333336
2025-01-18 15:00:00+00:00,56.353364033333335
2025-01-18 16:00:00+00:00,61.57354503333334
2025-01-18 17:00:00+00:00,66.55926253333334
2025-01-18 18:00:00+00:00,67.58288803333333
2025-01-18 19:00:00+00:00,64.83426633333333
2025-01-18 20:00:00+00:00,62.687652233333324
2025-01-18 21:00:00+00:00,63.66515223333334
2025-01-18 22:00:00+00:00,64.47084363333333
2025-01-18 23:00:00+00:00,62.273345383333336
2025-01-19 00:00:00+00:00,61.14140028333333
2025-01-19 01:00:00+00:00,59.13640328333334
2025-01-19 02:00:00+00:00,56.94825408333333
2025-01-19 03:00:00+00:00,55.67948178333334
2025-01-19 04:00:00+00:00,56.56455278333333
2025-01-19 05:00:00+00:00,58.22015208333333
2025-01-19 06:00:00+00:00,59.83444678333333
2025-01-19 07:00:00+00:00,61.10868928333333
2025-01-19 08:00:00+00:00,61.83358418333334
2025-01-19 09:00:00+00:00,61.267181283333336
2025-01-19 10:00:00+00:00,60.24180108333334
2025-01-19 11:00:00+00:00,59.46600798333334
2025-01-19 12:00:00+00:00,56.74217108333333
2025-01-19 13:00:00+00:00,54.26792698333334
2025-01-19 14:00:00+00:00,53.33592388333334
2025-01-19 15:00:00+00:00,54.99332848333333
2025-01-19 16:00:00+00:00,60.237082683333334
2025-01-19 17:00:00+00:00,65.64906798333332
2025-01-19 18:00:00+00:00,67.23280808333332
2025-01-19 19:00:00+00:00,64.81638988333333
2025-01-19 20:00:00+00:00,62.56406508333333
2025-01-19 21:00:00+00:00,63.02728738333334
2025-01-19 22:00:00+00:00,63.16653948333334
2025-01-19 23:00:00+00:00,60.77565118333333
2025-01-20 00:00:00+00:00,59.59719858333333
2025-01-20 01:00:00+00:00,57.96099018333334
2025-01-20 02:00:00+00:00,56.15920078333333
2025-01-20 03:00:00+00:00,55.72589738333333
2025-01-20 04:00:00+00:00,58.67686768333333
2025-01-20 05:00:00+00:00,64.34443728333333
2025-01-20 06:00:00+00:00,70.41667558333333
2025-01-20 07:00:00+00:00,73.49116648333334
2025-01-20 08:00:00+00:00,72.80104718333334
2025-01-20 09:00:00+00:00,69.98195468333333
2025-01-20 10:00:00+00:00,67.54285548333334
2025-01-20 11:00:00+00:00,66.15762888333335
2025-01-20 12:00:00+00:00,63.87543858333333
2025-01-20 13:00:00+00:00,62.15308328333333
2025-01-20 14:00:00+00:00,61.369122383333334
2025-01-20 15:00:00+00:00,62.27701818333334
2025-01-20 16:00:00+00:00,66.82319208333334
2025-01-20 17:00:00+00:00,71.77473148333334
2025-01-20 18:00:00+00:00,72.42089648333334
2025-01-20 19:00:00+00:00,68.40818888333334
2025-01-20 20:00:00+00:00,64.83084218333333
2025-01-20 21:00:00+00:00,64.56280858333334
2025-01-20 22:00:00+00:00,64.35286868333334
2025-01-20 23:00:00+00:00,61.33070863333334
2025-01-21 00:00:00+00:00,60.03881273333334
2025-01-21 01:00:00+00:00,58.37038003333333
2025-01-21 02:00:00+00:00,56.47639713333333
2025-01-21 03:00:00+00:00,55.848072333333334
2025-01-21 04:00:00+00:00,58.34286913333334
2025-01-21 05:00:00+00:00,63.44777563333333
2025-01-21 06:00:00+00:00,68.96371373333334
2025-01-21 07:00:00+00:00,71.34925803333333
2025-01-21 08:00:00+00:00,69.65407723333334
2025-01-21 09:00:00+00:00,65.79421173333334
2025-01-21 10:00:00+00:00,62.98211023333333
2025-01-21 11:00:00+00:00,61.71558553333333
2025-01-21 12:00:00+00:00,59.62438723333334
2025-01-21 13:00:00+00:00,58.05473413333333
2025-01-21 14:00:00+00:00,57.29243483333334
2025-01-21 15:00:00+00:00,57.82108053333333
2025-01-21 16:00:00+00:00,61.58622213333333
2025-01-21 17:00:00+00:00,65.64136843333333
2025-01-21 18:00:00+00:00,65.36422643333333
2025-01-21 19:00:00+00:00,61.032044533333334
2025-01-21 20:00:00+00:00,57.497322933333336
2025-01-21 21:00:00+00:00,57.36324473333333
2025-01-21 22:00:00+00:00,57.332188833333326
2025-01-21 23:00:00+00:00,56.64392521666667
2025-01-22 00:00:00+00:00,55.31038251666667
2025-01-22 01:00:00+00:00,53.541666316666664
2025-01-22 02:00:00+00:00,51.66800211666667
2025-01-22 03:00:00+00:00,51.178029116666664
2025-01-22 04:00:00+00:00,53.807410716666666
2025-01-22 05:00:00+00:00,58.89218901666666
2025-01-22 06:00:00+00:00,64.32116591666667
2025-01-22 07:00:00+00:00,67.39956071666666
2025-01-22 08:00:00+00:00,66.99440651666666
2025-01-22 09:00:00+00:00,64.86552881666667
2025-01-22 10:00:00+00:00,63.393821016666664
2025-01-22 11:00:00+00:00,62.82767731666666
2025-01-22 12:00:00+00:00,61.23388531666667
2025-01-22 13:00:00+00:00,59.54237031666667
2025-01-22 14:00:00+00:00,57.95939141666667
2025-01-22 15:00:00+00:00,57.72944501666667
2025-01-22 16:00:00+00:00,60.84569511666667
2025-01-22 17:00:00+00:00,64.83491911666667
2025-01-22 18:00:00+00:00,64.69422731666667
2025-01-22 19:00:00+00:00,59.900555116666666
2025-01-22 20:00:00+00:00,55.61759781666667
2025-01-22 21:00:00+00:00,54.79042511666667
2025-01-22 22:00:00+00:00,54.86073561666666
2025-01-22 23:00:00+00:00,53.83764288333333
2025-01-23 00:00:00+00:00,52.14799308333333
2025-01-23 01:00:00+00:00,51.09347088333334
2025-01-23 02:00:00+00:00,49.45294328333333
2025-01-23 03:00:00+00:00,49.16293218333333
2025-01-23 04:00:00+00:00,51.657483383333336
2025-01-23 05:00:00+00:00,56.41529328333333
2025-01-23 06:00:00+00:00,62.03625688333334
2025-01-23 07:00:00+00:00,64.41069858333333
2025-01-23 08:00:00+00:00,63.678898283333325
2025-01-23 09:00:00+00:00,61.23619878333333
2025-01-23 10:00:00+00:00,58.18873808333333
2025-01-23 11:00:00+00:00,55.36352078333334
2025-01-23 12:00:00+00:00,51.32995078333333
2025-01-23 13:00:00+00:00,47.94995068333334
2025-01-23 14:00:00+00:00,46.54901838333333
2025-01-23 15:00:00+00:00,47.03686658333334
2025-01-23 16:00:00+00:00,50.471201983333344
2025-01-23 17:00:00+00:00,55.33354808333333
2025-01-23 18:00:00+00:00,56.084044383333335
2025-01-23 19:00:00+00:00,52.18490128333333
2025-01-23 20:00:00+00:00,49.03387598333333
2025-01-23 21:00:00+00:00,49.06121688333333
2025-01-23 22:00:00+00:00,49.295099883333336
2025-01-23 23:00:00+00:00,46.12703383333333
2025-01-24 00:00:00+00:00,44.10182663333333
2025-01-24 01:00:00+00:00,42.327746833333336
2025-01-24 02:00:00+00:00,39.87002543333334
2025-01-24 03:00:00+00:00,38.933487533333334
2025-01-24 04:00:00+00:00,40.94503003333334
2025-01-24 05:00:00+00:00,45.21709593333333
2025-01-24 06:00:00+00:00,50.34806523333333
2025-01-24 07:00:00+00:00,51.93689083333334
2025-01-24 08:00:00+00:00,50.77178163333333
2025-01-24 09:00:00+00:00,48.37090573333334
2025-01-24 10:00:00+00:00,46.19837633333333
2025-01-24 11:00:00+00:00,45.326500833333334
2025-01-24 12:00:00+00:00,43.45495393333333
2025-01-24 13:00:00+00:00,41.831562033333334
2025-01-24 14:00:00+00:00,41.604590333333334
2025-01-24 15:00:00+00:00,43.12701023333333
2025-01-24 16:00:00+00:00,47.15816223333333
2025-01-24 17:00:00+00:00,52.65748733333334
2025-01-24 18:00:00+00:00,53.99388703333334
2025-01-24 19:00:00+00:00,51.043861033333336
2025-01-24 20:00:00+00:00,48.788386233333334
2025-01-24 21:00:00+00:00,49.26611283333334
2025-01-24 22:00:00+00:00,49.931253733333335
2025-01-24 23:00:00+00:00,45.11575431666667
2025-01-25 00:00:00+00:00,41.97818591666667
2025-01-25 01:00:00+00:00,40.875345816666666
2025-01-25 02:00:00+00:00,38.447173316666664
2025-01-25 03:00:00+00:00,37.19078511666666
2025-01-25 04:00:00+00:00,38.40412261666667
2025-01-25 05:00:00+00:00,40.581484116666665
2025-01-25 06:00:00+00:00,43.37614761666667
2025-01-25 07:00:00+00:00,45.86211251666667
2025-01-25 08:00:00+00:00,48.00628291666667
2025-01-25 09:00:00+00:00,48.662945816666664
2025-01-25 10:00:00+00:00,49.257257116666665
2025-01-25 11:00:00+00:00,50.59448331666667
2025-01-25 12:00:00+00:00,49.95623281666666
2025-01-25 13:00:00+00:00,48.07444891666667
2025-01-25 14:00:00+00:00,47.31666711666667
2025-01-25 15:00:00+00:00,47.73832961666667
2025-01-25 16:00:00+00:00,50.87279521666667
2025-01-25 17:00:00+00:00,55.43536201666666
2025-01-25 18:00:00+00:00,56.011406916666665
2025-01-25 19:00:00+00:00,52.75404961666666
2025-01-25 20:00:00+00:00,50.47806191666667
2025-01-25 21:00:00+00:00,51.01402911666666
2025-01-25 22:00:00+00:00,51.63696551666666
2025-01-25 23:00:00+00:00,47.6984628
2025-01-26 00:00:00+00:00,45.3319282
2025-01-26 01:00:00+00:00,43.699241
2025-01-26 02:00:00+00:00,41.332356499999996
2025-01-26 03:00:00+00:00,39.9004683
2025-01-26 04:00:00+00:00,40.285044
2025-01-26 05:00:00+00:00,41.0106464
2025-01-26 06:00:00+00:00,41.7715848
2025-01-26 07:00:00+00:00,41.4166021
2025-01-26 08:00:00+00:00,40.6266923
2025-01-26 09:00:00+00:00,38.764178400000006
2025-01-26 10:00:00+00:00,37.439905100000004
2025-01-26 11:00:00+00:00,37.148543200000006
2025-01-26 12:00:00+00:00,35.26378510000001
2025-01-26 13:00:00+00:00,32.0967613
2025-01-26 14:00:00+00:00,30.3706861
2025-01-26 15:00:00+00:00,30.456749699999996
2025-01-26 16:00:00+00:00,33.1110502
2025-01-26 17:00:00+00:00,37.8435844
2025-01-26 18:00:00+00:00,39.274678900000005
2025-01-26 19:00:00+00:00,36.7142816
2025-01-26 20:00:00+00:00,34.7489598
2025-01-26 21:00:00+00:00,35.2905564
2025-01-26 22:00:00+00:00,35.1815053
2025-01-26 23:00:00+00:00,31.61275308333333
2025-01-27 00:00:00+00:00,29.77816978333334
2025-01-27 01:00:00+00:00,28.178620183333337
2025-01-27 02:00:00+00:00,26.303939983333336
2025-01-27 03:00:00+00:00,26.074212383333336
2025-01-27 04:00:00+00:00,29.031425583333334
2025-01-27 05:00:00+00:00,34.615189083333334
2025-01-27 06:00:00+00:00,40.42639198333333
2025-01-27 07:00:00+00:00,43.13097818333333
2025-01-27 08:00:00+00:00,43.46582098333333
2025-01-27 09:00:00+00:00,42.26971648333334
2025-01-27 10:00:00+00:00,41.24811928333333
2025-01-27 11:00:00+00:00,40.31802818333333
2025-01-27 12:00:00+00:00,39.028303883333336
2025-01-27 13:00:00+00:00,37.18422758333334
2025-01-27 14:00:00+00:00,36.59377668333333
2025-01-27 15:00:00+00:00,37.27918808333334
2025-01-27 16:00:00+00:00,40.11655938333334
2025-01-27 17:00:00+00:00,45.04670588333334
2025-01-27 18:00:00+00:00,45.79375888333334
2025-01-27 19:00:00+00:00,41.54493018333334
2025-01-27 20:00:00+00:00,37.91753478333334
2025-01-27 21:00:00+00:00,37.68882618333333
2025-01-27 22:00:00+00:00,37.47090058333333
2025-01-27 23:00:00+00:00,35.59733335000001
2025-01-28 00:00:00+00:00,33.66821405
2025-01-28 01:00:00+00:00,31.978510450000005
2025-01-28 02:00:00+00:00,29.920776249999996
2025-01-28 03:00:00+00:00,29.26883935
2025-01-28 04:00:00+00:00,31.629989650000002
2025-01-28 05:00:00+00:00,36.678631249999995
2025-01-28 06:00:00+00:00,42.126346749999996
2025-01-28 07:00:00+00:00,44.47613265
2025-01-28 08:00:00+00:00,44.18324395
2025-01-28 09:00:00+00:00,42.03943755
2025-01-28 10:00:00+00:00,40.64826335000001
2025-01-28 11:00:00+00:00,39.773129850000004
2025-01-28 12:00:00+00:00,38.59398845
2025-01-28 13:00:00+00:00,36.96690495000001
2025-01-28 14:00:00+00:00,36.618785849999995
2025-01-28 15:00:00+00:00,37.21901985
2025-01-28 16:00:00+00:00,40.151592750000006
2025-01-28 17:00:00+00:00,45.24092495000001
2025-01-28 18:00:00+00:00,46.212331850000005
2025-01-28 19:00:00+00:00,42.321569249999996
2025-01-28 20:00:00+00:00,38.926032250000006
2025-01-28 21:00:00+00:00,39.01267325
2025-01-28 22:00:00+00:00,39.13676945
2025-01-28 23:00:00+00:00,37.15240086666667
2025-01-29 00:00:00+00:00,35.55480166666667
2025-01-29 01:00:00+00:00,34.834788566666674
2025-01-29 02:00:00+00:00,33.89580596666667
2025-01-29 03:00:00+00:00,34.50267626666667
2025-01-29 04:00:00+00:00,37.904575666666666
2025-01-29 05:00:00+00:00,43.81967216666667
2025-01-29 06:00:00+00:00,49.65813106666667
2025-01-29 07:00:00+00:00,52.239201166666675
2025-01-29 08:00:00+00:00,51.96328136666666
2025-01-29 09:00:00+00:00,49.61913956666667
2025-01-29 10:00:00+00:00,48.310602066666675
2025-01-29 11:00:00+00:00,47.336231866666665
2025-01-29 12:00:00+00:00,46.221309166666664
2025-01-29 13:00:00+00:00,44.97509976666666
2025-01-29 14:00:00+00:00,45.18760556666666
2025-01-29 15:00:00+00:00,46.56697816666667
2025-01-29 16:00:00+00:00,50.14548146666667
2025-01-29 17:00:00+00:00,55.73260206666667
2025-01-29 18:00:00+00:00,56.88216686666667
2025-01-29 19:00:00+00:00,53.36379946666667
2025-01-29 20:00:00+00:00,50.40693786666667
2025-01-29 21:00:00+00:00,51.10121556666667
2025-01-29 22:00:00+00:00,51.36436456666666
2025-01-29 23:00:00+00:00,46.955063683333336
2025-01-30 00:00:00+00:00,45.68401688333333
2025-01-30 01:00:00+00:00,43.716075483333334
2025-01-30 02:00:00+00:00,41.95329058333333
2025-01-30 03:00:00+00:00,41.28766778333333
2025-01-30 04:00:00+00:00,43.79225928333334
2025-01-30 05:00:00+00:00,48.92861868333333
2025-01-30 06:00:00+00:00,54.233350083333335
2025-01-30 07:00:00+00:00,56.64498218333334
2025-01-30 08:00:00+00:00,56.28535888333334
2025-01-30 09:00:00+00:00,54.533201283333334
2025-01-30 10:00:00+00:00,53.516150383333326
2025-01-30 11:00:00+00:00,52.742057483333326
2025-01-30 12:00:00+00:00,51.48892138333334
2025-01-30 13:00:00+00:00,50.23531138333333
2025-01-30 14:00:00+00:00,50.27929988333334
2025-01-30 15:00:00+00:00,50.85616208333334
2025-01-30 16:00:00+00:00,53.84979128333334
2025-01-30 17:00:00+00:00,59.07514248333334
2025-01-30 18:00:00+00:00,60.06947078333334
2025-01-30 19:00:00+00:00,56.586209983333326
2025-01-30 20:00:00+00:00,53.400842983333334
2025-01-30 21:00:00+00:00,54.10392878333334
2025-01-30 22:00:00+00:00,54.59653528333334
2025-01-30 23:00:00+00:00,51.7544977
2025-01-31 00:00:00+00:00,50.523879199999996
2025-01-31 01:00:00+00:00,48.8519294
2025-01-31 02:00:00+00:00,47.0631743
2025-01-31 03:00:00+00:00,46.3040575
2025-01-31 04:00:00+00:00,48.5498825
2025-01-31 05:00:00+00:00,53.616890299999994
2025-01-31 06:00:00+00:00,58.61478509999999
2025-01-31 07:00:00+00:00,60.629197000000005
2025-01-31 08:00:00+00:00,59.65563590000001
2025-01-31 09:00:00+00:00,56.9958656
2025-01-31 10:00:00+00:00,55.0350725
2025-01-31 11:00:00+00:00,53.7342402
2025-01-31 12:00:00+00:00,51.844483600000004
2025-01-31 13:00:00+00:00,50.3371478
2025-01-31 14:00:00+00:00,50.382183399999995
2025-01-31 15:00:00+00:00,50.9784572
2025-01-31 16:00:00+00:00,54.485610199999996
2025-01-31 17:00:00+00:00,59.738812900000006
2025-01-31 18:00:00+00:00,60.51363769999999
2025-01-31 19:00:00+00:00,57.20678290000001
2025-01-31 20:00:00+00:00,54.4499115
2025-01-31 21:00:00+00:00,55.3623441
2025-01-31 22:00:00+00:00,55.488293000000006
2025-01-31 23:00:00+00:00,53.966526083333335
2025-02-01 00:00:00+00:00,52.366872883333336
2025-02-01 01:00:00+00:00,50.03435688333333
2025-02-01 02:00:00+00:00,47.83641338333333
2025-02-01 03:00:00+00:00,46.589535983333334
2025-02-01 04:00:00+00:00,47.86437278333333
2025-02-01 05:00:00+00:00,50.421254383333334
2025-02-01 06:00:00+00:00,52.68495358333333
2025-02-01 07:00:00+00:00,54.112709083333336
2025-02-01 08:00:00+00:00,54.36966808333333
2025-02-01 09:00:00+00:00,53.00068708333333
2025-02-01 10:00:00+00:00,51.69366648333334
2025-02-01 11:00:00+00:00,51.40327738333334
2025-02-01 12:00:00+00:00,49.754540783333326
2025-02-01 13:00:00+00:00,47.88343638333334
2025-02-01 14:00:00+00:00,47.955293983333334
2025-02-01 15:00:00+00:00,48.80127928333333
2025-02-01 16:00:00+00:00,52.32632538333334
2025-02-01 17:00:00+00:00,57.30530848333333
2025-02-01 18:00:00+00:00,58.08221948333334
2025-02-01 19:00:00+00:00,55.18140368333333
2025-02-01 20:00:00+00:00,52.69411338333334
2025-02-01 21:00:00+00:00,54.227191383333334
2025-02-01 22:00:00+00:00,55.10950468333333
2025-02-01 23:00:00+00:00,52.46629706666667
2025-02-02 00:00:00+00:00,51.498930666666666
2025-02-02 01:00:00+00:00,49.91072496666666
2025-02-02 02:00:00+00:00,48.111089066666665
2025-02-02 03:00:00+00:00,47.20339026666666
2025-02-02 04:00:00+00:00,48.22907546666667
2025-02-02 05:00:00+00:00,50.36762866666667
2025-02-02 06:00:00+00:00,51.86073546666667
2025-02-02 07:00:00+00:00,52.362520866666664
2025-02-02 08:00:00+00:00,52.506279666666664
2025-02-02 09:00:00+00:00,51.514739866666666
2025-02-02 10:00:00+00:00,50.504556866666675
2025-02-02 11:00:00+00:00,50.212825566666666
2025-02-02 12:00:00+00:00,47.669451466666665
2025-02-02 13:00:00+00:00,44.99144226666667
2025-02-02 14:00:00+00:00,44.66152556666667
2025-02-02 15:00:00+00:00,46.23548376666667
2025-02-02 16:00:00+00:00,50.82662346666667
2025-02-02 17:00:00+00:00,57.21668416666666
2025-02-02 18:00:00+00:00,59.448642666666665
2025-02-02 19:00:00+00:00,57.51520586666666
2025-02-02 20:00:00+00:00,55.43465006666666
2025-02-02 21:00:00+00:00,56.37447346666667
2025-02-02 22:00:00+00:00,56.69494626666667
2025-02-02 23:00:00+00:00,54.32558231666667
2025-02-03 00:00:00+00:00,53.25245031666667
2025-02-03 01:00:00+00:00,51.63047531666667
2025-02-03 02:00:00+00:00,50.07800611666667
2025-02-03 03:00:00+00:00,49.724774116666666
2025-02-03 04:00:00+00:00,52.792978616666666
2025-02-03 05:00:00+00:00,58.77271681666666
2025-02-03 06:00:00+00:00,64.44681321666667
2025-02-03 07:00:00+00:00,66.52702511666668
2025-02-03 08:00:00+00:00,65.13530181666667
2025-02-03 09:00:00+00:00,60.92056011666667
2025-02-03 10:00:00+00:00,58.29215481666667
2025-02-03 11:00:00+00:00,56.54042431666666
2025-02-03 12:00:00+00:00,53.97208021666667
2025-02-03 13:00:00+00:00,53.090481616666665
2025-02-03 14:00:00+00:00,51.79947101666666
2025-02-03 15:00:00+00:00,53.44268341666667
2025-02-03 16:00:00+00:00,57.90874541666667
2025-02-03 17:00:00+00:00,64.33655341666666
2025-02-03 18:00:00+00:00,65.84572811666666
2025-02-03 19:00:00+00:00,62.26381621666666
2025-02-03 20:00:00+00:00,58.81192621666667
2025-02-03 21:00:00+00:00,59.11746531666666
2025-02-03 22:00:00+00:00,59.068235216666665
2025-02-03 23:00:00+00:00,55.68411675
2025-02-04 00:00:00+00:00,54.31245545
2025-02-04 01:00:00+00:00,52.83747665
2025-02-04 02:00:00+00:00,51.117605149999996
2025-02-04 03:00:00+00:00,50.55593725
2025-02-04 04:00:00+00:00,53.24017135
2025-02-04 05:00:00+00:00,58.91425095
2025-02-04 06:00:00+00:00,64.26722104999999
2025-02-04 07:00:00+00:00,65.79392995
2025-02-04 08:00:00+00:00,63.773091750000006
2025-02-04 09:00:00+00:00,58.91376905
2025-02-04 10:00:00+00:00,55.57234405
2025-02-04 11:00:00+00:00,53.34086345
2025-02-04 12:00:00+00:00,50.578751049999994
2025-02-04 13:00:00+00:00,49.68440185
2025-02-04 14:00:00+00:00,48.42751475
2025-02-04 15:00:00+00:00,50.039640250000005
2025-02-04 16:00:00+00:00,54.54813295000001
2025-02-04 17:00:00+00:00,60.78994765
2025-02-04 18:00:00+00:00,62.08892405
2025-02-04 19:00:00+00:00,58.71418725000001
2025-02-04 20:00:00+00:00,55.42898375
2025-02-04 21:00:00+00:00,56.04874985
2025-02-04 22:00:00+00:00,56.12714415000001
2025-02-04 23:00:00+00:00,55.15828783333334
2025-02-05 00:00:00+00:00,54.23097563333333
2025-02-05 01:00:00+00:00,53.08086063333334
2025-02-05 02:00:00+00:00,51.67791513333333
2025-02-05 03:00:00+00:00,51.36051573333333
2025-02-05 04:00:00+00:00,54.100179233333336
2025-02-05 05:00:00+00:00,59.58544193333334
2025-02-05 06:00:00+00:00,64.80542023333334
2025-02-05 07:00:00+00:00,66.81539063333334
2025-02-05 08:00:00+00:00,65.54953283333333
2025-02-05 09:00:00+00:00,61.40761453333333
2025-02-05 10:00:00+00:00,59.026758733333324
2025-02-05 11:00:00+00:00,57.82831543333333
2025-02-05 12:00:00+00:00,55.56917263333333
2025-02-05 13:00:00+00:00,55.16658353333334
2025-02-05 14:00:00+00:00,54.05013473333333
2025-02-05 15:00:00+00:00,55.70231163333334
2025-02-05 16:00:00+00:00,59.50650603333333
2025-02-05 17:00:00+00:00,65.12555463333334
2025-02-05 18:00:00+00:00,65.87111403333333
2025-02-05 19:00:00+00:00,62.00136073333333
2025-02-05 20:00:00+00:00,58.37353683333333
2025-02-05 21:00:00+00:00,58.41719003333333
2025-02-05 22:00:00+00:00,58.24921313333333
2025-02-05 23:00:00+00:00,54.4868187
2025-02-06 00:00:00+00:00,52.8357783
2025-02-06 01:00:00+00:00,50.929910500000005
2025-02-06 02:00:00+00:00,48.9100989
2025-02-06 03:00:00+00:00,48.0798858
2025-02-06 04:00:00+00:00,50.1410986
2025-02-06 05:00:00+00:00,55.057552799999996
2025-02-06 06:00:00+00:00,60.383122300000004
2025-02-06 07:00:00+00:00,62.0511794
2025-02-06 08:00:00+00:00,61.1408162
2025-02-06 09:00:00+00:00,57.434682200000005
2025-02-06 10:00:00+00:00,55.3325225
2025-02-06 11:00:00+00:00,53.48795720000001
2025-02-06 12:00:00+00:00,50.3519264
2025-02-06 13:00:00+00:00,49.3961644
2025-02-06 14:00:00+00:00,47.57844340000001
2025-02-06 15:00:00+00:00,48.6849031
2025-02-06 16:00:00+00:00,52.461728900000004
2025-02-06 17:00:00+00:00,58.368041500000004
2025-02-06 18:00:00+00:00,59.1886868
2025-02-06 19:00:00+00:00,55.2767616
2025-02-06 20:00:00+00:00,52.030554800000004
2025-02-06 21:00:00+00:00,52.329272
2025-02-06 22:00:00+00:00,53.1143816
2025-02-06 23:00:00+00:00,49.26402723333334
2025-02-07 00:00:00+00:00,48.400520433333334
2025-02-07 01:00:00+00:00,47.087737833333335
2025-02-07 02:00:00+00:00,45.53962523333334
2025-02-07 03:00:00+00:00,45.09888993333334
2025-02-07 04:00:00+00:00,47.533835233333335
2025-02-07 05:00:00+00:00,52.49824963333333
2025-02-07 06:00:00+00:00,58.12981823333334
2025-02-07 07:00:00+00:00,60.27276823333333
2025-02-07 08:00:00+00:00,60.575584333333325
2025-02-07 09:00:00+00:00,58.34600753333333
2025-02-07 10:00:00+00:00,57.888232933333335
2025-02-07 11:00:00+00:00,56.87577053333334
2025-02-07 12:00:00+00:00,54.70596043333333
2025-02-07 13:00:00+00:00,54.155135733333324
2025-02-07 14:00:00+00:00,53.71058213333335
2025-02-07 15:00:00+00:00,54.13531803333334
2025-02-07 16:00:00+00:00,56.673498933333335
2025-02-07 17:00:00+00:00,61.72464793333334
2025-02-07 18:00:00+00:00,61.865315833333334
2025-02-07 19:00:00+00:00,57.68839303333333
2025-02-07 20:00:00+00:00,54.43728483333333
2025-02-07 21:00:00+00:00,54.49220043333334
2025-02-07 22:00:00+00:00,54.677883933333334
2025-02-07 23:00:00+00:00,50.651330183333336
2025-02-08 00:00:00+00:00,49.29793598333333
2025-02-08 01:00:00+00:00,47.36992368333333
2025-02-08 02:00:00+00:00,45.433816883333336
2025-02-08 03:00:00+00:00,44.64686718333334
2025-02-08 04:00:00+00:00,45.820557183333335
2025-02-08 05:00:00+00:00,48.113233083333334
2025-02-08 06:00:00+00:00,50.671470183333334
2025-02-08 07:00:00+00:00,51.99158258333333
2025-02-08 08:00:00+00:00,53.59796138333334
2025-02-08 09:00:00+00:00,53.499377583333334
2025-02-08 10:00:00+00:00,53.680696583333344
2025-02-08 11:00:00+00:00,53.384825883333335
2025-02-08 12:00:00+00:00,51.15666618333334
2025-02-08 13:00:00+00:00,49.47812998333333
2025-02-08 14:00:00+00:00,48.82223148333334
2025-02-08 15:00:00+00:00,49.70702668333333
2025-02-08 16:00:00+00:00,53.32786488333333
2025-02-08 17:00:00+00:00,59.477739183333334
2025-02-08 18:00:00+00:00,60.82312468333333
2025-02-08 19:00:00+00:00,57.787844183333334
2025-02-08 20:00:00+00:00,55.62495508333333
2025-02-08 21:00:00+00:00,56.44552408333334
2025-02-08 22:00:00+00:00,57.605600483333326
2025-02-08 23:00:00+00:00,54.558515633333336
2025-02-09 00:00:00+00:00,53.539787833333335
2025-02-09 01:00:00+00:00,51.85357053333333
2025-02-09 02:00:00+00:00,49.69343383333333
2025-02-09 03:00:00+00:00,48.599308433333334
2025-02-09 04:00:00+00:00,49.591394433333335
2025-02-09 05:00:00+00:00,51.244595333333336
2025-02-09 06:00:00+00:00,53.036554933333335
2025-02-09 07:00:00+00:00,53.43835203333333
2025-02-09 08:00:00+00:00,54.47616743333333
2025-02-09 09:00:00+00:00,54.086026533333325
2025-02-09 10:00:00+00:00,53.92006583333334
2025-02-09 11:00:00+00:00,53.64968123333333
2025-02-09 12:00:00+00:00,51.409917433333334
2025-02-09 13:00:00+00:00,49.20572523333333
2025-02-09 14:00:00+00:00,48.43149303333333
2025-02-09 15:00:00+00:00,49.10234873333333
2025-02-09 16:00:00+00:00,52.328752533333336
2025-02-09 17:00:00+00:00,58.89031843333334
2025-02-09 18:00:00+00:00,61.034873833333336
2025-02-09 19:00:00+00:00,58.367652533333334
2025-02-09 20:00:00+00:00,56.11565853333334
2025-02-09 21:00:00+00:00,56.60770453333334
2025-02-09 22:00:00+00:00,56.89268693333334
2025-02-09 23:00:00+00:00,59.164239683333335
2025-02-10 00:00:00+00:00,57.85938278333333
2025-02-10 01:00:00+00:00,56.42396188333333
2025-02-10 02:00:00+00:00,54.50810848333333
2025-02-10 03:00:00+00:00,53.99838758333333
2025-02-10 04:00:00+00:00,56.480713383333324
2025-02-10 05:00:00+00:00,61.22478358333334
2025-02-10 06:00:00+00:00,66.50627318333333
2025-02-10 07:00:00+00:00,68.35642268333334
2025-02-10 08:00:00+00:00,68.64247558333334
2025-02-10 09:00:00+00:00,66.91163908333334
2025-02-10 10:00:00+00:00,65.60348218333333
2025-02-10 11:00:00+00:00,63.913279583333335
2025-02-10 12:00:00+00:00,61.23847528333333
2025-02-10 13:00:00+00:00,58.40672288333333
2025-02-10 14:00:00+00:00,56.75646078333334
2025-02-10 15:00:00+00:00,56.13066848333333
2025-02-10 16:00:00+00:00,58.83281908333333
2025-02-10 17:00:00+00:00,65.24731168333334
2025-02-10 18:00:00+00:00,66.93061748333334
2025-02-10 19:00:00+00:00,63.30475318333334
2025-02-10 20:00:00+00:00,60.48026278333333
2025-02-10 21:00:00+00:00,60.91726678333333
2025-02-10 22:00:00+00:00,61.11647308333333
2025-02-10 23:00:00+00:00,57.791569783333344
2025-02-11 00:00:00+00:00,56.820304883333336
2025-02-11 01:00:00+00:00,55.85098438333334
2025-02-11 02:00:00+00:00,54.36019528333334
2025-02-11 03:00:00+00:00,54.22457708333333
2025-02-11 04:00:00+00:00,56.95682528333333
2025-02-11 05:00:00+00:00,62.030276883333336
2025-02-11 06:00:00+00:00,67.67062888333334
2025-02-11 07:00:00+00:00,69.51956818333333
2025-02-11 08:00:00+00:00,69.58935638333332
2025-02-11 09:00:00+00:00,67.64908628333333
2025-02-11 10:00:00+00:00,66.04180908333333
2025-02-11 11:00:00+00:00,64.18727718333334
2025-02-11 12:00:00+00:00,61.60806368333333
2025-02-11 13:00:00+00:00,59.15911418333333
2025-02-11 14:00:00+00:00,58.087218283333335
2025-02-11 15:00:00+00:00,58.09393468333333
2025-02-11 16:00:00+00:00,61.23460808333334
2025-02-11 17:00:00+00:00,67.79084038333333
2025-02-11 18:00:00+00:00,69.44833468333334
2025-02-11 19:00:00+00:00,65.62870548333333
2025-02-11 20:00:00+00:00,62.41418848333333
2025-02-11 21:00:00+00:00,62.39850008333333
2025-02-11 22:00:00+00:00,61.817777883333335
2025-02-11 23:00:00+00:00,60.550139200000004
2025-02-12 00:00:00+00:00,59.23401080000001
2025-02-12 01:00:00+00:00,57.85079210000001
2025-02-12 02:00:00+00:00,55.9182149
2025-02-12 03:00:00+00:00,55.5520529
2025-02-12 04:00:00+00:00,58.1092888
2025-02-12 05:00:00+00:00,63.068976299999996
2025-02-12 06:00:00+00:00,68.43638940000001
2025-02-12 07:00:00+00:00,70.21037460000001
2025-02-12 08:00:00+00:00,69.910649
2025-02-12 09:00:00+00:00,67.58823220000001
2025-02-12 10:00:00+00:00,65.87691520000001
2025-02-12 11:00:00+00:00,64.5307294
2025-02-12 12:00:00+00:00,62.571943000000005
2025-02-12 13:00:00+00:00,60.8160822
2025-02-12 14:00:00+00:00,60.061053400000006
2025-02-12 15:00:00+00:00,59.90797370000001
2025-02-12 16:00:00+00:00,62.5775554
2025-02-12 17:00:00+00:00,68.96846550000001
2025-02-12 18:00:00+00:00,70.65133130000001
2025-02-12 19:00:00+00:00,66.9138628
2025-02-12 20:00:00+00:00,63.7637097
2025-02-12 21:00:00+00:00,63.934698600000004
2025-02-12 22:00:00+00:00,63.753131800000006
2025-02-12 23:00:00+00:00,55.325596983333334
2025-02-13 00:00:00+00:00,54.73871788333334
2025-02-13 01:00:00+00:00,53.074598683333335
2025-02-13 02:00:00+00:00,50.81958468333333
2025-02-13 03:00:00+00:00,49.92158378333333
2025-02-13 04:00:00+00:00,51.87020758333333
2025-02-13 05:00:00+00:00,55.15041158333334
2025-02-13 06:00:00+00:00,59.66701488333334
2025-02-13 07:00:00+00:00,61.36139628333333
2025-02-13 08:00:00+00:00,61.72516078333334
2025-02-13 09:00:00+00:00,60.05316238333333
2025-02-13 10:00:00+00:00,58.224846983333336
2025-02-13 11:00:00+00:00,57.25016828333334
2025-02-13 12:00:00+00:00,55.01778418333333
2025-02-13 13:00:00+00:00,53.07018828333334
2025-02-13 14:00:00+00:00,52.10738158333333
2025-02-13 15:00:00+00:00,52.46702368333333
2025-02-13 16:00:00+00:00,55.105657083333334
2025-02-13 17:00:00+00:00,60.90695148333333
2025-02-13 18:00:00+00:00,62.29227508333333
2025-02-13 19:00:00+00:00,58.66205888333334
2025-02-13 20:00:00+00:00,55.64341038333334
2025-02-13 21:00:00+00:00,55.86384318333334
2025-02-13 22:00:00+00:00,55.54162798333333
2025-02-13 23:00:00+00:00,51.339527950000004
2025-02-14 00:00:00+00:00,49.71525775
2025-02-14 01:00:00+00:00,48.403280450000004
2025-02-14 02:00:00+00:00,46.12248735
2025-02-14 03:00:00+00:00,45.54348935
2025-02-14 04:00:00+00:00,48.02044125
2025-02-14 05:00:00+00:00,52.87662675
2025-02-14 06:00:00+00:00,57.958045750000004
2025-02-14 07:00:00+00:00,59.37752145
2025-02-14 08:00:00+00:00,58.58152425
2025-02-14 09:00:00+00:00,55.71941115
2025-02-14 10:00:00+00:00,53.22137045000001
2025-02-14 11:00:00+00:00,51.770324650000006
2025-02-14 12:00:00+00:00,49.623588850000004
2025-02-14 13:00:00+00:00,48.31707475
2025-02-14 14:00:00+00:00,47.33083605
2025-02-14 15:00:00+00:00,48.334105050000005
2025-02-14 16:00:00+00:00,51.771650050000005
2025-02-14 17:00:00+00:00,57.63017644999999
2025-02-14 18:00:00+00:00,58.47779644999999
2025-02-14 19:00:00+00:00,54.986738849999995
2025-02-14 20:00:00+00:00,52.216956350000004
2025-02-14 21:00:00+00:00,52.752593850000004
2025-02-14 22:00:00+00:00,52.663695149999995
2025-02-14 23:00:00+00:00,50.49979508333333
2025-02-15 00:00:00+00:00,48.70006728333333
2025-02-15 01:00:00+00:00,47.347993683333335
2025-02-15 02:00:00+00:00,45.33659838333334
2025-02-15 03:00:00+00:00,44.50737838333333
2025-02-15 04:00:00+00:00,46.09606658333333
2025-02-15 05:00:00+00:00,48.47114238333334
2025-02-15 06:00:00+00:00,50.68387238333334
2025-02-15 07:00:00+00:00,50.953299083333334
2025-02-15 08:00:00+00:00,50.64839478333334
2025-02-15 09:00:00+00:00,48.45178678333333
2025-02-15 10:00:00+00:00,46.43243228333334
2025-02-15 11:00:00+00:00,46.17571778333333
2025-02-15 12:00:00+00:00,44.54804128333333
2025-02-15 13:00:00+00:00,43.028879483333334
2025-02-15 14:00:00+00:00,41.99872988333333
2025-02-15 15:00:00+00:00,43.40244548333333
2025-02-15 16:00:00+00:00,46.89821368333333
2025-02-15 17:00:00+00:00,52.51813008333333
2025-02-15 18:00:00+00:00,53.97677838333333
2025-02-15 19:00:00+00:00,51.34028678333334
2025-02-15 20:00:00+00:00,49.393898183333334
2025-02-15 21:00:00+00:00,50.78378038333334
2025-02-15 22:00:00+00:00,51.539220883333336
2025-02-15 23:00:00+00:00,50.55748381666667
2025-02-16 00:00:00+00:00,49.242816616666666
2025-02-16 01:00:00+00:00,47.82601671666667
2025-02-16 02:00:00+00:00,45.709314316666664
2025-02-16 03:00:00+00:00,44.64488781666667
2025-02-16 04:00:00+00:00,45.558560916666664
2025-02-16 05:00:00+00:00,47.06962251666667
2025-02-16 06:00:00+00:00,48.566507316666666
2025-02-16 07:00:00+00:00,48.736983816666665
2025-02-16 08:00:00+00:00,49.14981881666667
2025-02-16 09:00:00+00:00,47.97577431666667
2025-02-16 10:00:00+00:00,46.44874541666667
2025-02-16 11:00:00+00:00,46.18291231666667
2025-02-16 12:00:00+00:00,44.11701001666667
2025-02-16 13:00:00+00:00,42.36557581666667
2025-02-16 14:00:00+00:00,41.15806071666667
2025-02-16 15:00:00+00:00,42.71522671666666
2025-02-16 16:00:00+00:00,45.886969816666664
2025-02-16 17:00:00+00:00,51.57712781666667
2025-02-16 18:00:00+00:00,53.72981821666667
2025-02-16 19:00:00+00:00,51.46827851666667
2025-02-16 20:00:00+00:00,49.66594851666667
2025-02-16 21:00:00+00:00,50.67832211666666
2025-02-16 22:00:00+00:00,51.42620161666667
2025-02-16 23:00:00+00:00,48.161936850000004
2025-02-17 00:00:00+00:00,46.86165035
2025-02-17 01:00:00+00:00,45.84480175
2025-02-17 02:00:00+00:00,44.11824235
2025-02-17 03:00:00+00:00,43.778851849999995
2025-02-17 04:00:00+00:00,46.81534685
2025-02-17 05:00:00+00:00,52.32552415000001
2025-02-17 06:00:00+00:00,57.649525849999996
2025-02-17 07:00:00+00:00,59.37108205
2025-02-17 08:00:00+00:00,58.590952949999995
2025-02-17 09:00:00+00:00,55.38787915
2025-02-17 10:00:00+00:00,52.663844749999996
2025-02-17 11:00:00+00:00,51.329645750000005
2025-02-17 12:00:00+00:00,49.40577594999999
2025-02-17 13:00:00+00:00,48.68746745
2025-02-17 14:00:00+00:00,47.63597625
2025-02-17 15:00:00+00:00,49.255420650000005
2025-02-17 16:00:00+00:00,52.38779275
2025-02-17 17:00:00+00:00,58.09766115
2025-02-17 18:00:00+00:00,59.74886815000001
2025-02-17 19:00:00+00:00,55.93039825000001
2025-02-17 20:00:00+00:00,52.41173065
2025-02-17 21:00:00+00:00,52.245174750000004
2025-02-17 22:00:00+00:00,52.20693665
2025-02-17 23:00:00+00:00,49.65277313333334
2025-02-18 00:00:00+00:00,47.87162083333333
2025-02-18 01:00:00+00:00,46.47794793333333
2025-02-18 02:00:00+00:00,44.176086733333335
2025-02-18 03:00:00+00:00,43.358957133333334
2025-02-18 04:00:00+00:00,45.76666053333334
2025-02-18 05:00:00+00:00,50.68279113333333
2025-02-18 06:00:00+00:00,55.34383013333334
2025-02-18 07:00:00+00:00,56.00913813333334
2025-02-18 08:00:00+00:00,54.436490533333334
2025-02-18 09:00:00+00:00,50.694930433333326
2025-02-18 10:00:00+00:00,47.67385623333333
2025-02-18 11:00:00+00:00,46.54539723333333
2025-02-18 12:00:00+00:00,44.74429153333334
2025-02-18 13:00:00+00:00,44.05007153333333
2025-02-18 14:00:00+00:00,42.79024203333333
2025-02-18 15:00:00+00:00,43.998283533333336
2025-02-18 16:00:00+00:00,45.96035623333333
2025-02-18 17:00:00+00:00,49.96195203333333
2025-02-18 18:00:00+00:00,50.55561923333333
2025-02-18 19:00:00+00:00,46.85343103333334
2025-02-18 20:00:00+00:00,43.73994673333334
2025-02-18 21:00:00+00:00,43.92789353333333
2025-02-18 22:00:00+00:00,44.260144233333335
2025-02-18 23:00:00+00:00,42.99860629999999
2025-02-19 00:00:00+00:00,41.5204852
2025-02-19 01:00:00+00:00,40.5827105
2025-02-19 02:00:00+00:00,38.8734206
2025-02-19 03:00:00+00:00,38.4982149
2025-02-19 04:00:00+00:00,41.3155903
2025-02-19 05:00:00+00:00,46.4227657
2025-02-19 06:00:00+00:00,51.372437899999994
2025-02-19 07:00:00+00:00,52.84801530000001
2025-02-19 08:00:00+00:00,52.57542380000001
2025-02-19 09:00:00+00:00,50.1630911
2025-02-19 10:00:00+00:00,48.6437646
2025-02-19 11:00:00+00:00,48.455773900000004
2025-02-19 12:00:00+00:00,47.3583365
2025-02-19 13:00:00+00:00,47.04528740000001
2025-02-19 14:00:00+00:00,45.662236899999996
2025-02-19 15:00:00+00:00,46.751805
2025-02-19 16:00:00+00:00,48.9198217
2025-02-19 17:00:00+00:00,54.0054003
2025-02-19 18:00:00+00:00,55.6457618
2025-02-19 19:00:00+00:00,51.8112083
2025-02-19 20:00:00+00:00,48.2432381
2025-02-19 21:00:00+00:00,47.811614000000006
2025-02-19 22:00:00+00:00,47.632835799999995
2025-02-19 23:00:00+00:00,47.196762033333336
2025-02-20 00:00:00+00:00,45.343456233333335
2025-02-20 01:00:00+00:00,43.535016533333334
2025-02-20 02:00:00+00:00,41.36820063333334
2025-02-20 03:00:00+00:00,40.43057363333334
2025-02-20 04:00:00+00:00,42.49154393333333
2025-02-20 05:00:00+00:00,46.884926633333336
2025-02-20 06:00:00+00:00,51.43185243333333
2025-02-20 07:00:00+00:00,52.20731933333334
2025-02-20 08:00:00+00:00,50.54309563333333
2025-02-20 09:00:00+00:00,46.81328483333333
2025-02-20 10:00:00+00:00,44.11049393333334
2025-02-20 11:00:00+00:00,43.18718173333334
2025-02-20 12:00:00+00:00,41.65758273333333
2025-02-20 13:00:00+00:00,40.978966533333335
2025-02-20 14:00:00+00:00,39.98785753333333
2025-02-20 15:00:00+00:00,41.05098253333333
2025-02-20 16:00:00+00:00,44.079941133333335
2025-02-20 17:00:00+00:00,49.66075333333333
2025-02-20 18:00:00+00:00,51.35799753333333
2025-02-20 19:00:00+00:00,47.85123073333334
2025-02-20 20:00:00+00:00,45.00267253333333
2025-02-20 21:00:00+00:00,45.48525753333333
2025-02-20 22:00:00+00:00,46.18673713333334
2025-02-20 23:00:00+00:00,43.32334576666667
2025-02-21 00:00:00+00:00,41.355761566666665
2025-02-21 01:00:00+00:00,39.36468476666667
2025-02-21 02:00:00+00:00,36.909016466666664
2025-02-21 03:00:00+00:00,35.76480566666666
2025-02-21 04:00:00+00:00,37.35826746666667
2025-02-21 05:00:00+00:00,41.339576066666666
2025-02-21 06:00:00+00:00,44.89907696666667
2025-02-21 07:00:00+00:00,45.11703376666667
2025-02-21 08:00:00+00:00,43.05357466666666
2025-02-21 09:00:00+00:00,39.22404936666666
2025-02-21 10:00:00+00:00,36.34395786666666
2025-02-21 11:00:00+00:00,35.261581766666666
2025-02-21 12:00:00+00:00,33.57973596666667
2025-02-21 13:00:00+00:00,32.56367566666667
2025-02-21 14:00:00+00:00,31.84117286666667
2025-02-21 15:00:00+00:00,32.87711886666666
2025-02-21 16:00:00+00:00,36.13902986666666
2025-02-21 17:00:00+00:00,41.80371066666667
2025-02-21 18:00:00+00:00,43.65078686666667
2025-02-21 19:00:00+00:00,40.40273526666667
2025-02-21 20:00:00+00:00,37.97028006666667
2025-02-21 21:00:00+00:00,38.99871526666667
2025-02-21 22:00:00+00:00,39.94324706666667
2025-02-21 23:00:00+00:00,36.189807933333334
2025-02-22 00:00:00+00:00,34.299105233333336
2025-02-22 01:00:00+00:00,32.57573343333333
2025-02-22 02:00:00+00:00,30.38891773333333
2025-02-22 03:00:00+00:00,29.412372833333336
2025-02-22 04:00:00+00:00,30.560515133333332
2025-02-22 05:00:00+00:00,32.641282833333335
2025-02-22 06:00:00+00:00,34.79328603333334
2025-02-22 07:00:00+00:00,36.20022543333334
2025-02-22 08:00:00+00:00,37.19110203333334
2025-02-22 09:00:00+00:00,36.157945233333336
2025-02-22 10:00:00+00:00,34.905251033333336
2025-02-22 11:00:00+00:00,35.462358933333334
2025-02-22 12:00:00+00:00,34.42279503333333
2025-02-22 13:00:00+00:00,33.46528693333334
2025-02-22 14:00:00+00:00,33.16441343333334
2025-02-22 15:00:00+00:00,34.73578773333333
2025-02-22 16:00:00+00:00,38.87191253333334
2025-02-22 17:00:00+00:00,45.771632333333336
2025-02-22 18:00:00+00:00,48.87340403333333
2025-02-22 19:00:00+00:00,46.316226433333334
2025-02-22 20:00:00+00:00,44.53976863333334
2025-02-22 21:00:00+00:00,45.852258133333336
2025-02-22 22:00:00+00:00,46.98638423333333
2025-02-22 23:00:00+00:00,44.295910983333336
2025-02-23 00:00:00+00:00,42.61712878333333
2025-02-23 01:00:00+00:00,40.81991068333333
2025-02-23 02:00:00+00:00,38.42949628333333
2025-02-23 03:00:00+00:00,37.23580018333334
2025-02-23 04:00:00+00:00,37.87210808333333
2025-02-23 05:00:00+00:00,38.980329383333334
2025-02-23 06:00:00+00:00,39.53103398333333
2025-02-23 07:00:00+00:00,38.88161358333333
2025-02-23 08:00:00+00:00,38.25529038333333
2025-02-23 09:00:00+00:00,36.37036878333333
2025-02-23 10:00:00+00:00,34.25846358333334
2025-02-23 11:00:00+00:00,33.295426883333334
2025-02-23 12:00:00+00:00,31.002582083333333
2025-02-23 13:00:00+00:00,28.213797383333336
2025-02-23 14:00:00+00:00,26.286093883333333
2025-02-23 15:00:00+00:00,27.27805098333333
2025-02-23 16:00:00+00:00,31.453227283333334
2025-02-23 17:00:00+00:00,38.03888798333334
2025-02-23 18:00:00+00:00,41.07830048333334
2025-02-23 19:00:00+00:00,38.40987378333333
2025-02-23 20:00:00+00:00,36.22496208333333
2025-02-23 21:00:00+00:00,36.963866483333334
2025-02-23 22:00:00+00:00,37.329158883333335
2025-02-23 23:00:00+00:00,35.14307221666667
2025-02-24 00:00:00+00:00,33.633889716666665
2025-02-24 01:00:00+00:00,31.668942416666667
2025-02-24 02:00:00+00:00,29.808955016666665
2025-02-24 03:00:00+00:00,29.298713816666663
2025-02-24 04:00:00+00:00,32.15007581666667
2025-02-24 05:00:00+00:00,37.15927501666667
2025-02-24 06:00:00+00:00,41.898234116666664
2025-02-24 07:00:00+00:00,43.33713951666667
2025-02-24 08:00:00+00:00,42.48548351666666
2025-02-24 09:00:00+00:00,39.87601611666666
2025-02-24 10:00:00+00:00,38.22169031666667
2025-02-24 11:00:00+00:00,37.94292461666667
2025-02-24 12:00:00+00:00,37.85406951666667
2025-02-24 13:00:00+00:00,38.178887816666666
2025-02-24 14:00:00+00:00,38.543417516666665
2025-02-24 15:00:00+00:00,40.044639616666664
2025-02-24 16:00:00+00:00,43.317400516666666
2025-02-24 17:00:00+00:00,49.77878831666666
2025-02-24 18:00:00+00:00,53.300139916666666
2025-02-24 19:00:00+00:00,49.82422741666667
2025-02-24 20:00:00+00:00,46.80950811666667
2025-02-24 21:00:00+00:00,47.40872681666667
2025-02-24 22:00:00+00:00,47.823999416666666
2025-02-24 23:00:00+00:00,46.106037549999996
2025-02-25 00:00:00+00:00,44.82434625
2025-02-25 01:00:00+00:00,43.37113965
2025-02-25 02:00:00+00:00,41.61852775
2025-02-25 03:00:00+00:00,40.97814085
2025-02-25 04:00:00+00:00,43.173733750000004
2025-02-25 05:00:00+00:00,47.52378065
2025-02-25 06:00:00+00:00,51.67661225
2025-02-25 07:00:00+00:00,53.04594995000001
2025-02-25 08:00:00+00:00,52.19184625
2025-02-25 09:00:00+00:00,49.219203050000004
2025-02-25 10:00:00+00:00,46.23940365
2025-02-25 11:00:00+00:00,44.36867545
2025-02-25 12:00:00+00:00,42.01179585
2025-02-25 13:00:00+00:00,39.907475950000006
2025-02-25 14:00:00+00:00,38.556424050000004
2025-02-25 15:00:00+00:00,38.80819065
2025-02-25 16:00:00+00:00,41.367444449999994
2025-02-25 17:00:00+00:00,47.535583450000004
2025-02-25 18:00:00+00:00,50.95623375000001
2025-02-25 19:00:00+00:00,47.638835549999996
2025-02-25 20:00:00+00:00,44.83127655
2025-02-25 21:00:00+00:00,45.720620849999996
2025-02-25 22:00:00+00:00,46.279657050000004
2025-02-25 23:00:00+00:00,42.17825255
2025-02-26 00:00:00+00:00,41.565338350000005
2025-02-26 01:00:00+00:00,40.68272915
2025-02-26 02:00:00+00:00,39.707551450000004
2025-02-26 03:00:00+00:00,39.94166815
2025-02-26 04:00:00+00:00,43.145131649999996
2025-02-26 05:00:00+00:00,48.15296145
2025-02-26 06:00:00+00:00,52.545542049999995
2025-02-26 07:00:00+00:00,53.760901450000006
2025-02-26 08:00:00+00:00,52.04027125
2025-02-26 09:00:00+00:00,47.84831295
2025-02-26 10:00:00+00:00,44.053596049999996
2025-02-26 11:00:00+00:00,41.45897165000001
2025-02-26 12:00:00+00:00,39.25670575000001
2025-02-26 13:00:00+00:00,37.89260075
2025-02-26 14:00:00+00:00,36.96155255
2025-02-26 15:00:00+00:00,37.98399845
2025-02-26 16:00:00+00:00,41.653783950000005
2025-02-26 17:00:00+00:00,48.19162835
2025-02-26 18:00:00+00:00,51.93803245000001
2025-02-26 19:00:00+00:00,49.050007949999994
2025-02-26 20:00:00+00:00,46.54455235
2025-02-26 21:00:00+00:00,47.75342155
2025-02-26 22:00:00+00:00,48.777579450000005
2025-02-26 23:00:00+00:00,46.615902616666666
2025-02-27 00:00:00+00:00,45.855771616666665
2025-02-27 01:00:00+00:00,44.911506216666666
2025-02-27 02:00:00+00:00,43.43763121666667
2025-02-27 03:00:00+00:00,43.13995491666667
2025-02-27 04:00:00+00:00,45.723246616666664
2025-02-27 05:00:00+00:00,50.571979016666674
2025-02-27 06:00:00+00:00,55.00242861666667
2025-02-27 07:00:00+00:00,56.19070571666666
2025-02-27 08:00:00+00:00,54.80705061666666
2025-02-27 09:00:00+00:00,50.92443841666667
2025-02-27 10:00:00+00:00,47.79819091666667
2025-02-27 11:00:00+00:00,45.946749616666665
2025-02-27 12:00:00+00:00,44.222337116666665
2025-02-27 13:00:00+00:00,43.409956216666664
2025-02-27 14:00:00+00:00,44.01741641666666
2025-02-27 15:00:00+00:00,45.68185341666667
2025-02-27 16:00:00+00:00,49.32439531666667
2025-02-27 17:00:00+00:00,55.74735151666667
2025-02-27 18:00:00+00:00,59.28470471666667
2025-02-27 19:00:00+00:00,55.91413671666666
2025-02-27 20:00:00+00:00,53.01947871666667
2025-02-27 21:00:00+00:00,53.39924511666666
2025-02-27 22:00:00+00:00,53.951312116666664
2025-02-27 23:00:00+00:00,47.599050649999995
2025-02-28 00:00:00+00:00,46.36163265
2025-02-28 01:00:00+00:00,44.879464150000004
2025-02-28 02:00:00+00:00,43.21210645
2025-02-28 03:00:00+00:00,42.71067895
2025-02-28 04:00:00+00:00,45.434645950000004
2025-02-28 05:00:00+00:00,50.338562350000004
2025-02-28 06:00:00+00:00,54.790256850000006
2025-02-28 07:00:00+00:00,56.010233150000005
2025-02-28 08:00:00+00:00,54.271030450000005
2025-02-28 09:00:00+00:00,49.46259105
2025-02-28 10:00:00+00:00,45.729318250000006
2025-02-28 11:00:00+00:00,43.49740065
2025-02-28 12:00:00+00:00,41.47878025
2025-02-28 13:00:00+00:00,40.52120015
2025-02-28 14:00:00+00:00,40.41065205
2025-02-28 15:00:00+00:00,41.61504865
2025-02-28 16:00:00+00:00,45.26705365
2025-02-28 17:00:00+00:00,51.32152475
2025-02-28 18:00:00+00:00,54.06473285
2025-02-28 19:00:00+00:00,50.648865150000006
2025-02-28 20:00:00+00:00,47.98562995
2025-02-28 21:00:00+00:00,48.58649425
2025-02-28 22:00:00+00:00,49.27952915
2025-02-28 23:00:00+00:00,47.474245
2025-03-01 00:00:00+00:00,45.9659042
2025-03-01 01:00:00+00:00,44.0984936
2025-03-01 02:00:00+00:00,41.973078099999995
2025-03-01 03:00:00+00:00,40.7837154
2025-03-01 04:00:00+00:00,41.7674778
2025-03-01 05:00:00+00:00,43.950840400000004
2025-03-01 06:00:00+00:00,45.4037944
2025-03-01 07:00:00+00:00,45.872345100000004
2025-03-01 08:00:00+00:00,45.4436127
2025-03-01 09:00:00+00:00,41.9883113
2025-03-01 10:00:00+00:00,38.7726648
2025-03-01 11:00:00+00:00,37.031069900000006
2025-03-01 12:00:00+00:00,34.405125700000006
2025-03-01 13:00:00+00:00,33.009747100000006
2025-03-01 14:00:00+00:00,32.4150564
2025-03-01 15:00:00+00:00,33.611707800000005
2025-03-01 16:00:00+00:00,37.5493048
2025-03-01 17:00:00+00:00,43.5512025
2025-03-01 18:00:00+00:00,47.0611169
2025-03-01 19:00:00+00:00,44.5184637
2025-03-01 20:00:00+00:00,42.7201414
2025-03-01 21:00:00+00:00,43.7009741
2025-03-01 22:00:00+00:00,45.2081163
2025-03-01 23:00:00+00:00,43.75239690000001
2025-03-02 00:00:00+00:00,42.6581848
2025-03-02 01:00:00+00:00,41.1975617
2025-03-02 02:00:00+00:00,39.4281376
2025-03-02 03:00:00+00:00,38.511596600000004
2025-03-02 04:00:00+00:00,39.277603600000006
2025-03-02 05:00:00+00:00,41.0022037
2025-03-02 06:00:00+00:00,41.766358800000006
2025-03-02 07:00:00+00:00,41.4925588
2025-03-02 08:00:00+00:00,40.6330419
2025-03-02 09:00:00+00:00,38.1596568
2025-03-02 10:00:00+00:00,36.719386
2025-03-02 11:00:00+00:00,36.344195299999996
2025-03-02 12:00:00+00:00,34.3676514
2025-03-02 13:00:00+00:00,33.287356599999995
2025-03-02 14:00:00+00:00,33.0679029
2025-03-02 15:00:00+00:00,35.467564499999995
2025-03-02 16:00:00+00:00,39.9990376
2025-03-02 17:00:00+00:00,46.6746759
2025-03-02 18:00:00+00:00,50.70142080000001
2025-03-02 19:00:00+00:00,48.779929300000006
2025-03-02 20:00:00+00:00,47.3443506
2025-03-02 21:00:00+00:00,48.3674034
2025-03-02 22:00:00+00:00,49.9881783
2025-03-02 23:00:00+00:00,48.766403600000004
2025-03-03 00:00:00+00:00,48.072067000000004
2025-03-03 01:00:00+00:00,46.8855442
2025-03-03 02:00:00+00:00,45.688159600000006
2025-03-03 03:00:00+00:00,45.7401688
2025-03-03 04:00:00+00:00,48.737412400000004
2025-03-03 05:00:00+00:00,54.2498078
2025-03-03 06:00:00+00:00,58.95002120000001
2025-03-03 07:00:00+00:00,59.6681306
2025-03-03 08:00:00+00:00,57.099689500000004
2025-03-03 09:00:00+00:00,52.212934499999996
2025-03-03 10:00:00+00:00,48.748581
2025-03-03 11:00:00+00:00,46.7837033
2025-03-03 12:00:00+00:00,44.55464309999999
2025-03-03 13:00:00+00:00,44.0808168
2025-03-03 14:00:00+00:00,43.120765000000006
2025-03-03 15:00:00+00:00,44.7634388
2025-03-03 16:00:00+00:00,48.6508537
2025-03-03 17:00:00+00:00,55.094088400000004
2025-03-03 18:00:00+00:00,59.39579140000001
2025-03-03 19:00:00+00:00,56.23742560000001
2025-03-03 20:00:00+00:00,53.2343436
2025-03-03 21:00:00+00:00,53.4185533
2025-03-03 22:00:00+00:00,54.0867001
2025-03-03 23:00:00+00:00,51.580736933333334
2025-03-04 00:00:00+00:00,50.493127933333334
2025-03-04 01:00:00+00:00,48.98884883333333
2025-03-04 02:00:00+00:00,47.53720163333334
2025-03-04 03:00:00+00:00,47.338099633333336
2025-03-04 04:00:00+00:00,50.19594323333334
2025-03-04 05:00:00+00:00,55.497598233333335
2025-03-04 06:00:00+00:00,59.97283543333334
2025-03-04 07:00:00+00:00,60.16021363333333
2025-03-04 08:00:00+00:00,57.054489033333326
2025-03-04 09:00:00+00:00,51.56470853333333
2025-03-04 10:00:00+00:00,47.99639983333333
2025-03-04 11:00:00+00:00,46.03341973333333
2025-03-04 12:00:00+00:00,43.60524233333334
2025-03-04 13:00:00+00:00,42.97696843333334
2025-03-04 14:00:00+00:00,41.82605003333333
2025-03-04 15:00:00+00:00,43.47991903333333
2025-03-04 16:00:00+00:00,47.765011333333334
2025-03-04 17:00:00+00:00,54.27029113333333
2025-03-04 18:00:00+00:00,58.769646733333325
2025-03-04 19:00:00+00:00,55.96357213333334
2025-03-04 20:00:00+00:00,53.28579213333333
2025-03-04 21:00:00+00:00,53.50125993333334
2025-03-04 22:00:00+00:00,54.223595233333334
2025-03-04 23:00:00+00:00,51.62372536666666
2025-03-05 00:00:00+00:00,50.582179866666664
2025-03-05 01:00:00+00:00,49.083958366666664
2025-03-05 02:00:00+00:00,47.638628966666666
2025-03-05 03:00:00+00:00,47.42843496666667
2025-03-05 04:00:00+00:00,50.12604906666667
2025-03-05 05:00:00+00:00,55.15389976666667
2025-03-05 06:00:00+00:00,59.06534156666666
2025-03-05 07:00:00+00:00,58.58171026666666
2025-03-05 08:00:00+00:00,54.758278566666675
2025-03-05 09:00:00+00:00,48.90640106666667
2025-03-05 10:00:00+00:00,45.30229146666667
2025-03-05 11:00:00+00:00,43.334063766666674
2025-03-05 12:00:00+00:00,40.910844466666674
2025-03-05 13:00:00+00:00,39.959706466666674
2025-03-05 14:00:00+00:00,38.56124486666667
2025-03-05 15:00:00+00:00,40.55014356666667
2025-03-05 16:00:00+00:00,45.43390226666667
2025-03-05 17:00:00+00:00,52.60642156666667
2025-03-05 18:00:00+00:00,57.251939366666676
2025-03-05 19:00:00+00:00,54.08443976666666
2025-03-05 20:00:00+00:00,50.802718766666665
2025-03-05 21:00:00+00:00,50.45773616666666
2025-03-05 22:00:00+00:00,50.53658176666667
2025-03-05 23:00:00+00:00,46.216292933333335
2025-03-06 00:00:00+00:00,44.42649753333333
2025-03-06 01:00:00+00:00,42.58074023333333
2025-03-06 02:00:00+00:00,40.647128933333335
2025-03-06 03:00:00+00:00,40.04800523333334
2025-03-06 04:00:00+00:00,42.35736343333333
2025-03-06 05:00:00+00:00,46.893921133333336
2025-03-06 06:00:00+00:00,50.83806353333333
2025-03-06 07:00:00+00:00,50.51918983333333
2025-03-06 08:00:00+00:00,46.40434533333334
2025-03-06 09:00:00+00:00,40.90852923333334
2025-03-06 10:00:00+00:00,37.58914613333333
2025-03-06 11:00:00+00:00,35.91425843333333
2025-03-06 12:00:00+00:00,33.80919443333333
2025-03-06 13:00:00+00:00,33.29724923333333
2025-03-06 14:00:00+00:00,32.69054093333334
2025-03-06 15:00:00+00:00,35.17544813333333
2025-03-06 16:00:00+00:00,39.952583833333335
2025-03-06 17:00:00+00:00,46.21351083333333
2025-03-06 18:00:00+00:00,49.695369033333336
2025-03-06 19:00:00+00:00,45.646204133333335
2025-03-06 20:00:00+00:00,42.28058383333334
2025-03-06 21:00:00+00:00,42.15644173333333
2025-03-06 22:00:00+00:00,42.367650733333335
2025-03-06 23:00:00+00:00,40.095664400000004
2025-03-07 00:00:00+00:00,38.6819173
2025-03-07 01:00:00+00:00,37.457845
2025-03-07 02:00:00+00:00,36.0994153
2025-03-07 03:00:00+00:00,36.131230200000005
2025-03-07 04:00:00+00:00,39.0697256
2025-03-07 05:00:00+00:00,43.848078599999994
2025-03-07 06:00:00+00:00,48.014943
2025-03-07 07:00:00+00:00,47.600379000000004
2025-03-07 08:00:00+00:00,44.0023523
2025-03-07 09:00:00+00:00,39.507121000000005
2025-03-07 10:00:00+00:00,36.5422399
2025-03-07 11:00:00+00:00,35.194248900000005
2025-03-07 12:00:00+00:00,33.4366374
2025-03-07 13:00:00+00:00,32.8091577
2025-03-07 14:00:00+00:00,31.9685941
2025-03-07 15:00:00+00:00,33.7944733
2025-03-07 16:00:00+00:00,38.3385615
2025-03-07 17:00:00+00:00,44.396258
2025-03-07 18:00:00+00:00,47.1713161
2025-03-07 19:00:00+00:00,42.9396176
2025-03-07 20:00:00+00:00,39.848470000000006
2025-03-07 21:00:00+00:00,39.9825843
2025-03-07 22:00:00+00:00,40.4132805
2025-03-07 23:00:00+00:00,38.38929806666667
2025-03-08 00:00:00+00:00,36.594729466666664
2025-03-08 01:00:00+00:00,34.650136266666664
2025-03-08 02:00:00+00:00,32.498904966666665
2025-03-08 03:00:00+00:00,31.838193866666668
2025-03-08 04:00:00+00:00,33.51660866666667
2025-03-08 05:00:00+00:00,35.63159376666667
2025-03-08 06:00:00+00:00,36.885467366666674
2025-03-08 07:00:00+00:00,35.822524766666675
2025-03-08 08:00:00+00:00,33.23653606666667
2025-03-08 09:00:00+00:00,29.94039656666667
2025-03-08 10:00:00+00:00,27.748309766666665
2025-03-08 11:00:00+00:00,27.263160066666668
2025-03-08 12:00:00+00:00,26.134597366666668
2025-03-08 13:00:00+00:00,24.962215466666663
2025-03-08 14:00:00+00:00,23.81246226666667
2025-03-08 15:00:00+00:00,25.407000666666672
2025-03-08 16:00:00+00:00,29.808696066666666
2025-03-08 17:00:00+00:00,35.69759066666667
2025-03-08 18:00:00+00:00,38.39343166666667
2025-03-08 19:00:00+00:00,35.04729726666667
2025-03-08 20:00:00+00:00,33.12420006666667
2025-03-08 21:00:00+00:00,34.318994366666665
2025-03-08 22:00:00+00:00,35.74122956666667
2025-03-08 23:00:00+00:00,30.909245616666674
2025-03-09 00:00:00+00:00,29.75342891666667
2025-03-09 01:00:00+00:00,28.70518721666667
2025-03-09 02:00:00+00:00,26.869643616666668
2025-03-09 03:00:00+00:00,26.47023851666666
2025-03-09 04:00:00+00:00,28.02883491666667
2025-03-09 05:00:00+00:00,29.75074171666667
2025-03-09 06:00:00+00:00,30.44574011666667
2025-03-09 07:00:00+00:00,29.97590011666667
2025-03-09 08:00:00+00:00,29.528615316666674
2025-03-09 09:00:00+00:00,29.18136041666667
2025-03-09 10:00:00+00:00,30.067451616666666
2025-03-09 11:00:00+00:00,31.67539591666667
2025-03-09 12:00:00+00:00,31.244715416666665
2025-03-09 13:00:00+00:00,30.063640516666666
2025-03-09 14:00:00+00:00,28.88992411666667
2025-03-09 15:00:00+00:00,29.284126516666664
2025-03-09 16:00:00+00:00,32.52277891666667
2025-03-09 17:00:00+00:00,38.88581681666667
2025-03-09 18:00:00+00:00,42.900602316666664
2025-03-09 19:00:00+00:00,40.85463811666666
2025-03-09 20:00:00+00:00,39.459082116666664
2025-03-09 21:00:00+00:00,40.58004211666667
2025-03-09 22:00:00+00:00,41.82995511666667
2025-03-09 23:00:00+00:00,42.92757788333333
2025-03-10 00:00:00+00:00,41.608689483333336
2025-03-10 01:00:00+00:00,40.42705098333333
2025-03-10 02:00:00+00:00,38.90793698333333
2025-03-10 03:00:00+00:00,38.91983238333333
2025-03-10 04:00:00+00:00,42.50009128333333
2025-03-10 05:00:00+00:00,47.689455083333335
2025-03-10 06:00:00+00:00,51.908902983333334
2025-03-10 07:00:00+00:00,51.861408883333326
2025-03-10 08:00:00+00:00,48.23980468333333
2025-03-10 09:00:00+00:00,44.17547498333333
2025-03-10 10:00:00+00:00,42.10634278333333
2025-03-10 11:00:00+00:00,41.49094458333333
2025-03-10 12:00:00+00:00,40.79257738333333
2025-03-10 13:00:00+00:00,40.98653878333333
2025-03-10 14:00:00+00:00,41.32578108333333
2025-03-10 15:00:00+00:00,42.92198208333333
2025-03-10 16:00:00+00:00,47.10091718333334
2025-03-10 17:00:00+00:00,54.11092818333333
2025-03-10 18:00:00+00:00,57.80295048333333
2025-03-10 19:00:00+00:00,54.20936698333333
2025-03-10 20:00:00+00:00,50.972316383333336
2025-03-10 21:00:00+00:00,51.11445428333333
2025-03-10 22:00:00+00:00,51.37398388333333
2025-03-10 23:00:00+00:00,49.24127991666666
2025-03-11 00:00:00+00:00,47.388376316666665
2025-03-11 01:00:00+00:00,46.11142421666667
2025-03-11 02:00:00+00:00,44.30239591666667
2025-03-11 03:00:00+00:00,43.78963101666667
2025-03-11 04:00:00+00:00,46.70903051666667
2025-03-11 05:00:00+00:00,51.259601016666664
2025-03-11 06:00:00+00:00,54.985218816666666
2025-03-11 07:00:00+00:00,54.66275291666666
2025-03-11 08:00:00+00:00,51.02313381666667
2025-03-11 09:00:00+00:00,46.99908491666666
2025-03-11 10:00:00+00:00,45.23493531666667
2025-03-11 11:00:00+00:00,44.835843116666666
2025-03-11 12:00:00+00:00,44.544485816666665
2025-03-11 13:00:00+00:00,44.51148251666666
2025-03-11 14:00:00+00:00,44.29602651666667
2025-03-11 15:00:00+00:00,44.84373441666666
2025-03-11 16:00:00+00:00,47.88773711666667
2025-03-11 17:00:00+00:00,53.959706616666665
2025-03-11 18:00:00+00:00,57.13898181666667
2025-03-11 19:00:00+00:00,53.78764541666666
2025-03-11 20:00:00+00:00,51.05278611666667
2025-03-11 21:00:00+00:00,51.69062221666667
2025-03-11 22:00:00+00:00,52.22683561666666
2025-03-11 23:00:00+00:00,49.82595665
2025-03-12 00:00:00+00:00,48.25656425
2025-03-12 01:00:00+00:00,47.15975525
2025-03-12 02:00:00+00:00,45.67796365
2025-03-12 03:00:00+00:00,45.53455235
2025-03-12 04:00:00+00:00,48.75972585
2025-03-12 05:00:00+00:00,53.51328625
2025-03-12 06:00:00+00:00,57.52674485000001
2025-03-12 07:00:00+00:00,58.29768905
2025-03-12 08:00:00+00:00,55.76265384999999
2025-03-12 09:00:00+00:00,52.25132955000001
2025-03-12 10:00:00+00:00,50.78942635
2025-03-12 11:00:00+00:00,50.275267150000005
2025-03-12 12:00:00+00:00,49.35399124999999
2025-03-12 13:00:00+00:00,48.816967250000005
2025-03-12 14:00:00+00:00,48.569492249999996
2025-03-12 15:00:00+00:00,49.14494995
2025-03-12 16:00:00+00:00,52.57864035
2025-03-12 17:00:00+00:00,59.051404649999995
2025-03-12 18:00:00+00:00,62.55234134999999
2025-03-12 19:00:00+00:00,59.047470849999996
2025-03-12 20:00:00+00:00,55.89673635
2025-03-12 21:00:00+00:00,56.08487605
2025-03-12 22:00:00+00:00,56.30914315
2025-03-12 23:00:00+00:00,49.385348083333334
2025-03-13 00:00:00+00:00,47.568973883333335
2025-03-13 01:00:00+00:00,46.010258883333336
2025-03-13 02:00:00+00:00,44.14877248333333
2025-03-13 03:00:00+00:00,43.28329908333333
2025-03-13 04:00:00+00:00,46.16316688333333
2025-03-13 05:00:00+00:00,50.804287683333335
2025-03-13 06:00:00+00:00,54.555102983333335
2025-03-13 07:00:00+00:00,54.93532998333334
2025-03-13 08:00:00+00:00,52.21389648333334
2025-03-13 09:00:00+00:00,48.43072098333334
2025-03-13 10:00:00+00:00,47.03467298333334
2025-03-13 11:00:00+00:00,46.66867388333334
2025-03-13 12:00:00+00:00,45.59960758333334
2025-03-13 13:00:00+00:00,45.32831578333334
2025-03-13 14:00:00+00:00,45.45913518333333
2025-03-13 15:00:00+00:00,46.42450108333334
2025-03-13 16:00:00+00:00,49.74088868333333
2025-03-13 17:00:00+00:00,56.05265648333333
2025-03-13 18:00:00+00:00,59.02311488333334
2025-03-13 19:00:00+00:00,55.42695428333333
2025-03-13 20:00:00+00:00,52.24016858333333
2025-03-13 21:00:00+00:00,52.53870478333333
2025-03-13 22:00:00+00:00,52.84130788333333
2025-03-13 23:00:00+00:00,51.80144355
2025-03-14 00:00:00+00:00,50.38492185
2025-03-14 01:00:00+00:00,49.09865195
2025-03-14 02:00:00+00:00,47.54592785
2025-03-14 03:00:00+00:00,46.93544045
2025-03-14 04:00:00+00:00,49.69039025
2025-03-14 05:00:00+00:00,54.337226550000004
2025-03-14 06:00:00+00:00,57.91241075
2025-03-14 07:00:00+00:00,58.08029055
2025-03-14 08:00:00+00:00,55.31259214999999
2025-03-14 09:00:00+00:00,51.22473135
2025-03-14 10:00:00+00:00,48.817502350000005
2025-03-14 11:00:00+00:00,47.92445165000001
2025-03-14 12:00:00+00:00,46.41870075
2025-03-14 13:00:00+00:00,45.81299755
2025-03-14 14:00:00+00:00,45.54635105
2025-03-14 15:00:00+00:00,45.42194595
2025-03-14 16:00:00+00:00,48.07005695
2025-03-14 17:00:00+00:00,53.97773314999999
2025-03-14 18:00:00+00:00,55.82467695
2025-03-14 19:00:00+00:00,51.93778005
2025-03-14 20:00:00+00:00,48.95088545
2025-03-14 21:00:00+00:00,49.37796325
2025-03-14 22:00:00+00:00,49.50322115
2025-03-14 23:00:00+00:00,44.9369206
2025-03-15 00:00:00+00:00,43.195444800000004
2025-03-15 01:00:00+00:00,41.214133700000005
2025-03-15 02:00:00+00:00,39.187840900000005
2025-03-15 03:00:00+00:00,37.912920299999996
2025-03-15 04:00:00+00:00,39.211766100000006
2025-03-15 05:00:00+00:00,40.99745970000001
2025-03-15 06:00:00+00:00,41.5603801
2025-03-15 07:00:00+00:00,40.919439800000006
2025-03-15 08:00:00+00:00,39.2787802
2025-03-15 09:00:00+00:00,36.0425654
2025-03-15 10:00:00+00:00,34.2485128
2025-03-15 11:00:00+00:00,34.006053900000005
2025-03-15 12:00:00+00:00,32.7028834
2025-03-15 13:00:00+00:00,32.0668386
2025-03-15 14:00:00+00:00,31.987742200000007
2025-03-15 15:00:00+00:00,32.8666222
2025-03-15 16:00:00+00:00,36.7138455
2025-03-15 17:00:00+00:00,43.7316352
2025-03-15 18:00:00+00:00,46.9900461
2025-03-15 19:00:00+00:00,44.4025554
2025-03-15 20:00:00+00:00,42.6337552
2025-03-15 21:00:00+00:00,44.1529906
2025-03-15 22:00:00+00:00,45.343073
2025-03-15 23:00:00+00:00,43.18921615000001
2025-03-16 00:00:00+00:00,42.251849449999995
2025-03-16 01:00:00+00:00,40.65991765
2025-03-16 02:00:00+00:00,39.06295485
2025-03-16 03:00:00+00:00,38.145402849999996
2025-03-16 04:00:00+00:00,39.507080349999995
2025-03-16 05:00:00+00:00,41.19525385
2025-03-16 06:00:00+00:00,41.36866525000001
2025-03-16 07:00:00+00:00,40.51681705
2025-03-16 08:00:00+00:00,39.183540050000005
2025-03-16 09:00:00+00:00,37.599286750000005
2025-03-16 10:00:00+00:00,37.26078095
2025-03-16 11:00:00+00:00,38.000118549999996
2025-03-16 12:00:00+00:00,36.785432549999996
2025-03-16 13:00:00+00:00,35.94862975
2025-03-16 14:00:00+00:00,35.75762065
2025-03-16 15:00:00+00:00,37.19103355
2025-03-16 16:00:00+00:00,41.10753415
2025-03-16 17:00:00+00:00,48.06948405
2025-03-16 18:00:00+00:00,51.80355215
2025-03-16 19:00:00+00:00,49.29359745
2025-03-16 20:00:00+00:00,47.22950254999999
2025-03-16 21:00:00+00:00,47.999586449999995
2025-03-16 22:00:00+00:00,48.67487105
2025-03-16 23:00:00+00:00,46.21044861666667
2025-03-17 00:00:00+00:00,45.11150601666667
2025-03-17 01:00:00+00:00,43.79812011666667
2025-03-17 02:00:00+00:00,42.442318416666666
2025-03-17 03:00:00+00:00,41.98817941666667
2025-03-17 04:00:00+00:00,45.306900516666666
2025-03-17 05:00:00+00:00,50.62090521666667
2025-03-17 06:00:00+00:00,54.41795991666667
2025-03-17 07:00:00+00:00,53.49025921666667
2025-03-17 08:00:00+00:00,49.353207016666666
2025-03-17 09:00:00+00:00,44.297075316666664
2025-03-17 10:00:00+00:00,40.655420316666664
2025-03-17 11:00:00+00:00,38.87494611666667
2025-03-17 12:00:00+00:00,36.68731321666667
2025-03-17 13:00:00+00:00,35.63246211666667
2025-03-17 14:00:00+00:00,34.66903761666667
2025-03-17 15:00:00+00:00,35.89401111666667
2025-03-17 16:00:00+00:00,40.43104541666667
2025-03-17 17:00:00+00:00,48.05915361666667
2025-03-17 18:00:00+00:00,51.402271516666666
2025-03-17 19:00:00+00:00,47.172121616666665
2025-03-17 20:00:00+00:00,43.37924221666667
2025-03-17 21:00:00+00:00,43.26762471666666
2025-03-17 22:00:00+00:00,43.71774821666666
2025-03-17 23:00:00+00:00,40.34011673333333
2025-03-18 00:00:00+00:00,39.18048723333334
2025-03-18 01:00:00+00:00,37.65466323333333
2025-03-18 02:00:00+00:00,36.089620133333334
2025-03-18 03:00:00+00:00,35.61804643333333
2025-03-18 04:00:00+00:00,38.599899433333334
2025-03-18 05:00:00+00:00,43.732253633333336
2025-03-18 06:00:00+00:00,47.38915203333334
2025-03-18 07:00:00+00:00,46.46331643333333
2025-03-18 08:00:00+00:00,42.47381513333334
2025-03-18 09:00:00+00:00,37.692412833333336
2025-03-18 10:00:00+00:00,34.90081893333333
2025-03-18 11:00:00+00:00,33.95061873333334
2025-03-18 12:00:00+00:00,32.54829983333334
2025-03-18 13:00:00+00:00,32.106924633333335
2025-03-18 14:00:00+00:00,31.713603233333338
2025-03-18 15:00:00+00:00,33.74679123333333
2025-03-18 16:00:00+00:00,38.34653743333334
2025-03-18 17:00:00+00:00,45.58767903333334
2025-03-18 18:00:00+00:00,48.939901533333334
2025-03-18 19:00:00+00:00,45.337663533333334
2025-03-18 20:00:00+00:00,42.02211543333333
2025-03-18 21:00:00+00:00,42.019175133333334
2025-03-18 22:00:00+00:00,42.28351283333333
2025-03-18 23:00:00+00:00,39.82066878333333
2025-03-19 00:00:00+00:00,38.63537938333333
2025-03-19 01:00:00+00:00,37.21361138333334
2025-03-19 02:00:00+00:00,35.84944708333334
2025-03-19 03:00:00+00:00,35.57030578333334
2025-03-19 04:00:00+00:00,38.644170083333336
2025-03-19 05:00:00+00:00,43.56988328333334
2025-03-19 06:00:00+00:00,46.953953483333336
2025-03-19 07:00:00+00:00,46.56956648333333
2025-03-19 08:00:00+00:00,43.596845083333335
2025-03-19 09:00:00+00:00,39.56000668333334
2025-03-19 10:00:00+00:00,36.93600888333334
2025-03-19 11:00:00+00:00,35.85791308333334
2025-03-19 12:00:00+00:00,34.27038598333334
2025-03-19 13:00:00+00:00,33.17468008333334
2025-03-19 14:00:00+00:00,32.26155968333333
2025-03-19 15:00:00+00:00,33.93547748333333
2025-03-19 16:00:00+00:00,38.37333588333334
2025-03-19 17:00:00+00:00,45.70701508333333
2025-03-19 18:00:00+00:00,49.38916378333333
2025-03-19 19:00:00+00:00,45.646486683333336
2025-03-19 20:00:00+00:00,42.177348783333336
2025-03-19 21:00:00+00:00,42.15386458333333
2025-03-19 22:00:00+00:00,42.724709483333335
2025-03-19 23:00:00+00:00,39.55611865
2025-03-20 00:00:00+00:00,38.250992350000004
2025-03-20 01:00:00+00:00,36.73591245
2025-03-20 02:00:00+00:00,35.24246264999999
2025-03-20 03:00:00+00:00,34.89510875
2025-03-20 04:00:00+00:00,37.49604545
2025-03-20 05:00:00+00:00,42.00645475
2025-03-20 06:00:00+00:00,45.03714885000001
2025-03-20 07:00:00+00:00,44.04089125
2025-03-20 08:00:00+00:00,40.280963050000004
2025-03-20 09:00:00+00:00,35.65323855
2025-03-20 10:00:00+00:00,32.95728405
2025-03-20 11:00:00+00:00,32.174478050000005
2025-03-20 12:00:00+00:00,30.802638350000002
2025-03-20 13:00:00+00:00,30.50041415
2025-03-20 14:00:00+00:00,29.331004450000002
2025-03-20 15:00:00+00:00,30.821008050000003
2025-03-20 16:00:00+00:00,34.56689195
2025-03-20 17:00:00+00:00,40.40370725
2025-03-20 18:00:00+00:00,43.42626455
2025-03-20 19:00:00+00:00,39.69878815
2025-03-20 20:00:00+00:00,36.260531750000006
2025-03-20 21:00:00+00:00,35.71956695
2025-03-20 22:00:00+00:00,36.06653415
2025-03-20 23:00:00+00:00,34.7424197
2025-03-21 00:00:00+00:00,33.190708900000004
2025-03-21 01:00:00+00:00,31.250295800000004
2025-03-21 02:00:00+00:00,29.201173000000004
2025-03-21 03:00:00+00:00,28.568907400000004
2025-03-21 04:00:00+00:00,31.1132324
2025-03-21 05:00:00+00:00,35.288452
2025-03-21 06:00:00+00:00,38.4144728
2025-03-21 07:00:00+00:00,37.7740554
2025-03-21 08:00:00+00:00,35.113176800000005
2025-03-21 09:00:00+00:00,31.897990600000004
2025-03-21 10:00:00+00:00,30.102432399999998
2025-03-21 11:00:00+00:00,30.157440400000002
2025-03-21 12:00:00+00:00,29.114945799999997
2025-03-21 13:00:00+00:00,28.849680199999998
2025-03-21 14:00:00+00:00,27.628799800000003
2025-03-21 15:00:00+00:00,27.947911299999998
2025-03-21 16:00:00+00:00,30.340015599999997
2025-03-21 17:00:00+00:00,35.2507059
2025-03-21 18:00:00+00:00,38.494005
2025-03-21 19:00:00+00:00,35.1558151
2025-03-21 20:00:00+00:00,32.6312378
2025-03-21 21:00:00+00:00,32.9557878
2025-03-21 22:00:00+00:00,33.663858700000006
2025-03-21 23:00:00+00:00,32.84323053333334
2025-03-22 00:00:00+00:00,31.129237933333336
2025-03-22 01:00:00+00:00,29.191951533333338
2025-03-22 02:00:00+00:00,27.65784523333333
2025-03-22 03:00:00+00:00,27.45133633333333
2025-03-22 04:00:00+00:00,29.569589233333332
2025-03-22 05:00:00+00:00,32.03486573333333
2025-03-22 06:00:00+00:00,33.06316903333333
2025-03-22 07:00:00+00:00,32.45460713333333
2025-03-22 08:00:00+00:00,31.412340933333333
2025-03-22 09:00:00+00:00,29.53617373333333
2025-03-22 10:00:00+00:00,29.027212633333335
2025-03-22 11:00:00+00:00,30.152967133333334
2025-03-22 12:00:00+00:00,29.470439733333336
2025-03-22 13:00:00+00:00,29.015095533333334
2025-03-22 14:00:00+00:00,27.778574433333333
2025-03-22 15:00:00+00:00,28.842876233333335
2025-03-22 16:00:00+00:00,32.104029733333334
2025-03-22 17:00:00+00:00,37.79208333333334
2025-03-22 18:00:00+00:00,41.42257923333333
2025-03-22 19:00:00+00:00,38.77041953333333
2025-03-22 20:00:00+00:00,36.98821613333334
2025-03-22 21:00:00+00:00,37.902601233333336
2025-03-22 22:00:00+00:00,39.239127833333335
2025-03-22 23:00:00+00:00,37.76894608333333
2025-03-23 00:00:00+00:00,36.39511698333333
2025-03-23 01:00:00+00:00,34.34568708333333
2025-03-23 02:00:00+00:00,32.160555483333326
2025-03-23 03:00:00+00:00,31.385213183333335
2025-03-23 04:00:00+00:00,32.74046598333334
2025-03-23 05:00:00+00:00,33.96361458333333
2025-03-23 06:00:00+00:00,33.74540588333333
2025-03-23 07:00:00+00:00,31.950498083333336
2025-03-23 08:00:00+00:00,30.279507383333335
2025-03-23 09:00:00+00:00,29.157915283333335
2025-03-23 10:00:00+00:00,29.55432508333333
2025-03-23 11:00:00+00:00,31.211480783333332
2025-03-23 12:00:00+00:00,30.330400083333338
2025-03-23 13:00:00+00:00,29.962428883333338
2025-03-23 14:00:00+00:00,29.180778083333337
2025-03-23 15:00:00+00:00,30.32208598333333
2025-03-23 16:00:00+00:00,33.78801168333333
2025-03-23 17:00:00+00:00,40.40889618333333
2025-03-23 18:00:00+00:00,45.09813808333333
2025-03-23 19:00:00+00:00,43.10550838333334
2025-03-23 20:00:00+00:00,41.568694083333334
2025-03-23 21:00:00+00:00,42.23122798333333
2025-03-23 22:00:00+00:00,43.189511683333336
2025-03-23 23:00:00+00:00,45.057231566666665
2025-03-24 00:00:00+00:00,43.75214546666666
2025-03-24 01:00:00+00:00,42.149584966666666
2025-03-24 02:00:00+00:00,40.638829666666666
2025-03-24 03:00:00+00:00,40.61227546666666
2025-03-24 04:00:00+00:00,43.81186016666666
2025-03-24 05:00:00+00:00,48.74875996666667
2025-03-24 06:00:00+00:00,52.19887646666666
2025-03-24 07:00:00+00:00,51.50482956666667
2025-03-24 08:00:00+00:00,48.27727566666667
2025-03-24 09:00:00+00:00,44.736867366666665
2025-03-24 10:00:00+00:00,42.87647226666667
2025-03-24 11:00:00+00:00,42.70166316666667
2025-03-24 12:00:00+00:00,41.49152096666667
2025-03-24 13:00:00+00:00,41.23557916666667
2025-03-24 14:00:00+00:00,40.715304366666665
2025-03-24 15:00:00+00:00,41.48048706666666
2025-03-24 16:00:00+00:00,44.44244016666667
2025-03-24 17:00:00+00:00,50.83900436666667
2025-03-24 18:00:00+00:00,54.87183786666667
2025-03-24 19:00:00+00:00,51.59962826666667
2025-03-24 20:00:00+00:00,48.582384766666664
2025-03-24 21:00:00+00:00,48.746227766666664
2025-03-24 22:00:00+00:00,49.22352526666667
2025-03-24 23:00:00+00:00,48.46362081666667
2025-03-25 00:00:00+00:00,47.01275821666667
2025-03-25 01:00:00+00:00,45.37228231666666
2025-03-25 02:00:00+00:00,43.815228516666664
2025-03-25 03:00:00+00:00,43.61875391666666
2025-03-25 04:00:00+00:00,46.494410916666666
2025-03-25 05:00:00+00:00,51.16853991666666
2025-03-25 06:00:00+00:00,54.356064116666666
2025-03-25 07:00:00+00:00,52.88632141666666
2025-03-25 08:00:00+00:00,48.87812851666666
2025-03-25 09:00:00+00:00,45.22108801666666
2025-03-25 10:00:00+00:00,43.60686071666666
2025-03-25 11:00:00+00:00,43.350008816666666
2025-03-25 12:00:00+00:00,41.96816121666667
2025-03-25 13:00:00+00:00,41.822583816666665
2025-03-25 14:00:00+00:00,41.297725916666664
2025-03-25 15:00:00+00:00,42.33065251666667
2025-03-25 16:00:00+00:00,45.62267301666667
2025-03-25 17:00:00+00:00,52.08879331666667
2025-03-25 18:00:00+00:00,55.94281391666667
2025-03-25 19:00:00+00:00,52.80838271666667
2025-03-25 20:00:00+00:00,49.90808331666666
2025-03-25 21:00:00+00:00,50.20008991666667
2025-03-25 22:00:00+00:00,50.810238416666664
2025-03-25 23:00:00+00:00,47.962803666666666
2025-03-26 00:00:00+00:00,46.60816526666667
2025-03-26 01:00:00+00:00,44.81510386666667
2025-03-26 02:00:00+00:00,43.303786366666664
2025-03-26 03:00:00+00:00,43.03792416666667
2025-03-26 04:00:00+00:00,45.677201366666665
2025-03-26 05:00:00+00:00,50.07642416666667
2025-03-26 06:00:00+00:00,52.926236466666666
2025-03-26 07:00:00+00:00,51.73923686666667
2025-03-26 08:00:00+00:00,48.103071666666665
2025-03-26 09:00:00+00:00,44.656284666666664
2025-03-26 10:00:00+00:00,43.08972206666667
2025-03-26 11:00:00+00:00,43.08316766666667
2025-03-26 12:00:00+00:00,42.08999656666666
2025-03-26 13:00:00+00:00,42.13146956666667
2025-03-26 14:00:00+00:00,41.60358026666667
2025-03-26 15:00:00+00:00,42.53559656666667
2025-03-26 16:00:00+00:00,45.68730886666667
2025-03-26 17:00:00+00:00,52.16327316666666
2025-03-26 18:00:00+00:00,56.06048836666666
2025-03-26 19:00:00+00:00,52.788431466666665
2025-03-26 20:00:00+00:00,49.708226866666664
2025-03-26 21:00:00+00:00,49.92433616666667
2025-03-26 22:00:00+00:00,50.653900066666665
2025-03-26 23:00:00+00:00,45.26781858333333
2025-03-27 00:00:00+00:00,43.79343408333334
2025-03-27 01:00:00+00:00,42.45507418333333
2025-03-27 02:00:00+00:00,40.878260583333336
2025-03-27 03:00:00+00:00,40.270084383333334
2025-03-27 04:00:00+00:00,42.91556298333333
2025-03-27 05:00:00+00:00,47.32917188333333
2025-03-27 06:00:00+00:00,50.23347328333333
2025-03-27 07:00:00+00:00,48.91390688333334
2025-03-27 08:00:00+00:00,44.69545408333334
2025-03-27 09:00:00+00:00,40.26101018333334
2025-03-27 10:00:00+00:00,37.682925983333334
2025-03-27 11:00:00+00:00,37.23853368333333
2025-03-27 12:00:00+00:00,35.519764583333334
2025-03-27 13:00:00+00:00,35.24465548333333
2025-03-27 14:00:00+00:00,35.435055483333336
2025-03-27 15:00:00+00:00,36.81602798333334
2025-03-27 16:00:00+00:00,41.06616068333334
2025-03-27 17:00:00+00:00,48.072463983333336
2025-03-27 18:00:00+00:00,52.567713483333335
2025-03-27 19:00:00+00:00,50.11737158333334
2025-03-27 20:00:00+00:00,47.45244538333334
2025-03-27 21:00:00+00:00,48.26542068333334
2025-03-27 22:00:00+00:00,48.79444578333333
2025-03-27 23:00:00+00:00,45.4185941
2025-03-28 00:00:00+00:00,43.742481399999996
2025-03-28 01:00:00+00:00,42.3155581
2025-03-28 02:00:00+00:00,40.6329436
2025-03-28 03:00:00+00:00,39.9416288
2025-03-28 04:00:00+00:00,42.368276200000004
2025-03-28 05:00:00+00:00,46.5303209
2025-03-28 06:00:00+00:00,49.3359031
2025-03-28 07:00:00+00:00,48.4368278
2025-03-28 08:00:00+00:00,44.9559085
2025-03-28 09:00:00+00:00,41.0377317
2025-03-28 10:00:00+00:00,38.7302771
2025-03-28 11:00:00+00:00,38.4464498
2025-03-28 12:00:00+00:00,36.7599676
2025-03-28 13:00:00+00:00,35.8222584
2025-03-28 14:00:00+00:00,34.9067788
2025-03-28 15:00:00+00:00,35.21730650000001
2025-03-28 16:00:00+00:00,38.156374099999994
2025-03-28 17:00:00+00:00,43.558164899999994
2025-03-28 18:00:00+00:00,46.9120239
2025-03-28 19:00:00+00:00,43.8582872
2025-03-28 20:00:00+00:00,40.9706376
2025-03-28 21:00:00+00:00,41.5669178
2025-03-28 22:00:00+00:00,42.0136508
2025-03-28 23:00:00+00:00,36.079311583333336
2025-03-29 00:00:00+00:00,33.93435768333333
2025-03-29 01:00:00+00:00,32.29166888333333
2025-03-29 02:00:00+00:00,30.400626283333338
2025-03-29 03:00:00+00:00,29.272704683333338
2025-03-29 04:00:00+00:00,30.725435983333334
2025-03-29 05:00:00+00:00,32.78707968333333
2025-03-29 06:00:00+00:00,33.654668883333336
2025-03-29 07:00:00+00:00,33.05872658333334
2025-03-29 08:00:00+00:00,31.398254183333336
2025-03-29 09:00:00+00:00,29.03898398333334
2025-03-29 10:00:00+00:00,28.26424028333333
2025-03-29 11:00:00+00:00,28.637032783333332
2025-03-29 12:00:00+00:00,26.67799618333333
2025-03-29 13:00:00+00:00,25.479817483333335
2025-03-29 14:00:00+00:00,25.500551883333337
2025-03-29 15:00:00+00:00,27.24799808333334
2025-03-29 16:00:00+00:00,32.105084483333336
2025-03-29 17:00:00+00:00,39.29469078333334
2025-03-29 18:00:00+00:00,44.02234478333334
2025-03-29 19:00:00+00:00,41.735800983333334
2025-03-29 20:00:00+00:00,39.68349258333334
2025-03-29 21:00:00+00:00,41.05118768333333
2025-03-29 22:00:00+00:00,42.05129008333333
2025-03-29 23:00:00+00:00,40.00151005
2025-03-30 00:00:00+00:00,38.11945045
2025-03-30 01:00:00+00:00,34.64894955
2025-03-30 02:00:00+00:00,33.216892849999994
2025-03-30 03:00:00+00:00,33.88203685
2025-03-30 04:00:00+00:00,35.42360795
2025-03-30 05:00:00+00:00,36.47105845
2025-03-30 06:00:00+00:00,35.89429765
2025-03-30 07:00:00+00:00,33.479605750000005
2025-03-30 08:00:00+00:00,30.385868450000004
2025-03-30 09:00:00+00:00,28.469965050000006
2025-03-30 10:00:00+00:00,27.986106850000006
2025-03-30 11:00:00+00:00,26.05018305
2025-03-30 12:00:00+00:00,23.51128165
2025-03-30 13:00:00+00:00,22.06961415
2025-03-30 14:00:00+00:00,21.88815915
2025-03-30 15:00:00+00:00,24.35539105
2025-03-30 16:00:00+00:00,31.303090150000003
2025-03-30 17:00:00+00:00,37.791500150000005
2025-03-30 18:00:00+00:00,38.25507065
2025-03-30 19:00:00+00:00,38.77634615
2025-03-30 20:00:00+00:00,40.432413749999995
2025-03-30 21:00:00+00:00,41.24167125
2025-03-30 22:00:00+00:00,39.35395683333333
2025-03-30 23:00:00+00:00,37.817576333333335
2025-03-31 00:00:00+00:00,36.40672883333333
2025-03-31 01:00:00+00:00,34.832345833333335
2025-03-31 02:00:00+00:00,34.38183883333333
2025-03-31 03:00:00+00:00,37.14057973333333
2025-03-31 04:00:00+00:00,42.26249063333333
2025-03-31 05:00:00+00:00,47.248851433333336
2025-03-31 06:00:00+00:00,48.284302933333336
2025-03-31 07:00:00+00:00,45.19871773333334
2025-03-31 08:00:00+00:00,39.841226133333336
2025-03-31 09:00:00+00:00,35.669893933333334
2025-03-31 10:00:00+00:00,32.93338713333333
2025-03-31 11:00:00+00:00,30.389309033333337
2025-03-31 12:00:00+00:00,27.955669733333337
2025-03-31 13:00:00+00:00,26.147374433333336
2025-03-31 14:00:00+00:00,25.654210433333336
2025-03-31 15:00:00+00:00,27.809517333333336
2025-03-31 16:00:00+00:00,35.05574573333333
2025-03-31 17:00:00+00:00,41.490995133333335
2025-03-31 18:00:00+00:00,40.253803633333334
2025-03-31 19:00:00+00:00,38.51816173333333
2025-03-31 20:00:00+00:00,38.56900123333334
2025-03-31 21:00:00+00:00,38.73358063333333
2025-03-31 22:00:00+00:00,35.51774963333334
2025-03-31 23:00:00+00:00,33.78525713333333
2025-04-01 00:00:00+00:00,32.507453633333334
2025-04-01 01:00:00+00:00,30.933445533333334
2025-04-01 02:00:00+00:00,30.360701533333337
2025-04-01 03:00:00+00:00,32.74344563333333
2025-04-01 04:00:00+00:00,37.385178933333336
2025-04-01 05:00:00+00:00,41.96470133333334
2025-04-01 06:00:00+00:00,42.23058283333333
2025-04-01 07:00:00+00:00,38.57630923333333
2025-04-01 08:00:00+00:00,32.58681043333334
2025-04-01 09:00:00+00:00,28.049720633333337
2025-04-01 10:00:00+00:00,24.93759423333334
2025-04-01 11:00:00+00:00,22.007030333333336
2025-04-01 12:00:00+00:00,19.32982103333333
2025-04-01 13:00:00+00:00,17.60398973333334
2025-04-01 14:00:00+00:00,16.960436033333334
2025-04-01 15:00:00+00:00,18.936929633333335
2025-04-01 16:00:00+00:00,25.895852033333334
2025-04-01 17:00:00+00:00,32.13772253333333
2025-04-01 18:00:00+00:00,31.65124203333333
2025-04-01 19:00:00+00:00,30.977245933333336
2025-04-01 20:00:00+00:00,31.923991933333333
2025-04-01 21:00:00+00:00,32.445646733333334
2025-04-01 22:00:00+00:00,29.671297566666667
2025-04-01 23:00:00+00:00,28.031727866666667
2025-04-02 00:00:00+00:00,26.694419866666667
2025-04-02 01:00:00+00:00,25.403949866666665
2025-04-02 02:00:00+00:00,25.32961226666667
2025-04-02 03:00:00+00:00,28.099322266666668
2025-04-02 04:00:00+00:00,32.82195886666667
2025-04-02 05:00:00+00:00,37.44105376666667
2025-04-02 06:00:00+00:00,38.76453216666666
2025-04-02 07:00:00+00:00,36.950708266666666
2025-04-02 08:00:00+00:00,33.462355466666665
2025-04-02 09:00:00+00:00,30.93807486666667
2025-04-02 10:00:00+00:00,29.40698286666667
2025-04-02 11:00:00+00:00,27.15624966666667
2025-04-02 12:00:00+00:00,24.884667966666672
2025-04-02 13:00:00+00:00,23.592275266666665
2025-04-02 14:00:00+00:00,23.47922086666667
2025-04-02 15:00:00+00:00,25.186370766666666
2025-04-02 16:00:00+00:00,30.88064866666667
2025-04-02 17:00:00+00:00,35.733892866666665
2025-04-02 18:00:00+00:00,34.549259866666674
2025-04-02 19:00:00+00:00,33.610784566666666
2025-04-02 20:00:00+00:00,34.10815826666666
2025-04-02 21:00:00+00:00,34.46051956666667
2025-04-02 22:00:00+00:00,33.72941961666666
2025-04-02 23:00:00+00:00,32.439995416666676
2025-04-03 00:00:00+00:00,31.11010711666667
2025-04-03 01:00:00+00:00,30.064803316666666
2025-04-03 02:00:00+00:00,29.566698416666664
2025-04-03 03:00:00+00:00,31.73864041666667
2025-04-03 04:00:00+00:00,36.34713931666666
2025-04-03 05:00:00+00:00,40.91462141666666
2025-04-03 06:00:00+00:00,41.820762916666666
2025-04-03 07:00:00+00:00,39.31796431666666
2025-04-03 08:00:00+00:00,34.93878171666667
2025-04-03 09:00:00+00:00,32.06852121666667
2025-04-03 10:00:00+00:00,30.358673416666665
2025-04-03 11:00:00+00:00,28.68746081666667
2025-04-03 12:00:00+00:00,27.20296951666667
2025-04-03 13:00:00+00:00,27.129617716666665
2025-04-03 14:00:00+00:00,27.84941061666667
2025-04-03 15:00:00+00:00,29.84281151666667
2025-04-03 16:00:00+00:00,35.275622416666664
2025-04-03 17:00:00+00:00,40.371981516666665
2025-04-03 18:00:00+00:00,39.28274501666667
2025-04-03 19:00:00+00:00,38.31163521666666
2025-04-03 20:00:00+00:00,38.86741801666666
2025-04-03 21:00:00+00:00,39.26321621666666
2025-04-03 22:00:00+00:00,36.14040573333334
2025-04-03 23:00:00+00:00,34.67613883333333
2025-04-04 00:00:00+00:00,33.11739153333333
2025-04-04 01:00:00+00:00,31.52293843333333
2025-04-04 02:00:00+00:00,31.139273433333337
2025-04-04 03:00:00+00:00,33.265355633333336
2025-04-04 04:00:00+00:00,37.50257703333334
2025-04-04 05:00:00+00:00,41.35872543333333
2025-04-04 06:00:00+00:00,41.529146833333336
2025-04-04 07:00:00+00:00,38.75445153333333
2025-04-04 08:00:00+00:00,34.36619063333333
2025-04-04 09:00:00+00:00,31.688144933333337
2025-04-04 10:00:00+00:00,29.866901233333333
2025-04-04 11:00:00+00:00,27.81613923333333
2025-04-04 12:00:00+00:00,25.722439733333335
2025-04-04 13:00:00+00:00,24.792089533333336
2025-04-04 14:00:00+00:00,25.131262333333336
2025-04-04 15:00:00+00:00,26.80531303333333
2025-04-04 16:00:00+00:00,31.301681333333335
2025-04-04 17:00:00+00:00,35.426604233333336
2025-04-04 18:00:00+00:00,34.37016663333334
2025-04-04 19:00:00+00:00,33.291000733333334
2025-04-04 20:00:00+00:00,33.58995143333333
2025-04-04 21:00:00+00:00,34.165263233333334
2025-04-04 22:00:00+00:00,31.70010913333334
2025-04-04 23:00:00+00:00,30.11825633333333
2025-04-05 00:00:00+00:00,28.50485063333333
2025-04-05 01:00:00+00:00,26.79236913333333
2025-04-05 02:00:00+00:00,25.961187533333337
2025-04-05 03:00:00+00:00,26.783418233333336
2025-04-05 04:00:00+00:00,28.958888533333337
2025-04-05 05:00:00+00:00,30.661047033333332
2025-04-05 06:00:00+00:00,30.74833903333333
2025-04-05 07:00:00+00:00,29.294424933333335
2025-04-05 08:00:00+00:00,26.264507633333338
2025-04-05 09:00:00+00:00,24.548898533333332
2025-04-05 10:00:00+00:00,24.455133333333336
2025-04-05 11:00:00+00:00,22.913454833333333
2025-04-05 12:00:00+00:00,21.20923163333334
2025-04-05 13:00:00+00:00,20.399785033333334
2025-04-05 14:00:00+00:00,20.698751033333338
2025-04-05 15:00:00+00:00,21.932381833333338
2025-04-05 16:00:00+00:00,27.114117233333335
2025-04-05 17:00:00+00:00,31.91751563333333
2025-04-05 18:00:00+00:00,32.13482483333333
2025-04-05 19:00:00+00:00,31.602278533333337
2025-04-05 20:00:00+00:00,32.38863213333334
2025-04-05 21:00:00+00:00,33.01992573333334
2025-04-05 22:00:00+00:00,29.874325266666666
2025-04-05 23:00:00+00:00,28.10702656666667
2025-04-06 00:00:00+00:00,26.391380966666667
2025-04-06 01:00:00+00:00,24.530693366666668
2025-04-06 02:00:00+00:00,23.027209066666664
2025-04-06 03:00:00+00:00,23.085603666666668
2025-04-06 04:00:00+00:00,24.294198766666664
2025-04-06 05:00:00+00:00,24.706651666666666
2025-04-06 06:00:00+00:00,23.67518066666667
2025-04-06 07:00:00+00:00,21.770109466666664
2025-04-06 08:00:00+00:00,18.969638966666665
2025-04-06 09:00:00+00:00,17.633116766666664
2025-04-06 10:00:00+00:00,17.91752836666667
2025-04-06 11:00:00+00:00,16.536034966666666
2025-04-06 12:00:00+00:00,14.129042066666663
2025-04-06 13:00:00+00:00,13.022230066666665
2025-04-06 14:00:00+00:00,13.395767766666669
2025-04-06 15:00:00+00:00,15.45107036666667
2025-04-06 16:00:00+00:00,21.825416866666668
2025-04-06 17:00:00+00:00,28.012672266666666
2025-04-06 18:00:00+00:00,29.501486066666665
2025-04-06 19:00:00+00:00,29.229319166666667
2025-04-06 20:00:00+00:00,29.954876366666664
2025-04-06 21:00:00+00:00,30.800100166666667
2025-04-06 22:00:00+00:00,31.283700733333333
2025-04-06 23:00:00+00:00,30.860293333333335
2025-04-07 00:00:00+00:00,30.075286533333337
2025-04-07 01:00:00+00:00,29.371054833333336
2025-04-07 02:00:00+00:00,29.40711423333333
2025-04-07 03:00:00+00:00,32.396328733333334
2025-04-07 04:00:00+00:00,37.79261413333333
2025-04-07 05:00:00+00:00,42.719226133333336
2025-04-07 06:00:00+00:00,44.00205543333334
2025-04-07 07:00:00+00:00,42.09353073333333
2025-04-07 08:00:00+00:00,37.540218933333335
2025-04-07 09:00:00+00:00,34.63242853333334
2025-04-07 10:00:00+00:00,33.297418433333334
2025-04-07 11:00:00+00:00,31.738895233333334
2025-04-07 12:00:00+00:00,29.99042023333334
2025-04-07 13:00:00+00:00,28.664675733333333
2025-04-07 14:00:00+00:00,28.756582233333337
2025-04-07 15:00:00+00:00,30.619708333333335
2025-04-07 16:00:00+00:00,36.55233163333334
2025-04-07 17:00:00+00:00,42.70478113333333
2025-04-07 18:00:00+00:00,43.52450103333334
2025-04-07 19:00:00+00:00,41.915195233333336
2025-04-07 20:00:00+00:00,41.874771433333336
2025-04-07 21:00:00+00:00,41.978153733333336
2025-04-07 22:00:00+00:00,38.451253666666666
2025-04-07 23:00:00+00:00,37.52218216666667
2025-04-08 00:00:00+00:00,36.43154236666666
2025-04-08 01:00:00+00:00,35.58099146666667
2025-04-08 02:00:00+00:00,35.35191976666667
2025-04-08 03:00:00+00:00,37.90590006666667
2025-04-08 04:00:00+00:00,42.77156646666667
2025-04-08 05:00:00+00:00,47.17197926666667
2025-04-08 06:00:00+00:00,47.04485016666666
2025-04-08 07:00:00+00:00,43.57955636666667
2025-04-08 08:00:00+00:00,38.38754766666666
2025-04-08 09:00:00+00:00,35.37333836666667
2025-04-08 10:00:00+00:00,34.21577466666666
2025-04-08 11:00:00+00:00,32.42636876666667
2025-04-08 12:00:00+00:00,30.90298816666667
2025-04-08 13:00:00+00:00,29.62299066666667
2025-04-08 14:00:00+00:00,29.555033166666664
2025-04-08 15:00:00+00:00,31.381109066666667
2025-04-08 16:00:00+00:00,37.56113476666667
2025-04-08 17:00:00+00:00,43.11603096666667
2025-04-08 18:00:00+00:00,43.72092166666667
2025-04-08 19:00:00+00:00,42.05309186666667
2025-04-08 20:00:00+00:00,42.01019936666667
2025-04-08 21:00:00+00:00,41.86076916666667
2025-04-08 22:00:00+00:00,40.2710274
2025-04-08 23:00:00+00:00,38.90576
2025-04-09 00:00:00+00:00,37.491621699999996
2025-04-09 01:00:00+00:00,36.2550616
2025-04-09 02:00:00+00:00,35.609669800000006
2025-04-09 03:00:00+00:00,37.8220977
2025-04-09 04:00:00+00:00,42.1740568
2025-04-09 05:00:00+00:00,46.0823734
2025-04-09 06:00:00+00:00,46.6057085
2025-04-09 07:00:00+00:00,44.0528745
2025-04-09 08:00:00+00:00,39.5649504
2025-04-09 09:00:00+00:00,36.9292375
2025-04-09 10:00:00+00:00,35.5133122
2025-04-09 11:00:00+00:00,33.46507940000001
2025-04-09 12:00:00+00:00,31.124581900000003
2025-04-09 13:00:00+00:00,29.401733399999998
2025-04-09 14:00:00+00:00,28.7640944
2025-04-09 15:00:00+00:00,30.0650145
2025-04-09 16:00:00+00:00,35.2430918
2025-04-09 17:00:00+00:00,40.2678794
2025-04-09 18:00:00+00:00,40.193767300000005
2025-04-09 19:00:00+00:00,38.303206900000006
2025-04-09 20:00:00+00:00,38.2690013
2025-04-09 21:00:00+00:00,38.239081600000006
2025-04-09 22:00:00+00:00,34.17259255
2025-04-09 23:00:00+00:00,32.98662765
2025-04-10 00:00:00+00:00,31.420117949999998
2025-04-10 01:00:00+00:00,30.24206735
2025-04-10 02:00:00+00:00,29.868612849999998
2025-04-10 03:00:00+00:00,32.60085525
2025-04-10 04:00:00+00:00,37.32689295
2025-04-10 05:00:00+00:00,41.47569355
2025-04-10 06:00:00+00:00,42.217425750000004
2025-04-10 07:00:00+00:00,39.74772715
2025-04-10 08:00:00+00:00,34.93439105
2025-04-10 09:00:00+00:00,31.98515595
2025-04-10 10:00:00+00:00,30.799504150000004
2025-04-10 11:00:00+00:00,29.16545735
2025-04-10 12:00:00+00:00,27.706597450000004
2025-04-10 13:00:00+00:00,26.127523850000003
2025-04-10 14:00:00+00:00,25.67515235
2025-04-10 15:00:00+00:00,27.62504425
2025-04-10 16:00:00+00:00,33.36897735
2025-04-10 17:00:00+00:00,39.831129250000004
2025-04-10 18:00:00+00:00,40.85716585
2025-04-10 19:00:00+00:00,39.512698050000004
2025-04-10 20:00:00+00:00,39.88883235
2025-04-10 21:00:00+00:00,40.24593855
2025-04-10 22:00:00+00:00,36.04617176666666
2025-04-10 23:00:00+00:00,35.20430596666667
2025-04-11 00:00:00+00:00,33.73492936666666
2025-04-11 01:00:00+00:00,32.64396946666667
2025-04-11 02:00:00+00:00,32.258627966666666
2025-04-11 03:00:00+00:00,34.88510396666666
2025-04-11 04:00:00+00:00,39.26115216666667
2025-04-11 05:00:00+00:00,43.05823986666667
2025-04-11 06:00:00+00:00,43.35332566666666
2025-04-11 07:00:00+00:00,40.13720876666667
2025-04-11 08:00:00+00:00,35.17385176666667
2025-04-11 09:00:00+00:00,31.85634036666667
2025-04-11 10:00:00+00:00,30.39085906666667
2025-04-11 11:00:00+00:00,28.28241056666667
2025-04-11 12:00:00+00:00,26.553198766666668
2025-04-11 13:00:00+00:00,25.243814566666668
2025-04-11 14:00:00+00:00,24.99314626666667
2025-04-11 15:00:00+00:00,27.007992666666667
2025-04-11 16:00:00+00:00,32.28995966666666
2025-04-11 17:00:00+00:00,37.21678896666666
2025-04-11 18:00:00+00:00,37.38823056666667
2025-04-11 19:00:00+00:00,35.86988106666667
2025-04-11 20:00:00+00:00,36.10315196666667
2025-04-11 21:00:00+00:00,35.636697866666665
2025-04-11 22:00:00+00:00,32.03441956666667
2025-04-11 23:00:00+00:00,30.59422966666667
2025-04-12 00:00:00+00:00,28.32272246666667
2025-04-12 01:00:00+00:00,26.484590666666666
2025-04-12 02:00:00+00:00,25.157826966666665
2025-04-12 03:00:00+00:00,26.204052266666665
2025-04-12 04:00:00+00:00,27.91353386666667
2025-04-12 05:00:00+00:00,28.77431796666667
2025-04-12 06:00:00+00:00,28.98489466666667
2025-04-12 07:00:00+00:00,28.991824766666667
2025-04-12 08:00:00+00:00,27.39292006666666
2025-04-12 09:00:00+00:00,26.205050566666667
2025-04-12 10:00:00+00:00,26.060532066666667
2025-04-12 11:00:00+00:00,24.603419066666667
2025-04-12 12:00:00+00:00,21.949774066666667
2025-04-12 13:00:00+00:00,20.697919866666666
2025-04-12 14:00:00+00:00,20.11222376666667
2025-04-12 15:00:00+00:00,21.223450966666668
2025-04-12 16:00:00+00:00,25.62177096666667
2025-04-12 17:00:00+00:00,29.741295466666664
2025-04-12 18:00:00+00:00,30.15214126666667
2025-04-12 19:00:00+00:00,29.545519166666665
2025-04-12 20:00:00+00:00,30.366744366666666
2025-04-12 21:00:00+00:00,30.542555266666668
2025-04-12 22:00:00+00:00,27.928351466666665
2025-04-12 23:00:00+00:00,26.303747866666672
2025-04-13 00:00:00+00:00,23.66982826666667
2025-04-13 01:00:00+00:00,21.745852166666666
2025-04-13 02:00:00+00:00,20.483546466666667
2025-04-13 03:00:00+00:00,21.266831566666667
2025-04-13 04:00:00+00:00,22.690722466666667
2025-04-13 05:00:00+00:00,23.387473466666666
2025-04-13 06:00:00+00:00,24.032755866666662
2025-04-13 07:00:00+00:00,24.71599726666667
2025-04-13 08:00:00+00:00,24.513225366666667
2025-04-13 09:00:00+00:00,24.66708246666667
2025-04-13 10:00:00+00:00,25.860993666666666
2025-04-13 11:00:00+00:00,24.984928966666665
2025-04-13 12:00:00+00:00,22.79739606666667
2025-04-13 13:00:00+00:00,21.66175216666667
2025-04-13 14:00:00+00:00,21.483801766666673
2025-04-13 15:00:00+00:00,23.31944656666667
2025-04-13 16:00:00+00:00,28.479066266666667
2025-04-13 17:00:00+00:00,34.24096196666667
2025-04-13 18:00:00+00:00,35.63864676666667
2025-04-13 19:00:00+00:00,35.583954866666666
2025-04-13 20:00:00+00:00,36.73195696666667
2025-04-13 21:00:00+00:00,36.945865166666664
2025-04-13 22:00:00+00:00,36.53003281666667
2025-04-13 23:00:00+00:00,35.42221921666667
2025-04-14 00:00:00+00:00,33.51336321666666
2025-04-14 01:00:00+00:00,31.97679621666667
2025-04-14 02:00:00+00:00,31.408101416666664
2025-04-14 03:00:00+00:00,33.939546916666664
2025-04-14 04:00:00+00:00,38.071076616666666
2025-04-14 05:00:00+00:00,41.599408616666665
2025-04-14 06:00:00+00:00,42.03308081666667
2025-04-14 07:00:00+00:00,40.02663021666666
2025-04-14 08:00:00+00:00,36.82822981666666
2025-04-14 09:00:00+00:00,35.21671201666666
2025-04-14 10:00:00+00:00,34.87205181666667
2025-04-14 11:00:00+00:00,33.70117851666667
2025-04-14 12:00:00+00:00,32.64108191666667
2025-04-14 13:00:00+00:00,32.236872516666665
2025-04-14 14:00:00+00:00,32.226679016666665
2025-04-14 15:00:00+00:00,33.82840721666667
2025-04-14 16:00:00+00:00,38.62974991666667
2025-04-14 17:00:00+00:00,43.060574216666666
2025-04-14 18:00:00+00:00,42.630524816666664
2025-04-14 19:00:00+00:00,40.78434751666667
2025-04-14 20:00:00+00:00,40.639482216666664
2025-04-14 21:00:00+00:00,39.65425271666667
2025-04-14 22:00:00+00:00,35.48716553333333
2025-04-14 23:00:00+00:00,33.84091693333333
2025-04-15 00:00:00+00:00,31.653267433333333
2025-04-15 01:00:00+00:00,29.99825873333333
2025-04-15 02:00:00+00:00,29.23756753333333
2025-04-15 03:00:00+00:00,31.57822193333333
2025-04-15 04:00:00+00:00,35.50087093333333
2025-04-15 05:00:00+00:00,38.993034933333334
2025-04-15 06:00:00+00:00,39.71440363333333
2025-04-15 07:00:00+00:00,38.153188533333335
2025-04-15 08:00:00+00:00,35.33411683333333
2025-04-15 09:00:00+00:00,34.16926773333333
2025-04-15 10:00:00+00:00,33.58906643333333
2025-04-15 11:00:00+00:00,31.374187433333336
2025-04-15 12:00:00+00:00,29.259021233333332
2025-04-15 13:00:00+00:00,27.627406433333334
2025-04-15 14:00:00+00:00,26.511397733333336
2025-04-15 15:00:00+00:00,27.43155193333333
2025-04-15 16:00:00+00:00,32.352696333333334
2025-04-15 17:00:00+00:00,37.12039453333333
2025-04-15 18:00:00+00:00,37.64062273333333
2025-04-15 19:00:00+00:00,36.925969433333336
2025-04-15 20:00:00+00:00,37.991213933333334
2025-04-15 21:00:00+00:00,38.14824383333334
2025-04-15 22:00:00+00:00,32.8703038
2025-04-15 23:00:00+00:00,31.7880785
2025-04-16 00:00:00+00:00,30.1750808
2025-04-16 01:00:00+00:00,29.0431321
2025-04-16 02:00:00+00:00,28.674171899999997
2025-04-16 03:00:00+00:00,31.213310500000006
2025-04-16 04:00:00+00:00,35.357081
2025-04-16 05:00:00+00:00,39.187534
2025-04-16 06:00:00+00:00,40.70781890000001
2025-04-16 07:00:00+00:00,40.1184374
2025-04-16 08:00:00+00:00,37.6856239
2025-04-16 09:00:00+00:00,36.6217905
2025-04-16 10:00:00+00:00,36.7092141
2025-04-16 11:00:00+00:00,35.5495841
2025-04-16 12:00:00+00:00,34.2828301
2025-04-16 13:00:00+00:00,33.298228
2025-04-16 14:00:00+00:00,32.7449986
2025-04-16 15:00:00+00:00,33.73223419999999
2025-04-16 16:00:00+00:00,38.2500933
2025-04-16 17:00:00+00:00,42.92483369999999
2025-04-16 18:00:00+00:00,43.0313678
2025-04-16 19:00:00+00:00,41.8370809
2025-04-16 20:00:00+00:00,42.3287903
2025-04-16 21:00:00+00:00,42.035143000000005
2025-04-16 22:00:00+00:00,40.097185616666664
2025-04-16 23:00:00+00:00,38.53121691666667
2025-04-17 00:00:00+00:00,36.45229271666667
2025-04-17 01:00:00+00:00,34.59342621666667
2025-04-17 02:00:00+00:00,33.833187116666664
2025-04-17 03:00:00+00:00,35.57681581666667
2025-04-17 04:00:00+00:00,39.67174201666667
2025-04-17 05:00:00+00:00,42.90119991666667
2025-04-17 06:00:00+00:00,43.61940501666667
2025-04-17 07:00:00+00:00,41.234898916666666
2025-04-17 08:00:00+00:00,38.05144441666666
2025-04-17 09:00:00+00:00,35.93155401666667
2025-04-17 10:00:00+00:00,34.651345516666666
2025-04-17 11:00:00+00:00,33.03458151666667
2025-04-17 12:00:00+00:00,31.639311116666665
2025-04-17 13:00:00+00:00,30.582980316666664
2025-04-17 14:00:00+00:00,30.664150816666666
2025-04-17 15:00:00+00:00,31.991971316666667
2025-04-17 16:00:00+00:00,37.007634216666666
2025-04-17 17:00:00+00:00,41.399653516666675
2025-04-17 18:00:00+00:00,41.804545816666675
2025-04-17 19:00:00+00:00,41.11725641666666
2025-04-17 20:00:00+00:00,41.91692081666667
2025-04-17 21:00:00+00:00,42.11356491666667
2025-04-17 22:00:00+00:00,38.678453616666665
2025-04-17 23:00:00+00:00,36.76662281666667
2025-04-18 00:00:00+00:00,34.63837301666666
2025-04-18 01:00:00+00:00,32.75717241666667
2025-04-18 02:00:00+00:00,31.891800316666668
2025-04-18 03:00:00+00:00,33.53039521666666
2025-04-18 04:00:00+00:00,37.25899001666667
2025-04-18 05:00:00+00:00,40.09530831666667
2025-04-18 06:00:00+00:00,40.13431861666667
2025-04-18 07:00:00+00:00,37.028951316666664
2025-04-18 08:00:00+00:00,32.999786316666665
2025-04-18 09:00:00+00:00,29.622048316666667
2025-04-18 10:00:00+00:00,27.64433491666667
2025-04-18 11:00:00+00:00,25.384731816666672
2025-04-18 12:00:00+00:00,23.314100916666668
2025-04-18 13:00:00+00:00,22.07178191666667
2025-04-18 14:00:00+00:00,22.152179816666667
2025-04-18 15:00:00+00:00,24.32161441666667
2025-04-18 16:00:00+00:00,29.554958216666662
2025-04-18 17:00:00+00:00,33.747687416666665
2025-04-18 18:00:00+00:00,33.19079051666667
2025-04-18 19:00:00+00:00,31.71250451666667
2025-04-18 20:00:00+00:00,31.867206716666672
2025-04-18 21:00:00+00:00,31.48612001666666
2025-04-18 22:00:00+00:00,29.257649533333336
2025-04-18 23:00:00+00:00,27.509691233333328
2025-04-19 00:00:00+00:00,25.57784003333333
2025-04-19 01:00:00+00:00,23.889097633333332
2025-04-19 02:00:00+00:00,23.055555533333333
2025-04-19 03:00:00+00:00,24.051576133333334
2025-04-19 04:00:00+00:00,25.890625033333333
2025-04-19 05:00:00+00:00,26.84872553333333
2025-04-19 06:00:00+00:00,28.018611333333332
2025-04-19 07:00:00+00:00,28.984159933333334
2025-04-19 08:00:00+00:00,28.962091033333337
2025-04-19 09:00:00+00:00,28.788274833333332
2025-04-19 10:00:00+00:00,29.515183033333333
2025-04-19 11:00:00+00:00,28.748789533333333
2025-04-19 12:00:00+00:00,27.082072633333333
2025-04-19 13:00:00+00:00,26.222242933333334
2025-04-19 14:00:00+00:00,25.949567133333336
2025-04-19 15:00:00+00:00,26.94156073333333
2025-04-19 16:00:00+00:00,31.020909233333334
2025-04-19 17:00:00+00:00,34.00976613333333
2025-04-19 18:00:00+00:00,33.46714513333333
2025-04-19 19:00:00+00:00,32.52067423333333
2025-04-19 20:00:00+00:00,33.55255493333334
2025-04-19 21:00:00+00:00,33.39989333333334
2025-04-19 22:00:00+00:00,29.849736983333337
2025-04-19 23:00:00+00:00,28.144073983333335
2025-04-20 00:00:00+00:00,25.524094983333335
2025-04-20 01:00:00+00:00,23.307930483333337
2025-04-20 02:00:00+00:00,22.063263183333337
2025-04-20 03:00:00+00:00,22.624291683333333
2025-04-20 04:00:00+00:00,23.706031383333336
2025-04-20 05:00:00+00:00,23.61860688333333
2025-04-20 06:00:00+00:00,23.681377083333338
2025-04-20 07:00:00+00:00,23.255582583333332
2025-04-20 08:00:00+00:00,22.668466683333335
2025-04-20 09:00:00+00:00,22.488504883333338
2025-04-20 10:00:00+00:00,23.237329583333334
2025-04-20 11:00:00+00:00,21.798048783333336
2025-04-20 12:00:00+00:00,19.283290683333334
2025-04-20 13:00:00+00:00,18.302035083333337
2025-04-20 14:00:00+00:00,18.52664078333333
2025-04-20 15:00:00+00:00,20.582425283333333
2025-04-20 16:00:00+00:00,26.251377283333337
2025-04-20 17:00:00+00:00,31.279738883333337
2025-04-20 18:00:00+00:00,32.27125578333333
2025-04-20 19:00:00+00:00,32.27074548333333
2025-04-20 20:00:00+00:00,32.99637048333334
2025-04-20 21:00:00+00:00,33.18395128333333
2025-04-20 22:00:00+00:00,31.849253966666666
2025-04-20 23:00:00+00:00,30.599778766666667
2025-04-21 00:00:00+00:00,28.285546366666665
2025-04-21 01:00:00+00:00,26.16050206666667
2025-04-21 02:00:00+00:00,25.003740166666667
2025-04-21 03:00:00+00:00,25.589777966666666
2025-04-21 04:00:00+00:00,26.843701366666664
2025-04-21 05:00:00+00:00,26.868242566666662
2025-04-21 06:00:00+00:00,26.575565166666664
2025-04-21 07:00:00+00:00,25.801505966666667
2025-04-21 08:00:00+00:00,24.867632766666667
2025-04-21 09:00:00+00:00,24.968328566666667
2025-04-21 10:00:00+00:00,25.655678866666666
2025-04-21 11:00:00+00:00,24.130520866666668
2025-04-21 12:00:00+00:00,21.54487566666667
2025-04-21 13:00:00+00:00,20.06919356666667
2025-04-21 14:00:00+00:00,19.425084566666666
2025-04-21 15:00:00+00:00,21.496639166666665
2025-04-21 16:00:00+00:00,26.856179266666665
2025-04-21 17:00:00+00:00,32.46465216666667
2025-04-21 18:00:00+00:00,33.772989466666665
2025-04-21 19:00:00+00:00,34.48994686666667
2025-04-21 20:00:00+00:00,35.77185396666666
2025-04-21 21:00:00+00:00,36.22034886666667
2025-04-21 22:00:00+00:00,34.36410455000001
2025-04-21 23:00:00+00:00,33.14926835
2025-04-22 00:00:00+00:00,31.379247350000004
2025-04-22 01:00:00+00:00,30.02098435
2025-04-22 02:00:00+00:00,29.787906349999997
2025-04-22 03:00:00+00:00,32.22917505
2025-04-22 04:00:00+00:00,36.593511750000005
2025-04-22 05:00:00+00:00,40.10240215
2025-04-22 06:00:00+00:00,41.63246744999999
2025-04-22 07:00:00+00:00,40.28746255
2025-04-22 08:00:00+00:00,37.54253555
2025-04-22 09:00:00+00:00,35.76183935
2025-04-22 10:00:00+00:00,35.06934235
2025-04-22 11:00:00+00:00,33.66550825
2025-04-22 12:00:00+00:00,32.430973050000006
2025-04-22 13:00:00+00:00,31.775312850000006
2025-04-22 14:00:00+00:00,31.15895305
2025-04-22 15:00:00+00:00,32.72529615
2025-04-22 16:00:00+00:00,37.044926849999996
2025-04-22 17:00:00+00:00,41.18567025
2025-04-22 18:00:00+00:00,40.94739915
2025-04-22 19:00:00+00:00,40.46832455
2025-04-22 20:00:00+00:00,40.78806125
2025-04-22 21:00:00+00:00,40.51715925
2025-04-22 22:00:00+00:00,36.161606866666666
2025-04-22 23:00:00+00:00,34.082215166666664
2025-04-23 00:00:00+00:00,31.33746946666667
2025-04-23 01:00:00+00:00,28.972665866666667
2025-04-23 02:00:00+00:00,27.717798266666666
2025-04-23 03:00:00+00:00,28.931064766666665
2025-04-23 04:00:00+00:00,32.02076186666666
2025-04-23 05:00:00+00:00,34.34129466666667
2025-04-23 06:00:00+00:00,34.745717066666664
2025-04-23 07:00:00+00:00,32.85833436666667
2025-04-23 08:00:00+00:00,30.40499206666667
2025-04-23 09:00:00+00:00,29.749570366666664
2025-04-23 10:00:00+00:00,29.953166466666666
2025-04-23 11:00:00+00:00,28.996963366666666
2025-04-23 12:00:00+00:00,27.962774466666666
2025-04-23 13:00:00+00:00,27.693104366666667
2025-04-23 14:00:00+00:00,27.725070566666663
2025-04-23 15:00:00+00:00,29.55392996666667
2025-04-23 16:00:00+00:00,34.02269986666667
2025-04-23 17:00:00+00:00,38.44088276666667
2025-04-23 18:00:00+00:00,38.50674736666667
2025-04-23 19:00:00+00:00,38.41887166666667
2025-04-23 20:00:00+00:00,39.17871976666667
2025-04-23 21:00:00+00:00,39.565146666666664
2025-04-23 22:00:00+00:00,36.88361411666667
2025-04-23 23:00:00+00:00,35.39217071666666
2025-04-24 00:00:00+00:00,33.25126511666667
2025-04-24 01:00:00+00:00,31.64457721666667
2025-04-24 02:00:00+00:00,31.041707216666666
2025-04-24 03:00:00+00:00,32.921678516666674
2025-04-24 04:00:00+00:00,36.778677716666664
2025-04-24 05:00:00+00:00,40.02741391666667
2025-04-24 06:00:00+00:00,40.89584921666667
2025-04-24 07:00:00+00:00,38.65329021666667
2025-04-24 08:00:00+00:00,35.50215541666667
2025-04-24 09:00:00+00:00,34.11068851666667
2025-04-24 10:00:00+00:00,33.380323016666665
2025-04-24 11:00:00+00:00,32.10931541666667
2025-04-24 12:00:00+00:00,30.67402901666667
2025-04-24 13:00:00+00:00,29.373857716666667
2025-04-24 14:00:00+00:00,28.36662611666667
2025-04-24 15:00:00+00:00,29.823930316666665
2025-04-24 16:00:00+00:00,34.38033301666667
2025-04-24 17:00:00+00:00,39.14217191666667
2025-04-24 18:00:00+00:00,39.256166916666665
2025-04-24 19:00:00+00:00,39.19485231666667
2025-04-24 20:00:00+00:00,39.921244916666666
2025-04-24 21:00:00+00:00,40.104680816666665
2025-04-24 22:00:00+00:00,38.25348235
2025-04-24 23:00:00+00:00,36.740488549999995
2025-04-25 00:00:00+00:00,34.83619315
2025-04-25 01:00:00+00:00,33.15358345
2025-04-25 02:00:00+00:00,32.80080075
2025-04-25 03:00:00+00:00,34.93246475
2025-04-25 04:00:00+00:00,38.74004865
2025-04-25 05:00:00+00:00,41.56412305
2025-04-25 06:00:00+00:00,41.69367985
2025-04-25 07:00:00+00:00,38.75191535
2025-04-25 08:00:00+00:00,34.41462725000001
2025-04-25 09:00:00+00:00,31.68028845
2025-04-25 10:00:00+00:00,30.714487150000004
2025-04-25 11:00:00+00:00,29.043996149999998
2025-04-25 12:00:00+00:00,28.00022045
2025-04-25 13:00:00+00:00,26.469768849999998
2025-04-25 14:00:00+00:00,25.91105555
2025-04-25 15:00:00+00:00,28.749975350000003
2025-04-25 16:00:00+00:00,33.507852750000005
2025-04-25 17:00:00+00:00,38.086652349999994
2025-04-25 18:00:00+00:00,38.37920355
2025-04-25 19:00:00+00:00,38.47471935
2025-04-25 20:00:00+00:00,38.832493850000006
2025-04-25 21:00:00+00:00,38.617376050000004
2025-04-25 22:00:00+00:00,34.49397591666667
2025-04-25 23:00:00+00:00,32.66314081666667
2025-04-26 00:00:00+00:00,30.448932316666667
2025-04-26 01:00:00+00:00,28.27731681666667
2025-04-26 02:00:00+00:00,27.271272516666667
2025-04-26 03:00:00+00:00,28.15523221666667
2025-04-26 04:00:00+00:00,29.449747716666664
2025-04-26 05:00:00+00:00,29.806354716666668
2025-04-26 06:00:00+00:00,30.190917816666666
2025-04-26 07:00:00+00:00,30.011710416666666
2025-04-26 08:00:00+00:00,28.496943916666666
2025-04-26 09:00:00+00:00,27.908026516666666
2025-04-26 10:00:00+00:00,28.257127916666672
2025-04-26 11:00:00+00:00,27.06507741666667
2025-04-26 12:00:00+00:00,25.826581816666668
2025-04-26 13:00:00+00:00,24.644733116666664
2025-04-26 14:00:00+00:00,24.27783661666667
2025-04-26 15:00:00+00:00,26.027443216666665
2025-04-26 16:00:00+00:00,29.346496716666664
2025-04-26 17:00:00+00:00,32.466293916666665
2025-04-26 18:00:00+00:00,32.29860721666667
2025-04-26 19:00:00+00:00,32.49424421666667
2025-04-26 20:00:00+00:00,33.24355251666667
2025-04-26 21:00:00+00:00,33.73765731666667
2025-04-26 22:00:00+00:00,32.15736138333334
2025-04-26 23:00:00+00:00,30.71122868333333
2025-04-27 00:00:00+00:00,28.456896583333332
2025-04-27 01:00:00+00:00,26.432608783333336
2025-04-27 02:00:00+00:00,25.46600828333333
2025-04-27 03:00:00+00:00,26.172301483333335
2025-04-27 04:00:00+00:00,27.286337883333335
2025-04-27 05:00:00+00:00,27.389181083333334
2025-04-27 06:00:00+00:00,27.52264548333333
2025-04-27 07:00:00+00:00,27.188407583333337
2025-04-27 08:00:00+00:00,25.612418083333335
2025-04-27 09:00:00+00:00,25.16549458333333
2025-04-27 10:00:00+00:00,25.435279583333337
2025-04-27 11:00:00+00:00,23.90490238333333
2025-04-27 12:00:00+00:00,22.101525783333337
2025-04-27 13:00:00+00:00,20.682855583333332
2025-04-27 14:00:00+00:00,20.417365883333332
2025-04-27 15:00:00+00:00,22.621389883333336
2025-04-27 16:00:00+00:00,27.40475968333333
2025-04-27 17:00:00+00:00,32.05512378333333
2025-04-27 18:00:00+00:00,33.01520278333333
2025-04-27 19:00:00+00:00,33.980490483333334
2025-04-27 20:00:00+00:00,34.80893128333334
2025-04-27 21:00:00+00:00,34.982693383333334
2025-04-27 22:00:00+00:00,29.603040633333336
2025-04-27 23:00:00+00:00,28.01723523333333
2025-04-28 00:00:00+00:00,26.202736333333334
2025-04-28 01:00:00+00:00,24.680497033333335
2025-04-28 02:00:00+00:00,24.40509983333333
2025-04-28 03:00:00+00:00,26.91894763333333
2025-04-28 04:00:00+00:00,31.053631433333333
2025-04-28 05:00:00+00:00,34.133028233333334
2025-04-28 06:00:00+00:00,35.05732823333334
2025-04-28 07:00:00+00:00,33.09579813333333
2025-04-28 08:00:00+00:00,28.989724733333336
2025-04-28 09:00:00+00:00,26.59516773333333
2025-04-28 10:00:00+00:00,25.628235333333336
2025-04-28 11:00:00+00:00,24.72231093333334
2025-04-28 12:00:00+00:00,24.169906233333336
2025-04-28 13:00:00+00:00,23.428733733333335
2025-04-28 14:00:00+00:00,23.458825033333333
2025-04-28 15:00:00+00:00,25.18888443333333
2025-04-28 16:00:00+00:00,29.565336433333332
2025-04-28 17:00:00+00:00,33.45236923333333
2025-04-28 18:00:00+00:00,33.10557433333334
2025-04-28 19:00:00+00:00,32.40229753333333
2025-04-28 20:00:00+00:00,31.883037133333332
2025-04-28 21:00:00+00:00,31.676528633333334
2025-04-28 22:00:00+00:00,28.402178733333333
2025-04-28 23:00:00+00:00,26.68148173333333
2025-04-29 00:00:00+00:00,24.84917803333333
2025-04-29 01:00:00+00:00,23.315644733333336
2025-04-29 02:00:00+00:00,22.901805833333334
2025-04-29 03:00:00+00:00,25.173432233333333
2025-04-29 04:00:00+00:00,28.952868733333336
2025-04-29 05:00:00+00:00,31.59211943333333
2025-04-29 06:00:00+00:00,31.688751933333332
2025-04-29 07:00:00+00:00,29.276546133333333
2025-04-29 08:00:00+00:00,25.236754233333336
2025-04-29 09:00:00+00:00,23.177996233333335
2025-04-29 10:00:00+00:00,22.151592233333332
2025-04-29 11:00:00+00:00,21.159073933333335
2025-04-29 12:00:00+00:00,20.829203833333338
2025-04-29 13:00:00+00:00,20.668619433333337
2025-04-29 14:00:00+00:00,21.046136833333335
2025-04-29 15:00:00+00:00,23.125154433333336
2025-04-29 16:00:00+00:00,27.789824433333337
2025-04-29 17:00:00+00:00,31.87020473333334
2025-04-29 18:00:00+00:00,31.780085733333337
2025-04-29 19:00:00+00:00,31.285806533333336
2025-04-29 20:00:00+00:00,30.890818933333335
2025-04-29 21:00:00+00:00,30.773700333333338
2025-04-29 22:00:00+00:00,27.101088450000002
2025-04-29 23:00:00+00:00,25.471351150000004
2025-04-30 00:00:00+00:00,23.634923150000002
2025-04-30 01:00:00+00:00,22.11636955
2025-04-30 02:00:00+00:00,21.708480050000002
2025-04-30 03:00:00+00:00,23.94362035
2025-04-30 04:00:00+00:00,27.488090749999998
2025-04-30 05:00:00+00:00,29.92034215
2025-04-30 06:00:00+00:00,30.20801065
2025-04-30 07:00:00+00:00,28.08800255
2025-04-30 08:00:00+00:00,24.32935785
2025-04-30 09:00:00+00:00,23.065489050000004
2025-04-30 10:00:00+00:00,22.936797850000005
2025-04-30 11:00:00+00:00,22.39651455
2025-04-30 12:00:00+00:00,21.82916455
2025-04-30 13:00:00+00:00,20.842257150000005
2025-04-30 14:00:00+00:00,20.40112705
2025-04-30 15:00:00+00:00,21.969360350000002
2025-04-30 16:00:00+00:00,26.80977695
2025-04-30 17:00:00+00:00,30.62051535
2025-04-30 18:00:00+00:00,30.45633445
2025-04-30 19:00:00+00:00,30.47787045
2025-04-30 20:00:00+00:00,30.60373895
2025-04-30 21:00:00+00:00,30.536286649999997
2025-04-30 22:00:00+00:00,32.64338936666667
2025-04-30 23:00:00+00:00,30.71382376666667
2025-05-01 00:00:00+00:00,28.116959466666668
2025-05-01 01:00:00+00:00,25.947673666666667
2025-05-01 02:00:00+00:00,24.832710966666667
2025-05-01 03:00:00+00:00,25.44036446666667
2025-05-01 04:00:00+00:00,26.16813966666667
2025-05-01 05:00:00+00:00,25.61607736666667
2025-05-01 06:00:00+00:00,24.166965266666665
2025-05-01 07:00:00+00:00,22.277160366666667
2025-05-01 08:00:00+00:00,20.197224666666667
2025-05-01 09:00:00+00:00,19.681009766666666
2025-05-01 10:00:00+00:00,20.82163276666667
2025-05-01 11:00:00+00:00,20.511890366666666
2025-05-01 12:00:00+00:00,19.179915466666667
2025-05-01 13:00:00+00:00,18.410140166666665
2025-05-01 14:00:00+00:00,18.675351266666667
2025-05-01 15:00:00+00:00,21.30665886666667
2025-05-01 16:00:00+00:00,27.535771166666667
2025-05-01 17:00:00+00:00,32.76965706666667
2025-05-01 18:00:00+00:00,33.82650186666667
2025-05-01 19:00:00+00:00,34.653931166666666
2025-05-01 20:00:00+00:00,35.222450466666665
2025-05-01 21:00:00+00:00,34.97819386666667
2025-05-01 22:00:00+00:00,30.5454137
2025-05-01 23:00:00+00:00,28.484971199999997
2025-05-02 00:00:00+00:00,26.5203652
2025-05-02 01:00:00+00:00,24.911946800000003
2025-05-02 02:00:00+00:00,24.5136145
2025-05-02 03:00:00+00:00,26.473525
2025-05-02 04:00:00+00:00,29.510276399999995
2025-05-02 05:00:00+00:00,31.2443491
2025-05-02 06:00:00+00:00,30.625769100000003
2025-05-02 07:00:00+00:00,28.057685699999997
2025-05-02 08:00:00+00:00,24.9993557
2025-05-02 09:00:00+00:00,23.5121938
2025-05-02 10:00:00+00:00,23.9064241
2025-05-02 11:00:00+00:00,23.7644995
2025-05-02 12:00:00+00:00,23.119415099999998
2025-05-02 13:00:00+00:00,21.910293199999998
2025-05-02 14:00:00+00:00,22.043297000000006
2025-05-02 15:00:00+00:00,23.588603600000003
2025-05-02 16:00:00+00:00,28.1907117
2025-05-02 17:00:00+00:00,31.437782299999995
2025-05-02 18:00:00+00:00,31.1152565
2025-05-02 19:00:00+00:00,31.666550199999996
2025-05-02 20:00:00+00:00,32.224557000000004
2025-05-02 21:00:00+00:00,32.46426340000001
2025-05-02 22:00:00+00:00,28.732371033333333
2025-05-02 23:00:00+00:00,27.287443933333332
2025-05-03 00:00:00+00:00,25.648854033333336
2025-05-03 01:00:00+00:00,23.45959033333333
2025-05-03 02:00:00+00:00,22.380666733333328
2025-05-03 03:00:00+00:00,22.932409533333335
2025-05-03 04:00:00+00:00,23.88693173333333
2025-05-03 05:00:00+00:00,23.948619933333333
2025-05-03 06:00:00+00:00,23.526579433333335
2025-05-03 07:00:00+00:00,22.849094433333335
2025-05-03 08:00:00+00:00,21.885065433333335
2025-05-03 09:00:00+00:00,21.504750633333337
2025-05-03 10:00:00+00:00,22.237983733333337
2025-05-03 11:00:00+00:00,21.807169733333335
2025-05-03 12:00:00+00:00,20.491101233333332
2025-05-03 13:00:00+00:00,19.562416433333333
2025-05-03 14:00:00+00:00,20.058412033333337
2025-05-03 15:00:00+00:00,21.794141733333333
2025-05-03 16:00:00+00:00,26.406590333333337
2025-05-03 17:00:00+00:00,30.252977433333335
2025-05-03 18:00:00+00:00,30.183484233333335
2025-05-03 19:00:00+00:00,30.611954333333333
2025-05-03 20:00:00+00:00,31.506631233333334
2025-05-03 21:00:00+00:00,31.749255933333334
2025-05-03 22:00:00+00:00,28.925853816666667
2025-05-03 23:00:00+00:00,27.013412516666666
2025-05-04 00:00:00+00:00,24.56249521666667
2025-05-04 01:00:00+00:00,22.31133841666667
2025-05-04 02:00:00+00:00,21.007939216666664
2025-05-04 03:00:00+00:00,21.036036716666665
2025-05-04 04:00:00+00:00,21.19819051666667
2025-05-04 05:00:00+00:00,20.50130151666667
2025-05-04 06:00:00+00:00,19.659114416666668
2025-05-04 07:00:00+00:00,18.866732516666673
2025-05-04 08:00:00+00:00,18.60782251666667
2025-05-04 09:00:00+00:00,18.990234416666667
2025-05-04 10:00:00+00:00,20.108851016666666
2025-05-04 11:00:00+00:00,19.33920261666667
2025-05-04 12:00:00+00:00,17.390301116666667
2025-05-04 13:00:00+00:00,15.756059916666672
2025-05-04 14:00:00+00:00,15.26472261666667
2025-05-04 15:00:00+00:00,16.18347771666667
2025-05-04 16:00:00+00:00,20.42135651666667
2025-05-04 17:00:00+00:00,24.279171616666666
2025-05-04 18:00:00+00:00,24.19262891666667
2025-05-04 19:00:00+00:00,24.739071116666665
2025-05-04 20:00:00+00:00,25.65969231666667
2025-05-04 21:00:00+00:00,25.808551416666667
2025-05-04 22:00:00+00:00,22.87766476666667
2025-05-04 23:00:00+00:00,21.431194666666663
2025-05-05 00:00:00+00:00,19.56349936666667
2025-05-05 01:00:00+00:00,17.973659366666663
2025-05-05 02:00:00+00:00,17.721894366666668
2025-05-05 03:00:00+00:00,20.032822066666668
2025-05-05 04:00:00+00:00,23.96885066666667
2025-05-05 05:00:00+00:00,27.758575066666666
2025-05-05 06:00:00+00:00,29.59976376666667
2025-05-05 07:00:00+00:00,28.69873616666667
2025-05-05 08:00:00+00:00,26.592635066666666
2025-05-05 09:00:00+00:00,25.231727866666667
2025-05-05 10:00:00+00:00,24.83606676666667
2025-05-05 11:00:00+00:00,24.253057366666667
2025-05-05 12:00:00+00:00,23.365544066666665
2025-05-05 13:00:00+00:00,21.968443666666666
2025-05-05 14:00:00+00:00,21.575069166666673
2025-05-05 15:00:00+00:00,22.779032966666666
2025-05-05 16:00:00+00:00,27.15664986666667
2025-05-05 17:00:00+00:00,31.549526166666666
2025-05-05 18:00:00+00:00,31.336748066666665
2025-05-05 19:00:00+00:00,31.368390966666666
2025-05-05 20:00:00+00:00,31.403606366666665
2025-05-05 21:00:00+00:00,31.27897686666667
2025-05-05 22:00:00+00:00,29.45011438333333
2025-05-05 23:00:00+00:00,27.342210483333336
2025-05-06 00:00:00+00:00,25.40374548333333
2025-05-06 01:00:00+00:00,23.684688783333332
2025-05-06 02:00:00+00:00,23.149028983333334
2025-05-06 03:00:00+00:00,25.03051378333333
2025-05-06 04:00:00+00:00,28.47779248333333
2025-05-06 05:00:00+00:00,31.677856883333334
2025-05-06 06:00:00+00:00,32.53797208333333
2025-05-06 07:00:00+00:00,30.716737583333334
2025-05-06 08:00:00+00:00,27.898188683333334
2025-05-06 09:00:00+00:00,25.97610698333334
2025-05-06 10:00:00+00:00,25.559680083333337
2025-05-06 11:00:00+00:00,24.83904908333334
2025-05-06 12:00:00+00:00,24.261971283333335
2025-05-06 13:00:00+00:00,23.546919783333333
2025-05-06 14:00:00+00:00,23.393905583333336
2025-05-06 15:00:00+00:00,24.81900408333333
2025-05-06 16:00:00+00:00,29.11669358333333
2025-05-06 17:00:00+00:00,33.348641683333334
2025-05-06 18:00:00+00:00,32.87574788333333
2025-05-06 19:00:00+00:00,33.11698558333333
2025-05-06 20:00:00+00:00,33.493628683333334
2025-05-06 21:00:00+00:00,33.73295658333333
2025-05-06 22:00:00+00:00,32.15705368333333
2025-05-06 23:00:00+00:00,30.660314783333334
2025-05-07 00:00:00+00:00,28.980194683333334
2025-05-07 01:00:00+00:00,27.465708083333336
2025-05-07 02:00:00+00:00,27.069098583333332
2025-05-07 03:00:00+00:00,29.034733983333332
2025-05-07 04:00:00+00:00,32.48322478333333
2025-05-07 05:00:00+00:00,35.740738883333336
2025-05-07 06:00:00+00:00,37.29642178333334
2025-05-07 07:00:00+00:00,36.37828448333333
2025-05-07 08:00:00+00:00,33.936246583333336
2025-05-07 09:00:00+00:00,32.08304068333333
2025-05-07 10:00:00+00:00,31.846505383333337
2025-05-07 11:00:00+00:00,31.253332283333332
2025-05-07 12:00:00+00:00,30.478696983333332
2025-05-07 13:00:00+00:00,29.390148083333333
2025-05-07 14:00:00+00:00,28.791776483333333
2025-05-07 15:00:00+00:00,29.953942683333334
2025-05-07 16:00:00+00:00,33.811685983333334
2025-05-07 17:00:00+00:00,37.47655258333333
2025-05-07 18:00:00+00:00,36.95369368333333
2025-05-07 19:00:00+00:00,37.378417283333334
2025-05-07 20:00:00+00:00,37.80638978333333
2025-05-07 21:00:00+00:00,37.96679868333333
2025-05-07 22:00:00+00:00,31.79686015
2025-05-07 23:00:00+00:00,29.83629035
2025-05-08 00:00:00+00:00,27.61194125
2025-05-08 01:00:00+00:00,25.388490249999997
2025-05-08 02:00:00+00:00,24.13722135
2025-05-08 03:00:00+00:00,24.655987349999997
2025-05-08 04:00:00+00:00,25.11446545
2025-05-08 05:00:00+00:00,25.39555365
2025-05-08 06:00:00+00:00,24.926121650000002
2025-05-08 07:00:00+00:00,23.913717350000002
2025-05-08 08:00:00+00:00,22.01157385
2025-05-08 09:00:00+00:00,20.68017635
2025-05-08 10:00:00+00:00,21.71453335
2025-05-08 11:00:00+00:00,20.306937549999997
2025-05-08 12:00:00+00:00,18.27350085
2025-05-08 13:00:00+00:00,17.36432225
2025-05-08 14:00:00+00:00,16.92632685
2025-05-08 15:00:00+00:00,18.62229925
2025-05-08 16:00:00+00:00,23.27088865
2025-05-08 17:00:00+00:00,28.532719450000002
2025-05-08 18:00:00+00:00,28.97136255
2025-05-08 19:00:00+00:00,30.15965535
2025-05-08 20:00:00+00:00,30.48718805
2025-05-08 21:00:00+00:00,30.89672215
2025-05-08 22:00:00+00:00,30.879146916666663
2025-05-08 23:00:00+00:00,29.51703651666667
2025-05-09 00:00:00+00:00,27.69621191666667
2025-05-09 01:00:00+00:00,26.151342616666668
2025-05-09 02:00:00+00:00,25.78969311666667
2025-05-09 03:00:00+00:00,27.577997016666668
2025-05-09 04:00:00+00:00,30.23107991666667
2025-05-09 05:00:00+00:00,32.784832216666665
2025-05-09 06:00:00+00:00,33.44860651666667
2025-05-09 07:00:00+00:00,32.014633016666664
2025-05-09 08:00:00+00:00,28.937848216666673
2025-05-09 09:00:00+00:00,26.862086916666662
2025-05-09 10:00:00+00:00,27.174792716666673
2025-05-09 11:00:00+00:00,25.105232416666666
2025-05-09 12:00:00+00:00,23.129044416666666
2025-05-09 13:00:00+00:00,21.659432816666666
2025-05-09 14:00:00+00:00,20.87729231666666
2025-05-09 15:00:00+00:00,21.954196016666664
2025-05-09 16:00:00+00:00,25.828569116666664
2025-05-09 17:00:00+00:00,30.497048816666666
2025-05-09 18:00:00+00:00,30.268364816666665
2025-05-09 19:00:00+00:00,30.883238016666667
2025-05-09 20:00:00+00:00,31.187466816666664
2025-05-09 21:00:00+00:00,31.709783616666662
2025-05-09 22:00:00+00:00,26.383912266666666
2025-05-09 23:00:00+00:00,25.500718366666668
2025-05-10 00:00:00+00:00,23.733329066666663
2025-05-10 01:00:00+00:00,21.82780596666667
2025-05-10 02:00:00+00:00,20.930065066666664
2025-05-10 03:00:00+00:00,21.600248566666664
2025-05-10 04:00:00+00:00,22.29926366666667
2025-05-10 05:00:00+00:00,23.254398066666667
2025-05-10 06:00:00+00:00,23.592450966666668
2025-05-10 07:00:00+00:00,22.713113466666666
2025-05-10 08:00:00+00:00,20.42334426666667
2025-05-10 09:00:00+00:00,19.057769166666667
2025-05-10 10:00:00+00:00,20.04901136666667
2025-05-10 11:00:00+00:00,18.658382966666665
2025-05-10 12:00:00+00:00,17.06548186666667
2025-05-10 13:00:00+00:00,16.480856566666667
2025-05-10 14:00:00+00:00,16.898862366666666
2025-05-10 15:00:00+00:00,19.293244466666668
2025-05-10 16:00:00+00:00,23.494078766666668
2025-05-10 17:00:00+00:00,27.704982666666666
2025-05-10 18:00:00+00:00,26.91477606666667
2025-05-10 19:00:00+00:00,26.983137666666668
2025-05-10 20:00:00+00:00,27.234645466666663
2025-05-10 21:00:00+00:00,27.697781966666664
2025-05-10 22:00:00+00:00,24.8997462
2025-05-10 23:00:00+00:00,23.223808500000004
2025-05-11 00:00:00+00:00,20.979772600000004
2025-05-11 01:00:00+00:00,19.1112188
2025-05-11 02:00:00+00:00,18.294934
2025-05-11 03:00:00+00:00,18.8268251
2025-05-11 04:00:00+00:00,19.1685597
2025-05-11 05:00:00+00:00,19.776403000000002
2025-05-11 06:00:00+00:00,20.240808400000002
2025-05-11 07:00:00+00:00,20.773458800000004
2025-05-11 08:00:00+00:00,20.808285800000004
2025-05-11 09:00:00+00:00,21.505746
2025-05-11 10:00:00+00:00,23.263569099999998
2025-05-11 11:00:00+00:00,21.7793999
2025-05-11 12:00:00+00:00,19.560468
2025-05-11 13:00:00+00:00,18.537041100000003
2025-05-11 14:00:00+00:00,18.4494218
2025-05-11 15:00:00+00:00,20.1622014
2025-05-11 16:00:00+00:00,24.5826455
2025-05-11 17:00:00+00:00,29.368147200000003
2025-05-11 18:00:00+00:00,29.259347599999998
2025-05-11 19:00:00+00:00,30.739654400000003
2025-05-11 20:00:00+00:00,31.5149044
2025-05-11 21:00:00+00:00,31.980299
2025-05-11 22:00:00+00:00,28.940616500000004
2025-05-11 23:00:00+00:00,27.2145889
2025-05-12 00:00:00+00:00,25.103433199999998
2025-05-12 01:00:00+00:00,23.4351634
2025-05-12 02:00:00+00:00,22.9518739
2025-05-12 03:00:00+00:00,24.9361542
2025-05-12 04:00:00+00:00,28.1322573
2025-05-12 05:00:00+00:00,31.846543099999998
2025-05-12 06:00:00+00:00,32.819760800000005
2025-05-12 07:00:00+00:00,31.476075699999996
2025-05-12 08:00:00+00:00,29.432441900000004
2025-05-12 09:00:00+00:00,28.595364099999998
2025-05-12 10:00:00+00:00,29.832936800000006
2025-05-12 11:00:00+00:00,28.267434400000006
2025-05-12 12:00:00+00:00,26.838877099999998
2025-05-12 13:00:00+00:00,25.7035685
2025-05-12 14:00:00+00:00,25.713266599999997
2025-05-12 15:00:00+00:00,27.2107679
2025-05-12 16:00:00+00:00,31.481097200000004
2025-05-12 17:00:00+00:00,35.9487869
2025-05-12 18:00:00+00:00,35.4509668
2025-05-12 19:00:00+00:00,35.5037218
2025-05-12 20:00:00+00:00,35.639501100000004
2025-05-12 21:00:00+00:00,35.8334859
2025-05-12 22:00:00+00:00,32.75565171666666
2025-05-12 23:00:00+00:00,31.003047316666667
2025-05-13 00:00:00+00:00,28.773546716666665
2025-05-13 01:00:00+00:00,27.163946316666667
2025-05-13 02:00:00+00:00,26.62583721666667
2025-05-13 03:00:00+00:00,28.313321116666668
2025-05-13 04:00:00+00:00,31.166303316666664
2025-05-13 05:00:00+00:00,34.50430351666667
2025-05-13 06:00:00+00:00,34.66412541666667
2025-05-13 07:00:00+00:00,32.20754051666667
2025-05-13 08:00:00+00:00,29.472495216666665
2025-05-13 09:00:00+00:00,28.619913116666666
2025-05-13 10:00:00+00:00,29.933720916666672
2025-05-13 11:00:00+00:00,28.590789716666666
2025-05-13 12:00:00+00:00,27.194701016666663
2025-05-13 13:00:00+00:00,26.462304116666672
2025-05-13 14:00:00+00:00,26.73118901666667
2025-05-13 15:00:00+00:00,28.366414416666665
2025-05-13 16:00:00+00:00,32.350256916666666
2025-05-13 17:00:00+00:00,36.29183351666667
2025-05-13 18:00:00+00:00,35.549080016666665
2025-05-13 19:00:00+00:00,35.40613521666667
2025-05-13 20:00:00+00:00,35.52047231666667
2025-05-13 21:00:00+00:00,35.69947581666667
2025-05-13 22:00:00+00:00,32.769448350000005
2025-05-13 23:00:00+00:00,31.085150149999997
2025-05-14 00:00:00+00:00,28.785261450000004
2025-05-14 01:00:00+00:00,27.24329845
2025-05-14 02:00:00+00:00,26.72347225
2025-05-14 03:00:00+00:00,28.34275445
2025-05-14 04:00:00+00:00,31.004362649999997
2025-05-14 05:00:00+00:00,34.12052345
2025-05-14 06:00:00+00:00,34.37339625
2025-05-14 07:00:00+00:00,31.757217550000004
2025-05-14 08:00:00+00:00,28.664371550000006
2025-05-14 09:00:00+00:00,27.41077045
2025-05-14 10:00:00+00:00,28.95717145
2025-05-14 11:00:00+00:00,27.914314949999998
2025-05-14 12:00:00+00:00,26.913215549999997
2025-05-14 13:00:00+00:00,26.46598115
2025-05-14 14:00:00+00:00,26.901600350000002
2025-05-14 15:00:00+00:00,28.306864950000005
2025-05-14 16:00:00+00:00,31.56928795
2025-05-14 17:00:00+00:00,34.61883535
2025-05-14 18:00:00+00:00,33.23274085
2025-05-14 19:00:00+00:00,32.47545995
2025-05-14 20:00:00+00:00,32.339321850000005
2025-05-14 21:00:00+00:00,32.38505025
2025-05-14 22:00:00+00:00,29.068783133333334
2025-05-14 23:00:00+00:00,27.260805033333334
2025-05-15 00:00:00+00:00,24.74997283333333
2025-05-15 01:00:00+00:00,22.96464123333333
2025-05-15 02:00:00+00:00,22.127058033333334
2025-05-15 03:00:00+00:00,23.42147663333333
2025-05-15 04:00:00+00:00,25.986263633333337
2025-05-15 05:00:00+00:00,29.361811733333333
2025-05-15 06:00:00+00:00,29.729134133333336
2025-05-15 07:00:00+00:00,27.501249433333335
2025-05-15 08:00:00+00:00,24.683044533333337
2025-05-15 09:00:00+00:00,23.421309833333332
2025-05-15 10:00:00+00:00,24.339647333333335
2025-05-15 11:00:00+00:00,23.149244133333337
2025-05-15 12:00:00+00:00,21.955264533333338
2025-05-15 13:00:00+00:00,20.887360333333337
2025-05-15 14:00:00+00:00,20.442188633333338
2025-05-15 15:00:00+00:00,21.676451433333337
2025-05-15 16:00:00+00:00,25.70441223333334
2025-05-15 17:00:00+00:00,29.39886543333333
2025-05-15 18:00:00+00:00,28.996697333333334
2025-05-15 19:00:00+00:00,28.40157513333333
2025-05-15 20:00:00+00:00,28.337163733333334
2025-05-15 21:00:00+00:00,28.476186333333338
2025-05-15 22:00:00+00:00,25.2435567
2025-05-15 23:00:00+00:00,23.619207000000003
2025-05-16 00:00:00+00:00,21.7362569
2025-05-16 01:00:00+00:00,20.146610000000003
2025-05-16 02:00:00+00:00,19.5985077
2025-05-16 03:00:00+00:00,21.396453
2025-05-16 04:00:00+00:00,24.449374399999996
2025-05-16 05:00:00+00:00,28.0148838
2025-05-16 06:00:00+00:00,28.768473
2025-05-16 07:00:00+00:00,26.635949699999998
2025-05-16 08:00:00+00:00,23.662843300000006
2025-05-16 09:00:00+00:00,22.4773718
2025-05-16 10:00:00+00:00,23.0668155
2025-05-16 11:00:00+00:00,21.894888000000005
2025-05-16 12:00:00+00:00,20.7529533
2025-05-16 13:00:00+00:00,19.7764984
2025-05-16 14:00:00+00:00,19.4625388
2025-05-16 15:00:00+00:00,20.986333300000005
2025-05-16 16:00:00+00:00,25.366029300000005
2025-05-16 17:00:00+00:00,29.6663344
2025-05-16 18:00:00+00:00,29.8265095
2025-05-16 19:00:00+00:00,29.838411900000004
2025-05-16 20:00:00+00:00,30.374036500000003
2025-05-16 21:00:00+00:00,30.684832199999995
2025-05-16 22:00:00+00:00,29.463130916666664
2025-05-16 23:00:00+00:00,27.971148716666665
2025-05-17 00:00:00+00:00,25.90953221666667
2025-05-17 01:00:00+00:00,24.308464516666668
2025-05-17 02:00:00+00:00,23.397772616666664
2025-05-17 03:00:00+00:00,24.221020016666664
2025-05-17 04:00:00+00:00,25.12820641666667
2025-05-17 05:00:00+00:00,25.80169911666667
2025-05-17 06:00:00+00:00,25.206921616666662
2025-05-17 07:00:00+00:00,23.42548491666667
2025-05-17 08:00:00+00:00,21.517320416666667
2025-05-17 09:00:00+00:00,21.057160316666664
2025-05-17 10:00:00+00:00,22.18783471666667
2025-05-17 11:00:00+00:00,21.505170916666664
2025-05-17 12:00:00+00:00,20.10836461666667
2025-05-17 13:00:00+00:00,18.791329916666665
2025-05-17 14:00:00+00:00,18.675483216666667
2025-05-17 15:00:00+00:00,20.32762711666667
2025-05-17 16:00:00+00:00,24.783280016666666
2025-05-17 17:00:00+00:00,29.373238716666666
2025-05-17 18:00:00+00:00,29.837532516666663
2025-05-17 19:00:00+00:00,30.371376716666663
2025-05-17 20:00:00+00:00,31.71025351666667
2025-05-17 21:00:00+00:00,32.84043431666667
2025-05-17 22:00:00+00:00,30.185533033333332
2025-05-17 23:00:00+00:00,28.831032233333335
2025-05-18 00:00:00+00:00,26.60795903333333
2025-05-18 01:00:00+00:00,24.84905553333334
2025-05-18 02:00:00+00:00,23.692066933333333
2025-05-18 03:00:00+00:00,24.141286833333332
2025-05-18 04:00:00+00:00,24.373136533333334
2025-05-18 05:00:00+00:00,24.186332933333333
2025-05-18 06:00:00+00:00,22.746994233333332
2025-05-18 07:00:00+00:00,20.82392713333333
2025-05-18 08:00:00+00:00,19.249647233333334
2025-05-18 09:00:00+00:00,19.509664233333336
2025-05-18 10:00:00+00:00,21.18349953333333
2025-05-18 11:00:00+00:00,20.561817533333336
2025-05-18 12:00:00+00:00,18.864683033333336
2025-05-18 13:00:00+00:00,17.800257733333336
2025-05-18 14:00:00+00:00,17.816877233333333
2025-05-18 15:00:00+00:00,19.594023433333334
2025-05-18 16:00:00+00:00,24.800494333333333
2025-05-18 17:00:00+00:00,30.144064433333334
2025-05-18 18:00:00+00:00,30.928657933333334
2025-05-18 19:00:00+00:00,31.205292933333332
2025-05-18 20:00:00+00:00,31.56792913333333
2025-05-18 21:00:00+00:00,31.516714733333334
2025-05-18 22:00:00+00:00,28.034231566666666
2025-05-18 23:00:00+00:00,26.53512476666667
2025-05-19 00:00:00+00:00,24.496103066666663
2025-05-19 01:00:00+00:00,22.849481966666666
2025-05-19 02:00:00+00:00,22.296118666666665
2025-05-19 03:00:00+00:00,24.45290206666667
2025-05-19 04:00:00+00:00,27.88679786666667
2025-05-19 05:00:00+00:00,31.615104566666666
2025-05-19 06:00:00+00:00,32.64711676666666
2025-05-19 07:00:00+00:00,31.44915826666667
2025-05-19 08:00:00+00:00,29.35088216666667
2025-05-19 09:00:00+00:00,28.69343866666667
2025-05-19 10:00:00+00:00,29.077962166666666
2025-05-19 11:00:00+00:00,28.655854766666664
2025-05-19 12:00:00+00:00,28.053320466666666
2025-05-19 13:00:00+00:00,27.111706466666668
2025-05-19 14:00:00+00:00,26.778593466666667
2025-05-19 15:00:00+00:00,27.97277346666667
2025-05-19 16:00:00+00:00,31.719338866666668
2025-05-19 17:00:00+00:00,35.209330066666666
2025-05-19 18:00:00+00:00,33.80178996666667
2025-05-19 19:00:00+00:00,32.456278266666665
2025-05-19 20:00:00+00:00,32.123760866666665
2025-05-19 21:00:00+00:00,31.873373966666666
2025-05-19 22:00:00+00:00,28.532231949999996
2025-05-19 23:00:00+00:00,26.91821255
2025-05-20 00:00:00+00:00,25.130084949999997
2025-05-20 01:00:00+00:00,23.589858049999997
2025-05-20 02:00:00+00:00,23.072040449999996
2025-05-20 03:00:00+00:00,25.02568235
2025-05-20 04:00:00+00:00,28.373321450000002
2025-05-20 05:00:00+00:00,32.16120595
2025-05-20 06:00:00+00:00,33.45675455
2025-05-20 07:00:00+00:00,32.70209295
2025-05-20 08:00:00+00:00,31.03761425
2025-05-20 09:00:00+00:00,30.14365005
2025-05-20 10:00:00+00:00,29.752147049999998
2025-05-20 11:00:00+00:00,28.986060149999997
2025-05-20 12:00:00+00:00,27.88907025
2025-05-20 13:00:00+00:00,26.582499249999998
2025-05-20 14:00:00+00:00,25.888399950000004
2025-05-20 15:00:00+00:00,26.770486650000002
2025-05-20 16:00:00+00:00,30.196259650000002
2025-05-20 17:00:00+00:00,33.88186905
2025-05-20 18:00:00+00:00,33.01261035
2025-05-20 19:00:00+00:00,32.62131455
2025-05-20 20:00:00+00:00,33.37831475
2025-05-20 21:00:00+00:00,33.85086245
2025-05-20 22:00:00+00:00,30.710319483333333
2025-05-20 23:00:00+00:00,29.555811483333336
2025-05-21 00:00:00+00:00,27.881145583333335
2025-05-21 01:00:00+00:00,26.482355883333334
2025-05-21 02:00:00+00:00,25.90838318333333
2025-05-21 03:00:00+00:00,27.72529098333333
2025-05-21 04:00:00+00:00,30.612558383333337
2025-05-21 05:00:00+00:00,33.62352118333333
2025-05-21 06:00:00+00:00,33.858820783333336
2025-05-21 07:00:00+00:00,32.05820308333334
2025-05-21 08:00:00+00:00,30.151328583333335
2025-05-21 09:00:00+00:00,29.57712708333333
2025-05-21 10:00:00+00:00,29.898761083333333
2025-05-21 11:00:00+00:00,29.673696683333336
2025-05-21 12:00:00+00:00,29.019968683333335
2025-05-21 13:00:00+00:00,28.275465183333335
2025-05-21 14:00:00+00:00,28.016794083333334
2025-05-21 15:00:00+00:00,29.147744983333336
2025-05-21 16:00:00+00:00,33.00685358333334
2025-05-21 17:00:00+00:00,36.37760398333333
2025-05-21 18:00:00+00:00,34.97612538333334
2025-05-21 19:00:00+00:00,34.29573778333334
2025-05-21 20:00:00+00:00,34.69418458333333
2025-05-21 21:00:00+00:00,34.786784383333334
2025-05-21 22:00:00+00:00,31.507987266666664
2025-05-21 23:00:00+00:00,29.488072166666665
2025-05-22 00:00:00+00:00,27.131359166666666
2025-05-22 01:00:00+00:00,25.139792766666666
2025-05-22 02:00:00+00:00,24.200267766666663
2025-05-22 03:00:00+00:00,25.765305966666666
2025-05-22 04:00:00+00:00,28.61398256666667
2025-05-22 05:00:00+00:00,32.303616766666664
2025-05-22 06:00:00+00:00,33.11917596666667
2025-05-22 07:00:00+00:00,31.160674366666665
2025-05-22 08:00:00+00:00,28.87792106666667
2025-05-22 09:00:00+00:00,27.57095956666667
2025-05-22 10:00:00+00:00,27.01446616666667
2025-05-22 11:00:00+00:00,25.49563976666667
2025-05-22 12:00:00+00:00,24.06396746666666
2025-05-22 13:00:00+00:00,22.492777366666665
2025-05-22 14:00:00+00:00,21.893512766666664
2025-05-22 15:00:00+00:00,23.132400866666664
2025-05-22 16:00:00+00:00,27.71685636666667
2025-05-22 17:00:00+00:00,32.963748466666665
2025-05-22 18:00:00+00:00,33.59654116666667
2025-05-22 19:00:00+00:00,34.06413176666667
2025-05-22 20:00:00+00:00,35.191178666666666
2025-05-22 21:00:00+00:00,35.96783846666666
2025-05-22 22:00:00+00:00,31.58434975
2025-05-22 23:00:00+00:00,30.127498250000002
2025-05-23 00:00:00+00:00,28.155414249999996
2025-05-23 01:00:00+00:00,26.682315349999996
2025-05-23 02:00:00+00:00,25.976367850000003
2025-05-23 03:00:00+00:00,27.87453125
2025-05-23 04:00:00+00:00,30.96864455
2025-05-23 05:00:00+00:00,34.42832605
2025-05-23 06:00:00+00:00,34.75154925
2025-05-23 07:00:00+00:00,32.05092645
2025-05-23 08:00:00+00:00,28.91826285
2025-05-23 09:00:00+00:00,27.083110249999997
2025-05-23 10:00:00+00:00,26.967628749999996
2025-05-23 11:00:00+00:00,26.130988449999997
2025-05-23 12:00:00+00:00,25.42227485
2025-05-23 13:00:00+00:00,23.86319945
2025-05-23 14:00:00+00:00,23.352074750000003
2025-05-23 15:00:00+00:00,24.94952435
2025-05-23 16:00:00+00:00,29.08391345
2025-05-23 17:00:00+00:00,33.42569925000001
2025-05-23 18:00:00+00:00,33.87141825
2025-05-23 19:00:00+00:00,34.471910550000004
2025-05-23 20:00:00+00:00,35.64861294999999
2025-05-23 21:00:00+00:00,36.33469995
2025-05-23 22:00:00+00:00,33.37010615
2025-05-23 23:00:00+00:00,31.410695250000003
2025-05-24 00:00:00+00:00,28.858804749999997
2025-05-24 01:00:00+00:00,26.703298950000004
2025-05-24 02:00:00+00:00,25.12061235
2025-05-24 03:00:00+00:00,25.466217050000004
2025-05-24 04:00:00+00:00,25.703857749999997
2025-05-24 05:00:00+00:00,26.033179150000002
2025-05-24 06:00:00+00:00,25.12467205
2025-05-24 07:00:00+00:00,23.395027650000003
2025-05-24 08:00:00+00:00,21.42267515
2025-05-24 09:00:00+00:00,20.20125285
2025-05-24 10:00:00+00:00,20.307769150000006
2025-05-24 11:00:00+00:00,19.21565605
2025-05-24 12:00:00+00:00,17.63390055
2025-05-24 13:00:00+00:00,16.21018545
2025-05-24 14:00:00+00:00,15.792291350000003
2025-05-24 15:00:00+00:00,17.216303550000003
2025-05-24 16:00:00+00:00,21.58926545
2025-05-24 17:00:00+00:00,26.33594005
2025-05-24 18:00:00+00:00,27.438280250000002
2025-05-24 19:00:00+00:00,28.160485050000002
2025-05-24 20:00:00+00:00,30.13302915
2025-05-24 21:00:00+00:00,30.608503550000002
2025-05-24 22:00:00+00:00,27.950062499999998
2025-05-24 23:00:00+00:00,25.863931899999997
2025-05-25 00:00:00+00:00,23.1092412
2025-05-25 01:00:00+00:00,20.619369
2025-05-25 02:00:00+00:00,18.734361300000003
2025-05-25 03:00:00+00:00,18.7194065
2025-05-25 04:00:00+00:00,18.231674700000003
2025-05-25 05:00:00+00:00,17.8829835
2025-05-25 06:00:00+00:00,16.469961100000003
2025-05-25 07:00:00+00:00,14.983015400000003
2025-05-25 08:00:00+00:00,13.943893900000003
2025-05-25 09:00:00+00:00,13.771231400000005
2025-05-25 10:00:00+00:00,14.797840400000002
2025-05-25 11:00:00+00:00,13.878584099999998
2025-05-25 12:00:00+00:00,11.944907099999998
2025-05-25 13:00:00+00:00,10.557773100000006
2025-05-25 14:00:00+00:00,10.492191599999998
2025-05-25 15:00:00+00:00,12.713236700000007
2025-05-25 16:00:00+00:00,17.6808994
2025-05-25 17:00:00+00:00,23.494679700000002
2025-05-25 18:00:00+00:00,25.2906884
2025-05-25 19:00:00+00:00,26.696707
2025-05-25 20:00:00+00:00,28.8545603
2025-05-25 21:00:00+00:00,29.118182600000004
2025-05-25 22:00:00+00:00,27.408511583333336
2025-05-25 23:00:00+00:00,25.91452298333333
2025-05-26 00:00:00+00:00,24.063339283333335
2025-05-26 01:00:00+00:00,22.80555168333333
2025-05-26 02:00:00+00:00,22.531299083333337
2025-05-26 03:00:00+00:00,25.003024983333333
2025-05-26 04:00:00+00:00,28.58215138333333
2025-05-26 05:00:00+00:00,32.55516038333333
2025-05-26 06:00:00+00:00,33.445285983333335
2025-05-26 07:00:00+00:00,31.450069683333336
2025-05-26 08:00:00+00:00,28.868852883333336
2025-05-26 09:00:00+00:00,27.228022683333332
2025-05-26 10:00:00+00:00,26.996468383333337
2025-05-26 11:00:00+00:00,26.373772583333334
2025-05-26 12:00:00+00:00,25.655092183333334
2025-05-26 13:00:00+00:00,24.46633098333333
2025-05-26 14:00:00+00:00,24.221855783333336
2025-05-26 15:00:00+00:00,25.35723618333333
2025-05-26 16:00:00+00:00,29.78805158333333
2025-05-26 17:00:00+00:00,34.44009118333333
2025-05-26 18:00:00+00:00,34.74444868333333
2025-05-26 19:00:00+00:00,34.623217483333335
2025-05-26 20:00:00+00:00,35.649526783333336
2025-05-26 21:00:00+00:00,35.13905628333333
2025-05-26 22:00:00+00:00,30.380264549999996
2025-05-26 23:00:00+00:00,27.901426049999998
2025-05-27 00:00:00+00:00,25.183656250000002
2025-05-27 01:00:00+00:00,23.245235450000003
2025-05-27 02:00:00+00:00,22.04703945
2025-05-27 03:00:00+00:00,23.49663065
2025-05-27 04:00:00+00:00,26.40586655
2025-05-27 05:00:00+00:00,29.75606235
2025-05-27 06:00:00+00:00,29.695063649999998
2025-05-27 07:00:00+00:00,26.682617350000005
2025-05-27 08:00:00+00:00,23.833237950000004
2025-05-27 09:00:00+00:00,22.284780550000004
2025-05-27 10:00:00+00:00,22.221816750000006
2025-05-27 11:00:00+00:00,21.67864115
2025-05-27 12:00:00+00:00,20.908501850000004
2025-05-27 13:00:00+00:00,19.758078850000008
2025-05-27 14:00:00+00:00,19.455524050000005
2025-05-27 15:00:00+00:00,20.632515550000004
2025-05-27 16:00:00+00:00,24.903129550000003
2025-05-27 17:00:00+00:00,29.489099350000004
2025-05-27 18:00:00+00:00,29.59917365
2025-05-27 19:00:00+00:00,29.00468735
2025-05-27 20:00:00+00:00,30.138394850000005
2025-05-27 21:00:00+00:00,29.030383550000003
2025-05-27 22:00:00+00:00,25.199717633333336
2025-05-27 23:00:00+00:00,23.190133333333335
2025-05-28 00:00:00+00:00,20.79722483333333
2025-05-28 01:00:00+00:00,19.078974033333335
2025-05-28 02:00:00+00:00,18.270586233333336
2025-05-28 03:00:00+00:00,20.11541053333334
2025-05-28 04:00:00+00:00,22.900393233333336
2025-05-28 05:00:00+00:00,26.00824633333333
2025-05-28 06:00:00+00:00,26.325642833333333
2025-05-28 07:00:00+00:00,24.320386733333333
2025-05-28 08:00:00+00:00,21.942750633333333
2025-05-28 09:00:00+00:00,20.451329633333334
2025-05-28 10:00:00+00:00,20.130604033333338
2025-05-28 11:00:00+00:00,19.561812733333337
2025-05-28 12:00:00+00:00,18.516697833333332
2025-05-28 13:00:00+00:00,17.04315993333333
2025-05-28 14:00:00+00:00,16.655508333333337
2025-05-28 15:00:00+00:00,18.068729833333332
2025-05-28 16:00:00+00:00,23.169294133333334
2025-05-28 17:00:00+00:00,28.542465633333336
2025-05-28 18:00:00+00:00,29.88024933333334
2025-05-28 19:00:00+00:00,30.960194433333335
2025-05-28 20:00:00+00:00,33.31735643333333
2025-05-28 21:00:00+00:00,33.67506763333333
2025-05-28 22:00:00+00:00,31.843209266666666
2025-05-28 23:00:00+00:00,30.072864566666667
2025-05-29 00:00:00+00:00,27.891752966666665
2025-05-29 01:00:00+00:00,26.008000666666664
2025-05-29 02:00:00+00:00,24.670373666666663
2025-05-29 03:00:00+00:00,24.826563266666668
2025-05-29 04:00:00+00:00,24.914631766666666
2025-05-29 05:00:00+00:00,24.84364236666667
2025-05-29 06:00:00+00:00,23.24206876666667
2025-05-29 07:00:00+00:00,21.321737966666667
2025-05-29 08:00:00+00:00,19.396455666666665
2025-05-29 09:00:00+00:00,18.419577566666668
2025-05-29 10:00:00+00:00,18.568973866666667
2025-05-29 11:00:00+00:00,17.745564966666663
2025-05-29 12:00:00+00:00,16.156390266666666
2025-05-29 13:00:00+00:00,14.808132366666669
2025-05-29 14:00:00+00:00,14.809778666666663
2025-05-29 15:00:00+00:00,17.220349966666667
2025-05-29 16:00:00+00:00,23.410240466666668
2025-05-29 17:00:00+00:00,29.64204286666667
2025-05-29 18:00:00+00:00,31.708332366666667
2025-05-29 19:00:00+00:00,32.90106886666667
2025-05-29 20:00:00+00:00,34.402857366666666
2025-05-29 21:00:00+00:00,34.53866886666667
2025-05-29 22:00:00+00:00,30.644757600000002
2025-05-29 23:00:00+00:00,29.028356900000002
2025-05-30 00:00:00+00:00,26.9232314
2025-05-30 01:00:00+00:00,25.276977799999997
2025-05-30 02:00:00+00:00,24.6927368
2025-05-30 03:00:00+00:00,26.101328200000005
2025-05-30 04:00:00+00:00,28.544769499999997
2025-05-30 05:00:00+00:00,30.4983163
2025-05-30 06:00:00+00:00,29.4843763
2025-05-30 07:00:00+00:00,27.063789699999997
2025-05-30 08:00:00+00:00,24.0354443
2025-05-30 09:00:00+00:00,22.778427000000004
2025-05-30 10:00:00+00:00,22.9523987
2025-05-30 11:00:00+00:00,22.4254667
2025-05-30 12:00:00+00:00,21.3444154
2025-05-30 13:00:00+00:00,20.3837641
2025-05-30 14:00:00+00:00,20.0006105
2025-05-30 15:00:00+00:00,21.8943956
2025-05-30 16:00:00+00:00,27.0418194
2025-05-30 17:00:00+00:00,31.976127899999994
2025-05-30 18:00:00+00:00,32.758090499999994
2025-05-30 19:00:00+00:00,33.496635100000006
2025-05-30 20:00:00+00:00,35.191696
2025-05-30 21:00:00+00:00,35.5014829
2025-05-30 22:00:00+00:00,33.384226633333334
2025-05-30 23:00:00+00:00,32.31186413333334
2025-05-31 00:00:00+00:00,30.490546933333334
2025-05-31 01:00:00+00:00,28.277236133333332
2025-05-31 02:00:00+00:00,26.929437733333337
2025-05-31 03:00:00+00:00,26.896712033333333
2025-05-31 04:00:00+00:00,27.159264633333333
2025-05-31 05:00:00+00:00,27.267117033333335
2025-05-31 06:00:00+00:00,26.446090933333338
2025-05-31 07:00:00+00:00,25.479009533333333
2025-05-31 08:00:00+00:00,23.801366833333336
2025-05-31 09:00:00+00:00,23.361228233333335
2025-05-31 10:00:00+00:00,24.168418633333335
2025-05-31 11:00:00+00:00,23.922566933333332
2025-05-31 12:00:00+00:00,22.806494533333336
2025-05-31 13:00:00+00:00,22.116573833333334
2025-05-31 14:00:00+00:00,21.767820433333338
2025-05-31 15:00:00+00:00,23.498688033333334
2025-05-31 16:00:00+00:00,28.21166733333333
2025-05-31 17:00:00+00:00,32.43707693333333
2025-05-31 18:00:00+00:00,32.654379033333335
2025-05-31 19:00:00+00:00,33.202046233333334
2025-05-31 20:00:00+00:00,34.519452533333336
2025-05-31 21:00:00+00:00,34.76295953333334
2025-05-31 22:00:00+00:00,31.584578900000004
2025-05-31 23:00:00+00:00,29.701628300000003
2025-06-01 00:00:00+00:00,27.303235
2025-06-01 01:00:00+00:00,25.248937800000004
2025-06-01 02:00:00+00:00,23.9164164
2025-06-01 03:00:00+00:00,23.6346673
2025-06-01 04:00:00+00:00,23.5887928
2025-06-01 05:00:00+00:00,23.502828200000003
2025-06-01 06:00:00+00:00,22.672219800000004
2025-06-01 07:00:00+00:00,22.460996200000004
2025-06-01 08:00:00+00:00,22.1909687
2025-06-01 09:00:00+00:00,22.887883300000002
2025-06-01 10:00:00+00:00,23.7755793
2025-06-01 11:00:00+00:00,22.7782308
2025-06-01 12:00:00+00:00,20.9835396
2025-06-01 13:00:00+00:00,19.912445800000004
2025-06-01 14:00:00+00:00,19.369495599999997
2025-06-01 15:00:00+00:00,21.1661667
2025-06-01 16:00:00+00:00,26.038103800000002
2025-06-01 17:00:00+00:00,30.788411400000005
2025-06-01 18:00:00+00:00,31.0617608
2025-06-01 19:00:00+00:00,31.5680962
2025-06-01 20:00:00+00:00,32.7860858
2025-06-01 21:00:00+00:00,32.896498900000005
2025-06-01 22:00:00+00:00,30.97244716666667
2025-06-01 23:00:00+00:00,29.157721966666667
2025-06-02 00:00:00+00:00,27.08399166666667
2025-06-02 01:00:00+00:00,25.53658126666667
2025-06-02 02:00:00+00:00,24.99880506666667
2025-06-02 03:00:00+00:00,26.62125716666667
2025-06-02 04:00:00+00:00,30.120010466666667
2025-06-02 05:00:00+00:00,34.122140466666664
2025-06-02 06:00:00+00:00,35.96362776666667
2025-06-02 07:00:00+00:00,35.87538506666667
2025-06-02 08:00:00+00:00,34.653968066666664
2025-06-02 09:00:00+00:00,34.421530966666666
2025-06-02 10:00:00+00:00,34.179884666666666
2025-06-02 11:00:00+00:00,32.96900976666667
2025-06-02 12:00:00+00:00,32.06165796666667
2025-06-02 13:00:00+00:00,31.55940316666667
2025-06-02 14:00:00+00:00,30.984471366666664
2025-06-02 15:00:00+00:00,32.26938776666667
2025-06-02 16:00:00+00:00,36.11231766666667
2025-06-02 17:00:00+00:00,39.902132566666666
2025-06-02 18:00:00+00:00,38.93113316666667
2025-06-02 19:00:00+00:00,38.22204326666667
2025-06-02 20:00:00+00:00,39.24946276666667
2025-06-02 21:00:00+00:00,39.11382346666667
2025-06-02 22:00:00+00:00,35.152272716666666
2025-06-02 23:00:00+00:00,33.18344071666667
2025-06-03 00:00:00+00:00,30.886650316666664
2025-06-03 01:00:00+00:00,28.73951191666667
2025-06-03 02:00:00+00:00,27.445098716666667
2025-06-03 03:00:00+00:00,28.089519616666664
2025-06-03 04:00:00+00:00,30.387815216666667
2025-06-03 05:00:00+00:00,33.03514031666667
2025-06-03 06:00:00+00:00,33.44502691666666
2025-06-03 07:00:00+00:00,31.98686141666667
2025-06-03 08:00:00+00:00,29.174417716666667
2025-06-03 09:00:00+00:00,27.649061116666665
2025-06-03 10:00:00+00:00,26.566900416666666
2025-06-03 11:00:00+00:00,25.055225316666665
2025-06-03 12:00:00+00:00,24.065692516666665
2025-06-03 13:00:00+00:00,23.40760231666667
2025-06-03 14:00:00+00:00,23.019921816666667
2025-06-03 15:00:00+00:00,24.711425616666666
2025-06-03 16:00:00+00:00,29.52783371666667
2025-06-03 17:00:00+00:00,34.60939071666667
2025-06-03 18:00:00+00:00,34.60719051666667
2025-06-03 19:00:00+00:00,34.37993121666667
2025-06-03 20:00:00+00:00,35.59168551666667
2025-06-03 21:00:00+00:00,35.77410641666667
2025-06-03 22:00:00+00:00,31.584232916666664
2025-06-03 23:00:00+00:00,29.829037816666663
2025-06-04 00:00:00+00:00,27.733663116666662
2025-06-04 01:00:00+00:00,25.97309931666667
2025-06-04 02:00:00+00:00,25.26301071666667
2025-06-04 03:00:00+00:00,26.514737816666663
2025-06-04 04:00:00+00:00,29.335378416666664
2025-06-04 05:00:00+00:00,32.70739351666667
2025-06-04 06:00:00+00:00,34.57175351666667
2025-06-04 07:00:00+00:00,34.47609881666666
2025-06-04 08:00:00+00:00,32.797635416666665
2025-06-04 09:00:00+00:00,32.02252031666667
2025-06-04 10:00:00+00:00,31.456346316666668
2025-06-04 11:00:00+00:00,29.877634116666666
2025-06-04 12:00:00+00:00,28.261978916666664
2025-06-04 13:00:00+00:00,26.715029116666667
2025-06-04 14:00:00+00:00,25.442154916666667
2025-06-04 15:00:00+00:00,26.181661416666664
2025-06-04 16:00:00+00:00,30.294115216666665
2025-06-04 17:00:00+00:00,34.54679161666667
2025-06-04 18:00:00+00:00,33.918094616666664
2025-06-04 19:00:00+00:00,33.46360321666667
2025-06-04 20:00:00+00:00,34.45692691666667
2025-06-04 21:00:00+00:00,34.296193216666666
2025-06-04 22:00:00+00:00,32.55117638333333
2025-06-04 23:00:00+00:00,30.170515983333335
2025-06-05 00:00:00+00:00,27.280705783333335
2025-06-05 01:00:00+00:00,25.073728883333334
2025-06-05 02:00:00+00:00,23.745601683333334
2025-06-05 03:00:00+00:00,24.418786683333334
2025-06-05 04:00:00+00:00,26.523323083333334
2025-06-05 05:00:00+00:00,29.402085183333334
2025-06-05 06:00:00+00:00,29.869495583333332
2025-06-05 07:00:00+00:00,27.694379683333334
2025-06-05 08:00:00+00:00,25.26054278333333
2025-06-05 09:00:00+00:00,23.659488083333333
2025-06-05 10:00:00+00:00,23.103639383333334
2025-06-05 11:00:00+00:00,21.64288648333333
2025-06-05 12:00:00+00:00,20.497685683333334
2025-06-05 13:00:00+00:00,20.058620383333334
2025-06-05 14:00:00+00:00,19.55792608333333
2025-06-05 15:00:00+00:00,21.643485583333334
2025-06-05 16:00:00+00:00,25.650667283333334
2025-06-05 17:00:00+00:00,29.707376083333333
2025-06-05 18:00:00+00:00,29.068732483333335
2025-06-05 19:00:00+00:00,27.584079083333332
2025-06-05 20:00:00+00:00,28.29607778333333
2025-06-05 21:00:00+00:00,28.273309683333338
2025-06-05 22:00:00+00:00,25.335242366666662
2025-06-05 23:00:00+00:00,23.828637766666667
2025-06-06 00:00:00+00:00,21.671467466666666
2025-06-06 01:00:00+00:00,20.453664566666667
2025-06-06 02:00:00+00:00,20.24195266666667
2025-06-06 03:00:00+00:00,21.94164466666667
2025-06-06 04:00:00+00:00,24.792596966666668
2025-06-06 05:00:00+00:00,28.181414266666664
2025-06-06 06:00:00+00:00,29.641533666666668
2025-06-06 07:00:00+00:00,28.72350806666667
2025-06-06 08:00:00+00:00,27.31689296666667
2025-06-06 09:00:00+00:00,26.121392166666666
2025-06-06 10:00:00+00:00,25.541816866666665
2025-06-06 11:00:00+00:00,24.142875466666666
2025-06-06 12:00:00+00:00,22.778379066666666
2025-06-06 13:00:00+00:00,22.243890666666665
2025-06-06 14:00:00+00:00,21.71851816666667
2025-06-06 15:00:00+00:00,24.05812406666667
2025-06-06 16:00:00+00:00,28.540705566666666
2025-06-06 17:00:00+00:00,32.96792576666667
2025-06-06 18:00:00+00:00,33.66560296666667
2025-06-06 19:00:00+00:00,33.69611116666667
2025-06-06 20:00:00+00:00,35.36085706666667
2025-06-06 21:00:00+00:00,35.80744866666667
2025-06-06 22:00:00+00:00,32.107819983333336
2025-06-06 23:00:00+00:00,29.446730783333336
2025-06-07 00:00:00+00:00,25.936375583333334
2025-06-07 01:00:00+00:00,23.35939488333333
2025-06-07 02:00:00+00:00,21.490024883333334
2025-06-07 03:00:00+00:00,21.009682083333338
2025-06-07 04:00:00+00:00,20.903856183333332
2025-06-07 05:00:00+00:00,21.210345483333334
2025-06-07 06:00:00+00:00,21.196762683333333
2025-06-07 07:00:00+00:00,20.806616383333335
2025-06-07 08:00:00+00:00,20.159749783333336
2025-06-07 09:00:00+00:00,19.482824283333333
2025-06-07 10:00:00+00:00,19.719401883333337
2025-06-07 11:00:00+00:00,17.798925983333337
2025-06-07 12:00:00+00:00,15.493810683333333
2025-06-07 13:00:00+00:00,14.467932883333333
2025-06-07 14:00:00+00:00,13.188720083333337
2025-06-07 15:00:00+00:00,14.857194283333332
2025-06-07 16:00:00+00:00,18.03827668333334
2025-06-07 17:00:00+00:00,22.118206683333337
2025-06-07 18:00:00+00:00,22.830746583333337
2025-06-07 19:00:00+00:00,23.046403783333332
2025-06-07 20:00:00+00:00,25.517326383333334
2025-06-07 21:00:00+00:00,26.571619283333337
2025-06-07 22:00:00+00:00,23.26358315
2025-06-07 23:00:00+00:00,21.25582635
2025-06-08 00:00:00+00:00,19.086164749999995
2025-06-08 01:00:00+00:00,17.61405625
2025-06-08 02:00:00+00:00,16.853348450000002
2025-06-08 03:00:00+00:00,17.47520345
2025-06-08 04:00:00+00:00,18.071836049999998
2025-06-08 05:00:00+00:00,18.44489165
2025-06-08 06:00:00+00:00,18.097628049999997
2025-06-08 07:00:00+00:00,17.793376449999997
2025-06-08 08:00:00+00:00,17.90523005
2025-06-08 09:00:00+00:00,18.332512549999997
2025-06-08 10:00:00+00:00,19.17179415
2025-06-08 11:00:00+00:00,18.188084149999998
2025-06-08 12:00:00+00:00,16.349139950000005
2025-06-08 13:00:00+00:00,15.90734955
2025-06-08 14:00:00+00:00,15.222266949999998
2025-06-08 15:00:00+00:00,17.130188349999997
2025-06-08 16:00:00+00:00,21.733876849999998
2025-06-08 17:00:00+00:00,27.601627549999996
2025-06-08 18:00:00+00:00,29.680346250000003
2025-06-08 19:00:00+00:00,30.544324649999997
2025-06-08 20:00:00+00:00,32.70420075
2025-06-08 21:00:00+00:00,33.361704950000004
2025-06-08 22:00:00+00:00,32.90093066666667
2025-06-08 23:00:00+00:00,31.26165206666667
2025-06-09 00:00:00+00:00,29.260075066666666
2025-06-09 01:00:00+00:00,27.39494316666667
2025-06-09 02:00:00+00:00,26.15429136666667
2025-06-09 03:00:00+00:00,26.329510466666665
2025-06-09 04:00:00+00:00,26.420719466666664
2025-06-09 05:00:00+00:00,26.198932566666663
2025-06-09 06:00:00+00:00,24.82377206666667
2025-06-09 07:00:00+00:00,23.465362866666666
2025-06-09 08:00:00+00:00,22.40250796666667
2025-06-09 09:00:00+00:00,22.259164466666668
2025-06-09 10:00:00+00:00,23.048411066666667
2025-06-09 11:00:00+00:00,22.075895366666664
2025-06-09 12:00:00+00:00,20.25371686666667
2025-06-09 13:00:00+00:00,19.76175236666667
2025-06-09 14:00:00+00:00,19.290137666666666
2025-06-09 15:00:00+00:00,21.392256066666665
2025-06-09 16:00:00+00:00,26.076800966666667
2025-06-09 17:00:00+00:00,31.818032666666667
2025-06-09 18:00:00+00:00,33.671609466666666
2025-06-09 19:00:00+00:00,34.38516766666666
2025-06-09 20:00:00+00:00,36.46398586666667
2025-06-09 21:00:00+00:00,37.01270576666667
2025-06-09 22:00:00+00:00,31.472877333333336
2025-06-09 23:00:00+00:00,29.544440533333333
2025-06-10 00:00:00+00:00,27.320899133333334
2025-06-10 01:00:00+00:00,25.684223133333333
2025-06-10 02:00:00+00:00,24.934252733333334
2025-06-10 03:00:00+00:00,26.665093433333332
2025-06-10 04:00:00+00:00,29.71690863333333
2025-06-10 05:00:00+00:00,32.80360473333334
2025-06-10 06:00:00+00:00,33.288039733333335
2025-06-10 07:00:00+00:00,31.49967343333333
2025-06-10 08:00:00+00:00,29.258780833333333
2025-06-10 09:00:00+00:00,28.201945133333336
2025-06-10 10:00:00+00:00,27.89629563333333
2025-06-10 11:00:00+00:00,26.70218993333333
2025-06-10 12:00:00+00:00,25.761721033333338
2025-06-10 13:00:00+00:00,25.58175573333334
2025-06-10 14:00:00+00:00,24.775362433333335
2025-06-10 15:00:00+00:00,26.39981433333333
2025-06-10 16:00:00+00:00,30.49145003333333
2025-06-10 17:00:00+00:00,35.449636633333334
2025-06-10 18:00:00+00:00,36.169786333333334
2025-06-10 19:00:00+00:00,35.647535833333336
2025-06-10 20:00:00+00:00,37.144364833333334
2025-06-10 21:00:00+00:00,36.911255833333335
2025-06-10 22:00:00+00:00,34.040867266666666
2025-06-10 23:00:00+00:00,31.770029966666662
2025-06-11 00:00:00+00:00,29.425580466666666
2025-06-11 01:00:00+00:00,27.66603546666667
2025-06-11 02:00:00+00:00,26.72247876666667
2025-06-11 03:00:00+00:00,27.882534366666665
2025-06-11 04:00:00+00:00,30.13897656666667
2025-06-11 05:00:00+00:00,32.59162226666667
2025-06-11 06:00:00+00:00,32.90380106666667
2025-06-11 07:00:00+00:00,31.22472626666667
2025-06-11 08:00:00+00:00,29.08751696666667
2025-06-11 09:00:00+00:00,28.168853166666665
2025-06-11 10:00:00+00:00,27.630290366666664
2025-06-11 11:00:00+00:00,26.587985466666666
2025-06-11 12:00:00+00:00,25.823293966666665
2025-06-11 13:00:00+00:00,25.801174766666666
2025-06-11 14:00:00+00:00,25.870197866666665
2025-06-11 15:00:00+00:00,27.78252456666667
2025-06-11 16:00:00+00:00,32.02587866666667
2025-06-11 17:00:00+00:00,36.20231546666667
2025-06-11 18:00:00+00:00,35.63429276666667
2025-06-11 19:00:00+00:00,33.81549846666667
2025-06-11 20:00:00+00:00,34.40598716666667
2025-06-11 21:00:00+00:00,33.77582376666667
2025-06-11 22:00:00+00:00,29.5671859
2025-06-11 23:00:00+00:00,27.179829700000003
2025-06-12 00:00:00+00:00,25.4042062
2025-06-12 01:00:00+00:00,24.029093599999996
2025-06-12 02:00:00+00:00,23.351731299999997
2025-06-12 03:00:00+00:00,24.8984429
2025-06-12 04:00:00+00:00,27.851891600000002
2025-06-12 05:00:00+00:00,30.989790499999998
2025-06-12 06:00:00+00:00,31.761301500000005
2025-06-12 07:00:00+00:00,30.761550899999996
2025-06-12 08:00:00+00:00,29.317937099999998
2025-06-12 09:00:00+00:00,28.767041400000004
2025-06-12 10:00:00+00:00,28.5546261
2025-06-12 11:00:00+00:00,28.2580826
2025-06-12 12:00:00+00:00,27.897303800000003
2025-06-12 13:00:00+00:00,27.700857700000004
2025-06-12 14:00:00+00:00,27.4371824
2025-06-12 15:00:00+00:00,29.485522000000003
2025-06-12 16:00:00+00:00,33.9863353
2025-06-12 17:00:00+00:00,38.3856438
2025-06-12 18:00:00+00:00,38.4563852
2025-06-12 19:00:00+00:00,37.843954100000005
2025-06-12 20:00:00+00:00,39.2349235
2025-06-12 21:00:00+00:00,39.0497429
2025-06-12 22:00:00+00:00,34.05767693333333
2025-06-12 23:00:00+00:00,31.659854233333334
2025-06-13 00:00:00+00:00,29.454259933333333
2025-06-13 01:00:00+00:00,27.853287033333334
2025-06-13 02:00:00+00:00,27.15471333333333
2025-06-13 03:00:00+00:00,28.461402933333332
2025-06-13 04:00:00+00:00,31.020546633333336
2025-06-13 05:00:00+00:00,34.007941833333334
2025-06-13 06:00:00+00:00,35.03604493333333
2025-06-13 07:00:00+00:00,33.46752763333333
2025-06-13 08:00:00+00:00,31.015568333333334
2025-06-13 09:00:00+00:00,29.66667993333333
2025-06-13 10:00:00+00:00,29.71403033333333
2025-06-13 11:00:00+00:00,29.170128133333332
2025-06-13 12:00:00+00:00,28.64273903333333
2025-06-13 13:00:00+00:00,27.746241533333333
2025-06-13 14:00:00+00:00,27.104430233333332
2025-06-13 15:00:00+00:00,29.25891733333333
2025-06-13 16:00:00+00:00,33.09291593333333
2025-06-13 17:00:00+00:00,36.40964293333334
2025-06-13 18:00:00+00:00,35.90363703333334
2025-06-13 19:00:00+00:00,35.40793463333333
2025-06-13 20:00:00+00:00,37.07560313333334
2025-06-13 21:00:00+00:00,36.562404433333334
2025-06-13 22:00:00+00:00,33.82943781666667
2025-06-13 23:00:00+00:00,31.41410571666667
2025-06-14 00:00:00+00:00,29.103084216666666
2025-06-14 01:00:00+00:00,27.001573216666664
2025-06-14 02:00:00+00:00,25.95920911666667
2025-06-14 03:00:00+00:00,26.341539916666665
2025-06-14 04:00:00+00:00,26.835030916666668
2025-06-14 05:00:00+00:00,27.597364016666667
2025-06-14 06:00:00+00:00,28.177027116666665
2025-06-14 07:00:00+00:00,27.74728931666667
2025-06-14 08:00:00+00:00,27.546493716666664
2025-06-14 09:00:00+00:00,28.25678041666667
2025-06-14 10:00:00+00:00,29.39065981666667
2025-06-14 11:00:00+00:00,28.458450916666667
2025-06-14 12:00:00+00:00,27.52496461666667
2025-06-14 13:00:00+00:00,26.87883061666666
2025-06-14 14:00:00+00:00,25.800040916666667
2025-06-14 15:00:00+00:00,27.094388816666665
2025-06-14 16:00:00+00:00,30.82011941666667
2025-06-14 17:00:00+00:00,34.35962501666667
2025-06-14 18:00:00+00:00,34.430759316666666
2025-06-14 19:00:00+00:00,34.474800216666665
2025-06-14 20:00:00+00:00,36.280042216666665
2025-06-14 21:00:00+00:00,36.597604616666665
2025-06-14 22:00:00+00:00,33.31279106666667
2025-06-14 23:00:00+00:00,31.006417366666664
2025-06-15 00:00:00+00:00,28.706293966666664
2025-06-15 01:00:00+00:00,26.668935466666667
2025-06-15 02:00:00+00:00,25.55031436666667
2025-06-15 03:00:00+00:00,25.26453636666667
2025-06-15 04:00:00+00:00,25.160126766666664
2025-06-15 05:00:00+00:00,25.31594236666667
2025-06-15 06:00:00+00:00,25.54803886666667
2025-06-15 07:00:00+00:00,25.44825576666667
2025-06-15 08:00:00+00:00,25.65395306666667
2025-06-15 09:00:00+00:00,26.461082966666673
2025-06-15 10:00:00+00:00,27.346265866666666
2025-06-15 11:00:00+00:00,26.23131506666667
2025-06-15 12:00:00+00:00,25.069844666666665
2025-06-15 13:00:00+00:00,23.471178066666663
2025-06-15 14:00:00+00:00,22.125791366666665
2025-06-15 15:00:00+00:00,23.271769166666672
2025-06-15 16:00:00+00:00,27.355273266666668
2025-06-15 17:00:00+00:00,31.219080166666664
2025-06-15 18:00:00+00:00,31.709962066666666
2025-06-15 19:00:00+00:00,31.976707866666672
2025-06-15 20:00:00+00:00,33.599290366666665
2025-06-15 21:00:00+00:00,33.665660366666664
2025-06-15 22:00:00+00:00,30.75202286666667
2025-06-15 23:00:00+00:00,28.486675266666666
2025-06-16 00:00:00+00:00,27.008917866666664
2025-06-16 01:00:00+00:00,25.62505766666667
2025-06-16 02:00:00+00:00,25.27339426666667
2025-06-16 03:00:00+00:00,26.962176766666666
2025-06-16 04:00:00+00:00,29.98458396666667
2025-06-16 05:00:00+00:00,33.38936206666666
2025-06-16 06:00:00+00:00,34.624421266666666
2025-06-16 07:00:00+00:00,32.755964166666665
2025-06-16 08:00:00+00:00,30.228281366666668
2025-06-16 09:00:00+00:00,28.923320366666662
2025-06-16 10:00:00+00:00,28.931694766666663
2025-06-16 11:00:00+00:00,28.06872226666667
2025-06-16 12:00:00+00:00,28.503676166666665
2025-06-16 13:00:00+00:00,28.010718766666663
2025-06-16 14:00:00+00:00,27.790565066666666
2025-06-16 15:00:00+00:00,29.36920226666667
2025-06-16 16:00:00+00:00,33.57522816666666
2025-06-16 17:00:00+00:00,37.940518866666665
2025-06-16 18:00:00+00:00,38.02590446666667
2025-06-16 19:00:00+00:00,37.146844466666664
2025-06-16 20:00:00+00:00,38.076284066666666
2025-06-16 21:00:00+00:00,37.744632466666665
2025-06-16 22:00:00+00:00,34.0384897
2025-06-16 23:00:00+00:00,31.486002399999997
2025-06-17 00:00:00+00:00,29.898664599999996
2025-06-17 01:00:00+00:00,28.449009900000004
2025-06-17 02:00:00+00:00,27.7734612
2025-06-17 03:00:00+00:00,29.0337885
2025-06-17 04:00:00+00:00,31.449782499999998
2025-06-17 05:00:00+00:00,34.347198500000005
2025-06-17 06:00:00+00:00,34.952913200000005
2025-06-17 07:00:00+00:00,32.7598562
2025-06-17 08:00:00+00:00,30.162745899999997
2025-06-17 09:00:00+00:00,29.4624879
2025-06-17 10:00:00+00:00,30.1330104
2025-06-17 11:00:00+00:00,29.397008500000002
2025-06-17 12:00:00+00:00,29.665651
2025-06-17 13:00:00+00:00,28.430226300000005
2025-06-17 14:00:00+00:00,27.8481878
2025-06-17 15:00:00+00:00,29.4603602
2025-06-17 16:00:00+00:00,33.6427324
2025-06-17 17:00:00+00:00,37.9348319
2025-06-17 18:00:00+00:00,37.9686526
2025-06-17 19:00:00+00:00,37.2063342
2025-06-17 20:00:00+00:00,38.1944963
2025-06-17 21:00:00+00:00,37.85367049999999
2025-06-17 22:00:00+00:00,33.95096041666667
2025-06-17 23:00:00+00:00,31.43027191666667
2025-06-18 00:00:00+00:00,29.846476716666665
2025-06-18 01:00:00+00:00,28.26225561666667
2025-06-18 02:00:00+00:00,27.647995116666667
2025-06-18 03:00:00+00:00,28.943534516666666
2025-06-18 04:00:00+00:00,31.27534031666667
2025-06-18 05:00:00+00:00,34.04606391666667
2025-06-18 06:00:00+00:00,34.74706801666667
2025-06-18 07:00:00+00:00,32.75896671666667
2025-06-18 08:00:00+00:00,30.416352516666663
2025-06-18 09:00:00+00:00,29.346394316666668
2025-06-18 10:00:00+00:00,29.97256781666667
2025-06-18 11:00:00+00:00,29.487384216666673
2025-06-18 12:00:00+00:00,29.597951216666672
2025-06-18 13:00:00+00:00,28.40197681666667
2025-06-18 14:00:00+00:00,28.256380216666667
2025-06-18 15:00:00+00:00,30.144923616666667
2025-06-18 16:00:00+00:00,34.483973516666666
2025-06-18 17:00:00+00:00,38.550464516666665
2025-06-18 18:00:00+00:00,38.34875661666666
2025-06-18 19:00:00+00:00,37.20934201666667
2025-06-18 20:00:00+00:00,37.696347716666665
2025-06-18 21:00:00+00:00,36.74832351666667
2025-06-18 22:00:00+00:00,33.321326416666665
2025-06-18 23:00:00+00:00,30.73861721666667
2025-06-19 00:00:00+00:00,28.696751616666663
2025-06-19 01:00:00+00:00,26.880753116666668
2025-06-19 02:00:00+00:00,26.27644241666666
2025-06-19 03:00:00+00:00,27.255503516666668
2025-06-19 04:00:00+00:00,29.661470316666666
2025-06-19 05:00:00+00:00,32.59233451666667
2025-06-19 06:00:00+00:00,33.31685401666667
2025-06-19 07:00:00+00:00,31.646523016666666
2025-06-19 08:00:00+00:00,29.078485016666665
2025-06-19 09:00:00+00:00,28.005968616666664
2025-06-19 10:00:00+00:00,28.140694516666663
2025-06-19 11:00:00+00:00,27.322914316666665
2025-06-19 12:00:00+00:00,27.482275116666667
2025-06-19 13:00:00+00:00,26.47914121666667
2025-06-19 14:00:00+00:00,26.412020416666664
2025-06-19 15:00:00+00:00,28.03438181666667
2025-06-19 16:00:00+00:00,32.40398221666666
2025-06-19 17:00:00+00:00,36.188349816666666
2025-06-19 18:00:00+00:00,36.192830416666666
2025-06-19 19:00:00+00:00,34.91162391666667
2025-06-19 20:00:00+00:00,35.715305816666664
2025-06-19 21:00:00+00:00,34.61710681666666
2025-06-19 22:00:00+00:00,31.366099333333334
2025-06-19 23:00:00+00:00,29.06767363333333
2025-06-20 00:00:00+00:00,27.436270833333335
2025-06-20 01:00:00+00:00,25.934283633333333
2025-06-20 02:00:00+00:00,25.648812933333335
2025-06-20 03:00:00+00:00,27.05146523333333
2025-06-20 04:00:00+00:00,29.898195433333328
2025-06-20 05:00:00+00:00,33.341484933333334
2025-06-20 06:00:00+00:00,34.40676403333334
2025-06-20 07:00:00+00:00,33.14063993333333
2025-06-20 08:00:00+00:00,30.963589733333336
2025-06-20 09:00:00+00:00,29.73359543333333
2025-06-20 10:00:00+00:00,29.055341433333336
2025-06-20 11:00:00+00:00,28.308943033333332
2025-06-20 12:00:00+00:00,27.89570463333333
2025-06-20 13:00:00+00:00,27.393738233333334
2025-06-20 14:00:00+00:00,28.147527933333336
2025-06-20 15:00:00+00:00,30.100174133333333
2025-06-20 16:00:00+00:00,34.361397733333334
2025-06-20 17:00:00+00:00,37.657584033333336
2025-06-20 18:00:00+00:00,37.479373433333336
2025-06-20 19:00:00+00:00,36.64554553333333
2025-06-20 20:00:00+00:00,37.86824683333333
2025-06-20 21:00:00+00:00,37.020659933333334
2025-06-20 22:00:00+00:00,34.42369336666667
2025-06-20 23:00:00+00:00,32.20408666666667
2025-06-21 00:00:00+00:00,30.022993766666662
2025-06-21 01:00:00+00:00,28.093726566666668
2025-06-21 02:00:00+00:00,27.24085576666667
2025-06-21 03:00:00+00:00,27.30876836666667
2025-06-21 04:00:00+00:00,27.695952866666666
2025-06-21 05:00:00+00:00,28.138037466666667
2025-06-21 06:00:00+00:00,27.842008766666662
2025-06-21 07:00:00+00:00,27.00073756666667
2025-06-21 08:00:00+00:00,26.179555166666667
2025-06-21 09:00:00+00:00,26.869729266666667
2025-06-21 10:00:00+00:00,28.005188766666663
2025-06-21 11:00:00+00:00,27.623624666666664
2025-06-21 12:00:00+00:00,26.965473766666666
2025-06-21 13:00:00+00:00,25.568417766666666
2025-06-21 14:00:00+00:00,25.14383606666667
2025-06-21 15:00:00+00:00,27.325737866666667
2025-06-21 16:00:00+00:00,31.513827266666667
2025-06-21 17:00:00+00:00,34.91449966666667
2025-06-21 18:00:00+00:00,35.343776266666666
2025-06-21 19:00:00+00:00,35.04777796666667
2025-06-21 20:00:00+00:00,36.796730966666665
2025-06-21 21:00:00+00:00,35.91149806666667
2025-06-21 22:00:00+00:00,32.466305266666666
2025-06-21 23:00:00+00:00,30.06620576666667
2025-06-22 00:00:00+00:00,27.869472366666663
2025-06-22 01:00:00+00:00,26.24469056666667
2025-06-22 02:00:00+00:00,25.598986866666664
2025-06-22 03:00:00+00:00,25.906812266666666
2025-06-22 04:00:00+00:00,26.05324806666667
2025-06-22 05:00:00+00:00,26.39220816666667
2025-06-22 06:00:00+00:00,26.030185166666662
2025-06-22 07:00:00+00:00,25.519964366666663
2025-06-22 08:00:00+00:00,25.790356466666665
2025-06-22 09:00:00+00:00,27.08545456666667
2025-06-22 10:00:00+00:00,28.002893966666665
2025-06-22 11:00:00+00:00,27.465176266666667
2025-06-22 12:00:00+00:00,25.932169066666667
2025-06-22 13:00:00+00:00,25.070118966666673
2025-06-22 14:00:00+00:00,24.383761866666667
2025-06-22 15:00:00+00:00,25.181312766666668
2025-06-22 16:00:00+00:00,29.823145966666665
2025-06-22 17:00:00+00:00,33.77930066666667
2025-06-22 18:00:00+00:00,34.75936036666667
2025-06-22 19:00:00+00:00,35.02773416666667
2025-06-22 20:00:00+00:00,37.10281506666667
2025-06-22 21:00:00+00:00,36.34593836666667
2025-06-22 22:00:00+00:00,33.222243500000005
2025-06-22 23:00:00+00:00,30.9962024
2025-06-23 00:00:00+00:00,28.989385399999996
2025-06-23 01:00:00+00:00,27.285329599999997
2025-06-23 02:00:00+00:00,26.7627438
2025-06-23 03:00:00+00:00,28.380123300000005
2025-06-23 04:00:00+00:00,31.203673
2025-06-23 05:00:00+00:00,34.4463632
2025-06-23 06:00:00+00:00,34.947309000000004
2025-06-23 07:00:00+00:00,33.278255200000004
2025-06-23 08:00:00+00:00,30.735372400000003
2025-06-23 09:00:00+00:00,30.2628296
2025-06-23 10:00:00+00:00,30.735008600000004
2025-06-23 11:00:00+00:00,29.7571035
2025-06-23 12:00:00+00:00,28.816661900000007
2025-06-23 13:00:00+00:00,28.117044300000003
2025-06-23 14:00:00+00:00,28.1678949
2025-06-23 15:00:00+00:00,28.9946755
2025-06-23 16:00:00+00:00,32.6648179
2025-06-23 17:00:00+00:00,37.051383
2025-06-23 18:00:00+00:00,37.8586687
2025-06-23 19:00:00+00:00,37.4874292
2025-06-23 20:00:00+00:00,39.2765225
2025-06-23 21:00:00+00:00,38.7117567
2025-06-23 22:00:00+00:00,35.65118016666667
2025-06-23 23:00:00+00:00,33.66943466666666
2025-06-24 00:00:00+00:00,32.25365456666667
2025-06-24 01:00:00+00:00,30.886812066666668
2025-06-24 02:00:00+00:00,30.345476166666668
2025-06-24 03:00:00+00:00,31.67351066666667
2025-06-24 04:00:00+00:00,34.23158886666666
2025-06-24 05:00:00+00:00,37.161942466666666
2025-06-24 06:00:00+00:00,37.31119256666666
2025-06-24 07:00:00+00:00,35.41606336666666
2025-06-24 08:00:00+00:00,32.74851376666666
2025-06-24 09:00:00+00:00,32.18565486666667
2025-06-24 10:00:00+00:00,32.91964226666667
2025-06-24 11:00:00+00:00,32.604641766666674
2025-06-24 12:00:00+00:00,32.29899496666667
2025-06-24 13:00:00+00:00,31.01123546666667
2025-06-24 14:00:00+00:00,30.43968846666667
2025-06-24 15:00:00+00:00,32.43145556666667
2025-06-24 16:00:00+00:00,36.871445566666665
2025-06-24 17:00:00+00:00,41.049701066666664
2025-06-24 18:00:00+00:00,41.49915296666667
2025-06-24 19:00:00+00:00,40.76909486666667
2025-06-24 20:00:00+00:00,42.41822726666666
2025-06-24 21:00:00+00:00,41.57020716666667
2025-06-24 22:00:00+00:00,37.02023741666667
2025-06-24 23:00:00+00:00,35.00228791666667
2025-06-25 00:00:00+00:00,33.207056816666665
2025-06-25 01:00:00+00:00,31.657336416666666
2025-06-25 02:00:00+00:00,31.035017916666664
2025-06-25 03:00:00+00:00,32.32712571666667
2025-06-25 04:00:00+00:00,34.66136691666667
2025-06-25 05:00:00+00:00,37.33320741666667
2025-06-25 06:00:00+00:00,37.72703591666667
2025-06-25 07:00:00+00:00,36.57587721666667
2025-06-25 08:00:00+00:00,34.65088921666666
2025-06-25 09:00:00+00:00,33.74117291666666
2025-06-25 10:00:00+00:00,33.430805616666674
2025-06-25 11:00:00+00:00,32.959006116666664
2025-06-25 12:00:00+00:00,32.76248711666666
2025-06-25 13:00:00+00:00,32.14135781666667
2025-06-25 14:00:00+00:00,32.37084991666667
2025-06-25 15:00:00+00:00,33.87017591666667
2025-06-25 16:00:00+00:00,37.72747341666667
2025-06-25 17:00:00+00:00,40.81436371666667
2025-06-25 18:00:00+00:00,40.288329116666674
2025-06-25 19:00:00+00:00,39.03969731666666
2025-06-25 20:00:00+00:00,40.008985016666664
2025-06-25 21:00:00+00:00,38.79001461666667
2025-06-25 22:00:00+00:00,34.29781885
2025-06-25 23:00:00+00:00,31.56576735
2025-06-26 00:00:00+00:00,29.653928349999997
2025-06-26 01:00:00+00:00,27.774476650000004
2025-06-26 02:00:00+00:00,26.304701450000003
2025-06-26 03:00:00+00:00,26.98101765
2025-06-26 04:00:00+00:00,29.36174305
2025-06-26 05:00:00+00:00,32.58920765
2025-06-26 06:00:00+00:00,33.29936825
2025-06-26 07:00:00+00:00,32.02836125
2025-06-26 08:00:00+00:00,30.406100249999998
2025-06-26 09:00:00+00:00,29.146524649999996
2025-06-26 10:00:00+00:00,28.793417750000003
2025-06-26 11:00:00+00:00,27.85119645
2025-06-26 12:00:00+00:00,27.357733749999994
2025-06-26 13:00:00+00:00,26.519729249999997
2025-06-26 14:00:00+00:00,26.353240550000002
2025-06-26 15:00:00+00:00,27.677308249999996
2025-06-26 16:00:00+00:00,31.649289149999998
2025-06-26 17:00:00+00:00,35.98871015
2025-06-26 18:00:00+00:00,36.936932549999995
2025-06-26 19:00:00+00:00,36.982244349999995
2025-06-26 20:00:00+00:00,38.76960495
2025-06-26 21:00:00+00:00,38.407625249999995
2025-06-26 22:00:00+00:00,35.49850538333334
2025-06-26 23:00:00+00:00,33.27486698333333
2025-06-27 00:00:00+00:00,32.02975098333333
2025-06-27 01:00:00+00:00,30.728184183333333
2025-06-27 02:00:00+00:00,29.973529483333333
2025-06-27 03:00:00+00:00,31.222223783333334
2025-06-27 04:00:00+00:00,33.61547508333334
2025-06-27 05:00:00+00:00,36.47992738333333
2025-06-27 06:00:00+00:00,36.884908683333336
2025-06-27 07:00:00+00:00,35.48821528333333
2025-06-27 08:00:00+00:00,33.81292838333333
2025-06-27 09:00:00+00:00,32.31602098333333
2025-06-27 10:00:00+00:00,31.69554318333334
2025-06-27 11:00:00+00:00,30.668760383333336
2025-06-27 12:00:00+00:00,29.996983383333333
2025-06-27 13:00:00+00:00,29.501708283333333
2025-06-27 14:00:00+00:00,29.480725583333335
2025-06-27 15:00:00+00:00,31.00391318333334
2025-06-27 16:00:00+00:00,34.779547683333334
2025-06-27 17:00:00+00:00,38.65172488333333
2025-06-27 18:00:00+00:00,39.312694083333334
2025-06-27 19:00:00+00:00,39.04238058333333
2025-06-27 20:00:00+00:00,40.76027248333333
2025-06-27 21:00:00+00:00,40.31980188333334
2025-06-27 22:00:00+00:00,36.77156333333333
2025-06-27 23:00:00+00:00,33.98764993333334
2025-06-28 00:00:00+00:00,32.18749053333333
2025-06-28 01:00:00+00:00,30.524210733333334
2025-06-28 02:00:00+00:00,28.927217433333333
2025-06-28 03:00:00+00:00,29.038129533333333
2025-06-28 04:00:00+00:00,29.126463833333336
2025-06-28 05:00:00+00:00,29.364316733333336
2025-06-28 06:00:00+00:00,28.888758933333328
2025-06-28 07:00:00+00:00,27.76063213333333
2025-06-28 08:00:00+00:00,26.536551233333334
2025-06-28 09:00:00+00:00,25.615112033333336
2025-06-28 10:00:00+00:00,26.06386193333333
2025-06-28 11:00:00+00:00,25.526782733333334
2025-06-28 12:00:00+00:00,24.83668133333333
2025-06-28 13:00:00+00:00,24.412433933333336
2025-06-28 14:00:00+00:00,24.95860383333334
2025-06-28 15:00:00+00:00,27.12939623333334
2025-06-28 16:00:00+00:00,31.192021333333336
2025-06-28 17:00:00+00:00,35.36184813333333
2025-06-28 18:00:00+00:00,36.08304783333333
2025-06-28 19:00:00+00:00,35.95787013333333
2025-06-28 20:00:00+00:00,37.668265633333334
2025-06-28 21:00:00+00:00,37.25859783333334
2025-06-28 22:00:00+00:00,33.43158113333333
2025-06-28 23:00:00+00:00,31.269599433333337
2025-06-29 00:00:00+00:00,29.269219533333334
2025-06-29 01:00:00+00:00,27.739927533333333
2025-06-29 02:00:00+00:00,26.700191633333333
2025-06-29 03:00:00+00:00,26.608318833333335
2025-06-29 04:00:00+00:00,26.31787713333333
2025-06-29 05:00:00+00:00,26.06311573333333
2025-06-29 06:00:00+00:00,25.420416733333333
2025-06-29 07:00:00+00:00,24.252330733333338
2025-06-29 08:00:00+00:00,23.635683733333337
2025-06-29 09:00:00+00:00,24.695787233333334
2025-06-29 10:00:00+00:00,26.946745233333335
2025-06-29 11:00:00+00:00,26.645157533333336
2025-06-29 12:00:00+00:00,25.993875233333338
2025-06-29 13:00:00+00:00,25.806140333333335
2025-06-29 14:00:00+00:00,25.335342933333333
2025-06-29 15:00:00+00:00,26.449966033333332
2025-06-29 16:00:00+00:00,31.069177333333336
2025-06-29 17:00:00+00:00,35.66631323333333
2025-06-29 18:00:00+00:00,36.85665833333333
2025-06-29 19:00:00+00:00,36.75514533333333
2025-06-29 20:00:00+00:00,37.87665023333333
2025-06-29 21:00:00+00:00,36.779904333333334
2025-06-29 22:00:00+00:00,33.99685959999999
2025-06-29 23:00:00+00:00,31.7868079
2025-06-30 00:00:00+00:00,30.4963233
2025-06-30 01:00:00+00:00,29.4351658
2025-06-30 02:00:00+00:00,29.1666288
2025-06-30 03:00:00+00:00,31.137697
2025-06-30 04:00:00+00:00,34.193736
2025-06-30 05:00:00+00:00,37.6144137
2025-06-30 06:00:00+00:00,38.794189599999996
2025-06-30 07:00:00+00:00,37.511893199999996
2025-06-30 08:00:00+00:00,35.6164152
2025-06-30 09:00:00+00:00,34.460410700000004
2025-06-30 10:00:00+00:00,34.1733776
2025-06-30 11:00:00+00:00,34.1712275
2025-06-30 12:00:00+00:00,34.4338152
2025-06-30 13:00:00+00:00,34.821526199999994
2025-06-30 14:00:00+00:00,35.3821912
2025-06-30 15:00:00+00:00,37.2870812
2025-06-30 16:00:00+00:00,41.0736876
2025-06-30 17:00:00+00:00,44.6572715
2025-06-30 18:00:00+00:00,44.4264628
2025-06-30 19:00:00+00:00,43.5110795
2025-06-30 20:00:00+00:00,44.8091969
2025-06-30 21:00:00+00:00,43.7114062
2025-06-30 22:00:00+00:00,39.02287273333333
2025-06-30 23:00:00+00:00,36.634350133333335
2025-07-01 00:00:00+00:00,35.14046793333333
2025-07-01 01:00:00+00:00,33.892103633333335
2025-07-01 02:00:00+00:00,33.30084853333333
2025-07-01 03:00:00+00:00,34.82197823333334
2025-07-01 04:00:00+00:00,37.42786973333334
2025-07-01 05:00:00+00:00,40.30218013333334
2025-07-01 06:00:00+00:00,40.79305383333333
2025-07-01 07:00:00+00:00,38.86071783333333
2025-07-01 08:00:00+00:00,36.615972633333335
2025-07-01 09:00:00+00:00,35.28311333333333
2025-07-01 10:00:00+00:00,34.87168413333333
2025-07-01 11:00:00+00:00,34.564731033333345
2025-07-01 12:00:00+00:00,34.741717333333334
2025-07-01 13:00:00+00:00,34.94006313333334
2025-07-01 14:00:00+00:00,35.51214543333333
2025-07-01 15:00:00+00:00,37.376522533333336
2025-07-01 16:00:00+00:00,41.13109443333333
2025-07-01 17:00:00+00:00,44.66223883333333
2025-07-01 18:00:00+00:00,44.52255663333334
2025-07-01 19:00:00+00:00,43.78909293333333
2025-07-01 20:00:00+00:00,45.01787933333333
2025-07-01 21:00:00+00:00,43.54566823333334
2025-07-01 22:00:00+00:00,38.40993781666666
2025-07-01 23:00:00+00:00,35.803239616666666
2025-07-02 00:00:00+00:00,34.06889151666667
2025-07-02 01:00:00+00:00,32.801508016666666
2025-07-02 02:00:00+00:00,32.08382701666667
2025-07-02 03:00:00+00:00,33.43439731666667
2025-07-02 04:00:00+00:00,35.73326351666667
2025-07-02 05:00:00+00:00,38.492552116666666
2025-07-02 06:00:00+00:00,39.463178416666665
2025-07-02 07:00:00+00:00,38.14721341666667
2025-07-02 08:00:00+00:00,36.33673271666667
2025-07-02 09:00:00+00:00,35.13328551666666
2025-07-02 10:00:00+00:00,34.347041016666665
2025-07-02 11:00:00+00:00,33.11248281666667
2025-07-02 12:00:00+00:00,32.35618581666667
2025-07-02 13:00:00+00:00,31.82037791666667
2025-07-02 14:00:00+00:00,31.645014116666673
2025-07-02 15:00:00+00:00,32.51417401666667
2025-07-02 16:00:00+00:00,35.245272916666664
2025-07-02 17:00:00+00:00,37.697854316666664
2025-07-02 18:00:00+00:00,36.964294116666665
2025-07-02 19:00:00+00:00,36.27792951666666
2025-07-02 20:00:00+00:00,37.75030891666667
2025-07-02 21:00:00+00:00,36.882895516666665
2025-07-02 22:00:00+00:00,34.19617673333333
2025-07-02 23:00:00+00:00,32.037063333333336
2025-07-03 00:00:00+00:00,30.30098823333333
2025-07-03 01:00:00+00:00,28.912397533333333
2025-07-03 02:00:00+00:00,28.679918033333333
2025-07-03 03:00:00+00:00,30.277658833333334
2025-07-03 04:00:00+00:00,33.12845883333333
2025-07-03 05:00:00+00:00,36.472631633333336
2025-07-03 06:00:00+00:00,38.019200733333335
2025-07-03 07:00:00+00:00,36.90175533333333
2025-07-03 08:00:00+00:00,35.439880933333335
2025-07-03 09:00:00+00:00,34.25289153333334
2025-07-03 10:00:00+00:00,33.443963233333335
2025-07-03 11:00:00+00:00,32.91443113333334
2025-07-03 12:00:00+00:00,33.01597173333334
2025-07-03 13:00:00+00:00,32.65411383333334
2025-07-03 14:00:00+00:00,32.66154023333333
2025-07-03 15:00:00+00:00,34.08280123333333
2025-07-03 16:00:00+00:00,37.618832833333336
2025-07-03 17:00:00+00:00,40.97378393333334
2025-07-03 18:00:00+00:00,40.56046643333333
2025-07-03 19:00:00+00:00,39.150819033333335
2025-07-03 20:00:00+00:00,39.70423963333333
2025-07-03 21:00:00+00:00,38.26996913333333
2025-07-03 22:00:00+00:00,35.03740678333334
2025-07-03 23:00:00+00:00,33.018110183333334
2025-07-04 00:00:00+00:00,31.397958883333335
2025-07-04 01:00:00+00:00,30.041121983333333
2025-07-04 02:00:00+00:00,29.65209558333333
2025-07-04 03:00:00+00:00,31.088831683333336
2025-07-04 04:00:00+00:00,33.68188488333334
2025-07-04 05:00:00+00:00,36.77557658333333
2025-07-04 06:00:00+00:00,37.95617798333333
2025-07-04 07:00:00+00:00,36.48430458333333
2025-07-04 08:00:00+00:00,34.23764898333333
2025-07-04 09:00:00+00:00,32.65714418333333
2025-07-04 10:00:00+00:00,32.08998298333333
2025-07-04 11:00:00+00:00,31.596347483333336
2025-07-04 12:00:00+00:00,31.64851748333334
2025-07-04 13:00:00+00:00,31.449283783333335
2025-07-04 14:00:00+00:00,31.689558783333336
2025-07-04 15:00:00+00:00,33.26595638333333
2025-07-04 16:00:00+00:00,37.17583888333334
2025-07-04 17:00:00+00:00,40.679246883333334
2025-07-04 18:00:00+00:00,40.897281783333334
2025-07-04 19:00:00+00:00,40.48329398333333
2025-07-04 20:00:00+00:00,41.88693478333333
2025-07-04 21:00:00+00:00,40.802422183333334
2025-07-04 22:00:00+00:00,37.180572049999995
2025-07-04 23:00:00+00:00,35.014800650000005
2025-07-05 00:00:00+00:00,32.78574985
2025-07-05 01:00:00+00:00,30.982125149999998
2025-07-05 02:00:00+00:00,29.734838049999997
2025-07-05 03:00:00+00:00,29.77609755
2025-07-05 04:00:00+00:00,29.84296575
2025-07-05 05:00:00+00:00,30.024878550000004
2025-07-05 06:00:00+00:00,29.91385195
2025-07-05 07:00:00+00:00,29.099594350000004
2025-07-05 08:00:00+00:00,27.755114749999997
2025-07-05 09:00:00+00:00,26.911937050000006
2025-07-05 10:00:00+00:00,27.59101305
2025-07-05 11:00:00+00:00,27.70195425
2025-07-05 12:00:00+00:00,26.97238015
2025-07-05 13:00:00+00:00,26.24259465
2025-07-05 14:00:00+00:00,25.695967349999997
2025-07-05 15:00:00+00:00,26.78344365
2025-07-05 16:00:00+00:00,30.78550755
2025-07-05 17:00:00+00:00,34.77192415
2025-07-05 18:00:00+00:00,35.79474705
2025-07-05 19:00:00+00:00,35.97653615
2025-07-05 20:00:00+00:00,38.01574705
2025-07-05 21:00:00+00:00,37.67599865
2025-07-05 22:00:00+00:00,33.399661316666666
2025-07-05 23:00:00+00:00,31.790012516666664
2025-07-06 00:00:00+00:00,29.56059611666667
2025-07-06 01:00:00+00:00,27.39405131666667
2025-07-06 02:00:00+00:00,25.928925516666666
2025-07-06 03:00:00+00:00,25.55720421666667
2025-07-06 04:00:00+00:00,25.069889916666668
2025-07-06 05:00:00+00:00,24.863694716666664
2025-07-06 06:00:00+00:00,24.74818021666667
2025-07-06 07:00:00+00:00,24.754312716666668
2025-07-06 08:00:00+00:00,24.863660516666663
2025-07-06 09:00:00+00:00,25.23187921666667
2025-07-06 10:00:00+00:00,25.469524716666665
2025-07-06 11:00:00+00:00,24.296544016666665
2025-07-06 12:00:00+00:00,22.52069161666667
2025-07-06 13:00:00+00:00,21.123277516666672
2025-07-06 14:00:00+00:00,20.90338051666667
2025-07-06 15:00:00+00:00,21.669908516666666
2025-07-06 16:00:00+00:00,25.140876116666664
2025-07-06 17:00:00+00:00,29.083913116666665
2025-07-06 18:00:00+00:00,30.66866301666667
2025-07-06 19:00:00+00:00,31.912027216666665
2025-07-06 20:00:00+00:00,34.264689616666665
2025-07-06 21:00:00+00:00,34.10866741666666
2025-07-06 22:00:00+00:00,30.507964816666664
2025-07-06 23:00:00+00:00,29.10621671666667
2025-07-07 00:00:00+00:00,27.450891516666665
2025-07-07 01:00:00+00:00,26.013523616666667
2025-07-07 02:00:00+00:00,25.556028116666667
2025-07-07 03:00:00+00:00,27.38302911666667
2025-07-07 04:00:00+00:00,30.18913371666667
2025-07-07 05:00:00+00:00,33.26101821666666
2025-07-07 06:00:00+00:00,34.666874316666664
2025-07-07 07:00:00+00:00,33.81378451666667
2025-07-07 08:00:00+00:00,32.58463421666667
2025-07-07 09:00:00+00:00,31.36265681666667
2025-07-07 10:00:00+00:00,30.130539316666667
2025-07-07 11:00:00+00:00,29.08542831666667
2025-07-07 12:00:00+00:00,28.356831616666664
2025-07-07 13:00:00+00:00,27.013992416666664
2025-07-07 14:00:00+00:00,26.328971516666666
2025-07-07 15:00:00+00:00,26.497263916666668
2025-07-07 16:00:00+00:00,30.03633361666667
2025-07-07 17:00:00+00:00,34.41930361666667
2025-07-07 18:00:00+00:00,35.65322601666667
2025-07-07 19:00:00+00:00,35.939686316666666
2025-07-07 20:00:00+00:00,38.01793761666667
2025-07-07 21:00:00+00:00,37.61305671666666
2025-07-07 22:00:00+00:00,33.811420733333335
2025-07-07 23:00:00+00:00,32.08027653333333
2025-07-08 00:00:00+00:00,30.03534583333333
2025-07-08 01:00:00+00:00,28.205466033333337
2025-07-08 02:00:00+00:00,26.98453183333333
2025-07-08 03:00:00+00:00,28.161985033333334
2025-07-08 04:00:00+00:00,30.390622333333333
2025-07-08 05:00:00+00:00,32.89946593333333
2025-07-08 06:00:00+00:00,33.69229373333334
2025-07-08 07:00:00+00:00,32.13908553333333
2025-07-08 08:00:00+00:00,30.040730333333332
2025-07-08 09:00:00+00:00,28.86307923333333
2025-07-08 10:00:00+00:00,27.704409133333336
2025-07-08 11:00:00+00:00,26.861203233333338
2025-07-08 12:00:00+00:00,26.818277633333334
2025-07-08 13:00:00+00:00,26.20361733333333
2025-07-08 14:00:00+00:00,26.230846433333333
2025-07-08 15:00:00+00:00,27.445802933333333
2025-07-08 16:00:00+00:00,31.836968133333333
2025-07-08 17:00:00+00:00,36.55583233333333
2025-07-08 18:00:00+00:00,38.18062363333333
2025-07-08 19:00:00+00:00,38.251751533333334
2025-07-08 20:00:00+00:00,39.96425273333333
2025-07-08 21:00:00+00:00,39.36691283333333
2025-07-08 22:00:00+00:00,36.65426106666666
2025-07-08 23:00:00+00:00,35.183369066666664
2025-07-09 00:00:00+00:00,33.28567776666667
2025-07-09 01:00:00+00:00,31.74867926666667
2025-07-09 02:00:00+00:00,30.727073266666668
2025-07-09 03:00:00+00:00,32.05731136666667
2025-07-09 04:00:00+00:00,34.11303166666667
2025-07-09 05:00:00+00:00,36.24788246666667
2025-07-09 06:00:00+00:00,36.765693666666664
2025-07-09 07:00:00+00:00,35.114521866666664
2025-07-09 08:00:00+00:00,32.78684706666667
2025-07-09 09:00:00+00:00,31.593808366666668
2025-07-09 10:00:00+00:00,30.693968366666667
2025-07-09 11:00:00+00:00,29.991617266666665
2025-07-09 12:00:00+00:00,29.98762896666667
2025-07-09 13:00:00+00:00,29.550363466666667
2025-07-09 14:00:00+00:00,29.966240766666665
2025-07-09 15:00:00+00:00,31.265217466666666
2025-07-09 16:00:00+00:00,35.523459966666664
2025-07-09 17:00:00+00:00,39.862891266666665
2025-07-09 18:00:00+00:00,40.922231966666665
2025-07-09 19:00:00+00:00,40.62524876666667
2025-07-09 20:00:00+00:00,41.836190566666666
2025-07-09 21:00:00+00:00,41.086707366666666
2025-07-09 22:00:00+00:00,36.38173756666667
2025-07-09 23:00:00+00:00,34.83132296666666
2025-07-10 00:00:00+00:00,33.00607816666667
2025-07-10 01:00:00+00:00,31.537507866666665
2025-07-10 02:00:00+00:00,30.771855466666665
2025-07-10 03:00:00+00:00,31.968014966666665
2025-07-10 04:00:00+00:00,34.13688736666667
2025-07-10 05:00:00+00:00,36.372014766666666
2025-07-10 06:00:00+00:00,36.516626566666666
2025-07-10 07:00:00+00:00,34.01830366666667
2025-07-10 08:00:00+00:00,31.10893296666667
2025-07-10 09:00:00+00:00,29.22868706666667
2025-07-10 10:00:00+00:00,28.087187066666665
2025-07-10 11:00:00+00:00,27.70574776666667
2025-07-10 12:00:00+00:00,28.676916066666667
2025-07-10 13:00:00+00:00,27.116324666666667
2025-07-10 14:00:00+00:00,26.899633766666664
2025-07-10 15:00:00+00:00,28.614743566666668
2025-07-10 16:00:00+00:00,33.08645006666667
2025-07-10 17:00:00+00:00,37.28465126666667
2025-07-10 18:00:00+00:00,38.186427566666666
2025-07-10 19:00:00+00:00,38.032878266666664
2025-07-10 20:00:00+00:00,39.27962686666667
2025-07-10 21:00:00+00:00,38.29876216666667
2025-07-10 22:00:00+00:00,34.8847552
2025-07-10 23:00:00+00:00,32.8110589
2025-07-11 00:00:00+00:00,31.198537199999997
2025-07-11 01:00:00+00:00,29.887814700000003
2025-07-11 02:00:00+00:00,29.3386688
2025-07-11 03:00:00+00:00,30.904004199999996
2025-07-11 04:00:00+00:00,33.1514422
2025-07-11 05:00:00+00:00,35.4667364
2025-07-11 06:00:00+00:00,35.9348315
2025-07-11 07:00:00+00:00,33.7979912
2025-07-11 08:00:00+00:00,31.0201254
2025-07-11 09:00:00+00:00,28.717977500000003
2025-07-11 10:00:00+00:00,27.6247155
2025-07-11 11:00:00+00:00,26.1570256
2025-07-11 12:00:00+00:00,26.149043799999998
2025-07-11 13:00:00+00:00,25.251368699999997
2025-07-11 14:00:00+00:00,25.682959700000005
2025-07-11 15:00:00+00:00,27.293961
2025-07-11 16:00:00+00:00,31.6121452
2025-07-11 17:00:00+00:00,35.123506
2025-07-11 18:00:00+00:00,35.7743005
2025-07-11 19:00:00+00:00,35.943852400000004
2025-07-11 20:00:00+00:00,37.371217
2025-07-11 21:00:00+00:00,36.662314499999994
2025-07-11 22:00:00+00:00,33.407598433333334
2025-07-11 23:00:00+00:00,31.690220933333336
2025-07-12 00:00:00+00:00,29.999220533333336
2025-07-12 01:00:00+00:00,28.510641733333337
2025-07-12 02:00:00+00:00,27.75632113333333
2025-07-12 03:00:00+00:00,28.211493833333336
2025-07-12 04:00:00+00:00,28.572330533333332
2025-07-12 05:00:00+00:00,28.864605633333333
2025-07-12 06:00:00+00:00,28.739545433333333
2025-07-12 07:00:00+00:00,27.805825433333336
2025-07-12 08:00:00+00:00,26.645830333333336
2025-07-12 09:00:00+00:00,25.609691733333335
2025-07-12 10:00:00+00:00,26.117501933333337
2025-07-12 11:00:00+00:00,25.204080833333332
2025-07-12 12:00:00+00:00,25.046681933333332
2025-07-12 13:00:00+00:00,24.362097833333333
2025-07-12 14:00:00+00:00,25.06027113333333
2025-07-12 15:00:00+00:00,26.994014033333336
2025-07-12 16:00:00+00:00,31.203346133333337
2025-07-12 17:00:00+00:00,34.322985933333335
2025-07-12 18:00:00+00:00,34.73157983333333
2025-07-12 19:00:00+00:00,34.76050703333334
2025-07-12 20:00:00+00:00,36.42509053333333
2025-07-12 21:00:00+00:00,36.10031313333333
2025-07-12 22:00:00+00:00,33.03243325
2025-07-12 23:00:00+00:00,31.54491835
2025-07-13 00:00:00+00:00,29.718651449999996
2025-07-13 01:00:00+00:00,28.37985445
2025-07-13 02:00:00+00:00,27.697759249999997
2025-07-13 03:00:00+00:00,28.02062735
2025-07-13 04:00:00+00:00,27.955835450000002
2025-07-13 05:00:00+00:00,27.56703885
2025-07-13 06:00:00+00:00,27.006742250000002
2025-07-13 07:00:00+00:00,25.90861875
2025-07-13 08:00:00+00:00,25.239520150000004
2025-07-13 09:00:00+00:00,24.62011925
2025-07-13 10:00:00+00:00,25.14250295
2025-07-13 11:00:00+00:00,24.04030475
2025-07-13 12:00:00+00:00,22.968553149999998
2025-07-13 13:00:00+00:00,22.024100349999998
2025-07-13 14:00:00+00:00,22.70983465
2025-07-13 15:00:00+00:00,24.544868050000005
2025-07-13 16:00:00+00:00,29.48128355
2025-07-13 17:00:00+00:00,33.845433549999996
2025-07-13 18:00:00+00:00,35.422905150000005
2025-07-13 19:00:00+00:00,36.436863450000004
2025-07-13 20:00:00+00:00,38.265329949999995
2025-07-13 21:00:00+00:00,37.73128595
2025-07-13 22:00:00+00:00,33.54234185
2025-07-13 23:00:00+00:00,31.65287675
2025-07-14 00:00:00+00:00,28.94265575
2025-07-14 01:00:00+00:00,26.82369155
2025-07-14 02:00:00+00:00,25.59426295
2025-07-14 03:00:00+00:00,25.641885750000004
2025-07-14 04:00:00+00:00,25.545683150000002
2025-07-14 05:00:00+00:00,24.96708735
2025-07-14 06:00:00+00:00,24.108781550000003
2025-07-14 07:00:00+00:00,22.91062925
2025-07-14 08:00:00+00:00,22.449551550000002
2025-07-14 09:00:00+00:00,22.09646775
2025-07-14 10:00:00+00:00,22.751520950000003
2025-07-14 11:00:00+00:00,21.78938025
2025-07-14 12:00:00+00:00,20.375759650000003
2025-07-14 13:00:00+00:00,19.05543675
2025-07-14 14:00:00+00:00,19.624253649999996
2025-07-14 15:00:00+00:00,21.41652195
2025-07-14 16:00:00+00:00,26.67241725
2025-07-14 17:00:00+00:00,31.479270550000003
2025-07-14 18:00:00+00:00,33.66115665
2025-07-14 19:00:00+00:00,35.190684950000005
2025-07-14 20:00:00+00:00,37.43045475
2025-07-14 21:00:00+00:00,37.16934715
2025-07-14 22:00:00+00:00,30.950810933333333
2025-07-14 23:00:00+00:00,29.226540133333337
2025-07-15 00:00:00+00:00,27.304614933333337
2025-07-15 01:00:00+00:00,26.034507233333336
2025-07-15 02:00:00+00:00,25.792809133333336
2025-07-15 03:00:00+00:00,27.84775433333333
2025-07-15 04:00:00+00:00,30.719210833333335
2025-07-15 05:00:00+00:00,33.492698733333334
2025-07-15 06:00:00+00:00,34.465235633333336
2025-07-15 07:00:00+00:00,32.609288633333335
2025-07-15 08:00:00+00:00,30.188092933333333
2025-07-15 09:00:00+00:00,28.078465633333337
2025-07-15 10:00:00+00:00,26.71533413333334
2025-07-15 11:00:00+00:00,24.686489433333332
2025-07-15 12:00:00+00:00,23.422288233333337
2025-07-15 13:00:00+00:00,21.697384233333334
2025-07-15 14:00:00+00:00,20.988295033333333
2025-07-15 15:00:00+00:00,21.515704533333334
2025-07-15 16:00:00+00:00,25.625770533333334
2025-07-15 17:00:00+00:00,29.666692533333336
2025-07-15 18:00:00+00:00,31.283831433333333
2025-07-15 19:00:00+00:00,32.22005633333333
2025-07-15 20:00:00+00:00,34.27332723333333
2025-07-15 21:00:00+00:00,33.826341533333334
2025-07-15 22:00:00+00:00,31.33697455
2025-07-15 23:00:00+00:00,29.403625849999997
2025-07-16 00:00:00+00:00,27.01102455
2025-07-16 01:00:00+00:00,25.389746249999998
2025-07-16 02:00:00+00:00,24.838110549999996
2025-07-16 03:00:00+00:00,26.460369750000005
2025-07-16 04:00:00+00:00,29.031797750000003
2025-07-16 05:00:00+00:00,31.290924850000003
2025-07-16 06:00:00+00:00,31.620155249999996
2025-07-16 07:00:00+00:00,29.50540215
2025-07-16 08:00:00+00:00,27.179313350000005
2025-07-16 09:00:00+00:00,25.700778650000004
2025-07-16 10:00:00+00:00,25.350004149999997
2025-07-16 11:00:00+00:00,24.595166250000002
2025-07-16 12:00:00+00:00,24.46879915
2025-07-16 13:00:00+00:00,23.78125875
2025-07-16 14:00:00+00:00,24.20458695
2025-07-16 15:00:00+00:00,25.74687425
2025-07-16 16:00:00+00:00,30.685722549999998
2025-07-16 17:00:00+00:00,35.05154625
2025-07-16 18:00:00+00:00,36.65365305
2025-07-16 19:00:00+00:00,37.443744550000005
2025-07-16 20:00:00+00:00,39.70053915
2025-07-16 21:00:00+00:00,39.62221595
2025-07-16 22:00:00+00:00,37.4267437
2025-07-16 23:00:00+00:00,36.1276522
2025-07-17 00:00:00+00:00,34.199500400000005
2025-07-17 01:00:00+00:00,32.8407287
2025-07-17 02:00:00+00:00,32.323892900000004
2025-07-17 03:00:00+00:00,33.944628699999996
2025-07-17 04:00:00+00:00,36.4943538
2025-07-17 05:00:00+00:00,38.7341679
2025-07-17 06:00:00+00:00,38.94733239999999
2025-07-17 07:00:00+00:00,36.6537137
2025-07-17 08:00:00+00:00,34.2946259
2025-07-17 09:00:00+00:00,32.9033594
2025-07-17 10:00:00+00:00,32.4726542
2025-07-17 11:00:00+00:00,31.8506119
2025-07-17 12:00:00+00:00,31.7469359
2025-07-17 13:00:00+00:00,30.9622392
2025-07-17 14:00:00+00:00,31.5907689
2025-07-17 15:00:00+00:00,33.2177578
2025-07-17 16:00:00+00:00,37.8731533
2025-07-17 17:00:00+00:00,41.7237803
2025-07-17 18:00:00+00:00,42.513514400000005
2025-07-17 19:00:00+00:00,42.4600974
2025-07-17 20:00:00+00:00,43.945237500000005
2025-07-17 21:00:00+00:00,43.1857054
2025-07-17 22:00:00+00:00,37.27501435
2025-07-17 23:00:00+00:00,35.94957435
2025-07-18 00:00:00+00:00,33.63514455000001
2025-07-18 01:00:00+00:00,32.165186049999996
2025-07-18 02:00:00+00:00,31.674394850000002
2025-07-18 03:00:00+00:00,33.24793675
2025-07-18 04:00:00+00:00,35.46236975
2025-07-18 05:00:00+00:00,38.02372165
2025-07-18 06:00:00+00:00,38.899857450000006
2025-07-18 07:00:00+00:00,37.22466315
2025-07-18 08:00:00+00:00,35.043076850000006
2025-07-18 09:00:00+00:00,33.08776085
2025-07-18 10:00:00+00:00,31.93187175
2025-07-18 11:00:00+00:00,30.937865150000007
2025-07-18 12:00:00+00:00,30.48509875
2025-07-18 13:00:00+00:00,30.43729415
2025-07-18 14:00:00+00:00,30.78111685
2025-07-18 15:00:00+00:00,32.99395735
2025-07-18 16:00:00+00:00,36.65049655
2025-07-18 17:00:00+00:00,39.39570575
2025-07-18 18:00:00+00:00,39.39768275
2025-07-18 19:00:00+00:00,39.157204449999995
2025-07-18 20:00:00+00:00,40.37591475000001
2025-07-18 21:00:00+00:00,39.59029655
2025-07-18 22:00:00+00:00,35.01767723333333
2025-07-18 23:00:00+00:00,33.22046913333333
2025-07-19 00:00:00+00:00,30.390100233333335
2025-07-19 01:00:00+00:00,28.62620873333333
2025-07-19 02:00:00+00:00,27.731284733333332
2025-07-19 03:00:00+00:00,28.179241133333335
2025-07-19 04:00:00+00:00,28.296487733333336
2025-07-19 05:00:00+00:00,28.885235833333333
2025-07-19 06:00:00+00:00,29.777784433333338
2025-07-19 07:00:00+00:00,29.962009933333334
2025-07-19 08:00:00+00:00,29.563030033333337
2025-07-19 09:00:00+00:00,28.796478533333335
2025-07-19 10:00:00+00:00,28.515502733333335
2025-07-19 11:00:00+00:00,26.741230633333338
2025-07-19 12:00:00+00:00,25.368223133333334
2025-07-19 13:00:00+00:00,24.098247433333334
2025-07-19 14:00:00+00:00,23.758095233333332
2025-07-19 15:00:00+00:00,25.37942673333333
2025-07-19 16:00:00+00:00,29.211803433333337
2025-07-19 17:00:00+00:00,32.75005313333333
2025-07-19 18:00:00+00:00,33.54568363333334
2025-07-19 19:00:00+00:00,34.50553623333333
2025-07-19 20:00:00+00:00,36.85757063333333
2025-07-19 21:00:00+00:00,36.82854343333334
2025-07-19 22:00:00+00:00,33.19955518333333
2025-07-19 23:00:00+00:00,31.30377838333333
2025-07-20 00:00:00+00:00,28.64115328333333
2025-07-20 01:00:00+00:00,26.615021483333333
2025-07-20 02:00:00+00:00,25.377944783333334
2025-07-20 03:00:00+00:00,25.28935278333333
2025-07-20 04:00:00+00:00,24.597315483333333
2025-07-20 05:00:00+00:00,24.057799183333337
2025-07-20 06:00:00+00:00,23.455237383333333
2025-07-20 07:00:00+00:00,22.410736483333338
2025-07-20 08:00:00+00:00,21.672951683333334
2025-07-20 09:00:00+00:00,21.172851383333334
2025-07-20 10:00:00+00:00,22.367287883333336
2025-07-20 11:00:00+00:00,20.892648283333333
2025-07-20 12:00:00+00:00,18.934320183333337
2025-07-20 13:00:00+00:00,17.532796883333337
2025-07-20 14:00:00+00:00,17.46059018333333
2025-07-20 15:00:00+00:00,19.524252283333333
2025-07-20 16:00:00+00:00,23.97042178333333
2025-07-20 17:00:00+00:00,28.488568183333335
2025-07-20 18:00:00+00:00,30.223616883333335
2025-07-20 19:00:00+00:00,31.48122428333333
2025-07-20 20:00:00+00:00,33.380839083333335
2025-07-20 21:00:00+00:00,32.69653398333334
2025-07-20 22:00:00+00:00,28.913968099999998
2025-07-20 23:00:00+00:00,26.7478141
2025-07-21 00:00:00+00:00,23.829205800000004
2025-07-21 01:00:00+00:00,21.853031
2025-07-21 02:00:00+00:00,21.2855397
2025-07-21 03:00:00+00:00,23.0161765
2025-07-21 04:00:00+00:00,25.4714615
2025-07-21 05:00:00+00:00,28.1811919
2025-07-21 06:00:00+00:00,29.1479497
2025-07-21 07:00:00+00:00,27.746834200000002
2025-07-21 08:00:00+00:00,25.965841200000007
2025-07-21 09:00:00+00:00,24.187768800000008
2025-07-21 10:00:00+00:00,23.2692989
2025-07-21 11:00:00+00:00,21.9191918
2025-07-21 12:00:00+00:00,22.089696200000002
2025-07-21 13:00:00+00:00,21.5823732
2025-07-21 14:00:00+00:00,21.383949
2025-07-21 15:00:00+00:00,22.675660500000003
2025-07-21 16:00:00+00:00,27.0034236
2025-07-21 17:00:00+00:00,31.227662300000002
2025-07-21 18:00:00+00:00,32.17499339999999
2025-07-21 19:00:00+00:00,32.5897399
2025-07-21 20:00:00+00:00,34.5058157
2025-07-21 21:00:00+00:00,34.4227798
2025-07-21 22:00:00+00:00,31.66534505
2025-07-21 23:00:00+00:00,30.067136350000002
2025-07-22 00:00:00+00:00,27.865549350000002
2025-07-22 01:00:00+00:00,26.30101635
2025-07-22 02:00:00+00:00,25.82875395
2025-07-22 03:00:00+00:00,27.63075885
2025-07-22 04:00:00+00:00,30.05356825
2025-07-22 05:00:00+00:00,32.51629335
2025-07-22 06:00:00+00:00,33.34629235
2025-07-22 07:00:00+00:00,31.76309245
2025-07-22 08:00:00+00:00,29.73775005
2025-07-22 09:00:00+00:00,27.95934135
2025-07-22 10:00:00+00:00,26.97326185
2025-07-22 11:00:00+00:00,25.47536085
2025-07-22 12:00:00+00:00,26.67812825
2025-07-22 13:00:00+00:00,26.10525835
2025-07-22 14:00:00+00:00,25.757123049999997
2025-07-22 15:00:00+00:00,27.627091749999998
2025-07-22 16:00:00+00:00,32.84418605
2025-07-22 17:00:00+00:00,37.84993535
2025-07-22 18:00:00+00:00,39.16047345
2025-07-22 19:00:00+00:00,39.83296695
2025-07-22 20:00:00+00:00,41.51765915
2025-07-22 21:00:00+00:00,41.06853915000001
2025-07-22 22:00:00+00:00,36.45015016666667
2025-07-22 23:00:00+00:00,35.118735666666666
2025-07-23 00:00:00+00:00,32.97032906666667
2025-07-23 01:00:00+00:00,31.398227566666666
2025-07-23 02:00:00+00:00,30.907153466666664
2025-07-23 03:00:00+00:00,32.48520986666667
2025-07-23 04:00:00+00:00,34.60308186666666
2025-07-23 05:00:00+00:00,36.80126956666666
2025-07-23 06:00:00+00:00,37.99084286666667
2025-07-23 07:00:00+00:00,37.35269876666667
2025-07-23 08:00:00+00:00,36.10105516666666
2025-07-23 09:00:00+00:00,35.226622166666665
2025-07-23 10:00:00+00:00,35.07934026666667
2025-07-23 11:00:00+00:00,34.13356766666667
2025-07-23 12:00:00+00:00,34.79671626666667
2025-07-23 13:00:00+00:00,33.98781256666667
2025-07-23 14:00:00+00:00,33.749504066666674
2025-07-23 15:00:00+00:00,34.32775656666667
2025-07-23 16:00:00+00:00,37.384598866666664
2025-07-23 17:00:00+00:00,39.72857246666667
2025-07-23 18:00:00+00:00,39.09782716666667
2025-07-23 19:00:00+00:00,38.97522886666667
2025-07-23 20:00:00+00:00,40.29861596666666
2025-07-23 21:00:00+00:00,39.51975516666667
2025-07-23 22:00:00+00:00,34.450238600000006
2025-07-23 23:00:00+00:00,32.7751027
2025-07-24 00:00:00+00:00,30.891825499999996
2025-07-24 01:00:00+00:00,29.2403201
2025-07-24 02:00:00+00:00,28.523183600000003
2025-07-24 03:00:00+00:00,29.9109946
2025-07-24 04:00:00+00:00,31.900815599999998
2025-07-24 05:00:00+00:00,34.2645957
2025-07-24 06:00:00+00:00,35.4390427
2025-07-24 07:00:00+00:00,34.3024298
2025-07-24 08:00:00+00:00,32.6259965
2025-07-24 09:00:00+00:00,30.756865500000004
2025-07-24 10:00:00+00:00,29.997273200000002
2025-07-24 11:00:00+00:00,28.156688000000003
2025-07-24 12:00:00+00:00,28.077133200000006
2025-07-24 13:00:00+00:00,27.422953700000004
2025-07-24 14:00:00+00:00,27.406752300000004
2025-07-24 15:00:00+00:00,28.287421
2025-07-24 16:00:00+00:00,32.4982011
2025-07-24 17:00:00+00:00,36.0429206
2025-07-24 18:00:00+00:00,36.2427508
2025-07-24 19:00:00+00:00,36.5677095
2025-07-24 20:00:00+00:00,38.108384
2025-07-24 21:00:00+00:00,37.4394145
2025-07-24 22:00:00+00:00,34.717033533333336
2025-07-24 23:00:00+00:00,33.27767933333333
2025-07-25 00:00:00+00:00,31.301689433333337
2025-07-25 01:00:00+00:00,29.732062833333337
2025-07-25 02:00:00+00:00,29.134880333333335
2025-07-25 03:00:00+00:00,30.560764833333334
2025-07-25 04:00:00+00:00,32.80988023333333
2025-07-25 05:00:00+00:00,35.06093163333334
2025-07-25 06:00:00+00:00,35.97977723333334
2025-07-25 07:00:00+00:00,34.72092153333333
2025-07-25 08:00:00+00:00,32.94843973333334
2025-07-25 09:00:00+00:00,31.070508133333334
2025-07-25 10:00:00+00:00,30.312973633333335
2025-07-25 11:00:00+00:00,28.670645233333335
2025-07-25 12:00:00+00:00,28.281201333333332
2025-07-25 13:00:00+00:00,27.698100033333333
2025-07-25 14:00:00+00:00,27.44239623333333
2025-07-25 15:00:00+00:00,28.317739833333334
2025-07-25 16:00:00+00:00,32.13776113333334
2025-07-25 17:00:00+00:00,35.44585393333334
2025-07-25 18:00:00+00:00,35.568318033333334
2025-07-25 19:00:00+00:00,36.00041363333333
2025-07-25 20:00:00+00:00,37.656786233333335
2025-07-25 21:00:00+00:00,37.12757533333333
2025-07-25 22:00:00+00:00,34.362596700000005
2025-07-25 23:00:00+00:00,32.476511699999996
2025-07-26 00:00:00+00:00,30.5622421
2025-07-26 01:00:00+00:00,28.601217999999996
2025-07-26 02:00:00+00:00,27.3712206
2025-07-26 03:00:00+00:00,27.7603753
2025-07-26 04:00:00+00:00,27.846755899999998
2025-07-26 05:00:00+00:00,27.7162246
2025-07-26 06:00:00+00:00,27.716425800000003
2025-07-26 07:00:00+00:00,26.684948000000006
2025-07-26 08:00:00+00:00,25.3925487
2025-07-26 09:00:00+00:00,23.855405100000006
2025-07-26 10:00:00+00:00,23.598119699999998
2025-07-26 11:00:00+00:00,21.884396000000002
2025-07-26 12:00:00+00:00,20.5635592
2025-07-26 13:00:00+00:00,19.791234799999998
2025-07-26 14:00:00+00:00,19.522639599999998
2025-07-26 15:00:00+00:00,20.932669599999997
2025-07-26 16:00:00+00:00,25.350427500000002
2025-07-26 17:00:00+00:00,29.529327000000002
2025-07-26 18:00:00+00:00,30.637118
2025-07-26 19:00:00+00:00,32.0416126
2025-07-26 20:00:00+00:00,34.308135400000005
2025-07-26 21:00:00+00:00,34.4805863
2025-07-26 22:00:00+00:00,31.551635816666668
2025-07-26 23:00:00+00:00,30.143589716666664
2025-07-27 00:00:00+00:00,28.32121731666666
2025-07-27 01:00:00+00:00,26.50135051666667
2025-07-27 02:00:00+00:00,25.441487116666668
2025-07-27 03:00:00+00:00,25.588419416666667
2025-07-27 04:00:00+00:00,25.167801116666666
2025-07-27 05:00:00+00:00,24.607896116666666
2025-07-27 06:00:00+00:00,24.55726861666667
2025-07-27 07:00:00+00:00,24.068239616666666
2025-07-27 08:00:00+00:00,23.874752216666664
2025-07-27 09:00:00+00:00,23.461271816666667
2025-07-27 10:00:00+00:00,23.650026516666667
2025-07-27 11:00:00+00:00,21.51364841666667
2025-07-27 12:00:00+00:00,19.269985116666668
2025-07-27 13:00:00+00:00,17.778095716666666
2025-07-27 14:00:00+00:00,17.629235616666666
2025-07-27 15:00:00+00:00,18.58774901666667
2025-07-27 16:00:00+00:00,23.357390916666667
2025-07-27 17:00:00+00:00,27.920594516666668
2025-07-27 18:00:00+00:00,29.233368216666666
2025-07-27 19:00:00+00:00,30.85273011666667
2025-07-27 20:00:00+00:00,32.90696311666667
2025-07-27 21:00:00+00:00,32.840650616666665
2025-07-27 22:00:00+00:00,29.651522400000005
2025-07-27 23:00:00+00:00,27.5220274
2025-07-28 00:00:00+00:00,25.7803221
2025-07-28 01:00:00+00:00,24.3913956
2025-07-28 02:00:00+00:00,24.0983776
2025-07-28 03:00:00+00:00,25.9169135
2025-07-28 04:00:00+00:00,28.155378400000004
2025-07-28 05:00:00+00:00,30.552365800000004
2025-07-28 06:00:00+00:00,32.3283599
2025-07-28 07:00:00+00:00,30.9325927
2025-07-28 08:00:00+00:00,28.704518500000002
2025-07-28 09:00:00+00:00,26.745903000000006
2025-07-28 10:00:00+00:00,26.0293767
2025-07-28 11:00:00+00:00,24.6772033
2025-07-28 12:00:00+00:00,23.646803600000002
2025-07-28 13:00:00+00:00,23.1668962
2025-07-28 14:00:00+00:00,22.9342312
2025-07-28 15:00:00+00:00,23.512694500000002
2025-07-28 16:00:00+00:00,27.6556352
2025-07-28 17:00:00+00:00,32.896503
2025-07-28 18:00:00+00:00,33.9695544
2025-07-28 19:00:00+00:00,33.8878688
2025-07-28 20:00:00+00:00,35.4004884
2025-07-28 21:00:00+00:00,35.2909878
2025-07-28 22:00:00+00:00,31.425330499999998
2025-07-28 23:00:00+00:00,29.8742378
2025-07-29 00:00:00+00:00,28.210642999999997
2025-07-29 01:00:00+00:00,26.8180353
2025-07-29 02:00:00+00:00,26.2659649
2025-07-29 03:00:00+00:00,27.8179628
2025-07-29 04:00:00+00:00,29.8606032
2025-07-29 05:00:00+00:00,31.90213
2025-07-29 06:00:00+00:00,33.0340962
2025-07-29 07:00:00+00:00,31.030986199999997
2025-07-29 08:00:00+00:00,28.628831500000004
2025-07-29 09:00:00+00:00,27.086910500000002
2025-07-29 10:00:00+00:00,26.6337775
2025-07-29 11:00:00+00:00,25.315919
2025-07-29 12:00:00+00:00,24.2112285
2025-07-29 13:00:00+00:00,23.737319299999996
2025-07-29 14:00:00+00:00,23.792191600000002
2025-07-29 15:00:00+00:00,24.734037500000003
2025-07-29 16:00:00+00:00,29.057812300000002
2025-07-29 17:00:00+00:00,34.0893655
2025-07-29 18:00:00+00:00,34.9629748
2025-07-29 19:00:00+00:00,34.805960500000005
2025-07-29 20:00:00+00:00,35.9210306
2025-07-29 21:00:00+00:00,35.8695853
2025-07-29 22:00:00+00:00,33.34508028333333
2025-07-29 23:00:00+00:00,31.586583683333338
2025-07-30 00:00:00+00:00,30.010663583333333
2025-07-30 01:00:00+00:00,28.430330983333334
2025-07-30 02:00:00+00:00,27.685006983333338
2025-07-30 03:00:00+00:00,29.122960683333332
2025-07-30 04:00:00+00:00,31.226542083333335
2025-07-30 05:00:00+00:00,33.43148118333333
2025-07-30 06:00:00+00:00,34.868932183333335
2025-07-30 07:00:00+00:00,33.40059728333333
2025-07-30 08:00:00+00:00,31.506146983333338
2025-07-30 09:00:00+00:00,29.966464183333333
2025-07-30 10:00:00+00:00,29.634105283333337
2025-07-30 11:00:00+00:00,28.247845083333335
2025-07-30 12:00:00+00:00,27.040229683333333
2025-07-30 13:00:00+00:00,26.436635083333336
2025-07-30 14:00:00+00:00,26.362388983333332
2025-07-30 15:00:00+00:00,26.604422583333335
2025-07-30 16:00:00+00:00,30.447197983333332
2025-07-30 17:00:00+00:00,34.990985183333336
2025-07-30 18:00:00+00:00,35.578210383333335
2025-07-30 19:00:00+00:00,35.61852878333334
2025-07-30 20:00:00+00:00,37.11049018333333
2025-07-30 21:00:00+00:00,37.101982883333335
2025-07-30 22:00:00+00:00,34.242676700000004
2025-07-30 23:00:00+00:00,32.6152806
2025-07-31 00:00:00+00:00,30.6154511
2025-07-31 01:00:00+00:00,28.875643900000004
2025-07-31 02:00:00+00:00,28.2584772
2025-07-31 03:00:00+00:00,29.668597600000002
2025-07-31 04:00:00+00:00,31.581973899999998
2025-07-31 05:00:00+00:00,33.77939
2025-07-31 06:00:00+00:00,34.9573586
2025-07-31 07:00:00+00:00,33.1147495
2025-07-31 08:00:00+00:00,30.313660500000005
2025-07-31 09:00:00+00:00,28.283397800000003
2025-07-31 10:00:00+00:00,27.640607799999998
2025-07-31 11:00:00+00:00,26.244759800000004
2025-07-31 12:00:00+00:00,25.331840900000003
2025-07-31 13:00:00+00:00,24.7927062
2025-07-31 14:00:00+00:00,24.8599227
2025-07-31 15:00:00+00:00,25.8607182
2025-07-31 16:00:00+00:00,29.826715800000002
2025-07-31 17:00:00+00:00,34.3545067
2025-07-31 18:00:00+00:00,35.0589101
2025-07-31 19:00:00+00:00,35.280033800000005
2025-07-31 20:00:00+00:00,36.8586405
2025-07-31 21:00:00+00:00,36.9737032
2025-07-31 22:00:00+00:00,33.40634026666667
2025-07-31 23:00:00+00:00,31.92432976666667
2025-08-01 00:00:00+00:00,29.921298266666668
2025-08-01 01:00:00+00:00,28.206879366666666
2025-08-01 02:00:00+00:00,27.37400356666667
2025-08-01 03:00:00+00:00,28.88951086666666
2025-08-01 04:00:00+00:00,30.675815766666666
2025-08-01 05:00:00+00:00,32.80600196666667
2025-08-01 06:00:00+00:00,34.00851936666667
2025-08-01 07:00:00+00:00,32.717530366666665
2025-08-01 08:00:00+00:00,30.208071466666674
2025-08-01 09:00:00+00:00,28.07420366666667
2025-08-01 10:00:00+00:00,27.205362666666666
2025-08-01 11:00:00+00:00,25.25380606666667
2025-08-01 12:00:00+00:00,23.63060356666667
2025-08-01 13:00:00+00:00,22.32460916666667
2025-08-01 14:00:00+00:00,21.955867266666665
2025-08-01 15:00:00+00:00,22.82456966666667
2025-08-01 16:00:00+00:00,26.920702666666664
2025-08-01 17:00:00+00:00,31.51208486666666
2025-08-01 18:00:00+00:00,32.300301366666666
2025-08-01 19:00:00+00:00,32.93837946666667
2025-08-01 20:00:00+00:00,34.702456266666665
2025-08-01 21:00:00+00:00,34.885962766666665
2025-08-01 22:00:00+00:00,31.687969349999996
2025-08-01 23:00:00+00:00,30.40467545
2025-08-02 00:00:00+00:00,28.22176235
2025-08-02 01:00:00+00:00,26.43582595
2025-08-02 02:00:00+00:00,25.27936415
2025-08-02 03:00:00+00:00,25.786220150000002
2025-08-02 04:00:00+00:00,26.32423105
2025-08-02 05:00:00+00:00,26.86016875
2025-08-02 06:00:00+00:00,26.857945649999998
2025-08-02 07:00:00+00:00,24.526210550000002
2025-08-02 08:00:00+00:00,21.54697475
2025-08-02 09:00:00+00:00,19.73358465
2025-08-02 10:00:00+00:00,19.984764450000004
2025-08-02 11:00:00+00:00,18.75945725
2025-08-02 12:00:00+00:00,17.494682450000003
2025-08-02 13:00:00+00:00,16.55429835
2025-08-02 14:00:00+00:00,16.96570775
2025-08-02 15:00:00+00:00,19.30513405
2025-08-02 16:00:00+00:00,24.181369550000007
2025-08-02 17:00:00+00:00,29.345269350000002
2025-08-02 18:00:00+00:00,30.528930550000002
2025-08-02 19:00:00+00:00,31.372552149999997
2025-08-02 20:00:00+00:00,33.10129365
2025-08-02 21:00:00+00:00,33.31133275
2025-08-02 22:00:00+00:00,30.808320216666665
2025-08-02 23:00:00+00:00,29.539312516666666
2025-08-03 00:00:00+00:00,27.450437116666667
2025-08-03 01:00:00+00:00,25.784811216666668
2025-08-03 02:00:00+00:00,24.79427341666667
2025-08-03 03:00:00+00:00,25.278463216666665
2025-08-03 04:00:00+00:00,25.44970131666667
2025-08-03 05:00:00+00:00,25.455360016666667
2025-08-03 06:00:00+00:00,24.632744816666666
2025-08-03 07:00:00+00:00,21.876947916666666
2025-08-03 08:00:00+00:00,19.44634471666667
2025-08-03 09:00:00+00:00,18.97316801666667
2025-08-03 10:00:00+00:00,19.397567816666665
2025-08-03 11:00:00+00:00,17.942985216666663
2025-08-03 12:00:00+00:00,16.272552116666667
2025-08-03 13:00:00+00:00,15.27835291666667
2025-08-03 14:00:00+00:00,14.403231816666668
2025-08-03 15:00:00+00:00,15.425976216666669
2025-08-03 16:00:00+00:00,20.836619816666666
2025-08-03 17:00:00+00:00,26.955632916666666
2025-08-03 18:00:00+00:00,29.107159616666667
2025-08-03 19:00:00+00:00,30.409813716666665
2025-08-03 20:00:00+00:00,32.228612616666666
2025-08-03 21:00:00+00:00,32.12482361666666
2025-08-03 22:00:00+00:00,34.21227638333333
2025-08-03 23:00:00+00:00,33.11079238333333
2025-08-04 00:00:00+00:00,31.205337083333333
2025-08-04 01:00:00+00:00,29.84481018333333
2025-08-04 02:00:00+00:00,29.557227983333334
2025-08-04 03:00:00+00:00,31.303972583333334
2025-08-04 04:00:00+00:00,33.23087398333333
2025-08-04 05:00:00+00:00,35.11877138333333
2025-08-04 06:00:00+00:00,35.941746683333335
2025-08-04 07:00:00+00:00,34.15356988333333
2025-08-04 08:00:00+00:00,30.988514683333328
2025-08-04 09:00:00+00:00,28.386817683333334
2025-08-04 10:00:00+00:00,27.236176083333326
2025-08-04 11:00:00+00:00,25.42027508333333
2025-08-04 12:00:00+00:00,24.270292583333344
2025-08-04 13:00:00+00:00,23.352878683333337
2025-08-04 14:00:00+00:00,23.715216583333337
2025-08-04 15:00:00+00:00,25.67089418333334
2025-08-04 16:00:00+00:00,30.978228983333338
2025-08-04 17:00:00+00:00,36.79757668333333
2025-08-04 18:00:00+00:00,38.23235608333333
2025-08-04 19:00:00+00:00,38.791970883333335
2025-08-04 20:00:00+00:00,39.99060308333333
2025-08-04 21:00:00+00:00,39.48862388333333
2025-08-04 22:00:00+00:00,34.47728351666667
2025-08-04 23:00:00+00:00,33.39316711666667
2025-08-05 00:00:00+00:00,31.703227416666667
2025-08-05 01:00:00+00:00,30.338333116666668
2025-08-05 02:00:00+00:00,29.60327131666667
2025-08-05 03:00:00+00:00,30.812344316666668
2025-08-05 04:00:00+00:00,32.17800701666667
2025-08-05 05:00:00+00:00,33.664501316666666
2025-08-05 06:00:00+00:00,33.83995281666667
2025-08-05 07:00:00+00:00,31.27528541666667
2025-08-05 08:00:00+00:00,28.00629751666667
2025-08-05 09:00:00+00:00,26.02454031666667
2025-08-05 10:00:00+00:00,25.705420016666665
2025-08-05 11:00:00+00:00,24.837790116666664
2025-08-05 12:00:00+00:00,24.47770271666667
2025-08-05 13:00:00+00:00,23.48711361666666
2025-08-05 14:00:00+00:00,22.485395816666667
2025-08-05 15:00:00+00:00,23.15484451666667
2025-08-05 16:00:00+00:00,28.079331316666668
2025-08-05 17:00:00+00:00,33.88032201666667
2025-08-05 18:00:00+00:00,35.54756921666667
2025-08-05 19:00:00+00:00,36.53486611666666
2025-08-05 20:00:00+00:00,38.10715841666667
2025-08-05 21:00:00+00:00,37.92020171666667
2025-08-05 22:00:00+00:00,35.39064583333333
2025-08-05 23:00:00+00:00,34.35811313333333
2025-08-06 00:00:00+00:00,32.65045023333334
2025-08-06 01:00:00+00:00,31.419452133333337
2025-08-06 02:00:00+00:00,31.038193033333336
2025-08-06 03:00:00+00:00,32.49696063333333
2025-08-06 04:00:00+00:00,34.39800953333333
2025-08-06 05:00:00+00:00,36.33969383333333
2025-08-06 06:00:00+00:00,37.38403383333333
2025-08-06 07:00:00+00:00,35.67749773333333
2025-08-06 08:00:00+00:00,33.64058073333334
2025-08-06 09:00:00+00:00,33.00093733333333
2025-08-06 10:00:00+00:00,32.81601623333333
2025-08-06 11:00:00+00:00,31.235130533333333
2025-08-06 12:00:00+00:00,30.432669633333333
2025-08-06 13:00:00+00:00,29.428965033333338
2025-08-06 14:00:00+00:00,28.67987683333333
2025-08-06 15:00:00+00:00,29.958877133333335
2025-08-06 16:00:00+00:00,35.01737683333334
2025-08-06 17:00:00+00:00,40.29403943333334
2025-08-06 18:00:00+00:00,41.08311843333333
2025-08-06 19:00:00+00:00,41.17695273333334
2025-08-06 20:00:00+00:00,42.02423223333333
2025-08-06 21:00:00+00:00,41.329934333333334
2025-08-06 22:00:00+00:00,35.55873538333333
2025-08-06 23:00:00+00:00,34.02310528333333
2025-08-07 00:00:00+00:00,32.48033138333333
2025-08-07 01:00:00+00:00,30.92952268333333
2025-08-07 02:00:00+00:00,30.247299983333335
2025-08-07 03:00:00+00:00,31.216548383333333
2025-08-07 04:00:00+00:00,32.95936488333333
2025-08-07 05:00:00+00:00,34.48577138333333
2025-08-07 06:00:00+00:00,34.797901483333334
2025-08-07 07:00:00+00:00,32.37588688333334
2025-08-07 08:00:00+00:00,29.015606883333334
2025-08-07 09:00:00+00:00,27.60554808333334
2025-08-07 10:00:00+00:00,28.14374708333333
2025-08-07 11:00:00+00:00,27.265675283333337
2025-08-07 12:00:00+00:00,26.264580383333335
2025-08-07 13:00:00+00:00,26.005459383333335
2025-08-07 14:00:00+00:00,25.252948483333334
2025-08-07 15:00:00+00:00,26.895806783333335
2025-08-07 16:00:00+00:00,32.36745098333333
2025-08-07 17:00:00+00:00,37.486182983333336
2025-08-07 18:00:00+00:00,38.634757283333336
2025-08-07 19:00:00+00:00,39.24959698333333
2025-08-07 20:00:00+00:00,40.197144683333335
2025-08-07 21:00:00+00:00,39.389625583333334
2025-08-07 22:00:00+00:00,37.69823206666666
2025-08-07 23:00:00+00:00,36.18140796666667
2025-08-08 00:00:00+00:00,34.30224806666667
2025-08-08 01:00:00+00:00,32.679759966666666
2025-08-08 02:00:00+00:00,32.027975166666664
2025-08-08 03:00:00+00:00,33.02601836666666
2025-08-08 04:00:00+00:00,34.755435166666665
2025-08-08 05:00:00+00:00,36.11671356666667
2025-08-08 06:00:00+00:00,36.65364926666666
2025-08-08 07:00:00+00:00,34.75934586666666
2025-08-08 08:00:00+00:00,31.809812566666665
2025-08-08 09:00:00+00:00,29.834446066666665
2025-08-08 10:00:00+00:00,29.661278566666667
2025-08-08 11:00:00+00:00,28.837619566666667
2025-08-08 12:00:00+00:00,28.864751366666667
2025-08-08 13:00:00+00:00,28.03171106666667
2025-08-08 14:00:00+00:00,27.37818866666667
2025-08-08 15:00:00+00:00,30.37326526666667
2025-08-08 16:00:00+00:00,35.44450496666666
2025-08-08 17:00:00+00:00,40.11626106666667
2025-08-08 18:00:00+00:00,40.74178946666667
2025-08-08 19:00:00+00:00,40.98420436666667
2025-08-08 20:00:00+00:00,41.59401746666667
2025-08-08 21:00:00+00:00,40.31735116666667
2025-08-08 22:00:00+00:00,33.75921258333334
2025-08-08 23:00:00+00:00,32.13371608333333
2025-08-09 00:00:00+00:00,30.532868883333336
2025-08-09 01:00:00+00:00,28.872478883333333
2025-08-09 02:00:00+00:00,27.913738383333335
2025-08-09 03:00:00+00:00,28.275470683333335
2025-08-09 04:00:00+00:00,28.934986383333335
2025-08-09 05:00:00+00:00,29.090319283333336
2025-08-09 06:00:00+00:00,28.537064083333334
2025-08-09 07:00:00+00:00,26.414086683333338
2025-08-09 08:00:00+00:00,24.771569983333336
2025-08-09 09:00:00+00:00,24.474314483333334
2025-08-09 10:00:00+00:00,24.37007588333334
2025-08-09 11:00:00+00:00,23.29905258333333
2025-08-09 12:00:00+00:00,22.174056183333335
2025-08-09 13:00:00+00:00,21.976879283333332
2025-08-09 14:00:00+00:00,21.908797083333337
2025-08-09 15:00:00+00:00,23.072557383333336
2025-08-09 16:00:00+00:00,27.117131883333332
2025-08-09 17:00:00+00:00,31.736290683333337
2025-08-09 18:00:00+00:00,32.63557838333333
2025-08-09 19:00:00+00:00,33.05075338333333
2025-08-09 20:00:00+00:00,33.57862238333333
2025-08-09 21:00:00+00:00,32.36126838333334
2025-08-09 22:00:00+00:00,29.54565816666667
2025-08-09 23:00:00+00:00,28.12873316666667
2025-08-10 00:00:00+00:00,26.623890566666667
2025-08-10 01:00:00+00:00,25.315694366666662
2025-08-10 02:00:00+00:00,24.681666666666665
2025-08-10 03:00:00+00:00,25.051339466666665
2025-08-10 04:00:00+00:00,25.538353766666667
2025-08-10 05:00:00+00:00,25.41564556666667
2025-08-10 06:00:00+00:00,24.648516066666666
2025-08-10 07:00:00+00:00,23.46606806666667
2025-08-10 08:00:00+00:00,22.415926166666665
2025-08-10 09:00:00+00:00,21.943877766666667
2025-08-10 10:00:00+00:00,22.260948166666665
2025-08-10 11:00:00+00:00,21.225855466666665
2025-08-10 12:00:00+00:00,20.06650276666667
2025-08-10 13:00:00+00:00,20.210675666666667
2025-08-10 14:00:00+00:00,20.81748376666667
2025-08-10 15:00:00+00:00,22.19250506666667
2025-08-10 16:00:00+00:00,26.352605966666665
2025-08-10 17:00:00+00:00,31.65562906666667
2025-08-10 18:00:00+00:00,32.87957036666667
2025-08-10 19:00:00+00:00,33.33052146666667
2025-08-10 20:00:00+00:00,33.64264576666667
2025-08-10 21:00:00+00:00,32.01924056666667
2025-08-10 22:00:00+00:00,30.284109483333335
2025-08-10 23:00:00+00:00,28.53695248333333
2025-08-11 00:00:00+00:00,27.024555183333334
2025-08-11 01:00:00+00:00,25.791207983333337
2025-08-11 02:00:00+00:00,25.51993788333333
2025-08-11 03:00:00+00:00,26.713804983333336
2025-08-11 04:00:00+00:00,28.569124783333336
2025-08-11 05:00:00+00:00,29.93000098333333
2025-08-11 06:00:00+00:00,30.379803783333337
2025-08-11 07:00:00+00:00,28.98904578333334
2025-08-11 08:00:00+00:00,26.736198783333332
2025-08-11 09:00:00+00:00,25.06532988333334
2025-08-11 10:00:00+00:00,24.56463748333334
2025-08-11 11:00:00+00:00,23.67505708333334
2025-08-11 12:00:00+00:00,23.232585883333336
2025-08-11 13:00:00+00:00,23.61251398333334
2025-08-11 14:00:00+00:00,24.664007183333336
2025-08-11 15:00:00+00:00,27.266316383333336
2025-08-11 16:00:00+00:00,32.358905283333335
2025-08-11 17:00:00+00:00,37.52915838333333
2025-08-11 18:00:00+00:00,37.98905778333333
2025-08-11 19:00:00+00:00,37.53266008333333
2025-08-11 20:00:00+00:00,37.53148738333333
2025-08-11 21:00:00+00:00,35.73022168333333
2025-08-11 22:00:00+00:00,32.86886198333333
2025-08-11 23:00:00+00:00,31.42192958333333
2025-08-12 00:00:00+00:00,29.799097683333336
2025-08-12 01:00:00+00:00,28.51642938333333
2025-08-12 02:00:00+00:00,28.081894883333334
2025-08-12 03:00:00+00:00,29.26946278333333
2025-08-12 04:00:00+00:00,31.177847083333337
2025-08-12 05:00:00+00:00,32.51334098333333
2025-08-12 06:00:00+00:00,32.942141883333335
2025-08-12 07:00:00+00:00,31.37427928333333
2025-08-12 08:00:00+00:00,29.029735283333334
2025-08-12 09:00:00+00:00,27.352226383333335
2025-08-12 10:00:00+00:00,26.587979683333334
2025-08-12 11:00:00+00:00,25.39403368333333
2025-08-12 12:00:00+00:00,24.729813683333337
2025-08-12 13:00:00+00:00,24.92836868333334
2025-08-12 14:00:00+00:00,25.75851908333334
2025-08-12 15:00:00+00:00,28.275287983333335
2025-08-12 16:00:00+00:00,33.82738508333333
2025-08-12 17:00:00+00:00,39.40424158333333
2025-08-12 18:00:00+00:00,40.424648983333334
2025-08-12 19:00:00+00:00,40.86447468333333
2025-08-12 20:00:00+00:00,41.47595978333334
2025-08-12 21:00:00+00:00,40.16754898333333
2025-08-12 22:00:00+00:00,38.00190236666666
2025-08-12 23:00:00+00:00,36.22958916666667
2025-08-13 00:00:00+00:00,34.586983466666666
2025-08-13 01:00:00+00:00,33.06971086666667
2025-08-13 02:00:00+00:00,32.284344366666666
2025-08-13 03:00:00+00:00,33.172776266666666
2025-08-13 04:00:00+00:00,35.02140896666666
2025-08-13 05:00:00+00:00,36.435842666666666
2025-08-13 06:00:00+00:00,36.835187266666665
2025-08-13 07:00:00+00:00,35.44240776666667
2025-08-13 08:00:00+00:00,33.38955516666667
2025-08-13 09:00:00+00:00,32.16795836666667
2025-08-13 10:00:00+00:00,32.19519246666667
2025-08-13 11:00:00+00:00,31.56832386666667
2025-08-13 12:00:00+00:00,31.381959366666667
2025-08-13 13:00:00+00:00,31.727224866666667
2025-08-13 14:00:00+00:00,32.14979356666667
2025-08-13 15:00:00+00:00,33.866050566666665
2025-08-13 16:00:00+00:00,37.79080896666666
2025-08-13 17:00:00+00:00,41.16157076666667
2025-08-13 18:00:00+00:00,40.74994506666667
2025-08-13 19:00:00+00:00,40.96594306666667
2025-08-13 20:00:00+00:00,41.62092006666667
2025-08-13 21:00:00+00:00,40.31204016666667
2025-08-13 22:00:00+00:00,35.7134855
2025-08-13 23:00:00+00:00,34.1798208
2025-08-14 00:00:00+00:00,31.955283400000003
2025-08-14 01:00:00+00:00,30.4737207
2025-08-14 02:00:00+00:00,29.7828849
2025-08-14 03:00:00+00:00,30.8649932
2025-08-14 04:00:00+00:00,32.7911848
2025-08-14 05:00:00+00:00,34.2560265
2025-08-14 06:00:00+00:00,35.0065812
2025-08-14 07:00:00+00:00,33.7582988
2025-08-14 08:00:00+00:00,31.475369900000004
2025-08-14 09:00:00+00:00,29.535891899999996
2025-08-14 10:00:00+00:00,29.154906599999997
2025-08-14 11:00:00+00:00,28.400448000000004
2025-08-14 12:00:00+00:00,28.855726699999998
2025-08-14 13:00:00+00:00,28.952658000000003
2025-08-14 14:00:00+00:00,29.782026099999996
2025-08-14 15:00:00+00:00,31.874248
2025-08-14 16:00:00+00:00,36.0020595
2025-08-14 17:00:00+00:00,40.034083800000005
2025-08-14 18:00:00+00:00,40.3297472
2025-08-14 19:00:00+00:00,40.1311889
2025-08-14 20:00:00+00:00,39.789711800000006
2025-08-14 21:00:00+00:00,38.204155400000005
2025-08-14 22:00:00+00:00,33.018505350000005
2025-08-14 23:00:00+00:00,31.36685915
2025-08-15 00:00:00+00:00,29.14555935
2025-08-15 01:00:00+00:00,27.35587225
2025-08-15 02:00:00+00:00,26.22881245
2025-08-15 03:00:00+00:00,26.49605835
2025-08-15 04:00:00+00:00,26.774390249999996
2025-08-15 05:00:00+00:00,26.336819350000003
2025-08-15 06:00:00+00:00,26.07905745
2025-08-15 07:00:00+00:00,24.808399650000005
2025-08-15 08:00:00+00:00,23.082375250000002
2025-08-15 09:00:00+00:00,21.73582885
2025-08-15 10:00:00+00:00,21.66937175
2025-08-15 11:00:00+00:00,21.02151895
2025-08-15 12:00:00+00:00,21.15566215
2025-08-15 13:00:00+00:00,20.623071149999998
2025-08-15 14:00:00+00:00,21.357987550000004
2025-08-15 15:00:00+00:00,24.186890150000004
2025-08-15 16:00:00+00:00,28.67902275
2025-08-15 17:00:00+00:00,33.00296825
2025-08-15 18:00:00+00:00,33.790879350000004
2025-08-15 19:00:00+00:00,34.17587365
2025-08-15 20:00:00+00:00,34.174025349999994
2025-08-15 21:00:00+00:00,33.04475285
2025-08-15 22:00:00+00:00,30.457190383333337
2025-08-15 23:00:00+00:00,29.12749148333333
2025-08-16 00:00:00+00:00,27.144838883333335
2025-08-16 01:00:00+00:00,25.305869783333332
2025-08-16 02:00:00+00:00,24.340641483333336
2025-08-16 03:00:00+00:00,24.79560828333333
2025-08-16 04:00:00+00:00,25.434183883333333
2025-08-16 05:00:00+00:00,25.45206028333333
2025-08-16 06:00:00+00:00,25.387591683333333
2025-08-16 07:00:00+00:00,24.275917383333336
2025-08-16 08:00:00+00:00,22.66417488333333
2025-08-16 09:00:00+00:00,21.26867578333334
2025-08-16 10:00:00+00:00,22.373044183333334
2025-08-16 11:00:00+00:00,23.383390483333336
2025-08-16 12:00:00+00:00,23.87021818333334
2025-08-16 13:00:00+00:00,23.632356783333336
2025-08-16 14:00:00+00:00,23.004710283333335
2025-08-16 15:00:00+00:00,24.04042268333334
2025-08-16 16:00:00+00:00,28.297591983333334
2025-08-16 17:00:00+00:00,32.34559848333333
2025-08-16 18:00:00+00:00,32.86658438333333
2025-08-16 19:00:00+00:00,33.14118318333333
2025-08-16 20:00:00+00:00,33.19538708333333
2025-08-16 21:00:00+00:00,32.04857978333333
2025-08-16 22:00:00+00:00,28.8852408
2025-08-16 23:00:00+00:00,27.727196000000003
2025-08-17 00:00:00+00:00,25.8857541
2025-08-17 01:00:00+00:00,24.1262817
2025-08-17 02:00:00+00:00,23.164550900000002
2025-08-17 03:00:00+00:00,23.4437632
2025-08-17 04:00:00+00:00,24.038999000000004
2025-08-17 05:00:00+00:00,23.864306300000003
2025-08-17 06:00:00+00:00,23.942639900000003
2025-08-17 07:00:00+00:00,23.035475300000005
2025-08-17 08:00:00+00:00,21.6054677
2025-08-17 09:00:00+00:00,22.204437400000003
2025-08-17 10:00:00+00:00,23.8877711
2025-08-17 11:00:00+00:00,23.285682300000005
2025-08-17 12:00:00+00:00,23.1505332
2025-08-17 13:00:00+00:00,22.1404523
2025-08-17 14:00:00+00:00,21.802921700000002
2025-08-17 15:00:00+00:00,23.7981433
2025-08-17 16:00:00+00:00,28.414917500000005
2025-08-17 17:00:00+00:00,33.4320302
2025-08-17 18:00:00+00:00,34.5619528
2025-08-17 19:00:00+00:00,34.948845500000004
2025-08-17 20:00:00+00:00,34.9459155
2025-08-17 21:00:00+00:00,33.293092200000004
2025-08-17 22:00:00+00:00,30.00565241666667
2025-08-17 23:00:00+00:00,28.677133016666666
2025-08-18 00:00:00+00:00,26.755563816666672
2025-08-18 01:00:00+00:00,25.216077116666668
2025-08-18 02:00:00+00:00,24.831536416666665
2025-08-18 03:00:00+00:00,26.376541116666665
2025-08-18 04:00:00+00:00,28.797734016666666
2025-08-18 05:00:00+00:00,30.435660916666663
2025-08-18 06:00:00+00:00,31.951394616666665
2025-08-18 07:00:00+00:00,31.879069016666662
2025-08-18 08:00:00+00:00,30.471101416666663
2025-08-18 09:00:00+00:00,29.53661861666667
2025-08-18 10:00:00+00:00,29.648773416666668
2025-08-18 11:00:00+00:00,29.194885416666665
2025-08-18 12:00:00+00:00,29.652962116666668
2025-08-18 13:00:00+00:00,29.46003361666667
2025-08-18 14:00:00+00:00,30.35925521666667
2025-08-18 15:00:00+00:00,32.86112851666667
2025-08-18 16:00:00+00:00,36.778060116666666
2025-08-18 17:00:00+00:00,40.66019961666667
2025-08-18 18:00:00+00:00,40.216765716666664
2025-08-18 19:00:00+00:00,39.35577501666666
2025-08-18 20:00:00+00:00,38.872812016666664
2025-08-18 21:00:00+00:00,37.111353216666664
2025-08-18 22:00:00+00:00,33.934521466666666
2025-08-18 23:00:00+00:00,32.53367016666667
2025-08-19 00:00:00+00:00,30.904783666666667
2025-08-19 01:00:00+00:00,29.38506236666667
2025-08-19 02:00:00+00:00,28.756436266666665
2025-08-19 03:00:00+00:00,30.185172166666664
2025-08-19 04:00:00+00:00,32.588069966666666
2025-08-19 05:00:00+00:00,34.32851676666667
2025-08-19 06:00:00+00:00,36.05314746666667
2025-08-19 07:00:00+00:00,36.508792666666665
2025-08-19 08:00:00+00:00,36.01892746666667
2025-08-19 09:00:00+00:00,35.81671586666666
2025-08-19 10:00:00+00:00,36.31596476666667
2025-08-19 11:00:00+00:00,35.67756086666667
2025-08-19 12:00:00+00:00,35.42442916666667
2025-08-19 13:00:00+00:00,34.66834536666667
2025-08-19 14:00:00+00:00,34.93552916666667
2025-08-19 15:00:00+00:00,36.31269066666667
2025-08-19 16:00:00+00:00,38.91733086666667
2025-08-19 17:00:00+00:00,41.330892866666666
2025-08-19 18:00:00+00:00,40.311192166666665
2025-08-19 19:00:00+00:00,39.75008376666666
2025-08-19 20:00:00+00:00,39.37626516666666
2025-08-19 21:00:00+00:00,37.686955166666664
2025-08-19 22:00:00+00:00,33.63780031666667
2025-08-19 23:00:00+00:00,32.11089201666667
2025-08-20 00:00:00+00:00,30.19279421666667
2025-08-20 01:00:00+00:00,28.388331916666665
2025-08-20 02:00:00+00:00,27.61569681666667
2025-08-20 03:00:00+00:00,28.64788971666667
2025-08-20 04:00:00+00:00,30.79965431666667
2025-08-20 05:00:00+00:00,32.529188516666665
2025-08-20 06:00:00+00:00,34.321496616666664
2025-08-20 07:00:00+00:00,34.66002741666667
2025-08-20 08:00:00+00:00,33.78586191666667
2025-08-20 09:00:00+00:00,33.40840801666667
2025-08-20 10:00:00+00:00,33.58336481666667
2025-08-20 11:00:00+00:00,32.74093781666667
2025-08-20 12:00:00+00:00,32.535536816666664
2025-08-20 13:00:00+00:00,31.600266716666667
2025-08-20 14:00:00+00:00,31.84807901666667
2025-08-20 15:00:00+00:00,33.172258916666664
2025-08-20 16:00:00+00:00,35.994961016666664
2025-08-20 17:00:00+00:00,38.91441511666667
2025-08-20 18:00:00+00:00,38.332711616666664
2025-08-20 19:00:00+00:00,38.06798461666667
2025-08-20 20:00:00+00:00,38.090373916666664
2025-08-20 21:00:00+00:00,36.51732031666667
2025-08-20 22:00:00+00:00,30.752324933333334
2025-08-20 23:00:00+00:00,29.283289233333335
2025-08-21 00:00:00+00:00,26.984613533333338
2025-08-21 01:00:00+00:00,25.181887733333333
2025-08-21 02:00:00+00:00,24.42103593333333
2025-08-21 03:00:00+00:00,25.44310853333333
2025-08-21 04:00:00+00:00,27.449302833333334
2025-08-21 05:00:00+00:00,28.937170133333332
2025-08-21 06:00:00+00:00,30.619215333333337
2025-08-21 07:00:00+00:00,30.755590333333338
2025-08-21 08:00:00+00:00,29.354659833333333
2025-08-21 09:00:00+00:00,28.34327303333333
2025-08-21 10:00:00+00:00,28.22840893333333
2025-08-21 11:00:00+00:00,27.398812633333335
2025-08-21 12:00:00+00:00,26.65204843333333
2025-08-21 13:00:00+00:00,25.99113843333333
2025-08-21 14:00:00+00:00,25.84525693333333
2025-08-21 15:00:00+00:00,27.105153833333336
2025-08-21 16:00:00+00:00,30.514053633333333
2025-08-21 17:00:00+00:00,33.81554053333333
2025-08-21 18:00:00+00:00,33.78113813333333
2025-08-21 19:00:00+00:00,33.67170913333334
2025-08-21 20:00:00+00:00,33.57653673333334
2025-08-21 21:00:00+00:00,32.211853633333334
2025-08-21 22:00:00+00:00,27.214196049999998
2025-08-21 23:00:00+00:00,25.996614350000005
2025-08-22 00:00:00+00:00,24.24126885
2025-08-22 01:00:00+00:00,23.06230945
2025-08-22 02:00:00+00:00,22.77137865
2025-08-22 03:00:00+00:00,24.22108635
2025-08-22 04:00:00+00:00,26.498362349999997
2025-08-22 05:00:00+00:00,28.219574350000002
2025-08-22 06:00:00+00:00,29.774400250000003
2025-08-22 07:00:00+00:00,29.405647650000006
2025-08-22 08:00:00+00:00,27.38235525
2025-08-22 09:00:00+00:00,25.65708095
2025-08-22 10:00:00+00:00,25.277875549999997
2025-08-22 11:00:00+00:00,24.543491850000002
2025-08-22 12:00:00+00:00,24.189476550000002
2025-08-22 13:00:00+00:00,24.19338725
2025-08-22 14:00:00+00:00,24.505257750000006
2025-08-22 15:00:00+00:00,26.554869150000002
2025-08-22 16:00:00+00:00,30.65979665
2025-08-22 17:00:00+00:00,34.35329095
2025-08-22 18:00:00+00:00,34.557761049999996
2025-08-22 19:00:00+00:00,34.46983415
2025-08-22 20:00:00+00:00,34.21913895
2025-08-22 21:00:00+00:00,33.32927705
2025-08-22 22:00:00+00:00,35.52453133333333
2025-08-22 23:00:00+00:00,34.17551793333334
2025-08-23 00:00:00+00:00,32.011265333333334
2025-08-23 01:00:00+00:00,30.26915143333333
2025-08-23 02:00:00+00:00,29.223497833333333
2025-08-23 03:00:00+00:00,29.599206433333336
2025-08-23 04:00:00+00:00,30.478158333333333
2025-08-23 05:00:00+00:00,30.602523333333338
2025-08-23 06:00:00+00:00,30.548378133333333
2025-08-23 07:00:00+00:00,29.017701533333337
2025-08-23 08:00:00+00:00,26.441431933333334
2025-08-23 09:00:00+00:00,25.945924533333333
2025-08-23 10:00:00+00:00,27.078070433333338
2025-08-23 11:00:00+00:00,26.59968423333334
2025-08-23 12:00:00+00:00,25.939779333333334
2025-08-23 13:00:00+00:00,25.926722433333328
2025-08-23 14:00:00+00:00,25.45893183333333
2025-08-23 15:00:00+00:00,27.039438033333333
2025-08-23 16:00:00+00:00,32.100115333333335
2025-08-23 17:00:00+00:00,36.37142953333334
2025-08-23 18:00:00+00:00,37.08695303333334
2025-08-23 19:00:00+00:00,37.444803033333336
2025-08-23 20:00:00+00:00,37.03402663333333
2025-08-23 21:00:00+00:00,36.21122063333333
2025-08-23 22:00:00+00:00,32.151813866666664
2025-08-23 23:00:00+00:00,30.708502866666667
2025-08-24 00:00:00+00:00,28.685045866666663
2025-08-24 01:00:00+00:00,27.089023566666665
2025-08-24 02:00:00+00:00,26.202211166666668
2025-08-24 03:00:00+00:00,26.638745866666667
2025-08-24 04:00:00+00:00,27.272225966666667
2025-08-24 05:00:00+00:00,26.93463016666667
2025-08-24 06:00:00+00:00,26.47840436666667
2025-08-24 07:00:00+00:00,24.79071666666667
2025-08-24 08:00:00+00:00,23.15176696666667
2025-08-24 09:00:00+00:00,22.475047966666665
2025-08-24 10:00:00+00:00,22.74101136666667
2025-08-24 11:00:00+00:00,22.059339766666668
2025-08-24 12:00:00+00:00,21.295084066666664
2025-08-24 13:00:00+00:00,19.67100736666667
2025-08-24 14:00:00+00:00,19.45101086666667
2025-08-24 15:00:00+00:00,22.49456506666667
2025-08-24 16:00:00+00:00,28.43718616666667
2025-08-24 17:00:00+00:00,33.86484386666667
2025-08-24 18:00:00+00:00,35.35162036666667
2025-08-24 19:00:00+00:00,35.76796736666667
2025-08-24 20:00:00+00:00,35.24784716666667
2025-08-24 21:00:00+00:00,34.01697886666666
2025-08-24 22:00:00+00:00,27.821642066666666
2025-08-24 23:00:00+00:00,26.24198136666667
2025-08-25 00:00:00+00:00,24.64287036666667
2025-08-25 01:00:00+00:00,23.53777646666667
2025-08-25 02:00:00+00:00,23.424995466666665
2025-08-25 03:00:00+00:00,25.52622996666667
2025-08-25 04:00:00+00:00,28.618651266666664
2025-08-25 05:00:00+00:00,31.070113166666665
2025-08-25 06:00:00+00:00,32.798536766666665
2025-08-25 07:00:00+00:00,32.581073466666666
2025-08-25 08:00:00+00:00,30.45957626666667
2025-08-25 09:00:00+00:00,28.808083166666666
2025-08-25 10:00:00+00:00,28.29702966666667
2025-08-25 11:00:00+00:00,27.25253746666667
2025-08-25 12:00:00+00:00,27.480598766666667
2025-08-25 13:00:00+00:00,27.534897166666667
2025-08-25 14:00:00+00:00,28.997582266666665
2025-08-25 15:00:00+00:00,31.292739966666673
2025-08-25 16:00:00+00:00,36.07470516666667
2025-08-25 17:00:00+00:00,40.31292566666667
2025-08-25 18:00:00+00:00,40.51732106666667
2025-08-25 19:00:00+00:00,39.36531646666667
2025-08-25 20:00:00+00:00,37.89327416666667
2025-08-25 21:00:00+00:00,36.53313726666667
2025-08-25 22:00:00+00:00,32.53524676666667
2025-08-25 23:00:00+00:00,30.299471666666665
2025-08-26 00:00:00+00:00,28.399297166666667
2025-08-26 01:00:00+00:00,26.876544566666666
2025-08-26 02:00:00+00:00,26.100896066666667
2025-08-26 03:00:00+00:00,27.55323546666667
2025-08-26 04:00:00+00:00,30.210483266666664
2025-08-26 05:00:00+00:00,32.52116126666667
2025-08-26 06:00:00+00:00,34.33822816666667
2025-08-26 07:00:00+00:00,34.144236766666666
2025-08-26 08:00:00+00:00,32.205608166666664
2025-08-26 09:00:00+00:00,30.709867766666665
2025-08-26 10:00:00+00:00,29.747673566666666
2025-08-26 11:00:00+00:00,28.11900356666667
2025-08-26 12:00:00+00:00,27.882074366666668
2025-08-26 13:00:00+00:00,27.33233136666667
2025-08-26 14:00:00+00:00,28.144014666666667
2025-08-26 15:00:00+00:00,29.904844666666666
2025-08-26 16:00:00+00:00,34.23223816666666
2025-08-26 17:00:00+00:00,38.05503486666667
2025-08-26 18:00:00+00:00,38.46709896666667
2025-08-26 19:00:00+00:00,38.06991586666667
2025-08-26 20:00:00+00:00,37.273874666666664
2025-08-26 21:00:00+00:00,36.49186976666667
2025-08-26 22:00:00+00:00,34.018249233333336
2025-08-26 23:00:00+00:00,32.303414133333334
2025-08-27 00:00:00+00:00,30.839880433333335
2025-08-27 01:00:00+00:00,29.455725833333336
2025-08-27 02:00:00+00:00,28.795450133333333
2025-08-27 03:00:00+00:00,30.271052333333333
2025-08-27 04:00:00+00:00,32.77326613333333
2025-08-27 05:00:00+00:00,34.98840753333334
2025-08-27 06:00:00+00:00,36.990788933333334
2025-08-27 07:00:00+00:00,37.24260063333333
2025-08-27 08:00:00+00:00,35.55527753333333
2025-08-27 09:00:00+00:00,33.97639473333333
2025-08-27 10:00:00+00:00,33.144358233333335
2025-08-27 11:00:00+00:00,31.46274963333333
2025-08-27 12:00:00+00:00,31.14025923333333
2025-08-27 13:00:00+00:00,30.335614133333333
2025-08-27 14:00:00+00:00,31.015167533333333
2025-08-27 15:00:00+00:00,32.058212233333336
2025-08-27 16:00:00+00:00,35.87762983333334
2025-08-27 17:00:00+00:00,38.943835533333335
2025-08-27 18:00:00+00:00,38.785857533333335
2025-08-27 19:00:00+00:00,38.334706133333334
2025-08-27 20:00:00+00:00,37.63484903333333
2025-08-27 21:00:00+00:00,36.57863543333333
2025-08-27 22:00:00+00:00,33.388503633333336
2025-08-27 23:00:00+00:00,31.542376533333332
2025-08-28 00:00:00+00:00,29.82929733333333
2025-08-28 01:00:00+00:00,28.458994833333335
2025-08-28 02:00:00+00:00,27.706849533333333
2025-08-28 03:00:00+00:00,28.996548333333333
2025-08-28 04:00:00+00:00,31.778078233333332
2025-08-28 05:00:00+00:00,34.19661833333333
2025-08-28 06:00:00+00:00,36.21989993333333
2025-08-28 07:00:00+00:00,36.26658763333333
2025-08-28 08:00:00+00:00,34.173362233333336
2025-08-28 09:00:00+00:00,31.985044833333333
2025-08-28 10:00:00+00:00,30.119296033333338
2025-08-28 11:00:00+00:00,27.285644133333335
2025-08-28 12:00:00+00:00,26.139802433333337
2025-08-28 13:00:00+00:00,24.530208733333332
2025-08-28 14:00:00+00:00,24.603188833333334
2025-08-28 15:00:00+00:00,25.914044133333338
2025-08-28 16:00:00+00:00,30.31968733333333
2025-08-28 17:00:00+00:00,34.44270853333333
2025-08-28 18:00:00+00:00,34.791715933333336
2025-08-28 19:00:00+00:00,34.52174623333333
2025-08-28 20:00:00+00:00,33.76828293333334
2025-08-28 21:00:00+00:00,32.76995483333334
2025-08-28 22:00:00+00:00,30.129547816666665
2025-08-28 23:00:00+00:00,27.729289516666668
2025-08-29 00:00:00+00:00,25.766084416666665
2025-08-29 01:00:00+00:00,23.78864971666667
2025-08-29 02:00:00+00:00,22.622202416666664
2025-08-29 03:00:00+00:00,23.69110691666667
2025-08-29 04:00:00+00:00,26.046820716666666
2025-08-29 05:00:00+00:00,27.821734916666667
2025-08-29 06:00:00+00:00,29.019167816666666
2025-08-29 07:00:00+00:00,28.336634616666668
2025-08-29 08:00:00+00:00,25.88925801666667
2025-08-29 09:00:00+00:00,24.469801316666672
2025-08-29 10:00:00+00:00,24.162686916666665
2025-08-29 11:00:00+00:00,22.53721101666667
2025-08-29 12:00:00+00:00,22.11512641666667
2025-08-29 13:00:00+00:00,21.468604316666667
2025-08-29 14:00:00+00:00,21.92452821666667
2025-08-29 15:00:00+00:00,23.74334161666667
2025-08-29 16:00:00+00:00,27.698666716666672
2025-08-29 17:00:00+00:00,31.36207841666667
2025-08-29 18:00:00+00:00,31.722036116666665
2025-08-29 19:00:00+00:00,32.40754811666667
2025-08-29 20:00:00+00:00,32.19313201666667
2025-08-29 21:00:00+00:00,31.75103581666667
2025-08-29 22:00:00+00:00,28.90954676666667
2025-08-29 23:00:00+00:00,27.47330446666666
2025-08-30 00:00:00+00:00,25.873228866666672
2025-08-30 01:00:00+00:00,24.49159506666667
2025-08-30 02:00:00+00:00,23.85436186666667
2025-08-30 03:00:00+00:00,24.72242666666667
2025-08-30 04:00:00+00:00,25.998676866666667
2025-08-30 05:00:00+00:00,26.38616866666667
2025-08-30 06:00:00+00:00,26.47674536666667
2025-08-30 07:00:00+00:00,25.897476366666666
2025-08-30 08:00:00+00:00,24.67372156666667
2025-08-30 09:00:00+00:00,24.04414256666666
2025-08-30 10:00:00+00:00,23.784854766666665
2025-08-30 11:00:00+00:00,22.13895036666667
2025-08-30 12:00:00+00:00,20.990051166666667
2025-08-30 13:00:00+00:00,19.837099066666664
2025-08-30 14:00:00+00:00,20.476007666666668
2025-08-30 15:00:00+00:00,22.223670666666663
2025-08-30 16:00:00+00:00,25.975267866666663
2025-08-30 17:00:00+00:00,29.69643656666667
2025-08-30 18:00:00+00:00,29.85914916666667
2025-08-30 19:00:00+00:00,29.56020446666667
2025-08-30 20:00:00+00:00,28.889384266666667
2025-08-30 21:00:00+00:00,28.222349766666664
2025-08-30 22:00:00+00:00,25.765184783333332
2025-08-30 23:00:00+00:00,24.09449828333333
2025-08-31 00:00:00+00:00,22.394101683333336
2025-08-31 01:00:00+00:00,21.070041483333334
2025-08-31 02:00:00+00:00,20.701767083333333
2025-08-31 03:00:00+00:00,21.761992783333334
2025-08-31 04:00:00+00:00,23.28050508333333
2025-08-31 05:00:00+00:00,23.591120583333336
2025-08-31 06:00:00+00:00,23.71472418333333
2025-08-31 07:00:00+00:00,23.723707483333335
2025-08-31 08:00:00+00:00,23.061557083333337
2025-08-31 09:00:00+00:00,23.027934483333336
2025-08-31 10:00:00+00:00,23.730645383333332
2025-08-31 11:00:00+00:00,22.385718383333334
2025-08-31 12:00:00+00:00,21.254053683333336
2025-08-31 13:00:00+00:00,20.474677483333338
2025-08-31 14:00:00+00:00,20.766346283333334
2025-08-31 15:00:00+00:00,23.10752108333334
2025-08-31 16:00:00+00:00,27.885921483333334
2025-08-31 17:00:00+00:00,31.645026183333336
2025-08-31 18:00:00+00:00,32.14007488333334
2025-08-31 19:00:00+00:00,32.820261783333336
2025-08-31 20:00:00+00:00,32.648888283333335
2025-08-31 21:00:00+00:00,32.14866738333333
2025-08-31 22:00:00+00:00,32.83589265
2025-08-31 23:00:00+00:00,33.69285375
2025-09-01 00:00:00+00:00,30.49165925
2025-09-01 01:00:00+00:00,27.955825949999998
2025-09-01 02:00:00+00:00,26.99770445
2025-09-01 03:00:00+00:00,28.53728605
2025-09-01 04:00:00+00:00,32.12198835
2025-09-01 05:00:00+00:00,35.12707865
2025-09-01 06:00:00+00:00,35.89635095
2025-09-01 07:00:00+00:00,34.68279295
2025-09-01 08:00:00+00:00,32.51577605
2025-09-01 09:00:00+00:00,30.76153445
2025-09-01 10:00:00+00:00,29.86321485
2025-09-01 11:00:00+00:00,27.980587749999994
2025-09-01 12:00:00+00:00,27.027763650000008
2025-09-01 13:00:00+00:00,26.158249250000004
2025-09-01 14:00:00+00:00,26.729534850000004
2025-09-01 15:00:00+00:00,28.910324550000002
2025-09-01 16:00:00+00:00,33.57469805
2025-09-01 17:00:00+00:00,37.18245605
2025-09-01 18:00:00+00:00,36.866590249999994
2025-09-01 19:00:00+00:00,36.76323305
2025-09-01 20:00:00+00:00,35.87756025
2025-09-01 21:00:00+00:00,34.99611795
2025-09-01 22:00:00+00:00,30.02339855
2025-09-01 23:00:00+00:00,28.410903049999998
2025-09-02 00:00:00+00:00,26.770248150000004
2025-09-02 01:00:00+00:00,25.20571455
2025-09-02 02:00:00+00:00,24.870170450000003
2025-09-02 03:00:00+00:00,26.512070449999996
2025-09-02 04:00:00+00:00,29.89830095
2025-09-02 05:00:00+00:00,32.800081649999996
2025-09-02 06:00:00+00:00,33.50840485
2025-09-02 07:00:00+00:00,31.684678050000002
2025-09-02 08:00:00+00:00,28.384783250000005
2025-09-02 09:00:00+00:00,26.212114249999996
2025-09-02 10:00:00+00:00,25.14929665
2025-09-02 11:00:00+00:00,23.15093255
2025-09-02 12:00:00+00:00,22.232660250000006
2025-09-02 13:00:00+00:00,20.899147650000003
2025-09-02 14:00:00+00:00,21.625529150000002
2025-09-02 15:00:00+00:00,24.161172250000007
2025-09-02 16:00:00+00:00,28.56064115
2025-09-02 17:00:00+00:00,31.37712775
2025-09-02 18:00:00+00:00,30.919533450000003
2025-09-02 19:00:00+00:00,30.987026750000005
2025-09-02 20:00:00+00:00,30.240125149999997
2025-09-02 21:00:00+00:00,29.64318995
2025-09-02 22:00:00+00:00,26.40247376666667
2025-09-02 23:00:00+00:00,24.97917816666667
2025-09-03 00:00:00+00:00,23.21330276666667
2025-09-03 01:00:00+00:00,21.32580966666667
2025-09-03 02:00:00+00:00,20.734365866666668
2025-09-03 03:00:00+00:00,22.230081966666667
2025-09-03 04:00:00+00:00,25.25650696666667
2025-09-03 05:00:00+00:00,27.809876166666662
2025-09-03 06:00:00+00:00,28.330871666666667
2025-09-03 07:00:00+00:00,26.13527716666667
2025-09-03 08:00:00+00:00,23.422601266666668
2025-09-03 09:00:00+00:00,22.13204886666667
2025-09-03 10:00:00+00:00,21.27809116666667
2025-09-03 11:00:00+00:00,19.303860766666666
2025-09-03 12:00:00+00:00,18.397105966666672
2025-09-03 13:00:00+00:00,17.480998066666668
2025-09-03 14:00:00+00:00,18.89623576666667
2025-09-03 15:00:00+00:00,21.55605406666667
2025-09-03 16:00:00+00:00,26.76196336666667
2025-09-03 17:00:00+00:00,31.427997466666667
2025-09-03 18:00:00+00:00,32.52527756666667
2025-09-03 19:00:00+00:00,33.56658146666667
2025-09-03 20:00:00+00:00,33.428079866666664
2025-09-03 21:00:00+00:00,33.38662636666667
2025-09-03 22:00:00+00:00,28.4372652
2025-09-03 23:00:00+00:00,26.8058252
2025-09-04 00:00:00+00:00,25.5636052
2025-09-04 01:00:00+00:00,24.166398900000004
2025-09-04 02:00:00+00:00,24.010671500000004
2025-09-04 03:00:00+00:00,25.644996199999998
2025-09-04 04:00:00+00:00,29.172177500000004
2025-09-04 05:00:00+00:00,32.4168736
2025-09-04 06:00:00+00:00,33.841537
2025-09-04 07:00:00+00:00,33.2687139
2025-09-04 08:00:00+00:00,30.7111509
2025-09-04 09:00:00+00:00,28.909318500000005
2025-09-04 10:00:00+00:00,28.547877500000006
2025-09-04 11:00:00+00:00,26.618059300000006
2025-09-04 12:00:00+00:00,25.737254600000004
2025-09-04 13:00:00+00:00,25.173908899999997
2025-09-04 14:00:00+00:00,25.7892171
2025-09-04 15:00:00+00:00,28.2184223
2025-09-04 16:00:00+00:00,33.071649900000004
2025-09-04 17:00:00+00:00,36.4715733
2025-09-04 18:00:00+00:00,36.0600273
2025-09-04 19:00:00+00:00,35.8238742
2025-09-04 20:00:00+00:00,35.1942897
2025-09-04 21:00:00+00:00,34.493562100000005
2025-09-04 22:00:00+00:00,29.4090288
2025-09-04 23:00:00+00:00,28.0179257
2025-09-05 00:00:00+00:00,26.405093200000003
2025-09-05 01:00:00+00:00,25.102748000000005
2025-09-05 02:00:00+00:00,25.034053
2025-09-05 03:00:00+00:00,26.839615300000002
2025-09-05 04:00:00+00:00,30.6548863
2025-09-05 05:00:00+00:00,34.207782
2025-09-05 06:00:00+00:00,35.2896991
2025-09-05 07:00:00+00:00,34.0131912
2025-09-05 08:00:00+00:00,30.962817100000002
2025-09-05 09:00:00+00:00,28.6986536
2025-09-05 10:00:00+00:00,28.1197144
2025-09-05 11:00:00+00:00,25.9508011
2025-09-05 12:00:00+00:00,25.128283300000003
2025-09-05 13:00:00+00:00,24.659724
2025-09-05 14:00:00+00:00,25.518486600000003
2025-09-05 15:00:00+00:00,28.706766800000004
2025-09-05 16:00:00+00:00,34.336253899999996
2025-09-05 17:00:00+00:00,38.063632299999995
2025-09-05 18:00:00+00:00,37.672324
2025-09-05 19:00:00+00:00,37.1549009
2025-09-05 20:00:00+00:00,36.5656972
2025-09-05 21:00:00+00:00,35.684922
2025-09-05 22:00:00+00:00,33.64303873333333
2025-09-05 23:00:00+00:00,31.539706833333334
2025-09-06 00:00:00+00:00,29.06322933333334
2025-09-06 01:00:00+00:00,26.848125033333332
2025-09-06 02:00:00+00:00,25.466966233333334
2025-09-06 03:00:00+00:00,25.486734733333332
2025-09-06 04:00:00+00:00,26.380610733333334
2025-09-06 05:00:00+00:00,26.489314933333333
2025-09-06 06:00:00+00:00,25.838843833333335
2025-09-06 07:00:00+00:00,24.862402833333334
2025-09-06 08:00:00+00:00,23.376292633333332
2025-09-06 09:00:00+00:00,22.465249333333333
2025-09-06 10:00:00+00:00,22.13261543333333
2025-09-06 11:00:00+00:00,19.768725033333336
2025-09-06 12:00:00+00:00,18.173333233333338
2025-09-06 13:00:00+00:00,17.57235513333334
2025-09-06 14:00:00+00:00,17.991269433333336
2025-09-06 15:00:00+00:00,20.447206933333334
2025-09-06 16:00:00+00:00,25.368803533333338
2025-09-06 17:00:00+00:00,29.557624333333337
2025-09-06 18:00:00+00:00,29.140891933333336
2025-09-06 19:00:00+00:00,28.249030033333334
2025-09-06 20:00:00+00:00,27.806501833333332
2025-09-06 21:00:00+00:00,27.703696933333333
2025-09-06 22:00:00+00:00,24.2622299
2025-09-06 23:00:00+00:00,22.609278600000003
2025-09-07 00:00:00+00:00,20.870626900000005
2025-09-07 01:00:00+00:00,19.214840900000002
2025-09-07 02:00:00+00:00,18.2689703
2025-09-07 03:00:00+00:00,18.3994256
2025-09-07 04:00:00+00:00,19.2826953
2025-09-07 05:00:00+00:00,19.1580537
2025-09-07 06:00:00+00:00,18.8586897
2025-09-07 07:00:00+00:00,19.2932469
2025-09-07 08:00:00+00:00,18.9450982
2025-09-07 09:00:00+00:00,19.2304481
2025-09-07 10:00:00+00:00,20.549626999999997
2025-09-07 11:00:00+00:00,19.3039939
2025-09-07 12:00:00+00:00,18.842865900000007
2025-09-07 13:00:00+00:00,19.1936212
2025-09-07 14:00:00+00:00,20.522593799999996
2025-09-07 15:00:00+00:00,24.153847799999998
2025-09-07 16:00:00+00:00,30.202805700000003
2025-09-07 17:00:00+00:00,34.6516635
2025-09-07 18:00:00+00:00,34.8993241
2025-09-07 19:00:00+00:00,34.45331
2025-09-07 20:00:00+00:00,34.102335499999995
2025-09-07 21:00:00+00:00,33.5869204
2025-09-07 22:00:00+00:00,29.766420816666667
2025-09-07 23:00:00+00:00,28.01006041666666
2025-09-08 00:00:00+00:00,26.883548016666666
2025-09-08 01:00:00+00:00,25.716952916666667
2025-09-08 02:00:00+00:00,25.574790216666667
2025-09-08 03:00:00+00:00,27.48766571666667
2025-09-08 04:00:00+00:00,31.768618016666665
2025-09-08 05:00:00+00:00,35.682670216666665
2025-09-08 06:00:00+00:00,37.328899316666664
2025-09-08 07:00:00+00:00,37.74496241666667
2025-09-08 08:00:00+00:00,35.995208416666664
2025-09-08 09:00:00+00:00,34.82676461666667
2025-09-08 10:00:00+00:00,34.220134716666664
2025-09-08 11:00:00+00:00,32.44234971666667
2025-09-08 12:00:00+00:00,32.26222841666667
2025-09-08 13:00:00+00:00,31.98270661666667
2025-09-08 14:00:00+00:00,32.59108431666667
2025-09-08 15:00:00+00:00,34.84315621666667
2025-09-08 16:00:00+00:00,39.18177561666667
2025-09-08 17:00:00+00:00,41.97287301666667
2025-09-08 18:00:00+00:00,40.59173761666666
2025-09-08 19:00:00+00:00,38.75390911666666
2025-09-08 20:00:00+00:00,37.817190116666666
2025-09-08 21:00:00+00:00,37.02386181666667
2025-09-08 22:00:00+00:00,33.270517383333335
2025-09-08 23:00:00+00:00,31.536705183333332
2025-09-09 00:00:00+00:00,30.04106588333333
2025-09-09 01:00:00+00:00,28.784455583333333
2025-09-09 02:00:00+00:00,28.375224983333332
2025-09-09 03:00:00+00:00,29.970686883333332
2025-09-09 04:00:00+00:00,34.06679018333333
2025-09-09 05:00:00+00:00,37.87701198333333
2025-09-09 06:00:00+00:00,38.84765848333333
2025-09-09 07:00:00+00:00,37.85956218333333
2025-09-09 08:00:00+00:00,34.82963838333333
2025-09-09 09:00:00+00:00,32.59555148333333
2025-09-09 10:00:00+00:00,31.166033883333338
2025-09-09 11:00:00+00:00,28.82213258333333
2025-09-09 12:00:00+00:00,28.536532383333334
2025-09-09 13:00:00+00:00,28.657203883333338
2025-09-09 14:00:00+00:00,29.681480583333332
2025-09-09 15:00:00+00:00,32.705917883333335
2025-09-09 16:00:00+00:00,37.75652778333333
2025-09-09 17:00:00+00:00,41.19278658333334
2025-09-09 18:00:00+00:00,40.38578078333334
2025-09-09 19:00:00+00:00,38.543973683333334
2025-09-09 20:00:00+00:00,37.47758648333334
2025-09-09 21:00:00+00:00,36.650056883333335
2025-09-09 22:00:00+00:00,32.594201133333335
2025-09-09 23:00:00+00:00,30.783116833333338
2025-09-10 00:00:00+00:00,29.199614633333333
2025-09-10 01:00:00+00:00,27.689299733333332
2025-09-10 02:00:00+00:00,27.05115813333333
2025-09-10 03:00:00+00:00,28.624549833333337
2025-09-10 04:00:00+00:00,32.41407343333333
2025-09-10 05:00:00+00:00,35.69770573333333
2025-09-10 06:00:00+00:00,36.55960253333333
2025-09-10 07:00:00+00:00,35.777322133333335
2025-09-10 08:00:00+00:00,33.093980333333334
2025-09-10 09:00:00+00:00,30.983645833333334
2025-09-10 10:00:00+00:00,29.26666253333334
2025-09-10 11:00:00+00:00,27.472899833333337
2025-09-10 12:00:00+00:00,27.20929973333333
2025-09-10 13:00:00+00:00,26.603743333333334
2025-09-10 14:00:00+00:00,26.829735833333334
2025-09-10 15:00:00+00:00,28.43239403333333
2025-09-10 16:00:00+00:00,32.81204723333333
2025-09-10 17:00:00+00:00,36.226354533333335
2025-09-10 18:00:00+00:00,35.433520533333336
2025-09-10 19:00:00+00:00,33.16759483333333
2025-09-10 20:00:00+00:00,31.67368373333333
2025-09-10 21:00:00+00:00,30.57713783333333
2025-09-10 22:00:00+00:00,26.73317828333333
2025-09-10 23:00:00+00:00,24.79123818333333
2025-09-11 00:00:00+00:00,23.15658678333333
2025-09-11 01:00:00+00:00,21.721348383333332
2025-09-11 02:00:00+00:00,21.141521283333333
2025-09-11 03:00:00+00:00,23.106241583333336
2025-09-11 04:00:00+00:00,27.536188683333336
2025-09-11 05:00:00+00:00,31.51935948333334
2025-09-11 06:00:00+00:00,32.51876358333333
2025-09-11 07:00:00+00:00,30.83771408333333
2025-09-11 08:00:00+00:00,28.126888283333336
2025-09-11 09:00:00+00:00,26.406209583333332
2025-09-11 10:00:00+00:00,24.284673683333335
2025-09-11 11:00:00+00:00,21.646964883333332
2025-09-11 12:00:00+00:00,20.937071183333334
2025-09-11 13:00:00+00:00,20.82580508333334
2025-09-11 14:00:00+00:00,21.154974983333332
2025-09-11 15:00:00+00:00,23.926196083333327
2025-09-11 16:00:00+00:00,29.218302183333336
2025-09-11 17:00:00+00:00,33.48183698333334
2025-09-11 18:00:00+00:00,34.00169088333333
2025-09-11 19:00:00+00:00,32.42560768333334
2025-09-11 20:00:00+00:00,31.916046483333332
2025-09-11 21:00:00+00:00,31.577906983333335
2025-09-11 22:00:00+00:00,28.026148366666668
2025-09-11 23:00:00+00:00,26.215034366666664
2025-09-12 00:00:00+00:00,24.346862966666666
2025-09-12 01:00:00+00:00,22.85475206666667
2025-09-12 02:00:00+00:00,22.308188766666667
2025-09-12 03:00:00+00:00,24.10955786666667
2025-09-12 04:00:00+00:00,28.401861866666664
2025-09-12 05:00:00+00:00,32.37055936666667
2025-09-12 06:00:00+00:00,33.49107036666666
2025-09-12 07:00:00+00:00,32.09958996666666
2025-09-12 08:00:00+00:00,29.02486726666667
2025-09-12 09:00:00+00:00,27.501672966666668
2025-09-12 10:00:00+00:00,26.54094846666667
2025-09-12 11:00:00+00:00,24.27629266666667
2025-09-12 12:00:00+00:00,23.762352666666672
2025-09-12 13:00:00+00:00,23.78149056666667
2025-09-12 14:00:00+00:00,23.751027166666667
2025-09-12 15:00:00+00:00,26.736298266666672
2025-09-12 16:00:00+00:00,32.30711016666667
2025-09-12 17:00:00+00:00,36.78002226666666
2025-09-12 18:00:00+00:00,37.21902866666667
2025-09-12 19:00:00+00:00,35.66273446666667
2025-09-12 20:00:00+00:00,35.221585166666664
2025-09-12 21:00:00+00:00,34.46564206666667
2025-09-12 22:00:00+00:00,31.109092733333338
2025-09-12 23:00:00+00:00,28.627873633333333
2025-09-13 00:00:00+00:00,26.38199353333333
2025-09-13 01:00:00+00:00,24.44300043333333
2025-09-13 02:00:00+00:00,23.038796833333336
2025-09-13 03:00:00+00:00,23.42105073333333
2025-09-13 04:00:00+00:00,24.904084233333332
2025-09-13 05:00:00+00:00,25.857453933333332
2025-09-13 06:00:00+00:00,26.24129273333334
2025-09-13 07:00:00+00:00,26.543562833333336
2025-09-13 08:00:00+00:00,25.895069933333335
2025-09-13 09:00:00+00:00,25.482944633333336
2025-09-13 10:00:00+00:00,25.43548403333333
2025-09-13 11:00:00+00:00,23.79544453333333
2025-09-13 12:00:00+00:00,22.54911033333334
2025-09-13 13:00:00+00:00,21.396110433333337
2025-09-13 14:00:00+00:00,20.808579633333338
2025-09-13 15:00:00+00:00,23.463985933333333
2025-09-13 16:00:00+00:00,27.69716873333333
2025-09-13 17:00:00+00:00,31.75219583333333
2025-09-13 18:00:00+00:00,32.34239203333333
2025-09-13 19:00:00+00:00,31.44883553333333
2025-09-13 20:00:00+00:00,31.697165233333337
2025-09-13 21:00:00+00:00,32.12175723333333
2025-09-13 22:00:00+00:00,29.74690196666667
2025-09-13 23:00:00+00:00,28.265147966666664
2025-09-14 00:00:00+00:00,26.416626866666668
2025-09-14 01:00:00+00:00,24.730657866666668
2025-09-14 02:00:00+00:00,23.71035476666667
2025-09-14 03:00:00+00:00,24.291494866666667
2025-09-14 04:00:00+00:00,25.46779696666667
2025-09-14 05:00:00+00:00,25.76601816666667
2025-09-14 06:00:00+00:00,25.600011766666665
2025-09-14 07:00:00+00:00,25.26825326666667
2025-09-14 08:00:00+00:00,24.51577686666667
2025-09-14 09:00:00+00:00,24.382059466666668
2025-09-14 10:00:00+00:00,23.99003596666667
2025-09-14 11:00:00+00:00,21.72556826666667
2025-09-14 12:00:00+00:00,19.37006206666667
2025-09-14 13:00:00+00:00,17.79370906666667
2025-09-14 14:00:00+00:00,17.106051866666668
2025-09-14 15:00:00+00:00,18.639217266666662
2025-09-14 16:00:00+00:00,22.730471866666665
2025-09-14 17:00:00+00:00,26.60783096666666
2025-09-14 18:00:00+00:00,26.68218296666667
2025-09-14 19:00:00+00:00,24.98254106666667
2025-09-14 20:00:00+00:00,24.45407006666667
2025-09-14 21:00:00+00:00,23.99896476666667
2025-09-14 22:00:00+00:00,19.60357696666667
2025-09-14 23:00:00+00:00,17.945667266666668
2025-09-15 00:00:00+00:00,16.11094346666667
2025-09-15 01:00:00+00:00,14.577504166666667
2025-09-15 02:00:00+00:00,14.24819346666667
2025-09-15 03:00:00+00:00,16.636594066666667
2025-09-15 04:00:00+00:00,21.50224096666667
2025-09-15 05:00:00+00:00,26.01326186666667
2025-09-15 06:00:00+00:00,27.66287066666667
2025-09-15 07:00:00+00:00,26.40042606666667
2025-09-15 08:00:00+00:00,24.148501166666666
2025-09-15 09:00:00+00:00,23.05936476666667
2025-09-15 10:00:00+00:00,21.98269006666667
2025-09-15 11:00:00+00:00,20.180579466666664
2025-09-15 12:00:00+00:00,19.338598566666672
2025-09-15 13:00:00+00:00,19.01014866666667
2025-09-15 14:00:00+00:00,18.33687396666667
2025-09-15 15:00:00+00:00,20.29274686666667
2025-09-15 16:00:00+00:00,25.680414766666665
2025-09-15 17:00:00+00:00,30.487905966666666
2025-09-15 18:00:00+00:00,30.49832646666667
2025-09-15 19:00:00+00:00,28.261436366666665
2025-09-15 20:00:00+00:00,27.678748666666667
2025-09-15 21:00:00+00:00,27.49131416666667
2025-09-15 22:00:00+00:00,24.831900049999998
2025-09-15 23:00:00+00:00,23.650012049999997
2025-09-16 00:00:00+00:00,22.28389395
2025-09-16 01:00:00+00:00,21.089287749999997
2025-09-16 02:00:00+00:00,20.998019850000002
2025-09-16 03:00:00+00:00,23.215332949999997
2025-09-16 04:00:00+00:00,27.89245595
2025-09-16 05:00:00+00:00,32.17536054999999
2025-09-16 06:00:00+00:00,33.41045835
2025-09-16 07:00:00+00:00,31.455192450000006
2025-09-16 08:00:00+00:00,28.356187550000005
2025-09-16 09:00:00+00:00,27.017934650000004
2025-09-16 10:00:00+00:00,26.237289750000006
2025-09-16 11:00:00+00:00,24.978970450000006
2025-09-16 12:00:00+00:00,24.52162315
2025-09-16 13:00:00+00:00,24.609583350000005
2025-09-16 14:00:00+00:00,24.72374095
2025-09-16 15:00:00+00:00,27.550983249999998
2025-09-16 16:00:00+00:00,33.88843265
2025-09-16 17:00:00+00:00,39.374308150000005
2025-09-16 18:00:00+00:00,39.85500515
2025-09-16 19:00:00+00:00,37.90922465
2025-09-16 20:00:00+00:00,37.39091215
2025-09-16 21:00:00+00:00,37.295042849999994
2025-09-16 22:00:00+00:00,34.192209366666674
2025-09-16 23:00:00+00:00,32.555968166666666
2025-09-17 00:00:00+00:00,30.898676966666663
2025-09-17 01:00:00+00:00,29.20054386666667
2025-09-17 02:00:00+00:00,28.410618866666667
2025-09-17 03:00:00+00:00,29.94580006666667
2025-09-17 04:00:00+00:00,33.73548386666667
2025-09-17 05:00:00+00:00,37.09795256666666
2025-09-17 06:00:00+00:00,37.79489426666667
2025-09-17 07:00:00+00:00,35.72244486666667
2025-09-17 08:00:00+00:00,31.641307166666664
2025-09-17 09:00:00+00:00,28.720149266666667
2025-09-17 10:00:00+00:00,26.563714766666664
2025-09-17 11:00:00+00:00,24.316357966666672
2025-09-17 12:00:00+00:00,23.592181766666663
2025-09-17 13:00:00+00:00,23.76186836666667
2025-09-17 14:00:00+00:00,25.299831466666667
2025-09-17 15:00:00+00:00,29.35194056666667
2025-09-17 16:00:00+00:00,35.99051836666667
2025-09-17 17:00:00+00:00,41.33153016666667
2025-09-17 18:00:00+00:00,41.27722646666666
2025-09-17 19:00:00+00:00,38.74109366666667
2025-09-17 20:00:00+00:00,37.930163766666666
2025-09-17 21:00:00+00:00,37.75011656666667
2025-09-17 22:00:00+00:00,33.78912615
2025-09-17 23:00:00+00:00,32.17111025
2025-09-18 00:00:00+00:00,30.62964175
2025-09-18 01:00:00+00:00,29.048314749999996
2025-09-18 02:00:00+00:00,28.44297575
2025-09-18 03:00:00+00:00,30.33937555
2025-09-18 04:00:00+00:00,34.70187245
2025-09-18 05:00:00+00:00,38.64233755
2025-09-18 06:00:00+00:00,39.38173865
2025-09-18 07:00:00+00:00,36.799172850000005
2025-09-18 08:00:00+00:00,32.38068585
2025-09-18 09:00:00+00:00,29.55172235
2025-09-18 10:00:00+00:00,27.827300150000006
2025-09-18 11:00:00+00:00,26.096463550000003
2025-09-18 12:00:00+00:00,25.52335265
2025-09-18 13:00:00+00:00,25.815293250000003
2025-09-18 14:00:00+00:00,27.21908115
2025-09-18 15:00:00+00:00,31.132647050000003
2025-09-18 16:00:00+00:00,37.57871145
2025-09-18 17:00:00+00:00,42.65310505
2025-09-18 18:00:00+00:00,42.30374715
2025-09-18 19:00:00+00:00,39.57289495
2025-09-18 20:00:00+00:00,38.55872505
2025-09-18 21:00:00+00:00,38.04248385
2025-09-18 22:00:00+00:00,34.28648353333334
2025-09-18 23:00:00+00:00,32.38344483333333
2025-09-19 00:00:00+00:00,30.455238933333334
2025-09-19 01:00:00+00:00,28.621279433333335
2025-09-19 02:00:00+00:00,27.830356333333334
2025-09-19 03:00:00+00:00,29.322828233333336
2025-09-19 04:00:00+00:00,33.14829123333334
2025-09-19 05:00:00+00:00,36.57731953333333
2025-09-19 06:00:00+00:00,36.97143533333334
2025-09-19 07:00:00+00:00,34.493957333333334
2025-09-19 08:00:00+00:00,30.33367833333334
2025-09-19 09:00:00+00:00,27.60319853333333
2025-09-19 10:00:00+00:00,25.996443333333335
2025-09-19 11:00:00+00:00,24.255555533333336
2025-09-19 12:00:00+00:00,23.684015433333332
2025-09-19 13:00:00+00:00,23.940990333333332
2025-09-19 14:00:00+00:00,25.319620833333335
2025-09-19 15:00:00+00:00,29.290501933333335
2025-09-19 16:00:00+00:00,34.82736143333334
2025-09-19 17:00:00+00:00,38.58746343333333
2025-09-19 18:00:00+00:00,37.69922173333334
2025-09-19 19:00:00+00:00,35.01371953333333
2025-09-19 20:00:00+00:00,34.11869273333333
2025-09-19 21:00:00+00:00,33.74853113333334
2025-09-19 22:00:00+00:00,30.571213500000002
2025-09-19 23:00:00+00:00,28.8143195
2025-09-20 00:00:00+00:00,26.8279956
2025-09-20 01:00:00+00:00,24.8184598
2025-09-20 02:00:00+00:00,23.650695900000002
2025-09-20 03:00:00+00:00,24.0903404
2025-09-20 04:00:00+00:00,25.668012100000006
2025-09-20 05:00:00+00:00,26.6745347
2025-09-20 06:00:00+00:00,26.742981800000003
2025-09-20 07:00:00+00:00,26.1559984
2025-09-20 08:00:00+00:00,24.338835000000003
2025-09-20 09:00:00+00:00,23.205668200000005
2025-09-20 10:00:00+00:00,22.381545700000004
2025-09-20 11:00:00+00:00,20.472738500000006
2025-09-20 12:00:00+00:00,19.130342300000002
2025-09-20 13:00:00+00:00,18.5302813
2025-09-20 14:00:00+00:00,18.982432000000003
2025-09-20 15:00:00+00:00,22.1939449
2025-09-20 16:00:00+00:00,27.170963999999998
2025-09-20 17:00:00+00:00,30.950560900000003
2025-09-20 18:00:00+00:00,30.708700099999998
2025-09-20 19:00:00+00:00,28.991532899999996
2025-09-20 20:00:00+00:00,29.2243297
2025-09-20 21:00:00+00:00,30.089641800000003
2025-09-20 22:00:00+00:00,29.93928513333333
2025-09-20 23:00:00+00:00,28.870886133333336
2025-09-21 00:00:00+00:00,27.087785733333334
2025-09-21 01:00:00+00:00,25.678093433333334
2025-09-21 02:00:00+00:00,25.124161333333333
2025-09-21 03:00:00+00:00,25.823691133333334
2025-09-21 04:00:00+00:00,27.413879233333333
2025-09-21 05:00:00+00:00,27.984990433333337
2025-09-21 06:00:00+00:00,28.39049843333333
2025-09-21 07:00:00+00:00,29.265923933333333
2025-09-21 08:00:00+00:00,29.311028133333334
2025-09-21 09:00:00+00:00,29.45888203333333
2025-09-21 10:00:00+00:00,30.683065333333335
2025-09-21 11:00:00+00:00,29.727478633333334
2025-09-21 12:00:00+00:00,28.362717033333332
2025-09-21 13:00:00+00:00,26.946526433333332
2025-09-21 14:00:00+00:00,26.869575633333334
2025-09-21 15:00:00+00:00,29.022375233333335
2025-09-21 16:00:00+00:00,32.79901033333333
2025-09-21 17:00:00+00:00,36.11675163333333
2025-09-21 18:00:00+00:00,35.73325603333333
2025-09-21 19:00:00+00:00,33.21834723333333
2025-09-21 20:00:00+00:00,33.040401333333335
2025-09-21 21:00:00+00:00,32.796088133333335
2025-09-21 22:00:00+00:00,28.930345849999995
2025-09-21 23:00:00+00:00,27.20392875
2025-09-22 00:00:00+00:00,24.87806185
2025-09-22 01:00:00+00:00,22.96127815
2025-09-22 02:00:00+00:00,22.16926445
2025-09-22 03:00:00+00:00,23.903353850000002
2025-09-22 04:00:00+00:00,28.194272650000002
2025-09-22 05:00:00+00:00,32.06302915
2025-09-22 06:00:00+00:00,33.31755415
2025-09-22 07:00:00+00:00,32.47137035
2025-09-22 08:00:00+00:00,29.704119950000006
2025-09-22 09:00:00+00:00,27.155682650000003
2025-09-22 10:00:00+00:00,25.718813350000005
2025-09-22 11:00:00+00:00,23.73041025
2025-09-22 12:00:00+00:00,23.043636749999997
2025-09-22 13:00:00+00:00,22.507534049999997
2025-09-22 14:00:00+00:00,23.02730965
2025-09-22 15:00:00+00:00,25.47042295
2025-09-22 16:00:00+00:00,31.268253849999997
2025-09-22 17:00:00+00:00,35.94493775
2025-09-22 18:00:00+00:00,35.633439949999996
2025-09-22 19:00:00+00:00,32.61433635
2025-09-22 20:00:00+00:00,32.30532365
2025-09-22 21:00:00+00:00,32.588158050000004
2025-09-22 22:00:00+00:00,29.653246699999997
2025-09-22 23:00:00+00:00,28.4869598
2025-09-23 00:00:00+00:00,26.6374224
2025-09-23 01:00:00+00:00,25.065330099999997
2025-09-23 02:00:00+00:00,24.481405700000003
2025-09-23 03:00:00+00:00,26.3819179
2025-09-23 04:00:00+00:00,30.877381300000003
2025-09-23 05:00:00+00:00,35.187106
2025-09-23 06:00:00+00:00,36.2283788
2025-09-23 07:00:00+00:00,34.660113800000005
2025-09-23 08:00:00+00:00,31.555050400000006
2025-09-23 09:00:00+00:00,29.772387400000003
2025-09-23 10:00:00+00:00,28.8010126
2025-09-23 11:00:00+00:00,27.3464707
2025-09-23 12:00:00+00:00,26.841519599999998
2025-09-23 13:00:00+00:00,25.9084602
2025-09-23 14:00:00+00:00,26.392578900000004
2025-09-23 15:00:00+00:00,28.994232899999997
2025-09-23 16:00:00+00:00,34.3100574
2025-09-23 17:00:00+00:00,38.9790741
2025-09-23 18:00:00+00:00,39.1354989
2025-09-23 19:00:00+00:00,36.2754483
2025-09-23 20:00:00+00:00,35.790933
2025-09-23 21:00:00+00:00,35.901828699999996
2025-09-23 22:00:00+00:00,31.674910266666664
2025-09-23 23:00:00+00:00,30.251574266666665
2025-09-24 00:00:00+00:00,28.207345366666665
2025-09-24 01:00:00+00:00,26.72694126666667
2025-09-24 02:00:00+00:00,26.379026466666666
2025-09-24 03:00:00+00:00,28.44741676666667
2025-09-24 04:00:00+00:00,33.084900866666665
2025-09-24 05:00:00+00:00,37.49525356666666
2025-09-24 06:00:00+00:00,39.06389096666667
2025-09-24 07:00:00+00:00,38.42027816666666
2025-09-24 08:00:00+00:00,35.82106636666667
2025-09-24 09:00:00+00:00,33.72033126666666
2025-09-24 10:00:00+00:00,32.91225286666667
2025-09-24 11:00:00+00:00,30.920397166666667
2025-09-24 12:00:00+00:00,30.11693376666667
2025-09-24 13:00:00+00:00,29.070744466666667
2025-09-24 14:00:00+00:00,29.421409666666666
2025-09-24 15:00:00+00:00,31.696171866666667
2025-09-24 16:00:00+00:00,37.11873396666667
2025-09-24 17:00:00+00:00,41.942959566666666
2025-09-24 18:00:00+00:00,42.17609456666667
2025-09-24 19:00:00+00:00,39.37714896666667
2025-09-24 20:00:00+00:00,39.13870046666667
2025-09-24 21:00:00+00:00,39.500065066666664
2025-09-24 22:00:00+00:00,36.240264450000005
2025-09-24 23:00:00+00:00,34.89227215
2025-09-25 00:00:00+00:00,32.68385835
2025-09-25 01:00:00+00:00,30.995438650000004
2025-09-25 02:00:00+00:00,30.36286675
2025-09-25 03:00:00+00:00,32.09401445
2025-09-25 04:00:00+00:00,36.49695585
2025-09-25 05:00:00+00:00,41.236760950000004
2025-09-25 06:00:00+00:00,42.62685295
2025-09-25 07:00:00+00:00,41.39620985
2025-09-25 08:00:00+00:00,38.82282445
2025-09-25 09:00:00+00:00,37.03159735
2025-09-25 10:00:00+00:00,36.07474525
2025-09-25 11:00:00+00:00,33.94256795
2025-09-25 12:00:00+00:00,33.24937295000001
2025-09-25 13:00:00+00:00,32.828445650000006
2025-09-25 14:00:00+00:00,33.43845825
2025-09-25 15:00:00+00:00,35.56638055
2025-09-25 16:00:00+00:00,40.69937425
2025-09-25 17:00:00+00:00,44.60814265
2025-09-25 18:00:00+00:00,44.54543785
2025-09-25 19:00:00+00:00,41.556889549999994
2025-09-25 20:00:00+00:00,41.23625735
2025-09-25 21:00:00+00:00,41.65207305
2025-09-25 22:00:00+00:00,38.41520815
2025-09-25 23:00:00+00:00,37.122931349999995
2025-09-26 00:00:00+00:00,35.10279445
2025-09-26 01:00:00+00:00,33.57403175
2025-09-26 02:00:00+00:00,32.919668449999996
2025-09-26 03:00:00+00:00,34.78096425
2025-09-26 04:00:00+00:00,39.283402249999995
2025-09-26 05:00:00+00:00,43.95405985
2025-09-26 06:00:00+00:00,45.35530584999999
2025-09-26 07:00:00+00:00,44.46276615
2025-09-26 08:00:00+00:00,41.79274425
2025-09-26 09:00:00+00:00,39.471653550000006
2025-09-26 10:00:00+00:00,38.17583775
2025-09-26 11:00:00+00:00,35.94128485
2025-09-26 12:00:00+00:00,34.67840755
2025-09-26 13:00:00+00:00,33.93505625
2025-09-26 14:00:00+00:00,34.24864865
2025-09-26 15:00:00+00:00,36.42655755
2025-09-26 16:00:00+00:00,41.24469345
2025-09-26 17:00:00+00:00,44.64182405
2025-09-26 18:00:00+00:00,44.56479805
2025-09-26 19:00:00+00:00,41.697745149999996
2025-09-26 20:00:00+00:00,41.694543550000006
2025-09-26 21:00:00+00:00,42.07642875
2025-09-26 22:00:00+00:00,39.604627183333335
2025-09-26 23:00:00+00:00,38.08468968333333
2025-09-27 00:00:00+00:00,35.47004028333333
2025-09-27 01:00:00+00:00,33.554094983333336
2025-09-27 02:00:00+00:00,32.37133488333333
2025-09-27 03:00:00+00:00,33.08321718333334
2025-09-27 04:00:00+00:00,35.20382108333333
2025-09-27 05:00:00+00:00,37.14468118333333
2025-09-27 06:00:00+00:00,37.56876388333333
2025-09-27 07:00:00+00:00,36.81377498333334
2025-09-27 08:00:00+00:00,34.003540783333335
2025-09-27 09:00:00+00:00,31.498102583333335
2025-09-27 10:00:00+00:00,29.96491518333334
2025-09-27 11:00:00+00:00,27.45037028333334
2025-09-27 12:00:00+00:00,25.577427583333336
2025-09-27 13:00:00+00:00,25.092002883333336
2025-09-27 14:00:00+00:00,26.342679983333337
2025-09-27 15:00:00+00:00,29.803876083333336
2025-09-27 16:00:00+00:00,35.58173348333333
2025-09-27 17:00:00+00:00,39.73805668333333
2025-09-27 18:00:00+00:00,39.75591058333333
2025-09-27 19:00:00+00:00,37.15673208333333
2025-09-27 20:00:00+00:00,37.57282618333333
2025-09-27 21:00:00+00:00,38.18539198333333
2025-09-27 22:00:00+00:00,35.087140399999996
2025-09-27 23:00:00+00:00,33.859763199999996
2025-09-28 00:00:00+00:00,31.6746441
2025-09-28 01:00:00+00:00,30.009965700000002
2025-09-28 02:00:00+00:00,28.868567300000002
2025-09-28 03:00:00+00:00,29.4783885
2025-09-28 04:00:00+00:00,31.0623525
2025-09-28 05:00:00+00:00,32.379717299999996
2025-09-28 06:00:00+00:00,32.5914219
2025-09-28 07:00:00+00:00,32.6698775
2025-09-28 08:00:00+00:00,31.473139700000004
2025-09-28 09:00:00+00:00,30.541380200000003
2025-09-28 10:00:00+00:00,29.903794200000004
2025-09-28 11:00:00+00:00,27.7624062
2025-09-28 12:00:00+00:00,25.7139461
2025-09-28 13:00:00+00:00,25.2124334
2025-09-28 14:00:00+00:00,26.377482899999997
2025-09-28 15:00:00+00:00,29.4968598
2025-09-28 16:00:00+00:00,34.8521191
2025-09-28 17:00:00+00:00,39.1850874
2025-09-28 18:00:00+00:00,38.9791207
2025-09-28 19:00:00+00:00,36.502343499999995
2025-09-28 20:00:00+00:00,36.7183244
2025-09-28 21:00:00+00:00,37.172528299999996
2025-09-28 22:00:00+00:00,33.663950299999996
2025-09-28 23:00:00+00:00,32.5926568
2025-09-29 00:00:00+00:00,30.744633599999997
2025-09-29 01:00:00+00:00,29.1812133
2025-09-29 02:00:00+00:00,28.6619044
2025-09-29 03:00:00+00:00,30.906106899999997
2025-09-29 04:00:00+00:00,35.9578085
2025-09-29 05:00:00+00:00,41.1783833
2025-09-29 06:00:00+00:00,42.764388499999995
2025-09-29 07:00:00+00:00,41.3371024
2025-09-29 08:00:00+00:00,37.3522261
2025-09-29 09:00:00+00:00,33.9042444
2025-09-29 10:00:00+00:00,31.362806000000003
2025-09-29 11:00:00+00:00,29.334046099999995
2025-09-29 12:00:00+00:00,28.616294600000003
2025-09-29 13:00:00+00:00,28.718651299999998
2025-09-29 14:00:00+00:00,30.264870000000002
2025-09-29 15:00:00+00:00,33.7909302
2025-09-29 16:00:00+00:00,39.634379
2025-09-29 17:00:00+00:00,44.069266799999994
2025-09-29 18:00:00+00:00,42.552449200000005
2025-09-29 19:00:00+00:00,38.8045941
2025-09-29 20:00:00+00:00,38.2924814
2025-09-29 21:00:00+00:00,38.4475018
2025-09-29 22:00:00+00:00,35.78591333333333
2025-09-29 23:00:00+00:00,34.58857583333334
2025-09-30 00:00:00+00:00,32.756707533333326
2025-09-30 01:00:00+00:00,31.26647433333333
2025-09-30 02:00:00+00:00,30.629101433333332
2025-09-30 03:00:00+00:00,32.680322333333336
2025-09-30 04:00:00+00:00,37.56389233333333
2025-09-30 05:00:00+00:00,42.55584653333334
2025-09-30 06:00:00+00:00,43.687463433333335
2025-09-30 07:00:00+00:00,41.95508863333333
2025-09-30 08:00:00+00:00,38.01162053333333
2025-09-30 09:00:00+00:00,34.853145833333336
2025-09-30 10:00:00+00:00,32.34243743333333
2025-09-30 11:00:00+00:00,30.449572133333334
2025-09-30 12:00:00+00:00,29.848625733333332
2025-09-30 13:00:00+00:00,29.812011033333338
2025-09-30 14:00:00+00:00,31.012926033333336
2025-09-30 15:00:00+00:00,34.22484703333333
2025-09-30 16:00:00+00:00,39.64453183333333
2025-09-30 17:00:00+00:00,44.047563133333334
2025-09-30 18:00:00+00:00,42.62861023333333
2025-09-30 19:00:00+00:00,38.886110233333326
2025-09-30 20:00:00+00:00,38.356373133333335
2025-09-30 21:00:00+00:00,38.27963213333333
2025-09-30 22:00:00+00:00,34.98865843333333
2025-09-30 23:00:00+00:00,33.87557893333333
2025-10-01 00:00:00+00:00,31.981261933333332
2025-10-01 01:00:00+00:00,30.554474433333333
2025-10-01 02:00:00+00:00,29.958063633333335
2025-10-01 03:00:00+00:00,32.03861143333333
2025-10-01 04:00:00+00:00,36.807739233333336
2025-10-01 05:00:00+00:00,41.697512933333336
2025-10-01 06:00:00+00:00,43.18353483333333
2025-10-01 07:00:00+00:00,41.524938633333335
2025-10-01 08:00:00+00:00,37.099551733333335
2025-10-01 09:00:00+00:00,33.56021833333333
2025-10-01 10:00:00+00:00,30.888172033333326
2025-10-01 11:00:00+00:00,28.824602533333337
2025-10-01 12:00:00+00:00,28.10249113333333
2025-10-01 13:00:00+00:00,28.186844133333334
2025-10-01 14:00:00+00:00,29.714500033333337
2025-10-01 15:00:00+00:00,33.34063533333333
2025-10-01 16:00:00+00:00,39.32311773333333
2025-10-01 17:00:00+00:00,44.19931163333334
2025-10-01 18:00:00+00:00,43.05986453333333
2025-10-01 19:00:00+00:00,39.506890033333335
2025-10-01 20:00:00+00:00,39.044889833333336
2025-10-01 21:00:00+00:00,39.33465253333333
2025-10-01 22:00:00+00:00,36.676491766666665
2025-10-01 23:00:00+00:00,35.48110296666667
2025-10-02 00:00:00+00:00,33.40570986666666
2025-10-02 01:00:00+00:00,31.910327566666666
2025-10-02 02:00:00+00:00,31.248894166666666
2025-10-02 03:00:00+00:00,33.11110776666666
2025-10-02 04:00:00+00:00,37.905482066666664
2025-10-02 05:00:00+00:00,43.03917716666667
2025-10-02 06:00:00+00:00,44.268873166666665
2025-10-02 07:00:00+00:00,42.10359776666667
2025-10-02 08:00:00+00:00,38.13330936666667
2025-10-02 09:00:00+00:00,34.384375266666666
2025-10-02 10:00:00+00:00,32.138799766666665
2025-10-02 11:00:00+00:00,29.784133866666668
2025-10-02 12:00:00+00:00,29.462831766666667
2025-10-02 13:00:00+00:00,29.458968566666666
2025-10-02 14:00:00+00:00,30.912613866666668
2025-10-02 15:00:00+00:00,34.74399486666667
2025-10-02 16:00:00+00:00,40.433672066666674
2025-10-02 17:00:00+00:00,44.97458736666667
2025-10-02 18:00:00+00:00,43.31952196666666
2025-10-02 19:00:00+00:00,39.38147946666666
2025-10-02 20:00:00+00:00,38.27608706666667
2025-10-02 21:00:00+00:00,38.05212886666666
2025-10-02 22:00:00+00:00,34.315833833333336
2025-10-02 23:00:00+00:00,32.76586713333334
2025-10-03 00:00:00+00:00,30.832273033333337
2025-10-03 01:00:00+00:00,29.14506373333333
2025-10-03 02:00:00+00:00,28.464423833333335
2025-10-03 03:00:00+00:00,30.180289333333334
2025-10-03 04:00:00+00:00,34.80844363333333
2025-10-03 05:00:00+00:00,39.61363093333333
2025-10-03 06:00:00+00:00,40.90327913333333
2025-10-03 07:00:00+00:00,40.352710933333334
2025-10-03 08:00:00+00:00,38.07466623333333
2025-10-03 09:00:00+00:00,35.80411273333333
2025-10-03 10:00:00+00:00,34.769234233333336
2025-10-03 11:00:00+00:00,32.65194673333333
2025-10-03 12:00:00+00:00,31.936882933333337
2025-10-03 13:00:00+00:00,30.82767013333333
2025-10-03 14:00:00+00:00,30.61081353333333
2025-10-03 15:00:00+00:00,32.19692843333333
2025-10-03 16:00:00+00:00,34.900437733333334
2025-10-03 17:00:00+00:00,37.24372003333333
2025-10-03 18:00:00+00:00,35.076829733333334
2025-10-03 19:00:00+00:00,31.11322033333333
2025-10-03 20:00:00+00:00,29.979661133333337
2025-10-03 21:00:00+00:00,29.559351333333332
2025-10-03 22:00:00+00:00,25.110520433333335
2025-10-03 23:00:00+00:00,22.750146533333336
2025-10-04 00:00:00+00:00,19.942294833333335
2025-10-04 01:00:00+00:00,17.28253863333334
2025-10-04 02:00:00+00:00,15.707175733333337
2025-10-04 03:00:00+00:00,15.886881833333334
2025-10-04 04:00:00+00:00,17.68479643333334
2025-10-04 05:00:00+00:00,19.34111203333333
2025-10-04 06:00:00+00:00,19.49062373333333
2025-10-04 07:00:00+00:00,19.598033033333337
2025-10-04 08:00:00+00:00,18.743376333333337
2025-10-04 09:00:00+00:00,17.324299333333336
2025-10-04 10:00:00+00:00,17.997348133333332
2025-10-04 11:00:00+00:00,17.13246683333334
2025-10-04 12:00:00+00:00,15.910254533333337
2025-10-04 13:00:00+00:00,14.500354533333336
2025-10-04 14:00:00+00:00,13.926166533333337
2025-10-04 15:00:00+00:00,16.268079333333333
2025-10-04 16:00:00+00:00,21.481893633333335
2025-10-04 17:00:00+00:00,26.120132433333332
2025-10-04 18:00:00+00:00,25.746427533333335
2025-10-04 19:00:00+00:00,23.486464933333338
2025-10-04 20:00:00+00:00,24.104902333333335
2025-10-04 21:00:00+00:00,24.964898133333335
2025-10-04 22:00:00+00:00,23.290722449999997
2025-10-04 23:00:00+00:00,22.236595850000008
2025-10-05 00:00:00+00:00,20.386530350000005
2025-10-05 01:00:00+00:00,18.606408950000002
2025-10-05 02:00:00+00:00,17.62720745
2025-10-05 03:00:00+00:00,18.28975465
2025-10-05 04:00:00+00:00,20.16061835
2025-10-05 05:00:00+00:00,21.80040645
2025-10-05 06:00:00+00:00,21.61372155
2025-10-05 07:00:00+00:00,21.209877450000004
2025-10-05 08:00:00+00:00,19.81173055
2025-10-05 09:00:00+00:00,18.182102750000002
2025-10-05 10:00:00+00:00,18.15357705
2025-10-05 11:00:00+00:00,16.69602645
2025-10-05 12:00:00+00:00,15.51524285
2025-10-05 13:00:00+00:00,15.07712635
2025-10-05 14:00:00+00:00,15.66861635
2025-10-05 15:00:00+00:00,19.69231815
2025-10-05 16:00:00+00:00,27.48586075
2025-10-05 17:00:00+00:00,34.41732355
2025-10-05 18:00:00+00:00,35.21525325
2025-10-05 19:00:00+00:00,33.37380195
2025-10-05 20:00:00+00:00,34.08924265
2025-10-05 21:00:00+00:00,34.79606525
2025-10-05 22:00:00+00:00,32.613676616666666
2025-10-05 23:00:00+00:00,31.79506541666667
2025-10-06 00:00:00+00:00,30.217556116666668
2025-10-06 01:00:00+00:00,28.871213216666668
2025-10-06 02:00:00+00:00,28.595410816666664
2025-10-06 03:00:00+00:00,31.22700121666667
2025-10-06 04:00:00+00:00,36.58263521666667
2025-10-06 05:00:00+00:00,42.16379271666666
2025-10-06 06:00:00+00:00,43.344878916666666
2025-10-06 07:00:00+00:00,41.324541616666664
2025-10-06 08:00:00+00:00,37.77633781666667
2025-10-06 09:00:00+00:00,34.26521281666667
2025-10-06 10:00:00+00:00,32.211441416666666
2025-10-06 11:00:00+00:00,30.345967016666666
2025-10-06 12:00:00+00:00,29.598504716666667
2025-10-06 13:00:00+00:00,29.61041071666667
2025-10-06 14:00:00+00:00,30.560988316666666
2025-10-06 15:00:00+00:00,34.214973416666666
2025-10-06 16:00:00+00:00,40.859171716666665
2025-10-06 17:00:00+00:00,46.39356011666667
2025-10-06 18:00:00+00:00,44.97192831666667
2025-10-06 19:00:00+00:00,41.49984821666666
2025-10-06 20:00:00+00:00,40.99129851666667
2025-10-06 21:00:00+00:00,41.03250831666667
2025-10-06 22:00:00+00:00,39.607874699999996
2025-10-06 23:00:00+00:00,38.1211895
2025-10-07 00:00:00+00:00,36.347460999999996
2025-10-07 01:00:00+00:00,34.7345269
2025-10-07 02:00:00+00:00,34.04014
2025-10-07 03:00:00+00:00,36.0248077
2025-10-07 04:00:00+00:00,40.8591807
2025-10-07 05:00:00+00:00,45.9543284
2025-10-07 06:00:00+00:00,46.3113357
2025-10-07 07:00:00+00:00,43.4685196
2025-10-07 08:00:00+00:00,39.0280477
2025-10-07 09:00:00+00:00,35.4875761
2025-10-07 10:00:00+00:00,33.600799200000004
2025-10-07 11:00:00+00:00,31.8236015
2025-10-07 12:00:00+00:00,31.2334457
2025-10-07 13:00:00+00:00,31.430419399999998
2025-10-07 14:00:00+00:00,32.7649495
2025-10-07 15:00:00+00:00,36.3360028
2025-10-07 16:00:00+00:00,42.524223400000004
2025-10-07 17:00:00+00:00,47.4628554
2025-10-07 18:00:00+00:00,45.711094900000006
2025-10-07 19:00:00+00:00,42.2239103
2025-10-07 20:00:00+00:00,41.8278207
2025-10-07 21:00:00+00:00,41.5676787
2025-10-07 22:00:00+00:00,37.65600413333333
2025-10-07 23:00:00+00:00,36.209362633333335
2025-10-08 00:00:00+00:00,34.57980753333333
2025-10-08 01:00:00+00:00,32.941467933333335
2025-10-08 02:00:00+00:00,32.19742693333333
2025-10-08 03:00:00+00:00,34.08527723333333
2025-10-08 04:00:00+00:00,38.459126833333336
2025-10-08 05:00:00+00:00,43.146601833333335
2025-10-08 06:00:00+00:00,44.09036453333333
2025-10-08 07:00:00+00:00,42.263064033333336
2025-10-08 08:00:00+00:00,38.791839233333334
2025-10-08 09:00:00+00:00,35.82392913333334
2025-10-08 10:00:00+00:00,34.150621433333335
2025-10-08 11:00:00+00:00,32.535014833333335
2025-10-08 12:00:00+00:00,32.13128103333334
2025-10-08 13:00:00+00:00,32.27289613333333
2025-10-08 14:00:00+00:00,33.29187943333333
2025-10-08 15:00:00+00:00,36.198199333333335
2025-10-08 16:00:00+00:00,41.44886053333334
2025-10-08 17:00:00+00:00,45.754891433333334
2025-10-08 18:00:00+00:00,43.561838933333334
2025-10-08 19:00:00+00:00,39.66867513333333
2025-10-08 20:00:00+00:00,39.08034523333333
2025-10-08 21:00:00+00:00,38.891310833333335
2025-10-08 22:00:00+00:00,37.110398849999996
2025-10-08 23:00:00+00:00,35.42681235
2025-10-09 00:00:00+00:00,33.57371665
2025-10-09 01:00:00+00:00,31.752778050000003
2025-10-09 02:00:00+00:00,31.06666785
2025-10-09 03:00:00+00:00,32.914460049999995
2025-10-09 04:00:00+00:00,37.30442285
2025-10-09 05:00:00+00:00,42.28653525
2025-10-09 06:00:00+00:00,43.707245150000006
2025-10-09 07:00:00+00:00,42.33573935
2025-10-09 08:00:00+00:00,39.72878705
2025-10-09 09:00:00+00:00,37.409966849999996
2025-10-09 10:00:00+00:00,36.111180250000004
2025-10-09 11:00:00+00:00,34.09248925
2025-10-09 12:00:00+00:00,33.59421515
2025-10-09 13:00:00+00:00,32.64591095
2025-10-09 14:00:00+00:00,33.139696150000006
2025-10-09 15:00:00+00:00,36.03801825
2025-10-09 16:00:00+00:00,41.281411750000004
2025-10-09 17:00:00+00:00,45.97075505
2025-10-09 18:00:00+00:00,43.61280055
2025-10-09 19:00:00+00:00,40.17919145
2025-10-09 20:00:00+00:00,39.96829705
2025-10-09 21:00:00+00:00,39.54768895
2025-10-09 22:00:00+00:00,36.243300500000004
2025-10-09 23:00:00+00:00,34.686596900000005
2025-10-10 00:00:00+00:00,33.0549906
2025-10-10 01:00:00+00:00,31.094033800000002
2025-10-10 02:00:00+00:00,30.6539147
2025-10-10 03:00:00+00:00,32.5222203
2025-10-10 04:00:00+00:00,36.891096000000005
2025-10-10 05:00:00+00:00,41.960505100000006
2025-10-10 06:00:00+00:00,42.8871768
2025-10-10 07:00:00+00:00,40.671674700000004
2025-10-10 08:00:00+00:00,36.5115296
2025-10-10 09:00:00+00:00,33.181825700000005
2025-10-10 10:00:00+00:00,31.3030832
2025-10-10 11:00:00+00:00,29.1351822
2025-10-10 12:00:00+00:00,28.654929799999998
2025-10-10 13:00:00+00:00,27.965041000000003
2025-10-10 14:00:00+00:00,29.3683154
2025-10-10 15:00:00+00:00,33.1401631
2025-10-10 16:00:00+00:00,39.0057391
2025-10-10 17:00:00+00:00,43.371990600000004
2025-10-10 18:00:00+00:00,40.831168500000004
2025-10-10 19:00:00+00:00,37.8277176
2025-10-10 20:00:00+00:00,37.946649900000004
2025-10-10 21:00:00+00:00,37.5757861
2025-10-10 22:00:00+00:00,35.915814999999995
2025-10-10 23:00:00+00:00,34.3035388
2025-10-11 00:00:00+00:00,32.211027400000006
2025-10-11 01:00:00+00:00,29.770752400000003
2025-10-11 02:00:00+00:00,28.623137
2025-10-11 03:00:00+00:00,29.326739600000003
2025-10-11 04:00:00+00:00,31.020230599999998
2025-10-11 05:00:00+00:00,33.296513999999995
2025-10-11 06:00:00+00:00,33.495097799999996
2025-10-11 07:00:00+00:00,32.194975899999996
2025-10-11 08:00:00+00:00,29.275549499999997
2025-10-11 09:00:00+00:00,26.7794903
2025-10-11 10:00:00+00:00,25.614509700000003
2025-10-11 11:00:00+00:00,23.920844100000007
2025-10-11 12:00:00+00:00,23.443953
2025-10-11 13:00:00+00:00,22.4505951
2025-10-11 14:00:00+00:00,24.025835200000003
2025-10-11 15:00:00+00:00,28.217423899999996
2025-10-11 16:00:00+00:00,33.7790985
2025-10-11 17:00:00+00:00,38.338203199999995
2025-10-11 18:00:00+00:00,35.8107071
2025-10-11 19:00:00+00:00,33.2238113
2025-10-11 20:00:00+00:00,34.0017628
2025-10-11 21:00:00+00:00,34.2556759
2025-10-11 22:00:00+00:00,32.17348593333334
2025-10-11 23:00:00+00:00,30.927753833333334
2025-10-12 00:00:00+00:00,29.343029533333336
2025-10-12 01:00:00+00:00,26.96216383333333
2025-10-12 02:00:00+00:00,25.92523763333334
2025-10-12 03:00:00+00:00,26.261287633333332
2025-10-12 04:00:00+00:00,27.675755133333332
2025-10-12 05:00:00+00:00,29.218881833333338
2025-10-12 06:00:00+00:00,29.068439433333335
2025-10-12 07:00:00+00:00,28.108684633333333
2025-10-12 08:00:00+00:00,25.91784063333333
2025-10-12 09:00:00+00:00,23.969466733333338
2025-10-12 10:00:00+00:00,23.33224673333334
2025-10-12 11:00:00+00:00,21.268391733333335
2025-10-12 12:00:00+00:00,20.337660933333332
2025-10-12 13:00:00+00:00,19.01021083333334
2025-10-12 14:00:00+00:00,20.462229033333337
2025-10-12 15:00:00+00:00,25.038850133333334
2025-10-12 16:00:00+00:00,31.500537433333335
2025-10-12 17:00:00+00:00,36.86466933333334
2025-10-12 18:00:00+00:00,34.615285633333336
2025-10-12 19:00:00+00:00,31.953050033333337
2025-10-12 20:00:00+00:00,32.337042933333336
2025-10-12 21:00:00+00:00,32.27366383333334
2025-10-12 22:00:00+00:00,29.020649166666665
2025-10-12 23:00:00+00:00,27.775653266666666
2025-10-13 00:00:00+00:00,26.581541466666664
2025-10-13 01:00:00+00:00,24.578864766666666
2025-10-13 02:00:00+00:00,24.27956856666667
2025-10-13 03:00:00+00:00,26.513363366666663
2025-10-13 04:00:00+00:00,31.372631366666667
2025-10-13 05:00:00+00:00,36.913301366666666
2025-10-13 06:00:00+00:00,38.43436606666667
2025-10-13 07:00:00+00:00,36.76911936666667
2025-10-13 08:00:00+00:00,33.45132656666667
2025-10-13 09:00:00+00:00,30.56543836666667
2025-10-13 10:00:00+00:00,28.661544966666668
2025-10-13 11:00:00+00:00,26.89964106666667
2025-10-13 12:00:00+00:00,26.87922156666667
2025-10-13 13:00:00+00:00,26.07097156666667
2025-10-13 14:00:00+00:00,27.125215566666668
2025-10-13 15:00:00+00:00,30.56359396666667
2025-10-13 16:00:00+00:00,36.43960796666667
2025-10-13 17:00:00+00:00,41.326616466666664
2025-10-13 18:00:00+00:00,38.16372666666667
2025-10-13 19:00:00+00:00,34.43593656666666
2025-10-13 20:00:00+00:00,34.14632976666667
2025-10-13 21:00:00+00:00,34.05856326666667
2025-10-13 22:00:00+00:00,31.27966681666667
2025-10-13 23:00:00+00:00,29.91733251666667
2025-10-14 00:00:00+00:00,28.339877216666665
2025-10-14 01:00:00+00:00,26.473381616666668
2025-10-14 02:00:00+00:00,26.080509416666665
2025-10-14 03:00:00+00:00,28.055157216666668
2025-10-14 04:00:00+00:00,32.74200261666667
2025-10-14 05:00:00+00:00,38.28366641666666
2025-10-14 06:00:00+00:00,39.33249571666667
2025-10-14 07:00:00+00:00,37.56083601666667
2025-10-14 08:00:00+00:00,34.12385881666667
2025-10-14 09:00:00+00:00,31.119455616666666
2025-10-14 10:00:00+00:00,29.26270501666667
2025-10-14 11:00:00+00:00,27.719291016666666
2025-10-14 12:00:00+00:00,27.74781481666667
2025-10-14 13:00:00+00:00,27.117852516666666
2025-10-14 14:00:00+00:00,28.06618701666667
2025-10-14 15:00:00+00:00,31.519735416666666
2025-10-14 16:00:00+00:00,37.24096921666667
2025-10-14 17:00:00+00:00,42.31517581666667
2025-10-14 18:00:00+00:00,39.31490351666667
2025-10-14 19:00:00+00:00,35.602351416666664
2025-10-14 20:00:00+00:00,35.22740761666667
2025-10-14 21:00:00+00:00,35.07861131666667
2025-10-14 22:00:00+00:00,32.36928691666667
2025-10-14 23:00:00+00:00,31.07152801666667
2025-10-15 00:00:00+00:00,29.578973116666667
2025-10-15 01:00:00+00:00,27.746418716666668
2025-10-15 02:00:00+00:00,27.263898016666666
2025-10-15 03:00:00+00:00,29.37649411666667
2025-10-15 04:00:00+00:00,33.85285811666667
2025-10-15 05:00:00+00:00,39.25834141666667
2025-10-15 06:00:00+00:00,40.748341616666664
2025-10-15 07:00:00+00:00,39.18176141666666
2025-10-15 08:00:00+00:00,35.662249116666665
2025-10-15 09:00:00+00:00,32.436054016666674
2025-10-15 10:00:00+00:00,30.129322816666672
2025-10-15 11:00:00+00:00,28.147686616666668
2025-10-15 12:00:00+00:00,27.995777816666667
2025-10-15 13:00:00+00:00,27.30367871666667
2025-10-15 14:00:00+00:00,28.409181516666667
2025-10-15 15:00:00+00:00,31.951472416666668
2025-10-15 16:00:00+00:00,38.05522301666667
2025-10-15 17:00:00+00:00,43.30881371666666
2025-10-15 18:00:00+00:00,40.27445941666667
2025-10-15 19:00:00+00:00,36.553992416666674
2025-10-15 20:00:00+00:00,36.23197511666667
2025-10-15 21:00:00+00:00,36.30226031666667
2025-10-15 22:00:00+00:00,34.57950506666667
2025-10-15 23:00:00+00:00,33.21321986666667
2025-10-16 00:00:00+00:00,31.850665966666668
2025-10-16 01:00:00+00:00,30.348519066666668
2025-10-16 02:00:00+00:00,29.705530566666667
2025-10-16 03:00:00+00:00,31.62766066666667
2025-10-16 04:00:00+00:00,36.27225236666667
2025-10-16 05:00:00+00:00,41.70161936666667
2025-10-16 06:00:00+00:00,42.92266396666667
2025-10-16 07:00:00+00:00,40.91427076666667
2025-10-16 08:00:00+00:00,37.50846656666667
2025-10-16 09:00:00+00:00,34.08364346666667
2025-10-16 10:00:00+00:00,31.839146366666668
2025-10-16 11:00:00+00:00,29.36330296666667
2025-10-16 12:00:00+00:00,28.799854766666666
2025-10-16 13:00:00+00:00,28.926762166666673
2025-10-16 14:00:00+00:00,30.152109466666666
2025-10-16 15:00:00+00:00,33.90628126666667
2025-10-16 16:00:00+00:00,37.72740256666667
2025-10-16 17:00:00+00:00,45.18141606666667
2025-10-16 18:00:00+00:00,41.86128896666666
2025-10-16 19:00:00+00:00,38.22928006666666
2025-10-16 20:00:00+00:00,37.85925076666666
2025-10-16 21:00:00+00:00,37.69159166666667
2025-10-16 22:00:00+00:00,35.08943698333333
2025-10-16 23:00:00+00:00,33.60572438333333
2025-10-17 00:00:00+00:00,32.20164008333333
2025-10-17 01:00:00+00:00,30.794957983333333
2025-10-17 02:00:00+00:00,30.26137968333333
2025-10-17 03:00:00+00:00,32.36469138333334
2025-10-17 04:00:00+00:00,37.02993358333333
2025-10-17 05:00:00+00:00,42.52056848333333
2025-10-17 06:00:00+00:00,44.17298138333334
2025-10-17 07:00:00+00:00,42.51627308333333
2025-10-17 08:00:00+00:00,39.225882483333336
2025-10-17 09:00:00+00:00,35.69350898333333
2025-10-17 10:00:00+00:00,33.23911738333334
2025-10-17 11:00:00+00:00,30.255637183333338
2025-10-17 12:00:00+00:00,29.109031483333332
2025-10-17 13:00:00+00:00,28.737970283333336
2025-10-17 14:00:00+00:00,29.61987308333333
2025-10-17 15:00:00+00:00,33.63366838333334
2025-10-17 16:00:00+00:00,37.280473183333335
2025-10-17 17:00:00+00:00,44.373056483333336
2025-10-17 18:00:00+00:00,41.24058938333334
2025-10-17 19:00:00+00:00,38.134819883333336
2025-10-17 20:00:00+00:00,38.20421038333333
2025-10-17 21:00:00+00:00,38.03209158333333
2025-10-17 22:00:00+00:00,36.252889550000006
2025-10-17 23:00:00+00:00,34.75507295
2025-10-18 00:00:00+00:00,32.86949165
2025-10-18 01:00:00+00:00,31.10237645
2025-10-18 02:00:00+00:00,29.979002549999997
2025-10-18 03:00:00+00:00,30.85974275
2025-10-18 04:00:00+00:00,33.13192515
2025-10-18 05:00:00+00:00,35.749007649999996
2025-10-18 06:00:00+00:00,36.55959805
2025-10-18 07:00:00+00:00,35.724150550000005
2025-10-18 08:00:00+00:00,33.671794250000005
2025-10-18 09:00:00+00:00,31.067368849999998
2025-10-18 10:00:00+00:00,29.56988125
2025-10-18 11:00:00+00:00,26.827757050000002
2025-10-18 12:00:00+00:00,25.13571055
2025-10-18 13:00:00+00:00,24.796629149999998
2025-10-18 14:00:00+00:00,26.433998250000002
2025-10-18 15:00:00+00:00,30.414155250000004
2025-10-18 16:00:00+00:00,34.96880385
2025-10-18 17:00:00+00:00,41.12266975
2025-10-18 18:00:00+00:00,37.98253975
2025-10-18 19:00:00+00:00,35.36713985
2025-10-18 20:00:00+00:00,35.68609085
2025-10-18 21:00:00+00:00,36.326160550000004
2025-10-18 22:00:00+00:00,32.90378200000001
2025-10-18 23:00:00+00:00,31.740762
2025-10-19 00:00:00+00:00,29.9338027
2025-10-19 01:00:00+00:00,27.818961299999998
2025-10-19 02:00:00+00:00,26.400484999999996
2025-10-19 03:00:00+00:00,26.741628300000002
2025-10-19 04:00:00+00:00,28.126742200000002
2025-10-19 05:00:00+00:00,29.402417399999997
2025-10-19 06:00:00+00:00,29.179310199999996
2025-10-19 07:00:00+00:00,28.7263505
2025-10-19 08:00:00+00:00,28.493629700000003
2025-10-19 09:00:00+00:00,28.363727500000003
2025-10-19 10:00:00+00:00,28.4390788
2025-10-19 11:00:00+00:00,26.205597499999996
2025-10-19 12:00:00+00:00,24.362218
2025-10-19 13:00:00+00:00,23.083146600000003
2025-10-19 14:00:00+00:00,22.788026600000002
2025-10-19 15:00:00+00:00,24.189478200000003
2025-10-19 16:00:00+00:00,25.51797369999999
2025-10-19 17:00:00+00:00,32.678855600000006
2025-10-19 18:00:00+00:00,29.7614274
2025-10-19 19:00:00+00:00,27.1671887
2025-10-19 20:00:00+00:00,27.202794500000003
2025-10-19 21:00:00+00:00,27.366461000000005
2025-10-19 22:00:00+00:00,23.991144
2025-10-19 23:00:00+00:00,23.1746433
2025-10-20 00:00:00+00:00,21.8767856
2025-10-20 01:00:00+00:00,20.477247999999996
2025-10-20 02:00:00+00:00,20.085314099999998
2025-10-20 03:00:00+00:00,22.6608046
2025-10-20 04:00:00+00:00,27.4199807
2025-10-20 05:00:00+00:00,32.6120248
2025-10-20 06:00:00+00:00,34.0280228
2025-10-20 07:00:00+00:00,32.947527199999996
2025-10-20 08:00:00+00:00,31.120709700000003
2025-10-20 09:00:00+00:00,29.475711000000008
2025-10-20 10:00:00+00:00,28.1838654
2025-10-20 11:00:00+00:00,26.151894100000007
2025-10-20 12:00:00+00:00,25.1873453
2025-10-20 13:00:00+00:00,24.0993152
2025-10-20 14:00:00+00:00,24.132726099999996
2025-10-20 15:00:00+00:00,25.8446089
2025-10-20 16:00:00+00:00,29.4895295
2025-10-20 17:00:00+00:00,35.3296984
2025-10-20 18:00:00+00:00,31.5837123
2025-10-20 19:00:00+00:00,27.9108367
2025-10-20 20:00:00+00:00,27.599395100000002
2025-10-20 21:00:00+00:00,27.569251200000004
2025-10-20 22:00:00+00:00,23.893203383333333
2025-10-20 23:00:00+00:00,23.149845383333332
2025-10-21 00:00:00+00:00,21.888441883333332
2025-10-21 01:00:00+00:00,20.819958583333335
2025-10-21 02:00:00+00:00,20.74965888333334
2025-10-21 03:00:00+00:00,23.511106583333337
2025-10-21 04:00:00+00:00,28.90910528333334
2025-10-21 05:00:00+00:00,35.01853258333333
2025-10-21 06:00:00+00:00,37.11950708333333
2025-10-21 07:00:00+00:00,36.59252298333334
2025-10-21 08:00:00+00:00,35.42639028333333
2025-10-21 09:00:00+00:00,34.425081283333334
2025-10-21 10:00:00+00:00,33.78942588333334
2025-10-21 11:00:00+00:00,32.109725383333334
2025-10-21 12:00:00+00:00,31.07650898333333
2025-10-21 13:00:00+00:00,30.551060683333333
2025-10-21 14:00:00+00:00,31.239376683333333
2025-10-21 15:00:00+00:00,33.586475183333334
2025-10-21 16:00:00+00:00,37.991459383333336
2025-10-21 17:00:00+00:00,43.85857478333333
2025-10-21 18:00:00+00:00,40.34805138333333
2025-10-21 19:00:00+00:00,36.993642783333335
2025-10-21 20:00:00+00:00,36.79994248333333
2025-10-21 21:00:00+00:00,36.73191798333333
2025-10-21 22:00:00+00:00,33.62649136666667
2025-10-21 23:00:00+00:00,32.59319876666667
2025-10-22 00:00:00+00:00,30.94276926666667
2025-10-22 01:00:00+00:00,29.652514066666665
2025-10-22 02:00:00+00:00,29.297901366666668
2025-10-22 03:00:00+00:00,31.578845466666664
2025-10-22 04:00:00+00:00,36.229075466666664
2025-10-22 05:00:00+00:00,41.50617406666667
2025-10-22 06:00:00+00:00,43.29159956666666
2025-10-22 07:00:00+00:00,42.60024726666666
2025-10-22 08:00:00+00:00,41.105134666666665
2025-10-22 09:00:00+00:00,39.87326676666667
2025-10-22 10:00:00+00:00,38.924104666666665
2025-10-22 11:00:00+00:00,37.122082266666666
2025-10-22 12:00:00+00:00,36.012696766666664
2025-10-22 13:00:00+00:00,35.08722016666667
2025-10-22 14:00:00+00:00,35.011294166666666
2025-10-22 15:00:00+00:00,36.28901616666667
2025-10-22 16:00:00+00:00,39.30498626666667
2025-10-22 17:00:00+00:00,43.537437866666664
2025-10-22 18:00:00+00:00,38.57070006666667
2025-10-22 19:00:00+00:00,33.44458216666666
2025-10-22 20:00:00+00:00,31.227796366666666
2025-10-22 21:00:00+00:00,29.299247766666664
2025-10-22 22:00:00+00:00,22.26824355
2025-10-22 23:00:00+00:00,20.589680650000005
2025-10-23 00:00:00+00:00,18.332224850000003
2025-10-23 01:00:00+00:00,16.269365549999996
2025-10-23 02:00:00+00:00,15.324743949999995
2025-10-23 03:00:00+00:00,17.16528895
2025-10-23 04:00:00+00:00,21.21888075
2025-10-23 05:00:00+00:00,26.19355765
2025-10-23 06:00:00+00:00,27.72786805
2025-10-23 07:00:00+00:00,26.562282449999998
2025-10-23 08:00:00+00:00,24.901663050000003
2025-10-23 09:00:00+00:00,23.146196950000004
2025-10-23 10:00:00+00:00,22.40969605
2025-10-23 11:00:00+00:00,20.420985250000005
2025-10-23 12:00:00+00:00,20.020209749999996
2025-10-23 13:00:00+00:00,19.09626975
2025-10-23 14:00:00+00:00,19.428748249999998
2025-10-23 15:00:00+00:00,21.810483250000008
2025-10-23 16:00:00+00:00,26.92394855
2025-10-23 17:00:00+00:00,31.648940350000004
2025-10-23 18:00:00+00:00,28.283887250000003
2025-10-23 19:00:00+00:00,25.14193485
2025-10-23 20:00:00+00:00,25.336612549999998
2025-10-23 21:00:00+00:00,25.469498450000003
2025-10-23 22:00:00+00:00,26.98389045
2025-10-23 23:00:00+00:00,26.192257050000002
2025-10-24 00:00:00+00:00,25.068907550000002
2025-10-24 01:00:00+00:00,24.096443250000004
2025-10-24 02:00:00+00:00,23.942093050000004
2025-10-24 03:00:00+00:00,26.351259749999997
2025-10-24 04:00:00+00:00,30.77925775
2025-10-24 05:00:00+00:00,36.21162525
2025-10-24 06:00:00+00:00,38.535518450000005
2025-10-24 07:00:00+00:00,37.732459950000006
2025-10-24 08:00:00+00:00,36.12905995
2025-10-24 09:00:00+00:00,34.170474850000005
2025-10-24 10:00:00+00:00,32.58553575
2025-10-24 11:00:00+00:00,30.856768749999997
2025-10-24 12:00:00+00:00,30.62424555
2025-10-24 13:00:00+00:00,29.700958349999997
2025-10-24 14:00:00+00:00,29.737171149999998
2025-10-24 15:00:00+00:00,32.08399015
2025-10-24 16:00:00+00:00,36.85936985000001
2025-10-24 17:00:00+00:00,41.17627145
2025-10-24 18:00:00+00:00,37.500302149999996
2025-10-24 19:00:00+00:00,34.13267615
2025-10-24 20:00:00+00:00,34.079576349999996
2025-10-24 21:00:00+00:00,33.93301515
2025-10-24 22:00:00+00:00,31.24220233333333
2025-10-24 23:00:00+00:00,29.508143333333336
2025-10-25 00:00:00+00:00,26.995449733333334
2025-10-25 01:00:00+00:00,24.757012133333333
2025-10-25 02:00:00+00:00,23.46593163333333
2025-10-25 03:00:00+00:00,24.256869933333334
2025-10-25 04:00:00+00:00,26.335764833333332
2025-10-25 05:00:00+00:00,28.947091533333335
2025-10-25 06:00:00+00:00,30.51891133333333
2025-10-25 07:00:00+00:00,31.695026333333335
2025-10-25 08:00:00+00:00,32.408471633333335
2025-10-25 09:00:00+00:00,31.752987833333336
2025-10-25 10:00:00+00:00,31.77753823333334
2025-10-25 11:00:00+00:00,29.749614233333332
2025-10-25 12:00:00+00:00,28.72339183333333
2025-10-25 13:00:00+00:00,27.738621533333337
2025-10-25 14:00:00+00:00,28.41171673333333
2025-10-25 15:00:00+00:00,30.713044033333336
2025-10-25 16:00:00+00:00,35.54625943333333
2025-10-25 17:00:00+00:00,39.92100953333333
2025-10-25 18:00:00+00:00,37.06806123333333
2025-10-25 19:00:00+00:00,34.87899333333333
2025-10-25 20:00:00+00:00,36.07470163333333
2025-10-25 21:00:00+00:00,36.74406573333333
2025-10-25 22:00:00+00:00,33.57549855
2025-10-25 23:00:00+00:00,32.482940549999995
2025-10-26 00:00:00+00:00,30.12146475
2025-10-26 01:00:00+00:00,30.12146475
2025-10-26 02:00:00+00:00,27.26106045
2025-10-26 03:00:00+00:00,26.01042135
2025-10-26 04:00:00+00:00,26.916976050000002
2025-10-26 05:00:00+00:00,28.206446049999997
2025-10-26 06:00:00+00:00,29.01006185
2025-10-26 07:00:00+00:00,28.524903349999995
2025-10-26 08:00:00+00:00,27.93154425
2025-10-26 09:00:00+00:00,27.63937845
2025-10-26 10:00:00+00:00,26.94308165
2025-10-26 11:00:00+00:00,27.488146849999996
2025-10-26 12:00:00+00:00,25.497265350000003
2025-10-26 13:00:00+00:00,24.96780665
2025-10-26 14:00:00+00:00,25.885228350000002
2025-10-26 15:00:00+00:00,28.69589165
2025-10-26 16:00:00+00:00,33.497829550000006
2025-10-26 17:00:00+00:00,39.27137895
2025-10-26 18:00:00+00:00,42.29383505
2025-10-26 19:00:00+00:00,37.37591275
2025-10-26 20:00:00+00:00,34.392211450000005
2025-10-26 21:00:00+00:00,34.10152715
2025-10-26 22:00:00+00:00,33.48375885
2025-10-26 23:00:00+00:00,26.708227316666665
2025-10-27 00:00:00+00:00,25.14660451666667
2025-10-27 01:00:00+00:00,22.796973816666668
2025-10-27 02:00:00+00:00,20.756491116666666
2025-10-27 03:00:00+00:00,20.34730291666667
2025-10-27 04:00:00+00:00,22.916723816666668
2025-10-27 05:00:00+00:00,27.400909016666667
2025-10-27 06:00:00+00:00,31.629247416666665
2025-10-27 07:00:00+00:00,32.61626081666667
2025-10-27 08:00:00+00:00,31.26381571666667
2025-10-27 09:00:00+00:00,29.32661541666667
2025-10-27 10:00:00+00:00,28.035191516666664
2025-10-27 11:00:00+00:00,27.526250216666675
2025-10-27 12:00:00+00:00,26.033857216666668
2025-10-27 13:00:00+00:00,26.072568416666662
2025-10-27 14:00:00+00:00,27.16475391666667
2025-10-27 15:00:00+00:00,29.87373231666667
2025-10-27 16:00:00+00:00,34.868575416666665
2025-10-27 17:00:00+00:00,41.66231621666667
2025-10-27 18:00:00+00:00,45.667875916666674
2025-10-27 19:00:00+00:00,40.988625516666666
2025-10-27 20:00:00+00:00,38.45903741666666
2025-10-27 21:00:00+00:00,38.699665216666666
2025-10-27 22:00:00+00:00,38.88640431666666
2025-10-27 23:00:00+00:00,34.98762921666667
2025-10-28 00:00:00+00:00,33.24138771666667
2025-10-28 01:00:00+00:00,30.839957416666664
2025-10-28 02:00:00+00:00,28.596072316666667
2025-10-28 03:00:00+00:00,27.964110316666666
2025-10-28 04:00:00+00:00,30.25799781666667
2025-10-28 05:00:00+00:00,34.630393616666666
2025-10-28 06:00:00+00:00,38.68046271666667
2025-10-28 07:00:00+00:00,39.004078416666665
2025-10-28 08:00:00+00:00,36.47729631666667
2025-10-28 09:00:00+00:00,33.793736016666664
2025-10-28 10:00:00+00:00,32.15216851666666
2025-10-28 11:00:00+00:00,31.438302816666663
2025-10-28 12:00:00+00:00,30.066169716666664
2025-10-28 13:00:00+00:00,30.24727981666667
2025-10-28 14:00:00+00:00,32.00220731666667
2025-10-28 15:00:00+00:00,35.44277611666667
2025-10-28 16:00:00+00:00,39.848609016666664
2025-10-28 17:00:00+00:00,45.426484116666664
2025-10-28 18:00:00+00:00,48.19495101666667
2025-10-28 19:00:00+00:00,43.03523391666667
2025-10-28 20:00:00+00:00,40.12512061666666
2025-10-28 21:00:00+00:00,40.37029331666666
2025-10-28 22:00:00+00:00,40.85560851666667
2025-10-28 23:00:00+00:00,38.57918763333333
2025-10-29 00:00:00+00:00,37.27806183333333
2025-10-29 01:00:00+00:00,35.221166233333335
2025-10-29 02:00:00+00:00,33.26978423333333
2025-10-29 03:00:00+00:00,32.78637333333334
2025-10-29 04:00:00+00:00,35.01175053333333
2025-10-29 05:00:00+00:00,39.18196053333333
2025-10-29 06:00:00+00:00,42.936749033333335
2025-10-29 07:00:00+00:00,44.10075833333333
2025-10-29 08:00:00+00:00,43.40299543333333
2025-10-29 09:00:00+00:00,42.20564063333334
2025-10-29 10:00:00+00:00,41.660316933333334
2025-10-29 11:00:00+00:00,41.737074533333335
2025-10-29 12:00:00+00:00,40.618002733333334
2025-10-29 13:00:00+00:00,39.90622353333333
2025-10-29 14:00:00+00:00,39.490258133333334
2025-10-29 15:00:00+00:00,39.63846923333333
2025-10-29 16:00:00+00:00,42.00705403333333
2025-10-29 17:00:00+00:00,46.62680293333334
2025-10-29 18:00:00+00:00,48.932627133333334
2025-10-29 19:00:00+00:00,43.32689033333334
2025-10-29 20:00:00+00:00,39.92924243333333
2025-10-29 21:00:00+00:00,39.731570033333334
2025-10-29 22:00:00+00:00,40.31651763333333
2025-10-29 23:00:00+00:00,31.92435898333333
2025-10-30 00:00:00+00:00,30.91798708333333
2025-10-30 01:00:00+00:00,30.153326083333333
2025-10-30 02:00:00+00:00,28.925516483333332
2025-10-30 03:00:00+00:00,29.468608683333333
2025-10-30 04:00:00+00:00,32.458596783333334
2025-10-30 05:00:00+00:00,37.206954083333336
2025-10-30 06:00:00+00:00,41.192708683333336
2025-10-30 07:00:00+00:00,41.836134183333336
2025-10-30 08:00:00+00:00,39.393211183333335
2025-10-30 09:00:00+00:00,35.74943888333333
2025-10-30 10:00:00+00:00,33.55777118333333
2025-10-30 11:00:00+00:00,32.78288078333333
2025-10-30 12:00:00+00:00,31.294614683333332
2025-10-30 13:00:00+00:00,30.911160083333332
2025-10-30 14:00:00+00:00,32.54394928333333
2025-10-30 15:00:00+00:00,35.52609768333333
2025-10-30 16:00:00+00:00,39.27148698333333
2025-10-30 17:00:00+00:00,43.165137683333334
2025-10-30 18:00:00+00:00,43.73949268333333
2025-10-30 19:00:00+00:00,37.63663508333333
2025-10-30 20:00:00+00:00,33.915130383333334
2025-10-30 21:00:00+00:00,33.21538738333333
2025-10-30 22:00:00+00:00,32.95304638333333
2025-10-30 23:00:00+00:00,30.739070716666667
2025-10-31 00:00:00+00:00,29.000996716666666
2025-10-31 01:00:00+00:00,27.042272016666665
2025-10-31 02:00:00+00:00,25.10279591666667
2025-10-31 03:00:00+00:00,24.86202811666667
2025-10-31 04:00:00+00:00,26.935039316666668
2025-10-31 05:00:00+00:00,30.891495816666666
2025-10-31 06:00:00+00:00,33.902022116666664
2025-10-31 07:00:00+00:00,34.399989016666666
2025-10-31 08:00:00+00:00,32.69573501666667
2025-10-31 09:00:00+00:00,30.020685616666665
2025-10-31 10:00:00+00:00,29.056510016666667
2025-10-31 11:00:00+00:00,29.364007516666664
2025-10-31 12:00:00+00:00,28.706713716666666
2025-10-31 13:00:00+00:00,28.165517216666668
2025-10-31 14:00:00+00:00,28.764864216666666
2025-10-31 15:00:00+00:00,29.905382216666666
2025-10-31 16:00:00+00:00,32.78251401666667
2025-10-31 17:00:00+00:00,36.30132881666667
2025-10-31 18:00:00+00:00,36.33476891666667
2025-10-31 19:00:00+00:00,30.89132451666667
2025-10-31 20:00:00+00:00,27.96374441666667
2025-10-31 21:00:00+00:00,28.01349171666667
2025-10-31 22:00:00+00:00,28.27168581666667
2025-10-31 23:00:00+00:00,27.408023199999995
2025-11-01 00:00:00+00:00,25.3322669
2025-11-01 01:00:00+00:00,23.030513600000003
2025-11-01 02:00:00+00:00,20.259323400000003
2025-11-01 03:00:00+00:00,19.0105955
2025-11-01 04:00:00+00:00,19.353077800000005
2025-11-01 05:00:00+00:00,20.472927300000002
2025-11-01 06:00:00+00:00,20.771800300000006
2025-11-01 07:00:00+00:00,21.0901296
2025-11-01 08:00:00+00:00,21.8817006
2025-11-01 09:00:00+00:00,22.021440100000003
2025-11-01 10:00:00+00:00,22.6839385
2025-11-01 11:00:00+00:00,24.1902025
2025-11-01 12:00:00+00:00,23.531998100000003
2025-11-01 13:00:00+00:00,23.1965137
2025-11-01 14:00:00+00:00,24.2911644
2025-11-01 15:00:00+00:00,26.057294
2025-11-01 16:00:00+00:00,29.6106448
2025-11-01 17:00:00+00:00,34.6604866
2025-11-01 18:00:00+00:00,36.6432487
2025-11-01 19:00:00+00:00,32.9108271
2025-11-01 20:00:00+00:00,30.932319600000003
2025-11-01 21:00:00+00:00,31.6922541
2025-11-01 22:00:00+00:00,32.2697404
2025-11-01 23:00:00+00:00,30.028012150000002
2025-11-02 00:00:00+00:00,29.04567635
2025-11-02 01:00:00+00:00,27.238581250000003
2025-11-02 02:00:00+00:00,24.794190249999996
2025-11-02 03:00:00+00:00,24.049886450000002
2025-11-02 04:00:00+00:00,24.435020750000003
2025-11-02 05:00:00+00:00,25.34775225
2025-11-02 06:00:00+00:00,24.99959095
2025-11-02 07:00:00+00:00,25.00993845
2025-11-02 08:00:00+00:00,25.413730349999998
2025-11-02 09:00:00+00:00,24.74748305
2025-11-02 10:00:00+00:00,24.631008850000004
2025-11-02 11:00:00+00:00,25.52821565
2025-11-02 12:00:00+00:00,24.329658750000004
2025-11-02 13:00:00+00:00,23.791386750000004
2025-11-02 14:00:00+00:00,24.89968125
2025-11-02 15:00:00+00:00,27.00036855
2025-11-02 16:00:00+00:00,31.338247250000002
2025-11-02 17:00:00+00:00,37.05516075
2025-11-02 18:00:00+00:00,39.228810450000005
2025-11-02 19:00:00+00:00,36.359152249999994
2025-11-02 20:00:00+00:00,34.86291435
2025-11-02 21:00:00+00:00,35.747102749999996
2025-11-02 22:00:00+00:00,36.51363165
2025-11-02 23:00:00+00:00,32.956803666666666
2025-11-03 00:00:00+00:00,31.782299866666662
2025-11-03 01:00:00+00:00,30.06542616666667
2025-11-03 02:00:00+00:00,28.29367686666667
2025-11-03 03:00:00+00:00,28.000538766666665
2025-11-03 04:00:00+00:00,30.242349266666665
2025-11-03 05:00:00+00:00,34.73590946666667
2025-11-03 06:00:00+00:00,38.119299166666664
2025-11-03 07:00:00+00:00,38.77268386666667
2025-11-03 08:00:00+00:00,37.06091696666667
2025-11-03 09:00:00+00:00,33.373205266666666
2025-11-03 10:00:00+00:00,30.983556966666665
2025-11-03 11:00:00+00:00,30.487604366666666
2025-11-03 12:00:00+00:00,29.743609866666667
2025-11-03 13:00:00+00:00,30.324092466666663
2025-11-03 14:00:00+00:00,32.28884576666667
2025-11-03 15:00:00+00:00,34.724508266666675
2025-11-03 16:00:00+00:00,38.16407506666667
2025-11-03 17:00:00+00:00,42.64918406666666
2025-11-03 18:00:00+00:00,43.13983136666667
2025-11-03 19:00:00+00:00,38.78037736666666
2025-11-03 20:00:00+00:00,35.81332776666667
2025-11-03 21:00:00+00:00,35.966855566666666
2025-11-03 22:00:00+00:00,36.41860136666667
2025-11-03 23:00:00+00:00,35.180640116666666
2025-11-04 00:00:00+00:00,33.746890316666665
2025-11-04 01:00:00+00:00,31.904120416666668
2025-11-04 02:00:00+00:00,30.03586691666667
2025-11-04 03:00:00+00:00,29.570183516666667
2025-11-04 04:00:00+00:00,31.540797816666668
2025-11-04 05:00:00+00:00,35.856820416666665
2025-11-04 06:00:00+00:00,38.97733171666667
2025-11-04 07:00:00+00:00,38.866679016666666
2025-11-04 08:00:00+00:00,36.39488691666667
2025-11-04 09:00:00+00:00,32.78026321666667
2025-11-04 10:00:00+00:00,31.468548016666663
2025-11-04 11:00:00+00:00,32.006347016666666
2025-11-04 12:00:00+00:00,32.12303901666667
2025-11-04 13:00:00+00:00,32.22175381666666
2025-11-04 14:00:00+00:00,33.334008016666665
2025-11-04 15:00:00+00:00,34.837045616666664
2025-11-04 16:00:00+00:00,37.61245711666666
2025-11-04 17:00:00+00:00,41.70384521666667
2025-11-04 18:00:00+00:00,41.99225391666667
2025-11-04 19:00:00+00:00,37.86012921666667
2025-11-04 20:00:00+00:00,35.21958431666667
2025-11-04 21:00:00+00:00,35.47065951666667
2025-11-04 22:00:00+00:00,35.894714416666666
2025-11-04 23:00:00+00:00,29.185513266666668
2025-11-05 00:00:00+00:00,27.60201746666667
2025-11-05 01:00:00+00:00,25.632180366666667
2025-11-05 02:00:00+00:00,23.709623166666667
2025-11-05 03:00:00+00:00,23.216863166666666
2025-11-05 04:00:00+00:00,25.133917966666665
2025-11-05 05:00:00+00:00,29.151477566666667
2025-11-05 06:00:00+00:00,32.210412266666665
2025-11-05 07:00:00+00:00,32.94145556666666
2025-11-05 08:00:00+00:00,31.53816636666667
2025-11-05 09:00:00+00:00,28.829041166666666
2025-11-05 10:00:00+00:00,28.416821866666666
2025-11-05 11:00:00+00:00,29.46262126666667
2025-11-05 12:00:00+00:00,29.74208816666667
2025-11-05 13:00:00+00:00,30.07880906666667
2025-11-05 14:00:00+00:00,31.15833916666667
2025-11-05 15:00:00+00:00,32.37596106666666
2025-11-05 16:00:00+00:00,34.647351666666665
2025-11-05 17:00:00+00:00,38.43072876666666
2025-11-05 18:00:00+00:00,38.56287786666667
2025-11-05 19:00:00+00:00,34.525098566666664
2025-11-05 20:00:00+00:00,32.070017566666664
2025-11-05 21:00:00+00:00,32.56639856666666
2025-11-05 22:00:00+00:00,33.39571776666667
2025-11-05 23:00:00+00:00,29.282826300000004
2025-11-06 00:00:00+00:00,28.4411469
2025-11-06 01:00:00+00:00,26.8907664
2025-11-06 02:00:00+00:00,25.655160600000002
2025-11-06 03:00:00+00:00,25.5059332
2025-11-06 04:00:00+00:00,27.919123600000006
2025-11-06 05:00:00+00:00,32.7535699
2025-11-06 06:00:00+00:00,37.0539889
2025-11-06 07:00:00+00:00,39.021925800000005
2025-11-06 08:00:00+00:00,39.016603499999995
2025-11-06 09:00:00+00:00,37.72464780000001
2025-11-06 10:00:00+00:00,37.6458249
2025-11-06 11:00:00+00:00,38.422334500000005
2025-11-06 12:00:00+00:00,38.35273720000001
2025-11-06 13:00:00+00:00,38.8614817
2025-11-06 14:00:00+00:00,40.1475874
2025-11-06 15:00:00+00:00,41.3428582
2025-11-06 16:00:00+00:00,43.582044499999995
2025-11-06 17:00:00+00:00,47.196472199999995
2025-11-06 18:00:00+00:00,46.7304067
2025-11-06 19:00:00+00:00,42.4029429
2025-11-06 20:00:00+00:00,39.603696
2025-11-06 21:00:00+00:00,39.6669014
2025-11-06 22:00:00+00:00,40.1752717
2025-11-06 23:00:00+00:00,37.76473371666667
2025-11-07 00:00:00+00:00,36.34151451666667
2025-11-07 01:00:00+00:00,34.09101871666667
2025-11-07 02:00:00+00:00,32.16326251666666
2025-11-07 03:00:00+00:00,31.450349716666665
2025-11-07 04:00:00+00:00,33.254604916666665
2025-11-07 05:00:00+00:00,37.49134181666667
2025-11-07 06:00:00+00:00,41.290893516666664
2025-11-07 07:00:00+00:00,42.007396916666664
2025-11-07 08:00:00+00:00,40.760763116666666
2025-11-07 09:00:00+00:00,38.28864371666667
2025-11-07 10:00:00+00:00,36.85437031666667
2025-11-07 11:00:00+00:00,36.334569716666664
2025-11-07 12:00:00+00:00,35.25533981666666
2025-11-07 13:00:00+00:00,35.50580541666667
2025-11-07 14:00:00+00:00,36.83614701666667
2025-11-07 15:00:00+00:00,38.42126541666667
2025-11-07 16:00:00+00:00,41.48256911666667
2025-11-07 17:00:00+00:00,45.33644161666666
2025-11-07 18:00:00+00:00,45.110160416666666
2025-11-07 19:00:00+00:00,41.67529461666667
2025-11-07 20:00:00+00:00,40.07326751666666
2025-11-07 21:00:00+00:00,40.98514351666667
2025-11-07 22:00:00+00:00,42.27136171666667
2025-11-07 23:00:00+00:00,40.22845856666667
2025-11-08 00:00:00+00:00,38.97181556666667
2025-11-08 01:00:00+00:00,36.813815266666666
2025-11-08 02:00:00+00:00,34.90529356666667
2025-11-08 03:00:00+00:00,33.95781376666667
2025-11-08 04:00:00+00:00,35.04659186666667
2025-11-08 05:00:00+00:00,37.20490206666667
2025-11-08 06:00:00+00:00,38.54201856666666
2025-11-08 07:00:00+00:00,38.678024066666666
2025-11-08 08:00:00+00:00,38.71705516666667
2025-11-08 09:00:00+00:00,37.39916036666666
2025-11-08 10:00:00+00:00,36.488943866666666
2025-11-08 11:00:00+00:00,37.135406466666666
2025-11-08 12:00:00+00:00,36.48885646666667
2025-11-08 13:00:00+00:00,35.66868336666666
2025-11-08 14:00:00+00:00,36.228194466666665
2025-11-08 15:00:00+00:00,37.45522976666667
2025-11-08 16:00:00+00:00,40.663942766666665
2025-11-08 17:00:00+00:00,44.156889066666665
2025-11-08 18:00:00+00:00,43.91852346666666
2025-11-08 19:00:00+00:00,40.81522906666667
2025-11-08 20:00:00+00:00,39.229904366666666
2025-11-08 21:00:00+00:00,40.21480666666667
2025-11-08 22:00:00+00:00,41.41893876666667
2025-11-08 23:00:00+00:00,38.975399483333334
2025-11-09 00:00:00+00:00,37.62144378333333
2025-11-09 01:00:00+00:00,35.49215468333334
2025-11-09 02:00:00+00:00,33.44895018333333
2025-11-09 03:00:00+00:00,32.28626618333334
2025-11-09 04:00:00+00:00,33.160450583333336
2025-11-09 05:00:00+00:00,34.78789508333333
2025-11-09 06:00:00+00:00,35.71375048333333
2025-11-09 07:00:00+00:00,34.900897183333335
2025-11-09 08:00:00+00:00,34.18560948333333
2025-11-09 09:00:00+00:00,32.92650998333333
2025-11-09 10:00:00+00:00,32.46444968333334
2025-11-09 11:00:00+00:00,33.030390583333336
2025-11-09 12:00:00+00:00,31.651655383333335
2025-11-09 13:00:00+00:00,30.898880683333335
2025-11-09 14:00:00+00:00,32.12906018333334
2025-11-09 15:00:00+00:00,34.23999488333333
2025-11-09 16:00:00+00:00,38.14688088333333
2025-11-09 17:00:00+00:00,42.500293883333335
2025-11-09 18:00:00+00:00,43.13265058333333
2025-11-09 19:00:00+00:00,40.35961738333333
2025-11-09 20:00:00+00:00,38.59922148333333
2025-11-09 21:00:00+00:00,39.10177388333333
2025-11-09 22:00:00+00:00,39.483839483333334
2025-11-09 23:00:00+00:00,37.25204408333333
2025-11-10 00:00:00+00:00,36.18381578333333
2025-11-10 01:00:00+00:00,34.22543908333333
2025-11-10 02:00:00+00:00,32.48427278333334
2025-11-10 03:00:00+00:00,31.756467683333334
2025-11-10 04:00:00+00:00,33.77056218333333
2025-11-10 05:00:00+00:00,37.56192408333333
2025-11-10 06:00:00+00:00,40.336429583333334
2025-11-10 07:00:00+00:00,39.88408928333333
2025-11-10 08:00:00+00:00,38.140991283333335
2025-11-10 09:00:00+00:00,35.88262228333333
2025-11-10 10:00:00+00:00,34.419049783333335
2025-11-10 11:00:00+00:00,33.977142283333336
2025-11-10 12:00:00+00:00,32.62244938333333
2025-11-10 13:00:00+00:00,31.997668183333335
2025-11-10 14:00:00+00:00,32.72617038333334
2025-11-10 15:00:00+00:00,33.80205528333334
2025-11-10 16:00:00+00:00,37.23093828333334
2025-11-10 17:00:00+00:00,41.03894748333333
2025-11-10 18:00:00+00:00,41.16817978333333
2025-11-10 19:00:00+00:00,38.292484083333335
2025-11-10 20:00:00+00:00,36.76125398333333
2025-11-10 21:00:00+00:00,38.00301388333334
2025-11-10 22:00:00+00:00,39.07651608333333
2025-11-10 23:00:00+00:00,36.34835866666667
2025-11-11 00:00:00+00:00,35.289828766666666
2025-11-11 01:00:00+00:00,33.106147566666664
2025-11-11 02:00:00+00:00,31.038946966666668
2025-11-11 03:00:00+00:00,29.863532366666668
2025-11-11 04:00:00+00:00,30.700907666666666
2025-11-11 05:00:00+00:00,32.39420056666667
2025-11-11 06:00:00+00:00,33.05101966666667
2025-11-11 07:00:00+00:00,31.411228766666667
2025-11-11 08:00:00+00:00,29.696216266666664
2025-11-11 09:00:00+00:00,28.143526066666663
2025-11-11 10:00:00+00:00,27.49366836666667
2025-11-11 11:00:00+00:00,27.836112566666667
2025-11-11 12:00:00+00:00,27.040820766666666
2025-11-11 13:00:00+00:00,26.68304156666667
2025-11-11 14:00:00+00:00,28.050318866666668
2025-11-11 15:00:00+00:00,29.82408506666667
2025-11-11 16:00:00+00:00,33.158729066666666
2025-11-11 17:00:00+00:00,36.631268866666666
2025-11-11 18:00:00+00:00,36.82827216666667
2025-11-11 19:00:00+00:00,34.05278816666667
2025-11-11 20:00:00+00:00,32.24433646666667
2025-11-11 21:00:00+00:00,33.04912846666667
2025-11-11 22:00:00+00:00,33.34230256666667
2025-11-11 23:00:00+00:00,31.07740723333334
2025-11-12 00:00:00+00:00,30.067188633333338
2025-11-12 01:00:00+00:00,28.120822733333334
2025-11-12 02:00:00+00:00,26.437961933333334
2025-11-12 03:00:00+00:00,26.108256033333337
2025-11-12 04:00:00+00:00,28.823209533333337
2025-11-12 05:00:00+00:00,33.964160633333336
2025-11-12 06:00:00+00:00,38.62950383333333
2025-11-12 07:00:00+00:00,38.69695803333333
2025-11-12 08:00:00+00:00,35.90019003333333
2025-11-12 09:00:00+00:00,32.74704273333333
2025-11-12 10:00:00+00:00,31.829718833333335
2025-11-12 11:00:00+00:00,32.05265933333333
2025-11-12 12:00:00+00:00,31.611991233333335
2025-11-12 13:00:00+00:00,31.752078833333332
2025-11-12 14:00:00+00:00,32.64712853333333
2025-11-12 15:00:00+00:00,33.81971333333333
2025-11-12 16:00:00+00:00,37.18515793333333
2025-11-12 17:00:00+00:00,40.74343533333334
2025-11-12 18:00:00+00:00,40.670545733333334
2025-11-12 19:00:00+00:00,36.70650393333334
2025-11-12 20:00:00+00:00,33.74390223333333
2025-11-12 21:00:00+00:00,33.79639183333333
2025-11-12 22:00:00+00:00,33.90232163333333
2025-11-12 23:00:00+00:00,29.5353549
2025-11-13 00:00:00+00:00,28.399053799999997
2025-11-13 01:00:00+00:00,26.776977199999997
2025-11-13 02:00:00+00:00,25.1482614
2025-11-13 03:00:00+00:00,24.8563228
2025-11-13 04:00:00+00:00,27.2144386
2025-11-13 05:00:00+00:00,32.023719400000004
2025-11-13 06:00:00+00:00,37.0054992
2025-11-13 07:00:00+00:00,37.629992
2025-11-13 08:00:00+00:00,35.569732800000004
2025-11-13 09:00:00+00:00,32.783339299999994
2025-11-13 10:00:00+00:00,31.851428000000002
2025-11-13 11:00:00+00:00,32.7714297
2025-11-13 12:00:00+00:00,32.9292339
2025-11-13 13:00:00+00:00,33.664462799999995
2025-11-13 14:00:00+00:00,35.1678741
2025-11-13 15:00:00+00:00,36.1983012
2025-11-13 16:00:00+00:00,39.270475000000005
2025-11-13 17:00:00+00:00,41.912435
2025-11-13 18:00:00+00:00,40.9521225
2025-11-13 19:00:00+00:00,36.7358891
2025-11-13 20:00:00+00:00,33.7775682
2025-11-13 21:00:00+00:00,33.5559716
2025-11-13 22:00:00+00:00,33.757737399999996
2025-11-13 23:00:00+00:00,28.868796333333336
2025-11-14 00:00:00+00:00,27.162786133333334
2025-11-14 01:00:00+00:00,24.989169333333336
2025-11-14 02:00:00+00:00,22.78197493333333
2025-11-14 03:00:00+00:00,22.119077133333334
2025-11-14 04:00:00+00:00,24.04958003333333
2025-11-14 05:00:00+00:00,28.309596033333335
2025-11-14 06:00:00+00:00,32.64344273333333
2025-11-14 07:00:00+00:00,33.57318453333333
2025-11-14 08:00:00+00:00,32.540419033333336
2025-11-14 09:00:00+00:00,30.892622833333338
2025-11-14 10:00:00+00:00,29.982244833333336
2025-11-14 11:00:00+00:00,30.326626633333333
2025-11-14 12:00:00+00:00,29.59337383333333
2025-11-14 13:00:00+00:00,29.43298023333334
2025-11-14 14:00:00+00:00,30.451170233333333
2025-11-14 15:00:00+00:00,31.50556883333334
2025-11-14 16:00:00+00:00,35.19900823333333
2025-11-14 17:00:00+00:00,38.508034333333335
2025-11-14 18:00:00+00:00,38.34744773333334
2025-11-14 19:00:00+00:00,35.33611153333334
2025-11-14 20:00:00+00:00,33.556150933333335
2025-11-14 21:00:00+00:00,34.14017683333333
2025-11-14 22:00:00+00:00,35.716051033333336
2025-11-14 23:00:00+00:00,33.95029733333334
2025-11-15 00:00:00+00:00,32.55766883333333
2025-11-15 01:00:00+00:00,31.40903913333333
2025-11-15 02:00:00+00:00,29.517971733333333
2025-11-15 03:00:00+00:00,29.10895573333333
2025-11-15 04:00:00+00:00,30.32949083333333
2025-11-15 05:00:00+00:00,32.31983803333333
2025-11-15 06:00:00+00:00,34.09224513333333
2025-11-15 07:00:00+00:00,34.60156883333333
2025-11-15 08:00:00+00:00,34.44731633333333
2025-11-15 09:00:00+00:00,33.174866433333335
2025-11-15 10:00:00+00:00,32.686781333333336
2025-11-15 11:00:00+00:00,34.025120333333334
2025-11-15 12:00:00+00:00,33.79424383333333
2025-11-15 13:00:00+00:00,34.08646313333334
2025-11-15 14:00:00+00:00,35.96203273333334
2025-11-15 15:00:00+00:00,37.79156093333333
2025-11-15 16:00:00+00:00,41.553278133333336
2025-11-15 17:00:00+00:00,44.24575443333333
2025-11-15 18:00:00+00:00,43.68457603333333
2025-11-15 19:00:00+00:00,40.17953513333333
2025-11-15 20:00:00+00:00,38.05480883333334
2025-11-15 21:00:00+00:00,38.311762933333334
2025-11-15 22:00:00+00:00,39.52599493333333
2025-11-15 23:00:00+00:00,37.48753455
2025-11-16 00:00:00+00:00,36.18396345
2025-11-16 01:00:00+00:00,34.486817450000004
2025-11-16 02:00:00+00:00,32.58098025
2025-11-16 03:00:00+00:00,31.68089245
2025-11-16 04:00:00+00:00,32.40657185
2025-11-16 05:00:00+00:00,33.84470455
2025-11-16 06:00:00+00:00,34.95260925
2025-11-16 07:00:00+00:00,34.74209125
2025-11-16 08:00:00+00:00,34.771729150000006
2025-11-16 09:00:00+00:00,34.65518595
2025-11-16 10:00:00+00:00,34.89571455000001
2025-11-16 11:00:00+00:00,36.182654750000005
2025-11-16 12:00:00+00:00,35.71533145
2025-11-16 13:00:00+00:00,35.21129255
2025-11-16 14:00:00+00:00,35.92488395
2025-11-16 15:00:00+00:00,36.75526765
2025-11-16 16:00:00+00:00,40.327825250000004
2025-11-16 17:00:00+00:00,43.55814935
2025-11-16 18:00:00+00:00,43.75350225
2025-11-16 19:00:00+00:00,40.678160850000005
2025-11-16 20:00:00+00:00,38.49765725
2025-11-16 21:00:00+00:00,38.50410225
2025-11-16 22:00:00+00:00,39.048186349999995
2025-11-16 23:00:00+00:00,36.224583816666666
2025-11-17 00:00:00+00:00,34.71720981666667
2025-11-17 01:00:00+00:00,33.08422521666667
2025-11-17 02:00:00+00:00,31.28906551666667
2025-11-17 03:00:00+00:00,30.584696116666667
2025-11-17 04:00:00+00:00,32.11974491666667
2025-11-17 05:00:00+00:00,37.00682391666666
2025-11-17 06:00:00+00:00,41.76471771666667
2025-11-17 07:00:00+00:00,43.39702591666667
2025-11-17 08:00:00+00:00,42.32886471666667
2025-11-17 09:00:00+00:00,39.799127416666664
2025-11-17 10:00:00+00:00,37.47842981666667
2025-11-17 11:00:00+00:00,36.78626751666667
2025-11-17 12:00:00+00:00,35.947880016666666
2025-11-17 13:00:00+00:00,37.26300321666667
2025-11-17 14:00:00+00:00,39.52190381666667
2025-11-17 15:00:00+00:00,41.91619741666667
2025-11-17 16:00:00+00:00,46.73296991666666
2025-11-17 17:00:00+00:00,51.140195116666675
2025-11-17 18:00:00+00:00,52.30039451666667
2025-11-17 19:00:00+00:00,48.96225211666666
2025-11-17 20:00:00+00:00,46.21410711666667
2025-11-17 21:00:00+00:00,46.22632161666667
2025-11-17 22:00:00+00:00,46.71053741666667
2025-11-17 23:00:00+00:00,44.57987156666667
2025-11-18 00:00:00+00:00,43.40918306666667
2025-11-18 01:00:00+00:00,42.391346066666664
2025-11-18 02:00:00+00:00,41.31396826666667
2025-11-18 03:00:00+00:00,41.232200266666666
2025-11-18 04:00:00+00:00,43.55310816666667
2025-11-18 05:00:00+00:00,49.215735466666665
2025-11-18 06:00:00+00:00,54.49318396666667
2025-11-18 07:00:00+00:00,55.76651056666667
2025-11-18 08:00:00+00:00,53.10882216666667
2025-11-18 09:00:00+00:00,48.920688266666666
2025-11-18 10:00:00+00:00,45.884675766666675
2025-11-18 11:00:00+00:00,44.77064176666667
2025-11-18 12:00:00+00:00,43.42388016666666
2025-11-18 13:00:00+00:00,44.443205066666664
2025-11-18 14:00:00+00:00,46.93343456666667
2025-11-18 15:00:00+00:00,49.37039866666667
2025-11-18 16:00:00+00:00,53.73277516666667
2025-11-18 17:00:00+00:00,57.062861866666665
2025-11-18 18:00:00+00:00,56.742762366666675
2025-11-18 19:00:00+00:00,52.13710876666667
2025-11-18 20:00:00+00:00,48.287834266666664
2025-11-18 21:00:00+00:00,47.12663606666667
2025-11-18 22:00:00+00:00,46.772568666666665
2025-11-18 23:00:00+00:00,42.972493799999995
2025-11-19 00:00:00+00:00,40.957499299999995
2025-11-19 01:00:00+00:00,39.5851907
2025-11-19 02:00:00+00:00,37.8251808
2025-11-19 03:00:00+00:00,37.1398233
2025-11-19 04:00:00+00:00,39.0779183
2025-11-19 05:00:00+00:00,44.151556500000005
2025-11-19 06:00:00+00:00,48.751490600000004
2025-11-19 07:00:00+00:00,50.4332966
2025-11-19 08:00:00+00:00,49.2531664
2025-11-19 09:00:00+00:00,46.709827600000004
2025-11-19 10:00:00+00:00,44.94100060000001
2025-11-19 11:00:00+00:00,44.270482900000005
2025-11-19 12:00:00+00:00,43.075533899999996
2025-11-19 13:00:00+00:00,43.68732
2025-11-19 14:00:00+00:00,45.1686883
2025-11-19 15:00:00+00:00,46.2625777
2025-11-19 16:00:00+00:00,50.0801256
2025-11-19 17:00:00+00:00,54.074781800000004
2025-11-19 18:00:00+00:00,54.7823543
2025-11-19 19:00:00+00:00,51.1297946
2025-11-19 20:00:00+00:00,48.139765700000005
2025-11-19 21:00:00+00:00,48.1390912
2025-11-19 22:00:00+00:00,48.7239462
2025-11-19 23:00:00+00:00,44.83034365
2025-11-20 00:00:00+00:00,43.80430875
2025-11-20 01:00:00+00:00,43.13599275
2025-11-20 02:00:00+00:00,42.43942255
2025-11-20 03:00:00+00:00,42.42999255
2025-11-20 04:00:00+00:00,45.289910649999996
2025-11-20 05:00:00+00:00,51.13128784999999
2025-11-20 06:00:00+00:00,57.16927245
2025-11-20 07:00:00+00:00,59.501605049999995
2025-11-20 08:00:00+00:00,58.79562455
2025-11-20 09:00:00+00:00,56.79490085
2025-11-20 10:00:00+00:00,55.15058155
2025-11-20 11:00:00+00:00,54.15981455
2025-11-20 12:00:00+00:00,52.609656650000005
2025-11-20 13:00:00+00:00,53.87207754999999
2025-11-20 14:00:00+00:00,55.848360050000004
2025-11-20 15:00:00+00:00,57.45866675
2025-11-20 16:00:00+00:00,61.267688050000004
2025-11-20 17:00:00+00:00,64.68778765
2025-11-20 18:00:00+00:00,64.71987895
2025-11-20 19:00:00+00:00,61.09932835
2025-11-20 20:00:00+00:00,57.852086150000005
2025-11-20 21:00:00+00:00,57.63480415
2025-11-20 22:00:00+00:00,57.24376305
2025-11-20 23:00:00+00:00,55.85364805
2025-11-21 00:00:00+00:00,54.01529755
2025-11-21 01:00:00+00:00,52.571147249999996
2025-11-21 02:00:00+00:00,50.97208275
2025-11-21 03:00:00+00:00,50.197936350000006
2025-11-21 04:00:00+00:00,52.018454750000004
2025-11-21 05:00:00+00:00,57.18477854999999
2025-11-21 06:00:00+00:00,62.178265849999995
2025-11-21 07:00:00+00:00,63.57706725
2025-11-21 08:00:00+00:00,61.79145775
2025-11-21 09:00:00+00:00,58.69324155
2025-11-21 10:00:00+00:00,56.689930149999995
2025-11-21 11:00:00+00:00,55.385854249999994
2025-11-21 12:00:00+00:00,53.32582295
2025-11-21 13:00:00+00:00,54.08311295
2025-11-21 14:00:00+00:00,55.48431475
2025-11-21 15:00:00+00:00,56.859636249999994
2025-11-21 16:00:00+00:00,60.948190350000004
2025-11-21 17:00:00+00:00,64.42789685000001
2025-11-21 18:00:00+00:00,64.29502115000001
2025-11-21 19:00:00+00:00,61.53828804999999
2025-11-21 20:00:00+00:00,59.28140045
2025-11-21 21:00:00+00:00,59.99525095
2025-11-21 22:00:00+00:00,60.28353335
2025-11-21 23:00:00+00:00,57.145564949999994
2025-11-22 00:00:00+00:00,55.63029945
2025-11-22 01:00:00+00:00,53.92473215
2025-11-22 02:00:00+00:00,51.96799785
2025-11-22 03:00:00+00:00,50.455641850000006
2025-11-22 04:00:00+00:00,51.18995715
2025-11-22 05:00:00+00:00,53.48826975
2025-11-22 06:00:00+00:00,55.45018745
2025-11-22 07:00:00+00:00,55.45620395
2025-11-22 08:00:00+00:00,53.80686165
2025-11-22 09:00:00+00:00,50.950028450000005
2025-11-22 10:00:00+00:00,48.61850655
2025-11-22 11:00:00+00:00,47.43672385
2025-11-22 12:00:00+00:00,45.44578945000001
2025-11-22 13:00:00+00:00,44.887032350000005
2025-11-22 14:00:00+00:00,46.06427335
2025-11-22 15:00:00+00:00,47.26604015
2025-11-22 16:00:00+00:00,50.784751750000005
2025-11-22 17:00:00+00:00,53.72582475
2025-11-22 18:00:00+00:00,53.75383615
2025-11-22 19:00:00+00:00,51.19614045
2025-11-22 20:00:00+00:00,49.308180750000005
2025-11-22 21:00:00+00:00,50.18757225
2025-11-22 22:00:00+00:00,50.73281734999999
2025-11-22 23:00:00+00:00,48.3326842
2025-11-23 00:00:00+00:00,47.2684572
2025-11-23 01:00:00+00:00,45.950744300000004
2025-11-23 02:00:00+00:00,44.348652799999996
2025-11-23 03:00:00+00:00,43.101452
2025-11-23 04:00:00+00:00,43.533417400000005
2025-11-23 05:00:00+00:00,45.01276490000001
2025-11-23 06:00:00+00:00,46.064655800000004
2025-11-23 07:00:00+00:00,45.7851377
2025-11-23 08:00:00+00:00,45.396936600000004
2025-11-23 09:00:00+00:00,44.386352200000005
2025-11-23 10:00:00+00:00,43.7985764
2025-11-23 11:00:00+00:00,43.6721538
2025-11-23 12:00:00+00:00,41.76380830000001
2025-11-23 13:00:00+00:00,40.9238122
2025-11-23 14:00:00+00:00,40.9638662
2025-11-23 15:00:00+00:00,41.7527697
2025-11-23 16:00:00+00:00,45.667612399999996
2025-11-23 17:00:00+00:00,49.7845315
2025-11-23 18:00:00+00:00,50.860943999999996
2025-11-23 19:00:00+00:00,48.8042378
2025-11-23 20:00:00+00:00,46.94518600000001
2025-11-23 21:00:00+00:00,47.2726261
2025-11-23 22:00:00+00:00,46.7406372
2025-11-23 23:00:00+00:00,44.5418393
2025-11-24 00:00:00+00:00,43.1345237
2025-11-24 01:00:00+00:00,41.4518304
2025-11-24 02:00:00+00:00,39.5226832
2025-11-24 03:00:00+00:00,38.67912389999999
2025-11-24 04:00:00+00:00,41.02557779999999
2025-11-24 05:00:00+00:00,46.0894281
2025-11-24 06:00:00+00:00,51.36256100000001
2025-11-24 07:00:00+00:00,53.147886400000004
2025-11-24 08:00:00+00:00,52.74684690000001
2025-11-24 09:00:00+00:00,51.37755430000001
2025-11-24 10:00:00+00:00,50.075748000000004
2025-11-24 11:00:00+00:00,49.370449099999995
2025-11-24 12:00:00+00:00,47.7767441
2025-11-24 13:00:00+00:00,47.969622799999996
2025-11-24 14:00:00+00:00,48.109376899999994
2025-11-24 15:00:00+00:00,48.93070229999999
2025-11-24 16:00:00+00:00,52.30016189999999
2025-11-24 17:00:00+00:00,55.68059410000001
2025-11-24 18:00:00+00:00,55.54400869999999
2025-11-24 19:00:00+00:00,51.69199819999999
2025-11-24 20:00:00+00:00,48.479452699999996
2025-11-24 21:00:00+00:00,48.2321695
2025-11-24 22:00:00+00:00,47.8098907
2025-11-24 23:00:00+00:00,42.395891733333336
2025-11-25 00:00:00+00:00,40.79789323333334
2025-11-25 01:00:00+00:00,39.094873633333336
2025-11-25 02:00:00+00:00,37.16968773333333
2025-11-25 03:00:00+00:00,36.448070233333326
2025-11-25 04:00:00+00:00,38.887472233333334
2025-11-25 05:00:00+00:00,44.22387813333333
2025-11-25 06:00:00+00:00,49.91876443333334
2025-11-25 07:00:00+00:00,51.28477603333333
2025-11-25 08:00:00+00:00,49.625613933333334
2025-11-25 09:00:00+00:00,47.07158853333334
2025-11-25 10:00:00+00:00,45.343336033333344
2025-11-25 11:00:00+00:00,44.39551253333334
2025-11-25 12:00:00+00:00,43.06336903333333
2025-11-25 13:00:00+00:00,43.80784313333333
2025-11-25 14:00:00+00:00,45.33653143333334
2025-11-25 15:00:00+00:00,47.41287483333333
2025-11-25 16:00:00+00:00,51.63466173333333
2025-11-25 17:00:00+00:00,55.34268093333333
2025-11-25 18:00:00+00:00,55.23816633333334
2025-11-25 19:00:00+00:00,51.68232583333334
2025-11-25 20:00:00+00:00,48.89261603333334
2025-11-25 21:00:00+00:00,48.99109233333334
2025-11-25 22:00:00+00:00,49.16060613333334
2025-11-25 23:00:00+00:00,46.45234743333333
2025-11-26 00:00:00+00:00,45.45367243333333
2025-11-26 01:00:00+00:00,44.36207413333334
2025-11-26 02:00:00+00:00,42.984559133333335
2025-11-26 03:00:00+00:00,42.57824143333333
2025-11-26 04:00:00+00:00,45.37305763333333
2025-11-26 05:00:00+00:00,50.82407323333334
2025-11-26 06:00:00+00:00,56.55446623333333
2025-11-26 07:00:00+00:00,58.51990523333333
2025-11-26 08:00:00+00:00,57.125612333333336
2025-11-26 09:00:00+00:00,54.80938813333333
2025-11-26 10:00:00+00:00,53.49710103333334
2025-11-26 11:00:00+00:00,53.06230133333334
2025-11-26 12:00:00+00:00,51.73793673333333
2025-11-26 13:00:00+00:00,52.376445533333325
2025-11-26 14:00:00+00:00,53.659332733333336
2025-11-26 15:00:00+00:00,55.68746713333333
2025-11-26 16:00:00+00:00,59.64065733333334
2025-11-26 17:00:00+00:00,63.16903283333333
2025-11-26 18:00:00+00:00,62.99669493333333
2025-11-26 19:00:00+00:00,59.20507043333333
2025-11-26 20:00:00+00:00,55.81052123333333
2025-11-26 21:00:00+00:00,55.21355963333334
2025-11-26 22:00:00+00:00,54.264507333333334
2025-11-26 23:00:00+00:00,52.9912212
2025-11-27 00:00:00+00:00,50.4182277
2025-11-27 01:00:00+00:00,48.286164799999995
2025-11-27 02:00:00+00:00,46.1074512
2025-11-27 03:00:00+00:00,44.8351063
2025-11-27 04:00:00+00:00,46.9272996
2025-11-27 05:00:00+00:00,51.678527599999995
2025-11-27 06:00:00+00:00,57.0688832
2025-11-27 07:00:00+00:00,58.12683199999999
2025-11-27 08:00:00+00:00,55.6625306
2025-11-27 09:00:00+00:00,52.67207599999999
2025-11-27 10:00:00+00:00,50.868183599999995
2025-11-27 11:00:00+00:00,50.4731129
2025-11-27 12:00:00+00:00,49.124022200000006
2025-11-27 13:00:00+00:00,49.4631131
2025-11-27 14:00:00+00:00,50.12534199999999
2025-11-27 15:00:00+00:00,51.63701520000001
2025-11-27 16:00:00+00:00,55.2151011
2025-11-27 17:00:00+00:00,58.305859600000005
2025-11-27 18:00:00+00:00,56.57347790000001
2025-11-27 19:00:00+00:00,53.80726510000001
2025-11-27 20:00:00+00:00,50.5778848
2025-11-27 21:00:00+00:00,50.268392999999996
2025-11-27 22:00:00+00:00,50.0046317
2025-11-27 23:00:00+00:00,48.64998753333333
2025-11-28 00:00:00+00:00,46.79064033333333
2025-11-28 01:00:00+00:00,45.09858843333333
2025-11-28 02:00:00+00:00,43.50080493333333
2025-11-28 03:00:00+00:00,42.98186453333334
2025-11-28 04:00:00+00:00,45.45803683333333
2025-11-28 05:00:00+00:00,50.35634803333333
2025-11-28 06:00:00+00:00,55.842736233333326
2025-11-28 07:00:00+00:00,57.18020373333333
2025-11-28 08:00:00+00:00,55.55967103333334
2025-11-28 09:00:00+00:00,53.19730063333333
2025-11-28 10:00:00+00:00,51.56257853333334
2025-11-28 11:00:00+00:00,50.95959203333334
2025-11-28 12:00:00+00:00,49.398914933333344
2025-11-28 13:00:00+00:00,49.29739683333334
2025-11-28 14:00:00+00:00,49.87040413333334
2025-11-28 15:00:00+00:00,51.107480933333335
2025-11-28 16:00:00+00:00,54.82794193333333
2025-11-28 17:00:00+00:00,57.769988633333334
2025-11-28 18:00:00+00:00,56.41275923333333
2025-11-28 19:00:00+00:00,53.73034093333334
2025-11-28 20:00:00+00:00,51.278020633333334
2025-11-28 21:00:00+00:00,51.798039833333334
2025-11-28 22:00:00+00:00,52.04536673333333
2025-11-28 23:00:00+00:00,48.07580643333334
2025-11-29 00:00:00+00:00,46.04704373333334
2025-11-29 01:00:00+00:00,43.27349043333333
2025-11-29 02:00:00+00:00,40.63395203333333
2025-11-29 03:00:00+00:00,39.05069353333333
2025-11-29 04:00:00+00:00,39.71158533333334
2025-11-29 05:00:00+00:00,41.39110623333333
2025-11-29 06:00:00+00:00,43.37126173333333
2025-11-29 07:00:00+00:00,43.489448233333334
2025-11-29 08:00:00+00:00,42.426921033333336
2025-11-29 09:00:00+00:00,40.406145433333336
2025-11-29 10:00:00+00:00,38.655323433333336
2025-11-29 11:00:00+00:00,38.725829833333336
2025-11-29 12:00:00+00:00,37.60581953333334
2025-11-29 13:00:00+00:00,37.632878033333334
2025-11-29 14:00:00+00:00,38.46824823333334
2025-11-29 15:00:00+00:00,39.951372733333336
2025-11-29 16:00:00+00:00,43.651475133333335
2025-11-29 17:00:00+00:00,46.57835673333334
2025-11-29 18:00:00+00:00,46.530409733333336
2025-11-29 19:00:00+00:00,44.85911373333333
2025-11-29 20:00:00+00:00,43.234251433333334
2025-11-29 21:00:00+00:00,44.55881413333333
2025-11-29 22:00:00+00:00,46.17996803333333
2025-11-29 23:00:00+00:00,46.0668769
2025-11-30 00:00:00+00:00,44.454453599999994
2025-11-30 01:00:00+00:00,41.9574015
2025-11-30 02:00:00+00:00,39.7702715
2025-11-30 03:00:00+00:00,38.5843067
2025-11-30 04:00:00+00:00,39.6072789
2025-11-30 05:00:00+00:00,41.229975599999996
2025-11-30 06:00:00+00:00,42.9611164
2025-11-30 07:00:00+00:00,43.792691500000004
2025-11-30 08:00:00+00:00,44.843081999999995
2025-11-30 09:00:00+00:00,45.3801972
2025-11-30 10:00:00+00:00,45.250438
2025-11-30 11:00:00+00:00,45.9292685
2025-11-30 12:00:00+00:00,44.745505699999995
2025-11-30 13:00:00+00:00,44.0518496
2025-11-30 14:00:00+00:00,44.72234589999999
2025-11-30 15:00:00+00:00,46.6077626
2025-11-30 16:00:00+00:00,50.717742
2025-11-30 17:00:00+00:00,54.4611979
2025-11-30 18:00:00+00:00,53.845995
2025-11-30 19:00:00+00:00,52.6132849
2025-11-30 20:00:00+00:00,50.076940199999996
2025-11-30 21:00:00+00:00,50.077170699999996
2025-11-30 22:00:00+00:00,50.0577363
2025-11-30 23:00:00+00:00,46.0408277
2025-12-01 00:00:00+00:00,44.1242273
2025-12-01 01:00:00+00:00,41.6330903
2025-12-01 02:00:00+00:00,39.3077498
2025-12-01 03:00:00+00:00,38.216766699999994
2025-12-01 04:00:00+00:00,40.6046234
2025-12-01 05:00:00+00:00,45.5328627
2025-12-01 06:00:00+00:00,50.9817329
2025-12-01 07:00:00+00:00,52.322519799999995
2025-12-01 08:00:00+00:00,50.40138160000001
2025-12-01 09:00:00+00:00,47.2432216
2025-12-01 10:00:00+00:00,44.93834
2025-12-01 11:00:00+00:00,43.980380499999995
2025-12-01 12:00:00+00:00,42.872402300000005
2025-12-01 13:00:00+00:00,43.09606540000001
2025-12-01 14:00:00+00:00,43.97979409999999
2025-12-01 15:00:00+00:00,45.4353689
2025-12-01 16:00:00+00:00,48.6870138
2025-12-01 17:00:00+00:00,51.34182200000001
2025-12-01 18:00:00+00:00,50.3798314
2025-12-01 19:00:00+00:00,46.8560304
2025-12-01 20:00:00+00:00,43.2474275
2025-12-01 21:00:00+00:00,42.9950053
2025-12-01 22:00:00+00:00,43.0816591
2025-12-01 23:00:00+00:00,39.53747643333334
2025-12-02 00:00:00+00:00,38.35971563333334
2025-12-02 01:00:00+00:00,36.84401543333333
2025-12-02 02:00:00+00:00,35.56410113333334
2025-12-02 03:00:00+00:00,35.58811703333333
2025-12-02 04:00:00+00:00,38.91024193333333
2025-12-02 05:00:00+00:00,44.838694133333334
2025-12-02 06:00:00+00:00,51.112821133333334
2025-12-02 07:00:00+00:00,53.060435033333334
2025-12-02 08:00:00+00:00,52.38114903333334
2025-12-02 09:00:00+00:00,51.107403633333334
2025-12-02 10:00:00+00:00,50.30169353333334
2025-12-02 11:00:00+00:00,50.43659173333333
2025-12-02 12:00:00+00:00,50.01586543333333
2025-12-02 13:00:00+00:00,50.46803383333333
2025-12-02 14:00:00+00:00,50.96451023333333
2025-12-02 15:00:00+00:00,51.701625633333336
2025-12-02 16:00:00+00:00,54.62731873333333
2025-12-02 17:00:00+00:00,57.32657153333332
2025-12-02 18:00:00+00:00,56.58690373333333
2025-12-02 19:00:00+00:00,53.29727603333333
2025-12-02 20:00:00+00:00,50.139706133333334
2025-12-02 21:00:00+00:00,50.27251413333333
2025-12-02 22:00:00+00:00,50.55637063333333
2025-12-02 23:00:00+00:00,48.10842538333333
2025-12-03 00:00:00+00:00,47.02790388333333
2025-12-03 01:00:00+00:00,45.187919683333334
2025-12-03 02:00:00+00:00,43.45426168333333
2025-12-03 03:00:00+00:00,42.97245958333333
2025-12-03 04:00:00+00:00,45.59360598333333
2025-12-03 05:00:00+00:00,50.64815698333334
2025-12-03 06:00:00+00:00,56.064571083333334
2025-12-03 07:00:00+00:00,58.10059458333333
2025-12-03 08:00:00+00:00,57.56878838333333
2025-12-03 09:00:00+00:00,55.71144788333333
2025-12-03 10:00:00+00:00,54.19702078333333
2025-12-03 11:00:00+00:00,53.80176658333333
2025-12-03 12:00:00+00:00,52.78070138333333
2025-12-03 13:00:00+00:00,52.747380883333335
2025-12-03 14:00:00+00:00,53.198928583333334
2025-12-03 15:00:00+00:00,54.18643818333334
2025-12-03 16:00:00+00:00,57.26900298333334
2025-12-03 17:00:00+00:00,59.97433868333333
2025-12-03 18:00:00+00:00,58.728167683333325
2025-12-03 19:00:00+00:00,54.51228438333334
2025-12-03 20:00:00+00:00,50.43241028333334
2025-12-03 21:00:00+00:00,49.52248418333333
2025-12-03 22:00:00+00:00,48.66861598333334
2025-12-03 23:00:00+00:00,46.020217116666664
2025-12-04 00:00:00+00:00,43.91774661666667
2025-12-04 01:00:00+00:00,41.14262791666667
2025-12-04 02:00:00+00:00,38.52323121666666
2025-12-04 03:00:00+00:00,37.34733971666667
2025-12-04 04:00:00+00:00,39.51582021666667
2025-12-04 05:00:00+00:00,44.12087991666667
2025-12-04 06:00:00+00:00,49.48728931666666
2025-12-04 07:00:00+00:00,51.18460881666666
2025-12-04 08:00:00+00:00,50.56768831666666
2025-12-04 09:00:00+00:00,49.470981416666675
2025-12-04 10:00:00+00:00,48.41815471666666
2025-12-04 11:00:00+00:00,48.263430916666664
2025-12-04 12:00:00+00:00,47.70294021666666
2025-12-04 13:00:00+00:00,48.48202901666667
2025-12-04 14:00:00+00:00,49.433434816666676
2025-12-04 15:00:00+00:00,51.18549351666667
2025-12-04 16:00:00+00:00,55.05177551666667
2025-12-04 17:00:00+00:00,58.49387191666666
2025-12-04 18:00:00+00:00,58.362673016666676
2025-12-04 19:00:00+00:00,54.57842551666667
2025-12-04 20:00:00+00:00,51.63591231666666
2025-12-04 21:00:00+00:00,51.73671221666667
2025-12-04 22:00:00+00:00,51.89777721666667
2025-12-04 23:00:00+00:00,52.81244276666666
2025-12-05 00:00:00+00:00,51.792570266666665
2025-12-05 01:00:00+00:00,49.78458536666667
2025-12-05 02:00:00+00:00,47.96898156666667
2025-12-05 03:00:00+00:00,47.42733906666667
2025-12-05 04:00:00+00:00,49.98354666666667
2025-12-05 05:00:00+00:00,54.89438286666667
2025-12-05 06:00:00+00:00,60.27405566666667
2025-12-05 07:00:00+00:00,61.779380466666666
2025-12-05 08:00:00+00:00,60.14485046666667
2025-12-05 09:00:00+00:00,57.255834866666675
2025-12-05 10:00:00+00:00,54.127521566666665
2025-12-05 11:00:00+00:00,52.52917586666666
2025-12-05 12:00:00+00:00,50.56401686666666
2025-12-05 13:00:00+00:00,49.80633386666668
2025-12-05 14:00:00+00:00,49.30027316666666
2025-12-05 15:00:00+00:00,49.51302436666667
2025-12-05 16:00:00+00:00,51.776832866666666
2025-12-05 17:00:00+00:00,53.11199566666667
2025-12-05 18:00:00+00:00,51.19116556666667
2025-12-05 19:00:00+00:00,46.63065586666667
2025-12-05 20:00:00+00:00,43.18776196666667
2025-12-05 21:00:00+00:00,42.77134666666666
2025-12-05 22:00:00+00:00,42.178382966666675
2025-12-05 23:00:00+00:00,38.01581695
2025-12-06 00:00:00+00:00,36.35697675
2025-12-06 01:00:00+00:00,34.11411665
2025-12-06 02:00:00+00:00,31.95808425
2025-12-06 03:00:00+00:00,30.94325815
2025-12-06 04:00:00+00:00,31.98809825
2025-12-06 05:00:00+00:00,34.14601515
2025-12-06 06:00:00+00:00,36.40514435
2025-12-06 07:00:00+00:00,37.12398555
2025-12-06 08:00:00+00:00,37.14143235
2025-12-06 09:00:00+00:00,36.31916965
2025-12-06 10:00:00+00:00,34.85966705
2025-12-06 11:00:00+00:00,34.771662750000004
2025-12-06 12:00:00+00:00,33.72264385
2025-12-06 13:00:00+00:00,33.46387285
2025-12-06 14:00:00+00:00,33.56433145
2025-12-06 15:00:00+00:00,35.223960250000005
2025-12-06 16:00:00+00:00,39.145029650000005
2025-12-06 17:00:00+00:00,42.30614635
2025-12-06 18:00:00+00:00,42.406791850000005
2025-12-06 19:00:00+00:00,39.635067449999994
2025-12-06 20:00:00+00:00,37.87082485
2025-12-06 21:00:00+00:00,38.803124049999994
2025-12-06 22:00:00+00:00,39.54983735
2025-12-06 23:00:00+00:00,36.401886266666665
2025-12-07 00:00:00+00:00,35.20024986666667
2025-12-07 01:00:00+00:00,32.56105656666667
2025-12-07 02:00:00+00:00,29.967344866666668
2025-12-07 03:00:00+00:00,28.616455666666667
2025-12-07 04:00:00+00:00,29.215998266666666
2025-12-07 05:00:00+00:00,30.502768566666663
2025-12-07 06:00:00+00:00,31.54965886666667
2025-12-07 07:00:00+00:00,31.29709946666667
2025-12-07 08:00:00+00:00,31.531165166666668
2025-12-07 09:00:00+00:00,31.252465366666666
2025-12-07 10:00:00+00:00,30.758546266666666
2025-12-07 11:00:00+00:00,31.40781146666666
2025-12-07 12:00:00+00:00,30.174934166666663
2025-12-07 13:00:00+00:00,28.751170666666667
2025-12-07 14:00:00+00:00,27.76324766666667
2025-12-07 15:00:00+00:00,28.47362076666667
2025-12-07 16:00:00+00:00,31.696942866666667
2025-12-07 17:00:00+00:00,34.844464366666664
2025-12-07 18:00:00+00:00,35.33226716666667
2025-12-07 19:00:00+00:00,32.88678736666667
2025-12-07 20:00:00+00:00,31.078723866666664
2025-12-07 21:00:00+00:00,31.827446366666667
2025-12-07 22:00:00+00:00,32.68690166666667
2025-12-07 23:00:00+00:00,31.233548500000005
2025-12-08 00:00:00+00:00,30.8607304
2025-12-08 01:00:00+00:00,29.3708683
2025-12-08 02:00:00+00:00,27.869059600000003
2025-12-08 03:00:00+00:00,27.824568100000004
2025-12-08 04:00:00+00:00,30.724161200000005
2025-12-08 05:00:00+00:00,36.0969877
2025-12-08 06:00:00+00:00,41.650485200000006
2025-12-08 07:00:00+00:00,43.2197393
2025-12-08 08:00:00+00:00,41.8631297
2025-12-08 09:00:00+00:00,39.459637300000004
2025-12-08 10:00:00+00:00,37.668963399999996
2025-12-08 11:00:00+00:00,37.46045169999999
2025-12-08 12:00:00+00:00,36.5450364
2025-12-08 13:00:00+00:00,37.2771475
2025-12-08 14:00:00+00:00,37.7372827
2025-12-08 15:00:00+00:00,39.8301661
2025-12-08 16:00:00+00:00,43.837164
2025-12-08 17:00:00+00:00,46.9069376
2025-12-08 18:00:00+00:00,47.0549519
2025-12-08 19:00:00+00:00,43.11074240000001
2025-12-08 20:00:00+00:00,39.7646126
2025-12-08 21:00:00+00:00,39.5389136
2025-12-08 22:00:00+00:00,39.244663700000004
2025-12-08 23:00:00+00:00,35.62301393333334
2025-12-09 00:00:00+00:00,34.14429283333334
2025-12-09 01:00:00+00:00,31.601767733333332
2025-12-09 02:00:00+00:00,29.251571433333336
2025-12-09 03:00:00+00:00,28.303998733333334
2025-12-09 04:00:00+00:00,30.370059633333337
2025-12-09 05:00:00+00:00,35.22179783333333
2025-12-09 06:00:00+00:00,40.209529133333334
2025-12-09 07:00:00+00:00,41.108297433333334
2025-12-09 08:00:00+00:00,38.87345763333333
2025-12-09 09:00:00+00:00,35.62969563333334
2025-12-09 10:00:00+00:00,33.83584383333334
2025-12-09 11:00:00+00:00,34.00365623333334
2025-12-09 12:00:00+00:00,33.36765343333334
2025-12-09 13:00:00+00:00,33.29453623333333
2025-12-09 14:00:00+00:00,32.49266633333333
2025-12-09 15:00:00+00:00,33.848834933333336
2025-12-09 16:00:00+00:00,37.78323183333333
2025-12-09 17:00:00+00:00,40.925657533333336
2025-12-09 18:00:00+00:00,41.335173033333334
2025-12-09 19:00:00+00:00,38.04923443333333
2025-12-09 20:00:00+00:00,35.50056193333333
2025-12-09 21:00:00+00:00,36.03031583333333
2025-12-09 22:00:00+00:00,36.641613533333334
2025-12-09 23:00:00+00:00,35.14177443333333
2025-12-10 00:00:00+00:00,34.54465003333333
2025-12-10 01:00:00+00:00,33.23206153333334
2025-12-10 02:00:00+00:00,31.967799333333332
2025-12-10 03:00:00+00:00,32.06416783333333
2025-12-10 04:00:00+00:00,35.10569663333333
2025-12-10 05:00:00+00:00,40.57142883333333
2025-12-10 06:00:00+00:00,46.12140563333333
2025-12-10 07:00:00+00:00,48.27429143333333
2025-12-10 08:00:00+00:00,48.091242533333336
2025-12-10 09:00:00+00:00,46.80973163333333
2025-12-10 10:00:00+00:00,46.00521453333333
2025-12-10 11:00:00+00:00,46.25055433333333
2025-12-10 12:00:00+00:00,45.49652243333333
2025-12-10 13:00:00+00:00,46.241629833333334
2025-12-10 14:00:00+00:00,46.03192283333333
2025-12-10 15:00:00+00:00,47.122987933333334
2025-12-10 16:00:00+00:00,50.56496083333333
2025-12-10 17:00:00+00:00,53.55735283333334
2025-12-10 18:00:00+00:00,53.69759753333334
2025-12-10 19:00:00+00:00,50.16360663333333
2025-12-10 20:00:00+00:00,47.16941213333333
2025-12-10 21:00:00+00:00,47.377916133333336
2025-12-10 22:00:00+00:00,47.63299523333334
2025-12-10 23:00:00+00:00,45.80865538333334
2025-12-11 00:00:00+00:00,44.41377308333333
2025-12-11 01:00:00+00:00,42.260041183333335
2025-12-11 02:00:00+00:00,40.19450178333334
2025-12-11 03:00:00+00:00,39.52784608333333
2025-12-11 04:00:00+00:00,42.030054183333334
2025-12-11 05:00:00+00:00,47.16370718333334
2025-12-11 06:00:00+00:00,52.62561408333333
2025-12-11 07:00:00+00:00,54.21526248333333
2025-12-11 08:00:00+00:00,53.103549783333335
2025-12-11 09:00:00+00:00,50.972439083333335
2025-12-11 10:00:00+00:00,49.44112998333333
2025-12-11 11:00:00+00:00,48.81697068333334
2025-12-11 12:00:00+00:00,47.238382783333336
2025-12-11 13:00:00+00:00,47.519985383333335
2025-12-11 14:00:00+00:00,46.87102038333333
2025-12-11 15:00:00+00:00,47.84026328333333
2025-12-11 16:00:00+00:00,51.136750883333335
2025-12-11 17:00:00+00:00,53.63790018333333
2025-12-11 18:00:00+00:00,53.36152558333333
2025-12-11 19:00:00+00:00,49.35409618333334
2025-12-11 20:00:00+00:00,46.13488088333334
2025-12-11 21:00:00+00:00,46.11783868333333
2025-12-11 22:00:00+00:00,45.82077928333333
2025-12-11 23:00:00+00:00,44.146896
2025-12-12 00:00:00+00:00,42.393631799999994
2025-12-12 01:00:00+00:00,40.6201435
2025-12-12 02:00:00+00:00,38.6699766
2025-12-12 03:00:00+00:00,38.2814855
2025-12-12 04:00:00+00:00,40.87913
2025-12-12 05:00:00+00:00,46.108641
2025-12-12 06:00:00+00:00,51.555336499999996
2025-12-12 07:00:00+00:00,53.6502652
2025-12-12 08:00:00+00:00,52.666754100000006
2025-12-12 09:00:00+00:00,50.554412299999996
2025-12-12 10:00:00+00:00,48.852717600000005
2025-12-12 11:00:00+00:00,48.4847235
2025-12-12 12:00:00+00:00,46.91919
2025-12-12 13:00:00+00:00,47.628422400000005
2025-12-12 14:00:00+00:00,48.60594160000001
2025-12-12 15:00:00+00:00,49.90445149999999
2025-12-12 16:00:00+00:00,53.636421
2025-12-12 17:00:00+00:00,55.8288734
2025-12-12 18:00:00+00:00,55.2509436
2025-12-12 19:00:00+00:00,52.1433318
2025-12-12 20:00:00+00:00,49.71675449999999
2025-12-12 21:00:00+00:00,50.04581279999999
2025-12-12 22:00:00+00:00,50.0924344
2025-12-12 23:00:00+00:00,47.93837293333333
2025-12-13 00:00:00+00:00,45.99243443333333
2025-12-13 01:00:00+00:00,43.97216683333333
2025-12-13 02:00:00+00:00,41.669091933333334
2025-12-13 03:00:00+00:00,40.70255343333333
2025-12-13 04:00:00+00:00,41.79767373333333
2025-12-13 05:00:00+00:00,44.12021453333333
2025-12-13 06:00:00+00:00,46.29579663333333
2025-12-13 07:00:00+00:00,47.63133043333333
2025-12-13 08:00:00+00:00,47.54606303333333
2025-12-13 09:00:00+00:00,46.13992973333333
2025-12-13 10:00:00+00:00,44.38865033333333
2025-12-13 11:00:00+00:00,44.23161853333333
2025-12-13 12:00:00+00:00,42.97585193333333
2025-12-13 13:00:00+00:00,43.09024193333333
2025-12-13 14:00:00+00:00,44.09124623333334
2025-12-13 15:00:00+00:00,45.736693333333335
2025-12-13 16:00:00+00:00,49.52181013333333
2025-12-13 17:00:00+00:00,52.02260173333333
2025-12-13 18:00:00+00:00,52.21877533333333
2025-12-13 19:00:00+00:00,49.73991723333334
2025-12-13 20:00:00+00:00,47.75384773333333
2025-12-13 21:00:00+00:00,48.597581633333334
2025-12-13 22:00:00+00:00,48.961877333333334
2025-12-13 23:00:00+00:00,47.932327566666665
2025-12-14 00:00:00+00:00,46.37694926666667
2025-12-14 01:00:00+00:00,44.03135146666666
2025-12-14 02:00:00+00:00,41.614273366666666
2025-12-14 03:00:00+00:00,40.45809546666666
2025-12-14 04:00:00+00:00,41.06031826666667
2025-12-14 05:00:00+00:00,42.662641666666666
2025-12-14 06:00:00+00:00,43.96046116666666
2025-12-14 07:00:00+00:00,44.42597286666667
2025-12-14 08:00:00+00:00,44.51021916666667
2025-12-14 09:00:00+00:00,43.84972726666666
2025-12-14 10:00:00+00:00,42.891413666666665
2025-12-14 11:00:00+00:00,43.004092166666666
2025-12-14 12:00:00+00:00,40.83033256666667
2025-12-14 13:00:00+00:00,39.89480616666667
2025-12-14 14:00:00+00:00,40.62654726666667
2025-12-14 15:00:00+00:00,41.94770306666667
2025-12-14 16:00:00+00:00,45.510039266666666
2025-12-14 17:00:00+00:00,48.27433886666667
2025-12-14 18:00:00+00:00,48.93098726666667
2025-12-14 19:00:00+00:00,46.45901416666667
2025-12-14 20:00:00+00:00,44.013236066666664
2025-12-14 21:00:00+00:00,43.95391956666666
2025-12-14 22:00:00+00:00,43.64204886666666
2025-12-14 23:00:00+00:00,41.261528133333336
2025-12-15 00:00:00+00:00,39.35425943333333
2025-12-15 01:00:00+00:00,36.681806433333335
2025-12-15 02:00:00+00:00,34.232730133333334
2025-12-15 03:00:00+00:00,33.316107933333335
2025-12-15 04:00:00+00:00,35.78066183333334
2025-12-15 05:00:00+00:00,40.73720183333333
2025-12-15 06:00:00+00:00,46.01236813333334
2025-12-15 07:00:00+00:00,48.00493343333333
2025-12-15 08:00:00+00:00,46.67225433333333
2025-12-15 09:00:00+00:00,44.06218743333334
2025-12-15 10:00:00+00:00,42.70682213333333
2025-12-15 11:00:00+00:00,43.13740353333333
2025-12-15 12:00:00+00:00,42.57190393333333
2025-12-15 13:00:00+00:00,42.58443493333333
2025-12-15 14:00:00+00:00,43.11164433333333
2025-12-15 15:00:00+00:00,43.42877323333333
2025-12-15 16:00:00+00:00,46.448213233333334
2025-12-15 17:00:00+00:00,48.65796093333334
2025-12-15 18:00:00+00:00,48.47952013333334
2025-12-15 19:00:00+00:00,45.13997003333333
2025-12-15 20:00:00+00:00,42.17062753333333
2025-12-15 21:00:00+00:00,42.286738033333336
2025-12-15 22:00:00+00:00,42.36512983333333
2025-12-15 23:00:00+00:00,38.98258316666667
2025-12-16 00:00:00+00:00,37.719441966666665
2025-12-16 01:00:00+00:00,36.29523006666666
2025-12-16 02:00:00+00:00,34.97779296666667
2025-12-16 03:00:00+00:00,34.98124366666667
2025-12-16 04:00:00+00:00,37.878720566666665
2025-12-16 05:00:00+00:00,43.53923916666667
2025-12-16 06:00:00+00:00,49.49058456666667
2025-12-16 07:00:00+00:00,52.078657066666665
2025-12-16 08:00:00+00:00,51.338484666666666
2025-12-16 09:00:00+00:00,49.71038216666666
2025-12-16 10:00:00+00:00,49.00101166666666
2025-12-16 11:00:00+00:00,49.21279176666667
2025-12-16 12:00:00+00:00,48.64632316666667
2025-12-16 13:00:00+00:00,49.23875366666667
2025-12-16 14:00:00+00:00,50.473406366666666
2025-12-16 15:00:00+00:00,51.47477126666667
2025-12-16 16:00:00+00:00,54.872220966666674
2025-12-16 17:00:00+00:00,57.343761266666675
2025-12-16 18:00:00+00:00,57.23700926666667
2025-12-16 19:00:00+00:00,53.96908596666667
2025-12-16 20:00:00+00:00,50.93620536666666
2025-12-16 21:00:00+00:00,51.085272466666666
2025-12-16 22:00:00+00:00,50.76621756666667
2025-12-16 23:00:00+00:00,48.10890523333333
2025-12-17 00:00:00+00:00,46.55295613333334
2025-12-17 01:00:00+00:00,44.782662933333334
2025-12-17 02:00:00+00:00,43.028361733333334
2025-12-17 03:00:00+00:00,42.504309533333334
2025-12-17 04:00:00+00:00,44.92060513333333
2025-12-17 05:00:00+00:00,49.964442733333335
2025-12-17 06:00:00+00:00,55.187825133333334
2025-12-17 07:00:00+00:00,57.498607533333335
2025-12-17 08:00:00+00:00,56.62937603333334
2025-12-17 09:00:00+00:00,54.39701233333333
2025-12-17 10:00:00+00:00,52.92415633333333
2025-12-17 11:00:00+00:00,52.207902133333334
2025-12-17 12:00:00+00:00,50.384345333333336
2025-12-17 13:00:00+00:00,49.946293833333335
2025-12-17 14:00:00+00:00,50.45113393333333
2025-12-17 15:00:00+00:00,50.811217033333335
2025-12-17 16:00:00+00:00,53.390286333333336
2025-12-17 17:00:00+00:00,55.010095533333335
2025-12-17 18:00:00+00:00,54.02513653333334
2025-12-17 19:00:00+00:00,49.866368333333334
2025-12-17 20:00:00+00:00,45.88430683333333
2025-12-17 21:00:00+00:00,45.00416643333333
2025-12-17 22:00:00+00:00,44.044406433333336
2025-12-17 23:00:00+00:00,40.68981445
2025-12-18 00:00:00+00:00,38.77030415
2025-12-18 01:00:00+00:00,36.38864595
2025-12-18 02:00:00+00:00,34.08735885
2025-12-18 03:00:00+00:00,33.068271450000005
2025-12-18 04:00:00+00:00,35.11595965
2025-12-18 05:00:00+00:00,40.08140305
2025-12-18 06:00:00+00:00,45.370335850000004
2025-12-18 07:00:00+00:00,46.76824505
2025-12-18 08:00:00+00:00,44.832758350000006
2025-12-18 09:00:00+00:00,41.969349449999996
2025-12-18 10:00:00+00:00,39.74601085
2025-12-18 11:00:00+00:00,38.54794904999999
2025-12-18 12:00:00+00:00,36.76464795
2025-12-18 13:00:00+00:00,35.94754185
2025-12-18 14:00:00+00:00,36.32294215
2025-12-18 15:00:00+00:00,36.941450849999995
2025-12-18 16:00:00+00:00,40.33523455
2025-12-18 17:00:00+00:00,42.79156945000001
2025-12-18 18:00:00+00:00,42.65232515
2025-12-18 19:00:00+00:00,39.51916955
2025-12-18 20:00:00+00:00,36.740207350000006
2025-12-18 21:00:00+00:00,37.08437295
2025-12-18 22:00:00+00:00,37.54538835
2025-12-18 23:00:00+00:00,33.72703168333334
2025-12-19 00:00:00+00:00,33.05815928333334
2025-12-19 01:00:00+00:00,32.296618583333334
2025-12-19 02:00:00+00:00,31.41719638333333
2025-12-19 03:00:00+00:00,32.16759158333333
2025-12-19 04:00:00+00:00,35.551173483333336
2025-12-19 05:00:00+00:00,41.22829538333333
2025-12-19 06:00:00+00:00,47.504969583333335
2025-12-19 07:00:00+00:00,50.97591488333333
2025-12-19 08:00:00+00:00,51.48956568333333
2025-12-19 09:00:00+00:00,51.223701283333334
2025-12-19 10:00:00+00:00,51.537926383333335
2025-12-19 11:00:00+00:00,51.781728183333335
2025-12-19 12:00:00+00:00,51.092641283333336
2025-12-19 13:00:00+00:00,51.01938148333333
2025-12-19 14:00:00+00:00,50.98556128333334
2025-12-19 15:00:00+00:00,51.38679878333333
2025-12-19 16:00:00+00:00,54.82884998333333
2025-12-19 17:00:00+00:00,57.33207148333334
2025-12-19 18:00:00+00:00,56.80570418333333
2025-12-19 19:00:00+00:00,53.72859868333333
2025-12-19 20:00:00+00:00,51.128930483333335
2025-12-19 21:00:00+00:00,51.51436628333334
2025-12-19 22:00:00+00:00,51.389032183333335
2025-12-19 23:00:00+00:00,48.75076223333333
2025-12-20 00:00:00+00:00,46.88104383333334
2025-12-20 01:00:00+00:00,44.513200133333335
2025-12-20 02:00:00+00:00,41.858566233333335
2025-12-20 03:00:00+00:00,40.80899383333333
2025-12-20 04:00:00+00:00,41.63201633333334
2025-12-20 05:00:00+00:00,43.42683963333333
2025-12-20 06:00:00+00:00,45.342710833333335
2025-12-20 07:00:00+00:00,46.80066843333333
2025-12-20 08:00:00+00:00,47.36137803333333
2025-12-20 09:00:00+00:00,46.97063583333333
2025-12-20 10:00:00+00:00,46.851175133333335
2025-12-20 11:00:00+00:00,47.257450033333335
2025-12-20 12:00:00+00:00,46.026000233333335
2025-12-20 13:00:00+00:00,45.019741833333335
2025-12-20 14:00:00+00:00,44.57862903333333
2025-12-20 15:00:00+00:00,44.85634313333334
2025-12-20 16:00:00+00:00,47.535494433333334
2025-12-20 17:00:00+00:00,49.500879133333335
2025-12-20 18:00:00+00:00,49.292359033333334
2025-12-20 19:00:00+00:00,46.441005133333334
2025-12-20 20:00:00+00:00,44.30102483333333
2025-12-20 21:00:00+00:00,45.054283633333334
2025-12-20 22:00:00+00:00,45.70371973333334
2025-12-20 23:00:00+00:00,43.8747053
2025-12-21 00:00:00+00:00,42.5929204
2025-12-21 01:00:00+00:00,40.9566765
2025-12-21 02:00:00+00:00,38.7190626
2025-12-21 03:00:00+00:00,38.077877099999995
2025-12-21 04:00:00+00:00,38.774682999999996
2025-12-21 05:00:00+00:00,39.7787262
2025-12-21 06:00:00+00:00,40.804437899999996
2025-12-21 07:00:00+00:00,41.9187959
2025-12-21 08:00:00+00:00,43.0913602
2025-12-21 09:00:00+00:00,44.281537900000004
2025-12-21 10:00:00+00:00,45.5193981
2025-12-21 11:00:00+00:00,46.4620956
2025-12-21 12:00:00+00:00,45.3130078
2025-12-21 13:00:00+00:00,44.0940207
2025-12-21 14:00:00+00:00,43.2456618
2025-12-21 15:00:00+00:00,43.232407300000006
2025-12-21 16:00:00+00:00,46.0823432
2025-12-21 17:00:00+00:00,48.7304691
2025-12-21 18:00:00+00:00,49.209519
2025-12-21 19:00:00+00:00,46.540952
2025-12-21 20:00:00+00:00,44.8430972
2025-12-21 21:00:00+00:00,45.851245899999995
2025-12-21 22:00:00+00:00,46.1596589
2025-12-21 23:00:00+00:00,38.40884548333334
2025-12-22 00:00:00+00:00,36.998399383333336
2025-12-22 01:00:00+00:00,35.36013788333334
2025-12-22 02:00:00+00:00,33.58727448333333
2025-12-22 03:00:00+00:00,33.74595948333334
2025-12-22 04:00:00+00:00,36.721931983333334
2025-12-22 05:00:00+00:00,41.179652983333334
2025-12-22 06:00:00+00:00,46.010683283333336
2025-12-22 07:00:00+00:00,49.58802598333333
2025-12-22 08:00:00+00:00,51.23495388333333
2025-12-22 09:00:00+00:00,51.381237883333334
2025-12-22 10:00:00+00:00,51.53515598333333
2025-12-22 11:00:00+00:00,51.61752228333334
2025-12-22 12:00:00+00:00,50.65170188333333
2025-12-22 13:00:00+00:00,50.32606728333333
2025-12-22 14:00:00+00:00,50.26920698333333
2025-12-22 15:00:00+00:00,50.70574528333333
2025-12-22 16:00:00+00:00,53.301091783333334
2025-12-22 17:00:00+00:00,55.43096318333333
2025-12-22 18:00:00+00:00,55.33570508333334
2025-12-22 19:00:00+00:00,52.15538988333333
2025-12-22 20:00:00+00:00,49.48805408333333
2025-12-22 21:00:00+00:00,49.93846078333334
2025-12-22 22:00:00+00:00,50.200294783333334
2025-12-22 23:00:00+00:00,49.375346316666665
2025-12-23 00:00:00+00:00,48.01292621666667
2025-12-23 01:00:00+00:00,46.31777211666667
2025-12-23 02:00:00+00:00,44.20652551666667
2025-12-23 03:00:00+00:00,43.54259451666667
2025-12-23 04:00:00+00:00,45.79186061666667
2025-12-23 05:00:00+00:00,49.49002901666667
2025-12-23 06:00:00+00:00,53.507756816666664
2025-12-23 07:00:00+00:00,55.91593961666666
2025-12-23 08:00:00+00:00,55.83671361666667
2025-12-23 09:00:00+00:00,54.56561951666667
2025-12-23 10:00:00+00:00,53.38689361666667
2025-12-23 11:00:00+00:00,52.60021561666666
2025-12-23 12:00:00+00:00,51.10533431666667
2025-12-23 13:00:00+00:00,50.40591121666667
2025-12-23 14:00:00+00:00,49.90176121666667
2025-12-23 15:00:00+00:00,49.781329016666675
2025-12-23 16:00:00+00:00,51.426399816666674
2025-12-23 17:00:00+00:00,52.385824916666664
2025-12-23 18:00:00+00:00,51.615131516666665
2025-12-23 19:00:00+00:00,48.232136616666665
2025-12-23 20:00:00+00:00,45.574505916666666
2025-12-23 21:00:00+00:00,45.84730291666666
2025-12-23 22:00:00+00:00,45.795032416666665
2025-12-23 23:00:00+00:00,41.29816541666668
2025-12-24 00:00:00+00:00,39.36231381666667
2025-12-24 01:00:00+00:00,36.629327316666675
2025-12-24 02:00:00+00:00,33.653111816666666
2025-12-24 03:00:00+00:00,32.13918591666667
2025-12-24 04:00:00+00:00,33.240397816666665
2025-12-24 05:00:00+00:00,35.61614361666666
2025-12-24 06:00:00+00:00,38.23242211666667
2025-12-24 07:00:00+00:00,40.04989401666667
2025-12-24 08:00:00+00:00,40.10372541666667
2025-12-24 09:00:00+00:00,38.71755961666666
2025-12-24 10:00:00+00:00,37.06237711666667
2025-12-24 11:00:00+00:00,35.92829331666667
2025-12-24 12:00:00+00:00,34.57679791666667
2025-12-24 13:00:00+00:00,34.612941516666666
2025-12-24 14:00:00+00:00,35.28546401666667
2025-12-24 15:00:00+00:00,36.35002011666667
2025-12-24 16:00:00+00:00,39.08074281666667
2025-12-24 17:00:00+00:00,40.06716291666667
2025-12-24 18:00:00+00:00,38.89310961666667
2025-12-24 19:00:00+00:00,35.53345011666667
2025-12-24 20:00:00+00:00,33.735352816666676
2025-12-24 21:00:00+00:00,35.54349031666666
2025-12-24 22:00:00+00:00,37.50869821666667
2025-12-24 23:00:00+00:00,36.80706728333333
2025-12-25 00:00:00+00:00,36.54552748333333
2025-12-25 01:00:00+00:00,35.37031278333333
2025-12-25 02:00:00+00:00,33.26373918333333
2025-12-25 03:00:00+00:00,31.93816258333333
2025-12-25 04:00:00+00:00,32.59325078333333
2025-12-25 05:00:00+00:00,33.83805848333333
2025-12-25 06:00:00+00:00,34.73182468333333
2025-12-25 07:00:00+00:00,35.33084658333334
2025-12-25 08:00:00+00:00,35.19507618333333
2025-12-25 09:00:00+00:00,35.39990068333333
2025-12-25 10:00:00+00:00,35.55636008333333
2025-12-25 11:00:00+00:00,36.21801148333333
2025-12-25 12:00:00+00:00,35.21348988333334
2025-12-25 13:00:00+00:00,34.852876183333336
2025-12-25 14:00:00+00:00,35.82075848333333
2025-12-25 15:00:00+00:00,37.56259048333334
2025-12-25 16:00:00+00:00,41.110824683333334
2025-12-25 17:00:00+00:00,43.65424158333333
2025-12-25 18:00:00+00:00,45.233530583333334
2025-12-25 19:00:00+00:00,44.80607668333334
2025-12-25 20:00:00+00:00,44.42644168333334
2025-12-25 21:00:00+00:00,46.32788848333333
2025-12-25 22:00:00+00:00,47.799212883333325
2025-12-25 23:00:00+00:00,46.72435481666666
2025-12-26 00:00:00+00:00,45.786587716666666
2025-12-26 01:00:00+00:00,44.07087211666666
2025-12-26 02:00:00+00:00,42.34767071666667
2025-12-26 03:00:00+00:00,41.65628711666667
2025-12-26 04:00:00+00:00,43.25980491666667
2025-12-26 05:00:00+00:00,45.54702821666666
2025-12-26 06:00:00+00:00,47.68202891666667
2025-12-26 07:00:00+00:00,49.18333341666667
2025-12-26 08:00:00+00:00,49.41867991666667
2025-12-26 09:00:00+00:00,48.87311591666666
2025-12-26 10:00:00+00:00,48.23324081666667
2025-12-26 11:00:00+00:00,48.37916691666668
2025-12-26 12:00:00+00:00,46.81436801666667
2025-12-26 13:00:00+00:00,45.95048511666667
2025-12-26 14:00:00+00:00,45.937612216666665
2025-12-26 15:00:00+00:00,46.390253216666665
2025-12-26 16:00:00+00:00,49.552067316666665
2025-12-26 17:00:00+00:00,51.64409661666666
2025-12-26 18:00:00+00:00,52.11173411666667
2025-12-26 19:00:00+00:00,49.73057981666667
2025-12-26 20:00:00+00:00,48.115776016666665
2025-12-26 21:00:00+00:00,49.193418816666664
2025-12-26 22:00:00+00:00,50.132430516666666
2025-12-26 23:00:00+00:00,48.37702031666667
2025-12-27 00:00:00+00:00,47.471232216666664
2025-12-27 01:00:00+00:00,45.55672391666667
2025-12-27 02:00:00+00:00,43.270534616666666
2025-12-27 03:00:00+00:00,42.26526091666666
2025-12-27 04:00:00+00:00,43.294387416666666
2025-12-27 05:00:00+00:00,44.96125601666667
2025-12-27 06:00:00+00:00,46.56526171666667
2025-12-27 07:00:00+00:00,47.840279116666665
2025-12-27 08:00:00+00:00,47.87277831666667
2025-12-27 09:00:00+00:00,47.04767371666667
2025-12-27 10:00:00+00:00,46.485295216666664
2025-12-27 11:00:00+00:00,46.64469141666666
2025-12-27 12:00:00+00:00,45.42098021666666
2025-12-27 13:00:00+00:00,45.044905316666664
2025-12-27 14:00:00+00:00,45.71942801666667
2025-12-27 15:00:00+00:00,46.887371216666665
2025-12-27 16:00:00+00:00,49.720348816666665
2025-12-27 17:00:00+00:00,51.413825216666666
2025-12-27 18:00:00+00:00,52.04148911666667
2025-12-27 19:00:00+00:00,49.84225241666667
2025-12-27 20:00:00+00:00,47.968809316666665
2025-12-27 21:00:00+00:00,48.924308616666664
2025-12-27 22:00:00+00:00,49.83685361666667
2025-12-27 23:00:00+00:00,48.30010506666667
2025-12-28 00:00:00+00:00,46.988657366666665
2025-12-28 01:00:00+00:00,45.12886466666667
2025-12-28 02:00:00+00:00,42.80941776666666
2025-12-28 03:00:00+00:00,41.573886766666675
2025-12-28 04:00:00+00:00,42.069016266666665
2025-12-28 05:00:00+00:00,43.43163586666667
2025-12-28 06:00:00+00:00,44.92325166666667
2025-12-28 07:00:00+00:00,46.545922266666665
2025-12-28 08:00:00+00:00,46.870712766666664
2025-12-28 09:00:00+00:00,46.422484466666674
2025-12-28 10:00:00+00:00,45.98512436666667
2025-12-28 11:00:00+00:00,46.13740706666667
2025-12-28 12:00:00+00:00,44.53168186666667
2025-12-28 13:00:00+00:00,43.979160066666665
2025-12-28 14:00:00+00:00,44.973463466666665
2025-12-28 15:00:00+00:00,46.79283676666667
2025-12-28 16:00:00+00:00,50.87505916666667
2025-12-28 17:00:00+00:00,53.920093166666675
2025-12-28 18:00:00+00:00,55.621099566666665
2025-12-28 19:00:00+00:00,54.24750896666667
2025-12-28 20:00:00+00:00,53.005569066666666
2025-12-28 21:00:00+00:00,54.54939666666667
2025-12-28 22:00:00+00:00,55.58786536666667
2025-12-28 23:00:00+00:00,52.94370073333333
2025-12-29 00:00:00+00:00,52.08274503333333
2025-12-29 01:00:00+00:00,51.07514693333333
2025-12-29 02:00:00+00:00,49.46599833333333
2025-12-29 03:00:00+00:00,49.222387033333334
2025-12-29 04:00:00+00:00,50.99886323333333
2025-12-29 05:00:00+00:00,54.208727933333336
2025-12-29 06:00:00+00:00,57.12333973333334
2025-12-29 07:00:00+00:00,59.97888903333334
2025-12-29 08:00:00+00:00,60.23533403333333
2025-12-29 09:00:00+00:00,58.602587033333336
2025-12-29 10:00:00+00:00,56.38270753333333
2025-12-29 11:00:00+00:00,54.84681663333334
2025-12-29 12:00:00+00:00,52.33649383333333
2025-12-29 13:00:00+00:00,51.33426673333333
2025-12-29 14:00:00+00:00,51.573879733333335
2025-12-29 15:00:00+00:00,52.92533803333333
2025-12-29 16:00:00+00:00,56.643245033333336
2025-12-29 17:00:00+00:00,58.88818393333333
2025-12-29 18:00:00+00:00,59.56660733333334
2025-12-29 19:00:00+00:00,56.82450833333334
2025-12-29 20:00:00+00:00,54.250316233333336
2025-12-29 21:00:00+00:00,54.56542293333333
2025-12-29 22:00:00+00:00,54.19790333333333
2025-12-29 23:00:00+00:00,52.125434416666664
2025-12-30 00:00:00+00:00,50.24692941666667
2025-12-30 01:00:00+00:00,48.04889381666667
2025-12-30 02:00:00+00:00,45.584982116666666
2025-12-30 03:00:00+00:00,44.47505041666667
2025-12-30 04:00:00+00:00,45.540990916666665
2025-12-30 05:00:00+00:00,48.519931916666664
2025-12-30 06:00:00+00:00,51.633284716666665
2025-12-30 07:00:00+00:00,54.321902816666665
2025-12-30 08:00:00+00:00,54.756543416666666
2025-12-30 09:00:00+00:00,53.58257751666666
2025-12-30 10:00:00+00:00,51.94420771666667
2025-12-30 11:00:00+00:00,50.15228641666667
2025-12-30 12:00:00+00:00,47.47417891666666
2025-12-30 13:00:00+00:00,46.59479031666667
2025-12-30 14:00:00+00:00,47.08637791666666
2025-12-30 15:00:00+00:00,48.749351716666666
2025-12-30 16:00:00+00:00,52.71456191666666
2025-12-30 17:00:00+00:00,55.09864061666666
2025-12-30 18:00:00+00:00,56.53117921666667
2025-12-30 19:00:00+00:00,54.79612101666666
2025-12-30 20:00:00+00:00,52.41587351666667
2025-12-30 21:00:00+00:00,53.28209401666666
2025-12-30 22:00:00+00:00,53.69781591666667
2025-12-30 23:00:00+00:00,51.52500311666667
2025-12-31 00:00:00+00:00,50.43666771666667
2025-12-31 01:00:00+00:00,49.06779221666667
2025-12-31 02:00:00+00:00,47.06624481666667
2025-12-31 03:00:00+00:00,46.62752021666667
2025-12-31 04:00:00+00:00,48.37648381666666
2025-12-31 05:00:00+00:00,51.86720871666667
2025-12-31 06:00:00+00:00,55.164344616666675
2025-12-31 07:00:00+00:00,58.21113921666667
2025-12-31 08:00:00+00:00,58.978329216666666
2025-12-31 09:00:00+00:00,58.00776701666667
2025-12-31 10:00:00+00:00,56.307044516666664
2025-12-31 11:00:00+00:00,55.02480371666667
2025-12-31 12:00:00+00:00,53.032294416666666
2025-12-31 13:00:00+00:00,52.81877201666667
2025-12-31 14:00:00+00:00,53.75484831666667
2025-12-31 15:00:00+00:00,55.67176471666667
2025-12-31 16:00:00+00:00,59.822238516666665
2025-12-31 17:00:00+00:00,61.77434251666667
2025-12-31 18:00:00+00:00,61.69793431666666
2025-12-31 19:00:00+00:00,58.69951351666666
2025-12-31 20:00:00+00:00,55.97837461666667
2025-12-31 21:00:00+00:00,57.365473116666664
2025-12-31 22:00:00+00:00,58.76146681666666
2025-12-31 23:00:00+00:00,61.11842433333333
2026-01-01 00:00:00+00:00,60.96646773333333
2026-01-01 01:00:00+00:00,59.36148203333333
2026-01-01 02:00:00+00:00,56.78088343333333
2026-01-01 03:00:00+00:00,54.91178193333333
2026-01-01 04:00:00+00:00,54.527345733333334
2026-01-01 05:00:00+00:00,54.64368303333333
2026-01-01 06:00:00+00:00,54.52888203333333
2026-01-01 07:00:00+00:00,54.31105153333333
2026-01-01 08:00:00+00:00,52.74554533333334
2026-01-01 09:00:00+00:00,50.89568453333332
2026-01-01 10:00:00+00:00,49.18166433333334
2026-01-01 11:00:00+00:00,48.52180663333333
2026-01-01 12:00:00+00:00,46.67546883333333
2026-01-01 13:00:00+00:00,46.02512073333334
2026-01-01 14:00:00+00:00,46.44307343333334
2026-01-01 15:00:00+00:00,48.50665383333333
2026-01-01 16:00:00+00:00,52.47579853333333
2026-01-01 17:00:00+00:00,54.94697743333333
2026-01-01 18:00:00+00:00,56.50125803333333
2026-01-01 19:00:00+00:00,55.44714183333333
2026-01-01 20:00:00+00:00,53.746257533333335
2026-01-01 21:00:00+00:00,54.628549033333336
2026-01-01 22:00:00+00:00,54.499683733333335
2026-01-01 23:00:00+00:00,50.71711786666667
2026-01-02 00:00:00+00:00,50.04898516666667
2026-01-02 01:00:00+00:00,48.57439386666667
2026-01-02 02:00:00+00:00,46.94964136666667
2026-01-02 03:00:00+00:00,46.564886666666666
2026-01-02 04:00:00+00:00,48.20161816666667
2026-01-02 05:00:00+00:00,50.85793086666667
2026-01-02 06:00:00+00:00,53.360434866666665
2026-01-02 07:00:00+00:00,55.59634026666666
2026-01-02 08:00:00+00:00,56.242183866666664
2026-01-02 09:00:00+00:00,55.39430376666667
2026-01-02 10:00:00+00:00,53.70678196666667
2026-01-02 11:00:00+00:00,53.038899966666676
2026-01-02 12:00:00+00:00,50.82528356666667
2026-01-02 13:00:00+00:00,50.422865166666675
2026-01-02 14:00:00+00:00,51.21990056666666
2026-01-02 15:00:00+00:00,53.55789116666667
2026-01-02 16:00:00+00:00,57.87116976666667
2026-01-02 17:00:00+00:00,60.853368466666666
2026-01-02 18:00:00+00:00,62.02834256666667
2026-01-02 19:00:00+00:00,59.770614566666666
2026-01-02 20:00:00+00:00,57.25958196666666
2026-01-02 21:00:00+00:00,57.77371866666666
2026-01-02 22:00:00+00:00,57.830853566666676
2026-01-02 23:00:00+00:00,57.86989473333334
2026-01-03 00:00:00+00:00,56.93028303333333
2026-01-03 01:00:00+00:00,54.606911133333334
2026-01-03 02:00:00+00:00,51.91866293333334
2026-01-03 03:00:00+00:00,50.40603143333333
2026-01-03 04:00:00+00:00,50.87480453333333
2026-01-03 05:00:00+00:00,52.25110013333334
2026-01-03 06:00:00+00:00,53.88206583333333
2026-01-03 07:00:00+00:00,55.94734533333333
2026-01-03 08:00:00+00:00,56.796737233333324
2026-01-03 09:00:00+00:00,55.94942783333333
2026-01-03 10:00:00+00:00,54.42077513333332
2026-01-03 11:00:00+00:00,53.648991633333324
2026-01-03 12:00:00+00:00,51.64568883333333
2026-01-03 13:00:00+00:00,51.78495033333334
2026-01-03 14:00:00+00:00,53.47866503333333
2026-01-03 15:00:00+00:00,56.99419103333334
2026-01-03 16:00:00+00:00,61.74970773333334
2026-01-03 17:00:00+00:00,64.79708413333333
2026-01-03 18:00:00+00:00,65.58110683333332
2026-01-03 19:00:00+00:00,62.58726503333334
2026-01-03 20:00:00+00:00,59.61340283333334
2026-01-03 21:00:00+00:00,60.09054863333334
2026-01-03 22:00:00+00:00,60.27577703333333
2026-01-03 23:00:00+00:00,59.16902983333333
2026-01-04 00:00:00+00:00,58.24725323333333
2026-01-04 01:00:00+00:00,56.215732933333335
2026-01-04 02:00:00+00:00,54.01559973333333
2026-01-04 03:00:00+00:00,52.94082983333333
2026-01-04 04:00:00+00:00,53.41077733333333
2026-01-04 05:00:00+00:00,54.90545723333334
2026-01-04 06:00:00+00:00,56.73322073333333
2026-01-04 07:00:00+00:00,58.47939823333333
2026-01-04 08:00:00+00:00,58.49857573333333
2026-01-04 09:00:00+00:00,57.10427753333333
2026-01-04 10:00:00+00:00,55.46554363333333
2026-01-04 11:00:00+00:00,54.83179543333334
2026-01-04 12:00:00+00:00,52.53246193333334
2026-01-04 13:00:00+00:00,52.18641023333334
2026-01-04 14:00:00+00:00,53.46168523333333
2026-01-04 15:00:00+00:00,57.248559233333324
2026-01-04 16:00:00+00:00,62.86720673333333
2026-01-04 17:00:00+00:00,67.18827243333332
2026-01-04 18:00:00+00:00,68.85712133333334
2026-01-04 19:00:00+00:00,65.92202603333334
2026-01-04 20:00:00+00:00,62.89658273333333
2026-01-04 21:00:00+00:00,63.12531723333333
2026-01-04 22:00:00+00:00,63.07056383333334
2026-01-04 23:00:00+00:00,57.53788328333333
2026-01-05 00:00:00+00:00,57.235696383333334
2026-01-05 01:00:00+00:00,55.65245568333333
2026-01-05 02:00:00+00:00,53.80318448333334
2026-01-05 03:00:00+00:00,53.51566658333333
2026-01-05 04:00:00+00:00,56.17241738333333
2026-01-05 05:00:00+00:00,61.884334683333336
2026-01-05 06:00:00+00:00,68.12255218333334
2026-01-05 07:00:00+00:00,72.15347628333333
2026-01-05 08:00:00+00:00,71.45011888333333
2026-01-05 09:00:00+00:00,68.34885608333335
2026-01-05 10:00:00+00:00,65.43283528333333
2026-01-05 11:00:00+00:00,63.56523168333333
2026-01-05 12:00:00+00:00,60.84796018333333
2026-01-05 13:00:00+00:00,60.973487283333334
2026-01-05 14:00:00+00:00,62.33595658333333
2026-01-05 15:00:00+00:00,65.34427828333334
2026-01-05 16:00:00+00:00,69.73269428333334
2026-01-05 17:00:00+00:00,72.57263388333334
2026-01-05 18:00:00+00:00,72.57371998333335
2026-01-05 19:00:00+00:00,68.28631548333333
2026-01-05 20:00:00+00:00,64.41830258333334
2026-01-05 21:00:00+00:00,63.77232238333334
2026-01-05 22:00:00+00:00,63.19281618333333
2026-01-05 23:00:00+00:00,59.7478576
2026-01-06 00:00:00+00:00,58.774401600000004
2026-01-06 01:00:00+00:00,57.174823399999994
2026-01-06 02:00:00+00:00,55.564547700000006
2026-01-06 03:00:00+00:00,55.3305258
2026-01-06 04:00:00+00:00,57.806240100000004
2026-01-06 05:00:00+00:00,63.3346244
2026-01-06 06:00:00+00:00,69.6557837
2026-01-06 07:00:00+00:00,73.7087476
2026-01-06 08:00:00+00:00,73.04795159999999
2026-01-06 09:00:00+00:00,70.1352821
2026-01-06 10:00:00+00:00,67.2288784
2026-01-06 11:00:00+00:00,65.00040349999999
2026-01-06 12:00:00+00:00,61.909219500000006
2026-01-06 13:00:00+00:00,61.736056999999995
2026-01-06 14:00:00+00:00,62.75841449999999
2026-01-06 15:00:00+00:00,65.70264209999999
2026-01-06 16:00:00+00:00,70.1062534
2026-01-06 17:00:00+00:00,72.7338318
2026-01-06 18:00:00+00:00,72.325293
2026-01-06 19:00:00+00:00,67.7038632
2026-01-06 20:00:00+00:00,63.526477799999995
2026-01-06 21:00:00+00:00,62.2938364
2026-01-06 22:00:00+00:00,60.8345221
2026-01-06 23:00:00+00:00,56.57303761666666
2026-01-07 00:00:00+00:00,54.66265161666667
2026-01-07 01:00:00+00:00,52.25020631666666
2026-01-07 02:00:00+00:00,49.68784411666666
2026-01-07 03:00:00+00:00,48.600728816666674
2026-01-07 04:00:00+00:00,50.39965461666667
2026-01-07 05:00:00+00:00,55.04054361666667
2026-01-07 06:00:00+00:00,60.39104031666666
2026-01-07 07:00:00+00:00,63.97614071666667
2026-01-07 08:00:00+00:00,63.63008001666667
2026-01-07 09:00:00+00:00,61.51621451666668
2026-01-07 10:00:00+00:00,59.96906921666666
2026-01-07 11:00:00+00:00,59.25475071666666
2026-01-07 12:00:00+00:00,57.28329901666666
2026-01-07 13:00:00+00:00,57.52918531666668
2026-01-07 14:00:00+00:00,58.48759981666667
2026-01-07 15:00:00+00:00,60.935436016666664
2026-01-07 16:00:00+00:00,65.19445601666666
2026-01-07 17:00:00+00:00,68.26740061666668
2026-01-07 18:00:00+00:00,68.53737051666667
2026-01-07 19:00:00+00:00,64.60844391666667
2026-01-07 20:00:00+00:00,60.99398851666666
2026-01-07 21:00:00+00:00,60.49090781666668
2026-01-07 22:00:00+00:00,59.45682261666667
2026-01-07 23:00:00+00:00,60.23357003333333
2026-01-08 00:00:00+00:00,58.90664913333333
2026-01-08 01:00:00+00:00,56.83995013333334
2026-01-08 02:00:00+00:00,54.57810353333334
2026-01-08 03:00:00+00:00,53.850258633333326
2026-01-08 04:00:00+00:00,55.958979533333334
2026-01-08 05:00:00+00:00,60.73683513333333
2026-01-08 06:00:00+00:00,66.60442293333334
2026-01-08 07:00:00+00:00,69.70896073333333
2026-01-08 08:00:00+00:00,69.63209083333334
2026-01-08 09:00:00+00:00,67.95570893333334
2026-01-08 10:00:00+00:00,65.73264103333334
2026-01-08 11:00:00+00:00,63.73814443333334
2026-01-08 12:00:00+00:00,60.45328883333333
2026-01-08 13:00:00+00:00,58.690623333333335
2026-01-08 14:00:00+00:00,56.78809833333333
2026-01-08 15:00:00+00:00,56.34320123333333
2026-01-08 16:00:00+00:00,58.565921933333335
2026-01-08 17:00:00+00:00,60.57496273333334
2026-01-08 18:00:00+00:00,59.57133293333334
2026-01-08 19:00:00+00:00,54.77063463333333
2026-01-08 20:00:00+00:00,51.07070843333334
2026-01-08 21:00:00+00:00,50.28995363333334
2026-01-08 22:00:00+00:00,49.75949543333334
2026-01-08 23:00:00+00:00,47.20550215
2026-01-09 00:00:00+00:00,45.672033150000004
2026-01-09 01:00:00+00:00,43.36460915000001
2026-01-09 02:00:00+00:00,40.818613150000004
2026-01-09 03:00:00+00:00,40.05671715
2026-01-09 04:00:00+00:00,42.14191195000001
2026-01-09 05:00:00+00:00,46.814112449999996
2026-01-09 06:00:00+00:00,52.28188804999999
2026-01-09 07:00:00+00:00,55.969955350000006
2026-01-09 08:00:00+00:00,56.80689505000001
2026-01-09 09:00:00+00:00,55.53118845
2026-01-09 10:00:00+00:00,53.58057465
2026-01-09 11:00:00+00:00,52.14852345
2026-01-09 12:00:00+00:00,49.52087675
2026-01-09 13:00:00+00:00,48.64051115000001
2026-01-09 14:00:00+00:00,48.56203035
2026-01-09 15:00:00+00:00,49.86810465
2026-01-09 16:00:00+00:00,53.89167915
2026-01-09 17:00:00+00:00,57.45386035
2026-01-09 18:00:00+00:00,57.47716315000001
2026-01-09 19:00:00+00:00,53.72817685000001
2026-01-09 20:00:00+00:00,51.03681385
2026-01-09 21:00:00+00:00,51.248090950000005
2026-01-09 22:00:00+00:00,51.352084649999995
2026-01-09 23:00:00+00:00,47.373534633333335
2026-01-10 00:00:00+00:00,45.98807383333333
2026-01-10 01:00:00+00:00,43.810014933333335
2026-01-10 02:00:00+00:00,41.40238623333334
2026-01-10 03:00:00+00:00,40.54059673333333
2026-01-10 04:00:00+00:00,41.76125703333334
2026-01-10 05:00:00+00:00,43.79318153333333
2026-01-10 06:00:00+00:00,46.50515243333333
2026-01-10 07:00:00+00:00,49.13922683333333
2026-01-10 08:00:00+00:00,50.746504633333345
2026-01-10 09:00:00+00:00,50.42798023333333
2026-01-10 10:00:00+00:00,48.85339303333333
2026-01-10 11:00:00+00:00,48.38997593333334
2026-01-10 12:00:00+00:00,46.50673643333334
2026-01-10 13:00:00+00:00,46.00907573333333
2026-01-10 14:00:00+00:00,47.17753983333333
2026-01-10 15:00:00+00:00,50.271637733333336
2026-01-10 16:00:00+00:00,56.00742353333333
2026-01-10 17:00:00+00:00,60.86500123333334
2026-01-10 18:00:00+00:00,62.73018883333333
2026-01-10 19:00:00+00:00,61.00457983333334
2026-01-10 20:00:00+00:00,59.98863983333333
2026-01-10 21:00:00+00:00,61.592012233333335
2026-01-10 22:00:00+00:00,63.08382263333334
2026-01-10 23:00:00+00:00,61.587173699999994
2026-01-11 00:00:00+00:00,60.5458166
2026-01-11 01:00:00+00:00,58.516034100000006
2026-01-11 02:00:00+00:00,55.918016599999994
2026-01-11 03:00:00+00:00,54.3879249
2026-01-11 04:00:00+00:00,54.7846494
2026-01-11 05:00:00+00:00,55.408079799999996
2026-01-11 06:00:00+00:00,56.29062420000001
2026-01-11 07:00:00+00:00,57.09038209999999
2026-01-11 08:00:00+00:00,57.11922989999999
2026-01-11 09:00:00+00:00,55.5004153
2026-01-11 10:00:00+00:00,53.728371100000004
2026-01-11 11:00:00+00:00,53.052906
2026-01-11 12:00:00+00:00,50.2342104
2026-01-11 13:00:00+00:00,48.5380191
2026-01-11 14:00:00+00:00,47.95358
2026-01-11 15:00:00+00:00,49.24264579999999
2026-01-11 16:00:00+00:00,52.86201460000001
2026-01-11 17:00:00+00:00,56.370501700000005
2026-01-11 18:00:00+00:00,57.03408760000001
2026-01-11 19:00:00+00:00,54.1057701
2026-01-11 20:00:00+00:00,51.63411120000001
2026-01-11 21:00:00+00:00,51.8817267
2026-01-11 22:00:00+00:00,51.867784699999994
2026-01-11 23:00:00+00:00,47.14050336666667
2026-01-12 00:00:00+00:00,46.07488256666667
2026-01-12 01:00:00+00:00,44.24405436666667
2026-01-12 02:00:00+00:00,42.361203366666665
2026-01-12 03:00:00+00:00,42.220591966666674
2026-01-12 04:00:00+00:00,44.891410366666676
2026-01-12 05:00:00+00:00,50.07119726666667
2026-01-12 06:00:00+00:00,55.97036296666666
2026-01-12 07:00:00+00:00,58.86431186666667
2026-01-12 08:00:00+00:00,58.49617946666667
2026-01-12 09:00:00+00:00,56.10493666666667
2026-01-12 10:00:00+00:00,53.23385056666667
2026-01-12 11:00:00+00:00,51.80398816666666
2026-01-12 12:00:00+00:00,49.46908916666666
2026-01-12 13:00:00+00:00,48.74172886666666
2026-01-12 14:00:00+00:00,48.52246746666667
2026-01-12 15:00:00+00:00,49.51156616666667
2026-01-12 16:00:00+00:00,52.97440696666667
2026-01-12 17:00:00+00:00,57.004610666666665
2026-01-12 18:00:00+00:00,57.87112326666667
2026-01-12 19:00:00+00:00,53.68746616666666
2026-01-12 20:00:00+00:00,50.193215566666666
2026-01-12 21:00:00+00:00,50.25823646666667
2026-01-12 22:00:00+00:00,50.391824666666665
2026-01-12 23:00:00+00:00,49.4288415
2026-01-13 00:00:00+00:00,48.66951859999999
2026-01-13 01:00:00+00:00,47.0635303
2026-01-13 02:00:00+00:00,45.2324577
2026-01-13 03:00:00+00:00,44.8381294
2026-01-13 04:00:00+00:00,46.8726706
2026-01-13 05:00:00+00:00,51.235871499999995
2026-01-13 06:00:00+00:00,56.2449247
2026-01-13 07:00:00+00:00,58.4395184
2026-01-13 08:00:00+00:00,57.53610599999999
2026-01-13 09:00:00+00:00,54.6855808
2026-01-13 10:00:00+00:00,52.344554499999994
2026-01-13 11:00:00+00:00,51.975522500000004
2026-01-13 12:00:00+00:00,50.18332000000001
2026-01-13 13:00:00+00:00,49.4639682
2026-01-13 14:00:00+00:00,49.376909
2026-01-13 15:00:00+00:00,50.5798954
2026-01-13 16:00:00+00:00,54.2645575
2026-01-13 17:00:00+00:00,58.0324964
2026-01-13 18:00:00+00:00,58.5026331
2026-01-13 19:00:00+00:00,54.108401
2026-01-13 20:00:00+00:00,50.35223919999999
2026-01-13 21:00:00+00:00,50.0299596
2026-01-13 22:00:00+00:00,49.838396599999996
2026-01-13 23:00:00+00:00,47.21489426666666
2026-01-14 00:00:00+00:00,46.095985766666665
2026-01-14 01:00:00+00:00,44.19268816666667
2026-01-14 02:00:00+00:00,42.31429246666667
2026-01-14 03:00:00+00:00,42.252400666666674
2026-01-14 04:00:00+00:00,45.05534276666667
2026-01-14 05:00:00+00:00,49.83851576666667
2026-01-14 06:00:00+00:00,55.28978696666666
2026-01-14 07:00:00+00:00,58.832259066666666
2026-01-14 08:00:00+00:00,59.34731816666667
2026-01-14 09:00:00+00:00,57.97622196666667
2026-01-14 10:00:00+00:00,56.656508766666676
2026-01-14 11:00:00+00:00,56.668244066666674
2026-01-14 12:00:00+00:00,55.15978006666667
2026-01-14 13:00:00+00:00,54.99640756666666
2026-01-14 14:00:00+00:00,54.792382066666676
2026-01-14 15:00:00+00:00,55.61700516666667
2026-01-14 16:00:00+00:00,58.329123366666664
2026-01-14 17:00:00+00:00,61.51072586666666
2026-01-14 18:00:00+00:00,61.460582966666664
2026-01-14 19:00:00+00:00,56.60556026666666
2026-01-14 20:00:00+00:00,52.35818056666667
2026-01-14 21:00:00+00:00,51.67318246666667
2026-01-14 22:00:00+00:00,51.04787206666667
2026-01-14 23:00:00+00:00,47.68526846666667
2026-01-15 00:00:00+00:00,46.23097106666667
2026-01-15 01:00:00+00:00,44.04064686666667
2026-01-15 02:00:00+00:00,41.928116466666665
2026-01-15 03:00:00+00:00,41.29228166666667
2026-01-15 04:00:00+00:00,43.22371236666667
2026-01-15 05:00:00+00:00,47.57857516666667
2026-01-15 06:00:00+00:00,52.66666226666666
2026-01-15 07:00:00+00:00,54.82230776666667
2026-01-15 08:00:00+00:00,53.79047056666666
2026-01-15 09:00:00+00:00,51.34703606666667
2026-01-15 10:00:00+00:00,48.88616426666667
2026-01-15 11:00:00+00:00,48.16970026666667
2026-01-15 12:00:00+00:00,46.405741466666676
2026-01-15 13:00:00+00:00,46.09859926666667
2026-01-15 14:00:00+00:00,46.01573806666667
2026-01-15 15:00:00+00:00,46.74500976666667
2026-01-15 16:00:00+00:00,49.27632006666667
2026-01-15 17:00:00+00:00,52.71278646666666
2026-01-15 18:00:00+00:00,53.220184966666665
2026-01-15 19:00:00+00:00,48.88171806666667
2026-01-15 20:00:00+00:00,45.31989526666668
2026-01-15 21:00:00+00:00,45.36050866666666
2026-01-15 22:00:00+00:00,45.63288256666667
2026-01-15 23:00:00+00:00,38.784998316666666
2026-01-16 00:00:00+00:00,38.74686691666666
2026-01-16 01:00:00+00:00,37.43002061666667
2026-01-16 02:00:00+00:00,36.39588111666667
2026-01-16 03:00:00+00:00,36.87808201666667
2026-01-16 04:00:00+00:00,39.97529221666667
2026-01-16 05:00:00+00:00,45.16802501666667
2026-01-16 06:00:00+00:00,50.534552016666666
2026-01-16 07:00:00+00:00,53.35107461666667
2026-01-16 08:00:00+00:00,53.40209451666667
2026-01-16 09:00:00+00:00,52.00729071666667
2026-01-16 10:00:00+00:00,51.05982941666666
2026-01-16 11:00:00+00:00,51.02854821666667
2026-01-16 12:00:00+00:00,50.31318151666666
2026-01-16 13:00:00+00:00,50.40682551666667
2026-01-16 14:00:00+00:00,50.69530361666666
2026-01-16 15:00:00+00:00,51.05702831666667
2026-01-16 16:00:00+00:00,53.79601161666666
2026-01-16 17:00:00+00:00,57.13643341666666
2026-01-16 18:00:00+00:00,57.26263551666667
2026-01-16 19:00:00+00:00,53.31163141666667
2026-01-16 20:00:00+00:00,50.284323816666664
2026-01-16 21:00:00+00:00,50.63133581666667
2026-01-16 22:00:00+00:00,50.98937491666666
2026-01-16 23:00:00+00:00,49.39527885
2026-01-17 00:00:00+00:00,48.199548750000005
2026-01-17 01:00:00+00:00,45.66757415
2026-01-17 02:00:00+00:00,43.400471849999995
2026-01-17 03:00:00+00:00,42.58791505
2026-01-17 04:00:00+00:00,43.937925850000006
2026-01-17 05:00:00+00:00,46.104587550000005
2026-01-17 06:00:00+00:00,48.23229595
2026-01-17 07:00:00+00:00,50.23532865
2026-01-17 08:00:00+00:00,51.39526075
2026-01-17 09:00:00+00:00,51.16022455
2026-01-17 10:00:00+00:00,50.98478935
2026-01-17 11:00:00+00:00,51.78172465
2026-01-17 12:00:00+00:00,51.10510905
2026-01-17 13:00:00+00:00,50.45515135
2026-01-17 14:00:00+00:00,49.743015650000004
2026-01-17 15:00:00+00:00,49.61106635
2026-01-17 16:00:00+00:00,52.01345755
2026-01-17 17:00:00+00:00,54.907058150000005
2026-01-17 18:00:00+00:00,55.13200365
2026-01-17 19:00:00+00:00,51.833025649999996
2026-01-17 20:00:00+00:00,49.291565150000004
2026-01-17 21:00:00+00:00,49.95850455
2026-01-17 22:00:00+00:00,50.80407805
2026-01-17 23:00:00+00:00,46.59277501666667
2026-01-18 00:00:00+00:00,45.29594851666667
2026-01-18 01:00:00+00:00,42.61495661666667
2026-01-18 02:00:00+00:00,40.10490311666667
2026-01-18 03:00:00+00:00,39.201309416666675
2026-01-18 04:00:00+00:00,40.31146951666667
2026-01-18 05:00:00+00:00,41.86549671666666
2026-01-18 06:00:00+00:00,43.45902771666667
2026-01-18 07:00:00+00:00,45.05855081666667
2026-01-18 08:00:00+00:00,46.03772441666666
2026-01-18 09:00:00+00:00,46.313010616666666
2026-01-18 10:00:00+00:00,46.84694521666667
2026-01-18 11:00:00+00:00,47.745762416666665
2026-01-18 12:00:00+00:00,46.552343316666665
2026-01-18 13:00:00+00:00,45.321997716666665
2026-01-18 14:00:00+00:00,45.04151181666666
2026-01-18 15:00:00+00:00,45.81606181666667
2026-01-18 16:00:00+00:00,49.272154916666665
2026-01-18 17:00:00+00:00,53.902275116666665
2026-01-18 18:00:00+00:00,55.66445561666667
2026-01-18 19:00:00+00:00,53.06008371666667
2026-01-18 20:00:00+00:00,50.91837151666667
2026-01-18 21:00:00+00:00,51.284206516666664
2026-01-18 22:00:00+00:00,51.79609021666667
2026-01-18 23:00:00+00:00,46.35420271666666
2026-01-19 00:00:00+00:00,45.12714881666667
2026-01-19 01:00:00+00:00,43.136565516666664
2026-01-19 02:00:00+00:00,41.24020111666667
2026-01-19 03:00:00+00:00,40.87089051666666
2026-01-19 04:00:00+00:00,43.75454941666666
2026-01-19 05:00:00+00:00,49.10039281666666
2026-01-19 06:00:00+00:00,54.51384361666667
2026-01-19 07:00:00+00:00,57.60636471666666
2026-01-19 08:00:00+00:00,57.27362561666666
2026-01-19 09:00:00+00:00,55.24297941666666
2026-01-19 10:00:00+00:00,53.99930441666666
2026-01-19 11:00:00+00:00,53.41303801666667
2026-01-19 12:00:00+00:00,52.58460071666667
2026-01-19 13:00:00+00:00,52.108451116666664
2026-01-19 14:00:00+00:00,52.24337761666666
2026-01-19 15:00:00+00:00,52.432473716666664
2026-01-19 16:00:00+00:00,55.10191571666667
2026-01-19 17:00:00+00:00,59.000523816666664
2026-01-19 18:00:00+00:00,59.52446761666667
2026-01-19 19:00:00+00:00,55.38624711666667
2026-01-19 20:00:00+00:00,51.50565951666667
2026-01-19 21:00:00+00:00,51.21489891666667
2026-01-19 22:00:00+00:00,51.36749021666667
2026-01-19 23:00:00+00:00,50.07155036666667
2026-01-20 00:00:00+00:00,48.75601486666666
2026-01-20 01:00:00+00:00,46.63237866666667
2026-01-20 02:00:00+00:00,44.656249366666664
2026-01-20 03:00:00+00:00,44.08401616666667
2026-01-20 04:00:00+00:00,46.523134266666666
2026-01-20 05:00:00+00:00,51.32736526666667
2026-01-20 06:00:00+00:00,56.63247256666668
2026-01-20 07:00:00+00:00,58.94442506666667
2026-01-20 08:00:00+00:00,57.54618816666667
2026-01-20 09:00:00+00:00,54.29397326666666
2026-01-20 10:00:00+00:00,51.56446006666666
2026-01-20 11:00:00+00:00,49.30455056666667
2026-01-20 12:00:00+00:00,47.09513066666667
2026-01-20 13:00:00+00:00,45.80857246666667
2026-01-20 14:00:00+00:00,45.81550026666667
2026-01-20 15:00:00+00:00,46.47871006666667
2026-01-20 16:00:00+00:00,49.72283036666667
2026-01-20 17:00:00+00:00,53.64778336666666
2026-01-20 18:00:00+00:00,54.390158966666675
2026-01-20 19:00:00+00:00,50.561038466666666
2026-01-20 20:00:00+00:00,47.00383456666667
2026-01-20 21:00:00+00:00,46.996984366666666
2026-01-20 22:00:00+00:00,47.485498166666666
2026-01-20 23:00:00+00:00,42.84183416666667
2026-01-21 00:00:00+00:00,41.48510386666667
2026-01-21 01:00:00+00:00,39.39083336666667
2026-01-21 02:00:00+00:00,37.59282486666667
2026-01-21 03:00:00+00:00,37.39148636666667
2026-01-21 04:00:00+00:00,39.97427916666667
2026-01-21 05:00:00+00:00,44.885025266666666
2026-01-21 06:00:00+00:00,50.23882546666667
2026-01-21 07:00:00+00:00,52.83432786666667
2026-01-21 08:00:00+00:00,51.411980766666666
2026-01-21 09:00:00+00:00,47.751368266666674
2026-01-21 10:00:00+00:00,45.08176986666666
2026-01-21 11:00:00+00:00,43.623420166666676
2026-01-21 12:00:00+00:00,42.23328216666667
2026-01-21 13:00:00+00:00,41.35326396666667
2026-01-21 14:00:00+00:00,41.241329866666675
2026-01-21 15:00:00+00:00,41.72605796666667
2026-01-21 16:00:00+00:00,45.12410486666667
2026-01-21 17:00:00+00:00,49.86726036666667
2026-01-21 18:00:00+00:00,51.44567656666668
2026-01-21 19:00:00+00:00,48.18938496666666
2026-01-21 20:00:00+00:00,45.241481566666664
2026-01-21 21:00:00+00:00,45.57707136666667
2026-01-21 22:00:00+00:00,46.29670276666666
2026-01-21 23:00:00+00:00,39.96803265
2026-01-22 00:00:00+00:00,38.92790235
2026-01-22 01:00:00+00:00,36.852915349999996
2026-01-22 02:00:00+00:00,35.106488150000004
2026-01-22 03:00:00+00:00,34.87045735
2026-01-22 04:00:00+00:00,37.706269049999996
2026-01-22 05:00:00+00:00,42.930049350000004
2026-01-22 06:00:00+00:00,48.77559265
2026-01-22 07:00:00+00:00,51.90822465
2026-01-22 08:00:00+00:00,51.662195350000005
2026-01-22 09:00:00+00:00,49.843764150000005
2026-01-22 10:00:00+00:00,48.16035515
2026-01-22 11:00:00+00:00,46.991854350000004
2026-01-22 12:00:00+00:00,45.15110865
2026-01-22 13:00:00+00:00,45.008915650000006
2026-01-22 14:00:00+00:00,45.75047655
2026-01-22 15:00:00+00:00,47.01538635
2026-01-22 16:00:00+00:00,50.75857845
2026-01-22 17:00:00+00:00,55.76682645
2026-01-22 18:00:00+00:00,56.63950935
2026-01-22 19:00:00+00:00,52.52240825
2026-01-22 20:00:00+00:00,48.71637235
2026-01-22 21:00:00+00:00,48.498377149999996
2026-01-22 22:00:00+00:00,48.38314715
2026-01-22 23:00:00+00:00,46.03960298333334
2026-01-23 00:00:00+00:00,43.92284178333333
2026-01-23 01:00:00+00:00,41.20561838333333
2026-01-23 02:00:00+00:00,38.81606678333334
2026-01-23 03:00:00+00:00,37.91597058333333
2026-01-23 04:00:00+00:00,39.98410428333333
2026-01-23 05:00:00+00:00,44.345251483333335
2026-01-23 06:00:00+00:00,49.145637883333336
2026-01-23 07:00:00+00:00,51.77396818333333
2026-01-23 08:00:00+00:00,51.59188338333334
2026-01-23 09:00:00+00:00,49.70917998333333
2026-01-23 10:00:00+00:00,47.992773283333335
2026-01-23 11:00:00+00:00,46.99322818333333
2026-01-23 12:00:00+00:00,45.019286083333334
2026-01-23 13:00:00+00:00,44.82090778333333
2026-01-23 14:00:00+00:00,45.27273258333334
2026-01-23 15:00:00+00:00,46.12367368333334
2026-01-23 16:00:00+00:00,49.32494878333334
2026-01-23 17:00:00+00:00,53.21014508333334
2026-01-23 18:00:00+00:00,53.21142068333333
2026-01-23 19:00:00+00:00,49.16646098333333
2026-01-23 20:00:00+00:00,46.10262538333333
2026-01-23 21:00:00+00:00,46.528054983333334
2026-01-23 22:00:00+00:00,46.854766483333336
2026-01-23 23:00:00+00:00,46.60042946666667
2026-01-24 00:00:00+00:00,45.444596966666666
2026-01-24 01:00:00+00:00,43.39697476666666
2026-01-24 02:00:00+00:00,41.689478066666666
2026-01-24 03:00:00+00:00,40.78391486666666
2026-01-24 04:00:00+00:00,42.20036246666667
2026-01-24 05:00:00+00:00,44.693129766666665
2026-01-24 06:00:00+00:00,47.092750366666664
2026-01-24 07:00:00+00:00,49.289316666666664
2026-01-24 08:00:00+00:00,50.038754966666666
2026-01-24 09:00:00+00:00,48.761585366666665
2026-01-24 10:00:00+00:00,47.83800806666666
2026-01-24 11:00:00+00:00,47.980817566666666
2026-01-24 12:00:00+00:00,46.065782666666664
2026-01-24 13:00:00+00:00,44.99066556666667
2026-01-24 14:00:00+00:00,45.19657496666667
2026-01-24 15:00:00+00:00,46.023782866666664
2026-01-24 16:00:00+00:00,48.86771126666666
2026-01-24 17:00:00+00:00,52.665612366666664
2026-01-24 18:00:00+00:00,52.98202786666667
2026-01-24 19:00:00+00:00,49.82640936666667
2026-01-24 20:00:00+00:00,47.701034666666665
2026-01-24 21:00:00+00:00,48.79222226666667
2026-01-24 22:00:00+00:00,49.961015566666674
2026-01-24 23:00:00+00:00,48.54117016666666
2026-01-25 00:00:00+00:00,47.92712276666667
2026-01-25 01:00:00+00:00,45.252871666666664
2026-01-25 02:00:00+00:00,43.103946066666666
2026-01-25 03:00:00+00:00,41.48370316666667
2026-01-25 04:00:00+00:00,42.12869396666667
2026-01-25 05:00:00+00:00,43.603670566666665
2026-01-25 06:00:00+00:00,45.11500916666667
2026-01-25 07:00:00+00:00,46.68625566666667
2026-01-25 08:00:00+00:00,47.75062216666667
2026-01-25 09:00:00+00:00,47.39075246666667
2026-01-25 10:00:00+00:00,47.11107226666667
2026-01-25 11:00:00+00:00,47.602084266666665
2026-01-25 12:00:00+00:00,45.95881246666667
2026-01-25 13:00:00+00:00,45.68594636666667
2026-01-25 14:00:00+00:00,46.390082766666666
2026-01-25 15:00:00+00:00,47.772218566666666
2026-01-25 16:00:00+00:00,51.372407666666675
2026-01-25 17:00:00+00:00,56.777764266666665
2026-01-25 18:00:00+00:00,58.69226986666666
2026-01-25 19:00:00+00:00,56.40203986666667
2026-01-25 20:00:00+00:00,54.45979006666666
2026-01-25 21:00:00+00:00,55.07879586666667
2026-01-25 22:00:00+00:00,55.510498766666664
2026-01-25 23:00:00+00:00,52.515069833333335
2026-01-26 00:00:00+00:00,51.63193223333333
2026-01-26 01:00:00+00:00,49.44095023333333
2026-01-26 02:00:00+00:00,47.73914193333333
2026-01-26 03:00:00+00:00,47.41444943333333
2026-01-26 04:00:00+00:00,50.34617423333333
2026-01-26 05:00:00+00:00,56.205071333333336
2026-01-26 06:00:00+00:00,61.90747553333333
2026-01-26 07:00:00+00:00,65.02902193333333
2026-01-26 08:00:00+00:00,64.46671903333333
2026-01-26 09:00:00+00:00,61.43762633333334
2026-01-26 10:00:00+00:00,58.72226393333334
2026-01-26 11:00:00+00:00,56.89916933333333
2026-01-26 12:00:00+00:00,54.05809893333333
2026-01-26 13:00:00+00:00,53.60442023333333
2026-01-26 14:00:00+00:00,53.74842413333333
2026-01-26 15:00:00+00:00,54.46122963333334
2026-01-26 16:00:00+00:00,57.192888833333335
2026-01-26 17:00:00+00:00,61.31067463333333
2026-01-26 18:00:00+00:00,61.63415813333333
2026-01-26 19:00:00+00:00,56.94332503333332
2026-01-26 20:00:00+00:00,52.68998913333333
2026-01-26 21:00:00+00:00,51.60064183333333
2026-01-26 22:00:00+00:00,50.55169473333333
2026-01-26 23:00:00+00:00,46.07683661666667
2026-01-27 00:00:00+00:00,43.93303601666666
2026-01-27 01:00:00+00:00,40.79108661666667
2026-01-27 02:00:00+00:00,38.275413916666665
2026-01-27 03:00:00+00:00,37.131720916666666
2026-01-27 04:00:00+00:00,39.10982811666667
2026-01-27 05:00:00+00:00,44.19735191666667
2026-01-27 06:00:00+00:00,49.47083281666667
2026-01-27 07:00:00+00:00,52.339840716666664
2026-01-27 08:00:00+00:00,52.428802716666674
2026-01-27 09:00:00+00:00,51.117902216666664
2026-01-27 10:00:00+00:00,50.544039016666666
2026-01-27 11:00:00+00:00,50.55452961666667
2026-01-27 12:00:00+00:00,49.41542971666667
2026-01-27 13:00:00+00:00,50.04089771666667
2026-01-27 14:00:00+00:00,50.601727216666674
2026-01-27 15:00:00+00:00,51.45211641666666
2026-01-27 16:00:00+00:00,54.83875111666667
2026-01-27 17:00:00+00:00,60.04800831666667
2026-01-27 18:00:00+00:00,61.41796401666666
2026-01-27 19:00:00+00:00,57.81802741666666
2026-01-27 20:00:00+00:00,54.734003916666666
2026-01-27 21:00:00+00:00,54.80897681666667
2026-01-27 22:00:00+00:00,55.08686141666667
2026-01-27 23:00:00+00:00,51.22288641666667
2026-01-28 00:00:00+00:00,50.13339321666667
2026-01-28 01:00:00+00:00,48.06990171666667
2026-01-28 02:00:00+00:00,46.46255641666667
2026-01-28 03:00:00+00:00,45.75501741666667
2026-01-28 04:00:00+00:00,48.31470471666667
2026-01-28 05:00:00+00:00,53.79981981666666
2026-01-28 06:00:00+00:00,59.168146016666675
2026-01-28 07:00:00+00:00,62.447963916666666
2026-01-28 08:00:00+00:00,62.03645841666667
2026-01-28 09:00:00+00:00,59.18668501666667
2026-01-28 10:00:00+00:00,57.046416816666664
2026-01-28 11:00:00+00:00,55.87370081666667
2026-01-28 12:00:00+00:00,53.77600631666667
2026-01-28 13:00:00+00:00,53.76403181666667
2026-01-28 14:00:00+00:00,54.13554631666666
2026-01-28 15:00:00+00:00,55.28911071666667
2026-01-28 16:00:00+00:00,58.61309331666668
2026-01-28 17:00:00+00:00,63.46733831666667
2026-01-28 18:00:00+00:00,64.15918191666667
2026-01-28 19:00:00+00:00,60.06031671666668
2026-01-28 20:00:00+00:00,56.30068711666667
2026-01-28 21:00:00+00:00,55.755317016666666
2026-01-28 22:00:00+00:00,55.72767041666667
2026-01-28 23:00:00+00:00,53.095977133333335
2026-01-29 00:00:00+00:00,51.95669693333333
2026-01-29 01:00:00+00:00,49.66049783333333
2026-01-29 02:00:00+00:00,48.034302233333335
2026-01-29 03:00:00+00:00,47.43580183333333
2026-01-29 04:00:00+00:00,49.961496833333335
2026-01-29 05:00:00+00:00,55.252098133333334
2026-01-29 06:00:00+00:00,60.80948773333334
2026-01-29 07:00:00+00:00,62.98004833333333
2026-01-29 08:00:00+00:00,61.285353233333325
2026-01-29 09:00:00+00:00,57.963909933333326
2026-01-29 10:00:00+00:00,55.439074133333335
2026-01-29 11:00:00+00:00,54.02365063333334
2026-01-29 12:00:00+00:00,51.68035603333334
2026-01-29 13:00:00+00:00,51.428115633333334
2026-01-29 14:00:00+00:00,51.021063033333334
2026-01-29 15:00:00+00:00,51.73163033333334
2026-01-29 16:00:00+00:00,54.36844573333333
2026-01-29 17:00:00+00:00,58.55757993333334
2026-01-29 18:00:00+00:00,58.526634233333326
2026-01-29 19:00:00+00:00,54.04094403333334
2026-01-29 20:00:00+00:00,49.96064363333333
2026-01-29 21:00:00+00:00,49.28309053333333
2026-01-29 22:00:00+00:00,49.085700033333325
2026-01-29 23:00:00+00:00,48.488054516666665
2026-01-30 00:00:00+00:00,46.91910021666667
2026-01-30 01:00:00+00:00,44.60350371666667
2026-01-30 02:00:00+00:00,42.58547171666667
2026-01-30 03:00:00+00:00,41.985887416666664
2026-01-30 04:00:00+00:00,43.99366051666667
2026-01-30 05:00:00+00:00,49.01116761666666
2026-01-30 06:00:00+00:00,54.31519351666666
2026-01-30 07:00:00+00:00,56.73969441666667
2026-01-30 08:00:00+00:00,55.92249541666667
2026-01-30 09:00:00+00:00,53.39012701666666
2026-01-30 10:00:00+00:00,50.71321391666667
2026-01-30 11:00:00+00:00,49.02183511666667
2026-01-30 12:00:00+00:00,46.52441891666666
2026-01-30 13:00:00+00:00,46.17267521666667
2026-01-30 14:00:00+00:00,45.50855011666666
2026-01-30 15:00:00+00:00,45.744677716666665
2026-01-30 16:00:00+00:00,47.738277416666676
2026-01-30 17:00:00+00:00,51.84748851666667
2026-01-30 18:00:00+00:00,51.979573316666674
2026-01-30 19:00:00+00:00,48.57633881666666
2026-01-30 20:00:00+00:00,46.30876321666668
2026-01-30 21:00:00+00:00,47.38958961666667
2026-01-30 22:00:00+00:00,48.626861016666666
2026-01-30 23:00:00+00:00,47.07005655
2026-01-31 00:00:00+00:00,46.54575515
2026-01-31 01:00:00+00:00,44.67614365
2026-01-31 02:00:00+00:00,42.733626650000005
2026-01-31 03:00:00+00:00,42.03043785
2026-01-31 04:00:00+00:00,43.46892935
2026-01-31 05:00:00+00:00,46.26900235
2026-01-31 06:00:00+00:00,48.78911185
2026-01-31 07:00:00+00:00,50.63750615
2026-01-31 08:00:00+00:00,51.33027224999999
2026-01-31 09:00:00+00:00,50.45512455
2026-01-31 10:00:00+00:00,49.32423825
2026-01-31 11:00:00+00:00,49.235475750000006
2026-01-31 12:00:00+00:00,47.539283749999996
2026-01-31 13:00:00+00:00,46.94773855
2026-01-31 14:00:00+00:00,46.26278435
2026-01-31 15:00:00+00:00,47.00199355
2026-01-31 16:00:00+00:00,49.98340825
2026-01-31 17:00:00+00:00,54.75273584999999
2026-01-31 18:00:00+00:00,55.39339124999999
2026-01-31 19:00:00+00:00,52.124305050000004
2026-01-31 20:00:00+00:00,49.59746295
2026-01-31 21:00:00+00:00,50.13004075
2026-01-31 22:00:00+00:00,50.93284645
2026-01-31 23:00:00+00:00,48.20331743333333
2026-02-01 00:00:00+00:00,46.94499113333333
2026-02-01 01:00:00+00:00,44.324745433333334
2026-02-01 02:00:00+00:00,41.999501933333335
2026-02-01 03:00:00+00:00,40.842325333333335
2026-02-01 04:00:00+00:00,41.449188533333334
2026-02-01 05:00:00+00:00,43.137054733333336
2026-02-01 06:00:00+00:00,44.50977223333334
2026-02-01 07:00:00+00:00,45.162877433333335
2026-02-01 08:00:00+00:00,45.496110533333336
2026-02-01 09:00:00+00:00,45.256055333333336
2026-02-01 10:00:00+00:00,45.11322663333333
2026-02-01 11:00:00+00:00,45.77670963333333
2026-02-01 12:00:00+00:00,44.275396433333334
2026-02-01 13:00:00+00:00,43.51679493333333
2026-02-01 14:00:00+00:00,42.83566763333334
2026-02-01 15:00:00+00:00,43.64474293333333
2026-02-01 16:00:00+00:00,46.89890393333334
2026-02-01 17:00:00+00:00,52.69192613333333
2026-02-01 18:00:00+00:00,54.514526833333335
2026-02-01 19:00:00+00:00,51.89332233333333
2026-02-01 20:00:00+00:00,50.63248373333333
2026-02-01 21:00:00+00:00,50.23329643333334
2026-02-01 22:00:00+00:00,50.70001893333333
2026-02-01 23:00:00+00:00,46.87696203333333
2026-02-02 00:00:00+00:00,46.08450953333333
2026-02-02 01:00:00+00:00,43.82921723333333
2026-02-02 02:00:00+00:00,41.802492433333335
2026-02-02 03:00:00+00:00,41.05750003333333
2026-02-02 04:00:00+00:00,43.572164433333334
2026-02-02 05:00:00+00:00,48.98008753333333
2026-02-02 06:00:00+00:00,54.65070873333334
2026-02-02 07:00:00+00:00,56.879835333333325
2026-02-02 08:00:00+00:00,56.064134133333326
2026-02-02 09:00:00+00:00,53.841672733333326
2026-02-02 10:00:00+00:00,52.02747433333334
2026-02-02 11:00:00+00:00,50.84239063333333
2026-02-02 12:00:00+00:00,48.93022533333333
2026-02-02 13:00:00+00:00,48.473504633333334
2026-02-02 14:00:00+00:00,47.36497013333333
2026-02-02 15:00:00+00:00,46.816284233333334
2026-02-02 16:00:00+00:00,48.18784443333334
2026-02-02 17:00:00+00:00,52.625923933333326
2026-02-02 18:00:00+00:00,53.05716233333334
2026-02-02 19:00:00+00:00,48.88242363333333
2026-02-02 20:00:00+00:00,46.15907643333333
2026-02-02 21:00:00+00:00,45.39953333333334
2026-02-02 22:00:00+00:00,45.78312843333333
2026-02-02 23:00:00+00:00,43.3881952
2026-02-03 00:00:00+00:00,42.456580599999995
2026-02-03 01:00:00+00:00,40.493607
2026-02-03 02:00:00+00:00,38.8717805
2026-02-03 03:00:00+00:00,38.5360269
2026-02-03 04:00:00+00:00,40.81341810000001
2026-02-03 05:00:00+00:00,45.933510399999996
2026-02-03 06:00:00+00:00,51.102516
2026-02-03 07:00:00+00:00,52.432051400000006
2026-02-03 08:00:00+00:00,50.40767830000001
2026-02-03 09:00:00+00:00,46.7965585
2026-02-03 10:00:00+00:00,44.104595100000004
2026-02-03 11:00:00+00:00,42.562071599999996
2026-02-03 12:00:00+00:00,40.7851092
2026-02-03 13:00:00+00:00,41.03319280000001
2026-02-03 14:00:00+00:00,41.456323100000006
2026-02-03 15:00:00+00:00,43.173157
2026-02-03 16:00:00+00:00,46.9370531
2026-02-03 17:00:00+00:00,52.87456549999999
2026-02-03 18:00:00+00:00,54.1989254
2026-02-03 19:00:00+00:00,50.3707065
2026-02-03 20:00:00+00:00,47.9301512
2026-02-03 21:00:00+00:00,47.289202100000004
2026-02-03 22:00:00+00:00,47.7760695
2026-02-03 23:00:00+00:00,45.35118458333333
2026-02-04 00:00:00+00:00,44.34325138333333
2026-02-04 01:00:00+00:00,42.234884083333334
2026-02-04 02:00:00+00:00,40.53186538333334
2026-02-04 03:00:00+00:00,40.095143183333334
2026-02-04 04:00:00+00:00,42.354003283333334
2026-02-04 05:00:00+00:00,47.23138828333333
2026-02-04 06:00:00+00:00,52.05086028333333
2026-02-04 07:00:00+00:00,53.54764068333333
2026-02-04 08:00:00+00:00,51.557673683333334
2026-02-04 09:00:00+00:00,48.15264288333334
2026-02-04 10:00:00+00:00,46.26899818333334
2026-02-04 11:00:00+00:00,45.53067248333333
2026-02-04 12:00:00+00:00,44.115661583333335
2026-02-04 13:00:00+00:00,43.51701258333333
2026-02-04 14:00:00+00:00,42.856668383333336
2026-02-04 15:00:00+00:00,43.282964383333336
2026-02-04 16:00:00+00:00,45.604844783333334
2026-02-04 17:00:00+00:00,50.65794348333333
2026-02-04 18:00:00+00:00,51.55864438333333
2026-02-04 19:00:00+00:00,47.59201138333333
2026-02-04 20:00:00+00:00,45.50573768333333
2026-02-04 21:00:00+00:00,44.146583383333336
2026-02-04 22:00:00+00:00,44.56423208333334
2026-02-04 23:00:00+00:00,43.33060033333334
2026-02-05 00:00:00+00:00,42.11629333333333
2026-02-05 01:00:00+00:00,40.19595183333334
2026-02-05 02:00:00+00:00,38.51584703333333
2026-02-05 03:00:00+00:00,38.14043013333334
2026-02-05 04:00:00+00:00,40.656038333333335
2026-02-05 05:00:00+00:00,45.92971273333333
2026-02-05 06:00:00+00:00,51.53452023333334
2026-02-05 07:00:00+00:00,53.64488503333334
2026-02-05 08:00:00+00:00,52.15778483333334
2026-02-05 09:00:00+00:00,49.69052733333333
2026-02-05 10:00:00+00:00,48.47814443333334
2026-02-05 11:00:00+00:00,48.44244643333334
2026-02-05 12:00:00+00:00,47.35194783333333
2026-02-05 13:00:00+00:00,48.55193613333334
2026-02-05 14:00:00+00:00,48.22016943333334
2026-02-05 15:00:00+00:00,48.181062133333334
2026-02-05 16:00:00+00:00,49.727213133333336
2026-02-05 17:00:00+00:00,54.37921683333333
2026-02-05 18:00:00+00:00,54.807791833333326
2026-02-05 19:00:00+00:00,50.727848133333325
2026-02-05 20:00:00+00:00,47.87461793333333
2026-02-05 21:00:00+00:00,46.98511263333333
2026-02-05 22:00:00+00:00,47.138295433333326
2026-02-05 23:00:00+00:00,44.744394916666664
2026-02-06 00:00:00+00:00,43.04203961666667
2026-02-06 01:00:00+00:00,40.56405831666667
2026-02-06 02:00:00+00:00,38.69115851666666
2026-02-06 03:00:00+00:00,37.92130041666667
2026-02-06 04:00:00+00:00,40.06149551666667
2026-02-06 05:00:00+00:00,44.99692541666667
2026-02-06 06:00:00+00:00,50.152590616666664
2026-02-06 07:00:00+00:00,51.70878651666666
2026-02-06 08:00:00+00:00,49.42078011666666
2026-02-06 09:00:00+00:00,45.44780191666666
2026-02-06 10:00:00+00:00,42.101917916666665
2026-02-06 11:00:00+00:00,40.66561271666667
2026-02-06 12:00:00+00:00,38.34821621666667
2026-02-06 13:00:00+00:00,39.03497711666667
2026-02-06 14:00:00+00:00,38.74526901666667
2026-02-06 15:00:00+00:00,40.10915321666667
2026-02-06 16:00:00+00:00,44.16235571666667
2026-02-06 17:00:00+00:00,50.03008551666666
2026-02-06 18:00:00+00:00,50.50642081666666
2026-02-06 19:00:00+00:00,46.73807741666667
2026-02-06 20:00:00+00:00,44.10135031666667
2026-02-06 21:00:00+00:00,43.716936016666665
2026-02-06 22:00:00+00:00,44.24566961666667
2026-02-06 23:00:00+00:00,41.12098106666667
2026-02-07 00:00:00+00:00,39.46097746666666
2026-02-07 01:00:00+00:00,36.94953996666667
2026-02-07 02:00:00+00:00,34.867360966666666
2026-02-07 03:00:00+00:00,33.845736366666664
2026-02-07 04:00:00+00:00,34.79049776666667
2026-02-07 05:00:00+00:00,37.00488536666667
2026-02-07 06:00:00+00:00,39.147392266666664
2026-02-07 07:00:00+00:00,40.104414366666674
2026-02-07 08:00:00+00:00,39.32453696666667
2026-02-07 09:00:00+00:00,37.11443816666667
2026-02-07 10:00:00+00:00,35.07385696666667
2026-02-07 11:00:00+00:00,34.87157016666667
2026-02-07 12:00:00+00:00,33.15001086666666
2026-02-07 13:00:00+00:00,33.351714066666666
2026-02-07 14:00:00+00:00,33.07773016666667
2026-02-07 15:00:00+00:00,35.179093166666675
2026-02-07 16:00:00+00:00,39.551502666666664
2026-02-07 17:00:00+00:00,45.521898666666665
2026-02-07 18:00:00+00:00,46.72836576666666
2026-02-07 19:00:00+00:00,44.21417496666667
2026-02-07 20:00:00+00:00,42.50977756666667
2026-02-07 21:00:00+00:00,43.36484756666667
2026-02-07 22:00:00+00:00,45.077891066666666
2026-02-07 23:00:00+00:00,43.937823933333334
2026-02-08 00:00:00+00:00,43.27127963333333
2026-02-08 01:00:00+00:00,41.410253133333335
2026-02-08 02:00:00+00:00,39.70864233333334
2026-02-08 03:00:00+00:00,39.27080183333334
2026-02-08 04:00:00+00:00,40.41947123333333
2026-02-08 05:00:00+00:00,42.39898053333333
2026-02-08 06:00:00+00:00,44.04345453333333
2026-02-08 07:00:00+00:00,44.797557033333334
2026-02-08 08:00:00+00:00,44.69817593333333
2026-02-08 09:00:00+00:00,43.54839463333333
2026-02-08 10:00:00+00:00,42.73685883333333
2026-02-08 11:00:00+00:00,42.91267813333334
2026-02-08 12:00:00+00:00,41.10560193333333
2026-02-08 13:00:00+00:00,40.530691833333336
2026-02-08 14:00:00+00:00,39.627448533333336
2026-02-08 15:00:00+00:00,40.879388133333336
2026-02-08 16:00:00+00:00,44.517878333333336
2026-02-08 17:00:00+00:00,50.718425933333336
2026-02-08 18:00:00+00:00,52.450208833333335
2026-02-08 19:00:00+00:00,49.985448033333334
2026-02-08 20:00:00+00:00,47.836930433333336
2026-02-08 21:00:00+00:00,47.94741933333333
2026-02-08 22:00:00+00:00,48.444413133333335
2026-02-08 23:00:00+00:00,46.79397088333334
2026-02-09 00:00:00+00:00,45.737266883333334
2026-02-09 01:00:00+00:00,43.50261288333334
2026-02-09 02:00:00+00:00,41.540932383333335
2026-02-09 03:00:00+00:00,41.26357818333333
2026-02-09 04:00:00+00:00,44.07055198333334
2026-02-09 05:00:00+00:00,49.35489398333334
2026-02-09 06:00:00+00:00,54.89180328333333
2026-02-09 07:00:00+00:00,56.50993208333334
2026-02-09 08:00:00+00:00,54.88125468333334
2026-02-09 09:00:00+00:00,51.43030348333333
2026-02-09 10:00:00+00:00,48.68118068333334
2026-02-09 11:00:00+00:00,47.31541288333334
2026-02-09 12:00:00+00:00,45.41758998333333
2026-02-09 13:00:00+00:00,45.52754408333334
2026-02-09 14:00:00+00:00,44.82182658333333
2026-02-09 15:00:00+00:00,45.35531998333333
2026-02-09 16:00:00+00:00,47.75581068333334
2026-02-09 17:00:00+00:00,52.52430738333334
2026-02-09 18:00:00+00:00,52.95711668333334
2026-02-09 19:00:00+00:00,48.75242878333333
2026-02-09 20:00:00+00:00,45.08401968333334
2026-02-09 21:00:00+00:00,44.41903798333333
2026-02-09 22:00:00+00:00,44.54395268333334
2026-02-09 23:00:00+00:00,41.364584883333336
2026-02-10 00:00:00+00:00,40.58947428333333
2026-02-10 01:00:00+00:00,38.62631918333334
2026-02-10 02:00:00+00:00,37.33479298333334
2026-02-10 03:00:00+00:00,37.49887618333334
2026-02-10 04:00:00+00:00,40.60112358333333
2026-02-10 05:00:00+00:00,46.563958783333334
2026-02-10 06:00:00+00:00,52.65220728333333
2026-02-10 07:00:00+00:00,54.48361778333333
2026-02-10 08:00:00+00:00,53.40378438333334
2026-02-10 09:00:00+00:00,50.93505198333334
2026-02-10 10:00:00+00:00,48.82099038333333
2026-02-10 11:00:00+00:00,47.78952378333333
2026-02-10 12:00:00+00:00,46.08478868333334
2026-02-10 13:00:00+00:00,45.92458968333334
2026-02-10 14:00:00+00:00,44.470515383333336
2026-02-10 15:00:00+00:00,43.715772683333334
2026-02-10 16:00:00+00:00,44.640521083333326
2026-02-10 17:00:00+00:00,48.64429108333333
2026-02-10 18:00:00+00:00,49.000551483333325
2026-02-10 19:00:00+00:00,44.78132468333333
2026-02-10 20:00:00+00:00,40.795327783333335
2026-02-10 21:00:00+00:00,39.803985383333334
2026-02-10 22:00:00+00:00,39.36907338333334
2026-02-10 23:00:00+00:00,33.997893033333334
2026-02-11 00:00:00+00:00,32.35886163333333
2026-02-11 01:00:00+00:00,30.342655833333332
2026-02-11 02:00:00+00:00,28.75675353333333
2026-02-11 03:00:00+00:00,27.94133583333333
2026-02-11 04:00:00+00:00,28.924230833333336
2026-02-11 05:00:00+00:00,32.68543043333334
2026-02-11 06:00:00+00:00,37.511207933333324
2026-02-11 07:00:00+00:00,38.54195473333334
2026-02-11 08:00:00+00:00,36.76899763333333
2026-02-11 09:00:00+00:00,33.37762493333334
2026-02-11 10:00:00+00:00,31.208038433333336
2026-02-11 11:00:00+00:00,30.936400233333337
2026-02-11 12:00:00+00:00,30.527079633333333
2026-02-11 13:00:00+00:00,31.734921633333336
2026-02-11 14:00:00+00:00,32.583026133333334
2026-02-11 15:00:00+00:00,34.42147933333333
2026-02-11 16:00:00+00:00,37.177494233333334
2026-02-11 17:00:00+00:00,42.552932633333334
2026-02-11 18:00:00+00:00,43.19023913333333
2026-02-11 19:00:00+00:00,38.68634443333333
2026-02-11 20:00:00+00:00,34.61605853333334
2026-02-11 21:00:00+00:00,33.489212933333334
2026-02-11 22:00:00+00:00,33.12408883333333
2026-02-11 23:00:00+00:00,28.432429150000008
2026-02-12 00:00:00+00:00,27.183432050000004
2026-02-12 01:00:00+00:00,25.56850435
2026-02-12 02:00:00+00:00,24.41979275
2026-02-12 03:00:00+00:00,24.358208150000003
2026-02-12 04:00:00+00:00,25.736898550000003
2026-02-12 05:00:00+00:00,29.90152615
2026-02-12 06:00:00+00:00,35.06811555
2026-02-12 07:00:00+00:00,36.49909805
2026-02-12 08:00:00+00:00,35.48433515000001
2026-02-12 09:00:00+00:00,33.20122425000001
2026-02-12 10:00:00+00:00,30.92010275
2026-02-12 11:00:00+00:00,29.323757850000003
2026-02-12 12:00:00+00:00,28.534447850000006
2026-02-12 13:00:00+00:00,29.441801550000005
2026-02-12 14:00:00+00:00,27.56169115
2026-02-12 15:00:00+00:00,26.800106050000004
2026-02-12 16:00:00+00:00,30.235813150000002
2026-02-12 17:00:00+00:00,36.40871405
2026-02-12 18:00:00+00:00,38.398904650000006
2026-02-12 19:00:00+00:00,35.36855615
2026-02-12 20:00:00+00:00,32.81613285
2026-02-12 21:00:00+00:00,33.39128385000001
2026-02-12 22:00:00+00:00,34.85598875
2026-02-12 23:00:00+00:00,33.21035396666667
2026-02-13 00:00:00+00:00,33.49206866666667
2026-02-13 01:00:00+00:00,32.043951766666666
2026-02-13 02:00:00+00:00,30.648198766666667
2026-02-13 03:00:00+00:00,31.19845836666667
2026-02-13 04:00:00+00:00,34.36580876666667
2026-02-13 05:00:00+00:00,39.96383696666667
2026-02-13 06:00:00+00:00,45.61021916666667
2026-02-13 07:00:00+00:00,47.67324926666667
2026-02-13 08:00:00+00:00,47.79895166666667
2026-02-13 09:00:00+00:00,46.65323516666667
2026-02-13 10:00:00+00:00,45.37579806666667
2026-02-13 11:00:00+00:00,44.98917006666667
2026-02-13 12:00:00+00:00,43.73682176666667
2026-02-13 13:00:00+00:00,44.263121266666666
2026-02-13 14:00:00+00:00,44.262345366666665
2026-02-13 15:00:00+00:00,43.904576366666674
2026-02-13 16:00:00+00:00,45.56476936666667
2026-02-13 17:00:00+00:00,49.46942076666667
2026-02-13 18:00:00+00:00,49.41162536666667
2026-02-13 19:00:00+00:00,45.10241116666667
2026-02-13 20:00:00+00:00,41.377444866666664
2026-02-13 21:00:00+00:00,40.462550866666675
2026-02-13 22:00:00+00:00,39.797394466666674
2026-02-13 23:00:00+00:00,40.416824366666674
2026-02-14 00:00:00+00:00,38.27848186666667
2026-02-14 01:00:00+00:00,34.62749266666667
2026-02-14 02:00:00+00:00,32.14740856666667
2026-02-14 03:00:00+00:00,31.380089866666665
2026-02-14 04:00:00+00:00,31.671915466666665
2026-02-14 05:00:00+00:00,32.39655556666666
2026-02-14 06:00:00+00:00,33.55145566666667
2026-02-14 07:00:00+00:00,34.68017016666667
2026-02-14 08:00:00+00:00,35.38936086666667
2026-02-14 09:00:00+00:00,34.52788386666666
2026-02-14 10:00:00+00:00,32.91064406666666
2026-02-14 11:00:00+00:00,32.40117146666667
2026-02-14 12:00:00+00:00,30.52416816666667
2026-02-14 13:00:00+00:00,31.24461156666667
2026-02-14 14:00:00+00:00,32.535314666666665
2026-02-14 15:00:00+00:00,34.846983566666665
2026-02-14 16:00:00+00:00,40.03377706666667
2026-02-14 17:00:00+00:00,47.172236166666664
2026-02-14 18:00:00+00:00,50.45314266666667
2026-02-14 19:00:00+00:00,49.135799666666664
2026-02-14 20:00:00+00:00,47.91397836666666
2026-02-14 21:00:00+00:00,49.33975556666667
2026-02-14 22:00:00+00:00,50.31713356666667
2026-02-14 23:00:00+00:00,47.276590033333335
2026-02-15 00:00:00+00:00,46.15245433333333
2026-02-15 01:00:00+00:00,43.34055623333333
2026-02-15 02:00:00+00:00,39.97663613333333
2026-02-15 03:00:00+00:00,38.376159333333334
2026-02-15 04:00:00+00:00,38.105844833333336
2026-02-15 05:00:00+00:00,38.69765643333333
2026-02-15 06:00:00+00:00,39.03513903333334
2026-02-15 07:00:00+00:00,37.85450663333334
2026-02-15 08:00:00+00:00,36.60790303333333
2026-02-15 09:00:00+00:00,34.82282403333333
2026-02-15 10:00:00+00:00,32.93597093333334
2026-02-15 11:00:00+00:00,31.917676633333336
2026-02-15 12:00:00+00:00,29.573091333333338
2026-02-15 13:00:00+00:00,28.315642233333335
2026-02-15 14:00:00+00:00,28.077218433333332
2026-02-15 15:00:00+00:00,28.562773033333336
2026-02-15 16:00:00+00:00,31.28301283333333
2026-02-15 17:00:00+00:00,36.60833073333334
2026-02-15 18:00:00+00:00,38.92109263333333
2026-02-15 19:00:00+00:00,35.941993733333334
2026-02-15 20:00:00+00:00,33.293296833333336
2026-02-15 21:00:00+00:00,33.36359803333334
2026-02-15 22:00:00+00:00,33.46489233333333
2026-02-15 23:00:00+00:00,30.876386933333336
2026-02-16 00:00:00+00:00,30.11780673333334
2026-02-16 01:00:00+00:00,29.157249633333336
2026-02-16 02:00:00+00:00,28.331004433333337
2026-02-16 03:00:00+00:00,28.44684143333334
2026-02-16 04:00:00+00:00,30.193668433333333
2026-02-16 05:00:00+00:00,34.427882233333335
2026-02-16 06:00:00+00:00,39.83682373333334
2026-02-16 07:00:00+00:00,41.47556653333333
2026-02-16 08:00:00+00:00,40.36356633333333
2026-02-16 09:00:00+00:00,37.49385903333333
2026-02-16 10:00:00+00:00,34.838198233333344
2026-02-16 11:00:00+00:00,33.13878283333334
2026-02-16 12:00:00+00:00,32.51550503333334
2026-02-16 13:00:00+00:00,33.520750033333336
2026-02-16 14:00:00+00:00,33.82065993333333
2026-02-16 15:00:00+00:00,33.41548983333333
2026-02-16 16:00:00+00:00,35.26740793333334
2026-02-16 17:00:00+00:00,41.27809763333334
2026-02-16 18:00:00+00:00,43.56215443333333
2026-02-16 19:00:00+00:00,39.74967433333334
2026-02-16 20:00:00+00:00,36.451542933333336
2026-02-16 21:00:00+00:00,36.41117283333334
2026-02-16 22:00:00+00:00,36.73520523333333
2026-02-16 23:00:00+00:00,33.1317928
2026-02-17 00:00:00+00:00,32.6695939
2026-02-17 01:00:00+00:00,30.891275199999995
2026-02-17 02:00:00+00:00,29.1907883
2026-02-17 03:00:00+00:00,29.2495083
2026-02-17 04:00:00+00:00,32.1145686
2026-02-17 05:00:00+00:00,37.8100918
2026-02-17 06:00:00+00:00,43.6907252
2026-02-17 07:00:00+00:00,45.6078634
2026-02-17 08:00:00+00:00,44.438935400000005
2026-02-17 09:00:00+00:00,41.6894951
2026-02-17 10:00:00+00:00,40.07693879999999
2026-02-17 11:00:00+00:00,39.479741700000005
2026-02-17 12:00:00+00:00,38.1937958
2026-02-17 13:00:00+00:00,39.0236001
2026-02-17 14:00:00+00:00,40.3489369
2026-02-17 15:00:00+00:00,42.4655213
2026-02-17 16:00:00+00:00,46.7956132
2026-02-17 17:00:00+00:00,53.18943519999999
2026-02-17 18:00:00+00:00,55.677913499999995
2026-02-17 19:00:00+00:00,52.0954367
2026-02-17 20:00:00+00:00,48.6103803
2026-02-17 21:00:00+00:00,47.9729315
2026-02-17 22:00:00+00:00,47.2293678
2026-02-17 23:00:00+00:00,44.6821289
2026-02-18 00:00:00+00:00,42.6877272
2026-02-18 01:00:00+00:00,39.6563833
2026-02-18 02:00:00+00:00,36.995873
2026-02-18 03:00:00+00:00,36.1952495
2026-02-18 04:00:00+00:00,38.191057099999995
2026-02-18 05:00:00+00:00,42.5647632
2026-02-18 06:00:00+00:00,46.9125074
2026-02-18 07:00:00+00:00,47.805496000000005
2026-02-18 08:00:00+00:00,46.2521946
2026-02-18 09:00:00+00:00,43.1292786
2026-02-18 10:00:00+00:00,40.90165940000001
2026-02-18 11:00:00+00:00,39.292429899999995
2026-02-18 12:00:00+00:00,37.2636145
2026-02-18 13:00:00+00:00,36.4748623
2026-02-18 14:00:00+00:00,36.2649334
2026-02-18 15:00:00+00:00,36.6345963
2026-02-18 16:00:00+00:00,38.966846100000005
2026-02-18 17:00:00+00:00,43.876864000000005
2026-02-18 18:00:00+00:00,45.990430399999994
2026-02-18 19:00:00+00:00,42.7170302
2026-02-18 20:00:00+00:00,39.756166900000004
2026-02-18 21:00:00+00:00,39.53384030000001
2026-02-18 22:00:00+00:00,39.2742463
2026-02-18 23:00:00+00:00,33.96579943333333
2026-02-19 00:00:00+00:00,32.905014933333334
2026-02-19 01:00:00+00:00,30.604545733333335
2026-02-19 02:00:00+00:00,28.615930133333336
2026-02-19 03:00:00+00:00,28.479734833333332
2026-02-19 04:00:00+00:00,31.345607533333332
2026-02-19 05:00:00+00:00,36.34581063333333
2026-02-19 06:00:00+00:00,41.846703233333336
2026-02-19 07:00:00+00:00,44.02041113333333
2026-02-19 08:00:00+00:00,44.29017653333334
2026-02-19 09:00:00+00:00,43.079681133333324
2026-02-19 10:00:00+00:00,42.263892033333335
2026-02-19 11:00:00+00:00,41.81171263333333
2026-02-19 12:00:00+00:00,40.05031633333333
2026-02-19 13:00:00+00:00,40.29996383333334
2026-02-19 14:00:00+00:00,40.369524033333335
2026-02-19 15:00:00+00:00,40.45465303333334
2026-02-19 16:00:00+00:00,42.64894193333333
2026-02-19 17:00:00+00:00,47.76712743333333
2026-02-19 18:00:00+00:00,49.52005023333333
2026-02-19 19:00:00+00:00,45.739049533333336
2026-02-19 20:00:00+00:00,42.400861733333336
2026-02-19 21:00:00+00:00,42.190284733333336
2026-02-19 22:00:00+00:00,42.30840693333333
2026-02-19 23:00:00+00:00,41.0036824
2026-02-20 00:00:00+00:00,40.0350946
2026-02-20 01:00:00+00:00,38.3781201
2026-02-20 02:00:00+00:00,36.7065258
2026-02-20 03:00:00+00:00,36.8597873
2026-02-20 04:00:00+00:00,40.0300173
2026-02-20 05:00:00+00:00,45.106372500000006
2026-02-20 06:00:00+00:00,50.23060480000001
2026-02-20 07:00:00+00:00,51.8265461
2026-02-20 08:00:00+00:00,50.518371900000005
2026-02-20 09:00:00+00:00,47.614350400000006
2026-02-20 10:00:00+00:00,44.75064819999999
2026-02-20 11:00:00+00:00,42.558364700000006
2026-02-20 12:00:00+00:00,39.5579632
2026-02-20 13:00:00+00:00,39.388039500000005
2026-02-20 14:00:00+00:00,38.879098
2026-02-20 15:00:00+00:00,39.1507686
2026-02-20 16:00:00+00:00,41.583728
2026-02-20 17:00:00+00:00,45.548638100000005
2026-02-20 18:00:00+00:00,45.981671399999996
2026-02-20 19:00:00+00:00,41.6479978
2026-02-20 20:00:00+00:00,38.4230424
2026-02-20 21:00:00+00:00,38.233147200000005
2026-02-20 22:00:00+00:00,38.559628000000004
2026-02-20 23:00:00+00:00,35.03889048333333
2026-02-21 00:00:00+00:00,33.92532248333333
2026-02-21 01:00:00+00:00,31.48816128333333
2026-02-21 02:00:00+00:00,29.163461983333335
2026-02-21 03:00:00+00:00,28.469542283333332
2026-02-21 04:00:00+00:00,30.128573483333334
2026-02-21 05:00:00+00:00,32.05882798333333
2026-02-21 06:00:00+00:00,33.68876888333334
2026-02-21 07:00:00+00:00,33.72170308333334
2026-02-21 08:00:00+00:00,32.587951483333335
2026-02-21 09:00:00+00:00,30.142233483333335
2026-02-21 10:00:00+00:00,28.109192183333334
2026-02-21 11:00:00+00:00,27.62993228333334
2026-02-21 12:00:00+00:00,25.795047783333338
2026-02-21 13:00:00+00:00,25.320525783333338
2026-02-21 14:00:00+00:00,25.906705783333337
2026-02-21 15:00:00+00:00,28.247797983333335
2026-02-21 16:00:00+00:00,32.63805468333334
2026-02-21 17:00:00+00:00,38.36578298333333
2026-02-21 18:00:00+00:00,40.401156883333336
2026-02-21 19:00:00+00:00,37.263320883333336
2026-02-21 20:00:00+00:00,34.75222118333333
2026-02-21 21:00:00+00:00,35.188026683333334
2026-02-21 22:00:00+00:00,35.83523408333333
2026-02-21 23:00:00+00:00,34.709409550000004
2026-02-22 00:00:00+00:00,33.90170265
2026-02-22 01:00:00+00:00,31.58580835
2026-02-22 02:00:00+00:00,28.850159849999997
2026-02-22 03:00:00+00:00,27.640147050000003
2026-02-22 04:00:00+00:00,28.707842950000007
2026-02-22 05:00:00+00:00,29.66495675
2026-02-22 06:00:00+00:00,30.14585505
2026-02-22 07:00:00+00:00,29.354920150000005
2026-02-22 08:00:00+00:00,27.799114949999996
2026-02-22 09:00:00+00:00,25.281988350000006
2026-02-22 10:00:00+00:00,23.69960365
2026-02-22 11:00:00+00:00,23.53017355
2026-02-22 12:00:00+00:00,21.587161950000002
2026-02-22 13:00:00+00:00,21.32598825
2026-02-22 14:00:00+00:00,21.87646515
2026-02-22 15:00:00+00:00,24.256626550000007
2026-02-22 16:00:00+00:00,28.629066950000002
2026-02-22 17:00:00+00:00,35.05855075
2026-02-22 18:00:00+00:00,38.00885665
2026-02-22 19:00:00+00:00,35.832945450000004
2026-02-22 20:00:00+00:00,34.13781385
2026-02-22 21:00:00+00:00,34.956219450000006
2026-02-22 22:00:00+00:00,35.63580475
2026-02-22 23:00:00+00:00,32.56717056666667
2026-02-23 00:00:00+00:00,32.378710866666665
2026-02-23 01:00:00+00:00,30.419275866666666
2026-02-23 02:00:00+00:00,28.46319366666667
2026-02-23 03:00:00+00:00,28.43844546666667
2026-02-23 04:00:00+00:00,31.930307066666668
2026-02-23 05:00:00+00:00,36.69383066666667
2026-02-23 06:00:00+00:00,41.20513406666667
2026-02-23 07:00:00+00:00,42.63074306666667
2026-02-23 08:00:00+00:00,41.10835446666667
2026-02-23 09:00:00+00:00,37.70813656666667
2026-02-23 10:00:00+00:00,35.34519776666667
2026-02-23 11:00:00+00:00,34.08806546666666
2026-02-23 12:00:00+00:00,32.056765266666666
2026-02-23 13:00:00+00:00,32.38870716666668
2026-02-23 14:00:00+00:00,32.777563766666674
2026-02-23 15:00:00+00:00,35.075490566666666
2026-02-23 16:00:00+00:00,39.22405666666667
2026-02-23 17:00:00+00:00,45.406924366666665
2026-02-23 18:00:00+00:00,47.97616836666666
2026-02-23 19:00:00+00:00,44.149929766666666
2026-02-23 20:00:00+00:00,40.71386386666667
2026-02-23 21:00:00+00:00,40.499801966666666
2026-02-23 22:00:00+00:00,40.88306536666667
2026-02-23 23:00:00+00:00,39.1364327
2026-02-24 00:00:00+00:00,38.4554287
2026-02-24 01:00:00+00:00,36.5733809
2026-02-24 02:00:00+00:00,34.7256055
2026-02-24 03:00:00+00:00,34.834728
2026-02-24 04:00:00+00:00,38.249852000000004
2026-02-24 05:00:00+00:00,43.218023200000005
2026-02-24 06:00:00+00:00,47.759437199999994
2026-02-24 07:00:00+00:00,48.3050761
2026-02-24 08:00:00+00:00,44.9572354
2026-02-24 09:00:00+00:00,40.2907304
2026-02-24 10:00:00+00:00,36.9754202
2026-02-24 11:00:00+00:00,34.9558579
2026-02-24 12:00:00+00:00,32.674153700000005
2026-02-24 13:00:00+00:00,32.5702817
2026-02-24 14:00:00+00:00,32.77604530000001
2026-02-24 15:00:00+00:00,34.9262247
2026-02-24 16:00:00+00:00,38.8754656
2026-02-24 17:00:00+00:00,44.505803300000004
2026-02-24 18:00:00+00:00,46.10378
2026-02-24 19:00:00+00:00,42.221173199999996
2026-02-24 20:00:00+00:00,38.7798995
2026-02-24 21:00:00+00:00,38.3814569
2026-02-24 22:00:00+00:00,38.5401165
2026-02-24 23:00:00+00:00,37.95638628333333
2026-02-25 00:00:00+00:00,37.16980838333333
2026-02-25 01:00:00+00:00,35.07879368333333
2026-02-25 02:00:00+00:00,33.00932278333333
2026-02-25 03:00:00+00:00,32.68818318333333
2026-02-25 04:00:00+00:00,35.53914208333333
2026-02-25 05:00:00+00:00,39.76962908333333
2026-02-25 06:00:00+00:00,43.77900898333333
2026-02-25 07:00:00+00:00,44.60669768333333
2026-02-25 08:00:00+00:00,41.96101358333333
2026-02-25 09:00:00+00:00,37.854362183333336
2026-02-25 10:00:00+00:00,35.872006283333334
2026-02-25 11:00:00+00:00,34.87986288333333
2026-02-25 12:00:00+00:00,33.476181483333335
2026-02-25 13:00:00+00:00,34.51112408333333
2026-02-25 14:00:00+00:00,35.69995278333333
2026-02-25 15:00:00+00:00,38.464621183333335
2026-02-25 16:00:00+00:00,42.41846768333333
2026-02-25 17:00:00+00:00,48.04394288333333
2026-02-25 18:00:00+00:00,49.467047683333334
2026-02-25 19:00:00+00:00,45.488955583333336
2026-02-25 20:00:00+00:00,41.96529378333333
2026-02-25 21:00:00+00:00,41.516581783333336
2026-02-25 22:00:00+00:00,41.47447208333334
2026-02-25 23:00:00+00:00,38.24865653333333
2026-02-26 00:00:00+00:00,37.07323553333333
2026-02-26 01:00:00+00:00,34.84340423333333
2026-02-26 02:00:00+00:00,32.83527853333334
2026-02-26 03:00:00+00:00,32.42037053333333
2026-02-26 04:00:00+00:00,35.22620293333333
2026-02-26 05:00:00+00:00,39.712750533333335
2026-02-26 06:00:00+00:00,43.91331493333333
2026-02-26 07:00:00+00:00,44.948721533333334
2026-02-26 08:00:00+00:00,42.213940533333336
2026-02-26 09:00:00+00:00,37.790268133333335
2026-02-26 10:00:00+00:00,34.40119313333334
2026-02-26 11:00:00+00:00,32.09599573333334
2026-02-26 12:00:00+00:00,29.527277633333334
2026-02-26 13:00:00+00:00,29.85724733333333
2026-02-26 14:00:00+00:00,30.91534313333333
2026-02-26 15:00:00+00:00,34.36908113333333
2026-02-26 16:00:00+00:00,39.234497133333335
2026-02-26 17:00:00+00:00,45.07381753333334
2026-02-26 18:00:00+00:00,46.40393813333333
2026-02-26 19:00:00+00:00,42.27324643333334
2026-02-26 20:00:00+00:00,38.68955763333334
2026-02-26 21:00:00+00:00,37.96186913333333
2026-02-26 22:00:00+00:00,37.512930233333336
2026-02-26 23:00:00+00:00,35.21345373333334
2026-02-27 00:00:00+00:00,34.230168533333334
2026-02-27 01:00:00+00:00,31.83486153333334
2026-02-27 02:00:00+00:00,29.410037133333333
2026-02-27 03:00:00+00:00,28.75849433333334
2026-02-27 04:00:00+00:00,31.080622833333337
2026-02-27 05:00:00+00:00,35.089145933333334
2026-02-27 06:00:00+00:00,38.48416953333333
2026-02-27 07:00:00+00:00,39.456850333333335
2026-02-27 08:00:00+00:00,37.19337993333333
2026-02-27 09:00:00+00:00,34.16596973333334
2026-02-27 10:00:00+00:00,33.39843423333333
2026-02-27 11:00:00+00:00,33.489556633333336
2026-02-27 12:00:00+00:00,31.819608633333335
2026-02-27 13:00:00+00:00,30.150179533333336
2026-02-27 14:00:00+00:00,29.328171333333337
2026-02-27 15:00:00+00:00,31.293360633333336
2026-02-27 16:00:00+00:00,35.043892033333336
2026-02-27 17:00:00+00:00,40.350296533333335
2026-02-27 18:00:00+00:00,42.017973233333336
2026-02-27 19:00:00+00:00,39.01779573333333
2026-02-27 20:00:00+00:00,37.03505753333334
2026-02-27 21:00:00+00:00,37.482626833333335
2026-02-27 22:00:00+00:00,37.95392403333334
2026-02-27 23:00:00+00:00,30.5454437
2026-02-28 00:00:00+00:00,29.361294199999996
2026-02-28 01:00:00+00:00,26.7942969
2026-02-28 02:00:00+00:00,24.3626371
2026-02-28 03:00:00+00:00,23.577699599999995
2026-02-28 04:00:00+00:00,24.997887
2026-02-28 05:00:00+00:00,26.8446735
2026-02-28 06:00:00+00:00,28.0294891
2026-02-28 07:00:00+00:00,28.9926877
2026-02-28 08:00:00+00:00,28.7366899
2026-02-28 09:00:00+00:00,28.1376387
2026-02-28 10:00:00+00:00,28.0543339
2026-02-28 11:00:00+00:00,28.115953700000002
2026-02-28 12:00:00+00:00,27.069400899999998
2026-02-28 13:00:00+00:00,26.0392797
2026-02-28 14:00:00+00:00,25.647523000000003
2026-02-28 15:00:00+00:00,28.565847599999998
2026-02-28 16:00:00+00:00,33.7410402
2026-02-28 17:00:00+00:00,40.4695814
2026-02-28 18:00:00+00:00,43.2706771
2026-02-28 19:00:00+00:00,41.02578200000001
2026-02-28 20:00:00+00:00,39.613038700000004
2026-02-28 21:00:00+00:00,40.7731002
2026-02-28 22:00:00+00:00,41.4680644
2026-02-28 23:00:00+00:00,40.080233699999994
2026-03-01 00:00:00+00:00,38.5347393
2026-03-01 01:00:00+00:00,36.0286162
2026-03-01 02:00:00+00:00,33.163784500000006
2026-03-01 03:00:00+00:00,31.679974
2026-03-01 04:00:00+00:00,32.318784400000006
2026-03-01 05:00:00+00:00,32.919663400000005
2026-03-01 06:00:00+00:00,32.545435700000006
2026-03-01 07:00:00+00:00,31.648695200000002
2026-03-01 08:00:00+00:00,29.8160001
2026-03-01 09:00:00+00:00,26.9409233
2026-03-01 10:00:00+00:00,24.6051378
2026-03-01 11:00:00+00:00,23.539218200000004
2026-03-01 12:00:00+00:00,21.792748500000005
2026-03-01 13:00:00+00:00,22.0385332
2026-03-01 14:00:00+00:00,23.159419700000004
2026-03-01 15:00:00+00:00,26.138626400000007
2026-03-01 16:00:00+00:00,31.456808300000002
2026-03-01 17:00:00+00:00,38.318573
2026-03-01 18:00:00+00:00,41.2188884
2026-03-01 19:00:00+00:00,38.334345500000005
2026-03-01 20:00:00+00:00,36.3427591
2026-03-01 21:00:00+00:00,36.5507547
2026-03-01 22:00:00+00:00,36.261956600000005
2026-03-01 23:00:00+00:00,36.64327958333333
2026-03-02 00:00:00+00:00,35.02870528333334
2026-03-02 01:00:00+00:00,33.13296368333333
2026-03-02 02:00:00+00:00,31.131011483333335
2026-03-02 03:00:00+00:00,30.897954183333336
2026-03-02 04:00:00+00:00,33.95960708333334
2026-03-02 05:00:00+00:00,38.64270018333333
2026-03-02 06:00:00+00:00,42.50704808333333
2026-03-02 07:00:00+00:00,43.17262768333333
2026-03-02 08:00:00+00:00,40.30413898333333
2026-03-02 09:00:00+00:00,36.23027168333333
2026-03-02 10:00:00+00:00,33.584147783333336
2026-03-02 11:00:00+00:00,31.59008068333333
2026-03-02 12:00:00+00:00,30.12253348333334
2026-03-02 13:00:00+00:00,30.61800918333333
2026-03-02 14:00:00+00:00,32.10880418333333
2026-03-02 15:00:00+00:00,34.558661783333335
2026-03-02 16:00:00+00:00,39.322528283333334
2026-03-02 17:00:00+00:00,45.78115488333333
2026-03-02 18:00:00+00:00,48.464613183333334
2026-03-02 19:00:00+00:00,45.076234783333334
2026-03-02 20:00:00+00:00,42.48574348333334
2026-03-02 21:00:00+00:00,42.82971388333333
2026-03-02 22:00:00+00:00,43.214523783333334
2026-03-02 23:00:00+00:00,41.74599595
2026-03-03 00:00:00+00:00,40.81988665
2026-03-03 01:00:00+00:00,39.22899055
2026-03-03 02:00:00+00:00,37.56236155
2026-03-03 03:00:00+00:00,37.67176565
2026-03-03 04:00:00+00:00,40.71461355
2026-03-03 05:00:00+00:00,45.50229545
2026-03-03 06:00:00+00:00,49.235357050000005
2026-03-03 07:00:00+00:00,49.57701875
2026-03-03 08:00:00+00:00,45.93193615
2026-03-03 09:00:00+00:00,40.91865595
2026-03-03 10:00:00+00:00,37.71953775
2026-03-03 11:00:00+00:00,35.60640934999999
2026-03-03 12:00:00+00:00,34.228347850000006
2026-03-03 13:00:00+00:00,34.982850549999995
2026-03-03 14:00:00+00:00,35.92063265
2026-03-03 15:00:00+00:00,38.16370905
2026-03-03 16:00:00+00:00,42.737667849999994
2026-03-03 17:00:00+00:00,48.798595750000004
2026-03-03 18:00:00+00:00,50.94345615
2026-03-03 19:00:00+00:00,47.11371095
2026-03-03 20:00:00+00:00,44.019333450000005
2026-03-03 21:00:00+00:00,43.90179375
2026-03-03 22:00:00+00:00,44.10250655
2026-03-03 23:00:00+00:00,42.59153591666667
2026-03-04 00:00:00+00:00,41.43804141666667
2026-03-04 01:00:00+00:00,39.652697716666665
2026-03-04 02:00:00+00:00,37.79057461666667
2026-03-04 03:00:00+00:00,37.644190816666665
2026-03-04 04:00:00+00:00,40.49184351666666
2026-03-04 05:00:00+00:00,44.793591316666664
2026-03-04 06:00:00+00:00,47.97002401666667
2026-03-04 07:00:00+00:00,48.071757016666666
2026-03-04 08:00:00+00:00,44.49131441666667
2026-03-04 09:00:00+00:00,39.652574816666665
2026-03-04 10:00:00+00:00,36.73604241666667
2026-03-04 11:00:00+00:00,34.661458916666675
2026-03-04 12:00:00+00:00,33.110580516666666
2026-03-04 13:00:00+00:00,33.67785091666667
2026-03-04 14:00:00+00:00,34.87095681666667
2026-03-04 15:00:00+00:00,37.20391251666666
2026-03-04 16:00:00+00:00,41.88035161666667
2026-03-04 17:00:00+00:00,47.751138516666664
2026-03-04 18:00:00+00:00,49.61459601666667
2026-03-04 19:00:00+00:00,45.62448201666667
2026-03-04 20:00:00+00:00,42.571697416666666
2026-03-04 21:00:00+00:00,42.53136851666667
2026-03-04 22:00:00+00:00,42.738164016666666
2026-03-04 23:00:00+00:00,39.31622383333333
2026-03-05 00:00:00+00:00,38.32851543333334
2026-03-05 01:00:00+00:00,36.32126873333334
2026-03-05 02:00:00+00:00,34.39214573333334
2026-03-05 03:00:00+00:00,34.12041203333333
2026-03-05 04:00:00+00:00,36.90985383333334
2026-03-05 05:00:00+00:00,41.41467673333334
2026-03-05 06:00:00+00:00,45.217387933333335
2026-03-05 07:00:00+00:00,45.30980703333333
2026-03-05 08:00:00+00:00,41.76169553333334
2026-03-05 09:00:00+00:00,37.33623793333334
2026-03-05 10:00:00+00:00,34.31655333333333
2026-03-05 11:00:00+00:00,33.33617173333334
2026-03-05 12:00:00+00:00,32.27735973333333
2026-03-05 13:00:00+00:00,33.221722033333336
2026-03-05 14:00:00+00:00,34.96248453333333
2026-03-05 15:00:00+00:00,36.934136433333336
2026-03-05 16:00:00+00:00,41.33528703333333
2026-03-05 17:00:00+00:00,46.96659463333333
2026-03-05 18:00:00+00:00,49.115126933333336
2026-03-05 19:00:00+00:00,45.80859433333333
2026-03-05 20:00:00+00:00,42.95312583333334
2026-03-05 21:00:00+00:00,43.18387583333333
2026-03-05 22:00:00+00:00,44.05850563333333
2026-03-05 23:00:00+00:00,41.89783418333333
2026-03-06 00:00:00+00:00,40.96480578333333
2026-03-06 01:00:00+00:00,38.92412838333334
2026-03-06 02:00:00+00:00,36.94146548333333
2026-03-06 03:00:00+00:00,36.63648258333333
2026-03-06 04:00:00+00:00,39.371019583333336
2026-03-06 05:00:00+00:00,43.68728188333333
2026-03-06 06:00:00+00:00,47.309358683333336
2026-03-06 07:00:00+00:00,48.20370428333334
2026-03-06 08:00:00+00:00,46.01702288333334
2026-03-06 09:00:00+00:00,42.942641183333336
2026-03-06 10:00:00+00:00,40.73021538333333
2026-03-06 11:00:00+00:00,40.03260038333333
2026-03-06 12:00:00+00:00,38.986539183333335
2026-03-06 13:00:00+00:00,39.040339083333336
2026-03-06 14:00:00+00:00,39.61297378333333
2026-03-06 15:00:00+00:00,39.77771328333333
2026-03-06 16:00:00+00:00,43.12650948333334
2026-03-06 17:00:00+00:00,48.05558778333334
2026-03-06 18:00:00+00:00,49.91519158333333
2026-03-06 19:00:00+00:00,46.548754083333336
2026-03-06 20:00:00+00:00,44.091645883333335
2026-03-06 21:00:00+00:00,44.43477288333334
2026-03-06 22:00:00+00:00,45.241779183333335
2026-03-06 23:00:00+00:00,38.07458088333333
2026-03-07 00:00:00+00:00,36.89957488333334
2026-03-07 01:00:00+00:00,34.06221408333334
2026-03-07 02:00:00+00:00,31.501632583333333
2026-03-07 03:00:00+00:00,30.45885128333334
2026-03-07 04:00:00+00:00,31.714167583333335
2026-03-07 05:00:00+00:00,33.43865698333334
2026-03-07 06:00:00+00:00,34.132072683333334
2026-03-07 07:00:00+00:00,33.55875748333334
2026-03-07 08:00:00+00:00,31.595772483333334
2026-03-07 09:00:00+00:00,29.258198183333334
2026-03-07 10:00:00+00:00,27.40533838333333
2026-03-07 11:00:00+00:00,27.41328688333334
2026-03-07 12:00:00+00:00,26.088147983333336
2026-03-07 13:00:00+00:00,25.776060683333334
2026-03-07 14:00:00+00:00,26.075143283333336
2026-03-07 15:00:00+00:00,27.198459983333336
2026-03-07 16:00:00+00:00,31.321649683333337
2026-03-07 17:00:00+00:00,36.89305398333333
2026-03-07 18:00:00+00:00,39.188060083333326
2026-03-07 19:00:00+00:00,36.075325883333335
2026-03-07 20:00:00+00:00,34.35586888333333
2026-03-07 21:00:00+00:00,35.45555778333333
2026-03-07 22:00:00+00:00,37.23591368333334
2026-03-07 23:00:00+00:00,37.08791203333333
2026-03-08 00:00:00+00:00,36.579269133333334
2026-03-08 01:00:00+00:00,34.15702673333334
2026-03-08 02:00:00+00:00,31.894834733333333
2026-03-08 03:00:00+00:00,31.129111233333337
2026-03-08 04:00:00+00:00,32.29641193333333
2026-03-08 05:00:00+00:00,33.65535113333333
2026-03-08 06:00:00+00:00,33.72648703333333
2026-03-08 07:00:00+00:00,32.394980233333335
2026-03-08 08:00:00+00:00,29.645424733333336
2026-03-08 09:00:00+00:00,27.255740033333336
2026-03-08 10:00:00+00:00,25.516575233333334
2026-03-08 11:00:00+00:00,25.906556233333337
2026-03-08 12:00:00+00:00,24.690405333333338
2026-03-08 13:00:00+00:00,24.654925633333335
2026-03-08 14:00:00+00:00,24.804491533333337
2026-03-08 15:00:00+00:00,26.19866843333334
2026-03-08 16:00:00+00:00,31.218180733333334
2026-03-08 17:00:00+00:00,38.28012973333333
2026-03-08 18:00:00+00:00,42.13394733333333
2026-03-08 19:00:00+00:00,39.68592963333333
2026-03-08 20:00:00+00:00,37.75314193333334
2026-03-08 21:00:00+00:00,38.49097423333333
2026-03-08 22:00:00+00:00,39.37548473333334
2026-03-08 23:00:00+00:00,38.68882201666666
2026-03-09 00:00:00+00:00,37.99214241666667
2026-03-09 01:00:00+00:00,35.548396716666666
2026-03-09 02:00:00+00:00,33.53960301666666
2026-03-09 03:00:00+00:00,33.446724116666665
2026-03-09 04:00:00+00:00,36.518644916666666
2026-03-09 05:00:00+00:00,41.51668731666667
2026-03-09 06:00:00+00:00,45.374079316666666
2026-03-09 07:00:00+00:00,45.74415031666667
2026-03-09 08:00:00+00:00,42.49232641666667
2026-03-09 09:00:00+00:00,39.08740641666667
2026-03-09 10:00:00+00:00,36.70962551666666
2026-03-09 11:00:00+00:00,36.08017531666667
2026-03-09 12:00:00+00:00,35.04843401666666
2026-03-09 13:00:00+00:00,36.05442371666666
2026-03-09 14:00:00+00:00,36.504044616666675
2026-03-09 15:00:00+00:00,37.563935216666664
2026-03-09 16:00:00+00:00,41.64432831666667
2026-03-09 17:00:00+00:00,47.90327151666666
2026-03-09 18:00:00+00:00,51.060441616666665
2026-03-09 19:00:00+00:00,47.155019816666666
2026-03-09 20:00:00+00:00,43.847099316666664
2026-03-09 21:00:00+00:00,44.00452181666667
2026-03-09 22:00:00+00:00,44.514658716666666
2026-03-09 23:00:00+00:00,42.61654145
2026-03-10 00:00:00+00:00,41.671673750000004
2026-03-10 01:00:00+00:00,39.30461015
2026-03-10 02:00:00+00:00,37.46725765
2026-03-10 03:00:00+00:00,37.22982455
2026-03-10 04:00:00+00:00,39.92005715
2026-03-10 05:00:00+00:00,44.63581445
2026-03-10 06:00:00+00:00,48.31748505
2026-03-10 07:00:00+00:00,48.38126805
2026-03-10 08:00:00+00:00,44.572026650000005
2026-03-10 09:00:00+00:00,40.730420650000006
2026-03-10 10:00:00+00:00,38.11862755
2026-03-10 11:00:00+00:00,37.004951250000005
2026-03-10 12:00:00+00:00,35.50935095
2026-03-10 13:00:00+00:00,36.13589435
2026-03-10 14:00:00+00:00,35.728177450000004
2026-03-10 15:00:00+00:00,36.57703135
2026-03-10 16:00:00+00:00,40.51304075
2026-03-10 17:00:00+00:00,46.78120985
2026-03-10 18:00:00+00:00,49.645235250000006
2026-03-10 19:00:00+00:00,45.08862405000001
2026-03-10 20:00:00+00:00,40.96358285
2026-03-10 21:00:00+00:00,39.944350150000005
2026-03-10 22:00:00+00:00,39.35763215
2026-03-10 23:00:00+00:00,36.393260299999994
2026-03-11 00:00:00+00:00,34.5890367
2026-03-11 01:00:00+00:00,31.325327700000003
2026-03-11 02:00:00+00:00,28.5870319
2026-03-11 03:00:00+00:00,27.664684600000005
2026-03-11 04:00:00+00:00,29.7999182
2026-03-11 05:00:00+00:00,33.9551303
2026-03-11 06:00:00+00:00,37.1709022
2026-03-11 07:00:00+00:00,37.9493677
2026-03-11 08:00:00+00:00,35.497521899999995
2026-03-11 09:00:00+00:00,33.12624220000001
2026-03-11 10:00:00+00:00,32.1581348
2026-03-11 11:00:00+00:00,32.1168468
2026-03-11 12:00:00+00:00,31.266638800000003
2026-03-11 13:00:00+00:00,32.2746091
2026-03-11 14:00:00+00:00,32.048817400000004
2026-03-11 15:00:00+00:00,32.688034300000005
2026-03-11 16:00:00+00:00,36.349004300000004
2026-03-11 17:00:00+00:00,42.925153699999996
2026-03-11 18:00:00+00:00,46.6722397
2026-03-11 19:00:00+00:00,43.55259890000001
2026-03-11 20:00:00+00:00,40.9477435
2026-03-11 21:00:00+00:00,41.707549
2026-03-11 22:00:00+00:00,42.7342359
2026-03-11 23:00:00+00:00,42.18885561666667
2026-03-12 00:00:00+00:00,41.528339216666666
2026-03-12 01:00:00+00:00,39.09347041666666
2026-03-12 02:00:00+00:00,37.01905131666666
2026-03-12 03:00:00+00:00,36.59660831666667
2026-03-12 04:00:00+00:00,38.92404861666667
2026-03-12 05:00:00+00:00,43.22116051666667
2026-03-12 06:00:00+00:00,46.06616551666667
2026-03-12 07:00:00+00:00,45.36550031666667
2026-03-12 08:00:00+00:00,40.93901401666667
2026-03-12 09:00:00+00:00,35.69969871666667
2026-03-12 10:00:00+00:00,33.04904221666667
2026-03-12 11:00:00+00:00,32.33254421666667
2026-03-12 12:00:00+00:00,30.231043116666665
2026-03-12 13:00:00+00:00,31.34256991666667
2026-03-12 14:00:00+00:00,29.964650316666667
2026-03-12 15:00:00+00:00,29.42689441666667
2026-03-12 16:00:00+00:00,34.358423116666664
2026-03-12 17:00:00+00:00,41.55746181666666
2026-03-12 18:00:00+00:00,44.617615416666666
2026-03-12 19:00:00+00:00,40.537489216666664
2026-03-12 20:00:00+00:00,36.71562011666667
2026-03-12 21:00:00+00:00,36.363286816666665
2026-03-12 22:00:00+00:00,36.34856181666667
2026-03-12 23:00:00+00:00,32.80016488333334
2026-03-13 00:00:00+00:00,31.524672083333332
2026-03-13 01:00:00+00:00,28.71644158333333
2026-03-13 02:00:00+00:00,26.327800683333333
2026-03-13 03:00:00+00:00,25.706844583333336
2026-03-13 04:00:00+00:00,28.014728483333332
2026-03-13 05:00:00+00:00,32.53970468333334
2026-03-13 06:00:00+00:00,36.15221128333334
2026-03-13 07:00:00+00:00,37.26127558333334
2026-03-13 08:00:00+00:00,35.594186583333325
2026-03-13 09:00:00+00:00,33.59032368333334
2026-03-13 10:00:00+00:00,32.612006683333334
2026-03-13 11:00:00+00:00,32.55399348333334
2026-03-13 12:00:00+00:00,31.64588888333334
2026-03-13 13:00:00+00:00,33.04488368333334
2026-03-13 14:00:00+00:00,34.06744008333334
2026-03-13 15:00:00+00:00,34.849310683333336
2026-03-13 16:00:00+00:00,39.010613183333334
2026-03-13 17:00:00+00:00,45.16629998333333
2026-03-13 18:00:00+00:00,48.32409858333334
2026-03-13 19:00:00+00:00,45.317082983333336
2026-03-13 20:00:00+00:00,42.671589383333334
2026-03-13 21:00:00+00:00,43.269272783333335
2026-03-13 22:00:00+00:00,43.43398598333333
2026-03-13 23:00:00+00:00,39.0303941
2026-03-14 00:00:00+00:00,37.772940399999996
2026-03-14 01:00:00+00:00,35.2237128
2026-03-14 02:00:00+00:00,33.1036969
2026-03-14 03:00:00+00:00,32.5901242
2026-03-14 04:00:00+00:00,34.30849499999999
2026-03-14 05:00:00+00:00,36.8134679
2026-03-14 06:00:00+00:00,37.8596201
2026-03-14 07:00:00+00:00,39.0815622
2026-03-14 08:00:00+00:00,38.9163533
2026-03-14 09:00:00+00:00,37.2652331
2026-03-14 10:00:00+00:00,35.7583554
2026-03-14 11:00:00+00:00,35.2825012
2026-03-14 12:00:00+00:00,33.5943501
2026-03-14 13:00:00+00:00,33.2317771
2026-03-14 14:00:00+00:00,33.4118142
2026-03-14 15:00:00+00:00,34.1976157
2026-03-14 16:00:00+00:00,38.644752600000004
2026-03-14 17:00:00+00:00,45.36233300000001
2026-03-14 18:00:00+00:00,48.8639947
2026-03-14 19:00:00+00:00,46.0673195
2026-03-14 20:00:00+00:00,43.7721712
2026-03-14 21:00:00+00:00,44.551263
2026-03-14 22:00:00+00:00,45.3958905
2026-03-14 23:00:00+00:00,43.74365108333333
2026-03-15 00:00:00+00:00,42.74082608333333
2026-03-15 01:00:00+00:00,40.54966278333333
2026-03-15 02:00:00+00:00,38.27767848333333
2026-03-15 03:00:00+00:00,37.64633058333334
2026-03-15 04:00:00+00:00,38.99639978333333
2026-03-15 05:00:00+00:00,40.601262483333336
2026-03-15 06:00:00+00:00,40.05170638333333
2026-03-15 07:00:00+00:00,38.075569083333335
2026-03-15 08:00:00+00:00,34.75175518333333
2026-03-15 09:00:00+00:00,31.332562083333332
2026-03-15 10:00:00+00:00,28.921377283333335
2026-03-15 11:00:00+00:00,27.999951683333332
2026-03-15 12:00:00+00:00,25.887655183333337
2026-03-15 13:00:00+00:00,25.670219383333333
2026-03-15 14:00:00+00:00,25.78539968333333
2026-03-15 15:00:00+00:00,26.65681568333333
2026-03-15 16:00:00+00:00,31.367762383333332
2026-03-15 17:00:00+00:00,38.36082338333334
2026-03-15 18:00:00+00:00,41.62776478333333
2026-03-15 19:00:00+00:00,38.24647908333334
2026-03-15 20:00:00+00:00,35.357689083333334
2026-03-15 21:00:00+00:00,35.27537048333333
2026-03-15 22:00:00+00:00,35.370530083333335
2026-03-15 23:00:00+00:00,35.80286331666667
2026-03-16 00:00:00+00:00,35.11531771666667
2026-03-16 01:00:00+00:00,33.91229261666667
2026-03-16 02:00:00+00:00,32.67688161666666
2026-03-16 03:00:00+00:00,33.415108816666674
2026-03-16 04:00:00+00:00,37.09556511666666
2026-03-16 05:00:00+00:00,42.49947761666667
2026-03-16 06:00:00+00:00,45.76097421666667
2026-03-16 07:00:00+00:00,45.82120591666666
2026-03-16 08:00:00+00:00,42.523175316666666
2026-03-16 09:00:00+00:00,38.54698271666666
2026-03-16 10:00:00+00:00,36.12097961666666
2026-03-16 11:00:00+00:00,35.017282116666664
2026-03-16 12:00:00+00:00,33.091211216666665
2026-03-16 13:00:00+00:00,33.56525561666666
2026-03-16 14:00:00+00:00,34.102224916666664
2026-03-16 15:00:00+00:00,35.14681001666666
2026-03-16 16:00:00+00:00,40.19786791666667
2026-03-16 17:00:00+00:00,48.02460011666666
2026-03-16 18:00:00+00:00,52.55486881666667
2026-03-16 19:00:00+00:00,49.21176011666667
2026-03-16 20:00:00+00:00,45.92982791666667
2026-03-16 21:00:00+00:00,45.86306141666667
2026-03-16 22:00:00+00:00,45.573581116666666
2026-03-16 23:00:00+00:00,41.48923773333333
2026-03-17 00:00:00+00:00,40.380413833333336
2026-03-17 01:00:00+00:00,38.62301143333333
2026-03-17 02:00:00+00:00,36.758431933333334
2026-03-17 03:00:00+00:00,36.61677493333333
2026-03-17 04:00:00+00:00,39.28849073333333
2026-03-17 05:00:00+00:00,44.07363193333333
2026-03-17 06:00:00+00:00,46.76577913333333
2026-03-17 07:00:00+00:00,45.309140533333334
2026-03-17 08:00:00+00:00,39.93901073333333
2026-03-17 09:00:00+00:00,34.062113333333336
2026-03-17 10:00:00+00:00,29.748937433333328
2026-03-17 11:00:00+00:00,27.608017233333335
2026-03-17 12:00:00+00:00,25.54210893333333
2026-03-17 13:00:00+00:00,26.076309333333334
2026-03-17 14:00:00+00:00,26.715247333333338
2026-03-17 15:00:00+00:00,28.638503933333332
2026-03-17 16:00:00+00:00,33.99880953333333
2026-03-17 17:00:00+00:00,41.27689893333333
2026-03-17 18:00:00+00:00,44.489873233333334
2026-03-17 19:00:00+00:00,40.089473733333335
2026-03-17 20:00:00+00:00,36.06508253333334
2026-03-17 21:00:00+00:00,35.282490233333334
2026-03-17 22:00:00+00:00,35.08546713333334
2026-03-17 23:00:00+00:00,34.624690799999996
2026-03-18 00:00:00+00:00,33.2745962
2026-03-18 01:00:00+00:00,31.317135499999996
2026-03-18 02:00:00+00:00,29.309458499999998
2026-03-18 03:00:00+00:00,29.193411900000005
2026-03-18 04:00:00+00:00,31.546236899999997
2026-03-18 05:00:00+00:00,35.7867885
2026-03-18 06:00:00+00:00,37.7341503
2026-03-18 07:00:00+00:00,36.4332282
2026-03-18 08:00:00+00:00,31.5477374
2026-03-18 09:00:00+00:00,27.898316299999998
2026-03-18 10:00:00+00:00,26.1983676
2026-03-18 11:00:00+00:00,24.5542343
2026-03-18 12:00:00+00:00,22.7693384
2026-03-18 13:00:00+00:00,23.1591237
2026-03-18 14:00:00+00:00,22.994205800000003
2026-03-18 15:00:00+00:00,21.887546799999996
2026-03-18 16:00:00+00:00,24.3340502
2026-03-18 17:00:00+00:00,31.195007399999998
2026-03-18 18:00:00+00:00,34.8558061
2026-03-18 19:00:00+00:00,31.6092221
2026-03-18 20:00:00+00:00,28.882914199999995
2026-03-18 21:00:00+00:00,29.5128002
2026-03-18 22:00:00+00:00,30.625783900000005
2026-03-18 23:00:00+00:00,31.542207033333334
2026-03-19 00:00:00+00:00,31.271412633333338
2026-03-19 01:00:00+00:00,30.100000233333336
2026-03-19 02:00:00+00:00,28.656262833333333
2026-03-19 03:00:00+00:00,28.73065343333333
2026-03-19 04:00:00+00:00,31.834555133333335
2026-03-19 05:00:00+00:00,36.886691633333335
2026-03-19 06:00:00+00:00,39.925291333333334
2026-03-19 07:00:00+00:00,38.81419613333333
2026-03-19 08:00:00+00:00,34.121801633333334
2026-03-19 09:00:00+00:00,30.344242433333335
2026-03-19 10:00:00+00:00,28.17914103333333
2026-03-19 11:00:00+00:00,26.811959133333335
2026-03-19 12:00:00+00:00,24.831003433333333
2026-03-19 13:00:00+00:00,25.259511533333335
2026-03-19 14:00:00+00:00,25.222282933333332
2026-03-19 15:00:00+00:00,25.482335233333327
2026-03-19 16:00:00+00:00,29.929524833333335
2026-03-19 17:00:00+00:00,37.54167893333333
2026-03-19 18:00:00+00:00,41.72132273333333
2026-03-19 19:00:00+00:00,38.31137443333333
2026-03-19 20:00:00+00:00,35.55614393333333
2026-03-19 21:00:00+00:00,36.13613073333333
2026-03-19 22:00:00+00:00,37.359138533333336
2026-03-19 23:00:00+00:00,37.2500685
2026-03-20 00:00:00+00:00,36.889886600000004
2026-03-20 01:00:00+00:00,35.7344384
2026-03-20 02:00:00+00:00,34.2726973
2026-03-20 03:00:00+00:00,34.385683900000004
2026-03-20 04:00:00+00:00,37.567903199999996
2026-03-20 05:00:00+00:00,42.290130500000004
2026-03-20 06:00:00+00:00,44.6824182
2026-03-20 07:00:00+00:00,42.8191148
2026-03-20 08:00:00+00:00,37.7062083
2026-03-20 09:00:00+00:00,33.7002784
2026-03-20 10:00:00+00:00,31.485621100000003
2026-03-20 11:00:00+00:00,29.6989322
2026-03-20 12:00:00+00:00,27.3771014
2026-03-20 13:00:00+00:00,28.046177500000006
2026-03-20 14:00:00+00:00,28.0081666
2026-03-20 15:00:00+00:00,28.4580084
2026-03-20 16:00:00+00:00,33.000291700000005
2026-03-20 17:00:00+00:00,40.3810158
2026-03-20 18:00:00+00:00,43.7483919
2026-03-20 19:00:00+00:00,40.152107900000004
2026-03-20 20:00:00+00:00,37.5763229
2026-03-20 21:00:00+00:00,38.0075108
2026-03-20 22:00:00+00:00,39.1298285
2026-03-20 23:00:00+00:00,39.25894863333333
2026-03-21 00:00:00+00:00,38.41257793333334
2026-03-21 01:00:00+00:00,36.51686303333334
2026-03-21 02:00:00+00:00,34.55266603333333
2026-03-21 03:00:00+00:00,33.683966733333335
2026-03-21 04:00:00+00:00,35.35151753333333
2026-03-21 05:00:00+00:00,37.47248593333333
2026-03-21 06:00:00+00:00,37.048479533333335
2026-03-21 07:00:00+00:00,34.88160693333333
2026-03-21 08:00:00+00:00,30.92824113333333
2026-03-21 09:00:00+00:00,28.31594703333333
2026-03-21 10:00:00+00:00,26.719473833333335
2026-03-21 11:00:00+00:00,26.332582933333338
2026-03-21 12:00:00+00:00,24.227561333333334
2026-03-21 13:00:00+00:00,24.685321033333334
2026-03-21 14:00:00+00:00,24.544322233333336
2026-03-21 15:00:00+00:00,24.80581233333334
2026-03-21 16:00:00+00:00,29.02699953333333
2026-03-21 17:00:00+00:00,36.35036133333334
2026-03-21 18:00:00+00:00,40.33346403333333
2026-03-21 19:00:00+00:00,37.28084823333333
2026-03-21 20:00:00+00:00,35.174618833333334
2026-03-21 21:00:00+00:00,36.11615283333333
2026-03-21 22:00:00+00:00,38.06426663333333
2026-03-21 23:00:00+00:00,38.19840605
2026-03-22 00:00:00+00:00,37.58196145
2026-03-22 01:00:00+00:00,35.84437855
2026-03-22 02:00:00+00:00,33.85836105
2026-03-22 03:00:00+00:00,33.19921465
2026-03-22 04:00:00+00:00,34.51395165
2026-03-22 05:00:00+00:00,35.88311255
2026-03-22 06:00:00+00:00,34.98962025
2026-03-22 07:00:00+00:00,32.81852015
2026-03-22 08:00:00+00:00,29.847682149999997
2026-03-22 09:00:00+00:00,28.553888650000005
2026-03-22 10:00:00+00:00,28.12714495
2026-03-22 11:00:00+00:00,28.971410849999998
2026-03-22 12:00:00+00:00,27.295252050000002
2026-03-22 13:00:00+00:00,26.103427850000003
2026-03-22 14:00:00+00:00,24.829929349999997
2026-03-22 15:00:00+00:00,25.99472745
2026-03-22 16:00:00+00:00,31.122144649999996
2026-03-22 17:00:00+00:00,38.48573455
2026-03-22 18:00:00+00:00,43.325379049999995
2026-03-22 19:00:00+00:00,41.07623735
2026-03-22 20:00:00+00:00,39.33452175
2026-03-22 21:00:00+00:00,40.25077935
2026-03-22 22:00:00+00:00,41.30644505
2026-03-22 23:00:00+00:00,41.5745143
2026-03-23 00:00:00+00:00,40.953445200000004
2026-03-23 01:00:00+00:00,39.2392184
2026-03-23 02:00:00+00:00,37.64776380000001
2026-03-23 03:00:00+00:00,37.705651700000004
2026-03-23 04:00:00+00:00,41.1825797
2026-03-23 05:00:00+00:00,46.3786367
2026-03-23 06:00:00+00:00,48.9774629
2026-03-23 07:00:00+00:00,47.056913699999996
2026-03-23 08:00:00+00:00,41.6418606
2026-03-23 09:00:00+00:00,36.3200984
2026-03-23 10:00:00+00:00,32.142109500000004
2026-03-23 11:00:00+00:00,31.393628800000002
2026-03-23 12:00:00+00:00,29.814972799999996
2026-03-23 13:00:00+00:00,31.416698
2026-03-23 14:00:00+00:00,32.058350600000004
2026-03-23 15:00:00+00:00,33.432519299999996
2026-03-23 16:00:00+00:00,38.920751100000004
2026-03-23 17:00:00+00:00,46.7628641
2026-03-23 18:00:00+00:00,51.556909700000006
2026-03-23 19:00:00+00:00,48.5623553
2026-03-23 20:00:00+00:00,45.8327139
2026-03-23 21:00:00+00:00,46.0298882
2026-03-23 22:00:00+00:00,46.406349999999996
2026-03-23 23:00:00+00:00,45.633252049999996
2026-03-24 00:00:00+00:00,44.397082350000005
2026-03-24 01:00:00+00:00,42.30443675
2026-03-24 02:00:00+00:00,40.295663350000005
2026-03-24 03:00:00+00:00,39.93083905
2026-03-24 04:00:00+00:00,42.88153905
2026-03-24 05:00:00+00:00,47.63662885
2026-03-24 06:00:00+00:00,49.655556250000004
2026-03-24 07:00:00+00:00,46.86931145
2026-03-24 08:00:00+00:00,40.80497525
2026-03-24 09:00:00+00:00,35.15140515
2026-03-24 10:00:00+00:00,32.18869735
2026-03-24 11:00:00+00:00,32.44645665
2026-03-24 12:00:00+00:00,29.888361050000004
2026-03-24 13:00:00+00:00,28.87585175
2026-03-24 14:00:00+00:00,27.48763195
2026-03-24 15:00:00+00:00,28.923660150000003
2026-03-24 16:00:00+00:00,34.26358235000001
2026-03-24 17:00:00+00:00,41.12768835
2026-03-24 18:00:00+00:00,44.383223650000005
2026-03-24 19:00:00+00:00,39.591163949999995
2026-03-24 20:00:00+00:00,35.312262649999994
2026-03-24 21:00:00+00:00,34.408163349999995
2026-03-24 22:00:00+00:00,33.833477450000004
2026-03-24 23:00:00+00:00,29.79578428333333
2026-03-25 00:00:00+00:00,28.202776483333338
2026-03-25 01:00:00+00:00,25.71352198333333
2026-03-25 02:00:00+00:00,23.52835758333333
2026-03-25 03:00:00+00:00,23.060404283333334
2026-03-25 04:00:00+00:00,25.85099838333333
2026-03-25 05:00:00+00:00,30.34115758333333
2026-03-25 06:00:00+00:00,32.210105183333326
2026-03-25 07:00:00+00:00,30.656930483333337
2026-03-25 08:00:00+00:00,26.53977768333333
2026-03-25 09:00:00+00:00,23.45271438333333
2026-03-25 10:00:00+00:00,21.188844683333336
2026-03-25 11:00:00+00:00,21.519867583333337
2026-03-25 12:00:00+00:00,19.808574283333336
2026-03-25 13:00:00+00:00,20.809311583333333
2026-03-25 14:00:00+00:00,21.70708088333334
2026-03-25 15:00:00+00:00,22.793395583333332
2026-03-25 16:00:00+00:00,27.89188848333334
2026-03-25 17:00:00+00:00,35.246465783333335
2026-03-25 18:00:00+00:00,40.32441708333333
2026-03-25 19:00:00+00:00,37.54647918333333
2026-03-25 20:00:00+00:00,34.99289098333334
2026-03-25 21:00:00+00:00,35.54444288333333
2026-03-25 22:00:00+00:00,35.74112918333333
2026-03-25 23:00:00+00:00,33.355976483333336
2026-03-26 00:00:00+00:00,32.687517283333335
2026-03-26 01:00:00+00:00,31.10524768333333
2026-03-26 02:00:00+00:00,29.597950683333334
2026-03-26 03:00:00+00:00,29.92214958333333
2026-03-26 04:00:00+00:00,33.35078368333333
2026-03-26 05:00:00+00:00,38.74282698333334
2026-03-26 06:00:00+00:00,42.07800698333334
2026-03-26 07:00:00+00:00,40.82501648333333
2026-03-26 08:00:00+00:00,36.466074283333334
2026-03-26 09:00:00+00:00,32.191904083333334
2026-03-26 10:00:00+00:00,29.162264783333335
2026-03-26 11:00:00+00:00,28.507345583333333
2026-03-26 12:00:00+00:00,26.62815618333333
2026-03-26 13:00:00+00:00,27.884205783333336
2026-03-26 14:00:00+00:00,28.839421683333335
2026-03-26 15:00:00+00:00,30.13353658333333
2026-03-26 16:00:00+00:00,35.62595788333333
2026-03-26 17:00:00+00:00,43.686036083333335
2026-03-26 18:00:00+00:00,49.954835483333326
2026-03-26 19:00:00+00:00,47.82761008333334
2026-03-26 20:00:00+00:00,45.693065583333336
2026-03-26 21:00:00+00:00,46.62832648333333
2026-03-26 22:00:00+00:00,47.51904818333333
2026-03-26 23:00:00+00:00,47.04447505
2026-03-27 00:00:00+00:00,46.64857455
2026-03-27 01:00:00+00:00,44.80348805
2026-03-27 02:00:00+00:00,43.108554549999994
2026-03-27 03:00:00+00:00,43.01007165
2026-03-27 04:00:00+00:00,45.89119365
2026-03-27 05:00:00+00:00,50.52650515
2026-03-27 06:00:00+00:00,52.620581349999995
2026-03-27 07:00:00+00:00,50.21244515000001
2026-03-27 08:00:00+00:00,44.81660155
2026-03-27 09:00:00+00:00,39.85866905
2026-03-27 10:00:00+00:00,36.15366014999999
2026-03-27 11:00:00+00:00,34.75305075
2026-03-27 12:00:00+00:00,32.92966655000001
2026-03-27 13:00:00+00:00,34.29373915
2026-03-27 14:00:00+00:00,35.064292550000005
2026-03-27 15:00:00+00:00,36.62287415
2026-03-27 16:00:00+00:00,41.38984155
2026-03-27 17:00:00+00:00,48.17462815
2026-03-27 18:00:00+00:00,53.161181049999996
2026-03-27 19:00:00+00:00,49.85290415
2026-03-27 20:00:00+00:00,46.83331345
2026-03-27 21:00:00+00:00,46.59166825
2026-03-27 22:00:00+00:00,46.80267885
2026-03-27 23:00:00+00:00,42.8541367
2026-03-28 00:00:00+00:00,41.5941993
2026-03-28 01:00:00+00:00,38.962245100000004
2026-03-28 02:00:00+00:00,35.9956576
2026-03-28 03:00:00+00:00,34.7647194
2026-03-28 04:00:00+00:00,35.6296756
2026-03-28 05:00:00+00:00,36.8355387
2026-03-28 06:00:00+00:00,36.45560999999999
2026-03-28 07:00:00+00:00,34.3814221
2026-03-28 08:00:00+00:00,31.511284099999997
2026-03-28 09:00:00+00:00,29.142629999999997
2026-03-28 10:00:00+00:00,27.222404600000004
2026-03-28 11:00:00+00:00,26.684172600000004
2026-03-28 12:00:00+00:00,24.405869100000004
2026-03-28 13:00:00+00:00,24.4207009
2026-03-28 14:00:00+00:00,24.296797999999995
2026-03-28 15:00:00+00:00,24.569978300000002
2026-03-28 16:00:00+00:00,28.623173499999996
2026-03-28 17:00:00+00:00,35.004765500000005
2026-03-28 18:00:00+00:00,40.6099097
2026-03-28 19:00:00+00:00,38.5775651
2026-03-28 20:00:00+00:00,36.8552033
2026-03-28 21:00:00+00:00,37.7239655
2026-03-28 22:00:00+00:00,38.9217907
2026-03-28 23:00:00+00:00,37.04103893333334
2026-03-29 00:00:00+00:00,36.639908133333336
2026-03-29 01:00:00+00:00,33.10930883333333
2026-03-29 02:00:00+00:00,32.50832423333333
2026-03-29 03:00:00+00:00,33.78971563333333
2026-03-29 04:00:00+00:00,35.64041613333333
2026-03-29 05:00:00+00:00,36.70187333333334
2026-03-29 06:00:00+00:00,36.94040493333334
2026-03-29 07:00:00+00:00,35.60723273333333
2026-03-29 08:00:00+00:00,32.98414983333333
2026-03-29 09:00:00+00:00,29.859236333333335
2026-03-29 10:00:00+00:00,27.842909533333337
2026-03-29 11:00:00+00:00,24.544913633333334
2026-03-29 12:00:00+00:00,23.435515433333336
2026-03-29 13:00:00+00:00,22.76935453333334
2026-03-29 14:00:00+00:00,22.33621113333334
2026-03-29 15:00:00+00:00,25.234562633333333
2026-03-29 16:00:00+00:00,31.85197253333334
2026-03-29 17:00:00+00:00,38.86418243333334
2026-03-29 18:00:00+00:00,38.94998643333333
2026-03-29 19:00:00+00:00,37.965067033333334
2026-03-29 20:00:00+00:00,37.72556013333334
2026-03-29 21:00:00+00:00,37.41518773333334
2026-03-29 22:00:00+00:00,35.58833108333333
2026-03-29 23:00:00+00:00,34.13741448333333
2026-03-30 00:00:00+00:00,31.638031883333333
2026-03-30 01:00:00+00:00,29.72021818333333
2026-03-30 02:00:00+00:00,29.61524308333333
2026-03-30 03:00:00+00:00,32.54654178333334
2026-03-30 04:00:00+00:00,38.10094948333334
2026-03-30 05:00:00+00:00,42.96033668333334
2026-03-30 06:00:00+00:00,44.53722558333334
2026-03-30 07:00:00+00:00,42.42737268333333
2026-03-30 08:00:00+00:00,38.49746828333333
2026-03-30 09:00:00+00:00,34.94123508333334
2026-03-30 10:00:00+00:00,32.49914738333334
2026-03-30 11:00:00+00:00,29.282374583333333
2026-03-30 12:00:00+00:00,28.492549883333336
2026-03-30 13:00:00+00:00,27.36228938333333
2026-03-30 14:00:00+00:00,26.22237588333333
2026-03-30 15:00:00+00:00,27.721488583333336
2026-03-30 16:00:00+00:00,33.68430158333334
2026-03-30 17:00:00+00:00,40.322296683333334
2026-03-30 18:00:00+00:00,40.33193168333333
2026-03-30 19:00:00+00:00,40.054522983333335
2026-03-30 20:00:00+00:00,40.84323728333334
2026-03-30 21:00:00+00:00,41.97488858333334
2026-03-30 22:00:00+00:00,39.269296466666674
2026-03-30 23:00:00+00:00,38.718806066666666
2026-03-31 00:00:00+00:00,36.70919216666667
2026-03-31 01:00:00+00:00,34.931032466666665
2026-03-31 02:00:00+00:00,34.738127066666664
2026-03-31 03:00:00+00:00,37.38722226666667
2026-03-31 04:00:00+00:00,42.348706066666665
2026-03-31 05:00:00+00:00,46.52977406666666
2026-03-31 06:00:00+00:00,46.84887566666667
2026-03-31 07:00:00+00:00,43.352884466666666
2026-03-31 08:00:00+00:00,38.90275426666667
2026-03-31 09:00:00+00:00,35.33968956666667
2026-03-31 10:00:00+00:00,33.21364456666667
2026-03-31 11:00:00+00:00,30.451854666666666
2026-03-31 12:00:00+00:00,30.43148216666667
2026-03-31 13:00:00+00:00,30.477825966666664
2026-03-31 14:00:00+00:00,29.518408666666666
2026-03-31 15:00:00+00:00,31.398898366666668
2026-03-31 16:00:00+00:00,36.86289306666666
2026-03-31 17:00:00+00:00,42.851428266666666
2026-03-31 18:00:00+00:00,42.457389166666665
2026-03-31 19:00:00+00:00,41.65751676666667
2026-03-31 20:00:00+00:00,41.88621636666666
2026-03-31 21:00:00+00:00,42.50489616666667
2026-03-31 22:00:00+00:00,40.019406849999996
2026-03-31 23:00:00+00:00,39.10205095
2026-04-01 00:00:00+00:00,36.85586155
2026-04-01 01:00:00+00:00,34.81353185
2026-04-01 02:00:00+00:00,34.39281345
2026-04-01 03:00:00+00:00,36.67556385
2026-04-01 04:00:00+00:00,41.03671235
2026-04-01 05:00:00+00:00,44.72987045
2026-04-01 06:00:00+00:00,45.41957785
2026-04-01 07:00:00+00:00,42.83916515
2026-04-01 08:00:00+00:00,39.10540845
2026-04-01 09:00:00+00:00,35.78722195
2026-04-01 10:00:00+00:00,33.906804449999996
2026-04-01 11:00:00+00:00,30.894790249999996
2026-04-01 12:00:00+00:00,30.531274949999997
2026-04-01 13:00:00+00:00,30.183803049999998
2026-04-01 14:00:00+00:00,29.234196250000004
2026-04-01 15:00:00+00:00,31.31886905
2026-04-01 16:00:00+00:00,37.011190850000006
2026-04-01 17:00:00+00:00,43.09675125
2026-04-01 18:00:00+00:00,42.55156165
2026-04-01 19:00:00+00:00,41.72247095
2026-04-01 20:00:00+00:00,41.994042949999994
2026-04-01 21:00:00+00:00,42.61202165
2026-04-01 22:00:00+00:00,41.9483735
2026-04-01 23:00:00+00:00,41.546365800000004
2026-04-02 00:00:00+00:00,39.5145559
2026-04-02 01:00:00+00:00,37.6892452
2026-04-02 02:00:00+00:00,37.3901573
2026-04-02 03:00:00+00:00,39.78463430000001
2026-04-02 04:00:00+00:00,44.419353900000004
2026-04-02 05:00:00+00:00,48.424703300000004
2026-04-02 06:00:00+00:00,48.8261483
2026-04-02 07:00:00+00:00,44.767786699999995
2026-04-02 08:00:00+00:00,40.6963895
2026-04-02 09:00:00+00:00,36.9678175
2026-04-02 10:00:00+00:00,35.067644200000004
2026-04-02 11:00:00+00:00,31.8159116
2026-04-02 12:00:00+00:00,31.073165000000003
2026-04-02 13:00:00+00:00,30.313678999999997
2026-04-02 14:00:00+00:00,29.3189038
2026-04-02 15:00:00+00:00,31.3954077
2026-04-02 16:00:00+00:00,37.537819400000004
2026-04-02 17:00:00+00:00,43.928065600000004
2026-04-02 18:00:00+00:00,43.6853704
2026-04-02 19:00:00+00:00,42.799417
2026-04-02 20:00:00+00:00,43.6966302
2026-04-02 21:00:00+00:00,43.806675600000005
2026-04-02 22:00:00+00:00,43.49237903333333
2026-04-02 23:00:00+00:00,42.82302773333333
2026-04-03 00:00:00+00:00,41.35400623333333
2026-04-03 01:00:00+00:00,40.39975543333334
2026-04-03 02:00:00+00:00,38.89455123333333
2026-04-03 03:00:00+00:00,40.73000553333333
2026-04-03 04:00:00+00:00,44.728486733333334
2026-04-03 05:00:00+00:00,48.121794933333334
2026-04-03 06:00:00+00:00,48.10053453333334
2026-04-03 07:00:00+00:00,44.613322733333334
2026-04-03 08:00:00+00:00,39.43932773333333
2026-04-03 09:00:00+00:00,35.19932943333333
2026-04-03 10:00:00+00:00,32.60877393333334
2026-04-03 11:00:00+00:00,28.989739333333333
2026-04-03 12:00:00+00:00,27.94096493333334
2026-04-03 13:00:00+00:00,27.25749403333333
2026-04-03 14:00:00+00:00,25.407206933333335
2026-04-03 15:00:00+00:00,27.34271043333333
2026-04-03 16:00:00+00:00,32.83557483333333
2026-04-03 17:00:00+00:00,37.755981733333336
2026-04-03 18:00:00+00:00,37.850995033333334
2026-04-03 19:00:00+00:00,36.88265593333333
2026-04-03 20:00:00+00:00,37.838486733333326
2026-04-03 21:00:00+00:00,37.788386333333335
2026-04-03 22:00:00+00:00,36.643457133333335
2026-04-03 23:00:00+00:00,35.71362513333334
2026-04-04 00:00:00+00:00,33.77500353333333
2026-04-04 01:00:00+00:00,32.48660743333333
2026-04-04 02:00:00+00:00,31.79499153333333
2026-04-04 03:00:00+00:00,33.24828243333333
2026-04-04 04:00:00+00:00,35.56371863333333
2026-04-04 05:00:00+00:00,37.04055893333334
2026-04-04 06:00:00+00:00,36.76387533333333
2026-04-04 07:00:00+00:00,34.035623333333334
2026-04-04 08:00:00+00:00,29.816518433333336
2026-04-04 09:00:00+00:00,25.828775833333335
2026-04-04 10:00:00+00:00,23.16446493333333
2026-04-04 11:00:00+00:00,19.30242263333334
2026-04-04 12:00:00+00:00,17.48040993333333
2026-04-04 13:00:00+00:00,15.595215633333332
2026-04-04 14:00:00+00:00,14.48762683333334
2026-04-04 15:00:00+00:00,17.100868433333336
2026-04-04 16:00:00+00:00,23.803242333333337
2026-04-04 17:00:00+00:00,29.754942433333333
2026-04-04 18:00:00+00:00,30.29049883333333
2026-04-04 19:00:00+00:00,28.423344933333333
2026-04-04 20:00:00+00:00,28.704732033333336
2026-04-04 21:00:00+00:00,28.559998533333335
2026-04-04 22:00:00+00:00,26.559369833333335
2026-04-04 23:00:00+00:00,25.591019733333333
2026-04-05 00:00:00+00:00,23.50443123333334
2026-04-05 01:00:00+00:00,22.262522633333333
2026-04-05 02:00:00+00:00,20.795914733333333
2026-04-05 03:00:00+00:00,21.708760933333338
2026-04-05 04:00:00+00:00,24.002984533333336
2026-04-05 05:00:00+00:00,25.769816533333337
2026-04-05 06:00:00+00:00,25.500574733333334
2026-04-05 07:00:00+00:00,23.330177833333337
2026-04-05 08:00:00+00:00,20.247803033333337
2026-04-05 09:00:00+00:00,18.19264593333334
2026-04-05 10:00:00+00:00,17.19932603333334
2026-04-05 11:00:00+00:00,14.832546733333338
2026-04-05 12:00:00+00:00,14.258614733333339
2026-04-05 13:00:00+00:00,13.28478873333334
2026-04-05 14:00:00+00:00,13.30884823333334
2026-04-05 15:00:00+00:00,16.768886033333334
2026-04-05 16:00:00+00:00,25.038086033333332
2026-04-05 17:00:00+00:00,32.74929113333333
2026-04-05 18:00:00+00:00,35.63050153333334
2026-04-05 19:00:00+00:00,35.67777913333334
2026-04-05 20:00:00+00:00,37.09339033333333
2026-04-05 21:00:00+00:00,37.92557193333334
2026-04-05 22:00:00+00:00,37.484056116666665
2026-04-05 23:00:00+00:00,37.033745116666665
2026-04-06 00:00:00+00:00,34.58361561666667
2026-04-06 01:00:00+00:00,32.261620416666666
2026-04-06 02:00:00+00:00,30.83141651666667
2026-04-06 03:00:00+00:00,31.206106816666665
2026-04-06 04:00:00+00:00,32.67059841666667
2026-04-06 05:00:00+00:00,33.50765141666667
2026-04-06 06:00:00+00:00,32.20790811666667
2026-04-06 07:00:00+00:00,28.70010941666667
2026-04-06 08:00:00+00:00,25.554881816666665
2026-04-06 09:00:00+00:00,23.825621316666666
2026-04-06 10:00:00+00:00,21.927617916666666
2026-04-06 11:00:00+00:00,19.450880316666666
2026-04-06 12:00:00+00:00,18.75899491666667
2026-04-06 13:00:00+00:00,17.01995171666667
2026-04-06 14:00:00+00:00,17.034352016666663
2026-04-06 15:00:00+00:00,18.86796471666667
2026-04-06 16:00:00+00:00,25.687659016666668
2026-04-06 17:00:00+00:00,32.70728591666667
2026-04-06 18:00:00+00:00,33.66159581666666
2026-04-06 19:00:00+00:00,31.653395316666668
2026-04-06 20:00:00+00:00,31.336838416666666
2026-04-06 21:00:00+00:00,31.20749451666667
2026-04-06 22:00:00+00:00,29.588958533333333
2026-04-06 23:00:00+00:00,28.852320333333335
2026-04-07 00:00:00+00:00,26.450569033333338
2026-04-07 01:00:00+00:00,24.553556133333334
2026-04-07 02:00:00+00:00,24.120935433333333
2026-04-07 03:00:00+00:00,26.40638233333333
2026-04-07 04:00:00+00:00,31.22067343333334
2026-04-07 05:00:00+00:00,35.657478733333335
2026-04-07 06:00:00+00:00,35.80993703333334
2026-04-07 07:00:00+00:00,31.949712833333333
2026-04-07 08:00:00+00:00,28.521755433333333
2026-04-07 09:00:00+00:00,26.441493733333335
2026-04-07 10:00:00+00:00,23.74164403333333
2026-04-07 11:00:00+00:00,21.90671783333333
2026-04-07 12:00:00+00:00,22.83935713333333
2026-04-07 13:00:00+00:00,22.02467993333334
2026-04-07 14:00:00+00:00,22.409260633333336
2026-04-07 15:00:00+00:00,23.82501273333333
2026-04-07 16:00:00+00:00,29.881024433333334
2026-04-07 17:00:00+00:00,36.137723533333336
2026-04-07 18:00:00+00:00,36.31146373333334
2026-04-07 19:00:00+00:00,34.08381453333334
2026-04-07 20:00:00+00:00,33.98644363333334
2026-04-07 21:00:00+00:00,33.560624133333334
2026-04-07 22:00:00+00:00,32.2486771
2026-04-07 23:00:00+00:00,31.454931199999997
2026-04-08 00:00:00+00:00,29.3125364
2026-04-08 01:00:00+00:00,27.673134899999997
2026-04-08 02:00:00+00:00,27.464079599999998
2026-04-08 03:00:00+00:00,29.647827400000004
2026-04-08 04:00:00+00:00,34.1051582
2026-04-08 05:00:00+00:00,38.081999499999995
2026-04-08 06:00:00+00:00,38.53156439999999
2026-04-08 07:00:00+00:00,35.0474319
2026-04-08 08:00:00+00:00,30.0232958
2026-04-08 09:00:00+00:00,27.831036299999997
2026-04-08 10:00:00+00:00,26.9416676
2026-04-08 11:00:00+00:00,25.1836116
2026-04-08 12:00:00+00:00,26.1214058
2026-04-08 13:00:00+00:00,25.155462999999997
2026-04-08 14:00:00+00:00,24.1211496
2026-04-08 15:00:00+00:00,25.6262188
2026-04-08 16:00:00+00:00,33.3016043
2026-04-08 17:00:00+00:00,39.785526700000005
2026-04-08 18:00:00+00:00,40.210533
2026-04-08 19:00:00+00:00,38.1406167
2026-04-08 20:00:00+00:00,37.9833759
2026-04-08 21:00:00+00:00,37.964717300000004
2026-04-08 22:00:00+00:00,37.6827251
2026-04-08 23:00:00+00:00,36.9022813
2026-04-09 00:00:00+00:00,34.4895896
2026-04-09 01:00:00+00:00,32.6646681
2026-04-09 02:00:00+00:00,32.1497421
2026-04-09 03:00:00+00:00,34.162790900000005
2026-04-09 04:00:00+00:00,38.7709994
2026-04-09 05:00:00+00:00,42.9537916
2026-04-09 06:00:00+00:00,42.86444040000001
2026-04-09 07:00:00+00:00,38.1385875
2026-04-09 08:00:00+00:00,32.230114
2026-04-09 09:00:00+00:00,29.6575955
2026-04-09 10:00:00+00:00,28.4156782
2026-04-09 11:00:00+00:00,26.352579400000003
2026-04-09 12:00:00+00:00,26.992391800000004
2026-04-09 13:00:00+00:00,25.446162
2026-04-09 14:00:00+00:00,24.899558300000002
2026-04-09 15:00:00+00:00,25.578478299999997
2026-04-09 16:00:00+00:00,31.2828353
2026-04-09 17:00:00+00:00,36.780648299999996
2026-04-09 18:00:00+00:00,36.5041277
2026-04-09 19:00:00+00:00,34.2352264
2026-04-09 20:00:00+00:00,33.8784007
2026-04-09 21:00:00+00:00,33.4850827
2026-04-09 22:00:00+00:00,28.59196526666667
2026-04-09 23:00:00+00:00,28.072280766666665
2026-04-10 00:00:00+00:00,25.940784266666665
2026-04-10 01:00:00+00:00,24.838877966666665
2026-04-10 02:00:00+00:00,25.141415266666662
2026-04-10 03:00:00+00:00,28.087671566666668
2026-04-10 04:00:00+00:00,33.324816166666665
2026-04-10 05:00:00+00:00,37.823808166666666
2026-04-10 06:00:00+00:00,39.240283866666665
2026-04-10 07:00:00+00:00,36.56844186666667
2026-04-10 08:00:00+00:00,32.37764786666666
2026-04-10 09:00:00+00:00,28.67934066666667
2026-04-10 10:00:00+00:00,26.557514566666665
2026-04-10 11:00:00+00:00,23.817851166666664
2026-04-10 12:00:00+00:00,24.91858916666667
2026-04-10 13:00:00+00:00,23.786902166666668
2026-04-10 14:00:00+00:00,24.34870576666667
2026-04-10 15:00:00+00:00,27.24167966666667
2026-04-10 16:00:00+00:00,33.78604096666667
2026-04-10 17:00:00+00:00,38.76261886666667
2026-04-10 18:00:00+00:00,39.20753736666667
2026-04-10 19:00:00+00:00,37.24227966666667
2026-04-10 20:00:00+00:00,36.70232646666666
2026-04-10 21:00:00+00:00,36.07070066666667
2026-04-10 22:00:00+00:00,32.355049199999996
2026-04-10 23:00:00+00:00,30.721259100000005
2026-04-11 00:00:00+00:00,26.9751769
2026-04-11 01:00:00+00:00,24.627192100000002
2026-04-11 02:00:00+00:00,23.348183699999996
2026-04-11 03:00:00+00:00,23.8826525
2026-04-11 04:00:00+00:00,25.4320297
2026-04-11 05:00:00+00:00,25.807542399999996
2026-04-11 06:00:00+00:00,25.308072600000003
2026-04-11 07:00:00+00:00,25.016462599999997
2026-04-11 08:00:00+00:00,24.641483100000002
2026-04-11 09:00:00+00:00,23.5545746
2026-04-11 10:00:00+00:00,23.9345461
2026-04-11 11:00:00+00:00,21.4099371
2026-04-11 12:00:00+00:00,21.931873500000002
2026-04-11 13:00:00+00:00,20.318122000000006
2026-04-11 14:00:00+00:00,19.7836738
2026-04-11 15:00:00+00:00,19.837474999999998
2026-04-11 16:00:00+00:00,23.6898196
2026-04-11 17:00:00+00:00,27.9268839
2026-04-11 18:00:00+00:00,29.1780304
2026-04-11 19:00:00+00:00,29.4804149
2026-04-11 20:00:00+00:00,30.892889700000005
2026-04-11 21:00:00+00:00,31.8514766
2026-04-11 22:00:00+00:00,30.39868635
2026-04-11 23:00:00+00:00,29.594620550000002
2026-04-12 00:00:00+00:00,26.55356885
2026-04-12 01:00:00+00:00,24.557088049999997
2026-04-12 02:00:00+00:00,23.65636625
2026-04-12 03:00:00+00:00,24.431205049999996
2026-04-12 04:00:00+00:00,26.219356249999997
2026-04-12 05:00:00+00:00,27.128783549999998
2026-04-12 06:00:00+00:00,27.870305849999998
2026-04-12 07:00:00+00:00,28.870831149999997
2026-04-12 08:00:00+00:00,28.839253949999996
2026-04-12 09:00:00+00:00,28.646580949999997
2026-04-12 10:00:00+00:00,29.355193249999996
2026-04-12 11:00:00+00:00,27.47315375
2026-04-12 12:00:00+00:00,27.83066465
2026-04-12 13:00:00+00:00,26.22535585
2026-04-12 14:00:00+00:00,26.026880750000004
2026-04-12 15:00:00+00:00,28.11205195
2026-04-12 16:00:00+00:00,33.490078249999996
2026-04-12 17:00:00+00:00,38.02628555
2026-04-12 18:00:00+00:00,39.04591325
2026-04-12 19:00:00+00:00,38.77552895
2026-04-12 20:00:00+00:00,39.440011850000005
2026-04-12 21:00:00+00:00,40.09051965
2026-04-12 22:00:00+00:00,37.87140515
2026-04-12 23:00:00+00:00,37.05280195
2026-04-13 00:00:00+00:00,34.31862875
2026-04-13 01:00:00+00:00,32.533700249999995
2026-04-13 02:00:00+00:00,32.12521045
2026-04-13 03:00:00+00:00,34.51716725
2026-04-13 04:00:00+00:00,39.38066175
2026-04-13 05:00:00+00:00,43.27271845
2026-04-13 06:00:00+00:00,44.79319795
2026-04-13 07:00:00+00:00,43.431832650000004
2026-04-13 08:00:00+00:00,40.25948915000001
2026-04-13 09:00:00+00:00,37.92324145
2026-04-13 10:00:00+00:00,36.75193435
2026-04-13 11:00:00+00:00,34.181386950000004
2026-04-13 12:00:00+00:00,34.055757150000005
2026-04-13 13:00:00+00:00,31.71544175
2026-04-13 14:00:00+00:00,30.032772549999997
2026-04-13 15:00:00+00:00,31.091119149999997
2026-04-13 16:00:00+00:00,36.90924725
2026-04-13 17:00:00+00:00,42.31113925
2026-04-13 18:00:00+00:00,43.08759295
2026-04-13 19:00:00+00:00,42.15237725
2026-04-13 20:00:00+00:00,42.32323555000001
2026-04-13 21:00:00+00:00,42.48784645
2026-04-13 22:00:00+00:00,39.87867429999999
2026-04-13 23:00:00+00:00,38.78102929999999
2026-04-14 00:00:00+00:00,35.959358200000004
2026-04-14 01:00:00+00:00,34.09245
2026-04-14 02:00:00+00:00,33.56449189999999
2026-04-14 03:00:00+00:00,35.7838252
2026-04-14 04:00:00+00:00,40.3609027
2026-04-14 05:00:00+00:00,43.7372524
2026-04-14 06:00:00+00:00,43.6058994
2026-04-14 07:00:00+00:00,39.60454489999999
2026-04-14 08:00:00+00:00,34.1154796
2026-04-14 09:00:00+00:00,30.092482099999998
2026-04-14 10:00:00+00:00,28.239895
2026-04-14 11:00:00+00:00,25.7654545
2026-04-14 12:00:00+00:00,26.0930908
2026-04-14 13:00:00+00:00,24.744155000000003
2026-04-14 14:00:00+00:00,24.236049299999998
2026-04-14 15:00:00+00:00,26.967829200000004
2026-04-14 16:00:00+00:00,33.86542949999999
2026-04-14 17:00:00+00:00,40.0806732
2026-04-14 18:00:00+00:00,41.06613
2026-04-14 19:00:00+00:00,40.1579621
2026-04-14 20:00:00+00:00,40.08494159999999
2026-04-14 21:00:00+00:00,39.889677500000005
2026-04-14 22:00:00+00:00,37.49206156666666
2026-04-14 23:00:00+00:00,36.32768096666666
2026-04-15 00:00:00+00:00,33.52623546666667
2026-04-15 01:00:00+00:00,31.727504666666665
2026-04-15 02:00:00+00:00,31.251900866666666
2026-04-15 03:00:00+00:00,33.288062866666664
2026-04-15 04:00:00+00:00,37.63519876666667
2026-04-15 05:00:00+00:00,40.726440866666664
2026-04-15 06:00:00+00:00,40.98970266666667
2026-04-15 07:00:00+00:00,38.15653366666666
2026-04-15 08:00:00+00:00,33.58334266666667
2026-04-15 09:00:00+00:00,30.248094866666662
2026-04-15 10:00:00+00:00,28.21027286666667
2026-04-15 11:00:00+00:00,25.392601866666666
2026-04-15 12:00:00+00:00,25.28172736666667
2026-04-15 13:00:00+00:00,23.414466866666668
2026-04-15 14:00:00+00:00,22.29938316666667
2026-04-15 15:00:00+00:00,24.647091666666665
2026-04-15 16:00:00+00:00,31.34225216666667
2026-04-15 17:00:00+00:00,37.485724266666665
2026-04-15 18:00:00+00:00,38.80791396666667
2026-04-15 19:00:00+00:00,38.27092926666667
2026-04-15 20:00:00+00:00,38.36807416666666
2026-04-15 21:00:00+00:00,38.601015266666664
2026-04-15 22:00:00+00:00,35.98267106666667
2026-04-15 23:00:00+00:00,34.721420666666674
2026-04-16 00:00:00+00:00,32.380340266666664
2026-04-16 01:00:00+00:00,30.36879976666667
2026-04-16 02:00:00+00:00,29.85412876666667
2026-04-16 03:00:00+00:00,31.869643966666665
2026-04-16 04:00:00+00:00,36.10680666666667
2026-04-16 05:00:00+00:00,39.59049796666667
2026-04-16 06:00:00+00:00,40.026650566666675
2026-04-16 07:00:00+00:00,37.32669536666666
2026-04-16 08:00:00+00:00,32.50891656666666
2026-04-16 09:00:00+00:00,29.24424576666667
2026-04-16 10:00:00+00:00,27.226419666666672
2026-04-16 11:00:00+00:00,25.046243566666664
2026-04-16 12:00:00+00:00,25.599982266666668
2026-04-16 13:00:00+00:00,24.615587366666674
2026-04-16 14:00:00+00:00,24.52170536666667
2026-04-16 15:00:00+00:00,27.452601666666666
2026-04-16 16:00:00+00:00,33.86269886666667
2026-04-16 17:00:00+00:00,39.842488966666664
2026-04-16 18:00:00+00:00,41.00183096666667
2026-04-16 19:00:00+00:00,40.57553286666666
2026-04-16 20:00:00+00:00,40.25973776666667
2026-04-16 21:00:00+00:00,40.15155806666667
2026-04-16 22:00:00+00:00,36.886158800000004
2026-04-16 23:00:00+00:00,35.2886909
2026-04-17 00:00:00+00:00,32.8442887
2026-04-17 01:00:00+00:00,30.7222566
2026-04-17 02:00:00+00:00,30.239568500000004
2026-04-17 03:00:00+00:00,32.2216573
2026-04-17 04:00:00+00:00,36.2388522
2026-04-17 05:00:00+00:00,39.3636998
2026-04-17 06:00:00+00:00,39.487288400000004
2026-04-17 07:00:00+00:00,36.1981705
2026-04-17 08:00:00+00:00,31.181852
2026-04-17 09:00:00+00:00,27.6938557
2026-04-17 10:00:00+00:00,25.401281499999996
2026-04-17 11:00:00+00:00,22.9994885
2026-04-17 12:00:00+00:00,23.536657999999996
2026-04-17 13:00:00+00:00,22.499566299999998
2026-04-17 14:00:00+00:00,22.4917256
2026-04-17 15:00:00+00:00,25.6183257
2026-04-17 16:00:00+00:00,31.5080589
2026-04-17 17:00:00+00:00,36.825134500000004
2026-04-17 18:00:00+00:00,37.76002
2026-04-17 19:00:00+00:00,37.4847866
2026-04-17 20:00:00+00:00,37.4195822
2026-04-17 21:00:00+00:00,37.653933699999996
2026-04-17 22:00:00+00:00,35.66933426666667
2026-04-17 23:00:00+00:00,34.00098856666666
2026-04-18 00:00:00+00:00,31.376215366666667
2026-04-18 01:00:00+00:00,28.77002936666667
2026-04-18 02:00:00+00:00,27.747149766666666
2026-04-18 03:00:00+00:00,30.569175466666664
2026-04-18 04:00:00+00:00,29.624466166666664
2026-04-18 05:00:00+00:00,29.809940166666667
2026-04-18 06:00:00+00:00,28.948870366666664
2026-04-18 07:00:00+00:00,26.71783396666667
2026-04-18 08:00:00+00:00,23.616593666666667
2026-04-18 09:00:00+00:00,21.504827966666667
2026-04-18 10:00:00+00:00,20.876992266666672
2026-04-18 11:00:00+00:00,20.41777716666667
2026-04-18 12:00:00+00:00,22.277403666666668
2026-04-18 13:00:00+00:00,20.686375066666663
2026-04-18 14:00:00+00:00,20.80137196666667
2026-04-18 15:00:00+00:00,22.25279226666667
2026-04-18 16:00:00+00:00,26.32022056666667
2026-04-18 17:00:00+00:00,30.822774566666666
2026-04-18 18:00:00+00:00,31.132682866666663
2026-04-18 19:00:00+00:00,30.837419966666666
2026-04-18 20:00:00+00:00,30.914113966666662
2026-04-18 21:00:00+00:00,31.432547866666667
2026-04-18 22:00:00+00:00,29.682515883333338
2026-04-18 23:00:00+00:00,28.849461883333333
2026-04-19 00:00:00+00:00,26.432994883333336
2026-04-19 01:00:00+00:00,23.90992678333333
2026-04-19 02:00:00+00:00,22.76191468333333
2026-04-19 03:00:00+00:00,24.444414383333335
2026-04-19 04:00:00+00:00,23.95437488333333
2026-04-19 05:00:00+00:00,23.680966183333336
2026-04-19 06:00:00+00:00,22.912664183333334
2026-04-19 07:00:00+00:00,21.048931883333335
2026-04-19 08:00:00+00:00,20.058178483333332
2026-04-19 09:00:00+00:00,20.342326283333332
2026-04-19 10:00:00+00:00,20.25313518333333
2026-04-19 11:00:00+00:00,18.467359083333328
2026-04-19 12:00:00+00:00,18.308500083333332
2026-04-19 13:00:00+00:00,17.301708883333337
2026-04-19 14:00:00+00:00,17.607871583333335
2026-04-19 15:00:00+00:00,19.28728908333333
2026-04-19 16:00:00+00:00,23.925750583333336
2026-04-19 17:00:00+00:00,29.484009783333335
2026-04-19 18:00:00+00:00,30.279646083333333
2026-04-19 19:00:00+00:00,30.06133618333334
2026-04-19 20:00:00+00:00,29.777734483333333
2026-04-19 21:00:00+00:00,30.034566883333333
2026-04-19 22:00:00+00:00,31.330610533333335
2026-04-19 23:00:00+00:00,30.562374433333336
2026-04-20 00:00:00+00:00,28.578883533333332
2026-04-20 01:00:00+00:00,26.88052903333333
2026-04-20 02:00:00+00:00,26.752298833333334
2026-04-20 03:00:00+00:00,30.410884233333334
2026-04-20 04:00:00+00:00,33.37642733333334
2026-04-20 05:00:00+00:00,36.69707923333333
2026-04-20 06:00:00+00:00,37.23793103333333
2026-04-20 07:00:00+00:00,34.37493293333334
2026-04-20 08:00:00+00:00,29.971064833333337
2026-04-20 09:00:00+00:00,26.786601033333334
2026-04-20 10:00:00+00:00,24.972074033333335
2026-04-20 11:00:00+00:00,24.263050433333333
2026-04-20 12:00:00+00:00,26.71812423333333
2026-04-20 13:00:00+00:00,25.366256133333337
2026-04-20 14:00:00+00:00,23.634561033333334
2026-04-20 15:00:00+00:00,24.786278733333333
2026-04-20 16:00:00+00:00,30.770028633333332
2026-04-20 17:00:00+00:00,36.33553633333334
2026-04-20 18:00:00+00:00,36.172138133333334
2026-04-20 19:00:00+00:00,34.832766633333335
2026-04-20 20:00:00+00:00,34.362253933333335
2026-04-20 21:00:00+00:00,34.215233033333334
2026-04-20 22:00:00+00:00,32.65530393333333
2026-04-20 23:00:00+00:00,31.76117633333334
2026-04-21 00:00:00+00:00,29.643832833333338
2026-04-21 01:00:00+00:00,27.857694133333332
2026-04-21 02:00:00+00:00,27.648082833333333
2026-04-21 03:00:00+00:00,31.059964233333336
2026-04-21 04:00:00+00:00,33.81319023333333
2026-04-21 05:00:00+00:00,37.11094833333333
2026-04-21 06:00:00+00:00,37.27665053333334
2026-04-21 07:00:00+00:00,33.44361823333333
2026-04-21 08:00:00+00:00,30.221415033333336
2026-04-21 09:00:00+00:00,28.41513733333333
2026-04-21 10:00:00+00:00,26.264227733333335
2026-04-21 11:00:00+00:00,23.588194433333335
2026-04-21 12:00:00+00:00,23.929433233333334
2026-04-21 13:00:00+00:00,21.936252533333338
2026-04-21 14:00:00+00:00,21.22655123333334
2026-04-21 15:00:00+00:00,23.434140433333333
2026-04-21 16:00:00+00:00,27.760480033333334
2026-04-21 17:00:00+00:00,32.20150103333333
2026-04-21 18:00:00+00:00,32.98918283333333
2026-04-21 19:00:00+00:00,32.37826393333333
2026-04-21 20:00:00+00:00,32.03226253333334
2026-04-21 21:00:00+00:00,31.47858503333333
2026-04-21 22:00:00+00:00,29.751985599999998
2026-04-21 23:00:00+00:00,28.412167399999998
2026-04-22 00:00:00+00:00,25.7382383
2026-04-22 01:00:00+00:00,23.8499378
2026-04-22 02:00:00+00:00,23.770858
2026-04-22 03:00:00+00:00,28.601180500000005
2026-04-22 04:00:00+00:00,29.4960446
2026-04-22 05:00:00+00:00,32.200194100000004
2026-04-22 06:00:00+00:00,32.74914650000001
2026-04-22 07:00:00+00:00,31.6350343
2026-04-22 08:00:00+00:00,29.8774555
2026-04-22 09:00:00+00:00,28.053221900000004
2026-04-22 10:00:00+00:00,26.713815500000003
2026-04-22 11:00:00+00:00,24.300893600000002
2026-04-22 12:00:00+00:00,24.7392373
2026-04-22 13:00:00+00:00,23.619623000000004
2026-04-22 14:00:00+00:00,23.4992854
2026-04-22 15:00:00+00:00,24.1134651
2026-04-22 16:00:00+00:00,28.225559399999998
2026-04-22 17:00:00+00:00,33.773169300000006
2026-04-22 18:00:00+00:00,34.1355614
2026-04-22 19:00:00+00:00,33.5078948
2026-04-22 20:00:00+00:00,33.3232619
2026-04-22 21:00:00+00:00,33.225177200000005
2026-04-22 22:00:00+00:00,30.267139233333335
2026-04-22 23:00:00+00:00,29.639078833333336
2026-04-23 00:00:00+00:00,27.29236763333334
2026-04-23 01:00:00+00:00,25.34890933333333
2026-04-23 02:00:00+00:00,25.325255033333335
2026-04-23 03:00:00+00:00,28.233710633333335
2026-04-23 04:00:00+00:00,31.10049353333333
2026-04-23 05:00:00+00:00,33.78843343333333
2026-04-23 06:00:00+00:00,34.09377533333333
2026-04-23 07:00:00+00:00,31.374950033333334
2026-04-23 08:00:00+00:00,29.115035033333335
2026-04-23 09:00:00+00:00,27.125530033333334
2026-04-23 10:00:00+00:00,24.701945633333334
2026-04-23 11:00:00+00:00,22.535070933333337
2026-04-23 12:00:00+00:00,23.374134233333336
2026-04-23 13:00:00+00:00,22.37422803333333
2026-04-23 14:00:00+00:00,22.46254903333333
2026-04-23 15:00:00+00:00,23.274372933333332
2026-04-23 16:00:00+00:00,27.686676333333335
2026-04-23 17:00:00+00:00,33.456571333333336
2026-04-23 18:00:00+00:00,33.54242223333333
2026-04-23 19:00:00+00:00,32.811695533333335
2026-04-23 20:00:00+00:00,32.37300333333333
2026-04-23 21:00:00+00:00,31.995982533333336
2026-04-23 22:00:00+00:00,24.908640866666666
2026-04-23 23:00:00+00:00,24.51082236666667
2026-04-24 00:00:00+00:00,22.339101966666668
2026-04-24 01:00:00+00:00,20.623752666666668
2026-04-24 02:00:00+00:00,20.868436966666668
2026-04-24 03:00:00+00:00,23.575136166666663
2026-04-24 04:00:00+00:00,27.04493406666667
2026-04-24 05:00:00+00:00,29.870067966666667
2026-04-24 06:00:00+00:00,29.892698566666667
2026-04-24 07:00:00+00:00,26.868791966666667
2026-04-24 08:00:00+00:00,23.037915166666668
2026-04-24 09:00:00+00:00,21.566660466666672
2026-04-24 10:00:00+00:00,21.430011066666665
2026-04-24 11:00:00+00:00,19.795296266666668
2026-04-24 12:00:00+00:00,20.45457596666667
2026-04-24 13:00:00+00:00,19.413754866666665
2026-04-24 14:00:00+00:00,17.970156566666667
2026-04-24 15:00:00+00:00,19.383185266666672
2026-04-24 16:00:00+00:00,25.491047266666666
2026-04-24 17:00:00+00:00,31.070117266666664
2026-04-24 18:00:00+00:00,31.188757466666665
2026-04-24 19:00:00+00:00,31.083035366666667
2026-04-24 20:00:00+00:00,30.99753136666667
2026-04-24 21:00:00+00:00,31.21802576666667
2026-04-24 22:00:00+00:00,31.964790200000003
2026-04-24 23:00:00+00:00,31.3979198
2026-04-25 00:00:00+00:00,28.948778600000004
2026-04-25 01:00:00+00:00,26.644150800000002
2026-04-25 02:00:00+00:00,26.171304699999997
2026-04-25 03:00:00+00:00,26.864154799999998
2026-04-25 04:00:00+00:00,28.4674053
2026-04-25 05:00:00+00:00,28.634465
2026-04-25 06:00:00+00:00,27.639165000000002
2026-04-25 07:00:00+00:00,25.518345399999998
2026-04-25 08:00:00+00:00,23.912439799999998
2026-04-25 09:00:00+00:00,22.626745699999997
2026-04-25 10:00:00+00:00,21.870367100000003
2026-04-25 11:00:00+00:00,20.5740777
2026-04-25 12:00:00+00:00,21.0333411
2026-04-25 13:00:00+00:00,20.200127799999997
2026-04-25 14:00:00+00:00,20.4924143
2026-04-25 15:00:00+00:00,21.8213896
2026-04-25 16:00:00+00:00,26.193147300000003
2026-04-25 17:00:00+00:00,31.4920019
2026-04-25 18:00:00+00:00,31.609893800000002
2026-04-25 19:00:00+00:00,31.6725196
2026-04-25 20:00:00+00:00,31.7784201
2026-04-25 21:00:00+00:00,32.0672072
2026-04-25 22:00:00+00:00,29.480140566666662
2026-04-25 23:00:00+00:00,28.966896066666664
2026-04-26 00:00:00+00:00,26.251124166666663
2026-04-26 01:00:00+00:00,23.779075066666664
2026-04-26 02:00:00+00:00,22.962605466666666
2026-04-26 03:00:00+00:00,23.01807516666667
2026-04-26 04:00:00+00:00,23.72502816666667
2026-04-26 05:00:00+00:00,22.62042086666667
2026-04-26 06:00:00+00:00,20.842599866666664
2026-04-26 07:00:00+00:00,19.277368266666663
2026-04-26 08:00:00+00:00,18.790608166666665
2026-04-26 09:00:00+00:00,18.27092156666667
2026-04-26 10:00:00+00:00,18.171490566666662
2026-04-26 11:00:00+00:00,17.05947326666667
2026-04-26 12:00:00+00:00,17.43975266666667
2026-04-26 13:00:00+00:00,16.56548406666667
2026-04-26 14:00:00+00:00,17.08824346666667
2026-04-26 15:00:00+00:00,18.406512166666666
2026-04-26 16:00:00+00:00,23.71585756666667
2026-04-26 17:00:00+00:00,29.683813766666663
2026-04-26 18:00:00+00:00,30.370688766666664
2026-04-26 19:00:00+00:00,30.56729706666667
2026-04-26 20:00:00+00:00,30.421219566666668
2026-04-26 21:00:00+00:00,30.368333566666664
2026-04-26 22:00:00+00:00,29.39278253333333
2026-04-26 23:00:00+00:00,29.319206533333336
2026-04-27 00:00:00+00:00,27.109386333333333
2026-04-27 01:00:00+00:00,25.177703633333337
2026-04-27 02:00:00+00:00,25.252517233333336
2026-04-27 03:00:00+00:00,27.284499733333334
2026-04-27 04:00:00+00:00,31.083600933333337
2026-04-27 05:00:00+00:00,33.328595433333334
2026-04-27 06:00:00+00:00,33.08404743333333
2026-04-27 07:00:00+00:00,30.068487733333335
2026-04-27 08:00:00+00:00,26.786171133333333
2026-04-27 09:00:00+00:00,25.81833643333334
2026-04-27 10:00:00+00:00,25.873701633333333
2026-04-27 11:00:00+00:00,24.905617433333333
2026-04-27 12:00:00+00:00,26.169194833333336
2026-04-27 13:00:00+00:00,25.494489633333338
2026-04-27 14:00:00+00:00,24.282769833333337
2026-04-27 15:00:00+00:00,25.33071693333333
2026-04-27 16:00:00+00:00,31.031969133333334
2026-04-27 17:00:00+00:00,35.88714783333333
2026-04-27 18:00:00+00:00,35.03151923333334
2026-04-27 19:00:00+00:00,34.110308933333336
2026-04-27 20:00:00+00:00,33.55383353333333
2026-04-27 21:00:00+00:00,33.06496713333333
2026-04-27 22:00:00+00:00,31.158505166666664
2026-04-27 23:00:00+00:00,30.440986266666666
2026-04-28 00:00:00+00:00,27.835234666666665
2026-04-28 01:00:00+00:00,25.610561366666666
2026-04-28 02:00:00+00:00,25.14790956666667
2026-04-28 03:00:00+00:00,26.458138666666667
2026-04-28 04:00:00+00:00,29.636428466666665
2026-04-28 05:00:00+00:00,31.652522166666664
2026-04-28 06:00:00+00:00,31.76840616666667
2026-04-28 07:00:00+00:00,29.350872766666665
2026-04-28 08:00:00+00:00,28.300622566666664
2026-04-28 09:00:00+00:00,28.178984966666665
2026-04-28 10:00:00+00:00,27.01761256666667
2026-04-28 11:00:00+00:00,25.670837666666667
2026-04-28 12:00:00+00:00,26.787282966666666
2026-04-28 13:00:00+00:00,25.80822936666667
2026-04-28 14:00:00+00:00,25.308310566666666
2026-04-28 15:00:00+00:00,26.63354586666667
2026-04-28 16:00:00+00:00,29.69653026666667
2026-04-28 17:00:00+00:00,32.351366766666665
2026-04-28 18:00:00+00:00,31.42735146666667
2026-04-28 19:00:00+00:00,30.54156496666667
2026-04-28 20:00:00+00:00,30.19035566666667
2026-04-28 21:00:00+00:00,29.673064566666667
2026-04-28 22:00:00+00:00,26.25378746666667
2026-04-28 23:00:00+00:00,25.47707756666667
2026-04-29 00:00:00+00:00,22.943379566666668
2026-04-29 01:00:00+00:00,21.771674366666662
2026-04-29 02:00:00+00:00,21.40575206666667
2026-04-29 03:00:00+00:00,21.731561966666668
2026-04-29 04:00:00+00:00,24.741147966666666
2026-04-29 05:00:00+00:00,26.590976366666666
2026-04-29 06:00:00+00:00,26.671643666666668
2026-04-29 07:00:00+00:00,25.85893036666667
2026-04-29 08:00:00+00:00,25.15087026666667
2026-04-29 09:00:00+00:00,23.91373906666667
2026-04-29 10:00:00+00:00,22.805840866666664
2026-04-29 11:00:00+00:00,21.30955606666667
2026-04-29 12:00:00+00:00,21.969442366666662
2026-04-29 13:00:00+00:00,20.309231066666666
2026-04-29 14:00:00+00:00,19.63018526666667
2026-04-29 15:00:00+00:00,20.924071366666663
2026-04-29 16:00:00+00:00,24.508724266666665
2026-04-29 17:00:00+00:00,27.697065666666663
2026-04-29 18:00:00+00:00,27.44270686666666
2026-04-29 19:00:00+00:00,27.011799566666667
2026-04-29 20:00:00+00:00,26.927337966666666
2026-04-29 21:00:00+00:00,26.77480306666667
2026-04-29 22:00:00+00:00,22.951271533333337
2026-04-29 23:00:00+00:00,22.129134933333333
2026-04-30 00:00:00+00:00,19.490815433333335
2026-04-30 01:00:00+00:00,17.755617133333335
2026-04-30 02:00:00+00:00,17.277215533333333
2026-04-30 03:00:00+00:00,18.855743933333336
2026-04-30 04:00:00+00:00,22.29552723333333
2026-04-30 05:00:00+00:00,24.647430133333334
2026-04-30 06:00:00+00:00,24.76891573333333
2026-04-30 07:00:00+00:00,22.561139633333337
2026-04-30 08:00:00+00:00,22.473317233333333
2026-04-30 09:00:00+00:00,23.477467133333334
2026-04-30 10:00:00+00:00,23.581988333333335
2026-04-30 11:00:00+00:00,22.818839433333334
2026-04-30 12:00:00+00:00,24.38712333333333
2026-04-30 13:00:00+00:00,23.588992933333333
2026-04-30 14:00:00+00:00,23.520941133333334
2026-04-30 15:00:00+00:00,23.441401433333333
2026-04-30 16:00:00+00:00,26.576937933333333
2026-04-30 17:00:00+00:00,30.598388433333334
2026-04-30 18:00:00+00:00,30.305849133333336
2026-04-30 19:00:00+00:00,30.45062643333333
2026-04-30 20:00:00+00:00,30.854774733333333
2026-04-30 21:00:00+00:00,30.779555733333332
2026-04-30 22:00:00+00:00,34.81335076666667
2026-04-30 23:00:00+00:00,33.951090066666666
2026-05-01 00:00:00+00:00,31.10489826666667
2026-05-01 01:00:00+00:00,29.00063716666667
2026-05-01 02:00:00+00:00,28.01242896666667
2026-05-01 03:00:00+00:00,28.278230166666667
2026-05-01 04:00:00+00:00,28.864562366666668
2026-05-01 05:00:00+00:00,27.96879266666667
2026-05-01 06:00:00+00:00,27.259424666666664
2026-05-01 07:00:00+00:00,26.731517966666672
2026-05-01 08:00:00+00:00,26.35582786666667
2026-05-01 09:00:00+00:00,26.13662766666667
2026-05-01 10:00:00+00:00,27.19439776666667
2026-05-01 11:00:00+00:00,25.744129766666667
2026-05-01 12:00:00+00:00,25.791168666666668
2026-05-01 13:00:00+00:00,24.818929566666668
2026-05-01 14:00:00+00:00,24.95044006666667
2026-05-01 15:00:00+00:00,26.41937976666667
2026-05-01 16:00:00+00:00,31.612430766666666
2026-05-01 17:00:00+00:00,37.50225426666667
2026-05-01 18:00:00+00:00,38.51844526666667
2026-05-01 19:00:00+00:00,39.43571436666667
2026-05-01 20:00:00+00:00,40.07309216666667
2026-05-01 21:00:00+00:00,40.03440006666666
2026-05-01 22:00:00+00:00,31.892946949999995
2026-05-01 23:00:00+00:00,31.113287649999997
2026-05-02 00:00:00+00:00,27.980761849999997
2026-05-02 01:00:00+00:00,25.881348449999997
2026-05-02 02:00:00+00:00,25.043529250000002
2026-05-02 03:00:00+00:00,26.416717249999998
2026-05-02 04:00:00+00:00,28.445204150000002
2026-05-02 05:00:00+00:00,28.876220149999998
2026-05-02 06:00:00+00:00,27.53821585
2026-05-02 07:00:00+00:00,25.54760795
2026-05-02 08:00:00+00:00,24.181162249999996
2026-05-02 09:00:00+00:00,22.752341550000004
2026-05-02 10:00:00+00:00,22.875013049999996
2026-05-02 11:00:00+00:00,21.45778045
2026-05-02 12:00:00+00:00,21.736192150000004
2026-05-02 13:00:00+00:00,20.74640555
2026-05-02 14:00:00+00:00,20.72917845
2026-05-02 15:00:00+00:00,21.294441149999997
2026-05-02 16:00:00+00:00,25.114153850000005
2026-05-02 17:00:00+00:00,29.60575775
2026-05-02 18:00:00+00:00,29.782536649999997
2026-05-02 19:00:00+00:00,30.486706549999997
2026-05-02 20:00:00+00:00,31.06906605
2026-05-02 21:00:00+00:00,31.48700565
2026-05-02 22:00:00+00:00,29.349012316666666
2026-05-02 23:00:00+00:00,28.191764016666667
2026-05-03 00:00:00+00:00,24.95932511666667
2026-05-03 01:00:00+00:00,22.527311016666665
2026-05-03 02:00:00+00:00,20.972850416666667
2026-05-03 03:00:00+00:00,21.011763816666665
2026-05-03 04:00:00+00:00,21.160614016666667
2026-05-03 05:00:00+00:00,20.623808916666665
2026-05-03 06:00:00+00:00,20.255013716666667
2026-05-03 07:00:00+00:00,20.36247871666667
2026-05-03 08:00:00+00:00,21.406558916666665
2026-05-03 09:00:00+00:00,21.937695616666666
2026-05-03 10:00:00+00:00,22.84958111666667
2026-05-03 11:00:00+00:00,21.553160416666664
2026-05-03 12:00:00+00:00,21.379193616666665
2026-05-03 13:00:00+00:00,19.92121271666667
2026-05-03 14:00:00+00:00,20.250570816666666
2026-05-03 15:00:00+00:00,20.85310771666667
2026-05-03 16:00:00+00:00,25.595429216666666
2026-05-03 17:00:00+00:00,30.997689516666668
2026-05-03 18:00:00+00:00,32.06290861666667
2026-05-03 19:00:00+00:00,33.21406451666667
2026-05-03 20:00:00+00:00,33.789732416666666
2026-05-03 21:00:00+00:00,33.98400721666667
2026-05-03 22:00:00+00:00,31.885233049999997
2026-05-03 23:00:00+00:00,31.12130975
2026-05-04 00:00:00+00:00,28.48832885
2026-05-04 01:00:00+00:00,26.77243275
2026-05-04 02:00:00+00:00,26.287172649999995
2026-05-04 03:00:00+00:00,28.474982049999998
2026-05-04 04:00:00+00:00,31.95687755
2026-05-04 05:00:00+00:00,35.10149965
2026-05-04 06:00:00+00:00,36.625307750000005
2026-05-04 07:00:00+00:00,35.88869425
2026-05-04 08:00:00+00:00,34.60489955
2026-05-04 09:00:00+00:00,33.70249055
2026-05-04 10:00:00+00:00,33.774873549999995
2026-05-04 11:00:00+00:00,32.66754985
2026-05-04 12:00:00+00:00,33.311154050000006
2026-05-04 13:00:00+00:00,31.88731525
2026-05-04 14:00:00+00:00,31.14368425
2026-05-04 15:00:00+00:00,31.538105150000003
2026-05-04 16:00:00+00:00,35.486395550000005
2026-05-04 17:00:00+00:00,38.91089535
2026-05-04 18:00:00+00:00,37.834287249999996
2026-05-04 19:00:00+00:00,37.391881850000004
2026-05-04 20:00:00+00:00,37.09598945
2026-05-04 21:00:00+00:00,36.79793445
2026-05-04 22:00:00+00:00,34.808774316666664
2026-05-04 23:00:00+00:00,33.75973631666667
2026-05-05 00:00:00+00:00,30.97173851666667
2026-05-05 01:00:00+00:00,28.975597516666667
2026-05-05 02:00:00+00:00,28.28774691666667
2026-05-05 03:00:00+00:00,29.995271316666667
2026-05-05 04:00:00+00:00,33.11723371666666
2026-05-05 05:00:00+00:00,35.90983631666667
2026-05-05 06:00:00+00:00,36.682405716666665
2026-05-05 07:00:00+00:00,34.980102816666665
2026-05-05 08:00:00+00:00,33.141522916666666
2026-05-05 09:00:00+00:00,31.731018516666666
2026-05-05 10:00:00+00:00,31.19322161666667
2026-05-05 11:00:00+00:00,29.421974516666666
2026-05-05 12:00:00+00:00,29.395553816666666
2026-05-05 13:00:00+00:00,27.701114516666667
2026-05-05 14:00:00+00:00,26.928339016666666
2026-05-05 15:00:00+00:00,27.493392216666667
2026-05-05 16:00:00+00:00,32.19486611666666
2026-05-05 17:00:00+00:00,36.31045481666666
2026-05-05 18:00:00+00:00,35.68357591666667
2026-05-05 19:00:00+00:00,35.48845241666666
2026-05-05 20:00:00+00:00,35.297974716666666
2026-05-05 21:00:00+00:00,35.110109416666674
2026-05-05 22:00:00+00:00,32.00218648333333
2026-05-05 23:00:00+00:00,30.87323978333333
2026-05-06 00:00:00+00:00,28.052335583333335
2026-05-06 01:00:00+00:00,26.149154683333332
2026-05-06 02:00:00+00:00,25.427069183333337
2026-05-06 03:00:00+00:00,27.39497248333333
2026-05-06 04:00:00+00:00,30.366740783333334
2026-05-06 05:00:00+00:00,33.04193718333333
2026-05-06 06:00:00+00:00,34.07470768333333
2026-05-06 07:00:00+00:00,32.48964628333333
2026-05-06 08:00:00+00:00,30.785025583333333
2026-05-06 09:00:00+00:00,29.81265478333333
2026-05-06 10:00:00+00:00,30.029389883333337
2026-05-06 11:00:00+00:00,28.928599283333334
2026-05-06 12:00:00+00:00,29.37766978333333
2026-05-06 13:00:00+00:00,27.700672683333337
2026-05-06 14:00:00+00:00,27.048361483333334
2026-05-06 15:00:00+00:00,27.708316583333335
2026-05-06 16:00:00+00:00,33.06114278333334
2026-05-06 17:00:00+00:00,37.967261183333335
2026-05-06 18:00:00+00:00,38.014359983333335
2026-05-06 19:00:00+00:00,38.31970638333333
2026-05-06 20:00:00+00:00,38.57694158333334
2026-05-06 21:00:00+00:00,38.52277108333333
2026-05-06 22:00:00+00:00,36.634162483333334
2026-05-06 23:00:00+00:00,35.62869358333334
2026-05-07 00:00:00+00:00,32.91647578333334
2026-05-07 01:00:00+00:00,31.152789383333335
2026-05-07 02:00:00+00:00,30.781112683333337
2026-05-07 03:00:00+00:00,32.71606798333333
2026-05-07 04:00:00+00:00,35.968534283333334
2026-05-07 05:00:00+00:00,39.04253028333333
2026-05-07 06:00:00+00:00,39.261396283333326
2026-05-07 07:00:00+00:00,35.93264198333333
2026-05-07 08:00:00+00:00,32.48294788333333
2026-05-07 09:00:00+00:00,30.081103583333338
2026-05-07 10:00:00+00:00,28.864558283333334
2026-05-07 11:00:00+00:00,26.863262383333332
2026-05-07 12:00:00+00:00,27.174414583333334
2026-05-07 13:00:00+00:00,25.995097883333337
2026-05-07 14:00:00+00:00,25.372120483333333
2026-05-07 15:00:00+00:00,26.876956583333335
2026-05-07 16:00:00+00:00,31.890166683333334
2026-05-07 17:00:00+00:00,36.65323968333333
2026-05-07 18:00:00+00:00,36.718031483333334
2026-05-07 19:00:00+00:00,36.98121278333333
2026-05-07 20:00:00+00:00,37.27132198333334
2026-05-07 21:00:00+00:00,37.123455983333336
2026-05-07 22:00:00+00:00,35.41217411666666
2026-05-07 23:00:00+00:00,34.01251271666667
2026-05-08 00:00:00+00:00,30.82757701666667
2026-05-08 01:00:00+00:00,28.663012916666666
2026-05-08 02:00:00+00:00,27.56420191666667
2026-05-08 03:00:00+00:00,27.775008816666663
2026-05-08 04:00:00+00:00,28.115295916666664
2026-05-08 05:00:00+00:00,27.968144616666667
2026-05-08 06:00:00+00:00,26.459754216666663
2026-05-08 07:00:00+00:00,23.63669941666667
2026-05-08 08:00:00+00:00,21.00016271666667
2026-05-08 09:00:00+00:00,19.251694916666665
2026-05-08 10:00:00+00:00,18.83165951666667
2026-05-08 11:00:00+00:00,16.786608716666667
2026-05-08 12:00:00+00:00,16.80141031666667
2026-05-08 13:00:00+00:00,16.25447241666667
2026-05-08 14:00:00+00:00,17.11067161666667
2026-05-08 15:00:00+00:00,19.945219016666666
2026-05-08 16:00:00+00:00,26.033886616666667
2026-05-08 17:00:00+00:00,31.086758416666665
2026-05-08 18:00:00+00:00,31.30249771666667
2026-05-08 19:00:00+00:00,31.42508851666667
2026-05-08 20:00:00+00:00,31.677691316666667
2026-05-08 21:00:00+00:00,31.21531771666667
2026-05-08 22:00:00+00:00,28.25409835
2026-05-08 23:00:00+00:00,27.60856485
2026-05-09 00:00:00+00:00,24.883705649999996
2026-05-09 01:00:00+00:00,23.272647050000003
2026-05-09 02:00:00+00:00,22.802398249999996
2026-05-09 03:00:00+00:00,24.485700150000003
2026-05-09 04:00:00+00:00,26.611207450000002
2026-05-09 05:00:00+00:00,28.012398749999996
2026-05-09 06:00:00+00:00,27.440890449999998
2026-05-09 07:00:00+00:00,24.821187549999998
2026-05-09 08:00:00+00:00,23.394722950000002
2026-05-09 09:00:00+00:00,22.77222855
2026-05-09 10:00:00+00:00,21.865843250000005
2026-05-09 11:00:00+00:00,20.186780150000004
2026-05-09 12:00:00+00:00,20.599448549999998
2026-05-09 13:00:00+00:00,19.818462949999997
2026-05-09 14:00:00+00:00,20.294565849999998
2026-05-09 15:00:00+00:00,21.74070515
2026-05-09 16:00:00+00:00,25.717588250000006
2026-05-09 17:00:00+00:00,29.748475650000003
2026-05-09 18:00:00+00:00,29.270470949999996
2026-05-09 19:00:00+00:00,29.017389450000003
2026-05-09 20:00:00+00:00,29.079025150000003
2026-05-09 21:00:00+00:00,29.56346055
2026-05-09 22:00:00+00:00,26.860383516666666
2026-05-09 23:00:00+00:00,25.87186931666667
2026-05-10 00:00:00+00:00,22.78116681666667
2026-05-10 01:00:00+00:00,20.597159416666663
2026-05-10 02:00:00+00:00,19.42448811666667
2026-05-10 03:00:00+00:00,19.538779716666667
2026-05-10 04:00:00+00:00,19.89198491666667
2026-05-10 05:00:00+00:00,19.770467916666668
2026-05-10 06:00:00+00:00,19.53954451666667
2026-05-10 07:00:00+00:00,19.055784016666667
2026-05-10 08:00:00+00:00,20.41078601666667
2026-05-10 09:00:00+00:00,22.528250816666667
2026-05-10 10:00:00+00:00,23.34921921666667
2026-05-10 11:00:00+00:00,21.969184116666668
2026-05-10 12:00:00+00:00,21.946319816666666
2026-05-10 13:00:00+00:00,20.625750116666666
2026-05-10 14:00:00+00:00,20.255883516666664
2026-05-10 15:00:00+00:00,20.60958951666667
2026-05-10 16:00:00+00:00,23.928469816666667
2026-05-10 17:00:00+00:00,28.44538021666667
2026-05-10 18:00:00+00:00,28.397666016666665
2026-05-10 19:00:00+00:00,28.698194716666663
2026-05-10 20:00:00+00:00,29.143944016666666
2026-05-10 21:00:00+00:00,29.48335241666667
2026-05-10 22:00:00+00:00,25.593250016666666
2026-05-10 23:00:00+00:00,24.569245116666664
2026-05-11 00:00:00+00:00,21.54671881666666
2026-05-11 01:00:00+00:00,19.473183916666667
2026-05-11 02:00:00+00:00,18.863060016666665
2026-05-11 03:00:00+00:00,20.661277616666666
2026-05-11 04:00:00+00:00,24.163104016666665
2026-05-11 05:00:00+00:00,27.494428316666667
2026-05-11 06:00:00+00:00,28.521375116666665
2026-05-11 07:00:00+00:00,26.881731916666663
2026-05-11 08:00:00+00:00,25.071426316666663
2026-05-11 09:00:00+00:00,24.319090516666662
2026-05-11 10:00:00+00:00,23.717645416666667
2026-05-11 11:00:00+00:00,22.138394416666664
2026-05-11 12:00:00+00:00,22.962520416666663
2026-05-11 13:00:00+00:00,21.81332621666667
2026-05-11 14:00:00+00:00,21.259088316666666
2026-05-11 15:00:00+00:00,22.675092616666667
2026-05-11 16:00:00+00:00,27.774368716666668
2026-05-11 17:00:00+00:00,32.63460301666667
2026-05-11 18:00:00+00:00,32.37319841666667
2026-05-11 19:00:00+00:00,32.328871516666666
2026-05-11 20:00:00+00:00,32.933247116666664
2026-05-11 21:00:00+00:00,33.48298031666667
2026-05-11 22:00:00+00:00,30.614469250000003
2026-05-11 23:00:00+00:00,29.958737650000003
2026-05-12 00:00:00+00:00,27.324604850000004
2026-05-12 01:00:00+00:00,25.592085150000003
2026-05-12 02:00:00+00:00,25.136560750000005
2026-05-12 03:00:00+00:00,26.98798505
2026-05-12 04:00:00+00:00,30.417489449999998
2026-05-12 05:00:00+00:00,33.70394035
2026-05-12 06:00:00+00:00,33.85080945
2026-05-12 07:00:00+00:00,30.48913715
2026-05-12 08:00:00+00:00,27.019986250000002
2026-05-12 09:00:00+00:00,25.286418349999998
2026-05-12 10:00:00+00:00,24.367876850000002
2026-05-12 11:00:00+00:00,22.987908750000003
2026-05-12 12:00:00+00:00,23.886570650000003
2026-05-12 13:00:00+00:00,22.94419215
2026-05-12 14:00:00+00:00,22.660525250000003
2026-05-12 15:00:00+00:00,24.69754325
2026-05-12 16:00:00+00:00,30.101803250000003
2026-05-12 17:00:00+00:00,35.046750450000005
2026-05-12 18:00:00+00:00,34.795758250000006
2026-05-12 19:00:00+00:00,34.31549915
2026-05-12 20:00:00+00:00,34.33471675
2026-05-12 21:00:00+00:00,34.42459395
2026-05-12 22:00:00+00:00,31.024980783333334
2026-05-12 23:00:00+00:00,29.62383738333333
2026-05-13 00:00:00+00:00,26.390918083333336
2026-05-13 01:00:00+00:00,24.330483183333335
2026-05-13 02:00:00+00:00,23.59412508333333
2026-05-13 03:00:00+00:00,25.013136183333337
2026-05-13 04:00:00+00:00,27.63632468333333
2026-05-13 05:00:00+00:00,30.26227058333334
2026-05-13 06:00:00+00:00,30.744660383333336
2026-05-13 07:00:00+00:00,27.21982608333333
2026-05-13 08:00:00+00:00,22.858873383333343
2026-05-13 09:00:00+00:00,22.221667383333333
2026-05-13 10:00:00+00:00,22.142183883333335
2026-05-13 11:00:00+00:00,19.51656778333334
2026-05-13 12:00:00+00:00,19.33178948333334
2026-05-13 13:00:00+00:00,17.13686838333334
2026-05-13 14:00:00+00:00,15.811949083333335
2026-05-13 15:00:00+00:00,16.93981938333334
2026-05-13 16:00:00+00:00,19.876108783333333
2026-05-13 17:00:00+00:00,23.229380383333336
2026-05-13 18:00:00+00:00,24.339129783333334
2026-05-13 19:00:00+00:00,25.58833628333334
2026-05-13 20:00:00+00:00,27.097950883333336
2026-05-13 21:00:00+00:00,28.443956683333333
2026-05-13 22:00:00+00:00,25.91862911666667
2026-05-13 23:00:00+00:00,24.865657516666666
2026-05-14 00:00:00+00:00,21.78384461666667
2026-05-14 01:00:00+00:00,19.797991016666668
2026-05-14 02:00:00+00:00,19.085128716666663
2026-05-14 03:00:00+00:00,19.86418951666667
2026-05-14 04:00:00+00:00,21.046049016666664
2026-05-14 05:00:00+00:00,21.542972616666663
2026-05-14 06:00:00+00:00,21.157128216666667
2026-05-14 07:00:00+00:00,19.548384016666667
2026-05-14 08:00:00+00:00,19.602235216666664
2026-05-14 09:00:00+00:00,20.908893716666665
2026-05-14 10:00:00+00:00,21.141676816666667
2026-05-14 11:00:00+00:00,19.239552316666668
2026-05-14 12:00:00+00:00,18.789198116666665
2026-05-14 13:00:00+00:00,17.52367251666666
2026-05-14 14:00:00+00:00,17.54837991666667
2026-05-14 15:00:00+00:00,19.072759716666663
2026-05-14 16:00:00+00:00,24.172769616666663
2026-05-14 17:00:00+00:00,30.062521516666664
2026-05-14 18:00:00+00:00,31.121390016666666
2026-05-14 19:00:00+00:00,32.225725616666665
2026-05-14 20:00:00+00:00,33.576831416666664
2026-05-14 21:00:00+00:00,34.50418021666667
2026-05-14 22:00:00+00:00,39.43955963333333
2026-05-14 23:00:00+00:00,38.77299443333334
2026-05-15 00:00:00+00:00,36.482797733333335
2026-05-15 01:00:00+00:00,34.564596933333334
2026-05-15 02:00:00+00:00,34.54672513333334
2026-05-15 03:00:00+00:00,36.38295763333333
2026-05-15 04:00:00+00:00,39.10657843333334
2026-05-15 05:00:00+00:00,41.149953933333336
2026-05-15 06:00:00+00:00,41.20262313333333
2026-05-15 07:00:00+00:00,38.74089763333333
2026-05-15 08:00:00+00:00,35.38625793333334
2026-05-15 09:00:00+00:00,33.29722593333334
2026-05-15 10:00:00+00:00,32.602112733333335
2026-05-15 11:00:00+00:00,30.234476233333332
2026-05-15 12:00:00+00:00,29.921497433333336
2026-05-15 13:00:00+00:00,27.40018313333334
2026-05-15 14:00:00+00:00,26.277047233333334
2026-05-15 15:00:00+00:00,27.475633233333337
2026-05-15 16:00:00+00:00,32.630530733333345
2026-05-15 17:00:00+00:00,38.26759343333333
2026-05-15 18:00:00+00:00,39.64339913333333
2026-05-15 19:00:00+00:00,40.99626933333333
2026-05-15 20:00:00+00:00,42.579587133333334
2026-05-15 21:00:00+00:00,43.93146573333333
2026-05-15 22:00:00+00:00,36.187700883333335
2026-05-15 23:00:00+00:00,36.543463083333336
2026-05-16 00:00:00+00:00,34.494338283333335
2026-05-16 01:00:00+00:00,31.950020783333336
2026-05-16 02:00:00+00:00,31.12933388333333
2026-05-16 03:00:00+00:00,31.685692083333333
2026-05-16 04:00:00+00:00,32.23282198333333
2026-05-16 05:00:00+00:00,31.967467083333336
2026-05-16 06:00:00+00:00,30.96985108333333
2026-05-16 07:00:00+00:00,28.863053383333334
2026-05-16 08:00:00+00:00,26.309933083333334
2026-05-16 09:00:00+00:00,26.149874783333335
2026-05-16 10:00:00+00:00,27.488336083333333
2026-05-16 11:00:00+00:00,25.23011348333333
2026-05-16 12:00:00+00:00,24.707556383333333
2026-05-16 13:00:00+00:00,22.66496168333333
2026-05-16 14:00:00+00:00,21.977461483333332
2026-05-16 15:00:00+00:00,22.795083583333337
2026-05-16 16:00:00+00:00,27.108772283333334
2026-05-16 17:00:00+00:00,33.40415238333333
2026-05-16 18:00:00+00:00,35.148150783333335
2026-05-16 19:00:00+00:00,36.24765768333334
2026-05-16 20:00:00+00:00,37.70217588333333
2026-05-16 21:00:00+00:00,38.12937468333333
2026-05-16 22:00:00+00:00,34.57574515
2026-05-16 23:00:00+00:00,33.46643725
2026-05-17 00:00:00+00:00,30.76109185
2026-05-17 01:00:00+00:00,28.112112850000003
2026-05-17 02:00:00+00:00,27.280635049999997
2026-05-17 03:00:00+00:00,27.58976715
2026-05-17 04:00:00+00:00,27.983142450000003
2026-05-17 05:00:00+00:00,27.63051875
2026-05-17 06:00:00+00:00,26.59010025
2026-05-17 07:00:00+00:00,25.24119435
2026-05-17 08:00:00+00:00,23.851291449999998
2026-05-17 09:00:00+00:00,23.543277949999997
2026-05-17 10:00:00+00:00,24.096637850000004
2026-05-17 11:00:00+00:00,21.622159350000004
2026-05-17 12:00:00+00:00,21.193484750000003
2026-05-17 13:00:00+00:00,19.061080250000003
2026-05-17 14:00:00+00:00,18.448366550000003
2026-05-17 15:00:00+00:00,20.585867850000003
2026-05-17 16:00:00+00:00,26.12204065
2026-05-17 17:00:00+00:00,32.30885775
2026-05-17 18:00:00+00:00,33.77783495
2026-05-17 19:00:00+00:00,34.92376425
2026-05-17 20:00:00+00:00,36.00431815
2026-05-17 21:00:00+00:00,36.21384714999999
2026-05-17 22:00:00+00:00,34.22175036666667
2026-05-17 23:00:00+00:00,33.020217366666664
2026-05-18 00:00:00+00:00,30.388597766666667
2026-05-18 01:00:00+00:00,28.083276966666666
2026-05-18 02:00:00+00:00,27.82360606666667
2026-05-18 03:00:00+00:00,29.861671166666664
2026-05-18 04:00:00+00:00,33.06657646666666
2026-05-18 05:00:00+00:00,36.235431266666666
2026-05-18 06:00:00+00:00,36.92878436666666
2026-05-18 07:00:00+00:00,35.07378276666667
2026-05-18 08:00:00+00:00,32.73339346666667
2026-05-18 09:00:00+00:00,31.16260916666667
2026-05-18 10:00:00+00:00,30.456801866666666
2026-05-18 11:00:00+00:00,28.421027066666667
2026-05-18 12:00:00+00:00,29.242193866666668
2026-05-18 13:00:00+00:00,27.499925666666662
2026-05-18 14:00:00+00:00,26.70710236666666
2026-05-18 15:00:00+00:00,28.51776376666667
2026-05-18 16:00:00+00:00,33.41679726666666
2026-05-18 17:00:00+00:00,38.59252036666667
2026-05-18 18:00:00+00:00,38.44710606666666
2026-05-18 19:00:00+00:00,38.01327996666666
2026-05-18 20:00:00+00:00,38.108307466666666
2026-05-18 21:00:00+00:00,37.195058966666664
2026-05-18 22:00:00+00:00,34.59424586666667
2026-05-18 23:00:00+00:00,32.48257796666667
2026-05-19 00:00:00+00:00,29.224031166666666
2026-05-19 01:00:00+00:00,26.37293806666667
2026-05-19 02:00:00+00:00,25.61472046666667
2026-05-19 03:00:00+00:00,26.958112666666665
2026-05-19 04:00:00+00:00,29.48801016666667
2026-05-19 05:00:00+00:00,32.008067366666666
2026-05-19 06:00:00+00:00,32.18136966666667
2026-05-19 07:00:00+00:00,29.674462266666666
2026-05-19 08:00:00+00:00,26.515450166666668
2026-05-19 09:00:00+00:00,24.17005436666667
2026-05-19 10:00:00+00:00,22.52944336666667
2026-05-19 11:00:00+00:00,19.795623866666666
2026-05-19 12:00:00+00:00,20.18903146666667
2026-05-19 13:00:00+00:00,18.503435566666674
2026-05-19 14:00:00+00:00,17.71870176666667
2026-05-19 15:00:00+00:00,19.706333666666673
2026-05-19 16:00:00+00:00,24.35550556666667
2026-05-19 17:00:00+00:00,29.633214466666665
2026-05-19 18:00:00+00:00,30.19957556666667
2026-05-19 19:00:00+00:00,30.370101066666667
2026-05-19 20:00:00+00:00,31.08839486666667
2026-05-19 21:00:00+00:00,30.78336776666667
2026-05-19 22:00:00+00:00,26.895094583333332
2026-05-19 23:00:00+00:00,25.574556983333338
2026-05-20 00:00:00+00:00,22.904942183333333
2026-05-20 01:00:00+00:00,20.507035083333328
2026-05-20 02:00:00+00:00,20.022431383333338
2026-05-20 03:00:00+00:00,21.632154683333336
2026-05-20 04:00:00+00:00,24.25406208333333
2026-05-20 05:00:00+00:00,26.614492483333333
2026-05-20 06:00:00+00:00,26.459305383333337
2026-05-20 07:00:00+00:00,23.84918928333333
2026-05-20 08:00:00+00:00,21.219103683333337
2026-05-20 09:00:00+00:00,19.77413358333333
2026-05-20 10:00:00+00:00,19.411023483333338
2026-05-20 11:00:00+00:00,19.673606383333336
2026-05-20 12:00:00+00:00,23.006251983333335
2026-05-20 13:00:00+00:00,19.99730458333333
2026-05-20 14:00:00+00:00,18.196957583333337
2026-05-20 15:00:00+00:00,20.966284783333336
2026-05-20 16:00:00+00:00,26.618634083333333
2026-05-20 17:00:00+00:00,32.94597518333334
2026-05-20 18:00:00+00:00,34.099645583333334
2026-05-20 19:00:00+00:00,34.557625783333336
2026-05-20 20:00:00+00:00,35.679110083333335
2026-05-20 21:00:00+00:00,35.40819568333333
2026-05-20 22:00:00+00:00,34.777232966666666
2026-05-20 23:00:00+00:00,33.52409066666667
2026-05-21 00:00:00+00:00,30.62357126666667
2026-05-21 01:00:00+00:00,28.210937566666665
2026-05-21 02:00:00+00:00,27.58842366666667
2026-05-21 03:00:00+00:00,29.035780066666668
2026-05-21 04:00:00+00:00,31.539697466666667
2026-05-21 05:00:00+00:00,33.84186906666667
2026-05-21 06:00:00+00:00,32.82923996666666
2026-05-21 07:00:00+00:00,28.753615166666666
2026-05-21 08:00:00+00:00,24.886606566666668
2026-05-21 09:00:00+00:00,22.601464566666667
2026-05-21 10:00:00+00:00,21.776009966666663
2026-05-21 11:00:00+00:00,20.05784446666667
2026-05-21 12:00:00+00:00,21.841602566666666
2026-05-21 13:00:00+00:00,21.758594666666667
2026-05-21 14:00:00+00:00,21.895449466666665
2026-05-21 15:00:00+00:00,25.17300206666667
2026-05-21 16:00:00+00:00,30.75562476666667
2026-05-21 17:00:00+00:00,36.274035766666664
2026-05-21 18:00:00+00:00,36.50010946666667
2026-05-21 19:00:00+00:00,35.97921946666667
2026-05-21 20:00:00+00:00,35.74964836666667
2026-05-21 21:00:00+00:00,35.21613466666666
2026-05-21 22:00:00+00:00,30.95264076666667
2026-05-21 23:00:00+00:00,29.300896066666667
2026-05-22 00:00:00+00:00,26.221615666666665
2026-05-22 01:00:00+00:00,24.017385166666664
2026-05-22 02:00:00+00:00,23.411671966666667
2026-05-22 03:00:00+00:00,24.84749106666667
2026-05-22 04:00:00+00:00,26.821808866666665
2026-05-22 05:00:00+00:00,28.619177566666664
2026-05-22 06:00:00+00:00,27.70939356666667
2026-05-22 07:00:00+00:00,24.56362676666667
2026-05-22 08:00:00+00:00,21.677870766666665
2026-05-22 09:00:00+00:00,21.548168466666663
2026-05-22 10:00:00+00:00,22.766500466666667
2026-05-22 11:00:00+00:00,21.179843366666663
2026-05-22 12:00:00+00:00,22.61476376666667
2026-05-22 13:00:00+00:00,21.21667856666667
2026-05-22 14:00:00+00:00,20.108009066666664
2026-05-22 15:00:00+00:00,23.179239366666668
2026-05-22 16:00:00+00:00,28.930695766666666
2026-05-22 17:00:00+00:00,34.13825046666667
2026-05-22 18:00:00+00:00,34.39110956666667
2026-05-22 19:00:00+00:00,34.31746766666667
2026-05-22 20:00:00+00:00,34.91279746666667
2026-05-22 21:00:00+00:00,34.46537296666667
2026-05-22 22:00:00+00:00,30.696222199999998
2026-05-22 23:00:00+00:00,28.864667400000002
2026-05-23 00:00:00+00:00,25.292618400000002
2026-05-23 01:00:00+00:00,22.7486586
2026-05-23 02:00:00+00:00,21.411853400000002
2026-05-23 03:00:00+00:00,21.5646392
2026-05-23 04:00:00+00:00,21.528673599999998
2026-05-23 05:00:00+00:00,20.7448477
2026-05-23 06:00:00+00:00,18.6842437
2026-05-23 07:00:00+00:00,16.2444167
2026-05-23 08:00:00+00:00,16.026308599999997
2026-05-23 09:00:00+00:00,17.061667200000002
2026-05-23 10:00:00+00:00,17.6081784
2026-05-23 11:00:00+00:00,16.261684300000002
2026-05-23 12:00:00+00:00,17.7130862
2026-05-23 13:00:00+00:00,17.8592983
2026-05-23 14:00:00+00:00,17.784045699999997
2026-05-23 15:00:00+00:00,22.9369285
2026-05-23 16:00:00+00:00,23.813648200000003
2026-05-23 17:00:00+00:00,29.191069700000003
2026-05-23 18:00:00+00:00,29.502319999999997
2026-05-23 19:00:00+00:00,29.645081999999995
2026-05-23 20:00:00+00:00,30.307650799999998
2026-05-23 21:00:00+00:00,30.050905800000002
2026-05-23 22:00:00+00:00,26.7247693
2026-05-23 23:00:00+00:00,25.224514399999997
2026-05-24 00:00:00+00:00,22.0760875
2026-05-24 01:00:00+00:00,19.6920975
2026-05-24 02:00:00+00:00,18.5777505
2026-05-24 03:00:00+00:00,18.4046588
2026-05-24 04:00:00+00:00,17.861169800000003
2026-05-24 05:00:00+00:00,16.2652383
2026-05-24 06:00:00+00:00,13.6020159
2026-05-24 07:00:00+00:00,11.498538600000003
2026-05-24 08:00:00+00:00,11.917144200000003
2026-05-24 09:00:00+00:00,13.893270700000002
2026-05-24 10:00:00+00:00,14.613752100000003
2026-05-24 11:00:00+00:00,13.2464357
2026-05-24 12:00:00+00:00,14.4930804
2026-05-24 13:00:00+00:00,14.749764900000002
2026-05-24 14:00:00+00:00,15.0306925
2026-05-24 15:00:00+00:00,19.2696908
2026-05-24 16:00:00+00:00,21.7823498
2026-05-24 17:00:00+00:00,27.5104878
2026-05-24 18:00:00+00:00,28.224523800000004
2026-05-24 19:00:00+00:00,28.168287300000003
2026-05-24 20:00:00+00:00,27.837309100000002
2026-05-24 21:00:00+00:00,27.263385900000003
2026-05-24 22:00:00+00:00,26.105030116666665
2026-05-24 23:00:00+00:00,24.94985181666667
2026-05-25 00:00:00+00:00,22.239585916666666
2026-05-25 01:00:00+00:00,19.814606616666666
2026-05-25 02:00:00+00:00,18.77201301666667
2026-05-25 03:00:00+00:00,18.947978216666666
2026-05-25 04:00:00+00:00,18.785150716666664
2026-05-25 05:00:00+00:00,17.636616416666666
2026-05-25 06:00:00+00:00,15.177544916666669
2026-05-25 07:00:00+00:00,14.982269516666669
2026-05-25 08:00:00+00:00,15.919588716666667
2026-05-25 09:00:00+00:00,17.168325716666672
2026-05-25 10:00:00+00:00,18.192270316666672
2026-05-25 11:00:00+00:00,17.019190616666666
2026-05-25 12:00:00+00:00,18.02759061666667
2026-05-25 13:00:00+00:00,18.038147016666674
2026-05-25 14:00:00+00:00,18.522643816666665
2026-05-25 15:00:00+00:00,22.02738961666667
2026-05-25 16:00:00+00:00,24.849390016666668
2026-05-25 17:00:00+00:00,30.524171016666667
2026-05-25 18:00:00+00:00,31.085947716666666
2026-05-25 19:00:00+00:00,30.931761516666665
2026-05-25 20:00:00+00:00,31.38872741666667
2026-05-25 21:00:00+00:00,30.331539916666667
2026-05-25 22:00:00+00:00,26.518490116666666
2026-05-25 23:00:00+00:00,25.38521701666667
2026-05-26 00:00:00+00:00,22.829572116666668
2026-05-26 01:00:00+00:00,20.955361316666668
2026-05-26 02:00:00+00:00,20.803526716666667
2026-05-26 03:00:00+00:00,22.781332516666666
2026-05-26 04:00:00+00:00,25.73831281666667
2026-05-26 05:00:00+00:00,28.160584516666663
2026-05-26 06:00:00+00:00,27.368348116666667
2026-05-26 07:00:00+00:00,25.10481341666667
2026-05-26 08:00:00+00:00,22.711359216666665
2026-05-26 09:00:00+00:00,22.178551816666666
2026-05-26 10:00:00+00:00,22.792784216666664
2026-05-26 11:00:00+00:00,23.27658871666667
2026-05-26 12:00:00+00:00,24.476123416666674
2026-05-26 13:00:00+00:00,23.428447116666664
2026-05-26 14:00:00+00:00,23.77819201666667
2026-05-26 15:00:00+00:00,31.17617801666667
2026-05-26 16:00:00+00:00,32.71625091666667
2026-05-26 17:00:00+00:00,37.470840816666666
2026-05-26 18:00:00+00:00,37.06047971666666
2026-05-26 19:00:00+00:00,36.42523741666666
2026-05-26 20:00:00+00:00,36.74335501666667
2026-05-26 21:00:00+00:00,35.449684516666665
2026-05-26 22:00:00+00:00,34.044140383333335
2026-05-26 23:00:00+00:00,32.38683208333333
2026-05-27 00:00:00+00:00,29.402469383333337
2026-05-27 01:00:00+00:00,27.193817683333336
2026-05-27 02:00:00+00:00,26.451754683333338
2026-05-27 03:00:00+00:00,27.598637083333337
2026-05-27 04:00:00+00:00,29.822818483333336
2026-05-27 05:00:00+00:00,31.46245548333333
2026-05-27 06:00:00+00:00,30.293004383333333
2026-05-27 07:00:00+00:00,27.90394008333333
2026-05-27 08:00:00+00:00,25.346647883333333
2026-05-27 09:00:00+00:00,26.37728088333333
2026-05-27 10:00:00+00:00,27.765108983333334
2026-05-27 11:00:00+00:00,26.40424408333333
2026-05-27 12:00:00+00:00,28.18439258333333
2026-05-27 13:00:00+00:00,28.459206283333334
2026-05-27 14:00:00+00:00,26.75190848333333
2026-05-27 15:00:00+00:00,29.936195183333332
2026-05-27 16:00:00+00:00,32.956447983333334
2026-05-27 17:00:00+00:00,37.02688458333333
2026-05-27 18:00:00+00:00,36.123047283333335
2026-05-27 19:00:00+00:00,34.82368688333334
2026-05-27 20:00:00+00:00,34.66907198333334
2026-05-27 21:00:00+00:00,33.381537683333335
2026-05-27 22:00:00+00:00,33.1911609
2026-05-27 23:00:00+00:00,31.7718775
2026-05-28 00:00:00+00:00,28.9569139
2026-05-28 01:00:00+00:00,26.8667697
2026-05-28 02:00:00+00:00,26.4151248
2026-05-28 03:00:00+00:00,27.8193079
2026-05-28 04:00:00+00:00,30.3663123
2026-05-28 05:00:00+00:00,32.3325335
2026-05-28 06:00:00+00:00,30.954949900000003
2026-05-28 07:00:00+00:00,28.4631092
2026-05-28 08:00:00+00:00,25.808976800000003
2026-05-28 09:00:00+00:00,24.9117264
2026-05-28 10:00:00+00:00,24.739907999999996
2026-05-28 11:00:00+00:00,23.512015100000006
2026-05-28 12:00:00+00:00,25.2703307
2026-05-28 13:00:00+00:00,25.6207537
2026-05-28 14:00:00+00:00,26.096162200000006
2026-05-28 15:00:00+00:00,30.7137162
2026-05-28 16:00:00+00:00,34.5123351
2026-05-28 17:00:00+00:00,39.3610432
2026-05-28 18:00:00+00:00,39.1726812
2026-05-28 19:00:00+00:00,38.5493065
2026-05-28 20:00:00+00:00,39.2549283
2026-05-28 21:00:00+00:00,38.0333028
2026-05-28 22:00:00+00:00,34.594550633333334
2026-05-28 23:00:00+00:00,32.60297823333333
2026-05-29 00:00:00+00:00,29.368707333333333
2026-05-29 01:00:00+00:00,27.21249933333333
2026-05-29 02:00:00+00:00,26.53886963333333
2026-05-29 03:00:00+00:00,27.740746833333336
2026-05-29 04:00:00+00:00,30.030861333333334
2026-05-29 05:00:00+00:00,32.447267133333334
2026-05-29 06:00:00+00:00,32.31485583333334
2026-05-29 07:00:00+00:00,30.487229633333335
2026-05-29 08:00:00+00:00,27.596693933333334
2026-05-29 09:00:00+00:00,25.550314633333336
2026-05-29 10:00:00+00:00,24.776870433333336
2026-05-29 11:00:00+00:00,23.705595933333342
2026-05-29 12:00:00+00:00,25.29494693333333
2026-05-29 13:00:00+00:00,25.203718533333337
2026-05-29 14:00:00+00:00,25.532252933333332
2026-05-29 15:00:00+00:00,29.48186583333333
2026-05-29 16:00:00+00:00,33.84295483333334
2026-05-29 17:00:00+00:00,37.637938133333336
2026-05-29 18:00:00+00:00,37.53919563333333
2026-05-29 19:00:00+00:00,37.07363873333333
2026-05-29 20:00:00+00:00,38.18607203333333
2026-05-29 21:00:00+00:00,37.369308833333335
2026-05-29 22:00:00+00:00,35.72044191666667
2026-05-29 23:00:00+00:00,33.65333071666667
2026-05-30 00:00:00+00:00,30.571307816666664
2026-05-30 01:00:00+00:00,28.34223331666667
2026-05-30 02:00:00+00:00,27.319499716666662
2026-05-30 03:00:00+00:00,27.69585921666667
2026-05-30 04:00:00+00:00,27.830760916666662
2026-05-30 05:00:00+00:00,27.720535516666665
2026-05-30 06:00:00+00:00,27.00399931666667
2026-05-30 07:00:00+00:00,25.769284916666663
2026-05-30 08:00:00+00:00,25.474392616666666
2026-05-30 09:00:00+00:00,25.87173881666667
2026-05-30 10:00:00+00:00,25.917264016666667
2026-05-30 11:00:00+00:00,24.950627316666665
2026-05-30 12:00:00+00:00,26.019639116666667
2026-05-30 13:00:00+00:00,25.76928891666667
2026-05-30 14:00:00+00:00,24.20889931666667
2026-05-30 15:00:00+00:00,25.36892541666667
2026-05-30 16:00:00+00:00,30.346716216666664
2026-05-30 17:00:00+00:00,34.24573351666667
2026-05-30 18:00:00+00:00,34.68847051666667
2026-05-30 19:00:00+00:00,34.554697016666665
2026-05-30 20:00:00+00:00,36.275092416666666
2026-05-30 21:00:00+00:00,36.07367321666667
2026-05-30 22:00:00+00:00,34.32176785
2026-05-30 23:00:00+00:00,31.22502745
2026-05-31 00:00:00+00:00,28.74413655
2026-05-31 01:00:00+00:00,26.820587149999998
2026-05-31 02:00:00+00:00,25.23836905
2026-05-31 03:00:00+00:00,24.28516245
2026-05-31 04:00:00+00:00,23.877121250000002
2026-05-31 05:00:00+00:00,23.56191915
2026-05-31 06:00:00+00:00,23.007317949999997
2026-05-31 07:00:00+00:00,22.507742649999997
2026-05-31 08:00:00+00:00,22.252251650000005
2026-05-31 09:00:00+00:00,22.278180950000003
2026-05-31 10:00:00+00:00,22.854460650000004
2026-05-31 11:00:00+00:00,22.155187150000003
2026-05-31 12:00:00+00:00,20.225335850000004
2026-05-31 13:00:00+00:00,19.170836050000002
2026-05-31 14:00:00+00:00,19.18635495
2026-05-31 15:00:00+00:00,21.122261150000003
2026-05-31 16:00:00+00:00,25.415642650000002
2026-05-31 17:00:00+00:00,29.82406895
2026-05-31 18:00:00+00:00,31.864242450000003
2026-05-31 19:00:00+00:00,32.595574750000004
2026-05-31 20:00:00+00:00,33.76266805
2026-05-31 21:00:00+00:00,34.19120815
2026-05-31 22:00:00+00:00,30.684900900000002
2026-05-31 23:00:00+00:00,29.498254499999998
2026-06-01 00:00:00+00:00,26.8256213
2026-06-01 01:00:00+00:00,25.3872619
2026-06-01 02:00:00+00:00,25.271772800000004
2026-06-01 03:00:00+00:00,27.217886500000002
2026-06-01 04:00:00+00:00,30.1137055
2026-06-01 05:00:00+00:00,33.112664800000005
2026-06-01 06:00:00+00:00,33.725869
2026-06-01 07:00:00+00:00,31.429156499999998
2026-06-01 08:00:00+00:00,28.264757300000007
2026-06-01 09:00:00+00:00,25.9403948
2026-06-01 10:00:00+00:00,25.072340100000005
2026-06-01 11:00:00+00:00,23.217314400000006
2026-06-01 12:00:00+00:00,24.3641087
2026-06-01 13:00:00+00:00,23.902976600000006
2026-06-01 14:00:00+00:00,24.074756700000002
2026-06-01 15:00:00+00:00,27.2081857
2026-06-01 16:00:00+00:00,32.788669299999995
2026-06-01 17:00:00+00:00,38.1139462
2026-06-01 18:00:00+00:00,38.6546029
2026-06-01 19:00:00+00:00,37.4659975
2026-06-01 20:00:00+00:00,38.5150023
2026-06-01 21:00:00+00:00,37.534585500000006
2026-06-01 22:00:00+00:00,33.701751066666674
2026-06-01 23:00:00+00:00,31.645414866666666
2026-06-02 00:00:00+00:00,27.932083166666665
2026-06-02 01:00:00+00:00,25.66182256666667
2026-06-02 02:00:00+00:00,24.603072466666667
2026-06-02 03:00:00+00:00,25.688187266666667
2026-06-02 04:00:00+00:00,27.876403366666665
2026-06-02 05:00:00+00:00,30.650324466666667
2026-06-02 06:00:00+00:00,31.585214666666666
2026-06-02 07:00:00+00:00,29.93494696666667
2026-06-02 08:00:00+00:00,27.395995866666667
2026-06-02 09:00:00+00:00,25.39804516666667
2026-06-02 10:00:00+00:00,24.28371116666667
2026-06-02 11:00:00+00:00,21.740425366666667
2026-06-02 12:00:00+00:00,23.566715866666666
2026-06-02 13:00:00+00:00,24.00732846666667
2026-06-02 14:00:00+00:00,22.694707466666667
2026-06-02 15:00:00+00:00,22.43979726666667
2026-06-02 16:00:00+00:00,24.71926326666667
2026-06-02 17:00:00+00:00,29.05886716666667
2026-06-02 18:00:00+00:00,29.869411366666668
2026-06-02 19:00:00+00:00,29.357149166666666
2026-06-02 20:00:00+00:00,31.238784466666672
2026-06-02 21:00:00+00:00,30.675973666666664
2026-06-02 22:00:00+00:00,26.54413185
2026-06-02 23:00:00+00:00,24.893206349999996
2026-06-03 00:00:00+00:00,21.85581905
2026-06-03 01:00:00+00:00,20.211977750000003
2026-06-03 02:00:00+00:00,19.90076295
2026-06-03 03:00:00+00:00,21.70520635
2026-06-03 04:00:00+00:00,24.37403375
2026-06-03 05:00:00+00:00,26.97890585
2026-06-03 06:00:00+00:00,27.525977049999998
2026-06-03 07:00:00+00:00,25.245492050000003
2026-06-03 08:00:00+00:00,24.20927675
2026-06-03 09:00:00+00:00,24.172114750000006
2026-06-03 10:00:00+00:00,23.48951605
2026-06-03 11:00:00+00:00,21.47694535
2026-06-03 12:00:00+00:00,22.03840805
2026-06-03 13:00:00+00:00,21.059943950000005
2026-06-03 14:00:00+00:00,20.15836255
2026-06-03 15:00:00+00:00,21.518875350000002
2026-06-03 16:00:00+00:00,23.688942850000004
2026-06-03 17:00:00+00:00,26.27083005
2026-06-03 18:00:00+00:00,26.575307650000006
2026-06-03 19:00:00+00:00,25.46319925
2026-06-03 20:00:00+00:00,27.15178195
2026-06-03 21:00:00+00:00,26.572150250000004
2026-06-03 22:00:00+00:00,25.247580266666667
2026-06-03 23:00:00+00:00,23.664576866666668
2026-06-04 00:00:00+00:00,20.75211546666667
2026-06-04 01:00:00+00:00,18.66642716666667
2026-06-04 02:00:00+00:00,18.473003066666667
2026-06-04 03:00:00+00:00,20.007941166666665
2026-06-04 04:00:00+00:00,22.29810476666667
2026-06-04 05:00:00+00:00,25.25666736666667
2026-06-04 06:00:00+00:00,25.96998646666667
2026-06-04 07:00:00+00:00,25.86703666666667
2026-06-04 08:00:00+00:00,25.545288066666668
2026-06-04 09:00:00+00:00,24.64956476666667
2026-06-04 10:00:00+00:00,24.06439286666667
2026-06-04 11:00:00+00:00,22.293530566666668
2026-06-04 12:00:00+00:00,23.255125666666668
2026-06-04 13:00:00+00:00,22.070962166666668
2026-06-04 14:00:00+00:00,21.131717666666667
2026-06-04 15:00:00+00:00,20.835774866666668
2026-06-04 16:00:00+00:00,23.279522066666672
2026-06-04 17:00:00+00:00,27.69410536666667
2026-06-04 18:00:00+00:00,28.32143606666667
2026-06-04 19:00:00+00:00,28.29078276666667
2026-06-04 20:00:00+00:00,30.682513666666665
2026-06-04 21:00:00+00:00,30.768024966666665
2026-06-04 22:00:00+00:00,26.30612046666667
2026-06-04 23:00:00+00:00,25.371204066666667
2026-06-05 00:00:00+00:00,22.897236166666666
2026-06-05 01:00:00+00:00,21.109674566666666
2026-06-05 02:00:00+00:00,21.070253766666667
2026-06-05 03:00:00+00:00,23.187813266666666
2026-06-05 04:00:00+00:00,26.260826366666667
2026-06-05 05:00:00+00:00,29.592326066666665
2026-06-05 06:00:00+00:00,30.287238466666665
2026-06-05 07:00:00+00:00,28.307549466666664
2026-06-05 08:00:00+00:00,27.303019066666668
2026-06-05 09:00:00+00:00,27.32492026666667
2026-06-05 10:00:00+00:00,26.594937066666663
2026-06-05 11:00:00+00:00,25.087969466666664
2026-06-05 12:00:00+00:00,26.132806166666672
2026-06-05 13:00:00+00:00,25.099775666666666
2026-06-05 14:00:00+00:00,23.281611766666668
2026-06-05 15:00:00+00:00,24.34230926666667
2026-06-05 16:00:00+00:00,29.49943046666667
2026-06-05 17:00:00+00:00,34.342952966666665
2026-06-05 18:00:00+00:00,34.797863766666666
2026-06-05 19:00:00+00:00,34.43488386666667
2026-06-05 20:00:00+00:00,36.203109466666675
2026-06-05 21:00:00+00:00,35.782664266666664
2026-06-05 22:00:00+00:00,32.32054553333333
2026-06-05 23:00:00+00:00,30.15904043333333
2026-06-06 00:00:00+00:00,26.18032643333333
2026-06-06 01:00:00+00:00,22.586809333333335
2026-06-06 02:00:00+00:00,20.920134233333336
2026-06-06 03:00:00+00:00,20.414319833333337
2026-06-06 04:00:00+00:00,19.943007033333338
2026-06-06 05:00:00+00:00,19.77988023333333
2026-06-06 06:00:00+00:00,18.605091933333334
2026-06-06 07:00:00+00:00,16.316963933333334
2026-06-06 08:00:00+00:00,15.518547533333333
2026-06-06 09:00:00+00:00,16.231542833333336
2026-06-06 10:00:00+00:00,15.836951633333335
2026-06-06 11:00:00+00:00,14.311374433333334
2026-06-06 12:00:00+00:00,14.46916603333333
2026-06-06 13:00:00+00:00,12.734304133333332
2026-06-06 14:00:00+00:00,11.972662533333335
2026-06-06 15:00:00+00:00,13.58368313333333
2026-06-06 16:00:00+00:00,16.941158333333334
2026-06-06 17:00:00+00:00,20.64175173333333
2026-06-06 18:00:00+00:00,22.664266733333335
2026-06-06 19:00:00+00:00,23.645385233333332
2026-06-06 20:00:00+00:00,26.54160963333333
2026-06-06 21:00:00+00:00,27.735623333333333
2026-06-06 22:00:00+00:00,25.107791400000004
2026-06-06 23:00:00+00:00,24.7294975
2026-06-07 00:00:00+00:00,22.611307099999998
2026-06-07 01:00:00+00:00,20.7500979
2026-06-07 02:00:00+00:00,20.475010700000002
2026-06-07 03:00:00+00:00,21.0452054
2026-06-07 04:00:00+00:00,21.0667286
2026-06-07 05:00:00+00:00,21.0569825
2026-06-07 06:00:00+00:00,20.029221900000003
2026-06-07 07:00:00+00:00,19.339059100000004
2026-06-07 08:00:00+00:00,19.144570700000003
2026-06-07 09:00:00+00:00,19.7829663
2026-06-07 10:00:00+00:00,20.5772941
2026-06-07 11:00:00+00:00,18.908103
2026-06-07 12:00:00+00:00,19.0979944
2026-06-07 13:00:00+00:00,17.661641400000004
2026-06-07 14:00:00+00:00,17.535503900000002
2026-06-07 15:00:00+00:00,19.672255999999997
2026-06-07 16:00:00+00:00,24.9758119
2026-06-07 17:00:00+00:00,30.441851800000002
2026-06-07 18:00:00+00:00,32.5399649
2026-06-07 19:00:00+00:00,32.9475849
2026-06-07 20:00:00+00:00,34.348664799999995
2026-06-07 21:00:00+00:00,34.274639300000004
2026-06-07 22:00:00+00:00,34.113354683333334
2026-06-07 23:00:00+00:00,32.89600728333333
2026-06-08 00:00:00+00:00,29.98158328333333
2026-06-08 01:00:00+00:00,27.819897083333338
2026-06-08 02:00:00+00:00,27.517619583333335
2026-06-08 03:00:00+00:00,29.225467983333335
2026-06-08 04:00:00+00:00,31.684466383333337
2026-06-08 05:00:00+00:00,34.49417208333333
2026-06-08 06:00:00+00:00,34.67449968333334
2026-06-08 07:00:00+00:00,33.066604983333335
2026-06-08 08:00:00+00:00,30.749932383333334
2026-06-08 09:00:00+00:00,29.58114558333334
2026-06-08 10:00:00+00:00,28.65812418333334
2026-06-08 11:00:00+00:00,26.667138183333332
2026-06-08 12:00:00+00:00,27.038877583333335
2026-06-08 13:00:00+00:00,25.406265783333335
2026-06-08 14:00:00+00:00,24.422782883333337
2026-06-08 15:00:00+00:00,25.617245783333335
2026-06-08 16:00:00+00:00,30.29613008333333
2026-06-08 17:00:00+00:00,34.699844983333335
2026-06-08 18:00:00+00:00,34.610270983333336
2026-06-08 19:00:00+00:00,33.91679538333334
2026-06-08 20:00:00+00:00,35.01119858333334
2026-06-08 21:00:00+00:00,35.13007218333334
2026-06-08 22:00:00+00:00,30.58417056666667
2026-06-08 23:00:00+00:00,29.731702666666664
2026-06-09 00:00:00+00:00,27.26057756666666
2026-06-09 01:00:00+00:00,25.36338356666667
2026-06-09 02:00:00+00:00,25.14969496666667
2026-06-09 03:00:00+00:00,26.995118366666667
2026-06-09 04:00:00+00:00,29.581770366666667
2026-06-09 05:00:00+00:00,32.50807036666666
2026-06-09 06:00:00+00:00,32.47398926666666
2026-06-09 07:00:00+00:00,29.565344266666667
2026-06-09 08:00:00+00:00,28.093982966666665
2026-06-09 09:00:00+00:00,28.681303266666664
2026-06-09 10:00:00+00:00,28.053862766666665
2026-06-09 11:00:00+00:00,26.683317066666664
2026-06-09 12:00:00+00:00,27.53897956666667
2026-06-09 13:00:00+00:00,26.066379066666666
2026-06-09 14:00:00+00:00,25.302235766666666
2026-06-09 15:00:00+00:00,26.60290156666667
2026-06-09 16:00:00+00:00,30.358361466666665
2026-06-09 17:00:00+00:00,34.14147136666667
2026-06-09 18:00:00+00:00,35.411516766666665
2026-06-09 19:00:00+00:00,35.43449176666667
2026-06-09 20:00:00+00:00,36.85995486666666
2026-06-09 21:00:00+00:00,37.262434166666665
2026-06-09 22:00:00+00:00,33.583848200000006
2026-06-09 23:00:00+00:00,32.5462128
2026-06-10 00:00:00+00:00,29.9321778
2026-06-10 01:00:00+00:00,27.8707602
2026-06-10 02:00:00+00:00,27.535222399999995
2026-06-10 03:00:00+00:00,29.136674300000003
2026-06-10 04:00:00+00:00,31.4451685
2026-06-10 05:00:00+00:00,34.1269312
2026-06-10 06:00:00+00:00,34.238239
2026-06-10 07:00:00+00:00,31.4840301
2026-06-10 08:00:00+00:00,28.061864
2026-06-10 09:00:00+00:00,26.7115036
2026-06-10 10:00:00+00:00,25.7772244
2026-06-10 11:00:00+00:00,23.782119300000005
2026-06-10 12:00:00+00:00,24.2880843
2026-06-10 13:00:00+00:00,22.5788965
2026-06-10 14:00:00+00:00,21.795049300000002
2026-06-10 15:00:00+00:00,22.8450282
2026-06-10 16:00:00+00:00,27.774180400000002
2026-06-10 17:00:00+00:00,32.5141509
2026-06-10 18:00:00+00:00,33.2682806
2026-06-10 19:00:00+00:00,33.11290530000001
2026-06-10 20:00:00+00:00,34.4339262
2026-06-10 21:00:00+00:00,35.00792559999999
2026-06-10 22:00:00+00:00,33.86837803333333
2026-06-10 23:00:00+00:00,32.914368333333336
2026-06-11 00:00:00+00:00,30.26825733333333
2026-06-11 01:00:00+00:00,28.26383553333333
2026-06-11 02:00:00+00:00,27.98003813333333
2026-06-11 03:00:00+00:00,29.804488333333335
2026-06-11 04:00:00+00:00,32.46258503333334
2026-06-11 05:00:00+00:00,35.43442493333333
2026-06-11 06:00:00+00:00,35.18985723333333
2026-06-11 07:00:00+00:00,31.87654953333334
2026-06-11 08:00:00+00:00,28.147987433333334
2026-06-11 09:00:00+00:00,26.268315033333337
2026-06-11 10:00:00+00:00,25.556995533333335
2026-06-11 11:00:00+00:00,25.144034833333336
2026-06-11 12:00:00+00:00,27.593899733333338
2026-06-11 13:00:00+00:00,25.402001433333336
2026-06-11 14:00:00+00:00,24.565106733333337
2026-06-11 15:00:00+00:00,24.982833733333337
2026-06-11 16:00:00+00:00,28.238407533333334
2026-06-11 17:00:00+00:00,33.09643013333334
2026-06-11 18:00:00+00:00,33.35440903333334
2026-06-11 19:00:00+00:00,32.57719373333333
2026-06-11 20:00:00+00:00,33.39923833333333
2026-06-11 21:00:00+00:00,33.17005973333333
2026-06-11 22:00:00+00:00,30.213631083333333
2026-06-11 23:00:00+00:00,29.05102808333334
2026-06-12 00:00:00+00:00,26.108625683333333
2026-06-12 01:00:00+00:00,24.219353783333332
2026-06-12 02:00:00+00:00,24.108327283333335
2026-06-12 03:00:00+00:00,25.819291383333336
2026-06-12 04:00:00+00:00,28.201847783333335
2026-06-12 05:00:00+00:00,30.76873648333333
2026-06-12 06:00:00+00:00,30.520834383333337
2026-06-12 07:00:00+00:00,29.783286383333333
2026-06-12 08:00:00+00:00,28.915136783333335
2026-06-12 09:00:00+00:00,27.878386683333336
2026-06-12 10:00:00+00:00,27.380172483333332
2026-06-12 11:00:00+00:00,25.208047883333336
2026-06-12 12:00:00+00:00,25.96734578333334
2026-06-12 13:00:00+00:00,24.713534583333338
2026-06-12 14:00:00+00:00,23.71443168333333
2026-06-12 15:00:00+00:00,25.522396783333335
2026-06-12 16:00:00+00:00,28.859496983333333
2026-06-12 17:00:00+00:00,32.432677283333334
2026-06-12 18:00:00+00:00,33.88238148333333
2026-06-12 19:00:00+00:00,33.94364138333333
2026-06-12 20:00:00+00:00,35.23252658333333
2026-06-12 21:00:00+00:00,35.57620348333333
2026-06-12 22:00:00+00:00,30.20749173333333
2026-06-12 23:00:00+00:00,29.040345933333334
2026-06-13 00:00:00+00:00,25.87400153333333
2026-06-13 01:00:00+00:00,23.839079433333332
2026-06-13 02:00:00+00:00,23.11630783333333
2026-06-13 03:00:00+00:00,23.859954833333333
2026-06-13 04:00:00+00:00,23.86341453333333
2026-06-13 05:00:00+00:00,23.475402433333336
2026-06-13 06:00:00+00:00,21.59751523333333
2026-06-13 07:00:00+00:00,21.132785933333334
2026-06-13 08:00:00+00:00,21.14854693333333
2026-06-13 09:00:00+00:00,20.774548233333334
2026-06-13 10:00:00+00:00,21.270168933333338
2026-06-13 11:00:00+00:00,19.58761773333333
2026-06-13 12:00:00+00:00,20.234554833333334
2026-06-13 13:00:00+00:00,19.374742433333335
2026-06-13 14:00:00+00:00,19.236426133333335
2026-06-13 15:00:00+00:00,21.737409733333337
2026-06-13 16:00:00+00:00,25.948233233333337
2026-06-13 17:00:00+00:00,30.161256333333334
2026-06-13 18:00:00+00:00,31.89295983333333
2026-06-13 19:00:00+00:00,32.32858723333333
2026-06-13 20:00:00+00:00,33.95491653333333
2026-06-13 21:00:00+00:00,34.25226023333333
2026-06-13 22:00:00+00:00,31.19599503333333
2026-06-13 23:00:00+00:00,30.186519333333333
2026-06-14 00:00:00+00:00,26.97698473333333
2026-06-14 01:00:00+00:00,24.747989633333333
2026-06-14 02:00:00+00:00,23.671185833333332
2026-06-14 03:00:00+00:00,23.709710933333334
2026-06-14 04:00:00+00:00,23.184617433333333
2026-06-14 05:00:00+00:00,21.907985433333334
2026-06-14 06:00:00+00:00,19.776185433333335
2026-06-14 07:00:00+00:00,18.915179233333333
2026-06-14 08:00:00+00:00,19.393306233333337
2026-06-14 09:00:00+00:00,19.887986533333333
2026-06-14 10:00:00+00:00,20.525055433333335
2026-06-14 11:00:00+00:00,18.843736033333332
2026-06-14 12:00:00+00:00,19.454091033333334
2026-06-14 13:00:00+00:00,18.921201733333326
2026-06-14 14:00:00+00:00,18.812185733333333
2026-06-14 15:00:00+00:00,21.542874433333335
2026-06-14 16:00:00+00:00,26.751633933333334
2026-06-14 17:00:00+00:00,31.683778633333333
2026-06-14 18:00:00+00:00,33.52320473333333
2026-06-14 19:00:00+00:00,33.97143153333334
2026-06-14 20:00:00+00:00,35.135700433333334
2026-06-14 21:00:00+00:00,34.84190613333333
2026-06-14 22:00:00+00:00,29.808839966666667
2026-06-14 23:00:00+00:00,28.85686666666667
2026-06-15 00:00:00+00:00,25.855941466666668
2026-06-15 01:00:00+00:00,23.96027816666667
2026-06-15 02:00:00+00:00,23.634765366666663
2026-06-15 03:00:00+00:00,25.43747206666667
2026-06-15 04:00:00+00:00,27.94425366666667
2026-06-15 05:00:00+00:00,30.294477266666668
2026-06-15 06:00:00+00:00,29.93603546666667
2026-06-15 07:00:00+00:00,27.625847766666666
2026-06-15 08:00:00+00:00,25.034456366666667
2026-06-15 09:00:00+00:00,23.49340006666667
2026-06-15 10:00:00+00:00,22.55798286666667
2026-06-15 11:00:00+00:00,20.929780066666666
2026-06-15 12:00:00+00:00,22.396555466666673
2026-06-15 13:00:00+00:00,22.170638166666663
2026-06-15 14:00:00+00:00,22.398706566666664
2026-06-15 15:00:00+00:00,25.775971866666666
2026-06-15 16:00:00+00:00,32.09929256666666
2026-06-15 17:00:00+00:00,37.16071426666667
2026-06-15 18:00:00+00:00,37.47829136666667
2026-06-15 19:00:00+00:00,36.493753166666664
2026-06-15 20:00:00+00:00,36.54398966666667
2026-06-15 21:00:00+00:00,35.67563236666666
2026-06-15 22:00:00+00:00,32.489764783333335
2026-06-15 23:00:00+00:00,31.157672483333336
2026-06-16 00:00:00+00:00,28.021865983333335
2026-06-16 01:00:00+00:00,26.092984383333334
2026-06-16 02:00:00+00:00,25.664988283333336
2026-06-16 03:00:00+00:00,27.424495083333333
2026-06-16 04:00:00+00:00,30.167692183333333
2026-06-16 05:00:00+00:00,32.579771783333335
2026-06-16 06:00:00+00:00,32.377045583333334
2026-06-16 07:00:00+00:00,30.22421578333333
2026-06-16 08:00:00+00:00,27.672277483333335
2026-06-16 09:00:00+00:00,25.836845583333343
2026-06-16 10:00:00+00:00,24.501000983333334
2026-06-16 11:00:00+00:00,22.438332683333332
2026-06-16 12:00:00+00:00,23.349320083333335
2026-06-16 13:00:00+00:00,22.735820883333336
2026-06-16 14:00:00+00:00,23.050177883333337
2026-06-16 15:00:00+00:00,26.312229883333337
2026-06-16 16:00:00+00:00,32.48028858333333
2026-06-16 17:00:00+00:00,37.49599988333333
2026-06-16 18:00:00+00:00,38.25242978333334
2026-06-16 19:00:00+00:00,38.05279078333333
2026-06-16 20:00:00+00:00,38.984665183333334
2026-06-16 21:00:00+00:00,38.829136383333335
2026-06-16 22:00:00+00:00,35.210813933333334
2026-06-16 23:00:00+00:00,34.08240893333333
2026-06-17 00:00:00+00:00,31.04273703333333
2026-06-17 01:00:00+00:00,29.15917233333333
2026-06-17 02:00:00+00:00,28.563035233333338
2026-06-17 03:00:00+00:00,29.978386633333336
2026-06-17 04:00:00+00:00,31.892112233333332
2026-06-17 05:00:00+00:00,33.55793033333333
2026-06-17 06:00:00+00:00,32.82407383333334
2026-06-17 07:00:00+00:00,30.121670933333334
2026-06-17 08:00:00+00:00,27.435928833333335
2026-06-17 09:00:00+00:00,25.905771233333333
2026-06-17 10:00:00+00:00,25.035674233333335
2026-06-17 11:00:00+00:00,23.348806533333335
2026-06-17 12:00:00+00:00,25.020279133333332
2026-06-17 13:00:00+00:00,25.174291833333335
2026-06-17 14:00:00+00:00,25.67611103333334
2026-06-17 15:00:00+00:00,29.071522933333334
2026-06-17 16:00:00+00:00,35.26274143333333
2026-06-17 17:00:00+00:00,39.67074073333333
2026-06-17 18:00:00+00:00,40.07530113333333
2026-06-17 19:00:00+00:00,39.70145293333333
2026-06-17 20:00:00+00:00,40.18872593333334
2026-06-17 21:00:00+00:00,39.446326533333334
2026-06-17 22:00:00+00:00,34.447043099999995
2026-06-17 23:00:00+00:00,32.8846368
2026-06-18 00:00:00+00:00,29.6679151
2026-06-18 01:00:00+00:00,27.6171281
2026-06-18 02:00:00+00:00,26.9102513
2026-06-18 03:00:00+00:00,28.114423000000002
2026-06-18 04:00:00+00:00,30.3462125
2026-06-18 05:00:00+00:00,32.3063937
2026-06-18 06:00:00+00:00,31.588485299999995
2026-06-18 07:00:00+00:00,28.891808800000003
2026-06-18 08:00:00+00:00,26.2548279
2026-06-18 09:00:00+00:00,24.083439200000008
2026-06-18 10:00:00+00:00,23.429361499999995
2026-06-18 11:00:00+00:00,21.698323699999996
2026-06-18 12:00:00+00:00,23.582766899999996
2026-06-18 13:00:00+00:00,24.0067077
2026-06-18 14:00:00+00:00,24.8172336
2026-06-18 15:00:00+00:00,28.380247800000003
2026-06-18 16:00:00+00:00,34.089094599999996
2026-06-18 17:00:00+00:00,38.2127849
2026-06-18 18:00:00+00:00,38.437959000000006
2026-06-18 19:00:00+00:00,37.6877579
2026-06-18 20:00:00+00:00,38.17095449999999
2026-06-18 21:00:00+00:00,37.3191808
2026-06-18 22:00:00+00:00,36.28345616666667
2026-06-18 23:00:00+00:00,34.67612656666667
2026-06-19 00:00:00+00:00,31.222945366666664
2026-06-19 01:00:00+00:00,29.256382666666667
2026-06-19 02:00:00+00:00,28.62752676666667
2026-06-19 03:00:00+00:00,30.09742706666667
2026-06-19 04:00:00+00:00,32.238152066666665
2026-06-19 05:00:00+00:00,34.27340576666667
2026-06-19 06:00:00+00:00,33.87939096666667
2026-06-19 07:00:00+00:00,31.595726266666667
2026-06-19 08:00:00+00:00,28.880000766666665
2026-06-19 09:00:00+00:00,26.584488666666665
2026-06-19 10:00:00+00:00,26.05603586666667
2026-06-19 11:00:00+00:00,24.45449426666667
2026-06-19 12:00:00+00:00,25.675659566666663
2026-06-19 13:00:00+00:00,25.67950506666667
2026-06-19 14:00:00+00:00,26.21179406666667
2026-06-19 15:00:00+00:00,29.30192996666667
2026-06-19 16:00:00+00:00,34.659125466666666
2026-06-19 17:00:00+00:00,38.46807736666666
2026-06-19 18:00:00+00:00,38.72843006666667
2026-06-19 19:00:00+00:00,38.46147306666667
2026-06-19 20:00:00+00:00,39.580475066666665
2026-06-19 21:00:00+00:00,39.12863936666667
2026-06-19 22:00:00+00:00,37.73822055
2026-06-19 23:00:00+00:00,36.71738835
2026-06-20 00:00:00+00:00,33.40367315
2026-06-20 01:00:00+00:00,31.372765549999997
2026-06-20 02:00:00+00:00,30.482772150000002
2026-06-20 03:00:00+00:00,30.66420205
2026-06-20 04:00:00+00:00,30.833933149999996
2026-06-20 05:00:00+00:00,30.418579649999998
2026-06-20 06:00:00+00:00,28.930035550000003
2026-06-20 07:00:00+00:00,27.257139550000005
2026-06-20 08:00:00+00:00,25.233246150000003
2026-06-20 09:00:00+00:00,23.67691745000001
2026-06-20 10:00:00+00:00,24.02348565
2026-06-20 11:00:00+00:00,22.759094150000006
2026-06-20 12:00:00+00:00,23.976069250000002
2026-06-20 13:00:00+00:00,23.783916650000005
2026-06-20 14:00:00+00:00,24.579926350000004
2026-06-20 15:00:00+00:00,27.87406385
2026-06-20 16:00:00+00:00,32.935472149999995
2026-06-20 17:00:00+00:00,36.92693375
2026-06-20 18:00:00+00:00,37.59848325
2026-06-20 19:00:00+00:00,37.624247249999996
2026-06-20 20:00:00+00:00,38.98090335
2026-06-20 21:00:00+00:00,38.99546015
2026-06-20 22:00:00+00:00,35.821104516666665
2026-06-20 23:00:00+00:00,34.782060916666666
2026-06-21 00:00:00+00:00,31.24648691666667
2026-06-21 01:00:00+00:00,29.200365616666666
2026-06-21 02:00:00+00:00,28.094952416666665
2026-06-21 03:00:00+00:00,28.074347716666665
2026-06-21 04:00:00+00:00,27.713875016666666
2026-06-21 05:00:00+00:00,26.803335816666667
2026-06-21 06:00:00+00:00,24.952036216666663
2026-06-21 07:00:00+00:00,23.542548016666665
2026-06-21 08:00:00+00:00,22.40260131666667
2026-06-21 09:00:00+00:00,21.65789641666667
2026-06-21 10:00:00+00:00,22.95334191666667
2026-06-21 11:00:00+00:00,22.740189316666672
2026-06-21 12:00:00+00:00,23.16798351666667
2026-06-21 13:00:00+00:00,22.217110216666665
2026-06-21 14:00:00+00:00,23.29453321666667
2026-06-21 15:00:00+00:00,26.949362516666667
2026-06-21 16:00:00+00:00,32.94124441666667
2026-06-21 17:00:00+00:00,37.95706131666667
2026-06-21 18:00:00+00:00,39.004610416666665
2026-06-21 19:00:00+00:00,38.758164416666666
2026-06-21 20:00:00+00:00,39.54576201666667
2026-06-21 21:00:00+00:00,38.517832016666674
2026-06-21 22:00:00+00:00,32.1551935
2026-06-21 23:00:00+00:00,31.170828
2026-06-22 00:00:00+00:00,28.3595656
2026-06-22 01:00:00+00:00,26.811003
2026-06-22 02:00:00+00:00,26.7504827
2026-06-22 03:00:00+00:00,28.721279499999998
2026-06-22 04:00:00+00:00,31.776475499999997
2026-06-22 05:00:00+00:00,34.4691947
2026-06-22 06:00:00+00:00,34.5245518
2026-06-22 07:00:00+00:00,33.0109848
2026-06-22 08:00:00+00:00,30.657287000000004
2026-06-22 09:00:00+00:00,28.924832600000002
2026-06-22 10:00:00+00:00,28.277967400000005
2026-06-22 11:00:00+00:00,27.565104700000006
2026-06-22 12:00:00+00:00,29.597474300000005
2026-06-22 13:00:00+00:00,30.0311191
2026-06-22 14:00:00+00:00,30.891206099999998
2026-06-22 15:00:00+00:00,33.955882
2026-06-22 16:00:00+00:00,39.0064129
2026-06-22 17:00:00+00:00,42.8590504
2026-06-22 18:00:00+00:00,42.347690400000005
2026-06-22 19:00:00+00:00,40.8028258
2026-06-22 20:00:00+00:00,40.846293700000004
2026-06-22 21:00:00+00:00,39.36060069999999
2026-06-22 22:00:00+00:00,35.87452663333333
2026-06-22 23:00:00+00:00,34.86678763333333
2026-06-23 00:00:00+00:00,32.07742603333334
2026-06-23 01:00:00+00:00,30.619956833333337
2026-06-23 02:00:00+00:00,30.455929533333332
2026-06-23 03:00:00+00:00,32.273785933333336
2026-06-23 04:00:00+00:00,35.05191563333334
2026-06-23 05:00:00+00:00,37.45667173333334
2026-06-23 06:00:00+00:00,37.074751733333336
2026-06-23 07:00:00+00:00,35.08804713333333
2026-06-23 08:00:00+00:00,32.413308433333334
2026-06-23 09:00:00+00:00,30.68893153333333
2026-06-23 10:00:00+00:00,29.763872133333336
2026-06-23 11:00:00+00:00,28.80028023333334
2026-06-23 12:00:00+00:00,30.982775733333337
2026-06-23 13:00:00+00:00,31.364654033333338
2026-06-23 14:00:00+00:00,32.22926803333334
2026-06-23 15:00:00+00:00,35.37358653333334
2026-06-23 16:00:00+00:00,40.19813693333334
2026-06-23 17:00:00+00:00,43.75592003333333
2026-06-23 18:00:00+00:00,43.495410533333335
2026-06-23 19:00:00+00:00,42.26700863333333
2026-06-23 20:00:00+00:00,42.52281883333333
2026-06-23 21:00:00+00:00,41.153261433333334
2026-06-23 22:00:00+00:00,37.2667298
2026-06-23 23:00:00+00:00,36.0261354
2026-06-24 00:00:00+00:00,32.9430064
2026-06-24 01:00:00+00:00,31.2898273
2026-06-24 02:00:00+00:00,30.980283400000005
2026-06-24 03:00:00+00:00,32.550886
2026-06-24 04:00:00+00:00,35.1845333
2026-06-24 05:00:00+00:00,37.2873287
2026-06-24 06:00:00+00:00,37.002555900000004
2026-06-24 07:00:00+00:00,35.412848100000005
2026-06-24 08:00:00+00:00,32.7897058
2026-06-24 09:00:00+00:00,31.137203200000002
2026-06-24 10:00:00+00:00,30.495607699999997
2026-06-24 11:00:00+00:00,29.7210415
2026-06-24 12:00:00+00:00,31.806206500000002
2026-06-24 13:00:00+00:00,32.1202987
2026-06-24 14:00:00+00:00,32.80468380000001
2026-06-24 15:00:00+00:00,35.575297
2026-06-24 16:00:00+00:00,40.1945911
2026-06-24 17:00:00+00:00,43.6130244
2026-06-24 18:00:00+00:00,43.0693069
2026-06-24 19:00:00+00:00,41.7280473
2026-06-24 20:00:00+00:00,41.8631641
2026-06-24 21:00:00+00:00,40.3058276
2026-06-24 22:00:00+00:00,36.085783633333335
2026-06-24 23:00:00+00:00,34.28003123333333
2026-06-25 00:00:00+00:00,31.342768233333334
2026-06-25 01:00:00+00:00,29.547189633333332
2026-06-25 02:00:00+00:00,28.960161633333335
2026-06-25 03:00:00+00:00,30.569821033333334
2026-06-25 04:00:00+00:00,33.029557733333334
2026-06-25 05:00:00+00:00,35.51986273333333
2026-06-25 06:00:00+00:00,35.22798503333333
2026-06-25 07:00:00+00:00,33.85452063333334
2026-06-25 08:00:00+00:00,31.625267633333337
2026-06-25 09:00:00+00:00,29.93169983333334
2026-06-25 10:00:00+00:00,28.655053133333332
2026-06-25 11:00:00+00:00,27.38434403333333
2026-06-25 12:00:00+00:00,29.237859033333336
2026-06-25 13:00:00+00:00,29.864470633333337
2026-06-25 14:00:00+00:00,30.85695543333333
2026-06-25 15:00:00+00:00,33.842564333333335
2026-06-25 16:00:00+00:00,38.08969063333333
2026-06-25 17:00:00+00:00,41.12336353333333
2026-06-25 18:00:00+00:00,40.56093833333333
2026-06-25 19:00:00+00:00,39.70726963333334
2026-06-25 20:00:00+00:00,40.31055403333333
2026-06-25 21:00:00+00:00,38.916275733333336
2026-06-25 22:00:00+00:00,35.751636983333334
2026-06-25 23:00:00+00:00,33.94756348333334
2026-06-26 00:00:00+00:00,31.499761283333335
2026-06-26 01:00:00+00:00,29.995555983333333
2026-06-26 02:00:00+00:00,29.76257848333333
2026-06-26 03:00:00+00:00,31.41553978333333
2026-06-26 04:00:00+00:00,34.051009083333334
2026-06-26 05:00:00+00:00,36.69644328333334
2026-06-26 06:00:00+00:00,36.97485868333334
2026-06-26 07:00:00+00:00,35.74816428333334
2026-06-26 08:00:00+00:00,33.388753283333344
2026-06-26 09:00:00+00:00,31.590336983333334
2026-06-26 10:00:00+00:00,30.60122558333334
2026-06-26 11:00:00+00:00,29.259647083333334
2026-06-26 12:00:00+00:00,30.841941483333343
2026-06-26 13:00:00+00:00,30.803567483333335
2026-06-26 14:00:00+00:00,31.613617983333338
2026-06-26 15:00:00+00:00,34.62860198333334
2026-06-26 16:00:00+00:00,39.03524038333333
2026-06-26 17:00:00+00:00,42.26200798333333
2026-06-26 18:00:00+00:00,42.36213298333333
2026-06-26 19:00:00+00:00,42.17124908333333
2026-06-26 20:00:00+00:00,43.077308683333335
2026-06-26 21:00:00+00:00,41.86584608333334
2026-06-26 22:00:00+00:00,38.03411186666667
2026-06-26 23:00:00+00:00,35.66481116666667
2026-06-27 00:00:00+00:00,32.371154966666666
2026-06-27 01:00:00+00:00,30.128398566666668
2026-06-27 02:00:00+00:00,28.96777186666667
2026-06-27 03:00:00+00:00,29.162037266666665
2026-06-27 04:00:00+00:00,29.092186266666666
2026-06-27 05:00:00+00:00,28.625610666666667
2026-06-27 06:00:00+00:00,27.60983126666667
2026-06-27 07:00:00+00:00,26.81121626666667
2026-06-27 08:00:00+00:00,25.344142066666667
2026-06-27 09:00:00+00:00,24.560459266666673
2026-06-27 10:00:00+00:00,24.579136066666667
2026-06-27 11:00:00+00:00,23.386104766666666
2026-06-27 12:00:00+00:00,24.26553846666667
2026-06-27 13:00:00+00:00,23.796838566666665
2026-06-27 14:00:00+00:00,24.290835366666673
2026-06-27 15:00:00+00:00,27.116927266666668
2026-06-27 16:00:00+00:00,32.02883666666667
2026-06-27 17:00:00+00:00,36.07622336666667
2026-06-27 18:00:00+00:00,37.04645116666667
2026-06-27 19:00:00+00:00,37.25272436666666
2026-06-27 20:00:00+00:00,39.092980366666666
2026-06-27 21:00:00+00:00,38.646396466666666
2026-06-27 22:00:00+00:00,38.88225463333333
2026-06-27 23:00:00+00:00,37.40400303333333
2026-06-28 00:00:00+00:00,34.31271123333333
2026-06-28 01:00:00+00:00,32.004466533333336
2026-06-28 02:00:00+00:00,30.767198933333333
2026-06-28 03:00:00+00:00,30.559940733333335
2026-06-28 04:00:00+00:00,30.026009333333334
2026-06-28 05:00:00+00:00,29.056201333333338
2026-06-28 06:00:00+00:00,27.704576333333335
2026-06-28 07:00:00+00:00,26.997830433333334
2026-06-28 08:00:00+00:00,26.39751123333334
2026-06-28 09:00:00+00:00,26.224609233333332
2026-06-28 10:00:00+00:00,26.664626033333334
2026-06-28 11:00:00+00:00,25.352684533333328
2026-06-28 12:00:00+00:00,25.454249333333337
2026-06-28 13:00:00+00:00,24.975318433333335
2026-06-28 14:00:00+00:00,25.304153533333334
2026-06-28 15:00:00+00:00,28.066995533333333
2026-06-28 16:00:00+00:00,32.97274803333333
2026-06-28 17:00:00+00:00,37.36488653333333
2026-06-28 18:00:00+00:00,38.61150653333333
2026-06-28 19:00:00+00:00,38.68307263333333
2026-06-28 20:00:00+00:00,40.53286213333334
2026-06-28 21:00:00+00:00,39.357108933333336
2026-06-28 22:00:00+00:00,35.350369816666664
2026-06-28 23:00:00+00:00,33.87436781666666
2026-06-29 00:00:00+00:00,30.749015416666666
2026-06-29 01:00:00+00:00,28.94401871666667
2026-06-29 02:00:00+00:00,28.542736616666666
2026-06-29 03:00:00+00:00,30.36573991666667
2026-06-29 04:00:00+00:00,33.21766601666667
2026-06-29 05:00:00+00:00,36.17281871666667
2026-06-29 06:00:00+00:00,37.01005611666667
2026-06-29 07:00:00+00:00,36.20267751666667
2026-06-29 08:00:00+00:00,34.16640911666667
2026-06-29 09:00:00+00:00,32.37494641666667
2026-06-29 10:00:00+00:00,31.311606816666668
2026-06-29 11:00:00+00:00,29.77516101666667
2026-06-29 12:00:00+00:00,30.442271916666666
2026-06-29 13:00:00+00:00,29.67994641666667
2026-06-29 14:00:00+00:00,29.664745116666666
2026-06-29 15:00:00+00:00,32.083016816666664
2026-06-29 16:00:00+00:00,37.14365451666667
2026-06-29 17:00:00+00:00,41.90135921666666
2026-06-29 18:00:00+00:00,42.84593811666667
2026-06-29 19:00:00+00:00,42.052244716666664
2026-06-29 20:00:00+00:00,43.12623641666667
2026-06-29 21:00:00+00:00,41.98753741666667
2026-06-29 22:00:00+00:00,37.721586
2026-06-29 23:00:00+00:00,36.2091054
2026-06-30 00:00:00+00:00,33.1116473
2026-06-30 01:00:00+00:00,31.322879999999998
2026-06-30 02:00:00+00:00,30.9350592
2026-06-30 03:00:00+00:00,32.5335875
2026-06-30 04:00:00+00:00,34.8430275
2026-06-30 05:00:00+00:00,36.9357912
2026-06-30 06:00:00+00:00,37.135562199999995
2026-06-30 07:00:00+00:00,35.35273290000001
2026-06-30 08:00:00+00:00,32.563996200000005
2026-06-30 09:00:00+00:00,30.471811100000004
2026-06-30 10:00:00+00:00,29.345377699999997
2026-06-30 11:00:00+00:00,27.9869077
2026-06-30 12:00:00+00:00,28.568816400000003
2026-06-30 13:00:00+00:00,27.7305255
2026-06-30 14:00:00+00:00,27.5966773
2026-06-30 15:00:00+00:00,29.8778885
2026-06-30 16:00:00+00:00,34.6811722
2026-06-30 17:00:00+00:00,39.086854
2026-06-30 18:00:00+00:00,40.0386236
2026-06-30 19:00:00+00:00,39.5207587
2026-06-30 20:00:00+00:00,41.188326499999995
2026-06-30 21:00:00+00:00,40.4242061
2026-06-30 22:00:00+00:00,36.82006425
2026-06-30 23:00:00+00:00,35.40083195
2026-07-01 00:00:00+00:00,31.98851785
2026-07-01 01:00:00+00:00,30.03458645
2026-07-01 02:00:00+00:00,29.425809349999994
2026-07-01 03:00:00+00:00,30.76165965
2026-07-01 04:00:00+00:00,32.76727685
2026-07-01 05:00:00+00:00,34.63718145
2026-07-01 06:00:00+00:00,35.22604325
2026-07-01 07:00:00+00:00,33.651480750000005
2026-07-01 08:00:00+00:00,31.08497665
2026-07-01 09:00:00+00:00,29.206409149999995
2026-07-01 10:00:00+00:00,28.10362105
2026-07-01 11:00:00+00:00,26.38989455
2026-07-01 12:00:00+00:00,26.468094250000004
2026-07-01 13:00:00+00:00,25.305142650000004
2026-07-01 14:00:00+00:00,24.83280355
2026-07-01 15:00:00+00:00,26.99318225
2026-07-01 16:00:00+00:00,31.92730375
2026-07-01 17:00:00+00:00,36.911384350000006
2026-07-01 18:00:00+00:00,38.578831550000004
2026-07-01 19:00:00+00:00,38.33039865
2026-07-01 20:00:00+00:00,40.22885365
2026-07-01 21:00:00+00:00,39.64376155
2026-07-01 22:00:00+00:00,35.66099755
2026-07-01 23:00:00+00:00,34.34002795000001
2026-07-02 00:00:00+00:00,31.49742365
2026-07-02 01:00:00+00:00,29.617187350000002
2026-07-02 02:00:00+00:00,29.046233150000003
2026-07-02 03:00:00+00:00,30.229199350000002
2026-07-02 04:00:00+00:00,32.22261485
2026-07-02 05:00:00+00:00,33.94196905
2026-07-02 06:00:00+00:00,33.69971815
2026-07-02 07:00:00+00:00,30.95073545
2026-07-02 08:00:00+00:00,27.668970849999997
2026-07-02 09:00:00+00:00,25.07090085
2026-07-02 10:00:00+00:00,23.791185249999998
2026-07-02 11:00:00+00:00,22.578897249999997
2026-07-02 12:00:00+00:00,23.075672750000006
2026-07-02 13:00:00+00:00,21.773520550000008
2026-07-02 14:00:00+00:00,21.966515050000005
2026-07-02 15:00:00+00:00,24.784900950000004
2026-07-02 16:00:00+00:00,30.232620550000004
2026-07-02 17:00:00+00:00,35.925819649999994
2026-07-02 18:00:00+00:00,38.02196575
2026-07-02 19:00:00+00:00,38.17012855
2026-07-02 20:00:00+00:00,40.54396695
2026-07-02 21:00:00+00:00,40.09968875
2026-07-02 22:00:00+00:00,34.614562616666674
2026-07-02 23:00:00+00:00,33.877318716666664
2026-07-03 00:00:00+00:00,31.284531916666666
2026-07-03 01:00:00+00:00,29.71393701666667
2026-07-03 02:00:00+00:00,29.39248601666667
2026-07-03 03:00:00+00:00,30.80415621666667
2026-07-03 04:00:00+00:00,32.86411711666666
2026-07-03 05:00:00+00:00,34.68208821666667
2026-07-03 06:00:00+00:00,34.895816116666666
2026-07-03 07:00:00+00:00,32.81561071666667
2026-07-03 08:00:00+00:00,29.75784391666667
2026-07-03 09:00:00+00:00,27.050869716666668
2026-07-03 10:00:00+00:00,27.639622616666667
2026-07-03 11:00:00+00:00,28.326892216666668
2026-07-03 12:00:00+00:00,28.833238416666674
2026-07-03 13:00:00+00:00,27.497453816666667
2026-07-03 14:00:00+00:00,25.57316741666667
2026-07-03 15:00:00+00:00,26.64777931666667
2026-07-03 16:00:00+00:00,31.68856391666667
2026-07-03 17:00:00+00:00,36.53316671666666
2026-07-03 18:00:00+00:00,38.11574251666667
2026-07-03 19:00:00+00:00,37.84270121666667
2026-07-03 20:00:00+00:00,39.572248316666666
2026-07-03 21:00:00+00:00,38.469080516666665
2026-07-03 22:00:00+00:00,36.336124616666666
2026-07-03 23:00:00+00:00,34.93062931666667
2026-07-04 00:00:00+00:00,31.88316351666667
2026-07-04 01:00:00+00:00,29.816738716666666
2026-07-04 02:00:00+00:00,28.907853116666665
2026-07-04 03:00:00+00:00,29.11056191666667
2026-07-04 04:00:00+00:00,28.803552716666665
2026-07-04 05:00:00+00:00,27.915366016666667
2026-07-04 06:00:00+00:00,26.190214416666667
2026-07-04 07:00:00+00:00,25.601792216666666
2026-07-04 08:00:00+00:00,25.24945881666667
2026-07-04 09:00:00+00:00,24.084890516666665
2026-07-04 10:00:00+00:00,24.13388451666667
2026-07-04 11:00:00+00:00,23.298311116666667
2026-07-04 12:00:00+00:00,23.900323616666665
2026-07-04 13:00:00+00:00,22.680840916666668
2026-07-04 14:00:00+00:00,21.664116816666667
2026-07-04 15:00:00+00:00,22.41759661666667
2026-07-04 16:00:00+00:00,26.603121516666665
2026-07-04 17:00:00+00:00,32.16950771666667
2026-07-04 18:00:00+00:00,34.48441691666666
2026-07-04 19:00:00+00:00,34.86181461666667
2026-07-04 20:00:00+00:00,36.999059716666665
2026-07-04 21:00:00+00:00,36.27636571666666
2026-07-04 22:00:00+00:00,33.09958246666667
2026-07-04 23:00:00+00:00,32.03330646666667
2026-07-05 00:00:00+00:00,29.203332266666663
2026-07-05 01:00:00+00:00,27.400317666666666
2026-07-05 02:00:00+00:00,26.802155966666668
2026-07-05 03:00:00+00:00,26.897319166666666
2026-07-05 04:00:00+00:00,26.554525066666663
2026-07-05 05:00:00+00:00,25.436921966666667
2026-07-05 06:00:00+00:00,23.976846266666666
2026-07-05 07:00:00+00:00,23.483137466666662
2026-07-05 08:00:00+00:00,23.38070546666667
2026-07-05 09:00:00+00:00,23.262885566666668
2026-07-05 10:00:00+00:00,23.637952266666666
2026-07-05 11:00:00+00:00,22.757259366666673
2026-07-05 12:00:00+00:00,23.06802616666667
2026-07-05 13:00:00+00:00,21.657621966666667
2026-07-05 14:00:00+00:00,22.17188956666667
2026-07-05 15:00:00+00:00,23.450218866666667
2026-07-05 16:00:00+00:00,27.398313566666666
2026-07-05 17:00:00+00:00,33.829192866666666
2026-07-05 18:00:00+00:00,36.70777746666666
2026-07-05 19:00:00+00:00,37.47704096666667
2026-07-05 20:00:00+00:00,39.65357816666666
2026-07-05 21:00:00+00:00,38.547804766666665
2026-07-05 22:00:00+00:00,35.54569433333333
2026-07-05 23:00:00+00:00,34.593901233333334
2026-07-06 00:00:00+00:00,31.88468293333333
2026-07-06 01:00:00+00:00,30.425872633333334
2026-07-06 02:00:00+00:00,30.31705313333334
2026-07-06 03:00:00+00:00,32.19620153333334
2026-07-06 04:00:00+00:00,34.57053603333333
2026-07-06 05:00:00+00:00,36.49581833333333
2026-07-06 06:00:00+00:00,36.07204693333333
2026-07-06 07:00:00+00:00,33.71701623333333
2026-07-06 08:00:00+00:00,30.856325933333334
2026-07-06 09:00:00+00:00,29.060407933333337
2026-07-06 10:00:00+00:00,28.061021433333334
2026-07-06 11:00:00+00:00,26.928635833333335
2026-07-06 12:00:00+00:00,28.017979733333334
2026-07-06 13:00:00+00:00,27.102402533333336
2026-07-06 14:00:00+00:00,27.725282133333334
2026-07-06 15:00:00+00:00,31.00389623333334
2026-07-06 16:00:00+00:00,36.47818463333333
2026-07-06 17:00:00+00:00,41.97673913333334
2026-07-06 18:00:00+00:00,43.50316743333333
2026-07-06 19:00:00+00:00,43.31362563333333
2026-07-06 20:00:00+00:00,44.729281433333334
2026-07-06 21:00:00+00:00,43.35736233333333
2026-07-06 22:00:00+00:00,40.27222793333333
2026-07-06 23:00:00+00:00,38.93432993333333
2026-07-07 00:00:00+00:00,35.730792433333335
2026-07-07 01:00:00+00:00,33.89744723333334
2026-07-07 02:00:00+00:00,33.40039953333333
2026-07-07 03:00:00+00:00,34.831825933333334
2026-07-07 04:00:00+00:00,36.86900833333333
2026-07-07 05:00:00+00:00,38.484602933333335
2026-07-07 06:00:00+00:00,37.72715053333334
2026-07-07 07:00:00+00:00,35.17167513333333
2026-07-07 08:00:00+00:00,32.245880033333336
2026-07-07 09:00:00+00:00,30.198425533333335
2026-07-07 10:00:00+00:00,28.690241633333336
2026-07-07 11:00:00+00:00,27.003806733333334
2026-07-07 12:00:00+00:00,27.931281633333334
2026-07-07 13:00:00+00:00,27.131473533333335
2026-07-07 14:00:00+00:00,27.75316763333334
2026-07-07 15:00:00+00:00,30.851471333333336
2026-07-07 16:00:00+00:00,36.08077153333333
2026-07-07 17:00:00+00:00,41.29579163333334
2026-07-07 18:00:00+00:00,42.88393863333333
2026-07-07 19:00:00+00:00,42.88068703333333
2026-07-07 20:00:00+00:00,44.41324863333333
2026-07-07 21:00:00+00:00,43.33851133333334
2026-07-07 22:00:00+00:00,38.985024233333334
2026-07-07 23:00:00+00:00,38.02828183333333
2026-07-08 00:00:00+00:00,35.07383903333333
2026-07-08 01:00:00+00:00,33.71769773333334
2026-07-08 02:00:00+00:00,33.60560503333333
2026-07-08 03:00:00+00:00,35.246267833333334
2026-07-08 04:00:00+00:00,37.32888603333333
2026-07-08 05:00:00+00:00,39.001540633333335
2026-07-08 06:00:00+00:00,38.45912713333333
2026-07-08 07:00:00+00:00,36.100961033333334
2026-07-08 08:00:00+00:00,33.40921813333334
2026-07-08 09:00:00+00:00,31.744086133333333
2026-07-08 10:00:00+00:00,30.70342543333333
2026-07-08 11:00:00+00:00,29.55895623333334
2026-07-08 12:00:00+00:00,30.67487053333333
2026-07-08 13:00:00+00:00,29.893477333333333
2026-07-08 14:00:00+00:00,30.623743133333335
2026-07-08 15:00:00+00:00,33.53010173333333
2026-07-08 16:00:00+00:00,38.40481223333333
2026-07-08 17:00:00+00:00,43.048200433333335
2026-07-08 18:00:00+00:00,43.76143823333334
2026-07-08 19:00:00+00:00,43.11166683333334
2026-07-08 20:00:00+00:00,44.12716783333333
2026-07-08 21:00:00+00:00,42.39170703333333
2026-07-08 22:00:00+00:00,38.488786516666664
2026-07-08 23:00:00+00:00,37.47424041666667
2026-07-09 00:00:00+00:00,34.20767671666666
2026-07-09 01:00:00+00:00,32.81536461666667
2026-07-09 02:00:00+00:00,32.80828881666667
2026-07-09 03:00:00+00:00,34.60285041666667
2026-07-09 04:00:00+00:00,36.91261541666667
2026-07-09 05:00:00+00:00,38.898621516666665
2026-07-09 06:00:00+00:00,38.59576771666667
2026-07-09 07:00:00+00:00,36.06585101666667
2026-07-09 08:00:00+00:00,33.16037871666667
2026-07-09 09:00:00+00:00,31.140702616666662
2026-07-09 10:00:00+00:00,29.88198831666667
2026-07-09 11:00:00+00:00,27.86916211666667
2026-07-09 12:00:00+00:00,29.36921141666667
2026-07-09 13:00:00+00:00,29.062089616666672
2026-07-09 14:00:00+00:00,30.450200816666666
2026-07-09 15:00:00+00:00,33.61376791666667
2026-07-09 16:00:00+00:00,38.77481711666667
2026-07-09 17:00:00+00:00,42.63128771666666
2026-07-09 18:00:00+00:00,42.858149016666665
2026-07-09 19:00:00+00:00,42.037924016666665
2026-07-09 20:00:00+00:00,42.48844141666667
2026-07-09 21:00:00+00:00,40.79101911666666
2026-07-09 22:00:00+00:00,36.233447649999995
2026-07-09 23:00:00+00:00,35.18716135
2026-07-10 00:00:00+00:00,31.99788725
2026-07-10 01:00:00+00:00,30.542379949999997
2026-07-10 02:00:00+00:00,30.52496895
2026-07-10 03:00:00+00:00,32.27287725
2026-07-10 04:00:00+00:00,34.45411105
2026-07-10 05:00:00+00:00,36.66441965
2026-07-10 06:00:00+00:00,36.980826949999994
2026-07-10 07:00:00+00:00,35.30838285
2026-07-10 08:00:00+00:00,32.96027025
2026-07-10 09:00:00+00:00,31.046561050000005
2026-07-10 10:00:00+00:00,29.81425715
2026-07-10 11:00:00+00:00,27.89117215
2026-07-10 12:00:00+00:00,29.367191650000002
2026-07-10 13:00:00+00:00,29.42649835
2026-07-10 14:00:00+00:00,30.597752250000006
2026-07-10 15:00:00+00:00,33.62671725
2026-07-10 16:00:00+00:00,37.87320865
2026-07-10 17:00:00+00:00,40.34252225
2026-07-10 18:00:00+00:00,40.03111855
2026-07-10 19:00:00+00:00,39.34340545
2026-07-10 20:00:00+00:00,39.94719355
2026-07-10 21:00:00+00:00,38.33060745
2026-07-10 22:00:00+00:00,35.689029166666664
2026-07-10 23:00:00+00:00,34.15146786666667
2026-07-11 00:00:00+00:00,30.899229866666666
2026-07-11 01:00:00+00:00,29.119912066666664
2026-07-11 02:00:00+00:00,28.519020266666665
2026-07-11 03:00:00+00:00,29.27515616666667
2026-07-11 04:00:00+00:00,29.359910666666668
2026-07-11 05:00:00+00:00,29.10031216666666
2026-07-11 06:00:00+00:00,28.645596466666667
2026-07-11 07:00:00+00:00,27.950819366666668
2026-07-11 08:00:00+00:00,28.854742966666667
2026-07-11 09:00:00+00:00,30.34059176666667
2026-07-11 10:00:00+00:00,30.390408466666667
2026-07-11 11:00:00+00:00,29.490373066666663
2026-07-11 12:00:00+00:00,29.66632016666667
2026-07-11 13:00:00+00:00,27.11784806666667
2026-07-11 14:00:00+00:00,27.205378066666672
2026-07-11 15:00:00+00:00,29.774771566666665
2026-07-11 16:00:00+00:00,34.12777066666667
2026-07-11 17:00:00+00:00,37.09832926666667
2026-07-11 18:00:00+00:00,37.62497906666666
2026-07-11 19:00:00+00:00,37.34408346666667
2026-07-11 20:00:00+00:00,38.35478666666667
2026-07-11 21:00:00+00:00,36.85645316666666
2026-07-11 22:00:00+00:00,33.45204368333333
2026-07-11 23:00:00+00:00,32.12534878333333
2026-07-12 00:00:00+00:00,28.547106183333334
2026-07-12 01:00:00+00:00,26.573545583333335
2026-07-12 02:00:00+00:00,25.80263188333333
2026-07-12 03:00:00+00:00,26.112262083333334
2026-07-12 04:00:00+00:00,25.551577883333334
2026-07-12 05:00:00+00:00,24.585087483333336
2026-07-12 06:00:00+00:00,23.429781583333337
2026-07-12 07:00:00+00:00,22.486236983333335
2026-07-12 08:00:00+00:00,21.800281483333336
2026-07-12 09:00:00+00:00,24.390136883333337
2026-07-12 10:00:00+00:00,27.127202683333337
2026-07-12 11:00:00+00:00,25.795017183333336
2026-07-12 12:00:00+00:00,26.77979548333334
2026-07-12 13:00:00+00:00,23.676202483333334
2026-07-12 14:00:00+00:00,22.25743788333334
2026-07-12 15:00:00+00:00,25.789301083333335
2026-07-12 16:00:00+00:00,31.28671308333334
2026-07-12 17:00:00+00:00,35.40458748333333
2026-07-12 18:00:00+00:00,36.321736683333334
2026-07-12 19:00:00+00:00,35.800979283333334
2026-07-12 20:00:00+00:00,36.02997198333333
2026-07-12 21:00:00+00:00,33.861515983333334
2026-07-12 22:00:00+00:00,29.154290400000004
2026-07-12 23:00:00+00:00,28.493330099999998
2026-07-13 00:00:00+00:00,25.8446514
2026-07-13 01:00:00+00:00,24.7891205
2026-07-13 02:00:00+00:00,24.875687900000003
2026-07-13 03:00:00+00:00,26.643900300000006
2026-07-13 04:00:00+00:00,28.256659900000002
2026-07-13 05:00:00+00:00,29.282574800000003
2026-07-13 06:00:00+00:00,29.569693700000002
2026-07-13 07:00:00+00:00,28.9413178
2026-07-13 08:00:00+00:00,27.756037400000004
2026-07-13 09:00:00+00:00,26.767725400000007
2026-07-13 10:00:00+00:00,26.445837500000007
2026-07-13 11:00:00+00:00,25.3058942
2026-07-13 12:00:00+00:00,26.437629800000007
2026-07-13 13:00:00+00:00,26.393692400000003
2026-07-13 14:00:00+00:00,27.457184200000004
2026-07-13 15:00:00+00:00,30.4278962
2026-07-13 16:00:00+00:00,34.8808645
2026-07-13 17:00:00+00:00,38.1758362
2026-07-13 18:00:00+00:00,38.8528019
2026-07-13 19:00:00+00:00,39.051400099999995
2026-07-13 20:00:00+00:00,40.1901271
2026-07-13 21:00:00+00:00,39.053488099999996
2026-07-13 22:00:00+00:00,36.404120750000004
2026-07-13 23:00:00+00:00,35.58989015
2026-07-14 00:00:00+00:00,32.383268550000004
2026-07-14 01:00:00+00:00,30.554632950000002
2026-07-14 02:00:00+00:00,29.969812850000004
2026-07-14 03:00:00+00:00,30.55630085
2026-07-14 04:00:00+00:00,30.33146585
2026-07-14 05:00:00+00:00,29.31919545
2026-07-14 06:00:00+00:00,28.16184535
2026-07-14 07:00:00+00:00,27.35871425
2026-07-14 08:00:00+00:00,26.878348250000005
2026-07-14 09:00:00+00:00,26.81311145
2026-07-14 10:00:00+00:00,26.929916849999998
2026-07-14 11:00:00+00:00,26.138052350000002
2026-07-14 12:00:00+00:00,26.873664650000002
2026-07-14 13:00:00+00:00,26.377326750000005
2026-07-14 14:00:00+00:00,27.708801349999995
2026-07-14 15:00:00+00:00,31.100166449999996
2026-07-14 16:00:00+00:00,36.481211849999994
2026-07-14 17:00:00+00:00,40.64506215
2026-07-14 18:00:00+00:00,41.74390605
2026-07-14 19:00:00+00:00,41.81649785
2026-07-14 20:00:00+00:00,42.39352225
2026-07-14 21:00:00+00:00,40.27030475
2026-07-14 22:00:00+00:00,36.74834905
2026-07-14 23:00:00+00:00,35.76540515
2026-07-15 00:00:00+00:00,32.75085865
2026-07-15 01:00:00+00:00,31.212021850000003
2026-07-15 02:00:00+00:00,30.945446049999997
2026-07-15 03:00:00+00:00,32.93789285
2026-07-15 04:00:00+00:00,35.530903550000005
2026-07-15 05:00:00+00:00,37.68102625
2026-07-15 06:00:00+00:00,38.52895635
2026-07-15 07:00:00+00:00,37.82154355
2026-07-15 08:00:00+00:00,36.426021750000004
2026-07-15 09:00:00+00:00,35.38298675
2026-07-15 10:00:00+00:00,34.521796450000004
2026-07-15 11:00:00+00:00,34.112217750000006
2026-07-15 12:00:00+00:00,35.818215550000005
2026-07-15 13:00:00+00:00,35.78265475
2026-07-15 14:00:00+00:00,36.67873465
2026-07-15 15:00:00+00:00,39.02636305
2026-07-15 16:00:00+00:00,43.17640985
2026-07-15 17:00:00+00:00,46.12908385
2026-07-15 18:00:00+00:00,46.153935849999996
2026-07-15 19:00:00+00:00,45.72286985
2026-07-15 20:00:00+00:00,46.264887650000006
2026-07-15 21:00:00+00:00,44.46128275
2026-07-15 22:00:00+00:00,40.211144483333335
2026-07-15 23:00:00+00:00,39.28474478333334
2026-07-16 00:00:00+00:00,36.20876378333333
2026-07-16 01:00:00+00:00,34.51606218333333
2026-07-16 02:00:00+00:00,34.18479608333333
2026-07-16 03:00:00+00:00,35.66659588333333
2026-07-16 04:00:00+00:00,37.77458118333333
2026-07-16 05:00:00+00:00,39.98950258333333
2026-07-16 06:00:00+00:00,40.556000983333334
2026-07-16 07:00:00+00:00,39.10464268333333
2026-07-16 08:00:00+00:00,37.534570083333335
2026-07-16 09:00:00+00:00,36.63169318333334
2026-07-16 10:00:00+00:00,36.17956278333333
2026-07-16 11:00:00+00:00,35.50531658333333
2026-07-16 12:00:00+00:00,37.02601348333334
2026-07-16 13:00:00+00:00,36.56665268333333
2026-07-16 14:00:00+00:00,37.10117088333334
2026-07-16 15:00:00+00:00,39.22888688333334
2026-07-16 16:00:00+00:00,42.709128383333336
2026-07-16 17:00:00+00:00,45.357560883333335
2026-07-16 18:00:00+00:00,45.00483898333333
2026-07-16 19:00:00+00:00,44.892872483333335
2026-07-16 20:00:00+00:00,46.04721348333334
2026-07-16 21:00:00+00:00,45.01126388333333
2026-07-16 22:00:00+00:00,41.109911366666665
2026-07-16 23:00:00+00:00,40.285046566666665
2026-07-17 00:00:00+00:00,37.06046706666667
2026-07-17 01:00:00+00:00,35.30510766666667
2026-07-17 02:00:00+00:00,34.75319906666667
2026-07-17 03:00:00+00:00,36.01224226666667
2026-07-17 04:00:00+00:00,37.92780426666666
2026-07-17 05:00:00+00:00,40.000985066666665
2026-07-17 06:00:00+00:00,40.55775956666667
2026-07-17 07:00:00+00:00,39.06619646666667
2026-07-17 08:00:00+00:00,36.93778866666667
2026-07-17 09:00:00+00:00,35.125162466666666
2026-07-17 10:00:00+00:00,33.585682266666666
2026-07-17 11:00:00+00:00,32.06903106666667
2026-07-17 12:00:00+00:00,33.15351246666667
2026-07-17 13:00:00+00:00,32.17173616666667
2026-07-17 14:00:00+00:00,32.45593926666667
2026-07-17 15:00:00+00:00,34.912853966666674
2026-07-17 16:00:00+00:00,39.10516586666667
2026-07-17 17:00:00+00:00,42.737240566666664
2026-07-17 18:00:00+00:00,43.62825756666667
2026-07-17 19:00:00+00:00,43.769326166666666
2026-07-17 20:00:00+00:00,44.91786436666667
2026-07-17 21:00:00+00:00,43.80630426666667
2026-07-17 22:00:00+00:00,40.53605773333334
2026-07-17 23:00:00+00:00,39.33843733333334
2026-07-18 00:00:00+00:00,35.78532903333334
2026-07-18 01:00:00+00:00,33.68915683333333
2026-07-18 02:00:00+00:00,32.751254233333334
2026-07-18 03:00:00+00:00,32.890512433333335
2026-07-18 04:00:00+00:00,32.68325453333334
2026-07-18 05:00:00+00:00,32.03018183333334
2026-07-18 06:00:00+00:00,30.896326933333334
2026-07-18 07:00:00+00:00,29.124529633333335
2026-07-18 08:00:00+00:00,27.188599433333334
2026-07-18 09:00:00+00:00,25.757528433333334
2026-07-18 10:00:00+00:00,25.397207133333332
2026-07-18 11:00:00+00:00,24.621069633333335
2026-07-18 12:00:00+00:00,25.156648133333338
2026-07-18 13:00:00+00:00,24.148050933333334
2026-07-18 14:00:00+00:00,24.914509233333337
2026-07-18 15:00:00+00:00,27.548240533333335
2026-07-18 16:00:00+00:00,32.13718073333333
2026-07-18 17:00:00+00:00,36.630768333333336
2026-07-18 18:00:00+00:00,37.63729323333333
2026-07-18 19:00:00+00:00,37.62577803333333
2026-07-18 20:00:00+00:00,39.052095433333335
2026-07-18 21:00:00+00:00,38.68400413333334
2026-07-18 22:00:00+00:00,34.0553961
2026-07-18 23:00:00+00:00,33.1231087
2026-07-19 00:00:00+00:00,29.6478399
2026-07-19 01:00:00+00:00,27.4530815
2026-07-19 02:00:00+00:00,26.349370300000004
2026-07-19 03:00:00+00:00,26.1424538
2026-07-19 04:00:00+00:00,25.3557828
2026-07-19 05:00:00+00:00,24.2201619
2026-07-19 06:00:00+00:00,22.674614300000002
2026-07-19 07:00:00+00:00,20.859611700000002
2026-07-19 08:00:00+00:00,19.4397349
2026-07-19 09:00:00+00:00,18.5383822
2026-07-19 10:00:00+00:00,20.454964600000004
2026-07-19 11:00:00+00:00,22.214855000000004
2026-07-19 12:00:00+00:00,22.903805200000004
2026-07-19 13:00:00+00:00,21.778908700000002
2026-07-19 14:00:00+00:00,20.196034400000006
2026-07-19 15:00:00+00:00,21.433443300000004
2026-07-19 16:00:00+00:00,26.920727499999998
2026-07-19 17:00:00+00:00,32.2539181
2026-07-19 18:00:00+00:00,34.007176
2026-07-19 19:00:00+00:00,34.2592294
2026-07-19 20:00:00+00:00,35.3465703
2026-07-19 21:00:00+00:00,34.516459
2026-07-19 22:00:00+00:00,30.56778386666667
2026-07-19 23:00:00+00:00,29.778986866666667
2026-07-20 00:00:00+00:00,26.90576956666667
2026-07-20 01:00:00+00:00,25.499820466666662
2026-07-20 02:00:00+00:00,25.439717666666667
2026-07-20 03:00:00+00:00,27.277555166666666
2026-07-20 04:00:00+00:00,29.53392356666667
2026-07-20 05:00:00+00:00,31.835072966666665
2026-07-20 06:00:00+00:00,32.26324616666666
2026-07-20 07:00:00+00:00,30.018447766666668
2026-07-20 08:00:00+00:00,27.207035366666673
2026-07-20 09:00:00+00:00,25.38214876666667
2026-07-20 10:00:00+00:00,24.20701316666667
2026-07-20 11:00:00+00:00,23.34004056666667
2026-07-20 12:00:00+00:00,24.37029086666667
2026-07-20 13:00:00+00:00,23.052912966666668
2026-07-20 14:00:00+00:00,23.264030066666667
2026-07-20 15:00:00+00:00,25.90650256666667
2026-07-20 16:00:00+00:00,31.015666866666667
2026-07-20 17:00:00+00:00,36.005451166666674
2026-07-20 18:00:00+00:00,36.858677666666665
2026-07-20 19:00:00+00:00,36.147611866666665
2026-07-20 20:00:00+00:00,36.74119066666667
2026-07-20 21:00:00+00:00,35.56076946666666
2026-07-20 22:00:00+00:00,32.50398683333333
2026-07-20 23:00:00+00:00,31.594910133333336
2026-07-21 00:00:00+00:00,28.652181433333332
2026-07-21 01:00:00+00:00,27.162941733333334
2026-07-21 02:00:00+00:00,27.10987263333334
2026-07-21 03:00:00+00:00,28.82279313333333
2026-07-21 04:00:00+00:00,30.93490153333333
2026-07-21 05:00:00+00:00,33.12334083333334
2026-07-21 06:00:00+00:00,33.32089113333333
2026-07-21 07:00:00+00:00,30.87450563333333
2026-07-21 08:00:00+00:00,27.62492893333333
2026-07-21 09:00:00+00:00,25.406638233333332
2026-07-21 10:00:00+00:00,23.699751433333333
2026-07-21 11:00:00+00:00,22.646252233333335
2026-07-21 12:00:00+00:00,23.783824333333328
2026-07-21 13:00:00+00:00,22.89766383333334
2026-07-21 14:00:00+00:00,23.578428233333334
2026-07-21 15:00:00+00:00,26.72516123333333
2026-07-21 16:00:00+00:00,31.97937383333334
2026-07-21 17:00:00+00:00,37.04680393333334
2026-07-21 18:00:00+00:00,38.39233393333333
2026-07-21 19:00:00+00:00,38.10400823333333
2026-07-21 20:00:00+00:00,38.85383133333333
2026-07-21 21:00:00+00:00,37.995039633333334
2026-07-21 22:00:00+00:00,34.97988218333333
2026-07-21 23:00:00+00:00,34.05785378333333
2026-07-22 00:00:00+00:00,31.158846183333335
2026-07-22 01:00:00+00:00,29.72262458333333
2026-07-22 02:00:00+00:00,29.537767083333335
2026-07-22 03:00:00+00:00,31.236463683333337
2026-07-22 04:00:00+00:00,33.24298928333333
2026-07-22 05:00:00+00:00,34.72163868333334
2026-07-22 06:00:00+00:00,34.834046183333335
2026-07-22 07:00:00+00:00,32.94579328333334
2026-07-22 08:00:00+00:00,30.10841108333334
2026-07-22 09:00:00+00:00,28.350396383333337
2026-07-22 10:00:00+00:00,26.884076083333333
2026-07-22 11:00:00+00:00,26.113371583333333
2026-07-22 12:00:00+00:00,27.273635983333335
2026-07-22 13:00:00+00:00,26.275286383333338
2026-07-22 14:00:00+00:00,26.728267783333333
2026-07-22 15:00:00+00:00,29.77044098333333
2026-07-22 16:00:00+00:00,35.01518968333333
2026-07-22 17:00:00+00:00,39.84148398333333
2026-07-22 18:00:00+00:00,40.83060378333334
2026-07-22 19:00:00+00:00,40.43575628333333
2026-07-22 20:00:00+00:00,40.88357018333333
2026-07-22 21:00:00+00:00,39.750261183333336
2026-07-22 22:00:00+00:00,36.12408848333333
2026-07-22 23:00:00+00:00,35.128549383333336
2026-07-23 00:00:00+00:00,32.102300183333334
2026-07-23 01:00:00+00:00,30.589703383333333
2026-07-23 02:00:00+00:00,30.306359983333333
2026-07-23 03:00:00+00:00,31.957151483333334
2026-07-23 04:00:00+00:00,34.080804083333334
2026-07-23 05:00:00+00:00,35.72171638333333
2026-07-23 06:00:00+00:00,35.519281383333336
2026-07-23 07:00:00+00:00,33.23234918333333
2026-07-23 08:00:00+00:00,30.435506283333332
2026-07-23 09:00:00+00:00,28.672954583333333
2026-07-23 10:00:00+00:00,27.047981083333333
2026-07-23 11:00:00+00:00,25.900788583333338
2026-07-23 12:00:00+00:00,27.017390883333338
2026-07-23 13:00:00+00:00,26.030607483333338
2026-07-23 14:00:00+00:00,26.607143883333332
2026-07-23 15:00:00+00:00,29.704302383333335
2026-07-23 16:00:00+00:00,34.864153583333334
2026-07-23 17:00:00+00:00,39.539074783333334
2026-07-23 18:00:00+00:00,40.53021508333333
2026-07-23 19:00:00+00:00,40.262901283333335
2026-07-23 20:00:00+00:00,40.821763483333335
2026-07-23 21:00:00+00:00,39.62062818333333
2026-07-23 22:00:00+00:00,36.36241865
2026-07-23 23:00:00+00:00,35.103687050000005
2026-07-24 00:00:00+00:00,32.24872455
2026-07-24 01:00:00+00:00,30.871588250000002
2026-07-24 02:00:00+00:00,30.65098735
2026-07-24 03:00:00+00:00,32.34920625
2026-07-24 04:00:00+00:00,34.13410035
2026-07-24 05:00:00+00:00,35.40635725
2026-07-24 06:00:00+00:00,34.964527249999996
2026-07-24 07:00:00+00:00,32.49241335
2026-07-24 08:00:00+00:00,29.35844975
2026-07-24 09:00:00+00:00,26.939095050000002
2026-07-24 10:00:00+00:00,25.55613265
2026-07-24 11:00:00+00:00,24.672078950000007
2026-07-24 12:00:00+00:00,26.246809050000003
2026-07-24 13:00:00+00:00,25.42139255
2026-07-24 14:00:00+00:00,26.192446649999997
2026-07-24 15:00:00+00:00,29.86033085
2026-07-24 16:00:00+00:00,35.237630949999996
2026-07-24 17:00:00+00:00,39.66922835
2026-07-24 18:00:00+00:00,40.44272825
2026-07-24 19:00:00+00:00,40.43732485
2026-07-24 20:00:00+00:00,41.12191895
2026-07-24 21:00:00+00:00,39.85048275
2026-07-24 22:00:00+00:00,36.54452788333333
2026-07-24 23:00:00+00:00,35.19813978333333
2026-07-25 00:00:00+00:00,32.05780048333334
2026-07-25 01:00:00+00:00,30.470971883333334
2026-07-25 02:00:00+00:00,29.921908883333337
2026-07-25 03:00:00+00:00,30.68195628333333
2026-07-25 04:00:00+00:00,30.639252383333332
2026-07-25 05:00:00+00:00,29.89527868333333
2026-07-25 06:00:00+00:00,28.922967683333333
2026-07-25 07:00:00+00:00,27.763008883333335
2026-07-25 08:00:00+00:00,27.812267883333334
2026-07-25 09:00:00+00:00,28.449501383333335
2026-07-25 10:00:00+00:00,28.72197548333333
2026-07-25 11:00:00+00:00,28.36920538333333
2026-07-25 12:00:00+00:00,29.349837683333334
2026-07-25 13:00:00+00:00,28.142528483333336
2026-07-25 14:00:00+00:00,26.791438783333334
2026-07-25 15:00:00+00:00,26.876494083333334
2026-07-25 16:00:00+00:00,30.90610518333333
2026-07-25 17:00:00+00:00,33.98771458333333
2026-07-25 18:00:00+00:00,34.27608668333333
2026-07-25 19:00:00+00:00,34.61078958333333
2026-07-25 20:00:00+00:00,36.026539283333335
2026-07-25 21:00:00+00:00,35.22383408333333
2026-07-25 22:00:00+00:00,31.65089711666667
2026-07-25 23:00:00+00:00,30.604757616666667
2026-07-26 00:00:00+00:00,27.549560216666666
2026-07-26 01:00:00+00:00,25.75679351666667
2026-07-26 02:00:00+00:00,24.836212216666667
2026-07-26 03:00:00+00:00,24.853995216666668
2026-07-26 04:00:00+00:00,24.008619216666666
2026-07-26 05:00:00+00:00,22.882307116666667
2026-07-26 06:00:00+00:00,21.252989416666672
2026-07-26 07:00:00+00:00,19.693918816666674
2026-07-26 08:00:00+00:00,18.28307671666667
2026-07-26 09:00:00+00:00,19.608323516666665
2026-07-26 10:00:00+00:00,21.84776501666667
2026-07-26 11:00:00+00:00,20.10598421666667
2026-07-26 12:00:00+00:00,19.621022916666675
2026-07-26 13:00:00+00:00,17.559062916666665
2026-07-26 14:00:00+00:00,14.738707116666667
2026-07-26 15:00:00+00:00,14.33534671666667
2026-07-26 16:00:00+00:00,19.981652716666666
2026-07-26 17:00:00+00:00,25.378698016666668
2026-07-26 18:00:00+00:00,27.499425916666667
2026-07-26 19:00:00+00:00,29.177793216666664
2026-07-26 20:00:00+00:00,31.738895216666663
2026-07-26 21:00:00+00:00,31.766372316666665
2026-07-26 22:00:00+00:00,31.612348833333332
2026-07-26 23:00:00+00:00,31.116366133333337
2026-07-27 00:00:00+00:00,28.926979033333332
2026-07-27 01:00:00+00:00,28.06339953333333
2026-07-27 02:00:00+00:00,28.513573833333332
2026-07-27 03:00:00+00:00,31.018147533333334
2026-07-27 04:00:00+00:00,33.92546563333333
2026-07-27 05:00:00+00:00,36.51509733333334
2026-07-27 06:00:00+00:00,36.94551653333333
2026-07-27 07:00:00+00:00,35.26506953333333
2026-07-27 08:00:00+00:00,32.890061833333334
2026-07-27 09:00:00+00:00,31.166686733333332
2026-07-27 10:00:00+00:00,31.53715563333333
2026-07-27 11:00:00+00:00,32.307939733333335
2026-07-27 12:00:00+00:00,33.73190123333333
2026-07-27 13:00:00+00:00,32.25682843333333
2026-07-27 14:00:00+00:00,30.400058533333336
2026-07-27 15:00:00+00:00,30.76581643333333
2026-07-27 16:00:00+00:00,37.196577633333334
2026-07-27 17:00:00+00:00,42.99005673333333
2026-07-27 18:00:00+00:00,44.273044733333336
2026-07-27 19:00:00+00:00,44.23719583333333
2026-07-27 20:00:00+00:00,45.171063733333334
2026-07-27 21:00:00+00:00,43.928899333333334
2026-07-27 22:00:00+00:00,40.6286609
2026-07-27 23:00:00+00:00,39.3130436
2026-07-28 00:00:00+00:00,36.0130578
2026-07-28 01:00:00+00:00,34.1382418
2026-07-28 02:00:00+00:00,33.401139300000004
2026-07-28 03:00:00+00:00,34.675292400000004
2026-07-28 04:00:00+00:00,36.061164000000005
2026-07-28 05:00:00+00:00,37.167112
2026-07-28 06:00:00+00:00,36.5459426
2026-07-28 07:00:00+00:00,34.15431100000001
2026-07-28 08:00:00+00:00,31.3218597
2026-07-28 09:00:00+00:00,29.3533227
2026-07-28 10:00:00+00:00,28.899591000000004
2026-07-28 11:00:00+00:00,27.8262399
2026-07-28 12:00:00+00:00,28.574119899999996
2026-07-28 13:00:00+00:00,27.815566500000003
2026-07-28 14:00:00+00:00,29.2881908
2026-07-28 15:00:00+00:00,32.316477500000005
2026-07-28 16:00:00+00:00,38.5333956
2026-07-28 17:00:00+00:00,45.0484175
2026-07-28 18:00:00+00:00,46.433764700000005
2026-07-28 19:00:00+00:00,45.439856
2026-07-28 20:00:00+00:00,46.1393999
2026-07-28 21:00:00+00:00,44.448042400000006
2026-07-28 22:00:00+00:00,40.70070065
2026-07-28 23:00:00+00:00,39.494667050000004
2026-07-29 00:00:00+00:00,36.39937105
2026-07-29 01:00:00+00:00,34.76365375
2026-07-29 02:00:00+00:00,34.24472455
2026-07-29 03:00:00+00:00,35.673866350000004
2026-07-29 04:00:00+00:00,36.89142215
2026-07-29 05:00:00+00:00,37.903604449999996
2026-07-29 06:00:00+00:00,37.35187475
2026-07-29 07:00:00+00:00,35.153320050000005
2026-07-29 08:00:00+00:00,32.32392215
2026-07-29 09:00:00+00:00,30.663151950000007
2026-07-29 10:00:00+00:00,29.831967250000005
2026-07-29 11:00:00+00:00,28.803628550000006
2026-07-29 12:00:00+00:00,29.601729050000003
2026-07-29 13:00:00+00:00,28.869449949999996
2026-07-29 14:00:00+00:00,30.23803655
2026-07-29 15:00:00+00:00,33.14561365
2026-07-29 16:00:00+00:00,39.24165555
2026-07-29 17:00:00+00:00,45.41384655
2026-07-29 18:00:00+00:00,46.688378650000004
2026-07-29 19:00:00+00:00,46.00066255
2026-07-29 20:00:00+00:00,46.93610895
2026-07-29 21:00:00+00:00,45.494443249999996
2026-07-29 22:00:00+00:00,39.701668633333334
2026-07-29 23:00:00+00:00,38.30735363333333
2026-07-30 00:00:00+00:00,34.67729683333333
2026-07-30 01:00:00+00:00,32.77521503333334
2026-07-30 02:00:00+00:00,32.04343453333333
2026-07-30 03:00:00+00:00,33.17297203333334
2026-07-30 04:00:00+00:00,34.73243853333334
2026-07-30 05:00:00+00:00,36.403719933333335
2026-07-30 06:00:00+00:00,37.04618583333333
2026-07-30 07:00:00+00:00,36.33228663333333
2026-07-30 08:00:00+00:00,34.50620753333333
2026-07-30 09:00:00+00:00,33.036132933333334
2026-07-30 10:00:00+00:00,32.579079533333335
2026-07-30 11:00:00+00:00,30.961616033333332
2026-07-30 12:00:00+00:00,31.845610933333333
2026-07-30 13:00:00+00:00,31.132115933333335
2026-07-30 14:00:00+00:00,32.13707933333333
2026-07-30 15:00:00+00:00,34.707690633333335
2026-07-30 16:00:00+00:00,39.68994013333333
2026-07-30 17:00:00+00:00,45.08204463333334
2026-07-30 18:00:00+00:00,45.75249933333333
2026-07-30 19:00:00+00:00,44.57393283333333
2026-07-30 20:00:00+00:00,45.37412213333334
2026-07-30 21:00:00+00:00,44.01511203333333
2026-07-30 22:00:00+00:00,38.64961835
2026-07-30 23:00:00+00:00,37.656142949999996
2026-07-31 00:00:00+00:00,34.29123505
2026-07-31 01:00:00+00:00,32.42393785
2026-07-31 02:00:00+00:00,31.896730249999997
2026-07-31 03:00:00+00:00,33.12385895
2026-07-31 04:00:00+00:00,34.48840645
2026-07-31 05:00:00+00:00,35.93064165
2026-07-31 06:00:00+00:00,36.874181050000004
2026-07-31 07:00:00+00:00,36.267054650000006
2026-07-31 08:00:00+00:00,34.81180395
2026-07-31 09:00:00+00:00,33.26083095
2026-07-31 10:00:00+00:00,32.53989715
2026-07-31 11:00:00+00:00,31.004823450000004
2026-07-31 12:00:00+00:00,31.322430649999998
2026-07-31 13:00:00+00:00,29.821698750000003
2026-07-31 14:00:00+00:00,30.08754755
2026-07-31 15:00:00+00:00,31.87819605
2026-07-31 16:00:00+00:00,35.78253755
2026-07-31 17:00:00+00:00,40.402930149999996
2026-07-31 18:00:00+00:00,40.25388744999999
2026-07-31 19:00:00+00:00,38.71357275
2026-07-31 20:00:00+00:00,39.735567249999995
2026-07-31 21:00:00+00:00,38.68670815
2026-07-31 22:00:00+00:00,36.06589356666667
2026-07-31 23:00:00+00:00,35.09372076666667
2026-08-01 00:00:00+00:00,31.736056866666665
2026-08-01 01:00:00+00:00,29.876074266666667
2026-08-01 02:00:00+00:00,29.186600766666672
2026-08-01 03:00:00+00:00,29.768893666666663
2026-08-01 04:00:00+00:00,30.110456266666667
2026-08-01 05:00:00+00:00,30.20192216666667
2026-08-01 06:00:00+00:00,29.301500766666663
2026-08-01 07:00:00+00:00,27.118003066666667
2026-08-01 08:00:00+00:00,24.953815366666667
2026-08-01 09:00:00+00:00,22.967651566666667
2026-08-01 10:00:00+00:00,24.696672666666668
2026-08-01 11:00:00+00:00,25.25303206666667
2026-08-01 12:00:00+00:00,25.936962666666666
2026-08-01 13:00:00+00:00,23.98177416666667
2026-08-01 14:00:00+00:00,22.82900746666667
2026-08-01 15:00:00+00:00,25.448345166666673
2026-08-01 16:00:00+00:00,30.616880566666666
2026-08-01 17:00:00+00:00,36.18641576666667
2026-08-01 18:00:00+00:00,36.82940036666666
2026-08-01 19:00:00+00:00,35.50015996666667
2026-08-01 20:00:00+00:00,36.24104776666667
2026-08-01 21:00:00+00:00,34.97172796666666
2026-08-01 22:00:00+00:00,31.74801743333333
2026-08-01 23:00:00+00:00,30.852020233333334
2026-08-02 00:00:00+00:00,27.81933683333333
2026-08-02 01:00:00+00:00,26.08911373333333
2026-08-02 02:00:00+00:00,25.471912833333334
2026-08-02 03:00:00+00:00,25.86079863333333
2026-08-02 04:00:00+00:00,25.857168933333334
2026-08-02 05:00:00+00:00,25.386385533333335
2026-08-02 06:00:00+00:00,24.193312433333336
2026-08-02 07:00:00+00:00,22.012061133333333
2026-08-02 08:00:00+00:00,19.82406723333333
2026-08-02 09:00:00+00:00,20.346549133333337
2026-08-02 10:00:00+00:00,22.262349333333333
2026-08-02 11:00:00+00:00,20.78775353333333
2026-08-02 12:00:00+00:00,21.474767233333335
2026-08-02 13:00:00+00:00,21.076263633333333
2026-08-02 14:00:00+00:00,20.279114433333334
2026-08-02 15:00:00+00:00,22.108499133333332
2026-08-02 16:00:00+00:00,28.448161133333336
2026-08-02 17:00:00+00:00,34.60648763333333
2026-08-02 18:00:00+00:00,36.21635843333333
2026-08-02 19:00:00+00:00,36.01803623333333
2026-08-02 20:00:00+00:00,36.908026633333336
2026-08-02 21:00:00+00:00,35.37325753333333
2026-08-02 22:00:00+00:00,35.03116525
2026-08-02 23:00:00+00:00,34.29584045
2026-08-03 00:00:00+00:00,31.507775949999996
2026-08-03 01:00:00+00:00,30.305308349999997
2026-08-03 02:00:00+00:00,30.37209315
2026-08-03 03:00:00+00:00,32.07703175
2026-08-03 04:00:00+00:00,33.88549395
2026-08-03 05:00:00+00:00,35.10057145
2026-08-03 06:00:00+00:00,35.66260135
2026-08-03 07:00:00+00:00,34.22033195
2026-08-03 08:00:00+00:00,32.05946285
2026-08-03 09:00:00+00:00,30.553379350000004
2026-08-03 10:00:00+00:00,29.750519450000002
2026-08-03 11:00:00+00:00,28.097063849999998
2026-08-03 12:00:00+00:00,28.99938315
2026-08-03 13:00:00+00:00,28.66168175
2026-08-03 14:00:00+00:00,29.63911505
2026-08-03 15:00:00+00:00,32.71331255
2026-08-03 16:00:00+00:00,37.58360725
2026-08-03 17:00:00+00:00,42.46917095
2026-08-03 18:00:00+00:00,42.70894495
2026-08-03 19:00:00+00:00,42.05151675
2026-08-03 20:00:00+00:00,42.852095049999996
2026-08-03 21:00:00+00:00,41.54715805
2026-08-03 22:00:00+00:00,37.2220937
2026-08-03 23:00:00+00:00,36.17837850000001
2026-08-04 00:00:00+00:00,32.9696203
2026-08-04 01:00:00+00:00,31.360015600000004
2026-08-04 02:00:00+00:00,31.0027794
2026-08-04 03:00:00+00:00,32.3072567
2026-08-04 04:00:00+00:00,34.0477878
2026-08-04 05:00:00+00:00,35.193743399999995
2026-08-04 06:00:00+00:00,35.6586481
2026-08-04 07:00:00+00:00,34.1760223
2026-08-04 08:00:00+00:00,32.1578425
2026-08-04 09:00:00+00:00,30.354002199999996
2026-08-04 10:00:00+00:00,28.7621313
2026-08-04 11:00:00+00:00,26.415775299999996
2026-08-04 12:00:00+00:00,26.998691699999995
2026-08-04 13:00:00+00:00,26.210048500000003
2026-08-04 14:00:00+00:00,26.5944994
2026-08-04 15:00:00+00:00,29.335378599999995
2026-08-04 16:00:00+00:00,34.2369984
2026-08-04 17:00:00+00:00,39.1240977
2026-08-04 18:00:00+00:00,39.893664199999996
2026-08-04 19:00:00+00:00,39.779615799999995
2026-08-04 20:00:00+00:00,41.019318
2026-08-04 21:00:00+00:00,39.9811562
2026-08-04 22:00:00+00:00,35.734771916666666
2026-08-04 23:00:00+00:00,34.64141361666667
2026-08-05 00:00:00+00:00,31.46735811666667
2026-08-05 01:00:00+00:00,29.840926316666664
2026-08-05 02:00:00+00:00,29.37282031666667
2026-08-05 03:00:00+00:00,30.602272816666662
2026-08-05 04:00:00+00:00,32.19731431666667
2026-08-05 05:00:00+00:00,33.15141691666667
2026-08-05 06:00:00+00:00,33.20306551666667
2026-08-05 07:00:00+00:00,31.048866616666665
2026-08-05 08:00:00+00:00,28.629140516666666
2026-08-05 09:00:00+00:00,27.07520871666667
2026-08-05 10:00:00+00:00,25.969071716666665
2026-08-05 11:00:00+00:00,24.132245416666667
2026-08-05 12:00:00+00:00,25.04649931666667
2026-08-05 13:00:00+00:00,24.54950841666667
2026-08-05 14:00:00+00:00,24.876593016666668
2026-08-05 15:00:00+00:00,27.548996216666673
2026-08-05 16:00:00+00:00,32.52655321666667
2026-08-05 17:00:00+00:00,37.39579951666667
2026-08-05 18:00:00+00:00,38.10271961666667
2026-08-05 19:00:00+00:00,37.68184451666667
2026-08-05 20:00:00+00:00,38.863083616666664
2026-08-05 21:00:00+00:00,38.16474111666667
2026-08-05 22:00:00+00:00,35.001604150000006
2026-08-05 23:00:00+00:00,34.31638545
2026-08-06 00:00:00+00:00,31.349411350000004
2026-08-06 01:00:00+00:00,29.77019265
2026-08-06 02:00:00+00:00,29.58076845
2026-08-06 03:00:00+00:00,30.93297915
2026-08-06 04:00:00+00:00,32.68370795
2026-08-06 05:00:00+00:00,33.64568415
2026-08-06 06:00:00+00:00,33.77369315
2026-08-06 07:00:00+00:00,31.656861649999996
2026-08-06 08:00:00+00:00,29.14127905
2026-08-06 09:00:00+00:00,27.221833450000002
2026-08-06 10:00:00+00:00,26.09566695
2026-08-06 11:00:00+00:00,24.031057550000003
2026-08-06 12:00:00+00:00,24.898477250000003
2026-08-06 13:00:00+00:00,24.194550949999996
2026-08-06 14:00:00+00:00,24.813061150000003
2026-08-06 15:00:00+00:00,28.06487855
2026-08-06 16:00:00+00:00,33.57346575
2026-08-06 17:00:00+00:00,39.048528850000004
2026-08-06 18:00:00+00:00,39.797361249999994
2026-08-06 19:00:00+00:00,39.02815005
2026-08-06 20:00:00+00:00,39.27368665
2026-08-06 21:00:00+00:00,38.14857155
2026-08-06 22:00:00+00:00,33.552284783333334
2026-08-06 23:00:00+00:00,32.540217283333334
2026-08-07 00:00:00+00:00,29.30999368333334
2026-08-07 01:00:00+00:00,27.58984938333333
2026-08-07 02:00:00+00:00,27.185342983333335
2026-08-07 03:00:00+00:00,28.635765283333335
2026-08-07 04:00:00+00:00,30.194798683333335
2026-08-07 05:00:00+00:00,31.00044238333333
2026-08-07 06:00:00+00:00,31.131283383333336
2026-08-07 07:00:00+00:00,29.04871648333333
2026-08-07 08:00:00+00:00,26.53438358333333
2026-08-07 09:00:00+00:00,24.64768598333334
2026-08-07 10:00:00+00:00,24.12942028333333
2026-08-07 11:00:00+00:00,22.668160383333333
2026-08-07 12:00:00+00:00,23.821778483333336
2026-08-07 13:00:00+00:00,23.20229438333333
2026-08-07 14:00:00+00:00,24.469283883333333
2026-08-07 15:00:00+00:00,27.91587588333333
2026-08-07 16:00:00+00:00,33.27636498333334
2026-08-07 17:00:00+00:00,38.57418008333334
2026-08-07 18:00:00+00:00,39.51409628333333
2026-08-07 19:00:00+00:00,38.70887798333334
2026-08-07 20:00:00+00:00,38.73263468333333
2026-08-07 21:00:00+00:00,37.460586383333336
2026-08-07 22:00:00+00:00,32.20583768333333
2026-08-07 23:00:00+00:00,31.04629328333333
2026-08-08 00:00:00+00:00,27.631204083333337
2026-08-08 01:00:00+00:00,25.569379583333333
2026-08-08 02:00:00+00:00,24.75980828333333
2026-08-08 03:00:00+00:00,25.214014783333333
2026-08-08 04:00:00+00:00,25.436359783333334
2026-08-08 05:00:00+00:00,25.15927488333334
2026-08-08 06:00:00+00:00,24.454088183333333
2026-08-08 07:00:00+00:00,22.68417178333334
2026-08-08 08:00:00+00:00,20.644021883333334
2026-08-08 09:00:00+00:00,18.968862883333333
2026-08-08 10:00:00+00:00,21.106903683333332
2026-08-08 11:00:00+00:00,22.17003998333334
2026-08-08 12:00:00+00:00,23.27470418333333
2026-08-08 13:00:00+00:00,22.709501683333333
2026-08-08 14:00:00+00:00,22.34203378333333
2026-08-08 15:00:00+00:00,24.611111683333334
2026-08-08 16:00:00+00:00,30.748215483333333
2026-08-08 17:00:00+00:00,36.39443128333333
2026-08-08 18:00:00+00:00,37.76420038333333
2026-08-08 19:00:00+00:00,37.73502678333334
2026-08-08 20:00:00+00:00,38.59198648333333
2026-08-08 21:00:00+00:00,37.78790698333333
2026-08-08 22:00:00+00:00,35.7769576
2026-08-08 23:00:00+00:00,34.6504009
2026-08-09 00:00:00+00:00,31.3930092
2026-08-09 01:00:00+00:00,29.498348
2026-08-09 02:00:00+00:00,28.724930399999998
2026-08-09 03:00:00+00:00,28.923184399999997
2026-08-09 04:00:00+00:00,28.810334
2026-08-09 05:00:00+00:00,28.0287733
2026-08-09 06:00:00+00:00,26.960366900000004
2026-08-09 07:00:00+00:00,25.1083631
2026-08-09 08:00:00+00:00,23.296493100000003
2026-08-09 09:00:00+00:00,22.119855899999997
2026-08-09 10:00:00+00:00,22.098620000000007
2026-08-09 11:00:00+00:00,20.606640499999994
2026-08-09 12:00:00+00:00,21.293414700000003
2026-08-09 13:00:00+00:00,20.4802767
2026-08-09 14:00:00+00:00,21.8614215
2026-08-09 15:00:00+00:00,25.499330799999996
2026-08-09 16:00:00+00:00,31.0331101
2026-08-09 17:00:00+00:00,36.806235400000006
2026-08-09 18:00:00+00:00,38.590271900000005
2026-08-09 19:00:00+00:00,39.1323855
2026-08-09 20:00:00+00:00,39.858867200000006
2026-08-09 21:00:00+00:00,38.8757401
2026-08-09 22:00:00+00:00,34.224529016666665
2026-08-09 23:00:00+00:00,33.18077961666667
2026-08-10 00:00:00+00:00,29.937666516666667
2026-08-10 01:00:00+00:00,28.385971616666666
2026-08-10 02:00:00+00:00,28.039429616666666
2026-08-10 03:00:00+00:00,29.368443916666664
2026-08-10 04:00:00+00:00,31.100259616666662
2026-08-10 05:00:00+00:00,32.15885861666666
2026-08-10 06:00:00+00:00,32.47660191666667
2026-08-10 07:00:00+00:00,30.964001816666666
2026-08-10 08:00:00+00:00,28.68593841666667
2026-08-10 09:00:00+00:00,26.99173161666667
2026-08-10 10:00:00+00:00,26.73536461666667
2026-08-10 11:00:00+00:00,25.559857516666664
2026-08-10 12:00:00+00:00,26.941179016666666
2026-08-10 13:00:00+00:00,26.504296516666674
2026-08-10 14:00:00+00:00,27.82383451666667
2026-08-10 15:00:00+00:00,30.82644741666667
2026-08-10 16:00:00+00:00,35.928846416666666
2026-08-10 17:00:00+00:00,40.62179111666667
2026-08-10 18:00:00+00:00,41.08095821666667
2026-08-10 19:00:00+00:00,39.87910541666667
2026-08-10 20:00:00+00:00,39.31464531666666
2026-08-10 21:00:00+00:00,37.377892116666665
2026-08-10 22:00:00+00:00,32.64290416666667
2026-08-10 23:00:00+00:00,31.616892466666666
2026-08-11 00:00:00+00:00,28.33062876666667
2026-08-11 01:00:00+00:00,26.64658566666667
2026-08-11 02:00:00+00:00,26.17518086666667
2026-08-11 03:00:00+00:00,27.51126126666667
2026-08-11 04:00:00+00:00,29.014767466666665
2026-08-11 05:00:00+00:00,30.053472366666668
2026-08-11 06:00:00+00:00,30.24293396666667
2026-08-11 07:00:00+00:00,28.819416866666664
2026-08-11 08:00:00+00:00,26.904619466666666
2026-08-11 09:00:00+00:00,25.26777516666667
2026-08-11 10:00:00+00:00,24.650841966666672
2026-08-11 11:00:00+00:00,23.601346766666666
2026-08-11 12:00:00+00:00,25.263221666666663
2026-08-11 13:00:00+00:00,25.21792316666666
2026-08-11 14:00:00+00:00,26.767624466666668
2026-08-11 15:00:00+00:00,29.736176366666665
2026-08-11 16:00:00+00:00,34.578060666666666
2026-08-11 17:00:00+00:00,39.023044166666665
2026-08-11 18:00:00+00:00,39.42644946666667
2026-08-11 19:00:00+00:00,38.222092366666665
2026-08-11 20:00:00+00:00,37.54565516666667
2026-08-11 21:00:00+00:00,35.45430506666666
2026-08-11 22:00:00+00:00,31.54699696666667
2026-08-11 23:00:00+00:00,30.80242176666667
2026-08-12 00:00:00+00:00,27.796378066666666
2026-08-12 01:00:00+00:00,26.521758366666667
2026-08-12 02:00:00+00:00,26.426158866666665
2026-08-12 03:00:00+00:00,27.97386096666667
2026-08-12 04:00:00+00:00,29.637657966666673
2026-08-12 05:00:00+00:00,30.67994746666667
2026-08-12 06:00:00+00:00,30.817466666666668
2026-08-12 07:00:00+00:00,29.285871766666673
2026-08-12 08:00:00+00:00,27.46651276666667
2026-08-12 09:00:00+00:00,26.099817566666665
2026-08-12 10:00:00+00:00,25.555886466666667
2026-08-12 11:00:00+00:00,24.490670966666666
2026-08-12 12:00:00+00:00,26.260001666666668
2026-08-12 13:00:00+00:00,25.993815366666666
2026-08-12 14:00:00+00:00,27.52171106666667
2026-08-12 15:00:00+00:00,31.05072226666667
2026-08-12 16:00:00+00:00,36.22472726666666
2026-08-12 17:00:00+00:00,41.045125166666665
2026-08-12 18:00:00+00:00,41.55540716666667
2026-08-12 19:00:00+00:00,39.928740966666666
2026-08-12 20:00:00+00:00,39.119717566666665
2026-08-12 21:00:00+00:00,37.01753766666667
2026-08-12 22:00:00+00:00,36.043016316666666
2026-08-12 23:00:00+00:00,35.47192961666667
2026-08-13 00:00:00+00:00,32.75976431666667
2026-08-13 01:00:00+00:00,31.65985331666667
2026-08-13 02:00:00+00:00,31.53112651666667
2026-08-13 03:00:00+00:00,32.930979416666666
2026-08-13 04:00:00+00:00,34.68065661666667
2026-08-13 05:00:00+00:00,35.58972731666667
2026-08-13 06:00:00+00:00,35.101378016666665
2026-08-13 07:00:00+00:00,33.026472416666664
2026-08-13 08:00:00+00:00,30.697490716666668
2026-08-13 09:00:00+00:00,28.61958441666667
2026-08-13 10:00:00+00:00,27.77369361666667
2026-08-13 11:00:00+00:00,26.37256901666667
2026-08-13 12:00:00+00:00,28.031520616666665
2026-08-13 13:00:00+00:00,27.965314016666664
2026-08-13 14:00:00+00:00,29.698600416666665
2026-08-13 15:00:00+00:00,33.39531671666667
2026-08-13 16:00:00+00:00,38.855019716666675
2026-08-13 17:00:00+00:00,43.10359231666666
2026-08-13 18:00:00+00:00,43.66375811666666
2026-08-13 19:00:00+00:00,43.26942581666667
2026-08-13 20:00:00+00:00,42.708666816666664
2026-08-13 21:00:00+00:00,40.65901911666667
2026-08-13 22:00:00+00:00,37.40825878333334
2026-08-13 23:00:00+00:00,36.875076283333335
2026-08-14 00:00:00+00:00,33.94231248333333
2026-08-14 01:00:00+00:00,32.756971183333334
2026-08-14 02:00:00+00:00,32.61403168333334
2026-08-14 03:00:00+00:00,34.110694683333335
2026-08-14 04:00:00+00:00,35.86917538333333
2026-08-14 05:00:00+00:00,36.520737483333335
2026-08-14 06:00:00+00:00,35.801622083333335
2026-08-14 07:00:00+00:00,33.531130383333334
2026-08-14 08:00:00+00:00,31.051769883333332
2026-08-14 09:00:00+00:00,28.845300083333335
2026-08-14 10:00:00+00:00,27.91454158333333
2026-08-14 11:00:00+00:00,26.466946883333335
2026-08-14 12:00:00+00:00,28.13279958333334
2026-08-14 13:00:00+00:00,27.975729183333335
2026-08-14 14:00:00+00:00,29.666510183333337
2026-08-14 15:00:00+00:00,33.38440728333334
2026-08-14 16:00:00+00:00,38.32881368333333
2026-08-14 17:00:00+00:00,41.50139588333334
2026-08-14 18:00:00+00:00,41.57943358333334
2026-08-14 19:00:00+00:00,41.639870083333335
2026-08-14 20:00:00+00:00,41.67826168333333
2026-08-14 21:00:00+00:00,39.90279068333333
2026-08-14 22:00:00+00:00,36.54325491666667
2026-08-14 23:00:00+00:00,35.579872816666665
2026-08-15 00:00:00+00:00,32.087594016666664
2026-08-15 01:00:00+00:00,30.353196116666666
2026-08-15 02:00:00+00:00,29.650208616666667
2026-08-15 03:00:00+00:00,30.28440331666667
2026-08-15 04:00:00+00:00,30.886157816666667
2026-08-15 05:00:00+00:00,30.43505761666667
2026-08-15 06:00:00+00:00,28.90091351666667
2026-08-15 07:00:00+00:00,26.628992216666667
2026-08-15 08:00:00+00:00,24.818616516666665
2026-08-15 09:00:00+00:00,23.59540661666667
2026-08-15 10:00:00+00:00,23.418249716666672
2026-08-15 11:00:00+00:00,22.43340511666667
2026-08-15 12:00:00+00:00,24.175630916666666
2026-08-15 13:00:00+00:00,24.042217316666665
2026-08-15 14:00:00+00:00,25.47589081666667
2026-08-15 15:00:00+00:00,28.575373516666666
2026-08-15 16:00:00+00:00,33.10871431666666
2026-08-15 17:00:00+00:00,36.62477881666666
2026-08-15 18:00:00+00:00,37.251749116666666
2026-08-15 19:00:00+00:00,37.72132021666667
2026-08-15 20:00:00+00:00,38.282337016666666
2026-08-15 21:00:00+00:00,36.94275201666667
2026-08-15 22:00:00+00:00,32.92806143333333
2026-08-15 23:00:00+00:00,32.313208933333335
2026-08-16 00:00:00+00:00,29.15516273333333
2026-08-16 01:00:00+00:00,27.84351243333333
2026-08-16 02:00:00+00:00,27.28359233333334
2026-08-16 03:00:00+00:00,27.77774703333333
2026-08-16 04:00:00+00:00,28.304413233333335
2026-08-16 05:00:00+00:00,27.567460733333334
2026-08-16 06:00:00+00:00,26.55540793333333
2026-08-16 07:00:00+00:00,24.802778933333332
2026-08-16 08:00:00+00:00,23.368642533333336
2026-08-16 09:00:00+00:00,22.398776733333335
2026-08-16 10:00:00+00:00,22.029869433333335
2026-08-16 11:00:00+00:00,20.54025573333334
2026-08-16 12:00:00+00:00,21.588579133333337
2026-08-16 13:00:00+00:00,21.385384933333338
2026-08-16 14:00:00+00:00,22.300324433333333
2026-08-16 15:00:00+00:00,25.664073033333338
2026-08-16 16:00:00+00:00,30.695290933333332
2026-08-16 17:00:00+00:00,34.06534503333334
2026-08-16 18:00:00+00:00,34.29833943333333
2026-08-16 19:00:00+00:00,35.300985733333334
2026-08-16 20:00:00+00:00,35.86939783333333
2026-08-16 21:00:00+00:00,34.76686973333334
2026-08-16 22:00:00+00:00,32.05419355
2026-08-16 23:00:00+00:00,31.17513805
2026-08-17 00:00:00+00:00,28.10485225
2026-08-17 01:00:00+00:00,26.75077225
2026-08-17 02:00:00+00:00,26.407568249999997
2026-08-17 03:00:00+00:00,27.632637349999996
2026-08-17 04:00:00+00:00,29.650009349999998
2026-08-17 05:00:00+00:00,30.555811849999998
2026-08-17 06:00:00+00:00,30.93669035
2026-08-17 07:00:00+00:00,29.480527449999997
2026-08-17 08:00:00+00:00,27.46648485
2026-08-17 09:00:00+00:00,25.684826349999998
2026-08-17 10:00:00+00:00,24.47958805
2026-08-17 11:00:00+00:00,22.465348050000006
2026-08-17 12:00:00+00:00,22.961408750000004
2026-08-17 13:00:00+00:00,22.28269505
2026-08-17 14:00:00+00:00,22.64044335
2026-08-17 15:00:00+00:00,25.622631350000002
2026-08-17 16:00:00+00:00,30.610958349999997
2026-08-17 17:00:00+00:00,34.69407315
2026-08-17 18:00:00+00:00,34.96670605
2026-08-17 19:00:00+00:00,35.578146849999996
2026-08-17 20:00:00+00:00,35.90489865
2026-08-17 21:00:00+00:00,34.58641305
2026-08-17 22:00:00+00:00,34.34758813333333
2026-08-17 23:00:00+00:00,33.70199003333333
2026-08-18 00:00:00+00:00,30.565941833333337
2026-08-18 01:00:00+00:00,28.994772533333332
2026-08-18 02:00:00+00:00,28.435283133333332
2026-08-18 03:00:00+00:00,29.301666633333333
2026-08-18 04:00:00+00:00,30.969051133333334
2026-08-18 05:00:00+00:00,31.36748383333333
2026-08-18 06:00:00+00:00,30.961182633333337
2026-08-18 07:00:00+00:00,28.356811033333333
2026-08-18 08:00:00+00:00,25.406186233333333
2026-08-18 09:00:00+00:00,23.154387433333333
2026-08-18 10:00:00+00:00,22.028703133333334
2026-08-18 11:00:00+00:00,20.300426433333328
2026-08-18 12:00:00+00:00,21.264456733333336
2026-08-18 13:00:00+00:00,20.97489593333334
2026-08-18 14:00:00+00:00,21.643206633333335
2026-08-18 15:00:00+00:00,25.378381833333336
2026-08-18 16:00:00+00:00,31.137694433333333
2026-08-18 17:00:00+00:00,35.906342833333326
2026-08-18 18:00:00+00:00,36.74433633333334
2026-08-18 19:00:00+00:00,37.53615153333334
2026-08-18 20:00:00+00:00,38.125051633333335
2026-08-18 21:00:00+00:00,36.78867743333333
2026-08-18 22:00:00+00:00,33.20758758333333
2026-08-18 23:00:00+00:00,32.666015783333336
2026-08-19 00:00:00+00:00,29.518623483333332
2026-08-19 01:00:00+00:00,27.848408283333335
2026-08-19 02:00:00+00:00,27.19917548333333
2026-08-19 03:00:00+00:00,28.175985683333334
2026-08-19 04:00:00+00:00,29.960461583333334
2026-08-19 05:00:00+00:00,30.611247383333335
2026-08-19 06:00:00+00:00,30.388730683333335
2026-08-19 07:00:00+00:00,28.42565128333333
2026-08-19 08:00:00+00:00,26.18906278333333
2026-08-19 09:00:00+00:00,24.490532683333335
2026-08-19 10:00:00+00:00,23.66021818333334
2026-08-19 11:00:00+00:00,22.104461583333332
2026-08-19 12:00:00+00:00,23.19263188333333
2026-08-19 13:00:00+00:00,23.113952883333337
2026-08-19 14:00:00+00:00,23.85324118333334
2026-08-19 15:00:00+00:00,27.462444483333332
2026-08-19 16:00:00+00:00,32.89830598333333
2026-08-19 17:00:00+00:00,36.99489928333333
2026-08-19 18:00:00+00:00,37.19672658333334
2026-08-19 19:00:00+00:00,37.523922983333335
2026-08-19 20:00:00+00:00,37.75538468333333
2026-08-19 21:00:00+00:00,36.36320478333333
2026-08-19 22:00:00+00:00,32.66813228333333
2026-08-19 23:00:00+00:00,31.945147883333334
2026-08-20 00:00:00+00:00,28.789403183333334
2026-08-20 01:00:00+00:00,27.103478983333332
2026-08-20 02:00:00+00:00,26.38239288333334
2026-08-20 03:00:00+00:00,27.443371683333332
2026-08-20 04:00:00+00:00,29.101666983333335
2026-08-20 05:00:00+00:00,29.988709883333335
2026-08-20 06:00:00+00:00,30.470170183333334
2026-08-20 07:00:00+00:00,29.185756883333333
2026-08-20 08:00:00+00:00,27.23605148333333
2026-08-20 09:00:00+00:00,25.506098883333333
2026-08-20 10:00:00+00:00,24.675009583333335
2026-08-20 11:00:00+00:00,23.08955088333333
2026-08-20 12:00:00+00:00,23.898718783333337
2026-08-20 13:00:00+00:00,23.21781898333333
2026-08-20 14:00:00+00:00,23.73456068333333
2026-08-20 15:00:00+00:00,26.668597883333337
2026-08-20 16:00:00+00:00,31.642910383333334
2026-08-20 17:00:00+00:00,36.16143838333333
2026-08-20 18:00:00+00:00,36.81451928333333
2026-08-20 19:00:00+00:00,37.271842983333336
2026-08-20 20:00:00+00:00,37.66752998333333
2026-08-20 21:00:00+00:00,36.48229368333333
2026-08-20 22:00:00+00:00,34.034503916666665
2026-08-20 23:00:00+00:00,33.310549216666665
2026-08-21 00:00:00+00:00,30.42275131666667
2026-08-21 01:00:00+00:00,28.86097841666667
2026-08-21 02:00:00+00:00,28.18468291666667
2026-08-21 03:00:00+00:00,28.99727261666667
2026-08-21 04:00:00+00:00,30.748983016666664
2026-08-21 05:00:00+00:00,31.630266116666668
2026-08-21 06:00:00+00:00,32.51990091666667
2026-08-21 07:00:00+00:00,31.404862116666663
2026-08-21 08:00:00+00:00,29.464667416666664
2026-08-21 09:00:00+00:00,27.541921016666667
2026-08-21 10:00:00+00:00,26.46314091666667
2026-08-21 11:00:00+00:00,24.496542016666673
2026-08-21 12:00:00+00:00,24.544256016666665
2026-08-21 13:00:00+00:00,23.133749616666673
2026-08-21 14:00:00+00:00,23.39414071666667
2026-08-21 15:00:00+00:00,25.586243316666664
2026-08-21 16:00:00+00:00,30.385313716666666
2026-08-21 17:00:00+00:00,35.138682816666666
2026-08-21 18:00:00+00:00,35.76440251666667
2026-08-21 19:00:00+00:00,36.074368316666664
2026-08-21 20:00:00+00:00,36.63450721666666
2026-08-21 21:00:00+00:00,35.956645316666666
2026-08-21 22:00:00+00:00,34.7804103
2026-08-21 23:00:00+00:00,33.590082699999996
2026-08-22 00:00:00+00:00,30.557912900000005
2026-08-22 01:00:00+00:00,28.742149800000004
2026-08-22 02:00:00+00:00,27.825079199999998
2026-08-22 03:00:00+00:00,28.1604781
2026-08-22 04:00:00+00:00,28.7799339
2026-08-22 05:00:00+00:00,28.339347599999996
2026-08-22 06:00:00+00:00,27.213922900000004
2026-08-22 07:00:00+00:00,24.1795745
2026-08-22 08:00:00+00:00,21.248252100000002
2026-08-22 09:00:00+00:00,19.2843292
2026-08-22 10:00:00+00:00,18.433446099999998
2026-08-22 11:00:00+00:00,17.135088299999996
2026-08-22 12:00:00+00:00,18.0465911
2026-08-22 13:00:00+00:00,18.063800399999998
2026-08-22 14:00:00+00:00,19.6000451
2026-08-22 15:00:00+00:00,22.742347900000002
2026-08-22 16:00:00+00:00,27.991098700000002
2026-08-22 17:00:00+00:00,32.7843124
2026-08-22 18:00:00+00:00,33.3084578
2026-08-22 19:00:00+00:00,33.201520900000006
2026-08-22 20:00:00+00:00,32.7909068
2026-08-22 21:00:00+00:00,31.739278199999998
2026-08-22 22:00:00+00:00,28.979126033333337
2026-08-22 23:00:00+00:00,27.853209533333334
2026-08-23 00:00:00+00:00,24.884804833333334
2026-08-23 01:00:00+00:00,23.322678733333333
2026-08-23 02:00:00+00:00,22.46551253333333
2026-08-23 03:00:00+00:00,22.497583833333334
2026-08-23 04:00:00+00:00,22.688441333333337
2026-08-23 05:00:00+00:00,21.983095133333336
2026-08-23 06:00:00+00:00,20.823459333333336
2026-08-23 07:00:00+00:00,18.287522733333336
2026-08-23 08:00:00+00:00,15.893399733333336
2026-08-23 09:00:00+00:00,14.302530633333337
2026-08-23 10:00:00+00:00,13.560137533333329
2026-08-23 11:00:00+00:00,11.970263833333334
2026-08-23 12:00:00+00:00,12.19808153333333
2026-08-23 13:00:00+00:00,11.868690633333333
2026-08-23 14:00:00+00:00,13.312894833333331
2026-08-23 15:00:00+00:00,16.803982833333333
2026-08-23 16:00:00+00:00,22.758086333333335
2026-08-23 17:00:00+00:00,28.51560753333333
2026-08-23 18:00:00+00:00,29.52621673333334
2026-08-23 19:00:00+00:00,29.88890383333333
2026-08-23 20:00:00+00:00,29.42141863333333
2026-08-23 21:00:00+00:00,28.114228333333337
2026-08-23 22:00:00+00:00,22.736434600000003
2026-08-23 23:00:00+00:00,21.7894117
2026-08-24 00:00:00+00:00,18.991726
2026-08-24 01:00:00+00:00,17.433995900000003
2026-08-24 02:00:00+00:00,17.3606507
2026-08-24 03:00:00+00:00,18.925138099999998
2026-08-24 04:00:00+00:00,21.119833
2026-08-24 05:00:00+00:00,22.6709885
2026-08-24 06:00:00+00:00,23.473531
2026-08-24 07:00:00+00:00,22.0531055
2026-08-24 08:00:00+00:00,19.9129888
2026-08-24 09:00:00+00:00,18.753466700000004
2026-08-24 10:00:00+00:00,17.863527599999998
2026-08-24 11:00:00+00:00,16.8742704
2026-08-24 12:00:00+00:00,18.731478700000004
2026-08-24 13:00:00+00:00,19.581207499999998
2026-08-24 14:00:00+00:00,21.2691314
2026-08-24 15:00:00+00:00,23.9652807
2026-08-24 16:00:00+00:00,28.803860300000004
2026-08-24 17:00:00+00:00,33.0542022
2026-08-24 18:00:00+00:00,32.9486387
2026-08-24 19:00:00+00:00,33.01617340000001
2026-08-24 20:00:00+00:00,32.9601484
2026-08-24 21:00:00+00:00,31.9396985
2026-08-24 22:00:00+00:00,28.81630005
2026-08-24 23:00:00+00:00,28.561611149999997
2026-08-25 00:00:00+00:00,26.51049905
2026-08-25 01:00:00+00:00,25.476070050000004
2026-08-25 02:00:00+00:00,25.60556435
2026-08-25 03:00:00+00:00,27.203985349999996
2026-08-25 04:00:00+00:00,29.752327249999997
2026-08-25 05:00:00+00:00,31.607454250000004
2026-08-25 06:00:00+00:00,32.42992385
2026-08-25 07:00:00+00:00,30.50713855
2026-08-25 08:00:00+00:00,28.03527895
2026-08-25 09:00:00+00:00,26.83749525
2026-08-25 10:00:00+00:00,25.645472350000002
2026-08-25 11:00:00+00:00,24.494371649999998
2026-08-25 12:00:00+00:00,26.01301105
2026-08-25 13:00:00+00:00,25.974214449999998
2026-08-25 14:00:00+00:00,27.09809545
2026-08-25 15:00:00+00:00,29.67819445
2026-08-25 16:00:00+00:00,34.431821150000005
2026-08-25 17:00:00+00:00,38.729055450000004
2026-08-25 18:00:00+00:00,38.52876965
2026-08-25 19:00:00+00:00,38.51144645
2026-08-25 20:00:00+00:00,38.362240150000005
2026-08-25 21:00:00+00:00,37.11509305
2026-08-25 22:00:00+00:00,36.25799618333333
2026-08-25 23:00:00+00:00,35.12890538333333
2026-08-26 00:00:00+00:00,32.584412183333335
2026-08-26 01:00:00+00:00,31.106664783333336
2026-08-26 02:00:00+00:00,30.794143883333337
2026-08-26 03:00:00+00:00,32.13230398333333
2026-08-26 04:00:00+00:00,34.41346888333333
2026-08-26 05:00:00+00:00,35.83537268333333
2026-08-26 06:00:00+00:00,36.27496528333333
2026-08-26 07:00:00+00:00,34.22350028333334
2026-08-26 08:00:00+00:00,31.32952578333333
2026-08-26 09:00:00+00:00,29.749583683333334
2026-08-26 10:00:00+00:00,28.709489283333337
2026-08-26 11:00:00+00:00,27.204936183333334
2026-08-26 12:00:00+00:00,28.378101183333335
2026-08-26 13:00:00+00:00,28.42658348333334
2026-08-26 14:00:00+00:00,29.64127848333333
2026-08-26 15:00:00+00:00,32.14740618333334
2026-08-26 16:00:00+00:00,36.53333438333333
2026-08-26 17:00:00+00:00,40.02490708333333
2026-08-26 18:00:00+00:00,38.422027183333334
2026-08-26 19:00:00+00:00,37.17283908333333
2026-08-26 20:00:00+00:00,36.211087383333336
2026-08-26 21:00:00+00:00,34.49379738333333
2026-08-26 22:00:00+00:00,30.405344266666667
2026-08-26 23:00:00+00:00,29.75713316666667
2026-08-27 00:00:00+00:00,27.33177686666667
2026-08-27 01:00:00+00:00,26.598196266666665
2026-08-27 02:00:00+00:00,27.14063636666667
2026-08-27 03:00:00+00:00,29.173030466666667
2026-08-27 04:00:00+00:00,32.27845236666667
2026-08-27 05:00:00+00:00,34.11411316666667
2026-08-27 06:00:00+00:00,35.05385896666667
2026-08-27 07:00:00+00:00,33.83418496666667
2026-08-27 08:00:00+00:00,31.71474426666667
2026-08-27 09:00:00+00:00,30.253536966666665
2026-08-27 10:00:00+00:00,29.470887366666666
2026-08-27 11:00:00+00:00,28.12431446666667
2026-08-27 12:00:00+00:00,29.765853166666666
2026-08-27 13:00:00+00:00,29.640348366666665
2026-08-27 14:00:00+00:00,30.665112566666664
2026-08-27 15:00:00+00:00,33.35947186666667
2026-08-27 16:00:00+00:00,38.054769766666666
2026-08-27 17:00:00+00:00,41.96377986666666
2026-08-27 18:00:00+00:00,41.15014216666667
2026-08-27 19:00:00+00:00,40.80341656666667
2026-08-27 20:00:00+00:00,40.20181016666667
2026-08-27 21:00:00+00:00,38.87235556666667
2026-08-27 22:00:00+00:00,35.31045926666666
2026-08-27 23:00:00+00:00,34.09153796666667
2026-08-28 00:00:00+00:00,30.93755276666667
2026-08-28 01:00:00+00:00,29.177483966666664
2026-08-28 02:00:00+00:00,28.731359666666666
2026-08-28 03:00:00+00:00,29.957667766666667
2026-08-28 04:00:00+00:00,32.28376286666666
2026-08-28 05:00:00+00:00,33.548961166666665
2026-08-28 06:00:00+00:00,34.061725366666664
2026-08-28 07:00:00+00:00,31.949772966666664
2026-08-28 08:00:00+00:00,28.652982966666663
2026-08-28 09:00:00+00:00,26.19166876666667
2026-08-28 10:00:00+00:00,24.21309676666667
2026-08-28 11:00:00+00:00,21.49090416666667
2026-08-28 12:00:00+00:00,21.92373526666667
2026-08-28 13:00:00+00:00,21.18980406666667
2026-08-28 14:00:00+00:00,21.638236666666668
2026-08-28 15:00:00+00:00,24.12913556666667
2026-08-28 16:00:00+00:00,29.403628166666664
2026-08-28 17:00:00+00:00,33.86784836666667
2026-08-28 18:00:00+00:00,34.09368846666667
2026-08-28 19:00:00+00:00,33.708822966666666
2026-08-28 20:00:00+00:00,32.98186656666667
2026-08-28 21:00:00+00:00,31.49300446666667
2026-08-28 22:00:00+00:00,29.601506783333335
2026-08-28 23:00:00+00:00,28.29718948333333
2026-08-29 00:00:00+00:00,24.960524883333335
2026-08-29 01:00:00+00:00,23.51479718333333
2026-08-29 02:00:00+00:00,22.84349198333333
2026-08-29 03:00:00+00:00,23.32420988333333
2026-08-29 04:00:00+00:00,24.115637483333334
2026-08-29 05:00:00+00:00,23.663760083333337
2026-08-29 06:00:00+00:00,22.733003683333337
2026-08-29 07:00:00+00:00,19.862819183333333
2026-08-29 08:00:00+00:00,18.977539383333333
2026-08-29 09:00:00+00:00,19.413916483333335
2026-08-29 10:00:00+00:00,19.265534983333335
2026-08-29 11:00:00+00:00,14.782674383333333
2026-08-29 12:00:00+00:00,12.427872583333336
2026-08-29 13:00:00+00:00,11.46611408333333
2026-08-29 14:00:00+00:00,11.702419083333332
2026-08-29 15:00:00+00:00,13.98705668333334
2026-08-29 16:00:00+00:00,18.969004883333334
2026-08-29 17:00:00+00:00,23.401217083333336
2026-08-29 18:00:00+00:00,23.69950418333334
2026-08-29 19:00:00+00:00,24.17262548333333
2026-08-29 20:00:00+00:00,24.091673883333332
2026-08-29 21:00:00+00:00,24.058946483333337
2026-08-29 22:00:00+00:00,23.002613133333334
2026-08-29 23:00:00+00:00,22.681052333333334
2026-08-30 00:00:00+00:00,20.275564433333336
2026-08-30 01:00:00+00:00,19.300251433333337
2026-08-30 02:00:00+00:00,19.267349233333334
2026-08-30 03:00:00+00:00,20.124108833333334
2026-08-30 04:00:00+00:00,21.70623773333333
2026-08-30 05:00:00+00:00,21.798885433333332
2026-08-30 06:00:00+00:00,21.499285133333338
2026-08-30 07:00:00+00:00,19.253336833333336
2026-08-30 08:00:00+00:00,17.546838833333332
2026-08-30 09:00:00+00:00,18.40792603333333
2026-08-30 10:00:00+00:00,20.89083883333333
2026-08-30 11:00:00+00:00,19.59553343333334
2026-08-30 12:00:00+00:00,19.71777733333333
2026-08-30 13:00:00+00:00,18.86566113333333
2026-08-30 14:00:00+00:00,17.477880733333336
2026-08-30 15:00:00+00:00,18.323424133333333
2026-08-30 16:00:00+00:00,24.713392533333334
2026-08-30 17:00:00+00:00,29.90170463333333
2026-08-30 18:00:00+00:00,30.30209213333334
2026-08-30 19:00:00+00:00,30.30441213333333
2026-08-30 20:00:00+00:00,29.125071633333334
2026-08-30 21:00:00+00:00,27.774199133333337
2026-08-30 22:00:00+00:00,24.245912383333334
2026-08-30 23:00:00+00:00,22.62876958333333
2026-08-31 00:00:00+00:00,19.393470783333335
2026-08-31 01:00:00+00:00,17.509458583333334
2026-08-31 02:00:00+00:00,17.190309983333336
2026-08-31 03:00:00+00:00,18.946028783333333
2026-08-31 04:00:00+00:00,22.576152683333333
2026-08-31 05:00:00+00:00,25.084404983333332
2026-08-31 06:00:00+00:00,26.576276383333333
2026-08-31 07:00:00+00:00,23.941904683333334
2026-08-31 08:00:00+00:00,20.51721798333334
2026-08-31 09:00:00+00:00,18.95500888333334
2026-08-31 10:00:00+00:00,18.635265383333333
2026-08-31 11:00:00+00:00,17.326191483333336
2026-08-31 12:00:00+00:00,18.385641883333342
2026-08-31 13:00:00+00:00,18.143294883333336
2026-08-31 14:00:00+00:00,19.318704083333337
2026-08-31 15:00:00+00:00,22.175734483333336
2026-08-31 16:00:00+00:00,28.94280098333334
2026-08-31 17:00:00+00:00,35.231440983333336
2026-08-31 18:00:00+00:00,35.989052283333336
2026-08-31 19:00:00+00:00,35.837370183333334
2026-08-31 20:00:00+00:00,35.45435558333333
2026-08-31 21:00:00+00:00,35.170965083333336
2026-08-31 22:00:00+00:00,36.93622323333334
2026-08-31 23:00:00+00:00,38.81331213333333
2026-09-01 00:00:00+00:00,34.82987933333334
2026-09-01 01:00:00+00:00,32.58481093333334
2026-09-01 02:00:00+00:00,31.942519033333333
2026-09-01 03:00:00+00:00,33.38106153333333
2026-09-01 04:00:00+00:00,37.05987243333333
2026-09-01 05:00:00+00:00,39.77347533333334
2026-09-01 06:00:00+00:00,39.833178833333335
2026-09-01 07:00:00+00:00,35.16633733333333
2026-09-01 08:00:00+00:00,30.66172153333334
2026-09-01 09:00:00+00:00,27.888687933333337
2026-09-01 10:00:00+00:00,26.478125133333336
2026-09-01 11:00:00+00:00,24.37235243333334
2026-09-01 12:00:00+00:00,25.244108433333338
2026-09-01 13:00:00+00:00,25.287045733333333
2026-09-01 14:00:00+00:00,26.494831733333335
2026-09-01 15:00:00+00:00,29.484397333333334
2026-09-01 16:00:00+00:00,36.08828393333333
2026-09-01 17:00:00+00:00,41.04297493333334
2026-09-01 18:00:00+00:00,40.69904333333333
2026-09-01 19:00:00+00:00,40.25285853333334
2026-09-01 20:00:00+00:00,39.329859533333334
2026-09-01 21:00:00+00:00,38.75143383333333
2026-09-01 22:00:00+00:00,35.854944366666665
2026-09-01 23:00:00+00:00,34.211527366666665
2026-09-02 00:00:00+00:00,31.506868766666663
2026-09-02 01:00:00+00:00,30.208885966666664
2026-09-02 02:00:00+00:00,30.10288176666667
2026-09-02 03:00:00+00:00,31.792499466666666
2026-09-02 04:00:00+00:00,35.41329056666667
2026-09-02 05:00:00+00:00,38.15963846666667
2026-09-02 06:00:00+00:00,38.87419626666667
2026-09-02 07:00:00+00:00,35.23624746666667
2026-09-02 08:00:00+00:00,31.05258596666667
2026-09-02 09:00:00+00:00,28.431072866666668
2026-09-02 10:00:00+00:00,27.124893066666665
2026-09-02 11:00:00+00:00,24.878757166666674
2026-09-02 12:00:00+00:00,25.53484456666667
2026-09-02 13:00:00+00:00,25.15793526666667
2026-09-02 14:00:00+00:00,26.27475376666667
2026-09-02 15:00:00+00:00,29.252859066666666
2026-09-02 16:00:00+00:00,36.148650966666665
2026-09-02 17:00:00+00:00,41.22165656666667
2026-09-02 18:00:00+00:00,40.740261866666664
2026-09-02 19:00:00+00:00,40.122295566666665
2026-09-02 20:00:00+00:00,39.01595576666667
2026-09-02 21:00:00+00:00,38.335184266666666
2026-09-02 22:00:00+00:00,36.07912168333333
2026-09-02 23:00:00+00:00,33.724708883333335
2026-09-03 00:00:00+00:00,30.98131898333334
2026-09-03 01:00:00+00:00,29.123102783333337
2026-09-03 02:00:00+00:00,28.71326218333333
2026-09-03 03:00:00+00:00,30.19288338333334
2026-09-03 04:00:00+00:00,33.75479608333333
2026-09-03 05:00:00+00:00,36.645082683333335
2026-09-03 06:00:00+00:00,37.218667483333334
2026-09-03 07:00:00+00:00,33.476756083333335
2026-09-03 08:00:00+00:00,29.93884248333333
2026-09-03 09:00:00+00:00,27.185045883333334
2026-09-03 10:00:00+00:00,25.55423938333333
2026-09-03 11:00:00+00:00,23.351032983333333
2026-09-03 12:00:00+00:00,24.421943183333337
2026-09-03 13:00:00+00:00,24.91304168333334
2026-09-03 14:00:00+00:00,26.14967048333333
2026-09-03 15:00:00+00:00,29.571098983333336
2026-09-03 16:00:00+00:00,36.77142738333333
2026-09-03 17:00:00+00:00,42.16975108333334
2026-09-03 18:00:00+00:00,41.94278188333333
2026-09-03 19:00:00+00:00,41.44671998333334
2026-09-03 20:00:00+00:00,40.77969108333333
2026-09-03 21:00:00+00:00,40.016152283333334
2026-09-03 22:00:00+00:00,35.189639066666665
2026-09-03 23:00:00+00:00,32.82200046666667
2026-09-04 00:00:00+00:00,30.679502666666664
2026-09-04 01:00:00+00:00,29.083240766666666
2026-09-04 02:00:00+00:00,28.701830066666666
2026-09-04 03:00:00+00:00,29.951324966666668
2026-09-04 04:00:00+00:00,33.045590266666665
2026-09-04 05:00:00+00:00,35.398207266666674
2026-09-04 06:00:00+00:00,35.545764766666665
2026-09-04 07:00:00+00:00,31.759644166666668
2026-09-04 08:00:00+00:00,27.782742366666668
2026-09-04 09:00:00+00:00,24.53526536666667
2026-09-04 10:00:00+00:00,22.73671416666667
2026-09-04 11:00:00+00:00,20.275295966666665
2026-09-04 12:00:00+00:00,20.871918766666663
2026-09-04 13:00:00+00:00,20.897427066666662
2026-09-04 14:00:00+00:00,22.100071966666665
2026-09-04 15:00:00+00:00,25.771185866666666
2026-09-04 16:00:00+00:00,33.03969876666666
2026-09-04 17:00:00+00:00,38.16638876666667
2026-09-04 18:00:00+00:00,38.139080666666665
2026-09-04 19:00:00+00:00,38.22825696666666
2026-09-04 20:00:00+00:00,37.92390756666667
2026-09-04 21:00:00+00:00,38.04224126666667
2026-09-04 22:00:00+00:00,35.772125083333336
2026-09-04 23:00:00+00:00,34.113547483333335
2026-09-05 00:00:00+00:00,32.025512883333334
2026-09-05 01:00:00+00:00,30.424837883333335
2026-09-05 02:00:00+00:00,29.86398558333333
2026-09-05 03:00:00+00:00,30.478961883333334
2026-09-05 04:00:00+00:00,31.903709983333336
2026-09-05 05:00:00+00:00,31.938389583333333
2026-09-05 06:00:00+00:00,31.47143478333333
2026-09-05 07:00:00+00:00,29.064361483333332
2026-09-05 08:00:00+00:00,26.790390183333336
2026-09-05 09:00:00+00:00,25.056786883333334
2026-09-05 10:00:00+00:00,24.199684883333337
2026-09-05 11:00:00+00:00,24.662645583333333
2026-09-05 12:00:00+00:00,27.84756158333333
2026-09-05 13:00:00+00:00,25.26790148333333
2026-09-05 14:00:00+00:00,24.30906218333333
2026-09-05 15:00:00+00:00,28.51060908333333
2026-09-05 16:00:00+00:00,35.74610508333333
2026-09-05 17:00:00+00:00,40.40096008333333
2026-09-05 18:00:00+00:00,39.73130188333334
2026-09-05 19:00:00+00:00,38.99777328333333
2026-09-05 20:00:00+00:00,38.240531483333335
2026-09-05 21:00:00+00:00,37.641274083333336
2026-09-05 22:00:00+00:00,34.68657598333333
2026-09-05 23:00:00+00:00,32.82377178333333
2026-09-06 00:00:00+00:00,30.417229983333335
2026-09-06 01:00:00+00:00,28.066943483333333
2026-09-06 02:00:00+00:00,26.996156783333333
2026-09-06 03:00:00+00:00,26.76065868333334
2026-09-06 04:00:00+00:00,27.331223283333333
2026-09-06 05:00:00+00:00,26.807139483333337
2026-09-06 06:00:00+00:00,25.812665883333334
2026-09-06 07:00:00+00:00,24.270869283333333
2026-09-06 08:00:00+00:00,24.02990378333334
2026-09-06 09:00:00+00:00,23.709713683333334
2026-09-06 10:00:00+00:00,23.59783088333333
2026-09-06 11:00:00+00:00,22.01729158333333
2026-09-06 12:00:00+00:00,23.534234483333332
2026-09-06 13:00:00+00:00,24.115762283333332
2026-09-06 14:00:00+00:00,25.936877983333336
2026-09-06 15:00:00+00:00,29.912092683333334
2026-09-06 16:00:00+00:00,36.61516438333333
2026-09-06 17:00:00+00:00,40.934892483333336
2026-09-06 18:00:00+00:00,40.273040683333335
2026-09-06 19:00:00+00:00,39.510277083333335
2026-09-06 20:00:00+00:00,38.68522428333333
2026-09-06 21:00:00+00:00,37.39041318333333
2026-09-06 22:00:00+00:00,32.790779083333334
2026-09-06 23:00:00+00:00,31.36164468333333
2026-09-07 00:00:00+00:00,29.365128383333335
2026-09-07 01:00:00+00:00,27.846899983333333
2026-09-07 02:00:00+00:00,27.76882128333333
2026-09-07 03:00:00+00:00,29.723737283333335
2026-09-07 04:00:00+00:00,33.80261598333333
2026-09-07 05:00:00+00:00,36.97694898333333
2026-09-07 06:00:00+00:00,37.62762188333333
2026-09-07 07:00:00+00:00,35.01748138333333
2026-09-07 08:00:00+00:00,32.55666488333333
2026-09-07 09:00:00+00:00,30.135516483333337
2026-09-07 10:00:00+00:00,28.63304738333334
2026-09-07 11:00:00+00:00,26.283197583333333
2026-09-07 12:00:00+00:00,27.552189683333335
2026-09-07 13:00:00+00:00,27.434443183333332
2026-09-07 14:00:00+00:00,28.94062308333334
2026-09-07 15:00:00+00:00,32.56514598333334
2026-09-07 16:00:00+00:00,39.67176658333333
2026-09-07 17:00:00+00:00,44.53912608333333
2026-09-07 18:00:00+00:00,43.58946078333333
2026-09-07 19:00:00+00:00,42.14152688333333
2026-09-07 20:00:00+00:00,41.18453158333334
2026-09-07 21:00:00+00:00,40.02669158333333
2026-09-07 22:00:00+00:00,37.6795976
2026-09-07 23:00:00+00:00,35.898913
2026-09-08 00:00:00+00:00,33.8516014
2026-09-08 01:00:00+00:00,32.204604
2026-09-08 02:00:00+00:00,31.794389400000004
2026-09-08 03:00:00+00:00,33.3416762
2026-09-08 04:00:00+00:00,37.0456026
2026-09-08 05:00:00+00:00,39.789636
2026-09-08 06:00:00+00:00,39.7077707
2026-09-08 07:00:00+00:00,36.188662
2026-09-08 08:00:00+00:00,32.571982500000004
2026-09-08 09:00:00+00:00,29.0223996
2026-09-08 10:00:00+00:00,26.4646063
2026-09-08 11:00:00+00:00,23.779924800000003
2026-09-08 12:00:00+00:00,25.3003589
2026-09-08 13:00:00+00:00,25.526885000000004
2026-09-08 14:00:00+00:00,26.956947500000005
2026-09-08 15:00:00+00:00,29.990643000000006
2026-09-08 16:00:00+00:00,35.722535199999996
2026-09-08 17:00:00+00:00,39.0695416
2026-09-08 18:00:00+00:00,37.854154300000005
2026-09-08 19:00:00+00:00,36.55060400000001
2026-09-08 20:00:00+00:00,35.8928478
2026-09-08 21:00:00+00:00,35.1452664
2026-09-08 22:00:00+00:00,32.35823178333334
2026-09-08 23:00:00+00:00,31.652818683333336
2026-09-09 00:00:00+00:00,29.896487783333328
2026-09-09 01:00:00+00:00,28.62641368333333
2026-09-09 02:00:00+00:00,28.599764083333334
2026-09-09 03:00:00+00:00,30.399816083333327
2026-09-09 04:00:00+00:00,34.202334783333335
2026-09-09 05:00:00+00:00,37.03768588333333
2026-09-09 06:00:00+00:00,38.13152398333333
2026-09-09 07:00:00+00:00,36.19907798333333
2026-09-09 08:00:00+00:00,33.999897983333334
2026-09-09 09:00:00+00:00,32.15310778333333
2026-09-09 10:00:00+00:00,31.114411083333337
2026-09-09 11:00:00+00:00,29.283122683333335
2026-09-09 12:00:00+00:00,30.786004883333337
2026-09-09 13:00:00+00:00,30.140406083333335
2026-09-09 14:00:00+00:00,31.040495283333332
2026-09-09 15:00:00+00:00,33.54786858333334
2026-09-09 16:00:00+00:00,39.49014848333333
2026-09-09 17:00:00+00:00,43.641063683333336
2026-09-09 18:00:00+00:00,42.68182738333333
2026-09-09 19:00:00+00:00,41.18538718333333
2026-09-09 20:00:00+00:00,40.547019883333334
2026-09-09 21:00:00+00:00,39.52559088333333
2026-09-09 22:00:00+00:00,37.77402671666667
2026-09-09 23:00:00+00:00,36.57477071666667
2026-09-10 00:00:00+00:00,34.15442281666667
2026-09-10 01:00:00+00:00,32.28314751666666
2026-09-10 02:00:00+00:00,31.764220316666666
2026-09-10 03:00:00+00:00,33.32701191666666
2026-09-10 04:00:00+00:00,37.133397716666664
2026-09-10 05:00:00+00:00,40.075750516666666
2026-09-10 06:00:00+00:00,40.20346371666667
2026-09-10 07:00:00+00:00,36.578963816666665
2026-09-10 08:00:00+00:00,32.69394451666667
2026-09-10 09:00:00+00:00,29.22089381666667
2026-09-10 10:00:00+00:00,27.91785681666667
2026-09-10 11:00:00+00:00,26.179711216666668
2026-09-10 12:00:00+00:00,27.84592861666667
2026-09-10 13:00:00+00:00,27.15257611666667
2026-09-10 14:00:00+00:00,28.32083821666667
2026-09-10 15:00:00+00:00,31.99304941666667
2026-09-10 16:00:00+00:00,38.96779141666667
2026-09-10 17:00:00+00:00,44.45487681666667
2026-09-10 18:00:00+00:00,44.16671221666667
2026-09-10 19:00:00+00:00,42.37177801666667
2026-09-10 20:00:00+00:00,41.74875411666667
2026-09-10 21:00:00+00:00,40.90487641666667
2026-09-10 22:00:00+00:00,36.773980933333334
2026-09-10 23:00:00+00:00,35.577267633333335
2026-09-11 00:00:00+00:00,32.74667293333333
2026-09-11 01:00:00+00:00,30.958942933333336
2026-09-11 02:00:00+00:00,30.28289603333333
2026-09-11 03:00:00+00:00,31.849228433333334
2026-09-11 04:00:00+00:00,35.46701373333333
2026-09-11 05:00:00+00:00,38.47583903333334
2026-09-11 06:00:00+00:00,38.79983883333333
2026-09-11 07:00:00+00:00,35.53255473333333
2026-09-11 08:00:00+00:00,31.86131113333333
2026-09-11 09:00:00+00:00,28.658138933333333
2026-09-11 10:00:00+00:00,26.93695463333334
2026-09-11 11:00:00+00:00,25.363558233333336
2026-09-11 12:00:00+00:00,26.502401433333333
2026-09-11 13:00:00+00:00,25.91695173333333
2026-09-11 14:00:00+00:00,26.87396473333333
2026-09-11 15:00:00+00:00,30.791489333333338
2026-09-11 16:00:00+00:00,37.06552333333334
2026-09-11 17:00:00+00:00,41.759203633333335
2026-09-11 18:00:00+00:00,41.62081113333333
2026-09-11 19:00:00+00:00,39.94489633333333
2026-09-11 20:00:00+00:00,39.63536223333333
2026-09-11 21:00:00+00:00,39.141678533333334
2026-09-11 22:00:00+00:00,35.89120556666666
2026-09-11 23:00:00+00:00,34.30943616666667
2026-09-12 00:00:00+00:00,32.18625216666667
2026-09-12 01:00:00+00:00,29.575282666666666
2026-09-12 02:00:00+00:00,28.581522566666663
2026-09-12 03:00:00+00:00,28.995441966666665
2026-09-12 04:00:00+00:00,30.188368566666668
2026-09-12 05:00:00+00:00,30.639495966666665
2026-09-12 06:00:00+00:00,29.924559466666672
2026-09-12 07:00:00+00:00,26.772350266666667
2026-09-12 08:00:00+00:00,23.38358096666667
2026-09-12 09:00:00+00:00,20.20787206666667
2026-09-12 10:00:00+00:00,21.29686996666667
2026-09-12 11:00:00+00:00,22.191429566666667
2026-09-12 12:00:00+00:00,22.87396556666667
2026-09-12 13:00:00+00:00,19.72056176666667
2026-09-12 14:00:00+00:00,19.186247366666663
2026-09-12 15:00:00+00:00,23.856360566666666
2026-09-12 16:00:00+00:00,30.882086166666667
2026-09-12 17:00:00+00:00,36.51003706666667
2026-09-12 18:00:00+00:00,37.02839556666667
2026-09-12 19:00:00+00:00,35.73466616666666
2026-09-12 20:00:00+00:00,35.98349866666667
2026-09-12 21:00:00+00:00,35.85085556666667
2026-09-12 22:00:00+00:00,33.40493366666667
2026-09-12 23:00:00+00:00,32.112346566666666
2026-09-13 00:00:00+00:00,29.84806716666667
2026-09-13 01:00:00+00:00,27.536134766666663
2026-09-13 02:00:00+00:00,26.49683406666667
2026-09-13 03:00:00+00:00,26.760604666666666
2026-09-13 04:00:00+00:00,27.590883266666673
2026-09-13 05:00:00+00:00,27.39461006666667
2026-09-13 06:00:00+00:00,26.01866586666667
2026-09-13 07:00:00+00:00,23.350671866666666
2026-09-13 08:00:00+00:00,21.024142566666665
2026-09-13 09:00:00+00:00,19.117686366666668
2026-09-13 10:00:00+00:00,18.91615776666667
2026-09-13 11:00:00+00:00,17.527987466666666
2026-09-13 12:00:00+00:00,17.600059766666664
2026-09-13 13:00:00+00:00,16.44001786666667
2026-09-13 14:00:00+00:00,18.017679066666666
2026-09-13 15:00:00+00:00,22.544905866666667
2026-09-13 16:00:00+00:00,30.32077576666667
2026-09-13 17:00:00+00:00,36.777493066666665
2026-09-13 18:00:00+00:00,37.90827636666667
2026-09-13 19:00:00+00:00,36.79865946666666
2026-09-13 20:00:00+00:00,36.73135646666667
2026-09-13 21:00:00+00:00,36.449698966666666
2026-09-13 22:00:00+00:00,34.61842445
2026-09-13 23:00:00+00:00,33.50807055
2026-09-14 00:00:00+00:00,31.614531850000002
2026-09-14 01:00:00+00:00,29.721146450000003
2026-09-14 02:00:00+00:00,29.513938850000002
2026-09-14 03:00:00+00:00,31.58427425
2026-09-14 04:00:00+00:00,35.71286945
2026-09-14 05:00:00+00:00,39.23279695
2026-09-14 06:00:00+00:00,39.50359425
2026-09-14 07:00:00+00:00,36.36508445
2026-09-14 08:00:00+00:00,32.309102249999995
2026-09-14 09:00:00+00:00,29.21428615
2026-09-14 10:00:00+00:00,27.550857150000006
2026-09-14 11:00:00+00:00,26.198234550000002
2026-09-14 12:00:00+00:00,27.404189850000005
2026-09-14 13:00:00+00:00,26.79040665
2026-09-14 14:00:00+00:00,28.41862945
2026-09-14 15:00:00+00:00,33.11048845
2026-09-14 16:00:00+00:00,40.439874450000005
2026-09-14 17:00:00+00:00,45.76860655
2026-09-14 18:00:00+00:00,45.45727825
2026-09-14 19:00:00+00:00,42.946183850000004
2026-09-14 20:00:00+00:00,41.95275805
2026-09-14 21:00:00+00:00,41.22460245
2026-09-14 22:00:00+00:00,37.8999512
2026-09-14 23:00:00+00:00,36.3664486
2026-09-15 00:00:00+00:00,34.0586142
2026-09-15 01:00:00+00:00,31.837319
2026-09-15 02:00:00+00:00,31.22809
2026-09-15 03:00:00+00:00,32.7464528
2026-09-15 04:00:00+00:00,36.390744500000004
2026-09-15 05:00:00+00:00,39.6131585
2026-09-15 06:00:00+00:00,39.2590766
2026-09-15 07:00:00+00:00,35.6841315
2026-09-15 08:00:00+00:00,31.6131029
2026-09-15 09:00:00+00:00,28.3575775
2026-09-15 10:00:00+00:00,26.090468299999994
2026-09-15 11:00:00+00:00,24.3860954
2026-09-15 12:00:00+00:00,25.390503400000004
2026-09-15 13:00:00+00:00,24.470938700000005
2026-09-15 14:00:00+00:00,25.7233993
2026-09-15 15:00:00+00:00,29.830773999999995
2026-09-15 16:00:00+00:00,35.984386300000004
2026-09-15 17:00:00+00:00,40.3421919
2026-09-15 18:00:00+00:00,39.5445125
2026-09-15 19:00:00+00:00,36.857643800000005
2026-09-15 20:00:00+00:00,35.7023369
2026-09-15 21:00:00+00:00,34.830227
2026-09-15 22:00:00+00:00,32.4714927
2026-09-15 23:00:00+00:00,31.462739700000004
2026-09-16 00:00:00+00:00,30.3211473
2026-09-16 01:00:00+00:00,28.234642400000002
2026-09-16 02:00:00+00:00,28.2305377
2026-09-16 03:00:00+00:00,30.180208099999998
2026-09-16 04:00:00+00:00,33.9942623
2026-09-16 05:00:00+00:00,37.386661700000005
2026-09-16 06:00:00+00:00,37.9956203
2026-09-16 07:00:00+00:00,35.698263299999994
2026-09-16 08:00:00+00:00,32.371954
2026-09-16 09:00:00+00:00,29.839623500000005
2026-09-16 10:00:00+00:00,28.462349400000004
2026-09-16 11:00:00+00:00,27.3568117
2026-09-16 12:00:00+00:00,28.264146
2026-09-16 13:00:00+00:00,27.224897300000002
2026-09-16 14:00:00+00:00,27.9156649
2026-09-16 15:00:00+00:00,31.4634992
2026-09-16 16:00:00+00:00,37.6995187
2026-09-16 17:00:00+00:00,42.3501146
2026-09-16 18:00:00+00:00,42.0485553
2026-09-16 19:00:00+00:00,39.7260227
2026-09-16 20:00:00+00:00,39.0017871
2026-09-16 21:00:00+00:00,38.4653718
2026-09-16 22:00:00+00:00,35.63655648333334
2026-09-16 23:00:00+00:00,34.32918048333333
2026-09-17 00:00:00+00:00,32.07219078333333
2026-09-17 01:00:00+00:00,29.89554348333333
2026-09-17 02:00:00+00:00,29.266426283333335
2026-09-17 03:00:00+00:00,30.753894683333336
2026-09-17 04:00:00+00:00,34.33800388333333
2026-09-17 05:00:00+00:00,37.53635158333333
2026-09-17 06:00:00+00:00,37.303970183333334
2026-09-17 07:00:00+00:00,33.756391683333334
2026-09-17 08:00:00+00:00,29.477421183333334
2026-09-17 09:00:00+00:00,25.95793188333333
2026-09-17 10:00:00+00:00,24.267966183333336
2026-09-17 11:00:00+00:00,22.570030983333332
2026-09-17 12:00:00+00:00,24.054121883333337
2026-09-17 13:00:00+00:00,23.629982183333333
2026-09-17 14:00:00+00:00,24.368858983333332
2026-09-17 15:00:00+00:00,28.231980983333333
2026-09-17 16:00:00+00:00,34.38241118333334
2026-09-17 17:00:00+00:00,38.965896083333334
2026-09-17 18:00:00+00:00,38.92499828333334
2026-09-17 19:00:00+00:00,36.90043898333333
2026-09-17 20:00:00+00:00,36.48570588333334
2026-09-17 21:00:00+00:00,36.335438583333335
2026-09-17 22:00:00+00:00,33.633983050000005
2026-09-17 23:00:00+00:00,32.520096450000004
2026-09-18 00:00:00+00:00,30.422691850000003
2026-09-18 01:00:00+00:00,28.81179325
2026-09-18 02:00:00+00:00,28.778117250000005
2026-09-18 03:00:00+00:00,30.65681875
2026-09-18 04:00:00+00:00,34.417974650000005
2026-09-18 05:00:00+00:00,38.09530715
2026-09-18 06:00:00+00:00,38.54924055
2026-09-18 07:00:00+00:00,36.21664015
2026-09-18 08:00:00+00:00,32.92632655
2026-09-18 09:00:00+00:00,30.048464550000002
2026-09-18 10:00:00+00:00,28.541369450000005
2026-09-18 11:00:00+00:00,26.414546050000002
2026-09-18 12:00:00+00:00,26.613947449999998
2026-09-18 13:00:00+00:00,25.335260750000003
2026-09-18 14:00:00+00:00,25.76072405
2026-09-18 15:00:00+00:00,29.30812075
2026-09-18 16:00:00+00:00,35.37942985
2026-09-18 17:00:00+00:00,39.59105635
2026-09-18 18:00:00+00:00,39.50938845
2026-09-18 19:00:00+00:00,37.35698825
2026-09-18 20:00:00+00:00,36.736033150000004
2026-09-18 21:00:00+00:00,36.58229035
