timestamp,value
2024-06-15 14:00:00+00:00,-28.08
2024-06-15 15:00:00+00:00,-2.36
2024-06-15 16:00:00+00:00,0.0
2024-06-15 17:00:00+00:00,9.59
2024-06-15 18:00:00+00:00,23.22
2024-06-15 19:00:00+00:00,28.0
2024-06-15 20:00:00+00:00,47.7
2024-06-15 21:00:00+00:00,41.76
2024-06-15 22:00:00+00:00,27.49
2024-06-15 23:00:00+00:00,10.62
2024-06-16 00:00:00+00:00,7.92
2024-06-16 01:00:00+00:00,5.94
2024-06-16 02:00:00+00:00,4.81
2024-06-16 03:00:00+00:00,4.39
2024-06-16 04:00:00+00:00,4.53
2024-06-16 05:00:00+00:00,0.71
2024-06-16 06:00:00+00:00,-0.02
2024-06-16 07:00:00+00:00,-1.26
2024-06-16 08:00:00+00:00,-10.01
2024-06-16 09:00:00+00:00,-13.34
2024-06-16 10:00:00+00:00,-20.01
2024-06-16 11:00:00+00:00,-30.01
2024-06-16 12:00:00+00:00,-35.68
2024-06-16 13:00:00+00:00,-29.05
2024-06-16 14:00:00+00:00,-9.52
2024-06-16 15:00:00+00:00,-0.06
2024-06-16 16:00:00+00:00,6.47
2024-06-16 17:00:00+00:00,11.33
2024-06-16 18:00:00+00:00,16.8
2024-06-16 19:00:00+00:00,35.02
2024-06-16 20:00:00+00:00,41.26
2024-06-16 21:00:00+00:00,41.62
2024-06-16 22:00:00+00:00,41.49
2024-06-16 23:00:00+00:00,35.01
2024-06-17 00:00:00+00:00,29.53
2024-06-17 01:00:00+00:00,14.79
2024-06-17 02:00:00+00:00,7.21
2024-06-17 03:00:00+00:00,23.0
2024-06-17 04:00:00+00:00,24.48
2024-06-17 05:00:00+00:00,46.5
2024-06-17 06:00:00+00:00,46.5
2024-06-17 07:00:00+00:00,35.01
2024-06-17 08:00:00+00:00,22.28
2024-06-17 09:00:00+00:00,7.39
2024-06-17 10:00:00+00:00,9.63
2024-06-17 11:00:00+00:00,10.07
2024-06-17 12:00:00+00:00,6.13
2024-06-17 13:00:00+00:00,6.58
2024-06-17 14:00:00+00:00,7.42
2024-06-17 15:00:00+00:00,30.87
2024-06-17 16:00:00+00:00,47.36
2024-06-17 17:00:00+00:00,59.92
2024-06-17 18:00:00+00:00,57.15
2024-06-17 19:00:00+00:00,72.75
2024-06-17 20:00:00+00:00,91.27
2024-06-17 21:00:00+00:00,62.78
2024-06-17 22:00:00+00:00,51.76
2024-06-17 23:00:00+00:00,37.0
2024-06-18 00:00:00+00:00,34.15
2024-06-18 01:00:00+00:00,35.65
2024-06-18 02:00:00+00:00,29.26
2024-06-18 03:00:00+00:00,27.0
2024-06-18 04:00:00+00:00,37.36
2024-06-18 05:00:00+00:00,55.71
2024-06-18 06:00:00+00:00,59.1
2024-06-18 07:00:00+00:00,52.21
2024-06-18 08:00:00+00:00,39.0
2024-06-18 09:00:00+00:00,33.25
2024-06-18 10:00:00+00:00,26.56
2024-06-18 11:00:00+00:00,8.6
2024-06-18 12:00:00+00:00,11.21
2024-06-18 13:00:00+00:00,10.6
2024-06-18 14:00:00+00:00,9.99
2024-06-18 15:00:00+00:00,20.27
2024-06-18 16:00:00+00:00,35.0
2024-06-18 17:00:00+00:00,45.28
2024-06-18 18:00:00+00:00,49.65
2024-06-18 19:00:00+00:00,18.61
2024-06-18 20:00:00+00:00,54.98
2024-06-18 21:00:00+00:00,57.9
2024-06-18 22:00:00+00:00,99.83
2024-06-18 23:00:00+00:00,54.0
2024-06-19 00:00:00+00:00,44.1
2024-06-19 01:00:00+00:00,34.92
2024-06-19 02:00:00+00:00,24.0
2024-06-19 03:00:00+00:00,33.19
2024-06-19 04:00:00+00:00,55.51
2024-06-19 05:00:00+00:00,93.36
2024-06-19 06:00:00+00:00,91.79
2024-06-19 07:00:00+00:00,59.38
2024-06-19 08:00:00+00:00,55.8
2024-06-19 09:00:00+00:00,46.41
2024-06-19 10:00:00+00:00,43.54
2024-06-19 11:00:00+00:00,37.0
2024-06-19 12:00:00+00:00,22.43
2024-06-19 13:00:00+00:00,23.56
2024-06-19 14:00:00+00:00,28.6
2024-06-19 15:00:00+00:00,35.02
2024-06-19 16:00:00+00:00,38.47
2024-06-19 17:00:00+00:00,79.83
2024-06-19 18:00:00+00:00,69.04
2024-06-19 19:00:00+00:00,109.01
2024-06-19 20:00:00+00:00,109.0
2024-06-19 21:00:00+00:00,89.59
2024-06-19 22:00:00+00:00,85.89
2024-06-19 23:00:00+00:00,68.92
2024-06-20 00:00:00+00:00,61.45
2024-06-20 01:00:00+00:00,46.72
2024-06-20 02:00:00+00:00,48.49
2024-06-20 03:00:00+00:00,61.45
2024-06-20 04:00:00+00:00,99.0
2024-06-20 05:00:00+00:00,111.72
2024-06-20 06:00:00+00:00,103.0
2024-06-20 07:00:00+00:00,81.94
2024-06-20 08:00:00+00:00,71.87
2024-06-20 09:00:00+00:00,63.04
2024-06-20 10:00:00+00:00,59.94
2024-06-20 11:00:00+00:00,58.35
2024-06-20 12:00:00+00:00,61.42
2024-06-20 13:00:00+00:00,61.93
2024-06-20 14:00:00+00:00,61.42
2024-06-20 15:00:00+00:00,62.15
2024-06-20 16:00:00+00:00,77.46
2024-06-20 17:00:00+00:00,107.0
2024-06-20 18:00:00+00:00,115.28
2024-06-20 19:00:00+00:00,122.78
2024-06-20 20:00:00+00:00,114.59
2024-06-20 21:00:00+00:00,95.85
2024-06-20 22:00:00+00:00,101.38
2024-06-20 23:00:00+00:00,91.2
2024-06-21 00:00:00+00:00,89.95
2024-06-21 01:00:00+00:00,85.8
2024-06-21 02:00:00+00:00,76.22
2024-06-21 03:00:00+00:00,81.14
2024-06-21 04:00:00+00:00,96.06
2024-06-21 05:00:00+00:00,113.47
2024-06-21 06:00:00+00:00,114.32
2024-06-21 07:00:00+00:00,107.42
2024-06-21 08:00:00+00:00,96.74
2024-06-21 09:00:00+00:00,84.21
2024-06-21 10:00:00+00:00,61.34
2024-06-21 11:00:00+00:00,57.4
2024-06-21 12:00:00+00:00,55.1
2024-06-21 13:00:00+00:00,43.17
2024-06-21 14:00:00+00:00,40.0
2024-06-21 15:00:00+00:00,49.8
2024-06-21 16:00:00+00:00,56.75
2024-06-21 17:00:00+00:00,77.46
2024-06-21 18:00:00+00:00,100.01
2024-06-21 19:00:00+00:00,105.14
2024-06-21 20:00:00+00:00,96.49
2024-06-21 21:00:00+00:00,83.26
2024-06-21 22:00:00+00:00,81.53
2024-06-21 23:00:00+00:00,70.19
2024-06-22 00:00:00+00:00,56.12
2024-06-22 01:00:00+00:00,46.93
2024-06-22 02:00:00+00:00,46.16
2024-06-22 03:00:00+00:00,42.96
2024-06-22 04:00:00+00:00,44.48
2024-06-22 05:00:00+00:00,47.76
2024-06-22 06:00:00+00:00,36.95
2024-06-22 07:00:00+00:00,34.65
2024-06-22 08:00:00+00:00,12.54
2024-06-22 09:00:00+00:00,3.59
2024-06-22 10:00:00+00:00,2.68
2024-06-22 11:00:00+00:00,0.03
2024-06-22 12:00:00+00:00,0.0
2024-06-22 13:00:00+00:00,0.8
2024-06-22 14:00:00+00:00,5.36
2024-06-22 15:00:00+00:00,14.93
2024-06-22 16:00:00+00:00,47.06
2024-06-22 17:00:00+00:00,87.04
2024-06-22 18:00:00+00:00,66.72
2024-06-22 19:00:00+00:00,76.79
2024-06-22 20:00:00+00:00,101.53
2024-06-22 21:00:00+00:00,84.18
2024-06-22 22:00:00+00:00,77.0
2024-06-22 23:00:00+00:00,56.99
2024-06-23 00:00:00+00:00,46.19
2024-06-23 01:00:00+00:00,35.01
2024-06-23 02:00:00+00:00,35.0
2024-06-23 03:00:00+00:00,35.0
2024-06-23 04:00:00+00:00,35.0
2024-06-23 05:00:00+00:00,30.65
2024-06-23 06:00:00+00:00,9.76
2024-06-23 07:00:00+00:00,4.24
2024-06-23 08:00:00+00:00,0.0
2024-06-23 09:00:00+00:00,-0.05
2024-06-23 10:00:00+00:00,-0.09
2024-06-23 11:00:00+00:00,-1.0
2024-06-23 12:00:00+00:00,-2.2
2024-06-23 13:00:00+00:00,-2.0
2024-06-23 14:00:00+00:00,-0.08
2024-06-23 15:00:00+00:00,2.75
2024-06-23 16:00:00+00:00,27.17
2024-06-23 17:00:00+00:00,54.98
2024-06-23 18:00:00+00:00,65.31
2024-06-23 19:00:00+00:00,77.0
2024-06-23 20:00:00+00:00,95.62
2024-06-23 21:00:00+00:00,80.15
2024-06-23 22:00:00+00:00,51.8
2024-06-23 23:00:00+00:00,43.6
2024-06-24 00:00:00+00:00,40.0
2024-06-24 01:00:00+00:00,35.4
2024-06-24 02:00:00+00:00,35.02
2024-06-24 03:00:00+00:00,49.07
2024-06-24 04:00:00+00:00,55.03
2024-06-24 05:00:00+00:00,70.0
2024-06-24 06:00:00+00:00,77.04
2024-06-24 07:00:00+00:00,52.86
2024-06-24 08:00:00+00:00,35.0
2024-06-24 09:00:00+00:00,18.73
2024-06-24 10:00:00+00:00,30.7
2024-06-24 11:00:00+00:00,19.32
2024-06-24 12:00:00+00:00,18.78
2024-06-24 13:00:00+00:00,15.95
2024-06-24 14:00:00+00:00,24.17
2024-06-24 15:00:00+00:00,49.06
2024-06-24 16:00:00+00:00,65.92
2024-06-24 17:00:00+00:00,115.48
2024-06-24 18:00:00+00:00,92.41
2024-06-24 19:00:00+00:00,117.33
2024-06-24 20:00:00+00:00,113.7
2024-06-24 21:00:00+00:00,91.54
2024-06-24 22:00:00+00:00,44.55
2024-06-24 23:00:00+00:00,40.08
2024-06-25 00:00:00+00:00,45.1
2024-06-25 01:00:00+00:00,28.12
2024-06-25 02:00:00+00:00,12.49
2024-06-25 03:00:00+00:00,38.28
2024-06-25 04:00:00+00:00,45.6
2024-06-25 05:00:00+00:00,62.91
2024-06-25 06:00:00+00:00,74.77
2024-06-25 07:00:00+00:00,64.9
2024-06-25 08:00:00+00:00,35.69
2024-06-25 09:00:00+00:00,12.83
2024-06-25 10:00:00+00:00,0.0
2024-06-25 11:00:00+00:00,-0.05
2024-06-25 12:00:00+00:00,-0.04
2024-06-25 13:00:00+00:00,11.59
2024-06-25 14:00:00+00:00,25.0
2024-06-25 15:00:00+00:00,35.02
2024-06-25 16:00:00+00:00,48.99
2024-06-25 17:00:00+00:00,77.0
2024-06-25 18:00:00+00:00,105.0
2024-06-25 19:00:00+00:00,96.37
2024-06-25 20:00:00+00:00,106.57
2024-06-25 21:00:00+00:00,87.03
2024-06-25 22:00:00+00:00,107.43
2024-06-25 23:00:00+00:00,99.96
2024-06-26 00:00:00+00:00,95.32
2024-06-26 01:00:00+00:00,95.46
2024-06-26 02:00:00+00:00,91.7
2024-06-26 03:00:00+00:00,97.12
2024-06-26 04:00:00+00:00,109.59
2024-06-26 05:00:00+00:00,130.0
2024-06-26 06:00:00+00:00,121.1
2024-06-26 07:00:00+00:00,101.76
2024-06-26 08:00:00+00:00,90.98
2024-06-26 09:00:00+00:00,85.99
2024-06-26 10:00:00+00:00,79.41
2024-06-26 11:00:00+00:00,77.24
2024-06-26 12:00:00+00:00,80.62
2024-06-26 13:00:00+00:00,90.59
2024-06-26 14:00:00+00:00,100.08
2024-06-26 15:00:00+00:00,105.96
2024-06-26 16:00:00+00:00,114.98
2024-06-26 17:00:00+00:00,145.0
2024-06-26 18:00:00+00:00,156.98
2024-06-26 19:00:00+00:00,137.18
2024-06-26 20:00:00+00:00,118.98
2024-06-26 21:00:00+00:00,110.0
2024-06-26 22:00:00+00:00,96.0
2024-06-26 23:00:00+00:00,86.92
2024-06-27 00:00:00+00:00,80.64
2024-06-27 01:00:00+00:00,67.3
2024-06-27 02:00:00+00:00,59.82
2024-06-27 03:00:00+00:00,61.93
2024-06-27 04:00:00+00:00,76.05
2024-06-27 05:00:00+00:00,109.98
2024-06-27 06:00:00+00:00,115.0
2024-06-27 07:00:00+00:00,88.92
2024-06-27 08:00:00+00:00,68.5
2024-06-27 09:00:00+00:00,54.48
2024-06-27 10:00:00+00:00,43.22
2024-06-27 11:00:00+00:00,32.38
2024-06-27 12:00:00+00:00,27.15
2024-06-27 13:00:00+00:00,18.75
2024-06-27 14:00:00+00:00,23.34
2024-06-27 15:00:00+00:00,41.88
2024-06-27 16:00:00+00:00,63.43
2024-06-27 17:00:00+00:00,75.39
2024-06-27 18:00:00+00:00,93.5
2024-06-27 19:00:00+00:00,88.91
2024-06-27 20:00:00+00:00,92.81
2024-06-27 21:00:00+00:00,75.06
2024-06-27 22:00:00+00:00,22.35
2024-06-27 23:00:00+00:00,20.67
2024-06-28 00:00:00+00:00,15.66
2024-06-28 01:00:00+00:00,12.88
2024-06-28 02:00:00+00:00,9.63
2024-06-28 03:00:00+00:00,8.54
2024-06-28 04:00:00+00:00,10.02
2024-06-28 05:00:00+00:00,41.79
2024-06-28 06:00:00+00:00,51.18
2024-06-28 07:00:00+00:00,45.67
2024-06-28 08:00:00+00:00,14.36
2024-06-28 09:00:00+00:00,1.94
2024-06-28 10:00:00+00:00,0.77
2024-06-28 11:00:00+00:00,-0.01
2024-06-28 12:00:00+00:00,-2.06
2024-06-28 13:00:00+00:00,-0.01
2024-06-28 14:00:00+00:00,4.64
2024-06-28 15:00:00+00:00,13.0
2024-06-28 16:00:00+00:00,48.64
2024-06-28 17:00:00+00:00,88.5
2024-06-28 18:00:00+00:00,94.04
2024-06-28 19:00:00+00:00,105.42
2024-06-28 20:00:00+00:00,113.3
2024-06-28 21:00:00+00:00,105.18
2024-06-28 22:00:00+00:00,62.19
2024-06-28 23:00:00+00:00,32.38
2024-06-29 00:00:00+00:00,24.1
2024-06-29 01:00:00+00:00,28.84
2024-06-29 02:00:00+00:00,16.16
2024-06-29 03:00:00+00:00,20.61
2024-06-29 04:00:00+00:00,18.52
2024-06-29 05:00:00+00:00,15.75
2024-06-29 06:00:00+00:00,27.79
2024-06-29 07:00:00+00:00,29.58
2024-06-29 08:00:00+00:00,5.04
2024-06-29 09:00:00+00:00,0.05
2024-06-29 10:00:00+00:00,0.0
2024-06-29 11:00:00+00:00,-0.19
2024-06-29 12:00:00+00:00,-0.06
2024-06-29 13:00:00+00:00,1.5
2024-06-29 14:00:00+00:00,12.76
2024-06-29 15:00:00+00:00,31.86
2024-06-29 16:00:00+00:00,35.02
2024-06-29 17:00:00+00:00,46.6
2024-06-29 18:00:00+00:00,48.65
2024-06-29 19:00:00+00:00,38.29
2024-06-29 20:00:00+00:00,60.23
2024-06-29 21:00:00+00:00,53.9
2024-06-29 22:00:00+00:00,43.25
2024-06-29 23:00:00+00:00,25.3
2024-06-30 00:00:00+00:00,10.98
2024-06-30 01:00:00+00:00,7.93
2024-06-30 02:00:00+00:00,5.08
2024-06-30 03:00:00+00:00,8.14
2024-06-30 04:00:00+00:00,7.22
2024-06-30 05:00:00+00:00,9.14
2024-06-30 06:00:00+00:00,6.83
2024-06-30 07:00:00+00:00,0.82
2024-06-30 08:00:00+00:00,0.0
2024-06-30 09:00:00+00:00,0.0
2024-06-30 10:00:00+00:00,-0.02
2024-06-30 11:00:00+00:00,-1.51
2024-06-30 12:00:00+00:00,-1.09
2024-06-30 13:00:00+00:00,0.0
2024-06-30 14:00:00+00:00,0.94
2024-06-30 15:00:00+00:00,3.6
2024-06-30 16:00:00+00:00,27.43
2024-06-30 17:00:00+00:00,46.62
2024-06-30 18:00:00+00:00,59.1
2024-06-30 19:00:00+00:00,83.42
2024-06-30 20:00:00+00:00,103.22
2024-06-30 21:00:00+00:00,93.4
2024-06-30 22:00:00+00:00,73.37
2024-06-30 23:00:00+00:00,67.3
2024-07-01 00:00:00+00:00,52.95
2024-07-01 01:00:00+00:00,46.05
2024-07-01 02:00:00+00:00,45.83
2024-07-01 03:00:00+00:00,51.9
2024-07-01 04:00:00+00:00,59.26
2024-07-01 05:00:00+00:00,87.57
2024-07-01 06:00:00+00:00,71.18
2024-07-01 07:00:00+00:00,50.03
2024-07-01 08:00:00+00:00,44.52
2024-07-01 09:00:00+00:00,40.15
2024-07-01 10:00:00+00:00,39.71
2024-07-01 11:00:00+00:00,35.0
2024-07-01 12:00:00+00:00,21.17
2024-07-01 13:00:00+00:00,15.02
2024-07-01 14:00:00+00:00,10.15
2024-07-01 15:00:00+00:00,21.17
2024-07-01 16:00:00+00:00,39.65
2024-07-01 17:00:00+00:00,49.28
2024-07-01 18:00:00+00:00,71.18
2024-07-01 19:00:00+00:00,80.79
2024-07-01 20:00:00+00:00,99.26
2024-07-01 21:00:00+00:00,87.46
2024-07-01 22:00:00+00:00,65.53
2024-07-01 23:00:00+00:00,49.9
2024-07-02 00:00:00+00:00,34.63
2024-07-02 01:00:00+00:00,37.52
2024-07-02 02:00:00+00:00,35.15
2024-07-02 03:00:00+00:00,41.07
2024-07-02 04:00:00+00:00,52.97
2024-07-02 05:00:00+00:00,81.82
2024-07-02 06:00:00+00:00,92.99
2024-07-02 07:00:00+00:00,51.2
2024-07-02 08:00:00+00:00,48.63
2024-07-02 09:00:00+00:00,47.16
2024-07-02 10:00:00+00:00,26.79
2024-07-02 11:00:00+00:00,24.99
2024-07-02 12:00:00+00:00,17.95
2024-07-02 13:00:00+00:00,4.0
2024-07-02 14:00:00+00:00,18.01
2024-07-02 15:00:00+00:00,20.32
2024-07-02 16:00:00+00:00,49.57
2024-07-02 17:00:00+00:00,67.87
2024-07-02 18:00:00+00:00,74.64
2024-07-02 19:00:00+00:00,110.41
2024-07-02 20:00:00+00:00,109.45
2024-07-02 21:00:00+00:00,89.99
2024-07-02 22:00:00+00:00,78.97
2024-07-02 23:00:00+00:00,69.53
2024-07-03 00:00:00+00:00,54.78
2024-07-03 01:00:00+00:00,46.25
2024-07-03 02:00:00+00:00,33.0
2024-07-03 03:00:00+00:00,27.48
2024-07-03 04:00:00+00:00,47.9
2024-07-03 05:00:00+00:00,90.54
2024-07-03 06:00:00+00:00,95.75
2024-07-03 07:00:00+00:00,76.0
2024-07-03 08:00:00+00:00,54.08
2024-07-03 09:00:00+00:00,40.25
2024-07-03 10:00:00+00:00,35.0
2024-07-03 11:00:00+00:00,21.34
2024-07-03 12:00:00+00:00,14.0
2024-07-03 13:00:00+00:00,8.68
2024-07-03 14:00:00+00:00,3.6
2024-07-03 15:00:00+00:00,12.17
2024-07-03 16:00:00+00:00,34.27
2024-07-03 17:00:00+00:00,27.83
2024-07-03 18:00:00+00:00,14.77
2024-07-03 19:00:00+00:00,4.6
2024-07-03 20:00:00+00:00,18.85
2024-07-03 21:00:00+00:00,4.88
2024-07-03 22:00:00+00:00,5.24
2024-07-03 23:00:00+00:00,0.0
2024-07-04 00:00:00+00:00,-0.01
2024-07-04 01:00:00+00:00,-0.53
2024-07-04 02:00:00+00:00,-0.84
2024-07-04 03:00:00+00:00,-0.01
2024-07-04 04:00:00+00:00,0.0
2024-07-04 05:00:00+00:00,10.63
2024-07-04 06:00:00+00:00,31.04
2024-07-04 07:00:00+00:00,24.4
2024-07-04 08:00:00+00:00,4.83
2024-07-04 09:00:00+00:00,0.0
2024-07-04 10:00:00+00:00,-0.01
2024-07-04 11:00:00+00:00,-9.8
2024-07-04 12:00:00+00:00,-20.93
2024-07-04 13:00:00+00:00,-18.03
2024-07-04 14:00:00+00:00,-12.21
2024-07-04 15:00:00+00:00,0.0
2024-07-04 16:00:00+00:00,6.77
2024-07-04 17:00:00+00:00,42.38
2024-07-04 18:00:00+00:00,47.46
2024-07-04 19:00:00+00:00,47.94
2024-07-04 20:00:00+00:00,52.71
2024-07-04 21:00:00+00:00,41.74
2024-07-04 22:00:00+00:00,5.86
2024-07-04 23:00:00+00:00,5.76
2024-07-05 00:00:00+00:00,10.44
2024-07-05 01:00:00+00:00,12.58
2024-07-05 02:00:00+00:00,9.08
2024-07-05 03:00:00+00:00,6.78
2024-07-05 04:00:00+00:00,12.0
2024-07-05 05:00:00+00:00,40.9
2024-07-05 06:00:00+00:00,40.64
2024-07-05 07:00:00+00:00,18.57
2024-07-05 08:00:00+00:00,3.04
2024-07-05 09:00:00+00:00,0.63
2024-07-05 10:00:00+00:00,0.92
2024-07-05 11:00:00+00:00,0.21
2024-07-05 12:00:00+00:00,0.1
2024-07-05 13:00:00+00:00,1.23
2024-07-05 14:00:00+00:00,3.32
2024-07-05 15:00:00+00:00,17.42
2024-07-05 16:00:00+00:00,38.0
2024-07-05 17:00:00+00:00,63.31
2024-07-05 18:00:00+00:00,82.7
2024-07-05 19:00:00+00:00,95.0
2024-07-05 20:00:00+00:00,106.33
2024-07-05 21:00:00+00:00,85.45
2024-07-05 22:00:00+00:00,45.55
2024-07-05 23:00:00+00:00,14.77
2024-07-06 00:00:00+00:00,10.09
2024-07-06 01:00:00+00:00,8.49
2024-07-06 02:00:00+00:00,4.23
2024-07-06 03:00:00+00:00,4.2
2024-07-06 04:00:00+00:00,6.63
2024-07-06 05:00:00+00:00,5.38
2024-07-06 06:00:00+00:00,3.4
2024-07-06 07:00:00+00:00,0.0
2024-07-06 08:00:00+00:00,-9.57
2024-07-06 09:00:00+00:00,-28.12
2024-07-06 10:00:00+00:00,-28.91
2024-07-06 11:00:00+00:00,-28.33
2024-07-06 12:00:00+00:00,-48.08
2024-07-06 13:00:00+00:00,-54.63
2024-07-06 14:00:00+00:00,-45.93
2024-07-06 15:00:00+00:00,-20.09
2024-07-06 16:00:00+00:00,-0.82
2024-07-06 17:00:00+00:00,2.38
2024-07-06 18:00:00+00:00,9.23
2024-07-06 19:00:00+00:00,10.44
2024-07-06 20:00:00+00:00,20.39
2024-07-06 21:00:00+00:00,16.43
2024-07-06 22:00:00+00:00,2.69
2024-07-06 23:00:00+00:00,2.39
2024-07-07 00:00:00+00:00,1.7
2024-07-07 01:00:00+00:00,1.89
2024-07-07 02:00:00+00:00,1.98
2024-07-07 03:00:00+00:00,1.42
2024-07-07 04:00:00+00:00,1.29
2024-07-07 05:00:00+00:00,0.29
2024-07-07 06:00:00+00:00,-0.52
2024-07-07 07:00:00+00:00,-6.08
2024-07-07 08:00:00+00:00,-9.28
2024-07-07 09:00:00+00:00,-11.36
2024-07-07 10:00:00+00:00,-12.36
2024-07-07 11:00:00+00:00,-20.84
2024-07-07 12:00:00+00:00,-19.67
2024-07-07 13:00:00+00:00,-10.51
2024-07-07 14:00:00+00:00,-3.5
2024-07-07 15:00:00+00:00,0.0
2024-07-07 16:00:00+00:00,4.95
2024-07-07 17:00:00+00:00,35.94
2024-07-07 18:00:00+00:00,48.94
2024-07-07 19:00:00+00:00,61.36
2024-07-07 20:00:00+00:00,104.58
2024-07-07 21:00:00+00:00,92.58
2024-07-07 22:00:00+00:00,81.72
2024-07-07 23:00:00+00:00,76.33
2024-07-08 00:00:00+00:00,63.88
2024-07-08 01:00:00+00:00,64.42
2024-07-08 02:00:00+00:00,66.92
2024-07-08 03:00:00+00:00,65.5
2024-07-08 04:00:00+00:00,76.11
2024-07-08 05:00:00+00:00,101.38
2024-07-08 06:00:00+00:00,100.61
2024-07-08 07:00:00+00:00,78.22
2024-07-08 08:00:00+00:00,54.6
2024-07-08 09:00:00+00:00,40.88
2024-07-08 10:00:00+00:00,35.0
2024-07-08 11:00:00+00:00,32.65
2024-07-08 12:00:00+00:00,31.98
2024-07-08 13:00:00+00:00,38.0
2024-07-08 14:00:00+00:00,37.72
2024-07-08 15:00:00+00:00,50.09
2024-07-08 16:00:00+00:00,81.38
2024-07-08 17:00:00+00:00,93.58
2024-07-08 18:00:00+00:00,103.21
2024-07-08 19:00:00+00:00,115.15
2024-07-08 20:00:00+00:00,109.0
2024-07-08 21:00:00+00:00,87.25
2024-07-08 22:00:00+00:00,58.29
2024-07-08 23:00:00+00:00,43.69
2024-07-09 00:00:00+00:00,28.64
2024-07-09 01:00:00+00:00,10.69
2024-07-09 02:00:00+00:00,8.71
2024-07-09 03:00:00+00:00,21.23
2024-07-09 04:00:00+00:00,25.7
2024-07-09 05:00:00+00:00,56.67
2024-07-09 06:00:00+00:00,63.44
2024-07-09 07:00:00+00:00,54.49
2024-07-09 08:00:00+00:00,46.63
2024-07-09 09:00:00+00:00,33.71
2024-07-09 10:00:00+00:00,21.95
2024-07-09 11:00:00+00:00,9.63
2024-07-09 12:00:00+00:00,8.3
2024-07-09 13:00:00+00:00,15.59
2024-07-09 14:00:00+00:00,29.39
2024-07-09 15:00:00+00:00,48.8
2024-07-09 16:00:00+00:00,60.7
2024-07-09 17:00:00+00:00,84.77
2024-07-09 18:00:00+00:00,106.18
2024-07-09 19:00:00+00:00,108.02
2024-07-09 20:00:00+00:00,88.92
2024-07-09 21:00:00+00:00,77.87
2024-07-09 22:00:00+00:00,67.91
2024-07-09 23:00:00+00:00,61.33
2024-07-10 00:00:00+00:00,62.79
2024-07-10 01:00:00+00:00,57.08
2024-07-10 02:00:00+00:00,50.32
2024-07-10 03:00:00+00:00,53.82
2024-07-10 04:00:00+00:00,67.81
2024-07-10 05:00:00+00:00,78.45
2024-07-10 06:00:00+00:00,101.92
2024-07-10 07:00:00+00:00,84.93
2024-07-10 08:00:00+00:00,65.0
2024-07-10 09:00:00+00:00,55.83
2024-07-10 10:00:00+00:00,48.7
2024-07-10 11:00:00+00:00,43.25
2024-07-10 12:00:00+00:00,38.63
2024-07-10 13:00:00+00:00,31.56
2024-07-10 14:00:00+00:00,40.08
2024-07-10 15:00:00+00:00,52.5
2024-07-10 16:00:00+00:00,75.0
2024-07-10 17:00:00+00:00,99.58
2024-07-10 18:00:00+00:00,105.0
2024-07-10 19:00:00+00:00,94.72
2024-07-10 20:00:00+00:00,102.75
2024-07-10 21:00:00+00:00,92.45
2024-07-10 22:00:00+00:00,91.01
2024-07-10 23:00:00+00:00,75.41
2024-07-11 00:00:00+00:00,75.09
2024-07-11 01:00:00+00:00,59.57
2024-07-11 02:00:00+00:00,55.09
2024-07-11 03:00:00+00:00,80.06
2024-07-11 04:00:00+00:00,58.47
2024-07-11 05:00:00+00:00,87.0
2024-07-11 06:00:00+00:00,100.96
2024-07-11 07:00:00+00:00,89.69
2024-07-11 08:00:00+00:00,81.0
2024-07-11 09:00:00+00:00,68.49
2024-07-11 10:00:00+00:00,60.0
2024-07-11 11:00:00+00:00,51.14
2024-07-11 12:00:00+00:00,46.8
2024-07-11 13:00:00+00:00,50.98
2024-07-11 14:00:00+00:00,61.24
2024-07-11 15:00:00+00:00,71.53
2024-07-11 16:00:00+00:00,86.5
2024-07-11 17:00:00+00:00,105.22
2024-07-11 18:00:00+00:00,108.68
2024-07-11 19:00:00+00:00,109.55
2024-07-11 20:00:00+00:00,111.39
2024-07-11 21:00:00+00:00,97.15
2024-07-11 22:00:00+00:00,85.0
2024-07-11 23:00:00+00:00,60.15
2024-07-12 00:00:00+00:00,61.46
2024-07-12 01:00:00+00:00,53.45
2024-07-12 02:00:00+00:00,27.71
2024-07-12 03:00:00+00:00,41.5
2024-07-12 04:00:00+00:00,38.08
2024-07-12 05:00:00+00:00,53.29
2024-07-12 06:00:00+00:00,73.72
2024-07-12 07:00:00+00:00,49.0
2024-07-12 08:00:00+00:00,47.35
2024-07-12 09:00:00+00:00,49.98
2024-07-12 10:00:00+00:00,53.13
2024-07-12 11:00:00+00:00,42.16
2024-07-12 12:00:00+00:00,41.59
2024-07-12 13:00:00+00:00,36.03
2024-07-12 14:00:00+00:00,24.45
2024-07-12 15:00:00+00:00,38.36
2024-07-12 16:00:00+00:00,46.38
2024-07-12 17:00:00+00:00,52.8
2024-07-12 18:00:00+00:00,75.58
2024-07-12 19:00:00+00:00,89.93
2024-07-12 20:00:00+00:00,87.0
2024-07-12 21:00:00+00:00,79.97
2024-07-12 22:00:00+00:00,64.92
2024-07-12 23:00:00+00:00,57.52
2024-07-13 00:00:00+00:00,43.46
2024-07-13 01:00:00+00:00,39.12
2024-07-13 02:00:00+00:00,33.11
2024-07-13 03:00:00+00:00,31.44
2024-07-13 04:00:00+00:00,31.63
2024-07-13 05:00:00+00:00,28.21
2024-07-13 06:00:00+00:00,26.6
2024-07-13 07:00:00+00:00,20.97
2024-07-13 08:00:00+00:00,5.16
2024-07-13 09:00:00+00:00,0.04
2024-07-13 10:00:00+00:00,0.0
2024-07-13 11:00:00+00:00,-4.97
2024-07-13 12:00:00+00:00,-14.8
2024-07-13 13:00:00+00:00,-11.24
2024-07-13 14:00:00+00:00,-2.54
2024-07-13 15:00:00+00:00,0.9
2024-07-13 16:00:00+00:00,30.51
2024-07-13 17:00:00+00:00,49.38
2024-07-13 18:00:00+00:00,75.45
2024-07-13 19:00:00+00:00,76.02
2024-07-13 20:00:00+00:00,79.66
2024-07-13 21:00:00+00:00,65.04
2024-07-13 22:00:00+00:00,89.19
2024-07-13 23:00:00+00:00,63.52
2024-07-14 00:00:00+00:00,55.69
2024-07-14 01:00:00+00:00,44.57
2024-07-14 02:00:00+00:00,37.42
2024-07-14 03:00:00+00:00,37.3
2024-07-14 04:00:00+00:00,30.36
2024-07-14 05:00:00+00:00,14.28
2024-07-14 06:00:00+00:00,0.29
2024-07-14 07:00:00+00:00,-3.29
2024-07-14 08:00:00+00:00,-21.03
2024-07-14 09:00:00+00:00,-40.51
2024-07-14 10:00:00+00:00,-59.43
2024-07-14 11:00:00+00:00,-73.83
2024-07-14 12:00:00+00:00,-74.02
2024-07-14 13:00:00+00:00,-51.43
2024-07-14 14:00:00+00:00,-19.34
2024-07-14 15:00:00+00:00,0.0
2024-07-14 16:00:00+00:00,17.6
2024-07-14 17:00:00+00:00,44.81
2024-07-14 18:00:00+00:00,74.57
2024-07-14 19:00:00+00:00,95.73
2024-07-14 20:00:00+00:00,106.12
2024-07-14 21:00:00+00:00,87.53
2024-07-14 22:00:00+00:00,80.02
2024-07-14 23:00:00+00:00,66.64
2024-07-15 00:00:00+00:00,58.98
2024-07-15 01:00:00+00:00,50.01
2024-07-15 02:00:00+00:00,48.28
2024-07-15 03:00:00+00:00,50.08
2024-07-15 04:00:00+00:00,53.8
2024-07-15 05:00:00+00:00,66.61
2024-07-15 06:00:00+00:00,82.15
2024-07-15 07:00:00+00:00,62.01
2024-07-15 08:00:00+00:00,39.49
2024-07-15 09:00:00+00:00,15.84
2024-07-15 10:00:00+00:00,6.06
2024-07-15 11:00:00+00:00,3.74
2024-07-15 12:00:00+00:00,3.9
2024-07-15 13:00:00+00:00,9.18
2024-07-15 14:00:00+00:00,26.52
2024-07-15 15:00:00+00:00,31.5
2024-07-15 16:00:00+00:00,44.85
2024-07-15 17:00:00+00:00,60.0
2024-07-15 18:00:00+00:00,80.0
2024-07-15 19:00:00+00:00,86.08
2024-07-15 20:00:00+00:00,93.93
2024-07-15 21:00:00+00:00,80.65
2024-07-15 22:00:00+00:00,45.49
2024-07-15 23:00:00+00:00,19.63
2024-07-16 00:00:00+00:00,31.53
2024-07-16 01:00:00+00:00,31.25
2024-07-16 02:00:00+00:00,24.57
2024-07-16 03:00:00+00:00,26.5
2024-07-16 04:00:00+00:00,32.9
2024-07-16 05:00:00+00:00,26.72
2024-07-16 06:00:00+00:00,41.62
2024-07-16 07:00:00+00:00,38.96
2024-07-16 08:00:00+00:00,21.18
2024-07-16 09:00:00+00:00,3.96
2024-07-16 10:00:00+00:00,0.7
2024-07-16 11:00:00+00:00,0.0
2024-07-16 12:00:00+00:00,0.0
2024-07-16 13:00:00+00:00,0.0
2024-07-16 14:00:00+00:00,1.43
2024-07-16 15:00:00+00:00,35.04
2024-07-16 16:00:00+00:00,67.77
2024-07-16 17:00:00+00:00,94.5
2024-07-16 18:00:00+00:00,109.11
2024-07-16 19:00:00+00:00,117.23
2024-07-16 20:00:00+00:00,108.44
2024-07-16 21:00:00+00:00,89.34
2024-07-16 22:00:00+00:00,88.47
2024-07-16 23:00:00+00:00,73.58
2024-07-17 00:00:00+00:00,73.14
2024-07-17 01:00:00+00:00,70.76
2024-07-17 02:00:00+00:00,71.23
2024-07-17 03:00:00+00:00,77.84
2024-07-17 04:00:00+00:00,91.02
2024-07-17 05:00:00+00:00,100.9
2024-07-17 06:00:00+00:00,105.7
2024-07-17 07:00:00+00:00,79.04
2024-07-17 08:00:00+00:00,60.26
2024-07-17 09:00:00+00:00,44.8
2024-07-17 10:00:00+00:00,36.48
2024-07-17 11:00:00+00:00,26.62
2024-07-17 12:00:00+00:00,17.04
2024-07-17 13:00:00+00:00,19.58
2024-07-17 14:00:00+00:00,44.73
2024-07-17 15:00:00+00:00,65.94
2024-07-17 16:00:00+00:00,87.69
2024-07-17 17:00:00+00:00,104.63
2024-07-17 18:00:00+00:00,115.75
2024-07-17 19:00:00+00:00,125.26
2024-07-17 20:00:00+00:00,113.51
2024-07-17 21:00:00+00:00,88.48
2024-07-17 22:00:00+00:00,91.06
2024-07-17 23:00:00+00:00,80.65
2024-07-18 00:00:00+00:00,67.9
2024-07-18 01:00:00+00:00,74.06
2024-07-18 02:00:00+00:00,66.4
2024-07-18 03:00:00+00:00,69.35
2024-07-18 04:00:00+00:00,79.46
2024-07-18 05:00:00+00:00,98.83
2024-07-18 06:00:00+00:00,97.41
2024-07-18 07:00:00+00:00,80.78
2024-07-18 08:00:00+00:00,66.18
2024-07-18 09:00:00+00:00,50.25
2024-07-18 10:00:00+00:00,38.66
2024-07-18 11:00:00+00:00,37.79
2024-07-18 12:00:00+00:00,40.97
2024-07-18 13:00:00+00:00,52.36
2024-07-18 14:00:00+00:00,70.97
2024-07-18 15:00:00+00:00,88.98
2024-07-18 16:00:00+00:00,102.85
2024-07-18 17:00:00+00:00,121.22
2024-07-18 18:00:00+00:00,130.05
2024-07-18 19:00:00+00:00,138.23
2024-07-18 20:00:00+00:00,121.89
2024-07-18 21:00:00+00:00,102.25
2024-07-18 22:00:00+00:00,91.24
2024-07-18 23:00:00+00:00,80.86
2024-07-19 00:00:00+00:00,80.31
2024-07-19 01:00:00+00:00,70.62
2024-07-19 02:00:00+00:00,66.8
2024-07-19 03:00:00+00:00,75.71
2024-07-19 04:00:00+00:00,78.7
2024-07-19 05:00:00+00:00,96.94
2024-07-19 06:00:00+00:00,98.4
2024-07-19 07:00:00+00:00,81.43
2024-07-19 08:00:00+00:00,70.75
2024-07-19 09:00:00+00:00,60.77
2024-07-19 10:00:00+00:00,47.39
2024-07-19 11:00:00+00:00,40.03
2024-07-19 12:00:00+00:00,39.84
2024-07-19 13:00:00+00:00,46.02
2024-07-19 14:00:00+00:00,66.49
2024-07-19 15:00:00+00:00,78.05
2024-07-19 16:00:00+00:00,85.06
2024-07-19 17:00:00+00:00,98.1
2024-07-19 18:00:00+00:00,111.9
2024-07-19 19:00:00+00:00,121.22
2024-07-19 20:00:00+00:00,107.39
2024-07-19 21:00:00+00:00,91.88
2024-07-19 22:00:00+00:00,95.24
2024-07-19 23:00:00+00:00,89.74
2024-07-20 00:00:00+00:00,86.08
2024-07-20 01:00:00+00:00,77.73
2024-07-20 02:00:00+00:00,78.09
2024-07-20 03:00:00+00:00,81.83
2024-07-20 04:00:00+00:00,76.29
2024-07-20 05:00:00+00:00,65.6
2024-07-20 06:00:00+00:00,67.74
2024-07-20 07:00:00+00:00,50.0
2024-07-20 08:00:00+00:00,9.96
2024-07-20 09:00:00+00:00,1.57
2024-07-20 10:00:00+00:00,0.44
2024-07-20 11:00:00+00:00,0.0
2024-07-20 12:00:00+00:00,-0.01
2024-07-20 13:00:00+00:00,1.5
2024-07-20 14:00:00+00:00,3.97
2024-07-20 15:00:00+00:00,41.3
2024-07-20 16:00:00+00:00,52.02
2024-07-20 17:00:00+00:00,60.64
2024-07-20 18:00:00+00:00,60.05
2024-07-20 19:00:00+00:00,87.93
2024-07-20 20:00:00+00:00,88.31
2024-07-20 21:00:00+00:00,80.68
2024-07-20 22:00:00+00:00,67.98
2024-07-20 23:00:00+00:00,49.77
2024-07-21 00:00:00+00:00,42.26
2024-07-21 01:00:00+00:00,43.41
2024-07-21 02:00:00+00:00,35.35
2024-07-21 03:00:00+00:00,30.8
2024-07-21 04:00:00+00:00,32.0
2024-07-21 05:00:00+00:00,34.57
2024-07-21 06:00:00+00:00,25.07
2024-07-21 07:00:00+00:00,0.49
2024-07-21 08:00:00+00:00,0.04
2024-07-21 09:00:00+00:00,0.0
2024-07-21 10:00:00+00:00,-0.01
2024-07-21 11:00:00+00:00,-0.1
2024-07-21 12:00:00+00:00,-0.25
2024-07-21 13:00:00+00:00,-0.01
2024-07-21 14:00:00+00:00,0.0
2024-07-21 15:00:00+00:00,0.0
2024-07-21 16:00:00+00:00,0.1
2024-07-21 17:00:00+00:00,25.06
2024-07-21 18:00:00+00:00,50.23
2024-07-21 19:00:00+00:00,59.83
2024-07-21 20:00:00+00:00,57.52
2024-07-21 21:00:00+00:00,65.0
2024-07-21 22:00:00+00:00,52.82
2024-07-21 23:00:00+00:00,51.66
2024-07-22 00:00:00+00:00,58.84
2024-07-22 01:00:00+00:00,49.99
2024-07-22 02:00:00+00:00,48.17
2024-07-22 03:00:00+00:00,57.87
2024-07-22 04:00:00+00:00,54.0
2024-07-22 05:00:00+00:00,56.96
2024-07-22 06:00:00+00:00,68.2
2024-07-22 07:00:00+00:00,53.68
2024-07-22 08:00:00+00:00,56.18
2024-07-22 09:00:00+00:00,51.4
2024-07-22 10:00:00+00:00,51.39
2024-07-22 11:00:00+00:00,37.03
2024-07-22 12:00:00+00:00,23.18
2024-07-22 13:00:00+00:00,24.13
2024-07-22 14:00:00+00:00,41.89
2024-07-22 15:00:00+00:00,56.31
2024-07-22 16:00:00+00:00,62.27
2024-07-22 17:00:00+00:00,82.87
2024-07-22 18:00:00+00:00,88.79
2024-07-22 19:00:00+00:00,77.46
2024-07-22 20:00:00+00:00,100.59
2024-07-22 21:00:00+00:00,77.05
2024-07-22 22:00:00+00:00,76.67
2024-07-22 23:00:00+00:00,54.46
2024-07-23 00:00:00+00:00,44.61
2024-07-23 01:00:00+00:00,44.57
2024-07-23 02:00:00+00:00,38.32
2024-07-23 03:00:00+00:00,44.49
2024-07-23 04:00:00+00:00,52.2
2024-07-23 05:00:00+00:00,52.0
2024-07-23 06:00:00+00:00,72.69
2024-07-23 07:00:00+00:00,62.46
2024-07-23 08:00:00+00:00,48.68
2024-07-23 09:00:00+00:00,36.95
2024-07-23 10:00:00+00:00,7.36
2024-07-23 11:00:00+00:00,10.04
2024-07-23 12:00:00+00:00,9.37
2024-07-23 13:00:00+00:00,4.84
2024-07-23 14:00:00+00:00,19.82
2024-07-23 15:00:00+00:00,41.99
2024-07-23 16:00:00+00:00,84.32
2024-07-23 17:00:00+00:00,90.67
2024-07-23 18:00:00+00:00,105.11
2024-07-23 19:00:00+00:00,97.61
2024-07-23 20:00:00+00:00,102.05
2024-07-23 21:00:00+00:00,91.73
2024-07-23 22:00:00+00:00,83.05
2024-07-23 23:00:00+00:00,78.11
2024-07-24 00:00:00+00:00,73.95
2024-07-24 01:00:00+00:00,58.6
2024-07-24 02:00:00+00:00,56.04
2024-07-24 03:00:00+00:00,65.01
2024-07-24 04:00:00+00:00,72.0
2024-07-24 05:00:00+00:00,75.85
2024-07-24 06:00:00+00:00,99.8
2024-07-24 07:00:00+00:00,75.11
2024-07-24 08:00:00+00:00,57.1
2024-07-24 09:00:00+00:00,24.06
2024-07-24 10:00:00+00:00,6.16
2024-07-24 11:00:00+00:00,3.35
2024-07-24 12:00:00+00:00,0.01
2024-07-24 13:00:00+00:00,5.5
2024-07-24 14:00:00+00:00,12.8
2024-07-24 15:00:00+00:00,47.14
2024-07-24 16:00:00+00:00,74.54
2024-07-24 17:00:00+00:00,100.85
2024-07-24 18:00:00+00:00,108.98
2024-07-24 19:00:00+00:00,112.8
2024-07-24 20:00:00+00:00,99.24
2024-07-24 21:00:00+00:00,75.12
2024-07-24 22:00:00+00:00,40.64
2024-07-24 23:00:00+00:00,39.79
2024-07-25 00:00:00+00:00,45.42
2024-07-25 01:00:00+00:00,48.1
2024-07-25 02:00:00+00:00,45.06
2024-07-25 03:00:00+00:00,40.78
2024-07-25 04:00:00+00:00,53.59
2024-07-25 05:00:00+00:00,53.21
2024-07-25 06:00:00+00:00,61.26
2024-07-25 07:00:00+00:00,44.89
2024-07-25 08:00:00+00:00,48.11
2024-07-25 09:00:00+00:00,36.95
2024-07-25 10:00:00+00:00,24.31
2024-07-25 11:00:00+00:00,17.36
2024-07-25 12:00:00+00:00,13.27
2024-07-25 13:00:00+00:00,26.2
2024-07-25 14:00:00+00:00,51.58
2024-07-25 15:00:00+00:00,54.3
2024-07-25 16:00:00+00:00,70.92
2024-07-25 17:00:00+00:00,86.93
2024-07-25 18:00:00+00:00,106.44
2024-07-25 19:00:00+00:00,99.5
2024-07-25 20:00:00+00:00,100.0
2024-07-25 21:00:00+00:00,84.86
2024-07-25 22:00:00+00:00,59.07
2024-07-25 23:00:00+00:00,70.65
2024-07-26 00:00:00+00:00,51.42
2024-07-26 01:00:00+00:00,53.63
2024-07-26 02:00:00+00:00,52.27
2024-07-26 03:00:00+00:00,55.16
2024-07-26 04:00:00+00:00,55.9
2024-07-26 05:00:00+00:00,57.51
2024-07-26 06:00:00+00:00,78.28
2024-07-26 07:00:00+00:00,84.77
2024-07-26 08:00:00+00:00,75.84
2024-07-26 09:00:00+00:00,62.91
2024-07-26 10:00:00+00:00,64.4
2024-07-26 11:00:00+00:00,46.51
2024-07-26 12:00:00+00:00,46.67
2024-07-26 13:00:00+00:00,48.7
2024-07-26 14:00:00+00:00,57.21
2024-07-26 15:00:00+00:00,72.8
2024-07-26 16:00:00+00:00,76.0
2024-07-26 17:00:00+00:00,82.22
2024-07-26 18:00:00+00:00,68.28
2024-07-26 19:00:00+00:00,62.79
2024-07-26 20:00:00+00:00,80.39
2024-07-26 21:00:00+00:00,91.02
2024-07-26 22:00:00+00:00,74.94
2024-07-26 23:00:00+00:00,52.7
2024-07-27 00:00:00+00:00,42.8
2024-07-27 01:00:00+00:00,41.28
2024-07-27 02:00:00+00:00,39.43
2024-07-27 03:00:00+00:00,43.78
2024-07-27 04:00:00+00:00,37.86
2024-07-27 05:00:00+00:00,29.06
2024-07-27 06:00:00+00:00,39.28
2024-07-27 07:00:00+00:00,40.86
2024-07-27 08:00:00+00:00,47.09
2024-07-27 09:00:00+00:00,39.9
2024-07-27 10:00:00+00:00,28.0
2024-07-27 11:00:00+00:00,17.8
2024-07-27 12:00:00+00:00,17.92
2024-07-27 13:00:00+00:00,18.8
2024-07-27 14:00:00+00:00,15.0
2024-07-27 15:00:00+00:00,31.51
2024-07-27 16:00:00+00:00,55.24
2024-07-27 17:00:00+00:00,56.7
2024-07-27 18:00:00+00:00,52.13
2024-07-27 19:00:00+00:00,53.85
2024-07-27 20:00:00+00:00,60.69
2024-07-27 21:00:00+00:00,56.71
2024-07-27 22:00:00+00:00,30.0
2024-07-27 23:00:00+00:00,39.46
2024-07-28 00:00:00+00:00,37.99
2024-07-28 01:00:00+00:00,24.46
2024-07-28 02:00:00+00:00,14.29
2024-07-28 03:00:00+00:00,28.97
2024-07-28 04:00:00+00:00,16.61
2024-07-28 05:00:00+00:00,10.59
2024-07-28 06:00:00+00:00,25.49
2024-07-28 07:00:00+00:00,4.79
2024-07-28 08:00:00+00:00,0.0
2024-07-28 09:00:00+00:00,-0.01
2024-07-28 10:00:00+00:00,-0.01
2024-07-28 11:00:00+00:00,-14.84
2024-07-28 12:00:00+00:00,-36.15
2024-07-28 13:00:00+00:00,-30.05
2024-07-28 14:00:00+00:00,-7.9
2024-07-28 15:00:00+00:00,0.15
2024-07-28 16:00:00+00:00,41.26
2024-07-28 17:00:00+00:00,47.54
2024-07-28 18:00:00+00:00,47.49
2024-07-28 19:00:00+00:00,44.48
2024-07-28 20:00:00+00:00,51.88
2024-07-28 21:00:00+00:00,47.85
2024-07-28 22:00:00+00:00,16.98
2024-07-28 23:00:00+00:00,14.86
2024-07-29 00:00:00+00:00,12.69
2024-07-29 01:00:00+00:00,7.43
2024-07-29 02:00:00+00:00,6.69
2024-07-29 03:00:00+00:00,7.07
2024-07-29 04:00:00+00:00,11.24
2024-07-29 05:00:00+00:00,17.6
2024-07-29 06:00:00+00:00,27.02
2024-07-29 07:00:00+00:00,23.92
2024-07-29 08:00:00+00:00,15.2
2024-07-29 09:00:00+00:00,5.4
2024-07-29 10:00:00+00:00,0.0
2024-07-29 11:00:00+00:00,0.0
2024-07-29 12:00:00+00:00,0.0
2024-07-29 13:00:00+00:00,1.4
2024-07-29 14:00:00+00:00,15.36
2024-07-29 15:00:00+00:00,59.59
2024-07-29 16:00:00+00:00,71.34
2024-07-29 17:00:00+00:00,93.66
2024-07-29 18:00:00+00:00,87.89
2024-07-29 19:00:00+00:00,82.82
2024-07-29 20:00:00+00:00,90.8
2024-07-29 21:00:00+00:00,90.2
2024-07-29 22:00:00+00:00,58.3
2024-07-29 23:00:00+00:00,52.42
2024-07-30 00:00:00+00:00,42.91
2024-07-30 01:00:00+00:00,40.63
2024-07-30 02:00:00+00:00,36.36
2024-07-30 03:00:00+00:00,43.66
2024-07-30 04:00:00+00:00,48.13
2024-07-30 05:00:00+00:00,55.08
2024-07-30 06:00:00+00:00,61.31
2024-07-30 07:00:00+00:00,51.87
2024-07-30 08:00:00+00:00,37.52
2024-07-30 09:00:00+00:00,7.84
2024-07-30 10:00:00+00:00,1.13
2024-07-30 11:00:00+00:00,0.04
2024-07-30 12:00:00+00:00,0.71
2024-07-30 13:00:00+00:00,13.65
2024-07-30 14:00:00+00:00,41.6
2024-07-30 15:00:00+00:00,68.1
2024-07-30 16:00:00+00:00,83.74
2024-07-30 17:00:00+00:00,108.31
2024-07-30 18:00:00+00:00,100.25
2024-07-30 19:00:00+00:00,109.53
2024-07-30 20:00:00+00:00,105.73
2024-07-30 21:00:00+00:00,99.04
2024-07-30 22:00:00+00:00,93.97
2024-07-30 23:00:00+00:00,69.03
2024-07-31 00:00:00+00:00,62.25
2024-07-31 01:00:00+00:00,49.15
2024-07-31 02:00:00+00:00,43.27
2024-07-31 03:00:00+00:00,48.18
2024-07-31 04:00:00+00:00,60.39
2024-07-31 05:00:00+00:00,60.71
2024-07-31 06:00:00+00:00,91.57
2024-07-31 07:00:00+00:00,71.81
2024-07-31 08:00:00+00:00,55.89
2024-07-31 09:00:00+00:00,33.46
2024-07-31 10:00:00+00:00,26.75
2024-07-31 11:00:00+00:00,16.95
2024-07-31 12:00:00+00:00,22.63
2024-07-31 13:00:00+00:00,33.39
2024-07-31 14:00:00+00:00,46.09
2024-07-31 15:00:00+00:00,76.52
2024-07-31 16:00:00+00:00,94.37
2024-07-31 17:00:00+00:00,111.14
2024-07-31 18:00:00+00:00,108.57
2024-07-31 19:00:00+00:00,97.1
2024-07-31 20:00:00+00:00,103.46
2024-07-31 21:00:00+00:00,96.78
2024-07-31 22:00:00+00:00,96.91
2024-07-31 23:00:00+00:00,81.91
2024-08-01 00:00:00+00:00,86.95
2024-08-01 01:00:00+00:00,72.24
2024-08-01 02:00:00+00:00,66.69
2024-08-01 03:00:00+00:00,62.13
2024-08-01 04:00:00+00:00,57.2
2024-08-01 05:00:00+00:00,71.99
2024-08-01 06:00:00+00:00,105.95
2024-08-01 07:00:00+00:00,90.1
2024-08-01 08:00:00+00:00,76.95
2024-08-01 09:00:00+00:00,67.64
2024-08-01 10:00:00+00:00,64.03
2024-08-01 11:00:00+00:00,60.0
2024-08-01 12:00:00+00:00,59.96
2024-08-01 13:00:00+00:00,65.43
2024-08-01 14:00:00+00:00,47.26
2024-08-01 15:00:00+00:00,65.83
2024-08-01 16:00:00+00:00,94.37
2024-08-01 17:00:00+00:00,106.07
2024-08-01 18:00:00+00:00,101.75
2024-08-01 19:00:00+00:00,103.3
2024-08-01 20:00:00+00:00,108.95
2024-08-01 21:00:00+00:00,91.99
2024-08-01 22:00:00+00:00,93.93
2024-08-01 23:00:00+00:00,79.36
2024-08-02 00:00:00+00:00,82.25
2024-08-02 01:00:00+00:00,69.34
2024-08-02 02:00:00+00:00,61.16
2024-08-02 03:00:00+00:00,58.33
2024-08-02 04:00:00+00:00,76.77
2024-08-02 05:00:00+00:00,107.14
2024-08-02 06:00:00+00:00,109.7
2024-08-02 07:00:00+00:00,104.42
2024-08-02 08:00:00+00:00,75.59
2024-08-02 09:00:00+00:00,65.16
2024-08-02 10:00:00+00:00,69.83
2024-08-02 11:00:00+00:00,58.09
2024-08-02 12:00:00+00:00,53.06
2024-08-02 13:00:00+00:00,51.24
2024-08-02 14:00:00+00:00,49.95
2024-08-02 15:00:00+00:00,58.77
2024-08-02 16:00:00+00:00,65.0
2024-08-02 17:00:00+00:00,88.0
2024-08-02 18:00:00+00:00,100.2
2024-08-02 19:00:00+00:00,105.51
2024-08-02 20:00:00+00:00,102.51
2024-08-02 21:00:00+00:00,98.57
2024-08-02 22:00:00+00:00,62.52
2024-08-02 23:00:00+00:00,45.41
2024-08-03 00:00:00+00:00,43.01
2024-08-03 01:00:00+00:00,32.81
2024-08-03 02:00:00+00:00,29.95
2024-08-03 03:00:00+00:00,35.48
2024-08-03 04:00:00+00:00,32.63
2024-08-03 05:00:00+00:00,33.89
2024-08-03 06:00:00+00:00,33.9
2024-08-03 07:00:00+00:00,26.34
2024-08-03 08:00:00+00:00,32.44
2024-08-03 09:00:00+00:00,20.36
2024-08-03 10:00:00+00:00,14.66
2024-08-03 11:00:00+00:00,6.41
2024-08-03 12:00:00+00:00,4.17
2024-08-03 13:00:00+00:00,10.07
2024-08-03 14:00:00+00:00,10.2
2024-08-03 15:00:00+00:00,20.0
2024-08-03 16:00:00+00:00,37.91
2024-08-03 17:00:00+00:00,52.03
2024-08-03 18:00:00+00:00,53.09
2024-08-03 19:00:00+00:00,52.26
2024-08-03 20:00:00+00:00,63.71
2024-08-03 21:00:00+00:00,57.59
2024-08-03 22:00:00+00:00,45.16
2024-08-03 23:00:00+00:00,41.5
2024-08-04 00:00:00+00:00,37.63
2024-08-04 01:00:00+00:00,18.42
2024-08-04 02:00:00+00:00,14.62
2024-08-04 03:00:00+00:00,19.91
2024-08-04 04:00:00+00:00,20.15
2024-08-04 05:00:00+00:00,24.98
2024-08-04 06:00:00+00:00,26.53
2024-08-04 07:00:00+00:00,20.01
2024-08-04 08:00:00+00:00,8.05
2024-08-04 09:00:00+00:00,2.05
2024-08-04 10:00:00+00:00,0.06
2024-08-04 11:00:00+00:00,-0.04
2024-08-04 12:00:00+00:00,-2.16
2024-08-04 13:00:00+00:00,-0.01
2024-08-04 14:00:00+00:00,1.13
2024-08-04 15:00:00+00:00,22.05
2024-08-04 16:00:00+00:00,55.29
2024-08-04 17:00:00+00:00,70.41
2024-08-04 18:00:00+00:00,87.29
2024-08-04 19:00:00+00:00,87.44
2024-08-04 20:00:00+00:00,96.02
2024-08-04 21:00:00+00:00,76.86
2024-08-04 22:00:00+00:00,29.56
2024-08-04 23:00:00+00:00,25.82
2024-08-05 00:00:00+00:00,29.31
2024-08-05 01:00:00+00:00,19.44
2024-08-05 02:00:00+00:00,23.8
2024-08-05 03:00:00+00:00,25.51
2024-08-05 04:00:00+00:00,36.06
2024-08-05 05:00:00+00:00,40.9
2024-08-05 06:00:00+00:00,55.1
2024-08-05 07:00:00+00:00,47.96
2024-08-05 08:00:00+00:00,26.7
2024-08-05 09:00:00+00:00,24.23
2024-08-05 10:00:00+00:00,35.05
2024-08-05 11:00:00+00:00,6.97
2024-08-05 12:00:00+00:00,9.74
2024-08-05 13:00:00+00:00,9.97
2024-08-05 14:00:00+00:00,17.78
2024-08-05 15:00:00+00:00,40.4
2024-08-05 16:00:00+00:00,86.69
2024-08-05 17:00:00+00:00,107.6
2024-08-05 18:00:00+00:00,109.62
2024-08-05 19:00:00+00:00,107.76
2024-08-05 20:00:00+00:00,104.73
2024-08-05 21:00:00+00:00,95.75
2024-08-05 22:00:00+00:00,59.55
2024-08-05 23:00:00+00:00,42.59
2024-08-06 00:00:00+00:00,37.77
2024-08-06 01:00:00+00:00,29.61
2024-08-06 02:00:00+00:00,28.41
2024-08-06 03:00:00+00:00,38.07
2024-08-06 04:00:00+00:00,35.79
2024-08-06 05:00:00+00:00,40.67
2024-08-06 06:00:00+00:00,63.5
2024-08-06 07:00:00+00:00,52.11
2024-08-06 08:00:00+00:00,36.1
2024-08-06 09:00:00+00:00,21.44
2024-08-06 10:00:00+00:00,15.95
2024-08-06 11:00:00+00:00,3.12
2024-08-06 12:00:00+00:00,4.99
2024-08-06 13:00:00+00:00,19.53
2024-08-06 14:00:00+00:00,10.91
2024-08-06 15:00:00+00:00,41.61
2024-08-06 16:00:00+00:00,54.7
2024-08-06 17:00:00+00:00,88.61
2024-08-06 18:00:00+00:00,77.01
2024-08-06 19:00:00+00:00,80.84
2024-08-06 20:00:00+00:00,87.72
2024-08-06 21:00:00+00:00,75.95
2024-08-06 22:00:00+00:00,49.4
2024-08-06 23:00:00+00:00,37.0
2024-08-07 00:00:00+00:00,32.75
2024-08-07 01:00:00+00:00,18.81
2024-08-07 02:00:00+00:00,20.12
2024-08-07 03:00:00+00:00,21.85
2024-08-07 04:00:00+00:00,29.02
2024-08-07 05:00:00+00:00,30.57
2024-08-07 06:00:00+00:00,43.68
2024-08-07 07:00:00+00:00,38.8
2024-08-07 08:00:00+00:00,34.72
2024-08-07 09:00:00+00:00,14.96
2024-08-07 10:00:00+00:00,19.62
2024-08-07 11:00:00+00:00,19.68
2024-08-07 12:00:00+00:00,16.79
2024-08-07 13:00:00+00:00,18.3
2024-08-07 14:00:00+00:00,6.17
2024-08-07 15:00:00+00:00,11.37
2024-08-07 16:00:00+00:00,44.58
2024-08-07 17:00:00+00:00,62.5
2024-08-07 18:00:00+00:00,62.61
2024-08-07 19:00:00+00:00,59.43
2024-08-07 20:00:00+00:00,67.68
2024-08-07 21:00:00+00:00,65.14
2024-08-07 22:00:00+00:00,42.9
2024-08-07 23:00:00+00:00,35.58
2024-08-08 00:00:00+00:00,24.32
2024-08-08 01:00:00+00:00,18.31
2024-08-08 02:00:00+00:00,17.17
2024-08-08 03:00:00+00:00,25.71
2024-08-08 04:00:00+00:00,27.96
2024-08-08 05:00:00+00:00,42.11
2024-08-08 06:00:00+00:00,52.12
2024-08-08 07:00:00+00:00,44.85
2024-08-08 08:00:00+00:00,23.78
2024-08-08 09:00:00+00:00,18.35
2024-08-08 10:00:00+00:00,29.69
2024-08-08 11:00:00+00:00,0.08
2024-08-08 12:00:00+00:00,1.19
2024-08-08 13:00:00+00:00,0.1
2024-08-08 14:00:00+00:00,15.0
2024-08-08 15:00:00+00:00,26.71
2024-08-08 16:00:00+00:00,51.9
2024-08-08 17:00:00+00:00,52.09
2024-08-08 18:00:00+00:00,48.55
2024-08-08 19:00:00+00:00,44.73
2024-08-08 20:00:00+00:00,52.19
2024-08-08 21:00:00+00:00,48.95
2024-08-08 22:00:00+00:00,22.4
2024-08-08 23:00:00+00:00,13.02
2024-08-09 00:00:00+00:00,3.2
2024-08-09 01:00:00+00:00,-0.01
2024-08-09 02:00:00+00:00,-0.02
2024-08-09 03:00:00+00:00,0.01
2024-08-09 04:00:00+00:00,4.05
2024-08-09 05:00:00+00:00,14.66
2024-08-09 06:00:00+00:00,35.05
2024-08-09 07:00:00+00:00,26.8
2024-08-09 08:00:00+00:00,4.85
2024-08-09 09:00:00+00:00,0.1
2024-08-09 10:00:00+00:00,0.07
2024-08-09 11:00:00+00:00,0.0
2024-08-09 12:00:00+00:00,-0.72
2024-08-09 13:00:00+00:00,-0.01
2024-08-09 14:00:00+00:00,0.0
2024-08-09 15:00:00+00:00,5.64
2024-08-09 16:00:00+00:00,42.37
2024-08-09 17:00:00+00:00,72.47
2024-08-09 18:00:00+00:00,80.75
2024-08-09 19:00:00+00:00,89.9
2024-08-09 20:00:00+00:00,89.22
2024-08-09 21:00:00+00:00,67.08
2024-08-09 22:00:00+00:00,51.7
2024-08-09 23:00:00+00:00,26.41
2024-08-10 00:00:00+00:00,16.38
2024-08-10 01:00:00+00:00,14.08
2024-08-10 02:00:00+00:00,10.21
2024-08-10 03:00:00+00:00,14.33
2024-08-10 04:00:00+00:00,16.14
2024-08-10 05:00:00+00:00,21.21
2024-08-10 06:00:00+00:00,28.2
2024-08-10 07:00:00+00:00,0.24
2024-08-10 08:00:00+00:00,-2.97
2024-08-10 09:00:00+00:00,-12.13
2024-08-10 10:00:00+00:00,-22.39
2024-08-10 11:00:00+00:00,-29.87
2024-08-10 12:00:00+00:00,-21.92
2024-08-10 13:00:00+00:00,-28.93
2024-08-10 14:00:00+00:00,-7.94
2024-08-10 15:00:00+00:00,0.65
2024-08-10 16:00:00+00:00,49.49
2024-08-10 17:00:00+00:00,81.67
2024-08-10 18:00:00+00:00,71.91
2024-08-10 19:00:00+00:00,64.03
2024-08-10 20:00:00+00:00,88.35
2024-08-10 21:00:00+00:00,83.04
2024-08-10 22:00:00+00:00,45.03
2024-08-10 23:00:00+00:00,40.59
2024-08-11 00:00:00+00:00,31.88
2024-08-11 01:00:00+00:00,23.57
2024-08-11 02:00:00+00:00,12.54
2024-08-11 03:00:00+00:00,13.48
2024-08-11 04:00:00+00:00,10.44
2024-08-11 05:00:00+00:00,4.79
2024-08-11 06:00:00+00:00,13.05
2024-08-11 07:00:00+00:00,0.0
2024-08-11 08:00:00+00:00,-4.98
2024-08-11 09:00:00+00:00,-14.91
2024-08-11 10:00:00+00:00,-30.64
2024-08-11 11:00:00+00:00,-59.67
2024-08-11 12:00:00+00:00,-50.03
2024-08-11 13:00:00+00:00,-30.98
2024-08-11 14:00:00+00:00,-4.99
2024-08-11 15:00:00+00:00,4.12
2024-08-11 16:00:00+00:00,36.42
2024-08-11 17:00:00+00:00,50.5
2024-08-11 18:00:00+00:00,59.34
2024-08-11 19:00:00+00:00,53.74
2024-08-11 20:00:00+00:00,54.24
2024-08-11 21:00:00+00:00,49.49
2024-08-11 22:00:00+00:00,28.74
2024-08-11 23:00:00+00:00,15.0
2024-08-12 00:00:00+00:00,2.81
2024-08-12 01:00:00+00:00,1.15
2024-08-12 02:00:00+00:00,0.0
2024-08-12 03:00:00+00:00,0.03
2024-08-12 04:00:00+00:00,16.26
2024-08-12 05:00:00+00:00,15.3
2024-08-12 06:00:00+00:00,45.78
2024-08-12 07:00:00+00:00,45.69
2024-08-12 08:00:00+00:00,40.12
2024-08-12 09:00:00+00:00,16.04
2024-08-12 10:00:00+00:00,10.06
2024-08-12 11:00:00+00:00,6.98
2024-08-12 12:00:00+00:00,18.03
2024-08-12 13:00:00+00:00,27.49
2024-08-12 14:00:00+00:00,49.03
2024-08-12 15:00:00+00:00,82.1
2024-08-12 16:00:00+00:00,90.57
2024-08-12 17:00:00+00:00,117.15
2024-08-12 18:00:00+00:00,124.95
2024-08-12 19:00:00+00:00,130.6
2024-08-12 20:00:00+00:00,108.51
2024-08-12 21:00:00+00:00,100.16
2024-08-12 22:00:00+00:00,100.07
2024-08-12 23:00:00+00:00,88.27
2024-08-13 00:00:00+00:00,65.15
2024-08-13 01:00:00+00:00,62.37
2024-08-13 02:00:00+00:00,60.94
2024-08-13 03:00:00+00:00,68.0
2024-08-13 04:00:00+00:00,95.16
2024-08-13 05:00:00+00:00,113.58
2024-08-13 06:00:00+00:00,117.89
2024-08-13 07:00:00+00:00,92.94
2024-08-13 08:00:00+00:00,70.74
2024-08-13 09:00:00+00:00,58.44
2024-08-13 10:00:00+00:00,46.76
2024-08-13 11:00:00+00:00,43.87
2024-08-13 12:00:00+00:00,50.97
2024-08-13 13:00:00+00:00,66.73
2024-08-13 14:00:00+00:00,80.05
2024-08-13 15:00:00+00:00,84.5
2024-08-13 16:00:00+00:00,96.02
2024-08-13 17:00:00+00:00,101.51
2024-08-13 18:00:00+00:00,108.29
2024-08-13 19:00:00+00:00,100.87
2024-08-13 20:00:00+00:00,113.76
2024-08-13 21:00:00+00:00,102.92
2024-08-13 22:00:00+00:00,88.5
2024-08-13 23:00:00+00:00,78.5
2024-08-14 00:00:00+00:00,76.56
2024-08-14 01:00:00+00:00,64.0
2024-08-14 02:00:00+00:00,71.51
2024-08-14 03:00:00+00:00,70.2
2024-08-14 04:00:00+00:00,80.38
2024-08-14 05:00:00+00:00,102.07
2024-08-14 06:00:00+00:00,109.87
2024-08-14 07:00:00+00:00,90.0
2024-08-14 08:00:00+00:00,75.0
2024-08-14 09:00:00+00:00,76.01
2024-08-14 10:00:00+00:00,75.78
2024-08-14 11:00:00+00:00,76.44
2024-08-14 12:00:00+00:00,75.59
2024-08-14 13:00:00+00:00,65.61
2024-08-14 14:00:00+00:00,69.98
2024-08-14 15:00:00+00:00,69.47
2024-08-14 16:00:00+00:00,110.44
2024-08-14 17:00:00+00:00,115.77
2024-08-14 18:00:00+00:00,109.02
2024-08-14 19:00:00+00:00,114.26
2024-08-14 20:00:00+00:00,108.54
2024-08-14 21:00:00+00:00,94.18
2024-08-14 22:00:00+00:00,69.47
2024-08-14 23:00:00+00:00,59.32
2024-08-15 00:00:00+00:00,55.29
2024-08-15 01:00:00+00:00,55.89
2024-08-15 02:00:00+00:00,44.91
2024-08-15 03:00:00+00:00,49.55
2024-08-15 04:00:00+00:00,53.94
2024-08-15 05:00:00+00:00,61.67
2024-08-15 06:00:00+00:00,49.65
2024-08-15 07:00:00+00:00,24.57
2024-08-15 08:00:00+00:00,18.66
2024-08-15 09:00:00+00:00,9.09
2024-08-15 10:00:00+00:00,10.21
2024-08-15 11:00:00+00:00,0.9
2024-08-15 12:00:00+00:00,0.9
2024-08-15 13:00:00+00:00,4.13
2024-08-15 14:00:00+00:00,10.19
2024-08-15 15:00:00+00:00,6.03
2024-08-15 16:00:00+00:00,15.98
2024-08-15 17:00:00+00:00,62.0
2024-08-15 18:00:00+00:00,84.29
2024-08-15 19:00:00+00:00,83.89
2024-08-15 20:00:00+00:00,96.42
2024-08-15 21:00:00+00:00,85.36
2024-08-15 22:00:00+00:00,74.47
2024-08-15 23:00:00+00:00,68.81
2024-08-16 00:00:00+00:00,68.5
2024-08-16 01:00:00+00:00,65.32
2024-08-16 02:00:00+00:00,59.59
2024-08-16 03:00:00+00:00,67.4
2024-08-16 04:00:00+00:00,63.96
2024-08-16 05:00:00+00:00,77.6
2024-08-16 06:00:00+00:00,91.06
2024-08-16 07:00:00+00:00,70.0
2024-08-16 08:00:00+00:00,63.87
2024-08-16 09:00:00+00:00,63.37
2024-08-16 10:00:00+00:00,59.22
2024-08-16 11:00:00+00:00,53.93
2024-08-16 12:00:00+00:00,50.72
2024-08-16 13:00:00+00:00,56.27
2024-08-16 14:00:00+00:00,62.17
2024-08-16 15:00:00+00:00,63.37
2024-08-16 16:00:00+00:00,65.4
2024-08-16 17:00:00+00:00,103.52
2024-08-16 18:00:00+00:00,107.96
2024-08-16 19:00:00+00:00,114.51
2024-08-16 20:00:00+00:00,119.99
2024-08-16 21:00:00+00:00,116.16
2024-08-16 22:00:00+00:00,107.05
2024-08-16 23:00:00+00:00,90.86
2024-08-17 00:00:00+00:00,90.6
2024-08-17 01:00:00+00:00,81.87
2024-08-17 02:00:00+00:00,71.04
2024-08-17 03:00:00+00:00,71.39
2024-08-17 04:00:00+00:00,75.52
2024-08-17 05:00:00+00:00,73.6
2024-08-17 06:00:00+00:00,84.01
2024-08-17 07:00:00+00:00,71.74
2024-08-17 08:00:00+00:00,68.01
2024-08-17 09:00:00+00:00,52.66
2024-08-17 10:00:00+00:00,43.31
2024-08-17 11:00:00+00:00,37.37
2024-08-17 12:00:00+00:00,34.72
2024-08-17 13:00:00+00:00,37.57
2024-08-17 14:00:00+00:00,47.81
2024-08-17 15:00:00+00:00,69.24
2024-08-17 16:00:00+00:00,71.51
2024-08-17 17:00:00+00:00,87.41
2024-08-17 18:00:00+00:00,103.92
2024-08-17 19:00:00+00:00,114.07
2024-08-17 20:00:00+00:00,113.2
2024-08-17 21:00:00+00:00,105.02
2024-08-17 22:00:00+00:00,87.77
2024-08-17 23:00:00+00:00,78.23
2024-08-18 00:00:00+00:00,73.38
2024-08-18 01:00:00+00:00,65.67
2024-08-18 02:00:00+00:00,61.85
2024-08-18 03:00:00+00:00,58.22
2024-08-18 04:00:00+00:00,61.69
2024-08-18 05:00:00+00:00,57.88
2024-08-18 06:00:00+00:00,62.07
2024-08-18 07:00:00+00:00,40.71
2024-08-18 08:00:00+00:00,14.93
2024-08-18 09:00:00+00:00,14.14
2024-08-18 10:00:00+00:00,14.07
2024-08-18 11:00:00+00:00,4.57
2024-08-18 12:00:00+00:00,0.05
2024-08-18 13:00:00+00:00,0.0
2024-08-18 14:00:00+00:00,1.08
2024-08-18 15:00:00+00:00,10.99
2024-08-18 16:00:00+00:00,42.82
2024-08-18 17:00:00+00:00,75.83
2024-08-18 18:00:00+00:00,89.5
2024-08-18 19:00:00+00:00,110.34
2024-08-18 20:00:00+00:00,111.64
2024-08-18 21:00:00+00:00,99.69
2024-08-18 22:00:00+00:00,91.7
2024-08-18 23:00:00+00:00,76.6
2024-08-19 00:00:00+00:00,72.51
2024-08-19 01:00:00+00:00,75.92
2024-08-19 02:00:00+00:00,75.65
2024-08-19 03:00:00+00:00,79.97
2024-08-19 04:00:00+00:00,72.4
2024-08-19 05:00:00+00:00,104.76
2024-08-19 06:00:00+00:00,116.92
2024-08-19 07:00:00+00:00,112.58
2024-08-19 08:00:00+00:00,82.35
2024-08-19 09:00:00+00:00,74.28
2024-08-19 10:00:00+00:00,70.0
2024-08-19 11:00:00+00:00,69.0
2024-08-19 12:00:00+00:00,65.89
2024-08-19 13:00:00+00:00,66.32
2024-08-19 14:00:00+00:00,70.0
2024-08-19 15:00:00+00:00,79.44
2024-08-19 16:00:00+00:00,103.0
2024-08-19 17:00:00+00:00,116.26
2024-08-19 18:00:00+00:00,127.48
2024-08-19 19:00:00+00:00,116.74
2024-08-19 20:00:00+00:00,100.75
2024-08-19 21:00:00+00:00,86.15
2024-08-19 22:00:00+00:00,77.03
2024-08-19 23:00:00+00:00,62.04
2024-08-20 00:00:00+00:00,50.85
2024-08-20 01:00:00+00:00,31.04
2024-08-20 02:00:00+00:00,30.99
2024-08-20 03:00:00+00:00,40.43
2024-08-20 04:00:00+00:00,55.4
2024-08-20 05:00:00+00:00,78.38
2024-08-20 06:00:00+00:00,100.41
2024-08-20 07:00:00+00:00,87.04
2024-08-20 08:00:00+00:00,71.5
2024-08-20 09:00:00+00:00,52.49
2024-08-20 10:00:00+00:00,40.03
2024-08-20 11:00:00+00:00,23.59
2024-08-20 12:00:00+00:00,18.58
2024-08-20 13:00:00+00:00,36.63
2024-08-20 14:00:00+00:00,30.09
2024-08-20 15:00:00+00:00,36.68
2024-08-20 16:00:00+00:00,57.91
2024-08-20 17:00:00+00:00,92.35
2024-08-20 18:00:00+00:00,70.41
2024-08-20 19:00:00+00:00,73.29
2024-08-20 20:00:00+00:00,79.91
2024-08-20 21:00:00+00:00,63.83
2024-08-20 22:00:00+00:00,28.36
2024-08-20 23:00:00+00:00,11.93
2024-08-21 00:00:00+00:00,22.71
2024-08-21 01:00:00+00:00,3.52
2024-08-21 02:00:00+00:00,20.39
2024-08-21 03:00:00+00:00,27.36
2024-08-21 04:00:00+00:00,68.5
2024-08-21 05:00:00+00:00,88.56
2024-08-21 06:00:00+00:00,89.16
2024-08-21 07:00:00+00:00,57.27
2024-08-21 08:00:00+00:00,8.0
2024-08-21 09:00:00+00:00,5.22
2024-08-21 10:00:00+00:00,0.0
2024-08-21 11:00:00+00:00,-0.01
2024-08-21 12:00:00+00:00,-5.32
2024-08-21 13:00:00+00:00,-4.28
2024-08-21 14:00:00+00:00,2.01
2024-08-21 15:00:00+00:00,16.09
2024-08-21 16:00:00+00:00,73.78
2024-08-21 17:00:00+00:00,95.94
2024-08-21 18:00:00+00:00,75.17
2024-08-21 19:00:00+00:00,86.51
2024-08-21 20:00:00+00:00,89.63
2024-08-21 21:00:00+00:00,82.47
2024-08-21 22:00:00+00:00,40.52
2024-08-21 23:00:00+00:00,21.21
2024-08-22 00:00:00+00:00,0.09
2024-08-22 01:00:00+00:00,3.61
2024-08-22 02:00:00+00:00,0.0
2024-08-22 03:00:00+00:00,5.81
2024-08-22 04:00:00+00:00,22.74
2024-08-22 05:00:00+00:00,24.27
2024-08-22 06:00:00+00:00,62.79
2024-08-22 07:00:00+00:00,51.5
2024-08-22 08:00:00+00:00,11.72
2024-08-22 09:00:00+00:00,0.0
2024-08-22 10:00:00+00:00,-0.01
2024-08-22 11:00:00+00:00,-2.56
2024-08-22 12:00:00+00:00,-1.37
2024-08-22 13:00:00+00:00,-0.01
2024-08-22 14:00:00+00:00,0.01
2024-08-22 15:00:00+00:00,25.99
2024-08-22 16:00:00+00:00,86.31
2024-08-22 17:00:00+00:00,117.49
2024-08-22 18:00:00+00:00,118.94
2024-08-22 19:00:00+00:00,112.96
2024-08-22 20:00:00+00:00,97.31
2024-08-22 21:00:00+00:00,81.51
2024-08-22 22:00:00+00:00,55.4
2024-08-22 23:00:00+00:00,42.05
2024-08-23 00:00:00+00:00,37.42
2024-08-23 01:00:00+00:00,25.61
2024-08-23 02:00:00+00:00,11.2
2024-08-23 03:00:00+00:00,11.84
2024-08-23 04:00:00+00:00,21.5
2024-08-23 05:00:00+00:00,28.12
2024-08-23 06:00:00+00:00,13.08
2024-08-23 07:00:00+00:00,0.06
2024-08-23 08:00:00+00:00,0.07
2024-08-23 09:00:00+00:00,0.0
2024-08-23 10:00:00+00:00,-0.98
2024-08-23 11:00:00+00:00,-5.75
2024-08-23 12:00:00+00:00,-8.98
2024-08-23 13:00:00+00:00,-4.33
2024-08-23 14:00:00+00:00,0.0
2024-08-23 15:00:00+00:00,7.58
2024-08-23 16:00:00+00:00,57.67
2024-08-23 17:00:00+00:00,105.49
2024-08-23 18:00:00+00:00,112.83
2024-08-23 19:00:00+00:00,123.9
2024-08-23 20:00:00+00:00,120.1
2024-08-23 21:00:00+00:00,102.53
2024-08-23 22:00:00+00:00,91.78
2024-08-23 23:00:00+00:00,58.11
2024-08-24 00:00:00+00:00,52.84
2024-08-24 01:00:00+00:00,46.45
2024-08-24 02:00:00+00:00,48.58
2024-08-24 03:00:00+00:00,47.04
2024-08-24 04:00:00+00:00,46.02
2024-08-24 05:00:00+00:00,38.98
2024-08-24 06:00:00+00:00,34.27
2024-08-24 07:00:00+00:00,15.0
2024-08-24 08:00:00+00:00,0.0
2024-08-24 09:00:00+00:00,-6.75
2024-08-24 10:00:00+00:00,-18.41
2024-08-24 11:00:00+00:00,-38.33
2024-08-24 12:00:00+00:00,-41.39
2024-08-24 13:00:00+00:00,-20.91
2024-08-24 14:00:00+00:00,-1.01
2024-08-24 15:00:00+00:00,3.32
2024-08-24 16:00:00+00:00,16.77
2024-08-24 17:00:00+00:00,62.33
2024-08-24 18:00:00+00:00,69.2
2024-08-24 19:00:00+00:00,72.6
2024-08-24 20:00:00+00:00,68.68
2024-08-24 21:00:00+00:00,54.33
2024-08-24 22:00:00+00:00,7.72
2024-08-24 23:00:00+00:00,4.94
2024-08-25 00:00:00+00:00,1.62
2024-08-25 01:00:00+00:00,0.51
2024-08-25 02:00:00+00:00,1.05
2024-08-25 03:00:00+00:00,1.73
2024-08-25 04:00:00+00:00,2.15
2024-08-25 05:00:00+00:00,0.04
2024-08-25 06:00:00+00:00,0.29
2024-08-25 07:00:00+00:00,-1.29
2024-08-25 08:00:00+00:00,-5.61
2024-08-25 09:00:00+00:00,-7.16
2024-08-25 10:00:00+00:00,-5.02
2024-08-25 11:00:00+00:00,-7.51
2024-08-25 12:00:00+00:00,-16.7
2024-08-25 13:00:00+00:00,-9.43
2024-08-25 14:00:00+00:00,-0.6
2024-08-25 15:00:00+00:00,0.44
2024-08-25 16:00:00+00:00,14.2
2024-08-25 17:00:00+00:00,71.41
2024-08-25 18:00:00+00:00,94.02
2024-08-25 19:00:00+00:00,109.91
2024-08-25 20:00:00+00:00,102.88
2024-08-25 21:00:00+00:00,93.53
2024-08-25 22:00:00+00:00,58.11
2024-08-25 23:00:00+00:00,54.03
2024-08-26 00:00:00+00:00,49.84
2024-08-26 01:00:00+00:00,37.63
2024-08-26 02:00:00+00:00,34.79
2024-08-26 03:00:00+00:00,52.06
2024-08-26 04:00:00+00:00,57.04
2024-08-26 05:00:00+00:00,64.99
2024-08-26 06:00:00+00:00,95.76
2024-08-26 07:00:00+00:00,83.06
2024-08-26 08:00:00+00:00,45.8
2024-08-26 09:00:00+00:00,48.2
2024-08-26 10:00:00+00:00,29.87
2024-08-26 11:00:00+00:00,24.02
2024-08-26 12:00:00+00:00,43.72
2024-08-26 13:00:00+00:00,54.3
2024-08-26 14:00:00+00:00,61.97
2024-08-26 15:00:00+00:00,85.34
2024-08-26 16:00:00+00:00,110.78
2024-08-26 17:00:00+00:00,120.0
2024-08-26 18:00:00+00:00,127.04
2024-08-26 19:00:00+00:00,114.97
2024-08-26 20:00:00+00:00,111.24
2024-08-26 21:00:00+00:00,94.09
2024-08-26 22:00:00+00:00,98.77
2024-08-26 23:00:00+00:00,84.15
2024-08-27 00:00:00+00:00,68.17
2024-08-27 01:00:00+00:00,57.11
2024-08-27 02:00:00+00:00,45.11
2024-08-27 03:00:00+00:00,47.98
2024-08-27 04:00:00+00:00,63.02
2024-08-27 05:00:00+00:00,74.69
2024-08-27 06:00:00+00:00,89.75
2024-08-27 07:00:00+00:00,79.48
2024-08-27 08:00:00+00:00,54.22
2024-08-27 09:00:00+00:00,30.59
2024-08-27 10:00:00+00:00,8.03
2024-08-27 11:00:00+00:00,4.79
2024-08-27 12:00:00+00:00,5.4
2024-08-27 13:00:00+00:00,28.09
2024-08-27 14:00:00+00:00,56.0
2024-08-27 15:00:00+00:00,87.95
2024-08-27 16:00:00+00:00,114.0
2024-08-27 17:00:00+00:00,123.85
2024-08-27 18:00:00+00:00,125.14
2024-08-27 19:00:00+00:00,121.35
2024-08-27 20:00:00+00:00,106.69
2024-08-27 21:00:00+00:00,94.2
2024-08-27 22:00:00+00:00,92.13
2024-08-27 23:00:00+00:00,92.39
2024-08-28 00:00:00+00:00,87.18
2024-08-28 01:00:00+00:00,85.96
2024-08-28 02:00:00+00:00,79.71
2024-08-28 03:00:00+00:00,86.05
2024-08-28 04:00:00+00:00,99.34
2024-08-28 05:00:00+00:00,124.28
2024-08-28 06:00:00+00:00,120.76
2024-08-28 07:00:00+00:00,105.89
2024-08-28 08:00:00+00:00,89.42
2024-08-28 09:00:00+00:00,71.72
2024-08-28 10:00:00+00:00,41.85
2024-08-28 11:00:00+00:00,17.91
2024-08-28 12:00:00+00:00,18.12
2024-08-28 13:00:00+00:00,56.85
2024-08-28 14:00:00+00:00,82.0
2024-08-28 15:00:00+00:00,94.38
2024-08-28 16:00:00+00:00,108.26
2024-08-28 17:00:00+00:00,123.16
2024-08-28 18:00:00+00:00,125.78
2024-08-28 19:00:00+00:00,126.28
2024-08-28 20:00:00+00:00,113.9
2024-08-28 21:00:00+00:00,102.27
2024-08-28 22:00:00+00:00,95.04
2024-08-28 23:00:00+00:00,94.91
2024-08-29 00:00:00+00:00,89.29
2024-08-29 01:00:00+00:00,89.28
2024-08-29 02:00:00+00:00,90.05
2024-08-29 03:00:00+00:00,94.76
2024-08-29 04:00:00+00:00,102.81
2024-08-29 05:00:00+00:00,124.05
2024-08-29 06:00:00+00:00,126.24
2024-08-29 07:00:00+00:00,108.79
2024-08-29 08:00:00+00:00,92.35
2024-08-29 09:00:00+00:00,84.68
2024-08-29 10:00:00+00:00,66.98
2024-08-29 11:00:00+00:00,48.09
2024-08-29 12:00:00+00:00,55.06
2024-08-29 13:00:00+00:00,80.79
2024-08-29 14:00:00+00:00,91.01
2024-08-29 15:00:00+00:00,105.95
2024-08-29 16:00:00+00:00,117.89
2024-08-29 17:00:00+00:00,128.18
2024-08-29 18:00:00+00:00,131.99
2024-08-29 19:00:00+00:00,133.14
2024-08-29 20:00:00+00:00,124.04
2024-08-29 21:00:00+00:00,105.59
2024-08-29 22:00:00+00:00,101.67
2024-08-29 23:00:00+00:00,91.03
2024-08-30 00:00:00+00:00,91.18
2024-08-30 01:00:00+00:00,78.26
2024-08-30 02:00:00+00:00,71.9
2024-08-30 03:00:00+00:00,76.71
2024-08-30 04:00:00+00:00,86.38
2024-08-30 05:00:00+00:00,106.33
2024-08-30 06:00:00+00:00,123.92
2024-08-30 07:00:00+00:00,113.7
2024-08-30 08:00:00+00:00,98.33
2024-08-30 09:00:00+00:00,90.02
2024-08-30 10:00:00+00:00,86.64
2024-08-30 11:00:00+00:00,80.97
2024-08-30 12:00:00+00:00,79.9
2024-08-30 13:00:00+00:00,83.44
2024-08-30 14:00:00+00:00,87.65
2024-08-30 15:00:00+00:00,101.96
2024-08-30 16:00:00+00:00,110.74
2024-08-30 17:00:00+00:00,121.78
2024-08-30 18:00:00+00:00,105.31
2024-08-30 19:00:00+00:00,103.67
2024-08-30 20:00:00+00:00,97.24
2024-08-30 21:00:00+00:00,95.77
2024-08-30 22:00:00+00:00,105.18
2024-08-30 23:00:00+00:00,88.83
2024-08-31 00:00:00+00:00,80.53
2024-08-31 01:00:00+00:00,68.04
2024-08-31 02:00:00+00:00,55.77
2024-08-31 03:00:00+00:00,59.27
2024-08-31 04:00:00+00:00,67.22
2024-08-31 05:00:00+00:00,67.17
2024-08-31 06:00:00+00:00,85.69
2024-08-31 07:00:00+00:00,84.92
2024-08-31 08:00:00+00:00,60.13
2024-08-31 09:00:00+00:00,18.34
2024-08-31 10:00:00+00:00,9.06
2024-08-31 11:00:00+00:00,10.86
2024-08-31 12:00:00+00:00,14.02
2024-08-31 13:00:00+00:00,17.78
2024-08-31 14:00:00+00:00,24.81
2024-08-31 15:00:00+00:00,76.3
2024-08-31 16:00:00+00:00,108.59
2024-08-31 17:00:00+00:00,120.38
2024-08-31 18:00:00+00:00,123.32
2024-08-31 19:00:00+00:00,109.69
2024-08-31 20:00:00+00:00,101.58
2024-08-31 21:00:00+00:00,90.57
2024-08-31 22:00:00+00:00,94.02
2024-08-31 23:00:00+00:00,85.99
2024-09-01 00:00:00+00:00,80.37
2024-09-01 01:00:00+00:00,68.61
2024-09-01 02:00:00+00:00,56.17
2024-09-01 03:00:00+00:00,53.86
2024-09-01 04:00:00+00:00,56.44
2024-09-01 05:00:00+00:00,57.05
2024-09-01 06:00:00+00:00,60.63
2024-09-01 07:00:00+00:00,41.27
2024-09-01 08:00:00+00:00,12.73
2024-09-01 09:00:00+00:00,8.09
2024-09-01 10:00:00+00:00,8.81
2024-09-01 11:00:00+00:00,4.39
2024-09-01 12:00:00+00:00,9.6
2024-09-01 13:00:00+00:00,10.87
2024-09-01 14:00:00+00:00,28.98
2024-09-01 15:00:00+00:00,81.37
2024-09-01 16:00:00+00:00,99.64
2024-09-01 17:00:00+00:00,123.6
2024-09-01 18:00:00+00:00,127.02
2024-09-01 19:00:00+00:00,111.31
2024-09-01 20:00:00+00:00,104.73
2024-09-01 21:00:00+00:00,91.5
2024-09-01 22:00:00+00:00,92.74
2024-09-01 23:00:00+00:00,95.13
2024-09-02 00:00:00+00:00,92.5
2024-09-02 01:00:00+00:00,92.59
2024-09-02 02:00:00+00:00,87.22
2024-09-02 03:00:00+00:00,93.79
2024-09-02 04:00:00+00:00,102.96
2024-09-02 05:00:00+00:00,121.88
2024-09-02 06:00:00+00:00,131.52
2024-09-02 07:00:00+00:00,122.64
2024-09-02 08:00:00+00:00,102.83
2024-09-02 09:00:00+00:00,90.98
2024-09-02 10:00:00+00:00,85.62
2024-09-02 11:00:00+00:00,82.25
2024-09-02 12:00:00+00:00,85.03
2024-09-02 13:00:00+00:00,91.9
2024-09-02 14:00:00+00:00,95.97
2024-09-02 15:00:00+00:00,104.9
2024-09-02 16:00:00+00:00,122.09
2024-09-02 17:00:00+00:00,130.0
2024-09-02 18:00:00+00:00,138.0
2024-09-02 19:00:00+00:00,134.53
2024-09-02 20:00:00+00:00,116.54
2024-09-02 21:00:00+00:00,104.94
2024-09-02 22:00:00+00:00,99.72
2024-09-02 23:00:00+00:00,91.84
2024-09-03 00:00:00+00:00,90.75
2024-09-03 01:00:00+00:00,87.29
2024-09-03 02:00:00+00:00,87.07
2024-09-03 03:00:00+00:00,93.46
2024-09-03 04:00:00+00:00,106.19
2024-09-03 05:00:00+00:00,124.64
2024-09-03 06:00:00+00:00,133.95
2024-09-03 07:00:00+00:00,115.98
2024-09-03 08:00:00+00:00,98.88
2024-09-03 09:00:00+00:00,90.02
2024-09-03 10:00:00+00:00,85.0
2024-09-03 11:00:00+00:00,83.08
2024-09-03 12:00:00+00:00,84.68
2024-09-03 13:00:00+00:00,87.2
2024-09-03 14:00:00+00:00,93.82
2024-09-03 15:00:00+00:00,100.75
2024-09-03 16:00:00+00:00,109.03
2024-09-03 17:00:00+00:00,135.05
2024-09-03 18:00:00+00:00,131.0
2024-09-03 19:00:00+00:00,130.01
2024-09-03 20:00:00+00:00,126.57
2024-09-03 21:00:00+00:00,115.19
2024-09-03 22:00:00+00:00,108.38
2024-09-03 23:00:00+00:00,95.71
2024-09-04 00:00:00+00:00,91.15
2024-09-04 01:00:00+00:00,84.39
2024-09-04 02:00:00+00:00,78.27
2024-09-04 03:00:00+00:00,86.51
2024-09-04 04:00:00+00:00,104.73
2024-09-04 05:00:00+00:00,122.3
2024-09-04 06:00:00+00:00,127.42
2024-09-04 07:00:00+00:00,121.42
2024-09-04 08:00:00+00:00,107.21
2024-09-04 09:00:00+00:00,96.3
2024-09-04 10:00:00+00:00,92.41
2024-09-04 11:00:00+00:00,90.81
2024-09-04 12:00:00+00:00,89.82
2024-09-04 13:00:00+00:00,92.72
2024-09-04 14:00:00+00:00,95.01
2024-09-04 15:00:00+00:00,103.04
2024-09-04 16:00:00+00:00,133.75
2024-09-04 17:00:00+00:00,131.35
2024-09-04 18:00:00+00:00,122.81
2024-09-04 19:00:00+00:00,124.44
2024-09-04 20:00:00+00:00,110.97
2024-09-04 21:00:00+00:00,101.73
2024-09-04 22:00:00+00:00,101.27
2024-09-04 23:00:00+00:00,94.6
2024-09-05 00:00:00+00:00,90.0
2024-09-05 01:00:00+00:00,87.11
2024-09-05 02:00:00+00:00,78.4
2024-09-05 03:00:00+00:00,80.96
2024-09-05 04:00:00+00:00,87.1
2024-09-05 05:00:00+00:00,112.59
2024-09-05 06:00:00+00:00,119.04
2024-09-05 07:00:00+00:00,97.68
2024-09-05 08:00:00+00:00,84.2
2024-09-05 09:00:00+00:00,80.62
2024-09-05 10:00:00+00:00,84.81
2024-09-05 11:00:00+00:00,60.69
2024-09-05 12:00:00+00:00,66.11
2024-09-05 13:00:00+00:00,59.96
2024-09-05 14:00:00+00:00,46.04
2024-09-05 15:00:00+00:00,71.11
2024-09-05 16:00:00+00:00,93.09
2024-09-05 17:00:00+00:00,110.79
2024-09-05 18:00:00+00:00,104.65
2024-09-05 19:00:00+00:00,93.69
2024-09-05 20:00:00+00:00,85.8
2024-09-05 21:00:00+00:00,76.78
2024-09-05 22:00:00+00:00,69.48
2024-09-05 23:00:00+00:00,62.51
2024-09-06 00:00:00+00:00,53.0
2024-09-06 01:00:00+00:00,50.12
2024-09-06 02:00:00+00:00,59.18
2024-09-06 03:00:00+00:00,70.51
2024-09-06 04:00:00+00:00,87.83
2024-09-06 05:00:00+00:00,105.06
2024-09-06 06:00:00+00:00,112.85
2024-09-06 07:00:00+00:00,100.5
2024-09-06 08:00:00+00:00,85.23
2024-09-06 09:00:00+00:00,78.63
2024-09-06 10:00:00+00:00,63.37
2024-09-06 11:00:00+00:00,46.22
2024-09-06 12:00:00+00:00,31.2
2024-09-06 13:00:00+00:00,46.14
2024-09-06 14:00:00+00:00,76.29
2024-09-06 15:00:00+00:00,88.92
2024-09-06 16:00:00+00:00,94.99
2024-09-06 17:00:00+00:00,104.41
2024-09-06 18:00:00+00:00,113.83
2024-09-06 19:00:00+00:00,101.41
2024-09-06 20:00:00+00:00,96.34
2024-09-06 21:00:00+00:00,93.09
2024-09-06 22:00:00+00:00,97.59
2024-09-06 23:00:00+00:00,92.0
2024-09-07 00:00:00+00:00,73.37
2024-09-07 01:00:00+00:00,56.72
2024-09-07 02:00:00+00:00,49.9
2024-09-07 03:00:00+00:00,53.12
2024-09-07 04:00:00+00:00,62.06
2024-09-07 05:00:00+00:00,70.11
2024-09-07 06:00:00+00:00,91.02
2024-09-07 07:00:00+00:00,77.95
2024-09-07 08:00:00+00:00,51.52
2024-09-07 09:00:00+00:00,14.54
2024-09-07 10:00:00+00:00,5.48
2024-09-07 11:00:00+00:00,1.02
2024-09-07 12:00:00+00:00,0.44
2024-09-07 13:00:00+00:00,9.07
2024-09-07 14:00:00+00:00,36.8
2024-09-07 15:00:00+00:00,50.24
2024-09-07 16:00:00+00:00,83.32
2024-09-07 17:00:00+00:00,115.57
2024-09-07 18:00:00+00:00,103.95
2024-09-07 19:00:00+00:00,88.23
2024-09-07 20:00:00+00:00,83.19
2024-09-07 21:00:00+00:00,89.44
2024-09-07 22:00:00+00:00,91.01
2024-09-07 23:00:00+00:00,75.6
2024-09-08 00:00:00+00:00,62.79
2024-09-08 01:00:00+00:00,41.43
2024-09-08 02:00:00+00:00,22.88
2024-09-08 03:00:00+00:00,14.26
2024-09-08 04:00:00+00:00,22.61
2024-09-08 05:00:00+00:00,16.13
2024-09-08 06:00:00+00:00,24.99
2024-09-08 07:00:00+00:00,17.41
2024-09-08 08:00:00+00:00,8.29
2024-09-08 09:00:00+00:00,0.44
2024-09-08 10:00:00+00:00,0.04
2024-09-08 11:00:00+00:00,0.0
2024-09-08 12:00:00+00:00,0.0
2024-09-08 13:00:00+00:00,2.09
2024-09-08 14:00:00+00:00,14.86
2024-09-08 15:00:00+00:00,13.47
2024-09-08 16:00:00+00:00,36.22
2024-09-08 17:00:00+00:00,76.16
2024-09-08 18:00:00+00:00,101.13
2024-09-08 19:00:00+00:00,80.89
2024-09-08 20:00:00+00:00,80.66
2024-09-08 21:00:00+00:00,81.87
2024-09-08 22:00:00+00:00,52.24
2024-09-08 23:00:00+00:00,48.48
2024-09-09 00:00:00+00:00,44.16
2024-09-09 01:00:00+00:00,14.12
2024-09-09 02:00:00+00:00,20.64
2024-09-09 03:00:00+00:00,57.78
2024-09-09 04:00:00+00:00,75.54
2024-09-09 05:00:00+00:00,93.86
2024-09-09 06:00:00+00:00,106.35
2024-09-09 07:00:00+00:00,90.88
2024-09-09 08:00:00+00:00,70.1
2024-09-09 09:00:00+00:00,41.78
2024-09-09 10:00:00+00:00,31.53
2024-09-09 11:00:00+00:00,23.55
2024-09-09 12:00:00+00:00,7.72
2024-09-09 13:00:00+00:00,6.12
2024-09-09 14:00:00+00:00,9.54
2024-09-09 15:00:00+00:00,7.45
2024-09-09 16:00:00+00:00,71.94
2024-09-09 17:00:00+00:00,116.5
2024-09-09 18:00:00+00:00,113.3
2024-09-09 19:00:00+00:00,96.31
2024-09-09 20:00:00+00:00,88.18
2024-09-09 21:00:00+00:00,80.0
2024-09-09 22:00:00+00:00,67.65
2024-09-09 23:00:00+00:00,60.31
2024-09-10 00:00:00+00:00,59.97
2024-09-10 01:00:00+00:00,24.82
2024-09-10 02:00:00+00:00,16.26
2024-09-10 03:00:00+00:00,16.71
2024-09-10 04:00:00+00:00,39.57
2024-09-10 05:00:00+00:00,69.29
2024-09-10 06:00:00+00:00,85.83
2024-09-10 07:00:00+00:00,68.22
2024-09-10 08:00:00+00:00,55.17
2024-09-10 09:00:00+00:00,15.29
2024-09-10 10:00:00+00:00,6.41
2024-09-10 11:00:00+00:00,3.75
2024-09-10 12:00:00+00:00,6.31
2024-09-10 13:00:00+00:00,3.04
2024-09-10 14:00:00+00:00,4.59
2024-09-10 15:00:00+00:00,28.41
2024-09-10 16:00:00+00:00,53.1
2024-09-10 17:00:00+00:00,86.45
2024-09-10 18:00:00+00:00,85.23
2024-09-10 19:00:00+00:00,58.35
2024-09-10 20:00:00+00:00,77.8
2024-09-10 21:00:00+00:00,64.35
2024-09-10 22:00:00+00:00,15.24
2024-09-10 23:00:00+00:00,0.0
2024-09-11 00:00:00+00:00,0.0
2024-09-11 01:00:00+00:00,0.06
2024-09-11 02:00:00+00:00,0.0
2024-09-11 03:00:00+00:00,0.0
2024-09-11 04:00:00+00:00,20.68
2024-09-11 05:00:00+00:00,74.65
2024-09-11 06:00:00+00:00,99.92
2024-09-11 07:00:00+00:00,94.44
2024-09-11 08:00:00+00:00,70.38
2024-09-11 09:00:00+00:00,59.01
2024-09-11 10:00:00+00:00,51.61
2024-09-11 11:00:00+00:00,47.7
2024-09-11 12:00:00+00:00,45.0
2024-09-11 13:00:00+00:00,39.37
2024-09-11 14:00:00+00:00,48.13
2024-09-11 15:00:00+00:00,54.52
2024-09-11 16:00:00+00:00,83.22
2024-09-11 17:00:00+00:00,102.41
2024-09-11 18:00:00+00:00,113.0
2024-09-11 19:00:00+00:00,100.08
2024-09-11 20:00:00+00:00,98.05
2024-09-11 21:00:00+00:00,92.84
2024-09-11 22:00:00+00:00,61.5
2024-09-11 23:00:00+00:00,58.88
2024-09-12 00:00:00+00:00,71.42
2024-09-12 01:00:00+00:00,51.19
2024-09-12 02:00:00+00:00,32.61
2024-09-12 03:00:00+00:00,61.12
2024-09-12 04:00:00+00:00,85.03
2024-09-12 05:00:00+00:00,113.55
2024-09-12 06:00:00+00:00,120.75
2024-09-12 07:00:00+00:00,103.5
2024-09-12 08:00:00+00:00,84.51
2024-09-12 09:00:00+00:00,53.9
2024-09-12 10:00:00+00:00,59.0
2024-09-12 11:00:00+00:00,48.08
2024-09-12 12:00:00+00:00,34.0
2024-09-12 13:00:00+00:00,12.83
2024-09-12 14:00:00+00:00,9.33
2024-09-12 15:00:00+00:00,23.32
2024-09-12 16:00:00+00:00,62.91
2024-09-12 17:00:00+00:00,100.6
2024-09-12 18:00:00+00:00,101.46
2024-09-12 19:00:00+00:00,98.89
2024-09-12 20:00:00+00:00,93.53
2024-09-12 21:00:00+00:00,87.35
2024-09-12 22:00:00+00:00,76.05
2024-09-12 23:00:00+00:00,62.22
2024-09-13 00:00:00+00:00,43.48
2024-09-13 01:00:00+00:00,7.17
2024-09-13 02:00:00+00:00,1.42
2024-09-13 03:00:00+00:00,41.0
2024-09-13 04:00:00+00:00,76.5
2024-09-13 05:00:00+00:00,106.86
2024-09-13 06:00:00+00:00,118.58
2024-09-13 07:00:00+00:00,92.36
2024-09-13 08:00:00+00:00,54.8
2024-09-13 09:00:00+00:00,56.15
2024-09-13 10:00:00+00:00,35.03
2024-09-13 11:00:00+00:00,7.41
2024-09-13 12:00:00+00:00,32.43
2024-09-13 13:00:00+00:00,4.45
2024-09-13 14:00:00+00:00,29.95
2024-09-13 15:00:00+00:00,40.69
2024-09-13 16:00:00+00:00,83.7
2024-09-13 17:00:00+00:00,100.02
2024-09-13 18:00:00+00:00,94.25
2024-09-13 19:00:00+00:00,85.29
2024-09-13 20:00:00+00:00,81.97
2024-09-13 21:00:00+00:00,71.56
2024-09-13 22:00:00+00:00,56.7
2024-09-13 23:00:00+00:00,54.0
2024-09-14 00:00:00+00:00,49.86
2024-09-14 01:00:00+00:00,45.98
2024-09-14 02:00:00+00:00,49.08
2024-09-14 03:00:00+00:00,44.85
2024-09-14 04:00:00+00:00,55.07
2024-09-14 05:00:00+00:00,65.0
2024-09-14 06:00:00+00:00,68.86
2024-09-14 07:00:00+00:00,62.19
2024-09-14 08:00:00+00:00,39.78
2024-09-14 09:00:00+00:00,8.23
2024-09-14 10:00:00+00:00,1.8
2024-09-14 11:00:00+00:00,0.79
2024-09-14 12:00:00+00:00,0.44
2024-09-14 13:00:00+00:00,1.79
2024-09-14 14:00:00+00:00,11.88
2024-09-14 15:00:00+00:00,26.27
2024-09-14 16:00:00+00:00,66.37
2024-09-14 17:00:00+00:00,89.55
2024-09-14 18:00:00+00:00,101.72
2024-09-14 19:00:00+00:00,74.45
2024-09-14 20:00:00+00:00,87.99
2024-09-14 21:00:00+00:00,80.98
2024-09-14 22:00:00+00:00,61.7
2024-09-14 23:00:00+00:00,51.07
2024-09-15 00:00:00+00:00,37.17
2024-09-15 01:00:00+00:00,29.22
2024-09-15 02:00:00+00:00,28.7
2024-09-15 03:00:00+00:00,33.63
2024-09-15 04:00:00+00:00,37.77
2024-09-15 05:00:00+00:00,43.65
2024-09-15 06:00:00+00:00,32.48
2024-09-15 07:00:00+00:00,13.23
2024-09-15 08:00:00+00:00,10.92
2024-09-15 09:00:00+00:00,0.07
2024-09-15 10:00:00+00:00,0.0
2024-09-15 11:00:00+00:00,-0.01
2024-09-15 12:00:00+00:00,-0.36
2024-09-15 13:00:00+00:00,0.0
2024-09-15 14:00:00+00:00,0.16
2024-09-15 15:00:00+00:00,7.02
2024-09-15 16:00:00+00:00,37.61
2024-09-15 17:00:00+00:00,49.85
2024-09-15 18:00:00+00:00,65.08
2024-09-15 19:00:00+00:00,64.39
2024-09-15 20:00:00+00:00,60.74
2024-09-15 21:00:00+00:00,54.91
2024-09-15 22:00:00+00:00,30.0
2024-09-15 23:00:00+00:00,13.03
2024-09-16 00:00:00+00:00,15.0
2024-09-16 01:00:00+00:00,11.85
2024-09-16 02:00:00+00:00,8.89
2024-09-16 03:00:00+00:00,10.15
2024-09-16 04:00:00+00:00,41.1
2024-09-16 05:00:00+00:00,108.87
2024-09-16 06:00:00+00:00,119.15
2024-09-16 07:00:00+00:00,88.05
2024-09-16 08:00:00+00:00,68.34
2024-09-16 09:00:00+00:00,42.71
2024-09-16 10:00:00+00:00,26.62
2024-09-16 11:00:00+00:00,25.94
2024-09-16 12:00:00+00:00,0.09
2024-09-16 13:00:00+00:00,0.0
2024-09-16 14:00:00+00:00,0.0
2024-09-16 15:00:00+00:00,0.06
2024-09-16 16:00:00+00:00,32.86
2024-09-16 17:00:00+00:00,63.75
2024-09-16 18:00:00+00:00,88.4
2024-09-16 19:00:00+00:00,58.43
2024-09-16 20:00:00+00:00,45.89
2024-09-16 21:00:00+00:00,40.06
2024-09-16 22:00:00+00:00,26.3
2024-09-16 23:00:00+00:00,12.18
2024-09-17 00:00:00+00:00,6.99
2024-09-17 01:00:00+00:00,9.24
2024-09-17 02:00:00+00:00,5.15
2024-09-17 03:00:00+00:00,4.11
2024-09-17 04:00:00+00:00,21.67
2024-09-17 05:00:00+00:00,49.71
2024-09-17 06:00:00+00:00,53.34
2024-09-17 07:00:00+00:00,45.0
2024-09-17 08:00:00+00:00,0.44
2024-09-17 09:00:00+00:00,0.0
2024-09-17 10:00:00+00:00,0.0
2024-09-17 11:00:00+00:00,0.0
2024-09-17 12:00:00+00:00,0.0
2024-09-17 13:00:00+00:00,0.0
2024-09-17 14:00:00+00:00,0.0
2024-09-17 15:00:00+00:00,3.0
2024-09-17 16:00:00+00:00,32.26
2024-09-17 17:00:00+00:00,50.76
2024-09-17 18:00:00+00:00,48.08
2024-09-17 19:00:00+00:00,45.9
2024-09-17 20:00:00+00:00,57.3
2024-09-17 21:00:00+00:00,54.3
2024-09-17 22:00:00+00:00,43.67
2024-09-17 23:00:00+00:00,59.53
2024-09-18 00:00:00+00:00,49.39
2024-09-18 01:00:00+00:00,12.84
2024-09-18 02:00:00+00:00,13.64
2024-09-18 03:00:00+00:00,45.58
2024-09-18 04:00:00+00:00,70.94
2024-09-18 05:00:00+00:00,84.78
2024-09-18 06:00:00+00:00,98.45
2024-09-18 07:00:00+00:00,78.64
2024-09-18 08:00:00+00:00,71.63
2024-09-18 09:00:00+00:00,12.91
2024-09-18 10:00:00+00:00,5.49
2024-09-18 11:00:00+00:00,0.0
2024-09-18 12:00:00+00:00,0.01
2024-09-18 13:00:00+00:00,0.09
2024-09-18 14:00:00+00:00,14.47
2024-09-18 15:00:00+00:00,36.81
2024-09-18 16:00:00+00:00,85.75
2024-09-18 17:00:00+00:00,120.01
2024-09-18 18:00:00+00:00,108.2
2024-09-18 19:00:00+00:00,64.42
2024-09-18 20:00:00+00:00,44.01
2024-09-18 21:00:00+00:00,44.33
2024-09-18 22:00:00+00:00,60.08
2024-09-18 23:00:00+00:00,42.36
2024-09-19 00:00:00+00:00,36.76
2024-09-19 01:00:00+00:00,18.94
2024-09-19 02:00:00+00:00,15.61
2024-09-19 03:00:00+00:00,48.48
2024-09-19 04:00:00+00:00,64.26
2024-09-19 05:00:00+00:00,86.62
2024-09-19 06:00:00+00:00,95.57
2024-09-19 07:00:00+00:00,86.7
2024-09-19 08:00:00+00:00,74.81
2024-09-19 09:00:00+00:00,25.25
2024-09-19 10:00:00+00:00,4.97
2024-09-19 11:00:00+00:00,0.02
2024-09-19 12:00:00+00:00,0.0
2024-09-19 13:00:00+00:00,0.02
2024-09-19 14:00:00+00:00,20.4
2024-09-19 15:00:00+00:00,65.43
2024-09-19 16:00:00+00:00,82.36
2024-09-19 17:00:00+00:00,112.34
2024-09-19 18:00:00+00:00,112.65
2024-09-19 19:00:00+00:00,88.99
2024-09-19 20:00:00+00:00,88.97
2024-09-19 21:00:00+00:00,78.87
2024-09-19 22:00:00+00:00,38.24
2024-09-19 23:00:00+00:00,33.23
2024-09-20 00:00:00+00:00,50.59
2024-09-20 01:00:00+00:00,43.32
2024-09-20 02:00:00+00:00,32.96
2024-09-20 03:00:00+00:00,31.45
2024-09-20 04:00:00+00:00,59.25
2024-09-20 05:00:00+00:00,85.5
2024-09-20 06:00:00+00:00,94.86
2024-09-20 07:00:00+00:00,88.92
2024-09-20 08:00:00+00:00,62.05
2024-09-20 09:00:00+00:00,24.69
2024-09-20 10:00:00+00:00,9.84
2024-09-20 11:00:00+00:00,0.05
2024-09-20 12:00:00+00:00,0.07
2024-09-20 13:00:00+00:00,10.06
2024-09-20 14:00:00+00:00,43.68
2024-09-20 15:00:00+00:00,77.22
2024-09-20 16:00:00+00:00,103.07
2024-09-20 17:00:00+00:00,110.16
2024-09-20 18:00:00+00:00,108.52
2024-09-20 19:00:00+00:00,89.99
2024-09-20 20:00:00+00:00,86.76
2024-09-20 21:00:00+00:00,72.91
2024-09-20 22:00:00+00:00,44.05
2024-09-20 23:00:00+00:00,38.58
2024-09-21 00:00:00+00:00,32.94
2024-09-21 01:00:00+00:00,47.42
2024-09-21 02:00:00+00:00,24.26
2024-09-21 03:00:00+00:00,22.44
2024-09-21 04:00:00+00:00,49.03
2024-09-21 05:00:00+00:00,26.28
2024-09-21 06:00:00+00:00,32.18
2024-09-21 07:00:00+00:00,52.01
2024-09-21 08:00:00+00:00,22.0
2024-09-21 09:00:00+00:00,3.15
2024-09-21 10:00:00+00:00,0.0
2024-09-21 11:00:00+00:00,-3.36
2024-09-21 12:00:00+00:00,-3.95
2024-09-21 13:00:00+00:00,1.09
2024-09-21 14:00:00+00:00,20.22
2024-09-21 15:00:00+00:00,33.13
2024-09-21 16:00:00+00:00,64.87
2024-09-21 17:00:00+00:00,79.94
2024-09-21 18:00:00+00:00,83.91
2024-09-21 19:00:00+00:00,27.81
2024-09-21 20:00:00+00:00,57.68
2024-09-21 21:00:00+00:00,42.65
2024-09-21 22:00:00+00:00,71.3
2024-09-21 23:00:00+00:00,55.2
2024-09-22 00:00:00+00:00,52.18
2024-09-22 01:00:00+00:00,29.35
2024-09-22 02:00:00+00:00,21.7
2024-09-22 03:00:00+00:00,25.75
2024-09-22 04:00:00+00:00,34.58
2024-09-22 05:00:00+00:00,26.81
2024-09-22 06:00:00+00:00,52.6
2024-09-22 07:00:00+00:00,55.87
2024-09-22 08:00:00+00:00,26.36
2024-09-22 09:00:00+00:00,11.87
2024-09-22 10:00:00+00:00,11.68
2024-09-22 11:00:00+00:00,0.1
2024-09-22 12:00:00+00:00,0.01
2024-09-22 13:00:00+00:00,9.66
2024-09-22 14:00:00+00:00,26.45
2024-09-22 15:00:00+00:00,28.45
2024-09-22 16:00:00+00:00,70.0
2024-09-22 17:00:00+00:00,102.69
2024-09-22 18:00:00+00:00,110.22
2024-09-22 19:00:00+00:00,94.2
2024-09-22 20:00:00+00:00,94.22
2024-09-22 21:00:00+00:00,92.0
2024-09-22 22:00:00+00:00,41.78
2024-09-22 23:00:00+00:00,39.27
2024-09-23 00:00:00+00:00,36.33
2024-09-23 01:00:00+00:00,29.78
2024-09-23 02:00:00+00:00,22.99
2024-09-23 03:00:00+00:00,32.15
2024-09-23 04:00:00+00:00,37.19
2024-09-23 05:00:00+00:00,87.58
2024-09-23 06:00:00+00:00,101.64
2024-09-23 07:00:00+00:00,94.92
2024-09-23 08:00:00+00:00,79.74
2024-09-23 09:00:00+00:00,66.54
2024-09-23 10:00:00+00:00,51.1
2024-09-23 11:00:00+00:00,50.24
2024-09-23 12:00:00+00:00,33.55
2024-09-23 13:00:00+00:00,19.02
2024-09-23 14:00:00+00:00,25.84
2024-09-23 15:00:00+00:00,42.93
2024-09-23 16:00:00+00:00,73.79
2024-09-23 17:00:00+00:00,116.05
2024-09-23 18:00:00+00:00,99.05
2024-09-23 19:00:00+00:00,45.74
2024-09-23 20:00:00+00:00,41.93
2024-09-23 21:00:00+00:00,46.59
2024-09-23 22:00:00+00:00,59.96
2024-09-23 23:00:00+00:00,48.65
2024-09-24 00:00:00+00:00,36.66
2024-09-24 01:00:00+00:00,26.25
2024-09-24 02:00:00+00:00,17.43
2024-09-24 03:00:00+00:00,36.58
2024-09-24 04:00:00+00:00,53.28
2024-09-24 05:00:00+00:00,91.0
2024-09-24 06:00:00+00:00,97.01
2024-09-24 07:00:00+00:00,60.29
2024-09-24 08:00:00+00:00,42.06
2024-09-24 09:00:00+00:00,44.18
2024-09-24 10:00:00+00:00,37.43
2024-09-24 11:00:00+00:00,22.35
2024-09-24 12:00:00+00:00,23.6
2024-09-24 13:00:00+00:00,26.18
2024-09-24 14:00:00+00:00,31.0
2024-09-24 15:00:00+00:00,15.48
2024-09-24 16:00:00+00:00,83.65
2024-09-24 17:00:00+00:00,124.76
2024-09-24 18:00:00+00:00,103.27
2024-09-24 19:00:00+00:00,80.64
2024-09-24 20:00:00+00:00,75.87
2024-09-24 21:00:00+00:00,61.71
2024-09-24 22:00:00+00:00,51.48
2024-09-24 23:00:00+00:00,45.06
2024-09-25 00:00:00+00:00,23.05
2024-09-25 01:00:00+00:00,9.1
2024-09-25 02:00:00+00:00,0.0
2024-09-25 03:00:00+00:00,15.49
2024-09-25 04:00:00+00:00,56.48
2024-09-25 05:00:00+00:00,84.24
2024-09-25 06:00:00+00:00,88.09
2024-09-25 07:00:00+00:00,70.76
2024-09-25 08:00:00+00:00,53.43
2024-09-25 09:00:00+00:00,44.08
2024-09-25 10:00:00+00:00,40.0
2024-09-25 11:00:00+00:00,34.27
2024-09-25 12:00:00+00:00,36.23
2024-09-25 13:00:00+00:00,28.55
2024-09-25 14:00:00+00:00,31.83
2024-09-25 15:00:00+00:00,34.23
2024-09-25 16:00:00+00:00,41.91
2024-09-25 17:00:00+00:00,60.8
2024-09-25 18:00:00+00:00,45.9
2024-09-25 19:00:00+00:00,38.2
2024-09-25 20:00:00+00:00,42.48
2024-09-25 21:00:00+00:00,40.0
2024-09-25 22:00:00+00:00,20.3
2024-09-25 23:00:00+00:00,6.99
2024-09-26 00:00:00+00:00,10.29
2024-09-26 01:00:00+00:00,4.92
2024-09-26 02:00:00+00:00,3.32
2024-09-26 03:00:00+00:00,7.33
2024-09-26 04:00:00+00:00,33.83
2024-09-26 05:00:00+00:00,58.27
2024-09-26 06:00:00+00:00,65.0
2024-09-26 07:00:00+00:00,53.52
2024-09-26 08:00:00+00:00,29.21
2024-09-26 09:00:00+00:00,31.62
2024-09-26 10:00:00+00:00,17.0
2024-09-26 11:00:00+00:00,11.13
2024-09-26 12:00:00+00:00,7.55
2024-09-26 13:00:00+00:00,0.08
2024-09-26 14:00:00+00:00,9.1
2024-09-26 15:00:00+00:00,13.82
2024-09-26 16:00:00+00:00,48.13
2024-09-26 17:00:00+00:00,55.23
2024-09-26 18:00:00+00:00,59.69
2024-09-26 19:00:00+00:00,45.02
2024-09-26 20:00:00+00:00,45.2
2024-09-26 21:00:00+00:00,36.3
2024-09-26 22:00:00+00:00,0.37
2024-09-26 23:00:00+00:00,-0.06
2024-09-27 00:00:00+00:00,-1.23
2024-09-27 01:00:00+00:00,-0.01
2024-09-27 02:00:00+00:00,-6.18
2024-09-27 03:00:00+00:00,0.0
2024-09-27 04:00:00+00:00,5.14
2024-09-27 05:00:00+00:00,32.0
2024-09-27 06:00:00+00:00,41.34
2024-09-27 07:00:00+00:00,10.08
2024-09-27 08:00:00+00:00,0.07
2024-09-27 09:00:00+00:00,0.0
2024-09-27 10:00:00+00:00,-0.01
2024-09-27 11:00:00+00:00,-0.15
2024-09-27 12:00:00+00:00,-0.04
2024-09-27 13:00:00+00:00,-0.01
2024-09-27 14:00:00+00:00,0.0
2024-09-27 15:00:00+00:00,14.13
2024-09-27 16:00:00+00:00,34.21
2024-09-27 17:00:00+00:00,69.85
2024-09-27 18:00:00+00:00,65.31
2024-09-27 19:00:00+00:00,38.43
2024-09-27 20:00:00+00:00,31.56
2024-09-27 21:00:00+00:00,26.46
2024-09-27 22:00:00+00:00,1.77
2024-09-27 23:00:00+00:00,3.03
2024-09-28 00:00:00+00:00,3.29
2024-09-28 01:00:00+00:00,3.16
2024-09-28 02:00:00+00:00,3.27
2024-09-28 03:00:00+00:00,4.15
2024-09-28 04:00:00+00:00,11.96
2024-09-28 05:00:00+00:00,23.79
2024-09-28 06:00:00+00:00,27.08
2024-09-28 07:00:00+00:00,24.17
2024-09-28 08:00:00+00:00,10.2
2024-09-28 09:00:00+00:00,4.04
2024-09-28 10:00:00+00:00,0.68
2024-09-28 11:00:00+00:00,0.0
2024-09-28 12:00:00+00:00,0.0
2024-09-28 13:00:00+00:00,0.06
2024-09-28 14:00:00+00:00,9.86
2024-09-28 15:00:00+00:00,6.26
2024-09-28 16:00:00+00:00,50.24
2024-09-28 17:00:00+00:00,111.23
2024-09-28 18:00:00+00:00,105.73
2024-09-28 19:00:00+00:00,86.09
2024-09-28 20:00:00+00:00,83.22
2024-09-28 21:00:00+00:00,78.18
2024-09-28 22:00:00+00:00,70.15
2024-09-28 23:00:00+00:00,58.56
2024-09-29 00:00:00+00:00,45.72
2024-09-29 01:00:00+00:00,41.04
2024-09-29 02:00:00+00:00,21.15
2024-09-29 03:00:00+00:00,8.6
2024-09-29 04:00:00+00:00,22.76
2024-09-29 05:00:00+00:00,28.43
2024-09-29 06:00:00+00:00,30.5
2024-09-29 07:00:00+00:00,19.9
2024-09-29 08:00:00+00:00,1.33
2024-09-29 09:00:00+00:00,0.0
2024-09-29 10:00:00+00:00,-0.01
2024-09-29 11:00:00+00:00,-0.5
2024-09-29 12:00:00+00:00,-0.45
2024-09-29 13:00:00+00:00,0.0
2024-09-29 14:00:00+00:00,0.15
2024-09-29 15:00:00+00:00,0.08
2024-09-29 16:00:00+00:00,8.6
2024-09-29 17:00:00+00:00,47.15
2024-09-29 18:00:00+00:00,35.17
2024-09-29 19:00:00+00:00,52.2
2024-09-29 20:00:00+00:00,61.43
2024-09-29 21:00:00+00:00,37.26
2024-09-29 22:00:00+00:00,7.5
2024-09-29 23:00:00+00:00,0.04
2024-09-30 00:00:00+00:00,0.08
2024-09-30 01:00:00+00:00,0.0
2024-09-30 02:00:00+00:00,0.0
2024-09-30 03:00:00+00:00,0.0
2024-09-30 04:00:00+00:00,23.75
2024-09-30 05:00:00+00:00,21.8
2024-09-30 06:00:00+00:00,52.73
2024-09-30 07:00:00+00:00,25.36
2024-09-30 08:00:00+00:00,0.09
2024-09-30 09:00:00+00:00,0.06
2024-09-30 10:00:00+00:00,0.0
2024-09-30 11:00:00+00:00,0.0
2024-09-30 12:00:00+00:00,0.0
2024-09-30 13:00:00+00:00,-0.01
2024-09-30 14:00:00+00:00,-0.01
2024-09-30 15:00:00+00:00,0.0
2024-09-30 16:00:00+00:00,2.32
2024-09-30 17:00:00+00:00,61.53
2024-09-30 18:00:00+00:00,42.35
2024-09-30 19:00:00+00:00,23.9
2024-09-30 20:00:00+00:00,20.28
2024-09-30 21:00:00+00:00,9.84
2024-09-30 22:00:00+00:00,3.21
2024-09-30 23:00:00+00:00,0.07
2024-10-01 00:00:00+00:00,0.05
2024-10-01 01:00:00+00:00,0.02
2024-10-01 02:00:00+00:00,0.09
2024-10-01 03:00:00+00:00,0.08
2024-10-01 04:00:00+00:00,48.48
2024-10-01 05:00:00+00:00,102.3
2024-10-01 06:00:00+00:00,114.72
2024-10-01 07:00:00+00:00,100.0
2024-10-01 08:00:00+00:00,76.18
2024-10-01 09:00:00+00:00,68.24
2024-10-01 10:00:00+00:00,58.48
2024-10-01 11:00:00+00:00,55.41
2024-10-01 12:00:00+00:00,56.28
2024-10-01 13:00:00+00:00,57.98
2024-10-01 14:00:00+00:00,55.9
2024-10-01 15:00:00+00:00,76.14
2024-10-01 16:00:00+00:00,103.57
2024-10-01 17:00:00+00:00,143.44
2024-10-01 18:00:00+00:00,120.64
2024-10-01 19:00:00+00:00,92.97
2024-10-01 20:00:00+00:00,91.37
2024-10-01 21:00:00+00:00,76.15
2024-10-01 22:00:00+00:00,85.19
2024-10-01 23:00:00+00:00,70.39
2024-10-02 00:00:00+00:00,71.74
2024-10-02 01:00:00+00:00,63.18
2024-10-02 02:00:00+00:00,61.19
2024-10-02 03:00:00+00:00,79.43
2024-10-02 04:00:00+00:00,98.66
2024-10-02 05:00:00+00:00,119.48
2024-10-02 06:00:00+00:00,124.24
2024-10-02 07:00:00+00:00,109.25
2024-10-02 08:00:00+00:00,90.22
2024-10-02 09:00:00+00:00,88.66
2024-10-02 10:00:00+00:00,87.26
2024-10-02 11:00:00+00:00,78.38
2024-10-02 12:00:00+00:00,76.43
2024-10-02 13:00:00+00:00,74.36
2024-10-02 14:00:00+00:00,72.33
2024-10-02 15:00:00+00:00,79.44
2024-10-02 16:00:00+00:00,110.75
2024-10-02 17:00:00+00:00,136.26
2024-10-02 18:00:00+00:00,117.25
2024-10-02 19:00:00+00:00,97.79
2024-10-02 20:00:00+00:00,93.55
2024-10-02 21:00:00+00:00,85.0
2024-10-02 22:00:00+00:00,59.36
2024-10-02 23:00:00+00:00,40.0
2024-10-03 00:00:00+00:00,40.0
2024-10-03 01:00:00+00:00,17.8
2024-10-03 02:00:00+00:00,8.0
2024-10-03 03:00:00+00:00,32.57
2024-10-03 04:00:00+00:00,57.17
2024-10-03 05:00:00+00:00,77.63
2024-10-03 06:00:00+00:00,86.74
2024-10-03 07:00:00+00:00,74.61
2024-10-03 08:00:00+00:00,63.96
2024-10-03 09:00:00+00:00,52.65
2024-10-03 10:00:00+00:00,40.0
2024-10-03 11:00:00+00:00,31.67
2024-10-03 12:00:00+00:00,24.47
2024-10-03 13:00:00+00:00,15.1
2024-10-03 14:00:00+00:00,14.0
2024-10-03 15:00:00+00:00,47.88
2024-10-03 16:00:00+00:00,74.61
2024-10-03 17:00:00+00:00,125.98
2024-10-03 18:00:00+00:00,122.31
2024-10-03 19:00:00+00:00,101.33
2024-10-03 20:00:00+00:00,91.48
2024-10-03 21:00:00+00:00,84.02
2024-10-03 22:00:00+00:00,74.18
2024-10-03 23:00:00+00:00,72.52
2024-10-04 00:00:00+00:00,73.36
2024-10-04 01:00:00+00:00,74.2
2024-10-04 02:00:00+00:00,72.33
2024-10-04 03:00:00+00:00,77.1
2024-10-04 04:00:00+00:00,103.0
2024-10-04 05:00:00+00:00,127.79
2024-10-04 06:00:00+00:00,141.37
2024-10-04 07:00:00+00:00,116.57
2024-10-04 08:00:00+00:00,100.11
2024-10-04 09:00:00+00:00,76.39
2024-10-04 10:00:00+00:00,68.61
2024-10-04 11:00:00+00:00,59.3
2024-10-04 12:00:00+00:00,50.0
2024-10-04 13:00:00+00:00,49.1
2024-10-04 14:00:00+00:00,57.88
2024-10-04 15:00:00+00:00,77.42
2024-10-04 16:00:00+00:00,100.2
2024-10-04 17:00:00+00:00,137.24
2024-10-04 18:00:00+00:00,123.7
2024-10-04 19:00:00+00:00,99.9
2024-10-04 20:00:00+00:00,99.9
2024-10-04 21:00:00+00:00,90.0
2024-10-04 22:00:00+00:00,93.1
2024-10-04 23:00:00+00:00,84.64
2024-10-05 00:00:00+00:00,81.4
2024-10-05 01:00:00+00:00,75.54
2024-10-05 02:00:00+00:00,75.72
2024-10-05 03:00:00+00:00,79.82
2024-10-05 04:00:00+00:00,86.2
2024-10-05 05:00:00+00:00,100.4
2024-10-05 06:00:00+00:00,109.38
2024-10-05 07:00:00+00:00,89.02
2024-10-05 08:00:00+00:00,57.0
2024-10-05 09:00:00+00:00,40.44
2024-10-05 10:00:00+00:00,29.37
2024-10-05 11:00:00+00:00,18.67
2024-10-05 12:00:00+00:00,0.07
2024-10-05 13:00:00+00:00,2.46
2024-10-05 14:00:00+00:00,20.64
2024-10-05 15:00:00+00:00,47.75
2024-10-05 16:00:00+00:00,54.04
2024-10-05 17:00:00+00:00,85.23
2024-10-05 18:00:00+00:00,95.18
2024-10-05 19:00:00+00:00,74.03
2024-10-05 20:00:00+00:00,73.71
2024-10-05 21:00:00+00:00,67.0
2024-10-05 22:00:00+00:00,47.4
2024-10-05 23:00:00+00:00,30.83
2024-10-06 00:00:00+00:00,25.0
2024-10-06 01:00:00+00:00,10.39
2024-10-06 02:00:00+00:00,5.0
2024-10-06 03:00:00+00:00,4.69
2024-10-06 04:00:00+00:00,10.39
2024-10-06 05:00:00+00:00,10.39
2024-10-06 06:00:00+00:00,10.39
2024-10-06 07:00:00+00:00,10.39
2024-10-06 08:00:00+00:00,32.74
2024-10-06 09:00:00+00:00,16.68
2024-10-06 10:00:00+00:00,5.25
2024-10-06 11:00:00+00:00,-0.01
2024-10-06 12:00:00+00:00,-0.01
2024-10-06 13:00:00+00:00,0.2
2024-10-06 14:00:00+00:00,15.59
2024-10-06 15:00:00+00:00,18.61
2024-10-06 16:00:00+00:00,34.31
2024-10-06 17:00:00+00:00,59.03
2024-10-06 18:00:00+00:00,78.05
2024-10-06 19:00:00+00:00,54.12
2024-10-06 20:00:00+00:00,59.11
2024-10-06 21:00:00+00:00,53.22
2024-10-06 22:00:00+00:00,34.58
2024-10-06 23:00:00+00:00,35.34
2024-10-07 00:00:00+00:00,33.25
2024-10-07 01:00:00+00:00,29.03
2024-10-07 02:00:00+00:00,18.67
2024-10-07 03:00:00+00:00,23.33
2024-10-07 04:00:00+00:00,52.02
2024-10-07 05:00:00+00:00,84.5
2024-10-07 06:00:00+00:00,108.32
2024-10-07 07:00:00+00:00,91.75
2024-10-07 08:00:00+00:00,65.98
2024-10-07 09:00:00+00:00,60.21
2024-10-07 10:00:00+00:00,55.39
2024-10-07 11:00:00+00:00,43.29
2024-10-07 12:00:00+00:00,55.0
2024-10-07 13:00:00+00:00,29.98
2024-10-07 14:00:00+00:00,30.25
2024-10-07 15:00:00+00:00,50.24
2024-10-07 16:00:00+00:00,71.55
2024-10-07 17:00:00+00:00,96.17
2024-10-07 18:00:00+00:00,85.01
2024-10-07 19:00:00+00:00,67.73
2024-10-07 20:00:00+00:00,65.8
2024-10-07 21:00:00+00:00,61.39
2024-10-07 22:00:00+00:00,33.1
2024-10-07 23:00:00+00:00,24.35
2024-10-08 00:00:00+00:00,19.57
2024-10-08 01:00:00+00:00,7.0
2024-10-08 02:00:00+00:00,4.9
2024-10-08 03:00:00+00:00,21.54
2024-10-08 04:00:00+00:00,39.58
2024-10-08 05:00:00+00:00,72.68
2024-10-08 06:00:00+00:00,77.71
2024-10-08 07:00:00+00:00,79.91
2024-10-08 08:00:00+00:00,54.51
2024-10-08 09:00:00+00:00,28.8
2024-10-08 10:00:00+00:00,8.59
2024-10-08 11:00:00+00:00,0.97
2024-10-08 12:00:00+00:00,0.01
2024-10-08 13:00:00+00:00,0.0
2024-10-08 14:00:00+00:00,0.51
2024-10-08 15:00:00+00:00,5.0
2024-10-08 16:00:00+00:00,57.09
2024-10-08 17:00:00+00:00,79.9
2024-10-08 18:00:00+00:00,67.39
2024-10-08 19:00:00+00:00,32.11
2024-10-08 20:00:00+00:00,37.62
2024-10-08 21:00:00+00:00,33.1
2024-10-08 22:00:00+00:00,19.86
2024-10-08 23:00:00+00:00,3.6
2024-10-09 00:00:00+00:00,1.5
2024-10-09 01:00:00+00:00,0.0
2024-10-09 02:00:00+00:00,0.0
2024-10-09 03:00:00+00:00,0.01
2024-10-09 04:00:00+00:00,16.98
2024-10-09 05:00:00+00:00,40.0
2024-10-09 06:00:00+00:00,52.8
2024-10-09 07:00:00+00:00,47.59
2024-10-09 08:00:00+00:00,35.06
2024-10-09 09:00:00+00:00,31.1
2024-10-09 10:00:00+00:00,36.66
2024-10-09 11:00:00+00:00,23.62
2024-10-09 12:00:00+00:00,33.64
2024-10-09 13:00:00+00:00,43.03
2024-10-09 14:00:00+00:00,28.61
2024-10-09 15:00:00+00:00,30.35
2024-10-09 16:00:00+00:00,58.55
2024-10-09 17:00:00+00:00,112.03
2024-10-09 18:00:00+00:00,60.8
2024-10-09 19:00:00+00:00,49.08
2024-10-09 20:00:00+00:00,46.69
2024-10-09 21:00:00+00:00,41.13
2024-10-09 22:00:00+00:00,0.05
2024-10-09 23:00:00+00:00,0.0
2024-10-10 00:00:00+00:00,0.0
2024-10-10 01:00:00+00:00,0.0
2024-10-10 02:00:00+00:00,-0.01
2024-10-10 03:00:00+00:00,-0.01
2024-10-10 04:00:00+00:00,22.63
2024-10-10 05:00:00+00:00,69.72
2024-10-10 06:00:00+00:00,80.46
2024-10-10 07:00:00+00:00,67.5
2024-10-10 08:00:00+00:00,52.01
2024-10-10 09:00:00+00:00,38.93
2024-10-10 10:00:00+00:00,21.89
2024-10-10 11:00:00+00:00,15.95
2024-10-10 12:00:00+00:00,20.01
2024-10-10 13:00:00+00:00,38.37
2024-10-10 14:00:00+00:00,55.26
2024-10-10 15:00:00+00:00,71.78
2024-10-10 16:00:00+00:00,99.73
2024-10-10 17:00:00+00:00,129.22
2024-10-10 18:00:00+00:00,107.49
2024-10-10 19:00:00+00:00,90.41
2024-10-10 20:00:00+00:00,86.3
2024-10-10 21:00:00+00:00,73.83
2024-10-10 22:00:00+00:00,80.43
2024-10-10 23:00:00+00:00,73.98
2024-10-11 00:00:00+00:00,71.96
2024-10-11 01:00:00+00:00,67.91
2024-10-11 02:00:00+00:00,66.44
2024-10-11 03:00:00+00:00,71.79
2024-10-11 04:00:00+00:00,99.95
2024-10-11 05:00:00+00:00,140.41
2024-10-11 06:00:00+00:00,155.49
2024-10-11 07:00:00+00:00,110.01
2024-10-11 08:00:00+00:00,90.0
2024-10-11 09:00:00+00:00,72.35
2024-10-11 10:00:00+00:00,61.65
2024-10-11 11:00:00+00:00,57.17
2024-10-11 12:00:00+00:00,59.56
2024-10-11 13:00:00+00:00,66.95
2024-10-11 14:00:00+00:00,70.0
2024-10-11 15:00:00+00:00,71.35
2024-10-11 16:00:00+00:00,91.07
2024-10-11 17:00:00+00:00,154.3
2024-10-11 18:00:00+00:00,109.01
2024-10-11 19:00:00+00:00,90.69
2024-10-11 20:00:00+00:00,81.37
2024-10-11 21:00:00+00:00,80.57
2024-10-11 22:00:00+00:00,67.29
2024-10-11 23:00:00+00:00,57.57
2024-10-12 00:00:00+00:00,47.96
2024-10-12 01:00:00+00:00,38.91
2024-10-12 02:00:00+00:00,38.91
2024-10-12 03:00:00+00:00,42.63
2024-10-12 04:00:00+00:00,60.21
2024-10-12 05:00:00+00:00,61.0
2024-10-12 06:00:00+00:00,62.97
2024-10-12 07:00:00+00:00,64.48
2024-10-12 08:00:00+00:00,44.89
2024-10-12 09:00:00+00:00,46.71
2024-10-12 10:00:00+00:00,36.06
2024-10-12 11:00:00+00:00,22.37
2024-10-12 12:00:00+00:00,23.34
2024-10-12 13:00:00+00:00,46.35
2024-10-12 14:00:00+00:00,43.35
2024-10-12 15:00:00+00:00,63.12
2024-10-12 16:00:00+00:00,84.65
2024-10-12 17:00:00+00:00,81.94
2024-10-12 18:00:00+00:00,61.06
2024-10-12 19:00:00+00:00,45.42
2024-10-12 20:00:00+00:00,34.87
2024-10-12 21:00:00+00:00,25.37
2024-10-12 22:00:00+00:00,0.0
2024-10-12 23:00:00+00:00,-0.01
2024-10-13 00:00:00+00:00,-0.07
2024-10-13 01:00:00+00:00,-0.37
2024-10-13 02:00:00+00:00,-0.51
2024-10-13 03:00:00+00:00,-0.09
2024-10-13 04:00:00+00:00,-0.05
2024-10-13 05:00:00+00:00,0.78
2024-10-13 06:00:00+00:00,11.5
2024-10-13 07:00:00+00:00,4.81
2024-10-13 08:00:00+00:00,4.87
2024-10-13 09:00:00+00:00,5.17
2024-10-13 10:00:00+00:00,4.49
2024-10-13 11:00:00+00:00,0.08
2024-10-13 12:00:00+00:00,-0.01
2024-10-13 13:00:00+00:00,0.0
2024-10-13 14:00:00+00:00,6.8
2024-10-13 15:00:00+00:00,31.28
2024-10-13 16:00:00+00:00,62.82
2024-10-13 17:00:00+00:00,79.46
2024-10-13 18:00:00+00:00,63.26
2024-10-13 19:00:00+00:00,56.71
2024-10-13 20:00:00+00:00,49.88
2024-10-13 21:00:00+00:00,49.61
2024-10-13 22:00:00+00:00,50.49
2024-10-13 23:00:00+00:00,39.38
2024-10-14 00:00:00+00:00,37.41
2024-10-14 01:00:00+00:00,36.68
2024-10-14 02:00:00+00:00,41.38
2024-10-14 03:00:00+00:00,62.2
2024-10-14 04:00:00+00:00,98.65
2024-10-14 05:00:00+00:00,114.03
2024-10-14 06:00:00+00:00,137.7
2024-10-14 07:00:00+00:00,110.19
2024-10-14 08:00:00+00:00,99.55
2024-10-14 09:00:00+00:00,92.5
2024-10-14 10:00:00+00:00,85.7
2024-10-14 11:00:00+00:00,78.42
2024-10-14 12:00:00+00:00,74.16
2024-10-14 13:00:00+00:00,73.07
2024-10-14 14:00:00+00:00,71.2
2024-10-14 15:00:00+00:00,97.46
2024-10-14 16:00:00+00:00,121.04
2024-10-14 17:00:00+00:00,161.89
2024-10-14 18:00:00+00:00,158.0
2024-10-14 19:00:00+00:00,108.79
2024-10-14 20:00:00+00:00,99.66
2024-10-14 21:00:00+00:00,94.8
2024-10-14 22:00:00+00:00,76.09
2024-10-14 23:00:00+00:00,77.5
2024-10-15 00:00:00+00:00,60.49
2024-10-15 01:00:00+00:00,61.33
2024-10-15 02:00:00+00:00,51.57
2024-10-15 03:00:00+00:00,60.92
2024-10-15 04:00:00+00:00,63.87
2024-10-15 05:00:00+00:00,91.36
2024-10-15 06:00:00+00:00,122.28
2024-10-15 07:00:00+00:00,110.47
2024-10-15 08:00:00+00:00,92.74
2024-10-15 09:00:00+00:00,83.05
2024-10-15 10:00:00+00:00,78.47
2024-10-15 11:00:00+00:00,67.66
2024-10-15 12:00:00+00:00,41.51
2024-10-15 13:00:00+00:00,41.37
2024-10-15 14:00:00+00:00,62.63
2024-10-15 15:00:00+00:00,55.72
2024-10-15 16:00:00+00:00,79.47
2024-10-15 17:00:00+00:00,104.3
2024-10-15 18:00:00+00:00,64.98
2024-10-15 19:00:00+00:00,50.89
2024-10-15 20:00:00+00:00,61.52
2024-10-15 21:00:00+00:00,44.47
2024-10-15 22:00:00+00:00,28.42
2024-10-15 23:00:00+00:00,12.8
2024-10-16 00:00:00+00:00,5.3
2024-10-16 01:00:00+00:00,3.61
2024-10-16 02:00:00+00:00,1.48
2024-10-16 03:00:00+00:00,12.36
2024-10-16 04:00:00+00:00,46.09
2024-10-16 05:00:00+00:00,46.26
2024-10-16 06:00:00+00:00,59.55
2024-10-16 07:00:00+00:00,54.29
2024-10-16 08:00:00+00:00,26.68
2024-10-16 09:00:00+00:00,14.16
2024-10-16 10:00:00+00:00,4.09
2024-10-16 11:00:00+00:00,2.04
2024-10-16 12:00:00+00:00,4.0
2024-10-16 13:00:00+00:00,14.18
2024-10-16 14:00:00+00:00,30.84
2024-10-16 15:00:00+00:00,51.81
2024-10-16 16:00:00+00:00,75.74
2024-10-16 17:00:00+00:00,83.91
2024-10-16 18:00:00+00:00,55.43
2024-10-16 19:00:00+00:00,46.65
2024-10-16 20:00:00+00:00,35.14
2024-10-16 21:00:00+00:00,26.54
2024-10-16 22:00:00+00:00,17.04
2024-10-16 23:00:00+00:00,12.15
2024-10-17 00:00:00+00:00,10.48
2024-10-17 01:00:00+00:00,5.61
2024-10-17 02:00:00+00:00,10.01
2024-10-17 03:00:00+00:00,24.02
2024-10-17 04:00:00+00:00,63.38
2024-10-17 05:00:00+00:00,84.34
2024-10-17 06:00:00+00:00,83.93
2024-10-17 07:00:00+00:00,82.27
2024-10-17 08:00:00+00:00,76.61
2024-10-17 09:00:00+00:00,70.76
2024-10-17 10:00:00+00:00,61.79
2024-10-17 11:00:00+00:00,60.92
2024-10-17 12:00:00+00:00,63.59
2024-10-17 13:00:00+00:00,65.97
2024-10-17 14:00:00+00:00,82.65
2024-10-17 15:00:00+00:00,79.03
2024-10-17 16:00:00+00:00,78.77
2024-10-17 17:00:00+00:00,99.6
2024-10-17 18:00:00+00:00,82.27
2024-10-17 19:00:00+00:00,72.59
2024-10-17 20:00:00+00:00,71.08
2024-10-17 21:00:00+00:00,68.06
2024-10-17 22:00:00+00:00,50.1
2024-10-17 23:00:00+00:00,45.62
2024-10-18 00:00:00+00:00,38.06
2024-10-18 01:00:00+00:00,30.3
2024-10-18 02:00:00+00:00,20.4
2024-10-18 03:00:00+00:00,49.03
2024-10-18 04:00:00+00:00,57.84
2024-10-18 05:00:00+00:00,75.0
2024-10-18 06:00:00+00:00,99.5
2024-10-18 07:00:00+00:00,79.72
2024-10-18 08:00:00+00:00,78.56
2024-10-18 09:00:00+00:00,79.35
2024-10-18 10:00:00+00:00,76.1
2024-10-18 11:00:00+00:00,58.6
2024-10-18 12:00:00+00:00,42.86
2024-10-18 13:00:00+00:00,49.52
2024-10-18 14:00:00+00:00,51.41
2024-10-18 15:00:00+00:00,63.56
2024-10-18 16:00:00+00:00,83.16
2024-10-18 17:00:00+00:00,138.94
2024-10-18 18:00:00+00:00,103.25
2024-10-18 19:00:00+00:00,93.89
2024-10-18 20:00:00+00:00,81.2
2024-10-18 21:00:00+00:00,71.08
2024-10-18 22:00:00+00:00,56.04
2024-10-18 23:00:00+00:00,20.64
2024-10-19 00:00:00+00:00,24.83
2024-10-19 01:00:00+00:00,35.26
2024-10-19 02:00:00+00:00,10.25
2024-10-19 03:00:00+00:00,27.68
2024-10-19 04:00:00+00:00,54.78
2024-10-19 05:00:00+00:00,34.37
2024-10-19 06:00:00+00:00,41.88
2024-10-19 07:00:00+00:00,44.67
2024-10-19 08:00:00+00:00,46.42
2024-10-19 09:00:00+00:00,35.0
2024-10-19 10:00:00+00:00,30.24
2024-10-19 11:00:00+00:00,17.67
2024-10-19 12:00:00+00:00,13.17
2024-10-19 13:00:00+00:00,5.79
2024-10-19 14:00:00+00:00,5.05
2024-10-19 15:00:00+00:00,22.32
2024-10-19 16:00:00+00:00,44.13
2024-10-19 17:00:00+00:00,70.0
2024-10-19 18:00:00+00:00,69.59
2024-10-19 19:00:00+00:00,58.81
2024-10-19 20:00:00+00:00,72.78
2024-10-19 21:00:00+00:00,73.33
2024-10-19 22:00:00+00:00,37.46
2024-10-19 23:00:00+00:00,27.55
2024-10-20 00:00:00+00:00,25.77
2024-10-20 01:00:00+00:00,13.24
2024-10-20 02:00:00+00:00,11.57
2024-10-20 03:00:00+00:00,11.02
2024-10-20 04:00:00+00:00,8.63
2024-10-20 05:00:00+00:00,8.87
2024-10-20 06:00:00+00:00,13.08
2024-10-20 07:00:00+00:00,13.16
2024-10-20 08:00:00+00:00,6.37
2024-10-20 09:00:00+00:00,0.08
2024-10-20 10:00:00+00:00,0.0
2024-10-20 11:00:00+00:00,-0.98
2024-10-20 12:00:00+00:00,-2.01
2024-10-20 13:00:00+00:00,0.0
2024-10-20 14:00:00+00:00,0.03
2024-10-20 15:00:00+00:00,8.64
2024-10-20 16:00:00+00:00,17.13
2024-10-20 17:00:00+00:00,47.41
2024-10-20 18:00:00+00:00,36.87
2024-10-20 19:00:00+00:00,24.08
2024-10-20 20:00:00+00:00,14.14
2024-10-20 21:00:00+00:00,2.24
2024-10-20 22:00:00+00:00,1.12
2024-10-20 23:00:00+00:00,0.05
2024-10-21 00:00:00+00:00,0.0
2024-10-21 01:00:00+00:00,0.0
2024-10-21 02:00:00+00:00,0.29
2024-10-21 03:00:00+00:00,10.81
2024-10-21 04:00:00+00:00,32.6
2024-10-21 05:00:00+00:00,91.83
2024-10-21 06:00:00+00:00,120.22
2024-10-21 07:00:00+00:00,103.9
2024-10-21 08:00:00+00:00,88.77
2024-10-21 09:00:00+00:00,81.5
2024-10-21 10:00:00+00:00,73.29
2024-10-21 11:00:00+00:00,69.0
2024-10-21 12:00:00+00:00,67.04
2024-10-21 13:00:00+00:00,67.88
2024-10-21 14:00:00+00:00,70.47
2024-10-21 15:00:00+00:00,90.22
2024-10-21 16:00:00+00:00,103.41
2024-10-21 17:00:00+00:00,158.4
2024-10-21 18:00:00+00:00,113.95
2024-10-21 19:00:00+00:00,85.39
2024-10-21 20:00:00+00:00,97.69
2024-10-21 21:00:00+00:00,92.97
2024-10-21 22:00:00+00:00,76.27
2024-10-21 23:00:00+00:00,70.0
2024-10-22 00:00:00+00:00,63.79
2024-10-22 01:00:00+00:00,68.98
2024-10-22 02:00:00+00:00,60.0
2024-10-22 03:00:00+00:00,70.0
2024-10-22 04:00:00+00:00,75.97
2024-10-22 05:00:00+00:00,102.17
2024-10-22 06:00:00+00:00,123.02
2024-10-22 07:00:00+00:00,112.71
2024-10-22 08:00:00+00:00,98.84
2024-10-22 09:00:00+00:00,90.03
2024-10-22 10:00:00+00:00,78.57
2024-10-22 11:00:00+00:00,70.88
2024-10-22 12:00:00+00:00,58.92
2024-10-22 13:00:00+00:00,53.54
2024-10-22 14:00:00+00:00,52.5
2024-10-22 15:00:00+00:00,74.99
2024-10-22 16:00:00+00:00,118.32
2024-10-22 17:00:00+00:00,158.91
2024-10-22 18:00:00+00:00,112.02
2024-10-22 19:00:00+00:00,100.0
2024-10-22 20:00:00+00:00,95.78
2024-10-22 21:00:00+00:00,88.35
2024-10-22 22:00:00+00:00,77.21
2024-10-22 23:00:00+00:00,79.25
2024-10-23 00:00:00+00:00,71.0
2024-10-23 01:00:00+00:00,64.32
2024-10-23 02:00:00+00:00,64.29
2024-10-23 03:00:00+00:00,65.0
2024-10-23 04:00:00+00:00,84.98
2024-10-23 05:00:00+00:00,102.1
2024-10-23 06:00:00+00:00,134.71
2024-10-23 07:00:00+00:00,110.06
2024-10-23 08:00:00+00:00,85.0
2024-10-23 09:00:00+00:00,69.54
2024-10-23 10:00:00+00:00,64.08
2024-10-23 11:00:00+00:00,56.58
2024-10-23 12:00:00+00:00,56.08
2024-10-23 13:00:00+00:00,59.99
2024-10-23 14:00:00+00:00,63.4
2024-10-23 15:00:00+00:00,71.99
2024-10-23 16:00:00+00:00,103.41
2024-10-23 17:00:00+00:00,155.8
2024-10-23 18:00:00+00:00,114.63
2024-10-23 19:00:00+00:00,96.25
2024-10-23 20:00:00+00:00,99.87
2024-10-23 21:00:00+00:00,93.16
2024-10-23 22:00:00+00:00,51.61
2024-10-23 23:00:00+00:00,62.03
2024-10-24 00:00:00+00:00,57.75
2024-10-24 01:00:00+00:00,39.33
2024-10-24 02:00:00+00:00,43.11
2024-10-24 03:00:00+00:00,53.01
2024-10-24 04:00:00+00:00,70.57
2024-10-24 05:00:00+00:00,77.63
2024-10-24 06:00:00+00:00,120.01
2024-10-24 07:00:00+00:00,98.15
2024-10-24 08:00:00+00:00,69.17
2024-10-24 09:00:00+00:00,60.0
2024-10-24 10:00:00+00:00,50.24
2024-10-24 11:00:00+00:00,43.54
2024-10-24 12:00:00+00:00,30.01
2024-10-24 13:00:00+00:00,24.55
2024-10-24 14:00:00+00:00,47.44
2024-10-24 15:00:00+00:00,60.4
2024-10-24 16:00:00+00:00,79.36
2024-10-24 17:00:00+00:00,110.16
2024-10-24 18:00:00+00:00,85.0
2024-10-24 19:00:00+00:00,86.23
2024-10-24 20:00:00+00:00,75.72
2024-10-24 21:00:00+00:00,67.0
2024-10-24 22:00:00+00:00,57.0
2024-10-24 23:00:00+00:00,40.09
2024-10-25 00:00:00+00:00,41.04
2024-10-25 01:00:00+00:00,42.3
2024-10-25 02:00:00+00:00,18.7
2024-10-25 03:00:00+00:00,35.78
2024-10-25 04:00:00+00:00,46.02
2024-10-25 05:00:00+00:00,55.05
2024-10-25 06:00:00+00:00,67.72
2024-10-25 07:00:00+00:00,79.64
2024-10-25 08:00:00+00:00,70.0
2024-10-25 09:00:00+00:00,60.0
2024-10-25 10:00:00+00:00,55.83
2024-10-25 11:00:00+00:00,54.0
2024-10-25 12:00:00+00:00,50.0
2024-10-25 13:00:00+00:00,42.0
2024-10-25 14:00:00+00:00,40.0
2024-10-25 15:00:00+00:00,53.9
2024-10-25 16:00:00+00:00,70.57
2024-10-25 17:00:00+00:00,102.17
2024-10-25 18:00:00+00:00,103.06
2024-10-25 19:00:00+00:00,85.37
2024-10-25 20:00:00+00:00,79.03
2024-10-25 21:00:00+00:00,74.0
2024-10-25 22:00:00+00:00,67.82
2024-10-25 23:00:00+00:00,56.29
2024-10-26 00:00:00+00:00,50.0
2024-10-26 01:00:00+00:00,42.76
2024-10-26 02:00:00+00:00,37.01
2024-10-26 03:00:00+00:00,41.94
2024-10-26 04:00:00+00:00,50.1
2024-10-26 05:00:00+00:00,56.5
2024-10-26 06:00:00+00:00,57.82
2024-10-26 07:00:00+00:00,65.56
2024-10-26 08:00:00+00:00,56.08
2024-10-26 09:00:00+00:00,45.06
2024-10-26 10:00:00+00:00,48.22
2024-10-26 11:00:00+00:00,53.84
2024-10-26 12:00:00+00:00,45.97
2024-10-26 13:00:00+00:00,46.02
2024-10-26 14:00:00+00:00,57.93
2024-10-26 15:00:00+00:00,48.04
2024-10-26 16:00:00+00:00,61.35
2024-10-26 17:00:00+00:00,99.02
2024-10-26 18:00:00+00:00,83.3
2024-10-26 19:00:00+00:00,59.59
2024-10-26 20:00:00+00:00,68.22
2024-10-26 21:00:00+00:00,75.0
2024-10-26 22:00:00+00:00,87.71
2024-10-26 23:00:00+00:00,83.31
2024-10-27 00:00:00+00:00,82.23
2024-10-27 01:00:00+00:00,80.43
2024-10-27 02:00:00+00:00,44.38
2024-10-27 03:00:00+00:00,59.91
2024-10-27 04:00:00+00:00,52.93
2024-10-27 05:00:00+00:00,71.02
2024-10-27 06:00:00+00:00,86.24
2024-10-27 07:00:00+00:00,81.3
2024-10-27 08:00:00+00:00,64.36
2024-10-27 09:00:00+00:00,54.72
2024-10-27 10:00:00+00:00,42.5
2024-10-27 11:00:00+00:00,39.99
2024-10-27 12:00:00+00:00,40.0
2024-10-27 13:00:00+00:00,55.19
2024-10-27 14:00:00+00:00,44.99
2024-10-27 15:00:00+00:00,63.97
2024-10-27 16:00:00+00:00,81.25
2024-10-27 17:00:00+00:00,96.27
2024-10-27 18:00:00+00:00,128.7
2024-10-27 19:00:00+00:00,115.51
2024-10-27 20:00:00+00:00,107.36
2024-10-27 21:00:00+00:00,90.58
2024-10-27 22:00:00+00:00,102.99
2024-10-27 23:00:00+00:00,79.32
2024-10-28 00:00:00+00:00,50.31
2024-10-28 01:00:00+00:00,49.0
2024-10-28 02:00:00+00:00,43.1
2024-10-28 03:00:00+00:00,43.92
2024-10-28 04:00:00+00:00,49.2
2024-10-28 05:00:00+00:00,65.78
2024-10-28 06:00:00+00:00,86.74
2024-10-28 07:00:00+00:00,98.94
2024-10-28 08:00:00+00:00,79.06
2024-10-28 09:00:00+00:00,69.39
2024-10-28 10:00:00+00:00,65.76
2024-10-28 11:00:00+00:00,64.6
2024-10-28 12:00:00+00:00,65.41
2024-10-28 13:00:00+00:00,70.23
2024-10-28 14:00:00+00:00,83.74
2024-10-28 15:00:00+00:00,91.33
2024-10-28 16:00:00+00:00,115.57
2024-10-28 17:00:00+00:00,150.0
2024-10-28 18:00:00+00:00,133.66
2024-10-28 19:00:00+00:00,115.73
2024-10-28 20:00:00+00:00,110.49
2024-10-28 21:00:00+00:00,98.61
2024-10-28 22:00:00+00:00,90.33
2024-10-28 23:00:00+00:00,70.0
2024-10-29 00:00:00+00:00,65.14
2024-10-29 01:00:00+00:00,56.21
2024-10-29 02:00:00+00:00,49.28
2024-10-29 03:00:00+00:00,49.04
2024-10-29 04:00:00+00:00,58.4
2024-10-29 05:00:00+00:00,70.84
2024-10-29 06:00:00+00:00,83.09
2024-10-29 07:00:00+00:00,98.77
2024-10-29 08:00:00+00:00,109.88
2024-10-29 09:00:00+00:00,106.4
2024-10-29 10:00:00+00:00,97.39
2024-10-29 11:00:00+00:00,94.83
2024-10-29 12:00:00+00:00,86.61
2024-10-29 13:00:00+00:00,82.91
2024-10-29 14:00:00+00:00,71.1
2024-10-29 15:00:00+00:00,73.61
2024-10-29 16:00:00+00:00,96.75
2024-10-29 17:00:00+00:00,160.11
2024-10-29 18:00:00+00:00,150.79
2024-10-29 19:00:00+00:00,108.55
2024-10-29 20:00:00+00:00,90.0
2024-10-29 21:00:00+00:00,83.22
2024-10-29 22:00:00+00:00,68.7
2024-10-29 23:00:00+00:00,66.0
2024-10-30 00:00:00+00:00,55.0
2024-10-30 01:00:00+00:00,52.99
2024-10-30 02:00:00+00:00,44.6
2024-10-30 03:00:00+00:00,40.0
2024-10-30 04:00:00+00:00,52.5
2024-10-30 05:00:00+00:00,68.68
2024-10-30 06:00:00+00:00,76.04
2024-10-30 07:00:00+00:00,90.25
2024-10-30 08:00:00+00:00,91.56
2024-10-30 09:00:00+00:00,69.7
2024-10-30 10:00:00+00:00,69.57
2024-10-30 11:00:00+00:00,73.05
2024-10-30 12:00:00+00:00,73.52
2024-10-30 13:00:00+00:00,69.57
2024-10-30 14:00:00+00:00,72.65
2024-10-30 15:00:00+00:00,86.81
2024-10-30 16:00:00+00:00,102.3
2024-10-30 17:00:00+00:00,145.0
2024-10-30 18:00:00+00:00,143.36
2024-10-30 19:00:00+00:00,107.19
2024-10-30 20:00:00+00:00,74.61
2024-10-30 21:00:00+00:00,84.71
2024-10-30 22:00:00+00:00,88.01
2024-10-30 23:00:00+00:00,80.0
2024-10-31 00:00:00+00:00,76.79
2024-10-31 01:00:00+00:00,75.0
2024-10-31 02:00:00+00:00,72.59
2024-10-31 03:00:00+00:00,70.99
2024-10-31 04:00:00+00:00,77.0
2024-10-31 05:00:00+00:00,88.39
2024-10-31 06:00:00+00:00,117.05
2024-10-31 07:00:00+00:00,121.58
2024-10-31 08:00:00+00:00,102.8
2024-10-31 09:00:00+00:00,93.2
2024-10-31 10:00:00+00:00,85.04
2024-10-31 11:00:00+00:00,88.91
2024-10-31 12:00:00+00:00,85.31
2024-10-31 13:00:00+00:00,85.51
2024-10-31 14:00:00+00:00,95.5
2024-10-31 15:00:00+00:00,113.0
2024-10-31 16:00:00+00:00,130.0
2024-10-31 17:00:00+00:00,134.14
2024-10-31 18:00:00+00:00,124.95
2024-10-31 19:00:00+00:00,111.31
2024-10-31 20:00:00+00:00,101.25
2024-10-31 21:00:00+00:00,104.64
2024-10-31 22:00:00+00:00,93.56
2024-10-31 23:00:00+00:00,86.48
2024-11-01 00:00:00+00:00,81.71
2024-11-01 01:00:00+00:00,75.0
2024-11-01 02:00:00+00:00,69.46
2024-11-01 03:00:00+00:00,66.94
2024-11-01 04:00:00+00:00,71.66
2024-11-01 05:00:00+00:00,73.84
2024-11-01 06:00:00+00:00,78.0
2024-11-01 07:00:00+00:00,73.09
2024-11-01 08:00:00+00:00,70.0
2024-11-01 09:00:00+00:00,66.71
2024-11-01 10:00:00+00:00,46.74
2024-11-01 11:00:00+00:00,49.99
2024-11-01 12:00:00+00:00,46.04
2024-11-01 13:00:00+00:00,60.0
2024-11-01 14:00:00+00:00,70.43
2024-11-01 15:00:00+00:00,83.76
2024-11-01 16:00:00+00:00,105.48
2024-11-01 17:00:00+00:00,125.88
2024-11-01 18:00:00+00:00,120.01
2024-11-01 19:00:00+00:00,115.45
2024-11-01 20:00:00+00:00,106.37
2024-11-01 21:00:00+00:00,101.09
2024-11-01 22:00:00+00:00,93.92
2024-11-01 23:00:00+00:00,96.28
2024-11-02 00:00:00+00:00,91.56
2024-11-02 01:00:00+00:00,88.83
2024-11-02 02:00:00+00:00,86.0
2024-11-02 03:00:00+00:00,86.85
2024-11-02 04:00:00+00:00,82.15
2024-11-02 05:00:00+00:00,93.14
2024-11-02 06:00:00+00:00,100.11
2024-11-02 07:00:00+00:00,101.16
2024-11-02 08:00:00+00:00,88.93
2024-11-02 09:00:00+00:00,77.89
2024-11-02 10:00:00+00:00,71.77
2024-11-02 11:00:00+00:00,74.63
2024-11-02 12:00:00+00:00,69.84
2024-11-02 13:00:00+00:00,72.34
2024-11-02 14:00:00+00:00,70.63
2024-11-02 15:00:00+00:00,85.0
2024-11-02 16:00:00+00:00,105.82
2024-11-02 17:00:00+00:00,114.64
2024-11-02 18:00:00+00:00,114.64
2024-11-02 19:00:00+00:00,112.46
2024-11-02 20:00:00+00:00,109.16
2024-11-02 21:00:00+00:00,106.28
2024-11-02 22:00:00+00:00,100.61
2024-11-02 23:00:00+00:00,101.19
2024-11-03 00:00:00+00:00,91.36
2024-11-03 01:00:00+00:00,85.51
2024-11-03 02:00:00+00:00,85.0
2024-11-03 03:00:00+00:00,76.25
2024-11-03 04:00:00+00:00,75.12
2024-11-03 05:00:00+00:00,84.18
2024-11-03 06:00:00+00:00,87.14
2024-11-03 07:00:00+00:00,77.89
2024-11-03 08:00:00+00:00,58.13
2024-11-03 09:00:00+00:00,51.29
2024-11-03 10:00:00+00:00,47.86
2024-11-03 11:00:00+00:00,52.63
2024-11-03 12:00:00+00:00,40.0
2024-11-03 13:00:00+00:00,26.0
2024-11-03 14:00:00+00:00,44.49
2024-11-03 15:00:00+00:00,82.85
2024-11-03 16:00:00+00:00,99.91
2024-11-03 17:00:00+00:00,118.11
2024-11-03 18:00:00+00:00,114.01
2024-11-03 19:00:00+00:00,111.04
2024-11-03 20:00:00+00:00,102.54
2024-11-03 21:00:00+00:00,100.2
2024-11-03 22:00:00+00:00,95.24
2024-11-03 23:00:00+00:00,92.04
2024-11-04 00:00:00+00:00,89.96
2024-11-04 01:00:00+00:00,90.07
2024-11-04 02:00:00+00:00,83.82
2024-11-04 03:00:00+00:00,85.36
2024-11-04 04:00:00+00:00,89.89
2024-11-04 05:00:00+00:00,104.14
2024-11-04 06:00:00+00:00,121.54
2024-11-04 07:00:00+00:00,124.08
2024-11-04 08:00:00+00:00,118.04
2024-11-04 09:00:00+00:00,99.88
2024-11-04 10:00:00+00:00,93.32
2024-11-04 11:00:00+00:00,91.39
2024-11-04 12:00:00+00:00,90.1
2024-11-04 13:00:00+00:00,92.4
2024-11-04 14:00:00+00:00,109.64
2024-11-04 15:00:00+00:00,120.94
2024-11-04 16:00:00+00:00,135.24
2024-11-04 17:00:00+00:00,160.54
2024-11-04 18:00:00+00:00,151.52
2024-11-04 19:00:00+00:00,123.0
2024-11-04 20:00:00+00:00,113.78
2024-11-04 21:00:00+00:00,109.07
2024-11-04 22:00:00+00:00,99.43
2024-11-04 23:00:00+00:00,101.47
2024-11-05 00:00:00+00:00,94.0
2024-11-05 01:00:00+00:00,88.38
2024-11-05 02:00:00+00:00,80.34
2024-11-05 03:00:00+00:00,83.31
2024-11-05 04:00:00+00:00,84.5
2024-11-05 05:00:00+00:00,110.17
2024-11-05 06:00:00+00:00,124.09
2024-11-05 07:00:00+00:00,133.14
2024-11-05 08:00:00+00:00,118.23
2024-11-05 09:00:00+00:00,105.87
2024-11-05 10:00:00+00:00,95.28
2024-11-05 11:00:00+00:00,94.92
2024-11-05 12:00:00+00:00,99.25
2024-11-05 13:00:00+00:00,109.5
2024-11-05 14:00:00+00:00,111.33
2024-11-05 15:00:00+00:00,115.54
2024-11-05 16:00:00+00:00,132.5
2024-11-05 17:00:00+00:00,193.0
2024-11-05 18:00:00+00:00,186.2
2024-11-05 19:00:00+00:00,154.45
2024-11-05 20:00:00+00:00,124.41
2024-11-05 21:00:00+00:00,117.77
2024-11-05 22:00:00+00:00,110.03
2024-11-05 23:00:00+00:00,104.61
2024-11-06 00:00:00+00:00,99.05
2024-11-06 01:00:00+00:00,94.95
2024-11-06 02:00:00+00:00,87.87
2024-11-06 03:00:00+00:00,87.62
2024-11-06 04:00:00+00:00,100.63
2024-11-06 05:00:00+00:00,116.29
2024-11-06 06:00:00+00:00,125.01
2024-11-06 07:00:00+00:00,128.89
2024-11-06 08:00:00+00:00,123.47
2024-11-06 09:00:00+00:00,118.27
2024-11-06 10:00:00+00:00,115.76
2024-11-06 11:00:00+00:00,111.0
2024-11-06 12:00:00+00:00,114.66
2024-11-06 13:00:00+00:00,103.22
2024-11-06 14:00:00+00:00,104.78
2024-11-06 15:00:00+00:00,105.8
2024-11-06 16:00:00+00:00,128.03
2024-11-06 17:00:00+00:00,171.89
2024-11-06 18:00:00+00:00,167.02
2024-11-06 19:00:00+00:00,135.18
2024-11-06 20:00:00+00:00,123.55
2024-11-06 21:00:00+00:00,117.39
2024-11-06 22:00:00+00:00,110.79
2024-11-06 23:00:00+00:00,100.35
2024-11-07 00:00:00+00:00,94.8
2024-11-07 01:00:00+00:00,94.01
2024-11-07 02:00:00+00:00,88.07
2024-11-07 03:00:00+00:00,83.77
2024-11-07 04:00:00+00:00,90.96
2024-11-07 05:00:00+00:00,107.24
2024-11-07 06:00:00+00:00,122.76
2024-11-07 07:00:00+00:00,127.51
2024-11-07 08:00:00+00:00,120.04
2024-11-07 09:00:00+00:00,105.6
2024-11-07 10:00:00+00:00,101.61
2024-11-07 11:00:00+00:00,106.18
2024-11-07 12:00:00+00:00,90.0
2024-11-07 13:00:00+00:00,92.0
2024-11-07 14:00:00+00:00,106.87
2024-11-07 15:00:00+00:00,119.16
2024-11-07 16:00:00+00:00,122.98
2024-11-07 17:00:00+00:00,151.49
2024-11-07 18:00:00+00:00,144.66
2024-11-07 19:00:00+00:00,130.99
2024-11-07 20:00:00+00:00,114.11
2024-11-07 21:00:00+00:00,112.06
2024-11-07 22:00:00+00:00,100.23
2024-11-07 23:00:00+00:00,100.01
2024-11-08 00:00:00+00:00,96.76
2024-11-08 01:00:00+00:00,91.48
2024-11-08 02:00:00+00:00,88.16
2024-11-08 03:00:00+00:00,89.5
2024-11-08 04:00:00+00:00,95.55
2024-11-08 05:00:00+00:00,109.8
2024-11-08 06:00:00+00:00,126.56
2024-11-08 07:00:00+00:00,130.37
2024-11-08 08:00:00+00:00,124.1
2024-11-08 09:00:00+00:00,117.34
2024-11-08 10:00:00+00:00,110.94
2024-11-08 11:00:00+00:00,105.59
2024-11-08 12:00:00+00:00,106.81
2024-11-08 13:00:00+00:00,112.53
2024-11-08 14:00:00+00:00,122.8
2024-11-08 15:00:00+00:00,127.74
2024-11-08 16:00:00+00:00,129.88
2024-11-08 17:00:00+00:00,133.58
2024-11-08 18:00:00+00:00,127.86
2024-11-08 19:00:00+00:00,116.39
2024-11-08 20:00:00+00:00,110.07
2024-11-08 21:00:00+00:00,113.0
2024-11-08 22:00:00+00:00,104.06
2024-11-08 23:00:00+00:00,105.1
2024-11-09 00:00:00+00:00,99.96
2024-11-09 01:00:00+00:00,98.0
2024-11-09 02:00:00+00:00,96.68
2024-11-09 03:00:00+00:00,98.41
2024-11-09 04:00:00+00:00,100.17
2024-11-09 05:00:00+00:00,104.31
2024-11-09 06:00:00+00:00,109.87
2024-11-09 07:00:00+00:00,114.1
2024-11-09 08:00:00+00:00,114.6
2024-11-09 09:00:00+00:00,109.97
2024-11-09 10:00:00+00:00,106.4
2024-11-09 11:00:00+00:00,106.88
2024-11-09 12:00:00+00:00,108.0
2024-11-09 13:00:00+00:00,110.18
2024-11-09 14:00:00+00:00,112.45
2024-11-09 15:00:00+00:00,114.08
2024-11-09 16:00:00+00:00,130.04
2024-11-09 17:00:00+00:00,133.34
2024-11-09 18:00:00+00:00,134.86
2024-11-09 19:00:00+00:00,128.32
2024-11-09 20:00:00+00:00,117.96
2024-11-09 21:00:00+00:00,114.53
2024-11-09 22:00:00+00:00,110.1
2024-11-09 23:00:00+00:00,104.99
2024-11-10 00:00:00+00:00,102.28
2024-11-10 01:00:00+00:00,97.69
2024-11-10 02:00:00+00:00,92.52
2024-11-10 03:00:00+00:00,90.0
2024-11-10 04:00:00+00:00,89.18
2024-11-10 05:00:00+00:00,95.09
2024-11-10 06:00:00+00:00,102.45
2024-11-10 07:00:00+00:00,97.95
2024-11-10 08:00:00+00:00,110.49
2024-11-10 09:00:00+00:00,109.74
2024-11-10 10:00:00+00:00,110.13
2024-11-10 11:00:00+00:00,110.92
2024-11-10 12:00:00+00:00,106.3
2024-11-10 13:00:00+00:00,103.24
2024-11-10 14:00:00+00:00,89.2
2024-11-10 15:00:00+00:00,97.14
2024-11-10 16:00:00+00:00,116.0
2024-11-10 17:00:00+00:00,127.99
2024-11-10 18:00:00+00:00,128.02
2024-11-10 19:00:00+00:00,125.31
2024-11-10 20:00:00+00:00,115.28
2024-11-10 21:00:00+00:00,111.1
2024-11-10 22:00:00+00:00,108.02
2024-11-10 23:00:00+00:00,109.0
2024-11-11 00:00:00+00:00,101.71
2024-11-11 01:00:00+00:00,99.39
2024-11-11 02:00:00+00:00,85.38
2024-11-11 03:00:00+00:00,80.66
2024-11-11 04:00:00+00:00,80.2
2024-11-11 05:00:00+00:00,84.1
2024-11-11 06:00:00+00:00,105.72
2024-11-11 07:00:00+00:00,109.0
2024-11-11 08:00:00+00:00,109.75
2024-11-11 09:00:00+00:00,100.16
2024-11-11 10:00:00+00:00,97.2
2024-11-11 11:00:00+00:00,107.61
2024-11-11 12:00:00+00:00,94.99
2024-11-11 13:00:00+00:00,89.86
2024-11-11 14:00:00+00:00,96.94
2024-11-11 15:00:00+00:00,95.25
2024-11-11 16:00:00+00:00,108.14
2024-11-11 17:00:00+00:00,127.98
2024-11-11 18:00:00+00:00,120.06
2024-11-11 19:00:00+00:00,109.69
2024-11-11 20:00:00+00:00,96.73
2024-11-11 21:00:00+00:00,88.92
2024-11-11 22:00:00+00:00,98.84
2024-11-11 23:00:00+00:00,109.11
2024-11-12 00:00:00+00:00,97.07
2024-11-12 01:00:00+00:00,89.14
2024-11-12 02:00:00+00:00,49.09
2024-11-12 03:00:00+00:00,31.24
2024-11-12 04:00:00+00:00,65.26
2024-11-12 05:00:00+00:00,100.59
2024-11-12 06:00:00+00:00,111.94
2024-11-12 07:00:00+00:00,114.39
2024-11-12 08:00:00+00:00,118.28
2024-11-12 09:00:00+00:00,95.44
2024-11-12 10:00:00+00:00,98.1
2024-11-12 11:00:00+00:00,107.31
2024-11-12 12:00:00+00:00,100.37
2024-11-12 13:00:00+00:00,94.98
2024-11-12 14:00:00+00:00,101.64
2024-11-12 15:00:00+00:00,106.47
2024-11-12 16:00:00+00:00,122.96
2024-11-12 17:00:00+00:00,150.04
2024-11-12 18:00:00+00:00,143.3
2024-11-12 19:00:00+00:00,128.86
2024-11-12 20:00:00+00:00,120.28
2024-11-12 21:00:00+00:00,119.92
2024-11-12 22:00:00+00:00,113.87
2024-11-12 23:00:00+00:00,100.13
2024-11-13 00:00:00+00:00,99.47
2024-11-13 01:00:00+00:00,99.12
2024-11-13 02:00:00+00:00,95.33
2024-11-13 03:00:00+00:00,91.82
2024-11-13 04:00:00+00:00,94.9
2024-11-13 05:00:00+00:00,108.68
2024-11-13 06:00:00+00:00,136.71
2024-11-13 07:00:00+00:00,144.11
2024-11-13 08:00:00+00:00,142.15
2024-11-13 09:00:00+00:00,131.23
2024-11-13 10:00:00+00:00,127.0
2024-11-13 11:00:00+00:00,124.06
2024-11-13 12:00:00+00:00,105.94
2024-11-13 13:00:00+00:00,115.73
2024-11-13 14:00:00+00:00,139.01
2024-11-13 15:00:00+00:00,124.98
2024-11-13 16:00:00+00:00,162.52
2024-11-13 17:00:00+00:00,179.09
2024-11-13 18:00:00+00:00,162.47
2024-11-13 19:00:00+00:00,134.08
2024-11-13 20:00:00+00:00,119.8
2024-11-13 21:00:00+00:00,115.88
2024-11-13 22:00:00+00:00,107.79
2024-11-13 23:00:00+00:00,102.85
2024-11-14 00:00:00+00:00,100.86
2024-11-14 01:00:00+00:00,96.91
2024-11-14 02:00:00+00:00,93.08
2024-11-14 03:00:00+00:00,92.85
2024-11-14 04:00:00+00:00,95.74
2024-11-14 05:00:00+00:00,110.99
2024-11-14 06:00:00+00:00,125.28
2024-11-14 07:00:00+00:00,134.24
2024-11-14 08:00:00+00:00,130.56
2024-11-14 09:00:00+00:00,130.18
2024-11-14 10:00:00+00:00,130.27
2024-11-14 11:00:00+00:00,128.62
2024-11-14 12:00:00+00:00,128.62
2024-11-14 13:00:00+00:00,131.93
2024-11-14 14:00:00+00:00,145.7
2024-11-14 15:00:00+00:00,147.28
2024-11-14 16:00:00+00:00,160.04
2024-11-14 17:00:00+00:00,158.7
2024-11-14 18:00:00+00:00,151.63
2024-11-14 19:00:00+00:00,140.1
2024-11-14 20:00:00+00:00,129.81
2024-11-14 21:00:00+00:00,123.28
2024-11-14 22:00:00+00:00,112.91
2024-11-14 23:00:00+00:00,111.6
2024-11-15 00:00:00+00:00,107.31
2024-11-15 01:00:00+00:00,107.43
2024-11-15 02:00:00+00:00,104.05
2024-11-15 03:00:00+00:00,104.81
2024-11-15 04:00:00+00:00,109.55
2024-11-15 05:00:00+00:00,130.98
2024-11-15 06:00:00+00:00,148.04
2024-11-15 07:00:00+00:00,160.85
2024-11-15 08:00:00+00:00,145.06
2024-11-15 09:00:00+00:00,131.25
2024-11-15 10:00:00+00:00,125.6
2024-11-15 11:00:00+00:00,120.47
2024-11-15 12:00:00+00:00,119.54
2024-11-15 13:00:00+00:00,120.0
2024-11-15 14:00:00+00:00,119.55
2024-11-15 15:00:00+00:00,128.7
2024-11-15 16:00:00+00:00,139.68
2024-11-15 17:00:00+00:00,138.66
2024-11-15 18:00:00+00:00,134.05
2024-11-15 19:00:00+00:00,121.81
2024-11-15 20:00:00+00:00,118.27
2024-11-15 21:00:00+00:00,122.0
2024-11-15 22:00:00+00:00,111.71
2024-11-15 23:00:00+00:00,104.59
2024-11-16 00:00:00+00:00,99.0
2024-11-16 01:00:00+00:00,94.5
2024-11-16 02:00:00+00:00,92.28
2024-11-16 03:00:00+00:00,92.37
2024-11-16 04:00:00+00:00,91.98
2024-11-16 05:00:00+00:00,93.99
2024-11-16 06:00:00+00:00,104.52
2024-11-16 07:00:00+00:00,114.32
2024-11-16 08:00:00+00:00,116.0
2024-11-16 09:00:00+00:00,112.2
2024-11-16 10:00:00+00:00,104.0
2024-11-16 11:00:00+00:00,101.49
2024-11-16 12:00:00+00:00,99.54
2024-11-16 13:00:00+00:00,101.51
2024-11-16 14:00:00+00:00,109.05
2024-11-16 15:00:00+00:00,120.64
2024-11-16 16:00:00+00:00,131.22
2024-11-16 17:00:00+00:00,134.0
2024-11-16 18:00:00+00:00,128.91
2024-11-16 19:00:00+00:00,111.18
2024-11-16 20:00:00+00:00,100.83
2024-11-16 21:00:00+00:00,106.33
2024-11-16 22:00:00+00:00,107.29
2024-11-16 23:00:00+00:00,90.25
2024-11-17 00:00:00+00:00,82.16
2024-11-17 01:00:00+00:00,79.81
2024-11-17 02:00:00+00:00,67.92
2024-11-17 03:00:00+00:00,54.17
2024-11-17 04:00:00+00:00,50.05
2024-11-17 05:00:00+00:00,56.34
2024-11-17 06:00:00+00:00,71.3
2024-11-17 07:00:00+00:00,81.35
2024-11-17 08:00:00+00:00,95.63
2024-11-17 09:00:00+00:00,87.79
2024-11-17 10:00:00+00:00,89.09
2024-11-17 11:00:00+00:00,92.68
2024-11-17 12:00:00+00:00,87.79
2024-11-17 13:00:00+00:00,74.29
2024-11-17 14:00:00+00:00,94.51
2024-11-17 15:00:00+00:00,97.03
2024-11-17 16:00:00+00:00,119.04
2024-11-17 17:00:00+00:00,135.43
2024-11-17 18:00:00+00:00,132.42
2024-11-17 19:00:00+00:00,107.32
2024-11-17 20:00:00+00:00,103.7
2024-11-17 21:00:00+00:00,103.45
2024-11-17 22:00:00+00:00,106.47
2024-11-17 23:00:00+00:00,92.81
2024-11-18 00:00:00+00:00,85.31
2024-11-18 01:00:00+00:00,76.48
2024-11-18 02:00:00+00:00,61.78
2024-11-18 03:00:00+00:00,69.96
2024-11-18 04:00:00+00:00,85.52
2024-11-18 05:00:00+00:00,105.2
2024-11-18 06:00:00+00:00,126.75
2024-11-18 07:00:00+00:00,126.2
2024-11-18 08:00:00+00:00,122.92
2024-11-18 09:00:00+00:00,117.69
2024-11-18 10:00:00+00:00,107.55
2024-11-18 11:00:00+00:00,107.35
2024-11-18 12:00:00+00:00,109.4
2024-11-18 13:00:00+00:00,116.51
2024-11-18 14:00:00+00:00,130.98
2024-11-18 15:00:00+00:00,139.98
2024-11-18 16:00:00+00:00,154.69
2024-11-18 17:00:00+00:00,168.2
2024-11-18 18:00:00+00:00,158.23
2024-11-18 19:00:00+00:00,128.94
2024-11-18 20:00:00+00:00,117.62
2024-11-18 21:00:00+00:00,116.35
2024-11-18 22:00:00+00:00,106.59
2024-11-18 23:00:00+00:00,76.34
2024-11-19 00:00:00+00:00,68.54
2024-11-19 01:00:00+00:00,31.75
2024-11-19 02:00:00+00:00,6.27
2024-11-19 03:00:00+00:00,2.79
2024-11-19 04:00:00+00:00,30.28
2024-11-19 05:00:00+00:00,78.39
2024-11-19 06:00:00+00:00,105.53
2024-11-19 07:00:00+00:00,102.49
2024-11-19 08:00:00+00:00,112.85
2024-11-19 09:00:00+00:00,100.92
2024-11-19 10:00:00+00:00,93.94
2024-11-19 11:00:00+00:00,99.86
2024-11-19 12:00:00+00:00,89.03
2024-11-19 13:00:00+00:00,96.63
2024-11-19 14:00:00+00:00,100.0
2024-11-19 15:00:00+00:00,103.88
2024-11-19 16:00:00+00:00,122.77
2024-11-19 17:00:00+00:00,135.93
2024-11-19 18:00:00+00:00,127.51
2024-11-19 19:00:00+00:00,117.31
2024-11-19 20:00:00+00:00,103.58
2024-11-19 21:00:00+00:00,106.22
2024-11-19 22:00:00+00:00,90.52
2024-11-19 23:00:00+00:00,102.01
2024-11-20 00:00:00+00:00,88.78
2024-11-20 01:00:00+00:00,86.03
2024-11-20 02:00:00+00:00,81.5
2024-11-20 03:00:00+00:00,76.15
2024-11-20 04:00:00+00:00,83.79
2024-11-20 05:00:00+00:00,101.73
2024-11-20 06:00:00+00:00,122.21
2024-11-20 07:00:00+00:00,142.87
2024-11-20 08:00:00+00:00,139.53
2024-11-20 09:00:00+00:00,112.02
2024-11-20 10:00:00+00:00,107.0
2024-11-20 11:00:00+00:00,97.26
2024-11-20 12:00:00+00:00,96.88
2024-11-20 13:00:00+00:00,104.26
2024-11-20 14:00:00+00:00,117.83
2024-11-20 15:00:00+00:00,129.7
2024-11-20 16:00:00+00:00,142.51
2024-11-20 17:00:00+00:00,143.18
2024-11-20 18:00:00+00:00,141.56
2024-11-20 19:00:00+00:00,135.98
2024-11-20 20:00:00+00:00,124.63
2024-11-20 21:00:00+00:00,117.5
2024-11-20 22:00:00+00:00,103.5
2024-11-20 23:00:00+00:00,93.96
2024-11-21 00:00:00+00:00,90.4
2024-11-21 01:00:00+00:00,86.8
2024-11-21 02:00:00+00:00,84.15
2024-11-21 03:00:00+00:00,84.23
2024-11-21 04:00:00+00:00,94.45
2024-11-21 05:00:00+00:00,111.46
2024-11-21 06:00:00+00:00,125.03
2024-11-21 07:00:00+00:00,134.62
2024-11-21 08:00:00+00:00,135.09
2024-11-21 09:00:00+00:00,127.53
2024-11-21 10:00:00+00:00,115.62
2024-11-21 11:00:00+00:00,113.81
2024-11-21 12:00:00+00:00,121.0
2024-11-21 13:00:00+00:00,113.44
2024-11-21 14:00:00+00:00,115.8
2024-11-21 15:00:00+00:00,119.09
2024-11-21 16:00:00+00:00,130.93
2024-11-21 17:00:00+00:00,139.02
2024-11-21 18:00:00+00:00,133.76
2024-11-21 19:00:00+00:00,122.11
2024-11-21 20:00:00+00:00,116.92
2024-11-21 21:00:00+00:00,111.53
2024-11-21 22:00:00+00:00,103.15
2024-11-21 23:00:00+00:00,104.55
2024-11-22 00:00:00+00:00,92.43
2024-11-22 01:00:00+00:00,85.78
2024-11-22 02:00:00+00:00,80.58
2024-11-22 03:00:00+00:00,77.13
2024-11-22 04:00:00+00:00,87.6
2024-11-22 05:00:00+00:00,100.09
2024-11-22 06:00:00+00:00,129.57
2024-11-22 07:00:00+00:00,141.31
2024-11-22 08:00:00+00:00,136.32
2024-11-22 09:00:00+00:00,116.71
2024-11-22 10:00:00+00:00,115.0
2024-11-22 11:00:00+00:00,107.16
2024-11-22 12:00:00+00:00,97.02
2024-11-22 13:00:00+00:00,98.93
2024-11-22 14:00:00+00:00,111.63
2024-11-22 15:00:00+00:00,116.99
2024-11-22 16:00:00+00:00,131.84
2024-11-22 17:00:00+00:00,136.3
2024-11-22 18:00:00+00:00,132.56
2024-11-22 19:00:00+00:00,118.22
2024-11-22 20:00:00+00:00,106.89
2024-11-22 21:00:00+00:00,117.97
2024-11-22 22:00:00+00:00,115.61
2024-11-22 23:00:00+00:00,113.9
2024-11-23 00:00:00+00:00,98.5
2024-11-23 01:00:00+00:00,91.08
2024-11-23 02:00:00+00:00,83.17
2024-11-23 03:00:00+00:00,79.68
2024-11-23 04:00:00+00:00,84.78
2024-11-23 05:00:00+00:00,85.95
2024-11-23 06:00:00+00:00,93.0
2024-11-23 07:00:00+00:00,99.25
2024-11-23 08:00:00+00:00,85.62
2024-11-23 09:00:00+00:00,67.04
2024-11-23 10:00:00+00:00,40.0
2024-11-23 11:00:00+00:00,42.5
2024-11-23 12:00:00+00:00,36.95
2024-11-23 13:00:00+00:00,30.52
2024-11-23 14:00:00+00:00,36.94
2024-11-23 15:00:00+00:00,58.9
2024-11-23 16:00:00+00:00,81.98
2024-11-23 17:00:00+00:00,91.28
2024-11-23 18:00:00+00:00,83.14
2024-11-23 19:00:00+00:00,71.99
2024-11-23 20:00:00+00:00,58.84
2024-11-23 21:00:00+00:00,49.27
2024-11-23 22:00:00+00:00,26.38
2024-11-23 23:00:00+00:00,13.81
2024-11-24 00:00:00+00:00,8.48
2024-11-24 01:00:00+00:00,5.53
2024-11-24 02:00:00+00:00,3.71
2024-11-24 03:00:00+00:00,3.32
2024-11-24 04:00:00+00:00,4.68
2024-11-24 05:00:00+00:00,3.92
2024-11-24 06:00:00+00:00,3.71
2024-11-24 07:00:00+00:00,3.32
2024-11-24 08:00:00+00:00,5.24
2024-11-24 09:00:00+00:00,3.32
2024-11-24 10:00:00+00:00,3.32
2024-11-24 11:00:00+00:00,5.0
2024-11-24 12:00:00+00:00,3.32
2024-11-24 13:00:00+00:00,3.32
2024-11-24 14:00:00+00:00,3.32
2024-11-24 15:00:00+00:00,3.74
2024-11-24 16:00:00+00:00,11.17
2024-11-24 17:00:00+00:00,28.49
2024-11-24 18:00:00+00:00,41.54
2024-11-24 19:00:00+00:00,34.61
2024-11-24 20:00:00+00:00,24.23
2024-11-24 21:00:00+00:00,20.26
2024-11-24 22:00:00+00:00,14.46
2024-11-24 23:00:00+00:00,10.32
2024-11-25 00:00:00+00:00,8.41
2024-11-25 01:00:00+00:00,3.94
2024-11-25 02:00:00+00:00,3.32
2024-11-25 03:00:00+00:00,3.32
2024-11-25 04:00:00+00:00,3.71
2024-11-25 05:00:00+00:00,15.27
2024-11-25 06:00:00+00:00,63.53
2024-11-25 07:00:00+00:00,87.76
2024-11-25 08:00:00+00:00,84.48
2024-11-25 09:00:00+00:00,73.4
2024-11-25 10:00:00+00:00,74.59
2024-11-25 11:00:00+00:00,76.23
2024-11-25 12:00:00+00:00,71.98
2024-11-25 13:00:00+00:00,71.3
2024-11-25 14:00:00+00:00,93.39
2024-11-25 15:00:00+00:00,111.42
2024-11-25 16:00:00+00:00,130.47
2024-11-25 17:00:00+00:00,134.14
2024-11-25 18:00:00+00:00,122.52
2024-11-25 19:00:00+00:00,101.98
2024-11-25 20:00:00+00:00,88.98
2024-11-25 21:00:00+00:00,92.58
2024-11-25 22:00:00+00:00,74.74
2024-11-25 23:00:00+00:00,91.7
2024-11-26 00:00:00+00:00,81.73
2024-11-26 01:00:00+00:00,81.06
2024-11-26 02:00:00+00:00,73.04
2024-11-26 03:00:00+00:00,74.62
2024-11-26 04:00:00+00:00,84.24
2024-11-26 05:00:00+00:00,104.23
2024-11-26 06:00:00+00:00,134.93
2024-11-26 07:00:00+00:00,137.84
2024-11-26 08:00:00+00:00,127.26
2024-11-26 09:00:00+00:00,114.63
2024-11-26 10:00:00+00:00,106.44
2024-11-26 11:00:00+00:00,97.75
2024-11-26 12:00:00+00:00,103.11
2024-11-26 13:00:00+00:00,117.15
2024-11-26 14:00:00+00:00,120.58
2024-11-26 15:00:00+00:00,137.51
2024-11-26 16:00:00+00:00,148.85
2024-11-26 17:00:00+00:00,162.07
2024-11-26 18:00:00+00:00,154.84
2024-11-26 19:00:00+00:00,129.76
2024-11-26 20:00:00+00:00,120.35
2024-11-26 21:00:00+00:00,123.75
2024-11-26 22:00:00+00:00,114.36
2024-11-26 23:00:00+00:00,86.19
2024-11-27 00:00:00+00:00,75.92
2024-11-27 01:00:00+00:00,70.95
2024-11-27 02:00:00+00:00,54.1
2024-11-27 03:00:00+00:00,16.81
2024-11-27 04:00:00+00:00,37.17
2024-11-27 05:00:00+00:00,81.69
2024-11-27 06:00:00+00:00,109.92
2024-11-27 07:00:00+00:00,108.1
2024-11-27 08:00:00+00:00,88.3
2024-11-27 09:00:00+00:00,83.11
2024-11-27 10:00:00+00:00,75.83
2024-11-27 11:00:00+00:00,86.52
2024-11-27 12:00:00+00:00,48.69
2024-11-27 13:00:00+00:00,70.46
2024-11-27 14:00:00+00:00,76.51
2024-11-27 15:00:00+00:00,100.35
2024-11-27 16:00:00+00:00,115.58
2024-11-27 17:00:00+00:00,123.29
2024-11-27 18:00:00+00:00,119.27
2024-11-27 19:00:00+00:00,94.07
2024-11-27 20:00:00+00:00,82.93
2024-11-27 21:00:00+00:00,84.43
2024-11-27 22:00:00+00:00,79.32
2024-11-27 23:00:00+00:00,64.53
2024-11-28 00:00:00+00:00,72.67
2024-11-28 01:00:00+00:00,70.2
2024-11-28 02:00:00+00:00,41.71
2024-11-28 03:00:00+00:00,69.27
2024-11-28 04:00:00+00:00,68.9
2024-11-28 05:00:00+00:00,97.04
2024-11-28 06:00:00+00:00,124.99
2024-11-28 07:00:00+00:00,133.68
2024-11-28 08:00:00+00:00,130.57
2024-11-28 09:00:00+00:00,121.0
2024-11-28 10:00:00+00:00,108.95
2024-11-28 11:00:00+00:00,103.5
2024-11-28 12:00:00+00:00,103.19
2024-11-28 13:00:00+00:00,108.5
2024-11-28 14:00:00+00:00,119.81
2024-11-28 15:00:00+00:00,137.1
2024-11-28 16:00:00+00:00,150.4
2024-11-28 17:00:00+00:00,158.24
2024-11-28 18:00:00+00:00,154.12
2024-11-28 19:00:00+00:00,135.46
2024-11-28 20:00:00+00:00,125.87
2024-11-28 21:00:00+00:00,122.16
2024-11-28 22:00:00+00:00,112.6
2024-11-28 23:00:00+00:00,110.3
2024-11-29 00:00:00+00:00,107.01
2024-11-29 01:00:00+00:00,103.47
2024-11-29 02:00:00+00:00,94.04
2024-11-29 03:00:00+00:00,88.75
2024-11-29 04:00:00+00:00,94.08
2024-11-29 05:00:00+00:00,116.19
2024-11-29 06:00:00+00:00,127.21
2024-11-29 07:00:00+00:00,143.36
2024-11-29 08:00:00+00:00,135.27
2024-11-29 09:00:00+00:00,121.06
2024-11-29 10:00:00+00:00,109.32
2024-11-29 11:00:00+00:00,104.51
2024-11-29 12:00:00+00:00,95.81
2024-11-29 13:00:00+00:00,101.82
2024-11-29 14:00:00+00:00,108.93
2024-11-29 15:00:00+00:00,117.62
2024-11-29 16:00:00+00:00,133.38
2024-11-29 17:00:00+00:00,142.67
2024-11-29 18:00:00+00:00,132.76
2024-11-29 19:00:00+00:00,121.46
2024-11-29 20:00:00+00:00,115.05
2024-11-29 21:00:00+00:00,114.16
2024-11-29 22:00:00+00:00,103.84
2024-11-29 23:00:00+00:00,100.1
2024-11-30 00:00:00+00:00,93.3
2024-11-30 01:00:00+00:00,91.07
2024-11-30 02:00:00+00:00,88.36
2024-11-30 03:00:00+00:00,89.69
2024-11-30 04:00:00+00:00,91.54
2024-11-30 05:00:00+00:00,90.66
2024-11-30 06:00:00+00:00,105.21
2024-11-30 07:00:00+00:00,113.09
2024-11-30 08:00:00+00:00,103.88
2024-11-30 09:00:00+00:00,94.65
2024-11-30 10:00:00+00:00,88.13
2024-11-30 11:00:00+00:00,89.49
2024-11-30 12:00:00+00:00,92.0
2024-11-30 13:00:00+00:00,99.17
2024-11-30 14:00:00+00:00,111.88
2024-11-30 15:00:00+00:00,120.91
2024-11-30 16:00:00+00:00,136.67
2024-11-30 17:00:00+00:00,136.71
2024-11-30 18:00:00+00:00,131.96
2024-11-30 19:00:00+00:00,124.51
2024-11-30 20:00:00+00:00,115.08
2024-11-30 21:00:00+00:00,114.78
2024-11-30 22:00:00+00:00,106.67
2024-11-30 23:00:00+00:00,99.66
2024-12-01 00:00:00+00:00,90.01
2024-12-01 01:00:00+00:00,88.14
2024-12-01 02:00:00+00:00,85.7
2024-12-01 03:00:00+00:00,81.1
2024-12-01 04:00:00+00:00,74.68
2024-12-01 05:00:00+00:00,76.05
2024-12-01 06:00:00+00:00,86.77
2024-12-01 07:00:00+00:00,96.49
2024-12-01 08:00:00+00:00,94.6
2024-12-01 09:00:00+00:00,89.3
2024-12-01 10:00:00+00:00,82.38
2024-12-01 11:00:00+00:00,85.25
2024-12-01 12:00:00+00:00,83.08
2024-12-01 13:00:00+00:00,75.77
2024-12-01 14:00:00+00:00,85.47
2024-12-01 15:00:00+00:00,94.98
2024-12-01 16:00:00+00:00,116.91
2024-12-01 17:00:00+00:00,124.76
2024-12-01 18:00:00+00:00,115.93
2024-12-01 19:00:00+00:00,97.6
2024-12-01 20:00:00+00:00,88.84
2024-12-01 21:00:00+00:00,98.17
2024-12-01 22:00:00+00:00,85.0
2024-12-01 23:00:00+00:00,76.45
2024-12-02 00:00:00+00:00,67.84
2024-12-02 01:00:00+00:00,63.08
2024-12-02 02:00:00+00:00,45.53
2024-12-02 03:00:00+00:00,38.37
2024-12-02 04:00:00+00:00,57.28
2024-12-02 05:00:00+00:00,96.56
2024-12-02 06:00:00+00:00,129.01
2024-12-02 07:00:00+00:00,129.46
2024-12-02 08:00:00+00:00,125.63
2024-12-02 09:00:00+00:00,122.9
2024-12-02 10:00:00+00:00,117.25
2024-12-02 11:00:00+00:00,115.89
2024-12-02 12:00:00+00:00,118.71
2024-12-02 13:00:00+00:00,115.95
2024-12-02 14:00:00+00:00,124.62
2024-12-02 15:00:00+00:00,125.9
2024-12-02 16:00:00+00:00,136.02
2024-12-02 17:00:00+00:00,149.61
2024-12-02 18:00:00+00:00,141.66
2024-12-02 19:00:00+00:00,125.6
2024-12-02 20:00:00+00:00,116.08
2024-12-02 21:00:00+00:00,115.07
2024-12-02 22:00:00+00:00,103.91
2024-12-02 23:00:00+00:00,111.74
2024-12-03 00:00:00+00:00,104.63
2024-12-03 01:00:00+00:00,98.42
2024-12-03 02:00:00+00:00,96.1
2024-12-03 03:00:00+00:00,104.47
2024-12-03 04:00:00+00:00,111.57
2024-12-03 05:00:00+00:00,125.34
2024-12-03 06:00:00+00:00,148.48
2024-12-03 07:00:00+00:00,158.84
2024-12-03 08:00:00+00:00,154.9
2024-12-03 09:00:00+00:00,146.06
2024-12-03 10:00:00+00:00,142.0
2024-12-03 11:00:00+00:00,140.89
2024-12-03 12:00:00+00:00,142.53
2024-12-03 13:00:00+00:00,146.15
2024-12-03 14:00:00+00:00,156.63
2024-12-03 15:00:00+00:00,165.36
2024-12-03 16:00:00+00:00,203.24
2024-12-03 17:00:00+00:00,197.88
2024-12-03 18:00:00+00:00,189.83
2024-12-03 19:00:00+00:00,158.46
2024-12-03 20:00:00+00:00,150.0
2024-12-03 21:00:00+00:00,142.08
2024-12-03 22:00:00+00:00,130.81
2024-12-03 23:00:00+00:00,121.12
2024-12-04 00:00:00+00:00,116.66
2024-12-04 01:00:00+00:00,112.79
2024-12-04 02:00:00+00:00,108.9
2024-12-04 03:00:00+00:00,106.98
2024-12-04 04:00:00+00:00,110.72
2024-12-04 05:00:00+00:00,132.55
2024-12-04 06:00:00+00:00,149.23
2024-12-04 07:00:00+00:00,200.49
2024-12-04 08:00:00+00:00,205.1
2024-12-04 09:00:00+00:00,149.94
2024-12-04 10:00:00+00:00,148.85
2024-12-04 11:00:00+00:00,153.78
2024-12-04 12:00:00+00:00,137.7
2024-12-04 13:00:00+00:00,137.81
2024-12-04 14:00:00+00:00,138.01
2024-12-04 15:00:00+00:00,155.2
2024-12-04 16:00:00+00:00,219.09
2024-12-04 17:00:00+00:00,190.17
2024-12-04 18:00:00+00:00,171.45
2024-12-04 19:00:00+00:00,141.78
2024-12-04 20:00:00+00:00,124.53
2024-12-04 21:00:00+00:00,123.42
2024-12-04 22:00:00+00:00,112.74
2024-12-04 23:00:00+00:00,114.77
2024-12-05 00:00:00+00:00,105.74
2024-12-05 01:00:00+00:00,102.66
2024-12-05 02:00:00+00:00,99.55
2024-12-05 03:00:00+00:00,90.72
2024-12-05 04:00:00+00:00,93.7
2024-12-05 05:00:00+00:00,107.96
2024-12-05 06:00:00+00:00,127.01
2024-12-05 07:00:00+00:00,142.14
2024-12-05 08:00:00+00:00,132.52
2024-12-05 09:00:00+00:00,125.97
2024-12-05 10:00:00+00:00,112.71
2024-12-05 11:00:00+00:00,108.93
2024-12-05 12:00:00+00:00,107.56
2024-12-05 13:00:00+00:00,108.45
2024-12-05 14:00:00+00:00,108.99
2024-12-05 15:00:00+00:00,114.2
2024-12-05 16:00:00+00:00,129.38
2024-12-05 17:00:00+00:00,126.79
2024-12-05 18:00:00+00:00,117.81
2024-12-05 19:00:00+00:00,101.91
2024-12-05 20:00:00+00:00,87.71
2024-12-05 21:00:00+00:00,83.24
2024-12-05 22:00:00+00:00,52.0
2024-12-05 23:00:00+00:00,22.55
2024-12-06 00:00:00+00:00,16.07
2024-12-06 01:00:00+00:00,13.08
2024-12-06 02:00:00+00:00,10.46
2024-12-06 03:00:00+00:00,10.9
2024-12-06 04:00:00+00:00,19.4
2024-12-06 05:00:00+00:00,69.41
2024-12-06 06:00:00+00:00,101.8
2024-12-06 07:00:00+00:00,117.68
2024-12-06 08:00:00+00:00,120.73
2024-12-06 09:00:00+00:00,111.07
2024-12-06 10:00:00+00:00,105.67
2024-12-06 11:00:00+00:00,94.0
2024-12-06 12:00:00+00:00,100.7
2024-12-06 13:00:00+00:00,100.83
2024-12-06 14:00:00+00:00,112.0
2024-12-06 15:00:00+00:00,129.22
2024-12-06 16:00:00+00:00,143.2
2024-12-06 17:00:00+00:00,146.85
2024-12-06 18:00:00+00:00,133.55
2024-12-06 19:00:00+00:00,117.88
2024-12-06 20:00:00+00:00,109.15
2024-12-06 21:00:00+00:00,97.39
2024-12-06 22:00:00+00:00,91.11
2024-12-06 23:00:00+00:00,73.45
2024-12-07 00:00:00+00:00,71.85
2024-12-07 01:00:00+00:00,65.27
2024-12-07 02:00:00+00:00,46.5
2024-12-07 03:00:00+00:00,34.37
2024-12-07 04:00:00+00:00,28.2
2024-12-07 05:00:00+00:00,28.85
2024-12-07 06:00:00+00:00,39.31
2024-12-07 07:00:00+00:00,43.22
2024-12-07 08:00:00+00:00,42.36
2024-12-07 09:00:00+00:00,26.0
2024-12-07 10:00:00+00:00,21.66
2024-12-07 11:00:00+00:00,39.72
2024-12-07 12:00:00+00:00,25.21
2024-12-07 13:00:00+00:00,17.81
2024-12-07 14:00:00+00:00,21.91
2024-12-07 15:00:00+00:00,32.16
2024-12-07 16:00:00+00:00,41.9
2024-12-07 17:00:00+00:00,56.34
2024-12-07 18:00:00+00:00,62.97
2024-12-07 19:00:00+00:00,71.85
2024-12-07 20:00:00+00:00,45.51
2024-12-07 21:00:00+00:00,41.9
2024-12-07 22:00:00+00:00,35.0
2024-12-07 23:00:00+00:00,18.64
2024-12-08 00:00:00+00:00,13.9
2024-12-08 01:00:00+00:00,17.14
2024-12-08 02:00:00+00:00,8.23
2024-12-08 03:00:00+00:00,5.85
2024-12-08 04:00:00+00:00,8.08
2024-12-08 05:00:00+00:00,11.54
2024-12-08 06:00:00+00:00,11.35
2024-12-08 07:00:00+00:00,19.55
2024-12-08 08:00:00+00:00,33.99
2024-12-08 09:00:00+00:00,34.66
2024-12-08 10:00:00+00:00,34.15
2024-12-08 11:00:00+00:00,47.33
2024-12-08 12:00:00+00:00,47.9
2024-12-08 13:00:00+00:00,28.32
2024-12-08 14:00:00+00:00,38.77
2024-12-08 15:00:00+00:00,32.61
2024-12-08 16:00:00+00:00,55.4
2024-12-08 17:00:00+00:00,74.97
2024-12-08 18:00:00+00:00,72.5
2024-12-08 19:00:00+00:00,71.68
2024-12-08 20:00:00+00:00,72.4
2024-12-08 21:00:00+00:00,68.5
2024-12-08 22:00:00+00:00,65.23
2024-12-08 23:00:00+00:00,55.0
2024-12-09 00:00:00+00:00,37.55
2024-12-09 01:00:00+00:00,31.82
2024-12-09 02:00:00+00:00,13.99
2024-12-09 03:00:00+00:00,5.43
2024-12-09 04:00:00+00:00,25.95
2024-12-09 05:00:00+00:00,67.44
2024-12-09 06:00:00+00:00,111.16
2024-12-09 07:00:00+00:00,122.98
2024-12-09 08:00:00+00:00,120.6
2024-12-09 09:00:00+00:00,116.02
2024-12-09 10:00:00+00:00,109.93
2024-12-09 11:00:00+00:00,107.62
2024-12-09 12:00:00+00:00,86.53
2024-12-09 13:00:00+00:00,83.89
2024-12-09 14:00:00+00:00,107.5
2024-12-09 15:00:00+00:00,112.66
2024-12-09 16:00:00+00:00,125.34
2024-12-09 17:00:00+00:00,132.06
2024-12-09 18:00:00+00:00,130.0
2024-12-09 19:00:00+00:00,120.66
2024-12-09 20:00:00+00:00,105.04
2024-12-09 21:00:00+00:00,103.07
2024-12-09 22:00:00+00:00,94.93
2024-12-09 23:00:00+00:00,97.22
2024-12-10 00:00:00+00:00,91.3
2024-12-10 01:00:00+00:00,88.06
2024-12-10 02:00:00+00:00,85.0
2024-12-10 03:00:00+00:00,87.7
2024-12-10 04:00:00+00:00,89.93
2024-12-10 05:00:00+00:00,111.73
2024-12-10 06:00:00+00:00,130.65
2024-12-10 07:00:00+00:00,150.32
2024-12-10 08:00:00+00:00,142.18
2024-12-10 09:00:00+00:00,132.77
2024-12-10 10:00:00+00:00,119.0
2024-12-10 11:00:00+00:00,117.35
2024-12-10 12:00:00+00:00,115.21
2024-12-10 13:00:00+00:00,120.72
2024-12-10 14:00:00+00:00,131.0
2024-12-10 15:00:00+00:00,145.01
2024-12-10 16:00:00+00:00,160.6
2024-12-10 17:00:00+00:00,181.0
2024-12-10 18:00:00+00:00,178.28
2024-12-10 19:00:00+00:00,157.99
2024-12-10 20:00:00+00:00,140.51
2024-12-10 21:00:00+00:00,134.22
2024-12-10 22:00:00+00:00,121.37
2024-12-10 23:00:00+00:00,109.44
2024-12-11 00:00:00+00:00,105.7
2024-12-11 01:00:00+00:00,104.17
2024-12-11 02:00:00+00:00,102.62
2024-12-11 03:00:00+00:00,100.85
2024-12-11 04:00:00+00:00,114.16
2024-12-11 05:00:00+00:00,123.45
2024-12-11 06:00:00+00:00,155.64
2024-12-11 07:00:00+00:00,206.85
2024-12-11 08:00:00+00:00,218.42
2024-12-11 09:00:00+00:00,160.15
2024-12-11 10:00:00+00:00,147.83
2024-12-11 11:00:00+00:00,149.99
2024-12-11 12:00:00+00:00,138.65
2024-12-11 13:00:00+00:00,142.05
2024-12-11 14:00:00+00:00,185.04
2024-12-11 15:00:00+00:00,237.94
2024-12-11 16:00:00+00:00,274.0
2024-12-11 17:00:00+00:00,276.0
2024-12-11 18:00:00+00:00,255.0
2024-12-11 19:00:00+00:00,179.07
2024-12-11 20:00:00+00:00,165.2
2024-12-11 21:00:00+00:00,150.0
2024-12-11 22:00:00+00:00,136.1
2024-12-11 23:00:00+00:00,122.24
2024-12-12 00:00:00+00:00,115.3
2024-12-12 01:00:00+00:00,109.96
2024-12-12 02:00:00+00:00,107.35
2024-12-12 03:00:00+00:00,112.51
2024-12-12 04:00:00+00:00,120.92
2024-12-12 05:00:00+00:00,137.51
2024-12-12 06:00:00+00:00,187.96
2024-12-12 07:00:00+00:00,249.96
2024-12-12 08:00:00+00:00,215.0
2024-12-12 09:00:00+00:00,166.95
2024-12-12 10:00:00+00:00,179.0
2024-12-12 11:00:00+00:00,167.39
2024-12-12 12:00:00+00:00,154.5
2024-12-12 13:00:00+00:00,154.5
2024-12-12 14:00:00+00:00,160.4
2024-12-12 15:00:00+00:00,220.0
2024-12-12 16:00:00+00:00,275.0
2024-12-12 17:00:00+00:00,277.0
2024-12-12 18:00:00+00:00,260.98
2024-12-12 19:00:00+00:00,206.44
2024-12-12 20:00:00+00:00,169.4
2024-12-12 21:00:00+00:00,150.0
2024-12-12 22:00:00+00:00,134.75
2024-12-12 23:00:00+00:00,130.07
2024-12-13 00:00:00+00:00,122.9
2024-12-13 01:00:00+00:00,118.97
2024-12-13 02:00:00+00:00,114.95
2024-12-13 03:00:00+00:00,115.64
2024-12-13 04:00:00+00:00,123.96
2024-12-13 05:00:00+00:00,138.0
2024-12-13 06:00:00+00:00,185.37
2024-12-13 07:00:00+00:00,253.0
2024-12-13 08:00:00+00:00,245.74
2024-12-13 09:00:00+00:00,208.42
2024-12-13 10:00:00+00:00,173.78
2024-12-13 11:00:00+00:00,165.6
2024-12-13 12:00:00+00:00,165.0
2024-12-13 13:00:00+00:00,184.5
2024-12-13 14:00:00+00:00,210.0
2024-12-13 15:00:00+00:00,241.91
2024-12-13 16:00:00+00:00,284.21
2024-12-13 17:00:00+00:00,260.0
2024-12-13 18:00:00+00:00,225.6
2024-12-13 19:00:00+00:00,175.0
2024-12-13 20:00:00+00:00,146.22
2024-12-13 21:00:00+00:00,135.09
2024-12-13 22:00:00+00:00,116.52
2024-12-13 23:00:00+00:00,116.94
2024-12-14 00:00:00+00:00,111.36
2024-12-14 01:00:00+00:00,108.04
2024-12-14 02:00:00+00:00,99.02
2024-12-14 03:00:00+00:00,93.44
2024-12-14 04:00:00+00:00,91.55
2024-12-14 05:00:00+00:00,94.09
2024-12-14 06:00:00+00:00,103.76
2024-12-14 07:00:00+00:00,114.77
2024-12-14 08:00:00+00:00,125.69
2024-12-14 09:00:00+00:00,122.0
2024-12-14 10:00:00+00:00,110.43
2024-12-14 11:00:00+00:00,109.73
2024-12-14 12:00:00+00:00,107.95
2024-12-14 13:00:00+00:00,104.07
2024-12-14 14:00:00+00:00,104.58
2024-12-14 15:00:00+00:00,112.29
2024-12-14 16:00:00+00:00,125.06
2024-12-14 17:00:00+00:00,124.62
2024-12-14 18:00:00+00:00,124.61
2024-12-14 19:00:00+00:00,109.17
2024-12-14 20:00:00+00:00,103.0
2024-12-14 21:00:00+00:00,110.11
2024-12-14 22:00:00+00:00,101.01
2024-12-14 23:00:00+00:00,86.56
2024-12-15 00:00:00+00:00,77.5
2024-12-15 01:00:00+00:00,73.5
2024-12-15 02:00:00+00:00,65.25
2024-12-15 03:00:00+00:00,57.57
2024-12-15 04:00:00+00:00,56.13
2024-12-15 05:00:00+00:00,50.68
2024-12-15 06:00:00+00:00,60.44
2024-12-15 07:00:00+00:00,69.13
2024-12-15 08:00:00+00:00,78.12
2024-12-15 09:00:00+00:00,74.57
2024-12-15 10:00:00+00:00,72.69
2024-12-15 11:00:00+00:00,77.87
2024-12-15 12:00:00+00:00,75.82
2024-12-15 13:00:00+00:00,71.89
2024-12-15 14:00:00+00:00,70.47
2024-12-15 15:00:00+00:00,82.3
2024-12-15 16:00:00+00:00,93.13
2024-12-15 17:00:00+00:00,104.94
2024-12-15 18:00:00+00:00,99.43
2024-12-15 19:00:00+00:00,73.59
2024-12-15 20:00:00+00:00,72.61
2024-12-15 21:00:00+00:00,73.2
2024-12-15 22:00:00+00:00,46.61
2024-12-15 23:00:00+00:00,13.09
2024-12-16 00:00:00+00:00,14.58
2024-12-16 01:00:00+00:00,15.96
2024-12-16 02:00:00+00:00,9.76
2024-12-16 03:00:00+00:00,9.64
2024-12-16 04:00:00+00:00,15.15
2024-12-16 05:00:00+00:00,31.28
2024-12-16 06:00:00+00:00,92.57
2024-12-16 07:00:00+00:00,102.45
2024-12-16 08:00:00+00:00,109.71
2024-12-16 09:00:00+00:00,105.47
2024-12-16 10:00:00+00:00,97.14
2024-12-16 11:00:00+00:00,95.15
2024-12-16 12:00:00+00:00,89.88
2024-12-16 13:00:00+00:00,88.34
2024-12-16 14:00:00+00:00,99.87
2024-12-16 15:00:00+00:00,106.11
2024-12-16 16:00:00+00:00,109.35
2024-12-16 17:00:00+00:00,118.02
2024-12-16 18:00:00+00:00,117.25
2024-12-16 19:00:00+00:00,106.64
2024-12-16 20:00:00+00:00,96.02
2024-12-16 21:00:00+00:00,104.65
2024-12-16 22:00:00+00:00,88.52
2024-12-16 23:00:00+00:00,52.45
2024-12-17 00:00:00+00:00,56.82
2024-12-17 01:00:00+00:00,52.13
2024-12-17 02:00:00+00:00,41.47
2024-12-17 03:00:00+00:00,54.91
2024-12-17 04:00:00+00:00,63.75
2024-12-17 05:00:00+00:00,89.92
2024-12-17 06:00:00+00:00,109.93
2024-12-17 07:00:00+00:00,117.76
2024-12-17 08:00:00+00:00,119.08
2024-12-17 09:00:00+00:00,109.46
2024-12-17 10:00:00+00:00,102.64
2024-12-17 11:00:00+00:00,102.91
2024-12-17 12:00:00+00:00,106.43
2024-12-17 13:00:00+00:00,109.93
2024-12-17 14:00:00+00:00,113.61
2024-12-17 15:00:00+00:00,111.9
2024-12-17 16:00:00+00:00,124.88
2024-12-17 17:00:00+00:00,123.8
2024-12-17 18:00:00+00:00,110.45
2024-12-17 19:00:00+00:00,101.87
2024-12-17 20:00:00+00:00,94.8
2024-12-17 21:00:00+00:00,90.57
2024-12-17 22:00:00+00:00,73.83
2024-12-17 23:00:00+00:00,66.97
2024-12-18 00:00:00+00:00,50.51
2024-12-18 01:00:00+00:00,29.12
2024-12-18 02:00:00+00:00,18.53
2024-12-18 03:00:00+00:00,7.01
2024-12-18 04:00:00+00:00,11.98
2024-12-18 05:00:00+00:00,49.91
2024-12-18 06:00:00+00:00,67.43
2024-12-18 07:00:00+00:00,81.13
2024-12-18 08:00:00+00:00,80.43
2024-12-18 09:00:00+00:00,70.2
2024-12-18 10:00:00+00:00,69.29
2024-12-18 11:00:00+00:00,69.77
2024-12-18 12:00:00+00:00,68.69
2024-12-18 13:00:00+00:00,71.56
2024-12-18 14:00:00+00:00,71.14
2024-12-18 15:00:00+00:00,68.38
2024-12-18 16:00:00+00:00,79.49
2024-12-18 17:00:00+00:00,80.91
2024-12-18 18:00:00+00:00,79.35
2024-12-18 19:00:00+00:00,72.26
2024-12-18 20:00:00+00:00,61.71
2024-12-18 21:00:00+00:00,52.22
2024-12-18 22:00:00+00:00,31.69
2024-12-18 23:00:00+00:00,19.8
2024-12-19 00:00:00+00:00,20.28
2024-12-19 01:00:00+00:00,9.93
2024-12-19 02:00:00+00:00,5.98
2024-12-19 03:00:00+00:00,3.95
2024-12-19 04:00:00+00:00,6.39
2024-12-19 05:00:00+00:00,12.5
2024-12-19 06:00:00+00:00,63.54
2024-12-19 07:00:00+00:00,79.71
2024-12-19 08:00:00+00:00,89.38
2024-12-19 09:00:00+00:00,79.46
2024-12-19 10:00:00+00:00,76.96
2024-12-19 11:00:00+00:00,74.16
2024-12-19 12:00:00+00:00,70.4
2024-12-19 13:00:00+00:00,60.38
2024-12-19 14:00:00+00:00,61.2
2024-12-19 15:00:00+00:00,83.17
2024-12-19 16:00:00+00:00,100.79
2024-12-19 17:00:00+00:00,105.26
2024-12-19 18:00:00+00:00,94.02
2024-12-19 19:00:00+00:00,82.89
2024-12-19 20:00:00+00:00,77.71
2024-12-19 21:00:00+00:00,75.92
2024-12-19 22:00:00+00:00,60.84
2024-12-19 23:00:00+00:00,51.55
2024-12-20 00:00:00+00:00,34.79
2024-12-20 01:00:00+00:00,25.97
2024-12-20 02:00:00+00:00,20.15
2024-12-20 03:00:00+00:00,25.89
2024-12-20 04:00:00+00:00,50.79
2024-12-20 05:00:00+00:00,73.76
2024-12-20 06:00:00+00:00,109.0
2024-12-20 07:00:00+00:00,124.91
2024-12-20 08:00:00+00:00,118.09
2024-12-20 09:00:00+00:00,108.92
2024-12-20 10:00:00+00:00,99.27
2024-12-20 11:00:00+00:00,89.37
2024-12-20 12:00:00+00:00,85.81
2024-12-20 13:00:00+00:00,90.63
2024-12-20 14:00:00+00:00,101.19
2024-12-20 15:00:00+00:00,106.78
2024-12-20 16:00:00+00:00,111.01
2024-12-20 17:00:00+00:00,103.37
2024-12-20 18:00:00+00:00,101.1
2024-12-20 19:00:00+00:00,92.13
2024-12-20 20:00:00+00:00,74.21
2024-12-20 21:00:00+00:00,70.67
2024-12-20 22:00:00+00:00,58.5
2024-12-20 23:00:00+00:00,31.08
2024-12-21 00:00:00+00:00,25.28
2024-12-21 01:00:00+00:00,23.92
2024-12-21 02:00:00+00:00,19.41
2024-12-21 03:00:00+00:00,18.11
2024-12-21 04:00:00+00:00,24.0
2024-12-21 05:00:00+00:00,32.02
2024-12-21 06:00:00+00:00,33.27
2024-12-21 07:00:00+00:00,37.69
2024-12-21 08:00:00+00:00,43.55
2024-12-21 09:00:00+00:00,43.65
2024-12-21 10:00:00+00:00,37.01
2024-12-21 11:00:00+00:00,36.09
2024-12-21 12:00:00+00:00,35.78
2024-12-21 13:00:00+00:00,35.07
2024-12-21 14:00:00+00:00,38.98
2024-12-21 15:00:00+00:00,39.46
2024-12-21 16:00:00+00:00,46.35
2024-12-21 17:00:00+00:00,50.19
2024-12-21 18:00:00+00:00,44.29
2024-12-21 19:00:00+00:00,31.85
2024-12-21 20:00:00+00:00,18.61
2024-12-21 21:00:00+00:00,16.2
2024-12-21 22:00:00+00:00,12.04
2024-12-21 23:00:00+00:00,9.88
2024-12-22 00:00:00+00:00,7.92
2024-12-22 01:00:00+00:00,8.42
2024-12-22 02:00:00+00:00,6.27
2024-12-22 03:00:00+00:00,4.41
2024-12-22 04:00:00+00:00,5.1
2024-12-22 05:00:00+00:00,5.82
2024-12-22 06:00:00+00:00,10.5
2024-12-22 07:00:00+00:00,15.29
2024-12-22 08:00:00+00:00,23.99
2024-12-22 09:00:00+00:00,20.0
2024-12-22 10:00:00+00:00,16.01
2024-12-22 11:00:00+00:00,18.67
2024-12-22 12:00:00+00:00,15.38
2024-12-22 13:00:00+00:00,10.96
2024-12-22 14:00:00+00:00,13.55
2024-12-22 15:00:00+00:00,18.6
2024-12-22 16:00:00+00:00,55.0
2024-12-22 17:00:00+00:00,77.44
2024-12-22 18:00:00+00:00,72.5
2024-12-22 19:00:00+00:00,58.91
2024-12-22 20:00:00+00:00,46.4
2024-12-22 21:00:00+00:00,42.03
2024-12-22 22:00:00+00:00,30.54
2024-12-22 23:00:00+00:00,17.27
2024-12-23 00:00:00+00:00,11.48
2024-12-23 01:00:00+00:00,10.19
2024-12-23 02:00:00+00:00,7.33
2024-12-23 03:00:00+00:00,6.0
2024-12-23 04:00:00+00:00,7.07
2024-12-23 05:00:00+00:00,25.95
2024-12-23 06:00:00+00:00,61.2
2024-12-23 07:00:00+00:00,72.47
2024-12-23 08:00:00+00:00,70.93
2024-12-23 09:00:00+00:00,61.79
2024-12-23 10:00:00+00:00,60.27
2024-12-23 11:00:00+00:00,61.57
2024-12-23 12:00:00+00:00,62.31
2024-12-23 13:00:00+00:00,69.0
2024-12-23 14:00:00+00:00,80.01
2024-12-23 15:00:00+00:00,98.44
2024-12-23 16:00:00+00:00,110.92
2024-12-23 17:00:00+00:00,114.72
2024-12-23 18:00:00+00:00,124.89
2024-12-23 19:00:00+00:00,118.97
2024-12-23 20:00:00+00:00,109.28
2024-12-23 21:00:00+00:00,105.82
2024-12-23 22:00:00+00:00,105.49
2024-12-23 23:00:00+00:00,86.03
2024-12-24 00:00:00+00:00,82.84
2024-12-24 01:00:00+00:00,81.89
2024-12-24 02:00:00+00:00,78.0
2024-12-24 03:00:00+00:00,78.78
2024-12-24 04:00:00+00:00,80.6
2024-12-24 05:00:00+00:00,85.07
2024-12-24 06:00:00+00:00,100.83
2024-12-24 07:00:00+00:00,115.09
2024-12-24 08:00:00+00:00,120.95
2024-12-24 09:00:00+00:00,120.0
2024-12-24 10:00:00+00:00,118.16
2024-12-24 11:00:00+00:00,117.49
2024-12-24 12:00:00+00:00,115.38
2024-12-24 13:00:00+00:00,117.98
2024-12-24 14:00:00+00:00,119.5
2024-12-24 15:00:00+00:00,120.21
2024-12-24 16:00:00+00:00,118.0
2024-12-24 17:00:00+00:00,110.98
2024-12-24 18:00:00+00:00,105.66
2024-12-24 19:00:00+00:00,102.56
2024-12-24 20:00:00+00:00,94.63
2024-12-24 21:00:00+00:00,99.04
2024-12-24 22:00:00+00:00,90.0
2024-12-24 23:00:00+00:00,91.37
2024-12-25 00:00:00+00:00,86.44
2024-12-25 01:00:00+00:00,85.07
2024-12-25 02:00:00+00:00,80.81
2024-12-25 03:00:00+00:00,75.99
2024-12-25 04:00:00+00:00,80.81
2024-12-25 05:00:00+00:00,83.01
2024-12-25 06:00:00+00:00,84.94
2024-12-25 07:00:00+00:00,90.21
2024-12-25 08:00:00+00:00,99.24
2024-12-25 09:00:00+00:00,93.56
2024-12-25 10:00:00+00:00,92.55
2024-12-25 11:00:00+00:00,94.41
2024-12-25 12:00:00+00:00,91.01
2024-12-25 13:00:00+00:00,85.08
2024-12-25 14:00:00+00:00,92.55
2024-12-25 15:00:00+00:00,108.27
2024-12-25 16:00:00+00:00,120.5
2024-12-25 17:00:00+00:00,119.07
2024-12-25 18:00:00+00:00,117.98
2024-12-25 19:00:00+00:00,118.29
2024-12-25 20:00:00+00:00,113.01
2024-12-25 21:00:00+00:00,114.07
2024-12-25 22:00:00+00:00,104.63
2024-12-25 23:00:00+00:00,102.17
2024-12-26 00:00:00+00:00,95.06
2024-12-26 01:00:00+00:00,94.61
2024-12-26 02:00:00+00:00,89.64
2024-12-26 03:00:00+00:00,90.87
2024-12-26 04:00:00+00:00,95.1
2024-12-26 05:00:00+00:00,99.0
2024-12-26 06:00:00+00:00,112.64
2024-12-26 07:00:00+00:00,119.44
2024-12-26 08:00:00+00:00,118.23
2024-12-26 09:00:00+00:00,113.25
2024-12-26 10:00:00+00:00,106.01
2024-12-26 11:00:00+00:00,107.71
2024-12-26 12:00:00+00:00,103.9
2024-12-26 13:00:00+00:00,109.64
2024-12-26 14:00:00+00:00,120.75
2024-12-26 15:00:00+00:00,123.26
2024-12-26 16:00:00+00:00,137.9
2024-12-26 17:00:00+00:00,138.05
2024-12-26 18:00:00+00:00,135.71
2024-12-26 19:00:00+00:00,129.13
2024-12-26 20:00:00+00:00,120.85
2024-12-26 21:00:00+00:00,123.5
2024-12-26 22:00:00+00:00,116.98
2024-12-26 23:00:00+00:00,106.79
2024-12-27 00:00:00+00:00,101.52
2024-12-27 01:00:00+00:00,101.03
2024-12-27 02:00:00+00:00,99.74
2024-12-27 03:00:00+00:00,99.58
2024-12-27 04:00:00+00:00,106.2
2024-12-27 05:00:00+00:00,115.7
2024-12-27 06:00:00+00:00,124.29
2024-12-27 07:00:00+00:00,131.85
2024-12-27 08:00:00+00:00,130.15
2024-12-27 09:00:00+00:00,120.1
2024-12-27 10:00:00+00:00,107.94
2024-12-27 11:00:00+00:00,107.81
2024-12-27 12:00:00+00:00,107.94
2024-12-27 13:00:00+00:00,110.3
2024-12-27 14:00:00+00:00,114.15
2024-12-27 15:00:00+00:00,129.98
2024-12-27 16:00:00+00:00,149.78
2024-12-27 17:00:00+00:00,158.4
2024-12-27 18:00:00+00:00,146.43
2024-12-27 19:00:00+00:00,133.14
2024-12-27 20:00:00+00:00,125.42
2024-12-27 21:00:00+00:00,126.76
2024-12-27 22:00:00+00:00,114.0
2024-12-27 23:00:00+00:00,126.4
2024-12-28 00:00:00+00:00,116.63
2024-12-28 01:00:00+00:00,110.15
2024-12-28 02:00:00+00:00,105.92
2024-12-28 03:00:00+00:00,102.93
2024-12-28 04:00:00+00:00,105.58
2024-12-28 05:00:00+00:00,109.71
2024-12-28 06:00:00+00:00,124.24
2024-12-28 07:00:00+00:00,128.0
2024-12-28 08:00:00+00:00,128.3
2024-12-28 09:00:00+00:00,122.83
2024-12-28 10:00:00+00:00,113.4
2024-12-28 11:00:00+00:00,108.97
2024-12-28 12:00:00+00:00,110.01
2024-12-28 13:00:00+00:00,114.09
2024-12-28 14:00:00+00:00,114.09
2024-12-28 15:00:00+00:00,121.27
2024-12-28 16:00:00+00:00,142.61
2024-12-28 17:00:00+00:00,148.3
2024-12-28 18:00:00+00:00,141.74
2024-12-28 19:00:00+00:00,130.3
2024-12-28 20:00:00+00:00,125.9
2024-12-28 21:00:00+00:00,121.25
2024-12-28 22:00:00+00:00,115.16
2024-12-28 23:00:00+00:00,127.39
2024-12-29 00:00:00+00:00,114.09
2024-12-29 01:00:00+00:00,107.71
2024-12-29 02:00:00+00:00,101.7
2024-12-29 03:00:00+00:00,97.73
2024-12-29 04:00:00+00:00,98.61
2024-12-29 05:00:00+00:00,98.16
2024-12-29 06:00:00+00:00,102.53
2024-12-29 07:00:00+00:00,110.71
2024-12-29 08:00:00+00:00,115.83
2024-12-29 09:00:00+00:00,115.58
2024-12-29 10:00:00+00:00,109.94
2024-12-29 11:00:00+00:00,109.4
2024-12-29 12:00:00+00:00,108.88
2024-12-29 13:00:00+00:00,109.81
2024-12-29 14:00:00+00:00,113.87
2024-12-29 15:00:00+00:00,125.13
2024-12-29 16:00:00+00:00,133.01
2024-12-29 17:00:00+00:00,134.4
2024-12-29 18:00:00+00:00,133.72
2024-12-29 19:00:00+00:00,123.92
2024-12-29 20:00:00+00:00,118.59
2024-12-29 21:00:00+00:00,119.1
2024-12-29 22:00:00+00:00,103.18
2024-12-29 23:00:00+00:00,105.48
2024-12-30 00:00:00+00:00,100.81
2024-12-30 01:00:00+00:00,98.45
2024-12-30 02:00:00+00:00,89.19
2024-12-30 03:00:00+00:00,82.97
2024-12-30 04:00:00+00:00,90.58
2024-12-30 05:00:00+00:00,98.82
2024-12-30 06:00:00+00:00,110.78
2024-12-30 07:00:00+00:00,126.7
2024-12-30 08:00:00+00:00,128.01
2024-12-30 09:00:00+00:00,122.09
2024-12-30 10:00:00+00:00,119.04
2024-12-30 11:00:00+00:00,121.42
2024-12-30 12:00:00+00:00,116.02
2024-12-30 13:00:00+00:00,119.5
2024-12-30 14:00:00+00:00,120.0
2024-12-30 15:00:00+00:00,128.08
2024-12-30 16:00:00+00:00,133.19
2024-12-30 17:00:00+00:00,140.12
2024-12-30 18:00:00+00:00,144.3
2024-12-30 19:00:00+00:00,139.39
2024-12-30 20:00:00+00:00,130.74
2024-12-30 21:00:00+00:00,128.95
2024-12-30 22:00:00+00:00,126.45
2024-12-30 23:00:00+00:00,113.58
2024-12-31 00:00:00+00:00,102.54
2024-12-31 01:00:00+00:00,97.92
2024-12-31 02:00:00+00:00,92.59
2024-12-31 03:00:00+00:00,88.79
2024-12-31 04:00:00+00:00,90.13
2024-12-31 05:00:00+00:00,108.05
2024-12-31 06:00:00+00:00,120.92
2024-12-31 07:00:00+00:00,131.38
2024-12-31 08:00:00+00:00,127.49
2024-12-31 09:00:00+00:00,121.41
2024-12-31 10:00:00+00:00,108.88
2024-12-31 11:00:00+00:00,102.39
2024-12-31 12:00:00+00:00,95.63
2024-12-31 13:00:00+00:00,93.14
2024-12-31 14:00:00+00:00,92.11
2024-12-31 15:00:00+00:00,97.52
2024-12-31 16:00:00+00:00,105.68
2024-12-31 17:00:00+00:00,111.22
2024-12-31 18:00:00+00:00,92.78
2024-12-31 19:00:00+00:00,79.04
2024-12-31 20:00:00+00:00,50.11
2024-12-31 21:00:00+00:00,63.36
2024-12-31 22:00:00+00:00,60.18
2024-12-31 23:00:00+00:00,12.36
2025-01-01 00:00:00+00:00,18.92
2025-01-01 01:00:00+00:00,16.66
2025-01-01 02:00:00+00:00,13.1
2025-01-01 03:00:00+00:00,5.9
2025-01-01 04:00:00+00:00,9.27
2025-01-01 05:00:00+00:00,10.04
2025-01-01 06:00:00+00:00,7.23
2025-01-01 07:00:00+00:00,12.83
2025-01-01 08:00:00+00:00,13.76
2025-01-01 09:00:00+00:00,17.95
2025-01-01 10:00:00+00:00,20.59
2025-01-01 11:00:00+00:00,28.11
2025-01-01 12:00:00+00:00,30.0
2025-01-01 13:00:00+00:00,21.5
2025-01-01 14:00:00+00:00,10.68
2025-01-01 15:00:00+00:00,20.18
2025-01-01 16:00:00+00:00,35.72
2025-01-01 17:00:00+00:00,48.06
2025-01-01 18:00:00+00:00,50.14
2025-01-01 19:00:00+00:00,41.5
2025-01-01 20:00:00+00:00,34.93
2025-01-01 21:00:00+00:00,34.69
2025-01-01 22:00:00+00:00,28.04
2025-01-01 23:00:00+00:00,39.84
2025-01-02 00:00:00+00:00,44.1
2025-01-02 01:00:00+00:00,44.7
2025-01-02 02:00:00+00:00,42.92
2025-01-02 03:00:00+00:00,40.15
2025-01-02 04:00:00+00:00,52.51
2025-01-02 05:00:00+00:00,93.3
2025-01-02 06:00:00+00:00,120.03
2025-01-02 07:00:00+00:00,135.52
2025-01-02 08:00:00+00:00,136.48
2025-01-02 09:00:00+00:00,129.04
2025-01-02 10:00:00+00:00,125.7
2025-01-02 11:00:00+00:00,125.72
2025-01-02 12:00:00+00:00,119.3
2025-01-02 13:00:00+00:00,124.65
2025-01-02 14:00:00+00:00,130.11
2025-01-02 15:00:00+00:00,139.5
2025-01-02 16:00:00+00:00,153.4
2025-01-02 17:00:00+00:00,153.15
2025-01-02 18:00:00+00:00,146.66
2025-01-02 19:00:00+00:00,130.6
2025-01-02 20:00:00+00:00,120.62
2025-01-02 21:00:00+00:00,117.89
2025-01-02 22:00:00+00:00,118.56
2025-01-02 23:00:00+00:00,103.88
2025-01-03 00:00:00+00:00,95.18
2025-01-03 01:00:00+00:00,89.94
2025-01-03 02:00:00+00:00,87.67
2025-01-03 03:00:00+00:00,84.06
2025-01-03 04:00:00+00:00,92.25
2025-01-03 05:00:00+00:00,100.14
2025-01-03 06:00:00+00:00,119.27
2025-01-03 07:00:00+00:00,127.28
2025-01-03 08:00:00+00:00,132.97
2025-01-03 09:00:00+00:00,130.52
2025-01-03 10:00:00+00:00,123.2
2025-01-03 11:00:00+00:00,113.51
2025-01-03 12:00:00+00:00,107.6
2025-01-03 13:00:00+00:00,105.88
2025-01-03 14:00:00+00:00,110.22
2025-01-03 15:00:00+00:00,123.2
2025-01-03 16:00:00+00:00,141.2
2025-01-03 17:00:00+00:00,144.48
2025-01-03 18:00:00+00:00,141.43
2025-01-03 19:00:00+00:00,133.2
2025-01-03 20:00:00+00:00,119.9
2025-01-03 21:00:00+00:00,123.58
2025-01-03 22:00:00+00:00,126.09
2025-01-03 23:00:00+00:00,109.06
2025-01-04 00:00:00+00:00,101.0
2025-01-04 01:00:00+00:00,95.53
2025-01-04 02:00:00+00:00,94.33
2025-01-04 03:00:00+00:00,96.62
2025-01-04 04:00:00+00:00,102.63
2025-01-04 05:00:00+00:00,110.89
2025-01-04 06:00:00+00:00,120.25
2025-01-04 07:00:00+00:00,128.39
2025-01-04 08:00:00+00:00,130.75
2025-01-04 09:00:00+00:00,130.34
2025-01-04 10:00:00+00:00,128.29
2025-01-04 11:00:00+00:00,130.03
2025-01-04 12:00:00+00:00,129.85
2025-01-04 13:00:00+00:00,136.4
2025-01-04 14:00:00+00:00,138.89
2025-01-04 15:00:00+00:00,133.52
2025-01-04 16:00:00+00:00,136.78
2025-01-04 17:00:00+00:00,145.0
2025-01-04 18:00:00+00:00,139.73
2025-01-04 19:00:00+00:00,130.49
2025-01-04 20:00:00+00:00,123.82
2025-01-04 21:00:00+00:00,119.23
2025-01-04 22:00:00+00:00,109.9
2025-01-04 23:00:00+00:00,101.77
2025-01-05 00:00:00+00:00,70.5
2025-01-05 01:00:00+00:00,64.81
2025-01-05 02:00:00+00:00,46.7
2025-01-05 03:00:00+00:00,43.87
2025-01-05 04:00:00+00:00,36.61
2025-01-05 05:00:00+00:00,34.04
2025-01-05 06:00:00+00:00,44.0
2025-01-05 07:00:00+00:00,51.27
2025-01-05 08:00:00+00:00,50.0
2025-01-05 09:00:00+00:00,49.81
2025-01-05 10:00:00+00:00,43.05
2025-01-05 11:00:00+00:00,45.74
2025-01-05 12:00:00+00:00,35.19
2025-01-05 13:00:00+00:00,30.0
2025-01-05 14:00:00+00:00,28.0
2025-01-05 15:00:00+00:00,35.22
2025-01-05 16:00:00+00:00,57.72
2025-01-05 17:00:00+00:00,64.81
2025-01-05 18:00:00+00:00,59.06
2025-01-05 19:00:00+00:00,50.97
2025-01-05 20:00:00+00:00,48.89
2025-01-05 21:00:00+00:00,38.22
2025-01-05 22:00:00+00:00,20.55
2025-01-05 23:00:00+00:00,13.28
2025-01-06 00:00:00+00:00,8.35
2025-01-06 01:00:00+00:00,5.23
2025-01-06 02:00:00+00:00,3.52
2025-01-06 03:00:00+00:00,3.52
2025-01-06 04:00:00+00:00,5.61
2025-01-06 05:00:00+00:00,11.27
2025-01-06 06:00:00+00:00,37.0
2025-01-06 07:00:00+00:00,58.15
2025-01-06 08:00:00+00:00,51.15
2025-01-06 09:00:00+00:00,40.81
2025-01-06 10:00:00+00:00,32.83
2025-01-06 11:00:00+00:00,31.28
2025-01-06 12:00:00+00:00,28.6
2025-01-06 13:00:00+00:00,26.95
2025-01-06 14:00:00+00:00,26.32
2025-01-06 15:00:00+00:00,38.49
2025-01-06 16:00:00+00:00,67.5
2025-01-06 17:00:00+00:00,88.34
2025-01-06 18:00:00+00:00,79.66
2025-01-06 19:00:00+00:00,67.18
2025-01-06 20:00:00+00:00,48.79
2025-01-06 21:00:00+00:00,48.02
2025-01-06 22:00:00+00:00,28.8
2025-01-06 23:00:00+00:00,20.88
2025-01-07 00:00:00+00:00,6.66
2025-01-07 01:00:00+00:00,12.54
2025-01-07 02:00:00+00:00,5.59
2025-01-07 03:00:00+00:00,0.4
2025-01-07 04:00:00+00:00,12.49
2025-01-07 05:00:00+00:00,60.01
2025-01-07 06:00:00+00:00,97.56
2025-01-07 07:00:00+00:00,115.0
2025-01-07 08:00:00+00:00,105.18
2025-01-07 09:00:00+00:00,93.49
2025-01-07 10:00:00+00:00,74.93
2025-01-07 11:00:00+00:00,71.25
2025-01-07 12:00:00+00:00,73.12
2025-01-07 13:00:00+00:00,79.76
2025-01-07 14:00:00+00:00,85.0
2025-01-07 15:00:00+00:00,100.64
2025-01-07 16:00:00+00:00,118.34
2025-01-07 17:00:00+00:00,128.87
2025-01-07 18:00:00+00:00,125.0
2025-01-07 19:00:00+00:00,107.24
2025-01-07 20:00:00+00:00,100.55
2025-01-07 21:00:00+00:00,98.53
2025-01-07 22:00:00+00:00,89.27
2025-01-07 23:00:00+00:00,74.23
2025-01-08 00:00:00+00:00,69.5
2025-01-08 01:00:00+00:00,59.97
2025-01-08 02:00:00+00:00,53.0
2025-01-08 03:00:00+00:00,59.52
2025-01-08 04:00:00+00:00,70.2
2025-01-08 05:00:00+00:00,97.41
2025-01-08 06:00:00+00:00,124.39
2025-01-08 07:00:00+00:00,135.01
2025-01-08 08:00:00+00:00,131.32
2025-01-08 09:00:00+00:00,125.04
2025-01-08 10:00:00+00:00,104.46
2025-01-08 11:00:00+00:00,97.57
2025-01-08 12:00:00+00:00,100.21
2025-01-08 13:00:00+00:00,110.19
2025-01-08 14:00:00+00:00,126.62
2025-01-08 15:00:00+00:00,124.05
2025-01-08 16:00:00+00:00,124.58
2025-01-08 17:00:00+00:00,137.58
2025-01-08 18:00:00+00:00,131.0
2025-01-08 19:00:00+00:00,124.81
2025-01-08 20:00:00+00:00,112.66
2025-01-08 21:00:00+00:00,111.9
2025-01-08 22:00:00+00:00,98.77
2025-01-08 23:00:00+00:00,60.38
2025-01-09 00:00:00+00:00,49.9
2025-01-09 01:00:00+00:00,51.86
2025-01-09 02:00:00+00:00,25.61
2025-01-09 03:00:00+00:00,13.01
2025-01-09 04:00:00+00:00,30.29
2025-01-09 05:00:00+00:00,60.08
2025-01-09 06:00:00+00:00,90.79
2025-01-09 07:00:00+00:00,100.99
2025-01-09 08:00:00+00:00,102.44
2025-01-09 09:00:00+00:00,97.45
2025-01-09 10:00:00+00:00,90.41
2025-01-09 11:00:00+00:00,94.75
2025-01-09 12:00:00+00:00,84.19
2025-01-09 13:00:00+00:00,80.89
2025-01-09 14:00:00+00:00,88.11
2025-01-09 15:00:00+00:00,109.4
2025-01-09 16:00:00+00:00,131.62
2025-01-09 17:00:00+00:00,135.73
2025-01-09 18:00:00+00:00,135.01
2025-01-09 19:00:00+00:00,120.36
2025-01-09 20:00:00+00:00,105.8
2025-01-09 21:00:00+00:00,101.43
2025-01-09 22:00:00+00:00,94.26
2025-01-09 23:00:00+00:00,86.82
2025-01-10 00:00:00+00:00,80.25
2025-01-10 01:00:00+00:00,72.09
2025-01-10 02:00:00+00:00,69.94
2025-01-10 03:00:00+00:00,70.07
2025-01-10 04:00:00+00:00,85.06
2025-01-10 05:00:00+00:00,101.8
2025-01-10 06:00:00+00:00,126.12
2025-01-10 07:00:00+00:00,140.33
2025-01-10 08:00:00+00:00,137.22
2025-01-10 09:00:00+00:00,123.57
2025-01-10 10:00:00+00:00,113.59
2025-01-10 11:00:00+00:00,107.43
2025-01-10 12:00:00+00:00,105.01
2025-01-10 13:00:00+00:00,110.01
2025-01-10 14:00:00+00:00,128.69
2025-01-10 15:00:00+00:00,135.57
2025-01-10 16:00:00+00:00,142.72
2025-01-10 17:00:00+00:00,144.28
2025-01-10 18:00:00+00:00,141.27
2025-01-10 19:00:00+00:00,134.83
2025-01-10 20:00:00+00:00,122.51
2025-01-10 21:00:00+00:00,119.79
2025-01-10 22:00:00+00:00,112.0
2025-01-10 23:00:00+00:00,112.0
2025-01-11 00:00:00+00:00,100.61
2025-01-11 01:00:00+00:00,96.32
2025-01-11 02:00:00+00:00,92.02
2025-01-11 03:00:00+00:00,90.82
2025-01-11 04:00:00+00:00,92.16
2025-01-11 05:00:00+00:00,95.46
2025-01-11 06:00:00+00:00,104.07
2025-01-11 07:00:00+00:00,115.85
2025-01-11 08:00:00+00:00,118.19
2025-01-11 09:00:00+00:00,114.24
2025-01-11 10:00:00+00:00,100.58
2025-01-11 11:00:00+00:00,97.14
2025-01-11 12:00:00+00:00,93.15
2025-01-11 13:00:00+00:00,95.74
2025-01-11 14:00:00+00:00,105.05
2025-01-11 15:00:00+00:00,113.29
2025-01-11 16:00:00+00:00,120.97
2025-01-11 17:00:00+00:00,123.86
2025-01-11 18:00:00+00:00,123.55
2025-01-11 19:00:00+00:00,119.95
2025-01-11 20:00:00+00:00,116.2
2025-01-11 21:00:00+00:00,113.27
2025-01-11 22:00:00+00:00,106.1
2025-01-11 23:00:00+00:00,110.36
2025-01-12 00:00:00+00:00,97.57
2025-01-12 01:00:00+00:00,90.0
2025-01-12 02:00:00+00:00,85.91
2025-01-12 03:00:00+00:00,85.0
2025-01-12 04:00:00+00:00,85.7
2025-01-12 05:00:00+00:00,90.13
2025-01-12 06:00:00+00:00,101.75
2025-01-12 07:00:00+00:00,114.97
2025-01-12 08:00:00+00:00,120.07
2025-01-12 09:00:00+00:00,117.77
2025-01-12 10:00:00+00:00,105.61
2025-01-12 11:00:00+00:00,102.99
2025-01-12 12:00:00+00:00,99.61
2025-01-12 13:00:00+00:00,95.4
2025-01-12 14:00:00+00:00,101.24
2025-01-12 15:00:00+00:00,109.56
2025-01-12 16:00:00+00:00,120.61
2025-01-12 17:00:00+00:00,146.66
2025-01-12 18:00:00+00:00,138.07
2025-01-12 19:00:00+00:00,124.0
2025-01-12 20:00:00+00:00,123.67
2025-01-12 21:00:00+00:00,116.73
2025-01-12 22:00:00+00:00,114.9
2025-01-12 23:00:00+00:00,112.39
2025-01-13 00:00:00+00:00,105.07
2025-01-13 01:00:00+00:00,104.46
2025-01-13 02:00:00+00:00,100.37
2025-01-13 03:00:00+00:00,100.0
2025-01-13 04:00:00+00:00,109.13
2025-01-13 05:00:00+00:00,127.14
2025-01-13 06:00:00+00:00,150.16
2025-01-13 07:00:00+00:00,186.0
2025-01-13 08:00:00+00:00,146.5
2025-01-13 09:00:00+00:00,128.38
2025-01-13 10:00:00+00:00,116.13
2025-01-13 11:00:00+00:00,105.69
2025-01-13 12:00:00+00:00,100.81
2025-01-13 13:00:00+00:00,104.91
2025-01-13 14:00:00+00:00,112.59
2025-01-13 15:00:00+00:00,126.64
2025-01-13 16:00:00+00:00,148.7
2025-01-13 17:00:00+00:00,157.07
2025-01-13 18:00:00+00:00,158.39
2025-01-13 19:00:00+00:00,141.32
2025-01-13 20:00:00+00:00,122.59
2025-01-13 21:00:00+00:00,121.41
2025-01-13 22:00:00+00:00,120.1
2025-01-13 23:00:00+00:00,122.19
2025-01-14 00:00:00+00:00,117.67
2025-01-14 01:00:00+00:00,114.53
2025-01-14 02:00:00+00:00,112.2
2025-01-14 03:00:00+00:00,112.2
2025-01-14 04:00:00+00:00,114.34
2025-01-14 05:00:00+00:00,138.52
2025-01-14 06:00:00+00:00,161.02
2025-01-14 07:00:00+00:00,186.54
2025-01-14 08:00:00+00:00,152.47
2025-01-14 09:00:00+00:00,133.76
2025-01-14 10:00:00+00:00,114.53
2025-01-14 11:00:00+00:00,112.37
2025-01-14 12:00:00+00:00,111.63
2025-01-14 13:00:00+00:00,116.44
2025-01-14 14:00:00+00:00,129.11
2025-01-14 15:00:00+00:00,145.13
2025-01-14 16:00:00+00:00,169.66
2025-01-14 17:00:00+00:00,188.31
2025-01-14 18:00:00+00:00,189.54
2025-01-14 19:00:00+00:00,154.0
2025-01-14 20:00:00+00:00,127.62
2025-01-14 21:00:00+00:00,135.31
2025-01-14 22:00:00+00:00,122.27
2025-01-14 23:00:00+00:00,119.33
2025-01-15 00:00:00+00:00,122.4
2025-01-15 01:00:00+00:00,118.6
2025-01-15 02:00:00+00:00,109.76
2025-01-15 03:00:00+00:00,111.77
2025-01-15 04:00:00+00:00,118.13
2025-01-15 05:00:00+00:00,135.56
2025-01-15 06:00:00+00:00,192.04
2025-01-15 07:00:00+00:00,275.0
2025-01-15 08:00:00+00:00,250.0
2025-01-15 09:00:00+00:00,179.56
2025-01-15 10:00:00+00:00,169.1
2025-01-15 11:00:00+00:00,166.26
2025-01-15 12:00:00+00:00,156.64
2025-01-15 13:00:00+00:00,143.49
2025-01-15 14:00:00+00:00,140.65
2025-01-15 15:00:00+00:00,135.0
2025-01-15 16:00:00+00:00,191.02
2025-01-15 17:00:00+00:00,221.91
2025-01-15 18:00:00+00:00,215.0
2025-01-15 19:00:00+00:00,168.78
2025-01-15 20:00:00+00:00,150.97
2025-01-15 21:00:00+00:00,138.77
2025-01-15 22:00:00+00:00,123.9
2025-01-15 23:00:00+00:00,124.33
2025-01-16 00:00:00+00:00,118.41
2025-01-16 01:00:00+00:00,114.0
2025-01-16 02:00:00+00:00,108.58
2025-01-16 03:00:00+00:00,108.59
2025-01-16 04:00:00+00:00,118.1
2025-01-16 05:00:00+00:00,130.8
2025-01-16 06:00:00+00:00,148.04
2025-01-16 07:00:00+00:00,199.94
2025-01-16 08:00:00+00:00,175.0
2025-01-16 09:00:00+00:00,151.9
2025-01-16 10:00:00+00:00,140.64
2025-01-16 11:00:00+00:00,131.13
2025-01-16 12:00:00+00:00,123.84
2025-01-16 13:00:00+00:00,115.14
2025-01-16 14:00:00+00:00,119.64
2025-01-16 15:00:00+00:00,137.69
2025-01-16 16:00:00+00:00,164.77
2025-01-16 17:00:00+00:00,184.32
2025-01-16 18:00:00+00:00,179.97
2025-01-16 19:00:00+00:00,159.6
2025-01-16 20:00:00+00:00,142.32
2025-01-16 21:00:00+00:00,136.02
2025-01-16 22:00:00+00:00,124.44
2025-01-16 23:00:00+00:00,124.83
2025-01-17 00:00:00+00:00,121.32
2025-01-17 01:00:00+00:00,118.2
2025-01-17 02:00:00+00:00,117.49
2025-01-17 03:00:00+00:00,117.26
2025-01-17 04:00:00+00:00,119.99
2025-01-17 05:00:00+00:00,140.8
2025-01-17 06:00:00+00:00,175.01
2025-01-17 07:00:00+00:00,208.13
2025-01-17 08:00:00+00:00,175.34
2025-01-17 09:00:00+00:00,149.39
2025-01-17 10:00:00+00:00,136.0
2025-01-17 11:00:00+00:00,126.44
2025-01-17 12:00:00+00:00,124.03
2025-01-17 13:00:00+00:00,119.51
2025-01-17 14:00:00+00:00,120.02
2025-01-17 15:00:00+00:00,138.02
2025-01-17 16:00:00+00:00,172.31
2025-01-17 17:00:00+00:00,179.92
2025-01-17 18:00:00+00:00,174.22
2025-01-17 19:00:00+00:00,157.91
2025-01-17 20:00:00+00:00,145.0
2025-01-17 21:00:00+00:00,139.97
2025-01-17 22:00:00+00:00,127.05
2025-01-17 23:00:00+00:00,125.46
2025-01-18 00:00:00+00:00,121.08
2025-01-18 01:00:00+00:00,121.06
2025-01-18 02:00:00+00:00,118.86
2025-01-18 03:00:00+00:00,116.56
2025-01-18 04:00:00+00:00,119.78
2025-01-18 05:00:00+00:00,120.0
2025-01-18 06:00:00+00:00,133.8
2025-01-18 07:00:00+00:00,145.69
2025-01-18 08:00:00+00:00,144.1
2025-01-18 09:00:00+00:00,131.7
2025-01-18 10:00:00+00:00,121.6
2025-01-18 11:00:00+00:00,118.87
2025-01-18 12:00:00+00:00,115.01
2025-01-18 13:00:00+00:00,117.28
2025-01-18 14:00:00+00:00,113.97
2025-01-18 15:00:00+00:00,120.9
2025-01-18 16:00:00+00:00,145.65
2025-01-18 17:00:00+00:00,167.57
2025-01-18 18:00:00+00:00,167.85
2025-01-18 19:00:00+00:00,156.12
2025-01-18 20:00:00+00:00,143.42
2025-01-18 21:00:00+00:00,136.4
2025-01-18 22:00:00+00:00,129.36
2025-01-18 23:00:00+00:00,129.77
2025-01-19 00:00:00+00:00,124.35
2025-01-19 01:00:00+00:00,123.17
2025-01-19 02:00:00+00:00,121.24
2025-01-19 03:00:00+00:00,120.18
2025-01-19 04:00:00+00:00,120.0
2025-01-19 05:00:00+00:00,121.59
2025-01-19 06:00:00+00:00,123.47
2025-01-19 07:00:00+00:00,123.61
2025-01-19 08:00:00+00:00,125.33
2025-01-19 09:00:00+00:00,125.43
2025-01-19 10:00:00+00:00,122.16
2025-01-19 11:00:00+00:00,112.25
2025-01-19 12:00:00+00:00,107.51
2025-01-19 13:00:00+00:00,116.81
2025-01-19 14:00:00+00:00,113.41
2025-01-19 15:00:00+00:00,120.74
2025-01-19 16:00:00+00:00,143.04
2025-01-19 17:00:00+00:00,159.68
2025-01-19 18:00:00+00:00,157.33
2025-01-19 19:00:00+00:00,150.03
2025-01-19 20:00:00+00:00,140.38
2025-01-19 21:00:00+00:00,131.56
2025-01-19 22:00:00+00:00,123.12
2025-01-19 23:00:00+00:00,122.3
2025-01-20 00:00:00+00:00,119.5
2025-01-20 01:00:00+00:00,116.57
2025-01-20 02:00:00+00:00,114.41
2025-01-20 03:00:00+00:00,115.45
2025-01-20 04:00:00+00:00,116.1
2025-01-20 05:00:00+00:00,137.33
2025-01-20 06:00:00+00:00,190.26
2025-01-20 07:00:00+00:00,289.0
2025-01-20 08:00:00+00:00,289.0
2025-01-20 09:00:00+00:00,236.29
2025-01-20 10:00:00+00:00,188.28
2025-01-20 11:00:00+00:00,176.5
2025-01-20 12:00:00+00:00,171.39
2025-01-20 13:00:00+00:00,182.73
2025-01-20 14:00:00+00:00,193.39
2025-01-20 15:00:00+00:00,235.0
2025-01-20 16:00:00+00:00,276.18
2025-01-20 17:00:00+00:00,473.28
2025-01-20 18:00:00+00:00,295.57
2025-01-20 19:00:00+00:00,220.0
2025-01-20 20:00:00+00:00,170.0
2025-01-20 21:00:00+00:00,153.58
2025-01-20 22:00:00+00:00,139.0
2025-01-20 23:00:00+00:00,136.0
2025-01-21 00:00:00+00:00,130.65
2025-01-21 01:00:00+00:00,124.35
2025-01-21 02:00:00+00:00,117.05
2025-01-21 03:00:00+00:00,115.3
2025-01-21 04:00:00+00:00,123.83
2025-01-21 05:00:00+00:00,138.86
2025-01-21 06:00:00+00:00,190.0
2025-01-21 07:00:00+00:00,245.0
2025-01-21 08:00:00+00:00,212.22
2025-01-21 09:00:00+00:00,200.0
2025-01-21 10:00:00+00:00,164.84
2025-01-21 11:00:00+00:00,151.36
2025-01-21 12:00:00+00:00,145.81
2025-01-21 13:00:00+00:00,151.03
2025-01-21 14:00:00+00:00,165.48
2025-01-21 15:00:00+00:00,160.32
2025-01-21 16:00:00+00:00,199.32
2025-01-21 17:00:00+00:00,208.44
2025-01-21 18:00:00+00:00,187.72
2025-01-21 19:00:00+00:00,160.18
2025-01-21 20:00:00+00:00,147.08
2025-01-21 21:00:00+00:00,137.0
2025-01-21 22:00:00+00:00,125.75
2025-01-21 23:00:00+00:00,123.53
2025-01-22 00:00:00+00:00,116.3
2025-01-22 01:00:00+00:00,106.78
2025-01-22 02:00:00+00:00,104.45
2025-01-22 03:00:00+00:00,103.6
2025-01-22 04:00:00+00:00,107.0
2025-01-22 05:00:00+00:00,120.57
2025-01-22 06:00:00+00:00,140.33
2025-01-22 07:00:00+00:00,200.0
2025-01-22 08:00:00+00:00,199.41
2025-01-22 09:00:00+00:00,179.06
2025-01-22 10:00:00+00:00,172.94
2025-01-22 11:00:00+00:00,165.0
2025-01-22 12:00:00+00:00,170.0
2025-01-22 13:00:00+00:00,177.03
2025-01-22 14:00:00+00:00,185.0
2025-01-22 15:00:00+00:00,165.85
2025-01-22 16:00:00+00:00,149.03
2025-01-22 17:00:00+00:00,159.6
2025-01-22 18:00:00+00:00,167.72
2025-01-22 19:00:00+00:00,139.49
2025-01-22 20:00:00+00:00,127.94
2025-01-22 21:00:00+00:00,129.86
2025-01-22 22:00:00+00:00,116.27
2025-01-22 23:00:00+00:00,114.6
2025-01-23 00:00:00+00:00,109.77
2025-01-23 01:00:00+00:00,105.84
2025-01-23 02:00:00+00:00,100.45
2025-01-23 03:00:00+00:00,98.53
2025-01-23 04:00:00+00:00,101.82
2025-01-23 05:00:00+00:00,113.79
2025-01-23 06:00:00+00:00,142.28
2025-01-23 07:00:00+00:00,160.34
2025-01-23 08:00:00+00:00,157.26
2025-01-23 09:00:00+00:00,135.21
2025-01-23 10:00:00+00:00,123.6
2025-01-23 11:00:00+00:00,104.18
2025-01-23 12:00:00+00:00,98.58
2025-01-23 13:00:00+00:00,95.4
2025-01-23 14:00:00+00:00,100.26
2025-01-23 15:00:00+00:00,100.97
2025-01-23 16:00:00+00:00,115.69
2025-01-23 17:00:00+00:00,121.78
2025-01-23 18:00:00+00:00,114.79
2025-01-23 19:00:00+00:00,98.44
2025-01-23 20:00:00+00:00,84.21
2025-01-23 21:00:00+00:00,85.09
2025-01-23 22:00:00+00:00,65.01
2025-01-23 23:00:00+00:00,75.16
2025-01-24 00:00:00+00:00,63.05
2025-01-24 01:00:00+00:00,48.6
2025-01-24 02:00:00+00:00,44.37
2025-01-24 03:00:00+00:00,16.01
2025-01-24 04:00:00+00:00,30.03
2025-01-24 05:00:00+00:00,64.93
2025-01-24 06:00:00+00:00,104.09
2025-01-24 07:00:00+00:00,105.26
2025-01-24 08:00:00+00:00,97.14
2025-01-24 09:00:00+00:00,93.63
2025-01-24 10:00:00+00:00,81.93
2025-01-24 11:00:00+00:00,79.68
2025-01-24 12:00:00+00:00,77.26
2025-01-24 13:00:00+00:00,75.07
2025-01-24 14:00:00+00:00,77.26
2025-01-24 15:00:00+00:00,77.13
2025-01-24 16:00:00+00:00,92.7
2025-01-24 17:00:00+00:00,99.64
2025-01-24 18:00:00+00:00,101.02
2025-01-24 19:00:00+00:00,93.67
2025-01-24 20:00:00+00:00,87.96
2025-01-24 21:00:00+00:00,96.72
2025-01-24 22:00:00+00:00,90.7
2025-01-24 23:00:00+00:00,57.03
2025-01-25 00:00:00+00:00,35.0
2025-01-25 01:00:00+00:00,25.2
2025-01-25 02:00:00+00:00,19.71
2025-01-25 03:00:00+00:00,16.8
2025-01-25 04:00:00+00:00,17.72
2025-01-25 05:00:00+00:00,25.0
2025-01-25 06:00:00+00:00,49.29
2025-01-25 07:00:00+00:00,55.54
2025-01-25 08:00:00+00:00,73.4
2025-01-25 09:00:00+00:00,60.73
2025-01-25 10:00:00+00:00,63.25
2025-01-25 11:00:00+00:00,70.17
2025-01-25 12:00:00+00:00,76.09
2025-01-25 13:00:00+00:00,55.16
2025-01-25 14:00:00+00:00,45.09
2025-01-25 15:00:00+00:00,53.77
2025-01-25 16:00:00+00:00,85.21
2025-01-25 17:00:00+00:00,118.32
2025-01-25 18:00:00+00:00,120.74
2025-01-25 19:00:00+00:00,96.37
2025-01-25 20:00:00+00:00,87.38
2025-01-25 21:00:00+00:00,86.5
2025-01-25 22:00:00+00:00,81.06
2025-01-25 23:00:00+00:00,60.02
2025-01-26 00:00:00+00:00,61.36
2025-01-26 01:00:00+00:00,29.7
2025-01-26 02:00:00+00:00,49.34
2025-01-26 03:00:00+00:00,26.21
2025-01-26 04:00:00+00:00,33.41
2025-01-26 05:00:00+00:00,44.2
2025-01-26 06:00:00+00:00,47.96
2025-01-26 07:00:00+00:00,29.54
2025-01-26 08:00:00+00:00,26.21
2025-01-26 09:00:00+00:00,25.95
2025-01-26 10:00:00+00:00,79.22
2025-01-26 11:00:00+00:00,84.83
2025-01-26 12:00:00+00:00,29.81
2025-01-26 13:00:00+00:00,14.98
2025-01-26 14:00:00+00:00,13.46
2025-01-26 15:00:00+00:00,13.45
2025-01-26 16:00:00+00:00,25.2
2025-01-26 17:00:00+00:00,51.54
2025-01-26 18:00:00+00:00,44.38
2025-01-26 19:00:00+00:00,39.06
2025-01-26 20:00:00+00:00,33.78
2025-01-26 21:00:00+00:00,32.35
2025-01-26 22:00:00+00:00,26.32
2025-01-26 23:00:00+00:00,15.67
2025-01-27 00:00:00+00:00,7.06
2025-01-27 01:00:00+00:00,13.1
2025-01-27 02:00:00+00:00,3.52
2025-01-27 03:00:00+00:00,0.65
2025-01-27 04:00:00+00:00,4.94
2025-01-27 05:00:00+00:00,19.57
2025-01-27 06:00:00+00:00,31.84
2025-01-27 07:00:00+00:00,48.01
2025-01-27 08:00:00+00:00,43.06
2025-01-27 09:00:00+00:00,35.72
2025-01-27 10:00:00+00:00,32.76
2025-01-27 11:00:00+00:00,32.69
2025-01-27 12:00:00+00:00,33.77
2025-01-27 13:00:00+00:00,22.54
2025-01-27 14:00:00+00:00,19.9
2025-01-27 15:00:00+00:00,22.97
2025-01-27 16:00:00+00:00,55.67
2025-01-27 17:00:00+00:00,57.18
2025-01-27 18:00:00+00:00,57.1
2025-01-27 19:00:00+00:00,40.9
2025-01-27 20:00:00+00:00,37.68
2025-01-27 21:00:00+00:00,32.0
2025-01-27 22:00:00+00:00,26.23
2025-01-27 23:00:00+00:00,16.55
2025-01-28 00:00:00+00:00,9.12
2025-01-28 01:00:00+00:00,4.56
2025-01-28 02:00:00+00:00,5.29
2025-01-28 03:00:00+00:00,0.65
2025-01-28 04:00:00+00:00,0.65
2025-01-28 05:00:00+00:00,16.27
2025-01-28 06:00:00+00:00,39.6
2025-01-28 07:00:00+00:00,61.83
2025-01-28 08:00:00+00:00,58.32
2025-01-28 09:00:00+00:00,23.28
2025-01-28 10:00:00+00:00,29.14
2025-01-28 11:00:00+00:00,41.44
2025-01-28 12:00:00+00:00,25.05
2025-01-28 13:00:00+00:00,23.57
2025-01-28 14:00:00+00:00,25.56
2025-01-28 15:00:00+00:00,30.67
2025-01-28 16:00:00+00:00,31.58
2025-01-28 17:00:00+00:00,51.46
2025-01-28 18:00:00+00:00,69.5
2025-01-28 19:00:00+00:00,60.0
2025-01-28 20:00:00+00:00,48.03
2025-01-28 21:00:00+00:00,34.22
2025-01-28 22:00:00+00:00,26.28
2025-01-28 23:00:00+00:00,27.74
2025-01-29 00:00:00+00:00,25.52
2025-01-29 01:00:00+00:00,15.05
2025-01-29 02:00:00+00:00,3.52
2025-01-29 03:00:00+00:00,3.52
2025-01-29 04:00:00+00:00,3.52
2025-01-29 05:00:00+00:00,38.16
2025-01-29 06:00:00+00:00,76.68
2025-01-29 07:00:00+00:00,103.61
2025-01-29 08:00:00+00:00,69.2
2025-01-29 09:00:00+00:00,45.0
2025-01-29 10:00:00+00:00,46.02
2025-01-29 11:00:00+00:00,72.92
2025-01-29 12:00:00+00:00,75.39
2025-01-29 13:00:00+00:00,75.16
2025-01-29 14:00:00+00:00,85.61
2025-01-29 15:00:00+00:00,102.94
2025-01-29 16:00:00+00:00,147.4
2025-01-29 17:00:00+00:00,140.11
2025-01-29 18:00:00+00:00,146.08
2025-01-29 19:00:00+00:00,134.31
2025-01-29 20:00:00+00:00,118.57
2025-01-29 21:00:00+00:00,99.38
2025-01-29 22:00:00+00:00,91.01
2025-01-29 23:00:00+00:00,66.63
2025-01-30 00:00:00+00:00,65.29
2025-01-30 01:00:00+00:00,72.82
2025-01-30 02:00:00+00:00,39.15
2025-01-30 03:00:00+00:00,30.45
2025-01-30 04:00:00+00:00,55.79
2025-01-30 05:00:00+00:00,93.26
2025-01-30 06:00:00+00:00,135.85
2025-01-30 07:00:00+00:00,160.3
2025-01-30 08:00:00+00:00,143.87
2025-01-30 09:00:00+00:00,134.75
2025-01-30 10:00:00+00:00,123.25
2025-01-30 11:00:00+00:00,115.97
2025-01-30 12:00:00+00:00,113.3
2025-01-30 13:00:00+00:00,110.04
2025-01-30 14:00:00+00:00,103.76
2025-01-30 15:00:00+00:00,97.78
2025-01-30 16:00:00+00:00,115.9
2025-01-30 17:00:00+00:00,143.31
2025-01-30 18:00:00+00:00,161.0
2025-01-30 19:00:00+00:00,138.91
2025-01-30 20:00:00+00:00,125.0
2025-01-30 21:00:00+00:00,122.11
2025-01-30 22:00:00+00:00,120.2
2025-01-30 23:00:00+00:00,120.0
2025-01-31 00:00:00+00:00,113.22
2025-01-31 01:00:00+00:00,112.1
2025-01-31 02:00:00+00:00,100.33
2025-01-31 03:00:00+00:00,102.47
2025-01-31 04:00:00+00:00,111.54
2025-01-31 05:00:00+00:00,120.47
2025-01-31 06:00:00+00:00,143.16
2025-01-31 07:00:00+00:00,163.7
2025-01-31 08:00:00+00:00,154.82
2025-01-31 09:00:00+00:00,130.1
2025-01-31 10:00:00+00:00,126.2
2025-01-31 11:00:00+00:00,120.06
2025-01-31 12:00:00+00:00,121.19
2025-01-31 13:00:00+00:00,116.68
2025-01-31 14:00:00+00:00,111.0
2025-01-31 15:00:00+00:00,111.56
2025-01-31 16:00:00+00:00,121.32
2025-01-31 17:00:00+00:00,184.48
2025-01-31 18:00:00+00:00,178.99
2025-01-31 19:00:00+00:00,162.66
2025-01-31 20:00:00+00:00,152.7
2025-01-31 21:00:00+00:00,145.02
2025-01-31 22:00:00+00:00,131.29
2025-01-31 23:00:00+00:00,137.18
2025-02-01 00:00:00+00:00,129.61
2025-02-01 01:00:00+00:00,124.38
2025-02-01 02:00:00+00:00,116.96
2025-02-01 03:00:00+00:00,104.73
2025-02-01 04:00:00+00:00,108.17
2025-02-01 05:00:00+00:00,124.45
2025-02-01 06:00:00+00:00,144.74
2025-02-01 07:00:00+00:00,153.46
2025-02-01 08:00:00+00:00,142.44
2025-02-01 09:00:00+00:00,128.4
2025-02-01 10:00:00+00:00,120.08
2025-02-01 11:00:00+00:00,110.29
2025-02-01 12:00:00+00:00,103.4
2025-02-01 13:00:00+00:00,113.7
2025-02-01 14:00:00+00:00,113.66
2025-02-01 15:00:00+00:00,124.88
2025-02-01 16:00:00+00:00,132.1
2025-02-01 17:00:00+00:00,155.79
2025-02-01 18:00:00+00:00,162.98
2025-02-01 19:00:00+00:00,156.6
2025-02-01 20:00:00+00:00,145.24
2025-02-01 21:00:00+00:00,141.73
2025-02-01 22:00:00+00:00,131.74
2025-02-01 23:00:00+00:00,133.26
2025-02-02 00:00:00+00:00,126.91
2025-02-02 01:00:00+00:00,122.99
2025-02-02 02:00:00+00:00,120.66
2025-02-02 03:00:00+00:00,122.34
2025-02-02 04:00:00+00:00,123.41
2025-02-02 05:00:00+00:00,128.09
2025-02-02 06:00:00+00:00,135.9
2025-02-02 07:00:00+00:00,137.3
2025-02-02 08:00:00+00:00,137.7
2025-02-02 09:00:00+00:00,130.04
2025-02-02 10:00:00+00:00,129.33
2025-02-02 11:00:00+00:00,122.24
2025-02-02 12:00:00+00:00,111.88
2025-02-02 13:00:00+00:00,110.45
2025-02-02 14:00:00+00:00,103.27
2025-02-02 15:00:00+00:00,101.26
2025-02-02 16:00:00+00:00,132.8
2025-02-02 17:00:00+00:00,164.67
2025-02-02 18:00:00+00:00,173.95
2025-02-02 19:00:00+00:00,165.5
2025-02-02 20:00:00+00:00,155.77
2025-02-02 21:00:00+00:00,148.44
2025-02-02 22:00:00+00:00,133.24
2025-02-02 23:00:00+00:00,129.54
2025-02-03 00:00:00+00:00,126.63
2025-02-03 01:00:00+00:00,124.72
2025-02-03 02:00:00+00:00,120.04
2025-02-03 03:00:00+00:00,123.24
2025-02-03 04:00:00+00:00,127.77
2025-02-03 05:00:00+00:00,159.18
2025-02-03 06:00:00+00:00,207.88
2025-02-03 07:00:00+00:00,243.23
2025-02-03 08:00:00+00:00,178.04
2025-02-03 09:00:00+00:00,149.95
2025-02-03 10:00:00+00:00,126.69
2025-02-03 11:00:00+00:00,117.27
2025-02-03 12:00:00+00:00,115.19
2025-02-03 13:00:00+00:00,122.73
2025-02-03 14:00:00+00:00,135.33
2025-02-03 15:00:00+00:00,135.13
2025-02-03 16:00:00+00:00,170.64
2025-02-03 17:00:00+00:00,200.73
2025-02-03 18:00:00+00:00,201.1
2025-02-03 19:00:00+00:00,167.74
2025-02-03 20:00:00+00:00,153.0
2025-02-03 21:00:00+00:00,144.09
2025-02-03 22:00:00+00:00,135.81
2025-02-03 23:00:00+00:00,132.4
2025-02-04 00:00:00+00:00,125.54
2025-02-04 01:00:00+00:00,123.18
2025-02-04 02:00:00+00:00,123.99
2025-02-04 03:00:00+00:00,123.25
2025-02-04 04:00:00+00:00,127.63
2025-02-04 05:00:00+00:00,151.95
2025-02-04 06:00:00+00:00,187.5
2025-02-04 07:00:00+00:00,211.99
2025-02-04 08:00:00+00:00,163.31
2025-02-04 09:00:00+00:00,136.53
2025-02-04 10:00:00+00:00,127.8
2025-02-04 11:00:00+00:00,122.71
2025-02-04 12:00:00+00:00,113.26
2025-02-04 13:00:00+00:00,120.09
2025-02-04 14:00:00+00:00,124.97
2025-02-04 15:00:00+00:00,122.57
2025-02-04 16:00:00+00:00,134.32
2025-02-04 17:00:00+00:00,175.0
2025-02-04 18:00:00+00:00,173.92
2025-02-04 19:00:00+00:00,152.47
2025-02-04 20:00:00+00:00,132.91
2025-02-04 21:00:00+00:00,140.32
2025-02-04 22:00:00+00:00,137.95
2025-02-04 23:00:00+00:00,128.44
2025-02-05 00:00:00+00:00,119.39
2025-02-05 01:00:00+00:00,116.59
2025-02-05 02:00:00+00:00,115.64
2025-02-05 03:00:00+00:00,117.33
2025-02-05 04:00:00+00:00,123.05
2025-02-05 05:00:00+00:00,140.34
2025-02-05 06:00:00+00:00,168.48
2025-02-05 07:00:00+00:00,180.81
2025-02-05 08:00:00+00:00,159.33
2025-02-05 09:00:00+00:00,143.61
2025-02-05 10:00:00+00:00,137.61
2025-02-05 11:00:00+00:00,129.14
2025-02-05 12:00:00+00:00,124.95
2025-02-05 13:00:00+00:00,128.85
2025-02-05 14:00:00+00:00,144.12
2025-02-05 15:00:00+00:00,150.04
2025-02-05 16:00:00+00:00,174.07
2025-02-05 17:00:00+00:00,189.9
2025-02-05 18:00:00+00:00,189.63
2025-02-05 19:00:00+00:00,170.0
2025-02-05 20:00:00+00:00,155.42
2025-02-05 21:00:00+00:00,143.7
2025-02-05 22:00:00+00:00,136.95
2025-02-05 23:00:00+00:00,133.67
2025-02-06 00:00:00+00:00,131.51
2025-02-06 01:00:00+00:00,126.48
2025-02-06 02:00:00+00:00,125.01
2025-02-06 03:00:00+00:00,125.01
2025-02-06 04:00:00+00:00,131.33
2025-02-06 05:00:00+00:00,144.92
2025-02-06 06:00:00+00:00,180.09
2025-02-06 07:00:00+00:00,210.56
2025-02-06 08:00:00+00:00,177.44
2025-02-06 09:00:00+00:00,158.82
2025-02-06 10:00:00+00:00,142.89
2025-02-06 11:00:00+00:00,136.27
2025-02-06 12:00:00+00:00,131.06
2025-02-06 13:00:00+00:00,115.25
2025-02-06 14:00:00+00:00,119.17
2025-02-06 15:00:00+00:00,123.44
2025-02-06 16:00:00+00:00,141.02
2025-02-06 17:00:00+00:00,170.78
2025-02-06 18:00:00+00:00,163.65
2025-02-06 19:00:00+00:00,143.52
2025-02-06 20:00:00+00:00,133.16
2025-02-06 21:00:00+00:00,134.89
2025-02-06 22:00:00+00:00,121.95
2025-02-06 23:00:00+00:00,126.05
2025-02-07 00:00:00+00:00,112.7
2025-02-07 01:00:00+00:00,108.82
2025-02-07 02:00:00+00:00,105.0
2025-02-07 03:00:00+00:00,105.85
2025-02-07 04:00:00+00:00,107.23
2025-02-07 05:00:00+00:00,119.0
2025-02-07 06:00:00+00:00,145.68
2025-02-07 07:00:00+00:00,164.3
2025-02-07 08:00:00+00:00,150.37
2025-02-07 09:00:00+00:00,138.4
2025-02-07 10:00:00+00:00,130.63
2025-02-07 11:00:00+00:00,128.08
2025-02-07 12:00:00+00:00,119.02
2025-02-07 13:00:00+00:00,119.98
2025-02-07 14:00:00+00:00,122.43
2025-02-07 15:00:00+00:00,130.98
2025-02-07 16:00:00+00:00,145.45
2025-02-07 17:00:00+00:00,151.01
2025-02-07 18:00:00+00:00,150.93
2025-02-07 19:00:00+00:00,145.36
2025-02-07 20:00:00+00:00,133.8
2025-02-07 21:00:00+00:00,133.06
2025-02-07 22:00:00+00:00,120.55
2025-02-07 23:00:00+00:00,106.74
2025-02-08 00:00:00+00:00,97.67
2025-02-08 01:00:00+00:00,89.5
2025-02-08 02:00:00+00:00,94.34
2025-02-08 03:00:00+00:00,89.69
2025-02-08 04:00:00+00:00,90.99
2025-02-08 05:00:00+00:00,97.15
2025-02-08 06:00:00+00:00,115.0
2025-02-08 07:00:00+00:00,119.08
2025-02-08 08:00:00+00:00,125.01
2025-02-08 09:00:00+00:00,121.84
2025-02-08 10:00:00+00:00,123.13
2025-02-08 11:00:00+00:00,125.4
2025-02-08 12:00:00+00:00,111.47
2025-02-08 13:00:00+00:00,107.28
2025-02-08 14:00:00+00:00,118.0
2025-02-08 15:00:00+00:00,141.55
2025-02-08 16:00:00+00:00,150.96
2025-02-08 17:00:00+00:00,160.49
2025-02-08 18:00:00+00:00,166.9
2025-02-08 19:00:00+00:00,164.04
2025-02-08 20:00:00+00:00,149.0
2025-02-08 21:00:00+00:00,149.1
2025-02-08 22:00:00+00:00,145.31
2025-02-08 23:00:00+00:00,135.0
2025-02-09 00:00:00+00:00,137.56
2025-02-09 01:00:00+00:00,137.56
2025-02-09 02:00:00+00:00,119.3
2025-02-09 03:00:00+00:00,116.87
2025-02-09 04:00:00+00:00,117.0
2025-02-09 05:00:00+00:00,117.0
2025-02-09 06:00:00+00:00,133.43
2025-02-09 07:00:00+00:00,136.77
2025-02-09 08:00:00+00:00,125.0
2025-02-09 09:00:00+00:00,121.61
2025-02-09 10:00:00+00:00,122.01
2025-02-09 11:00:00+00:00,140.32
2025-02-09 12:00:00+00:00,120.09
2025-02-09 13:00:00+00:00,109.9
2025-02-09 14:00:00+00:00,120.4
2025-02-09 15:00:00+00:00,142.64
2025-02-09 16:00:00+00:00,149.54
2025-02-09 17:00:00+00:00,162.96
2025-02-09 18:00:00+00:00,169.86
2025-02-09 19:00:00+00:00,155.01
2025-02-09 20:00:00+00:00,143.05
2025-02-09 21:00:00+00:00,143.0
2025-02-09 22:00:00+00:00,134.04
2025-02-09 23:00:00+00:00,124.35
2025-02-10 00:00:00+00:00,125.05
2025-02-10 01:00:00+00:00,122.01
2025-02-10 02:00:00+00:00,114.75
2025-02-10 03:00:00+00:00,114.48
2025-02-10 04:00:00+00:00,119.98
2025-02-10 05:00:00+00:00,145.78
2025-02-10 06:00:00+00:00,166.14
2025-02-10 07:00:00+00:00,181.36
2025-02-10 08:00:00+00:00,163.18
2025-02-10 09:00:00+00:00,157.02
2025-02-10 10:00:00+00:00,155.0
2025-02-10 11:00:00+00:00,147.84
2025-02-10 12:00:00+00:00,135.21
2025-02-10 13:00:00+00:00,126.71
2025-02-10 14:00:00+00:00,132.95
2025-02-10 15:00:00+00:00,137.17
2025-02-10 16:00:00+00:00,140.83
2025-02-10 17:00:00+00:00,166.34
2025-02-10 18:00:00+00:00,183.73
2025-02-10 19:00:00+00:00,164.57
2025-02-10 20:00:00+00:00,153.4
2025-02-10 21:00:00+00:00,151.69
2025-02-10 22:00:00+00:00,131.51
2025-02-10 23:00:00+00:00,120.0
2025-02-11 00:00:00+00:00,120.0
2025-02-11 01:00:00+00:00,114.65
2025-02-11 02:00:00+00:00,109.91
2025-02-11 03:00:00+00:00,106.01
2025-02-11 04:00:00+00:00,114.53
2025-02-11 05:00:00+00:00,120.13
2025-02-11 06:00:00+00:00,150.79
2025-02-11 07:00:00+00:00,159.06
2025-02-11 08:00:00+00:00,153.74
2025-02-11 09:00:00+00:00,154.01
2025-02-11 10:00:00+00:00,147.09
2025-02-11 11:00:00+00:00,139.97
2025-02-11 12:00:00+00:00,134.89
2025-02-11 13:00:00+00:00,131.96
2025-02-11 14:00:00+00:00,144.96
2025-02-11 15:00:00+00:00,146.82
2025-02-11 16:00:00+00:00,162.43
2025-02-11 17:00:00+00:00,174.57
2025-02-11 18:00:00+00:00,190.0
2025-02-11 19:00:00+00:00,171.45
2025-02-11 20:00:00+00:00,153.77
2025-02-11 21:00:00+00:00,146.38
2025-02-11 22:00:00+00:00,130.58
2025-02-11 23:00:00+00:00,130.0
2025-02-12 00:00:00+00:00,127.87
2025-02-12 01:00:00+00:00,126.82
2025-02-12 02:00:00+00:00,126.59
2025-02-12 03:00:00+00:00,128.74
2025-02-12 04:00:00+00:00,131.62
2025-02-12 05:00:00+00:00,146.24
2025-02-12 06:00:00+00:00,163.65
2025-02-12 07:00:00+00:00,180.0
2025-02-12 08:00:00+00:00,174.92
2025-02-12 09:00:00+00:00,163.22
2025-02-12 10:00:00+00:00,150.56
2025-02-12 11:00:00+00:00,141.19
2025-02-12 12:00:00+00:00,143.65
2025-02-12 13:00:00+00:00,150.79
2025-02-12 14:00:00+00:00,161.38
2025-02-12 15:00:00+00:00,167.33
2025-02-12 16:00:00+00:00,165.38
2025-02-12 17:00:00+00:00,200.01
2025-02-12 18:00:00+00:00,194.44
2025-02-12 19:00:00+00:00,177.52
2025-02-12 20:00:00+00:00,157.55
2025-02-12 21:00:00+00:00,152.08
2025-02-12 22:00:00+00:00,143.24
2025-02-12 23:00:00+00:00,129.0
2025-02-13 00:00:00+00:00,121.06
2025-02-13 01:00:00+00:00,131.77
2025-02-13 02:00:00+00:00,118.59
2025-02-13 03:00:00+00:00,114.3
2025-02-13 04:00:00+00:00,123.81
2025-02-13 05:00:00+00:00,135.9
2025-02-13 06:00:00+00:00,160.05
2025-02-13 07:00:00+00:00,195.2
2025-02-13 08:00:00+00:00,169.36
2025-02-13 09:00:00+00:00,163.94
2025-02-13 10:00:00+00:00,156.06
2025-02-13 11:00:00+00:00,149.06
2025-02-13 12:00:00+00:00,141.94
2025-02-13 13:00:00+00:00,144.8
2025-02-13 14:00:00+00:00,143.35
2025-02-13 15:00:00+00:00,144.42
2025-02-13 16:00:00+00:00,156.8
2025-02-13 17:00:00+00:00,186.96
2025-02-13 18:00:00+00:00,196.52
2025-02-13 19:00:00+00:00,177.12
2025-02-13 20:00:00+00:00,162.92
2025-02-13 21:00:00+00:00,153.12
2025-02-13 22:00:00+00:00,139.0
2025-02-13 23:00:00+00:00,128.76
2025-02-14 00:00:00+00:00,132.45
2025-02-14 01:00:00+00:00,124.57
2025-02-14 02:00:00+00:00,113.86
2025-02-14 03:00:00+00:00,114.45
2025-02-14 04:00:00+00:00,127.38
2025-02-14 05:00:00+00:00,131.21
2025-02-14 06:00:00+00:00,158.73
2025-02-14 07:00:00+00:00,189.79
2025-02-14 08:00:00+00:00,179.27
2025-02-14 09:00:00+00:00,167.01
2025-02-14 10:00:00+00:00,145.23
2025-02-14 11:00:00+00:00,145.01
2025-02-14 12:00:00+00:00,129.07
2025-02-14 13:00:00+00:00,125.16
2025-02-14 14:00:00+00:00,124.86
2025-02-14 15:00:00+00:00,140.1
2025-02-14 16:00:00+00:00,150.62
2025-02-14 17:00:00+00:00,185.0
2025-02-14 18:00:00+00:00,201.66
2025-02-14 19:00:00+00:00,183.55
2025-02-14 20:00:00+00:00,160.06
2025-02-14 21:00:00+00:00,153.0
2025-02-14 22:00:00+00:00,140.03
2025-02-14 23:00:00+00:00,122.58
2025-02-15 00:00:00+00:00,117.99
2025-02-15 01:00:00+00:00,111.31
2025-02-15 02:00:00+00:00,102.34
2025-02-15 03:00:00+00:00,100.11
2025-02-15 04:00:00+00:00,102.64
2025-02-15 05:00:00+00:00,110.62
2025-02-15 06:00:00+00:00,129.22
2025-02-15 07:00:00+00:00,136.06
2025-02-15 08:00:00+00:00,136.05
2025-02-15 09:00:00+00:00,124.59
2025-02-15 10:00:00+00:00,118.36
2025-02-15 11:00:00+00:00,112.39
2025-02-15 12:00:00+00:00,110.01
2025-02-15 13:00:00+00:00,107.92
2025-02-15 14:00:00+00:00,105.47
2025-02-15 15:00:00+00:00,111.83
2025-02-15 16:00:00+00:00,128.68
2025-02-15 17:00:00+00:00,149.91
2025-02-15 18:00:00+00:00,158.09
2025-02-15 19:00:00+00:00,131.51
2025-02-15 20:00:00+00:00,125.0
2025-02-15 21:00:00+00:00,127.91
2025-02-15 22:00:00+00:00,125.3
2025-02-15 23:00:00+00:00,134.11
2025-02-16 00:00:00+00:00,128.9
2025-02-16 01:00:00+00:00,123.57
2025-02-16 02:00:00+00:00,119.9
2025-02-16 03:00:00+00:00,119.57
2025-02-16 04:00:00+00:00,120.24
2025-02-16 05:00:00+00:00,120.25
2025-02-16 06:00:00+00:00,128.06
2025-02-16 07:00:00+00:00,129.14
2025-02-16 08:00:00+00:00,129.59
2025-02-16 09:00:00+00:00,123.39
2025-02-16 10:00:00+00:00,115.79
2025-02-16 11:00:00+00:00,120.62
2025-02-16 12:00:00+00:00,105.48
2025-02-16 13:00:00+00:00,100.88
2025-02-16 14:00:00+00:00,97.51
2025-02-16 15:00:00+00:00,107.21
2025-02-16 16:00:00+00:00,120.08
2025-02-16 17:00:00+00:00,139.08
2025-02-16 18:00:00+00:00,161.56
2025-02-16 19:00:00+00:00,154.95
2025-02-16 20:00:00+00:00,138.77
2025-02-16 21:00:00+00:00,137.12
2025-02-16 22:00:00+00:00,131.51
2025-02-16 23:00:00+00:00,127.87
2025-02-17 00:00:00+00:00,121.06
2025-02-17 01:00:00+00:00,120.34
2025-02-17 02:00:00+00:00,115.97
2025-02-17 03:00:00+00:00,116.23
2025-02-17 04:00:00+00:00,121.21
2025-02-17 05:00:00+00:00,141.19
2025-02-17 06:00:00+00:00,204.74
2025-02-17 07:00:00+00:00,209.79
2025-02-17 08:00:00+00:00,171.3
2025-02-17 09:00:00+00:00,139.67
2025-02-17 10:00:00+00:00,117.26
2025-02-17 11:00:00+00:00,109.9
2025-02-17 12:00:00+00:00,106.84
2025-02-17 13:00:00+00:00,112.31
2025-02-17 14:00:00+00:00,119.28
2025-02-17 15:00:00+00:00,133.15
2025-02-17 16:00:00+00:00,155.85
2025-02-17 17:00:00+00:00,213.34
2025-02-17 18:00:00+00:00,215.52
2025-02-17 19:00:00+00:00,178.0
2025-02-17 20:00:00+00:00,155.62
2025-02-17 21:00:00+00:00,140.0
2025-02-17 22:00:00+00:00,130.6
2025-02-17 23:00:00+00:00,133.29
2025-02-18 00:00:00+00:00,125.18
2025-02-18 01:00:00+00:00,123.92
2025-02-18 02:00:00+00:00,114.03
2025-02-18 03:00:00+00:00,111.81
2025-02-18 04:00:00+00:00,118.5
2025-02-18 05:00:00+00:00,129.6
2025-02-18 06:00:00+00:00,170.8
2025-02-18 07:00:00+00:00,193.8
2025-02-18 08:00:00+00:00,144.73
2025-02-18 09:00:00+00:00,125.87
2025-02-18 10:00:00+00:00,111.75
2025-02-18 11:00:00+00:00,100.69
2025-02-18 12:00:00+00:00,94.11
2025-02-18 13:00:00+00:00,102.96
2025-02-18 14:00:00+00:00,113.76
2025-02-18 15:00:00+00:00,124.68
2025-02-18 16:00:00+00:00,138.32
2025-02-18 17:00:00+00:00,168.49
2025-02-18 18:00:00+00:00,159.88
2025-02-18 19:00:00+00:00,144.4
2025-02-18 20:00:00+00:00,133.54
2025-02-18 21:00:00+00:00,124.02
2025-02-18 22:00:00+00:00,116.23
2025-02-18 23:00:00+00:00,106.48
2025-02-19 00:00:00+00:00,101.18
2025-02-19 01:00:00+00:00,101.3
2025-02-19 02:00:00+00:00,99.0
2025-02-19 03:00:00+00:00,96.06
2025-02-19 04:00:00+00:00,101.83
2025-02-19 05:00:00+00:00,120.18
2025-02-19 06:00:00+00:00,149.5
2025-02-19 07:00:00+00:00,167.39
2025-02-19 08:00:00+00:00,133.73
2025-02-19 09:00:00+00:00,114.37
2025-02-19 10:00:00+00:00,105.57
2025-02-19 11:00:00+00:00,104.24
2025-02-19 12:00:00+00:00,97.23
2025-02-19 13:00:00+00:00,97.3
2025-02-19 14:00:00+00:00,109.7
2025-02-19 15:00:00+00:00,118.06
2025-02-19 16:00:00+00:00,123.29
2025-02-19 17:00:00+00:00,151.3
2025-02-19 18:00:00+00:00,150.04
2025-02-19 19:00:00+00:00,126.79
2025-02-19 20:00:00+00:00,118.69
2025-02-19 21:00:00+00:00,116.8
2025-02-19 22:00:00+00:00,105.34
2025-02-19 23:00:00+00:00,90.89
2025-02-20 00:00:00+00:00,89.97
2025-02-20 01:00:00+00:00,89.41
2025-02-20 02:00:00+00:00,87.03
2025-02-20 03:00:00+00:00,85.89
2025-02-20 04:00:00+00:00,87.98
2025-02-20 05:00:00+00:00,98.19
2025-02-20 06:00:00+00:00,113.87
2025-02-20 07:00:00+00:00,131.1
2025-02-20 08:00:00+00:00,114.26
2025-02-20 09:00:00+00:00,98.01
2025-02-20 10:00:00+00:00,87.9
2025-02-20 11:00:00+00:00,87.87
2025-02-20 12:00:00+00:00,85.05
2025-02-20 13:00:00+00:00,85.53
2025-02-20 14:00:00+00:00,88.29
2025-02-20 15:00:00+00:00,91.1
2025-02-20 16:00:00+00:00,109.56
2025-02-20 17:00:00+00:00,127.42
2025-02-20 18:00:00+00:00,133.98
2025-02-20 19:00:00+00:00,116.63
2025-02-20 20:00:00+00:00,101.28
2025-02-20 21:00:00+00:00,98.51
2025-02-20 22:00:00+00:00,88.0
2025-02-20 23:00:00+00:00,76.16
2025-02-21 00:00:00+00:00,70.0
2025-02-21 01:00:00+00:00,62.07
2025-02-21 02:00:00+00:00,51.98
2025-02-21 03:00:00+00:00,40.7
2025-02-21 04:00:00+00:00,38.71
2025-02-21 05:00:00+00:00,52.5
2025-02-21 06:00:00+00:00,69.96
2025-02-21 07:00:00+00:00,78.92
2025-02-21 08:00:00+00:00,80.11
2025-02-21 09:00:00+00:00,67.46
2025-02-21 10:00:00+00:00,50.69
2025-02-21 11:00:00+00:00,52.95
2025-02-21 12:00:00+00:00,43.87
2025-02-21 13:00:00+00:00,32.74
2025-02-21 14:00:00+00:00,50.16
2025-02-21 15:00:00+00:00,53.9
2025-02-21 16:00:00+00:00,76.34
2025-02-21 17:00:00+00:00,94.58
2025-02-21 18:00:00+00:00,93.83
2025-02-21 19:00:00+00:00,84.97
2025-02-21 20:00:00+00:00,70.94
2025-02-21 21:00:00+00:00,69.96
2025-02-21 22:00:00+00:00,70.17
2025-02-21 23:00:00+00:00,59.05
2025-02-22 00:00:00+00:00,53.92
2025-02-22 01:00:00+00:00,52.12
2025-02-22 02:00:00+00:00,45.5
2025-02-22 03:00:00+00:00,44.72
2025-02-22 04:00:00+00:00,55.54
2025-02-22 05:00:00+00:00,61.03
2025-02-22 06:00:00+00:00,70.83
2025-02-22 07:00:00+00:00,73.33
2025-02-22 08:00:00+00:00,72.86
2025-02-22 09:00:00+00:00,64.48
2025-02-22 10:00:00+00:00,63.0
2025-02-22 11:00:00+00:00,60.07
2025-02-22 12:00:00+00:00,58.15
2025-02-22 13:00:00+00:00,65.05
2025-02-22 14:00:00+00:00,62.77
2025-02-22 15:00:00+00:00,63.72
2025-02-22 16:00:00+00:00,82.22
2025-02-22 17:00:00+00:00,122.94
2025-02-22 18:00:00+00:00,130.72
2025-02-22 19:00:00+00:00,121.47
2025-02-22 20:00:00+00:00,110.79
2025-02-22 21:00:00+00:00,107.11
2025-02-22 22:00:00+00:00,102.2
2025-02-22 23:00:00+00:00,99.25
2025-02-23 00:00:00+00:00,90.94
2025-02-23 01:00:00+00:00,88.92
2025-02-23 02:00:00+00:00,77.83
2025-02-23 03:00:00+00:00,75.54
2025-02-23 04:00:00+00:00,76.45
2025-02-23 05:00:00+00:00,79.98
2025-02-23 06:00:00+00:00,80.1
2025-02-23 07:00:00+00:00,76.74
2025-02-23 08:00:00+00:00,61.58
2025-02-23 09:00:00+00:00,53.0
2025-02-23 10:00:00+00:00,43.42
2025-02-23 11:00:00+00:00,53.89
2025-02-23 12:00:00+00:00,43.91
2025-02-23 13:00:00+00:00,22.18
2025-02-23 14:00:00+00:00,28.53
2025-02-23 15:00:00+00:00,30.1
2025-02-23 16:00:00+00:00,50.0
2025-02-23 17:00:00+00:00,100.9
2025-02-23 18:00:00+00:00,122.94
2025-02-23 19:00:00+00:00,100.52
2025-02-23 20:00:00+00:00,81.42
2025-02-23 21:00:00+00:00,81.77
2025-02-23 22:00:00+00:00,67.3
2025-02-23 23:00:00+00:00,35.01
2025-02-24 00:00:00+00:00,30.19
2025-02-24 01:00:00+00:00,27.44
2025-02-24 02:00:00+00:00,24.56
2025-02-24 03:00:00+00:00,17.98
2025-02-24 04:00:00+00:00,28.3
2025-02-24 05:00:00+00:00,72.07
2025-02-24 06:00:00+00:00,103.33
2025-02-24 07:00:00+00:00,116.86
2025-02-24 08:00:00+00:00,100.0
2025-02-24 09:00:00+00:00,88.64
2025-02-24 10:00:00+00:00,88.95
2025-02-24 11:00:00+00:00,86.65
2025-02-24 12:00:00+00:00,87.03
2025-02-24 13:00:00+00:00,89.45
2025-02-24 14:00:00+00:00,91.2
2025-02-24 15:00:00+00:00,109.17
2025-02-24 16:00:00+00:00,112.99
2025-02-24 17:00:00+00:00,147.92
2025-02-24 18:00:00+00:00,159.17
2025-02-24 19:00:00+00:00,134.91
2025-02-24 20:00:00+00:00,115.28
2025-02-24 21:00:00+00:00,106.88
2025-02-24 22:00:00+00:00,108.03
2025-02-24 23:00:00+00:00,89.72
2025-02-25 00:00:00+00:00,89.33
2025-02-25 01:00:00+00:00,87.75
2025-02-25 02:00:00+00:00,85.96
2025-02-25 03:00:00+00:00,80.49
2025-02-25 04:00:00+00:00,92.92
2025-02-25 05:00:00+00:00,110.98
2025-02-25 06:00:00+00:00,123.75
2025-02-25 07:00:00+00:00,136.97
2025-02-25 08:00:00+00:00,131.04
2025-02-25 09:00:00+00:00,113.1
2025-02-25 10:00:00+00:00,102.9
2025-02-25 11:00:00+00:00,93.0
2025-02-25 12:00:00+00:00,83.28
2025-02-25 13:00:00+00:00,81.78
2025-02-25 14:00:00+00:00,83.02
2025-02-25 15:00:00+00:00,84.27
2025-02-25 16:00:00+00:00,92.86
2025-02-25 17:00:00+00:00,115.84
2025-02-25 18:00:00+00:00,140.99
2025-02-25 19:00:00+00:00,135.55
2025-02-25 20:00:00+00:00,118.45
2025-02-25 21:00:00+00:00,114.28
2025-02-25 22:00:00+00:00,100.41
2025-02-25 23:00:00+00:00,102.48
2025-02-26 00:00:00+00:00,86.87
2025-02-26 01:00:00+00:00,92.98
2025-02-26 02:00:00+00:00,86.38
2025-02-26 03:00:00+00:00,88.59
2025-02-26 04:00:00+00:00,97.82
2025-02-26 05:00:00+00:00,111.76
2025-02-26 06:00:00+00:00,136.2
2025-02-26 07:00:00+00:00,139.08
2025-02-26 08:00:00+00:00,121.43
2025-02-26 09:00:00+00:00,94.73
2025-02-26 10:00:00+00:00,83.07
2025-02-26 11:00:00+00:00,84.26
2025-02-26 12:00:00+00:00,65.18
2025-02-26 13:00:00+00:00,54.59
2025-02-26 14:00:00+00:00,58.28
2025-02-26 15:00:00+00:00,71.98
2025-02-26 16:00:00+00:00,97.0
2025-02-26 17:00:00+00:00,126.37
2025-02-26 18:00:00+00:00,161.95
2025-02-26 19:00:00+00:00,131.05
2025-02-26 20:00:00+00:00,117.43
2025-02-26 21:00:00+00:00,121.84
2025-02-26 22:00:00+00:00,113.02
2025-02-26 23:00:00+00:00,102.25
2025-02-27 00:00:00+00:00,103.81
2025-02-27 01:00:00+00:00,101.3
2025-02-27 02:00:00+00:00,99.68
2025-02-27 03:00:00+00:00,100.39
2025-02-27 04:00:00+00:00,104.35
2025-02-27 05:00:00+00:00,117.14
2025-02-27 06:00:00+00:00,145.0
2025-02-27 07:00:00+00:00,159.47
2025-02-27 08:00:00+00:00,129.18
2025-02-27 09:00:00+00:00,109.49
2025-02-27 10:00:00+00:00,100.19
2025-02-27 11:00:00+00:00,93.0
2025-02-27 12:00:00+00:00,89.0
2025-02-27 13:00:00+00:00,86.8
2025-02-27 14:00:00+00:00,89.0
2025-02-27 15:00:00+00:00,100.0
2025-02-27 16:00:00+00:00,113.95
2025-02-27 17:00:00+00:00,136.13
2025-02-27 18:00:00+00:00,161.31
2025-02-27 19:00:00+00:00,143.75
2025-02-27 20:00:00+00:00,132.88
2025-02-27 21:00:00+00:00,122.31
2025-02-27 22:00:00+00:00,113.5
2025-02-27 23:00:00+00:00,115.59
2025-02-28 00:00:00+00:00,110.54
2025-02-28 01:00:00+00:00,109.38
2025-02-28 02:00:00+00:00,105.2
2025-02-28 03:00:00+00:00,104.49
2025-02-28 04:00:00+00:00,104.49
2025-02-28 05:00:00+00:00,116.93
2025-02-28 06:00:00+00:00,138.39
2025-02-28 07:00:00+00:00,152.94
2025-02-28 08:00:00+00:00,120.81
2025-02-28 09:00:00+00:00,105.34
2025-02-28 10:00:00+00:00,93.0
2025-02-28 11:00:00+00:00,91.08
2025-02-28 12:00:00+00:00,80.13
2025-02-28 13:00:00+00:00,85.2
2025-02-28 14:00:00+00:00,93.29
2025-02-28 15:00:00+00:00,96.74
2025-02-28 16:00:00+00:00,115.51
2025-02-28 17:00:00+00:00,124.74
2025-02-28 18:00:00+00:00,151.96
2025-02-28 19:00:00+00:00,134.27
2025-02-28 20:00:00+00:00,121.73
2025-02-28 21:00:00+00:00,114.72
2025-02-28 22:00:00+00:00,106.75
2025-02-28 23:00:00+00:00,118.24
2025-03-01 00:00:00+00:00,114.86
2025-03-01 01:00:00+00:00,114.23
2025-03-01 02:00:00+00:00,98.07
2025-03-01 03:00:00+00:00,99.6
2025-03-01 04:00:00+00:00,98.93
2025-03-01 05:00:00+00:00,108.15
2025-03-01 06:00:00+00:00,124.48
2025-03-01 07:00:00+00:00,123.85
2025-03-01 08:00:00+00:00,113.39
2025-03-01 09:00:00+00:00,91.1
2025-03-01 10:00:00+00:00,78.71
2025-03-01 11:00:00+00:00,80.88
2025-03-01 12:00:00+00:00,61.79
2025-03-01 13:00:00+00:00,38.14
2025-03-01 14:00:00+00:00,31.73
2025-03-01 15:00:00+00:00,52.04
2025-03-01 16:00:00+00:00,80.77
2025-03-01 17:00:00+00:00,119.02
2025-03-01 18:00:00+00:00,128.4
2025-03-01 19:00:00+00:00,115.05
2025-03-01 20:00:00+00:00,110.27
2025-03-01 21:00:00+00:00,114.44
2025-03-01 22:00:00+00:00,119.92
2025-03-01 23:00:00+00:00,124.07
2025-03-02 00:00:00+00:00,108.23
2025-03-02 01:00:00+00:00,99.66
2025-03-02 02:00:00+00:00,93.68
2025-03-02 03:00:00+00:00,95.24
2025-03-02 04:00:00+00:00,95.17
2025-03-02 05:00:00+00:00,97.92
2025-03-02 06:00:00+00:00,104.14
2025-03-02 07:00:00+00:00,103.58
2025-03-02 08:00:00+00:00,89.0
2025-03-02 09:00:00+00:00,68.3
2025-03-02 10:00:00+00:00,49.0
2025-03-02 11:00:00+00:00,27.5
2025-03-02 12:00:00+00:00,20.1
2025-03-02 13:00:00+00:00,22.37
2025-03-02 14:00:00+00:00,51.9
2025-03-02 15:00:00+00:00,76.04
2025-03-02 16:00:00+00:00,97.29
2025-03-02 17:00:00+00:00,129.43
2025-03-02 18:00:00+00:00,147.09
2025-03-02 19:00:00+00:00,134.36
2025-03-02 20:00:00+00:00,121.69
2025-03-02 21:00:00+00:00,121.07
2025-03-02 22:00:00+00:00,112.94
2025-03-02 23:00:00+00:00,109.2
2025-03-03 00:00:00+00:00,104.56
2025-03-03 01:00:00+00:00,103.56
2025-03-03 02:00:00+00:00,100.31
2025-03-03 03:00:00+00:00,103.95
2025-03-03 04:00:00+00:00,117.16
2025-03-03 05:00:00+00:00,137.77
2025-03-03 06:00:00+00:00,163.0
2025-03-03 07:00:00+00:00,148.46
2025-03-03 08:00:00+00:00,116.95
2025-03-03 09:00:00+00:00,109.79
2025-03-03 10:00:00+00:00,103.96
2025-03-03 11:00:00+00:00,90.48
2025-03-03 12:00:00+00:00,90.24
2025-03-03 13:00:00+00:00,66.91
2025-03-03 14:00:00+00:00,86.44
2025-03-03 15:00:00+00:00,107.08
2025-03-03 16:00:00+00:00,111.91
2025-03-03 17:00:00+00:00,157.0
2025-03-03 18:00:00+00:00,175.1
2025-03-03 19:00:00+00:00,149.0
2025-03-03 20:00:00+00:00,122.91
2025-03-03 21:00:00+00:00,125.43
2025-03-03 22:00:00+00:00,124.38
2025-03-03 23:00:00+00:00,122.15
2025-03-04 00:00:00+00:00,110.77
2025-03-04 01:00:00+00:00,104.62
2025-03-04 02:00:00+00:00,105.34
2025-03-04 03:00:00+00:00,101.79
2025-03-04 04:00:00+00:00,104.0
2025-03-04 05:00:00+00:00,119.85
2025-03-04 06:00:00+00:00,169.51
2025-03-04 07:00:00+00:00,141.95
2025-03-04 08:00:00+00:00,116.71
2025-03-04 09:00:00+00:00,98.99
2025-03-04 10:00:00+00:00,82.08
2025-03-04 11:00:00+00:00,63.84
2025-03-04 12:00:00+00:00,50.24
2025-03-04 13:00:00+00:00,55.1
2025-03-04 14:00:00+00:00,82.88
2025-03-04 15:00:00+00:00,97.91
2025-03-04 16:00:00+00:00,114.05
2025-03-04 17:00:00+00:00,140.78
2025-03-04 18:00:00+00:00,164.93
2025-03-04 19:00:00+00:00,132.0
2025-03-04 20:00:00+00:00,117.62
2025-03-04 21:00:00+00:00,113.45
2025-03-04 22:00:00+00:00,109.04
2025-03-04 23:00:00+00:00,94.15
2025-03-05 00:00:00+00:00,89.59
2025-03-05 01:00:00+00:00,86.69
2025-03-05 02:00:00+00:00,82.85
2025-03-05 03:00:00+00:00,85.04
2025-03-05 04:00:00+00:00,94.33
2025-03-05 05:00:00+00:00,119.46
2025-03-05 06:00:00+00:00,141.9
2025-03-05 07:00:00+00:00,125.18
2025-03-05 08:00:00+00:00,101.12
2025-03-05 09:00:00+00:00,70.2
2025-03-05 10:00:00+00:00,36.68
2025-03-05 11:00:00+00:00,41.89
2025-03-05 12:00:00+00:00,12.04
2025-03-05 13:00:00+00:00,0.84
2025-03-05 14:00:00+00:00,50.53
2025-03-05 15:00:00+00:00,69.37
2025-03-05 16:00:00+00:00,100.05
2025-03-05 17:00:00+00:00,132.72
2025-03-05 18:00:00+00:00,147.01
2025-03-05 19:00:00+00:00,119.02
2025-03-05 20:00:00+00:00,106.71
2025-03-05 21:00:00+00:00,107.06
2025-03-05 22:00:00+00:00,99.02
2025-03-05 23:00:00+00:00,85.58
2025-03-06 00:00:00+00:00,80.58
2025-03-06 01:00:00+00:00,74.44
2025-03-06 02:00:00+00:00,67.75
2025-03-06 03:00:00+00:00,68.9
2025-03-06 04:00:00+00:00,81.53
2025-03-06 05:00:00+00:00,100.08
2025-03-06 06:00:00+00:00,127.32
2025-03-06 07:00:00+00:00,108.5
2025-03-06 08:00:00+00:00,78.85
2025-03-06 09:00:00+00:00,51.53
2025-03-06 10:00:00+00:00,10.95
2025-03-06 11:00:00+00:00,12.19
2025-03-06 12:00:00+00:00,5.82
2025-03-06 13:00:00+00:00,13.16
2025-03-06 14:00:00+00:00,44.9
2025-03-06 15:00:00+00:00,56.08
2025-03-06 16:00:00+00:00,76.99
2025-03-06 17:00:00+00:00,101.0
2025-03-06 18:00:00+00:00,126.02
2025-03-06 19:00:00+00:00,108.54
2025-03-06 20:00:00+00:00,88.44
2025-03-06 21:00:00+00:00,86.73
2025-03-06 22:00:00+00:00,76.6
2025-03-06 23:00:00+00:00,77.33
2025-03-07 00:00:00+00:00,63.12
2025-03-07 01:00:00+00:00,63.93
2025-03-07 02:00:00+00:00,56.17
2025-03-07 03:00:00+00:00,60.2
2025-03-07 04:00:00+00:00,64.01
2025-03-07 05:00:00+00:00,80.87
2025-03-07 06:00:00+00:00,106.74
2025-03-07 07:00:00+00:00,100.49
2025-03-07 08:00:00+00:00,79.76
2025-03-07 09:00:00+00:00,60.32
2025-03-07 10:00:00+00:00,31.81
2025-03-07 11:00:00+00:00,12.79
2025-03-07 12:00:00+00:00,7.82
2025-03-07 13:00:00+00:00,23.9
2025-03-07 14:00:00+00:00,21.92
2025-03-07 15:00:00+00:00,38.71
2025-03-07 16:00:00+00:00,61.28
2025-03-07 17:00:00+00:00,83.08
2025-03-07 18:00:00+00:00,99.65
2025-03-07 19:00:00+00:00,74.89
2025-03-07 20:00:00+00:00,50.0
2025-03-07 21:00:00+00:00,59.2
2025-03-07 22:00:00+00:00,58.17
2025-03-07 23:00:00+00:00,84.95
2025-03-08 00:00:00+00:00,50.53
2025-03-08 01:00:00+00:00,28.52
2025-03-08 02:00:00+00:00,26.03
2025-03-08 03:00:00+00:00,22.33
2025-03-08 04:00:00+00:00,27.03
2025-03-08 05:00:00+00:00,56.37
2025-03-08 06:00:00+00:00,63.61
2025-03-08 07:00:00+00:00,98.04
2025-03-08 08:00:00+00:00,72.54
2025-03-08 09:00:00+00:00,18.05
2025-03-08 10:00:00+00:00,3.52
2025-03-08 11:00:00+00:00,8.62
2025-03-08 12:00:00+00:00,1.0
2025-03-08 13:00:00+00:00,0.07
2025-03-08 14:00:00+00:00,10.92
2025-03-08 15:00:00+00:00,17.3
2025-03-08 16:00:00+00:00,62.59
2025-03-08 17:00:00+00:00,35.0
2025-03-08 18:00:00+00:00,43.38
2025-03-08 19:00:00+00:00,41.23
2025-03-08 20:00:00+00:00,40.65
2025-03-08 21:00:00+00:00,40.0
2025-03-08 22:00:00+00:00,38.1
2025-03-08 23:00:00+00:00,35.4
2025-03-09 00:00:00+00:00,35.01
2025-03-09 01:00:00+00:00,35.01
2025-03-09 02:00:00+00:00,33.29
2025-03-09 03:00:00+00:00,29.97
2025-03-09 04:00:00+00:00,31.4
2025-03-09 05:00:00+00:00,31.81
2025-03-09 06:00:00+00:00,35.0
2025-03-09 07:00:00+00:00,35.0
2025-03-09 08:00:00+00:00,29.27
2025-03-09 09:00:00+00:00,10.1
2025-03-09 10:00:00+00:00,9.13
2025-03-09 11:00:00+00:00,13.2
2025-03-09 12:00:00+00:00,7.1
2025-03-09 13:00:00+00:00,3.52
2025-03-09 14:00:00+00:00,17.39
2025-03-09 15:00:00+00:00,35.01
2025-03-09 16:00:00+00:00,47.68
2025-03-09 17:00:00+00:00,89.02
2025-03-09 18:00:00+00:00,124.5
2025-03-09 19:00:00+00:00,127.6
2025-03-09 20:00:00+00:00,115.66
2025-03-09 21:00:00+00:00,97.04
2025-03-09 22:00:00+00:00,88.06
2025-03-09 23:00:00+00:00,85.51
2025-03-10 00:00:00+00:00,78.03
2025-03-10 01:00:00+00:00,73.01
2025-03-10 02:00:00+00:00,71.31
2025-03-10 03:00:00+00:00,66.7
2025-03-10 04:00:00+00:00,73.43
2025-03-10 05:00:00+00:00,99.58
2025-03-10 06:00:00+00:00,123.06
2025-03-10 07:00:00+00:00,130.01
2025-03-10 08:00:00+00:00,95.0
2025-03-10 09:00:00+00:00,82.99
2025-03-10 10:00:00+00:00,78.0
2025-03-10 11:00:00+00:00,76.02
2025-03-10 12:00:00+00:00,77.32
2025-03-10 13:00:00+00:00,75.51
2025-03-10 14:00:00+00:00,69.11
2025-03-10 15:00:00+00:00,77.86
2025-03-10 16:00:00+00:00,95.92
2025-03-10 17:00:00+00:00,117.84
2025-03-10 18:00:00+00:00,152.05
2025-03-10 19:00:00+00:00,131.6
2025-03-10 20:00:00+00:00,110.0
2025-03-10 21:00:00+00:00,100.0
2025-03-10 22:00:00+00:00,92.0
2025-03-10 23:00:00+00:00,91.0
2025-03-11 00:00:00+00:00,87.45
2025-03-11 01:00:00+00:00,91.98
2025-03-11 02:00:00+00:00,89.37
2025-03-11 03:00:00+00:00,82.36
2025-03-11 04:00:00+00:00,91.92
2025-03-11 05:00:00+00:00,92.8
2025-03-11 06:00:00+00:00,114.57
2025-03-11 07:00:00+00:00,126.96
2025-03-11 08:00:00+00:00,110.09
2025-03-11 09:00:00+00:00,99.23
2025-03-11 10:00:00+00:00,91.6
2025-03-11 11:00:00+00:00,88.95
2025-03-11 12:00:00+00:00,86.24
2025-03-11 13:00:00+00:00,86.59
2025-03-11 14:00:00+00:00,86.42
2025-03-11 15:00:00+00:00,78.21
2025-03-11 16:00:00+00:00,87.97
2025-03-11 17:00:00+00:00,114.5
2025-03-11 18:00:00+00:00,157.5
2025-03-11 19:00:00+00:00,137.84
2025-03-11 20:00:00+00:00,119.33
2025-03-11 21:00:00+00:00,108.78
2025-03-11 22:00:00+00:00,105.16
2025-03-11 23:00:00+00:00,98.9
2025-03-12 00:00:00+00:00,95.03
2025-03-12 01:00:00+00:00,94.87
2025-03-12 02:00:00+00:00,88.78
2025-03-12 03:00:00+00:00,86.93
2025-03-12 04:00:00+00:00,85.79
2025-03-12 05:00:00+00:00,102.81
2025-03-12 06:00:00+00:00,119.55
2025-03-12 07:00:00+00:00,131.53
2025-03-12 08:00:00+00:00,125.0
2025-03-12 09:00:00+00:00,102.67
2025-03-12 10:00:00+00:00,99.56
2025-03-12 11:00:00+00:00,98.01
2025-03-12 12:00:00+00:00,98.64
2025-03-12 13:00:00+00:00,99.03
2025-03-12 14:00:00+00:00,97.86
2025-03-12 15:00:00+00:00,108.29
2025-03-12 16:00:00+00:00,107.58
2025-03-12 17:00:00+00:00,150.2
2025-03-12 18:00:00+00:00,176.69
2025-03-12 19:00:00+00:00,146.37
2025-03-12 20:00:00+00:00,132.2
2025-03-12 21:00:00+00:00,120.0
2025-03-12 22:00:00+00:00,109.91
2025-03-12 23:00:00+00:00,108.58
2025-03-13 00:00:00+00:00,103.46
2025-03-13 01:00:00+00:00,101.25
2025-03-13 02:00:00+00:00,95.12
2025-03-13 03:00:00+00:00,90.8
2025-03-13 04:00:00+00:00,102.51
2025-03-13 05:00:00+00:00,123.83
2025-03-13 06:00:00+00:00,152.28
2025-03-13 07:00:00+00:00,156.41
2025-03-13 08:00:00+00:00,140.0
2025-03-13 09:00:00+00:00,118.94
2025-03-13 10:00:00+00:00,112.21
2025-03-13 11:00:00+00:00,108.07
2025-03-13 12:00:00+00:00,106.66
2025-03-13 13:00:00+00:00,105.7
2025-03-13 14:00:00+00:00,104.71
2025-03-13 15:00:00+00:00,104.94
2025-03-13 16:00:00+00:00,124.27
2025-03-13 17:00:00+00:00,166.05
2025-03-13 18:00:00+00:00,173.47
2025-03-13 19:00:00+00:00,149.0
2025-03-13 20:00:00+00:00,135.69
2025-03-13 21:00:00+00:00,124.3
2025-03-13 22:00:00+00:00,112.18
2025-03-13 23:00:00+00:00,109.09
2025-03-14 00:00:00+00:00,106.0
2025-03-14 01:00:00+00:00,105.9
2025-03-14 02:00:00+00:00,103.83
2025-03-14 03:00:00+00:00,105.3
2025-03-14 04:00:00+00:00,112.47
2025-03-14 05:00:00+00:00,132.38
2025-03-14 06:00:00+00:00,155.0
2025-03-14 07:00:00+00:00,153.62
2025-03-14 08:00:00+00:00,131.4
2025-03-14 09:00:00+00:00,111.29
2025-03-14 10:00:00+00:00,104.74
2025-03-14 11:00:00+00:00,105.76
2025-03-14 12:00:00+00:00,98.38
2025-03-14 13:00:00+00:00,91.37
2025-03-14 14:00:00+00:00,97.3
2025-03-14 15:00:00+00:00,101.63
2025-03-14 16:00:00+00:00,112.1
2025-03-14 17:00:00+00:00,130.05
2025-03-14 18:00:00+00:00,150.55
2025-03-14 19:00:00+00:00,130.01
2025-03-14 20:00:00+00:00,111.39
2025-03-14 21:00:00+00:00,114.0
2025-03-14 22:00:00+00:00,105.17
2025-03-14 23:00:00+00:00,112.15
2025-03-15 00:00:00+00:00,103.14
2025-03-15 01:00:00+00:00,96.0
2025-03-15 02:00:00+00:00,89.9
2025-03-15 03:00:00+00:00,86.9
2025-03-15 04:00:00+00:00,90.55
2025-03-15 05:00:00+00:00,97.01
2025-03-15 06:00:00+00:00,99.42
2025-03-15 07:00:00+00:00,98.51
2025-03-15 08:00:00+00:00,86.06
2025-03-15 09:00:00+00:00,72.96
2025-03-15 10:00:00+00:00,65.15
2025-03-15 11:00:00+00:00,57.11
2025-03-15 12:00:00+00:00,48.0
2025-03-15 13:00:00+00:00,54.51
2025-03-15 14:00:00+00:00,45.97
2025-03-15 15:00:00+00:00,64.13
2025-03-15 16:00:00+00:00,83.99
2025-03-15 17:00:00+00:00,112.67
2025-03-15 18:00:00+00:00,132.96
2025-03-15 19:00:00+00:00,121.46
2025-03-15 20:00:00+00:00,108.5
2025-03-15 21:00:00+00:00,105.02
2025-03-15 22:00:00+00:00,95.25
2025-03-15 23:00:00+00:00,90.01
2025-03-16 00:00:00+00:00,85.79
2025-03-16 01:00:00+00:00,79.62
2025-03-16 02:00:00+00:00,78.18
2025-03-16 03:00:00+00:00,78.6
2025-03-16 04:00:00+00:00,80.51
2025-03-16 05:00:00+00:00,85.14
2025-03-16 06:00:00+00:00,82.07
2025-03-16 07:00:00+00:00,77.95
2025-03-16 08:00:00+00:00,58.99
2025-03-16 09:00:00+00:00,26.11
2025-03-16 10:00:00+00:00,16.45
2025-03-16 11:00:00+00:00,25.38
2025-03-16 12:00:00+00:00,11.37
2025-03-16 13:00:00+00:00,9.94
2025-03-16 14:00:00+00:00,31.0
2025-03-16 15:00:00+00:00,65.4
2025-03-16 16:00:00+00:00,84.19
2025-03-16 17:00:00+00:00,108.58
2025-03-16 18:00:00+00:00,140.0
2025-03-16 19:00:00+00:00,130.43
2025-03-16 20:00:00+00:00,113.31
2025-03-16 21:00:00+00:00,107.05
2025-03-16 22:00:00+00:00,89.0
2025-03-16 23:00:00+00:00,95.36
2025-03-17 00:00:00+00:00,93.58
2025-03-17 01:00:00+00:00,86.01
2025-03-17 02:00:00+00:00,80.91
2025-03-17 03:00:00+00:00,85.85
2025-03-17 04:00:00+00:00,103.3
2025-03-17 05:00:00+00:00,135.18
2025-03-17 06:00:00+00:00,152.87
2025-03-17 07:00:00+00:00,141.59
2025-03-17 08:00:00+00:00,111.4
2025-03-17 09:00:00+00:00,81.1
2025-03-17 10:00:00+00:00,70.07
2025-03-17 11:00:00+00:00,58.9
2025-03-17 12:00:00+00:00,50.24
2025-03-17 13:00:00+00:00,50.24
2025-03-17 14:00:00+00:00,60.34
2025-03-17 15:00:00+00:00,68.1
2025-03-17 16:00:00+00:00,80.67
2025-03-17 17:00:00+00:00,111.93
2025-03-17 18:00:00+00:00,170.0
2025-03-17 19:00:00+00:00,141.5
2025-03-17 20:00:00+00:00,110.96
2025-03-17 21:00:00+00:00,104.18
2025-03-17 22:00:00+00:00,93.5
2025-03-17 23:00:00+00:00,92.2
2025-03-18 00:00:00+00:00,89.99
2025-03-18 01:00:00+00:00,87.36
2025-03-18 02:00:00+00:00,79.0
2025-03-18 03:00:00+00:00,74.46
2025-03-18 04:00:00+00:00,88.25
2025-03-18 05:00:00+00:00,119.09
2025-03-18 06:00:00+00:00,136.68
2025-03-18 07:00:00+00:00,108.02
2025-03-18 08:00:00+00:00,72.65
2025-03-18 09:00:00+00:00,37.84
2025-03-18 10:00:00+00:00,12.84
2025-03-18 11:00:00+00:00,20.2
2025-03-18 12:00:00+00:00,5.19
2025-03-18 13:00:00+00:00,6.03
2025-03-18 14:00:00+00:00,24.59
2025-03-18 15:00:00+00:00,45.29
2025-03-18 16:00:00+00:00,74.12
2025-03-18 17:00:00+00:00,85.68
2025-03-18 18:00:00+00:00,150.79
2025-03-18 19:00:00+00:00,136.97
2025-03-18 20:00:00+00:00,105.69
2025-03-18 21:00:00+00:00,90.95
2025-03-18 22:00:00+00:00,89.66
2025-03-18 23:00:00+00:00,82.89
2025-03-19 00:00:00+00:00,78.01
2025-03-19 01:00:00+00:00,76.54
2025-03-19 02:00:00+00:00,73.96
2025-03-19 03:00:00+00:00,73.69
2025-03-19 04:00:00+00:00,77.34
2025-03-19 05:00:00+00:00,102.0
2025-03-19 06:00:00+00:00,139.34
2025-03-19 07:00:00+00:00,107.94
2025-03-19 08:00:00+00:00,79.26
2025-03-19 09:00:00+00:00,28.23
2025-03-19 10:00:00+00:00,0.22
2025-03-19 11:00:00+00:00,0.0
2025-03-19 12:00:00+00:00,0.0
2025-03-19 13:00:00+00:00,1.46
2025-03-19 14:00:00+00:00,27.2
2025-03-19 15:00:00+00:00,47.32
2025-03-19 16:00:00+00:00,72.85
2025-03-19 17:00:00+00:00,100.29
2025-03-19 18:00:00+00:00,152.83
2025-03-19 19:00:00+00:00,97.23
2025-03-19 20:00:00+00:00,78.9
2025-03-19 21:00:00+00:00,77.56
2025-03-19 22:00:00+00:00,83.06
2025-03-19 23:00:00+00:00,59.32
2025-03-20 00:00:00+00:00,50.17
2025-03-20 01:00:00+00:00,53.45
2025-03-20 02:00:00+00:00,38.67
2025-03-20 03:00:00+00:00,25.85
2025-03-20 04:00:00+00:00,48.83
2025-03-20 05:00:00+00:00,72.89
2025-03-20 06:00:00+00:00,101.87
2025-03-20 07:00:00+00:00,92.07
2025-03-20 08:00:00+00:00,51.32
2025-03-20 09:00:00+00:00,20.36
2025-03-20 10:00:00+00:00,3.42
2025-03-20 11:00:00+00:00,0.43
2025-03-20 12:00:00+00:00,0.65
2025-03-20 13:00:00+00:00,3.52
2025-03-20 14:00:00+00:00,6.09
2025-03-20 15:00:00+00:00,15.73
2025-03-20 16:00:00+00:00,39.52
2025-03-20 17:00:00+00:00,62.96
2025-03-20 18:00:00+00:00,101.6
2025-03-20 19:00:00+00:00,93.74
2025-03-20 20:00:00+00:00,63.99
2025-03-20 21:00:00+00:00,50.21
2025-03-20 22:00:00+00:00,41.51
2025-03-20 23:00:00+00:00,37.45
2025-03-21 00:00:00+00:00,20.42
2025-03-21 01:00:00+00:00,27.24
2025-03-21 02:00:00+00:00,43.94
2025-03-21 03:00:00+00:00,25.63
2025-03-21 04:00:00+00:00,22.5
2025-03-21 05:00:00+00:00,34.98
2025-03-21 06:00:00+00:00,43.48
2025-03-21 07:00:00+00:00,34.64
2025-03-21 08:00:00+00:00,43.26
2025-03-21 09:00:00+00:00,40.41
2025-03-21 10:00:00+00:00,7.26
2025-03-21 11:00:00+00:00,5.29
2025-03-21 12:00:00+00:00,0.18
2025-03-21 13:00:00+00:00,2.67
2025-03-21 14:00:00+00:00,14.05
2025-03-21 15:00:00+00:00,31.7
2025-03-21 16:00:00+00:00,37.13
2025-03-21 17:00:00+00:00,46.83
2025-03-21 18:00:00+00:00,60.74
2025-03-21 19:00:00+00:00,51.7
2025-03-21 20:00:00+00:00,35.01
2025-03-21 21:00:00+00:00,38.86
2025-03-21 22:00:00+00:00,30.74
2025-03-21 23:00:00+00:00,35.58
2025-03-22 00:00:00+00:00,21.64
2025-03-22 01:00:00+00:00,18.59
2025-03-22 02:00:00+00:00,15.04
2025-03-22 03:00:00+00:00,14.98
2025-03-22 04:00:00+00:00,14.94
2025-03-22 05:00:00+00:00,16.17
2025-03-22 06:00:00+00:00,19.88
2025-03-22 07:00:00+00:00,25.2
2025-03-22 08:00:00+00:00,23.29
2025-03-22 09:00:00+00:00,14.56
2025-03-22 10:00:00+00:00,11.85
2025-03-22 11:00:00+00:00,11.56
2025-03-22 12:00:00+00:00,5.52
2025-03-22 13:00:00+00:00,4.65
2025-03-22 14:00:00+00:00,17.61
2025-03-22 15:00:00+00:00,31.2
2025-03-22 16:00:00+00:00,37.46
2025-03-22 17:00:00+00:00,60.03
2025-03-22 18:00:00+00:00,85.17
2025-03-22 19:00:00+00:00,76.01
2025-03-22 20:00:00+00:00,52.05
2025-03-22 21:00:00+00:00,43.9
2025-03-22 22:00:00+00:00,53.22
2025-03-22 23:00:00+00:00,37.16
2025-03-23 00:00:00+00:00,37.57
2025-03-23 01:00:00+00:00,52.65
2025-03-23 02:00:00+00:00,32.09
2025-03-23 03:00:00+00:00,24.82
2025-03-23 04:00:00+00:00,25.01
2025-03-23 05:00:00+00:00,27.95
2025-03-23 06:00:00+00:00,33.58
2025-03-23 07:00:00+00:00,38.15
2025-03-23 08:00:00+00:00,23.04
2025-03-23 09:00:00+00:00,13.78
2025-03-23 10:00:00+00:00,9.6
2025-03-23 11:00:00+00:00,13.49
2025-03-23 12:00:00+00:00,5.01
2025-03-23 13:00:00+00:00,11.46
2025-03-23 14:00:00+00:00,33.18
2025-03-23 15:00:00+00:00,41.77
2025-03-23 16:00:00+00:00,45.96
2025-03-23 17:00:00+00:00,96.18
2025-03-23 18:00:00+00:00,125.54
2025-03-23 19:00:00+00:00,125.92
2025-03-23 20:00:00+00:00,111.0
2025-03-23 21:00:00+00:00,106.07
2025-03-23 22:00:00+00:00,114.24
2025-03-23 23:00:00+00:00,97.6
2025-03-24 00:00:00+00:00,79.87
2025-03-24 01:00:00+00:00,85.17
2025-03-24 02:00:00+00:00,82.75
2025-03-24 03:00:00+00:00,79.51
2025-03-24 04:00:00+00:00,87.72
2025-03-24 05:00:00+00:00,115.6
2025-03-24 06:00:00+00:00,146.32
2025-03-24 07:00:00+00:00,145.52
2025-03-24 08:00:00+00:00,119.47
2025-03-24 09:00:00+00:00,107.06
2025-03-24 10:00:00+00:00,79.09
2025-03-24 11:00:00+00:00,74.96
2025-03-24 12:00:00+00:00,68.64
2025-03-24 13:00:00+00:00,62.76
2025-03-24 14:00:00+00:00,61.64
2025-03-24 15:00:00+00:00,76.6
2025-03-24 16:00:00+00:00,94.64
2025-03-24 17:00:00+00:00,136.68
2025-03-24 18:00:00+00:00,179.1
2025-03-24 19:00:00+00:00,158.3
2025-03-24 20:00:00+00:00,120.96
2025-03-24 21:00:00+00:00,107.92
2025-03-24 22:00:00+00:00,103.43
2025-03-24 23:00:00+00:00,90.45
2025-03-25 00:00:00+00:00,84.94
2025-03-25 01:00:00+00:00,82.08
2025-03-25 02:00:00+00:00,73.33
2025-03-25 03:00:00+00:00,76.61
2025-03-25 04:00:00+00:00,84.95
2025-03-25 05:00:00+00:00,102.19
2025-03-25 06:00:00+00:00,124.85
2025-03-25 07:00:00+00:00,108.2
2025-03-25 08:00:00+00:00,104.12
2025-03-25 09:00:00+00:00,82.15
2025-03-25 10:00:00+00:00,76.17
2025-03-25 11:00:00+00:00,73.17
2025-03-25 12:00:00+00:00,65.48
2025-03-25 13:00:00+00:00,57.92
2025-03-25 14:00:00+00:00,56.78
2025-03-25 15:00:00+00:00,63.81
2025-03-25 16:00:00+00:00,77.18
2025-03-25 17:00:00+00:00,113.2
2025-03-25 18:00:00+00:00,160.86
2025-03-25 19:00:00+00:00,148.6
2025-03-25 20:00:00+00:00,123.86
2025-03-25 21:00:00+00:00,104.25
2025-03-25 22:00:00+00:00,102.05
2025-03-25 23:00:00+00:00,101.02
2025-03-26 00:00:00+00:00,97.96
2025-03-26 01:00:00+00:00,97.23
2025-03-26 02:00:00+00:00,88.41
2025-03-26 03:00:00+00:00,72.06
2025-03-26 04:00:00+00:00,83.71
2025-03-26 05:00:00+00:00,102.51
2025-03-26 06:00:00+00:00,122.6
2025-03-26 07:00:00+00:00,125.98
2025-03-26 08:00:00+00:00,105.91
2025-03-26 09:00:00+00:00,91.93
2025-03-26 10:00:00+00:00,91.0
2025-03-26 11:00:00+00:00,92.0
2025-03-26 12:00:00+00:00,80.86
2025-03-26 13:00:00+00:00,73.84
2025-03-26 14:00:00+00:00,75.73
2025-03-26 15:00:00+00:00,80.66
2025-03-26 16:00:00+00:00,90.79
2025-03-26 17:00:00+00:00,124.2
2025-03-26 18:00:00+00:00,153.43
2025-03-26 19:00:00+00:00,126.66
2025-03-26 20:00:00+00:00,104.94
2025-03-26 21:00:00+00:00,97.33
2025-03-26 22:00:00+00:00,92.42
2025-03-26 23:00:00+00:00,93.52
2025-03-27 00:00:00+00:00,82.08
2025-03-27 01:00:00+00:00,85.44
2025-03-27 02:00:00+00:00,70.54
2025-03-27 03:00:00+00:00,67.04
2025-03-27 04:00:00+00:00,87.56
2025-03-27 05:00:00+00:00,103.8
2025-03-27 06:00:00+00:00,125.03
2025-03-27 07:00:00+00:00,123.5
2025-03-27 08:00:00+00:00,89.92
2025-03-27 09:00:00+00:00,54.25
2025-03-27 10:00:00+00:00,43.79
2025-03-27 11:00:00+00:00,27.97
2025-03-27 12:00:00+00:00,6.67
2025-03-27 13:00:00+00:00,24.72
2025-03-27 14:00:00+00:00,32.06
2025-03-27 15:00:00+00:00,47.14
2025-03-27 16:00:00+00:00,67.61
2025-03-27 17:00:00+00:00,111.64
2025-03-27 18:00:00+00:00,150.0
2025-03-27 19:00:00+00:00,135.57
2025-03-27 20:00:00+00:00,117.75
2025-03-27 21:00:00+00:00,106.1
2025-03-27 22:00:00+00:00,93.2
2025-03-27 23:00:00+00:00,73.54
2025-03-28 00:00:00+00:00,77.47
2025-03-28 01:00:00+00:00,78.84
2025-03-28 02:00:00+00:00,69.49
2025-03-28 03:00:00+00:00,72.1
2025-03-28 04:00:00+00:00,66.69
2025-03-28 05:00:00+00:00,96.54
2025-03-28 06:00:00+00:00,122.2
2025-03-28 07:00:00+00:00,102.08
2025-03-28 08:00:00+00:00,77.88
2025-03-28 09:00:00+00:00,34.4
2025-03-28 10:00:00+00:00,10.02
2025-03-28 11:00:00+00:00,8.94
2025-03-28 12:00:00+00:00,8.02
2025-03-28 13:00:00+00:00,14.48
2025-03-28 14:00:00+00:00,49.91
2025-03-28 15:00:00+00:00,53.84
2025-03-28 16:00:00+00:00,57.48
2025-03-28 17:00:00+00:00,76.28
2025-03-28 18:00:00+00:00,92.55
2025-03-28 19:00:00+00:00,85.36
2025-03-28 20:00:00+00:00,63.53
2025-03-28 21:00:00+00:00,59.2
2025-03-28 22:00:00+00:00,73.48
2025-03-28 23:00:00+00:00,26.28
2025-03-29 00:00:00+00:00,39.26
2025-03-29 01:00:00+00:00,40.39
2025-03-29 02:00:00+00:00,37.19
2025-03-29 03:00:00+00:00,34.85
2025-03-29 04:00:00+00:00,37.99
2025-03-29 05:00:00+00:00,39.64
2025-03-29 06:00:00+00:00,53.08
2025-03-29 07:00:00+00:00,50.39
2025-03-29 08:00:00+00:00,41.76
2025-03-29 09:00:00+00:00,27.1
2025-03-29 10:00:00+00:00,32.46
2025-03-29 11:00:00+00:00,34.56
2025-03-29 12:00:00+00:00,7.0
2025-03-29 13:00:00+00:00,3.94
2025-03-29 14:00:00+00:00,21.34
2025-03-29 15:00:00+00:00,15.87
2025-03-29 16:00:00+00:00,35.45
2025-03-29 17:00:00+00:00,79.93
2025-03-29 18:00:00+00:00,93.47
2025-03-29 19:00:00+00:00,79.32
2025-03-29 20:00:00+00:00,57.35
2025-03-29 21:00:00+00:00,54.39
2025-03-29 22:00:00+00:00,45.61
2025-03-29 23:00:00+00:00,46.01
2025-03-30 00:00:00+00:00,15.85
2025-03-30 01:00:00+00:00,5.07
2025-03-30 02:00:00+00:00,1.2
2025-03-30 03:00:00+00:00,0.09
2025-03-30 04:00:00+00:00,0.17
2025-03-30 05:00:00+00:00,0.13
2025-03-30 06:00:00+00:00,0.19
2025-03-30 07:00:00+00:00,-0.01
2025-03-30 08:00:00+00:00,-0.04
2025-03-30 09:00:00+00:00,-3.8
2025-03-30 10:00:00+00:00,-0.06
2025-03-30 11:00:00+00:00,-4.0
2025-03-30 12:00:00+00:00,-5.0
2025-03-30 13:00:00+00:00,-5.21
2025-03-30 14:00:00+00:00,-4.0
2025-03-30 15:00:00+00:00,0.24
2025-03-30 16:00:00+00:00,39.82
2025-03-30 17:00:00+00:00,64.84
2025-03-30 18:00:00+00:00,64.47
2025-03-30 19:00:00+00:00,60.19
2025-03-30 20:00:00+00:00,64.52
2025-03-30 21:00:00+00:00,57.51
2025-03-30 22:00:00+00:00,66.34
2025-03-30 23:00:00+00:00,53.74
2025-03-31 00:00:00+00:00,45.98
2025-03-31 01:00:00+00:00,35.63
2025-03-31 02:00:00+00:00,28.83
2025-03-31 03:00:00+00:00,39.93
2025-03-31 04:00:00+00:00,85.37
2025-03-31 05:00:00+00:00,147.78
2025-03-31 06:00:00+00:00,174.47
2025-03-31 07:00:00+00:00,94.7
2025-03-31 08:00:00+00:00,56.04
2025-03-31 09:00:00+00:00,26.7
2025-03-31 10:00:00+00:00,13.62
2025-03-31 11:00:00+00:00,5.06
2025-03-31 12:00:00+00:00,-0.01
2025-03-31 13:00:00+00:00,-0.01
2025-03-31 14:00:00+00:00,0.0
2025-03-31 15:00:00+00:00,9.4
2025-03-31 16:00:00+00:00,51.48
2025-03-31 17:00:00+00:00,73.79
2025-03-31 18:00:00+00:00,146.79
2025-03-31 19:00:00+00:00,98.46
2025-03-31 20:00:00+00:00,96.87
2025-03-31 21:00:00+00:00,95.01
2025-03-31 22:00:00+00:00,90.0
2025-03-31 23:00:00+00:00,75.78
2025-04-01 00:00:00+00:00,70.03
2025-04-01 01:00:00+00:00,60.48
2025-04-01 02:00:00+00:00,61.59
2025-04-01 03:00:00+00:00,68.2
2025-04-01 04:00:00+00:00,84.2
2025-04-01 05:00:00+00:00,155.5
2025-04-01 06:00:00+00:00,159.37
2025-04-01 07:00:00+00:00,87.97
2025-04-01 08:00:00+00:00,38.1
2025-04-01 09:00:00+00:00,0.0
2025-04-01 10:00:00+00:00,0.0
2025-04-01 11:00:00+00:00,-0.01
2025-04-01 12:00:00+00:00,-0.03
2025-04-01 13:00:00+00:00,-0.07
2025-04-01 14:00:00+00:00,-0.01
2025-04-01 15:00:00+00:00,-0.01
2025-04-01 16:00:00+00:00,17.9
2025-04-01 17:00:00+00:00,53.71
2025-04-01 18:00:00+00:00,94.7
2025-04-01 19:00:00+00:00,69.8
2025-04-01 20:00:00+00:00,75.73
2025-04-01 21:00:00+00:00,58.44
2025-04-01 22:00:00+00:00,38.11
2025-04-01 23:00:00+00:00,26.34
2025-04-02 00:00:00+00:00,26.1
2025-04-02 01:00:00+00:00,20.0
2025-04-02 02:00:00+00:00,20.0
2025-04-02 03:00:00+00:00,26.34
2025-04-02 04:00:00+00:00,39.87
2025-04-02 05:00:00+00:00,90.08
2025-04-02 06:00:00+00:00,104.9
2025-04-02 07:00:00+00:00,54.33
2025-04-02 08:00:00+00:00,21.15
2025-04-02 09:00:00+00:00,0.89
2025-04-02 10:00:00+00:00,0.0
2025-04-02 11:00:00+00:00,0.0
2025-04-02 12:00:00+00:00,-0.01
2025-04-02 13:00:00+00:00,-0.02
2025-04-02 14:00:00+00:00,-0.01
2025-04-02 15:00:00+00:00,0.04
2025-04-02 16:00:00+00:00,7.96
2025-04-02 17:00:00+00:00,36.08
2025-04-02 18:00:00+00:00,53.11
2025-04-02 19:00:00+00:00,49.23
2025-04-02 20:00:00+00:00,32.95
2025-04-02 21:00:00+00:00,34.92
2025-04-02 22:00:00+00:00,39.99
2025-04-02 23:00:00+00:00,19.07
2025-04-03 00:00:00+00:00,16.32
2025-04-03 01:00:00+00:00,12.27
2025-04-03 02:00:00+00:00,9.07
2025-04-03 03:00:00+00:00,14.25
2025-04-03 04:00:00+00:00,59.77
2025-04-03 05:00:00+00:00,107.56
2025-04-03 06:00:00+00:00,133.3
2025-04-03 07:00:00+00:00,79.11
2025-04-03 08:00:00+00:00,28.96
2025-04-03 09:00:00+00:00,0.04
2025-04-03 10:00:00+00:00,-0.01
2025-04-03 11:00:00+00:00,-0.01
2025-04-03 12:00:00+00:00,-0.01
2025-04-03 13:00:00+00:00,-0.01
2025-04-03 14:00:00+00:00,1.87
2025-04-03 15:00:00+00:00,36.5
2025-04-03 16:00:00+00:00,88.81
2025-04-03 17:00:00+00:00,134.65
2025-04-03 18:00:00+00:00,128.86
2025-04-03 19:00:00+00:00,90.49
2025-04-03 20:00:00+00:00,88.71
2025-04-03 21:00:00+00:00,79.97
2025-04-03 22:00:00+00:00,64.08
2025-04-03 23:00:00+00:00,51.65
2025-04-04 00:00:00+00:00,41.53
2025-04-04 01:00:00+00:00,46.78
2025-04-04 02:00:00+00:00,35.74
2025-04-04 03:00:00+00:00,23.46
2025-04-04 04:00:00+00:00,42.8
2025-04-04 05:00:00+00:00,81.91
2025-04-04 06:00:00+00:00,100.14
2025-04-04 07:00:00+00:00,80.3
2025-04-04 08:00:00+00:00,39.88
2025-04-04 09:00:00+00:00,7.82
2025-04-04 10:00:00+00:00,0.0
2025-04-04 11:00:00+00:00,-0.01
2025-04-04 12:00:00+00:00,-0.02
2025-04-04 13:00:00+00:00,-0.01
2025-04-04 14:00:00+00:00,0.0
2025-04-04 15:00:00+00:00,19.5
2025-04-04 16:00:00+00:00,32.83
2025-04-04 17:00:00+00:00,54.23
2025-04-04 18:00:00+00:00,52.33
2025-04-04 19:00:00+00:00,50.02
2025-04-04 20:00:00+00:00,51.4
2025-04-04 21:00:00+00:00,56.82
2025-04-04 22:00:00+00:00,48.64
2025-04-04 23:00:00+00:00,54.03
2025-04-05 00:00:00+00:00,37.3
2025-04-05 01:00:00+00:00,20.67
2025-04-05 02:00:00+00:00,13.2
2025-04-05 03:00:00+00:00,16.4
2025-04-05 04:00:00+00:00,25.96
2025-04-05 05:00:00+00:00,23.43
2025-04-05 06:00:00+00:00,29.1
2025-04-05 07:00:00+00:00,42.5
2025-04-05 08:00:00+00:00,0.66
2025-04-05 09:00:00+00:00,-0.13
2025-04-05 10:00:00+00:00,-0.3
2025-04-05 11:00:00+00:00,-38.53
2025-04-05 12:00:00+00:00,-44.02
2025-04-05 13:00:00+00:00,-29.89
2025-04-05 14:00:00+00:00,-4.17
2025-04-05 15:00:00+00:00,0.1
2025-04-05 16:00:00+00:00,35.2
2025-04-05 17:00:00+00:00,46.49
2025-04-05 18:00:00+00:00,95.61
2025-04-05 19:00:00+00:00,85.23
2025-04-05 20:00:00+00:00,78.99
2025-04-05 21:00:00+00:00,68.75
2025-04-05 22:00:00+00:00,70.45
2025-04-05 23:00:00+00:00,46.21
2025-04-06 00:00:00+00:00,35.01
2025-04-06 01:00:00+00:00,27.01
2025-04-06 02:00:00+00:00,25.5
2025-04-06 03:00:00+00:00,25.57
2025-04-06 04:00:00+00:00,26.51
2025-04-06 05:00:00+00:00,28.87
2025-04-06 06:00:00+00:00,26.25
2025-04-06 07:00:00+00:00,0.1
2025-04-06 08:00:00+00:00,-2.0
2025-04-06 09:00:00+00:00,-27.49
2025-04-06 10:00:00+00:00,-59.82
2025-04-06 11:00:00+00:00,-106.48
2025-04-06 12:00:00+00:00,-115.46
2025-04-06 13:00:00+00:00,-70.55
2025-04-06 14:00:00+00:00,-19.15
2025-04-06 15:00:00+00:00,-0.01
2025-04-06 16:00:00+00:00,17.62
2025-04-06 17:00:00+00:00,50.94
2025-04-06 18:00:00+00:00,75.0
2025-04-06 19:00:00+00:00,80.0
2025-04-06 20:00:00+00:00,70.01
2025-04-06 21:00:00+00:00,66.38
2025-04-06 22:00:00+00:00,48.37
2025-04-06 23:00:00+00:00,41.9
2025-04-07 00:00:00+00:00,43.32
2025-04-07 01:00:00+00:00,39.54
2025-04-07 02:00:00+00:00,39.74
2025-04-07 03:00:00+00:00,46.22
2025-04-07 04:00:00+00:00,79.02
2025-04-07 05:00:00+00:00,159.86
2025-04-07 06:00:00+00:00,143.04
2025-04-07 07:00:00+00:00,85.7
2025-04-07 08:00:00+00:00,63.12
2025-04-07 09:00:00+00:00,35.14
2025-04-07 10:00:00+00:00,11.8
2025-04-07 11:00:00+00:00,3.34
2025-04-07 12:00:00+00:00,0.0
2025-04-07 13:00:00+00:00,0.0
2025-04-07 14:00:00+00:00,16.62
2025-04-07 15:00:00+00:00,40.35
2025-04-07 16:00:00+00:00,48.04
2025-04-07 17:00:00+00:00,74.16
2025-04-07 18:00:00+00:00,156.0
2025-04-07 19:00:00+00:00,136.34
2025-04-07 20:00:00+00:00,118.34
2025-04-07 21:00:00+00:00,99.84
2025-04-07 22:00:00+00:00,83.0
2025-04-07 23:00:00+00:00,71.8
2025-04-08 00:00:00+00:00,69.07
2025-04-08 01:00:00+00:00,57.65
2025-04-08 02:00:00+00:00,51.22
2025-04-08 03:00:00+00:00,53.16
2025-04-08 04:00:00+00:00,76.08
2025-04-08 05:00:00+00:00,131.82
2025-04-08 06:00:00+00:00,136.77
2025-04-08 07:00:00+00:00,91.02
2025-04-08 08:00:00+00:00,47.26
2025-04-08 09:00:00+00:00,8.17
2025-04-08 10:00:00+00:00,11.92
2025-04-08 11:00:00+00:00,0.0
2025-04-08 12:00:00+00:00,-0.01
2025-04-08 13:00:00+00:00,0.0
2025-04-08 14:00:00+00:00,8.14
2025-04-08 15:00:00+00:00,34.29
2025-04-08 16:00:00+00:00,56.26
2025-04-08 17:00:00+00:00,83.08
2025-04-08 18:00:00+00:00,117.6
2025-04-08 19:00:00+00:00,123.49
2025-04-08 20:00:00+00:00,85.95
2025-04-08 21:00:00+00:00,69.22
2025-04-08 22:00:00+00:00,50.13
2025-04-08 23:00:00+00:00,37.0
2025-04-09 00:00:00+00:00,33.68
2025-04-09 01:00:00+00:00,37.54
2025-04-09 02:00:00+00:00,28.46
2025-04-09 03:00:00+00:00,36.78
2025-04-09 04:00:00+00:00,41.24
2025-04-09 05:00:00+00:00,86.96
2025-04-09 06:00:00+00:00,98.21
2025-04-09 07:00:00+00:00,62.16
2025-04-09 08:00:00+00:00,15.0
2025-04-09 09:00:00+00:00,-0.01
2025-04-09 10:00:00+00:00,-0.01
2025-04-09 11:00:00+00:00,-0.02
2025-04-09 12:00:00+00:00,-0.04
2025-04-09 13:00:00+00:00,-0.02
2025-04-09 14:00:00+00:00,-0.02
2025-04-09 15:00:00+00:00,0.0
2025-04-09 16:00:00+00:00,35.94
2025-04-09 17:00:00+00:00,46.57
2025-04-09 18:00:00+00:00,70.0
2025-04-09 19:00:00+00:00,61.96
2025-04-09 20:00:00+00:00,53.96
2025-04-09 21:00:00+00:00,36.64
2025-04-09 22:00:00+00:00,33.68
2025-04-09 23:00:00+00:00,28.46
2025-04-10 00:00:00+00:00,25.83
2025-04-10 01:00:00+00:00,21.3
2025-04-10 02:00:00+00:00,18.36
2025-04-10 03:00:00+00:00,29.34
2025-04-10 04:00:00+00:00,41.42
2025-04-10 05:00:00+00:00,45.56
2025-04-10 06:00:00+00:00,72.07
2025-04-10 07:00:00+00:00,64.44
2025-04-10 08:00:00+00:00,28.04
2025-04-10 09:00:00+00:00,15.33
2025-04-10 10:00:00+00:00,0.0
2025-04-10 11:00:00+00:00,0.0
2025-04-10 12:00:00+00:00,-0.01
2025-04-10 13:00:00+00:00,-0.01
2025-04-10 14:00:00+00:00,0.0
2025-04-10 15:00:00+00:00,10.28
2025-04-10 16:00:00+00:00,37.46
2025-04-10 17:00:00+00:00,51.96
2025-04-10 18:00:00+00:00,52.01
2025-04-10 19:00:00+00:00,50.82
2025-04-10 20:00:00+00:00,44.83
2025-04-10 21:00:00+00:00,40.6
2025-04-10 22:00:00+00:00,21.63
2025-04-10 23:00:00+00:00,20.48
2025-04-11 00:00:00+00:00,46.55
2025-04-11 01:00:00+00:00,35.93
2025-04-11 02:00:00+00:00,37.04
2025-04-11 03:00:00+00:00,40.19
2025-04-11 04:00:00+00:00,59.58
2025-04-11 05:00:00+00:00,112.46
2025-04-11 06:00:00+00:00,112.31
2025-04-11 07:00:00+00:00,75.17
2025-04-11 08:00:00+00:00,26.5
2025-04-11 09:00:00+00:00,1.05
2025-04-11 10:00:00+00:00,0.0
2025-04-11 11:00:00+00:00,-0.13
2025-04-11 12:00:00+00:00,-1.67
2025-04-11 13:00:00+00:00,-0.09
2025-04-11 14:00:00+00:00,0.01
2025-04-11 15:00:00+00:00,22.01
2025-04-11 16:00:00+00:00,38.17
2025-04-11 17:00:00+00:00,52.85
2025-04-11 18:00:00+00:00,52.01
2025-04-11 19:00:00+00:00,58.02
2025-04-11 20:00:00+00:00,41.91
2025-04-11 21:00:00+00:00,35.0
2025-04-11 22:00:00+00:00,35.01
2025-04-11 23:00:00+00:00,29.24
2025-04-12 00:00:00+00:00,31.22
2025-04-12 01:00:00+00:00,29.24
2025-04-12 02:00:00+00:00,29.09
2025-04-12 03:00:00+00:00,30.38
2025-04-12 04:00:00+00:00,32.68
2025-04-12 05:00:00+00:00,29.24
2025-04-12 06:00:00+00:00,30.95
2025-04-12 07:00:00+00:00,33.0
2025-04-12 08:00:00+00:00,20.19
2025-04-12 09:00:00+00:00,0.0
2025-04-12 10:00:00+00:00,0.0
2025-04-12 11:00:00+00:00,-0.01
2025-04-12 12:00:00+00:00,-6.26
2025-04-12 13:00:00+00:00,-0.06
2025-04-12 14:00:00+00:00,0.0
2025-04-12 15:00:00+00:00,18.08
2025-04-12 16:00:00+00:00,22.57
2025-04-12 17:00:00+00:00,33.84
2025-04-12 18:00:00+00:00,50.02
2025-04-12 19:00:00+00:00,53.52
2025-04-12 20:00:00+00:00,49.43
2025-04-12 21:00:00+00:00,45.59
2025-04-12 22:00:00+00:00,34.99
2025-04-12 23:00:00+00:00,35.0
2025-04-13 00:00:00+00:00,31.3
2025-04-13 01:00:00+00:00,20.08
2025-04-13 02:00:00+00:00,15.31
2025-04-13 03:00:00+00:00,14.99
2025-04-13 04:00:00+00:00,21.63
2025-04-13 05:00:00+00:00,27.75
2025-04-13 06:00:00+00:00,17.23
2025-04-13 07:00:00+00:00,8.43
2025-04-13 08:00:00+00:00,0.0
2025-04-13 09:00:00+00:00,-0.02
2025-04-13 10:00:00+00:00,-0.07
2025-04-13 11:00:00+00:00,-18.84
2025-04-13 12:00:00+00:00,-25.38
2025-04-13 13:00:00+00:00,-9.93
2025-04-13 14:00:00+00:00,-0.01
2025-04-13 15:00:00+00:00,12.93
2025-04-13 16:00:00+00:00,32.21
2025-04-13 17:00:00+00:00,31.62
2025-04-13 18:00:00+00:00,44.91
2025-04-13 19:00:00+00:00,60.55
2025-04-13 20:00:00+00:00,59.04
2025-04-13 21:00:00+00:00,38.5
2025-04-13 22:00:00+00:00,39.23
2025-04-13 23:00:00+00:00,38.16
2025-04-14 00:00:00+00:00,37.74
2025-04-14 01:00:00+00:00,35.0
2025-04-14 02:00:00+00:00,30.01
2025-04-14 03:00:00+00:00,35.01
2025-04-14 04:00:00+00:00,42.5
2025-04-14 05:00:00+00:00,68.19
2025-04-14 06:00:00+00:00,74.94
2025-04-14 07:00:00+00:00,37.74
2025-04-14 08:00:00+00:00,41.7
2025-04-14 09:00:00+00:00,26.77
2025-04-14 10:00:00+00:00,52.65
2025-04-14 11:00:00+00:00,23.51
2025-04-14 12:00:00+00:00,10.16
2025-04-14 13:00:00+00:00,20.24
2025-04-14 14:00:00+00:00,28.12
2025-04-14 15:00:00+00:00,38.46
2025-04-14 16:00:00+00:00,36.63
2025-04-14 17:00:00+00:00,47.02
2025-04-14 18:00:00+00:00,37.81
2025-04-14 19:00:00+00:00,35.0
2025-04-14 20:00:00+00:00,19.75
2025-04-14 21:00:00+00:00,13.0
2025-04-14 22:00:00+00:00,14.0
2025-04-14 23:00:00+00:00,7.5
2025-04-15 00:00:00+00:00,5.64
2025-04-15 01:00:00+00:00,4.5
2025-04-15 02:00:00+00:00,3.6
2025-04-15 03:00:00+00:00,7.08
2025-04-15 04:00:00+00:00,36.42
2025-04-15 05:00:00+00:00,34.45
2025-04-15 06:00:00+00:00,35.0
2025-04-15 07:00:00+00:00,48.47
2025-04-15 08:00:00+00:00,41.61
2025-04-15 09:00:00+00:00,8.55
2025-04-15 10:00:00+00:00,0.08
2025-04-15 11:00:00+00:00,0.0
2025-04-15 12:00:00+00:00,-0.01
2025-04-15 13:00:00+00:00,-0.01
2025-04-15 14:00:00+00:00,-0.01
2025-04-15 15:00:00+00:00,0.0
2025-04-15 16:00:00+00:00,11.26
2025-04-15 17:00:00+00:00,23.5
2025-04-15 18:00:00+00:00,33.47
2025-04-15 19:00:00+00:00,35.0
2025-04-15 20:00:00+00:00,21.96
2025-04-15 21:00:00+00:00,31.9
2025-04-15 22:00:00+00:00,55.89
2025-04-15 23:00:00+00:00,36.9
2025-04-16 00:00:00+00:00,31.98
2025-04-16 01:00:00+00:00,12.96
2025-04-16 02:00:00+00:00,10.16
2025-04-16 03:00:00+00:00,36.02
2025-04-16 04:00:00+00:00,43.83
2025-04-16 05:00:00+00:00,73.97
2025-04-16 06:00:00+00:00,109.94
2025-04-16 07:00:00+00:00,94.06
2025-04-16 08:00:00+00:00,57.58
2025-04-16 09:00:00+00:00,39.07
2025-04-16 10:00:00+00:00,34.32
2025-04-16 11:00:00+00:00,21.15
2025-04-16 12:00:00+00:00,14.36
2025-04-16 13:00:00+00:00,9.6
2025-04-16 14:00:00+00:00,14.41
2025-04-16 15:00:00+00:00,42.26
2025-04-16 16:00:00+00:00,90.91
2025-04-16 17:00:00+00:00,115.92
2025-04-16 18:00:00+00:00,120.13
2025-04-16 19:00:00+00:00,99.59
2025-04-16 20:00:00+00:00,103.9
2025-04-16 21:00:00+00:00,98.59
2025-04-16 22:00:00+00:00,59.87
2025-04-16 23:00:00+00:00,56.83
2025-04-17 00:00:00+00:00,46.03
2025-04-17 01:00:00+00:00,36.15
2025-04-17 02:00:00+00:00,32.11
2025-04-17 03:00:00+00:00,31.01
2025-04-17 04:00:00+00:00,68.98
2025-04-17 05:00:00+00:00,111.8
2025-04-17 06:00:00+00:00,129.0
2025-04-17 07:00:00+00:00,118.55
2025-04-17 08:00:00+00:00,65.01
2025-04-17 09:00:00+00:00,47.86
2025-04-17 10:00:00+00:00,51.62
2025-04-17 11:00:00+00:00,22.28
2025-04-17 12:00:00+00:00,9.56
2025-04-17 13:00:00+00:00,13.7
2025-04-17 14:00:00+00:00,15.55
2025-04-17 15:00:00+00:00,41.94
2025-04-17 16:00:00+00:00,65.85
2025-04-17 17:00:00+00:00,88.36
2025-04-17 18:00:00+00:00,90.12
2025-04-17 19:00:00+00:00,107.5
2025-04-17 20:00:00+00:00,98.9
2025-04-17 21:00:00+00:00,91.47
2025-04-17 22:00:00+00:00,51.95
2025-04-17 23:00:00+00:00,30.91
2025-04-18 00:00:00+00:00,36.8
2025-04-18 01:00:00+00:00,37.58
2025-04-18 02:00:00+00:00,20.98
2025-04-18 03:00:00+00:00,47.88
2025-04-18 04:00:00+00:00,48.35
2025-04-18 05:00:00+00:00,74.64
2025-04-18 06:00:00+00:00,65.62
2025-04-18 07:00:00+00:00,42.39
2025-04-18 08:00:00+00:00,29.35
2025-04-18 09:00:00+00:00,14.49
2025-04-18 10:00:00+00:00,9.32
2025-04-18 11:00:00+00:00,0.0
2025-04-18 12:00:00+00:00,-0.01
2025-04-18 13:00:00+00:00,-0.01
2025-04-18 14:00:00+00:00,-0.01
2025-04-18 15:00:00+00:00,3.9
2025-04-18 16:00:00+00:00,24.52
2025-04-18 17:00:00+00:00,42.18
2025-04-18 18:00:00+00:00,56.57
2025-04-18 19:00:00+00:00,58.75
2025-04-18 20:00:00+00:00,52.75
2025-04-18 21:00:00+00:00,39.03
2025-04-18 22:00:00+00:00,19.19
2025-04-18 23:00:00+00:00,16.29
2025-04-19 00:00:00+00:00,18.85
2025-04-19 01:00:00+00:00,13.2
2025-04-19 02:00:00+00:00,18.9
2025-04-19 03:00:00+00:00,15.36
2025-04-19 04:00:00+00:00,17.46
2025-04-19 05:00:00+00:00,15.86
2025-04-19 06:00:00+00:00,26.38
2025-04-19 07:00:00+00:00,44.18
2025-04-19 08:00:00+00:00,28.94
2025-04-19 09:00:00+00:00,4.54
2025-04-19 10:00:00+00:00,0.0
2025-04-19 11:00:00+00:00,-0.01
2025-04-19 12:00:00+00:00,-0.02
2025-04-19 13:00:00+00:00,-0.08
2025-04-19 14:00:00+00:00,0.2
2025-04-19 15:00:00+00:00,14.07
2025-04-19 16:00:00+00:00,38.16
2025-04-19 17:00:00+00:00,43.07
2025-04-19 18:00:00+00:00,41.26
2025-04-19 19:00:00+00:00,39.92
2025-04-19 20:00:00+00:00,62.61
2025-04-19 21:00:00+00:00,63.4
2025-04-19 22:00:00+00:00,70.8
2025-04-19 23:00:00+00:00,43.8
2025-04-20 00:00:00+00:00,37.26
2025-04-20 01:00:00+00:00,25.06
2025-04-20 02:00:00+00:00,17.14
2025-04-20 03:00:00+00:00,18.21
2025-04-20 04:00:00+00:00,21.87
2025-04-20 05:00:00+00:00,20.01
2025-04-20 06:00:00+00:00,24.74
2025-04-20 07:00:00+00:00,13.45
2025-04-20 08:00:00+00:00,0.0
2025-04-20 09:00:00+00:00,-0.02
2025-04-20 10:00:00+00:00,-0.99
2025-04-20 11:00:00+00:00,-5.89
2025-04-20 12:00:00+00:00,-6.76
2025-04-20 13:00:00+00:00,-4.2
2025-04-20 14:00:00+00:00,0.0
2025-04-20 15:00:00+00:00,18.04
2025-04-20 16:00:00+00:00,34.42
2025-04-20 17:00:00+00:00,53.55
2025-04-20 18:00:00+00:00,63.09
2025-04-20 19:00:00+00:00,82.3
2025-04-20 20:00:00+00:00,96.27
2025-04-20 21:00:00+00:00,103.17
2025-04-20 22:00:00+00:00,78.27
2025-04-20 23:00:00+00:00,68.16
2025-04-21 00:00:00+00:00,61.54
2025-04-21 01:00:00+00:00,34.64
2025-04-21 02:00:00+00:00,25.0
2025-04-21 03:00:00+00:00,29.97
2025-04-21 04:00:00+00:00,60.05
2025-04-21 05:00:00+00:00,72.13
2025-04-21 06:00:00+00:00,65.12
2025-04-21 07:00:00+00:00,33.98
2025-04-21 08:00:00+00:00,25.74
2025-04-21 09:00:00+00:00,17.74
2025-04-21 10:00:00+00:00,11.83
2025-04-21 11:00:00+00:00,8.12
2025-04-21 12:00:00+00:00,6.56
2025-04-21 13:00:00+00:00,9.27
2025-04-21 14:00:00+00:00,11.94
2025-04-21 15:00:00+00:00,20.33
2025-04-21 16:00:00+00:00,44.86
2025-04-21 17:00:00+00:00,107.78
2025-04-21 18:00:00+00:00,134.09
2025-04-21 19:00:00+00:00,132.1
2025-04-21 20:00:00+00:00,122.77
2025-04-21 21:00:00+00:00,102.93
2025-04-21 22:00:00+00:00,85.1
2025-04-21 23:00:00+00:00,76.05
2025-04-22 00:00:00+00:00,71.73
2025-04-22 01:00:00+00:00,70.41
2025-04-22 02:00:00+00:00,73.06
2025-04-22 03:00:00+00:00,66.0
2025-04-22 04:00:00+00:00,84.48
2025-04-22 05:00:00+00:00,120.62
2025-04-22 06:00:00+00:00,126.6
2025-04-22 07:00:00+00:00,88.0
2025-04-22 08:00:00+00:00,69.7
2025-04-22 09:00:00+00:00,68.04
2025-04-22 10:00:00+00:00,47.83
2025-04-22 11:00:00+00:00,25.04
2025-04-22 12:00:00+00:00,30.84
2025-04-22 13:00:00+00:00,30.98
2025-04-22 14:00:00+00:00,19.41
2025-04-22 15:00:00+00:00,42.58
2025-04-22 16:00:00+00:00,52.75
2025-04-22 17:00:00+00:00,81.88
2025-04-22 18:00:00+00:00,99.99
2025-04-22 19:00:00+00:00,130.04
2025-04-22 20:00:00+00:00,105.03
2025-04-22 21:00:00+00:00,75.81
2025-04-22 22:00:00+00:00,72.84
2025-04-22 23:00:00+00:00,62.4
2025-04-23 00:00:00+00:00,60.98
2025-04-23 01:00:00+00:00,53.17
2025-04-23 02:00:00+00:00,50.92
2025-04-23 03:00:00+00:00,53.17
2025-04-23 04:00:00+00:00,73.0
2025-04-23 05:00:00+00:00,80.24
2025-04-23 06:00:00+00:00,67.11
2025-04-23 07:00:00+00:00,68.93
2025-04-23 08:00:00+00:00,82.08
2025-04-23 09:00:00+00:00,47.2
2025-04-23 10:00:00+00:00,55.58
2025-04-23 11:00:00+00:00,52.96
2025-04-23 12:00:00+00:00,45.06
2025-04-23 13:00:00+00:00,40.36
2025-04-23 14:00:00+00:00,35.75
2025-04-23 15:00:00+00:00,48.47
2025-04-23 16:00:00+00:00,68.45
2025-04-23 17:00:00+00:00,105.29
2025-04-23 18:00:00+00:00,88.73
2025-04-23 19:00:00+00:00,116.7
2025-04-23 20:00:00+00:00,105.58
2025-04-23 21:00:00+00:00,80.24
2025-04-23 22:00:00+00:00,80.82
2025-04-23 23:00:00+00:00,67.62
2025-04-24 00:00:00+00:00,70.52
2025-04-24 01:00:00+00:00,69.2
2025-04-24 02:00:00+00:00,60.63
2025-04-24 03:00:00+00:00,67.54
2025-04-24 04:00:00+00:00,93.51
2025-04-24 05:00:00+00:00,104.01
2025-04-24 06:00:00+00:00,114.63
2025-04-24 07:00:00+00:00,89.0
2025-04-24 08:00:00+00:00,70.92
2025-04-24 09:00:00+00:00,82.74
2025-04-24 10:00:00+00:00,78.89
2025-04-24 11:00:00+00:00,69.13
2025-04-24 12:00:00+00:00,60.68
2025-04-24 13:00:00+00:00,44.0
2025-04-24 14:00:00+00:00,34.75
2025-04-24 15:00:00+00:00,51.16
2025-04-24 16:00:00+00:00,77.63
2025-04-24 17:00:00+00:00,83.4
2025-04-24 18:00:00+00:00,102.35
2025-04-24 19:00:00+00:00,114.48
2025-04-24 20:00:00+00:00,106.53
2025-04-24 21:00:00+00:00,93.1
2025-04-24 22:00:00+00:00,74.24
2025-04-24 23:00:00+00:00,65.01
2025-04-25 00:00:00+00:00,69.39
2025-04-25 01:00:00+00:00,61.31
2025-04-25 02:00:00+00:00,65.2
2025-04-25 03:00:00+00:00,72.99
2025-04-25 04:00:00+00:00,92.52
2025-04-25 05:00:00+00:00,113.39
2025-04-25 06:00:00+00:00,99.0
2025-04-25 07:00:00+00:00,80.5
2025-04-25 08:00:00+00:00,60.56
2025-04-25 09:00:00+00:00,45.58
2025-04-25 10:00:00+00:00,40.25
2025-04-25 11:00:00+00:00,15.11
2025-04-25 12:00:00+00:00,12.23
2025-04-25 13:00:00+00:00,0.0
2025-04-25 14:00:00+00:00,0.0
2025-04-25 15:00:00+00:00,52.13
2025-04-25 16:00:00+00:00,73.56
2025-04-25 17:00:00+00:00,100.57
2025-04-25 18:00:00+00:00,120.33
2025-04-25 19:00:00+00:00,109.63
2025-04-25 20:00:00+00:00,100.37
2025-04-25 21:00:00+00:00,92.09
2025-04-25 22:00:00+00:00,50.41
2025-04-25 23:00:00+00:00,40.52
2025-04-26 00:00:00+00:00,25.76
2025-04-26 01:00:00+00:00,32.17
2025-04-26 02:00:00+00:00,32.88
2025-04-26 03:00:00+00:00,41.26
2025-04-26 04:00:00+00:00,41.14
2025-04-26 05:00:00+00:00,40.28
2025-04-26 06:00:00+00:00,47.52
2025-04-26 07:00:00+00:00,34.45
2025-04-26 08:00:00+00:00,2.55
2025-04-26 09:00:00+00:00,-0.01
2025-04-26 10:00:00+00:00,-0.01
2025-04-26 11:00:00+00:00,-0.02
2025-04-26 12:00:00+00:00,-3.0
2025-04-26 13:00:00+00:00,-2.08
2025-04-26 14:00:00+00:00,-0.02
2025-04-26 15:00:00+00:00,30.99
2025-04-26 16:00:00+00:00,57.37
2025-04-26 17:00:00+00:00,89.02
2025-04-26 18:00:00+00:00,88.27
2025-04-26 19:00:00+00:00,71.68
2025-04-26 20:00:00+00:00,85.26
2025-04-26 21:00:00+00:00,74.05
2025-04-26 22:00:00+00:00,61.66
2025-04-26 23:00:00+00:00,47.45
2025-04-27 00:00:00+00:00,49.97
2025-04-27 01:00:00+00:00,48.22
2025-04-27 02:00:00+00:00,48.4
2025-04-27 03:00:00+00:00,50.99
2025-04-27 04:00:00+00:00,52.22
2025-04-27 05:00:00+00:00,55.0
2025-04-27 06:00:00+00:00,35.91
2025-04-27 07:00:00+00:00,0.04
2025-04-27 08:00:00+00:00,-3.0
2025-04-27 09:00:00+00:00,-5.0
2025-04-27 10:00:00+00:00,-5.0
2025-04-27 11:00:00+00:00,-18.62
2025-04-27 12:00:00+00:00,-57.54
2025-04-27 13:00:00+00:00,-49.8
2025-04-27 14:00:00+00:00,-5.17
2025-04-27 15:00:00+00:00,18.35
2025-04-27 16:00:00+00:00,51.08
2025-04-27 17:00:00+00:00,84.95
2025-04-27 18:00:00+00:00,83.05
2025-04-27 19:00:00+00:00,100.7
2025-04-27 20:00:00+00:00,99.0
2025-04-27 21:00:00+00:00,88.13
2025-04-27 22:00:00+00:00,55.7
2025-04-27 23:00:00+00:00,40.11
2025-04-28 00:00:00+00:00,60.35
2025-04-28 01:00:00+00:00,48.39
2025-04-28 02:00:00+00:00,53.79
2025-04-28 03:00:00+00:00,60.38
2025-04-28 04:00:00+00:00,91.3
2025-04-28 05:00:00+00:00,131.09
2025-04-28 06:00:00+00:00,96.77
2025-04-28 07:00:00+00:00,67.37
2025-04-28 08:00:00+00:00,10.03
2025-04-28 09:00:00+00:00,-0.01
2025-04-28 10:00:00+00:00,-1.01
2025-04-28 11:00:00+00:00,-5.9
2025-04-28 12:00:00+00:00,-6.18
2025-04-28 13:00:00+00:00,-1.54
2025-04-28 14:00:00+00:00,0.0
2025-04-28 15:00:00+00:00,17.57
2025-04-28 16:00:00+00:00,36.85
2025-04-28 17:00:00+00:00,66.28
2025-04-28 18:00:00+00:00,74.43
2025-04-28 19:00:00+00:00,80.8
2025-04-28 20:00:00+00:00,61.15
2025-04-28 21:00:00+00:00,86.45
2025-04-28 22:00:00+00:00,35.15
2025-04-28 23:00:00+00:00,38.22
2025-04-29 00:00:00+00:00,25.41
2025-04-29 01:00:00+00:00,10.29
2025-04-29 02:00:00+00:00,6.78
2025-04-29 03:00:00+00:00,9.16
2025-04-29 04:00:00+00:00,38.21
2025-04-29 05:00:00+00:00,52.13
2025-04-29 06:00:00+00:00,38.56
2025-04-29 07:00:00+00:00,38.87
2025-04-29 08:00:00+00:00,9.44
2025-04-29 09:00:00+00:00,0.0
2025-04-29 10:00:00+00:00,-0.76
2025-04-29 11:00:00+00:00,-1.9
2025-04-29 12:00:00+00:00,-1.66
2025-04-29 13:00:00+00:00,-0.01
2025-04-29 14:00:00+00:00,0.31
2025-04-29 15:00:00+00:00,20.32
2025-04-29 16:00:00+00:00,49.96
2025-04-29 17:00:00+00:00,48.93
2025-04-29 18:00:00+00:00,48.3
2025-04-29 19:00:00+00:00,40.55
2025-04-29 20:00:00+00:00,39.06
2025-04-29 21:00:00+00:00,52.53
2025-04-29 22:00:00+00:00,95.0
2025-04-29 23:00:00+00:00,86.67
2025-04-30 00:00:00+00:00,20.14
2025-04-30 01:00:00+00:00,16.45
2025-04-30 02:00:00+00:00,15.41
2025-04-30 03:00:00+00:00,35.0
2025-04-30 04:00:00+00:00,87.99
2025-04-30 05:00:00+00:00,117.01
2025-04-30 06:00:00+00:00,98.03
2025-04-30 07:00:00+00:00,59.92
2025-04-30 08:00:00+00:00,7.08
2025-04-30 09:00:00+00:00,0.0
2025-04-30 10:00:00+00:00,-1.0
2025-04-30 11:00:00+00:00,-6.21
2025-04-30 12:00:00+00:00,-3.0
2025-04-30 13:00:00+00:00,-0.02
2025-04-30 14:00:00+00:00,0.0
2025-04-30 15:00:00+00:00,24.19
2025-04-30 16:00:00+00:00,60.09
2025-04-30 17:00:00+00:00,92.0
2025-04-30 18:00:00+00:00,80.85
2025-04-30 19:00:00+00:00,108.14
2025-04-30 20:00:00+00:00,95.1
2025-04-30 21:00:00+00:00,69.38
2025-04-30 22:00:00+00:00,29.2
2025-04-30 23:00:00+00:00,22.66
2025-05-01 00:00:00+00:00,22.59
2025-05-01 01:00:00+00:00,23.22
2025-05-01 02:00:00+00:00,22.59
2025-05-01 03:00:00+00:00,27.2
2025-05-01 04:00:00+00:00,28.16
2025-05-01 05:00:00+00:00,23.02
2025-05-01 06:00:00+00:00,18.39
2025-05-01 07:00:00+00:00,0.0
2025-05-01 08:00:00+00:00,-3.0
2025-05-01 09:00:00+00:00,-40.1
2025-05-01 10:00:00+00:00,-47.68
2025-05-01 11:00:00+00:00,-109.55
2025-05-01 12:00:00+00:00,-118.01
2025-05-01 13:00:00+00:00,-49.99
2025-05-01 14:00:00+00:00,-5.17
2025-05-01 15:00:00+00:00,7.94
2025-05-01 16:00:00+00:00,16.41
2025-05-01 17:00:00+00:00,35.77
2025-05-01 18:00:00+00:00,36.93
2025-05-01 19:00:00+00:00,55.0
2025-05-01 20:00:00+00:00,79.12
2025-05-01 21:00:00+00:00,66.9
2025-05-01 22:00:00+00:00,77.8
2025-05-01 23:00:00+00:00,30.77
2025-05-02 00:00:00+00:00,18.79
2025-05-02 01:00:00+00:00,11.74
2025-05-02 02:00:00+00:00,3.35
2025-05-02 03:00:00+00:00,4.33
2025-05-02 04:00:00+00:00,8.25
2025-05-02 05:00:00+00:00,7.96
2025-05-02 06:00:00+00:00,14.0
2025-05-02 07:00:00+00:00,12.74
2025-05-02 08:00:00+00:00,0.85
2025-05-02 09:00:00+00:00,-0.01
2025-05-02 10:00:00+00:00,-0.8
2025-05-02 11:00:00+00:00,-3.0
2025-05-02 12:00:00+00:00,-4.0
2025-05-02 13:00:00+00:00,-0.08
2025-05-02 14:00:00+00:00,0.3
2025-05-02 15:00:00+00:00,24.64
2025-05-02 16:00:00+00:00,27.52
2025-05-02 17:00:00+00:00,39.78
2025-05-02 18:00:00+00:00,35.01
2025-05-02 19:00:00+00:00,67.05
2025-05-02 20:00:00+00:00,52.05
2025-05-02 21:00:00+00:00,41.05
2025-05-02 22:00:00+00:00,36.13
2025-05-02 23:00:00+00:00,26.0
2025-05-03 00:00:00+00:00,16.16
2025-05-03 01:00:00+00:00,13.89
2025-05-03 02:00:00+00:00,13.37
2025-05-03 03:00:00+00:00,15.17
2025-05-03 04:00:00+00:00,16.91
2025-05-03 05:00:00+00:00,14.13
2025-05-03 06:00:00+00:00,12.67
2025-05-03 07:00:00+00:00,13.53
2025-05-03 08:00:00+00:00,0.01
2025-05-03 09:00:00+00:00,-0.01
2025-05-03 10:00:00+00:00,-1.16
2025-05-03 11:00:00+00:00,-3.04
2025-05-03 12:00:00+00:00,-2.69
2025-05-03 13:00:00+00:00,-0.03
2025-05-03 14:00:00+00:00,0.0
2025-05-03 15:00:00+00:00,14.26
2025-05-03 16:00:00+00:00,14.4
2025-05-03 17:00:00+00:00,30.97
2025-05-03 18:00:00+00:00,35.24
2025-05-03 19:00:00+00:00,63.8
2025-05-03 20:00:00+00:00,63.7
2025-05-03 21:00:00+00:00,47.97
2025-05-03 22:00:00+00:00,36.13
2025-05-03 23:00:00+00:00,32.35
2025-05-04 00:00:00+00:00,24.01
2025-05-04 01:00:00+00:00,19.31
2025-05-04 02:00:00+00:00,16.54
2025-05-04 03:00:00+00:00,15.58
2025-05-04 04:00:00+00:00,13.62
2025-05-04 05:00:00+00:00,7.83
2025-05-04 06:00:00+00:00,2.93
2025-05-04 07:00:00+00:00,0.0
2025-05-04 08:00:00+00:00,-0.01
2025-05-04 09:00:00+00:00,-0.01
2025-05-04 10:00:00+00:00,-0.02
2025-05-04 11:00:00+00:00,-2.0
2025-05-04 12:00:00+00:00,-5.01
2025-05-04 13:00:00+00:00,-1.59
2025-05-04 14:00:00+00:00,-0.01
2025-05-04 15:00:00+00:00,3.16
2025-05-04 16:00:00+00:00,9.9
2025-05-04 17:00:00+00:00,16.0
2025-05-04 18:00:00+00:00,19.74
2025-05-04 19:00:00+00:00,31.15
2025-05-04 20:00:00+00:00,35.0
2025-05-04 21:00:00+00:00,23.51
2025-05-04 22:00:00+00:00,28.1
2025-05-04 23:00:00+00:00,20.37
2025-05-05 00:00:00+00:00,15.78
2025-05-05 01:00:00+00:00,12.2
2025-05-05 02:00:00+00:00,9.49
2025-05-05 03:00:00+00:00,14.94
2025-05-05 04:00:00+00:00,22.89
2025-05-05 05:00:00+00:00,35.0
2025-05-05 06:00:00+00:00,35.0
2025-05-05 07:00:00+00:00,16.3
2025-05-05 08:00:00+00:00,3.15
2025-05-05 09:00:00+00:00,0.0
2025-05-05 10:00:00+00:00,18.12
2025-05-05 11:00:00+00:00,12.73
2025-05-05 12:00:00+00:00,10.68
2025-05-05 13:00:00+00:00,0.06
2025-05-05 14:00:00+00:00,0.0
2025-05-05 15:00:00+00:00,0.0
2025-05-05 16:00:00+00:00,-0.01
2025-05-05 17:00:00+00:00,0.0
2025-05-05 18:00:00+00:00,10.0
2025-05-05 19:00:00+00:00,28.1
2025-05-05 20:00:00+00:00,18.56
2025-05-05 21:00:00+00:00,12.2
2025-05-05 22:00:00+00:00,5.0
2025-05-05 23:00:00+00:00,2.95
2025-05-06 00:00:00+00:00,3.52
2025-05-06 01:00:00+00:00,1.72
2025-05-06 02:00:00+00:00,1.97
2025-05-06 03:00:00+00:00,3.6
2025-05-06 04:00:00+00:00,16.5
2025-05-06 05:00:00+00:00,30.34
2025-05-06 06:00:00+00:00,13.72
2025-05-06 07:00:00+00:00,4.36
2025-05-06 08:00:00+00:00,1.97
2025-05-06 09:00:00+00:00,0.0
2025-05-06 10:00:00+00:00,7.61
2025-05-06 11:00:00+00:00,0.0
2025-05-06 12:00:00+00:00,-0.01
2025-05-06 13:00:00+00:00,-0.01
2025-05-06 14:00:00+00:00,-0.01
2025-05-06 15:00:00+00:00,0.99
2025-05-06 16:00:00+00:00,0.09
2025-05-06 17:00:00+00:00,46.0
2025-05-06 18:00:00+00:00,39.99
2025-05-06 19:00:00+00:00,65.12
2025-05-06 20:00:00+00:00,48.23
2025-05-06 21:00:00+00:00,32.55
2025-05-06 22:00:00+00:00,11.3
2025-05-06 23:00:00+00:00,7.5
2025-05-07 00:00:00+00:00,15.47
2025-05-07 01:00:00+00:00,5.1
2025-05-07 02:00:00+00:00,9.1
2025-05-07 03:00:00+00:00,15.91
2025-05-07 04:00:00+00:00,32.4
2025-05-07 05:00:00+00:00,49.1
2025-05-07 06:00:00+00:00,43.23
2025-05-07 07:00:00+00:00,12.48
2025-05-07 08:00:00+00:00,6.82
2025-05-07 09:00:00+00:00,0.0
2025-05-07 10:00:00+00:00,3.78
2025-05-07 11:00:00+00:00,0.0
2025-05-07 12:00:00+00:00,0.0
2025-05-07 13:00:00+00:00,6.94
2025-05-07 14:00:00+00:00,8.26
2025-05-07 15:00:00+00:00,5.68
2025-05-07 16:00:00+00:00,26.13
2025-05-07 17:00:00+00:00,39.53
2025-05-07 18:00:00+00:00,50.4
2025-05-07 19:00:00+00:00,80.0
2025-05-07 20:00:00+00:00,57.1
2025-05-07 21:00:00+00:00,35.4
2025-05-07 22:00:00+00:00,15.91
2025-05-07 23:00:00+00:00,15.78
2025-05-08 00:00:00+00:00,15.63
2025-05-08 01:00:00+00:00,3.55
2025-05-08 02:00:00+00:00,6.65
2025-05-08 03:00:00+00:00,15.02
2025-05-08 04:00:00+00:00,12.05
2025-05-08 05:00:00+00:00,10.91
2025-05-08 06:00:00+00:00,12.86
2025-05-08 07:00:00+00:00,7.26
2025-05-08 08:00:00+00:00,0.1
2025-05-08 09:00:00+00:00,0.0
2025-05-08 10:00:00+00:00,0.0
2025-05-08 11:00:00+00:00,-0.01
2025-05-08 12:00:00+00:00,-0.01
2025-05-08 13:00:00+00:00,-0.01
2025-05-08 14:00:00+00:00,-0.02
2025-05-08 15:00:00+00:00,-0.01
2025-05-08 16:00:00+00:00,0.1
2025-05-08 17:00:00+00:00,16.04
2025-05-08 18:00:00+00:00,15.4
2025-05-08 19:00:00+00:00,24.13
2025-05-08 20:00:00+00:00,40.24
2025-05-08 21:00:00+00:00,30.1
2025-05-08 22:00:00+00:00,21.61
2025-05-08 23:00:00+00:00,12.15
2025-05-09 00:00:00+00:00,13.0
2025-05-09 01:00:00+00:00,9.58
2025-05-09 02:00:00+00:00,7.52
2025-05-09 03:00:00+00:00,11.13
2025-05-09 04:00:00+00:00,18.88
2025-05-09 05:00:00+00:00,20.31
2025-05-09 06:00:00+00:00,30.58
2025-05-09 07:00:00+00:00,12.86
2025-05-09 08:00:00+00:00,7.17
2025-05-09 09:00:00+00:00,0.22
2025-05-09 10:00:00+00:00,0.0
2025-05-09 11:00:00+00:00,0.0
2025-05-09 12:00:00+00:00,-0.01
2025-05-09 13:00:00+00:00,-0.01
2025-05-09 14:00:00+00:00,-0.01
2025-05-09 15:00:00+00:00,0.0
2025-05-09 16:00:00+00:00,7.04
2025-05-09 17:00:00+00:00,15.63
2025-05-09 18:00:00+00:00,41.92
2025-05-09 19:00:00+00:00,40.27
2025-05-09 20:00:00+00:00,57.64
2025-05-09 21:00:00+00:00,39.76
2025-05-09 22:00:00+00:00,29.22
2025-05-09 23:00:00+00:00,15.46
2025-05-10 00:00:00+00:00,13.52
2025-05-10 01:00:00+00:00,14.94
2025-05-10 02:00:00+00:00,11.12
2025-05-10 03:00:00+00:00,13.34
2025-05-10 04:00:00+00:00,16.1
2025-05-10 05:00:00+00:00,15.81
2025-05-10 06:00:00+00:00,10.0
2025-05-10 07:00:00+00:00,3.42
2025-05-10 08:00:00+00:00,-0.06
2025-05-10 09:00:00+00:00,-23.07
2025-05-10 10:00:00+00:00,-39.57
2025-05-10 11:00:00+00:00,-94.11
2025-05-10 12:00:00+00:00,-111.18
2025-05-10 13:00:00+00:00,-49.36
2025-05-10 14:00:00+00:00,-5.8
2025-05-10 15:00:00+00:00,0.0
2025-05-10 16:00:00+00:00,10.39
2025-05-10 17:00:00+00:00,29.83
2025-05-10 18:00:00+00:00,21.02
2025-05-10 19:00:00+00:00,36.88
2025-05-10 20:00:00+00:00,31.46
2025-05-10 21:00:00+00:00,25.37
2025-05-10 22:00:00+00:00,8.79
2025-05-10 23:00:00+00:00,6.12
2025-05-11 00:00:00+00:00,6.89
2025-05-11 01:00:00+00:00,3.96
2025-05-11 02:00:00+00:00,3.6
2025-05-11 03:00:00+00:00,4.0
2025-05-11 04:00:00+00:00,6.0
2025-05-11 05:00:00+00:00,5.88
2025-05-11 06:00:00+00:00,4.96
2025-05-11 07:00:00+00:00,-0.1
2025-05-11 08:00:00+00:00,-12.0
2025-05-11 09:00:00+00:00,-21.6
2025-05-11 10:00:00+00:00,-10.01
2025-05-11 11:00:00+00:00,-72.33
2025-05-11 12:00:00+00:00,-106.77
2025-05-11 13:00:00+00:00,-109.84
2025-05-11 14:00:00+00:00,-18.42
2025-05-11 15:00:00+00:00,-0.01
2025-05-11 16:00:00+00:00,9.72
2025-05-11 17:00:00+00:00,23.21
2025-05-11 18:00:00+00:00,27.49
2025-05-11 19:00:00+00:00,35.01
2025-05-11 20:00:00+00:00,35.01
2025-05-11 21:00:00+00:00,30.28
2025-05-11 22:00:00+00:00,15.3
2025-05-11 23:00:00+00:00,14.88
2025-05-12 00:00:00+00:00,17.7
2025-05-12 01:00:00+00:00,15.3
2025-05-12 02:00:00+00:00,14.0
2025-05-12 03:00:00+00:00,15.3
2025-05-12 04:00:00+00:00,22.34
2025-05-12 05:00:00+00:00,35.01
2025-05-12 06:00:00+00:00,22.1
2025-05-12 07:00:00+00:00,18.92
2025-05-12 08:00:00+00:00,4.73
2025-05-12 09:00:00+00:00,-0.01
2025-05-12 10:00:00+00:00,-0.1
2025-05-12 11:00:00+00:00,-2.54
2025-05-12 12:00:00+00:00,-4.0
2025-05-12 13:00:00+00:00,-0.02
2025-05-12 14:00:00+00:00,-0.01
2025-05-12 15:00:00+00:00,7.61
2025-05-12 16:00:00+00:00,14.97
2025-05-12 17:00:00+00:00,44.91
2025-05-12 18:00:00+00:00,61.81
2025-05-12 19:00:00+00:00,122.03
2025-05-12 20:00:00+00:00,103.75
2025-05-12 21:00:00+00:00,70.44
2025-05-12 22:00:00+00:00,67.0
2025-05-12 23:00:00+00:00,45.01
2025-05-13 00:00:00+00:00,37.83
2025-05-13 01:00:00+00:00,35.01
2025-05-13 02:00:00+00:00,35.01
2025-05-13 03:00:00+00:00,39.79
2025-05-13 04:00:00+00:00,70.0
2025-05-13 05:00:00+00:00,108.09
2025-05-13 06:00:00+00:00,68.25
2025-05-13 07:00:00+00:00,25.58
2025-05-13 08:00:00+00:00,17.01
2025-05-13 09:00:00+00:00,0.0
2025-05-13 10:00:00+00:00,-0.5
2025-05-13 11:00:00+00:00,-2.51
2025-05-13 12:00:00+00:00,-2.08
2025-05-13 13:00:00+00:00,-0.01
2025-05-13 14:00:00+00:00,0.35
2025-05-13 15:00:00+00:00,31.4
2025-05-13 16:00:00+00:00,41.32
2025-05-13 17:00:00+00:00,93.07
2025-05-13 18:00:00+00:00,92.67
2025-05-13 19:00:00+00:00,128.07
2025-05-13 20:00:00+00:00,112.3
2025-05-13 21:00:00+00:00,74.55
2025-05-13 22:00:00+00:00,64.93
2025-05-13 23:00:00+00:00,45.33
2025-05-14 00:00:00+00:00,41.2
2025-05-14 01:00:00+00:00,37.41
2025-05-14 02:00:00+00:00,36.0
2025-05-14 03:00:00+00:00,40.05
2025-05-14 04:00:00+00:00,53.08
2025-05-14 05:00:00+00:00,91.53
2025-05-14 06:00:00+00:00,57.64
2025-05-14 07:00:00+00:00,37.8
2025-05-14 08:00:00+00:00,0.74
2025-05-14 09:00:00+00:00,-0.02
2025-05-14 10:00:00+00:00,-1.13
2025-05-14 11:00:00+00:00,-4.0
2025-05-14 12:00:00+00:00,-3.0
2025-05-14 13:00:00+00:00,-1.54
2025-05-14 14:00:00+00:00,0.0
2025-05-14 15:00:00+00:00,25.96
2025-05-14 16:00:00+00:00,35.77
2025-05-14 17:00:00+00:00,51.8
2025-05-14 18:00:00+00:00,46.5
2025-05-14 19:00:00+00:00,64.03
2025-05-14 20:00:00+00:00,61.51
2025-05-14 21:00:00+00:00,40.14
2025-05-14 22:00:00+00:00,32.95
2025-05-14 23:00:00+00:00,19.71
2025-05-15 00:00:00+00:00,18.47
2025-05-15 01:00:00+00:00,10.55
2025-05-15 02:00:00+00:00,10.63
2025-05-15 03:00:00+00:00,16.26
2025-05-15 04:00:00+00:00,20.0
2025-05-15 05:00:00+00:00,35.01
2025-05-15 06:00:00+00:00,34.11
2025-05-15 07:00:00+00:00,20.04
2025-05-15 08:00:00+00:00,0.0
2025-05-15 09:00:00+00:00,-0.01
2025-05-15 10:00:00+00:00,-0.01
2025-05-15 11:00:00+00:00,-0.02
2025-05-15 12:00:00+00:00,-0.03
2025-05-15 13:00:00+00:00,-0.02
2025-05-15 14:00:00+00:00,-0.01
2025-05-15 15:00:00+00:00,0.02
2025-05-15 16:00:00+00:00,18.35
2025-05-15 17:00:00+00:00,28.19
2025-05-15 18:00:00+00:00,22.42
2025-05-15 19:00:00+00:00,35.01
2025-05-15 20:00:00+00:00,30.64
2025-05-15 21:00:00+00:00,19.98
2025-05-15 22:00:00+00:00,5.11
2025-05-15 23:00:00+00:00,5.0
2025-05-16 00:00:00+00:00,9.22
2025-05-16 01:00:00+00:00,3.6
2025-05-16 02:00:00+00:00,3.28
2025-05-16 03:00:00+00:00,4.75
2025-05-16 04:00:00+00:00,12.22
2025-05-16 05:00:00+00:00,28.09
2025-05-16 06:00:00+00:00,31.69
2025-05-16 07:00:00+00:00,3.08
2025-05-16 08:00:00+00:00,0.0
2025-05-16 09:00:00+00:00,-0.01
2025-05-16 10:00:00+00:00,-0.01
2025-05-16 11:00:00+00:00,-0.36
2025-05-16 12:00:00+00:00,-2.16
2025-05-16 13:00:00+00:00,-0.11
2025-05-16 14:00:00+00:00,-0.02
2025-05-16 15:00:00+00:00,-0.01
2025-05-16 16:00:00+00:00,8.19
2025-05-16 17:00:00+00:00,22.15
2025-05-16 18:00:00+00:00,18.04
2025-05-16 19:00:00+00:00,35.09
2025-05-16 20:00:00+00:00,41.21
2025-05-16 21:00:00+00:00,41.66
2025-05-16 22:00:00+00:00,21.23
2025-05-16 23:00:00+00:00,13.53
2025-05-17 00:00:00+00:00,12.68
2025-05-17 01:00:00+00:00,14.26
2025-05-17 02:00:00+00:00,12.82
2025-05-17 03:00:00+00:00,19.0
2025-05-17 04:00:00+00:00,21.79
2025-05-17 05:00:00+00:00,20.23
2025-05-17 06:00:00+00:00,16.24
2025-05-17 07:00:00+00:00,0.0
2025-05-17 08:00:00+00:00,-0.05
2025-05-17 09:00:00+00:00,-3.74
2025-05-17 10:00:00+00:00,-4.84
2025-05-17 11:00:00+00:00,-10.01
2025-05-17 12:00:00+00:00,-11.26
2025-05-17 13:00:00+00:00,-5.75
2025-05-17 14:00:00+00:00,-3.69
2025-05-17 15:00:00+00:00,-0.05
2025-05-17 16:00:00+00:00,11.51
2025-05-17 17:00:00+00:00,36.19
2025-05-17 18:00:00+00:00,30.96
2025-05-17 19:00:00+00:00,52.5
2025-05-17 20:00:00+00:00,57.12
2025-05-17 21:00:00+00:00,41.28
2025-05-17 22:00:00+00:00,37.11
2025-05-17 23:00:00+00:00,21.73
2025-05-18 00:00:00+00:00,15.49
2025-05-18 01:00:00+00:00,15.0
2025-05-18 02:00:00+00:00,13.9
2025-05-18 03:00:00+00:00,15.79
2025-05-18 04:00:00+00:00,14.5
2025-05-18 05:00:00+00:00,13.83
2025-05-18 06:00:00+00:00,9.16
2025-05-18 07:00:00+00:00,-0.01
2025-05-18 08:00:00+00:00,-0.02
2025-05-18 09:00:00+00:00,-0.2
2025-05-18 10:00:00+00:00,-2.0
2025-05-18 11:00:00+00:00,-7.37
2025-05-18 12:00:00+00:00,-15.0
2025-05-18 13:00:00+00:00,-8.97
2025-05-18 14:00:00+00:00,-0.2
2025-05-18 15:00:00+00:00,0.0
2025-05-18 16:00:00+00:00,9.26
2025-05-18 17:00:00+00:00,30.72
2025-05-18 18:00:00+00:00,59.47
2025-05-18 19:00:00+00:00,37.0
2025-05-18 20:00:00+00:00,50.71
2025-05-18 21:00:00+00:00,33.96
2025-05-18 22:00:00+00:00,20.82
2025-05-18 23:00:00+00:00,18.02
2025-05-19 00:00:00+00:00,13.83
2025-05-19 01:00:00+00:00,14.0
2025-05-19 02:00:00+00:00,10.63
2025-05-19 03:00:00+00:00,19.94
2025-05-19 04:00:00+00:00,25.95
2025-05-19 05:00:00+00:00,42.99
2025-05-19 06:00:00+00:00,36.11
2025-05-19 07:00:00+00:00,34.37
2025-05-19 08:00:00+00:00,21.58
2025-05-19 09:00:00+00:00,19.77
2025-05-19 10:00:00+00:00,12.77
2025-05-19 11:00:00+00:00,5.0
2025-05-19 12:00:00+00:00,8.0
2025-05-19 13:00:00+00:00,13.0
2025-05-19 14:00:00+00:00,11.58
2025-05-19 15:00:00+00:00,22.99
2025-05-19 16:00:00+00:00,36.19
2025-05-19 17:00:00+00:00,64.12
2025-05-19 18:00:00+00:00,33.63
2025-05-19 19:00:00+00:00,37.94
2025-05-19 20:00:00+00:00,37.22
2025-05-19 21:00:00+00:00,29.86
2025-05-19 22:00:00+00:00,20.53
2025-05-19 23:00:00+00:00,16.93
2025-05-20 00:00:00+00:00,13.58
2025-05-20 01:00:00+00:00,7.74
2025-05-20 02:00:00+00:00,7.0
2025-05-20 03:00:00+00:00,18.26
2025-05-20 04:00:00+00:00,25.66
2025-05-20 05:00:00+00:00,35.09
2025-05-20 06:00:00+00:00,38.79
2025-05-20 07:00:00+00:00,36.29
2025-05-20 08:00:00+00:00,21.4
2025-05-20 09:00:00+00:00,15.95
2025-05-20 10:00:00+00:00,3.44
2025-05-20 11:00:00+00:00,3.62
2025-05-20 12:00:00+00:00,3.38
2025-05-20 13:00:00+00:00,7.61
2025-05-20 14:00:00+00:00,5.05
2025-05-20 15:00:00+00:00,20.06
2025-05-20 16:00:00+00:00,27.74
2025-05-20 17:00:00+00:00,40.01
2025-05-20 18:00:00+00:00,25.96
2025-05-20 19:00:00+00:00,53.91
2025-05-20 20:00:00+00:00,54.0
2025-05-20 21:00:00+00:00,35.01
2025-05-20 22:00:00+00:00,35.0
2025-05-20 23:00:00+00:00,30.2
2025-05-21 00:00:00+00:00,28.65
2025-05-21 01:00:00+00:00,22.03
2025-05-21 02:00:00+00:00,26.72
2025-05-21 03:00:00+00:00,30.2
2025-05-21 04:00:00+00:00,35.09
2025-05-21 05:00:00+00:00,58.87
2025-05-21 06:00:00+00:00,39.52
2025-05-21 07:00:00+00:00,31.14
2025-05-21 08:00:00+00:00,25.4
2025-05-21 09:00:00+00:00,5.16
2025-05-21 10:00:00+00:00,20.02
2025-05-21 11:00:00+00:00,18.44
2025-05-21 12:00:00+00:00,10.62
2025-05-21 13:00:00+00:00,2.01
2025-05-21 14:00:00+00:00,5.05
2025-05-21 15:00:00+00:00,27.88
2025-05-21 16:00:00+00:00,53.45
2025-05-21 17:00:00+00:00,80.02
2025-05-21 18:00:00+00:00,52.93
2025-05-21 19:00:00+00:00,68.21
2025-05-21 20:00:00+00:00,63.78
2025-05-21 21:00:00+00:00,40.13
2025-05-21 22:00:00+00:00,22.23
2025-05-21 23:00:00+00:00,20.08
2025-05-22 00:00:00+00:00,16.2
2025-05-22 01:00:00+00:00,5.11
2025-05-22 02:00:00+00:00,5.11
2025-05-22 03:00:00+00:00,13.0
2025-05-22 04:00:00+00:00,18.64
2025-05-22 05:00:00+00:00,54.3
2025-05-22 06:00:00+00:00,50.81
2025-05-22 07:00:00+00:00,49.2
2025-05-22 08:00:00+00:00,9.85
2025-05-22 09:00:00+00:00,13.63
2025-05-22 10:00:00+00:00,0.0
2025-05-22 11:00:00+00:00,0.0
2025-05-22 12:00:00+00:00,-0.01
2025-05-22 13:00:00+00:00,-0.02
2025-05-22 14:00:00+00:00,-0.01
2025-05-22 15:00:00+00:00,-0.01
2025-05-22 16:00:00+00:00,22.69
2025-05-22 17:00:00+00:00,40.67
2025-05-22 18:00:00+00:00,27.26
2025-05-22 19:00:00+00:00,24.42
2025-05-22 20:00:00+00:00,60.79
2025-05-22 21:00:00+00:00,43.85
2025-05-22 22:00:00+00:00,9.22
2025-05-22 23:00:00+00:00,7.69
2025-05-23 00:00:00+00:00,9.37
2025-05-23 01:00:00+00:00,5.8
2025-05-23 02:00:00+00:00,5.11
2025-05-23 03:00:00+00:00,11.19
2025-05-23 04:00:00+00:00,17.64
2025-05-23 05:00:00+00:00,33.44
2025-05-23 06:00:00+00:00,21.17
2025-05-23 07:00:00+00:00,11.82
2025-05-23 08:00:00+00:00,7.26
2025-05-23 09:00:00+00:00,11.4
2025-05-23 10:00:00+00:00,13.44
2025-05-23 11:00:00+00:00,0.62
2025-05-23 12:00:00+00:00,0.0
2025-05-23 13:00:00+00:00,0.0
2025-05-23 14:00:00+00:00,0.0
2025-05-23 15:00:00+00:00,0.0
2025-05-23 16:00:00+00:00,9.21
2025-05-23 17:00:00+00:00,23.31
2025-05-23 18:00:00+00:00,27.31
2025-05-23 19:00:00+00:00,31.0
2025-05-23 20:00:00+00:00,76.21
2025-05-23 21:00:00+00:00,65.0
2025-05-23 22:00:00+00:00,24.79
2025-05-23 23:00:00+00:00,14.8
2025-05-24 00:00:00+00:00,10.93
2025-05-24 01:00:00+00:00,10.34
2025-05-24 02:00:00+00:00,9.56
2025-05-24 03:00:00+00:00,9.99
2025-05-24 04:00:00+00:00,13.32
2025-05-24 05:00:00+00:00,12.91
2025-05-24 06:00:00+00:00,10.6
2025-05-24 07:00:00+00:00,12.26
2025-05-24 08:00:00+00:00,0.0
2025-05-24 09:00:00+00:00,0.0
2025-05-24 10:00:00+00:00,-0.01
2025-05-24 11:00:00+00:00,-0.02
2025-05-24 12:00:00+00:00,-0.02
2025-05-24 13:00:00+00:00,0.0
2025-05-24 14:00:00+00:00,0.29
2025-05-24 15:00:00+00:00,0.8
2025-05-24 16:00:00+00:00,11.89
2025-05-24 17:00:00+00:00,17.39
2025-05-24 18:00:00+00:00,19.17
2025-05-24 19:00:00+00:00,36.1
2025-05-24 20:00:00+00:00,52.0
2025-05-24 21:00:00+00:00,37.0
2025-05-24 22:00:00+00:00,19.9
2025-05-24 23:00:00+00:00,14.05
2025-05-25 00:00:00+00:00,14.03
2025-05-25 01:00:00+00:00,8.39
2025-05-25 02:00:00+00:00,3.92
2025-05-25 03:00:00+00:00,2.11
2025-05-25 04:00:00+00:00,0.0
2025-05-25 05:00:00+00:00,0.0
2025-05-25 06:00:00+00:00,-0.01
2025-05-25 07:00:00+00:00,-1.0
2025-05-25 08:00:00+00:00,-5.0
2025-05-25 09:00:00+00:00,-4.38
2025-05-25 10:00:00+00:00,-7.71
2025-05-25 11:00:00+00:00,-15.0
2025-05-25 12:00:00+00:00,-16.99
2025-05-25 13:00:00+00:00,-14.0
2025-05-25 14:00:00+00:00,-9.02
2025-05-25 15:00:00+00:00,-0.04
2025-05-25 16:00:00+00:00,0.07
2025-05-25 17:00:00+00:00,12.23
2025-05-25 18:00:00+00:00,17.03
2025-05-25 19:00:00+00:00,26.71
2025-05-25 20:00:00+00:00,35.01
2025-05-25 21:00:00+00:00,20.17
2025-05-25 22:00:00+00:00,26.25
2025-05-25 23:00:00+00:00,18.04
2025-05-26 00:00:00+00:00,16.64
2025-05-26 01:00:00+00:00,14.43
2025-05-26 02:00:00+00:00,16.4
2025-05-26 03:00:00+00:00,20.0
2025-05-26 04:00:00+00:00,25.78
2025-05-26 05:00:00+00:00,35.01
2025-05-26 06:00:00+00:00,30.01
2025-05-26 07:00:00+00:00,18.73
2025-05-26 08:00:00+00:00,8.55
2025-05-26 09:00:00+00:00,0.05
2025-05-26 10:00:00+00:00,1.29
2025-05-26 11:00:00+00:00,-0.01
2025-05-26 12:00:00+00:00,-0.01
2025-05-26 13:00:00+00:00,-0.01
2025-05-26 14:00:00+00:00,3.98
2025-05-26 15:00:00+00:00,14.78
2025-05-26 16:00:00+00:00,17.57
2025-05-26 17:00:00+00:00,28.31
2025-05-26 18:00:00+00:00,35.09
2025-05-26 19:00:00+00:00,76.06
2025-05-26 20:00:00+00:00,60.14
2025-05-26 21:00:00+00:00,35.33
2025-05-26 22:00:00+00:00,35.01
2025-05-26 23:00:00+00:00,30.5
2025-05-27 00:00:00+00:00,22.46
2025-05-27 01:00:00+00:00,20.0
2025-05-27 02:00:00+00:00,21.03
2025-05-27 03:00:00+00:00,26.01
2025-05-27 04:00:00+00:00,33.44
2025-05-27 05:00:00+00:00,36.26
2025-05-27 06:00:00+00:00,33.0
2025-05-27 07:00:00+00:00,20.35
2025-05-27 08:00:00+00:00,0.03
2025-05-27 09:00:00+00:00,0.0
2025-05-27 10:00:00+00:00,0.0
2025-05-27 11:00:00+00:00,0.0
2025-05-27 12:00:00+00:00,0.0
2025-05-27 13:00:00+00:00,0.0
2025-05-27 14:00:00+00:00,0.0
2025-05-27 15:00:00+00:00,6.32
2025-05-27 16:00:00+00:00,42.1
2025-05-27 17:00:00+00:00,69.34
2025-05-27 18:00:00+00:00,49.56
2025-05-27 19:00:00+00:00,111.16
2025-05-27 20:00:00+00:00,100.0
2025-05-27 21:00:00+00:00,75.31
2025-05-27 22:00:00+00:00,35.01
2025-05-27 23:00:00+00:00,16.81
2025-05-28 00:00:00+00:00,15.03
2025-05-28 01:00:00+00:00,7.1
2025-05-28 02:00:00+00:00,6.97
2025-05-28 03:00:00+00:00,18.83
2025-05-28 04:00:00+00:00,23.54
2025-05-28 05:00:00+00:00,54.88
2025-05-28 06:00:00+00:00,35.01
2025-05-28 07:00:00+00:00,17.2
2025-05-28 08:00:00+00:00,0.85
2025-05-28 09:00:00+00:00,0.69
2025-05-28 10:00:00+00:00,0.0
2025-05-28 11:00:00+00:00,0.0
2025-05-28 12:00:00+00:00,0.0
2025-05-28 13:00:00+00:00,0.0
2025-05-28 14:00:00+00:00,0.0
2025-05-28 15:00:00+00:00,18.35
2025-05-28 16:00:00+00:00,26.56
2025-05-28 17:00:00+00:00,43.26
2025-05-28 18:00:00+00:00,55.18
2025-05-28 19:00:00+00:00,96.0
2025-05-28 20:00:00+00:00,100.86
2025-05-28 21:00:00+00:00,78.0
2025-05-28 22:00:00+00:00,49.63
2025-05-28 23:00:00+00:00,39.0
2025-05-29 00:00:00+00:00,43.81
2025-05-29 01:00:00+00:00,39.22
2025-05-29 02:00:00+00:00,38.24
2025-05-29 03:00:00+00:00,40.01
2025-05-29 04:00:00+00:00,37.95
2025-05-29 05:00:00+00:00,41.73
2025-05-29 06:00:00+00:00,38.24
2025-05-29 07:00:00+00:00,16.06
2025-05-29 08:00:00+00:00,5.99
2025-05-29 09:00:00+00:00,0.74
2025-05-29 10:00:00+00:00,-0.01
2025-05-29 11:00:00+00:00,-0.48
2025-05-29 12:00:00+00:00,-0.9
2025-05-29 13:00:00+00:00,-0.12
2025-05-29 14:00:00+00:00,-0.01
2025-05-29 15:00:00+00:00,0.07
2025-05-29 16:00:00+00:00,17.77
2025-05-29 17:00:00+00:00,36.13
2025-05-29 18:00:00+00:00,71.63
2025-05-29 19:00:00+00:00,79.39
2025-05-29 20:00:00+00:00,79.14
2025-05-29 21:00:00+00:00,60.2
2025-05-29 22:00:00+00:00,48.2
2025-05-29 23:00:00+00:00,31.11
2025-05-30 00:00:00+00:00,33.82
2025-05-30 01:00:00+00:00,33.95
2025-05-30 02:00:00+00:00,37.39
2025-05-30 03:00:00+00:00,42.18
2025-05-30 04:00:00+00:00,49.55
2025-05-30 05:00:00+00:00,68.38
2025-05-30 06:00:00+00:00,53.01
2025-05-30 07:00:00+00:00,29.13
2025-05-30 08:00:00+00:00,1.83
2025-05-30 09:00:00+00:00,0.0
2025-05-30 10:00:00+00:00,-0.02
2025-05-30 11:00:00+00:00,-2.11
2025-05-30 12:00:00+00:00,-2.66
2025-05-30 13:00:00+00:00,-0.07
2025-05-30 14:00:00+00:00,-0.01
2025-05-30 15:00:00+00:00,8.96
2025-05-30 16:00:00+00:00,47.09
2025-05-30 17:00:00+00:00,74.63
2025-05-30 18:00:00+00:00,100.29
2025-05-30 19:00:00+00:00,120.59
2025-05-30 20:00:00+00:00,130.19
2025-05-30 21:00:00+00:00,103.35
2025-05-30 22:00:00+00:00,107.0
2025-05-30 23:00:00+00:00,72.3
2025-05-31 00:00:00+00:00,51.49
2025-05-31 01:00:00+00:00,33.25
2025-05-31 02:00:00+00:00,29.2
2025-05-31 03:00:00+00:00,29.05
2025-05-31 04:00:00+00:00,33.18
2025-05-31 05:00:00+00:00,30.87
2025-05-31 06:00:00+00:00,33.55
2025-05-31 07:00:00+00:00,1.0
2025-05-31 08:00:00+00:00,-0.02
2025-05-31 09:00:00+00:00,-1.0
2025-05-31 10:00:00+00:00,-3.07
2025-05-31 11:00:00+00:00,-13.17
2025-05-31 12:00:00+00:00,-7.75
2025-05-31 13:00:00+00:00,-3.0
2025-05-31 14:00:00+00:00,-0.05
2025-05-31 15:00:00+00:00,7.74
2025-05-31 16:00:00+00:00,24.14
2025-05-31 17:00:00+00:00,31.78
2025-05-31 18:00:00+00:00,62.0
2025-05-31 19:00:00+00:00,48.17
2025-05-31 20:00:00+00:00,74.44
2025-05-31 21:00:00+00:00,63.5
2025-05-31 22:00:00+00:00,60.0
2025-05-31 23:00:00+00:00,36.07
2025-06-01 00:00:00+00:00,28.27
2025-06-01 01:00:00+00:00,24.32
2025-06-01 02:00:00+00:00,24.95
2025-06-01 03:00:00+00:00,24.92
2025-06-01 04:00:00+00:00,26.68
2025-06-01 05:00:00+00:00,13.0
2025-06-01 06:00:00+00:00,2.4
2025-06-01 07:00:00+00:00,-0.01
2025-06-01 08:00:00+00:00,-0.6
2025-06-01 09:00:00+00:00,-2.11
2025-06-01 10:00:00+00:00,-5.48
2025-06-01 11:00:00+00:00,-12.93
2025-06-01 12:00:00+00:00,-20.41
2025-06-01 13:00:00+00:00,-15.61
2025-06-01 14:00:00+00:00,-6.0
2025-06-01 15:00:00+00:00,-0.62
2025-06-01 16:00:00+00:00,2.94
2025-06-01 17:00:00+00:00,22.82
2025-06-01 18:00:00+00:00,35.01
2025-06-01 19:00:00+00:00,40.55
2025-06-01 20:00:00+00:00,53.96
2025-06-01 21:00:00+00:00,40.41
2025-06-01 22:00:00+00:00,30.24
2025-06-01 23:00:00+00:00,27.25
2025-06-02 00:00:00+00:00,26.66
2025-06-02 01:00:00+00:00,19.1
2025-06-02 02:00:00+00:00,20.01
2025-06-02 03:00:00+00:00,18.89
2025-06-02 04:00:00+00:00,27.9
2025-06-02 05:00:00+00:00,45.59
2025-06-02 06:00:00+00:00,52.96
2025-06-02 07:00:00+00:00,40.01
2025-06-02 08:00:00+00:00,17.55
2025-06-02 09:00:00+00:00,33.21
2025-06-02 10:00:00+00:00,20.0
2025-06-02 11:00:00+00:00,12.78
2025-06-02 12:00:00+00:00,11.0
2025-06-02 13:00:00+00:00,19.75
2025-06-02 14:00:00+00:00,0.68
2025-06-02 15:00:00+00:00,5.86
2025-06-02 16:00:00+00:00,24.28
2025-06-02 17:00:00+00:00,79.01
2025-06-02 18:00:00+00:00,88.05
2025-06-02 19:00:00+00:00,94.5
2025-06-02 20:00:00+00:00,95.69
2025-06-02 21:00:00+00:00,66.5
2025-06-02 22:00:00+00:00,28.03
2025-06-02 23:00:00+00:00,10.4
2025-06-03 00:00:00+00:00,7.85
2025-06-03 01:00:00+00:00,-0.01
2025-06-03 02:00:00+00:00,-2.41
2025-06-03 03:00:00+00:00,-8.71
2025-06-03 04:00:00+00:00,-0.01
2025-06-03 05:00:00+00:00,4.48
2025-06-03 06:00:00+00:00,46.21
2025-06-03 07:00:00+00:00,38.13
2025-06-03 08:00:00+00:00,0.0
2025-06-03 09:00:00+00:00,-0.01
2025-06-03 10:00:00+00:00,-0.1
2025-06-03 11:00:00+00:00,-1.57
2025-06-03 12:00:00+00:00,-5.8
2025-06-03 13:00:00+00:00,-1.06
2025-06-03 14:00:00+00:00,-0.01
2025-06-03 15:00:00+00:00,0.0
2025-06-03 16:00:00+00:00,17.71
2025-06-03 17:00:00+00:00,38.57
2025-06-03 18:00:00+00:00,36.31
2025-06-03 19:00:00+00:00,53.08
2025-06-03 20:00:00+00:00,90.01
2025-06-03 21:00:00+00:00,62.74
2025-06-03 22:00:00+00:00,28.83
2025-06-03 23:00:00+00:00,10.15
2025-06-04 00:00:00+00:00,14.08
2025-06-04 01:00:00+00:00,16.25
2025-06-04 02:00:00+00:00,13.02
2025-06-04 03:00:00+00:00,10.5
2025-06-04 04:00:00+00:00,23.83
2025-06-04 05:00:00+00:00,3.0
2025-06-04 06:00:00+00:00,48.72
2025-06-04 07:00:00+00:00,33.02
2025-06-04 08:00:00+00:00,32.35
2025-06-04 09:00:00+00:00,4.83
2025-06-04 10:00:00+00:00,19.21
2025-06-04 11:00:00+00:00,9.69
2025-06-04 12:00:00+00:00,1.72
2025-06-04 13:00:00+00:00,0.09
2025-06-04 14:00:00+00:00,0.0
2025-06-04 15:00:00+00:00,6.2
2025-06-04 16:00:00+00:00,15.49
2025-06-04 17:00:00+00:00,39.15
2025-06-04 18:00:00+00:00,32.77
2025-06-04 19:00:00+00:00,23.82
2025-06-04 20:00:00+00:00,55.92
2025-06-04 21:00:00+00:00,53.22
2025-06-04 22:00:00+00:00,-0.01
2025-06-04 23:00:00+00:00,-0.01
2025-06-05 00:00:00+00:00,-0.06
2025-06-05 01:00:00+00:00,-0.39
2025-06-05 02:00:00+00:00,-2.2
2025-06-05 03:00:00+00:00,-0.11
2025-06-05 04:00:00+00:00,-0.02
2025-06-05 05:00:00+00:00,0.0
2025-06-05 06:00:00+00:00,0.0
2025-06-05 07:00:00+00:00,-0.01
2025-06-05 08:00:00+00:00,-0.01
2025-06-05 09:00:00+00:00,-0.02
2025-06-05 10:00:00+00:00,-0.01
2025-06-05 11:00:00+00:00,-0.01
2025-06-05 12:00:00+00:00,-0.01
2025-06-05 13:00:00+00:00,-0.01
2025-06-05 14:00:00+00:00,-0.01
2025-06-05 15:00:00+00:00,-0.01
2025-06-05 16:00:00+00:00,3.17
2025-06-05 17:00:00+00:00,25.52
2025-06-05 18:00:00+00:00,16.14
2025-06-05 19:00:00+00:00,32.62
2025-06-05 20:00:00+00:00,24.04
2025-06-05 21:00:00+00:00,26.93
2025-06-05 22:00:00+00:00,34.63
2025-06-05 23:00:00+00:00,13.39
2025-06-06 00:00:00+00:00,11.17
2025-06-06 01:00:00+00:00,14.79
2025-06-06 02:00:00+00:00,20.02
2025-06-06 03:00:00+00:00,0.0
2025-06-06 04:00:00+00:00,13.9
2025-06-06 05:00:00+00:00,5.19
2025-06-06 06:00:00+00:00,14.23
2025-06-06 07:00:00+00:00,4.66
2025-06-06 08:00:00+00:00,0.0
2025-06-06 09:00:00+00:00,-0.01
2025-06-06 10:00:00+00:00,-0.02
2025-06-06 11:00:00+00:00,-1.04
2025-06-06 12:00:00+00:00,-1.67
2025-06-06 13:00:00+00:00,-0.01
2025-06-06 14:00:00+00:00,-0.01
2025-06-06 15:00:00+00:00,1.2
2025-06-06 16:00:00+00:00,14.34
2025-06-06 17:00:00+00:00,44.69
2025-06-06 18:00:00+00:00,57.85
2025-06-06 19:00:00+00:00,87.68
2025-06-06 20:00:00+00:00,119.03
2025-06-06 21:00:00+00:00,90.15
2025-06-06 22:00:00+00:00,44.25
2025-06-06 23:00:00+00:00,28.7
2025-06-07 00:00:00+00:00,30.92
2025-06-07 01:00:00+00:00,20.45
2025-06-07 02:00:00+00:00,18.7
2025-06-07 03:00:00+00:00,17.67
2025-06-07 04:00:00+00:00,17.61
2025-06-07 05:00:00+00:00,10.34
2025-06-07 06:00:00+00:00,20.79
2025-06-07 07:00:00+00:00,9.7
2025-06-07 08:00:00+00:00,10.93
2025-06-07 09:00:00+00:00,9.44
2025-06-07 10:00:00+00:00,1.19
2025-06-07 11:00:00+00:00,-0.01
2025-06-07 12:00:00+00:00,-0.02
2025-06-07 13:00:00+00:00,-0.02
2025-06-07 14:00:00+00:00,0.0
2025-06-07 15:00:00+00:00,0.0
2025-06-07 16:00:00+00:00,0.09
2025-06-07 17:00:00+00:00,9.91
2025-06-07 18:00:00+00:00,27.55
2025-06-07 19:00:00+00:00,14.64
2025-06-07 20:00:00+00:00,31.5
2025-06-07 21:00:00+00:00,30.46
2025-06-07 22:00:00+00:00,23.62
2025-06-07 23:00:00+00:00,14.47
2025-06-08 00:00:00+00:00,10.18
2025-06-08 01:00:00+00:00,0.08
2025-06-08 02:00:00+00:00,2.53
2025-06-08 03:00:00+00:00,5.05
2025-06-08 04:00:00+00:00,0.01
2025-06-08 05:00:00+00:00,0.02
2025-06-08 06:00:00+00:00,-0.01
2025-06-08 07:00:00+00:00,-0.5
2025-06-08 08:00:00+00:00,-2.0
2025-06-08 09:00:00+00:00,-7.39
2025-06-08 10:00:00+00:00,-19.45
2025-06-08 11:00:00+00:00,-37.93
2025-06-08 12:00:00+00:00,-50.0
2025-06-08 13:00:00+00:00,-48.01
2025-06-08 14:00:00+00:00,-35.35
2025-06-08 15:00:00+00:00,-2.85
2025-06-08 16:00:00+00:00,0.0
2025-06-08 17:00:00+00:00,17.86
2025-06-08 18:00:00+00:00,30.46
2025-06-08 19:00:00+00:00,39.92
2025-06-08 20:00:00+00:00,64.35
2025-06-08 21:00:00+00:00,54.69
2025-06-08 22:00:00+00:00,34.16
2025-06-08 23:00:00+00:00,28.03
2025-06-09 00:00:00+00:00,21.99
2025-06-09 01:00:00+00:00,21.1
2025-06-09 02:00:00+00:00,19.82
2025-06-09 03:00:00+00:00,21.88
2025-06-09 04:00:00+00:00,23.51
2025-06-09 05:00:00+00:00,21.71
2025-06-09 06:00:00+00:00,12.13
2025-06-09 07:00:00+00:00,1.69
2025-06-09 08:00:00+00:00,-0.02
2025-06-09 09:00:00+00:00,-1.48
2025-06-09 10:00:00+00:00,-6.42
2025-06-09 11:00:00+00:00,-16.01
2025-06-09 12:00:00+00:00,-14.99
2025-06-09 13:00:00+00:00,-3.21
2025-06-09 14:00:00+00:00,-0.03
2025-06-09 15:00:00+00:00,7.64
2025-06-09 16:00:00+00:00,19.09
2025-06-09 17:00:00+00:00,30.36
2025-06-09 18:00:00+00:00,33.84
2025-06-09 19:00:00+00:00,35.49
2025-06-09 20:00:00+00:00,60.99
2025-06-09 21:00:00+00:00,40.0
2025-06-09 22:00:00+00:00,38.39
2025-06-09 23:00:00+00:00,12.5
2025-06-10 00:00:00+00:00,16.46
2025-06-10 01:00:00+00:00,15.93
2025-06-10 02:00:00+00:00,12.23
2025-06-10 03:00:00+00:00,20.57
2025-06-10 04:00:00+00:00,30.71
2025-06-10 05:00:00+00:00,38.52
2025-06-10 06:00:00+00:00,39.1
2025-06-10 07:00:00+00:00,24.63
2025-06-10 08:00:00+00:00,9.29
2025-06-10 09:00:00+00:00,0.0
2025-06-10 10:00:00+00:00,0.0
2025-06-10 11:00:00+00:00,-0.01
2025-06-10 12:00:00+00:00,-0.01
2025-06-10 13:00:00+00:00,-0.01
2025-06-10 14:00:00+00:00,-0.01
2025-06-10 15:00:00+00:00,21.91
2025-06-10 16:00:00+00:00,35.95
2025-06-10 17:00:00+00:00,65.57
2025-06-10 18:00:00+00:00,56.6
2025-06-10 19:00:00+00:00,58.2
2025-06-10 20:00:00+00:00,71.92
2025-06-10 21:00:00+00:00,61.63
2025-06-10 22:00:00+00:00,62.76
2025-06-10 23:00:00+00:00,35.49
2025-06-11 00:00:00+00:00,37.04
2025-06-11 01:00:00+00:00,20.95
2025-06-11 02:00:00+00:00,15.49
2025-06-11 03:00:00+00:00,21.44
2025-06-11 04:00:00+00:00,32.76
2025-06-11 05:00:00+00:00,32.01
2025-06-11 06:00:00+00:00,42.71
2025-06-11 07:00:00+00:00,25.63
2025-06-11 08:00:00+00:00,6.77
2025-06-11 09:00:00+00:00,0.0
2025-06-11 10:00:00+00:00,-0.01
2025-06-11 11:00:00+00:00,-0.18
2025-06-11 12:00:00+00:00,-2.08
2025-06-11 13:00:00+00:00,-0.01
2025-06-11 14:00:00+00:00,2.5
2025-06-11 15:00:00+00:00,24.59
2025-06-11 16:00:00+00:00,29.56
2025-06-11 17:00:00+00:00,74.0
2025-06-11 18:00:00+00:00,84.01
2025-06-11 19:00:00+00:00,60.98
2025-06-11 20:00:00+00:00,70.01
2025-06-11 21:00:00+00:00,57.01
2025-06-11 22:00:00+00:00,24.6
2025-06-11 23:00:00+00:00,0.0
2025-06-12 00:00:00+00:00,6.88
2025-06-12 01:00:00+00:00,0.0
2025-06-12 02:00:00+00:00,-0.01
2025-06-12 03:00:00+00:00,0.0
2025-06-12 04:00:00+00:00,19.73
2025-06-12 05:00:00+00:00,37.29
2025-06-12 06:00:00+00:00,34.69
2025-06-12 07:00:00+00:00,15.27
2025-06-12 08:00:00+00:00,0.0
2025-06-12 09:00:00+00:00,-1.45
2025-06-12 10:00:00+00:00,-8.44
2025-06-12 11:00:00+00:00,-21.03
2025-06-12 12:00:00+00:00,-14.62
2025-06-12 13:00:00+00:00,-3.72
2025-06-12 14:00:00+00:00,0.01
2025-06-12 15:00:00+00:00,15.98
2025-06-12 16:00:00+00:00,40.23
2025-06-12 17:00:00+00:00,89.6
2025-06-12 18:00:00+00:00,104.01
2025-06-12 19:00:00+00:00,116.1
2025-06-12 20:00:00+00:00,107.99
2025-06-12 21:00:00+00:00,91.68
2025-06-12 22:00:00+00:00,70.29
2025-06-12 23:00:00+00:00,51.38
2025-06-13 00:00:00+00:00,52.04
2025-06-13 01:00:00+00:00,60.03
2025-06-13 02:00:00+00:00,57.87
2025-06-13 03:00:00+00:00,60.87
2025-06-13 04:00:00+00:00,65.25
2025-06-13 05:00:00+00:00,80.19
2025-06-13 06:00:00+00:00,68.94
2025-06-13 07:00:00+00:00,40.03
2025-06-13 08:00:00+00:00,12.21
2025-06-13 09:00:00+00:00,0.24
2025-06-13 10:00:00+00:00,-0.01
2025-06-13 11:00:00+00:00,-0.02
2025-06-13 12:00:00+00:00,-1.02
2025-06-13 13:00:00+00:00,-0.01
2025-06-13 14:00:00+00:00,0.93
2025-06-13 15:00:00+00:00,39.28
2025-06-13 16:00:00+00:00,61.37
2025-06-13 17:00:00+00:00,90.4
2025-06-13 18:00:00+00:00,105.47
2025-06-13 19:00:00+00:00,97.33
2025-06-13 20:00:00+00:00,97.18
2025-06-13 21:00:00+00:00,79.22
2025-06-13 22:00:00+00:00,82.1
2025-06-13 23:00:00+00:00,64.79
2025-06-14 00:00:00+00:00,37.16
2025-06-14 01:00:00+00:00,29.71
2025-06-14 02:00:00+00:00,25.46
2025-06-14 03:00:00+00:00,26.73
2025-06-14 04:00:00+00:00,24.97
2025-06-14 05:00:00+00:00,21.11
2025-06-14 06:00:00+00:00,12.76
2025-06-14 07:00:00+00:00,0.0
2025-06-14 08:00:00+00:00,-0.01
2025-06-14 09:00:00+00:00,-2.37
2025-06-14 10:00:00+00:00,-0.58
2025-06-14 11:00:00+00:00,-4.9
2025-06-14 12:00:00+00:00,-23.48
2025-06-14 13:00:00+00:00,-6.7
2025-06-14 14:00:00+00:00,-0.37
2025-06-14 15:00:00+00:00,8.87
2025-06-14 16:00:00+00:00,26.93
2025-06-14 17:00:00+00:00,36.27
2025-06-14 18:00:00+00:00,84.39
2025-06-14 19:00:00+00:00,67.94
2025-06-14 20:00:00+00:00,105.88
2025-06-14 21:00:00+00:00,92.4
2025-06-14 22:00:00+00:00,51.35
2025-06-14 23:00:00+00:00,28.31
2025-06-15 00:00:00+00:00,26.87
2025-06-15 01:00:00+00:00,21.88
2025-06-15 02:00:00+00:00,18.78
2025-06-15 03:00:00+00:00,17.86
2025-06-15 04:00:00+00:00,18.47
2025-06-15 05:00:00+00:00,15.13
2025-06-15 06:00:00+00:00,8.97
2025-06-15 07:00:00+00:00,4.55
2025-06-15 08:00:00+00:00,0.0
2025-06-15 09:00:00+00:00,-0.02
2025-06-15 10:00:00+00:00,-1.21
2025-06-15 11:00:00+00:00,-5.6
2025-06-15 12:00:00+00:00,-5.0
2025-06-15 13:00:00+00:00,-2.0
2025-06-15 14:00:00+00:00,-0.01
2025-06-15 15:00:00+00:00,-0.01
2025-06-15 16:00:00+00:00,12.37
2025-06-15 17:00:00+00:00,19.29
2025-06-15 18:00:00+00:00,33.96
2025-06-15 19:00:00+00:00,39.96
2025-06-15 20:00:00+00:00,61.7
2025-06-15 21:00:00+00:00,53.03
2025-06-15 22:00:00+00:00,24.99
2025-06-15 23:00:00+00:00,19.96
2025-06-16 00:00:00+00:00,16.58
2025-06-16 01:00:00+00:00,13.27
2025-06-16 02:00:00+00:00,12.35
2025-06-16 03:00:00+00:00,19.27
2025-06-16 04:00:00+00:00,22.05
2025-06-16 05:00:00+00:00,53.16
2025-06-16 06:00:00+00:00,58.49
2025-06-16 07:00:00+00:00,20.0
2025-06-16 08:00:00+00:00,4.5
2025-06-16 09:00:00+00:00,0.0
2025-06-16 10:00:00+00:00,0.0
2025-06-16 11:00:00+00:00,0.0
2025-06-16 12:00:00+00:00,0.0
2025-06-16 13:00:00+00:00,0.0
2025-06-16 14:00:00+00:00,1.03
2025-06-16 15:00:00+00:00,12.36
2025-06-16 16:00:00+00:00,75.3
2025-06-16 17:00:00+00:00,113.86
2025-06-16 18:00:00+00:00,108.36
2025-06-16 19:00:00+00:00,84.75
2025-06-16 20:00:00+00:00,106.59
2025-06-16 21:00:00+00:00,82.32
2025-06-16 22:00:00+00:00,55.73
2025-06-16 23:00:00+00:00,21.73
2025-06-17 00:00:00+00:00,25.89
2025-06-17 01:00:00+00:00,25.45
2025-06-17 02:00:00+00:00,13.47
2025-06-17 03:00:00+00:00,30.38
2025-06-17 04:00:00+00:00,37.45
2025-06-17 05:00:00+00:00,57.51
2025-06-17 06:00:00+00:00,67.17
2025-06-17 07:00:00+00:00,38.01
2025-06-17 08:00:00+00:00,4.48
2025-06-17 09:00:00+00:00,0.0
2025-06-17 10:00:00+00:00,-0.01
2025-06-17 11:00:00+00:00,-0.01
2025-06-17 12:00:00+00:00,-0.01
2025-06-17 13:00:00+00:00,0.05
2025-06-17 14:00:00+00:00,12.8
2025-06-17 15:00:00+00:00,50.91
2025-06-17 16:00:00+00:00,94.78
2025-06-17 17:00:00+00:00,115.0
2025-06-17 18:00:00+00:00,126.68
2025-06-17 19:00:00+00:00,115.67
2025-06-17 20:00:00+00:00,122.86
2025-06-17 21:00:00+00:00,114.9
2025-06-17 22:00:00+00:00,99.3
2025-06-17 23:00:00+00:00,87.44
2025-06-18 00:00:00+00:00,95.03
2025-06-18 01:00:00+00:00,72.94
2025-06-18 02:00:00+00:00,68.3
2025-06-18 03:00:00+00:00,61.53
2025-06-18 04:00:00+00:00,77.0
2025-06-18 05:00:00+00:00,98.69
2025-06-18 06:00:00+00:00,104.56
2025-06-18 07:00:00+00:00,60.67
2025-06-18 08:00:00+00:00,21.81
2025-06-18 09:00:00+00:00,1.17
2025-06-18 10:00:00+00:00,0.0
2025-06-18 11:00:00+00:00,-0.01
2025-06-18 12:00:00+00:00,0.0
2025-06-18 13:00:00+00:00,2.71
2025-06-18 14:00:00+00:00,6.27
2025-06-18 15:00:00+00:00,52.91
2025-06-18 16:00:00+00:00,75.01
2025-06-18 17:00:00+00:00,114.64
2025-06-18 18:00:00+00:00,124.9
2025-06-18 19:00:00+00:00,111.6
2025-06-18 20:00:00+00:00,128.32
2025-06-18 21:00:00+00:00,99.01
2025-06-18 22:00:00+00:00,98.07
2025-06-18 23:00:00+00:00,50.89
2025-06-19 00:00:00+00:00,41.39
2025-06-19 01:00:00+00:00,23.71
2025-06-19 02:00:00+00:00,18.21
2025-06-19 03:00:00+00:00,24.4
2025-06-19 04:00:00+00:00,38.2
2025-06-19 05:00:00+00:00,65.05
2025-06-19 06:00:00+00:00,41.98
2025-06-19 07:00:00+00:00,16.85
2025-06-19 08:00:00+00:00,-0.01
2025-06-19 09:00:00+00:00,-0.01
2025-06-19 10:00:00+00:00,-0.01
2025-06-19 11:00:00+00:00,-0.02
2025-06-19 12:00:00+00:00,-0.06
2025-06-19 13:00:00+00:00,-0.1
2025-06-19 14:00:00+00:00,2.71
2025-06-19 15:00:00+00:00,18.92
2025-06-19 16:00:00+00:00,82.6
2025-06-19 17:00:00+00:00,118.47
2025-06-19 18:00:00+00:00,126.02
2025-06-19 19:00:00+00:00,111.61
2025-06-19 20:00:00+00:00,124.64
2025-06-19 21:00:00+00:00,105.01
2025-06-19 22:00:00+00:00,102.33
2025-06-19 23:00:00+00:00,71.17
2025-06-20 00:00:00+00:00,65.43
2025-06-20 01:00:00+00:00,45.84
2025-06-20 02:00:00+00:00,44.57
2025-06-20 03:00:00+00:00,57.44
2025-06-20 04:00:00+00:00,81.7
2025-06-20 05:00:00+00:00,111.1
2025-06-20 06:00:00+00:00,109.76
2025-06-20 07:00:00+00:00,81.49
2025-06-20 08:00:00+00:00,26.73
2025-06-20 09:00:00+00:00,8.05
2025-06-20 10:00:00+00:00,3.85
2025-06-20 11:00:00+00:00,0.07
2025-06-20 12:00:00+00:00,0.02
2025-06-20 13:00:00+00:00,1.39
2025-06-20 14:00:00+00:00,31.96
2025-06-20 15:00:00+00:00,88.0
2025-06-20 16:00:00+00:00,111.79
2025-06-20 17:00:00+00:00,128.94
2025-06-20 18:00:00+00:00,140.0
2025-06-20 19:00:00+00:00,142.18
2025-06-20 20:00:00+00:00,137.05
2025-06-20 21:00:00+00:00,121.38
2025-06-20 22:00:00+00:00,118.53
2025-06-20 23:00:00+00:00,110.48
2025-06-21 00:00:00+00:00,108.15
2025-06-21 01:00:00+00:00,98.03
2025-06-21 02:00:00+00:00,81.62
2025-06-21 03:00:00+00:00,92.27
2025-06-21 04:00:00+00:00,98.79
2025-06-21 05:00:00+00:00,90.74
2025-06-21 06:00:00+00:00,75.93
2025-06-21 07:00:00+00:00,23.4
2025-06-21 08:00:00+00:00,2.5
2025-06-21 09:00:00+00:00,0.0
2025-06-21 10:00:00+00:00,0.0
2025-06-21 11:00:00+00:00,0.0
2025-06-21 12:00:00+00:00,0.0
2025-06-21 13:00:00+00:00,0.0
2025-06-21 14:00:00+00:00,0.1
2025-06-21 15:00:00+00:00,60.4
2025-06-21 16:00:00+00:00,98.64
2025-06-21 17:00:00+00:00,127.53
2025-06-21 18:00:00+00:00,141.99
2025-06-21 19:00:00+00:00,134.93
2025-06-21 20:00:00+00:00,138.81
2025-06-21 21:00:00+00:00,119.48
2025-06-21 22:00:00+00:00,77.02
2025-06-21 23:00:00+00:00,59.91
2025-06-22 00:00:00+00:00,39.84
2025-06-22 01:00:00+00:00,30.33
2025-06-22 02:00:00+00:00,25.0
2025-06-22 03:00:00+00:00,27.95
2025-06-22 04:00:00+00:00,28.27
2025-06-22 05:00:00+00:00,26.44
2025-06-22 06:00:00+00:00,0.0
2025-06-22 07:00:00+00:00,-0.09
2025-06-22 08:00:00+00:00,-11.11
2025-06-22 09:00:00+00:00,-33.1
2025-06-22 10:00:00+00:00,-51.14
2025-06-22 11:00:00+00:00,-78.05
2025-06-22 12:00:00+00:00,-64.35
2025-06-22 13:00:00+00:00,-32.8
2025-06-22 14:00:00+00:00,-7.49
2025-06-22 15:00:00+00:00,0.0
2025-06-22 16:00:00+00:00,27.56
2025-06-22 17:00:00+00:00,71.14
2025-06-22 18:00:00+00:00,114.12
2025-06-22 19:00:00+00:00,115.32
2025-06-22 20:00:00+00:00,112.43
2025-06-22 21:00:00+00:00,101.63
2025-06-22 22:00:00+00:00,41.21
2025-06-22 23:00:00+00:00,23.6
2025-06-23 00:00:00+00:00,15.66
2025-06-23 01:00:00+00:00,12.29
2025-06-23 02:00:00+00:00,12.2
2025-06-23 03:00:00+00:00,12.51
2025-06-23 04:00:00+00:00,19.63
2025-06-23 05:00:00+00:00,26.0
2025-06-23 06:00:00+00:00,38.41
2025-06-23 07:00:00+00:00,14.96
2025-06-23 08:00:00+00:00,0.02
2025-06-23 09:00:00+00:00,-0.01
2025-06-23 10:00:00+00:00,-1.98
2025-06-23 11:00:00+00:00,-8.89
2025-06-23 12:00:00+00:00,-17.32
2025-06-23 13:00:00+00:00,-9.53
2025-06-23 14:00:00+00:00,-0.06
2025-06-23 15:00:00+00:00,0.0
2025-06-23 16:00:00+00:00,20.98
2025-06-23 17:00:00+00:00,47.44
2025-06-23 18:00:00+00:00,94.98
2025-06-23 19:00:00+00:00,100.15
2025-06-23 20:00:00+00:00,106.5
2025-06-23 21:00:00+00:00,94.55
2025-06-23 22:00:00+00:00,81.34
2025-06-23 23:00:00+00:00,66.17
2025-06-24 00:00:00+00:00,63.79
2025-06-24 01:00:00+00:00,45.14
2025-06-24 02:00:00+00:00,46.62
2025-06-24 03:00:00+00:00,71.3
2025-06-24 04:00:00+00:00,84.53
2025-06-24 05:00:00+00:00,90.09
2025-06-24 06:00:00+00:00,73.55
2025-06-24 07:00:00+00:00,37.04
2025-06-24 08:00:00+00:00,1.34
2025-06-24 09:00:00+00:00,0.0
2025-06-24 10:00:00+00:00,-0.01
2025-06-24 11:00:00+00:00,-0.01
2025-06-24 12:00:00+00:00,-0.03
2025-06-24 13:00:00+00:00,-0.01
2025-06-24 14:00:00+00:00,7.5
2025-06-24 15:00:00+00:00,20.06
2025-06-24 16:00:00+00:00,71.95
2025-06-24 17:00:00+00:00,104.61
2025-06-24 18:00:00+00:00,125.4
2025-06-24 19:00:00+00:00,125.49
2025-06-24 20:00:00+00:00,131.91
2025-06-24 21:00:00+00:00,102.48
2025-06-24 22:00:00+00:00,84.5
2025-06-24 23:00:00+00:00,74.31
2025-06-25 00:00:00+00:00,75.51
2025-06-25 01:00:00+00:00,74.94
2025-06-25 02:00:00+00:00,76.39
2025-06-25 03:00:00+00:00,83.45
2025-06-25 04:00:00+00:00,103.14
2025-06-25 05:00:00+00:00,109.54
2025-06-25 06:00:00+00:00,104.74
2025-06-25 07:00:00+00:00,85.23
2025-06-25 08:00:00+00:00,42.63
2025-06-25 09:00:00+00:00,27.98
2025-06-25 10:00:00+00:00,15.0
2025-06-25 11:00:00+00:00,5.79
2025-06-25 12:00:00+00:00,7.94
2025-06-25 13:00:00+00:00,13.4
2025-06-25 14:00:00+00:00,27.13
2025-06-25 15:00:00+00:00,87.09
2025-06-25 16:00:00+00:00,107.05
2025-06-25 17:00:00+00:00,135.0
2025-06-25 18:00:00+00:00,143.33
2025-06-25 19:00:00+00:00,141.89
2025-06-25 20:00:00+00:00,135.0
2025-06-25 21:00:00+00:00,102.26
2025-06-25 22:00:00+00:00,119.95
2025-06-25 23:00:00+00:00,99.63
2025-06-26 00:00:00+00:00,93.02
2025-06-26 01:00:00+00:00,76.2
2025-06-26 02:00:00+00:00,77.45
2025-06-26 03:00:00+00:00,79.62
2025-06-26 04:00:00+00:00,84.95
2025-06-26 05:00:00+00:00,114.4
2025-06-26 06:00:00+00:00,106.79
2025-06-26 07:00:00+00:00,85.0
2025-06-26 08:00:00+00:00,69.02
2025-06-26 09:00:00+00:00,64.44
2025-06-26 10:00:00+00:00,62.59
2025-06-26 11:00:00+00:00,45.64
2025-06-26 12:00:00+00:00,37.39
2025-06-26 13:00:00+00:00,36.2
2025-06-26 14:00:00+00:00,37.39
2025-06-26 15:00:00+00:00,59.13
2025-06-26 16:00:00+00:00,80.09
2025-06-26 17:00:00+00:00,97.81
2025-06-26 18:00:00+00:00,114.53
2025-06-26 19:00:00+00:00,110.61
2025-06-26 20:00:00+00:00,112.12
2025-06-26 21:00:00+00:00,99.84
2025-06-26 22:00:00+00:00,87.72
2025-06-26 23:00:00+00:00,85.58
2025-06-27 00:00:00+00:00,85.15
2025-06-27 01:00:00+00:00,86.03
2025-06-27 02:00:00+00:00,82.39
2025-06-27 03:00:00+00:00,89.38
2025-06-27 04:00:00+00:00,97.99
2025-06-27 05:00:00+00:00,113.2
2025-06-27 06:00:00+00:00,107.7
2025-06-27 07:00:00+00:00,92.91
2025-06-27 08:00:00+00:00,79.56
2025-06-27 09:00:00+00:00,67.45
2025-06-27 10:00:00+00:00,54.6
2025-06-27 11:00:00+00:00,35.3
2025-06-27 12:00:00+00:00,20.96
2025-06-27 13:00:00+00:00,19.7
2025-06-27 14:00:00+00:00,36.78
2025-06-27 15:00:00+00:00,71.87
2025-06-27 16:00:00+00:00,88.27
2025-06-27 17:00:00+00:00,109.29
2025-06-27 18:00:00+00:00,116.83
2025-06-27 19:00:00+00:00,134.94
2025-06-27 20:00:00+00:00,125.71
2025-06-27 21:00:00+00:00,107.86
2025-06-27 22:00:00+00:00,95.11
2025-06-27 23:00:00+00:00,78.5
2025-06-28 00:00:00+00:00,65.57
2025-06-28 01:00:00+00:00,35.07
2025-06-28 02:00:00+00:00,51.29
2025-06-28 03:00:00+00:00,44.3
2025-06-28 04:00:00+00:00,31.81
2025-06-28 05:00:00+00:00,47.38
2025-06-28 06:00:00+00:00,27.8
2025-06-28 07:00:00+00:00,2.34
2025-06-28 08:00:00+00:00,0.01
2025-06-28 09:00:00+00:00,0.0
2025-06-28 10:00:00+00:00,-0.01
2025-06-28 11:00:00+00:00,-0.02
2025-06-28 12:00:00+00:00,-0.02
2025-06-28 13:00:00+00:00,-0.02
2025-06-28 14:00:00+00:00,2.12
2025-06-28 15:00:00+00:00,10.26
2025-06-28 16:00:00+00:00,65.0
2025-06-28 17:00:00+00:00,96.26
2025-06-28 18:00:00+00:00,110.0
2025-06-28 19:00:00+00:00,105.09
2025-06-28 20:00:00+00:00,117.48
2025-06-28 21:00:00+00:00,103.5
2025-06-28 22:00:00+00:00,95.07
2025-06-28 23:00:00+00:00,89.42
2025-06-29 00:00:00+00:00,89.66
2025-06-29 01:00:00+00:00,86.82
2025-06-29 02:00:00+00:00,84.3
2025-06-29 03:00:00+00:00,85.3
2025-06-29 04:00:00+00:00,86.0
2025-06-29 05:00:00+00:00,74.71
2025-06-29 06:00:00+00:00,47.4
2025-06-29 07:00:00+00:00,3.75
2025-06-29 08:00:00+00:00,0.0
2025-06-29 09:00:00+00:00,-0.08
2025-06-29 10:00:00+00:00,-0.02
2025-06-29 11:00:00+00:00,-0.03
2025-06-29 12:00:00+00:00,-0.09
2025-06-29 13:00:00+00:00,-0.01
2025-06-29 14:00:00+00:00,0.0
2025-06-29 15:00:00+00:00,20.0
2025-06-29 16:00:00+00:00,79.38
2025-06-29 17:00:00+00:00,102.14
2025-06-29 18:00:00+00:00,111.98
2025-06-29 19:00:00+00:00,118.07
2025-06-29 20:00:00+00:00,113.73
2025-06-29 21:00:00+00:00,101.0
2025-06-29 22:00:00+00:00,98.73
2025-06-29 23:00:00+00:00,89.03
2025-06-30 00:00:00+00:00,85.03
2025-06-30 01:00:00+00:00,84.13
2025-06-30 02:00:00+00:00,82.98
2025-06-30 03:00:00+00:00,82.02
2025-06-30 04:00:00+00:00,97.73
2025-06-30 05:00:00+00:00,111.68
2025-06-30 06:00:00+00:00,108.58
2025-06-30 07:00:00+00:00,92.42
2025-06-30 08:00:00+00:00,79.83
2025-06-30 09:00:00+00:00,69.05
2025-06-30 10:00:00+00:00,52.44
2025-06-30 11:00:00+00:00,46.31
2025-06-30 12:00:00+00:00,51.53
2025-06-30 13:00:00+00:00,64.76
2025-06-30 14:00:00+00:00,83.83
2025-06-30 15:00:00+00:00,93.57
2025-06-30 16:00:00+00:00,110.65
2025-06-30 17:00:00+00:00,178.94
2025-06-30 18:00:00+00:00,185.0
2025-06-30 19:00:00+00:00,175.01
2025-06-30 20:00:00+00:00,157.0
2025-06-30 21:00:00+00:00,122.65
2025-06-30 22:00:00+00:00,111.28
2025-06-30 23:00:00+00:00,95.41
2025-07-01 00:00:00+00:00,89.1
2025-07-01 01:00:00+00:00,88.08
2025-07-01 02:00:00+00:00,90.01
2025-07-01 03:00:00+00:00,96.64
2025-07-01 04:00:00+00:00,114.97
2025-07-01 05:00:00+00:00,120.06
2025-07-01 06:00:00+00:00,114.74
2025-07-01 07:00:00+00:00,93.19
2025-07-01 08:00:00+00:00,94.91
2025-07-01 09:00:00+00:00,80.7
2025-07-01 10:00:00+00:00,75.11
2025-07-01 11:00:00+00:00,65.53
2025-07-01 12:00:00+00:00,68.95
2025-07-01 13:00:00+00:00,78.16
2025-07-01 14:00:00+00:00,90.8
2025-07-01 15:00:00+00:00,102.65
2025-07-01 16:00:00+00:00,150.0
2025-07-01 17:00:00+00:00,223.54
2025-07-01 18:00:00+00:00,235.0
2025-07-01 19:00:00+00:00,215.0
2025-07-01 20:00:00+00:00,199.3
2025-07-01 21:00:00+00:00,129.78
2025-07-01 22:00:00+00:00,119.29
2025-07-01 23:00:00+00:00,102.71
2025-07-02 00:00:00+00:00,92.54
2025-07-02 01:00:00+00:00,92.08
2025-07-02 02:00:00+00:00,85.08
2025-07-02 03:00:00+00:00,93.47
2025-07-02 04:00:00+00:00,103.68
2025-07-02 05:00:00+00:00,107.8
2025-07-02 06:00:00+00:00,104.52
2025-07-02 07:00:00+00:00,92.73
2025-07-02 08:00:00+00:00,81.79
2025-07-02 09:00:00+00:00,76.39
2025-07-02 10:00:00+00:00,70.64
2025-07-02 11:00:00+00:00,50.29
2025-07-02 12:00:00+00:00,54.02
2025-07-02 13:00:00+00:00,71.57
2025-07-02 14:00:00+00:00,79.98
2025-07-02 15:00:00+00:00,87.61
2025-07-02 16:00:00+00:00,87.68
2025-07-02 17:00:00+00:00,119.03
2025-07-02 18:00:00+00:00,119.8
2025-07-02 19:00:00+00:00,126.16
2025-07-02 20:00:00+00:00,125.1
2025-07-02 21:00:00+00:00,108.51
2025-07-02 22:00:00+00:00,85.0
2025-07-02 23:00:00+00:00,81.62
2025-07-03 00:00:00+00:00,79.0
2025-07-03 01:00:00+00:00,78.93
2025-07-03 02:00:00+00:00,80.88
2025-07-03 03:00:00+00:00,86.45
2025-07-03 04:00:00+00:00,94.83
2025-07-03 05:00:00+00:00,101.77
2025-07-03 06:00:00+00:00,104.9
2025-07-03 07:00:00+00:00,90.45
2025-07-03 08:00:00+00:00,75.06
2025-07-03 09:00:00+00:00,57.35
2025-07-03 10:00:00+00:00,42.16
2025-07-03 11:00:00+00:00,34.82
2025-07-03 12:00:00+00:00,36.84
2025-07-03 13:00:00+00:00,56.67
2025-07-03 14:00:00+00:00,64.71
2025-07-03 15:00:00+00:00,81.0
2025-07-03 16:00:00+00:00,96.34
2025-07-03 17:00:00+00:00,109.0
2025-07-03 18:00:00+00:00,118.8
2025-07-03 19:00:00+00:00,105.87
2025-07-03 20:00:00+00:00,106.8
2025-07-03 21:00:00+00:00,86.57
2025-07-03 22:00:00+00:00,97.8
2025-07-03 23:00:00+00:00,83.0
2025-07-04 00:00:00+00:00,85.37
2025-07-04 01:00:00+00:00,75.8
2025-07-04 02:00:00+00:00,67.39
2025-07-04 03:00:00+00:00,78.65
2025-07-04 04:00:00+00:00,83.59
2025-07-04 05:00:00+00:00,103.48
2025-07-04 06:00:00+00:00,100.0
2025-07-04 07:00:00+00:00,91.15
2025-07-04 08:00:00+00:00,70.01
2025-07-04 09:00:00+00:00,20.64
2025-07-04 10:00:00+00:00,22.64
2025-07-04 11:00:00+00:00,12.34
2025-07-04 12:00:00+00:00,12.2
2025-07-04 13:00:00+00:00,25.2
2025-07-04 14:00:00+00:00,21.88
2025-07-04 15:00:00+00:00,62.04
2025-07-04 16:00:00+00:00,90.02
2025-07-04 17:00:00+00:00,108.5
2025-07-04 18:00:00+00:00,111.6
2025-07-04 19:00:00+00:00,109.13
2025-07-04 20:00:00+00:00,111.8
2025-07-04 21:00:00+00:00,96.25
2025-07-04 22:00:00+00:00,41.53
2025-07-04 23:00:00+00:00,36.29
2025-07-05 00:00:00+00:00,37.33
2025-07-05 01:00:00+00:00,30.42
2025-07-05 02:00:00+00:00,30.27
2025-07-05 03:00:00+00:00,28.73
2025-07-05 04:00:00+00:00,28.08
2025-07-05 05:00:00+00:00,39.34
2025-07-05 06:00:00+00:00,17.86
2025-07-05 07:00:00+00:00,3.34
2025-07-05 08:00:00+00:00,0.0
2025-07-05 09:00:00+00:00,-0.01
2025-07-05 10:00:00+00:00,-0.02
2025-07-05 11:00:00+00:00,-0.1
2025-07-05 12:00:00+00:00,-0.11
2025-07-05 13:00:00+00:00,-0.02
2025-07-05 14:00:00+00:00,0.37
2025-07-05 15:00:00+00:00,6.2
2025-07-05 16:00:00+00:00,41.25
2025-07-05 17:00:00+00:00,75.04
2025-07-05 18:00:00+00:00,67.67
2025-07-05 19:00:00+00:00,72.74
2025-07-05 20:00:00+00:00,100.32
2025-07-05 21:00:00+00:00,94.02
2025-07-05 22:00:00+00:00,86.18
2025-07-05 23:00:00+00:00,72.55
2025-07-06 00:00:00+00:00,57.04
2025-07-06 01:00:00+00:00,41.43
2025-07-06 02:00:00+00:00,39.28
2025-07-06 03:00:00+00:00,36.98
2025-07-06 04:00:00+00:00,33.94
2025-07-06 05:00:00+00:00,32.11
2025-07-06 06:00:00+00:00,35.35
2025-07-06 07:00:00+00:00,11.14
2025-07-06 08:00:00+00:00,18.49
2025-07-06 09:00:00+00:00,14.94
2025-07-06 10:00:00+00:00,12.69
2025-07-06 11:00:00+00:00,9.58
2025-07-06 12:00:00+00:00,2.99
2025-07-06 13:00:00+00:00,0.65
2025-07-06 14:00:00+00:00,0.65
2025-07-06 15:00:00+00:00,0.65
2025-07-06 16:00:00+00:00,11.22
2025-07-06 17:00:00+00:00,31.53
2025-07-06 18:00:00+00:00,31.61
2025-07-06 19:00:00+00:00,35.61
2025-07-06 20:00:00+00:00,70.19
2025-07-06 21:00:00+00:00,71.44
2025-07-06 22:00:00+00:00,46.35
2025-07-06 23:00:00+00:00,35.82
2025-07-07 00:00:00+00:00,38.15
2025-07-07 01:00:00+00:00,25.44
2025-07-07 02:00:00+00:00,29.2
2025-07-07 03:00:00+00:00,35.85
2025-07-07 04:00:00+00:00,40.46
2025-07-07 05:00:00+00:00,38.13
2025-07-07 06:00:00+00:00,58.71
2025-07-07 07:00:00+00:00,57.5
2025-07-07 08:00:00+00:00,37.5
2025-07-07 09:00:00+00:00,18.01
2025-07-07 10:00:00+00:00,26.99
2025-07-07 11:00:00+00:00,8.13
2025-07-07 12:00:00+00:00,8.7
2025-07-07 13:00:00+00:00,5.0
2025-07-07 14:00:00+00:00,3.6
2025-07-07 15:00:00+00:00,4.31
2025-07-07 16:00:00+00:00,34.47
2025-07-07 17:00:00+00:00,54.37
2025-07-07 18:00:00+00:00,50.2
2025-07-07 19:00:00+00:00,54.66
2025-07-07 20:00:00+00:00,92.27
2025-07-07 21:00:00+00:00,78.98
2025-07-07 22:00:00+00:00,61.85
2025-07-07 23:00:00+00:00,43.45
2025-07-08 00:00:00+00:00,39.17
2025-07-08 01:00:00+00:00,31.81
2025-07-08 02:00:00+00:00,31.91
2025-07-08 03:00:00+00:00,30.1
2025-07-08 04:00:00+00:00,38.52
2025-07-08 05:00:00+00:00,61.13
2025-07-08 06:00:00+00:00,60.0
2025-07-08 07:00:00+00:00,18.01
2025-07-08 08:00:00+00:00,4.31
2025-07-08 09:00:00+00:00,1.72
2025-07-08 10:00:00+00:00,1.72
2025-07-08 11:00:00+00:00,0.0
2025-07-08 12:00:00+00:00,0.0
2025-07-08 13:00:00+00:00,0.0
2025-07-08 14:00:00+00:00,0.0
2025-07-08 15:00:00+00:00,11.78
2025-07-08 16:00:00+00:00,45.0
2025-07-08 17:00:00+00:00,60.39
2025-07-08 18:00:00+00:00,86.87
2025-07-08 19:00:00+00:00,82.46
2025-07-08 20:00:00+00:00,101.59
2025-07-08 21:00:00+00:00,88.16
2025-07-08 22:00:00+00:00,71.99
2025-07-08 23:00:00+00:00,39.37
2025-07-09 00:00:00+00:00,33.59
2025-07-09 01:00:00+00:00,23.37
2025-07-09 02:00:00+00:00,15.28
2025-07-09 03:00:00+00:00,54.77
2025-07-09 04:00:00+00:00,15.0
2025-07-09 05:00:00+00:00,61.47
2025-07-09 06:00:00+00:00,69.13
2025-07-09 07:00:00+00:00,61.61
2025-07-09 08:00:00+00:00,20.99
2025-07-09 09:00:00+00:00,0.0
2025-07-09 10:00:00+00:00,11.68
2025-07-09 11:00:00+00:00,1.38
2025-07-09 12:00:00+00:00,0.0
2025-07-09 13:00:00+00:00,5.0
2025-07-09 14:00:00+00:00,2.93
2025-07-09 15:00:00+00:00,30.02
2025-07-09 16:00:00+00:00,64.28
2025-07-09 17:00:00+00:00,103.96
2025-07-09 18:00:00+00:00,111.23
2025-07-09 19:00:00+00:00,95.16
2025-07-09 20:00:00+00:00,115.91
2025-07-09 21:00:00+00:00,97.37
2025-07-09 22:00:00+00:00,100.91
2025-07-09 23:00:00+00:00,95.73
2025-07-10 00:00:00+00:00,89.1
2025-07-10 01:00:00+00:00,66.89
2025-07-10 02:00:00+00:00,48.68
2025-07-10 03:00:00+00:00,60.43
2025-07-10 04:00:00+00:00,86.3
2025-07-10 05:00:00+00:00,90.47
2025-07-10 06:00:00+00:00,91.42
2025-07-10 07:00:00+00:00,79.29
2025-07-10 08:00:00+00:00,33.45
2025-07-10 09:00:00+00:00,19.99
2025-07-10 10:00:00+00:00,40.5
2025-07-10 11:00:00+00:00,17.59
2025-07-10 12:00:00+00:00,11.9
2025-07-10 13:00:00+00:00,16.49
2025-07-10 14:00:00+00:00,39.27
2025-07-10 15:00:00+00:00,49.39
2025-07-10 16:00:00+00:00,70.21
2025-07-10 17:00:00+00:00,99.99
2025-07-10 18:00:00+00:00,110.04
2025-07-10 19:00:00+00:00,100.16
2025-07-10 20:00:00+00:00,111.0
2025-07-10 21:00:00+00:00,93.65
2025-07-10 22:00:00+00:00,73.12
2025-07-10 23:00:00+00:00,62.48
2025-07-11 00:00:00+00:00,51.1
2025-07-11 01:00:00+00:00,50.61
2025-07-11 02:00:00+00:00,44.16
2025-07-11 03:00:00+00:00,39.78
2025-07-11 04:00:00+00:00,56.01
2025-07-11 05:00:00+00:00,65.82
2025-07-11 06:00:00+00:00,57.2
2025-07-11 07:00:00+00:00,60.05
2025-07-11 08:00:00+00:00,50.0
2025-07-11 09:00:00+00:00,28.35
2025-07-11 10:00:00+00:00,39.46
2025-07-11 11:00:00+00:00,28.11
2025-07-11 12:00:00+00:00,32.04
2025-07-11 13:00:00+00:00,22.38
2025-07-11 14:00:00+00:00,30.7
2025-07-11 15:00:00+00:00,47.85
2025-07-11 16:00:00+00:00,66.57
2025-07-11 17:00:00+00:00,77.7
2025-07-11 18:00:00+00:00,71.92
2025-07-11 19:00:00+00:00,61.92
2025-07-11 20:00:00+00:00,98.93
2025-07-11 21:00:00+00:00,89.99
2025-07-11 22:00:00+00:00,100.0
2025-07-11 23:00:00+00:00,90.03
2025-07-12 00:00:00+00:00,82.67
2025-07-12 01:00:00+00:00,70.05
2025-07-12 02:00:00+00:00,63.95
2025-07-12 03:00:00+00:00,71.87
2025-07-12 04:00:00+00:00,69.45
2025-07-12 05:00:00+00:00,70.89
2025-07-12 06:00:00+00:00,65.6
2025-07-12 07:00:00+00:00,59.78
2025-07-12 08:00:00+00:00,18.19
2025-07-12 09:00:00+00:00,3.0
2025-07-12 10:00:00+00:00,0.22
2025-07-12 11:00:00+00:00,0.0
2025-07-12 12:00:00+00:00,0.0
2025-07-12 13:00:00+00:00,0.22
2025-07-12 14:00:00+00:00,13.68
2025-07-12 15:00:00+00:00,35.0
2025-07-12 16:00:00+00:00,50.08
2025-07-12 17:00:00+00:00,75.4
2025-07-12 18:00:00+00:00,107.75
2025-07-12 19:00:00+00:00,99.72
2025-07-12 20:00:00+00:00,117.17
2025-07-12 21:00:00+00:00,105.98
2025-07-12 22:00:00+00:00,95.66
2025-07-12 23:00:00+00:00,87.25
2025-07-13 00:00:00+00:00,74.89
2025-07-13 01:00:00+00:00,60.72
2025-07-13 02:00:00+00:00,55.25
2025-07-13 03:00:00+00:00,54.07
2025-07-13 04:00:00+00:00,51.09
2025-07-13 05:00:00+00:00,62.31
2025-07-13 06:00:00+00:00,55.0
2025-07-13 07:00:00+00:00,22.5
2025-07-13 08:00:00+00:00,4.28
2025-07-13 09:00:00+00:00,0.05
2025-07-13 10:00:00+00:00,0.0
2025-07-13 11:00:00+00:00,0.0
2025-07-13 12:00:00+00:00,0.0
2025-07-13 13:00:00+00:00,0.0
2025-07-13 14:00:00+00:00,1.0
2025-07-13 15:00:00+00:00,9.37
2025-07-13 16:00:00+00:00,30.39
2025-07-13 17:00:00+00:00,70.1
2025-07-13 18:00:00+00:00,107.69
2025-07-13 19:00:00+00:00,122.8
2025-07-13 20:00:00+00:00,126.94
2025-07-13 21:00:00+00:00,114.4
2025-07-13 22:00:00+00:00,85.26
2025-07-13 23:00:00+00:00,71.56
2025-07-14 00:00:00+00:00,49.28
2025-07-14 01:00:00+00:00,51.95
2025-07-14 02:00:00+00:00,41.39
2025-07-14 03:00:00+00:00,35.78
2025-07-14 04:00:00+00:00,40.19
2025-07-14 05:00:00+00:00,31.17
2025-07-14 06:00:00+00:00,28.27
2025-07-14 07:00:00+00:00,38.53
2025-07-14 08:00:00+00:00,37.05
2025-07-14 09:00:00+00:00,30.34
2025-07-14 10:00:00+00:00,34.06
2025-07-14 11:00:00+00:00,38.8
2025-07-14 12:00:00+00:00,31.49
2025-07-14 13:00:00+00:00,18.21
2025-07-14 14:00:00+00:00,27.09
2025-07-14 15:00:00+00:00,47.5
2025-07-14 16:00:00+00:00,54.14
2025-07-14 17:00:00+00:00,77.76
2025-07-14 18:00:00+00:00,86.23
2025-07-14 19:00:00+00:00,89.29
2025-07-14 20:00:00+00:00,117.84
2025-07-14 21:00:00+00:00,113.83
2025-07-14 22:00:00+00:00,76.77
2025-07-14 23:00:00+00:00,57.2
2025-07-15 00:00:00+00:00,63.01
2025-07-15 01:00:00+00:00,59.29
2025-07-15 02:00:00+00:00,54.1
2025-07-15 03:00:00+00:00,63.78
2025-07-15 04:00:00+00:00,69.52
2025-07-15 05:00:00+00:00,84.47
2025-07-15 06:00:00+00:00,94.16
2025-07-15 07:00:00+00:00,72.97
2025-07-15 08:00:00+00:00,30.5
2025-07-15 09:00:00+00:00,39.87
2025-07-15 10:00:00+00:00,46.2
2025-07-15 11:00:00+00:00,34.82
2025-07-15 12:00:00+00:00,25.8
2025-07-15 13:00:00+00:00,21.39
2025-07-15 14:00:00+00:00,20.82
2025-07-15 15:00:00+00:00,38.4
2025-07-15 16:00:00+00:00,44.77
2025-07-15 17:00:00+00:00,65.89
2025-07-15 18:00:00+00:00,74.46
2025-07-15 19:00:00+00:00,79.57
2025-07-15 20:00:00+00:00,100.79
2025-07-15 21:00:00+00:00,78.19
2025-07-15 22:00:00+00:00,74.97
2025-07-15 23:00:00+00:00,56.53
2025-07-16 00:00:00+00:00,55.26
2025-07-16 01:00:00+00:00,48.19
2025-07-16 02:00:00+00:00,44.71
2025-07-16 03:00:00+00:00,46.97
2025-07-16 04:00:00+00:00,52.33
2025-07-16 05:00:00+00:00,62.55
2025-07-16 06:00:00+00:00,75.2
2025-07-16 07:00:00+00:00,66.99
2025-07-16 08:00:00+00:00,42.63
2025-07-16 09:00:00+00:00,28.81
2025-07-16 10:00:00+00:00,53.6
2025-07-16 11:00:00+00:00,36.26
2025-07-16 12:00:00+00:00,33.25
2025-07-16 13:00:00+00:00,29.01
2025-07-16 14:00:00+00:00,39.76
2025-07-16 15:00:00+00:00,57.57
2025-07-16 16:00:00+00:00,79.1
2025-07-16 17:00:00+00:00,109.62
2025-07-16 18:00:00+00:00,122.84
2025-07-16 19:00:00+00:00,108.4
2025-07-16 20:00:00+00:00,117.4
2025-07-16 21:00:00+00:00,111.14
2025-07-16 22:00:00+00:00,104.23
2025-07-16 23:00:00+00:00,98.38
2025-07-17 00:00:00+00:00,90.1
2025-07-17 01:00:00+00:00,83.77
2025-07-17 02:00:00+00:00,82.12
2025-07-17 03:00:00+00:00,89.16
2025-07-17 04:00:00+00:00,87.05
2025-07-17 05:00:00+00:00,101.62
2025-07-17 06:00:00+00:00,105.92
2025-07-17 07:00:00+00:00,93.1
2025-07-17 08:00:00+00:00,85.0
2025-07-17 09:00:00+00:00,77.07
2025-07-17 10:00:00+00:00,70.17
2025-07-17 11:00:00+00:00,56.14
2025-07-17 12:00:00+00:00,51.21
2025-07-17 13:00:00+00:00,66.56
2025-07-17 14:00:00+00:00,76.81
2025-07-17 15:00:00+00:00,84.36
2025-07-17 16:00:00+00:00,91.52
2025-07-17 17:00:00+00:00,108.66
2025-07-17 18:00:00+00:00,121.41
2025-07-17 19:00:00+00:00,125.8
2025-07-17 20:00:00+00:00,125.07
2025-07-17 21:00:00+00:00,114.18
2025-07-17 22:00:00+00:00,100.97
2025-07-17 23:00:00+00:00,92.22
2025-07-18 00:00:00+00:00,91.21
2025-07-18 01:00:00+00:00,82.52
2025-07-18 02:00:00+00:00,78.45
2025-07-18 03:00:00+00:00,84.31
2025-07-18 04:00:00+00:00,90.32
2025-07-18 05:00:00+00:00,105.08
2025-07-18 06:00:00+00:00,109.39
2025-07-18 07:00:00+00:00,90.64
2025-07-18 08:00:00+00:00,80.0
2025-07-18 09:00:00+00:00,81.58
2025-07-18 10:00:00+00:00,80.0
2025-07-18 11:00:00+00:00,73.02
2025-07-18 12:00:00+00:00,71.2
2025-07-18 13:00:00+00:00,72.68
2025-07-18 14:00:00+00:00,79.4
2025-07-18 15:00:00+00:00,83.22
2025-07-18 16:00:00+00:00,93.97
2025-07-18 17:00:00+00:00,108.1
2025-07-18 18:00:00+00:00,110.0
2025-07-18 19:00:00+00:00,119.39
2025-07-18 20:00:00+00:00,119.19
2025-07-18 21:00:00+00:00,111.65
2025-07-18 22:00:00+00:00,98.8
2025-07-18 23:00:00+00:00,90.79
2025-07-19 00:00:00+00:00,79.71
2025-07-19 01:00:00+00:00,53.41
2025-07-19 02:00:00+00:00,49.57
2025-07-19 03:00:00+00:00,48.62
2025-07-19 04:00:00+00:00,47.99
2025-07-19 05:00:00+00:00,56.25
2025-07-19 06:00:00+00:00,56.62
2025-07-19 07:00:00+00:00,34.46
2025-07-19 08:00:00+00:00,10.0
2025-07-19 09:00:00+00:00,0.65
2025-07-19 10:00:00+00:00,0.0
2025-07-19 11:00:00+00:00,0.0
2025-07-19 12:00:00+00:00,0.0
2025-07-19 13:00:00+00:00,2.37
2025-07-19 14:00:00+00:00,18.82
2025-07-19 15:00:00+00:00,19.38
2025-07-19 16:00:00+00:00,30.16
2025-07-19 17:00:00+00:00,42.32
2025-07-19 18:00:00+00:00,72.92
2025-07-19 19:00:00+00:00,94.17
2025-07-19 20:00:00+00:00,106.8
2025-07-19 21:00:00+00:00,96.25
2025-07-19 22:00:00+00:00,51.61
2025-07-19 23:00:00+00:00,43.01
2025-07-20 00:00:00+00:00,25.5
2025-07-20 01:00:00+00:00,22.64
2025-07-20 02:00:00+00:00,21.83
2025-07-20 03:00:00+00:00,19.99
2025-07-20 04:00:00+00:00,16.32
2025-07-20 05:00:00+00:00,20.76
2025-07-20 06:00:00+00:00,3.6
2025-07-20 07:00:00+00:00,0.65
2025-07-20 08:00:00+00:00,0.0
2025-07-20 09:00:00+00:00,0.0
2025-07-20 10:00:00+00:00,0.0
2025-07-20 11:00:00+00:00,-0.01
2025-07-20 12:00:00+00:00,-0.01
2025-07-20 13:00:00+00:00,0.0
2025-07-20 14:00:00+00:00,3.08
2025-07-20 15:00:00+00:00,0.0
2025-07-20 16:00:00+00:00,5.99
2025-07-20 17:00:00+00:00,11.17
2025-07-20 18:00:00+00:00,43.81
2025-07-20 19:00:00+00:00,50.8
2025-07-20 20:00:00+00:00,78.33
2025-07-20 21:00:00+00:00,74.93
2025-07-20 22:00:00+00:00,58.02
2025-07-20 23:00:00+00:00,40.53
2025-07-21 00:00:00+00:00,26.72
2025-07-21 01:00:00+00:00,21.12
2025-07-21 02:00:00+00:00,17.88
2025-07-21 03:00:00+00:00,22.77
2025-07-21 04:00:00+00:00,22.08
2025-07-21 05:00:00+00:00,25.09
2025-07-21 06:00:00+00:00,19.41
2025-07-21 07:00:00+00:00,0.0
2025-07-21 08:00:00+00:00,0.0
2025-07-21 09:00:00+00:00,6.0
2025-07-21 10:00:00+00:00,15.23
2025-07-21 11:00:00+00:00,22.63
2025-07-21 12:00:00+00:00,17.22
2025-07-21 13:00:00+00:00,16.01
2025-07-21 14:00:00+00:00,8.93
2025-07-21 15:00:00+00:00,16.19
2025-07-21 16:00:00+00:00,21.61
2025-07-21 17:00:00+00:00,42.98
2025-07-21 18:00:00+00:00,29.33
2025-07-21 19:00:00+00:00,34.2
2025-07-21 20:00:00+00:00,55.35
2025-07-21 21:00:00+00:00,44.9
2025-07-21 22:00:00+00:00,81.13
2025-07-21 23:00:00+00:00,71.19
2025-07-22 00:00:00+00:00,67.28
2025-07-22 01:00:00+00:00,54.57
2025-07-22 02:00:00+00:00,46.63
2025-07-22 03:00:00+00:00,63.19
2025-07-22 04:00:00+00:00,79.07
2025-07-22 05:00:00+00:00,61.41
2025-07-22 06:00:00+00:00,76.26
2025-07-22 07:00:00+00:00,50.52
2025-07-22 08:00:00+00:00,28.86
2025-07-22 09:00:00+00:00,29.99
2025-07-22 10:00:00+00:00,27.67
2025-07-22 11:00:00+00:00,12.63
2025-07-22 12:00:00+00:00,4.18
2025-07-22 13:00:00+00:00,1.14
2025-07-22 14:00:00+00:00,27.05
2025-07-22 15:00:00+00:00,35.01
2025-07-22 16:00:00+00:00,69.07
2025-07-22 17:00:00+00:00,91.59
2025-07-22 18:00:00+00:00,113.92
2025-07-22 19:00:00+00:00,113.93
2025-07-22 20:00:00+00:00,109.1
2025-07-22 21:00:00+00:00,103.6
2025-07-22 22:00:00+00:00,89.79
2025-07-22 23:00:00+00:00,82.64
2025-07-23 00:00:00+00:00,80.94
2025-07-23 01:00:00+00:00,78.26
2025-07-23 02:00:00+00:00,77.83
2025-07-23 03:00:00+00:00,81.11
2025-07-23 04:00:00+00:00,90.87
2025-07-23 05:00:00+00:00,100.5
2025-07-23 06:00:00+00:00,96.5
2025-07-23 07:00:00+00:00,83.31
2025-07-23 08:00:00+00:00,76.4
2025-07-23 09:00:00+00:00,68.64
2025-07-23 10:00:00+00:00,61.97
2025-07-23 11:00:00+00:00,51.89
2025-07-23 12:00:00+00:00,44.88
2025-07-23 13:00:00+00:00,50.38
2025-07-23 14:00:00+00:00,71.63
2025-07-23 15:00:00+00:00,82.17
2025-07-23 16:00:00+00:00,92.17
2025-07-23 17:00:00+00:00,104.98
2025-07-23 18:00:00+00:00,111.63
2025-07-23 19:00:00+00:00,112.0
2025-07-23 20:00:00+00:00,109.96
2025-07-23 21:00:00+00:00,100.39
2025-07-23 22:00:00+00:00,96.24
2025-07-23 23:00:00+00:00,87.36
2025-07-24 00:00:00+00:00,81.88
2025-07-24 01:00:00+00:00,71.79
2025-07-24 02:00:00+00:00,63.27
2025-07-24 03:00:00+00:00,80.9
2025-07-24 04:00:00+00:00,85.62
2025-07-24 05:00:00+00:00,90.44
2025-07-24 06:00:00+00:00,103.04
2025-07-24 07:00:00+00:00,90.83
2025-07-24 08:00:00+00:00,70.9
2025-07-24 09:00:00+00:00,65.64
2025-07-24 10:00:00+00:00,71.05
2025-07-24 11:00:00+00:00,34.04
2025-07-24 12:00:00+00:00,28.0
2025-07-24 13:00:00+00:00,37.02
2025-07-24 14:00:00+00:00,26.53
2025-07-24 15:00:00+00:00,41.42
2025-07-24 16:00:00+00:00,74.72
2025-07-24 17:00:00+00:00,92.29
2025-07-24 18:00:00+00:00,87.93
2025-07-24 19:00:00+00:00,90.92
2025-07-24 20:00:00+00:00,109.19
2025-07-24 21:00:00+00:00,102.06
2025-07-24 22:00:00+00:00,88.69
2025-07-24 23:00:00+00:00,96.52
2025-07-25 00:00:00+00:00,78.48
2025-07-25 01:00:00+00:00,58.99
2025-07-25 02:00:00+00:00,51.97
2025-07-25 03:00:00+00:00,63.43
2025-07-25 04:00:00+00:00,77.97
2025-07-25 05:00:00+00:00,85.98
2025-07-25 06:00:00+00:00,98.35
2025-07-25 07:00:00+00:00,86.44
2025-07-25 08:00:00+00:00,62.4
2025-07-25 09:00:00+00:00,65.74
2025-07-25 10:00:00+00:00,59.01
2025-07-25 11:00:00+00:00,35.04
2025-07-25 12:00:00+00:00,16.2
2025-07-25 13:00:00+00:00,40.81
2025-07-25 14:00:00+00:00,46.49
2025-07-25 15:00:00+00:00,58.52
2025-07-25 16:00:00+00:00,63.23
2025-07-25 17:00:00+00:00,94.9
2025-07-25 18:00:00+00:00,85.0
2025-07-25 19:00:00+00:00,104.72
2025-07-25 20:00:00+00:00,105.0
2025-07-25 21:00:00+00:00,81.96
2025-07-25 22:00:00+00:00,96.27
2025-07-25 23:00:00+00:00,77.16
2025-07-26 00:00:00+00:00,66.28
2025-07-26 01:00:00+00:00,56.84
2025-07-26 02:00:00+00:00,46.4
2025-07-26 03:00:00+00:00,50.74
2025-07-26 04:00:00+00:00,57.33
2025-07-26 05:00:00+00:00,55.01
2025-07-26 06:00:00+00:00,41.05
2025-07-26 07:00:00+00:00,33.2
2025-07-26 08:00:00+00:00,17.69
2025-07-26 09:00:00+00:00,13.78
2025-07-26 10:00:00+00:00,18.0
2025-07-26 11:00:00+00:00,14.58
2025-07-26 12:00:00+00:00,8.67
2025-07-26 13:00:00+00:00,8.15
2025-07-26 14:00:00+00:00,5.98
2025-07-26 15:00:00+00:00,17.3
2025-07-26 16:00:00+00:00,27.13
2025-07-26 17:00:00+00:00,49.33
2025-07-26 18:00:00+00:00,65.29
2025-07-26 19:00:00+00:00,92.57
2025-07-26 20:00:00+00:00,100.0
2025-07-26 21:00:00+00:00,90.66
2025-07-26 22:00:00+00:00,60.5
2025-07-26 23:00:00+00:00,49.86
2025-07-27 00:00:00+00:00,48.9
2025-07-27 01:00:00+00:00,32.09
2025-07-27 02:00:00+00:00,37.92
2025-07-27 03:00:00+00:00,40.01
2025-07-27 04:00:00+00:00,40.16
2025-07-27 05:00:00+00:00,50.0
2025-07-27 06:00:00+00:00,32.34
2025-07-27 07:00:00+00:00,23.69
2025-07-27 08:00:00+00:00,14.77
2025-07-27 09:00:00+00:00,33.17
2025-07-27 10:00:00+00:00,31.66
2025-07-27 11:00:00+00:00,15.04
2025-07-27 12:00:00+00:00,8.85
2025-07-27 13:00:00+00:00,12.93
2025-07-27 14:00:00+00:00,16.14
2025-07-27 15:00:00+00:00,24.0
2025-07-27 16:00:00+00:00,23.3
2025-07-27 17:00:00+00:00,35.32
2025-07-27 18:00:00+00:00,40.0
2025-07-27 19:00:00+00:00,62.67
2025-07-27 20:00:00+00:00,88.64
2025-07-27 21:00:00+00:00,66.95
2025-07-27 22:00:00+00:00,62.29
2025-07-27 23:00:00+00:00,55.75
2025-07-28 00:00:00+00:00,48.95
2025-07-28 01:00:00+00:00,19.96
2025-07-28 02:00:00+00:00,38.0
2025-07-28 03:00:00+00:00,45.07
2025-07-28 04:00:00+00:00,50.0
2025-07-28 05:00:00+00:00,56.23
2025-07-28 06:00:00+00:00,63.71
2025-07-28 07:00:00+00:00,30.0
2025-07-28 08:00:00+00:00,20.59
2025-07-28 09:00:00+00:00,22.49
2025-07-28 10:00:00+00:00,21.87
2025-07-28 11:00:00+00:00,20.22
2025-07-28 12:00:00+00:00,11.17
2025-07-28 13:00:00+00:00,10.87
2025-07-28 14:00:00+00:00,14.35
2025-07-28 15:00:00+00:00,22.97
2025-07-28 16:00:00+00:00,44.3
2025-07-28 17:00:00+00:00,60.11
2025-07-28 18:00:00+00:00,60.0
2025-07-28 19:00:00+00:00,74.98
2025-07-28 20:00:00+00:00,88.54
2025-07-28 21:00:00+00:00,63.25
2025-07-28 22:00:00+00:00,50.68
2025-07-28 23:00:00+00:00,37.97
2025-07-29 00:00:00+00:00,34.78
2025-07-29 01:00:00+00:00,32.0
2025-07-29 02:00:00+00:00,22.98
2025-07-29 03:00:00+00:00,34.78
2025-07-29 04:00:00+00:00,45.0
2025-07-29 05:00:00+00:00,50.0
2025-07-29 06:00:00+00:00,49.45
2025-07-29 07:00:00+00:00,35.61
2025-07-29 08:00:00+00:00,11.73
2025-07-29 09:00:00+00:00,25.25
2025-07-29 10:00:00+00:00,25.92
2025-07-29 11:00:00+00:00,5.34
2025-07-29 12:00:00+00:00,3.78
2025-07-29 13:00:00+00:00,8.51
2025-07-29 14:00:00+00:00,22.87
2025-07-29 15:00:00+00:00,51.53
2025-07-29 16:00:00+00:00,48.97
2025-07-29 17:00:00+00:00,72.14
2025-07-29 18:00:00+00:00,57.58
2025-07-29 19:00:00+00:00,98.0
2025-07-29 20:00:00+00:00,103.27
2025-07-29 21:00:00+00:00,84.13
2025-07-29 22:00:00+00:00,54.44
2025-07-29 23:00:00+00:00,50.92
2025-07-30 00:00:00+00:00,43.75
2025-07-30 01:00:00+00:00,38.48
2025-07-30 02:00:00+00:00,32.55
2025-07-30 03:00:00+00:00,38.48
2025-07-30 04:00:00+00:00,45.51
2025-07-30 05:00:00+00:00,72.96
2025-07-30 06:00:00+00:00,57.38
2025-07-30 07:00:00+00:00,46.74
2025-07-30 08:00:00+00:00,33.59
2025-07-30 09:00:00+00:00,39.88
2025-07-30 10:00:00+00:00,24.79
2025-07-30 11:00:00+00:00,17.69
2025-07-30 12:00:00+00:00,10.7
2025-07-30 13:00:00+00:00,24.21
2025-07-30 14:00:00+00:00,19.89
2025-07-30 15:00:00+00:00,31.06
2025-07-30 16:00:00+00:00,40.75
2025-07-30 17:00:00+00:00,69.55
2025-07-30 18:00:00+00:00,77.99
2025-07-30 19:00:00+00:00,101.49
2025-07-30 20:00:00+00:00,104.36
2025-07-30 21:00:00+00:00,92.18
2025-07-30 22:00:00+00:00,90.0
2025-07-30 23:00:00+00:00,77.37
2025-07-31 00:00:00+00:00,71.07
2025-07-31 01:00:00+00:00,58.38
2025-07-31 02:00:00+00:00,57.75
2025-07-31 03:00:00+00:00,59.01
2025-07-31 04:00:00+00:00,81.96
2025-07-31 05:00:00+00:00,100.46
2025-07-31 06:00:00+00:00,91.55
2025-07-31 07:00:00+00:00,51.31
2025-07-31 08:00:00+00:00,30.5
2025-07-31 09:00:00+00:00,23.92
2025-07-31 10:00:00+00:00,29.01
2025-07-31 11:00:00+00:00,23.5
2025-07-31 12:00:00+00:00,25.26
2025-07-31 13:00:00+00:00,28.5
2025-07-31 14:00:00+00:00,30.0
2025-07-31 15:00:00+00:00,42.11
2025-07-31 16:00:00+00:00,64.24
2025-07-31 17:00:00+00:00,86.71
2025-07-31 18:00:00+00:00,107.99
2025-07-31 19:00:00+00:00,114.45
2025-07-31 20:00:00+00:00,110.27
2025-07-31 21:00:00+00:00,98.32
2025-07-31 22:00:00+00:00,102.22
2025-07-31 23:00:00+00:00,93.47
2025-08-01 00:00:00+00:00,81.0
2025-08-01 01:00:00+00:00,72.55
2025-08-01 02:00:00+00:00,63.98
2025-08-01 03:00:00+00:00,73.6
2025-08-01 04:00:00+00:00,83.14
2025-08-01 05:00:00+00:00,100.62
2025-08-01 06:00:00+00:00,100.0
2025-08-01 07:00:00+00:00,65.06
2025-08-01 08:00:00+00:00,45.81
2025-08-01 09:00:00+00:00,35.08
2025-08-01 10:00:00+00:00,31.87
2025-08-01 11:00:00+00:00,25.06
2025-08-01 12:00:00+00:00,20.01
2025-08-01 13:00:00+00:00,13.43
2025-08-01 14:00:00+00:00,17.42
2025-08-01 15:00:00+00:00,27.47
2025-08-01 16:00:00+00:00,44.8
2025-08-01 17:00:00+00:00,70.12
2025-08-01 18:00:00+00:00,87.34
2025-08-01 19:00:00+00:00,103.02
2025-08-01 20:00:00+00:00,102.52
2025-08-01 21:00:00+00:00,95.41
2025-08-01 22:00:00+00:00,97.8
2025-08-01 23:00:00+00:00,77.08
2025-08-02 00:00:00+00:00,65.27
2025-08-02 01:00:00+00:00,49.56
2025-08-02 02:00:00+00:00,43.33
2025-08-02 03:00:00+00:00,44.29
2025-08-02 04:00:00+00:00,51.08
2025-08-02 05:00:00+00:00,49.81
2025-08-02 06:00:00+00:00,37.33
2025-08-02 07:00:00+00:00,23.91
2025-08-02 08:00:00+00:00,16.54
2025-08-02 09:00:00+00:00,5.68
2025-08-02 10:00:00+00:00,2.95
2025-08-02 11:00:00+00:00,0.0
2025-08-02 12:00:00+00:00,0.0
2025-08-02 13:00:00+00:00,0.0
2025-08-02 14:00:00+00:00,0.0
2025-08-02 15:00:00+00:00,8.59
2025-08-02 16:00:00+00:00,34.31
2025-08-02 17:00:00+00:00,65.01
2025-08-02 18:00:00+00:00,74.53
2025-08-02 19:00:00+00:00,99.64
2025-08-02 20:00:00+00:00,99.64
2025-08-02 21:00:00+00:00,80.5
2025-08-02 22:00:00+00:00,80.4
2025-08-02 23:00:00+00:00,69.26
2025-08-03 00:00:00+00:00,42.96
2025-08-03 01:00:00+00:00,37.38
2025-08-03 02:00:00+00:00,30.02
2025-08-03 03:00:00+00:00,30.2
2025-08-03 04:00:00+00:00,32.03
2025-08-03 05:00:00+00:00,26.28
2025-08-03 06:00:00+00:00,6.16
2025-08-03 07:00:00+00:00,0.0
2025-08-03 08:00:00+00:00,-1.01
2025-08-03 09:00:00+00:00,-2.1
2025-08-03 10:00:00+00:00,-3.0
2025-08-03 11:00:00+00:00,-9.9
2025-08-03 12:00:00+00:00,-10.08
2025-08-03 13:00:00+00:00,-4.98
2025-08-03 14:00:00+00:00,-1.49
2025-08-03 15:00:00+00:00,-0.01
2025-08-03 16:00:00+00:00,12.51
2025-08-03 17:00:00+00:00,40.0
2025-08-03 18:00:00+00:00,78.2
2025-08-03 19:00:00+00:00,96.13
2025-08-03 20:00:00+00:00,97.4
2025-08-03 21:00:00+00:00,85.09
2025-08-03 22:00:00+00:00,80.99
2025-08-03 23:00:00+00:00,70.07
2025-08-04 00:00:00+00:00,69.97
2025-08-04 01:00:00+00:00,63.8
2025-08-04 02:00:00+00:00,61.78
2025-08-04 03:00:00+00:00,65.7
2025-08-04 04:00:00+00:00,74.33
2025-08-04 05:00:00+00:00,78.83
2025-08-04 06:00:00+00:00,78.43
2025-08-04 07:00:00+00:00,52.57
2025-08-04 08:00:00+00:00,30.0
2025-08-04 09:00:00+00:00,13.75
2025-08-04 10:00:00+00:00,6.76
2025-08-04 11:00:00+00:00,4.05
2025-08-04 12:00:00+00:00,0.65
2025-08-04 13:00:00+00:00,0.0
2025-08-04 14:00:00+00:00,5.79
2025-08-04 15:00:00+00:00,7.28
2025-08-04 16:00:00+00:00,38.94
2025-08-04 17:00:00+00:00,63.7
2025-08-04 18:00:00+00:00,70.25
2025-08-04 19:00:00+00:00,74.0
2025-08-04 20:00:00+00:00,67.14
2025-08-04 21:00:00+00:00,49.4
2025-08-04 22:00:00+00:00,8.46
2025-08-04 23:00:00+00:00,-0.07
2025-08-05 00:00:00+00:00,-0.01
2025-08-05 01:00:00+00:00,-0.06
2025-08-05 02:00:00+00:00,-0.25
2025-08-05 03:00:00+00:00,-0.11
2025-08-05 04:00:00+00:00,0.02
2025-08-05 05:00:00+00:00,2.77
2025-08-05 06:00:00+00:00,0.0
2025-08-05 07:00:00+00:00,-0.03
2025-08-05 08:00:00+00:00,-2.78
2025-08-05 09:00:00+00:00,-3.54
2025-08-05 10:00:00+00:00,-9.65
2025-08-05 11:00:00+00:00,-24.02
2025-08-05 12:00:00+00:00,-19.5
2025-08-05 13:00:00+00:00,-14.94
2025-08-05 14:00:00+00:00,-14.44
2025-08-05 15:00:00+00:00,-0.02
2025-08-05 16:00:00+00:00,3.0
2025-08-05 17:00:00+00:00,46.4
2025-08-05 18:00:00+00:00,73.5
2025-08-05 19:00:00+00:00,82.56
2025-08-05 20:00:00+00:00,88.22
2025-08-05 21:00:00+00:00,74.95
2025-08-05 22:00:00+00:00,75.63
2025-08-05 23:00:00+00:00,40.07
2025-08-06 00:00:00+00:00,34.8
2025-08-06 01:00:00+00:00,31.1
2025-08-06 02:00:00+00:00,41.95
2025-08-06 03:00:00+00:00,47.55
2025-08-06 04:00:00+00:00,51.35
2025-08-06 05:00:00+00:00,78.89
2025-08-06 06:00:00+00:00,83.19
2025-08-06 07:00:00+00:00,29.71
2025-08-06 08:00:00+00:00,-0.01
2025-08-06 09:00:00+00:00,-0.76
2025-08-06 10:00:00+00:00,-0.02
2025-08-06 11:00:00+00:00,-0.02
2025-08-06 12:00:00+00:00,-1.02
2025-08-06 13:00:00+00:00,-0.03
2025-08-06 14:00:00+00:00,3.18
2025-08-06 15:00:00+00:00,52.0
2025-08-06 16:00:00+00:00,80.32
2025-08-06 17:00:00+00:00,106.22
2025-08-06 18:00:00+00:00,114.64
2025-08-06 19:00:00+00:00,117.02
2025-08-06 20:00:00+00:00,110.0
2025-08-06 21:00:00+00:00,90.54
2025-08-06 22:00:00+00:00,88.42
2025-08-06 23:00:00+00:00,61.2
2025-08-07 00:00:00+00:00,44.63
2025-08-07 01:00:00+00:00,52.66
2025-08-07 02:00:00+00:00,46.6
2025-08-07 03:00:00+00:00,41.73
2025-08-07 04:00:00+00:00,42.97
2025-08-07 05:00:00+00:00,71.97
2025-08-07 06:00:00+00:00,77.02
2025-08-07 07:00:00+00:00,71.65
2025-08-07 08:00:00+00:00,22.23
2025-08-07 09:00:00+00:00,0.0
2025-08-07 10:00:00+00:00,-0.01
2025-08-07 11:00:00+00:00,-0.02
2025-08-07 12:00:00+00:00,-0.07
2025-08-07 13:00:00+00:00,-0.01
2025-08-07 14:00:00+00:00,3.81
2025-08-07 15:00:00+00:00,48.97
2025-08-07 16:00:00+00:00,70.0
2025-08-07 17:00:00+00:00,101.53
2025-08-07 18:00:00+00:00,115.42
2025-08-07 19:00:00+00:00,110.74
2025-08-07 20:00:00+00:00,110.0
2025-08-07 21:00:00+00:00,101.28
2025-08-07 22:00:00+00:00,72.13
2025-08-07 23:00:00+00:00,64.44
2025-08-08 00:00:00+00:00,53.67
2025-08-08 01:00:00+00:00,47.28
2025-08-08 02:00:00+00:00,52.29
2025-08-08 03:00:00+00:00,70.28
2025-08-08 04:00:00+00:00,73.0
2025-08-08 05:00:00+00:00,84.5
2025-08-08 06:00:00+00:00,78.69
2025-08-08 07:00:00+00:00,68.65
2025-08-08 08:00:00+00:00,41.13
2025-08-08 09:00:00+00:00,8.46
2025-08-08 10:00:00+00:00,0.0
2025-08-08 11:00:00+00:00,-0.01
2025-08-08 12:00:00+00:00,-0.02
2025-08-08 13:00:00+00:00,-0.01
2025-08-08 14:00:00+00:00,10.49
2025-08-08 15:00:00+00:00,49.77
2025-08-08 16:00:00+00:00,68.62
2025-08-08 17:00:00+00:00,104.07
2025-08-08 18:00:00+00:00,96.16
2025-08-08 19:00:00+00:00,77.17
2025-08-08 20:00:00+00:00,85.7
2025-08-08 21:00:00+00:00,86.2
2025-08-08 22:00:00+00:00,86.26
2025-08-08 23:00:00+00:00,70.13
2025-08-09 00:00:00+00:00,54.77
2025-08-09 01:00:00+00:00,42.0
2025-08-09 02:00:00+00:00,41.4
2025-08-09 03:00:00+00:00,44.03
2025-08-09 04:00:00+00:00,50.95
2025-08-09 05:00:00+00:00,47.81
2025-08-09 06:00:00+00:00,46.33
2025-08-09 07:00:00+00:00,15.34
2025-08-09 08:00:00+00:00,-0.02
2025-08-09 09:00:00+00:00,-1.0
2025-08-09 10:00:00+00:00,-0.02
2025-08-09 11:00:00+00:00,-4.74
2025-08-09 12:00:00+00:00,-7.75
2025-08-09 13:00:00+00:00,-3.96
2025-08-09 14:00:00+00:00,-0.05
2025-08-09 15:00:00+00:00,3.52
2025-08-09 16:00:00+00:00,28.61
2025-08-09 17:00:00+00:00,69.99
2025-08-09 18:00:00+00:00,85.71
2025-08-09 19:00:00+00:00,78.95
2025-08-09 20:00:00+00:00,86.33
2025-08-09 21:00:00+00:00,78.91
2025-08-09 22:00:00+00:00,77.88
2025-08-09 23:00:00+00:00,67.28
2025-08-10 00:00:00+00:00,58.05
2025-08-10 01:00:00+00:00,49.32
2025-08-10 02:00:00+00:00,46.22
2025-08-10 03:00:00+00:00,46.01
2025-08-10 04:00:00+00:00,42.41
2025-08-10 05:00:00+00:00,49.65
2025-08-10 06:00:00+00:00,26.87
2025-08-10 07:00:00+00:00,-0.01
2025-08-10 08:00:00+00:00,-2.26
2025-08-10 09:00:00+00:00,-15.6
2025-08-10 10:00:00+00:00,-14.05
2025-08-10 11:00:00+00:00,-36.19
2025-08-10 12:00:00+00:00,-50.29
2025-08-10 13:00:00+00:00,-21.0
2025-08-10 14:00:00+00:00,-1.16
2025-08-10 15:00:00+00:00,1.72
2025-08-10 16:00:00+00:00,26.5
2025-08-10 17:00:00+00:00,80.5
2025-08-10 18:00:00+00:00,98.01
2025-08-10 19:00:00+00:00,96.14
2025-08-10 20:00:00+00:00,90.59
2025-08-10 21:00:00+00:00,75.57
2025-08-10 22:00:00+00:00,34.57
2025-08-10 23:00:00+00:00,31.08
2025-08-11 00:00:00+00:00,41.46
2025-08-11 01:00:00+00:00,36.32
2025-08-11 02:00:00+00:00,38.25
2025-08-11 03:00:00+00:00,40.37
2025-08-11 04:00:00+00:00,39.06
2025-08-11 05:00:00+00:00,34.4
2025-08-11 06:00:00+00:00,50.14
2025-08-11 07:00:00+00:00,58.34
2025-08-11 08:00:00+00:00,45.0
2025-08-11 09:00:00+00:00,2.54
2025-08-11 10:00:00+00:00,0.0
2025-08-11 11:00:00+00:00,0.0
2025-08-11 12:00:00+00:00,0.0
2025-08-11 13:00:00+00:00,9.0
2025-08-11 14:00:00+00:00,44.5
2025-08-11 15:00:00+00:00,57.97
2025-08-11 16:00:00+00:00,90.0
2025-08-11 17:00:00+00:00,118.68
2025-08-11 18:00:00+00:00,135.09
2025-08-11 19:00:00+00:00,138.94
2025-08-11 20:00:00+00:00,108.87
2025-08-11 21:00:00+00:00,96.0
2025-08-11 22:00:00+00:00,93.0
2025-08-11 23:00:00+00:00,89.67
2025-08-12 00:00:00+00:00,85.41
2025-08-12 01:00:00+00:00,79.06
2025-08-12 02:00:00+00:00,69.67
2025-08-12 03:00:00+00:00,66.34
2025-08-12 04:00:00+00:00,75.52
2025-08-12 05:00:00+00:00,102.81
2025-08-12 06:00:00+00:00,98.69
2025-08-12 07:00:00+00:00,92.5
2025-08-12 08:00:00+00:00,66.34
2025-08-12 09:00:00+00:00,40.94
2025-08-12 10:00:00+00:00,8.38
2025-08-12 11:00:00+00:00,3.0
2025-08-12 12:00:00+00:00,5.15
2025-08-12 13:00:00+00:00,35.05
2025-08-12 14:00:00+00:00,63.8
2025-08-12 15:00:00+00:00,85.82
2025-08-12 16:00:00+00:00,96.78
2025-08-12 17:00:00+00:00,143.64
2025-08-12 18:00:00+00:00,154.93
2025-08-12 19:00:00+00:00,140.81
2025-08-12 20:00:00+00:00,118.41
2025-08-12 21:00:00+00:00,100.37
2025-08-12 22:00:00+00:00,98.18
2025-08-12 23:00:00+00:00,90.0
2025-08-13 00:00:00+00:00,86.89
2025-08-13 01:00:00+00:00,84.71
2025-08-13 02:00:00+00:00,87.07
2025-08-13 03:00:00+00:00,92.76
2025-08-13 04:00:00+00:00,105.0
2025-08-13 05:00:00+00:00,103.24
2025-08-13 06:00:00+00:00,105.79
2025-08-13 07:00:00+00:00,94.1
2025-08-13 08:00:00+00:00,90.0
2025-08-13 09:00:00+00:00,71.0
2025-08-13 10:00:00+00:00,63.48
2025-08-13 11:00:00+00:00,47.01
2025-08-13 12:00:00+00:00,42.99
2025-08-13 13:00:00+00:00,70.9
2025-08-13 14:00:00+00:00,84.3
2025-08-13 15:00:00+00:00,96.64
2025-08-13 16:00:00+00:00,115.78
2025-08-13 17:00:00+00:00,150.09
2025-08-13 18:00:00+00:00,155.1
2025-08-13 19:00:00+00:00,153.0
2025-08-13 20:00:00+00:00,123.21
2025-08-13 21:00:00+00:00,106.27
2025-08-13 22:00:00+00:00,98.1
2025-08-13 23:00:00+00:00,92.0
2025-08-14 00:00:00+00:00,88.45
2025-08-14 01:00:00+00:00,81.83
2025-08-14 02:00:00+00:00,82.71
2025-08-14 03:00:00+00:00,79.59
2025-08-14 04:00:00+00:00,84.89
2025-08-14 05:00:00+00:00,103.11
2025-08-14 06:00:00+00:00,99.31
2025-08-14 07:00:00+00:00,90.92
2025-08-14 08:00:00+00:00,76.66
2025-08-14 09:00:00+00:00,67.4
2025-08-14 10:00:00+00:00,54.01
2025-08-14 11:00:00+00:00,40.91
2025-08-14 12:00:00+00:00,54.9
2025-08-14 13:00:00+00:00,69.43
2025-08-14 14:00:00+00:00,78.99
2025-08-14 15:00:00+00:00,84.63
2025-08-14 16:00:00+00:00,102.0
2025-08-14 17:00:00+00:00,115.78
2025-08-14 18:00:00+00:00,137.99
2025-08-14 19:00:00+00:00,142.01
2025-08-14 20:00:00+00:00,120.75
2025-08-14 21:00:00+00:00,105.95
2025-08-14 22:00:00+00:00,90.52
2025-08-14 23:00:00+00:00,83.53
2025-08-15 00:00:00+00:00,79.41
2025-08-15 01:00:00+00:00,68.47
2025-08-15 02:00:00+00:00,76.09
2025-08-15 03:00:00+00:00,65.65
2025-08-15 04:00:00+00:00,73.46
2025-08-15 05:00:00+00:00,79.99
2025-08-15 06:00:00+00:00,71.89
2025-08-15 07:00:00+00:00,43.97
2025-08-15 08:00:00+00:00,25.0
2025-08-15 09:00:00+00:00,3.0
2025-08-15 10:00:00+00:00,0.08
2025-08-15 11:00:00+00:00,0.0
2025-08-15 12:00:00+00:00,0.0
2025-08-15 13:00:00+00:00,1.72
2025-08-15 14:00:00+00:00,23.53
2025-08-15 15:00:00+00:00,33.23
2025-08-15 16:00:00+00:00,61.12
2025-08-15 17:00:00+00:00,100.82
2025-08-15 18:00:00+00:00,111.39
2025-08-15 19:00:00+00:00,102.0
2025-08-15 20:00:00+00:00,102.89
2025-08-15 21:00:00+00:00,93.45
2025-08-15 22:00:00+00:00,76.71
2025-08-15 23:00:00+00:00,74.77
2025-08-16 00:00:00+00:00,69.38
2025-08-16 01:00:00+00:00,51.61
2025-08-16 02:00:00+00:00,44.57
2025-08-16 03:00:00+00:00,45.13
2025-08-16 04:00:00+00:00,38.97
2025-08-16 05:00:00+00:00,48.95
2025-08-16 06:00:00+00:00,54.8
2025-08-16 07:00:00+00:00,60.93
2025-08-16 08:00:00+00:00,26.28
2025-08-16 09:00:00+00:00,3.8
2025-08-16 10:00:00+00:00,0.17
2025-08-16 11:00:00+00:00,-0.01
2025-08-16 12:00:00+00:00,-0.01
2025-08-16 13:00:00+00:00,-0.01
2025-08-16 14:00:00+00:00,3.6
2025-08-16 15:00:00+00:00,21.52
2025-08-16 16:00:00+00:00,68.8
2025-08-16 17:00:00+00:00,86.4
2025-08-16 18:00:00+00:00,83.18
2025-08-16 19:00:00+00:00,93.2
2025-08-16 20:00:00+00:00,95.1
2025-08-16 21:00:00+00:00,86.43
2025-08-16 22:00:00+00:00,67.88
2025-08-16 23:00:00+00:00,60.56
2025-08-17 00:00:00+00:00,53.86
2025-08-17 01:00:00+00:00,41.73
2025-08-17 02:00:00+00:00,37.24
2025-08-17 03:00:00+00:00,27.57
2025-08-17 04:00:00+00:00,29.12
2025-08-17 05:00:00+00:00,17.57
2025-08-17 06:00:00+00:00,30.65
2025-08-17 07:00:00+00:00,23.68
2025-08-17 08:00:00+00:00,9.7
2025-08-17 09:00:00+00:00,0.65
2025-08-17 10:00:00+00:00,0.65
2025-08-17 11:00:00+00:00,0.0
2025-08-17 12:00:00+00:00,0.0
2025-08-17 13:00:00+00:00,0.65
2025-08-17 14:00:00+00:00,5.13
2025-08-17 15:00:00+00:00,16.72
2025-08-17 16:00:00+00:00,51.45
2025-08-17 17:00:00+00:00,94.03
2025-08-17 18:00:00+00:00,108.6
2025-08-17 19:00:00+00:00,108.05
2025-08-17 20:00:00+00:00,101.82
2025-08-17 21:00:00+00:00,95.84
2025-08-17 22:00:00+00:00,76.15
2025-08-17 23:00:00+00:00,56.54
2025-08-18 00:00:00+00:00,74.12
2025-08-18 01:00:00+00:00,62.61
2025-08-18 02:00:00+00:00,63.28
2025-08-18 03:00:00+00:00,68.15
2025-08-18 04:00:00+00:00,75.45
2025-08-18 05:00:00+00:00,48.64
2025-08-18 06:00:00+00:00,67.54
2025-08-18 07:00:00+00:00,78.86
2025-08-18 08:00:00+00:00,61.1
2025-08-18 09:00:00+00:00,45.93
2025-08-18 10:00:00+00:00,20.04
2025-08-18 11:00:00+00:00,14.23
2025-08-18 12:00:00+00:00,18.34
2025-08-18 13:00:00+00:00,54.56
2025-08-18 14:00:00+00:00,69.26
2025-08-18 15:00:00+00:00,84.53
2025-08-18 16:00:00+00:00,104.07
2025-08-18 17:00:00+00:00,115.06
2025-08-18 18:00:00+00:00,120.0
2025-08-18 19:00:00+00:00,120.76
2025-08-18 20:00:00+00:00,100.44
2025-08-18 21:00:00+00:00,79.56
2025-08-18 22:00:00+00:00,93.04
2025-08-18 23:00:00+00:00,76.5
2025-08-19 00:00:00+00:00,71.81
2025-08-19 01:00:00+00:00,66.46
2025-08-19 02:00:00+00:00,65.51
2025-08-19 03:00:00+00:00,75.06
2025-08-19 04:00:00+00:00,85.15
2025-08-19 05:00:00+00:00,95.02
2025-08-19 06:00:00+00:00,98.05
2025-08-19 07:00:00+00:00,88.57
2025-08-19 08:00:00+00:00,69.64
2025-08-19 09:00:00+00:00,43.23
2025-08-19 10:00:00+00:00,30.0
2025-08-19 11:00:00+00:00,29.14
2025-08-19 12:00:00+00:00,30.91
2025-08-19 13:00:00+00:00,40.54
2025-08-19 14:00:00+00:00,58.18
2025-08-19 15:00:00+00:00,63.33
2025-08-19 16:00:00+00:00,63.0
2025-08-19 17:00:00+00:00,88.97
2025-08-19 18:00:00+00:00,97.74
2025-08-19 19:00:00+00:00,98.04
2025-08-19 20:00:00+00:00,98.0
2025-08-19 21:00:00+00:00,83.76
2025-08-19 22:00:00+00:00,82.9
2025-08-19 23:00:00+00:00,74.12
2025-08-20 00:00:00+00:00,67.05
2025-08-20 01:00:00+00:00,66.08
2025-08-20 02:00:00+00:00,64.95
2025-08-20 03:00:00+00:00,70.6
2025-08-20 04:00:00+00:00,74.07
2025-08-20 05:00:00+00:00,78.43
2025-08-20 06:00:00+00:00,89.81
2025-08-20 07:00:00+00:00,71.55
2025-08-20 08:00:00+00:00,49.8
2025-08-20 09:00:00+00:00,56.03
2025-08-20 10:00:00+00:00,49.02
2025-08-20 11:00:00+00:00,35.0
2025-08-20 12:00:00+00:00,31.53
2025-08-20 13:00:00+00:00,27.2
2025-08-20 14:00:00+00:00,27.99
2025-08-20 15:00:00+00:00,37.72
2025-08-20 16:00:00+00:00,54.11
2025-08-20 17:00:00+00:00,69.27
2025-08-20 18:00:00+00:00,78.73
2025-08-20 19:00:00+00:00,100.07
2025-08-20 20:00:00+00:00,97.52
2025-08-20 21:00:00+00:00,84.98
2025-08-20 22:00:00+00:00,26.33
2025-08-20 23:00:00+00:00,19.37
2025-08-21 00:00:00+00:00,44.65
2025-08-21 01:00:00+00:00,37.99
2025-08-21 02:00:00+00:00,32.93
2025-08-21 03:00:00+00:00,16.81
2025-08-21 04:00:00+00:00,39.93
2025-08-21 05:00:00+00:00,40.2
2025-08-21 06:00:00+00:00,61.06
2025-08-21 07:00:00+00:00,50.2
2025-08-21 08:00:00+00:00,25.67
2025-08-21 09:00:00+00:00,10.0
2025-08-21 10:00:00+00:00,7.89
2025-08-21 11:00:00+00:00,5.11
2025-08-21 12:00:00+00:00,5.11
2025-08-21 13:00:00+00:00,3.52
2025-08-21 14:00:00+00:00,5.79
2025-08-21 15:00:00+00:00,8.99
2025-08-21 16:00:00+00:00,25.0
2025-08-21 17:00:00+00:00,50.0
2025-08-21 18:00:00+00:00,77.84
2025-08-21 19:00:00+00:00,83.26
2025-08-21 20:00:00+00:00,55.77
2025-08-21 21:00:00+00:00,52.05
2025-08-21 22:00:00+00:00,66.38
2025-08-21 23:00:00+00:00,51.66
2025-08-22 00:00:00+00:00,48.66
2025-08-22 01:00:00+00:00,41.88
2025-08-22 02:00:00+00:00,31.51
2025-08-22 03:00:00+00:00,36.41
2025-08-22 04:00:00+00:00,71.03
2025-08-22 05:00:00+00:00,70.88
2025-08-22 06:00:00+00:00,75.1
2025-08-22 07:00:00+00:00,49.67
2025-08-22 08:00:00+00:00,15.57
2025-08-22 09:00:00+00:00,5.11
2025-08-22 10:00:00+00:00,19.02
2025-08-22 11:00:00+00:00,6.83
2025-08-22 12:00:00+00:00,5.37
2025-08-22 13:00:00+00:00,10.07
2025-08-22 14:00:00+00:00,23.6
2025-08-22 15:00:00+00:00,26.45
2025-08-22 16:00:00+00:00,73.48
2025-08-22 17:00:00+00:00,84.56
2025-08-22 18:00:00+00:00,104.53
2025-08-22 19:00:00+00:00,103.49
2025-08-22 20:00:00+00:00,101.59
2025-08-22 21:00:00+00:00,94.37
2025-08-22 22:00:00+00:00,95.33
2025-08-22 23:00:00+00:00,89.32
2025-08-23 00:00:00+00:00,80.94
2025-08-23 01:00:00+00:00,78.21
2025-08-23 02:00:00+00:00,76.06
2025-08-23 03:00:00+00:00,79.1
2025-08-23 04:00:00+00:00,84.28
2025-08-23 05:00:00+00:00,86.42
2025-08-23 06:00:00+00:00,79.15
2025-08-23 07:00:00+00:00,55.02
2025-08-23 08:00:00+00:00,15.85
2025-08-23 09:00:00+00:00,3.46
2025-08-23 10:00:00+00:00,1.82
2025-08-23 11:00:00+00:00,0.75
2025-08-23 12:00:00+00:00,0.65
2025-08-23 13:00:00+00:00,3.52
2025-08-23 14:00:00+00:00,11.99
2025-08-23 15:00:00+00:00,38.38
2025-08-23 16:00:00+00:00,76.9
2025-08-23 17:00:00+00:00,106.96
2025-08-23 18:00:00+00:00,118.85
2025-08-23 19:00:00+00:00,117.12
2025-08-23 20:00:00+00:00,111.16
2025-08-23 21:00:00+00:00,105.3
2025-08-23 22:00:00+00:00,100.5
2025-08-23 23:00:00+00:00,95.0
2025-08-24 00:00:00+00:00,88.99
2025-08-24 01:00:00+00:00,85.66
2025-08-24 02:00:00+00:00,83.61
2025-08-24 03:00:00+00:00,86.53
2025-08-24 04:00:00+00:00,90.0
2025-08-24 05:00:00+00:00,82.51
2025-08-24 06:00:00+00:00,67.06
2025-08-24 07:00:00+00:00,4.56
2025-08-24 08:00:00+00:00,-0.01
2025-08-24 09:00:00+00:00,-0.07
2025-08-24 10:00:00+00:00,-1.98
2025-08-24 11:00:00+00:00,-7.45
2025-08-24 12:00:00+00:00,-7.4
2025-08-24 13:00:00+00:00,-0.1
2025-08-24 14:00:00+00:00,0.0
2025-08-24 15:00:00+00:00,12.93
2025-08-24 16:00:00+00:00,61.15
2025-08-24 17:00:00+00:00,98.57
2025-08-24 18:00:00+00:00,114.99
2025-08-24 19:00:00+00:00,114.32
2025-08-24 20:00:00+00:00,107.5
2025-08-24 21:00:00+00:00,100.52
2025-08-24 22:00:00+00:00,95.28
2025-08-24 23:00:00+00:00,87.03
2025-08-25 00:00:00+00:00,74.55
2025-08-25 01:00:00+00:00,60.88
2025-08-25 02:00:00+00:00,62.43
2025-08-25 03:00:00+00:00,80.16
2025-08-25 04:00:00+00:00,91.9
2025-08-25 05:00:00+00:00,102.52
2025-08-25 06:00:00+00:00,101.82
2025-08-25 07:00:00+00:00,91.97
2025-08-25 08:00:00+00:00,73.5
2025-08-25 09:00:00+00:00,35.02
2025-08-25 10:00:00+00:00,10.0
2025-08-25 11:00:00+00:00,5.93
2025-08-25 12:00:00+00:00,6.78
2025-08-25 13:00:00+00:00,25.2
2025-08-25 14:00:00+00:00,56.43
2025-08-25 15:00:00+00:00,76.19
2025-08-25 16:00:00+00:00,97.43
2025-08-25 17:00:00+00:00,114.78
2025-08-25 18:00:00+00:00,125.95
2025-08-25 19:00:00+00:00,126.28
2025-08-25 20:00:00+00:00,115.04
2025-08-25 21:00:00+00:00,105.15
2025-08-25 22:00:00+00:00,94.83
2025-08-25 23:00:00+00:00,86.78
2025-08-26 00:00:00+00:00,70.37
2025-08-26 01:00:00+00:00,63.58
2025-08-26 02:00:00+00:00,58.35
2025-08-26 03:00:00+00:00,66.86
2025-08-26 04:00:00+00:00,86.97
2025-08-26 05:00:00+00:00,95.44
2025-08-26 06:00:00+00:00,97.48
2025-08-26 07:00:00+00:00,90.0
2025-08-26 08:00:00+00:00,70.0
2025-08-26 09:00:00+00:00,60.65
2025-08-26 10:00:00+00:00,41.25
2025-08-26 11:00:00+00:00,26.28
2025-08-26 12:00:00+00:00,38.05
2025-08-26 13:00:00+00:00,47.44
2025-08-26 14:00:00+00:00,60.0
2025-08-26 15:00:00+00:00,65.03
2025-08-26 16:00:00+00:00,76.1
2025-08-26 17:00:00+00:00,103.14
2025-08-26 18:00:00+00:00,117.0
2025-08-26 19:00:00+00:00,123.46
2025-08-26 20:00:00+00:00,109.5
2025-08-26 21:00:00+00:00,97.9
2025-08-26 22:00:00+00:00,97.41
2025-08-26 23:00:00+00:00,90.02
2025-08-27 00:00:00+00:00,86.55
2025-08-27 01:00:00+00:00,80.36
2025-08-27 02:00:00+00:00,79.04
2025-08-27 03:00:00+00:00,85.9
2025-08-27 04:00:00+00:00,102.84
2025-08-27 05:00:00+00:00,113.12
2025-08-27 06:00:00+00:00,113.64
2025-08-27 07:00:00+00:00,101.63
2025-08-27 08:00:00+00:00,85.21
2025-08-27 09:00:00+00:00,77.75
2025-08-27 10:00:00+00:00,63.65
2025-08-27 11:00:00+00:00,49.85
2025-08-27 12:00:00+00:00,50.62
2025-08-27 13:00:00+00:00,50.62
2025-08-27 14:00:00+00:00,63.81
2025-08-27 15:00:00+00:00,78.73
2025-08-27 16:00:00+00:00,89.61
2025-08-27 17:00:00+00:00,99.0
2025-08-27 18:00:00+00:00,109.1
2025-08-27 19:00:00+00:00,114.32
2025-08-27 20:00:00+00:00,113.63
2025-08-27 21:00:00+00:00,103.57
2025-08-27 22:00:00+00:00,97.15
2025-08-27 23:00:00+00:00,90.14
2025-08-28 00:00:00+00:00,86.07
2025-08-28 01:00:00+00:00,73.25
2025-08-28 02:00:00+00:00,69.4
2025-08-28 03:00:00+00:00,76.42
2025-08-28 04:00:00+00:00,83.38
2025-08-28 05:00:00+00:00,90.38
2025-08-28 06:00:00+00:00,90.38
2025-08-28 07:00:00+00:00,69.4
2025-08-28 08:00:00+00:00,42.57
2025-08-28 09:00:00+00:00,20.46
2025-08-28 10:00:00+00:00,17.21
2025-08-28 11:00:00+00:00,2.09
2025-08-28 12:00:00+00:00,0.65
2025-08-28 13:00:00+00:00,0.01
2025-08-28 14:00:00+00:00,0.65
2025-08-28 15:00:00+00:00,21.04
2025-08-28 16:00:00+00:00,42.46
2025-08-28 17:00:00+00:00,71.12
2025-08-28 18:00:00+00:00,90.0
2025-08-28 19:00:00+00:00,97.08
2025-08-28 20:00:00+00:00,93.77
2025-08-28 21:00:00+00:00,88.09
2025-08-28 22:00:00+00:00,82.7
2025-08-28 23:00:00+00:00,51.1
2025-08-29 00:00:00+00:00,51.93
2025-08-29 01:00:00+00:00,25.04
2025-08-29 02:00:00+00:00,17.87
2025-08-29 03:00:00+00:00,21.33
2025-08-29 04:00:00+00:00,30.57
2025-08-29 05:00:00+00:00,45.47
2025-08-29 06:00:00+00:00,57.53
2025-08-29 07:00:00+00:00,42.47
2025-08-29 08:00:00+00:00,5.0
2025-08-29 09:00:00+00:00,0.83
2025-08-29 10:00:00+00:00,3.08
2025-08-29 11:00:00+00:00,0.05
2025-08-29 12:00:00+00:00,0.0
2025-08-29 13:00:00+00:00,0.62
2025-08-29 14:00:00+00:00,5.66
2025-08-29 15:00:00+00:00,3.42
2025-08-29 16:00:00+00:00,22.36
2025-08-29 17:00:00+00:00,53.55
2025-08-29 18:00:00+00:00,81.8
2025-08-29 19:00:00+00:00,63.5
2025-08-29 20:00:00+00:00,94.39
2025-08-29 21:00:00+00:00,86.0
2025-08-29 22:00:00+00:00,67.02
2025-08-29 23:00:00+00:00,53.66
2025-08-30 00:00:00+00:00,58.64
2025-08-30 01:00:00+00:00,81.51
2025-08-30 02:00:00+00:00,37.79
2025-08-30 03:00:00+00:00,25.32
2025-08-30 04:00:00+00:00,63.72
2025-08-30 05:00:00+00:00,54.56
2025-08-30 06:00:00+00:00,70.57
2025-08-30 07:00:00+00:00,32.0
2025-08-30 08:00:00+00:00,12.82
2025-08-30 09:00:00+00:00,5.23
2025-08-30 10:00:00+00:00,0.0
2025-08-30 11:00:00+00:00,-0.01
2025-08-30 12:00:00+00:00,-0.01
2025-08-30 13:00:00+00:00,0.0
2025-08-30 14:00:00+00:00,2.54
2025-08-30 15:00:00+00:00,7.1
2025-08-30 16:00:00+00:00,18.99
2025-08-30 17:00:00+00:00,57.97
2025-08-30 18:00:00+00:00,69.68
2025-08-30 19:00:00+00:00,49.08
2025-08-30 20:00:00+00:00,45.08
2025-08-30 21:00:00+00:00,40.38
2025-08-30 22:00:00+00:00,15.86
2025-08-30 23:00:00+00:00,12.93
2025-08-31 00:00:00+00:00,12.33
2025-08-31 01:00:00+00:00,7.61
2025-08-31 02:00:00+00:00,5.95
2025-08-31 03:00:00+00:00,8.12
2025-08-31 04:00:00+00:00,9.18
2025-08-31 05:00:00+00:00,16.24
2025-08-31 06:00:00+00:00,22.15
2025-08-31 07:00:00+00:00,3.6
2025-08-31 08:00:00+00:00,0.0
2025-08-31 09:00:00+00:00,-0.01
2025-08-31 10:00:00+00:00,-0.08
2025-08-31 11:00:00+00:00,-0.95
2025-08-31 12:00:00+00:00,-0.6
2025-08-31 13:00:00+00:00,-0.01
2025-08-31 14:00:00+00:00,4.22
2025-08-31 15:00:00+00:00,4.96
2025-08-31 16:00:00+00:00,17.53
2025-08-31 17:00:00+00:00,47.15
2025-08-31 18:00:00+00:00,59.55
2025-08-31 19:00:00+00:00,73.88
2025-08-31 20:00:00+00:00,71.4
2025-08-31 21:00:00+00:00,62.0
2025-08-31 22:00:00+00:00,35.79
2025-08-31 23:00:00+00:00,18.07
2025-09-01 00:00:00+00:00,22.34
2025-09-01 01:00:00+00:00,17.64
2025-09-01 02:00:00+00:00,15.0
2025-09-01 03:00:00+00:00,25.21
2025-09-01 04:00:00+00:00,33.23
2025-09-01 05:00:00+00:00,53.18
2025-09-01 06:00:00+00:00,64.0
2025-09-01 07:00:00+00:00,35.79
2025-09-01 08:00:00+00:00,14.03
2025-09-01 09:00:00+00:00,16.64
2025-09-01 10:00:00+00:00,13.73
2025-09-01 11:00:00+00:00,6.07
2025-09-01 12:00:00+00:00,0.0
2025-09-01 13:00:00+00:00,4.65
2025-09-01 14:00:00+00:00,8.13
2025-09-01 15:00:00+00:00,14.08
2025-09-01 16:00:00+00:00,23.08
2025-09-01 17:00:00+00:00,55.0
2025-09-01 18:00:00+00:00,80.0
2025-09-01 19:00:00+00:00,84.24
2025-09-01 20:00:00+00:00,84.74
2025-09-01 21:00:00+00:00,78.5
2025-09-01 22:00:00+00:00,33.61
2025-09-01 23:00:00+00:00,36.79
2025-09-02 00:00:00+00:00,52.57
2025-09-02 01:00:00+00:00,40.16
2025-09-02 02:00:00+00:00,42.55
2025-09-02 03:00:00+00:00,12.47
2025-09-02 04:00:00+00:00,33.44
2025-09-02 05:00:00+00:00,34.28
2025-09-02 06:00:00+00:00,34.8
2025-09-02 07:00:00+00:00,39.0
2025-09-02 08:00:00+00:00,7.96
2025-09-02 09:00:00+00:00,1.2
2025-09-02 10:00:00+00:00,1.5
2025-09-02 11:00:00+00:00,0.65
2025-09-02 12:00:00+00:00,0.21
2025-09-02 13:00:00+00:00,1.5
2025-09-02 14:00:00+00:00,8.21
2025-09-02 15:00:00+00:00,14.0
2025-09-02 16:00:00+00:00,32.89
2025-09-02 17:00:00+00:00,84.0
2025-09-02 18:00:00+00:00,53.46
2025-09-02 19:00:00+00:00,34.98
2025-09-02 20:00:00+00:00,42.89
2025-09-02 21:00:00+00:00,31.06
2025-09-02 22:00:00+00:00,17.44
2025-09-02 23:00:00+00:00,15.65
2025-09-03 00:00:00+00:00,10.86
2025-09-03 01:00:00+00:00,8.46
2025-09-03 02:00:00+00:00,4.11
2025-09-03 03:00:00+00:00,8.94
2025-09-03 04:00:00+00:00,10.14
2025-09-03 05:00:00+00:00,21.34
2025-09-03 06:00:00+00:00,22.6
2025-09-03 07:00:00+00:00,16.37
2025-09-03 08:00:00+00:00,0.0
2025-09-03 09:00:00+00:00,-0.01
2025-09-03 10:00:00+00:00,-0.01
2025-09-03 11:00:00+00:00,-0.02
2025-09-03 12:00:00+00:00,-0.02
2025-09-03 13:00:00+00:00,-0.01
2025-09-03 14:00:00+00:00,-0.01
2025-09-03 15:00:00+00:00,0.0
2025-09-03 16:00:00+00:00,12.85
2025-09-03 17:00:00+00:00,56.79
2025-09-03 18:00:00+00:00,58.21
2025-09-03 19:00:00+00:00,53.41
2025-09-03 20:00:00+00:00,70.23
2025-09-03 21:00:00+00:00,56.33
2025-09-03 22:00:00+00:00,19.84
2025-09-03 23:00:00+00:00,14.81
2025-09-04 00:00:00+00:00,14.3
2025-09-04 01:00:00+00:00,5.96
2025-09-04 02:00:00+00:00,5.99
2025-09-04 03:00:00+00:00,11.49
2025-09-04 04:00:00+00:00,42.15
2025-09-04 05:00:00+00:00,52.04
2025-09-04 06:00:00+00:00,55.89
2025-09-04 07:00:00+00:00,49.6
2025-09-04 08:00:00+00:00,18.07
2025-09-04 09:00:00+00:00,5.79
2025-09-04 10:00:00+00:00,3.2
2025-09-04 11:00:00+00:00,1.72
2025-09-04 12:00:00+00:00,1.6
2025-09-04 13:00:00+00:00,1.55
2025-09-04 14:00:00+00:00,3.7
2025-09-04 15:00:00+00:00,7.01
2025-09-04 16:00:00+00:00,28.19
2025-09-04 17:00:00+00:00,62.19
2025-09-04 18:00:00+00:00,102.5
2025-09-04 19:00:00+00:00,80.74
2025-09-04 20:00:00+00:00,84.8
2025-09-04 21:00:00+00:00,62.18
2025-09-04 22:00:00+00:00,70.86
2025-09-04 23:00:00+00:00,58.98
2025-09-05 00:00:00+00:00,61.49
2025-09-05 01:00:00+00:00,50.12
2025-09-05 02:00:00+00:00,52.65
2025-09-05 03:00:00+00:00,52.53
2025-09-05 04:00:00+00:00,76.79
2025-09-05 05:00:00+00:00,89.99
2025-09-05 06:00:00+00:00,88.22
2025-09-05 07:00:00+00:00,79.1
2025-09-05 08:00:00+00:00,35.0
2025-09-05 09:00:00+00:00,10.0
2025-09-05 10:00:00+00:00,15.0
2025-09-05 11:00:00+00:00,18.43
2025-09-05 12:00:00+00:00,6.62
2025-09-05 13:00:00+00:00,17.07
2025-09-05 14:00:00+00:00,18.63
2025-09-05 15:00:00+00:00,30.4
2025-09-05 16:00:00+00:00,45.23
2025-09-05 17:00:00+00:00,89.25
2025-09-05 18:00:00+00:00,103.97
2025-09-05 19:00:00+00:00,107.1
2025-09-05 20:00:00+00:00,95.0
2025-09-05 21:00:00+00:00,88.38
2025-09-05 22:00:00+00:00,74.64
2025-09-05 23:00:00+00:00,57.8
2025-09-06 00:00:00+00:00,41.35
2025-09-06 01:00:00+00:00,20.66
2025-09-06 02:00:00+00:00,20.0
2025-09-06 03:00:00+00:00,25.38
2025-09-06 04:00:00+00:00,25.49
2025-09-06 05:00:00+00:00,25.86
2025-09-06 06:00:00+00:00,29.28
2025-09-06 07:00:00+00:00,15.23
2025-09-06 08:00:00+00:00,1.72
2025-09-06 09:00:00+00:00,0.0
2025-09-06 10:00:00+00:00,-0.02
2025-09-06 11:00:00+00:00,-0.86
2025-09-06 12:00:00+00:00,-0.99
2025-09-06 13:00:00+00:00,-0.01
2025-09-06 14:00:00+00:00,-0.01
2025-09-06 15:00:00+00:00,0.0
2025-09-06 16:00:00+00:00,17.42
2025-09-06 17:00:00+00:00,24.37
2025-09-06 18:00:00+00:00,42.0
2025-09-06 19:00:00+00:00,19.01
2025-09-06 20:00:00+00:00,36.26
2025-09-06 21:00:00+00:00,27.99
2025-09-06 22:00:00+00:00,0.0
2025-09-06 23:00:00+00:00,-0.01
2025-09-07 00:00:00+00:00,-0.01
2025-09-07 01:00:00+00:00,-0.01
2025-09-07 02:00:00+00:00,-0.01
2025-09-07 03:00:00+00:00,-0.01
2025-09-07 04:00:00+00:00,0.0
2025-09-07 05:00:00+00:00,5.5
2025-09-07 06:00:00+00:00,0.0
2025-09-07 07:00:00+00:00,-0.09
2025-09-07 08:00:00+00:00,-4.0
2025-09-07 09:00:00+00:00,-20.09
2025-09-07 10:00:00+00:00,-40.02
2025-09-07 11:00:00+00:00,-53.4
2025-09-07 12:00:00+00:00,-39.45
2025-09-07 13:00:00+00:00,-19.84
2025-09-07 14:00:00+00:00,-2.4
2025-09-07 15:00:00+00:00,6.08
2025-09-07 16:00:00+00:00,47.5
2025-09-07 17:00:00+00:00,79.02
2025-09-07 18:00:00+00:00,95.09
2025-09-07 19:00:00+00:00,89.06
2025-09-07 20:00:00+00:00,87.68
2025-09-07 21:00:00+00:00,87.08
2025-09-07 22:00:00+00:00,66.76
2025-09-07 23:00:00+00:00,63.5
2025-09-08 00:00:00+00:00,63.39
2025-09-08 01:00:00+00:00,37.78
2025-09-08 02:00:00+00:00,31.86
2025-09-08 03:00:00+00:00,55.7
2025-09-08 04:00:00+00:00,77.98
2025-09-08 05:00:00+00:00,69.61
2025-09-08 06:00:00+00:00,108.36
2025-09-08 07:00:00+00:00,98.21
2025-09-08 08:00:00+00:00,85.83
2025-09-08 09:00:00+00:00,63.0
2025-09-08 10:00:00+00:00,52.01
2025-09-08 11:00:00+00:00,38.56
2025-09-08 12:00:00+00:00,37.21
2025-09-08 13:00:00+00:00,27.34
2025-09-08 14:00:00+00:00,38.72
2025-09-08 15:00:00+00:00,48.64
2025-09-08 16:00:00+00:00,73.08
2025-09-08 17:00:00+00:00,91.15
2025-09-08 18:00:00+00:00,98.21
2025-09-08 19:00:00+00:00,95.26
2025-09-08 20:00:00+00:00,89.35
2025-09-08 21:00:00+00:00,73.08
2025-09-08 22:00:00+00:00,37.23
2025-09-08 23:00:00+00:00,37.82
2025-09-09 00:00:00+00:00,38.16
2025-09-09 01:00:00+00:00,30.98
2025-09-09 02:00:00+00:00,19.02
2025-09-09 03:00:00+00:00,28.18
2025-09-09 04:00:00+00:00,47.48
2025-09-09 05:00:00+00:00,93.78
2025-09-09 06:00:00+00:00,96.44
2025-09-09 07:00:00+00:00,80.71
2025-09-09 08:00:00+00:00,54.93
2025-09-09 09:00:00+00:00,30.22
2025-09-09 10:00:00+00:00,26.0
2025-09-09 11:00:00+00:00,19.25
2025-09-09 12:00:00+00:00,17.19
2025-09-09 13:00:00+00:00,8.91
2025-09-09 14:00:00+00:00,16.57
2025-09-09 15:00:00+00:00,32.26
2025-09-09 16:00:00+00:00,56.0
2025-09-09 17:00:00+00:00,90.0
2025-09-09 18:00:00+00:00,111.37
2025-09-09 19:00:00+00:00,91.6
2025-09-09 20:00:00+00:00,95.49
2025-09-09 21:00:00+00:00,78.37
2025-09-09 22:00:00+00:00,8.55
2025-09-09 23:00:00+00:00,4.99
2025-09-10 00:00:00+00:00,16.02
2025-09-10 01:00:00+00:00,10.68
2025-09-10 02:00:00+00:00,6.81
2025-09-10 03:00:00+00:00,3.68
2025-09-10 04:00:00+00:00,30.01
2025-09-10 05:00:00+00:00,15.0
2025-09-10 06:00:00+00:00,20.62
2025-09-10 07:00:00+00:00,42.16
2025-09-10 08:00:00+00:00,8.0
2025-09-10 09:00:00+00:00,0.0
2025-09-10 10:00:00+00:00,0.0
2025-09-10 11:00:00+00:00,-0.01
2025-09-10 12:00:00+00:00,-0.01
2025-09-10 13:00:00+00:00,-0.01
2025-09-10 14:00:00+00:00,-0.01
2025-09-10 15:00:00+00:00,4.9
2025-09-10 16:00:00+00:00,23.09
2025-09-10 17:00:00+00:00,51.17
2025-09-10 18:00:00+00:00,41.79
2025-09-10 19:00:00+00:00,16.38
2025-09-10 20:00:00+00:00,14.0
2025-09-10 21:00:00+00:00,14.75
2025-09-10 22:00:00+00:00,14.0
2025-09-10 23:00:00+00:00,11.7
2025-09-11 00:00:00+00:00,10.53
2025-09-11 01:00:00+00:00,0.0
2025-09-11 02:00:00+00:00,0.0
2025-09-11 03:00:00+00:00,8.84
2025-09-11 04:00:00+00:00,9.64
2025-09-11 05:00:00+00:00,28.59
2025-09-11 06:00:00+00:00,37.08
2025-09-11 07:00:00+00:00,17.13
2025-09-11 08:00:00+00:00,0.03
2025-09-11 09:00:00+00:00,-0.01
2025-09-11 10:00:00+00:00,-0.01
2025-09-11 11:00:00+00:00,-0.01
2025-09-11 12:00:00+00:00,-0.01
2025-09-11 13:00:00+00:00,-0.01
2025-09-11 14:00:00+00:00,-0.01
2025-09-11 15:00:00+00:00,0.0
2025-09-11 16:00:00+00:00,7.05
2025-09-11 17:00:00+00:00,32.46
2025-09-11 18:00:00+00:00,25.85
2025-09-11 19:00:00+00:00,11.81
2025-09-11 20:00:00+00:00,15.97
2025-09-11 21:00:00+00:00,11.87
2025-09-11 22:00:00+00:00,0.0
2025-09-11 23:00:00+00:00,0.01
2025-09-12 00:00:00+00:00,0.44
2025-09-12 01:00:00+00:00,0.01
2025-09-12 02:00:00+00:00,0.01
2025-09-12 03:00:00+00:00,3.0
2025-09-12 04:00:00+00:00,11.58
2025-09-12 05:00:00+00:00,21.04
2025-09-12 06:00:00+00:00,41.82
2025-09-12 07:00:00+00:00,26.68
2025-09-12 08:00:00+00:00,1.85
2025-09-12 09:00:00+00:00,0.0
2025-09-12 10:00:00+00:00,1.77
2025-09-12 11:00:00+00:00,0.0
2025-09-12 12:00:00+00:00,0.0
2025-09-12 13:00:00+00:00,0.0
2025-09-12 14:00:00+00:00,3.52
2025-09-12 15:00:00+00:00,19.68
2025-09-12 16:00:00+00:00,39.92
2025-09-12 17:00:00+00:00,61.68
2025-09-12 18:00:00+00:00,66.34
2025-09-12 19:00:00+00:00,46.0
2025-09-12 20:00:00+00:00,49.97
2025-09-12 21:00:00+00:00,41.2
2025-09-12 22:00:00+00:00,9.45
2025-09-12 23:00:00+00:00,9.17
2025-09-13 00:00:00+00:00,10.35
2025-09-13 01:00:00+00:00,7.39
2025-09-13 02:00:00+00:00,7.0
2025-09-13 03:00:00+00:00,7.75
2025-09-13 04:00:00+00:00,10.55
2025-09-13 05:00:00+00:00,9.63
2025-09-13 06:00:00+00:00,13.63
2025-09-13 07:00:00+00:00,12.42
2025-09-13 08:00:00+00:00,9.62
2025-09-13 09:00:00+00:00,2.37
2025-09-13 10:00:00+00:00,0.0
2025-09-13 11:00:00+00:00,-0.01
2025-09-13 12:00:00+00:00,-0.01
2025-09-13 13:00:00+00:00,0.0
2025-09-13 14:00:00+00:00,0.0
2025-09-13 15:00:00+00:00,0.65
2025-09-13 16:00:00+00:00,14.0
2025-09-13 17:00:00+00:00,17.68
2025-09-13 18:00:00+00:00,25.27
2025-09-13 19:00:00+00:00,10.51
2025-09-13 20:00:00+00:00,29.45
2025-09-13 21:00:00+00:00,25.73
2025-09-13 22:00:00+00:00,45.73
2025-09-13 23:00:00+00:00,22.17
2025-09-14 00:00:00+00:00,17.96
2025-09-14 01:00:00+00:00,19.06
2025-09-14 02:00:00+00:00,14.42
2025-09-14 03:00:00+00:00,16.74
2025-09-14 04:00:00+00:00,19.38
2025-09-14 05:00:00+00:00,19.74
2025-09-14 06:00:00+00:00,18.9
2025-09-14 07:00:00+00:00,23.58
2025-09-14 08:00:00+00:00,15.43
2025-09-14 09:00:00+00:00,17.33
2025-09-14 10:00:00+00:00,6.5
2025-09-14 11:00:00+00:00,0.0
2025-09-14 12:00:00+00:00,-0.01
2025-09-14 13:00:00+00:00,0.0
2025-09-14 14:00:00+00:00,5.59
2025-09-14 15:00:00+00:00,4.56
2025-09-14 16:00:00+00:00,15.65
2025-09-14 17:00:00+00:00,18.4
2025-09-14 18:00:00+00:00,16.79
2025-09-14 19:00:00+00:00,13.53
2025-09-14 20:00:00+00:00,17.36
2025-09-14 21:00:00+00:00,12.92
2025-09-14 22:00:00+00:00,0.0
2025-09-14 23:00:00+00:00,-0.01
2025-09-15 00:00:00+00:00,-0.01
2025-09-15 01:00:00+00:00,-0.01
2025-09-15 02:00:00+00:00,-0.01
2025-09-15 03:00:00+00:00,-0.01
2025-09-15 04:00:00+00:00,0.0
2025-09-15 05:00:00+00:00,2.18
2025-09-15 06:00:00+00:00,19.69
2025-09-15 07:00:00+00:00,0.9
2025-09-15 08:00:00+00:00,0.0
2025-09-15 09:00:00+00:00,-0.01
2025-09-15 10:00:00+00:00,-0.04
2025-09-15 11:00:00+00:00,-0.02
2025-09-15 12:00:00+00:00,-0.06
2025-09-15 13:00:00+00:00,-0.01
2025-09-15 14:00:00+00:00,0.0
2025-09-15 15:00:00+00:00,0.43
2025-09-15 16:00:00+00:00,6.03
2025-09-15 17:00:00+00:00,28.19
2025-09-15 18:00:00+00:00,9.37
2025-09-15 19:00:00+00:00,5.16
2025-09-15 20:00:00+00:00,5.17
2025-09-15 21:00:00+00:00,4.29
2025-09-15 22:00:00+00:00,5.0
2025-09-15 23:00:00+00:00,3.39
2025-09-16 00:00:00+00:00,3.23
2025-09-16 01:00:00+00:00,1.28
2025-09-16 02:00:00+00:00,0.0
2025-09-16 03:00:00+00:00,4.25
2025-09-16 04:00:00+00:00,6.27
2025-09-16 05:00:00+00:00,16.21
2025-09-16 06:00:00+00:00,21.58
2025-09-16 07:00:00+00:00,11.39
2025-09-16 08:00:00+00:00,0.0
2025-09-16 09:00:00+00:00,0.0
2025-09-16 10:00:00+00:00,0.0
2025-09-16 11:00:00+00:00,-0.01
2025-09-16 12:00:00+00:00,-0.01
2025-09-16 13:00:00+00:00,0.0
2025-09-16 14:00:00+00:00,0.0
2025-09-16 15:00:00+00:00,16.87
2025-09-16 16:00:00+00:00,69.29
2025-09-16 17:00:00+00:00,109.03
2025-09-16 18:00:00+00:00,117.0
2025-09-16 19:00:00+00:00,96.81
2025-09-16 20:00:00+00:00,86.49
2025-09-16 21:00:00+00:00,73.84
2025-09-16 22:00:00+00:00,71.57
2025-09-16 23:00:00+00:00,63.37
2025-09-17 00:00:00+00:00,50.98
2025-09-17 01:00:00+00:00,40.32
2025-09-17 02:00:00+00:00,32.0
2025-09-17 03:00:00+00:00,35.16
2025-09-17 04:00:00+00:00,67.78
2025-09-17 05:00:00+00:00,111.07
2025-09-17 06:00:00+00:00,112.08
2025-09-17 07:00:00+00:00,85.85
2025-09-17 08:00:00+00:00,57.9
2025-09-17 09:00:00+00:00,37.6
2025-09-17 10:00:00+00:00,18.05
2025-09-17 11:00:00+00:00,7.88
2025-09-17 12:00:00+00:00,0.09
2025-09-17 13:00:00+00:00,6.11
2025-09-17 14:00:00+00:00,12.63
2025-09-17 15:00:00+00:00,50.0
2025-09-17 16:00:00+00:00,83.12
2025-09-17 17:00:00+00:00,111.76
2025-09-17 18:00:00+00:00,123.55
2025-09-17 19:00:00+00:00,95.2
2025-09-17 20:00:00+00:00,87.36
2025-09-17 21:00:00+00:00,63.02
2025-09-17 22:00:00+00:00,27.6
2025-09-17 23:00:00+00:00,27.02
2025-09-18 00:00:00+00:00,27.4
2025-09-18 01:00:00+00:00,15.61
2025-09-18 02:00:00+00:00,17.23
2025-09-18 03:00:00+00:00,25.65
2025-09-18 04:00:00+00:00,40.7
2025-09-18 05:00:00+00:00,100.05
2025-09-18 06:00:00+00:00,102.63
2025-09-18 07:00:00+00:00,79.09
2025-09-18 08:00:00+00:00,56.4
2025-09-18 09:00:00+00:00,5.87
2025-09-18 10:00:00+00:00,0.2
2025-09-18 11:00:00+00:00,0.0
2025-09-18 12:00:00+00:00,0.0
2025-09-18 13:00:00+00:00,0.52
2025-09-18 14:00:00+00:00,15.31
2025-09-18 15:00:00+00:00,45.8
2025-09-18 16:00:00+00:00,96.86
2025-09-18 17:00:00+00:00,124.7
2025-09-18 18:00:00+00:00,127.5
2025-09-18 19:00:00+00:00,110.0
2025-09-18 20:00:00+00:00,99.09
2025-09-18 21:00:00+00:00,88.2
2025-09-18 22:00:00+00:00,74.09
2025-09-18 23:00:00+00:00,65.0
2025-09-19 00:00:00+00:00,53.8
2025-09-19 01:00:00+00:00,46.93
2025-09-19 02:00:00+00:00,44.34
2025-09-19 03:00:00+00:00,42.13
2025-09-19 04:00:00+00:00,35.66
2025-09-19 05:00:00+00:00,81.19
2025-09-19 06:00:00+00:00,92.77
2025-09-19 07:00:00+00:00,49.14
2025-09-19 08:00:00+00:00,35.74
2025-09-19 09:00:00+00:00,13.0
2025-09-19 10:00:00+00:00,0.99
2025-09-19 11:00:00+00:00,0.0
2025-09-19 12:00:00+00:00,0.0
2025-09-19 13:00:00+00:00,11.97
2025-09-19 14:00:00+00:00,33.04
2025-09-19 15:00:00+00:00,65.87
2025-09-19 16:00:00+00:00,76.0
2025-09-19 17:00:00+00:00,108.14
2025-09-19 18:00:00+00:00,105.01
2025-09-19 19:00:00+00:00,85.6
2025-09-19 20:00:00+00:00,86.21
2025-09-19 21:00:00+00:00,79.14
2025-09-19 22:00:00+00:00,0.0
2025-09-19 23:00:00+00:00,14.71
2025-09-20 00:00:00+00:00,20.02
2025-09-20 01:00:00+00:00,19.31
2025-09-20 02:00:00+00:00,20.41
2025-09-20 03:00:00+00:00,19.31
2025-09-20 04:00:00+00:00,25.64
2025-09-20 05:00:00+00:00,20.8
2025-09-20 06:00:00+00:00,18.47
2025-09-20 07:00:00+00:00,24.87
2025-09-20 08:00:00+00:00,3.39
2025-09-20 09:00:00+00:00,3.94
2025-09-20 10:00:00+00:00,1.72
2025-09-20 11:00:00+00:00,0.0
2025-09-20 12:00:00+00:00,0.0
2025-09-20 13:00:00+00:00,0.65
2025-09-20 14:00:00+00:00,4.31
2025-09-20 15:00:00+00:00,15.43
2025-09-20 16:00:00+00:00,32.52
2025-09-20 17:00:00+00:00,44.62
2025-09-20 18:00:00+00:00,68.65
2025-09-20 19:00:00+00:00,58.21
2025-09-20 20:00:00+00:00,45.32
2025-09-20 21:00:00+00:00,17.62
2025-09-20 22:00:00+00:00,9.45
2025-09-20 23:00:00+00:00,4.43
2025-09-21 00:00:00+00:00,3.69
2025-09-21 01:00:00+00:00,1.95
2025-09-21 02:00:00+00:00,2.3
2025-09-21 03:00:00+00:00,4.03
2025-09-21 04:00:00+00:00,4.41
2025-09-21 05:00:00+00:00,5.23
2025-09-21 06:00:00+00:00,4.86
2025-09-21 07:00:00+00:00,4.82
2025-09-21 08:00:00+00:00,10.0
2025-09-21 09:00:00+00:00,4.48
2025-09-21 10:00:00+00:00,8.37
2025-09-21 11:00:00+00:00,9.98
2025-09-21 12:00:00+00:00,2.0
2025-09-21 13:00:00+00:00,0.89
2025-09-21 14:00:00+00:00,9.47
2025-09-21 15:00:00+00:00,5.99
2025-09-21 16:00:00+00:00,15.0
2025-09-21 17:00:00+00:00,46.04
2025-09-21 18:00:00+00:00,69.96
2025-09-21 19:00:00+00:00,61.4
2025-09-21 20:00:00+00:00,54.8
2025-09-21 21:00:00+00:00,38.09
2025-09-21 22:00:00+00:00,15.57
2025-09-21 23:00:00+00:00,14.08
2025-09-22 00:00:00+00:00,21.44
2025-09-22 01:00:00+00:00,11.33
2025-09-22 02:00:00+00:00,4.14
2025-09-22 03:00:00+00:00,1.5
2025-09-22 04:00:00+00:00,10.66
2025-09-22 05:00:00+00:00,41.9
2025-09-22 06:00:00+00:00,62.03
2025-09-22 07:00:00+00:00,29.35
2025-09-22 08:00:00+00:00,2.0
2025-09-22 09:00:00+00:00,0.0
2025-09-22 10:00:00+00:00,0.0
2025-09-22 11:00:00+00:00,-0.01
2025-09-22 12:00:00+00:00,-0.01
2025-09-22 13:00:00+00:00,-0.01
2025-09-22 14:00:00+00:00,-0.01
2025-09-22 15:00:00+00:00,-0.01
2025-09-22 16:00:00+00:00,1.54
2025-09-22 17:00:00+00:00,39.66
2025-09-22 18:00:00+00:00,17.28
2025-09-22 19:00:00+00:00,9.22
2025-09-22 20:00:00+00:00,6.7
2025-09-22 21:00:00+00:00,26.47
2025-09-22 22:00:00+00:00,9.93
2025-09-22 23:00:00+00:00,7.27
2025-09-23 00:00:00+00:00,1.5
2025-09-23 01:00:00+00:00,-0.01
2025-09-23 02:00:00+00:00,-0.01
2025-09-23 03:00:00+00:00,-0.01
2025-09-23 04:00:00+00:00,17.26
2025-09-23 05:00:00+00:00,25.26
2025-09-23 06:00:00+00:00,40.7
2025-09-23 07:00:00+00:00,28.03
2025-09-23 08:00:00+00:00,3.82
2025-09-23 09:00:00+00:00,4.86
2025-09-23 10:00:00+00:00,12.42
2025-09-23 11:00:00+00:00,0.0
2025-09-23 12:00:00+00:00,0.0
2025-09-23 13:00:00+00:00,0.0
2025-09-23 14:00:00+00:00,0.0
2025-09-23 15:00:00+00:00,2.2
2025-09-23 16:00:00+00:00,26.47
2025-09-23 17:00:00+00:00,58.0
2025-09-23 18:00:00+00:00,40.63
2025-09-23 19:00:00+00:00,18.63
2025-09-23 20:00:00+00:00,21.96
2025-09-23 21:00:00+00:00,21.02
2025-09-23 22:00:00+00:00,0.0
2025-09-23 23:00:00+00:00,0.0
2025-09-24 00:00:00+00:00,0.0
2025-09-24 01:00:00+00:00,0.05
2025-09-24 02:00:00+00:00,0.0
2025-09-24 03:00:00+00:00,0.08
2025-09-24 04:00:00+00:00,0.0
2025-09-24 05:00:00+00:00,36.89
2025-09-24 06:00:00+00:00,69.01
2025-09-24 07:00:00+00:00,57.91
2025-09-24 08:00:00+00:00,9.52
2025-09-24 09:00:00+00:00,15.77
2025-09-24 10:00:00+00:00,27.1
2025-09-24 11:00:00+00:00,5.95
2025-09-24 12:00:00+00:00,0.65
2025-09-24 13:00:00+00:00,0.01
2025-09-24 14:00:00+00:00,0.65
2025-09-24 15:00:00+00:00,20.1
2025-09-24 16:00:00+00:00,72.72
2025-09-24 17:00:00+00:00,95.0
2025-09-24 18:00:00+00:00,100.61
2025-09-24 19:00:00+00:00,89.66
2025-09-24 20:00:00+00:00,85.96
2025-09-24 21:00:00+00:00,70.47
2025-09-24 22:00:00+00:00,62.68
2025-09-24 23:00:00+00:00,54.9
2025-09-25 00:00:00+00:00,52.87
2025-09-25 01:00:00+00:00,40.35
2025-09-25 02:00:00+00:00,23.88
2025-09-25 03:00:00+00:00,53.52
2025-09-25 04:00:00+00:00,78.84
2025-09-25 05:00:00+00:00,86.9
2025-09-25 06:00:00+00:00,116.89
2025-09-25 07:00:00+00:00,88.57
2025-09-25 08:00:00+00:00,55.12
2025-09-25 09:00:00+00:00,30.2
2025-09-25 10:00:00+00:00,38.72
2025-09-25 11:00:00+00:00,25.93
2025-09-25 12:00:00+00:00,20.1
2025-09-25 13:00:00+00:00,22.74
2025-09-25 14:00:00+00:00,25.93
2025-09-25 15:00:00+00:00,53.13
2025-09-25 16:00:00+00:00,76.01
2025-09-25 17:00:00+00:00,114.11
2025-09-25 18:00:00+00:00,121.79
2025-09-25 19:00:00+00:00,96.73
2025-09-25 20:00:00+00:00,85.69
2025-09-25 21:00:00+00:00,81.09
2025-09-25 22:00:00+00:00,78.48
2025-09-25 23:00:00+00:00,72.3
2025-09-26 00:00:00+00:00,72.87
2025-09-26 01:00:00+00:00,69.45
2025-09-26 02:00:00+00:00,64.85
2025-09-26 03:00:00+00:00,72.13
2025-09-26 04:00:00+00:00,91.76
2025-09-26 05:00:00+00:00,110.4
2025-09-26 06:00:00+00:00,123.28
2025-09-26 07:00:00+00:00,108.8
2025-09-26 08:00:00+00:00,88.59
2025-09-26 09:00:00+00:00,83.86
2025-09-26 10:00:00+00:00,79.47
2025-09-26 11:00:00+00:00,76.09
2025-09-26 12:00:00+00:00,71.9
2025-09-26 13:00:00+00:00,48.35
2025-09-26 14:00:00+00:00,66.26
2025-09-26 15:00:00+00:00,73.36
2025-09-26 16:00:00+00:00,94.08
2025-09-26 17:00:00+00:00,123.6
2025-09-26 18:00:00+00:00,119.61
2025-09-26 19:00:00+00:00,106.21
2025-09-26 20:00:00+00:00,96.9
2025-09-26 21:00:00+00:00,89.9
2025-09-26 22:00:00+00:00,83.93
2025-09-26 23:00:00+00:00,66.2
2025-09-27 00:00:00+00:00,57.91
2025-09-27 01:00:00+00:00,54.87
2025-09-27 02:00:00+00:00,44.76
2025-09-27 03:00:00+00:00,47.51
2025-09-27 04:00:00+00:00,69.24
2025-09-27 05:00:00+00:00,66.47
2025-09-27 06:00:00+00:00,82.17
2025-09-27 07:00:00+00:00,82.66
2025-09-27 08:00:00+00:00,38.8
2025-09-27 09:00:00+00:00,20.25
2025-09-27 10:00:00+00:00,16.79
2025-09-27 11:00:00+00:00,12.91
2025-09-27 12:00:00+00:00,10.42
2025-09-27 13:00:00+00:00,11.66
2025-09-27 14:00:00+00:00,12.27
2025-09-27 15:00:00+00:00,29.2
2025-09-27 16:00:00+00:00,67.0
2025-09-27 17:00:00+00:00,92.56
2025-09-27 18:00:00+00:00,98.41
2025-09-27 19:00:00+00:00,72.1
2025-09-27 20:00:00+00:00,79.69
2025-09-27 21:00:00+00:00,82.05
2025-09-27 22:00:00+00:00,63.51
2025-09-27 23:00:00+00:00,60.86
2025-09-28 00:00:00+00:00,59.83
2025-09-28 01:00:00+00:00,44.37
2025-09-28 02:00:00+00:00,35.29
2025-09-28 03:00:00+00:00,52.99
2025-09-28 04:00:00+00:00,48.54
2025-09-28 05:00:00+00:00,58.87
2025-09-28 06:00:00+00:00,58.87
2025-09-28 07:00:00+00:00,57.91
2025-09-28 08:00:00+00:00,35.0
2025-09-28 09:00:00+00:00,29.16
2025-09-28 10:00:00+00:00,17.11
2025-09-28 11:00:00+00:00,8.53
2025-09-28 12:00:00+00:00,13.0
2025-09-28 13:00:00+00:00,16.79
2025-09-28 14:00:00+00:00,22.97
2025-09-28 15:00:00+00:00,37.34
2025-09-28 16:00:00+00:00,61.11
2025-09-28 17:00:00+00:00,70.98
2025-09-28 18:00:00+00:00,74.14
2025-09-28 19:00:00+00:00,61.0
2025-09-28 20:00:00+00:00,69.62
2025-09-28 21:00:00+00:00,60.16
2025-09-28 22:00:00+00:00,51.6
2025-09-28 23:00:00+00:00,47.7
2025-09-29 00:00:00+00:00,45.0
2025-09-29 01:00:00+00:00,32.0
2025-09-29 02:00:00+00:00,30.0
2025-09-29 03:00:00+00:00,32.5
2025-09-29 04:00:00+00:00,50.0
2025-09-29 05:00:00+00:00,74.4
2025-09-29 06:00:00+00:00,81.8
2025-09-29 07:00:00+00:00,73.08
2025-09-29 08:00:00+00:00,59.33
2025-09-29 09:00:00+00:00,40.14
2025-09-29 10:00:00+00:00,35.0
2025-09-29 11:00:00+00:00,28.3
2025-09-29 12:00:00+00:00,21.99
2025-09-29 13:00:00+00:00,27.94
2025-09-29 14:00:00+00:00,35.0
2025-09-29 15:00:00+00:00,52.0
2025-09-29 16:00:00+00:00,85.0
2025-09-29 17:00:00+00:00,101.13
2025-09-29 18:00:00+00:00,133.26
2025-09-29 19:00:00+00:00,89.51
2025-09-29 20:00:00+00:00,84.88
2025-09-29 21:00:00+00:00,88.6
2025-09-29 22:00:00+00:00,69.9
2025-09-29 23:00:00+00:00,64.7
2025-09-30 00:00:00+00:00,65.9
2025-09-30 01:00:00+00:00,43.63
2025-09-30 02:00:00+00:00,38.0
2025-09-30 03:00:00+00:00,30.23
2025-09-30 04:00:00+00:00,56.0
2025-09-30 05:00:00+00:00,98.18
2025-09-30 06:00:00+00:00,120.0
2025-09-30 07:00:00+00:00,93.97
2025-09-30 08:00:00+00:00,60.1
2025-09-30 09:00:00+00:00,31.0
2025-09-30 10:00:00+00:00,24.47
2025-09-30 11:00:00+00:00,21.9
2025-09-30 12:00:00+00:00,7.43
2025-09-30 13:00:00+00:00,22.89
2025-09-30 14:00:00+00:00,25.26
2025-09-30 15:00:00+00:00,36.01
2025-09-30 16:00:00+00:00,82.99
2025-09-30 17:00:00+00:00,117.0
2025-09-30 18:00:00+00:00,106.18
2025-09-30 19:00:00+00:00,83.23
2025-09-30 20:00:00+00:00,73.0
2025-09-30 21:00:00+00:00,75.73
2025-09-30 22:00:00+00:00,79.53
2025-09-30 23:00:00+00:00,77.02
2025-10-01 00:00:00+00:00,47.5725
2025-10-01 01:00:00+00:00,29.47
2025-10-01 02:00:00+00:00,44.027499999999996
2025-10-01 03:00:00+00:00,28.802500000000002
2025-10-01 04:00:00+00:00,61.415
2025-10-01 05:00:00+00:00,102.6425
2025-10-01 06:00:00+00:00,120.44
2025-10-01 07:00:00+00:00,95.6875
2025-10-01 08:00:00+00:00,67.2625
2025-10-01 09:00:00+00:00,41.0275
2025-10-01 10:00:00+00:00,23.92
2025-10-01 11:00:00+00:00,16.275
2025-10-01 12:00:00+00:00,14.0225
2025-10-01 13:00:00+00:00,19.245
2025-10-01 14:00:00+00:00,36.9725
2025-10-01 15:00:00+00:00,53.1925
2025-10-01 16:00:00+00:00,86.57249999999999
2025-10-01 17:00:00+00:00,125.0575
2025-10-01 18:00:00+00:00,116.7625
2025-10-01 19:00:00+00:00,77.4125
2025-10-01 20:00:00+00:00,88.5925
2025-10-01 21:00:00+00:00,77.535
2025-10-01 22:00:00+00:00,69.255
2025-10-01 23:00:00+00:00,67.58250000000001
2025-10-02 00:00:00+00:00,52.9275
2025-10-02 01:00:00+00:00,27.9425
2025-10-02 02:00:00+00:00,39.4375
2025-10-02 03:00:00+00:00,66.6375
2025-10-02 04:00:00+00:00,71.79
2025-10-02 05:00:00+00:00,102.5
2025-10-02 06:00:00+00:00,122.97
2025-10-02 07:00:00+00:00,93.615
2025-10-02 08:00:00+00:00,58.69
2025-10-02 09:00:00+00:00,34.285
2025-10-02 10:00:00+00:00,22.1
2025-10-02 11:00:00+00:00,17.67
2025-10-02 12:00:00+00:00,16.4075
2025-10-02 13:00:00+00:00,16.5925
2025-10-02 14:00:00+00:00,31.895
2025-10-02 15:00:00+00:00,45.635000000000005
2025-10-02 16:00:00+00:00,80.18
2025-10-02 17:00:00+00:00,106.9175
2025-10-02 18:00:00+00:00,87.56
2025-10-02 19:00:00+00:00,60.99
2025-10-02 20:00:00+00:00,48.835
2025-10-02 21:00:00+00:00,38.94
2025-10-02 22:00:00+00:00,32.652499999999996
2025-10-02 23:00:00+00:00,33.81
2025-10-03 00:00:00+00:00,31.3175
2025-10-03 01:00:00+00:00,22.905
2025-10-03 02:00:00+00:00,19.0125
2025-10-03 03:00:00+00:00,29.93
2025-10-03 04:00:00+00:00,50.042500000000004
2025-10-03 05:00:00+00:00,85.89750000000001
2025-10-03 06:00:00+00:00,103.2775
2025-10-03 07:00:00+00:00,86.9975
2025-10-03 08:00:00+00:00,68.66499999999999
2025-10-03 09:00:00+00:00,49.695
2025-10-03 10:00:00+00:00,41.792500000000004
2025-10-03 11:00:00+00:00,39.1275
2025-10-03 12:00:00+00:00,39.1175
2025-10-03 13:00:00+00:00,38.2275
2025-10-03 14:00:00+00:00,44.1025
2025-10-03 15:00:00+00:00,58.387499999999996
2025-10-03 16:00:00+00:00,50.5275
2025-10-03 17:00:00+00:00,60.3375
2025-10-03 18:00:00+00:00,49.55
2025-10-03 19:00:00+00:00,37.5025
2025-10-03 20:00:00+00:00,27.165
2025-10-03 21:00:00+00:00,17.9875
2025-10-03 22:00:00+00:00,9.8525
2025-10-03 23:00:00+00:00,4.92
2025-10-04 00:00:00+00:00,1.8425
2025-10-04 01:00:00+00:00,0.0
2025-10-04 02:00:00+00:00,0.0
2025-10-04 03:00:00+00:00,0.0
2025-10-04 04:00:00+00:00,0.005000000000000001
2025-10-04 05:00:00+00:00,1.58
2025-10-04 06:00:00+00:00,6.5975
2025-10-04 07:00:00+00:00,10.345
2025-10-04 08:00:00+00:00,6.165
2025-10-04 09:00:00+00:00,0.11
2025-10-04 10:00:00+00:00,-0.0075
2025-10-04 11:00:00+00:00,-0.015000000000000001
2025-10-04 12:00:00+00:00,-0.015
2025-10-04 13:00:00+00:00,-0.0075
2025-10-04 14:00:00+00:00,-0.0075
2025-10-04 15:00:00+00:00,0.1475
2025-10-04 16:00:00+00:00,10.805
2025-10-04 17:00:00+00:00,19.990000000000002
2025-10-04 18:00:00+00:00,13.3875
2025-10-04 19:00:00+00:00,9.135
2025-10-04 20:00:00+00:00,8.45
2025-10-04 21:00:00+00:00,7.6825
2025-10-04 22:00:00+00:00,4.3100000000000005
2025-10-04 23:00:00+00:00,0.535
2025-10-05 00:00:00+00:00,0.455
2025-10-05 01:00:00+00:00,-0.005
2025-10-05 02:00:00+00:00,-0.01
2025-10-05 03:00:00+00:00,-0.01
2025-10-05 04:00:00+00:00,0.0325
2025-10-05 05:00:00+00:00,4.055
2025-10-05 06:00:00+00:00,2.2224999999999997
2025-10-05 07:00:00+00:00,2.5875
2025-10-05 08:00:00+00:00,-0.005000000000000001
2025-10-05 09:00:00+00:00,-0.395
2025-10-05 10:00:00+00:00,-0.99
2025-10-05 11:00:00+00:00,-2.2225
2025-10-05 12:00:00+00:00,-2.4525
2025-10-05 13:00:00+00:00,-1.045
2025-10-05 14:00:00+00:00,-0.0025000000000000022
2025-10-05 15:00:00+00:00,8.682500000000001
2025-10-05 16:00:00+00:00,27.48
2025-10-05 17:00:00+00:00,52.425
2025-10-05 18:00:00+00:00,43.472500000000004
2025-10-05 19:00:00+00:00,31.3125
2025-10-05 20:00:00+00:00,32.035000000000004
2025-10-05 21:00:00+00:00,23.2825
2025-10-05 22:00:00+00:00,26.955
2025-10-05 23:00:00+00:00,18.775
2025-10-06 00:00:00+00:00,15.735
2025-10-06 01:00:00+00:00,15.944999999999999
2025-10-06 02:00:00+00:00,20.8975
2025-10-06 03:00:00+00:00,26.5825
2025-10-06 04:00:00+00:00,74.455
2025-10-06 05:00:00+00:00,112.85
2025-10-06 06:00:00+00:00,124.76
2025-10-06 07:00:00+00:00,108.4025
2025-10-06 08:00:00+00:00,77.2725
2025-10-06 09:00:00+00:00,60.09
2025-10-06 10:00:00+00:00,58.2425
2025-10-06 11:00:00+00:00,41.435
2025-10-06 12:00:00+00:00,36.31
2025-10-06 13:00:00+00:00,40.325
2025-10-06 14:00:00+00:00,49.19
2025-10-06 15:00:00+00:00,73.8225
2025-10-06 16:00:00+00:00,103.0675
2025-10-06 17:00:00+00:00,143.4075
2025-10-06 18:00:00+00:00,134.88
2025-10-06 19:00:00+00:00,110.8325
2025-10-06 20:00:00+00:00,103.2825
2025-10-06 21:00:00+00:00,96.27
2025-10-06 22:00:00+00:00,88.7675
2025-10-06 23:00:00+00:00,89.4675
2025-10-07 00:00:00+00:00,75.6625
2025-10-07 01:00:00+00:00,78.345
2025-10-07 02:00:00+00:00,74.47
2025-10-07 03:00:00+00:00,84.3475
2025-10-07 04:00:00+00:00,98.48
2025-10-07 05:00:00+00:00,121.0125
2025-10-07 06:00:00+00:00,132.315
2025-10-07 07:00:00+00:00,118.1
2025-10-07 08:00:00+00:00,75.89
2025-10-07 09:00:00+00:00,51.7625
2025-10-07 10:00:00+00:00,50.8775
2025-10-07 11:00:00+00:00,41.405
2025-10-07 12:00:00+00:00,37.34
2025-10-07 13:00:00+00:00,42.81
2025-10-07 14:00:00+00:00,54.95
2025-10-07 15:00:00+00:00,77.7175
2025-10-07 16:00:00+00:00,114.8625
2025-10-07 17:00:00+00:00,154.5225
2025-10-07 18:00:00+00:00,145.475
2025-10-07 19:00:00+00:00,123.2425
2025-10-07 20:00:00+00:00,107.4225
2025-10-07 21:00:00+00:00,97.4825
2025-10-07 22:00:00+00:00,93.4525
2025-10-07 23:00:00+00:00,88.4375
2025-10-08 00:00:00+00:00,87.56
2025-10-08 01:00:00+00:00,81.1575
2025-10-08 02:00:00+00:00,74.8875
2025-10-08 03:00:00+00:00,78.0
2025-10-08 04:00:00+00:00,99.79
2025-10-08 05:00:00+00:00,125.5
2025-10-08 06:00:00+00:00,154.26749999999998
2025-10-08 07:00:00+00:00,109.8525
2025-10-08 08:00:00+00:00,98.0275
2025-10-08 09:00:00+00:00,79.7375
2025-10-08 10:00:00+00:00,76.19
2025-10-08 11:00:00+00:00,68.2
2025-10-08 12:00:00+00:00,64.575
2025-10-08 13:00:00+00:00,66.6
2025-10-08 14:00:00+00:00,66.8425
2025-10-08 15:00:00+00:00,90.935
2025-10-08 16:00:00+00:00,105.48
2025-10-08 17:00:00+00:00,155.14249999999998
2025-10-08 18:00:00+00:00,139.05
2025-10-08 19:00:00+00:00,103.07
2025-10-08 20:00:00+00:00,93.7025
2025-10-08 21:00:00+00:00,90.2625
2025-10-08 22:00:00+00:00,92.365
2025-10-08 23:00:00+00:00,80.955
2025-10-09 00:00:00+00:00,78.945
2025-10-09 01:00:00+00:00,69.855
2025-10-09 02:00:00+00:00,65.58
2025-10-09 03:00:00+00:00,68.47
2025-10-09 04:00:00+00:00,85.7775
2025-10-09 05:00:00+00:00,101.8775
2025-10-09 06:00:00+00:00,119.0675
2025-10-09 07:00:00+00:00,111.035
2025-10-09 08:00:00+00:00,89.8125
2025-10-09 09:00:00+00:00,83.7025
2025-10-09 10:00:00+00:00,75.095
2025-10-09 11:00:00+00:00,48.38
2025-10-09 12:00:00+00:00,47.1175
2025-10-09 13:00:00+00:00,41.3
2025-10-09 14:00:00+00:00,47.75
2025-10-09 15:00:00+00:00,67.1375
2025-10-09 16:00:00+00:00,101.0975
2025-10-09 17:00:00+00:00,124.7975
2025-10-09 18:00:00+00:00,114.4575
2025-10-09 19:00:00+00:00,101.065
2025-10-09 20:00:00+00:00,95.0675
2025-10-09 21:00:00+00:00,92.7375
2025-10-09 22:00:00+00:00,89.0175
2025-10-09 23:00:00+00:00,85.015
2025-10-10 00:00:00+00:00,79.9925
2025-10-10 01:00:00+00:00,72.955
2025-10-10 02:00:00+00:00,69.7525
2025-10-10 03:00:00+00:00,78.87
2025-10-10 04:00:00+00:00,94.9825
2025-10-10 05:00:00+00:00,107.06
2025-10-10 06:00:00+00:00,121.4775
2025-10-10 07:00:00+00:00,104.96
2025-10-10 08:00:00+00:00,87.5425
2025-10-10 09:00:00+00:00,70.2475
2025-10-10 10:00:00+00:00,73.55
2025-10-10 11:00:00+00:00,43.5725
2025-10-10 12:00:00+00:00,33.225
2025-10-10 13:00:00+00:00,45.71
2025-10-10 14:00:00+00:00,52.1875
2025-10-10 15:00:00+00:00,79.9825
2025-10-10 16:00:00+00:00,96.125
2025-10-10 17:00:00+00:00,115.005
2025-10-10 18:00:00+00:00,113.0575
2025-10-10 19:00:00+00:00,93.085
2025-10-10 20:00:00+00:00,91.945
2025-10-10 21:00:00+00:00,93.875
2025-10-10 22:00:00+00:00,95.1225
2025-10-10 23:00:00+00:00,88.83500000000001
2025-10-11 00:00:00+00:00,79.925
2025-10-11 01:00:00+00:00,72.5325
2025-10-11 02:00:00+00:00,68.71000000000001
2025-10-11 03:00:00+00:00,76.92
2025-10-11 04:00:00+00:00,90.265
2025-10-11 05:00:00+00:00,96.7525
2025-10-11 06:00:00+00:00,100.065
2025-10-11 07:00:00+00:00,85.69
2025-10-11 08:00:00+00:00,55.745
2025-10-11 09:00:00+00:00,30.5175
2025-10-11 10:00:00+00:00,30.245
2025-10-11 11:00:00+00:00,17.075
2025-10-11 12:00:00+00:00,16.9975
2025-10-11 13:00:00+00:00,15.4875
2025-10-11 14:00:00+00:00,9.8725
2025-10-11 15:00:00+00:00,42.5625
2025-10-11 16:00:00+00:00,83.0625
2025-10-11 17:00:00+00:00,106.6
2025-10-11 18:00:00+00:00,105.62
2025-10-11 19:00:00+00:00,91.715
2025-10-11 20:00:00+00:00,89.7675
2025-10-11 21:00:00+00:00,93.4975
2025-10-11 22:00:00+00:00,92.7075
2025-10-11 23:00:00+00:00,77.78
2025-10-12 00:00:00+00:00,71.765
2025-10-12 01:00:00+00:00,59.19
2025-10-12 02:00:00+00:00,62.88
2025-10-12 03:00:00+00:00,57.015
2025-10-12 04:00:00+00:00,74.905
2025-10-12 05:00:00+00:00,81.06
2025-10-12 06:00:00+00:00,85.21
2025-10-12 07:00:00+00:00,65.575
2025-10-12 08:00:00+00:00,29.0425
2025-10-12 09:00:00+00:00,20.3325
2025-10-12 10:00:00+00:00,24.03
2025-10-12 11:00:00+00:00,16.5
2025-10-12 12:00:00+00:00,6.1975
2025-10-12 13:00:00+00:00,1.7175
2025-10-12 14:00:00+00:00,7.237500000000001
2025-10-12 15:00:00+00:00,34.417500000000004
2025-10-12 16:00:00+00:00,86.3225
2025-10-12 17:00:00+00:00,109.4025
2025-10-12 18:00:00+00:00,110.18
2025-10-12 19:00:00+00:00,102.95
2025-10-12 20:00:00+00:00,84.64
2025-10-12 21:00:00+00:00,80.88
2025-10-12 22:00:00+00:00,72.2475
2025-10-12 23:00:00+00:00,63.557500000000005
2025-10-13 00:00:00+00:00,60.167500000000004
2025-10-13 01:00:00+00:00,30.0
2025-10-13 02:00:00+00:00,23.19
2025-10-13 03:00:00+00:00,44.4725
2025-10-13 04:00:00+00:00,87.5475
2025-10-13 05:00:00+00:00,107.5475
2025-10-13 06:00:00+00:00,127.4125
2025-10-13 07:00:00+00:00,111.215
2025-10-13 08:00:00+00:00,103.0
2025-10-13 09:00:00+00:00,88.36
2025-10-13 10:00:00+00:00,77.2875
2025-10-13 11:00:00+00:00,60.0275
2025-10-13 12:00:00+00:00,47.33
2025-10-13 13:00:00+00:00,45.1
2025-10-13 14:00:00+00:00,45.8075
2025-10-13 15:00:00+00:00,78.8975
2025-10-13 16:00:00+00:00,99.9125
2025-10-13 17:00:00+00:00,132.0775
2025-10-13 18:00:00+00:00,106.19
2025-10-13 19:00:00+00:00,95.19
2025-10-13 20:00:00+00:00,90.5225
2025-10-13 21:00:00+00:00,87.4125
2025-10-13 22:00:00+00:00,97.4425
2025-10-13 23:00:00+00:00,89.62
2025-10-14 00:00:00+00:00,84.265
2025-10-14 01:00:00+00:00,73.375
2025-10-14 02:00:00+00:00,69.5775
2025-10-14 03:00:00+00:00,75.725
2025-10-14 04:00:00+00:00,96.6
2025-10-14 05:00:00+00:00,114.9475
2025-10-14 06:00:00+00:00,141.9325
2025-10-14 07:00:00+00:00,122.5125
2025-10-14 08:00:00+00:00,105.425
2025-10-14 09:00:00+00:00,88.0375
2025-10-14 10:00:00+00:00,76.85499999999999
2025-10-14 11:00:00+00:00,66.7575
2025-10-14 12:00:00+00:00,63.495000000000005
2025-10-14 13:00:00+00:00,61.7175
2025-10-14 14:00:00+00:00,69.35249999999999
2025-10-14 15:00:00+00:00,86.94749999999999
2025-10-14 16:00:00+00:00,110.61
2025-10-14 17:00:00+00:00,145.16
2025-10-14 18:00:00+00:00,116.6525
2025-10-14 19:00:00+00:00,102.79
2025-10-14 20:00:00+00:00,119.5875
2025-10-14 21:00:00+00:00,103.18
2025-10-14 22:00:00+00:00,83.3225
2025-10-14 23:00:00+00:00,76.805
2025-10-15 00:00:00+00:00,76.705
2025-10-15 01:00:00+00:00,69.0425
2025-10-15 02:00:00+00:00,64.8575
2025-10-15 03:00:00+00:00,64.9325
2025-10-15 04:00:00+00:00,83.99
2025-10-15 05:00:00+00:00,109.7725
2025-10-15 06:00:00+00:00,143.1
2025-10-15 07:00:00+00:00,120.53
2025-10-15 08:00:00+00:00,99.6625
2025-10-15 09:00:00+00:00,84.62
2025-10-15 10:00:00+00:00,73.02250000000001
2025-10-15 11:00:00+00:00,61.75
2025-10-15 12:00:00+00:00,45.72
2025-10-15 13:00:00+00:00,59.63999999999999
2025-10-15 14:00:00+00:00,73.4225
2025-10-15 15:00:00+00:00,88.6025
2025-10-15 16:00:00+00:00,116.8825
2025-10-15 17:00:00+00:00,156.5225
2025-10-15 18:00:00+00:00,127.405
2025-10-15 19:00:00+00:00,95.0
2025-10-15 20:00:00+00:00,93.125
2025-10-15 21:00:00+00:00,88.2825
2025-10-15 22:00:00+00:00,76.74000000000001
2025-10-15 23:00:00+00:00,68.3875
2025-10-16 00:00:00+00:00,72.6075
2025-10-16 01:00:00+00:00,60.65
2025-10-16 02:00:00+00:00,55.1975
2025-10-16 03:00:00+00:00,70.535
2025-10-16 04:00:00+00:00,86.6125
2025-10-16 05:00:00+00:00,107.225
2025-10-16 06:00:00+00:00,133.0175
2025-10-16 07:00:00+00:00,112.33
2025-10-16 08:00:00+00:00,87.14500000000001
2025-10-16 09:00:00+00:00,80.31
2025-10-16 10:00:00+00:00,69.84
2025-10-16 11:00:00+00:00,56.3975
2025-10-16 12:00:00+00:00,63.7975
2025-10-16 13:00:00+00:00,64.71000000000001
2025-10-16 14:00:00+00:00,73.69
2025-10-16 15:00:00+00:00,84.5
2025-10-16 16:00:00+00:00,116.7125
2025-10-16 17:00:00+00:00,142.325
2025-10-16 18:00:00+00:00,117.195
2025-10-16 19:00:00+00:00,96.5225
2025-10-16 20:00:00+00:00,86.96000000000001
2025-10-16 21:00:00+00:00,90.205
2025-10-16 22:00:00+00:00,87.215
2025-10-16 23:00:00+00:00,74.1275
2025-10-17 00:00:00+00:00,79.0125
2025-10-17 01:00:00+00:00,80.7475
2025-10-17 02:00:00+00:00,75.375
2025-10-17 03:00:00+00:00,83.395
2025-10-17 04:00:00+00:00,91.9075
2025-10-17 05:00:00+00:00,117.165
2025-10-17 06:00:00+00:00,140.2525
2025-10-17 07:00:00+00:00,129.02
2025-10-17 08:00:00+00:00,99.375
2025-10-17 09:00:00+00:00,84.4225
2025-10-17 10:00:00+00:00,76.575
2025-10-17 11:00:00+00:00,59.135
2025-10-17 12:00:00+00:00,48.39
2025-10-17 13:00:00+00:00,45.0
2025-10-17 14:00:00+00:00,57.7975
2025-10-17 15:00:00+00:00,94.705
2025-10-17 16:00:00+00:00,120.745
2025-10-17 17:00:00+00:00,133.4725
2025-10-17 18:00:00+00:00,116.5675
2025-10-17 19:00:00+00:00,105.43
2025-10-17 20:00:00+00:00,103.3325
2025-10-17 21:00:00+00:00,93.1
2025-10-17 22:00:00+00:00,93.85
2025-10-17 23:00:00+00:00,91.5875
2025-10-18 00:00:00+00:00,90.23
2025-10-18 01:00:00+00:00,82.6375
2025-10-18 02:00:00+00:00,74.88
2025-10-18 03:00:00+00:00,78.86749999999999
2025-10-18 04:00:00+00:00,80.8425
2025-10-18 05:00:00+00:00,98.0825
2025-10-18 06:00:00+00:00,112.4725
2025-10-18 07:00:00+00:00,99.8925
2025-10-18 08:00:00+00:00,75.3725
2025-10-18 09:00:00+00:00,39.5175
2025-10-18 10:00:00+00:00,39.265
2025-10-18 11:00:00+00:00,24.24
2025-10-18 12:00:00+00:00,20.0
2025-10-18 13:00:00+00:00,20.6225
2025-10-18 14:00:00+00:00,30.0525
2025-10-18 15:00:00+00:00,68.13
2025-10-18 16:00:00+00:00,96.205
2025-10-18 17:00:00+00:00,117.9725
2025-10-18 18:00:00+00:00,102.6
2025-10-18 19:00:00+00:00,93.585
2025-10-18 20:00:00+00:00,95.9775
2025-10-18 21:00:00+00:00,94.375
2025-10-18 22:00:00+00:00,84.51
2025-10-18 23:00:00+00:00,71.355
2025-10-19 00:00:00+00:00,56.265
2025-10-19 01:00:00+00:00,34.1325
2025-10-19 02:00:00+00:00,30.47
2025-10-19 03:00:00+00:00,23.7925
2025-10-19 04:00:00+00:00,27.92
2025-10-19 05:00:00+00:00,29.71
2025-10-19 06:00:00+00:00,31.3525
2025-10-19 07:00:00+00:00,24.794999999999998
2025-10-19 08:00:00+00:00,8.3825
2025-10-19 09:00:00+00:00,12.0625
2025-10-19 10:00:00+00:00,26.6025
2025-10-19 11:00:00+00:00,12.04
2025-10-19 12:00:00+00:00,13.3425
2025-10-19 13:00:00+00:00,7.6725
2025-10-19 14:00:00+00:00,10.635
2025-10-19 15:00:00+00:00,12.845
2025-10-19 16:00:00+00:00,38.522499999999994
2025-10-19 17:00:00+00:00,66.645
2025-10-19 18:00:00+00:00,72.135
2025-10-19 19:00:00+00:00,49.0
2025-10-19 20:00:00+00:00,43.875
2025-10-19 21:00:00+00:00,32.410000000000004
2025-10-19 22:00:00+00:00,19.995
2025-10-19 23:00:00+00:00,11.5875
2025-10-20 00:00:00+00:00,14.1675
2025-10-20 01:00:00+00:00,8.425
2025-10-20 02:00:00+00:00,9.8875
2025-10-20 03:00:00+00:00,11.885
2025-10-20 04:00:00+00:00,51.095
2025-10-20 05:00:00+00:00,75.32
2025-10-20 06:00:00+00:00,92.845
2025-10-20 07:00:00+00:00,84.1625
2025-10-20 08:00:00+00:00,38.4625
2025-10-20 09:00:00+00:00,16.68
2025-10-20 10:00:00+00:00,20.7525
2025-10-20 11:00:00+00:00,7.875
2025-10-20 12:00:00+00:00,1.3425
2025-10-20 13:00:00+00:00,0.2825
2025-10-20 14:00:00+00:00,6.0575
2025-10-20 15:00:00+00:00,11.7675
2025-10-20 16:00:00+00:00,40.1425
2025-10-20 17:00:00+00:00,79.05
2025-10-20 18:00:00+00:00,64.1275
2025-10-20 19:00:00+00:00,28.75
2025-10-20 20:00:00+00:00,46.08
2025-10-20 21:00:00+00:00,46.6375
2025-10-20 22:00:00+00:00,11.19
2025-10-20 23:00:00+00:00,12.6075
2025-10-21 00:00:00+00:00,12.2925
2025-10-21 01:00:00+00:00,11.0475
2025-10-21 02:00:00+00:00,13.98
2025-10-21 03:00:00+00:00,13.0
2025-10-21 04:00:00+00:00,35.27
2025-10-21 05:00:00+00:00,62.965
2025-10-21 06:00:00+00:00,93.4075
2025-10-21 07:00:00+00:00,82.6325
2025-10-21 08:00:00+00:00,78.5425
2025-10-21 09:00:00+00:00,69.1425
2025-10-21 10:00:00+00:00,53.2775
2025-10-21 11:00:00+00:00,37.62
2025-10-21 12:00:00+00:00,39.06
2025-10-21 13:00:00+00:00,38.59
2025-10-21 14:00:00+00:00,58.995
2025-10-21 15:00:00+00:00,75.9125
2025-10-21 16:00:00+00:00,101.345
2025-10-21 17:00:00+00:00,118.7425
2025-10-21 18:00:00+00:00,101.3775
2025-10-21 19:00:00+00:00,82.9675
2025-10-21 20:00:00+00:00,81.9025
2025-10-21 21:00:00+00:00,73.9725
2025-10-21 22:00:00+00:00,37.5975
2025-10-21 23:00:00+00:00,30.54
2025-10-22 00:00:00+00:00,27.62
2025-10-22 01:00:00+00:00,24.302500000000002
2025-10-22 02:00:00+00:00,24.28
2025-10-22 03:00:00+00:00,35.01
2025-10-22 04:00:00+00:00,66.8925
2025-10-22 05:00:00+00:00,95.01
2025-10-22 06:00:00+00:00,102.8575
2025-10-22 07:00:00+00:00,118.2875
2025-10-22 08:00:00+00:00,102.28
2025-10-22 09:00:00+00:00,90.865
2025-10-22 10:00:00+00:00,87.1
2025-10-22 11:00:00+00:00,82.3625
2025-10-22 12:00:00+00:00,83.925
2025-10-22 13:00:00+00:00,75.74000000000001
2025-10-22 14:00:00+00:00,61.8975
2025-10-22 15:00:00+00:00,75.3275
2025-10-22 16:00:00+00:00,91.01
2025-10-22 17:00:00+00:00,136.335
2025-10-22 18:00:00+00:00,70.95
2025-10-22 19:00:00+00:00,43.19
2025-10-22 20:00:00+00:00,26.26
2025-10-22 21:00:00+00:00,19.9975
2025-10-22 22:00:00+00:00,7.2175
2025-10-22 23:00:00+00:00,1.4575
2025-10-23 00:00:00+00:00,0.22
2025-10-23 01:00:00+00:00,-0.0025
2025-10-23 02:00:00+00:00,-0.0075
2025-10-23 03:00:00+00:00,0.0025
2025-10-23 04:00:00+00:00,2.6174999999999997
2025-10-23 05:00:00+00:00,16.490000000000002
2025-10-23 06:00:00+00:00,23.4875
2025-10-23 07:00:00+00:00,24.93
2025-10-23 08:00:00+00:00,10.0825
2025-10-23 09:00:00+00:00,9.4175
2025-10-23 10:00:00+00:00,2.905
2025-10-23 11:00:00+00:00,0.0025
2025-10-23 12:00:00+00:00,-0.005
2025-10-23 13:00:00+00:00,-0.0025
2025-10-23 14:00:00+00:00,-0.0025
2025-10-23 15:00:00+00:00,2.0
2025-10-23 16:00:00+00:00,18.9725
2025-10-23 17:00:00+00:00,45.8075
2025-10-23 18:00:00+00:00,25.665
2025-10-23 19:00:00+00:00,17.585
2025-10-23 20:00:00+00:00,24.53
2025-10-23 21:00:00+00:00,17.465
2025-10-23 22:00:00+00:00,11.62
2025-10-23 23:00:00+00:00,10.9225
2025-10-24 00:00:00+00:00,8.43
2025-10-24 01:00:00+00:00,3.5025
2025-10-24 02:00:00+00:00,4.91
2025-10-24 03:00:00+00:00,8.9275
2025-10-24 04:00:00+00:00,17.6025
2025-10-24 05:00:00+00:00,65.72500000000001
2025-10-24 06:00:00+00:00,96.955
2025-10-24 07:00:00+00:00,88.33500000000001
2025-10-24 08:00:00+00:00,67.08
2025-10-24 09:00:00+00:00,45.03
2025-10-24 10:00:00+00:00,19.875
2025-10-24 11:00:00+00:00,11.1225
2025-10-24 12:00:00+00:00,10.2975
2025-10-24 13:00:00+00:00,15.1525
2025-10-24 14:00:00+00:00,30.7025
2025-10-24 15:00:00+00:00,52.3675
2025-10-24 16:00:00+00:00,85.8675
2025-10-24 17:00:00+00:00,87.17999999999999
2025-10-24 18:00:00+00:00,65.39999999999999
2025-10-24 19:00:00+00:00,43.42
2025-10-24 20:00:00+00:00,29.3475
2025-10-24 21:00:00+00:00,14.105
2025-10-24 22:00:00+00:00,7.5
2025-10-24 23:00:00+00:00,5.09
2025-10-25 00:00:00+00:00,4.6475
2025-10-25 01:00:00+00:00,4.075
2025-10-25 02:00:00+00:00,4.12
2025-10-25 03:00:00+00:00,4.65
2025-10-25 04:00:00+00:00,5.83
2025-10-25 05:00:00+00:00,11.685
2025-10-25 06:00:00+00:00,13.684999999999999
2025-10-25 07:00:00+00:00,14.7725
2025-10-25 08:00:00+00:00,12.8475
2025-10-25 09:00:00+00:00,9.215
2025-10-25 10:00:00+00:00,7.4225
2025-10-25 11:00:00+00:00,7.045
2025-10-25 12:00:00+00:00,7.91
2025-10-25 13:00:00+00:00,10.29
2025-10-25 14:00:00+00:00,12.335
2025-10-25 15:00:00+00:00,24.494999999999997
2025-10-25 16:00:00+00:00,65.035
2025-10-25 17:00:00+00:00,74.7125
2025-10-25 18:00:00+00:00,46.1625
2025-10-25 19:00:00+00:00,25.4575
2025-10-25 20:00:00+00:00,23.802500000000002
2025-10-25 21:00:00+00:00,12.8825
2025-10-25 22:00:00+00:00,13.705
2025-10-25 23:00:00+00:00,12.25
2025-10-26 00:00:00+00:00,16.0
2025-10-26 01:00:00+00:00,7.5325
2025-10-26 02:00:00+00:00,2.5975
2025-10-26 03:00:00+00:00,2.9075
2025-10-26 04:00:00+00:00,3.3775
2025-10-26 05:00:00+00:00,7.47
2025-10-26 06:00:00+00:00,8.5825
2025-10-26 07:00:00+00:00,14.2025
2025-10-26 08:00:00+00:00,14.1725
2025-10-26 09:00:00+00:00,5.255
2025-10-26 10:00:00+00:00,2.255
2025-10-26 11:00:00+00:00,1.67
2025-10-26 12:00:00+00:00,2.42
2025-10-26 13:00:00+00:00,4.9775
2025-10-26 14:00:00+00:00,9.7175
2025-10-26 15:00:00+00:00,19.6325
2025-10-26 16:00:00+00:00,45.2625
2025-10-26 17:00:00+00:00,66.66
2025-10-26 18:00:00+00:00,58.2975
2025-10-26 19:00:00+00:00,37.3
2025-10-26 20:00:00+00:00,16.785
2025-10-26 21:00:00+00:00,18.5425
2025-10-26 22:00:00+00:00,3.32
2025-10-26 23:00:00+00:00,4.7925
2025-10-27 00:00:00+00:00,3.2375
2025-10-27 01:00:00+00:00,2.495
2025-10-27 02:00:00+00:00,2.1725
2025-10-27 03:00:00+00:00,3.505
2025-10-27 04:00:00+00:00,9.99
2025-10-27 05:00:00+00:00,25.465
2025-10-27 06:00:00+00:00,52.1725
2025-10-27 07:00:00+00:00,67.4275
2025-10-27 08:00:00+00:00,60.9025
2025-10-27 09:00:00+00:00,50.55
2025-10-27 10:00:00+00:00,26.32
2025-10-27 11:00:00+00:00,29.77
2025-10-27 12:00:00+00:00,21.7725
2025-10-27 13:00:00+00:00,20.025
2025-10-27 14:00:00+00:00,42.8025
2025-10-27 15:00:00+00:00,61.1275
2025-10-27 16:00:00+00:00,82.62
2025-10-27 17:00:00+00:00,129.065
2025-10-27 18:00:00+00:00,118.405
2025-10-27 19:00:00+00:00,99.2175
2025-10-27 20:00:00+00:00,83.565
2025-10-27 21:00:00+00:00,79.2925
2025-10-27 22:00:00+00:00,54.34
2025-10-27 23:00:00+00:00,48.510000000000005
2025-10-28 00:00:00+00:00,31.4375
2025-10-28 01:00:00+00:00,21.5425
2025-10-28 02:00:00+00:00,13.3575
2025-10-28 03:00:00+00:00,13.8025
2025-10-28 04:00:00+00:00,22.677500000000002
2025-10-28 05:00:00+00:00,43.4675
2025-10-28 06:00:00+00:00,52.9975
2025-10-28 07:00:00+00:00,71.6275
2025-10-28 08:00:00+00:00,72.02250000000001
2025-10-28 09:00:00+00:00,51.8675
2025-10-28 10:00:00+00:00,39.3
2025-10-28 11:00:00+00:00,33.580000000000005
2025-10-28 12:00:00+00:00,25.295
2025-10-28 13:00:00+00:00,35.8375
2025-10-28 14:00:00+00:00,44.5125
2025-10-28 15:00:00+00:00,68.03
2025-10-28 16:00:00+00:00,97.78
2025-10-28 17:00:00+00:00,116.355
2025-10-28 18:00:00+00:00,111.46
2025-10-28 19:00:00+00:00,94.1125
2025-10-28 20:00:00+00:00,82.64500000000001
2025-10-28 21:00:00+00:00,81.5275
2025-10-28 22:00:00+00:00,67.7
2025-10-28 23:00:00+00:00,60.082499999999996
2025-10-29 00:00:00+00:00,54.76
2025-10-29 01:00:00+00:00,53.29
2025-10-29 02:00:00+00:00,56.2775
2025-10-29 03:00:00+00:00,51.6325
2025-10-29 04:00:00+00:00,57.3575
2025-10-29 05:00:00+00:00,84.92
2025-10-29 06:00:00+00:00,103.6925
2025-10-29 07:00:00+00:00,99.3025
2025-10-29 08:00:00+00:00,86.7375
2025-10-29 09:00:00+00:00,74.275
2025-10-29 10:00:00+00:00,72.8475
2025-10-29 11:00:00+00:00,75.78
2025-10-29 12:00:00+00:00,78.55
2025-10-29 13:00:00+00:00,86.5875
2025-10-29 14:00:00+00:00,103.015
2025-10-29 15:00:00+00:00,101.8025
2025-10-29 16:00:00+00:00,111.1225
2025-10-29 17:00:00+00:00,129.9275
2025-10-29 18:00:00+00:00,115.82
2025-10-29 19:00:00+00:00,99.0525
2025-10-29 20:00:00+00:00,86.5275
2025-10-29 21:00:00+00:00,82.34
2025-10-29 22:00:00+00:00,65.94
2025-10-29 23:00:00+00:00,25.64
2025-10-30 00:00:00+00:00,31.0
2025-10-30 01:00:00+00:00,28.865000000000002
2025-10-30 02:00:00+00:00,25.435000000000002
2025-10-30 03:00:00+00:00,31.8575
2025-10-30 04:00:00+00:00,59.13
2025-10-30 05:00:00+00:00,71.14750000000001
2025-10-30 06:00:00+00:00,84.3675
2025-10-30 07:00:00+00:00,91.7775
2025-10-30 08:00:00+00:00,69.605
2025-10-30 09:00:00+00:00,48.37
2025-10-30 10:00:00+00:00,23.567500000000003
2025-10-30 11:00:00+00:00,16.58
2025-10-30 12:00:00+00:00,19.765
2025-10-30 13:00:00+00:00,25.755
2025-10-30 14:00:00+00:00,38.7
2025-10-30 15:00:00+00:00,64.2
2025-10-30 16:00:00+00:00,109.0625
2025-10-30 17:00:00+00:00,118.41
2025-10-30 18:00:00+00:00,93.5675
2025-10-30 19:00:00+00:00,79.9925
2025-10-30 20:00:00+00:00,49.925
2025-10-30 21:00:00+00:00,45.8925
2025-10-30 22:00:00+00:00,22.3
2025-10-30 23:00:00+00:00,18.54
2025-10-31 00:00:00+00:00,17.4875
2025-10-31 01:00:00+00:00,17.9325
2025-10-31 02:00:00+00:00,13.2425
2025-10-31 03:00:00+00:00,11.55
2025-10-31 04:00:00+00:00,17.71
2025-10-31 05:00:00+00:00,21.835
2025-10-31 06:00:00+00:00,33.105
2025-10-31 07:00:00+00:00,36.677499999999995
2025-10-31 08:00:00+00:00,30.745
2025-10-31 09:00:00+00:00,24.3025
2025-10-31 10:00:00+00:00,18.1175
2025-10-31 11:00:00+00:00,21.165
2025-10-31 12:00:00+00:00,15.915
2025-10-31 13:00:00+00:00,15.7
2025-10-31 14:00:00+00:00,21.7475
2025-10-31 15:00:00+00:00,24.7075
2025-10-31 16:00:00+00:00,23.145
2025-10-31 17:00:00+00:00,37.4425
2025-10-31 18:00:00+00:00,37.3
2025-10-31 19:00:00+00:00,23.475
2025-10-31 20:00:00+00:00,17.380000000000003
2025-10-31 21:00:00+00:00,23.46
2025-10-31 22:00:00+00:00,12.67
2025-10-31 23:00:00+00:00,5.75
2025-11-01 00:00:00+00:00,15.440000000000001
2025-11-01 01:00:00+00:00,12.8475
2025-11-01 02:00:00+00:00,11.2
2025-11-01 03:00:00+00:00,8.9475
2025-11-01 04:00:00+00:00,10.8675
2025-11-01 05:00:00+00:00,13.075
2025-11-01 06:00:00+00:00,13.7475
2025-11-01 07:00:00+00:00,15.9025
2025-11-01 08:00:00+00:00,23.745
2025-11-01 09:00:00+00:00,18.299999999999997
2025-11-01 10:00:00+00:00,15.7575
2025-11-01 11:00:00+00:00,21.015
2025-11-01 12:00:00+00:00,17.5775
2025-11-01 13:00:00+00:00,15.2125
2025-11-01 14:00:00+00:00,21.0075
2025-11-01 15:00:00+00:00,36.22
2025-11-01 16:00:00+00:00,55.1025
2025-11-01 17:00:00+00:00,82.3975
2025-11-01 18:00:00+00:00,74.22
2025-11-01 19:00:00+00:00,35.8425
2025-11-01 20:00:00+00:00,23.7875
2025-11-01 21:00:00+00:00,43.51
2025-11-01 22:00:00+00:00,45.4925
2025-11-01 23:00:00+00:00,18.0525
2025-11-02 00:00:00+00:00,21.894999999999996
2025-11-02 01:00:00+00:00,19.23
2025-11-02 02:00:00+00:00,16.2775
2025-11-02 03:00:00+00:00,12.6875
2025-11-02 04:00:00+00:00,15.3525
2025-11-02 05:00:00+00:00,19.3125
2025-11-02 06:00:00+00:00,15.9325
2025-11-02 07:00:00+00:00,23.835
2025-11-02 08:00:00+00:00,13.9825
2025-11-02 09:00:00+00:00,14.6075
2025-11-02 10:00:00+00:00,8.567499999999999
2025-11-02 11:00:00+00:00,13.5875
2025-11-02 12:00:00+00:00,10.3725
2025-11-02 13:00:00+00:00,7.7675
2025-11-02 14:00:00+00:00,11.485
2025-11-02 15:00:00+00:00,9.9725
2025-11-02 16:00:00+00:00,38.6175
2025-11-02 17:00:00+00:00,77.0625
2025-11-02 18:00:00+00:00,67.0725
2025-11-02 19:00:00+00:00,47.9925
2025-11-02 20:00:00+00:00,34.1175
2025-11-02 21:00:00+00:00,40.475
2025-11-02 22:00:00+00:00,26.54
2025-11-02 23:00:00+00:00,47.845
2025-11-03 00:00:00+00:00,35.69
2025-11-03 01:00:00+00:00,36.19
2025-11-03 02:00:00+00:00,21.9725
2025-11-03 03:00:00+00:00,17.3925
2025-11-03 04:00:00+00:00,22.9225
2025-11-03 05:00:00+00:00,30.6025
2025-11-03 06:00:00+00:00,60.2125
2025-11-03 07:00:00+00:00,92.345
2025-11-03 08:00:00+00:00,67.4725
2025-11-03 09:00:00+00:00,34.14
2025-11-03 10:00:00+00:00,19.97
2025-11-03 11:00:00+00:00,16.49
2025-11-03 12:00:00+00:00,13.7225
2025-11-03 13:00:00+00:00,18.62
2025-11-03 14:00:00+00:00,33.647499999999994
2025-11-03 15:00:00+00:00,60.04
2025-11-03 16:00:00+00:00,79.9725
2025-11-03 17:00:00+00:00,95.0925
2025-11-03 18:00:00+00:00,86.83500000000001
2025-11-03 19:00:00+00:00,75.9125
2025-11-03 20:00:00+00:00,57.9625
2025-11-03 21:00:00+00:00,49.67
2025-11-03 22:00:00+00:00,12.35
2025-11-03 23:00:00+00:00,6.5
2025-11-04 00:00:00+00:00,7.9075
2025-11-04 01:00:00+00:00,6.5649999999999995
2025-11-04 02:00:00+00:00,6.5225
2025-11-04 03:00:00+00:00,7.8725
2025-11-04 04:00:00+00:00,17.6275
2025-11-04 05:00:00+00:00,22.96
2025-11-04 06:00:00+00:00,49.0
2025-11-04 07:00:00+00:00,66.725
2025-11-04 08:00:00+00:00,33.1325
2025-11-04 09:00:00+00:00,13.655000000000001
2025-11-04 10:00:00+00:00,4.535
2025-11-04 11:00:00+00:00,10.095
2025-11-04 12:00:00+00:00,3.52
2025-11-04 13:00:00+00:00,6.859999999999999
2025-11-04 14:00:00+00:00,12.3025
2025-11-04 15:00:00+00:00,19.385
2025-11-04 16:00:00+00:00,15.6025
2025-11-04 17:00:00+00:00,39.16
2025-11-04 18:00:00+00:00,41.43
2025-11-04 19:00:00+00:00,30.724999999999998
2025-11-04 20:00:00+00:00,22.195
2025-11-04 21:00:00+00:00,32.275
2025-11-04 22:00:00+00:00,16.1
2025-11-04 23:00:00+00:00,15.5275
2025-11-05 00:00:00+00:00,16.8975
2025-11-05 01:00:00+00:00,15.015
2025-11-05 02:00:00+00:00,13.02
2025-11-05 03:00:00+00:00,1.095
2025-11-05 04:00:00+00:00,12.7
2025-11-05 05:00:00+00:00,25.7925
2025-11-05 06:00:00+00:00,30.5675
2025-11-05 07:00:00+00:00,26.8575
2025-11-05 08:00:00+00:00,21.2825
2025-11-05 09:00:00+00:00,8.5575
2025-11-05 10:00:00+00:00,3.7175
2025-11-05 11:00:00+00:00,5.3225
2025-11-05 12:00:00+00:00,5.2625
2025-11-05 13:00:00+00:00,9.755
2025-11-05 14:00:00+00:00,16.7225
2025-11-05 15:00:00+00:00,26.66
2025-11-05 16:00:00+00:00,33.405
2025-11-05 17:00:00+00:00,41.075
2025-11-05 18:00:00+00:00,48.6925
2025-11-05 19:00:00+00:00,41.230000000000004
2025-11-05 20:00:00+00:00,23.8975
2025-11-05 21:00:00+00:00,38.1625
2025-11-05 22:00:00+00:00,26.82
2025-11-05 23:00:00+00:00,20.8425
2025-11-06 00:00:00+00:00,15.0875
2025-11-06 01:00:00+00:00,15.365
2025-11-06 02:00:00+00:00,11.6025
2025-11-06 03:00:00+00:00,7.8575
2025-11-06 04:00:00+00:00,16.322499999999998
2025-11-06 05:00:00+00:00,39.182500000000005
2025-11-06 06:00:00+00:00,69.91
2025-11-06 07:00:00+00:00,82.83500000000001
2025-11-06 08:00:00+00:00,67.57
2025-11-06 09:00:00+00:00,54.535000000000004
2025-11-06 10:00:00+00:00,58.065000000000005
2025-11-06 11:00:00+00:00,63.41
2025-11-06 12:00:00+00:00,60.81
2025-11-06 13:00:00+00:00,65.3
2025-11-06 14:00:00+00:00,65.9075
2025-11-06 15:00:00+00:00,75.6175
2025-11-06 16:00:00+00:00,90.1125
2025-11-06 17:00:00+00:00,120.7
2025-11-06 18:00:00+00:00,125.4275
2025-11-06 19:00:00+00:00,109.6175
2025-11-06 20:00:00+00:00,92.8375
2025-11-06 21:00:00+00:00,87.5575
2025-11-06 22:00:00+00:00,65.0
2025-11-06 23:00:00+00:00,59.4625
2025-11-07 00:00:00+00:00,52.9075
2025-11-07 01:00:00+00:00,49.69
2025-11-07 02:00:00+00:00,37.7025
2025-11-07 03:00:00+00:00,33.755
2025-11-07 04:00:00+00:00,43.335
2025-11-07 05:00:00+00:00,62.985
2025-11-07 06:00:00+00:00,80.205
2025-11-07 07:00:00+00:00,91.3925
2025-11-07 08:00:00+00:00,71.8475
2025-11-07 09:00:00+00:00,57.597500000000004
2025-11-07 10:00:00+00:00,49.205
2025-11-07 11:00:00+00:00,48.75
2025-11-07 12:00:00+00:00,43.02
2025-11-07 13:00:00+00:00,50.0075
2025-11-07 14:00:00+00:00,59.8525
2025-11-07 15:00:00+00:00,79.44
2025-11-07 16:00:00+00:00,94.3
2025-11-07 17:00:00+00:00,107.0275
2025-11-07 18:00:00+00:00,107.57
2025-11-07 19:00:00+00:00,83.05250000000001
2025-11-07 20:00:00+00:00,80.00750000000001
2025-11-07 21:00:00+00:00,83.9675
2025-11-07 22:00:00+00:00,72.2075
2025-11-07 23:00:00+00:00,67.4675
2025-11-08 00:00:00+00:00,56.35
2025-11-08 01:00:00+00:00,50.98
2025-11-08 02:00:00+00:00,45.5275
2025-11-08 03:00:00+00:00,35.7125
2025-11-08 04:00:00+00:00,36.9875
2025-11-08 05:00:00+00:00,47.35
2025-11-08 06:00:00+00:00,50.9
2025-11-08 07:00:00+00:00,42.6825
2025-11-08 08:00:00+00:00,52.225
2025-11-08 09:00:00+00:00,54.1925
2025-11-08 10:00:00+00:00,48.955
2025-11-08 11:00:00+00:00,50.74250000000001
2025-11-08 12:00:00+00:00,42.0
2025-11-08 13:00:00+00:00,38.75
2025-11-08 14:00:00+00:00,38.285
2025-11-08 15:00:00+00:00,40.885
2025-11-08 16:00:00+00:00,66.0025
2025-11-08 17:00:00+00:00,87.325
2025-11-08 18:00:00+00:00,88.8375
2025-11-08 19:00:00+00:00,84.11
2025-11-08 20:00:00+00:00,74.03999999999999
2025-11-08 21:00:00+00:00,72.78
2025-11-08 22:00:00+00:00,73.0125
2025-11-08 23:00:00+00:00,67.9175
2025-11-09 00:00:00+00:00,61.7775
2025-11-09 01:00:00+00:00,55.45
2025-11-09 02:00:00+00:00,51.9825
2025-11-09 03:00:00+00:00,51.215
2025-11-09 04:00:00+00:00,54.62
2025-11-09 05:00:00+00:00,60.80500000000001
2025-11-09 06:00:00+00:00,72.415
2025-11-09 07:00:00+00:00,67.885
2025-11-09 08:00:00+00:00,50.935
2025-11-09 09:00:00+00:00,42.7
2025-11-09 10:00:00+00:00,40.730000000000004
2025-11-09 11:00:00+00:00,40.99
2025-11-09 12:00:00+00:00,24.1
2025-11-09 13:00:00+00:00,15.295
2025-11-09 14:00:00+00:00,39.915
2025-11-09 15:00:00+00:00,56.825
2025-11-09 16:00:00+00:00,84.2925
2025-11-09 17:00:00+00:00,95.005
2025-11-09 18:00:00+00:00,102.72
2025-11-09 19:00:00+00:00,84.6
2025-11-09 20:00:00+00:00,77.355
2025-11-09 21:00:00+00:00,81.565
2025-11-09 22:00:00+00:00,62.88
2025-11-09 23:00:00+00:00,43.089999999999996
2025-11-10 00:00:00+00:00,35.3
2025-11-10 01:00:00+00:00,31.1325
2025-11-10 02:00:00+00:00,25.365000000000002
2025-11-10 03:00:00+00:00,25.8275
2025-11-10 04:00:00+00:00,26.7925
2025-11-10 05:00:00+00:00,64.66
2025-11-10 06:00:00+00:00,72.4975
2025-11-10 07:00:00+00:00,63.155
2025-11-10 08:00:00+00:00,60.1825
2025-11-10 09:00:00+00:00,28.86
2025-11-10 10:00:00+00:00,35.6775
2025-11-10 11:00:00+00:00,37.72
2025-11-10 12:00:00+00:00,31.0
2025-11-10 13:00:00+00:00,32.78
2025-11-10 14:00:00+00:00,47.7675
2025-11-10 15:00:00+00:00,57.02
2025-11-10 16:00:00+00:00,64.575
2025-11-10 17:00:00+00:00,77.8
2025-11-10 18:00:00+00:00,86.73
2025-11-10 19:00:00+00:00,70.1825
2025-11-10 20:00:00+00:00,65.17
2025-11-10 21:00:00+00:00,54.665
2025-11-10 22:00:00+00:00,41.175
2025-11-10 23:00:00+00:00,39.667500000000004
2025-11-11 00:00:00+00:00,33.24
2025-11-11 01:00:00+00:00,35.705
2025-11-11 02:00:00+00:00,29.7425
2025-11-11 03:00:00+00:00,21.59
2025-11-11 04:00:00+00:00,25.5425
2025-11-11 05:00:00+00:00,26.884999999999998
2025-11-11 06:00:00+00:00,21.785
2025-11-11 07:00:00+00:00,20.355
2025-11-11 08:00:00+00:00,15.379999999999999
2025-11-11 09:00:00+00:00,13.0675
2025-11-11 10:00:00+00:00,10.7
2025-11-11 11:00:00+00:00,12.955
2025-11-11 12:00:00+00:00,8.665000000000001
2025-11-11 13:00:00+00:00,5.635
2025-11-11 14:00:00+00:00,12.815
2025-11-11 15:00:00+00:00,24.135
2025-11-11 16:00:00+00:00,37.44
2025-11-11 17:00:00+00:00,50.105
2025-11-11 18:00:00+00:00,27.9275
2025-11-11 19:00:00+00:00,22.7575
2025-11-11 20:00:00+00:00,14.485
2025-11-11 21:00:00+00:00,18.237499999999997
2025-11-11 22:00:00+00:00,13.57
2025-11-11 23:00:00+00:00,28.3875
2025-11-12 00:00:00+00:00,18.7075
2025-11-12 01:00:00+00:00,15.7675
2025-11-12 02:00:00+00:00,12.2575
2025-11-12 03:00:00+00:00,9.21
2025-11-12 04:00:00+00:00,14.48
2025-11-12 05:00:00+00:00,37.5725
2025-11-12 06:00:00+00:00,52.36
2025-11-12 07:00:00+00:00,45.4575
2025-11-12 08:00:00+00:00,11.5925
2025-11-12 09:00:00+00:00,2.0875
2025-11-12 10:00:00+00:00,0.0025
2025-11-12 11:00:00+00:00,8.280000000000001
2025-11-12 12:00:00+00:00,1.26
2025-11-12 13:00:00+00:00,2.9025
2025-11-12 14:00:00+00:00,10.0675
2025-11-12 15:00:00+00:00,16.1525
2025-11-12 16:00:00+00:00,38.9025
2025-11-12 17:00:00+00:00,46.345
2025-11-12 18:00:00+00:00,40.2675
2025-11-12 19:00:00+00:00,20.9975
2025-11-12 20:00:00+00:00,18.369999999999997
2025-11-12 21:00:00+00:00,33.707499999999996
2025-11-12 22:00:00+00:00,18.37
2025-11-12 23:00:00+00:00,24.13
2025-11-13 00:00:00+00:00,21.5575
2025-11-13 01:00:00+00:00,14.6975
2025-11-13 02:00:00+00:00,11.645
2025-11-13 03:00:00+00:00,10.6275
2025-11-13 04:00:00+00:00,16.3575
2025-11-13 05:00:00+00:00,29.56
2025-11-13 06:00:00+00:00,45.8675
2025-11-13 07:00:00+00:00,50.0
2025-11-13 08:00:00+00:00,43.03
2025-11-13 09:00:00+00:00,30.39
2025-11-13 10:00:00+00:00,21.697499999999998
2025-11-13 11:00:00+00:00,28.0
2025-11-13 12:00:00+00:00,23.7
2025-11-13 13:00:00+00:00,25.494999999999997
2025-11-13 14:00:00+00:00,32.260000000000005
2025-11-13 15:00:00+00:00,38.845
2025-11-13 16:00:00+00:00,45.0425
2025-11-13 17:00:00+00:00,53.96
2025-11-13 18:00:00+00:00,53.1225
2025-11-13 19:00:00+00:00,48.8375
2025-11-13 20:00:00+00:00,33.1425
2025-11-13 21:00:00+00:00,33.375
2025-11-13 22:00:00+00:00,17.55
2025-11-13 23:00:00+00:00,19.3975
2025-11-14 00:00:00+00:00,19.4425
2025-11-14 01:00:00+00:00,12.727500000000001
2025-11-14 02:00:00+00:00,8.925
2025-11-14 03:00:00+00:00,5.315
2025-11-14 04:00:00+00:00,11.365
2025-11-14 05:00:00+00:00,16.1875
2025-11-14 06:00:00+00:00,27.545
2025-11-14 07:00:00+00:00,34.54
2025-11-14 08:00:00+00:00,27.03
2025-11-14 09:00:00+00:00,14.67
2025-11-14 10:00:00+00:00,18.939999999999998
2025-11-14 11:00:00+00:00,21.03
2025-11-14 12:00:00+00:00,17.0825
2025-11-14 13:00:00+00:00,20.807499999999997
2025-11-14 14:00:00+00:00,23.87
2025-11-14 15:00:00+00:00,26.92
2025-11-14 16:00:00+00:00,35.215
2025-11-14 17:00:00+00:00,54.935
2025-11-14 18:00:00+00:00,57.7025
2025-11-14 19:00:00+00:00,45.07
2025-11-14 20:00:00+00:00,33.2575
2025-11-14 21:00:00+00:00,38.7375
2025-11-14 22:00:00+00:00,33.2825
2025-11-14 23:00:00+00:00,22.9875
2025-11-15 00:00:00+00:00,19.755000000000003
2025-11-15 01:00:00+00:00,17.6
2025-11-15 02:00:00+00:00,16.8825
2025-11-15 03:00:00+00:00,16.495
2025-11-15 04:00:00+00:00,17.1025
2025-11-15 05:00:00+00:00,19.6425
2025-11-15 06:00:00+00:00,21.3
2025-11-15 07:00:00+00:00,30.725
2025-11-15 08:00:00+00:00,28.855
2025-11-15 09:00:00+00:00,24.3175
2025-11-15 10:00:00+00:00,18.16
2025-11-15 11:00:00+00:00,24.72
2025-11-15 12:00:00+00:00,24.595
2025-11-15 13:00:00+00:00,31.755
2025-11-15 14:00:00+00:00,36.0975
2025-11-15 15:00:00+00:00,40.74
2025-11-15 16:00:00+00:00,48.165
2025-11-15 17:00:00+00:00,65.0525
2025-11-15 18:00:00+00:00,58.6175
2025-11-15 19:00:00+00:00,46.5725
2025-11-15 20:00:00+00:00,40.8825
2025-11-15 21:00:00+00:00,41.1775
2025-11-15 22:00:00+00:00,38.515
2025-11-15 23:00:00+00:00,35.315
2025-11-16 00:00:00+00:00,29.455
2025-11-16 01:00:00+00:00,25.7725
2025-11-16 02:00:00+00:00,23.5775
2025-11-16 03:00:00+00:00,22.9475
2025-11-16 04:00:00+00:00,23.0775
2025-11-16 05:00:00+00:00,24.09
2025-11-16 06:00:00+00:00,31.0775
2025-11-16 07:00:00+00:00,22.9725
2025-11-16 08:00:00+00:00,21.67
2025-11-16 09:00:00+00:00,14.2725
2025-11-16 10:00:00+00:00,21.802500000000002
2025-11-16 11:00:00+00:00,52.2025
2025-11-16 12:00:00+00:00,23.5475
2025-11-16 13:00:00+00:00,16.9225
2025-11-16 14:00:00+00:00,12.4875
2025-11-16 15:00:00+00:00,20.065
2025-11-16 16:00:00+00:00,52.239999999999995
2025-11-16 17:00:00+00:00,72.6125
2025-11-16 18:00:00+00:00,81.0125
2025-11-16 19:00:00+00:00,72.15
2025-11-16 20:00:00+00:00,61.7425
2025-11-16 21:00:00+00:00,65.2825
2025-11-16 22:00:00+00:00,50.75
2025-11-16 23:00:00+00:00,43.589999999999996
2025-11-17 00:00:00+00:00,50.7275
2025-11-17 01:00:00+00:00,43.025
2025-11-17 02:00:00+00:00,26.7975
2025-11-17 03:00:00+00:00,11.84
2025-11-17 04:00:00+00:00,25.659999999999997
2025-11-17 05:00:00+00:00,35.7625
2025-11-17 06:00:00+00:00,84.1975
2025-11-17 07:00:00+00:00,89.2775
2025-11-17 08:00:00+00:00,76.1
2025-11-17 09:00:00+00:00,63.0625
2025-11-17 10:00:00+00:00,57.185
2025-11-17 11:00:00+00:00,50.9475
2025-11-17 12:00:00+00:00,39.1
2025-11-17 13:00:00+00:00,37.620000000000005
2025-11-17 14:00:00+00:00,46.5075
2025-11-17 15:00:00+00:00,69.3575
2025-11-17 16:00:00+00:00,92.4925
2025-11-17 17:00:00+00:00,112.8175
2025-11-17 18:00:00+00:00,110.735
2025-11-17 19:00:00+00:00,103.73
2025-11-17 20:00:00+00:00,88.095
2025-11-17 21:00:00+00:00,87.4675
2025-11-17 22:00:00+00:00,72.0
2025-11-17 23:00:00+00:00,78.99249999999999
2025-11-18 00:00:00+00:00,75.4425
2025-11-18 01:00:00+00:00,71.5275
2025-11-18 02:00:00+00:00,69.425
2025-11-18 03:00:00+00:00,68.7125
2025-11-18 04:00:00+00:00,69.2825
2025-11-18 05:00:00+00:00,90.4075
2025-11-18 06:00:00+00:00,103.0425
2025-11-18 07:00:00+00:00,122.0725
2025-11-18 08:00:00+00:00,98.925
2025-11-18 09:00:00+00:00,83.61
2025-11-18 10:00:00+00:00,67.0025
2025-11-18 11:00:00+00:00,63.6975
2025-11-18 12:00:00+00:00,60.345
2025-11-18 13:00:00+00:00,68.14
2025-11-18 14:00:00+00:00,83.9175
2025-11-18 15:00:00+00:00,91.6075
2025-11-18 16:00:00+00:00,106.0625
2025-11-18 17:00:00+00:00,131.675
2025-11-18 18:00:00+00:00,131.3625
2025-11-18 19:00:00+00:00,100.0
2025-11-18 20:00:00+00:00,90.1975
2025-11-18 21:00:00+00:00,97.9275
2025-11-18 22:00:00+00:00,84.53
2025-11-18 23:00:00+00:00,80.1625
2025-11-19 00:00:00+00:00,83.215
2025-11-19 01:00:00+00:00,71.7075
2025-11-19 02:00:00+00:00,57.410000000000004
2025-11-19 03:00:00+00:00,58.6325
2025-11-19 04:00:00+00:00,72.0925
2025-11-19 05:00:00+00:00,93.8325
2025-11-19 06:00:00+00:00,105.1425
2025-11-19 07:00:00+00:00,115.4875
2025-11-19 08:00:00+00:00,99.45
2025-11-19 09:00:00+00:00,92.105
2025-11-19 10:00:00+00:00,74.905
2025-11-19 11:00:00+00:00,70.9625
2025-11-19 12:00:00+00:00,66.99249999999999
2025-11-19 13:00:00+00:00,69.06
2025-11-19 14:00:00+00:00,82.22
2025-11-19 15:00:00+00:00,87.5775
2025-11-19 16:00:00+00:00,98.8625
2025-11-19 17:00:00+00:00,118.0325
2025-11-19 18:00:00+00:00,119.9175
2025-11-19 19:00:00+00:00,104.95
2025-11-19 20:00:00+00:00,90.48
2025-11-19 21:00:00+00:00,96.835
2025-11-19 22:00:00+00:00,88.12
2025-11-19 23:00:00+00:00,83.53
2025-11-20 00:00:00+00:00,75.745
2025-11-20 01:00:00+00:00,74.1825
2025-11-20 02:00:00+00:00,72.415
2025-11-20 03:00:00+00:00,72.8725
2025-11-20 04:00:00+00:00,83.53999999999999
2025-11-20 05:00:00+00:00,94.7
2025-11-20 06:00:00+00:00,106.425
2025-11-20 07:00:00+00:00,117.2675
2025-11-20 08:00:00+00:00,119.9975
2025-11-20 09:00:00+00:00,102.5225
2025-11-20 10:00:00+00:00,91.735
2025-11-20 11:00:00+00:00,94.61
2025-11-20 12:00:00+00:00,80.81
2025-11-20 13:00:00+00:00,89.4825
2025-11-20 14:00:00+00:00,94.1975
2025-11-20 15:00:00+00:00,112.9825
2025-11-20 16:00:00+00:00,148.1225
2025-11-20 17:00:00+00:00,156.9975
2025-11-20 18:00:00+00:00,152.20749999999998
2025-11-20 19:00:00+00:00,127.3325
2025-11-20 20:00:00+00:00,105.72
2025-11-20 21:00:00+00:00,102.2375
2025-11-20 22:00:00+00:00,84.55
2025-11-20 23:00:00+00:00,80.85
2025-11-21 00:00:00+00:00,87.9075
2025-11-21 01:00:00+00:00,85.3075
2025-11-21 02:00:00+00:00,81.3925
2025-11-21 03:00:00+00:00,78.0
2025-11-21 04:00:00+00:00,87.2
2025-11-21 05:00:00+00:00,98.5
2025-11-21 06:00:00+00:00,156.995
2025-11-21 07:00:00+00:00,194.09
2025-11-21 08:00:00+00:00,170.13
2025-11-21 09:00:00+00:00,100.3225
2025-11-21 10:00:00+00:00,86.825
2025-11-21 11:00:00+00:00,95.9175
2025-11-21 12:00:00+00:00,87.1375
2025-11-21 13:00:00+00:00,91.68
2025-11-21 14:00:00+00:00,94.1375
2025-11-21 15:00:00+00:00,100.285
2025-11-21 16:00:00+00:00,160.75
2025-11-21 17:00:00+00:00,171.1
2025-11-21 18:00:00+00:00,162.11
2025-11-21 19:00:00+00:00,135.34
2025-11-21 20:00:00+00:00,104.3075
2025-11-21 21:00:00+00:00,99.185
2025-11-21 22:00:00+00:00,95.845
2025-11-21 23:00:00+00:00,90.585
2025-11-22 00:00:00+00:00,93.4175
2025-11-22 01:00:00+00:00,88.44
2025-11-22 02:00:00+00:00,85.2775
2025-11-22 03:00:00+00:00,77.7025
2025-11-22 04:00:00+00:00,80.3
2025-11-22 05:00:00+00:00,82.16
2025-11-22 06:00:00+00:00,89.84
2025-11-22 07:00:00+00:00,97.7375
2025-11-22 08:00:00+00:00,90.345
2025-11-22 09:00:00+00:00,83.71
2025-11-22 10:00:00+00:00,80.3575
2025-11-22 11:00:00+00:00,78.07
2025-11-22 12:00:00+00:00,77.67750000000001
2025-11-22 13:00:00+00:00,69.8375
2025-11-22 14:00:00+00:00,68.2875
2025-11-22 15:00:00+00:00,84.67
2025-11-22 16:00:00+00:00,90.25
2025-11-22 17:00:00+00:00,99.5275
2025-11-22 18:00:00+00:00,102.83
2025-11-22 19:00:00+00:00,91.1325
2025-11-22 20:00:00+00:00,92.1725
2025-11-22 21:00:00+00:00,90.225
2025-11-22 22:00:00+00:00,83.325
2025-11-22 23:00:00+00:00,81.5275
2025-11-23 00:00:00+00:00,74.35249999999999
2025-11-23 01:00:00+00:00,70.44
2025-11-23 02:00:00+00:00,63.230000000000004
2025-11-23 03:00:00+00:00,60.885
2025-11-23 04:00:00+00:00,64.005
2025-11-23 05:00:00+00:00,62.13
2025-11-23 06:00:00+00:00,65.2475
2025-11-23 07:00:00+00:00,68.905
2025-11-23 08:00:00+00:00,68.6725
2025-11-23 09:00:00+00:00,69.2775
2025-11-23 10:00:00+00:00,70.2875
2025-11-23 11:00:00+00:00,70.4125
2025-11-23 12:00:00+00:00,64.9975
2025-11-23 13:00:00+00:00,59.8525
2025-11-23 14:00:00+00:00,59.005
2025-11-23 15:00:00+00:00,63.7025
2025-11-23 16:00:00+00:00,79.905
2025-11-23 17:00:00+00:00,88.99000000000001
2025-11-23 18:00:00+00:00,88.1225
2025-11-23 19:00:00+00:00,81.3575
2025-11-23 20:00:00+00:00,72.6475
2025-11-23 21:00:00+00:00,69.2975
2025-11-23 22:00:00+00:00,54.78
2025-11-23 23:00:00+00:00,66.78
2025-11-24 00:00:00+00:00,61.6075
2025-11-24 01:00:00+00:00,55.6025
2025-11-24 02:00:00+00:00,43.44
2025-11-24 03:00:00+00:00,35.4525
2025-11-24 04:00:00+00:00,57.0175
2025-11-24 05:00:00+00:00,75.7875
2025-11-24 06:00:00+00:00,93.5475
2025-11-24 07:00:00+00:00,96.005
2025-11-24 08:00:00+00:00,105.7625
2025-11-24 09:00:00+00:00,106.41
2025-11-24 10:00:00+00:00,90.1925
2025-11-24 11:00:00+00:00,90.4825
2025-11-24 12:00:00+00:00,72.63
2025-11-24 13:00:00+00:00,60.1225
2025-11-24 14:00:00+00:00,71.2775
2025-11-24 15:00:00+00:00,86.28
2025-11-24 16:00:00+00:00,101.65
2025-11-24 17:00:00+00:00,102.52
2025-11-24 18:00:00+00:00,99.28
2025-11-24 19:00:00+00:00,82.07
2025-11-24 20:00:00+00:00,77.74
2025-11-24 21:00:00+00:00,71.69999999999999
2025-11-24 22:00:00+00:00,54.44
2025-11-24 23:00:00+00:00,54.265
2025-11-25 00:00:00+00:00,41.84
2025-11-25 01:00:00+00:00,31.689999999999998
2025-11-25 02:00:00+00:00,21.505
2025-11-25 03:00:00+00:00,16.705
2025-11-25 04:00:00+00:00,31.825000000000003
2025-11-25 05:00:00+00:00,60.935
2025-11-25 06:00:00+00:00,84.62
2025-11-25 07:00:00+00:00,97.805
2025-11-25 08:00:00+00:00,91.97
2025-11-25 09:00:00+00:00,77.1925
2025-11-25 10:00:00+00:00,68.455
2025-11-25 11:00:00+00:00,70.25
2025-11-25 12:00:00+00:00,61.8175
2025-11-25 13:00:00+00:00,66.0925
2025-11-25 14:00:00+00:00,67.61
2025-11-25 15:00:00+00:00,79.81
2025-11-25 16:00:00+00:00,93.8075
2025-11-25 17:00:00+00:00,104.135
2025-11-25 18:00:00+00:00,102.1075
2025-11-25 19:00:00+00:00,96.2775
2025-11-25 20:00:00+00:00,90.3125
2025-11-25 21:00:00+00:00,88.595
2025-11-25 22:00:00+00:00,74.33
2025-11-25 23:00:00+00:00,78.135
2025-11-26 00:00:00+00:00,68.97
2025-11-26 01:00:00+00:00,62.3775
2025-11-26 02:00:00+00:00,63.08
2025-11-26 03:00:00+00:00,61.99
2025-11-26 04:00:00+00:00,74.015
2025-11-26 05:00:00+00:00,81.0475
2025-11-26 06:00:00+00:00,94.5425
2025-11-26 07:00:00+00:00,108.86
2025-11-26 08:00:00+00:00,118.9025
2025-11-26 09:00:00+00:00,89.91
2025-11-26 10:00:00+00:00,92.0125
2025-11-26 11:00:00+00:00,82.985
2025-11-26 12:00:00+00:00,74.4
2025-11-26 13:00:00+00:00,82.905
2025-11-26 14:00:00+00:00,86.05
2025-11-26 15:00:00+00:00,91.62
2025-11-26 16:00:00+00:00,142.5625
2025-11-26 17:00:00+00:00,180.0
2025-11-26 18:00:00+00:00,171.695
2025-11-26 19:00:00+00:00,124.83
2025-11-26 20:00:00+00:00,100.0025
2025-11-26 21:00:00+00:00,91.89
2025-11-26 22:00:00+00:00,82.5
2025-11-26 23:00:00+00:00,88.89
2025-11-27 00:00:00+00:00,81.46000000000001
2025-11-27 01:00:00+00:00,73.8125
2025-11-27 02:00:00+00:00,68.41
2025-11-27 03:00:00+00:00,66.3825
2025-11-27 04:00:00+00:00,68.9675
2025-11-27 05:00:00+00:00,77.4625
2025-11-27 06:00:00+00:00,96.7125
2025-11-27 07:00:00+00:00,99.8925
2025-11-27 08:00:00+00:00,87.6525
2025-11-27 09:00:00+00:00,80.875
2025-11-27 10:00:00+00:00,81.07
2025-11-27 11:00:00+00:00,78.525
2025-11-27 12:00:00+00:00,79.8725
2025-11-27 13:00:00+00:00,84.695
2025-11-27 14:00:00+00:00,81.52250000000001
2025-11-27 15:00:00+00:00,84.1
2025-11-27 16:00:00+00:00,101.5575
2025-11-27 17:00:00+00:00,107.71
2025-11-27 18:00:00+00:00,93.205
2025-11-27 19:00:00+00:00,86.23
2025-11-27 20:00:00+00:00,82.1875
2025-11-27 21:00:00+00:00,89.055
2025-11-27 22:00:00+00:00,52.24
2025-11-27 23:00:00+00:00,62.099999999999994
2025-11-28 00:00:00+00:00,58.3
2025-11-28 01:00:00+00:00,55.1075
2025-11-28 02:00:00+00:00,49.57
2025-11-28 03:00:00+00:00,51.52
2025-11-28 04:00:00+00:00,59.305
2025-11-28 05:00:00+00:00,74.9525
2025-11-28 06:00:00+00:00,87.82
2025-11-28 07:00:00+00:00,103.365
2025-11-28 08:00:00+00:00,101.9725
2025-11-28 09:00:00+00:00,88.0375
2025-11-28 10:00:00+00:00,77.89
2025-11-28 11:00:00+00:00,77.3475
2025-11-28 12:00:00+00:00,71.75
2025-11-28 13:00:00+00:00,69.0475
2025-11-28 14:00:00+00:00,74.725
2025-11-28 15:00:00+00:00,82.8225
2025-11-28 16:00:00+00:00,91.145
2025-11-28 17:00:00+00:00,100.3075
2025-11-28 18:00:00+00:00,96.28
2025-11-28 19:00:00+00:00,89.895
2025-11-28 20:00:00+00:00,86.285
2025-11-28 21:00:00+00:00,86.445
2025-11-28 22:00:00+00:00,78.34
2025-11-28 23:00:00+00:00,70.62
2025-11-29 00:00:00+00:00,81.1525
2025-11-29 01:00:00+00:00,81.355
2025-11-29 02:00:00+00:00,73.9075
2025-11-29 03:00:00+00:00,64.8
2025-11-29 04:00:00+00:00,69.7175
2025-11-29 05:00:00+00:00,75.9
2025-11-29 06:00:00+00:00,80.4575
2025-11-29 07:00:00+00:00,90.5225
2025-11-29 08:00:00+00:00,80.555
2025-11-29 09:00:00+00:00,62.879999999999995
2025-11-29 10:00:00+00:00,50.0575
2025-11-29 11:00:00+00:00,50.5275
2025-11-29 12:00:00+00:00,44.395
2025-11-29 13:00:00+00:00,47.6375
2025-11-29 14:00:00+00:00,56.845
2025-11-29 15:00:00+00:00,71.72
2025-11-29 16:00:00+00:00,84.2475
2025-11-29 17:00:00+00:00,91.0875
2025-11-29 18:00:00+00:00,93.1025
2025-11-29 19:00:00+00:00,86.7275
2025-11-29 20:00:00+00:00,81.7325
2025-11-29 21:00:00+00:00,88.14500000000001
2025-11-29 22:00:00+00:00,81.9525
2025-11-29 23:00:00+00:00,76.85249999999999
2025-11-30 00:00:00+00:00,70.755
2025-11-30 01:00:00+00:00,68.4975
2025-11-30 02:00:00+00:00,66.4025
2025-11-30 03:00:00+00:00,65.9575
2025-11-30 04:00:00+00:00,66.44749999999999
2025-11-30 05:00:00+00:00,65.205
2025-11-30 06:00:00+00:00,69.37
2025-11-30 07:00:00+00:00,73.84
2025-11-30 08:00:00+00:00,81.7425
2025-11-30 09:00:00+00:00,71.43
2025-11-30 10:00:00+00:00,63.015
2025-11-30 11:00:00+00:00,74.07
2025-11-30 12:00:00+00:00,68.39
2025-11-30 13:00:00+00:00,62.3825
2025-11-30 14:00:00+00:00,61.825
2025-11-30 15:00:00+00:00,83.815
2025-11-30 16:00:00+00:00,99.2725
2025-11-30 17:00:00+00:00,105.3775
2025-11-30 18:00:00+00:00,106.8075
2025-11-30 19:00:00+00:00,101.4225
2025-11-30 20:00:00+00:00,95.635
2025-11-30 21:00:00+00:00,93.6
2025-11-30 22:00:00+00:00,87.71000000000001
2025-11-30 23:00:00+00:00,80.605
2025-12-01 00:00:00+00:00,70.845
2025-12-01 01:00:00+00:00,63.38
2025-12-01 02:00:00+00:00,52.99
2025-12-01 03:00:00+00:00,47.3975
2025-12-01 04:00:00+00:00,52.4225
2025-12-01 05:00:00+00:00,75.79
2025-12-01 06:00:00+00:00,101.5175
2025-12-01 07:00:00+00:00,105.0075
2025-12-01 08:00:00+00:00,95.21
2025-12-01 09:00:00+00:00,75.1175
2025-12-01 10:00:00+00:00,68.2
2025-12-01 11:00:00+00:00,70.7975
2025-12-01 12:00:00+00:00,69.57249999999999
2025-12-01 13:00:00+00:00,69.8825
2025-12-01 14:00:00+00:00,73.375
2025-12-01 15:00:00+00:00,85.6525
2025-12-01 16:00:00+00:00,94.87
2025-12-01 17:00:00+00:00,97.28
2025-12-01 18:00:00+00:00,99.26
2025-12-01 19:00:00+00:00,87.3025
2025-12-01 20:00:00+00:00,80.36
2025-12-01 21:00:00+00:00,80.4375
2025-12-01 22:00:00+00:00,74.565
2025-12-01 23:00:00+00:00,59.1375
2025-12-02 00:00:00+00:00,56.63
2025-12-02 01:00:00+00:00,51.0925
2025-12-02 02:00:00+00:00,41.0375
2025-12-02 03:00:00+00:00,43.8625
2025-12-02 04:00:00+00:00,61.605
2025-12-02 05:00:00+00:00,76.815
2025-12-02 06:00:00+00:00,88.0175
2025-12-02 07:00:00+00:00,95.4875
2025-12-02 08:00:00+00:00,91.4175
2025-12-02 09:00:00+00:00,84.8925
2025-12-02 10:00:00+00:00,82.5125
2025-12-02 11:00:00+00:00,80.3
2025-12-02 12:00:00+00:00,75.45
2025-12-02 13:00:00+00:00,88.6275
2025-12-02 14:00:00+00:00,88.2625
2025-12-02 15:00:00+00:00,87.6775
2025-12-02 16:00:00+00:00,111.4325
2025-12-02 17:00:00+00:00,125.885
2025-12-02 18:00:00+00:00,126.315
2025-12-02 19:00:00+00:00,109.0975
2025-12-02 20:00:00+00:00,97.745
2025-12-02 21:00:00+00:00,86.5925
2025-12-02 22:00:00+00:00,82.98
2025-12-02 23:00:00+00:00,85.0475
2025-12-03 00:00:00+00:00,79.35749999999999
2025-12-03 01:00:00+00:00,74.5175
2025-12-03 02:00:00+00:00,68.15
2025-12-03 03:00:00+00:00,67.1425
2025-12-03 04:00:00+00:00,72.23
2025-12-03 05:00:00+00:00,77.9
2025-12-03 06:00:00+00:00,93.07
2025-12-03 07:00:00+00:00,99.84
2025-12-03 08:00:00+00:00,101.895
2025-12-03 09:00:00+00:00,88.0575
2025-12-03 10:00:00+00:00,88.45
2025-12-03 11:00:00+00:00,95.9
2025-12-03 12:00:00+00:00,92.745
2025-12-03 13:00:00+00:00,78.69
2025-12-03 14:00:00+00:00,82.39500000000001
2025-12-03 15:00:00+00:00,84.7075
2025-12-03 16:00:00+00:00,135.43
2025-12-03 17:00:00+00:00,129.47
2025-12-03 18:00:00+00:00,116.01
2025-12-03 19:00:00+00:00,96.8825
2025-12-03 20:00:00+00:00,88.75999999999999
2025-12-03 21:00:00+00:00,85.475
2025-12-03 22:00:00+00:00,65.26
2025-12-03 23:00:00+00:00,61.075
2025-12-04 00:00:00+00:00,56.445
2025-12-04 01:00:00+00:00,51.0425
2025-12-04 02:00:00+00:00,43.04
2025-12-04 03:00:00+00:00,35.7
2025-12-04 04:00:00+00:00,46.4975
2025-12-04 05:00:00+00:00,66.575
2025-12-04 06:00:00+00:00,80.335
2025-12-04 07:00:00+00:00,85.7125
2025-12-04 08:00:00+00:00,84.7475
2025-12-04 09:00:00+00:00,83.0275
2025-12-04 10:00:00+00:00,86.02000000000001
2025-12-04 11:00:00+00:00,76.0825
2025-12-04 12:00:00+00:00,71.06
2025-12-04 13:00:00+00:00,77.105
2025-12-04 14:00:00+00:00,77.695
2025-12-04 15:00:00+00:00,82.8375
2025-12-04 16:00:00+00:00,91.05
2025-12-04 17:00:00+00:00,110.16
2025-12-04 18:00:00+00:00,120.0775
2025-12-04 19:00:00+00:00,88.8425
2025-12-04 20:00:00+00:00,85.4375
2025-12-04 21:00:00+00:00,86.0025
2025-12-04 22:00:00+00:00,77.71
2025-12-04 23:00:00+00:00,77.5975
2025-12-05 00:00:00+00:00,71.61
2025-12-05 01:00:00+00:00,74.04
2025-12-05 02:00:00+00:00,63.6375
2025-12-05 03:00:00+00:00,58.93
2025-12-05 04:00:00+00:00,70.59
2025-12-05 05:00:00+00:00,83.3575
2025-12-05 06:00:00+00:00,95.0
2025-12-05 07:00:00+00:00,117.0875
2025-12-05 08:00:00+00:00,125.1025
2025-12-05 09:00:00+00:00,89.0025
2025-12-05 10:00:00+00:00,79.22749999999999
2025-12-05 11:00:00+00:00,89.08
2025-12-05 12:00:00+00:00,74.675
2025-12-05 13:00:00+00:00,71.82
2025-12-05 14:00:00+00:00,74.02250000000001
2025-12-05 15:00:00+00:00,80.41
2025-12-05 16:00:00+00:00,84.3175
2025-12-05 17:00:00+00:00,87.155
2025-12-05 18:00:00+00:00,83.0
2025-12-05 19:00:00+00:00,79.185
2025-12-05 20:00:00+00:00,67.205
2025-12-05 21:00:00+00:00,67.835
2025-12-05 22:00:00+00:00,52.85
2025-12-05 23:00:00+00:00,33.7675
2025-12-06 00:00:00+00:00,22.84
2025-12-06 01:00:00+00:00,19.2825
2025-12-06 02:00:00+00:00,15.14
2025-12-06 03:00:00+00:00,12.6975
2025-12-06 04:00:00+00:00,13.6725
2025-12-06 05:00:00+00:00,17.62
2025-12-06 06:00:00+00:00,23.345
2025-12-06 07:00:00+00:00,25.0575
2025-12-06 08:00:00+00:00,30.185
2025-12-06 09:00:00+00:00,26.24
2025-12-06 10:00:00+00:00,17.5975
2025-12-06 11:00:00+00:00,18.575
2025-12-06 12:00:00+00:00,15.315
2025-12-06 13:00:00+00:00,16.61
2025-12-06 14:00:00+00:00,19.51
2025-12-06 15:00:00+00:00,24.0125
2025-12-06 16:00:00+00:00,38.135
2025-12-06 17:00:00+00:00,55.23
2025-12-06 18:00:00+00:00,45.4275
2025-12-06 19:00:00+00:00,25.9
2025-12-06 20:00:00+00:00,29.0275
2025-12-06 21:00:00+00:00,32.7925
2025-12-06 22:00:00+00:00,23.09
2025-12-06 23:00:00+00:00,33.3225
2025-12-07 00:00:00+00:00,23.9975
2025-12-07 01:00:00+00:00,22.7125
2025-12-07 02:00:00+00:00,17.675
2025-12-07 03:00:00+00:00,11.0
2025-12-07 04:00:00+00:00,14.53
2025-12-07 05:00:00+00:00,18.37
2025-12-07 06:00:00+00:00,18.9925
2025-12-07 07:00:00+00:00,19.92
2025-12-07 08:00:00+00:00,16.3325
2025-12-07 09:00:00+00:00,11.135
2025-12-07 10:00:00+00:00,9.915
2025-12-07 11:00:00+00:00,17.1575
2025-12-07 12:00:00+00:00,12.64
2025-12-07 13:00:00+00:00,10.12
2025-12-07 14:00:00+00:00,6.5925
2025-12-07 15:00:00+00:00,15.080000000000002
2025-12-07 16:00:00+00:00,28.78
2025-12-07 17:00:00+00:00,29.675
2025-12-07 18:00:00+00:00,35.480000000000004
2025-12-07 19:00:00+00:00,23.0525
2025-12-07 20:00:00+00:00,20.75
2025-12-07 21:00:00+00:00,34.74
2025-12-07 22:00:00+00:00,32.435
2025-12-07 23:00:00+00:00,17.494999999999997
2025-12-08 00:00:00+00:00,16.25
2025-12-08 01:00:00+00:00,15.6675
2025-12-08 02:00:00+00:00,12.825
2025-12-08 03:00:00+00:00,13.6975
2025-12-08 04:00:00+00:00,15.9875
2025-12-08 05:00:00+00:00,34.985
2025-12-08 06:00:00+00:00,33.125
2025-12-08 07:00:00+00:00,48.8725
2025-12-08 08:00:00+00:00,45.205
2025-12-08 09:00:00+00:00,27.817500000000003
2025-12-08 10:00:00+00:00,23.02
2025-12-08 11:00:00+00:00,20.9225
2025-12-08 12:00:00+00:00,14.1225
2025-12-08 13:00:00+00:00,15.54
2025-12-08 14:00:00+00:00,24.8075
2025-12-08 15:00:00+00:00,35.89
2025-12-08 16:00:00+00:00,52.8875
2025-12-08 17:00:00+00:00,79.1675
2025-12-08 18:00:00+00:00,80.6675
2025-12-08 19:00:00+00:00,55.28
2025-12-08 20:00:00+00:00,42.8675
2025-12-08 21:00:00+00:00,51.035
2025-12-08 22:00:00+00:00,55.935
2025-12-08 23:00:00+00:00,33.4675
2025-12-09 00:00:00+00:00,32.285
2025-12-09 01:00:00+00:00,28.94
2025-12-09 02:00:00+00:00,14.42
2025-12-09 03:00:00+00:00,4.0525
2025-12-09 04:00:00+00:00,18.2475
2025-12-09 05:00:00+00:00,15.765
2025-12-09 06:00:00+00:00,36.3175
2025-12-09 07:00:00+00:00,68.645
2025-12-09 08:00:00+00:00,59.150000000000006
2025-12-09 09:00:00+00:00,35.44
2025-12-09 10:00:00+00:00,7.7825
2025-12-09 11:00:00+00:00,11.1675
2025-12-09 12:00:00+00:00,7.005
2025-12-09 13:00:00+00:00,3.1075
2025-12-09 14:00:00+00:00,17.2
2025-12-09 15:00:00+00:00,32.92
2025-12-09 16:00:00+00:00,48.495
2025-12-09 17:00:00+00:00,62.947500000000005
2025-12-09 18:00:00+00:00,65.3075
2025-12-09 19:00:00+00:00,47.96
2025-12-09 20:00:00+00:00,13.385000000000002
2025-12-09 21:00:00+00:00,13.517500000000002
2025-12-09 22:00:00+00:00,26.72
2025-12-09 23:00:00+00:00,32.87
2025-12-10 00:00:00+00:00,25.625
2025-12-10 01:00:00+00:00,21.6075
2025-12-10 02:00:00+00:00,14.25
2025-12-10 03:00:00+00:00,16.689999999999998
2025-12-10 04:00:00+00:00,11.9975
2025-12-10 05:00:00+00:00,41.1475
2025-12-10 06:00:00+00:00,78.72749999999999
2025-12-10 07:00:00+00:00,93.2325
2025-12-10 08:00:00+00:00,92.6325
2025-12-10 09:00:00+00:00,85.02250000000001
2025-12-10 10:00:00+00:00,79.015
2025-12-10 11:00:00+00:00,79.5175
2025-12-10 12:00:00+00:00,73.97
2025-12-10 13:00:00+00:00,72.475
2025-12-10 14:00:00+00:00,81.99000000000001
2025-12-10 15:00:00+00:00,83.72
2025-12-10 16:00:00+00:00,98.4375
2025-12-10 17:00:00+00:00,105.91
2025-12-10 18:00:00+00:00,99.205
2025-12-10 19:00:00+00:00,90.21
2025-12-10 20:00:00+00:00,83.6325
2025-12-10 21:00:00+00:00,80.6975
2025-12-10 22:00:00+00:00,72.42
2025-12-10 23:00:00+00:00,68.245
2025-12-11 00:00:00+00:00,65.2925
2025-12-11 01:00:00+00:00,61.4
2025-12-11 02:00:00+00:00,55.965
2025-12-11 03:00:00+00:00,52.0
2025-12-11 04:00:00+00:00,60.5175
2025-12-11 05:00:00+00:00,72.46000000000001
2025-12-11 06:00:00+00:00,89.66499999999999
2025-12-11 07:00:00+00:00,99.9025
2025-12-11 08:00:00+00:00,98.0475
2025-12-11 09:00:00+00:00,85.5
2025-12-11 10:00:00+00:00,78.765
2025-12-11 11:00:00+00:00,76.5475
2025-12-11 12:00:00+00:00,75.015
2025-12-11 13:00:00+00:00,75.15
2025-12-11 14:00:00+00:00,77.84
2025-12-11 15:00:00+00:00,85.09
2025-12-11 16:00:00+00:00,98.3825
2025-12-11 17:00:00+00:00,105.12
2025-12-11 18:00:00+00:00,102.1175
2025-12-11 19:00:00+00:00,88.84
2025-12-11 20:00:00+00:00,82.45
2025-12-11 21:00:00+00:00,81.565
2025-12-11 22:00:00+00:00,87.59
2025-12-11 23:00:00+00:00,76.4525
2025-12-12 00:00:00+00:00,74.995
2025-12-12 01:00:00+00:00,66.82
2025-12-12 02:00:00+00:00,56.0175
2025-12-12 03:00:00+00:00,51.8625
2025-12-12 04:00:00+00:00,64.0
2025-12-12 05:00:00+00:00,81.15
2025-12-12 06:00:00+00:00,86.6
2025-12-12 07:00:00+00:00,108.1875
2025-12-12 08:00:00+00:00,107.57
2025-12-12 09:00:00+00:00,91.98
2025-12-12 10:00:00+00:00,81.39750000000001
2025-12-12 11:00:00+00:00,83.9
2025-12-12 12:00:00+00:00,73.1725
2025-12-12 13:00:00+00:00,71.0025
2025-12-12 14:00:00+00:00,81.36
2025-12-12 15:00:00+00:00,84.95
2025-12-12 16:00:00+00:00,101.44
2025-12-12 17:00:00+00:00,112.9775
2025-12-12 18:00:00+00:00,109.445
2025-12-12 19:00:00+00:00,99.12
2025-12-12 20:00:00+00:00,79.44749999999999
2025-12-12 21:00:00+00:00,79.0025
2025-12-12 22:00:00+00:00,77.49
2025-12-12 23:00:00+00:00,90.2325
2025-12-13 00:00:00+00:00,81.0925
2025-12-13 01:00:00+00:00,74.39
2025-12-13 02:00:00+00:00,68.945
2025-12-13 03:00:00+00:00,65.74
2025-12-13 04:00:00+00:00,67.1225
2025-12-13 05:00:00+00:00,70.575
2025-12-13 06:00:00+00:00,78.3075
2025-12-13 07:00:00+00:00,84.9575
2025-12-13 08:00:00+00:00,80.7875
2025-12-13 09:00:00+00:00,72.435
2025-12-13 10:00:00+00:00,67.6375
2025-12-13 11:00:00+00:00,65.52250000000001
2025-12-13 12:00:00+00:00,59.31
2025-12-13 13:00:00+00:00,59.9825
2025-12-13 14:00:00+00:00,66.4225
2025-12-13 15:00:00+00:00,76.62
2025-12-13 16:00:00+00:00,91.905
2025-12-13 17:00:00+00:00,99.41
2025-12-13 18:00:00+00:00,95.09
2025-12-13 19:00:00+00:00,87.28
2025-12-13 20:00:00+00:00,78.0325
2025-12-13 21:00:00+00:00,73.0775
2025-12-13 22:00:00+00:00,72.32
2025-12-13 23:00:00+00:00,77.5375
2025-12-14 00:00:00+00:00,70.61
2025-12-14 01:00:00+00:00,67.2175
2025-12-14 02:00:00+00:00,62.4725
2025-12-14 03:00:00+00:00,55.025
2025-12-14 04:00:00+00:00,52.335
2025-12-14 05:00:00+00:00,51.5525
2025-12-14 06:00:00+00:00,59.0975
2025-12-14 07:00:00+00:00,68.05499999999999
2025-12-14 08:00:00+00:00,72.36
2025-12-14 09:00:00+00:00,68.1
2025-12-14 10:00:00+00:00,61.69
2025-12-14 11:00:00+00:00,62.285
2025-12-14 12:00:00+00:00,59.0025
2025-12-14 13:00:00+00:00,59.1275
2025-12-14 14:00:00+00:00,63.4225
2025-12-14 15:00:00+00:00,74.8925
2025-12-14 16:00:00+00:00,85.4925
2025-12-14 17:00:00+00:00,91.795
2025-12-14 18:00:00+00:00,92.7775
2025-12-14 19:00:00+00:00,84.64750000000001
2025-12-14 20:00:00+00:00,80.78999999999999
2025-12-14 21:00:00+00:00,78.5675
2025-12-14 22:00:00+00:00,71.02
2025-12-14 23:00:00+00:00,61.09
2025-12-15 00:00:00+00:00,59.655
2025-12-15 01:00:00+00:00,54.0
2025-12-15 02:00:00+00:00,32.835
2025-12-15 03:00:00+00:00,17.2925
2025-12-15 04:00:00+00:00,44.5875
2025-12-15 05:00:00+00:00,78.3
2025-12-15 06:00:00+00:00,91.3425
2025-12-15 07:00:00+00:00,102.7
2025-12-15 08:00:00+00:00,90.0
2025-12-15 09:00:00+00:00,71.685
2025-12-15 10:00:00+00:00,69.805
2025-12-15 11:00:00+00:00,78.9625
2025-12-15 12:00:00+00:00,73.8925
2025-12-15 13:00:00+00:00,75.16499999999999
2025-12-15 14:00:00+00:00,76.6275
2025-12-15 15:00:00+00:00,89.5625
2025-12-15 16:00:00+00:00,95.9825
2025-12-15 17:00:00+00:00,97.5
2025-12-15 18:00:00+00:00,93.7275
2025-12-15 19:00:00+00:00,84.99000000000001
2025-12-15 20:00:00+00:00,77.1375
2025-12-15 21:00:00+00:00,81.3075
2025-12-15 22:00:00+00:00,74.9375
2025-12-15 23:00:00+00:00,73.85
2025-12-16 00:00:00+00:00,70.6525
2025-12-16 01:00:00+00:00,73.3175
2025-12-16 02:00:00+00:00,65.7025
2025-12-16 03:00:00+00:00,70.93
2025-12-16 04:00:00+00:00,76.13
2025-12-16 05:00:00+00:00,87.6325
2025-12-16 06:00:00+00:00,93.1
2025-12-16 07:00:00+00:00,96.21
2025-12-16 08:00:00+00:00,99.0625
2025-12-16 09:00:00+00:00,92.6925
2025-12-16 10:00:00+00:00,89.45
2025-12-16 11:00:00+00:00,88.5
2025-12-16 12:00:00+00:00,85.89750000000001
2025-12-16 13:00:00+00:00,88.4875
2025-12-16 14:00:00+00:00,95.7125
2025-12-16 15:00:00+00:00,99.4225
2025-12-16 16:00:00+00:00,107.7275
2025-12-16 17:00:00+00:00,122.4025
2025-12-16 18:00:00+00:00,132.915
2025-12-16 19:00:00+00:00,115.3725
2025-12-16 20:00:00+00:00,100.505
2025-12-16 21:00:00+00:00,88.265
2025-12-16 22:00:00+00:00,79.0
2025-12-16 23:00:00+00:00,83.135
2025-12-17 00:00:00+00:00,82.2625
2025-12-17 01:00:00+00:00,81.2125
2025-12-17 02:00:00+00:00,77.5325
2025-12-17 03:00:00+00:00,66.7275
2025-12-17 04:00:00+00:00,73.03
2025-12-17 05:00:00+00:00,76.105
2025-12-17 06:00:00+00:00,95.19
2025-12-17 07:00:00+00:00,108.0725
2025-12-17 08:00:00+00:00,110.7225
2025-12-17 09:00:00+00:00,98.1175
2025-12-17 10:00:00+00:00,90.665
2025-12-17 11:00:00+00:00,87.86
2025-12-17 12:00:00+00:00,83.66
2025-12-17 13:00:00+00:00,82.2825
2025-12-17 14:00:00+00:00,86.11
2025-12-17 15:00:00+00:00,83.25999999999999
2025-12-17 16:00:00+00:00,91.08
2025-12-17 17:00:00+00:00,86.1025
2025-12-17 18:00:00+00:00,85.015
2025-12-17 19:00:00+00:00,84.9975
2025-12-17 20:00:00+00:00,78.9325
2025-12-17 21:00:00+00:00,80.13
2025-12-17 22:00:00+00:00,50.76
2025-12-17 23:00:00+00:00,39.955
2025-12-18 00:00:00+00:00,41.3
2025-12-18 01:00:00+00:00,33.995
2025-12-18 02:00:00+00:00,18.5
2025-12-18 03:00:00+00:00,8.5775
2025-12-18 04:00:00+00:00,19.8875
2025-12-18 05:00:00+00:00,47.4125
2025-12-18 06:00:00+00:00,77.57
2025-12-18 07:00:00+00:00,77.0
2025-12-18 08:00:00+00:00,55.3975
2025-12-18 09:00:00+00:00,18.6025
2025-12-18 10:00:00+00:00,0.5
2025-12-18 11:00:00+00:00,0.0
2025-12-18 12:00:00+00:00,0.4075
2025-12-18 13:00:00+00:00,5.0
2025-12-18 14:00:00+00:00,15.0
2025-12-18 15:00:00+00:00,24.595
2025-12-18 16:00:00+00:00,37.4575
2025-12-18 17:00:00+00:00,67.805
2025-12-18 18:00:00+00:00,65.745
2025-12-18 19:00:00+00:00,49.9775
2025-12-18 20:00:00+00:00,45.13
2025-12-18 21:00:00+00:00,48.335
2025-12-18 22:00:00+00:00,11.59
2025-12-18 23:00:00+00:00,15.475
2025-12-19 00:00:00+00:00,12.735
2025-12-19 01:00:00+00:00,11.6225
2025-12-19 02:00:00+00:00,10.5875
2025-12-19 03:00:00+00:00,11.3675
2025-12-19 04:00:00+00:00,17.95
2025-12-19 05:00:00+00:00,44.7
2025-12-19 06:00:00+00:00,78.16
2025-12-19 07:00:00+00:00,89.2825
2025-12-19 08:00:00+00:00,89.38499999999999
2025-12-19 09:00:00+00:00,87.86
2025-12-19 10:00:00+00:00,82.1775
2025-12-19 11:00:00+00:00,82.73
2025-12-19 12:00:00+00:00,79.59
2025-12-19 13:00:00+00:00,84.4625
2025-12-19 14:00:00+00:00,85.705
2025-12-19 15:00:00+00:00,84.84
2025-12-19 16:00:00+00:00,99.7775
2025-12-19 17:00:00+00:00,104.7975
2025-12-19 18:00:00+00:00,99.8575
2025-12-19 19:00:00+00:00,91.76
2025-12-19 20:00:00+00:00,80.9925
2025-12-19 21:00:00+00:00,85.6925
2025-12-19 22:00:00+00:00,83.99
2025-12-19 23:00:00+00:00,85.0425
2025-12-20 00:00:00+00:00,83.505
2025-12-20 01:00:00+00:00,77.63
2025-12-20 02:00:00+00:00,68.245
2025-12-20 03:00:00+00:00,63.6225
2025-12-20 04:00:00+00:00,64.32249999999999
2025-12-20 05:00:00+00:00,67.6375
2025-12-20 06:00:00+00:00,75.54499999999999
2025-12-20 07:00:00+00:00,79.25
2025-12-20 08:00:00+00:00,80.8375
2025-12-20 09:00:00+00:00,75.0275
2025-12-20 10:00:00+00:00,65.0775
2025-12-20 11:00:00+00:00,62.7875
2025-12-20 12:00:00+00:00,50.415
2025-12-20 13:00:00+00:00,54.6175
2025-12-20 14:00:00+00:00,54.92
2025-12-20 15:00:00+00:00,63.7175
2025-12-20 16:00:00+00:00,74.5825
2025-12-20 17:00:00+00:00,76.4375
2025-12-20 18:00:00+00:00,77.535
2025-12-20 19:00:00+00:00,73.2825
2025-12-20 20:00:00+00:00,69.4075
2025-12-20 21:00:00+00:00,73.16749999999999
2025-12-20 22:00:00+00:00,62.0
2025-12-20 23:00:00+00:00,49.7825
2025-12-21 00:00:00+00:00,56.4375
2025-12-21 01:00:00+00:00,51.5
2025-12-21 02:00:00+00:00,46.6175
2025-12-21 03:00:00+00:00,42.64
2025-12-21 04:00:00+00:00,41.71
2025-12-21 05:00:00+00:00,48.96
2025-12-21 06:00:00+00:00,55.7225
2025-12-21 07:00:00+00:00,63.6875
2025-12-21 08:00:00+00:00,64.69999999999999
2025-12-21 09:00:00+00:00,61.555
2025-12-21 10:00:00+00:00,60.8
2025-12-21 11:00:00+00:00,63.23
2025-12-21 12:00:00+00:00,58.7275
2025-12-21 13:00:00+00:00,56.4625
2025-12-21 14:00:00+00:00,59.35
2025-12-21 15:00:00+00:00,62.58
2025-12-21 16:00:00+00:00,67.32
2025-12-21 17:00:00+00:00,76.61749999999999
2025-12-21 18:00:00+00:00,82.33500000000001
2025-12-21 19:00:00+00:00,81.5075
2025-12-21 20:00:00+00:00,75.575
2025-12-21 21:00:00+00:00,76.7825
2025-12-21 22:00:00+00:00,70.91
2025-12-21 23:00:00+00:00,36.765
2025-12-22 00:00:00+00:00,40.0
2025-12-22 01:00:00+00:00,37.9975
2025-12-22 02:00:00+00:00,25.64
2025-12-22 03:00:00+00:00,24.98
2025-12-22 04:00:00+00:00,36.4
2025-12-22 05:00:00+00:00,58.6575
2025-12-22 06:00:00+00:00,79.3625
2025-12-22 07:00:00+00:00,87.25999999999999
2025-12-22 08:00:00+00:00,88.4175
2025-12-22 09:00:00+00:00,84.975
2025-12-22 10:00:00+00:00,83.0075
2025-12-22 11:00:00+00:00,88.4325
2025-12-22 12:00:00+00:00,85.33500000000001
2025-12-22 13:00:00+00:00,87.2925
2025-12-22 14:00:00+00:00,84.84
2025-12-22 15:00:00+00:00,86.11250000000001
2025-12-22 16:00:00+00:00,95.3125
2025-12-22 17:00:00+00:00,101.5725
2025-12-22 18:00:00+00:00,97.9225
2025-12-22 19:00:00+00:00,91.74
2025-12-22 20:00:00+00:00,85.28
2025-12-22 21:00:00+00:00,84.095
2025-12-22 22:00:00+00:00,77.85
2025-12-22 23:00:00+00:00,70.89
2025-12-23 00:00:00+00:00,62.0525
2025-12-23 01:00:00+00:00,61.3475
2025-12-23 02:00:00+00:00,59.425
2025-12-23 03:00:00+00:00,56.6525
2025-12-23 04:00:00+00:00,60.8475
2025-12-23 05:00:00+00:00,70.4
2025-12-23 06:00:00+00:00,81.0025
2025-12-23 07:00:00+00:00,87.16499999999999
2025-12-23 08:00:00+00:00,88.765
2025-12-23 09:00:00+00:00,85.1375
2025-12-23 10:00:00+00:00,83.4025
2025-12-23 11:00:00+00:00,84.175
2025-12-23 12:00:00+00:00,81.1675
2025-12-23 13:00:00+00:00,80.67
2025-12-23 14:00:00+00:00,84.32
2025-12-23 15:00:00+00:00,82.87
2025-12-23 16:00:00+00:00,85.8875
2025-12-23 17:00:00+00:00,87.4575
2025-12-23 18:00:00+00:00,86.08500000000001
2025-12-23 19:00:00+00:00,80.725
2025-12-23 20:00:00+00:00,71.9975
2025-12-23 21:00:00+00:00,73.22749999999999
2025-12-23 22:00:00+00:00,58.03
2025-12-23 23:00:00+00:00,59.48
2025-12-24 00:00:00+00:00,44.9975
2025-12-24 01:00:00+00:00,30.26
2025-12-24 02:00:00+00:00,20.18
2025-12-24 03:00:00+00:00,11.0
2025-12-24 04:00:00+00:00,16.2725
2025-12-24 05:00:00+00:00,23.5475
2025-12-24 06:00:00+00:00,35.7725
2025-12-24 07:00:00+00:00,58.65
2025-12-24 08:00:00+00:00,50.68
2025-12-24 09:00:00+00:00,39.6475
2025-12-24 10:00:00+00:00,25.39
2025-12-24 11:00:00+00:00,17.8725
2025-12-24 12:00:00+00:00,16.6525
2025-12-24 13:00:00+00:00,17.45
2025-12-24 14:00:00+00:00,23.655
2025-12-24 15:00:00+00:00,36.27
2025-12-24 16:00:00+00:00,53.7325
2025-12-24 17:00:00+00:00,63.905
2025-12-24 18:00:00+00:00,61.325
2025-12-24 19:00:00+00:00,57.79
2025-12-24 20:00:00+00:00,50.0
2025-12-24 21:00:00+00:00,43.8425
2025-12-24 22:00:00+00:00,38.01
2025-12-24 23:00:00+00:00,33.1775
2025-12-25 00:00:00+00:00,30.1575
2025-12-25 01:00:00+00:00,23.3925
2025-12-25 02:00:00+00:00,15.3225
2025-12-25 03:00:00+00:00,10.6225
2025-12-25 04:00:00+00:00,15.97
2025-12-25 05:00:00+00:00,21.8375
2025-12-25 06:00:00+00:00,32.1175
2025-12-25 07:00:00+00:00,39.6875
2025-12-25 08:00:00+00:00,38.9675
2025-12-25 09:00:00+00:00,30.715
2025-12-25 10:00:00+00:00,24.2825
2025-12-25 11:00:00+00:00,31.4625
2025-12-25 12:00:00+00:00,30.9775
2025-12-25 13:00:00+00:00,23.225
2025-12-25 14:00:00+00:00,35.495000000000005
2025-12-25 15:00:00+00:00,63.21
2025-12-25 16:00:00+00:00,89.5125
2025-12-25 17:00:00+00:00,93.97
2025-12-25 18:00:00+00:00,93.2675
2025-12-25 19:00:00+00:00,90.4375
2025-12-25 20:00:00+00:00,88.1425
2025-12-25 21:00:00+00:00,91.8975
2025-12-25 22:00:00+00:00,88.01
2025-12-25 23:00:00+00:00,97.1
2025-12-26 00:00:00+00:00,91.0525
2025-12-26 01:00:00+00:00,85.0825
2025-12-26 02:00:00+00:00,80.1925
2025-12-26 03:00:00+00:00,72.31
2025-12-26 04:00:00+00:00,73.03999999999999
2025-12-26 05:00:00+00:00,82.7175
2025-12-26 06:00:00+00:00,90.8575
2025-12-26 07:00:00+00:00,92.94
2025-12-26 08:00:00+00:00,93.1875
2025-12-26 09:00:00+00:00,89.25
2025-12-26 10:00:00+00:00,84.9925
2025-12-26 11:00:00+00:00,82.3125
2025-12-26 12:00:00+00:00,80.33
2025-12-26 13:00:00+00:00,77.53
2025-12-26 14:00:00+00:00,78.1125
2025-12-26 15:00:00+00:00,85.005
2025-12-26 16:00:00+00:00,93.4625
2025-12-26 17:00:00+00:00,99.17
2025-12-26 18:00:00+00:00,99.125
2025-12-26 19:00:00+00:00,93.4925
2025-12-26 20:00:00+00:00,90.99
2025-12-26 21:00:00+00:00,93.31
2025-12-26 22:00:00+00:00,88.27
2025-12-26 23:00:00+00:00,92.34
2025-12-27 00:00:00+00:00,88.0775
2025-12-27 01:00:00+00:00,80.525
2025-12-27 02:00:00+00:00,70.9625
2025-12-27 03:00:00+00:00,69.36
2025-12-27 04:00:00+00:00,68.945
2025-12-27 05:00:00+00:00,69.1725
2025-12-27 06:00:00+00:00,72.50750000000001
2025-12-27 07:00:00+00:00,86.79249999999999
2025-12-27 08:00:00+00:00,88.11500000000001
2025-12-27 09:00:00+00:00,77.5775
2025-12-27 10:00:00+00:00,71.065
2025-12-27 11:00:00+00:00,72.06
2025-12-27 12:00:00+00:00,69.135
2025-12-27 13:00:00+00:00,69.35499999999999
2025-12-27 14:00:00+00:00,69.9925
2025-12-27 15:00:00+00:00,81.97749999999999
2025-12-27 16:00:00+00:00,91.1575
2025-12-27 17:00:00+00:00,96.57
2025-12-27 18:00:00+00:00,98.4
2025-12-27 19:00:00+00:00,91.765
2025-12-27 20:00:00+00:00,86.70750000000001
2025-12-27 21:00:00+00:00,86.6275
2025-12-27 22:00:00+00:00,74.9
2025-12-27 23:00:00+00:00,85.6775
2025-12-28 00:00:00+00:00,84.0475
2025-12-28 01:00:00+00:00,77.72749999999999
2025-12-28 02:00:00+00:00,71.5
2025-12-28 03:00:00+00:00,66.2325
2025-12-28 04:00:00+00:00,67.575
2025-12-28 05:00:00+00:00,71.0975
2025-12-28 06:00:00+00:00,70.625
2025-12-28 07:00:00+00:00,79.5375
2025-12-28 08:00:00+00:00,83.705
2025-12-28 09:00:00+00:00,80.28
2025-12-28 10:00:00+00:00,72.37
2025-12-28 11:00:00+00:00,79.45
2025-12-28 12:00:00+00:00,76.145
2025-12-28 13:00:00+00:00,78.08500000000001
2025-12-28 14:00:00+00:00,82.4325
2025-12-28 15:00:00+00:00,91.4375
2025-12-28 16:00:00+00:00,98.555
2025-12-28 17:00:00+00:00,103.045
2025-12-28 18:00:00+00:00,105.2075
2025-12-28 19:00:00+00:00,105.01
2025-12-28 20:00:00+00:00,99.0275
2025-12-28 21:00:00+00:00,98.2825
2025-12-28 22:00:00+00:00,90.6275
2025-12-28 23:00:00+00:00,90.4575
2025-12-29 00:00:00+00:00,87.4275
2025-12-29 01:00:00+00:00,84.6975
2025-12-29 02:00:00+00:00,82.19
2025-12-29 03:00:00+00:00,83.705
2025-12-29 04:00:00+00:00,90.7925
2025-12-29 05:00:00+00:00,96.3325
2025-12-29 06:00:00+00:00,104.7175
2025-12-29 07:00:00+00:00,113.8775
2025-12-29 08:00:00+00:00,110.9625
2025-12-29 09:00:00+00:00,99.16
2025-12-29 10:00:00+00:00,91.975
2025-12-29 11:00:00+00:00,89.74249999999999
2025-12-29 12:00:00+00:00,89.5925
2025-12-29 13:00:00+00:00,95.1575
2025-12-29 14:00:00+00:00,95.7675
2025-12-29 15:00:00+00:00,96.86
2025-12-29 16:00:00+00:00,104.5275
2025-12-29 17:00:00+00:00,106.4025
2025-12-29 18:00:00+00:00,99.87
2025-12-29 19:00:00+00:00,93.7175
2025-12-29 20:00:00+00:00,86.5925
2025-12-29 21:00:00+00:00,89.1075
2025-12-29 22:00:00+00:00,83.565
2025-12-29 23:00:00+00:00,78.2975
2025-12-30 00:00:00+00:00,74.0825
2025-12-30 01:00:00+00:00,73.1425
2025-12-30 02:00:00+00:00,70.2625
2025-12-30 03:00:00+00:00,69.885
2025-12-30 04:00:00+00:00,73.1925
2025-12-30 05:00:00+00:00,80.73
2025-12-30 06:00:00+00:00,88.065
2025-12-30 07:00:00+00:00,94.8775
2025-12-30 08:00:00+00:00,94.3925
2025-12-30 09:00:00+00:00,85.82
2025-12-30 10:00:00+00:00,79.38
2025-12-30 11:00:00+00:00,76.155
2025-12-30 12:00:00+00:00,73.0425
2025-12-30 13:00:00+00:00,73.025
2025-12-30 14:00:00+00:00,75.85
2025-12-30 15:00:00+00:00,87.15
2025-12-30 16:00:00+00:00,99.595
2025-12-30 17:00:00+00:00,104.8975
2025-12-30 18:00:00+00:00,105.765
2025-12-30 19:00:00+00:00,98.355
2025-12-30 20:00:00+00:00,91.0175
2025-12-30 21:00:00+00:00,83.39
2025-12-30 22:00:00+00:00,85.8075
2025-12-30 23:00:00+00:00,88.16
2025-12-31 00:00:00+00:00,84.4175
2025-12-31 01:00:00+00:00,80.2175
2025-12-31 02:00:00+00:00,76.58
2025-12-31 03:00:00+00:00,74.9325
2025-12-31 04:00:00+00:00,77.3775
2025-12-31 05:00:00+00:00,81.9325
2025-12-31 06:00:00+00:00,86.715
2025-12-31 07:00:00+00:00,96.8175
2025-12-31 08:00:00+00:00,97.8525
2025-12-31 09:00:00+00:00,90.19
2025-12-31 10:00:00+00:00,83.48
2025-12-31 11:00:00+00:00,83.0475
2025-12-31 12:00:00+00:00,85.17
2025-12-31 13:00:00+00:00,87.595
2025-12-31 14:00:00+00:00,94.415
2025-12-31 15:00:00+00:00,104.21
2025-12-31 16:00:00+00:00,112.02
2025-12-31 17:00:00+00:00,109.885
2025-12-31 18:00:00+00:00,99.1525
2025-12-31 19:00:00+00:00,92.0
2025-12-31 20:00:00+00:00,84.9975
2025-12-31 21:00:00+00:00,76.92
2025-12-31 22:00:00+00:00,80.345
2025-12-31 23:00:00+00:00,57.38
2026-01-01 00:00:00+00:00,68.8925
2026-01-01 01:00:00+00:00,60.4
2026-01-01 02:00:00+00:00,43.9375
2026-01-01 03:00:00+00:00,29.0775
2026-01-01 04:00:00+00:00,23.9975
2026-01-01 05:00:00+00:00,20.68
2026-01-01 06:00:00+00:00,32.76
2026-01-01 07:00:00+00:00,24.635
2026-01-01 08:00:00+00:00,32.1975
2026-01-01 09:00:00+00:00,26.765
2026-01-01 10:00:00+00:00,25.5375
2026-01-01 11:00:00+00:00,28.495
2026-01-01 12:00:00+00:00,27.4
2026-01-01 13:00:00+00:00,38.8125
2026-01-01 14:00:00+00:00,47.53
2026-01-01 15:00:00+00:00,68.78999999999999
2026-01-01 16:00:00+00:00,75.9875
2026-01-01 17:00:00+00:00,82.3275
2026-01-01 18:00:00+00:00,82.16
2026-01-01 19:00:00+00:00,71.1575
2026-01-01 20:00:00+00:00,64.89
2026-01-01 21:00:00+00:00,66.03
2026-01-01 22:00:00+00:00,52.3025
2026-01-01 23:00:00+00:00,26.885
2026-01-02 00:00:00+00:00,25.6825
2026-01-02 01:00:00+00:00,22.9
2026-01-02 02:00:00+00:00,17.3075
2026-01-02 03:00:00+00:00,17.51
2026-01-02 04:00:00+00:00,18.37
2026-01-02 05:00:00+00:00,31.055
2026-01-02 06:00:00+00:00,67.515
2026-01-02 07:00:00+00:00,83.085
2026-01-02 08:00:00+00:00,89.4975
2026-01-02 09:00:00+00:00,88.64
2026-01-02 10:00:00+00:00,84.635
2026-01-02 11:00:00+00:00,80.1625
2026-01-02 12:00:00+00:00,70.65
2026-01-02 13:00:00+00:00,74.46
2026-01-02 14:00:00+00:00,83.08
2026-01-02 15:00:00+00:00,89.81
2026-01-02 16:00:00+00:00,99.83
2026-01-02 17:00:00+00:00,103.6025
2026-01-02 18:00:00+00:00,103.16
2026-01-02 19:00:00+00:00,93.9825
2026-01-02 20:00:00+00:00,87.22749999999999
2026-01-02 21:00:00+00:00,85.54
2026-01-02 22:00:00+00:00,85.0075
2026-01-02 23:00:00+00:00,80.3675
2026-01-03 00:00:00+00:00,78.685
2026-01-03 01:00:00+00:00,76.8625
2026-01-03 02:00:00+00:00,75.8775
2026-01-03 03:00:00+00:00,73.94
2026-01-03 04:00:00+00:00,75.2675
2026-01-03 05:00:00+00:00,76.57249999999999
2026-01-03 06:00:00+00:00,79.765
2026-01-03 07:00:00+00:00,90.69
2026-01-03 08:00:00+00:00,94.09
2026-01-03 09:00:00+00:00,93.31
2026-01-03 10:00:00+00:00,88.7075
2026-01-03 11:00:00+00:00,87.4125
2026-01-03 12:00:00+00:00,86.60499999999999
2026-01-03 13:00:00+00:00,89.8275
2026-01-03 14:00:00+00:00,95.085
2026-01-03 15:00:00+00:00,100.21
2026-01-03 16:00:00+00:00,109.7675
2026-01-03 17:00:00+00:00,110.9075
2026-01-03 18:00:00+00:00,105.005
2026-01-03 19:00:00+00:00,98.0275
2026-01-03 20:00:00+00:00,91.7275
2026-01-03 21:00:00+00:00,91.1525
2026-01-03 22:00:00+00:00,86.0375
2026-01-03 23:00:00+00:00,88.8225
2026-01-04 00:00:00+00:00,85.33
2026-01-04 01:00:00+00:00,85.0425
2026-01-04 02:00:00+00:00,83.77000000000001
2026-01-04 03:00:00+00:00,82.5575
2026-01-04 04:00:00+00:00,83.4075
2026-01-04 05:00:00+00:00,83.825
2026-01-04 06:00:00+00:00,86.555
2026-01-04 07:00:00+00:00,88.1775
2026-01-04 08:00:00+00:00,94.3
2026-01-04 09:00:00+00:00,94.755
2026-01-04 10:00:00+00:00,90.8775
2026-01-04 11:00:00+00:00,89.5425
2026-01-04 12:00:00+00:00,86.7775
2026-01-04 13:00:00+00:00,87.1375
2026-01-04 14:00:00+00:00,91.5725
2026-01-04 15:00:00+00:00,98.1325
2026-01-04 16:00:00+00:00,118.425
2026-01-04 17:00:00+00:00,121.18
2026-01-04 18:00:00+00:00,119.715
2026-01-04 19:00:00+00:00,112.45
2026-01-04 20:00:00+00:00,99.72
2026-01-04 21:00:00+00:00,96.04
2026-01-04 22:00:00+00:00,89.21000000000001
2026-01-04 23:00:00+00:00,92.46
2026-01-05 00:00:00+00:00,88.8475
2026-01-05 01:00:00+00:00,86.5075
2026-01-05 02:00:00+00:00,86.3125
2026-01-05 03:00:00+00:00,87.495
2026-01-05 04:00:00+00:00,90.8575
2026-01-05 05:00:00+00:00,109.0225
2026-01-05 06:00:00+00:00,129.3125
2026-01-05 07:00:00+00:00,151.175
2026-01-05 08:00:00+00:00,152.15
2026-01-05 09:00:00+00:00,136.2
2026-01-05 10:00:00+00:00,126.215
2026-01-05 11:00:00+00:00,120.08
2026-01-05 12:00:00+00:00,113.925
2026-01-05 13:00:00+00:00,117.0825
2026-01-05 14:00:00+00:00,126.3
2026-01-05 15:00:00+00:00,146.4
2026-01-05 16:00:00+00:00,209.0
2026-01-05 17:00:00+00:00,213.585
2026-01-05 18:00:00+00:00,182.8
2026-01-05 19:00:00+00:00,147.0325
2026-01-05 20:00:00+00:00,129.1025
2026-01-05 21:00:00+00:00,123.85
2026-01-05 22:00:00+00:00,111.3
2026-01-05 23:00:00+00:00,104.695
2026-01-06 00:00:00+00:00,104.6
2026-01-06 01:00:00+00:00,101.545
2026-01-06 02:00:00+00:00,100.0875
2026-01-06 03:00:00+00:00,102.4525
2026-01-06 04:00:00+00:00,107.0
2026-01-06 05:00:00+00:00,121.2875
2026-01-06 06:00:00+00:00,138.4975
2026-01-06 07:00:00+00:00,164.185
2026-01-06 08:00:00+00:00,168.82
2026-01-06 09:00:00+00:00,154.8425
2026-01-06 10:00:00+00:00,147.265
2026-01-06 11:00:00+00:00,134.0575
2026-01-06 12:00:00+00:00,127.2725
2026-01-06 13:00:00+00:00,126.84
2026-01-06 14:00:00+00:00,128.325
2026-01-06 15:00:00+00:00,145.025
2026-01-06 16:00:00+00:00,152.9925
2026-01-06 17:00:00+00:00,148.26749999999998
2026-01-06 18:00:00+00:00,139.1175
2026-01-06 19:00:00+00:00,121.6425
2026-01-06 20:00:00+00:00,112.55
2026-01-06 21:00:00+00:00,107.915
2026-01-06 22:00:00+00:00,98.3225
2026-01-06 23:00:00+00:00,95.585
2026-01-07 00:00:00+00:00,90.3425
2026-01-07 01:00:00+00:00,86.5175
2026-01-07 02:00:00+00:00,82.375
2026-01-07 03:00:00+00:00,81.96
2026-01-07 04:00:00+00:00,87.8275
2026-01-07 05:00:00+00:00,95.9125
2026-01-07 06:00:00+00:00,110.4925
2026-01-07 07:00:00+00:00,117.005
2026-01-07 08:00:00+00:00,117.865
2026-01-07 09:00:00+00:00,112.085
2026-01-07 10:00:00+00:00,104.795
2026-01-07 11:00:00+00:00,102.2325
2026-01-07 12:00:00+00:00,101.215
2026-01-07 13:00:00+00:00,102.7625
2026-01-07 14:00:00+00:00,110.6225
2026-01-07 15:00:00+00:00,118.59
2026-01-07 16:00:00+00:00,131.265
2026-01-07 17:00:00+00:00,134.94
2026-01-07 18:00:00+00:00,132.055
2026-01-07 19:00:00+00:00,119.845
2026-01-07 20:00:00+00:00,103.9775
2026-01-07 21:00:00+00:00,98.52
2026-01-07 22:00:00+00:00,90.325
2026-01-07 23:00:00+00:00,84.785
2026-01-08 00:00:00+00:00,83.5775
2026-01-08 01:00:00+00:00,84.52250000000001
2026-01-08 02:00:00+00:00,82.4725
2026-01-08 03:00:00+00:00,85.29
2026-01-08 04:00:00+00:00,87.3825
2026-01-08 05:00:00+00:00,100.2775
2026-01-08 06:00:00+00:00,126.7
2026-01-08 07:00:00+00:00,171.64249999999998
2026-01-08 08:00:00+00:00,189.0025
2026-01-08 09:00:00+00:00,176.41
2026-01-08 10:00:00+00:00,153.07
2026-01-08 11:00:00+00:00,130.0
2026-01-08 12:00:00+00:00,122.3125
2026-01-08 13:00:00+00:00,106.5475
2026-01-08 14:00:00+00:00,94.98
2026-01-08 15:00:00+00:00,92.14
2026-01-08 16:00:00+00:00,91.2175
2026-01-08 17:00:00+00:00,97.87
2026-01-08 18:00:00+00:00,98.7375
2026-01-08 19:00:00+00:00,93.6325
2026-01-08 20:00:00+00:00,86.765
2026-01-08 21:00:00+00:00,80.29
2026-01-08 22:00:00+00:00,73.55
2026-01-08 23:00:00+00:00,62.265
2026-01-09 00:00:00+00:00,44.365
2026-01-09 01:00:00+00:00,38.2475
2026-01-09 02:00:00+00:00,25.0425
2026-01-09 03:00:00+00:00,20.0
2026-01-09 04:00:00+00:00,37.9825
2026-01-09 05:00:00+00:00,64.895
2026-01-09 06:00:00+00:00,84.3025
2026-01-09 07:00:00+00:00,89.7625
2026-01-09 08:00:00+00:00,89.1475
2026-01-09 09:00:00+00:00,86.8975
2026-01-09 10:00:00+00:00,78.0075
2026-01-09 11:00:00+00:00,83.75
2026-01-09 12:00:00+00:00,74.14500000000001
2026-01-09 13:00:00+00:00,57.755
2026-01-09 14:00:00+00:00,75.5875
2026-01-09 15:00:00+00:00,70.5375
2026-01-09 16:00:00+00:00,93.21
2026-01-09 17:00:00+00:00,95.0125
2026-01-09 18:00:00+00:00,91.7075
2026-01-09 19:00:00+00:00,87.6
2026-01-09 20:00:00+00:00,84.255
2026-01-09 21:00:00+00:00,79.12
2026-01-09 22:00:00+00:00,77.2175
2026-01-09 23:00:00+00:00,75.16499999999999
2026-01-10 00:00:00+00:00,70.1175
2026-01-10 01:00:00+00:00,65.22
2026-01-10 02:00:00+00:00,59.905
2026-01-10 03:00:00+00:00,55.0
2026-01-10 04:00:00+00:00,54.2725
2026-01-10 05:00:00+00:00,62.8875
2026-01-10 06:00:00+00:00,70.295
2026-01-10 07:00:00+00:00,80.465
2026-01-10 08:00:00+00:00,83.315
2026-01-10 09:00:00+00:00,70.9025
2026-01-10 10:00:00+00:00,65.86
2026-01-10 11:00:00+00:00,72.65
2026-01-10 12:00:00+00:00,65.295
2026-01-10 13:00:00+00:00,67.2025
2026-01-10 14:00:00+00:00,73.6125
2026-01-10 15:00:00+00:00,84.52
2026-01-10 16:00:00+00:00,96.135
2026-01-10 17:00:00+00:00,118.54
2026-01-10 18:00:00+00:00,126.2625
2026-01-10 19:00:00+00:00,112.255
2026-01-10 20:00:00+00:00,101.17
2026-01-10 21:00:00+00:00,99.12
2026-01-10 22:00:00+00:00,98.1975
2026-01-10 23:00:00+00:00,96.9025
2026-01-11 00:00:00+00:00,92.7475
2026-01-11 01:00:00+00:00,88.035
2026-01-11 02:00:00+00:00,84.86
2026-01-11 03:00:00+00:00,82.68
2026-01-11 04:00:00+00:00,82.2375
2026-01-11 05:00:00+00:00,81.6025
2026-01-11 06:00:00+00:00,84.25999999999999
2026-01-11 07:00:00+00:00,90.625
2026-01-11 08:00:00+00:00,88.44
2026-01-11 09:00:00+00:00,84.0125
2026-01-11 10:00:00+00:00,84.045
2026-01-11 11:00:00+00:00,91.855
2026-01-11 12:00:00+00:00,80.44
2026-01-11 13:00:00+00:00,75.1425
2026-01-11 14:00:00+00:00,79.89500000000001
2026-01-11 15:00:00+00:00,81.0
2026-01-11 16:00:00+00:00,92.6375
2026-01-11 17:00:00+00:00,103.14
2026-01-11 18:00:00+00:00,102.1375
2026-01-11 19:00:00+00:00,95.7825
2026-01-11 20:00:00+00:00,93.115
2026-01-11 21:00:00+00:00,92.2375
2026-01-11 22:00:00+00:00,80.9725
2026-01-11 23:00:00+00:00,77.49000000000001
2026-01-12 00:00:00+00:00,77.935
2026-01-12 01:00:00+00:00,73.0125
2026-01-12 02:00:00+00:00,63.43
2026-01-12 03:00:00+00:00,60.1275
2026-01-12 04:00:00+00:00,67.8875
2026-01-12 05:00:00+00:00,82.4475
2026-01-12 06:00:00+00:00,97.1375
2026-01-12 07:00:00+00:00,104.6525
2026-01-12 08:00:00+00:00,101.2875
2026-01-12 09:00:00+00:00,89.345
2026-01-12 10:00:00+00:00,80.9825
2026-01-12 11:00:00+00:00,81.055
2026-01-12 12:00:00+00:00,78.4775
2026-01-12 13:00:00+00:00,80.8925
2026-01-12 14:00:00+00:00,76.0275
2026-01-12 15:00:00+00:00,85.62
2026-01-12 16:00:00+00:00,102.8475
2026-01-12 17:00:00+00:00,116.4875
2026-01-12 18:00:00+00:00,115.7
2026-01-12 19:00:00+00:00,98.98
2026-01-12 20:00:00+00:00,87.19
2026-01-12 21:00:00+00:00,90.535
2026-01-12 22:00:00+00:00,86.31
2026-01-12 23:00:00+00:00,83.3575
2026-01-13 00:00:00+00:00,80.035
2026-01-13 01:00:00+00:00,78.4675
2026-01-13 02:00:00+00:00,75.8875
2026-01-13 03:00:00+00:00,74.6575
2026-01-13 04:00:00+00:00,77.045
2026-01-13 05:00:00+00:00,88.4375
2026-01-13 06:00:00+00:00,97.785
2026-01-13 07:00:00+00:00,106.5775
2026-01-13 08:00:00+00:00,105.1775
2026-01-13 09:00:00+00:00,95.0275
2026-01-13 10:00:00+00:00,87.3
2026-01-13 11:00:00+00:00,80.66499999999999
2026-01-13 12:00:00+00:00,76.7625
2026-01-13 13:00:00+00:00,78.545
2026-01-13 14:00:00+00:00,87.67
2026-01-13 15:00:00+00:00,92.29
2026-01-13 16:00:00+00:00,102.755
2026-01-13 17:00:00+00:00,114.19
2026-01-13 18:00:00+00:00,105.7875
2026-01-13 19:00:00+00:00,100.125
2026-01-13 20:00:00+00:00,95.3275
2026-01-13 21:00:00+00:00,89.1
2026-01-13 22:00:00+00:00,84.64500000000001
2026-01-13 23:00:00+00:00,97.575
2026-01-14 00:00:00+00:00,95.07
2026-01-14 01:00:00+00:00,88.7975
2026-01-14 02:00:00+00:00,87.9675
2026-01-14 03:00:00+00:00,89.2775
2026-01-14 04:00:00+00:00,92.1525
2026-01-14 05:00:00+00:00,99.8975
2026-01-14 06:00:00+00:00,114.5175
2026-01-14 07:00:00+00:00,134.44
2026-01-14 08:00:00+00:00,136.3225
2026-01-14 09:00:00+00:00,121.38
2026-01-14 10:00:00+00:00,112.865
2026-01-14 11:00:00+00:00,108.29
2026-01-14 12:00:00+00:00,103.265
2026-01-14 13:00:00+00:00,107.1975
2026-01-14 14:00:00+00:00,111.995
2026-01-14 15:00:00+00:00,126.1425
2026-01-14 16:00:00+00:00,138.045
2026-01-14 17:00:00+00:00,166.0
2026-01-14 18:00:00+00:00,154.74
2026-01-14 19:00:00+00:00,118.5325
2026-01-14 20:00:00+00:00,103.9275
2026-01-14 21:00:00+00:00,96.69
2026-01-14 22:00:00+00:00,90.3275
2026-01-14 23:00:00+00:00,100.3825
2026-01-15 00:00:00+00:00,93.99
2026-01-15 01:00:00+00:00,89.1
2026-01-15 02:00:00+00:00,83.3625
2026-01-15 03:00:00+00:00,80.935
2026-01-15 04:00:00+00:00,86.0
2026-01-15 05:00:00+00:00,98.64
2026-01-15 06:00:00+00:00,112.5525
2026-01-15 07:00:00+00:00,114.695
2026-01-15 08:00:00+00:00,105.475
2026-01-15 09:00:00+00:00,98.585
2026-01-15 10:00:00+00:00,94.8925
2026-01-15 11:00:00+00:00,92.2
2026-01-15 12:00:00+00:00,86.6675
2026-01-15 13:00:00+00:00,89.825
2026-01-15 14:00:00+00:00,94.51
2026-01-15 15:00:00+00:00,105.03
2026-01-15 16:00:00+00:00,113.1425
2026-01-15 17:00:00+00:00,116.6575
2026-01-15 18:00:00+00:00,110.8275
2026-01-15 19:00:00+00:00,102.38
2026-01-15 20:00:00+00:00,95.2075
2026-01-15 21:00:00+00:00,85.2
2026-01-15 22:00:00+00:00,85.61250000000001
2026-01-15 23:00:00+00:00,83.555
2026-01-16 00:00:00+00:00,77.97
2026-01-16 01:00:00+00:00,74.98
2026-01-16 02:00:00+00:00,71.995
2026-01-16 03:00:00+00:00,77.8625
2026-01-16 04:00:00+00:00,91.4
2026-01-16 05:00:00+00:00,102.48
2026-01-16 06:00:00+00:00,121.605
2026-01-16 07:00:00+00:00,129.79500000000002
2026-01-16 08:00:00+00:00,129.0375
2026-01-16 09:00:00+00:00,118.32
2026-01-16 10:00:00+00:00,111.3
2026-01-16 11:00:00+00:00,109.84
2026-01-16 12:00:00+00:00,108.1575
2026-01-16 13:00:00+00:00,116.0725
2026-01-16 14:00:00+00:00,124.3775
2026-01-16 15:00:00+00:00,127.635
2026-01-16 16:00:00+00:00,147.4625
2026-01-16 17:00:00+00:00,156.885
2026-01-16 18:00:00+00:00,152.78750000000002
2026-01-16 19:00:00+00:00,133.02
2026-01-16 20:00:00+00:00,118.06
2026-01-16 21:00:00+00:00,112.53
2026-01-16 22:00:00+00:00,105.1225
2026-01-16 23:00:00+00:00,105.1125
2026-01-17 00:00:00+00:00,101.3975
2026-01-17 01:00:00+00:00,98.48
2026-01-17 02:00:00+00:00,96.18
2026-01-17 03:00:00+00:00,95.1875
2026-01-17 04:00:00+00:00,95.88
2026-01-17 05:00:00+00:00,97.3675
2026-01-17 06:00:00+00:00,101.5975
2026-01-17 07:00:00+00:00,106.6525
2026-01-17 08:00:00+00:00,118.2475
2026-01-17 09:00:00+00:00,118.1625
2026-01-17 10:00:00+00:00,117.99
2026-01-17 11:00:00+00:00,116.6975
2026-01-17 12:00:00+00:00,112.065
2026-01-17 13:00:00+00:00,115.815
2026-01-17 14:00:00+00:00,120.27
2026-01-17 15:00:00+00:00,124.3575
2026-01-17 16:00:00+00:00,135.9775
2026-01-17 17:00:00+00:00,142.84750000000005
2026-01-17 18:00:00+00:00,138.5875
2026-01-17 19:00:00+00:00,121.695
2026-01-17 20:00:00+00:00,108.6625
2026-01-17 21:00:00+00:00,113.33
2026-01-17 22:00:00+00:00,107.0225
2026-01-17 23:00:00+00:00,110.715
2026-01-18 00:00:00+00:00,109.19
2026-01-18 01:00:00+00:00,107.39
2026-01-18 02:00:00+00:00,102.54
2026-01-18 03:00:00+00:00,102.235
2026-01-18 04:00:00+00:00,102.08
2026-01-18 05:00:00+00:00,101.06
2026-01-18 06:00:00+00:00,101.305
2026-01-18 07:00:00+00:00,106.3225
2026-01-18 08:00:00+00:00,107.4625
2026-01-18 09:00:00+00:00,101.91
2026-01-18 10:00:00+00:00,98.8675
2026-01-18 11:00:00+00:00,96.855
2026-01-18 12:00:00+00:00,96.9625
2026-01-18 13:00:00+00:00,100.9975
2026-01-18 14:00:00+00:00,104.8475
2026-01-18 15:00:00+00:00,111.14
2026-01-18 16:00:00+00:00,131.135
2026-01-18 17:00:00+00:00,143.13
2026-01-18 18:00:00+00:00,143.0625
2026-01-18 19:00:00+00:00,127.6725
2026-01-18 20:00:00+00:00,121.7425
2026-01-18 21:00:00+00:00,118.2825
2026-01-18 22:00:00+00:00,103.74
2026-01-18 23:00:00+00:00,101.15
2026-01-19 00:00:00+00:00,100.44
2026-01-19 01:00:00+00:00,100.8325
2026-01-19 02:00:00+00:00,100.4375
2026-01-19 03:00:00+00:00,100.135
2026-01-19 04:00:00+00:00,102.935
2026-01-19 05:00:00+00:00,126.9675
2026-01-19 06:00:00+00:00,158.7025
2026-01-19 07:00:00+00:00,174.19
2026-01-19 08:00:00+00:00,161.9375
2026-01-19 09:00:00+00:00,136.27
2026-01-19 10:00:00+00:00,121.905
2026-01-19 11:00:00+00:00,119.265
2026-01-19 12:00:00+00:00,125.0025
2026-01-19 13:00:00+00:00,140.47
2026-01-19 14:00:00+00:00,143.87
2026-01-19 15:00:00+00:00,147.9075
2026-01-19 16:00:00+00:00,162.0475
2026-01-19 17:00:00+00:00,193.97
2026-01-19 18:00:00+00:00,181.57
2026-01-19 19:00:00+00:00,149.615
2026-01-19 20:00:00+00:00,135.3425
2026-01-19 21:00:00+00:00,126.5825
2026-01-19 22:00:00+00:00,112.62
2026-01-19 23:00:00+00:00,103.8
2026-01-20 00:00:00+00:00,98.1275
2026-01-20 01:00:00+00:00,90.3125
2026-01-20 02:00:00+00:00,86.27
2026-01-20 03:00:00+00:00,83.8275
2026-01-20 04:00:00+00:00,87.52
2026-01-20 05:00:00+00:00,96.935
2026-01-20 06:00:00+00:00,109.99
2026-01-20 07:00:00+00:00,123.855
2026-01-20 08:00:00+00:00,121.4575
2026-01-20 09:00:00+00:00,115.0775
2026-01-20 10:00:00+00:00,95.9975
2026-01-20 11:00:00+00:00,93.905
2026-01-20 12:00:00+00:00,86.145
2026-01-20 13:00:00+00:00,86.045
2026-01-20 14:00:00+00:00,86.985
2026-01-20 15:00:00+00:00,92.1225
2026-01-20 16:00:00+00:00,108.99
2026-01-20 17:00:00+00:00,125.1
2026-01-20 18:00:00+00:00,127.2525
2026-01-20 19:00:00+00:00,110.9025
2026-01-20 20:00:00+00:00,103.105
2026-01-20 21:00:00+00:00,105.12
2026-01-20 22:00:00+00:00,97.24
2026-01-20 23:00:00+00:00,87.25999999999999
2026-01-21 00:00:00+00:00,79.595
2026-01-21 01:00:00+00:00,73.6625
2026-01-21 02:00:00+00:00,65.8675
2026-01-21 03:00:00+00:00,64.625
2026-01-21 04:00:00+00:00,69.64750000000001
2026-01-21 05:00:00+00:00,87.3725
2026-01-21 06:00:00+00:00,105.8825
2026-01-21 07:00:00+00:00,111.9175
2026-01-21 08:00:00+00:00,120.655
2026-01-21 09:00:00+00:00,95.47
2026-01-21 10:00:00+00:00,80.885
2026-01-21 11:00:00+00:00,73.2125
2026-01-21 12:00:00+00:00,69.5175
2026-01-21 13:00:00+00:00,74.8775
2026-01-21 14:00:00+00:00,80.765
2026-01-21 15:00:00+00:00,81.0
2026-01-21 16:00:00+00:00,90.2
2026-01-21 17:00:00+00:00,112.475
2026-01-21 18:00:00+00:00,112.595
2026-01-21 19:00:00+00:00,100.83
2026-01-21 20:00:00+00:00,95.3225
2026-01-21 21:00:00+00:00,93.1225
2026-01-21 22:00:00+00:00,79.0225
2026-01-21 23:00:00+00:00,41.057500000000005
2026-01-22 00:00:00+00:00,43.7525
2026-01-22 01:00:00+00:00,45.0
2026-01-22 02:00:00+00:00,34.3675
2026-01-22 03:00:00+00:00,30.637500000000003
2026-01-22 04:00:00+00:00,43.43
2026-01-22 05:00:00+00:00,79.6825
2026-01-22 06:00:00+00:00,113.08
2026-01-22 07:00:00+00:00,108.3975
2026-01-22 08:00:00+00:00,109.81
2026-01-22 09:00:00+00:00,108.8
2026-01-22 10:00:00+00:00,105.56
2026-01-22 11:00:00+00:00,98.8625
2026-01-22 12:00:00+00:00,88.80250000000001
2026-01-22 13:00:00+00:00,87.8175
2026-01-22 14:00:00+00:00,95.2875
2026-01-22 15:00:00+00:00,99.8025
2026-01-22 16:00:00+00:00,113.4875
2026-01-22 17:00:00+00:00,126.125
2026-01-22 18:00:00+00:00,127.855
2026-01-22 19:00:00+00:00,115.265
2026-01-22 20:00:00+00:00,106.7425
2026-01-22 21:00:00+00:00,104.865
2026-01-22 22:00:00+00:00,98.3
2026-01-22 23:00:00+00:00,91.9325
2026-01-23 00:00:00+00:00,97.5425
2026-01-23 01:00:00+00:00,91.8025
2026-01-23 02:00:00+00:00,69.1
2026-01-23 03:00:00+00:00,61.27
2026-01-23 04:00:00+00:00,86.11
2026-01-23 05:00:00+00:00,101.095
2026-01-23 06:00:00+00:00,112.5575
2026-01-23 07:00:00+00:00,120.1875
2026-01-23 08:00:00+00:00,126.3925
2026-01-23 09:00:00+00:00,115.3775
2026-01-23 10:00:00+00:00,105.41
2026-01-23 11:00:00+00:00,106.8125
2026-01-23 12:00:00+00:00,94.6275
2026-01-23 13:00:00+00:00,97.1975
2026-01-23 14:00:00+00:00,103.2675
2026-01-23 15:00:00+00:00,105.87
2026-01-23 16:00:00+00:00,122.7375
2026-01-23 17:00:00+00:00,125.4
2026-01-23 18:00:00+00:00,119.0075
2026-01-23 19:00:00+00:00,109.3275
2026-01-23 20:00:00+00:00,102.185
2026-01-23 21:00:00+00:00,104.7775
2026-01-23 22:00:00+00:00,96.2925
2026-01-23 23:00:00+00:00,98.555
2026-01-24 00:00:00+00:00,97.025
2026-01-24 01:00:00+00:00,89.70750000000001
2026-01-24 02:00:00+00:00,94.385
2026-01-24 03:00:00+00:00,92.0325
2026-01-24 04:00:00+00:00,92.045
2026-01-24 05:00:00+00:00,90.3825
2026-01-24 06:00:00+00:00,99.3725
2026-01-24 07:00:00+00:00,110.9975
2026-01-24 08:00:00+00:00,118.065
2026-01-24 09:00:00+00:00,117.9625
2026-01-24 10:00:00+00:00,108.0025
2026-01-24 11:00:00+00:00,105.565
2026-01-24 12:00:00+00:00,95.0925
2026-01-24 13:00:00+00:00,90.3425
2026-01-24 14:00:00+00:00,101.05
2026-01-24 15:00:00+00:00,100.8775
2026-01-24 16:00:00+00:00,111.53
2026-01-24 17:00:00+00:00,127.21
2026-01-24 18:00:00+00:00,130.9375
2026-01-24 19:00:00+00:00,115.585
2026-01-24 20:00:00+00:00,107.4
2026-01-24 21:00:00+00:00,107.79
2026-01-24 22:00:00+00:00,101.46
2026-01-24 23:00:00+00:00,94.405
2026-01-25 00:00:00+00:00,97.8075
2026-01-25 01:00:00+00:00,88.2175
2026-01-25 02:00:00+00:00,75.565
2026-01-25 03:00:00+00:00,78.0175
2026-01-25 04:00:00+00:00,67.38499999999999
2026-01-25 05:00:00+00:00,77.8
2026-01-25 06:00:00+00:00,90.24
2026-01-25 07:00:00+00:00,92.4875
2026-01-25 08:00:00+00:00,91.2475
2026-01-25 09:00:00+00:00,97.4375
2026-01-25 10:00:00+00:00,103.515
2026-01-25 11:00:00+00:00,113.2525
2026-01-25 12:00:00+00:00,98.0125
2026-01-25 13:00:00+00:00,91.8775
2026-01-25 14:00:00+00:00,106.9625
2026-01-25 15:00:00+00:00,108.79
2026-01-25 16:00:00+00:00,107.5725
2026-01-25 17:00:00+00:00,130.3
2026-01-25 18:00:00+00:00,132.575
2026-01-25 19:00:00+00:00,122.7975
2026-01-25 20:00:00+00:00,114.0225
2026-01-25 21:00:00+00:00,111.9425
2026-01-25 22:00:00+00:00,104.49
2026-01-25 23:00:00+00:00,103.925
2026-01-26 00:00:00+00:00,101.9275
2026-01-26 01:00:00+00:00,99.03
2026-01-26 02:00:00+00:00,93.0375
2026-01-26 03:00:00+00:00,92.63
2026-01-26 04:00:00+00:00,98.3025
2026-01-26 05:00:00+00:00,114.2775
2026-01-26 06:00:00+00:00,138.2575
2026-01-26 07:00:00+00:00,165.2575
2026-01-26 08:00:00+00:00,156.54
2026-01-26 09:00:00+00:00,140.9375
2026-01-26 10:00:00+00:00,120.06
2026-01-26 11:00:00+00:00,120.42
2026-01-26 12:00:00+00:00,106.1675
2026-01-26 13:00:00+00:00,102.895
2026-01-26 14:00:00+00:00,104.535
2026-01-26 15:00:00+00:00,101.9175
2026-01-26 16:00:00+00:00,112.61
2026-01-26 17:00:00+00:00,153.595
2026-01-26 18:00:00+00:00,140.3025
2026-01-26 19:00:00+00:00,113.0075
2026-01-26 20:00:00+00:00,108.02
2026-01-26 21:00:00+00:00,108.6025
2026-01-26 22:00:00+00:00,102.045
2026-01-26 23:00:00+00:00,89.2
2026-01-27 00:00:00+00:00,79.8725
2026-01-27 01:00:00+00:00,54.0875
2026-01-27 02:00:00+00:00,17.4675
2026-01-27 03:00:00+00:00,9.5775
2026-01-27 04:00:00+00:00,22.9225
2026-01-27 05:00:00+00:00,68.4425
2026-01-27 06:00:00+00:00,97.9625
2026-01-27 07:00:00+00:00,113.7125
2026-01-27 08:00:00+00:00,107.7375
2026-01-27 09:00:00+00:00,106.575
2026-01-27 10:00:00+00:00,102.6425
2026-01-27 11:00:00+00:00,113.81
2026-01-27 12:00:00+00:00,105.4325
2026-01-27 13:00:00+00:00,107.32
2026-01-27 14:00:00+00:00,111.3125
2026-01-27 15:00:00+00:00,110.79
2026-01-27 16:00:00+00:00,118.17
2026-01-27 17:00:00+00:00,139.255
2026-01-27 18:00:00+00:00,137.2675
2026-01-27 19:00:00+00:00,121.5825
2026-01-27 20:00:00+00:00,111.61
2026-01-27 21:00:00+00:00,117.72
2026-01-27 22:00:00+00:00,107.645
2026-01-27 23:00:00+00:00,102.9975
2026-01-28 00:00:00+00:00,103.9575
2026-01-28 01:00:00+00:00,102.4725
2026-01-28 02:00:00+00:00,93.3
2026-01-28 03:00:00+00:00,94.0025
2026-01-28 04:00:00+00:00,98.4475
2026-01-28 05:00:00+00:00,117.6325
2026-01-28 06:00:00+00:00,139.17
2026-01-28 07:00:00+00:00,167.0025
2026-01-28 08:00:00+00:00,171.1575
2026-01-28 09:00:00+00:00,158.9875
2026-01-28 10:00:00+00:00,132.005
2026-01-28 11:00:00+00:00,129.2025
2026-01-28 12:00:00+00:00,119.95
2026-01-28 13:00:00+00:00,112.9225
2026-01-28 14:00:00+00:00,115.3
2026-01-28 15:00:00+00:00,124.9025
2026-01-28 16:00:00+00:00,143.16500000000002
2026-01-28 17:00:00+00:00,170.425
2026-01-28 18:00:00+00:00,161.225
2026-01-28 19:00:00+00:00,132.63
2026-01-28 20:00:00+00:00,116.8075
2026-01-28 21:00:00+00:00,113.13
2026-01-28 22:00:00+00:00,111.2425
2026-01-28 23:00:00+00:00,106.3
2026-01-29 00:00:00+00:00,104.185
2026-01-29 01:00:00+00:00,102.36
2026-01-29 02:00:00+00:00,94.67
2026-01-29 03:00:00+00:00,92.4875
2026-01-29 04:00:00+00:00,101.0525
2026-01-29 05:00:00+00:00,113.545
2026-01-29 06:00:00+00:00,131.815
2026-01-29 07:00:00+00:00,156.15
2026-01-29 08:00:00+00:00,159.8875
2026-01-29 09:00:00+00:00,139.285
2026-01-29 10:00:00+00:00,122.7675
2026-01-29 11:00:00+00:00,118.005
2026-01-29 12:00:00+00:00,111.99
2026-01-29 13:00:00+00:00,110.5975
2026-01-29 14:00:00+00:00,111.1975
2026-01-29 15:00:00+00:00,116.555
2026-01-29 16:00:00+00:00,127.41
2026-01-29 17:00:00+00:00,139.09
2026-01-29 18:00:00+00:00,129.3025
2026-01-29 19:00:00+00:00,111.8225
2026-01-29 20:00:00+00:00,104.985
2026-01-29 21:00:00+00:00,108.6025
2026-01-29 22:00:00+00:00,99.495
2026-01-29 23:00:00+00:00,111.065
2026-01-30 00:00:00+00:00,103.3125
2026-01-30 01:00:00+00:00,97.945
2026-01-30 02:00:00+00:00,91.28
2026-01-30 03:00:00+00:00,87.0575
2026-01-30 04:00:00+00:00,90.5825
2026-01-30 05:00:00+00:00,101.09
2026-01-30 06:00:00+00:00,116.8725
2026-01-30 07:00:00+00:00,124.0975
2026-01-30 08:00:00+00:00,121.6225
2026-01-30 09:00:00+00:00,115.1975
2026-01-30 10:00:00+00:00,107.32
2026-01-30 11:00:00+00:00,103.3025
2026-01-30 12:00:00+00:00,90.73
2026-01-30 13:00:00+00:00,84.435
2026-01-30 14:00:00+00:00,96.9925
2026-01-30 15:00:00+00:00,99.98
2026-01-30 16:00:00+00:00,108.4
2026-01-30 17:00:00+00:00,120.96
2026-01-30 18:00:00+00:00,113.0875
2026-01-30 19:00:00+00:00,108.5975
2026-01-30 20:00:00+00:00,101.6825
2026-01-30 21:00:00+00:00,103.7675
2026-01-30 22:00:00+00:00,97.505
2026-01-30 23:00:00+00:00,97.445
2026-01-31 00:00:00+00:00,97.71
2026-01-31 01:00:00+00:00,97.64
2026-01-31 02:00:00+00:00,96.2475
2026-01-31 03:00:00+00:00,94.245
2026-01-31 04:00:00+00:00,98.895
2026-01-31 05:00:00+00:00,100.1975
2026-01-31 06:00:00+00:00,106.895
2026-01-31 07:00:00+00:00,107.6425
2026-01-31 08:00:00+00:00,116.5175
2026-01-31 09:00:00+00:00,116.1875
2026-01-31 10:00:00+00:00,114.76
2026-01-31 11:00:00+00:00,112.61
2026-01-31 12:00:00+00:00,108.595
2026-01-31 13:00:00+00:00,111.3075
2026-01-31 14:00:00+00:00,114.5375
2026-01-31 15:00:00+00:00,117.05
2026-01-31 16:00:00+00:00,127.43
2026-01-31 17:00:00+00:00,141.2875
2026-01-31 18:00:00+00:00,136.125
2026-01-31 19:00:00+00:00,125.7375
2026-01-31 20:00:00+00:00,115.8275
2026-01-31 21:00:00+00:00,115.44
2026-01-31 22:00:00+00:00,108.345
2026-01-31 23:00:00+00:00,108.6475
2026-02-01 00:00:00+00:00,108.3325
2026-02-01 01:00:00+00:00,100.9075
2026-02-01 02:00:00+00:00,96.6
2026-02-01 03:00:00+00:00,98.3125
2026-02-01 04:00:00+00:00,98.2225
2026-02-01 05:00:00+00:00,96.3125
2026-02-01 06:00:00+00:00,100.6475
2026-02-01 07:00:00+00:00,106.2925
2026-02-01 08:00:00+00:00,110.1875
2026-02-01 09:00:00+00:00,110.6125
2026-02-01 10:00:00+00:00,108.715
2026-02-01 11:00:00+00:00,107.5125
2026-02-01 12:00:00+00:00,99.0975
2026-02-01 13:00:00+00:00,100.015
2026-02-01 14:00:00+00:00,108.9675
2026-02-01 15:00:00+00:00,114.21
2026-02-01 16:00:00+00:00,124.59
2026-02-01 17:00:00+00:00,139.0675
2026-02-01 18:00:00+00:00,138.7975
2026-02-01 19:00:00+00:00,129.7525
2026-02-01 20:00:00+00:00,113.805
2026-02-01 21:00:00+00:00,113.92
2026-02-01 22:00:00+00:00,107.6175
2026-02-01 23:00:00+00:00,100.29
2026-02-02 00:00:00+00:00,98.4225
2026-02-02 01:00:00+00:00,95.71
2026-02-02 02:00:00+00:00,92.1
2026-02-02 03:00:00+00:00,93.0
2026-02-02 04:00:00+00:00,96.2875
2026-02-02 05:00:00+00:00,108.9775
2026-02-02 06:00:00+00:00,127.4975
2026-02-02 07:00:00+00:00,138.3625
2026-02-02 08:00:00+00:00,140.175
2026-02-02 09:00:00+00:00,125.495
2026-02-02 10:00:00+00:00,118.17
2026-02-02 11:00:00+00:00,113.9225
2026-02-02 12:00:00+00:00,108.0
2026-02-02 13:00:00+00:00,106.05
2026-02-02 14:00:00+00:00,107.8625
2026-02-02 15:00:00+00:00,108.5075
2026-02-02 16:00:00+00:00,110.5425
2026-02-02 17:00:00+00:00,123.78
2026-02-02 18:00:00+00:00,120.88
2026-02-02 19:00:00+00:00,108.8
2026-02-02 20:00:00+00:00,99.8
2026-02-02 21:00:00+00:00,102.7775
2026-02-02 22:00:00+00:00,92.7975
2026-02-02 23:00:00+00:00,72.25
2026-02-03 00:00:00+00:00,69.34
2026-02-03 01:00:00+00:00,60.1
2026-02-03 02:00:00+00:00,32.345
2026-02-03 03:00:00+00:00,36.7375
2026-02-03 04:00:00+00:00,55.432500000000005
2026-02-03 05:00:00+00:00,85.9175
2026-02-03 06:00:00+00:00,103.6475
2026-02-03 07:00:00+00:00,108.7975
2026-02-03 08:00:00+00:00,111.6025
2026-02-03 09:00:00+00:00,103.03
2026-02-03 10:00:00+00:00,94.99
2026-02-03 11:00:00+00:00,70.2875
2026-02-03 12:00:00+00:00,74.3775
2026-02-03 13:00:00+00:00,78.3725
2026-02-03 14:00:00+00:00,79.3775
2026-02-03 15:00:00+00:00,94.8925
2026-02-03 16:00:00+00:00,100.4625
2026-02-03 17:00:00+00:00,122.8925
2026-02-03 18:00:00+00:00,125.985
2026-02-03 19:00:00+00:00,115.4525
2026-02-03 20:00:00+00:00,95.965
2026-02-03 21:00:00+00:00,98.8225
2026-02-03 22:00:00+00:00,95.52
2026-02-03 23:00:00+00:00,82.255
2026-02-04 00:00:00+00:00,83.855
2026-02-04 01:00:00+00:00,84.9
2026-02-04 02:00:00+00:00,68.2225
2026-02-04 03:00:00+00:00,70.43
2026-02-04 04:00:00+00:00,77.89500000000001
2026-02-04 05:00:00+00:00,92.3425
2026-02-04 06:00:00+00:00,100.72
2026-02-04 07:00:00+00:00,127.0575
2026-02-04 08:00:00+00:00,115.0025
2026-02-04 09:00:00+00:00,93.34
2026-02-04 10:00:00+00:00,93.24
2026-02-04 11:00:00+00:00,88.83
2026-02-04 12:00:00+00:00,69.0675
2026-02-04 13:00:00+00:00,66.8675
2026-02-04 14:00:00+00:00,80.8925
2026-02-04 15:00:00+00:00,90.2975
2026-02-04 16:00:00+00:00,94.3075
2026-02-04 17:00:00+00:00,110.6125
2026-02-04 18:00:00+00:00,103.905
2026-02-04 19:00:00+00:00,88.7975
2026-02-04 20:00:00+00:00,82.7
2026-02-04 21:00:00+00:00,87.55
2026-02-04 22:00:00+00:00,74.6025
2026-02-04 23:00:00+00:00,58.7725
2026-02-05 00:00:00+00:00,59.2175
2026-02-05 01:00:00+00:00,49.9975
2026-02-05 02:00:00+00:00,16.185
2026-02-05 03:00:00+00:00,10.4
2026-02-05 04:00:00+00:00,40.755
2026-02-05 05:00:00+00:00,72.53999999999999
2026-02-05 06:00:00+00:00,90.0025
2026-02-05 07:00:00+00:00,95.87
2026-02-05 08:00:00+00:00,93.0125
2026-02-05 09:00:00+00:00,85.7125
2026-02-05 10:00:00+00:00,81.955
2026-02-05 11:00:00+00:00,85.0025
2026-02-05 12:00:00+00:00,74.35
2026-02-05 13:00:00+00:00,78.825
2026-02-05 14:00:00+00:00,72.565
2026-02-05 15:00:00+00:00,68.3025
2026-02-05 16:00:00+00:00,80.4225
2026-02-05 17:00:00+00:00,101.2475
2026-02-05 18:00:00+00:00,94.42
2026-02-05 19:00:00+00:00,74.045
2026-02-05 20:00:00+00:00,64.64750000000001
2026-02-05 21:00:00+00:00,76.46000000000001
2026-02-05 22:00:00+00:00,61.2775
2026-02-05 23:00:00+00:00,77.1225
2026-02-06 00:00:00+00:00,66.7825
2026-02-06 01:00:00+00:00,45.355
2026-02-06 02:00:00+00:00,25.125
2026-02-06 03:00:00+00:00,13.555
2026-02-06 04:00:00+00:00,42.67
2026-02-06 05:00:00+00:00,66.57
2026-02-06 06:00:00+00:00,101.2225
2026-02-06 07:00:00+00:00,110.005
2026-02-06 08:00:00+00:00,96.9975
2026-02-06 09:00:00+00:00,81.9975
2026-02-06 10:00:00+00:00,60.2025
2026-02-06 11:00:00+00:00,54.98
2026-02-06 12:00:00+00:00,34.725
2026-02-06 13:00:00+00:00,31.695
2026-02-06 14:00:00+00:00,41.370000000000005
2026-02-06 15:00:00+00:00,52.5675
2026-02-06 16:00:00+00:00,90.825
2026-02-06 17:00:00+00:00,110.8
2026-02-06 18:00:00+00:00,113.3775
2026-02-06 19:00:00+00:00,91.0
2026-02-06 20:00:00+00:00,81.06
2026-02-06 21:00:00+00:00,86.13
2026-02-06 22:00:00+00:00,89.64
2026-02-06 23:00:00+00:00,83.1225
2026-02-07 00:00:00+00:00,74.435
2026-02-07 01:00:00+00:00,59.56
2026-02-07 02:00:00+00:00,44.8
2026-02-07 03:00:00+00:00,35.21
2026-02-07 04:00:00+00:00,45.25
2026-02-07 05:00:00+00:00,61.120000000000005
2026-02-07 06:00:00+00:00,76.1925
2026-02-07 07:00:00+00:00,76.565
2026-02-07 08:00:00+00:00,74.0075
2026-02-07 09:00:00+00:00,55.38
2026-02-07 10:00:00+00:00,34.2575
2026-02-07 11:00:00+00:00,31.7725
2026-02-07 12:00:00+00:00,14.7725
2026-02-07 13:00:00+00:00,13.485
2026-02-07 14:00:00+00:00,24.39
2026-02-07 15:00:00+00:00,44.57
2026-02-07 16:00:00+00:00,80.97749999999999
2026-02-07 17:00:00+00:00,105.5975
2026-02-07 18:00:00+00:00,104.1375
2026-02-07 19:00:00+00:00,86.8825
2026-02-07 20:00:00+00:00,85.16
2026-02-07 21:00:00+00:00,99.8
2026-02-07 22:00:00+00:00,93.41
2026-02-07 23:00:00+00:00,89.52
2026-02-08 00:00:00+00:00,86.4675
2026-02-08 01:00:00+00:00,73.07000000000001
2026-02-08 02:00:00+00:00,64.2675
2026-02-08 03:00:00+00:00,61.4375
2026-02-08 04:00:00+00:00,62.565000000000005
2026-02-08 05:00:00+00:00,59.035
2026-02-08 06:00:00+00:00,78.5025
2026-02-08 07:00:00+00:00,86.4025
2026-02-08 08:00:00+00:00,77.06
2026-02-08 09:00:00+00:00,56.58
2026-02-08 10:00:00+00:00,48.275
2026-02-08 11:00:00+00:00,51.05
2026-02-08 12:00:00+00:00,49.1025
2026-02-08 13:00:00+00:00,45.6475
2026-02-08 14:00:00+00:00,63.6125
2026-02-08 15:00:00+00:00,61.5825
2026-02-08 16:00:00+00:00,86.36
2026-02-08 17:00:00+00:00,121.6175
2026-02-08 18:00:00+00:00,126.905
2026-02-08 19:00:00+00:00,107.6875
2026-02-08 20:00:00+00:00,90.2
2026-02-08 21:00:00+00:00,99.02
2026-02-08 22:00:00+00:00,96.4575
2026-02-08 23:00:00+00:00,81.46
2026-02-09 00:00:00+00:00,78.0825
2026-02-09 01:00:00+00:00,66.48
2026-02-09 02:00:00+00:00,53.315
2026-02-09 03:00:00+00:00,50.0025
2026-02-09 04:00:00+00:00,71.9
2026-02-09 05:00:00+00:00,90.005
2026-02-09 06:00:00+00:00,105.805
2026-02-09 07:00:00+00:00,140.06
2026-02-09 08:00:00+00:00,124.9975
2026-02-09 09:00:00+00:00,94.5625
2026-02-09 10:00:00+00:00,88.785
2026-02-09 11:00:00+00:00,89.085
2026-02-09 12:00:00+00:00,68.8175
2026-02-09 13:00:00+00:00,70.115
2026-02-09 14:00:00+00:00,68.0
2026-02-09 15:00:00+00:00,65.41
2026-02-09 16:00:00+00:00,82.8575
2026-02-09 17:00:00+00:00,118.34
2026-02-09 18:00:00+00:00,116.7475
2026-02-09 19:00:00+00:00,91.395
2026-02-09 20:00:00+00:00,68.6025
2026-02-09 21:00:00+00:00,67.07
2026-02-09 22:00:00+00:00,54.6025
2026-02-09 23:00:00+00:00,38.9025
2026-02-10 00:00:00+00:00,35.3525
2026-02-10 01:00:00+00:00,33.1575
2026-02-10 02:00:00+00:00,14.4575
2026-02-10 03:00:00+00:00,12.245
2026-02-10 04:00:00+00:00,37.36
2026-02-10 05:00:00+00:00,67.84
2026-02-10 06:00:00+00:00,90.17
2026-02-10 07:00:00+00:00,100.26
2026-02-10 08:00:00+00:00,106.8625
2026-02-10 09:00:00+00:00,83.3425
2026-02-10 10:00:00+00:00,76.8675
2026-02-10 11:00:00+00:00,71.005
2026-02-10 12:00:00+00:00,53.3
2026-02-10 13:00:00+00:00,57.27
2026-02-10 14:00:00+00:00,58.6425
2026-02-10 15:00:00+00:00,49.7875
2026-02-10 16:00:00+00:00,66.0925
2026-02-10 17:00:00+00:00,88.59
2026-02-10 18:00:00+00:00,83.995
2026-02-10 19:00:00+00:00,48.44
2026-02-10 20:00:00+00:00,19.43
2026-02-10 21:00:00+00:00,23.4125
2026-02-10 22:00:00+00:00,16.5375
2026-02-10 23:00:00+00:00,13.5425
2026-02-11 00:00:00+00:00,14.7325
2026-02-11 01:00:00+00:00,4.319999999999999
2026-02-11 02:00:00+00:00,-0.0075
2026-02-11 03:00:00+00:00,-0.01
2026-02-11 04:00:00+00:00,-0.005
2026-02-11 05:00:00+00:00,10.585
2026-02-11 06:00:00+00:00,16.6025
2026-02-11 07:00:00+00:00,25.8
2026-02-11 08:00:00+00:00,27.215
2026-02-11 09:00:00+00:00,13.1975
2026-02-11 10:00:00+00:00,0.985
2026-02-11 11:00:00+00:00,0.01
2026-02-11 12:00:00+00:00,0.0
2026-02-11 13:00:00+00:00,0.015
2026-02-11 14:00:00+00:00,4.915
2026-02-11 15:00:00+00:00,18.5
2026-02-11 16:00:00+00:00,17.5975
2026-02-11 17:00:00+00:00,45.1025
2026-02-11 18:00:00+00:00,54.5825
2026-02-11 19:00:00+00:00,30.625
2026-02-11 20:00:00+00:00,8.605
2026-02-11 21:00:00+00:00,5.99
2026-02-11 22:00:00+00:00,7.845
2026-02-11 23:00:00+00:00,18.5225
2026-02-12 00:00:00+00:00,11.815
2026-02-12 01:00:00+00:00,8.942499999999999
2026-02-12 02:00:00+00:00,-0.0025
2026-02-12 03:00:00+00:00,0.0
2026-02-12 04:00:00+00:00,0.0
2026-02-12 05:00:00+00:00,10.7275
2026-02-12 06:00:00+00:00,29.06
2026-02-12 07:00:00+00:00,48.3525
2026-02-12 08:00:00+00:00,41.265
2026-02-12 09:00:00+00:00,24.995
2026-02-12 10:00:00+00:00,20.72
2026-02-12 11:00:00+00:00,7.095
2026-02-12 12:00:00+00:00,0.0075
2026-02-12 13:00:00+00:00,-0.0025
2026-02-12 14:00:00+00:00,0.7825
2026-02-12 15:00:00+00:00,4.905
2026-02-12 16:00:00+00:00,20.1
2026-02-12 17:00:00+00:00,27.61
2026-02-12 18:00:00+00:00,34.7075
2026-02-12 19:00:00+00:00,35.0025
2026-02-12 20:00:00+00:00,29.15
2026-02-12 21:00:00+00:00,20.0
2026-02-12 22:00:00+00:00,8.4925
2026-02-12 23:00:00+00:00,20.2225
2026-02-13 00:00:00+00:00,12.4025
2026-02-13 01:00:00+00:00,9.19
2026-02-13 02:00:00+00:00,6.1275
2026-02-13 03:00:00+00:00,7.375
2026-02-13 04:00:00+00:00,18.5275
2026-02-13 05:00:00+00:00,48.9925
2026-02-13 06:00:00+00:00,73.305
2026-02-13 07:00:00+00:00,93.3
2026-02-13 08:00:00+00:00,99.8975
2026-02-13 09:00:00+00:00,86.67999999999999
2026-02-13 10:00:00+00:00,78.7875
2026-02-13 11:00:00+00:00,78.4675
2026-02-13 12:00:00+00:00,68.4675
2026-02-13 13:00:00+00:00,74.41749999999999
2026-02-13 14:00:00+00:00,69.9075
2026-02-13 15:00:00+00:00,62.47
2026-02-13 16:00:00+00:00,71.22749999999999
2026-02-13 17:00:00+00:00,113.1375
2026-02-13 18:00:00+00:00,118.5675
2026-02-13 19:00:00+00:00,73.7275
2026-02-13 20:00:00+00:00,31.02
2026-02-13 21:00:00+00:00,43.39
2026-02-13 22:00:00+00:00,38.1375
2026-02-13 23:00:00+00:00,34.3975
2026-02-14 00:00:00+00:00,18.95
2026-02-14 01:00:00+00:00,9.5575
2026-02-14 02:00:00+00:00,6.26
2026-02-14 03:00:00+00:00,1.4875
2026-02-14 04:00:00+00:00,0.765
2026-02-14 05:00:00+00:00,3.19
2026-02-14 06:00:00+00:00,9.155
2026-02-14 07:00:00+00:00,14.3075
2026-02-14 08:00:00+00:00,23.365
2026-02-14 09:00:00+00:00,12.2175
2026-02-14 10:00:00+00:00,11.955
2026-02-14 11:00:00+00:00,15.2825
2026-02-14 12:00:00+00:00,7.9275
2026-02-14 13:00:00+00:00,8.9775
2026-02-14 14:00:00+00:00,11.7175
2026-02-14 15:00:00+00:00,13.9625
2026-02-14 16:00:00+00:00,29.6725
2026-02-14 17:00:00+00:00,98.1275
2026-02-14 18:00:00+00:00,125.635
2026-02-14 19:00:00+00:00,101.5675
2026-02-14 20:00:00+00:00,81.28
2026-02-14 21:00:00+00:00,91.0425
2026-02-14 22:00:00+00:00,88.0575
2026-02-14 23:00:00+00:00,68.0
2026-02-15 00:00:00+00:00,55.82
2026-02-15 01:00:00+00:00,21.285
2026-02-15 02:00:00+00:00,3.995
2026-02-15 03:00:00+00:00,12.285
2026-02-15 04:00:00+00:00,17.9825
2026-02-15 05:00:00+00:00,12.1725
2026-02-15 06:00:00+00:00,8.3925
2026-02-15 07:00:00+00:00,14.695
2026-02-15 08:00:00+00:00,10.7175
2026-02-15 09:00:00+00:00,6.405
2026-02-15 10:00:00+00:00,0.05
2026-02-15 11:00:00+00:00,31.957500000000003
2026-02-15 12:00:00+00:00,17.73
2026-02-15 13:00:00+00:00,15.555
2026-02-15 14:00:00+00:00,0.43
2026-02-15 15:00:00+00:00,0.0075
2026-02-15 16:00:00+00:00,17.2
2026-02-15 17:00:00+00:00,11.5
2026-02-15 18:00:00+00:00,12.5
2026-02-15 19:00:00+00:00,10.7
2026-02-15 20:00:00+00:00,11.7575
2026-02-15 21:00:00+00:00,3.78
2026-02-15 22:00:00+00:00,1.92
2026-02-15 23:00:00+00:00,0.0075
2026-02-16 00:00:00+00:00,0.0
2026-02-16 01:00:00+00:00,-0.0025
2026-02-16 02:00:00+00:00,-0.0125
2026-02-16 03:00:00+00:00,-0.01
2026-02-16 04:00:00+00:00,0.0
2026-02-16 05:00:00+00:00,14.0
2026-02-16 06:00:00+00:00,20.5875
2026-02-16 07:00:00+00:00,22.0
2026-02-16 08:00:00+00:00,40.4675
2026-02-16 09:00:00+00:00,23.965
2026-02-16 10:00:00+00:00,8.2625
2026-02-16 11:00:00+00:00,1.9175
2026-02-16 12:00:00+00:00,-0.005
2026-02-16 13:00:00+00:00,-0.0025
2026-02-16 14:00:00+00:00,0.0
2026-02-16 15:00:00+00:00,0.0075
2026-02-16 16:00:00+00:00,12.725
2026-02-16 17:00:00+00:00,33.0175
2026-02-16 18:00:00+00:00,59.7975
2026-02-16 19:00:00+00:00,24.745
2026-02-16 20:00:00+00:00,13.8375
2026-02-16 21:00:00+00:00,10.16
2026-02-16 22:00:00+00:00,5.694999999999999
2026-02-16 23:00:00+00:00,10.6375
2026-02-17 00:00:00+00:00,2.6675
2026-02-17 01:00:00+00:00,0.975
2026-02-17 02:00:00+00:00,0.1725
2026-02-17 03:00:00+00:00,0.12
2026-02-17 04:00:00+00:00,5.0225
2026-02-17 05:00:00+00:00,24.7125
2026-02-17 06:00:00+00:00,59.2225
2026-02-17 07:00:00+00:00,71.1925
2026-02-17 08:00:00+00:00,49.995
2026-02-17 09:00:00+00:00,1.74
2026-02-17 10:00:00+00:00,1.6425
2026-02-17 11:00:00+00:00,17.892500000000002
2026-02-17 12:00:00+00:00,13.732500000000002
2026-02-17 13:00:00+00:00,26.195
2026-02-17 14:00:00+00:00,43.94
2026-02-17 15:00:00+00:00,55.4575
2026-02-17 16:00:00+00:00,86.8375
2026-02-17 17:00:00+00:00,127.9425
2026-02-17 18:00:00+00:00,129.8675
2026-02-17 19:00:00+00:00,114.4625
2026-02-17 20:00:00+00:00,101.1925
2026-02-17 21:00:00+00:00,83.535
2026-02-17 22:00:00+00:00,68.3975
2026-02-17 23:00:00+00:00,47.7575
2026-02-18 00:00:00+00:00,34.597500000000004
2026-02-18 01:00:00+00:00,40.6925
2026-02-18 02:00:00+00:00,26.450000000000003
2026-02-18 03:00:00+00:00,27.7575
2026-02-18 04:00:00+00:00,28.8875
2026-02-18 05:00:00+00:00,31.1
2026-02-18 06:00:00+00:00,59.6725
2026-02-18 07:00:00+00:00,72.0475
2026-02-18 08:00:00+00:00,50.795
2026-02-18 09:00:00+00:00,33.985
2026-02-18 10:00:00+00:00,18.865
2026-02-18 11:00:00+00:00,16.9875
2026-02-18 12:00:00+00:00,2.7675
2026-02-18 13:00:00+00:00,0.105
2026-02-18 14:00:00+00:00,16.6
2026-02-18 15:00:00+00:00,23.0
2026-02-18 16:00:00+00:00,24.0725
2026-02-18 17:00:00+00:00,30.1075
2026-02-18 18:00:00+00:00,42.24
2026-02-18 19:00:00+00:00,25.54
2026-02-18 20:00:00+00:00,20.0175
2026-02-18 21:00:00+00:00,19.65
2026-02-18 22:00:00+00:00,15.2925
2026-02-18 23:00:00+00:00,10.0
2026-02-19 00:00:00+00:00,8.854999999999999
2026-02-19 01:00:00+00:00,1.7275
2026-02-19 02:00:00+00:00,0.0
2026-02-19 03:00:00+00:00,0.0025
2026-02-19 04:00:00+00:00,3.805
2026-02-19 05:00:00+00:00,11.7725
2026-02-19 06:00:00+00:00,37.3875
2026-02-19 07:00:00+00:00,41.135
2026-02-19 08:00:00+00:00,50.307500000000005
2026-02-19 09:00:00+00:00,37.1
2026-02-19 10:00:00+00:00,46.9975
2026-02-19 11:00:00+00:00,44.555
2026-02-19 12:00:00+00:00,33.9975
2026-02-19 13:00:00+00:00,35.74
2026-02-19 14:00:00+00:00,32.910000000000004
2026-02-19 15:00:00+00:00,27.9775
2026-02-19 16:00:00+00:00,38.4425
2026-02-19 17:00:00+00:00,92.255
2026-02-19 18:00:00+00:00,112.6375
2026-02-19 19:00:00+00:00,81.2975
2026-02-19 20:00:00+00:00,63.525
2026-02-19 21:00:00+00:00,35.02
2026-02-19 22:00:00+00:00,37.7075
2026-02-19 23:00:00+00:00,26.91
2026-02-20 00:00:00+00:00,33.6025
2026-02-20 01:00:00+00:00,31.88
2026-02-20 02:00:00+00:00,18.9525
2026-02-20 03:00:00+00:00,14.822500000000002
2026-02-20 04:00:00+00:00,35.4075
2026-02-20 05:00:00+00:00,53.4875
2026-02-20 06:00:00+00:00,98.4675
2026-02-20 07:00:00+00:00,117.0175
2026-02-20 08:00:00+00:00,104.0325
2026-02-20 09:00:00+00:00,64.8625
2026-02-20 10:00:00+00:00,33.2125
2026-02-20 11:00:00+00:00,24.7625
2026-02-20 12:00:00+00:00,15.785
2026-02-20 13:00:00+00:00,26.99
2026-02-20 14:00:00+00:00,25.855
2026-02-20 15:00:00+00:00,31.6725
2026-02-20 16:00:00+00:00,32.935
2026-02-20 17:00:00+00:00,59.0975
2026-02-20 18:00:00+00:00,85.5325
2026-02-20 19:00:00+00:00,59.255
2026-02-20 20:00:00+00:00,49.22
2026-02-20 21:00:00+00:00,46.11
2026-02-20 22:00:00+00:00,38.68
2026-02-20 23:00:00+00:00,26.965
2026-02-21 00:00:00+00:00,22.9575
2026-02-21 01:00:00+00:00,11.2375
2026-02-21 02:00:00+00:00,8.5725
2026-02-21 03:00:00+00:00,8.3475
2026-02-21 04:00:00+00:00,13.845
2026-02-21 05:00:00+00:00,19.9275
2026-02-21 06:00:00+00:00,20.4075
2026-02-21 07:00:00+00:00,27.9825
2026-02-21 08:00:00+00:00,10.17
2026-02-21 09:00:00+00:00,2.9025
2026-02-21 10:00:00+00:00,0.01
2026-02-21 11:00:00+00:00,0.0
2026-02-21 12:00:00+00:00,-0.0025
2026-02-21 13:00:00+00:00,-0.01
2026-02-21 14:00:00+00:00,-0.0025
2026-02-21 15:00:00+00:00,0.0
2026-02-21 16:00:00+00:00,7.7775
2026-02-21 17:00:00+00:00,46.2825
2026-02-21 18:00:00+00:00,84.93
2026-02-21 19:00:00+00:00,34.1575
2026-02-21 20:00:00+00:00,16.815
2026-02-21 21:00:00+00:00,21.29
2026-02-21 22:00:00+00:00,12.2225
2026-02-21 23:00:00+00:00,5.01
2026-02-22 00:00:00+00:00,11.065
2026-02-22 01:00:00+00:00,19.8275
2026-02-22 02:00:00+00:00,8.8375
2026-02-22 03:00:00+00:00,6.3725000000000005
2026-02-22 04:00:00+00:00,7.2875
2026-02-22 05:00:00+00:00,10.0
2026-02-22 06:00:00+00:00,7.6075
2026-02-22 07:00:00+00:00,5.9675
2026-02-22 08:00:00+00:00,0.975
2026-02-22 09:00:00+00:00,-0.0049999999999999
2026-02-22 10:00:00+00:00,-0.0075
2026-02-22 11:00:00+00:00,-0.01
2026-02-22 12:00:00+00:00,-0.0175
2026-02-22 13:00:00+00:00,-0.01
2026-02-22 14:00:00+00:00,-0.01
2026-02-22 15:00:00+00:00,-0.0075
2026-02-22 16:00:00+00:00,5.425000000000001
2026-02-22 17:00:00+00:00,20.5575
2026-02-22 18:00:00+00:00,56.3875
2026-02-22 19:00:00+00:00,28.7025
2026-02-22 20:00:00+00:00,2.1950000000000003
2026-02-22 21:00:00+00:00,18.12
2026-02-22 22:00:00+00:00,16.71
2026-02-22 23:00:00+00:00,14.5075
2026-02-23 00:00:00+00:00,13.94
2026-02-23 01:00:00+00:00,17.1225
2026-02-23 02:00:00+00:00,9.945
2026-02-23 03:00:00+00:00,9.8125
2026-02-23 04:00:00+00:00,15.85
2026-02-23 05:00:00+00:00,24.225
2026-02-23 06:00:00+00:00,60.072500000000005
2026-02-23 07:00:00+00:00,60.6925
2026-02-23 08:00:00+00:00,15.1875
2026-02-23 09:00:00+00:00,5.335
2026-02-23 10:00:00+00:00,0.01
2026-02-23 11:00:00+00:00,0.005
2026-02-23 12:00:00+00:00,0.0
2026-02-23 13:00:00+00:00,0.0025
2026-02-23 14:00:00+00:00,0.0
2026-02-23 15:00:00+00:00,4.75
2026-02-23 16:00:00+00:00,21.255
2026-02-23 17:00:00+00:00,75.38
2026-02-23 18:00:00+00:00,113.8325
2026-02-23 19:00:00+00:00,90.275
2026-02-23 20:00:00+00:00,39.995000000000005
2026-02-23 21:00:00+00:00,40.465
2026-02-23 22:00:00+00:00,31.555
2026-02-23 23:00:00+00:00,29.73
2026-02-24 00:00:00+00:00,23.395
2026-02-24 01:00:00+00:00,21.3
2026-02-24 02:00:00+00:00,20.2875
2026-02-24 03:00:00+00:00,19.03
2026-02-24 04:00:00+00:00,22.3675
2026-02-24 05:00:00+00:00,36.2375
2026-02-24 06:00:00+00:00,85.7225
2026-02-24 07:00:00+00:00,66.3025
2026-02-24 08:00:00+00:00,28.325
2026-02-24 09:00:00+00:00,8.700000000000001
2026-02-24 10:00:00+00:00,13.4875
2026-02-24 11:00:00+00:00,15.2425
2026-02-24 12:00:00+00:00,5.737500000000001
2026-02-24 13:00:00+00:00,5.995
2026-02-24 14:00:00+00:00,9.3975
2026-02-24 15:00:00+00:00,11.085
2026-02-24 16:00:00+00:00,13.6275
2026-02-24 17:00:00+00:00,47.9775
2026-02-24 18:00:00+00:00,98.1525
2026-02-24 19:00:00+00:00,74.98
2026-02-24 20:00:00+00:00,34.4275
2026-02-24 21:00:00+00:00,34.345
2026-02-24 22:00:00+00:00,31.055
2026-02-24 23:00:00+00:00,19.015
2026-02-25 00:00:00+00:00,14.5525
2026-02-25 01:00:00+00:00,11.3025
2026-02-25 02:00:00+00:00,7.6
2026-02-25 03:00:00+00:00,7.67
2026-02-25 04:00:00+00:00,10.735
2026-02-25 05:00:00+00:00,24.94
2026-02-25 06:00:00+00:00,66.89750000000001
2026-02-25 07:00:00+00:00,66.7
2026-02-25 08:00:00+00:00,22.36
2026-02-25 09:00:00+00:00,15.0575
2026-02-25 10:00:00+00:00,0.53
2026-02-25 11:00:00+00:00,0.0
2026-02-25 12:00:00+00:00,0.0
2026-02-25 13:00:00+00:00,-0.0025
2026-02-25 14:00:00+00:00,0.0499999999999999
2026-02-25 15:00:00+00:00,5.035
2026-02-25 16:00:00+00:00,25.5925
2026-02-25 17:00:00+00:00,67.08
2026-02-25 18:00:00+00:00,104.44
2026-02-25 19:00:00+00:00,74.0975
2026-02-25 20:00:00+00:00,37.135
2026-02-25 21:00:00+00:00,36.5175
2026-02-25 22:00:00+00:00,29.972500000000004
2026-02-25 23:00:00+00:00,28.7575
2026-02-26 00:00:00+00:00,23.045
2026-02-26 01:00:00+00:00,17.3
2026-02-26 02:00:00+00:00,11.7425
2026-02-26 03:00:00+00:00,11.805
2026-02-26 04:00:00+00:00,19.9525
2026-02-26 05:00:00+00:00,28.2525
2026-02-26 06:00:00+00:00,70.985
2026-02-26 07:00:00+00:00,54.46
2026-02-26 08:00:00+00:00,14.635
2026-02-26 09:00:00+00:00,17.34
2026-02-26 10:00:00+00:00,0.01
2026-02-26 11:00:00+00:00,0.015
2026-02-26 12:00:00+00:00,-0.0025
2026-02-26 13:00:00+00:00,0.0
2026-02-26 14:00:00+00:00,-0.0025
2026-02-26 15:00:00+00:00,0.0099999999999999
2026-02-26 16:00:00+00:00,11.86
2026-02-26 17:00:00+00:00,38.995
2026-02-26 18:00:00+00:00,84.52
2026-02-26 19:00:00+00:00,50.895
2026-02-26 20:00:00+00:00,28.8475
2026-02-26 21:00:00+00:00,14.11
2026-02-26 22:00:00+00:00,11.2925
2026-02-26 23:00:00+00:00,9.1
2026-02-27 00:00:00+00:00,10.6525
2026-02-27 01:00:00+00:00,11.405
2026-02-27 02:00:00+00:00,8.495
2026-02-27 03:00:00+00:00,2.9025
2026-02-27 04:00:00+00:00,8.665
2026-02-27 05:00:00+00:00,22.165
2026-02-27 06:00:00+00:00,18.04
2026-02-27 07:00:00+00:00,19.3725
2026-02-27 08:00:00+00:00,12.5725
2026-02-27 09:00:00+00:00,2.9
2026-02-27 10:00:00+00:00,0.0
2026-02-27 11:00:00+00:00,-0.0025
2026-02-27 12:00:00+00:00,-0.0075
2026-02-27 13:00:00+00:00,-0.0025
2026-02-27 14:00:00+00:00,0.235
2026-02-27 15:00:00+00:00,5.904999999999999
2026-02-27 16:00:00+00:00,16.285
2026-02-27 17:00:00+00:00,31.395
2026-02-27 18:00:00+00:00,55.65
2026-02-27 19:00:00+00:00,16.425
2026-02-27 20:00:00+00:00,2.875
2026-02-27 21:00:00+00:00,30.18
2026-02-27 22:00:00+00:00,25.535
2026-02-27 23:00:00+00:00,16.4725
2026-02-28 00:00:00+00:00,6.79
2026-02-28 01:00:00+00:00,8.7475
2026-02-28 02:00:00+00:00,4.15
2026-02-28 03:00:00+00:00,3.525
2026-02-28 04:00:00+00:00,3.825
2026-02-28 05:00:00+00:00,4.48
2026-02-28 06:00:00+00:00,3.9125
2026-02-28 07:00:00+00:00,3.6125
2026-02-28 08:00:00+00:00,1.7725
2026-02-28 09:00:00+00:00,0.0
2026-02-28 10:00:00+00:00,-0.02
2026-02-28 11:00:00+00:00,-0.01
2026-02-28 12:00:00+00:00,-0.0125
2026-02-28 13:00:00+00:00,-0.005
2026-02-28 14:00:00+00:00,2.5175
2026-02-28 15:00:00+00:00,4.875
2026-02-28 16:00:00+00:00,16.9675
2026-02-28 17:00:00+00:00,37.305
2026-02-28 18:00:00+00:00,80.0
2026-02-28 19:00:00+00:00,63.8925
2026-02-28 20:00:00+00:00,51.725
2026-02-28 21:00:00+00:00,50.6675
2026-02-28 22:00:00+00:00,43.5175
2026-02-28 23:00:00+00:00,24.84
2026-03-01 00:00:00+00:00,32.4475
2026-03-01 01:00:00+00:00,24.1675
2026-03-01 02:00:00+00:00,23.0
2026-03-01 03:00:00+00:00,23.0
2026-03-01 04:00:00+00:00,23.0
2026-03-01 05:00:00+00:00,23.9225
2026-03-01 06:00:00+00:00,23.875
2026-03-01 07:00:00+00:00,17.195
2026-03-01 08:00:00+00:00,4.04
2026-03-01 09:00:00+00:00,0.0
2026-03-01 10:00:00+00:00,-0.025
2026-03-01 11:00:00+00:00,-0.365
2026-03-01 12:00:00+00:00,-0.7875
2026-03-01 13:00:00+00:00,-0.0075
2026-03-01 14:00:00+00:00,0.0
2026-03-01 15:00:00+00:00,6.109999999999999
2026-03-01 16:00:00+00:00,18.0
2026-03-01 17:00:00+00:00,29.745
2026-03-01 18:00:00+00:00,51.31
2026-03-01 19:00:00+00:00,35.0125
2026-03-01 20:00:00+00:00,28.8475
2026-03-01 21:00:00+00:00,24.84
2026-03-01 22:00:00+00:00,18.0825
2026-03-01 23:00:00+00:00,15.8775
2026-03-02 00:00:00+00:00,8.875
2026-03-02 01:00:00+00:00,9.82
2026-03-02 02:00:00+00:00,7.1
2026-03-02 03:00:00+00:00,6.535
2026-03-02 04:00:00+00:00,9.495
2026-03-02 05:00:00+00:00,21.995
2026-03-02 06:00:00+00:00,33.8225
2026-03-02 07:00:00+00:00,42.0
2026-03-02 08:00:00+00:00,25.0
2026-03-02 09:00:00+00:00,7.8725
2026-03-02 10:00:00+00:00,6.279999999999999
2026-03-02 11:00:00+00:00,4.8
2026-03-02 12:00:00+00:00,0.0
2026-03-02 13:00:00+00:00,4.425
2026-03-02 14:00:00+00:00,2.1525
2026-03-02 15:00:00+00:00,22.0
2026-03-02 16:00:00+00:00,38.715
2026-03-02 17:00:00+00:00,91.5575
2026-03-02 18:00:00+00:00,118.9125
2026-03-02 19:00:00+00:00,79.975
2026-03-02 20:00:00+00:00,50.9525
2026-03-02 21:00:00+00:00,57.33
2026-03-02 22:00:00+00:00,47.6675
2026-03-02 23:00:00+00:00,45.16
2026-03-03 00:00:00+00:00,52.19
2026-03-03 01:00:00+00:00,43.9675
2026-03-03 02:00:00+00:00,29.375
2026-03-03 03:00:00+00:00,32.94
2026-03-03 04:00:00+00:00,44.99
2026-03-03 05:00:00+00:00,93.7275
2026-03-03 06:00:00+00:00,145.76
2026-03-03 07:00:00+00:00,136.0075
2026-03-03 08:00:00+00:00,83.05
2026-03-03 09:00:00+00:00,33.705
2026-03-03 10:00:00+00:00,19.8775
2026-03-03 11:00:00+00:00,23.43
2026-03-03 12:00:00+00:00,3.8125
2026-03-03 13:00:00+00:00,10.0075
2026-03-03 14:00:00+00:00,27.0475
2026-03-03 15:00:00+00:00,36.9
2026-03-03 16:00:00+00:00,50.0075
2026-03-03 17:00:00+00:00,94.6375
2026-03-03 18:00:00+00:00,158.625
2026-03-03 19:00:00+00:00,93.3475
2026-03-03 20:00:00+00:00,62.33
2026-03-03 21:00:00+00:00,41.64
2026-03-03 22:00:00+00:00,46.7575
2026-03-03 23:00:00+00:00,64.075
2026-03-04 00:00:00+00:00,51.275
2026-03-04 01:00:00+00:00,52.22
2026-03-04 02:00:00+00:00,41.2525
2026-03-04 03:00:00+00:00,40.6775
2026-03-04 04:00:00+00:00,49.26
2026-03-04 05:00:00+00:00,74.8275
2026-03-04 06:00:00+00:00,199.1725
2026-03-04 07:00:00+00:00,199.2925
2026-03-04 08:00:00+00:00,81.705
2026-03-04 09:00:00+00:00,65.6775
2026-03-04 10:00:00+00:00,48.64
2026-03-04 11:00:00+00:00,25.11
2026-03-04 12:00:00+00:00,5.995
2026-03-04 13:00:00+00:00,9.93
2026-03-04 14:00:00+00:00,21.6225
2026-03-04 15:00:00+00:00,36.52
2026-03-04 16:00:00+00:00,53.8675
2026-03-04 17:00:00+00:00,93.9675
2026-03-04 18:00:00+00:00,176.985
2026-03-04 19:00:00+00:00,163.655
2026-03-04 20:00:00+00:00,87.5175
2026-03-04 21:00:00+00:00,82.4
2026-03-04 22:00:00+00:00,75.24
2026-03-04 23:00:00+00:00,94.8325
2026-03-05 00:00:00+00:00,85.4775
2026-03-05 01:00:00+00:00,84.2975
2026-03-05 02:00:00+00:00,74.0175
2026-03-05 03:00:00+00:00,76.21
2026-03-05 04:00:00+00:00,86.42
2026-03-05 05:00:00+00:00,111.515
2026-03-05 06:00:00+00:00,145.13
2026-03-05 07:00:00+00:00,139.4725
2026-03-05 08:00:00+00:00,97.31
2026-03-05 09:00:00+00:00,62.602500000000006
2026-03-05 10:00:00+00:00,26.7
2026-03-05 11:00:00+00:00,3.3575
2026-03-05 12:00:00+00:00,2.93
2026-03-05 13:00:00+00:00,33.0325
2026-03-05 14:00:00+00:00,47.565
2026-03-05 15:00:00+00:00,68.83
2026-03-05 16:00:00+00:00,95.6125
2026-03-05 17:00:00+00:00,124.2525
2026-03-05 18:00:00+00:00,158.4925
2026-03-05 19:00:00+00:00,125.91
2026-03-05 20:00:00+00:00,95.8075
2026-03-05 21:00:00+00:00,81.44
2026-03-05 22:00:00+00:00,72.2
2026-03-05 23:00:00+00:00,62.057500000000005
2026-03-06 00:00:00+00:00,63.5125
2026-03-06 01:00:00+00:00,57.3625
2026-03-06 02:00:00+00:00,44.1775
2026-03-06 03:00:00+00:00,40.285
2026-03-06 04:00:00+00:00,56.135
2026-03-06 05:00:00+00:00,66.4975
2026-03-06 06:00:00+00:00,81.3975
2026-03-06 07:00:00+00:00,113.87
2026-03-06 08:00:00+00:00,71.85249999999999
2026-03-06 09:00:00+00:00,66.4975
2026-03-06 10:00:00+00:00,69.45
2026-03-06 11:00:00+00:00,61.705
2026-03-06 12:00:00+00:00,53.485
2026-03-06 13:00:00+00:00,53.3025
2026-03-06 14:00:00+00:00,55.4875
2026-03-06 15:00:00+00:00,64.7575
2026-03-06 16:00:00+00:00,66.93
2026-03-06 17:00:00+00:00,88.705
2026-03-06 18:00:00+00:00,127.245
2026-03-06 19:00:00+00:00,102.305
2026-03-06 20:00:00+00:00,97.32
2026-03-06 21:00:00+00:00,90.7575
2026-03-06 22:00:00+00:00,83.2975
2026-03-06 23:00:00+00:00,75.0775
2026-03-07 00:00:00+00:00,72.16
2026-03-07 01:00:00+00:00,64.45
2026-03-07 02:00:00+00:00,53.745000000000005
2026-03-07 03:00:00+00:00,50.620000000000005
2026-03-07 04:00:00+00:00,53.55
2026-03-07 05:00:00+00:00,60.0
2026-03-07 06:00:00+00:00,61.08
2026-03-07 07:00:00+00:00,63.675
2026-03-07 08:00:00+00:00,54.0075
2026-03-07 09:00:00+00:00,45.285
2026-03-07 10:00:00+00:00,29.1
2026-03-07 11:00:00+00:00,16.495
2026-03-07 12:00:00+00:00,1.8
2026-03-07 13:00:00+00:00,18.8575
2026-03-07 14:00:00+00:00,34.0
2026-03-07 15:00:00+00:00,39.82
2026-03-07 16:00:00+00:00,59.2975
2026-03-07 17:00:00+00:00,97.3925
2026-03-07 18:00:00+00:00,134.46
2026-03-07 19:00:00+00:00,126.93
2026-03-07 20:00:00+00:00,88.05
2026-03-07 21:00:00+00:00,97.4975
2026-03-07 22:00:00+00:00,91.58
2026-03-07 23:00:00+00:00,106.65
2026-03-08 00:00:00+00:00,97.7075
2026-03-08 01:00:00+00:00,92.825
2026-03-08 02:00:00+00:00,85.995
2026-03-08 03:00:00+00:00,82.92750000000001
2026-03-08 04:00:00+00:00,84.705
2026-03-08 05:00:00+00:00,84.21000000000001
2026-03-08 06:00:00+00:00,86.9775
2026-03-08 07:00:00+00:00,81.3325
2026-03-08 08:00:00+00:00,65.8425
2026-03-08 09:00:00+00:00,37.5675
2026-03-08 10:00:00+00:00,21.6475
2026-03-08 11:00:00+00:00,10.525
2026-03-08 12:00:00+00:00,0.02
2026-03-08 13:00:00+00:00,6.615
2026-03-08 14:00:00+00:00,21.98
2026-03-08 15:00:00+00:00,32.77
2026-03-08 16:00:00+00:00,62.322500000000005
2026-03-08 17:00:00+00:00,121.265
2026-03-08 18:00:00+00:00,154.0525
2026-03-08 19:00:00+00:00,140.505
2026-03-08 20:00:00+00:00,129.0125
2026-03-08 21:00:00+00:00,120.35
2026-03-08 22:00:00+00:00,118.3
2026-03-08 23:00:00+00:00,115.495
2026-03-09 00:00:00+00:00,110.075
2026-03-09 01:00:00+00:00,97.1025
2026-03-09 02:00:00+00:00,80.3425
2026-03-09 03:00:00+00:00,82.47
2026-03-09 04:00:00+00:00,104.38
2026-03-09 05:00:00+00:00,121.795
2026-03-09 06:00:00+00:00,157.615
2026-03-09 07:00:00+00:00,158.495
2026-03-09 08:00:00+00:00,122.1875
2026-03-09 09:00:00+00:00,109.19
2026-03-09 10:00:00+00:00,93.505
2026-03-09 11:00:00+00:00,84.1275
2026-03-09 12:00:00+00:00,80.275
2026-03-09 13:00:00+00:00,82.3025
2026-03-09 14:00:00+00:00,93.2875
2026-03-09 15:00:00+00:00,98.1
2026-03-09 16:00:00+00:00,114.0475
2026-03-09 17:00:00+00:00,171.8175
2026-03-09 18:00:00+00:00,218.06
2026-03-09 19:00:00+00:00,174.595
2026-03-09 20:00:00+00:00,148.845
2026-03-09 21:00:00+00:00,130.0
2026-03-09 22:00:00+00:00,133.7625
2026-03-09 23:00:00+00:00,140.0275
2026-03-10 00:00:00+00:00,128.285
2026-03-10 01:00:00+00:00,121.5775
2026-03-10 02:00:00+00:00,108.1375
2026-03-10 03:00:00+00:00,108.0825
2026-03-10 04:00:00+00:00,118.395
2026-03-10 05:00:00+00:00,137.75
2026-03-10 06:00:00+00:00,158.33499999999998
2026-03-10 07:00:00+00:00,170.115
2026-03-10 08:00:00+00:00,139.94
2026-03-10 09:00:00+00:00,113.3375
2026-03-10 10:00:00+00:00,100.6925
2026-03-10 11:00:00+00:00,99.015
2026-03-10 12:00:00+00:00,95.18
2026-03-10 13:00:00+00:00,95.7775
2026-03-10 14:00:00+00:00,99.4525
2026-03-10 15:00:00+00:00,104.665
2026-03-10 16:00:00+00:00,108.8
2026-03-10 17:00:00+00:00,150.3625
2026-03-10 18:00:00+00:00,194.6725
2026-03-10 19:00:00+00:00,151.875
2026-03-10 20:00:00+00:00,140.28750000000002
2026-03-10 21:00:00+00:00,106.46
2026-03-10 22:00:00+00:00,90.995
2026-03-10 23:00:00+00:00,14.935
2026-03-11 00:00:00+00:00,33.975
2026-03-11 01:00:00+00:00,18.7375
2026-03-11 02:00:00+00:00,5.65
2026-03-11 03:00:00+00:00,0.0
2026-03-11 04:00:00+00:00,2.105
2026-03-11 05:00:00+00:00,30.2025
2026-03-11 06:00:00+00:00,58.0925
2026-03-11 07:00:00+00:00,72.6825
2026-03-11 08:00:00+00:00,61.2225
2026-03-11 09:00:00+00:00,32.3025
2026-03-11 10:00:00+00:00,19.8225
2026-03-11 11:00:00+00:00,15.2125
2026-03-11 12:00:00+00:00,22.8225
2026-03-11 13:00:00+00:00,33.125
2026-03-11 14:00:00+00:00,39.69
2026-03-11 15:00:00+00:00,53.715
2026-03-11 16:00:00+00:00,89.42
2026-03-11 17:00:00+00:00,129.08499999999998
2026-03-11 18:00:00+00:00,158.55
2026-03-11 19:00:00+00:00,134.9925
2026-03-11 20:00:00+00:00,90.625
2026-03-11 21:00:00+00:00,95.7475
2026-03-11 22:00:00+00:00,92.85
2026-03-11 23:00:00+00:00,79.5175
2026-03-12 00:00:00+00:00,84.53
2026-03-12 01:00:00+00:00,75.905
2026-03-12 02:00:00+00:00,63.925
2026-03-12 03:00:00+00:00,65.6425
2026-03-12 04:00:00+00:00,66.73750000000001
2026-03-12 05:00:00+00:00,91.2275
2026-03-12 06:00:00+00:00,111.3
2026-03-12 07:00:00+00:00,99.88
2026-03-12 08:00:00+00:00,52.1525
2026-03-12 09:00:00+00:00,8.872499999999999
2026-03-12 10:00:00+00:00,0.0
2026-03-12 11:00:00+00:00,-0.005
2026-03-12 12:00:00+00:00,-0.01
2026-03-12 13:00:00+00:00,-0.0075
2026-03-12 14:00:00+00:00,-0.0075
2026-03-12 15:00:00+00:00,-0.0025
2026-03-12 16:00:00+00:00,13.0225
2026-03-12 17:00:00+00:00,78.875
2026-03-12 18:00:00+00:00,113.335
2026-03-12 19:00:00+00:00,86.2975
2026-03-12 20:00:00+00:00,54.265
2026-03-12 21:00:00+00:00,38.89
2026-03-12 22:00:00+00:00,25.8
2026-03-12 23:00:00+00:00,9.6025
2026-03-13 00:00:00+00:00,9.73
2026-03-13 01:00:00+00:00,5.7325
2026-03-13 02:00:00+00:00,1.14
2026-03-13 03:00:00+00:00,0.6375000000000001
2026-03-13 04:00:00+00:00,2.8925
2026-03-13 05:00:00+00:00,14.6775
2026-03-13 06:00:00+00:00,31.5075
2026-03-13 07:00:00+00:00,35.2475
2026-03-13 08:00:00+00:00,14.875
2026-03-13 09:00:00+00:00,4.445
2026-03-13 10:00:00+00:00,5.035
2026-03-13 11:00:00+00:00,17.935
2026-03-13 12:00:00+00:00,5.5575
2026-03-13 13:00:00+00:00,11.86
2026-03-13 14:00:00+00:00,23.7725
2026-03-13 15:00:00+00:00,30.567500000000003
2026-03-13 16:00:00+00:00,77.0925
2026-03-13 17:00:00+00:00,96.8625
2026-03-13 18:00:00+00:00,157.85750000000002
2026-03-13 19:00:00+00:00,121.3975
2026-03-13 20:00:00+00:00,93.3875
2026-03-13 21:00:00+00:00,109.82
2026-03-13 22:00:00+00:00,115.9125
2026-03-13 23:00:00+00:00,116.325
2026-03-14 00:00:00+00:00,113.1775
2026-03-14 01:00:00+00:00,106.655
2026-03-14 02:00:00+00:00,77.2175
2026-03-14 03:00:00+00:00,86.2925
2026-03-14 04:00:00+00:00,104.6375
2026-03-14 05:00:00+00:00,109.78
2026-03-14 06:00:00+00:00,115.985
2026-03-14 07:00:00+00:00,129.42
2026-03-14 08:00:00+00:00,123.7125
2026-03-14 09:00:00+00:00,105.0025
2026-03-14 10:00:00+00:00,79.32249999999999
2026-03-14 11:00:00+00:00,91.2
2026-03-14 12:00:00+00:00,71.4075
2026-03-14 13:00:00+00:00,72.3575
2026-03-14 14:00:00+00:00,64.5875
2026-03-14 15:00:00+00:00,78.78
2026-03-14 16:00:00+00:00,100.04
2026-03-14 17:00:00+00:00,161.1
2026-03-14 18:00:00+00:00,169.83499999999998
2026-03-14 19:00:00+00:00,150.265
2026-03-14 20:00:00+00:00,137.4525
2026-03-14 21:00:00+00:00,135.2375
2026-03-14 22:00:00+00:00,128.04500000000002
2026-03-14 23:00:00+00:00,138.57500000000002
2026-03-15 00:00:00+00:00,135.185
2026-03-15 01:00:00+00:00,122.35
2026-03-15 02:00:00+00:00,102.6275
2026-03-15 03:00:00+00:00,103.5175
2026-03-15 04:00:00+00:00,112.12
2026-03-15 05:00:00+00:00,104.35
2026-03-15 06:00:00+00:00,88.05
2026-03-15 07:00:00+00:00,82.245
2026-03-15 08:00:00+00:00,45.0
2026-03-15 09:00:00+00:00,6.8
2026-03-15 10:00:00+00:00,7.075
2026-03-15 11:00:00+00:00,8.565000000000001
2026-03-15 12:00:00+00:00,1.995
2026-03-15 13:00:00+00:00,0.08
2026-03-15 14:00:00+00:00,0.74
2026-03-15 15:00:00+00:00,1.86
2026-03-15 16:00:00+00:00,38.3225
2026-03-15 17:00:00+00:00,91.2225
2026-03-15 18:00:00+00:00,119.0275
2026-03-15 19:00:00+00:00,66.6
2026-03-15 20:00:00+00:00,49.510000000000005
2026-03-15 21:00:00+00:00,68.08
2026-03-15 22:00:00+00:00,35.66
2026-03-15 23:00:00+00:00,22.5125
2026-03-16 00:00:00+00:00,19.03
2026-03-16 01:00:00+00:00,9.565
2026-03-16 02:00:00+00:00,4.91
2026-03-16 03:00:00+00:00,5.0075
2026-03-16 04:00:00+00:00,35.9575
2026-03-16 05:00:00+00:00,77.91
2026-03-16 06:00:00+00:00,99.65
2026-03-16 07:00:00+00:00,96.66
2026-03-16 08:00:00+00:00,72.67
2026-03-16 09:00:00+00:00,42.215
2026-03-16 10:00:00+00:00,17.3375
2026-03-16 11:00:00+00:00,14.845
2026-03-16 12:00:00+00:00,4.2275
2026-03-16 13:00:00+00:00,11.19
2026-03-16 14:00:00+00:00,21.4525
2026-03-16 15:00:00+00:00,36.81
2026-03-16 16:00:00+00:00,81.475
2026-03-16 17:00:00+00:00,165.99
2026-03-16 18:00:00+00:00,179.925
2026-03-16 19:00:00+00:00,154.935
2026-03-16 20:00:00+00:00,125.9725
2026-03-16 21:00:00+00:00,109.46
2026-03-16 22:00:00+00:00,96.79
2026-03-16 23:00:00+00:00,109.285
2026-03-17 00:00:00+00:00,98.2075
2026-03-17 01:00:00+00:00,94.88
2026-03-17 02:00:00+00:00,83.96000000000001
2026-03-17 03:00:00+00:00,94.1325
2026-03-17 04:00:00+00:00,94.9175
2026-03-17 05:00:00+00:00,109.6325
2026-03-17 06:00:00+00:00,153.4975
2026-03-17 07:00:00+00:00,145.07
2026-03-17 08:00:00+00:00,64.7125
2026-03-17 09:00:00+00:00,8.76
2026-03-17 10:00:00+00:00,0.0
2026-03-17 11:00:00+00:00,-0.0075
2026-03-17 12:00:00+00:00,-0.01
2026-03-17 13:00:00+00:00,-0.01
2026-03-17 14:00:00+00:00,0.0
2026-03-17 15:00:00+00:00,6.8575
2026-03-17 16:00:00+00:00,55.4225
2026-03-17 17:00:00+00:00,110.5975
2026-03-17 18:00:00+00:00,163.4225
2026-03-17 19:00:00+00:00,129.4
2026-03-17 20:00:00+00:00,79.505
2026-03-17 21:00:00+00:00,52.48
2026-03-17 22:00:00+00:00,48.1775
2026-03-17 23:00:00+00:00,37.56
2026-03-18 00:00:00+00:00,27.81
2026-03-18 01:00:00+00:00,33.7875
2026-03-18 02:00:00+00:00,28.6225
2026-03-18 03:00:00+00:00,28.7
2026-03-18 04:00:00+00:00,28.4
2026-03-18 05:00:00+00:00,51.785
2026-03-18 06:00:00+00:00,66.06
2026-03-18 07:00:00+00:00,43.935
2026-03-18 08:00:00+00:00,9.3875
2026-03-18 09:00:00+00:00,0.0
2026-03-18 10:00:00+00:00,-0.01
2026-03-18 11:00:00+00:00,-0.3975
2026-03-18 12:00:00+00:00,-0.1975
2026-03-18 13:00:00+00:00,-0.035
2026-03-18 14:00:00+00:00,-0.015
2026-03-18 15:00:00+00:00,-0.0025
2026-03-18 16:00:00+00:00,4.015000000000001
2026-03-18 17:00:00+00:00,41.0175
2026-03-18 18:00:00+00:00,64.225
2026-03-18 19:00:00+00:00,49.975
2026-03-18 20:00:00+00:00,36.79
2026-03-18 21:00:00+00:00,40.0
2026-03-18 22:00:00+00:00,26.27
2026-03-18 23:00:00+00:00,28.2125
2026-03-19 00:00:00+00:00,26.4
2026-03-19 01:00:00+00:00,20.615
2026-03-19 02:00:00+00:00,15.1075
2026-03-19 03:00:00+00:00,15.36
2026-03-19 04:00:00+00:00,23.3525
2026-03-19 05:00:00+00:00,30.950000000000003
2026-03-19 06:00:00+00:00,64.5875
2026-03-19 07:00:00+00:00,33.474999999999994
2026-03-19 08:00:00+00:00,6.8375
2026-03-19 09:00:00+00:00,0.0
2026-03-19 10:00:00+00:00,-0.0025
2026-03-19 11:00:00+00:00,-0.0075
2026-03-19 12:00:00+00:00,-0.01
2026-03-19 13:00:00+00:00,-0.005
2026-03-19 14:00:00+00:00,0.0
2026-03-19 15:00:00+00:00,0.335
2026-03-19 16:00:00+00:00,28.7
2026-03-19 17:00:00+00:00,73.5
2026-03-19 18:00:00+00:00,100.5325
2026-03-19 19:00:00+00:00,80.1225
2026-03-19 20:00:00+00:00,63.795
2026-03-19 21:00:00+00:00,57.3
2026-03-19 22:00:00+00:00,65.0075
2026-03-19 23:00:00+00:00,63.2475
2026-03-20 00:00:00+00:00,63.49
2026-03-20 01:00:00+00:00,56.2
2026-03-20 02:00:00+00:00,43.68
2026-03-20 03:00:00+00:00,42.0
2026-03-20 04:00:00+00:00,62.24
2026-03-20 05:00:00+00:00,85.08
2026-03-20 06:00:00+00:00,129.445
2026-03-20 07:00:00+00:00,75.3125
2026-03-20 08:00:00+00:00,36.2875
2026-03-20 09:00:00+00:00,19.5025
2026-03-20 10:00:00+00:00,3.9725
2026-03-20 11:00:00+00:00,4.0
2026-03-20 12:00:00+00:00,1.37
2026-03-20 13:00:00+00:00,2.24
2026-03-20 14:00:00+00:00,3.275
2026-03-20 15:00:00+00:00,11.0225
2026-03-20 16:00:00+00:00,52.7575
2026-03-20 17:00:00+00:00,106.23
2026-03-20 18:00:00+00:00,132.725
2026-03-20 19:00:00+00:00,95.1025
2026-03-20 20:00:00+00:00,78.8775
2026-03-20 21:00:00+00:00,78.5
2026-03-20 22:00:00+00:00,75.07249999999999
2026-03-20 23:00:00+00:00,58.3175
2026-03-21 00:00:00+00:00,51.8025
2026-03-21 01:00:00+00:00,47.22
2026-03-21 02:00:00+00:00,40.620000000000005
2026-03-21 03:00:00+00:00,41.1
2026-03-21 04:00:00+00:00,46.4
2026-03-21 05:00:00+00:00,56.3525
2026-03-21 06:00:00+00:00,56.925
2026-03-21 07:00:00+00:00,45.1925
2026-03-21 08:00:00+00:00,25.1725
2026-03-21 09:00:00+00:00,8.2275
2026-03-21 10:00:00+00:00,3.05
2026-03-21 11:00:00+00:00,7.1375
2026-03-21 12:00:00+00:00,1.6125
2026-03-21 13:00:00+00:00,0.8625
2026-03-21 14:00:00+00:00,4.965
2026-03-21 15:00:00+00:00,6.09
2026-03-21 16:00:00+00:00,24.245
2026-03-21 17:00:00+00:00,65.85249999999999
2026-03-21 18:00:00+00:00,93.03
2026-03-21 19:00:00+00:00,82.8325
2026-03-21 20:00:00+00:00,72.645
2026-03-21 21:00:00+00:00,73.03
2026-03-21 22:00:00+00:00,60.9075
2026-03-21 23:00:00+00:00,73.66499999999999
2026-03-22 00:00:00+00:00,58.0
2026-03-22 01:00:00+00:00,45.88
2026-03-22 02:00:00+00:00,41.2
2026-03-22 03:00:00+00:00,41.555
2026-03-22 04:00:00+00:00,39.28
2026-03-22 05:00:00+00:00,44.8475
2026-03-22 06:00:00+00:00,49.015
2026-03-22 07:00:00+00:00,32.5875
2026-03-22 08:00:00+00:00,6.8925
2026-03-22 09:00:00+00:00,-0.32
2026-03-22 10:00:00+00:00,-2.755
2026-03-22 11:00:00+00:00,-1.38
2026-03-22 12:00:00+00:00,-3.53
2026-03-22 13:00:00+00:00,-0.085
2026-03-22 14:00:00+00:00,1.4600000000000002
2026-03-22 15:00:00+00:00,3.985
2026-03-22 16:00:00+00:00,37.19
2026-03-22 17:00:00+00:00,78.62
2026-03-22 18:00:00+00:00,126.48
2026-03-22 19:00:00+00:00,85.0875
2026-03-22 20:00:00+00:00,71.3
2026-03-22 21:00:00+00:00,73.31
2026-03-22 22:00:00+00:00,70.8525
2026-03-22 23:00:00+00:00,67.4825
2026-03-23 00:00:00+00:00,87.355
2026-03-23 01:00:00+00:00,94.2225
2026-03-23 02:00:00+00:00,67.5
2026-03-23 03:00:00+00:00,52.8125
2026-03-23 04:00:00+00:00,73.57249999999999
2026-03-23 05:00:00+00:00,136.0
2026-03-23 06:00:00+00:00,176.8
2026-03-23 07:00:00+00:00,148.1925
2026-03-23 08:00:00+00:00,89.4875
2026-03-23 09:00:00+00:00,30.695
2026-03-23 10:00:00+00:00,12.1025
2026-03-23 11:00:00+00:00,16.995
2026-03-23 12:00:00+00:00,0.2625
2026-03-23 13:00:00+00:00,13.61
2026-03-23 14:00:00+00:00,12.1275
2026-03-23 15:00:00+00:00,31.415
2026-03-23 16:00:00+00:00,74.78999999999999
2026-03-23 17:00:00+00:00,141.3175
2026-03-23 18:00:00+00:00,214.65
2026-03-23 19:00:00+00:00,163.0075
2026-03-23 20:00:00+00:00,120.94
2026-03-23 21:00:00+00:00,147.7
2026-03-23 22:00:00+00:00,116.065
2026-03-23 23:00:00+00:00,87.475
2026-03-24 00:00:00+00:00,72.63
2026-03-24 01:00:00+00:00,60.835
2026-03-24 02:00:00+00:00,58.4
2026-03-24 03:00:00+00:00,58.14
2026-03-24 04:00:00+00:00,66.4525
2026-03-24 05:00:00+00:00,91.4225
2026-03-24 06:00:00+00:00,113.0475
2026-03-24 07:00:00+00:00,98.0
2026-03-24 08:00:00+00:00,67.955
2026-03-24 09:00:00+00:00,17.695
2026-03-24 10:00:00+00:00,0.32
2026-03-24 11:00:00+00:00,0.0
2026-03-24 12:00:00+00:00,-0.005
2026-03-24 13:00:00+00:00,-0.0025
2026-03-24 14:00:00+00:00,0.0
2026-03-24 15:00:00+00:00,2.3825
2026-03-24 16:00:00+00:00,19.765
2026-03-24 17:00:00+00:00,66.77250000000001
2026-03-24 18:00:00+00:00,127.7175
2026-03-24 19:00:00+00:00,91.5125
2026-03-24 20:00:00+00:00,43.515
2026-03-24 21:00:00+00:00,39.42
2026-03-24 22:00:00+00:00,29.335
2026-03-24 23:00:00+00:00,3.0
2026-03-25 00:00:00+00:00,0.3675
2026-03-25 01:00:00+00:00,-0.0025
2026-03-25 02:00:00+00:00,-0.0125
2026-03-25 03:00:00+00:00,-0.01
2026-03-25 04:00:00+00:00,-0.005
2026-03-25 05:00:00+00:00,1.85
2026-03-25 06:00:00+00:00,13.1025
2026-03-25 07:00:00+00:00,13.0175
2026-03-25 08:00:00+00:00,0.7325
2026-03-25 09:00:00+00:00,-0.005
2026-03-25 10:00:00+00:00,-0.01
2026-03-25 11:00:00+00:00,-0.0075
2026-03-25 12:00:00+00:00,-0.005
2026-03-25 13:00:00+00:00,-0.005
2026-03-25 14:00:00+00:00,-0.005
2026-03-25 15:00:00+00:00,0.0
2026-03-25 16:00:00+00:00,7.57
2026-03-25 17:00:00+00:00,50.43
2026-03-25 18:00:00+00:00,82.8475
2026-03-25 19:00:00+00:00,54.095
2026-03-25 20:00:00+00:00,44.1425
2026-03-25 21:00:00+00:00,58.14
2026-03-25 22:00:00+00:00,58.215
2026-03-25 23:00:00+00:00,65.945
2026-03-26 00:00:00+00:00,61.127500000000005
2026-03-26 01:00:00+00:00,53.48
2026-03-26 02:00:00+00:00,40.29
2026-03-26 03:00:00+00:00,45.5825
2026-03-26 04:00:00+00:00,73.0975
2026-03-26 05:00:00+00:00,105.655
2026-03-26 06:00:00+00:00,137.865
2026-03-26 07:00:00+00:00,125.99
2026-03-26 08:00:00+00:00,72.1475
2026-03-26 09:00:00+00:00,13.7325
2026-03-26 10:00:00+00:00,3.2775
2026-03-26 11:00:00+00:00,0.465
2026-03-26 12:00:00+00:00,0.0
2026-03-26 13:00:00+00:00,0.0
2026-03-26 14:00:00+00:00,1.8375
2026-03-26 15:00:00+00:00,24.7325
2026-03-26 16:00:00+00:00,48.3175
2026-03-26 17:00:00+00:00,130.46
2026-03-26 18:00:00+00:00,165.14
2026-03-26 19:00:00+00:00,152.5225
2026-03-26 20:00:00+00:00,130.215
2026-03-26 21:00:00+00:00,121.78
2026-03-26 22:00:00+00:00,118.385
2026-03-26 23:00:00+00:00,119.7925
2026-03-27 00:00:00+00:00,119.95
2026-03-27 01:00:00+00:00,117.3425
2026-03-27 02:00:00+00:00,117.8325
2026-03-27 03:00:00+00:00,120.2475
2026-03-27 04:00:00+00:00,136.5625
2026-03-27 05:00:00+00:00,172.31
2026-03-27 06:00:00+00:00,176.025
2026-03-27 07:00:00+00:00,148.3975
2026-03-27 08:00:00+00:00,115.885
2026-03-27 09:00:00+00:00,90.6775
2026-03-27 10:00:00+00:00,77.4525
2026-03-27 11:00:00+00:00,67.2925
2026-03-27 12:00:00+00:00,50.99
2026-03-27 13:00:00+00:00,55.2075
2026-03-27 14:00:00+00:00,92.29
2026-03-27 15:00:00+00:00,102.635
2026-03-27 16:00:00+00:00,93.1625
2026-03-27 17:00:00+00:00,137.8
2026-03-27 18:00:00+00:00,166.39
2026-03-27 19:00:00+00:00,140.985
2026-03-27 20:00:00+00:00,118.015
2026-03-27 21:00:00+00:00,116.66
2026-03-27 22:00:00+00:00,106.0125
2026-03-27 23:00:00+00:00,95.135
2026-03-28 00:00:00+00:00,92.5775
2026-03-28 01:00:00+00:00,82.115
2026-03-28 02:00:00+00:00,62.8975
2026-03-28 03:00:00+00:00,56.2325
2026-03-28 04:00:00+00:00,60.695
2026-03-28 05:00:00+00:00,62.995
2026-03-28 06:00:00+00:00,69.7925
2026-03-28 07:00:00+00:00,68.3
2026-03-28 08:00:00+00:00,43.7775
2026-03-28 09:00:00+00:00,17.5825
2026-03-28 10:00:00+00:00,4.09
2026-03-28 11:00:00+00:00,6.43
2026-03-28 12:00:00+00:00,4.2775
2026-03-28 13:00:00+00:00,5.035
2026-03-28 14:00:00+00:00,1.83
2026-03-28 15:00:00+00:00,7.8
2026-03-28 16:00:00+00:00,34.8975
2026-03-28 17:00:00+00:00,116.77
2026-03-28 18:00:00+00:00,154.07
2026-03-28 19:00:00+00:00,127.6875
2026-03-28 20:00:00+00:00,102.7175
2026-03-28 21:00:00+00:00,105.7225
2026-03-28 22:00:00+00:00,119.58
2026-03-28 23:00:00+00:00,100.0
2026-03-29 00:00:00+00:00,89.8375
2026-03-29 01:00:00+00:00,45.4125
2026-03-29 02:00:00+00:00,26.0525
2026-03-29 03:00:00+00:00,52.5225
2026-03-29 04:00:00+00:00,107.4775
2026-03-29 05:00:00+00:00,115.0375
2026-03-29 06:00:00+00:00,114.8025
2026-03-29 07:00:00+00:00,73.9675
2026-03-29 08:00:00+00:00,31.755000000000003
2026-03-29 09:00:00+00:00,12.9775
2026-03-29 10:00:00+00:00,15.095
2026-03-29 11:00:00+00:00,4.262499999999999
2026-03-29 12:00:00+00:00,0.3249999999999999
2026-03-29 13:00:00+00:00,0.3424999999999999
2026-03-29 14:00:00+00:00,2.5775
2026-03-29 15:00:00+00:00,13.425
2026-03-29 16:00:00+00:00,50.04
2026-03-29 17:00:00+00:00,107.2725
2026-03-29 18:00:00+00:00,91.3625
2026-03-29 19:00:00+00:00,43.0125
2026-03-29 20:00:00+00:00,34.17
2026-03-29 21:00:00+00:00,13.36
2026-03-29 22:00:00+00:00,14.6325
2026-03-29 23:00:00+00:00,8.3575
2026-03-30 00:00:00+00:00,4.875
2026-03-30 01:00:00+00:00,2.8975
2026-03-30 02:00:00+00:00,2.4125
2026-03-30 03:00:00+00:00,4.225
2026-03-30 04:00:00+00:00,24.86
2026-03-30 05:00:00+00:00,92.2575
2026-03-30 06:00:00+00:00,120.26
2026-03-30 07:00:00+00:00,99.7225
2026-03-30 08:00:00+00:00,74.725
2026-03-30 09:00:00+00:00,45.9975
2026-03-30 10:00:00+00:00,19.69
2026-03-30 11:00:00+00:00,11.4
2026-03-30 12:00:00+00:00,7.5425
2026-03-30 13:00:00+00:00,11.4775
2026-03-30 14:00:00+00:00,3.635
2026-03-30 15:00:00+00:00,4.7825
2026-03-30 16:00:00+00:00,35.3325
2026-03-30 17:00:00+00:00,121.9275
2026-03-30 18:00:00+00:00,133.70499999999998
2026-03-30 19:00:00+00:00,98.9325
2026-03-30 20:00:00+00:00,89.155
2026-03-30 21:00:00+00:00,104.94
2026-03-30 22:00:00+00:00,93.3775
2026-03-30 23:00:00+00:00,84.95
2026-03-31 00:00:00+00:00,86.7475
2026-03-31 01:00:00+00:00,71.2375
2026-03-31 02:00:00+00:00,71.1775
2026-03-31 03:00:00+00:00,89.0975
2026-03-31 04:00:00+00:00,139.4275
2026-03-31 05:00:00+00:00,152.9025
2026-03-31 06:00:00+00:00,165.525
2026-03-31 07:00:00+00:00,139.8725
2026-03-31 08:00:00+00:00,109.7175
2026-03-31 09:00:00+00:00,85.8
2026-03-31 10:00:00+00:00,79.705
2026-03-31 11:00:00+00:00,57.1325
2026-03-31 12:00:00+00:00,54.765
2026-03-31 13:00:00+00:00,63.0525
2026-03-31 14:00:00+00:00,73.7475
2026-03-31 15:00:00+00:00,91.11
2026-03-31 16:00:00+00:00,144.825
2026-03-31 17:00:00+00:00,171.1
2026-03-31 18:00:00+00:00,170.0
2026-03-31 19:00:00+00:00,119.4675
2026-03-31 20:00:00+00:00,152.2
2026-03-31 21:00:00+00:00,135.0
2026-03-31 22:00:00+00:00,132.3025
2026-03-31 23:00:00+00:00,127.39
2026-04-01 00:00:00+00:00,112.9475
2026-04-01 01:00:00+00:00,129.4275
2026-04-01 02:00:00+00:00,124.32
2026-04-01 03:00:00+00:00,103.865
2026-04-01 04:00:00+00:00,121.2375
2026-04-01 05:00:00+00:00,162.525
2026-04-01 06:00:00+00:00,199.9775
2026-04-01 07:00:00+00:00,171.5275
2026-04-01 08:00:00+00:00,141.9575
2026-04-01 09:00:00+00:00,131.55
2026-04-01 10:00:00+00:00,118.215
2026-04-01 11:00:00+00:00,101.7325
2026-04-01 12:00:00+00:00,94.3425
2026-04-01 13:00:00+00:00,98.4175
2026-04-01 14:00:00+00:00,106.6775
2026-04-01 15:00:00+00:00,130.1
2026-04-01 16:00:00+00:00,143.79
2026-04-01 17:00:00+00:00,173.73000000000002
2026-04-01 18:00:00+00:00,168.3
2026-04-01 19:00:00+00:00,165.1
2026-04-01 20:00:00+00:00,146.45499999999998
2026-04-01 21:00:00+00:00,119.18
2026-04-01 22:00:00+00:00,120.015
2026-04-01 23:00:00+00:00,118.995
2026-04-02 00:00:00+00:00,114.13
2026-04-02 01:00:00+00:00,98.265
2026-04-02 02:00:00+00:00,100.5425
2026-04-02 03:00:00+00:00,117.1375
2026-04-02 04:00:00+00:00,130.4525
2026-04-02 05:00:00+00:00,160.0075
2026-04-02 06:00:00+00:00,157.63
2026-04-02 07:00:00+00:00,130.5475
2026-04-02 08:00:00+00:00,112.1925
2026-04-02 09:00:00+00:00,100.0625
2026-04-02 10:00:00+00:00,88.57000000000001
2026-04-02 11:00:00+00:00,74.36500000000001
2026-04-02 12:00:00+00:00,69.46000000000001
2026-04-02 13:00:00+00:00,69.7425
2026-04-02 14:00:00+00:00,61.1125
2026-04-02 15:00:00+00:00,78.0875
2026-04-02 16:00:00+00:00,90.1925
2026-04-02 17:00:00+00:00,139.0325
2026-04-02 18:00:00+00:00,135.0075
2026-04-02 19:00:00+00:00,128.3075
2026-04-02 20:00:00+00:00,125.3975
2026-04-02 21:00:00+00:00,115.02
2026-04-02 22:00:00+00:00,122.8125
2026-04-02 23:00:00+00:00,121.9775
2026-04-03 00:00:00+00:00,114.8725
2026-04-03 01:00:00+00:00,105.945
2026-04-03 02:00:00+00:00,99.3
2026-04-03 03:00:00+00:00,78.89500000000001
2026-04-03 04:00:00+00:00,111.5025
2026-04-03 05:00:00+00:00,136.5925
2026-04-03 06:00:00+00:00,131.07
2026-04-03 07:00:00+00:00,113.7325
2026-04-03 08:00:00+00:00,86.24249999999999
2026-04-03 09:00:00+00:00,53.36
2026-04-03 10:00:00+00:00,27.5625
2026-04-03 11:00:00+00:00,10.7725
2026-04-03 12:00:00+00:00,3.115
2026-04-03 13:00:00+00:00,5.550000000000001
2026-04-03 14:00:00+00:00,5.7625
2026-04-03 15:00:00+00:00,27.6975
2026-04-03 16:00:00+00:00,63.22
2026-04-03 17:00:00+00:00,70.5275
2026-04-03 18:00:00+00:00,89.8475
2026-04-03 19:00:00+00:00,84.9375
2026-04-03 20:00:00+00:00,90.9025
2026-04-03 21:00:00+00:00,37.5
2026-04-03 22:00:00+00:00,23.625
2026-04-03 23:00:00+00:00,23.145
2026-04-04 00:00:00+00:00,27.5325
2026-04-04 01:00:00+00:00,28.0575
2026-04-04 02:00:00+00:00,29.725
2026-04-04 03:00:00+00:00,30.435
2026-04-04 04:00:00+00:00,33.807500000000005
2026-04-04 05:00:00+00:00,35.0075
2026-04-04 06:00:00+00:00,30.2575
2026-04-04 07:00:00+00:00,26.17
2026-04-04 08:00:00+00:00,12.075
2026-04-04 09:00:00+00:00,3.02
2026-04-04 10:00:00+00:00,1.0
2026-04-04 11:00:00+00:00,-0.01
2026-04-04 12:00:00+00:00,-0.0125
2026-04-04 13:00:00+00:00,-0.08
2026-04-04 14:00:00+00:00,-1.0
2026-04-04 15:00:00+00:00,-0.0525
2026-04-04 16:00:00+00:00,2.2175
2026-04-04 17:00:00+00:00,24.75
2026-04-04 18:00:00+00:00,40.4525
2026-04-04 19:00:00+00:00,26.79
2026-04-04 20:00:00+00:00,38.8725
2026-04-04 21:00:00+00:00,34.34
2026-04-04 22:00:00+00:00,2.355
2026-04-04 23:00:00+00:00,3.66
2026-04-05 00:00:00+00:00,0.0175
2026-04-05 01:00:00+00:00,-0.0075
2026-04-05 02:00:00+00:00,-0.0075
2026-04-05 03:00:00+00:00,-0.005
2026-04-05 04:00:00+00:00,-0.0049999999999999
2026-04-05 05:00:00+00:00,-0.0025
2026-04-05 06:00:00+00:00,-1.6625
2026-04-05 07:00:00+00:00,-7.3675
2026-04-05 08:00:00+00:00,-26.905
2026-04-05 09:00:00+00:00,-48.41
2026-04-05 10:00:00+00:00,-57.8375
2026-04-05 11:00:00+00:00,-76.3325
2026-04-05 12:00:00+00:00,-82.33
2026-04-05 13:00:00+00:00,-61.0925
2026-04-05 14:00:00+00:00,-28.57
2026-04-05 15:00:00+00:00,-4.8925
2026-04-05 16:00:00+00:00,3.3375
2026-04-05 17:00:00+00:00,39.45
2026-04-05 18:00:00+00:00,54.5425
2026-04-05 19:00:00+00:00,74.6225
2026-04-05 20:00:00+00:00,75.9075
2026-04-05 21:00:00+00:00,56.0225
2026-04-05 22:00:00+00:00,45.3075
2026-04-05 23:00:00+00:00,40.6
2026-04-06 00:00:00+00:00,35.56
2026-04-06 01:00:00+00:00,34.93
2026-04-06 02:00:00+00:00,33.88
2026-04-06 03:00:00+00:00,34.4725
2026-04-06 04:00:00+00:00,35.01
2026-04-06 05:00:00+00:00,35.0175
2026-04-06 06:00:00+00:00,25.4775
2026-04-06 07:00:00+00:00,5.71
2026-04-06 08:00:00+00:00,-15.5125
2026-04-06 09:00:00+00:00,-43.25
2026-04-06 10:00:00+00:00,-65.7225
2026-04-06 11:00:00+00:00,-108.6825
2026-04-06 12:00:00+00:00,-105.52
2026-04-06 13:00:00+00:00,-74.2425
2026-04-06 14:00:00+00:00,-22.495
2026-04-06 15:00:00+00:00,-0.0024999999999995
2026-04-06 16:00:00+00:00,10.75
2026-04-06 17:00:00+00:00,24.86
2026-04-06 18:00:00+00:00,40.2375
2026-04-06 19:00:00+00:00,45.0075
2026-04-06 20:00:00+00:00,36.8625
2026-04-06 21:00:00+00:00,35.0
2026-04-06 22:00:00+00:00,32.23
2026-04-06 23:00:00+00:00,29.18
2026-04-07 00:00:00+00:00,23.555
2026-04-07 01:00:00+00:00,22.595
2026-04-07 02:00:00+00:00,23.425
2026-04-07 03:00:00+00:00,30.8925
2026-04-07 04:00:00+00:00,53.5475
2026-04-07 05:00:00+00:00,63.52
2026-04-07 06:00:00+00:00,104.0725
2026-04-07 07:00:00+00:00,36.315
2026-04-07 08:00:00+00:00,4.925
2026-04-07 09:00:00+00:00,-0.0074999999999999
2026-04-07 10:00:00+00:00,-3.01
2026-04-07 11:00:00+00:00,-10.845
2026-04-07 12:00:00+00:00,-10.8075
2026-04-07 13:00:00+00:00,-3.7825
2026-04-07 14:00:00+00:00,-0.0025
2026-04-07 15:00:00+00:00,3.8
2026-04-07 16:00:00+00:00,26.7825
2026-04-07 17:00:00+00:00,63.572500000000005
2026-04-07 18:00:00+00:00,91.6575
2026-04-07 19:00:00+00:00,118.14
2026-04-07 20:00:00+00:00,89.24000000000001
2026-04-07 21:00:00+00:00,74.52
2026-04-07 22:00:00+00:00,66.1475
2026-04-07 23:00:00+00:00,60.7
2026-04-08 00:00:00+00:00,60.7025
2026-04-08 01:00:00+00:00,48.39
2026-04-08 02:00:00+00:00,48.785
2026-04-08 03:00:00+00:00,61.4475
2026-04-08 04:00:00+00:00,84.95
2026-04-08 05:00:00+00:00,109.1325
2026-04-08 06:00:00+00:00,124.0025
2026-04-08 07:00:00+00:00,71.2625
2026-04-08 08:00:00+00:00,29.3325
2026-04-08 09:00:00+00:00,-0.0499999999999998
2026-04-08 10:00:00+00:00,-16.6725
2026-04-08 11:00:00+00:00,-29.8325
2026-04-08 12:00:00+00:00,-27.025
2026-04-08 13:00:00+00:00,-12.0575
2026-04-08 14:00:00+00:00,-0.0049999999999998
2026-04-08 15:00:00+00:00,7.137499999999999
2026-04-08 16:00:00+00:00,46.975
2026-04-08 17:00:00+00:00,90.94
2026-04-08 18:00:00+00:00,129.2475
2026-04-08 19:00:00+00:00,136.34
2026-04-08 20:00:00+00:00,114.21
2026-04-08 21:00:00+00:00,83.91
2026-04-08 22:00:00+00:00,95.1075
2026-04-08 23:00:00+00:00,90.79
2026-04-09 00:00:00+00:00,80.59
2026-04-09 01:00:00+00:00,66.7875
2026-04-09 02:00:00+00:00,62.7325
2026-04-09 03:00:00+00:00,76.1675
2026-04-09 04:00:00+00:00,93.4375
2026-04-09 05:00:00+00:00,129.6975
2026-04-09 06:00:00+00:00,124.23
2026-04-09 07:00:00+00:00,73.9525
2026-04-09 08:00:00+00:00,25.695
2026-04-09 09:00:00+00:00,0.5175
2026-04-09 10:00:00+00:00,-1.0
2026-04-09 11:00:00+00:00,-7.459999999999999
2026-04-09 12:00:00+00:00,-7.727499999999999
2026-04-09 13:00:00+00:00,-1.2675
2026-04-09 14:00:00+00:00,-0.0575
2026-04-09 15:00:00+00:00,0.6675
2026-04-09 16:00:00+00:00,22.29
2026-04-09 17:00:00+00:00,57.9625
2026-04-09 18:00:00+00:00,77.9975
2026-04-09 19:00:00+00:00,62.005
2026-04-09 20:00:00+00:00,57.54
2026-04-09 21:00:00+00:00,53.85
2026-04-09 22:00:00+00:00,21.855
2026-04-09 23:00:00+00:00,14.8475
2026-04-10 00:00:00+00:00,16.982499999999998
2026-04-10 01:00:00+00:00,12.86
2026-04-10 02:00:00+00:00,11.11
2026-04-10 03:00:00+00:00,19.35
2026-04-10 04:00:00+00:00,49.74249999999999
2026-04-10 05:00:00+00:00,85.77
2026-04-10 06:00:00+00:00,86.005
2026-04-10 07:00:00+00:00,64.99
2026-04-10 08:00:00+00:00,33.995
2026-04-10 09:00:00+00:00,16.8325
2026-04-10 10:00:00+00:00,18.4975
2026-04-10 11:00:00+00:00,0.0025
2026-04-10 12:00:00+00:00,1.675
2026-04-10 13:00:00+00:00,0.015
2026-04-10 14:00:00+00:00,0.2125
2026-04-10 15:00:00+00:00,8.567499999999999
2026-04-10 16:00:00+00:00,36.7725
2026-04-10 17:00:00+00:00,72.12
2026-04-10 18:00:00+00:00,104.85
2026-04-10 19:00:00+00:00,103.6525
2026-04-10 20:00:00+00:00,93.255
2026-04-10 21:00:00+00:00,78.16
2026-04-10 22:00:00+00:00,52.535
2026-04-10 23:00:00+00:00,26.475
2026-04-11 00:00:00+00:00,20.52
2026-04-11 01:00:00+00:00,16.067500000000003
2026-04-11 02:00:00+00:00,16.5225
2026-04-11 03:00:00+00:00,13.89
2026-04-11 04:00:00+00:00,17.375
2026-04-11 05:00:00+00:00,17.2875
2026-04-11 06:00:00+00:00,21.77
2026-04-11 07:00:00+00:00,14.745
2026-04-11 08:00:00+00:00,0.0325000000000001
2026-04-11 09:00:00+00:00,-3.0625
2026-04-11 10:00:00+00:00,-9.435
2026-04-11 11:00:00+00:00,-33.7075
2026-04-11 12:00:00+00:00,-28.7375
2026-04-11 13:00:00+00:00,-21.49
2026-04-11 14:00:00+00:00,-5.6075
2026-04-11 15:00:00+00:00,0.0024999999999999
2026-04-11 16:00:00+00:00,13.08
2026-04-11 17:00:00+00:00,16.5525
2026-04-11 18:00:00+00:00,26.785
2026-04-11 19:00:00+00:00,34.6425
2026-04-11 20:00:00+00:00,31.815
2026-04-11 21:00:00+00:00,24.3925
2026-04-11 22:00:00+00:00,15.1575
2026-04-11 23:00:00+00:00,11.045
2026-04-12 00:00:00+00:00,9.4375
2026-04-12 01:00:00+00:00,10.9375
2026-04-12 02:00:00+00:00,10.525
2026-04-12 03:00:00+00:00,10.8175
2026-04-12 04:00:00+00:00,11.8075
2026-04-12 05:00:00+00:00,10.5175
2026-04-12 06:00:00+00:00,12.2275
2026-04-12 07:00:00+00:00,14.73
2026-04-12 08:00:00+00:00,15.15
2026-04-12 09:00:00+00:00,14.0325
2026-04-12 10:00:00+00:00,14.1675
2026-04-12 11:00:00+00:00,1.2575
2026-04-12 12:00:00+00:00,5.3925
2026-04-12 13:00:00+00:00,15.96
2026-04-12 14:00:00+00:00,20.64
2026-04-12 15:00:00+00:00,43.0775
2026-04-12 16:00:00+00:00,91.2525
2026-04-12 17:00:00+00:00,123.9625
2026-04-12 18:00:00+00:00,129.93
2026-04-12 19:00:00+00:00,136.73250000000002
2026-04-12 20:00:00+00:00,130.6
2026-04-12 21:00:00+00:00,120.91
2026-04-12 22:00:00+00:00,109.9975
2026-04-12 23:00:00+00:00,109.795
2026-04-13 00:00:00+00:00,97.8375
2026-04-13 01:00:00+00:00,92.7225
2026-04-13 02:00:00+00:00,100.0825
2026-04-13 03:00:00+00:00,101.4075
2026-04-13 04:00:00+00:00,127.335
2026-04-13 05:00:00+00:00,135.97750000000002
2026-04-13 06:00:00+00:00,164.37
2026-04-13 07:00:00+00:00,158.5725
2026-04-13 08:00:00+00:00,131.4925
2026-04-13 09:00:00+00:00,127.9925
2026-04-13 10:00:00+00:00,122.1875
2026-04-13 11:00:00+00:00,121.135
2026-04-13 12:00:00+00:00,115.1175
2026-04-13 13:00:00+00:00,89.14750000000001
2026-04-13 14:00:00+00:00,62.1425
2026-04-13 15:00:00+00:00,86.0
2026-04-13 16:00:00+00:00,120.72
2026-04-13 17:00:00+00:00,139.2875
2026-04-13 18:00:00+00:00,135.75
2026-04-13 19:00:00+00:00,123.395
2026-04-13 20:00:00+00:00,127.8425
2026-04-13 21:00:00+00:00,113.72
2026-04-13 22:00:00+00:00,117.27
2026-04-13 23:00:00+00:00,115.15
2026-04-14 00:00:00+00:00,116.435
2026-04-14 01:00:00+00:00,112.475
2026-04-14 02:00:00+00:00,111.8525
2026-04-14 03:00:00+00:00,114.41
2026-04-14 04:00:00+00:00,133.2575
2026-04-14 05:00:00+00:00,160.085
2026-04-14 06:00:00+00:00,165.0775
2026-04-14 07:00:00+00:00,124.0025
2026-04-14 08:00:00+00:00,83.505
2026-04-14 09:00:00+00:00,13.0075
2026-04-14 10:00:00+00:00,22.3175
2026-04-14 11:00:00+00:00,12.052499999999998
2026-04-14 12:00:00+00:00,15.0
2026-04-14 13:00:00+00:00,11.8975
2026-04-14 14:00:00+00:00,0.0025
2026-04-14 15:00:00+00:00,46.9075
2026-04-14 16:00:00+00:00,102.31
2026-04-14 17:00:00+00:00,123.795
2026-04-14 18:00:00+00:00,133.04
2026-04-14 19:00:00+00:00,120.3975
2026-04-14 20:00:00+00:00,113.49
2026-04-14 21:00:00+00:00,92.61
2026-04-14 22:00:00+00:00,103.74
2026-04-14 23:00:00+00:00,91.575
2026-04-15 00:00:00+00:00,84.14250000000001
2026-04-15 01:00:00+00:00,74.485
2026-04-15 02:00:00+00:00,74.5
2026-04-15 03:00:00+00:00,77.4125
2026-04-15 04:00:00+00:00,92.695
2026-04-15 05:00:00+00:00,118.21
2026-04-15 06:00:00+00:00,132.935
2026-04-15 07:00:00+00:00,113.985
2026-04-15 08:00:00+00:00,50.0
2026-04-15 09:00:00+00:00,6.025
2026-04-15 10:00:00+00:00,6.6975
2026-04-15 11:00:00+00:00,0.0
2026-04-15 12:00:00+00:00,-0.005
2026-04-15 13:00:00+00:00,-0.005
2026-04-15 14:00:00+00:00,-0.0049999999999999
2026-04-15 15:00:00+00:00,10.0025
2026-04-15 16:00:00+00:00,48.85
2026-04-15 17:00:00+00:00,109.055
2026-04-15 18:00:00+00:00,128.6975
2026-04-15 19:00:00+00:00,134.6
2026-04-15 20:00:00+00:00,121.15
2026-04-15 21:00:00+00:00,97.0
2026-04-15 22:00:00+00:00,94.665
2026-04-15 23:00:00+00:00,89.655
2026-04-16 00:00:00+00:00,81.3125
2026-04-16 01:00:00+00:00,82.6825
2026-04-16 02:00:00+00:00,86.7375
2026-04-16 03:00:00+00:00,81.81
2026-04-16 04:00:00+00:00,101.9925
2026-04-16 05:00:00+00:00,121.1575
2026-04-16 06:00:00+00:00,124.7025
2026-04-16 07:00:00+00:00,105.42
2026-04-16 08:00:00+00:00,55.6175
2026-04-16 09:00:00+00:00,8.3
2026-04-16 10:00:00+00:00,10.3775
2026-04-16 11:00:00+00:00,0.0
2026-04-16 12:00:00+00:00,0.0025
2026-04-16 13:00:00+00:00,0.01
2026-04-16 14:00:00+00:00,0.01
2026-04-16 15:00:00+00:00,31.795
2026-04-16 16:00:00+00:00,76.875
2026-04-16 17:00:00+00:00,109.645
2026-04-16 18:00:00+00:00,121.81
2026-04-16 19:00:00+00:00,132.4025
2026-04-16 20:00:00+00:00,128.4575
2026-04-16 21:00:00+00:00,108.49
2026-04-16 22:00:00+00:00,119.9175
2026-04-16 23:00:00+00:00,114.8925
2026-04-17 00:00:00+00:00,112.5325
2026-04-17 01:00:00+00:00,106.0275
2026-04-17 02:00:00+00:00,104.58
2026-04-17 03:00:00+00:00,109.33
2026-04-17 04:00:00+00:00,111.1775
2026-04-17 05:00:00+00:00,116.435
2026-04-17 06:00:00+00:00,112.46
2026-04-17 07:00:00+00:00,84.52250000000001
2026-04-17 08:00:00+00:00,25.9075
2026-04-17 09:00:00+00:00,5.0
2026-04-17 10:00:00+00:00,5.52
2026-04-17 11:00:00+00:00,0.0
2026-04-17 12:00:00+00:00,0.0
2026-04-17 13:00:00+00:00,0.0
2026-04-17 14:00:00+00:00,0.0
2026-04-17 15:00:00+00:00,12.7975
2026-04-17 16:00:00+00:00,45.035
2026-04-17 17:00:00+00:00,87.42
2026-04-17 18:00:00+00:00,115.8075
2026-04-17 19:00:00+00:00,123.005
2026-04-17 20:00:00+00:00,114.2575
2026-04-17 21:00:00+00:00,97.33
2026-04-17 22:00:00+00:00,96.6325
2026-04-17 23:00:00+00:00,90.955
2026-04-18 00:00:00+00:00,83.2825
2026-04-18 01:00:00+00:00,77.2425
2026-04-18 02:00:00+00:00,75.03999999999999
2026-04-18 03:00:00+00:00,76.7025
2026-04-18 04:00:00+00:00,83.2925
2026-04-18 05:00:00+00:00,84.9775
2026-04-18 06:00:00+00:00,63.0275
2026-04-18 07:00:00+00:00,20.4775
2026-04-18 08:00:00+00:00,1.78
2026-04-18 09:00:00+00:00,-0.7025
2026-04-18 10:00:00+00:00,-1.035
2026-04-18 11:00:00+00:00,-2.0525
2026-04-18 12:00:00+00:00,-2.0775
2026-04-18 13:00:00+00:00,-1.105
2026-04-18 14:00:00+00:00,-0.005
2026-04-18 15:00:00+00:00,1.5175
2026-04-18 16:00:00+00:00,24.8375
2026-04-18 17:00:00+00:00,41.9675
2026-04-18 18:00:00+00:00,79.515
2026-04-18 19:00:00+00:00,77.6275
2026-04-18 20:00:00+00:00,81.6625
2026-04-18 21:00:00+00:00,81.6375
2026-04-18 22:00:00+00:00,63.6175
2026-04-18 23:00:00+00:00,60.465
2026-04-19 00:00:00+00:00,51.51
2026-04-19 01:00:00+00:00,26.8975
2026-04-19 02:00:00+00:00,27.515
2026-04-19 03:00:00+00:00,33.635
2026-04-19 04:00:00+00:00,39.4
2026-04-19 05:00:00+00:00,27.805
2026-04-19 06:00:00+00:00,20.7025
2026-04-19 07:00:00+00:00,2.38
2026-04-19 08:00:00+00:00,-0.0099999999999999
2026-04-19 09:00:00+00:00,-0.005
2026-04-19 10:00:00+00:00,-0.005
2026-04-19 11:00:00+00:00,-0.8475
2026-04-19 12:00:00+00:00,-3.005
2026-04-19 13:00:00+00:00,-2.255
2026-04-19 14:00:00+00:00,-4.2775
2026-04-19 15:00:00+00:00,-0.0099999999999999
2026-04-19 16:00:00+00:00,0.5025
2026-04-19 17:00:00+00:00,35.489999999999995
2026-04-19 18:00:00+00:00,74.72
2026-04-19 19:00:00+00:00,49.1625
2026-04-19 20:00:00+00:00,54.2975
2026-04-19 21:00:00+00:00,50.0
2026-04-19 22:00:00+00:00,26.4625
2026-04-19 23:00:00+00:00,24.23
2026-04-20 00:00:00+00:00,25.23
2026-04-20 01:00:00+00:00,7.0275
2026-04-20 02:00:00+00:00,14.4975
2026-04-20 03:00:00+00:00,15.0
2026-04-20 04:00:00+00:00,29.3475
2026-04-20 05:00:00+00:00,78.0075
2026-04-20 06:00:00+00:00,33.45
2026-04-20 07:00:00+00:00,2.32
2026-04-20 08:00:00+00:00,4.4125
2026-04-20 09:00:00+00:00,0.1375
2026-04-20 10:00:00+00:00,0.15
2026-04-20 11:00:00+00:00,0.0025
2026-04-20 12:00:00+00:00,0.0
2026-04-20 13:00:00+00:00,0.0
2026-04-20 14:00:00+00:00,0.0025
2026-04-20 15:00:00+00:00,2.6275
2026-04-20 16:00:00+00:00,12.4875
2026-04-20 17:00:00+00:00,54.6
2026-04-20 18:00:00+00:00,62.1575
2026-04-20 19:00:00+00:00,45.2225
2026-04-20 20:00:00+00:00,45.1675
2026-04-20 21:00:00+00:00,0.92
2026-04-20 22:00:00+00:00,22.7925
2026-04-20 23:00:00+00:00,19.52
2026-04-21 00:00:00+00:00,19.2325
2026-04-21 01:00:00+00:00,17.355
2026-04-21 02:00:00+00:00,12.1725
2026-04-21 03:00:00+00:00,12.785
2026-04-21 04:00:00+00:00,49.38
2026-04-21 05:00:00+00:00,63.45
2026-04-21 06:00:00+00:00,33.4725
2026-04-21 07:00:00+00:00,17.475
2026-04-21 08:00:00+00:00,2.2225
2026-04-21 09:00:00+00:00,-0.0075
2026-04-21 10:00:00+00:00,-0.01
2026-04-21 11:00:00+00:00,-0.07
2026-04-21 12:00:00+00:00,-0.105
2026-04-21 13:00:00+00:00,-0.1075
2026-04-21 14:00:00+00:00,-0.0925
2026-04-21 15:00:00+00:00,-0.0099999999999999
2026-04-21 16:00:00+00:00,5.0
2026-04-21 17:00:00+00:00,26.6175
2026-04-21 18:00:00+00:00,35.4225
2026-04-21 19:00:00+00:00,15.7175
2026-04-21 20:00:00+00:00,23.9675
2026-04-21 21:00:00+00:00,11.89
2026-04-21 22:00:00+00:00,17.86
2026-04-21 23:00:00+00:00,18.2025
2026-04-22 00:00:00+00:00,10.9775
2026-04-22 01:00:00+00:00,0.02
2026-04-22 02:00:00+00:00,0.0
2026-04-22 03:00:00+00:00,9.1675
2026-04-22 04:00:00+00:00,19.0
2026-04-22 05:00:00+00:00,31.745
2026-04-22 06:00:00+00:00,33.21
2026-04-22 07:00:00+00:00,10.88
2026-04-22 08:00:00+00:00,-0.0025
2026-04-22 09:00:00+00:00,-0.0099999999999999
2026-04-22 10:00:00+00:00,-3.6975
2026-04-22 11:00:00+00:00,-17.46
2026-04-22 12:00:00+00:00,-16.5325
2026-04-22 13:00:00+00:00,-3.385
2026-04-22 14:00:00+00:00,-0.295
2026-04-22 15:00:00+00:00,-0.0025
2026-04-22 16:00:00+00:00,10.2625
2026-04-22 17:00:00+00:00,39.265
2026-04-22 18:00:00+00:00,32.995
2026-04-22 19:00:00+00:00,30.4475
2026-04-22 20:00:00+00:00,29.52
2026-04-22 21:00:00+00:00,3.03
2026-04-22 22:00:00+00:00,66.31
2026-04-22 23:00:00+00:00,47.1575
2026-04-23 00:00:00+00:00,30.23
2026-04-23 01:00:00+00:00,19.32
2026-04-23 02:00:00+00:00,15.815
2026-04-23 03:00:00+00:00,27.145
2026-04-23 04:00:00+00:00,55.6075
2026-04-23 05:00:00+00:00,82.7125
2026-04-23 06:00:00+00:00,79.9925
2026-04-23 07:00:00+00:00,30.6125
2026-04-23 08:00:00+00:00,2.3600000000000003
2026-04-23 09:00:00+00:00,-3.6375
2026-04-23 10:00:00+00:00,-27.8375
2026-04-23 11:00:00+00:00,-48.97
2026-04-23 12:00:00+00:00,-48.04
2026-04-23 13:00:00+00:00,-22.025
2026-04-23 14:00:00+00:00,-1.8075
2026-04-23 15:00:00+00:00,0.7525
2026-04-23 16:00:00+00:00,12.7
2026-04-23 17:00:00+00:00,44.8325
2026-04-23 18:00:00+00:00,36.16
2026-04-23 19:00:00+00:00,33.27
2026-04-23 20:00:00+00:00,39.11
2026-04-23 21:00:00+00:00,3.99
2026-04-23 22:00:00+00:00,20.8625
2026-04-23 23:00:00+00:00,20.795
2026-04-24 00:00:00+00:00,16.2825
2026-04-24 01:00:00+00:00,13.565
2026-04-24 02:00:00+00:00,13.32
2026-04-24 03:00:00+00:00,19.12
2026-04-24 04:00:00+00:00,37.355
2026-04-24 05:00:00+00:00,53.4675
2026-04-24 06:00:00+00:00,57.96
2026-04-24 07:00:00+00:00,22.845
2026-04-24 08:00:00+00:00,8.7975
2026-04-24 09:00:00+00:00,-0.035
2026-04-24 10:00:00+00:00,-6.9075
2026-04-24 11:00:00+00:00,-26.035
2026-04-24 12:00:00+00:00,-29.8125
2026-04-24 13:00:00+00:00,-16.485
2026-04-24 14:00:00+00:00,-1.555
2026-04-24 15:00:00+00:00,10.8875
2026-04-24 16:00:00+00:00,26.6525
2026-04-24 17:00:00+00:00,59.9375
2026-04-24 18:00:00+00:00,66.8
2026-04-24 19:00:00+00:00,64.7025
2026-04-24 20:00:00+00:00,61.5875
2026-04-24 21:00:00+00:00,48.97
2026-04-24 22:00:00+00:00,55.24
2026-04-24 23:00:00+00:00,62.62
2026-04-25 00:00:00+00:00,50.455
2026-04-25 01:00:00+00:00,38.8925
2026-04-25 02:00:00+00:00,44.01
2026-04-25 03:00:00+00:00,49.9975
2026-04-25 04:00:00+00:00,41.1475
2026-04-25 05:00:00+00:00,29.47
2026-04-25 06:00:00+00:00,18.6525
2026-04-25 07:00:00+00:00,6.9725
2026-04-25 08:00:00+00:00,-5.7625
2026-04-25 09:00:00+00:00,-42.045
2026-04-25 10:00:00+00:00,-99.8
2026-04-25 11:00:00+00:00,-174.855
2026-04-25 12:00:00+00:00,-188.9825
2026-04-25 13:00:00+00:00,-132.905
2026-04-25 14:00:00+00:00,-53.195
2026-04-25 15:00:00+00:00,-3.3
2026-04-25 16:00:00+00:00,14.7475
2026-04-25 17:00:00+00:00,52.5725
2026-04-25 18:00:00+00:00,60.0
2026-04-25 19:00:00+00:00,65.95
2026-04-25 20:00:00+00:00,75.5375
2026-04-25 21:00:00+00:00,66.13
2026-04-25 22:00:00+00:00,41.5675
2026-04-25 23:00:00+00:00,30.3925
2026-04-26 00:00:00+00:00,23.4275
2026-04-26 01:00:00+00:00,16.5325
2026-04-26 02:00:00+00:00,16.5325
2026-04-26 03:00:00+00:00,19.192500000000003
2026-04-26 04:00:00+00:00,17.1975
2026-04-26 05:00:00+00:00,13.53
2026-04-26 06:00:00+00:00,12.62
2026-04-26 07:00:00+00:00,0.1025
2026-04-26 08:00:00+00:00,-28.185
2026-04-26 09:00:00+00:00,-126.825
2026-04-26 10:00:00+00:00,-259.3425
2026-04-26 11:00:00+00:00,-412.55
2026-04-26 12:00:00+00:00,-412.25
2026-04-26 13:00:00+00:00,-234.5725
2026-04-26 14:00:00+00:00,-37.0825
2026-04-26 15:00:00+00:00,-0.0025
2026-04-26 16:00:00+00:00,8.7025
2026-04-26 17:00:00+00:00,31.305
2026-04-26 18:00:00+00:00,43.0475
2026-04-26 19:00:00+00:00,79.8025
2026-04-26 20:00:00+00:00,95.0775
2026-04-26 21:00:00+00:00,81.8
2026-04-26 22:00:00+00:00,49.665
2026-04-26 23:00:00+00:00,43.115
2026-04-27 00:00:00+00:00,34.1975
2026-04-27 01:00:00+00:00,23.59
2026-04-27 02:00:00+00:00,26.7025
2026-04-27 03:00:00+00:00,66.3425
2026-04-27 04:00:00+00:00,89.45
2026-04-27 05:00:00+00:00,99.9075
2026-04-27 06:00:00+00:00,82.66250000000001
2026-04-27 07:00:00+00:00,24.7975
2026-04-27 08:00:00+00:00,4.6875
2026-04-27 09:00:00+00:00,-0.0075
2026-04-27 10:00:00+00:00,-0.0975
2026-04-27 11:00:00+00:00,-0.83
2026-04-27 12:00:00+00:00,-0.1625
2026-04-27 13:00:00+00:00,-0.0075
2026-04-27 14:00:00+00:00,-0.0025
2026-04-27 15:00:00+00:00,7.1675
2026-04-27 16:00:00+00:00,28.4475
2026-04-27 17:00:00+00:00,63.85
2026-04-27 18:00:00+00:00,72.6125
2026-04-27 19:00:00+00:00,62.75
2026-04-27 20:00:00+00:00,65.5
2026-04-27 21:00:00+00:00,39.08
2026-04-27 22:00:00+00:00,59.0375
2026-04-27 23:00:00+00:00,39.715
2026-04-28 00:00:00+00:00,27.345
2026-04-28 01:00:00+00:00,23.4875
2026-04-28 02:00:00+00:00,20.145
2026-04-28 03:00:00+00:00,18.1075
2026-04-28 04:00:00+00:00,11.235
2026-04-28 05:00:00+00:00,23.88
2026-04-28 06:00:00+00:00,70.0
2026-04-28 07:00:00+00:00,43.965
2026-04-28 08:00:00+00:00,9.4975
2026-04-28 09:00:00+00:00,-0.01
2026-04-28 10:00:00+00:00,-1.0425
2026-04-28 11:00:00+00:00,-21.5025
2026-04-28 12:00:00+00:00,-10.302499999999998
2026-04-28 13:00:00+00:00,-2.42
2026-04-28 14:00:00+00:00,-2.405
2026-04-28 15:00:00+00:00,-0.0049999999999999
2026-04-28 16:00:00+00:00,28.262500000000003
2026-04-28 17:00:00+00:00,46.4975
2026-04-28 18:00:00+00:00,29.9625
2026-04-28 19:00:00+00:00,18.0075
2026-04-28 20:00:00+00:00,17.39
2026-04-28 21:00:00+00:00,-0.01
2026-04-28 22:00:00+00:00,23.7425
2026-04-28 23:00:00+00:00,20.4525
2026-04-29 00:00:00+00:00,4.48
2026-04-29 01:00:00+00:00,0.0024999999999999
2026-04-29 02:00:00+00:00,-0.0025
2026-04-29 03:00:00+00:00,6.675000000000001
2026-04-29 04:00:00+00:00,5.7725
2026-04-29 05:00:00+00:00,35.9825
2026-04-29 06:00:00+00:00,18.7525
2026-04-29 07:00:00+00:00,0.735
2026-04-29 08:00:00+00:00,-0.0074999999999999
2026-04-29 09:00:00+00:00,-4.6425
2026-04-29 10:00:00+00:00,-25.49
2026-04-29 11:00:00+00:00,-48.6325
2026-04-29 12:00:00+00:00,-44.6025
2026-04-29 13:00:00+00:00,-29.5775
2026-04-29 14:00:00+00:00,-10.945
2026-04-29 15:00:00+00:00,-0.01
2026-04-29 16:00:00+00:00,8.07
2026-04-29 17:00:00+00:00,29.5
2026-04-29 18:00:00+00:00,19.8175
2026-04-29 19:00:00+00:00,22.615
2026-04-29 20:00:00+00:00,27.075
2026-04-29 21:00:00+00:00,24.08
2026-04-29 22:00:00+00:00,20.25
2026-04-29 23:00:00+00:00,13.6125
2026-04-30 00:00:00+00:00,13.8075
2026-04-30 01:00:00+00:00,1.0
2026-04-30 02:00:00+00:00,3.2
2026-04-30 03:00:00+00:00,4.9
2026-04-30 04:00:00+00:00,16.33
2026-04-30 05:00:00+00:00,13.0825
2026-04-30 06:00:00+00:00,9.685
2026-04-30 07:00:00+00:00,9.865
2026-04-30 08:00:00+00:00,0.005
2026-04-30 09:00:00+00:00,-2.9075
2026-04-30 10:00:00+00:00,-13.495
2026-04-30 11:00:00+00:00,-30.61
2026-04-30 12:00:00+00:00,-25.8575
2026-04-30 13:00:00+00:00,-10.5825
2026-04-30 14:00:00+00:00,-0.995
2026-04-30 15:00:00+00:00,3.155
2026-04-30 16:00:00+00:00,27.3875
2026-04-30 17:00:00+00:00,53.182500000000005
2026-04-30 18:00:00+00:00,42.9625
2026-04-30 19:00:00+00:00,34.6525
2026-04-30 20:00:00+00:00,48.7575
2026-04-30 21:00:00+00:00,29.65
2026-04-30 22:00:00+00:00,45.2125
2026-04-30 23:00:00+00:00,28.24
2026-05-01 00:00:00+00:00,28.5975
2026-05-01 01:00:00+00:00,25.085
2026-05-01 02:00:00+00:00,20.5925
2026-05-01 03:00:00+00:00,14.61
2026-05-01 04:00:00+00:00,12.5775
2026-05-01 05:00:00+00:00,10.1
2026-05-01 06:00:00+00:00,9.015
2026-05-01 07:00:00+00:00,-0.025
2026-05-01 08:00:00+00:00,-20.93
2026-05-01 09:00:00+00:00,-107.2675
2026-05-01 10:00:00+00:00,-316.0
2026-05-01 11:00:00+00:00,-496.8625
2026-05-01 12:00:00+00:00,-471.0625
2026-05-01 13:00:00+00:00,-203.315
2026-05-01 14:00:00+00:00,-25.8825
2026-05-01 15:00:00+00:00,-0.3925
2026-05-01 16:00:00+00:00,11.205
2026-05-01 17:00:00+00:00,55.7125
2026-05-01 18:00:00+00:00,80.0
2026-05-01 19:00:00+00:00,93.1525
2026-05-01 20:00:00+00:00,103.89
2026-05-01 21:00:00+00:00,97.8325
2026-05-01 22:00:00+00:00,87.325
2026-05-01 23:00:00+00:00,84.9425
2026-05-02 00:00:00+00:00,70.35
2026-05-02 01:00:00+00:00,47.6
2026-05-02 02:00:00+00:00,54.5125
2026-05-02 03:00:00+00:00,49.57
2026-05-02 04:00:00+00:00,37.0
2026-05-02 05:00:00+00:00,39.447500000000005
2026-05-02 06:00:00+00:00,26.465
2026-05-02 07:00:00+00:00,2.305
2026-05-02 08:00:00+00:00,-1.8925
2026-05-02 09:00:00+00:00,-18.595
2026-05-02 10:00:00+00:00,-65.0425
2026-05-02 11:00:00+00:00,-114.98
2026-05-02 12:00:00+00:00,-76.8275
2026-05-02 13:00:00+00:00,-12.8775
2026-05-02 14:00:00+00:00,-0.03
2026-05-02 15:00:00+00:00,2.5925
2026-05-02 16:00:00+00:00,12.745
2026-05-02 17:00:00+00:00,52.125
2026-05-02 18:00:00+00:00,73.2075
2026-05-02 19:00:00+00:00,90.605
2026-05-02 20:00:00+00:00,90.8525
2026-05-02 21:00:00+00:00,82.875
2026-05-02 22:00:00+00:00,72.865
2026-05-02 23:00:00+00:00,53.7
2026-05-03 00:00:00+00:00,14.5925
2026-05-03 01:00:00+00:00,18.8375
2026-05-03 02:00:00+00:00,18.8
2026-05-03 03:00:00+00:00,19.4525
2026-05-03 04:00:00+00:00,12.9425
2026-05-03 05:00:00+00:00,14.7975
2026-05-03 06:00:00+00:00,35.97
2026-05-03 07:00:00+00:00,18.9625
2026-05-03 08:00:00+00:00,4.1975
2026-05-03 09:00:00+00:00,0.3375
2026-05-03 10:00:00+00:00,0.0075
2026-05-03 11:00:00+00:00,-2.6274999999999995
2026-05-03 12:00:00+00:00,-0.055
2026-05-03 13:00:00+00:00,-0.01
2026-05-03 14:00:00+00:00,-0.005
2026-05-03 15:00:00+00:00,3.475
2026-05-03 16:00:00+00:00,18.2475
2026-05-03 17:00:00+00:00,68.695
2026-05-03 18:00:00+00:00,96.42
2026-05-03 19:00:00+00:00,103.06
2026-05-03 20:00:00+00:00,105.2725
2026-05-03 21:00:00+00:00,90.56
2026-05-03 22:00:00+00:00,114.8225
2026-05-03 23:00:00+00:00,105.12
2026-05-04 00:00:00+00:00,97.445
2026-05-04 01:00:00+00:00,94.2
2026-05-04 02:00:00+00:00,94.675
2026-05-04 03:00:00+00:00,101.415
2026-05-04 04:00:00+00:00,114.625
2026-05-04 05:00:00+00:00,133.94750000000002
2026-05-04 06:00:00+00:00,132.9325
2026-05-04 07:00:00+00:00,125.49
2026-05-04 08:00:00+00:00,121.5225
2026-05-04 09:00:00+00:00,114.3325
2026-05-04 10:00:00+00:00,107.085
2026-05-04 11:00:00+00:00,98.76
2026-05-04 12:00:00+00:00,110.6975
2026-05-04 13:00:00+00:00,110.97
2026-05-04 14:00:00+00:00,88.89
2026-05-04 15:00:00+00:00,72.0
2026-05-04 16:00:00+00:00,91.0875
2026-05-04 17:00:00+00:00,135.64749999999998
2026-05-04 18:00:00+00:00,109.81
2026-05-04 19:00:00+00:00,133.79500000000002
2026-05-04 20:00:00+00:00,141.59
2026-05-04 21:00:00+00:00,111.0
2026-05-04 22:00:00+00:00,107.99
2026-05-04 23:00:00+00:00,102.28
2026-05-05 00:00:00+00:00,89.6875
2026-05-05 01:00:00+00:00,87.775
2026-05-05 02:00:00+00:00,90.4175
2026-05-05 03:00:00+00:00,95.515
2026-05-05 04:00:00+00:00,103.125
2026-05-05 05:00:00+00:00,118.8
2026-05-05 06:00:00+00:00,113.65
2026-05-05 07:00:00+00:00,112.21
2026-05-05 08:00:00+00:00,110.4475
2026-05-05 09:00:00+00:00,85.89
2026-05-05 10:00:00+00:00,77.7275
2026-05-05 11:00:00+00:00,63.295
2026-05-05 12:00:00+00:00,69.64
2026-05-05 13:00:00+00:00,59.7975
2026-05-05 14:00:00+00:00,30.005000000000003
2026-05-05 15:00:00+00:00,49.05
2026-05-05 16:00:00+00:00,97.205
2026-05-05 17:00:00+00:00,136.9975
2026-05-05 18:00:00+00:00,102.11
2026-05-05 19:00:00+00:00,100.69
2026-05-05 20:00:00+00:00,107.115
2026-05-05 21:00:00+00:00,92.94
2026-05-05 22:00:00+00:00,114.9075
2026-05-05 23:00:00+00:00,108.42
2026-05-06 00:00:00+00:00,100.62
2026-05-06 01:00:00+00:00,98.7525
2026-05-06 02:00:00+00:00,96.085
2026-05-06 03:00:00+00:00,93.8
2026-05-06 04:00:00+00:00,117.75
2026-05-06 05:00:00+00:00,124.23
2026-05-06 06:00:00+00:00,123.0075
2026-05-06 07:00:00+00:00,123.1
2026-05-06 08:00:00+00:00,111.0275
2026-05-06 09:00:00+00:00,110.69
2026-05-06 10:00:00+00:00,106.8625
2026-05-06 11:00:00+00:00,90.1475
2026-05-06 12:00:00+00:00,92.0
2026-05-06 13:00:00+00:00,92.7075
2026-05-06 14:00:00+00:00,86.4975
2026-05-06 15:00:00+00:00,79.12
2026-05-06 16:00:00+00:00,117.82
2026-05-06 17:00:00+00:00,153.3075
2026-05-06 18:00:00+00:00,152.885
2026-05-06 19:00:00+00:00,154.745
2026-05-06 20:00:00+00:00,144.0
2026-05-06 21:00:00+00:00,120.93
2026-05-06 22:00:00+00:00,125.205
2026-05-06 23:00:00+00:00,116.4975
2026-05-07 00:00:00+00:00,113.84
2026-05-07 01:00:00+00:00,108.765
2026-05-07 02:00:00+00:00,108.12
2026-05-07 03:00:00+00:00,114.83
2026-05-07 04:00:00+00:00,123.525
2026-05-07 05:00:00+00:00,134.54
2026-05-07 06:00:00+00:00,145.145
2026-05-07 07:00:00+00:00,96.325
2026-05-07 08:00:00+00:00,61.2475
2026-05-07 09:00:00+00:00,58.405
2026-05-07 10:00:00+00:00,53.2
2026-05-07 11:00:00+00:00,37.415
2026-05-07 12:00:00+00:00,45.7775
2026-05-07 13:00:00+00:00,40.7725
2026-05-07 14:00:00+00:00,38.26
2026-05-07 15:00:00+00:00,53.715
2026-05-07 16:00:00+00:00,98.0525
2026-05-07 17:00:00+00:00,147.26
2026-05-07 18:00:00+00:00,128.52
2026-05-07 19:00:00+00:00,145.1475
2026-05-07 20:00:00+00:00,145.01
2026-05-07 21:00:00+00:00,118.93
2026-05-07 22:00:00+00:00,108.6975
2026-05-07 23:00:00+00:00,105.54
2026-05-08 00:00:00+00:00,98.15
2026-05-08 01:00:00+00:00,72.99000000000001
2026-05-08 02:00:00+00:00,57.345
2026-05-08 03:00:00+00:00,67.99
2026-05-08 04:00:00+00:00,102.2375
2026-05-08 05:00:00+00:00,80.815
2026-05-08 06:00:00+00:00,46.8975
2026-05-08 07:00:00+00:00,23.99
2026-05-08 08:00:00+00:00,2.7525
2026-05-08 09:00:00+00:00,0.01
2026-05-08 10:00:00+00:00,2.0425
2026-05-08 11:00:00+00:00,0.0125
2026-05-08 12:00:00+00:00,0.0
2026-05-08 13:00:00+00:00,0.0
2026-05-08 14:00:00+00:00,0.0
2026-05-08 15:00:00+00:00,4.5675
2026-05-08 16:00:00+00:00,32.11
2026-05-08 17:00:00+00:00,72.75
2026-05-08 18:00:00+00:00,94.285
2026-05-08 19:00:00+00:00,91.8
2026-05-08 20:00:00+00:00,95.3625
2026-05-08 21:00:00+00:00,75.7775
2026-05-08 22:00:00+00:00,60.0125
2026-05-08 23:00:00+00:00,51.0875
2026-05-09 00:00:00+00:00,42.8525
2026-05-09 01:00:00+00:00,26.8525
2026-05-09 02:00:00+00:00,34.1675
2026-05-09 03:00:00+00:00,30.975
2026-05-09 04:00:00+00:00,32.0775
2026-05-09 05:00:00+00:00,35.3925
2026-05-09 06:00:00+00:00,32.6
2026-05-09 07:00:00+00:00,22.3725
2026-05-09 08:00:00+00:00,9.9325
2026-05-09 09:00:00+00:00,-0.0075
2026-05-09 10:00:00+00:00,-0.0225
2026-05-09 11:00:00+00:00,-0.095
2026-05-09 12:00:00+00:00,-0.0125
2026-05-09 13:00:00+00:00,0.0
2026-05-09 14:00:00+00:00,0.0925
2026-05-09 15:00:00+00:00,0.615
2026-05-09 16:00:00+00:00,22.1
2026-05-09 17:00:00+00:00,41.93
2026-05-09 18:00:00+00:00,65.2
2026-05-09 19:00:00+00:00,65.25
2026-05-09 20:00:00+00:00,68.88499999999999
2026-05-09 21:00:00+00:00,65.83500000000001
2026-05-09 22:00:00+00:00,39.645
2026-05-09 23:00:00+00:00,33.7575
2026-05-10 00:00:00+00:00,18.065
2026-05-10 01:00:00+00:00,14.47
2026-05-10 02:00:00+00:00,13.37
2026-05-10 03:00:00+00:00,13.985
2026-05-10 04:00:00+00:00,10.42
2026-05-10 05:00:00+00:00,15.62
2026-05-10 06:00:00+00:00,12.405
2026-05-10 07:00:00+00:00,11.18
2026-05-10 08:00:00+00:00,0.0125
2026-05-10 09:00:00+00:00,-0.015
2026-05-10 10:00:00+00:00,-0.0625
2026-05-10 11:00:00+00:00,-0.5575
2026-05-10 12:00:00+00:00,-0.54
2026-05-10 13:00:00+00:00,-0.2525
2026-05-10 14:00:00+00:00,2.5475
2026-05-10 15:00:00+00:00,2.815
2026-05-10 16:00:00+00:00,17.8525
2026-05-10 17:00:00+00:00,26.8525
2026-05-10 18:00:00+00:00,52.0225
2026-05-10 19:00:00+00:00,73.7975
2026-05-10 20:00:00+00:00,86.215
2026-05-10 21:00:00+00:00,63.74
2026-05-10 22:00:00+00:00,19.51
2026-05-10 23:00:00+00:00,32.5975
2026-05-11 00:00:00+00:00,17.3375
2026-05-11 01:00:00+00:00,1.7049999999999998
2026-05-11 02:00:00+00:00,14.9975
2026-05-11 03:00:00+00:00,13.405
2026-05-11 04:00:00+00:00,32.129999999999995
2026-05-11 05:00:00+00:00,52.23
2026-05-11 06:00:00+00:00,64.82
2026-05-11 07:00:00+00:00,33.7525
2026-05-11 08:00:00+00:00,16.995
2026-05-11 09:00:00+00:00,4.145
2026-05-11 10:00:00+00:00,3.83
2026-05-11 11:00:00+00:00,1.275
2026-05-11 12:00:00+00:00,1.2575
2026-05-11 13:00:00+00:00,0.675
2026-05-11 14:00:00+00:00,0.1275
2026-05-11 15:00:00+00:00,1.195
2026-05-11 16:00:00+00:00,25.015
2026-05-11 17:00:00+00:00,77.5
2026-05-11 18:00:00+00:00,120.8525
2026-05-11 19:00:00+00:00,122.245
2026-05-11 20:00:00+00:00,120.8525
2026-05-11 21:00:00+00:00,102.95
2026-05-11 22:00:00+00:00,99.34
2026-05-11 23:00:00+00:00,85.69500000000001
2026-05-12 00:00:00+00:00,64.28
2026-05-12 01:00:00+00:00,69.4725
2026-05-12 02:00:00+00:00,81.69
2026-05-12 03:00:00+00:00,88.85
2026-05-12 04:00:00+00:00,110.6225
2026-05-12 05:00:00+00:00,122.7375
2026-05-12 06:00:00+00:00,112.145
2026-05-12 07:00:00+00:00,94.075
2026-05-12 08:00:00+00:00,43.43
2026-05-12 09:00:00+00:00,18.8
2026-05-12 10:00:00+00:00,15.5275
2026-05-12 11:00:00+00:00,2.9225
2026-05-12 12:00:00+00:00,1.0125
2026-05-12 13:00:00+00:00,0.26
2026-05-12 14:00:00+00:00,0.2925
2026-05-12 15:00:00+00:00,15.095
2026-05-12 16:00:00+00:00,74.03999999999999
2026-05-12 17:00:00+00:00,111.365
2026-05-12 18:00:00+00:00,107.11
2026-05-12 19:00:00+00:00,123.47
2026-05-12 20:00:00+00:00,121.6575
2026-05-12 21:00:00+00:00,100.0
2026-05-12 22:00:00+00:00,69.2
2026-05-12 23:00:00+00:00,81.655
2026-05-13 00:00:00+00:00,55.895
2026-05-13 01:00:00+00:00,32.0125
2026-05-13 02:00:00+00:00,36.6075
2026-05-13 03:00:00+00:00,38.7075
2026-05-13 04:00:00+00:00,44.07
2026-05-13 05:00:00+00:00,75.6
2026-05-13 06:00:00+00:00,66.8925
2026-05-13 07:00:00+00:00,14.64
2026-05-13 08:00:00+00:00,-0.0025
2026-05-13 09:00:00+00:00,-0.01
2026-05-13 10:00:00+00:00,-0.01
2026-05-13 11:00:00+00:00,-0.01
2026-05-13 12:00:00+00:00,-0.01
2026-05-13 13:00:00+00:00,-0.0325
2026-05-13 14:00:00+00:00,-0.07
2026-05-13 15:00:00+00:00,-0.01
2026-05-13 16:00:00+00:00,1.715
2026-05-13 17:00:00+00:00,35.0925
2026-05-13 18:00:00+00:00,66.49000000000001
2026-05-13 19:00:00+00:00,62.0825
2026-05-13 20:00:00+00:00,80.055
2026-05-13 21:00:00+00:00,82.85
2026-05-13 22:00:00+00:00,10.4025
2026-05-13 23:00:00+00:00,13.47
2026-05-14 00:00:00+00:00,16.5425
2026-05-14 01:00:00+00:00,1.7875
2026-05-14 02:00:00+00:00,6.0125
2026-05-14 03:00:00+00:00,4.325
2026-05-14 04:00:00+00:00,12.2225
2026-05-14 05:00:00+00:00,39.365
2026-05-14 06:00:00+00:00,22.725
2026-05-14 07:00:00+00:00,12.17
2026-05-14 08:00:00+00:00,2.075
2026-05-14 09:00:00+00:00,0.1325
2026-05-14 10:00:00+00:00,9.7675
2026-05-14 11:00:00+00:00,4.0025
2026-05-14 12:00:00+00:00,0.8450000000000001
2026-05-14 13:00:00+00:00,0.0
2026-05-14 14:00:00+00:00,-0.0075
2026-05-14 15:00:00+00:00,-0.0025
2026-05-14 16:00:00+00:00,15.5
2026-05-14 17:00:00+00:00,42.375
2026-05-14 18:00:00+00:00,82.3325
2026-05-14 19:00:00+00:00,98.0525
2026-05-14 20:00:00+00:00,98.67
2026-05-14 21:00:00+00:00,88.1
2026-05-14 22:00:00+00:00,80.78999999999999
2026-05-14 23:00:00+00:00,70.30250000000001
2026-05-15 00:00:00+00:00,62.155
2026-05-15 01:00:00+00:00,49.29
2026-05-15 02:00:00+00:00,41.2
2026-05-15 03:00:00+00:00,47.5
2026-05-15 04:00:00+00:00,67.4225
2026-05-15 05:00:00+00:00,73.3
2026-05-15 06:00:00+00:00,59.370000000000005
2026-05-15 07:00:00+00:00,46.5975
2026-05-15 08:00:00+00:00,19.9375
2026-05-15 09:00:00+00:00,6.0275
2026-05-15 10:00:00+00:00,13.0225
2026-05-15 11:00:00+00:00,3.075
2026-05-15 12:00:00+00:00,4.3100000000000005
2026-05-15 13:00:00+00:00,0.0025
2026-05-15 14:00:00+00:00,-0.0025
2026-05-15 15:00:00+00:00,0.0
2026-05-15 16:00:00+00:00,14.8425
2026-05-15 17:00:00+00:00,39.605
2026-05-15 18:00:00+00:00,63.45
2026-05-15 19:00:00+00:00,87.82
2026-05-15 20:00:00+00:00,92.84
2026-05-15 21:00:00+00:00,84.055
2026-05-15 22:00:00+00:00,98.1775
2026-05-15 23:00:00+00:00,82.2
2026-05-16 00:00:00+00:00,75.3325
2026-05-16 01:00:00+00:00,69.995
2026-05-16 02:00:00+00:00,64.975
2026-05-16 03:00:00+00:00,65.23
2026-05-16 04:00:00+00:00,68.5625
2026-05-16 05:00:00+00:00,67.4175
2026-05-16 06:00:00+00:00,55.8475
2026-05-16 07:00:00+00:00,19.2375
2026-05-16 08:00:00+00:00,2.93
2026-05-16 09:00:00+00:00,0.0
2026-05-16 10:00:00+00:00,0.6425000000000001
2026-05-16 11:00:00+00:00,-0.0425
2026-05-16 12:00:00+00:00,-0.105
2026-05-16 13:00:00+00:00,-0.01
2026-05-16 14:00:00+00:00,-0.01
2026-05-16 15:00:00+00:00,-0.005
2026-05-16 16:00:00+00:00,25.9025
2026-05-16 17:00:00+00:00,78.9975
2026-05-16 18:00:00+00:00,81.045
2026-05-16 19:00:00+00:00,101.1525
2026-05-16 20:00:00+00:00,111.44
2026-05-16 21:00:00+00:00,100.66
2026-05-16 22:00:00+00:00,94.0
2026-05-16 23:00:00+00:00,87.2175
2026-05-17 00:00:00+00:00,76.1575
2026-05-17 01:00:00+00:00,66.035
2026-05-17 02:00:00+00:00,70.0
2026-05-17 03:00:00+00:00,70.4825
2026-05-17 04:00:00+00:00,68.33
2026-05-17 05:00:00+00:00,58.9725
2026-05-17 06:00:00+00:00,33.095
2026-05-17 07:00:00+00:00,10.885
2026-05-17 08:00:00+00:00,3.49
2026-05-17 09:00:00+00:00,0.56
2026-05-17 10:00:00+00:00,1.225
2026-05-17 11:00:00+00:00,0.0
2026-05-17 12:00:00+00:00,0.0
2026-05-17 13:00:00+00:00,0.0
2026-05-17 14:00:00+00:00,0.0
2026-05-17 15:00:00+00:00,2.76
2026-05-17 16:00:00+00:00,44.675
2026-05-17 17:00:00+00:00,82.03
2026-05-17 18:00:00+00:00,101.7075
2026-05-17 19:00:00+00:00,114.9675
2026-05-17 20:00:00+00:00,119.005
2026-05-17 21:00:00+00:00,98.75
2026-05-17 22:00:00+00:00,93.0125
2026-05-17 23:00:00+00:00,87.225
2026-05-18 00:00:00+00:00,83.26
2026-05-18 01:00:00+00:00,79.37
2026-05-18 02:00:00+00:00,81.165
2026-05-18 03:00:00+00:00,87.03999999999999
2026-05-18 04:00:00+00:00,100.79
2026-05-18 05:00:00+00:00,111.885
2026-05-18 06:00:00+00:00,101.0375
2026-05-18 07:00:00+00:00,75.9425
2026-05-18 08:00:00+00:00,60.8975
2026-05-18 09:00:00+00:00,53.2775
2026-05-18 10:00:00+00:00,62.0375
2026-05-18 11:00:00+00:00,45.3875
2026-05-18 12:00:00+00:00,48.29
2026-05-18 13:00:00+00:00,36.345
2026-05-18 14:00:00+00:00,25.885
2026-05-18 15:00:00+00:00,36.1125
2026-05-18 16:00:00+00:00,64.715
2026-05-18 17:00:00+00:00,103.545
2026-05-18 18:00:00+00:00,105.63
2026-05-18 19:00:00+00:00,129.08499999999998
2026-05-18 20:00:00+00:00,125.6975
2026-05-18 21:00:00+00:00,96.24
2026-05-18 22:00:00+00:00,95.3475
2026-05-18 23:00:00+00:00,74.865
2026-05-19 00:00:00+00:00,65.9625
2026-05-19 01:00:00+00:00,61.4675
2026-05-19 02:00:00+00:00,50.2975
2026-05-19 03:00:00+00:00,59.955
2026-05-19 04:00:00+00:00,61.89
2026-05-19 05:00:00+00:00,77.27000000000001
2026-05-19 06:00:00+00:00,71.27
2026-05-19 07:00:00+00:00,72.22
2026-05-19 08:00:00+00:00,18.0975
2026-05-19 09:00:00+00:00,0.2024999999999999
2026-05-19 10:00:00+00:00,3.9775
2026-05-19 11:00:00+00:00,0.0
2026-05-19 12:00:00+00:00,0.0
2026-05-19 13:00:00+00:00,0.0
2026-05-19 14:00:00+00:00,0.0
2026-05-19 15:00:00+00:00,0.025
2026-05-19 16:00:00+00:00,8.3
2026-05-19 17:00:00+00:00,47.71
2026-05-19 18:00:00+00:00,74.07
2026-05-19 19:00:00+00:00,64.7575
2026-05-19 20:00:00+00:00,91.3925
2026-05-19 21:00:00+00:00,68.17
2026-05-19 22:00:00+00:00,69.77
2026-05-19 23:00:00+00:00,74.6075
2026-05-20 00:00:00+00:00,50.0
2026-05-20 01:00:00+00:00,24.995
2026-05-20 02:00:00+00:00,16.307499999999997
2026-05-20 03:00:00+00:00,35.0875
2026-05-20 04:00:00+00:00,57.1425
2026-05-20 05:00:00+00:00,83.09
2026-05-20 06:00:00+00:00,79.0
2026-05-20 07:00:00+00:00,28.6425
2026-05-20 08:00:00+00:00,0.3399999999999999
2026-05-20 09:00:00+00:00,-0.0025
2026-05-20 10:00:00+00:00,-0.0075
2026-05-20 11:00:00+00:00,-0.01
2026-05-20 12:00:00+00:00,-0.01
2026-05-20 13:00:00+00:00,-0.01
2026-05-20 14:00:00+00:00,-0.01
2026-05-20 15:00:00+00:00,-0.0025
2026-05-20 16:00:00+00:00,28.455
2026-05-20 17:00:00+00:00,76.825
2026-05-20 18:00:00+00:00,102.0225
2026-05-20 19:00:00+00:00,129.17
2026-05-20 20:00:00+00:00,132.065
2026-05-20 21:00:00+00:00,114.55
2026-05-20 22:00:00+00:00,112.1875
2026-05-20 23:00:00+00:00,99.3125
2026-05-21 00:00:00+00:00,96.02
2026-05-21 01:00:00+00:00,87.24
2026-05-21 02:00:00+00:00,83.03999999999999
2026-05-21 03:00:00+00:00,92.52
2026-05-21 04:00:00+00:00,97.385
2026-05-21 05:00:00+00:00,106.2525
2026-05-21 06:00:00+00:00,78.3575
2026-05-21 07:00:00+00:00,15.1275
2026-05-21 08:00:00+00:00,0.0
2026-05-21 09:00:00+00:00,-0.01
2026-05-21 10:00:00+00:00,0.0
2026-05-21 11:00:00+00:00,-0.01
2026-05-21 12:00:00+00:00,-0.01
2026-05-21 13:00:00+00:00,-0.01
2026-05-21 14:00:00+00:00,-0.01
2026-05-21 15:00:00+00:00,0.02
2026-05-21 16:00:00+00:00,47.4425
2026-05-21 17:00:00+00:00,88.2225
2026-05-21 18:00:00+00:00,103.2025
2026-05-21 19:00:00+00:00,123.1975
2026-05-21 20:00:00+00:00,119.545
2026-05-21 21:00:00+00:00,96.72
2026-05-21 22:00:00+00:00,110.36
2026-05-21 23:00:00+00:00,97.845
2026-05-22 00:00:00+00:00,84.4275
2026-05-22 01:00:00+00:00,82.12
2026-05-22 02:00:00+00:00,81.775
2026-05-22 03:00:00+00:00,88.22
2026-05-22 04:00:00+00:00,102.06
2026-05-22 05:00:00+00:00,104.37
2026-05-22 06:00:00+00:00,75.36749999999999
2026-05-22 07:00:00+00:00,23.17
2026-05-22 08:00:00+00:00,0.7625000000000001
2026-05-22 09:00:00+00:00,0.0
2026-05-22 10:00:00+00:00,-0.0025
2026-05-22 11:00:00+00:00,-0.01
2026-05-22 12:00:00+00:00,-0.01
2026-05-22 13:00:00+00:00,-0.01
2026-05-22 14:00:00+00:00,-0.0075
2026-05-22 15:00:00+00:00,0.1275
2026-05-22 16:00:00+00:00,48.1
2026-05-22 17:00:00+00:00,82.94
2026-05-22 18:00:00+00:00,105.0
2026-05-22 19:00:00+00:00,116.42
2026-05-22 20:00:00+00:00,120.005
2026-05-22 21:00:00+00:00,111.335
2026-05-22 22:00:00+00:00,103.48
2026-05-22 23:00:00+00:00,80.44
2026-05-23 00:00:00+00:00,61.057500000000005
2026-05-23 01:00:00+00:00,46.875
2026-05-23 02:00:00+00:00,50.0
2026-05-23 03:00:00+00:00,45.67
2026-05-23 04:00:00+00:00,45.4975
2026-05-23 05:00:00+00:00,49.2175
2026-05-23 06:00:00+00:00,21.17
2026-05-23 07:00:00+00:00,1.6
2026-05-23 08:00:00+00:00,-0.3325
2026-05-23 09:00:00+00:00,-3.865
2026-05-23 10:00:00+00:00,-12.285
2026-05-23 11:00:00+00:00,-31.55
2026-05-23 12:00:00+00:00,-18.2625
2026-05-23 13:00:00+00:00,-4.0
2026-05-23 14:00:00+00:00,-0.295
2026-05-23 15:00:00+00:00,-0.0075
2026-05-23 16:00:00+00:00,11.009999999999998
2026-05-23 17:00:00+00:00,38.4525
2026-05-23 18:00:00+00:00,62.46
2026-05-23 19:00:00+00:00,94.895
2026-05-23 20:00:00+00:00,103.5325
2026-05-23 21:00:00+00:00,78.945
2026-05-23 22:00:00+00:00,64.0675
2026-05-23 23:00:00+00:00,43.63
2026-05-24 00:00:00+00:00,35.02
2026-05-24 01:00:00+00:00,32.04
2026-05-24 02:00:00+00:00,27.615
2026-05-24 03:00:00+00:00,30.305
2026-05-24 04:00:00+00:00,29.7025
2026-05-24 05:00:00+00:00,26.4775
2026-05-24 06:00:00+00:00,8.6925
2026-05-24 07:00:00+00:00,-0.0275
2026-05-24 08:00:00+00:00,-2.5025
2026-05-24 09:00:00+00:00,-13.7625
2026-05-24 10:00:00+00:00,-37.355
2026-05-24 11:00:00+00:00,-75.37
2026-05-24 12:00:00+00:00,-61.2875
2026-05-24 13:00:00+00:00,-23.335
2026-05-24 14:00:00+00:00,-1.9575
2026-05-24 15:00:00+00:00,-0.005
2026-05-24 16:00:00+00:00,13.7475
2026-05-24 17:00:00+00:00,26.5275
2026-05-24 18:00:00+00:00,54.227500000000006
2026-05-24 19:00:00+00:00,84.85499999999999
2026-05-24 20:00:00+00:00,89.7975
2026-05-24 21:00:00+00:00,60.0
2026-05-24 22:00:00+00:00,37.9775
2026-05-24 23:00:00+00:00,34.5675
2026-05-25 00:00:00+00:00,24.37
2026-05-25 01:00:00+00:00,24.3425
2026-05-25 02:00:00+00:00,22.38
2026-05-25 03:00:00+00:00,26.9
2026-05-25 04:00:00+00:00,40.14
2026-05-25 05:00:00+00:00,32.335
2026-05-25 06:00:00+00:00,18.9325
2026-05-25 07:00:00+00:00,5.0
2026-05-25 08:00:00+00:00,-0.1399999999999999
2026-05-25 09:00:00+00:00,-1.7425000000000002
2026-05-25 10:00:00+00:00,-2.2125
2026-05-25 11:00:00+00:00,-15.89
2026-05-25 12:00:00+00:00,-9.7425
2026-05-25 13:00:00+00:00,-1.915
2026-05-25 14:00:00+00:00,0.3425
2026-05-25 15:00:00+00:00,11.02
2026-05-25 16:00:00+00:00,31.7025
2026-05-25 17:00:00+00:00,53.41
2026-05-25 18:00:00+00:00,88.11
2026-05-25 19:00:00+00:00,108.095
2026-05-25 20:00:00+00:00,108.6525
2026-05-25 21:00:00+00:00,83.0
2026-05-25 22:00:00+00:00,92.855
2026-05-25 23:00:00+00:00,87.265
2026-05-26 00:00:00+00:00,73.4025
2026-05-26 01:00:00+00:00,70.0
2026-05-26 02:00:00+00:00,77.21
2026-05-26 03:00:00+00:00,83.525
2026-05-26 04:00:00+00:00,104.235
2026-05-26 05:00:00+00:00,105.585
2026-05-26 06:00:00+00:00,77.8525
2026-05-26 07:00:00+00:00,27.082500000000003
2026-05-26 08:00:00+00:00,0.97
2026-05-26 09:00:00+00:00,-0.005
2026-05-26 10:00:00+00:00,-0.01
2026-05-26 11:00:00+00:00,-0.105
2026-05-26 12:00:00+00:00,-0.17
2026-05-26 13:00:00+00:00,-0.015
2026-05-26 14:00:00+00:00,0.0
2026-05-26 15:00:00+00:00,20.63
2026-05-26 16:00:00+00:00,79.045
2026-05-26 17:00:00+00:00,126.59
2026-05-26 18:00:00+00:00,142.34
2026-05-26 19:00:00+00:00,151.20749999999998
2026-05-26 20:00:00+00:00,149.99
2026-05-26 21:00:00+00:00,114.71
2026-05-26 22:00:00+00:00,134.02
2026-05-26 23:00:00+00:00,124.4375
2026-05-27 00:00:00+00:00,114.0325
2026-05-27 01:00:00+00:00,101.3775
2026-05-27 02:00:00+00:00,98.36
2026-05-27 03:00:00+00:00,107.93
2026-05-27 04:00:00+00:00,115.5325
2026-05-27 05:00:00+00:00,124.29
2026-05-27 06:00:00+00:00,103.005
2026-05-27 07:00:00+00:00,42.544999999999995
2026-05-27 08:00:00+00:00,3.96
2026-05-27 09:00:00+00:00,0.28
2026-05-27 10:00:00+00:00,0.0
2026-05-27 11:00:00+00:00,-0.005
2026-05-27 12:00:00+00:00,-0.0075
2026-05-27 13:00:00+00:00,0.23
2026-05-27 14:00:00+00:00,4.3125
2026-05-27 15:00:00+00:00,29.265
2026-05-27 16:00:00+00:00,74.4225
2026-05-27 17:00:00+00:00,127.085
2026-05-27 18:00:00+00:00,129.8225
2026-05-27 19:00:00+00:00,142.60250000000002
2026-05-27 20:00:00+00:00,136.275
2026-05-27 21:00:00+00:00,112.71
2026-05-27 22:00:00+00:00,109.97
2026-05-27 23:00:00+00:00,107.45
2026-05-28 00:00:00+00:00,95.7725
2026-05-28 01:00:00+00:00,85.68
2026-05-28 02:00:00+00:00,100.8025
2026-05-28 03:00:00+00:00,113.7525
2026-05-28 04:00:00+00:00,126.895
2026-05-28 05:00:00+00:00,122.6325
2026-05-28 06:00:00+00:00,104.15
2026-05-28 07:00:00+00:00,52.7175
2026-05-28 08:00:00+00:00,17.7575
2026-05-28 09:00:00+00:00,0.5675
2026-05-28 10:00:00+00:00,0.01
2026-05-28 11:00:00+00:00,0.005
2026-05-28 12:00:00+00:00,0.0075
2026-05-28 13:00:00+00:00,1.3
2026-05-28 14:00:00+00:00,20.66
2026-05-28 15:00:00+00:00,54.010000000000005
2026-05-28 16:00:00+00:00,117.56
2026-05-28 17:00:00+00:00,147.815
2026-05-28 18:00:00+00:00,134.2025
2026-05-28 19:00:00+00:00,159.6
2026-05-28 20:00:00+00:00,155.215
2026-05-28 21:00:00+00:00,128.92
2026-05-28 22:00:00+00:00,132.61
2026-05-28 23:00:00+00:00,125.735
2026-05-29 00:00:00+00:00,120.6725
2026-05-29 01:00:00+00:00,114.84
2026-05-29 02:00:00+00:00,111.1925
2026-05-29 03:00:00+00:00,117.845
2026-05-29 04:00:00+00:00,126.36
2026-05-29 05:00:00+00:00,125.995
2026-05-29 06:00:00+00:00,108.58
2026-05-29 07:00:00+00:00,61.7
2026-05-29 08:00:00+00:00,15.915
2026-05-29 09:00:00+00:00,2.2475
2026-05-29 10:00:00+00:00,0.545
2026-05-29 11:00:00+00:00,0.1975
2026-05-29 12:00:00+00:00,0.84
2026-05-29 13:00:00+00:00,1.5499999999999998
2026-05-29 14:00:00+00:00,7.7075
2026-05-29 15:00:00+00:00,62.535
2026-05-29 16:00:00+00:00,102.3525
2026-05-29 17:00:00+00:00,138.95999999999998
2026-05-29 18:00:00+00:00,126.94
2026-05-29 19:00:00+00:00,150.195
2026-05-29 20:00:00+00:00,152.4475
2026-05-29 21:00:00+00:00,127.6125
2026-05-29 22:00:00+00:00,123.305
2026-05-29 23:00:00+00:00,111.8625
2026-05-30 00:00:00+00:00,99.06
2026-05-30 01:00:00+00:00,88.27
2026-05-30 02:00:00+00:00,85.7975
2026-05-30 03:00:00+00:00,89.69749999999999
2026-05-30 04:00:00+00:00,95.0
2026-05-30 05:00:00+00:00,84.9975
2026-05-30 06:00:00+00:00,61.682500000000005
2026-05-30 07:00:00+00:00,21.715
2026-05-30 08:00:00+00:00,2.96
2026-05-30 09:00:00+00:00,-0.005
2026-05-30 10:00:00+00:00,-0.01
2026-05-30 11:00:00+00:00,-0.08
2026-05-30 12:00:00+00:00,-0.105
2026-05-30 13:00:00+00:00,-0.01
2026-05-30 14:00:00+00:00,3.0075
2026-05-30 15:00:00+00:00,13.47
2026-05-30 16:00:00+00:00,44.2575
2026-05-30 17:00:00+00:00,81.4
2026-05-30 18:00:00+00:00,96.775
2026-05-30 19:00:00+00:00,109.0425
2026-05-30 20:00:00+00:00,114.49
2026-05-30 21:00:00+00:00,107.9
2026-05-30 22:00:00+00:00,100.4725
2026-05-30 23:00:00+00:00,93.405
2026-05-31 00:00:00+00:00,65.485
2026-05-31 01:00:00+00:00,38.05
2026-05-31 02:00:00+00:00,31.3475
2026-05-31 03:00:00+00:00,29.785
2026-05-31 04:00:00+00:00,21.52
2026-05-31 05:00:00+00:00,24.3725
2026-05-31 06:00:00+00:00,19.572499999999998
2026-05-31 07:00:00+00:00,2.2525
2026-05-31 08:00:00+00:00,2.14
2026-05-31 09:00:00+00:00,0.0
2026-05-31 10:00:00+00:00,-0.005
2026-05-31 11:00:00+00:00,-0.01
2026-05-31 12:00:00+00:00,-0.01
2026-05-31 13:00:00+00:00,-0.0025
2026-05-31 14:00:00+00:00,-0.01
2026-05-31 15:00:00+00:00,-0.005
2026-05-31 16:00:00+00:00,3.97
2026-05-31 17:00:00+00:00,31.9075
2026-05-31 18:00:00+00:00,65.495
2026-05-31 19:00:00+00:00,86.08250000000001
2026-05-31 20:00:00+00:00,101.6525
2026-05-31 21:00:00+00:00,85.32
2026-05-31 22:00:00+00:00,68.16
2026-05-31 23:00:00+00:00,49.807500000000005
2026-06-01 00:00:00+00:00,39.8575
2026-06-01 01:00:00+00:00,17.7025
2026-06-01 02:00:00+00:00,31.2025
2026-06-01 03:00:00+00:00,35.6275
2026-06-01 04:00:00+00:00,67.925
2026-06-01 05:00:00+00:00,122.58
2026-06-01 06:00:00+00:00,100.1325
2026-06-01 07:00:00+00:00,44.14
2026-06-01 08:00:00+00:00,18.77
2026-06-01 09:00:00+00:00,11.0275
2026-06-01 10:00:00+00:00,9.13
2026-06-01 11:00:00+00:00,2.045
2026-06-01 12:00:00+00:00,4.28
2026-06-01 13:00:00+00:00,1.2725
2026-06-01 14:00:00+00:00,2.085
2026-06-01 15:00:00+00:00,13.8675
2026-06-01 16:00:00+00:00,45.09
2026-06-01 17:00:00+00:00,113.195
2026-06-01 18:00:00+00:00,118.505
2026-06-01 19:00:00+00:00,138.3475
2026-06-01 20:00:00+00:00,145.28
2026-06-01 21:00:00+00:00,127.785
2026-06-01 22:00:00+00:00,86.7625
2026-06-01 23:00:00+00:00,63.1975
2026-06-02 00:00:00+00:00,30.4
2026-06-02 01:00:00+00:00,22.4475
2026-06-02 02:00:00+00:00,20.4025
2026-06-02 03:00:00+00:00,28.4875
2026-06-02 04:00:00+00:00,25.4625
2026-06-02 05:00:00+00:00,51.78
2026-06-02 06:00:00+00:00,64.9075
2026-06-02 07:00:00+00:00,29.1575
2026-06-02 08:00:00+00:00,2.595
2026-06-02 09:00:00+00:00,0.13
2026-06-02 10:00:00+00:00,0.0
2026-06-02 11:00:00+00:00,-0.01
2026-06-02 12:00:00+00:00,-0.01
2026-06-02 13:00:00+00:00,-0.02
2026-06-02 14:00:00+00:00,-0.0825
2026-06-02 15:00:00+00:00,-0.01
2026-06-02 16:00:00+00:00,0.5025
2026-06-02 17:00:00+00:00,7.8325
2026-06-02 18:00:00+00:00,20.8275
2026-06-02 19:00:00+00:00,26.735
2026-06-02 20:00:00+00:00,40.0025
2026-06-02 21:00:00+00:00,32.875
2026-06-02 22:00:00+00:00,0.0
2026-06-02 23:00:00+00:00,22.552500000000002
2026-06-03 00:00:00+00:00,20.6925
2026-06-03 01:00:00+00:00,6.47
2026-06-03 02:00:00+00:00,2.8775
2026-06-03 03:00:00+00:00,16.2825
2026-06-03 04:00:00+00:00,17.18
2026-06-03 05:00:00+00:00,23.4225
2026-06-03 06:00:00+00:00,16.965
2026-06-03 07:00:00+00:00,0.5225
2026-06-03 08:00:00+00:00,-0.005
2026-06-03 09:00:00+00:00,-0.01
2026-06-03 10:00:00+00:00,-0.01
2026-06-03 11:00:00+00:00,-0.03
2026-06-03 12:00:00+00:00,-0.01
2026-06-03 13:00:00+00:00,-0.1
2026-06-03 14:00:00+00:00,-0.1
2026-06-03 15:00:00+00:00,-0.0075
2026-06-03 16:00:00+00:00,1.15
2026-06-03 17:00:00+00:00,24.505
2026-06-03 18:00:00+00:00,19.0625
2026-06-03 19:00:00+00:00,10.662500000000001
2026-06-03 20:00:00+00:00,21.71
2026-06-03 21:00:00+00:00,0.09
2026-06-03 22:00:00+00:00,8.3925
2026-06-03 23:00:00+00:00,7.7025
2026-06-04 00:00:00+00:00,3.785
2026-06-04 01:00:00+00:00,0.0
2026-06-04 02:00:00+00:00,0.0
2026-06-04 03:00:00+00:00,0.1925
2026-06-04 04:00:00+00:00,7.3125
2026-06-04 05:00:00+00:00,14.7525
2026-06-04 06:00:00+00:00,31.0125
2026-06-04 07:00:00+00:00,13.8425
2026-06-04 08:00:00+00:00,0.1275
2026-06-04 09:00:00+00:00,-0.0025
2026-06-04 10:00:00+00:00,-0.0025
2026-06-04 11:00:00+00:00,-0.01
2026-06-04 12:00:00+00:00,-0.01
2026-06-04 13:00:00+00:00,-0.01
2026-06-04 14:00:00+00:00,-0.015
2026-06-04 15:00:00+00:00,-0.01
2026-06-04 16:00:00+00:00,0.125
2026-06-04 17:00:00+00:00,2.82
2026-06-04 18:00:00+00:00,13.075
2026-06-04 19:00:00+00:00,12.850000000000001
2026-06-04 20:00:00+00:00,33.1525
2026-06-04 21:00:00+00:00,82.5
2026-06-04 22:00:00+00:00,14.1
2026-06-04 23:00:00+00:00,24.11
2026-06-05 00:00:00+00:00,10.6975
2026-06-05 01:00:00+00:00,5.6850000000000005
2026-06-05 02:00:00+00:00,0.0
2026-06-05 03:00:00+00:00,9.975
2026-06-05 04:00:00+00:00,21.075
2026-06-05 05:00:00+00:00,42.8775
2026-06-05 06:00:00+00:00,57.175
2026-06-05 07:00:00+00:00,19.5425
2026-06-05 08:00:00+00:00,3.2925
2026-06-05 09:00:00+00:00,0.6174999999999999
2026-06-05 10:00:00+00:00,2.0825
2026-06-05 11:00:00+00:00,1.1975
2026-06-05 12:00:00+00:00,0.9975
2026-06-05 13:00:00+00:00,0.6174999999999999
2026-06-05 14:00:00+00:00,0.715
2026-06-05 15:00:00+00:00,8.5075
2026-06-05 16:00:00+00:00,21.6475
2026-06-05 17:00:00+00:00,67.50999999999999
2026-06-05 18:00:00+00:00,102.995
2026-06-05 19:00:00+00:00,113.615
2026-06-05 20:00:00+00:00,128.3425
2026-06-05 21:00:00+00:00,123.115
2026-06-05 22:00:00+00:00,77.705
2026-06-05 23:00:00+00:00,41.915
2026-06-06 00:00:00+00:00,13.540000000000001
2026-06-06 01:00:00+00:00,56.625
2026-06-06 02:00:00+00:00,8.35
2026-06-06 03:00:00+00:00,17.815
2026-06-06 04:00:00+00:00,17.645
2026-06-06 05:00:00+00:00,14.355
2026-06-06 06:00:00+00:00,8.379999999999999
2026-06-06 07:00:00+00:00,0.0
2026-06-06 08:00:00+00:00,-0.030000000000000002
2026-06-06 09:00:00+00:00,-0.1075
2026-06-06 10:00:00+00:00,-0.0675
2026-06-06 11:00:00+00:00,-0.05
2026-06-06 12:00:00+00:00,-0.1
2026-06-06 13:00:00+00:00,-0.11
2026-06-06 14:00:00+00:00,-0.1075
2026-06-06 15:00:00+00:00,-0.01
2026-06-06 16:00:00+00:00,0.435
2026-06-06 17:00:00+00:00,13.59
2026-06-06 18:00:00+00:00,24.072499999999998
2026-06-06 19:00:00+00:00,25.615
2026-06-06 20:00:00+00:00,51.6525
2026-06-06 21:00:00+00:00,30.755000000000003
2026-06-06 22:00:00+00:00,14.9825
2026-06-06 23:00:00+00:00,16.4525
2026-06-07 00:00:00+00:00,17.065
2026-06-07 01:00:00+00:00,9.0
2026-06-07 02:00:00+00:00,7.5625
2026-06-07 03:00:00+00:00,8.12
2026-06-07 04:00:00+00:00,5.0975
2026-06-07 05:00:00+00:00,0.46
2026-06-07 06:00:00+00:00,-0.5499999999999999
2026-06-07 07:00:00+00:00,-5.0425
2026-06-07 08:00:00+00:00,-8.0
2026-06-07 09:00:00+00:00,-14.0425
2026-06-07 10:00:00+00:00,-18.2625
2026-06-07 11:00:00+00:00,-35.86
2026-06-07 12:00:00+00:00,-44.6575
2026-06-07 13:00:00+00:00,-36.3025
2026-06-07 14:00:00+00:00,-15.9275
2026-06-07 15:00:00+00:00,-1.125
2026-06-07 16:00:00+00:00,0.575
2026-06-07 17:00:00+00:00,31.565
2026-06-07 18:00:00+00:00,87.495
2026-06-07 19:00:00+00:00,92.7025
2026-06-07 20:00:00+00:00,114.865
2026-06-07 21:00:00+00:00,68.64
2026-06-07 22:00:00+00:00,64.7625
2026-06-07 23:00:00+00:00,44.0275
2026-06-08 00:00:00+00:00,23.67
2026-06-08 01:00:00+00:00,21.295
2026-06-08 02:00:00+00:00,37.56
2026-06-08 03:00:00+00:00,22.23
2026-06-08 04:00:00+00:00,17.7275
2026-06-08 05:00:00+00:00,62.545
2026-06-08 06:00:00+00:00,79.93
2026-06-08 07:00:00+00:00,49.28
2026-06-08 08:00:00+00:00,26.197499999999998
2026-06-08 09:00:00+00:00,14.9925
2026-06-08 10:00:00+00:00,9.855
2026-06-08 11:00:00+00:00,2.6175
2026-06-08 12:00:00+00:00,1.12
2026-06-08 13:00:00+00:00,0.13
2026-06-08 14:00:00+00:00,0.0025
2026-06-08 15:00:00+00:00,1.035
2026-06-08 16:00:00+00:00,7.5825
2026-06-08 17:00:00+00:00,32.4575
2026-06-08 18:00:00+00:00,41.895
2026-06-08 19:00:00+00:00,13.635
2026-06-08 20:00:00+00:00,47.12
2026-06-08 21:00:00+00:00,42.72
2026-06-08 22:00:00+00:00,50.06
2026-06-08 23:00:00+00:00,44.6975
2026-06-09 00:00:00+00:00,33.255
2026-06-09 01:00:00+00:00,28.6
2026-06-09 02:00:00+00:00,19.6075
2026-06-09 03:00:00+00:00,22.52
2026-06-09 04:00:00+00:00,48.5675
2026-06-09 05:00:00+00:00,65.73
2026-06-09 06:00:00+00:00,44.005
2026-06-09 07:00:00+00:00,3.2600000000000002
2026-06-09 08:00:00+00:00,-0.0075
2026-06-09 09:00:00+00:00,-0.025
2026-06-09 10:00:00+00:00,-0.01
2026-06-09 11:00:00+00:00,-0.01
2026-06-09 12:00:00+00:00,-0.01
2026-06-09 13:00:00+00:00,-0.01
2026-06-09 14:00:00+00:00,-0.0175
2026-06-09 15:00:00+00:00,-0.005
2026-06-09 16:00:00+00:00,4.9325
2026-06-09 17:00:00+00:00,31.6125
2026-06-09 18:00:00+00:00,80.69749999999999
2026-06-09 19:00:00+00:00,93.4
2026-06-09 20:00:00+00:00,117.6775
2026-06-09 21:00:00+00:00,91.1
2026-06-09 22:00:00+00:00,76.8225
2026-06-09 23:00:00+00:00,76.12
2026-06-10 00:00:00+00:00,58.59
2026-06-10 01:00:00+00:00,37.195
2026-06-10 02:00:00+00:00,36.317499999999995
2026-06-10 03:00:00+00:00,49.855
2026-06-10 04:00:00+00:00,51.4825
2026-06-10 05:00:00+00:00,68.4975
2026-06-10 06:00:00+00:00,45.47
2026-06-10 07:00:00+00:00,4.4975
2026-06-10 08:00:00+00:00,-0.0025
2026-06-10 09:00:00+00:00,-0.01
2026-06-10 10:00:00+00:00,-0.01
2026-06-10 11:00:00+00:00,-0.015
2026-06-10 12:00:00+00:00,-0.025
2026-06-10 13:00:00+00:00,-0.0975
2026-06-10 14:00:00+00:00,-0.11
2026-06-10 15:00:00+00:00,-0.02
2026-06-10 16:00:00+00:00,0.21
2026-06-10 17:00:00+00:00,16.3125
2026-06-10 18:00:00+00:00,54.760000000000005
2026-06-10 19:00:00+00:00,72.795
2026-06-10 20:00:00+00:00,81.5
2026-06-10 21:00:00+00:00,60.2
2026-06-10 22:00:00+00:00,33.4075
2026-06-10 23:00:00+00:00,11.879999999999999
2026-06-11 00:00:00+00:00,22.2025
2026-06-11 01:00:00+00:00,3.6125
2026-06-11 02:00:00+00:00,5.0
2026-06-11 03:00:00+00:00,17.432499999999997
2026-06-11 04:00:00+00:00,14.12
2026-06-11 05:00:00+00:00,48.1575
2026-06-11 06:00:00+00:00,23.66
2026-06-11 07:00:00+00:00,1.6125
2026-06-11 08:00:00+00:00,-0.0025
2026-06-11 09:00:00+00:00,-0.0075
2026-06-11 10:00:00+00:00,-0.01
2026-06-11 11:00:00+00:00,-0.01
2026-06-11 12:00:00+00:00,-0.01
2026-06-11 13:00:00+00:00,-0.01
2026-06-11 14:00:00+00:00,-0.01
2026-06-11 15:00:00+00:00,0.0025
2026-06-11 16:00:00+00:00,5.315
2026-06-11 17:00:00+00:00,21.9675
2026-06-11 18:00:00+00:00,18.5325
2026-06-11 19:00:00+00:00,13.055
2026-06-11 20:00:00+00:00,19.495
2026-06-11 21:00:00+00:00,2.81
2026-06-11 22:00:00+00:00,32.99
2026-06-11 23:00:00+00:00,27.4225
2026-06-12 00:00:00+00:00,13.585
2026-06-12 01:00:00+00:00,8.5975
2026-06-12 02:00:00+00:00,9.24
2026-06-12 03:00:00+00:00,11.0225
2026-06-12 04:00:00+00:00,26.555
2026-06-12 05:00:00+00:00,40.075
2026-06-12 06:00:00+00:00,18.3875
2026-06-12 07:00:00+00:00,0.2075
2026-06-12 08:00:00+00:00,-0.005
2026-06-12 09:00:00+00:00,-0.01
2026-06-12 10:00:00+00:00,-0.01
2026-06-12 11:00:00+00:00,-0.01
2026-06-12 12:00:00+00:00,-0.01
2026-06-12 13:00:00+00:00,-0.02
2026-06-12 14:00:00+00:00,-0.05
2026-06-12 15:00:00+00:00,-0.005
2026-06-12 16:00:00+00:00,5.08
2026-06-12 17:00:00+00:00,29.7275
2026-06-12 18:00:00+00:00,79.93
2026-06-12 19:00:00+00:00,104.08
2026-06-12 20:00:00+00:00,109.7925
2026-06-12 21:00:00+00:00,100.0075
2026-06-12 22:00:00+00:00,77.9125
2026-06-12 23:00:00+00:00,70.2125
2026-06-13 00:00:00+00:00,48.8925
2026-06-13 01:00:00+00:00,33.4675
2026-06-13 02:00:00+00:00,29.677500000000002
2026-06-13 03:00:00+00:00,29.2325
2026-06-13 04:00:00+00:00,24.18
2026-06-13 05:00:00+00:00,13.655
2026-06-13 06:00:00+00:00,0.32749999999999996
2026-06-13 07:00:00+00:00,-1.1075
2026-06-13 08:00:00+00:00,-4.9175
2026-06-13 09:00:00+00:00,-15.6475
2026-06-13 10:00:00+00:00,-27.4225
2026-06-13 11:00:00+00:00,-45.8675
2026-06-13 12:00:00+00:00,-44.995000000000005
2026-06-13 13:00:00+00:00,-31.4775
2026-06-13 14:00:00+00:00,-18.425
2026-06-13 15:00:00+00:00,-3.7675
2026-06-13 16:00:00+00:00,3.4925
2026-06-13 17:00:00+00:00,41.44
2026-06-13 18:00:00+00:00,85.76
2026-06-13 19:00:00+00:00,99.0625
2026-06-13 20:00:00+00:00,111.1575
2026-06-13 21:00:00+00:00,99.8225
2026-06-13 22:00:00+00:00,75.25
2026-06-13 23:00:00+00:00,52.69
2026-06-14 00:00:00+00:00,37.59
2026-06-14 01:00:00+00:00,31.505
2026-06-14 02:00:00+00:00,29.5625
2026-06-14 03:00:00+00:00,22.43
2026-06-14 04:00:00+00:00,7.785
2026-06-14 05:00:00+00:00,0.45999999999999996
2026-06-14 06:00:00+00:00,-0.34750000000000003
2026-06-14 07:00:00+00:00,-2.8325
2026-06-14 08:00:00+00:00,-6.37
2026-06-14 09:00:00+00:00,-9.2875
2026-06-14 10:00:00+00:00,-14.9925
2026-06-14 11:00:00+00:00,-23.4225
2026-06-14 12:00:00+00:00,-24.865
2026-06-14 13:00:00+00:00,-19.32
2026-06-14 14:00:00+00:00,-8.805
2026-06-14 15:00:00+00:00,-1.4974999999999998
2026-06-14 16:00:00+00:00,6.300000000000001
2026-06-14 17:00:00+00:00,64.4225
2026-06-14 18:00:00+00:00,109.5175
2026-06-14 19:00:00+00:00,113.615
2026-06-14 20:00:00+00:00,118.945
2026-06-14 21:00:00+00:00,102.34
2026-06-14 22:00:00+00:00,103.53
2026-06-14 23:00:00+00:00,95.39
2026-06-15 00:00:00+00:00,81.6625
2026-06-15 01:00:00+00:00,70.20750000000001
2026-06-15 02:00:00+00:00,77.93
2026-06-15 03:00:00+00:00,90.0
2026-06-15 04:00:00+00:00,106.635
2026-06-15 05:00:00+00:00,112.9075
2026-06-15 06:00:00+00:00,104.9575
2026-06-15 07:00:00+00:00,71.2775
2026-06-15 08:00:00+00:00,19.0
2026-06-15 09:00:00+00:00,3.4699999999999998
2026-06-15 10:00:00+00:00,0.9925
2026-06-15 11:00:00+00:00,0.42
2026-06-15 12:00:00+00:00,0.9575
2026-06-15 13:00:00+00:00,0.755
2026-06-15 14:00:00+00:00,8.915
2026-06-15 15:00:00+00:00,48.2975
2026-06-15 16:00:00+00:00,96.0375
2026-06-15 17:00:00+00:00,132.6125
2026-06-15 18:00:00+00:00,149.5075
2026-06-15 19:00:00+00:00,155.9
2026-06-15 20:00:00+00:00,153.7925
2026-06-15 21:00:00+00:00,127.46
2026-06-15 22:00:00+00:00,120.31
2026-06-15 23:00:00+00:00,116.855
2026-06-16 00:00:00+00:00,108.2025
2026-06-16 01:00:00+00:00,100.245
2026-06-16 02:00:00+00:00,89.0825
2026-06-16 03:00:00+00:00,107.5
2026-06-16 04:00:00+00:00,127.9925
2026-06-16 05:00:00+00:00,131.695
2026-06-16 06:00:00+00:00,125.3025
2026-06-16 07:00:00+00:00,93.685
2026-06-16 08:00:00+00:00,65.88
2026-06-16 09:00:00+00:00,48.3375
2026-06-16 10:00:00+00:00,42.575
2026-06-16 11:00:00+00:00,22.7075
2026-06-16 12:00:00+00:00,23.75
2026-06-16 13:00:00+00:00,32.1125
2026-06-16 14:00:00+00:00,46.175
2026-06-16 15:00:00+00:00,64.4975
2026-06-16 16:00:00+00:00,102.1475
2026-06-16 17:00:00+00:00,139.15
2026-06-16 18:00:00+00:00,141.5
2026-06-16 19:00:00+00:00,149.8975
2026-06-16 20:00:00+00:00,153.23000000000002
2026-06-16 21:00:00+00:00,132.54
2026-06-16 22:00:00+00:00,132.9025
2026-06-16 23:00:00+00:00,126.69
2026-06-17 00:00:00+00:00,123.7775
2026-06-17 01:00:00+00:00,120.3875
2026-06-17 02:00:00+00:00,117.235
2026-06-17 03:00:00+00:00,121.375
2026-06-17 04:00:00+00:00,116.2975
2026-06-17 05:00:00+00:00,115.2375
2026-06-17 06:00:00+00:00,104.65
2026-06-17 07:00:00+00:00,90.2
2026-06-17 08:00:00+00:00,61.83
2026-06-17 09:00:00+00:00,49.84
2026-06-17 10:00:00+00:00,41.5575
2026-06-17 11:00:00+00:00,8.85
2026-06-17 12:00:00+00:00,29.8625
2026-06-17 13:00:00+00:00,40.235
2026-06-17 14:00:00+00:00,52.79
2026-06-17 15:00:00+00:00,84.2375
2026-06-17 16:00:00+00:00,111.615
2026-06-17 17:00:00+00:00,132.995
2026-06-17 18:00:00+00:00,140.57999999999998
2026-06-17 19:00:00+00:00,150.9925
2026-06-17 20:00:00+00:00,151.49
2026-06-17 21:00:00+00:00,128.17
2026-06-17 22:00:00+00:00,120.85
2026-06-17 23:00:00+00:00,116.48
2026-06-18 00:00:00+00:00,111.87
2026-06-18 01:00:00+00:00,98.3525
2026-06-18 02:00:00+00:00,98.2775
2026-06-18 03:00:00+00:00,104.73
2026-06-18 04:00:00+00:00,119.57
2026-06-18 05:00:00+00:00,127.1525
2026-06-18 06:00:00+00:00,116.5375
2026-06-18 07:00:00+00:00,94.125
2026-06-18 08:00:00+00:00,61.1575
2026-06-18 09:00:00+00:00,27.317500000000003
2026-06-18 10:00:00+00:00,28.2475
2026-06-18 11:00:00+00:00,18.29
2026-06-18 12:00:00+00:00,25.9
2026-06-18 13:00:00+00:00,48.0975
2026-06-18 14:00:00+00:00,71.58
2026-06-18 15:00:00+00:00,99.2225
2026-06-18 16:00:00+00:00,118.0075
2026-06-18 17:00:00+00:00,120.025
2026-06-18 18:00:00+00:00,127.335
2026-06-18 19:00:00+00:00,133.2225
2026-06-18 20:00:00+00:00,138.9
2026-06-18 21:00:00+00:00,128.37
2026-06-18 22:00:00+00:00,122.1475
2026-06-18 23:00:00+00:00,118.8225
2026-06-19 00:00:00+00:00,105.015
2026-06-19 01:00:00+00:00,104.55
2026-06-19 02:00:00+00:00,85.0375
2026-06-19 03:00:00+00:00,101.36
2026-06-19 04:00:00+00:00,101.685
2026-06-19 05:00:00+00:00,119.7625
2026-06-19 06:00:00+00:00,104.1
2026-06-19 07:00:00+00:00,72.5475
2026-06-19 08:00:00+00:00,37.985
2026-06-19 09:00:00+00:00,26.405
2026-06-19 10:00:00+00:00,15.0
2026-06-19 11:00:00+00:00,6.705
2026-06-19 12:00:00+00:00,12.11
2026-06-19 13:00:00+00:00,17.3825
2026-06-19 14:00:00+00:00,25.155
2026-06-19 15:00:00+00:00,67.5775
2026-06-19 16:00:00+00:00,102.7675
2026-06-19 17:00:00+00:00,107.625
2026-06-19 18:00:00+00:00,128.6525
2026-06-19 19:00:00+00:00,142.215
2026-06-19 20:00:00+00:00,148.4675
2026-06-19 21:00:00+00:00,135.2125
2026-06-19 22:00:00+00:00,123.925
2026-06-19 23:00:00+00:00,120.9525
2026-06-20 00:00:00+00:00,118.6
2026-06-20 01:00:00+00:00,111.4225
2026-06-20 02:00:00+00:00,109.2125
2026-06-20 03:00:00+00:00,98.62
2026-06-20 04:00:00+00:00,102.5925
2026-06-20 05:00:00+00:00,99.0525
2026-06-20 06:00:00+00:00,74.705
2026-06-20 07:00:00+00:00,26.474999999999998
2026-06-20 08:00:00+00:00,4.125
2026-06-20 09:00:00+00:00,-0.0025
2026-06-20 10:00:00+00:00,-0.01
2026-06-20 11:00:00+00:00,-0.0175
2026-06-20 12:00:00+00:00,-0.01
2026-06-20 13:00:00+00:00,0.25
2026-06-20 14:00:00+00:00,13.1675
2026-06-20 15:00:00+00:00,55.0
2026-06-20 16:00:00+00:00,109.9
2026-06-20 17:00:00+00:00,100.52
2026-06-20 18:00:00+00:00,110.06
2026-06-20 19:00:00+00:00,123.08
2026-06-20 20:00:00+00:00,129.0775
2026-06-20 21:00:00+00:00,121.8475
2026-06-20 22:00:00+00:00,118.355
2026-06-20 23:00:00+00:00,114.2125
2026-06-21 00:00:00+00:00,107.3875
2026-06-21 01:00:00+00:00,87.8175
2026-06-21 02:00:00+00:00,80.745
2026-06-21 03:00:00+00:00,65.7
2026-06-21 04:00:00+00:00,63.6
2026-06-21 05:00:00+00:00,59.775
2026-06-21 06:00:00+00:00,19.95
2026-06-21 07:00:00+00:00,0.2125
2026-06-21 08:00:00+00:00,1.3624999999999998
2026-06-21 09:00:00+00:00,-0.0025
2026-06-21 10:00:00+00:00,-0.0075
2026-06-21 11:00:00+00:00,-0.01
2026-06-21 12:00:00+00:00,-0.005
2026-06-21 13:00:00+00:00,0.0075
2026-06-21 14:00:00+00:00,8.1875
2026-06-21 15:00:00+00:00,26.12
2026-06-21 16:00:00+00:00,93.3825
2026-06-21 17:00:00+00:00,110.99
2026-06-21 18:00:00+00:00,123.015
2026-06-21 19:00:00+00:00,131.355
2026-06-21 20:00:00+00:00,139.2875
2026-06-21 21:00:00+00:00,127.4375
2026-06-21 22:00:00+00:00,117.035
2026-06-21 23:00:00+00:00,115.6
2026-06-22 00:00:00+00:00,94.36
2026-06-22 01:00:00+00:00,85.0575
2026-06-22 02:00:00+00:00,87.495
2026-06-22 03:00:00+00:00,101.58
2026-06-22 04:00:00+00:00,117.535
2026-06-22 05:00:00+00:00,126.9325
2026-06-22 06:00:00+00:00,117.59
2026-06-22 07:00:00+00:00,96.7025
2026-06-22 08:00:00+00:00,78.02250000000001
2026-06-22 09:00:00+00:00,57.3025
2026-06-22 10:00:00+00:00,39.5175
2026-06-22 11:00:00+00:00,32.36
2026-06-22 12:00:00+00:00,47.9425
2026-06-22 13:00:00+00:00,64.055
2026-06-22 14:00:00+00:00,89.895
2026-06-22 15:00:00+00:00,110.32
2026-06-22 16:00:00+00:00,133.4075
2026-06-22 17:00:00+00:00,175.125
2026-06-22 18:00:00+00:00,183.495
2026-06-22 19:00:00+00:00,177.0
2026-06-22 20:00:00+00:00,171.2425
2026-06-22 21:00:00+00:00,143.5525
2026-06-22 22:00:00+00:00,140.0025
2026-06-22 23:00:00+00:00,128.975
2026-06-23 00:00:00+00:00,120.0025
2026-06-23 01:00:00+00:00,111.3275
2026-06-23 02:00:00+00:00,115.0
2026-06-23 03:00:00+00:00,120.0
2026-06-23 04:00:00+00:00,131.4925
2026-06-23 05:00:00+00:00,134.0475
2026-06-23 06:00:00+00:00,120.975
2026-06-23 07:00:00+00:00,111.3875
2026-06-23 08:00:00+00:00,96.5125
2026-06-23 09:00:00+00:00,79.4075
2026-06-23 10:00:00+00:00,73.78
2026-06-23 11:00:00+00:00,72.07
2026-06-23 12:00:00+00:00,84.63
2026-06-23 13:00:00+00:00,98.96
2026-06-23 14:00:00+00:00,104.5975
2026-06-23 15:00:00+00:00,123.9975
2026-06-23 16:00:00+00:00,170.005
2026-06-23 17:00:00+00:00,238.715
2026-06-23 18:00:00+00:00,268.665
2026-06-23 19:00:00+00:00,229.8775
2026-06-23 20:00:00+00:00,216.85
2026-06-23 21:00:00+00:00,175.64
2026-06-23 22:00:00+00:00,157.55
2026-06-23 23:00:00+00:00,144.9675
2026-06-24 00:00:00+00:00,136.3925
2026-06-24 01:00:00+00:00,128.745
2026-06-24 02:00:00+00:00,123.43
2026-06-24 03:00:00+00:00,128.7425
2026-06-24 04:00:00+00:00,143.75
2026-06-24 05:00:00+00:00,151.6375
2026-06-24 06:00:00+00:00,142.695
2026-06-24 07:00:00+00:00,123.0025
2026-06-24 08:00:00+00:00,114.4225
2026-06-24 09:00:00+00:00,102.435
2026-06-24 10:00:00+00:00,103.7
2026-06-24 11:00:00+00:00,95.725
2026-06-24 12:00:00+00:00,99.8725
2026-06-24 13:00:00+00:00,105.975
2026-06-24 14:00:00+00:00,112.6
2026-06-24 15:00:00+00:00,132.12
2026-06-24 16:00:00+00:00,195.39
2026-06-24 17:00:00+00:00,313.355
2026-06-24 18:00:00+00:00,311.29
2026-06-24 19:00:00+00:00,271.34000000000003
2026-06-24 20:00:00+00:00,260.5425
2026-06-24 21:00:00+00:00,189.2575
2026-06-24 22:00:00+00:00,161.9475
2026-06-24 23:00:00+00:00,127.07
2026-06-25 00:00:00+00:00,117.15
2026-06-25 01:00:00+00:00,115.96
2026-06-25 02:00:00+00:00,115.78
2026-06-25 03:00:00+00:00,113.405
2026-06-25 04:00:00+00:00,118.52
2026-06-25 05:00:00+00:00,119.605
2026-06-25 06:00:00+00:00,113.18
2026-06-25 07:00:00+00:00,105.0075
2026-06-25 08:00:00+00:00,82.78
2026-06-25 09:00:00+00:00,78.1425
2026-06-25 10:00:00+00:00,58.97
2026-06-25 11:00:00+00:00,51.79
2026-06-25 12:00:00+00:00,57.06
2026-06-25 13:00:00+00:00,79.455
2026-06-25 14:00:00+00:00,92.315
2026-06-25 15:00:00+00:00,105.19
2026-06-25 16:00:00+00:00,127.3375
2026-06-25 17:00:00+00:00,195.005
2026-06-25 18:00:00+00:00,182.9
2026-06-25 19:00:00+00:00,169.33
2026-06-25 20:00:00+00:00,165.54500000000002
2026-06-25 21:00:00+00:00,131.085
2026-06-25 22:00:00+00:00,119.5175
2026-06-25 23:00:00+00:00,119.865
2026-06-26 00:00:00+00:00,107.4
2026-06-26 01:00:00+00:00,110.0
2026-06-26 02:00:00+00:00,107.36
2026-06-26 03:00:00+00:00,114.4075
2026-06-26 04:00:00+00:00,125.47
2026-06-26 05:00:00+00:00,131.235
2026-06-26 06:00:00+00:00,121.005
2026-06-26 07:00:00+00:00,110.06
2026-06-26 08:00:00+00:00,94.8425
2026-06-26 09:00:00+00:00,88.4425
2026-06-26 10:00:00+00:00,78.615
2026-06-26 11:00:00+00:00,64.4825
2026-06-26 12:00:00+00:00,70.84
2026-06-26 13:00:00+00:00,86.2475
2026-06-26 14:00:00+00:00,94.9175
2026-06-26 15:00:00+00:00,113.335
2026-06-26 16:00:00+00:00,151.005
2026-06-26 17:00:00+00:00,216.18
2026-06-26 18:00:00+00:00,246.725
2026-06-26 19:00:00+00:00,224.08
2026-06-26 20:00:00+00:00,202.62
2026-06-26 21:00:00+00:00,154.86
2026-06-26 22:00:00+00:00,132.9525
2026-06-26 23:00:00+00:00,124.7825
2026-06-27 00:00:00+00:00,118.22
2026-06-27 01:00:00+00:00,115.83
2026-06-27 02:00:00+00:00,115.325
2026-06-27 03:00:00+00:00,114.0
2026-06-27 04:00:00+00:00,112.725
2026-06-27 05:00:00+00:00,109.2725
2026-06-27 06:00:00+00:00,95.3
2026-06-27 07:00:00+00:00,69.425
2026-06-27 08:00:00+00:00,36.025
2026-06-27 09:00:00+00:00,25.5625
2026-06-27 10:00:00+00:00,15.2375
2026-06-27 11:00:00+00:00,0.0525
2026-06-27 12:00:00+00:00,3.3925
2026-06-27 13:00:00+00:00,12.7675
2026-06-27 14:00:00+00:00,40.97
2026-06-27 15:00:00+00:00,82.22749999999999
2026-06-27 16:00:00+00:00,104.5775
2026-06-27 17:00:00+00:00,144.58
2026-06-27 18:00:00+00:00,117.965
2026-06-27 19:00:00+00:00,133.43
2026-06-27 20:00:00+00:00,152.2975
2026-06-27 21:00:00+00:00,135.79
2026-06-27 22:00:00+00:00,126.795
2026-06-27 23:00:00+00:00,122.3275
2026-06-28 00:00:00+00:00,119.6825
2026-06-28 01:00:00+00:00,115.6875
2026-06-28 02:00:00+00:00,114.735
2026-06-28 03:00:00+00:00,115.1225
2026-06-28 04:00:00+00:00,112.0625
2026-06-28 05:00:00+00:00,104.43
2026-06-28 06:00:00+00:00,76.685
2026-06-28 07:00:00+00:00,32.8125
2026-06-28 08:00:00+00:00,5.215
2026-06-28 09:00:00+00:00,0.32
2026-06-28 10:00:00+00:00,0.0125
2026-06-28 11:00:00+00:00,0.0
2026-06-28 12:00:00+00:00,0.0
2026-06-28 13:00:00+00:00,1.62
2026-06-28 14:00:00+00:00,10.785
2026-06-28 15:00:00+00:00,65.65
2026-06-28 16:00:00+00:00,109.8925
2026-06-28 17:00:00+00:00,133.01749999999998
2026-06-28 18:00:00+00:00,122.915
2026-06-28 19:00:00+00:00,125.695
2026-06-28 20:00:00+00:00,134.0975
2026-06-28 21:00:00+00:00,127.375
2026-06-28 22:00:00+00:00,123.1175
2026-06-28 23:00:00+00:00,113.665
2026-06-29 00:00:00+00:00,112.3675
2026-06-29 01:00:00+00:00,107.3325
2026-06-29 02:00:00+00:00,99.8675
2026-06-29 03:00:00+00:00,104.93
2026-06-29 04:00:00+00:00,122.2475
2026-06-29 05:00:00+00:00,142.0025
2026-06-29 06:00:00+00:00,138.2875
2026-06-29 07:00:00+00:00,120.9475
2026-06-29 08:00:00+00:00,106.925
2026-06-29 09:00:00+00:00,99.1
2026-06-29 10:00:00+00:00,89.5075
2026-06-29 11:00:00+00:00,82.0275
2026-06-29 12:00:00+00:00,86.38499999999999
2026-06-29 13:00:00+00:00,96.815
2026-06-29 14:00:00+00:00,100.3275
2026-06-29 15:00:00+00:00,112.3725
2026-06-29 16:00:00+00:00,135.1225
2026-06-29 17:00:00+00:00,196.895
2026-06-29 18:00:00+00:00,193.525
2026-06-29 19:00:00+00:00,173.66
2026-06-29 20:00:00+00:00,187.2975
2026-06-29 21:00:00+00:00,144.3625
2026-06-29 22:00:00+00:00,120.8075
2026-06-29 23:00:00+00:00,118.8675
2026-06-30 00:00:00+00:00,116.59
2026-06-30 01:00:00+00:00,115.2625
2026-06-30 02:00:00+00:00,116.1125
2026-06-30 03:00:00+00:00,118.785
2026-06-30 04:00:00+00:00,125.655
2026-06-30 05:00:00+00:00,133.875
2026-06-30 06:00:00+00:00,123.745
2026-06-30 07:00:00+00:00,114.4825
2026-06-30 08:00:00+00:00,108.65
2026-06-30 09:00:00+00:00,93.4925
2026-06-30 10:00:00+00:00,93.1975
2026-06-30 11:00:00+00:00,70.08
2026-06-30 12:00:00+00:00,82.9
2026-06-30 13:00:00+00:00,90.12
2026-06-30 14:00:00+00:00,107.5375
2026-06-30 15:00:00+00:00,106.7425
2026-06-30 16:00:00+00:00,119.2775
2026-06-30 17:00:00+00:00,200.7
2026-06-30 18:00:00+00:00,198.16
2026-06-30 19:00:00+00:00,180.0
2026-06-30 20:00:00+00:00,173.3025
2026-06-30 21:00:00+00:00,135.7475
2026-06-30 22:00:00+00:00,118.825
2026-06-30 23:00:00+00:00,120.8625
2026-07-01 00:00:00+00:00,111.24
2026-07-01 01:00:00+00:00,100.3975
2026-07-01 02:00:00+00:00,93.83
2026-07-01 03:00:00+00:00,98.57
2026-07-01 04:00:00+00:00,113.5275
2026-07-01 05:00:00+00:00,123.2825
2026-07-01 06:00:00+00:00,119.6725
2026-07-01 07:00:00+00:00,115.19
2026-07-01 08:00:00+00:00,107.17
2026-07-01 09:00:00+00:00,95.77
2026-07-01 10:00:00+00:00,90.0025
2026-07-01 11:00:00+00:00,39.07
2026-07-01 12:00:00+00:00,51.89
2026-07-01 13:00:00+00:00,22.48
2026-07-01 14:00:00+00:00,11.1875
2026-07-01 15:00:00+00:00,66.9825
2026-07-01 16:00:00+00:00,103.0225
2026-07-01 17:00:00+00:00,126.3525
2026-07-01 18:00:00+00:00,139.5025
2026-07-01 19:00:00+00:00,131.845
2026-07-01 20:00:00+00:00,125.69
2026-07-01 21:00:00+00:00,112.55
2026-07-01 22:00:00+00:00,98.6675
2026-07-01 23:00:00+00:00,87.7425
2026-07-02 00:00:00+00:00,83.75
2026-07-02 01:00:00+00:00,69.0975
2026-07-02 02:00:00+00:00,63.75
2026-07-02 03:00:00+00:00,67.535
2026-07-02 04:00:00+00:00,74.2175
2026-07-02 05:00:00+00:00,85.2125
2026-07-02 06:00:00+00:00,54.9675
2026-07-02 07:00:00+00:00,15.0
2026-07-02 08:00:00+00:00,0.195
2026-07-02 09:00:00+00:00,-0.0075
2026-07-02 10:00:00+00:00,-0.01
2026-07-02 11:00:00+00:00,-0.01
2026-07-02 12:00:00+00:00,-0.01
2026-07-02 13:00:00+00:00,-0.01
2026-07-02 14:00:00+00:00,-0.01
2026-07-02 15:00:00+00:00,0.0125
2026-07-02 16:00:00+00:00,64.4025
2026-07-02 17:00:00+00:00,102.795
2026-07-02 18:00:00+00:00,119.88
2026-07-02 19:00:00+00:00,122.59
2026-07-02 20:00:00+00:00,131.025
2026-07-02 21:00:00+00:00,123.11
2026-07-02 22:00:00+00:00,106.0825
2026-07-02 23:00:00+00:00,95.7925
2026-07-03 00:00:00+00:00,84.8775
2026-07-03 01:00:00+00:00,78.2425
2026-07-03 02:00:00+00:00,76.2675
2026-07-03 03:00:00+00:00,87.88
2026-07-03 04:00:00+00:00,101.91
2026-07-03 05:00:00+00:00,108.5125
2026-07-03 06:00:00+00:00,93.695
2026-07-03 07:00:00+00:00,37.8425
2026-07-03 08:00:00+00:00,1.2425
2026-07-03 09:00:00+00:00,0.0
2026-07-03 10:00:00+00:00,-0.01
2026-07-03 11:00:00+00:00,-0.105
2026-07-03 12:00:00+00:00,-0.1075
2026-07-03 13:00:00+00:00,-0.0625
2026-07-03 14:00:00+00:00,-0.02
2026-07-03 15:00:00+00:00,5.0
2026-07-03 16:00:00+00:00,54.24
2026-07-03 17:00:00+00:00,110.3025
2026-07-03 18:00:00+00:00,125.8
2026-07-03 19:00:00+00:00,123.5825
2026-07-03 20:00:00+00:00,133.01
2026-07-03 21:00:00+00:00,127.9175
2026-07-03 22:00:00+00:00,119.1
2026-07-03 23:00:00+00:00,105.3075
2026-07-04 00:00:00+00:00,83.105
2026-07-04 01:00:00+00:00,66.7
2026-07-04 02:00:00+00:00,63.0975
2026-07-04 03:00:00+00:00,73.9275
2026-07-04 04:00:00+00:00,66.64
2026-07-04 05:00:00+00:00,39.835
2026-07-04 06:00:00+00:00,20.0
2026-07-04 07:00:00+00:00,0.27
2026-07-04 08:00:00+00:00,-0.027500000000000004
2026-07-04 09:00:00+00:00,-0.665
2026-07-04 10:00:00+00:00,-2.57
2026-07-04 11:00:00+00:00,-6.875
2026-07-04 12:00:00+00:00,-8.65
2026-07-04 13:00:00+00:00,-3.5825
2026-07-04 14:00:00+00:00,-0.295
2026-07-04 15:00:00+00:00,-0.05
2026-07-04 16:00:00+00:00,2.8725
2026-07-04 17:00:00+00:00,45.557500000000005
2026-07-04 18:00:00+00:00,89.725
2026-07-04 19:00:00+00:00,116.54
2026-07-04 20:00:00+00:00,125.8925
2026-07-04 21:00:00+00:00,111.54
2026-07-04 22:00:00+00:00,112.3875
2026-07-04 23:00:00+00:00,96.0075
2026-07-05 00:00:00+00:00,44.277499999999996
2026-07-05 01:00:00+00:00,12.1175
2026-07-05 02:00:00+00:00,6.28
2026-07-05 03:00:00+00:00,15.6575
2026-07-05 04:00:00+00:00,6.74
2026-07-05 05:00:00+00:00,7.227500000000001
2026-07-05 06:00:00+00:00,-0.01
2026-07-05 07:00:00+00:00,-0.015
2026-07-05 08:00:00+00:00,-0.0475
2026-07-05 09:00:00+00:00,-0.10250000000000001
2026-07-05 10:00:00+00:00,-0.10250000000000001
2026-07-05 11:00:00+00:00,-0.5549999999999999
2026-07-05 12:00:00+00:00,-1.0475
2026-07-05 13:00:00+00:00,-0.925
2026-07-05 14:00:00+00:00,-0.1175
2026-07-05 15:00:00+00:00,-0.01
2026-07-05 16:00:00+00:00,16.0925
2026-07-05 17:00:00+00:00,78.86
2026-07-05 18:00:00+00:00,122.655
2026-07-05 19:00:00+00:00,123.9075
2026-07-05 20:00:00+00:00,128.05
2026-07-05 21:00:00+00:00,122.385
2026-07-05 22:00:00+00:00,112.3025
2026-07-05 23:00:00+00:00,119.1
2026-07-06 00:00:00+00:00,99.85
2026-07-06 01:00:00+00:00,85.4825
2026-07-06 02:00:00+00:00,85.47
2026-07-06 03:00:00+00:00,107.3775
2026-07-06 04:00:00+00:00,129.75
2026-07-06 05:00:00+00:00,118.0
2026-07-06 06:00:00+00:00,109.81
2026-07-06 07:00:00+00:00,84.55
2026-07-06 08:00:00+00:00,54.4375
2026-07-06 09:00:00+00:00,34.3
2026-07-06 10:00:00+00:00,17.6825
2026-07-06 11:00:00+00:00,15.575
2026-07-06 12:00:00+00:00,11.2575
2026-07-06 13:00:00+00:00,3.8525
2026-07-06 14:00:00+00:00,5.75
2026-07-06 15:00:00+00:00,54.4875
2026-07-06 16:00:00+00:00,89.89
2026-07-06 17:00:00+00:00,122.1675
2026-07-06 18:00:00+00:00,141.235
2026-07-06 19:00:00+00:00,153.83
2026-07-06 20:00:00+00:00,149.28
2026-07-06 21:00:00+00:00,135.4875
2026-07-06 22:00:00+00:00,123.5
2026-07-06 23:00:00+00:00,116.2525
2026-07-07 00:00:00+00:00,104.2075
2026-07-07 01:00:00+00:00,94.64
2026-07-07 02:00:00+00:00,90.245
2026-07-07 03:00:00+00:00,93.18
2026-07-07 04:00:00+00:00,102.3425
2026-07-07 05:00:00+00:00,114.335
2026-07-07 06:00:00+00:00,107.6825
2026-07-07 07:00:00+00:00,66.825
2026-07-07 08:00:00+00:00,11.2925
2026-07-07 09:00:00+00:00,-0.0025
2026-07-07 10:00:00+00:00,0.0
2026-07-07 11:00:00+00:00,-0.0075
2026-07-07 12:00:00+00:00,0.0
2026-07-07 13:00:00+00:00,-0.005
2026-07-07 14:00:00+00:00,-0.01
2026-07-07 15:00:00+00:00,5.0275
2026-07-07 16:00:00+00:00,81.2975
2026-07-07 17:00:00+00:00,114.98
2026-07-07 18:00:00+00:00,134.05
2026-07-07 19:00:00+00:00,126.1475
2026-07-07 20:00:00+00:00,135.075
2026-07-07 21:00:00+00:00,120.205
2026-07-07 22:00:00+00:00,124.1
2026-07-07 23:00:00+00:00,120.29
2026-07-08 00:00:00+00:00,115.79
2026-07-08 01:00:00+00:00,104.61
2026-07-08 02:00:00+00:00,105.5825
2026-07-08 03:00:00+00:00,117.35
2026-07-08 04:00:00+00:00,127.195
2026-07-08 05:00:00+00:00,135.3
2026-07-08 06:00:00+00:00,125.0
2026-07-08 07:00:00+00:00,87.5575
2026-07-08 08:00:00+00:00,57.4525
2026-07-08 09:00:00+00:00,42.285
2026-07-08 10:00:00+00:00,19.755000000000003
2026-07-08 11:00:00+00:00,0.5625
2026-07-08 12:00:00+00:00,2.53
2026-07-08 13:00:00+00:00,6.4975
2026-07-08 14:00:00+00:00,12.8125
2026-07-08 15:00:00+00:00,81.31
2026-07-08 16:00:00+00:00,108.6
2026-07-08 17:00:00+00:00,136.765
2026-07-08 18:00:00+00:00,146.5525
2026-07-08 19:00:00+00:00,157.59
2026-07-08 20:00:00+00:00,159.2375
2026-07-08 21:00:00+00:00,145.385
2026-07-08 22:00:00+00:00,140.7275
2026-07-08 23:00:00+00:00,132.2075
2026-07-09 00:00:00+00:00,126.61
2026-07-09 01:00:00+00:00,114.67
2026-07-09 02:00:00+00:00,114.6125
2026-07-09 03:00:00+00:00,133.6625
2026-07-09 04:00:00+00:00,137.6775
2026-07-09 05:00:00+00:00,144.4125
2026-07-09 06:00:00+00:00,137.1025
2026-07-09 07:00:00+00:00,103.385
2026-07-09 08:00:00+00:00,71.6425
2026-07-09 09:00:00+00:00,54.06
2026-07-09 10:00:00+00:00,36.9375
2026-07-09 11:00:00+00:00,23.76
2026-07-09 12:00:00+00:00,31.3275
2026-07-09 13:00:00+00:00,30.925
2026-07-09 14:00:00+00:00,55.3175
2026-07-09 15:00:00+00:00,97.5375
2026-07-09 16:00:00+00:00,124.0
2026-07-09 17:00:00+00:00,159.7275
2026-07-09 18:00:00+00:00,174.43
2026-07-09 19:00:00+00:00,173.355
2026-07-09 20:00:00+00:00,173.55
2026-07-09 21:00:00+00:00,156.5325
2026-07-09 22:00:00+00:00,148.345
2026-07-09 23:00:00+00:00,141.91250000000002
2026-07-10 00:00:00+00:00,137.08499999999998
2026-07-10 01:00:00+00:00,135.31
2026-07-10 02:00:00+00:00,127.5375
2026-07-10 03:00:00+00:00,137.5525
2026-07-10 04:00:00+00:00,147.32
2026-07-10 05:00:00+00:00,143.795
2026-07-10 06:00:00+00:00,136.33249999999998
2026-07-10 07:00:00+00:00,120.3175
2026-07-10 08:00:00+00:00,93.4225
2026-07-10 09:00:00+00:00,79.3125
2026-07-10 10:00:00+00:00,57.8
2026-07-10 11:00:00+00:00,37.36
2026-07-10 12:00:00+00:00,40.95
2026-07-10 13:00:00+00:00,62.1
2026-07-10 14:00:00+00:00,88.6825
2026-07-10 15:00:00+00:00,115.345
2026-07-10 16:00:00+00:00,129.6225
2026-07-10 17:00:00+00:00,139.84
2026-07-10 18:00:00+00:00,150.0925
2026-07-10 19:00:00+00:00,166.66
2026-07-10 20:00:00+00:00,168.0
2026-07-10 21:00:00+00:00,154.4625
2026-07-10 22:00:00+00:00,151.01
2026-07-10 23:00:00+00:00,144.14
2026-07-11 00:00:00+00:00,134.9975
2026-07-11 01:00:00+00:00,125.78
2026-07-11 02:00:00+00:00,124.79
2026-07-11 03:00:00+00:00,114.815
2026-07-11 04:00:00+00:00,118.455
2026-07-11 05:00:00+00:00,125.6125
2026-07-11 06:00:00+00:00,114.115
2026-07-11 07:00:00+00:00,71.465
2026-07-11 08:00:00+00:00,16.0875
2026-07-11 09:00:00+00:00,0.3275
2026-07-11 10:00:00+00:00,0.0
2026-07-11 11:00:00+00:00,-0.01
2026-07-11 12:00:00+00:00,-0.01
2026-07-11 13:00:00+00:00,0.0
2026-07-11 14:00:00+00:00,7.3
2026-07-11 15:00:00+00:00,74.79249999999999
2026-07-11 16:00:00+00:00,121.165
2026-07-11 17:00:00+00:00,140.6175
2026-07-11 18:00:00+00:00,151.10250000000002
2026-07-11 19:00:00+00:00,155.3425
2026-07-11 20:00:00+00:00,154.8875
2026-07-11 21:00:00+00:00,145.5975
2026-07-11 22:00:00+00:00,137.4425
2026-07-11 23:00:00+00:00,131.885
2026-07-12 00:00:00+00:00,125.57
2026-07-12 01:00:00+00:00,125.1
2026-07-12 02:00:00+00:00,122.8825
2026-07-12 03:00:00+00:00,119.155
2026-07-12 04:00:00+00:00,111.6125
2026-07-12 05:00:00+00:00,99.775
2026-07-12 06:00:00+00:00,61.660000000000004
2026-07-12 07:00:00+00:00,5.385
2026-07-12 08:00:00+00:00,-0.045
2026-07-12 09:00:00+00:00,-0.56
2026-07-12 10:00:00+00:00,-0.9075
2026-07-12 11:00:00+00:00,-1.1125
2026-07-12 12:00:00+00:00,-1.0775
2026-07-12 13:00:00+00:00,-1.0
2026-07-12 14:00:00+00:00,-0.4275
2026-07-12 15:00:00+00:00,0.0
2026-07-12 16:00:00+00:00,75.19
2026-07-12 17:00:00+00:00,130.14
2026-07-12 18:00:00+00:00,135.74
2026-07-12 19:00:00+00:00,144.4875
2026-07-12 20:00:00+00:00,144.93
2026-07-12 21:00:00+00:00,139.3175
2026-07-12 22:00:00+00:00,129.73
2026-07-12 23:00:00+00:00,120.77
2026-07-13 00:00:00+00:00,112.8275
2026-07-13 01:00:00+00:00,113.8975
2026-07-13 02:00:00+00:00,121.9725
2026-07-13 03:00:00+00:00,120.1125
2026-07-13 04:00:00+00:00,146.16
2026-07-13 05:00:00+00:00,124.025
2026-07-13 06:00:00+00:00,134.03
2026-07-13 07:00:00+00:00,118.58
2026-07-13 08:00:00+00:00,93.6775
2026-07-13 09:00:00+00:00,74.69
2026-07-13 10:00:00+00:00,61.3725
2026-07-13 11:00:00+00:00,50.9775
2026-07-13 12:00:00+00:00,62.95
2026-07-13 13:00:00+00:00,69.5675
2026-07-13 14:00:00+00:00,90.27
2026-07-13 15:00:00+00:00,108.105
2026-07-13 16:00:00+00:00,110.05
2026-07-13 17:00:00+00:00,144.7575
2026-07-13 18:00:00+00:00,153.60500000000002
2026-07-13 19:00:00+00:00,164.735
2026-07-13 20:00:00+00:00,159.0725
2026-07-13 21:00:00+00:00,144.43
2026-07-13 22:00:00+00:00,139.86
2026-07-13 23:00:00+00:00,133.8875
2026-07-14 00:00:00+00:00,127.35
2026-07-14 01:00:00+00:00,127.2175
2026-07-14 02:00:00+00:00,127.65
2026-07-14 03:00:00+00:00,135.02
2026-07-14 04:00:00+00:00,129.375
2026-07-14 05:00:00+00:00,120.6
2026-07-14 06:00:00+00:00,133.275
2026-07-14 07:00:00+00:00,115.8925
2026-07-14 08:00:00+00:00,97.8775
2026-07-14 09:00:00+00:00,83.9625
2026-07-14 10:00:00+00:00,76.715
2026-07-14 11:00:00+00:00,66.2525
2026-07-14 12:00:00+00:00,66.1
2026-07-14 13:00:00+00:00,61.915
2026-07-14 14:00:00+00:00,79.35
2026-07-14 15:00:00+00:00,111.975
2026-07-14 16:00:00+00:00,131.8125
2026-07-14 17:00:00+00:00,150.5475
2026-07-14 18:00:00+00:00,173.29250000000002
2026-07-14 19:00:00+00:00,172.0225
2026-07-14 20:00:00+00:00,168.765
2026-07-14 21:00:00+00:00,151.51999999999998
2026-07-14 22:00:00+00:00,152.0025
2026-07-14 23:00:00+00:00,144.4475
2026-07-15 00:00:00+00:00,137.35
2026-07-15 01:00:00+00:00,121.005
2026-07-15 02:00:00+00:00,121.0075
2026-07-15 03:00:00+00:00,134.6175
2026-07-15 04:00:00+00:00,146.25
2026-07-15 05:00:00+00:00,163.8425
2026-07-15 06:00:00+00:00,156.1725
2026-07-15 07:00:00+00:00,134.7875
2026-07-15 08:00:00+00:00,115.145
2026-07-15 09:00:00+00:00,104.8725
2026-07-15 10:00:00+00:00,96.9475
2026-07-15 11:00:00+00:00,90.9825
2026-07-15 12:00:00+00:00,97.575
2026-07-15 13:00:00+00:00,99.05
2026-07-15 14:00:00+00:00,107.715
2026-07-15 15:00:00+00:00,120.69
2026-07-15 16:00:00+00:00,142.6775
2026-07-15 17:00:00+00:00,167.0
2026-07-15 18:00:00+00:00,191.9975
2026-07-15 19:00:00+00:00,194.5375
2026-07-15 20:00:00+00:00,188.38
2026-07-15 21:00:00+00:00,171.415
2026-07-15 22:00:00+00:00,166.0325
2026-07-15 23:00:00+00:00,159.2
2026-07-16 00:00:00+00:00,152.63
2026-07-16 01:00:00+00:00,148.63
2026-07-16 02:00:00+00:00,147.2475
2026-07-16 03:00:00+00:00,153.3275
2026-07-16 04:00:00+00:00,166.2875
2026-07-16 05:00:00+00:00,168.79500000000002
2026-07-16 06:00:00+00:00,162.05
2026-07-16 07:00:00+00:00,136.39
2026-07-16 08:00:00+00:00,118.1025
2026-07-16 09:00:00+00:00,106.9475
2026-07-16 10:00:00+00:00,99.455
2026-07-16 11:00:00+00:00,95.355
2026-07-16 12:00:00+00:00,101.195
2026-07-16 13:00:00+00:00,110.375
2026-07-16 14:00:00+00:00,120.5525
2026-07-16 15:00:00+00:00,139.9375
2026-07-16 16:00:00+00:00,168.925
2026-07-16 17:00:00+00:00,214.57
2026-07-16 18:00:00+00:00,230.0325
2026-07-16 19:00:00+00:00,212.015
2026-07-16 20:00:00+00:00,206.84
2026-07-16 21:00:00+00:00,180.3125
2026-07-16 22:00:00+00:00,170.565
2026-07-16 23:00:00+00:00,161.45
2026-07-17 00:00:00+00:00,151.975
2026-07-17 01:00:00+00:00,143.94
2026-07-17 02:00:00+00:00,142.89999999999998
2026-07-17 03:00:00+00:00,145.1575
2026-07-17 04:00:00+00:00,158.12
2026-07-17 05:00:00+00:00,160.0
2026-07-17 06:00:00+00:00,155.8525
2026-07-17 07:00:00+00:00,135.3925
2026-07-17 08:00:00+00:00,128.535
2026-07-17 09:00:00+00:00,115.11
2026-07-17 10:00:00+00:00,104.5575
2026-07-17 11:00:00+00:00,98.2
2026-07-17 12:00:00+00:00,98.5475
2026-07-17 13:00:00+00:00,108.4875
2026-07-17 14:00:00+00:00,115.055
2026-07-17 15:00:00+00:00,129.28
2026-07-17 16:00:00+00:00,141.7175
2026-07-17 17:00:00+00:00,156.0925
2026-07-17 18:00:00+00:00,164.11
2026-07-17 19:00:00+00:00,168.65
2026-07-17 20:00:00+00:00,165.22
2026-07-17 21:00:00+00:00,158.65
2026-07-17 22:00:00+00:00,156.265
2026-07-17 23:00:00+00:00,145.4275
2026-07-18 00:00:00+00:00,142.0
2026-07-18 01:00:00+00:00,135.3
2026-07-18 02:00:00+00:00,135.39249999999998
2026-07-18 03:00:00+00:00,133.07999999999998
2026-07-18 04:00:00+00:00,127.1925
2026-07-18 05:00:00+00:00,120.2325
2026-07-18 06:00:00+00:00,98.6875
2026-07-18 07:00:00+00:00,45.26
2026-07-18 08:00:00+00:00,10.504999999999999
2026-07-18 09:00:00+00:00,1.3525
2026-07-18 10:00:00+00:00,0.4475
2026-07-18 11:00:00+00:00,-0.005
2026-07-18 12:00:00+00:00,-0.01
2026-07-18 13:00:00+00:00,0.3425
2026-07-18 14:00:00+00:00,0.975
2026-07-18 15:00:00+00:00,3.0775
2026-07-18 16:00:00+00:00,64.2125
2026-07-18 17:00:00+00:00,116.4025
2026-07-18 18:00:00+00:00,139.5375
2026-07-18 19:00:00+00:00,149.205
2026-07-18 20:00:00+00:00,154.2925
2026-07-18 21:00:00+00:00,146.67000000000002
2026-07-18 22:00:00+00:00,138.6975
2026-07-18 23:00:00+00:00,130.7425
2026-07-19 00:00:00+00:00,121.7125
2026-07-19 01:00:00+00:00,116.0
2026-07-19 02:00:00+00:00,91.6675
2026-07-19 03:00:00+00:00,83.73
2026-07-19 04:00:00+00:00,50.54
2026-07-19 05:00:00+00:00,14.265
2026-07-19 06:00:00+00:00,6.7975
2026-07-19 07:00:00+00:00,0.009999999999999998
2026-07-19 08:00:00+00:00,-0.0075
2026-07-19 09:00:00+00:00,-0.0175
2026-07-19 10:00:00+00:00,-0.0875
2026-07-19 11:00:00+00:00,-1.8725
2026-07-19 12:00:00+00:00,-3.4625
2026-07-19 13:00:00+00:00,-2.845
2026-07-19 14:00:00+00:00,-0.055
2026-07-19 15:00:00+00:00,-0.0025
2026-07-19 16:00:00+00:00,18.6275
2026-07-19 17:00:00+00:00,99.495
2026-07-19 18:00:00+00:00,142.39999999999998
2026-07-19 19:00:00+00:00,150.075
2026-07-19 20:00:00+00:00,150.215
2026-07-19 21:00:00+00:00,138.3625
2026-07-19 22:00:00+00:00,147.4525
2026-07-19 23:00:00+00:00,138.48250000000002
2026-07-20 00:00:00+00:00,121.92
2026-07-20 01:00:00+00:00,112.09
2026-07-20 02:00:00+00:00,107.95
2026-07-20 03:00:00+00:00,137.2575
2026-07-20 04:00:00+00:00,149.4475
2026-07-20 05:00:00+00:00,149.6475
2026-07-20 06:00:00+00:00,130.9975
2026-07-20 07:00:00+00:00,92.7175
2026-07-20 08:00:00+00:00,53.1125
2026-07-20 09:00:00+00:00,7.62
2026-07-20 10:00:00+00:00,-0.01
2026-07-20 11:00:00+00:00,7.6675
2026-07-20 12:00:00+00:00,-0.005
2026-07-20 13:00:00+00:00,0.4
2026-07-20 14:00:00+00:00,2.4625
2026-07-20 15:00:00+00:00,63.89
2026-07-20 16:00:00+00:00,111.97
2026-07-20 17:00:00+00:00,159.245
2026-07-20 18:00:00+00:00,167.0
2026-07-20 19:00:00+00:00,178.76
2026-07-20 20:00:00+00:00,174.815
2026-07-20 21:00:00+00:00,159.99
2026-07-20 22:00:00+00:00,151.115
2026-07-20 23:00:00+00:00,150.82999999999998
2026-07-21 00:00:00+00:00,145.1225
2026-07-21 01:00:00+00:00,140.0075
2026-07-21 02:00:00+00:00,140.1575
2026-07-21 03:00:00+00:00,147.16
2026-07-21 04:00:00+00:00,157.89
2026-07-21 05:00:00+00:00,154.4275
2026-07-21 06:00:00+00:00,145.3775
2026-07-21 07:00:00+00:00,111.01
2026-07-21 08:00:00+00:00,40.3975
2026-07-21 09:00:00+00:00,1.14
2026-07-21 10:00:00+00:00,0.135
2026-07-21 11:00:00+00:00,0.0
2026-07-21 12:00:00+00:00,0.0025
2026-07-21 13:00:00+00:00,0.685
2026-07-21 14:00:00+00:00,0.0025
2026-07-21 15:00:00+00:00,46.0825
2026-07-21 16:00:00+00:00,119.0875
2026-07-21 17:00:00+00:00,152.4325
2026-07-21 18:00:00+00:00,167.775
2026-07-21 19:00:00+00:00,170.6125
2026-07-21 20:00:00+00:00,169.4475
2026-07-21 21:00:00+00:00,155.655
2026-07-21 22:00:00+00:00,154.225
2026-07-21 23:00:00+00:00,150.1175
2026-07-22 00:00:00+00:00,145.755
2026-07-22 01:00:00+00:00,136.4775
2026-07-22 02:00:00+00:00,132.01999999999998
2026-07-22 03:00:00+00:00,141.29
2026-07-22 04:00:00+00:00,154.0
2026-07-22 05:00:00+00:00,151.0
2026-07-22 06:00:00+00:00,139.75
2026-07-22 07:00:00+00:00,109.0025
2026-07-22 08:00:00+00:00,56.6025
2026-07-22 09:00:00+00:00,14.625
2026-07-22 10:00:00+00:00,5.185
2026-07-22 11:00:00+00:00,0.0
2026-07-22 12:00:00+00:00,0.0075
2026-07-22 13:00:00+00:00,0.0
2026-07-22 14:00:00+00:00,5.2375
2026-07-22 15:00:00+00:00,66.8725
2026-07-22 16:00:00+00:00,118.1725
2026-07-22 17:00:00+00:00,150.395
2026-07-22 18:00:00+00:00,165.0525
2026-07-22 19:00:00+00:00,164.91500000000002
2026-07-22 20:00:00+00:00,161.29500000000002
2026-07-22 21:00:00+00:00,150.27
2026-07-22 22:00:00+00:00,148.6725
2026-07-22 23:00:00+00:00,141.59
2026-07-23 00:00:00+00:00,137.3125
2026-07-23 01:00:00+00:00,135.6775
2026-07-23 02:00:00+00:00,139.0525
2026-07-23 03:00:00+00:00,146.195
2026-07-23 04:00:00+00:00,160.20749999999998
2026-07-23 05:00:00+00:00,168.32
2026-07-23 06:00:00+00:00,159.0675
2026-07-23 07:00:00+00:00,131.3025
2026-07-23 08:00:00+00:00,75.85249999999999
2026-07-23 09:00:00+00:00,14.422500000000001
2026-07-23 10:00:00+00:00,8.92
2026-07-23 11:00:00+00:00,0.0
2026-07-23 12:00:00+00:00,5.38
2026-07-23 13:00:00+00:00,2.6225
2026-07-23 14:00:00+00:00,12.8375
2026-07-23 15:00:00+00:00,75.5775
2026-07-23 16:00:00+00:00,133.15
2026-07-23 17:00:00+00:00,166.1
2026-07-23 18:00:00+00:00,185.525
2026-07-23 19:00:00+00:00,190.0
2026-07-23 20:00:00+00:00,186.5425
2026-07-23 21:00:00+00:00,170.42000000000002
2026-07-23 22:00:00+00:00,161.0025
2026-07-23 23:00:00+00:00,156.3775
2026-07-24 00:00:00+00:00,131.14249999999998
2026-07-24 01:00:00+00:00,142.2875
2026-07-24 02:00:00+00:00,133.15
2026-07-24 03:00:00+00:00,161.5875
2026-07-24 04:00:00+00:00,173.1575
2026-07-24 05:00:00+00:00,167.625
2026-07-24 06:00:00+00:00,159.70749999999998
2026-07-24 07:00:00+00:00,127.36
2026-07-24 08:00:00+00:00,75.93
2026-07-24 09:00:00+00:00,12.4075
2026-07-24 10:00:00+00:00,1.4825
2026-07-24 11:00:00+00:00,0.0
2026-07-24 12:00:00+00:00,0.255
2026-07-24 13:00:00+00:00,0.2875
2026-07-24 14:00:00+00:00,0.66
2026-07-24 15:00:00+00:00,52.62500000000001
2026-07-24 16:00:00+00:00,127.0275
2026-07-24 17:00:00+00:00,175.9125
2026-07-24 18:00:00+00:00,182.63
2026-07-24 19:00:00+00:00,186.2925
2026-07-24 20:00:00+00:00,188.2775
2026-07-24 21:00:00+00:00,180.115
2026-07-24 22:00:00+00:00,158.0
2026-07-24 23:00:00+00:00,160.51
2026-07-25 00:00:00+00:00,145.165
2026-07-25 01:00:00+00:00,125.71
2026-07-25 02:00:00+00:00,120.8625
2026-07-25 03:00:00+00:00,130.73
2026-07-25 04:00:00+00:00,122.4275
2026-07-25 05:00:00+00:00,112.6
2026-07-25 06:00:00+00:00,84.74249999999999
2026-07-25 07:00:00+00:00,10.995
2026-07-25 08:00:00+00:00,-0.1175
2026-07-25 09:00:00+00:00,-2.6075
2026-07-25 10:00:00+00:00,-5.955
2026-07-25 11:00:00+00:00,-9.7475
2026-07-25 12:00:00+00:00,-2.95
2026-07-25 13:00:00+00:00,-1.015
2026-07-25 14:00:00+00:00,-0.2225
2026-07-25 15:00:00+00:00,3.6875
2026-07-25 16:00:00+00:00,82.0825
2026-07-25 17:00:00+00:00,149.88
2026-07-25 18:00:00+00:00,165.575
2026-07-25 19:00:00+00:00,161.26
2026-07-25 20:00:00+00:00,165.48250000000002
2026-07-25 21:00:00+00:00,160.0
2026-07-25 22:00:00+00:00,132.5325
2026-07-25 23:00:00+00:00,130.345
2026-07-26 00:00:00+00:00,96.2125
2026-07-26 01:00:00+00:00,81.95
2026-07-26 02:00:00+00:00,96.915
2026-07-26 03:00:00+00:00,86.23
2026-07-26 04:00:00+00:00,30.0025
2026-07-26 05:00:00+00:00,18.0375
2026-07-26 06:00:00+00:00,9.625
2026-07-26 07:00:00+00:00,-0.035
2026-07-26 08:00:00+00:00,-0.11
2026-07-26 09:00:00+00:00,-0.10500000000000001
2026-07-26 10:00:00+00:00,-0.1
2026-07-26 11:00:00+00:00,-0.2475
2026-07-26 12:00:00+00:00,-0.63
2026-07-26 13:00:00+00:00,-0.77
2026-07-26 14:00:00+00:00,-0.855
2026-07-26 15:00:00+00:00,-0.22
2026-07-26 16:00:00+00:00,-0.0075
2026-07-26 17:00:00+00:00,37.3525
2026-07-26 18:00:00+00:00,81.23
2026-07-26 19:00:00+00:00,116.335
2026-07-26 20:00:00+00:00,144.5
2026-07-26 21:00:00+00:00,136.795
2026-07-26 22:00:00+00:00,16.575
2026-07-26 23:00:00+00:00,38.42
2026-07-27 00:00:00+00:00,33.917500000000004
2026-07-27 01:00:00+00:00,18.475
2026-07-27 02:00:00+00:00,28.29
2026-07-27 03:00:00+00:00,44.685
2026-07-27 04:00:00+00:00,103.835
2026-07-27 05:00:00+00:00,129.7225
2026-07-27 06:00:00+00:00,121.22
2026-07-27 07:00:00+00:00,73.965
2026-07-27 08:00:00+00:00,7.035
2026-07-27 09:00:00+00:00,0.0
2026-07-27 10:00:00+00:00,0.005
2026-07-27 11:00:00+00:00,-0.01
2026-07-27 12:00:00+00:00,-0.01
2026-07-27 13:00:00+00:00,-0.01
2026-07-27 14:00:00+00:00,-0.01
2026-07-27 15:00:00+00:00,4.7925
2026-07-27 16:00:00+00:00,89.62
2026-07-27 17:00:00+00:00,145.81
2026-07-27 18:00:00+00:00,172.8375
2026-07-27 19:00:00+00:00,175.7525
2026-07-27 20:00:00+00:00,172.715
2026-07-27 21:00:00+00:00,158.3625
2026-07-27 22:00:00+00:00,159.24
2026-07-27 23:00:00+00:00,148.4725
2026-07-28 00:00:00+00:00,142.4225
2026-07-28 01:00:00+00:00,127.345
2026-07-28 02:00:00+00:00,118.6225
2026-07-28 03:00:00+00:00,133.60750000000002
2026-07-28 04:00:00+00:00,144.44
2026-07-28 05:00:00+00:00,158.4075
2026-07-28 06:00:00+00:00,143.79
2026-07-28 07:00:00+00:00,77.7275
2026-07-28 08:00:00+00:00,-0.005
2026-07-28 09:00:00+00:00,-0.01
2026-07-28 10:00:00+00:00,-0.0025
2026-07-28 11:00:00+00:00,-0.01
2026-07-28 12:00:00+00:00,-0.0025
2026-07-28 13:00:00+00:00,1.0025
2026-07-28 14:00:00+00:00,15.4925
2026-07-28 15:00:00+00:00,84.285
2026-07-28 16:00:00+00:00,134.3975
2026-07-28 17:00:00+00:00,165.09
2026-07-28 18:00:00+00:00,205.0
2026-07-28 19:00:00+00:00,209.9275
2026-07-28 20:00:00+00:00,193.9575
2026-07-28 21:00:00+00:00,156.01
2026-07-28 22:00:00+00:00,109.6825
2026-07-28 23:00:00+00:00,135.2175
2026-07-29 00:00:00+00:00,130.8625
2026-07-29 01:00:00+00:00,135.0025
2026-07-29 02:00:00+00:00,128.61
2026-07-29 03:00:00+00:00,136.6775
2026-07-29 04:00:00+00:00,147.1525
2026-07-29 05:00:00+00:00,149.2825
2026-07-29 06:00:00+00:00,148.585
2026-07-29 07:00:00+00:00,123.8
2026-07-29 08:00:00+00:00,84.6825
2026-07-29 09:00:00+00:00,29.034999999999997
2026-07-29 10:00:00+00:00,1.525
2026-07-29 11:00:00+00:00,0.0
2026-07-29 12:00:00+00:00,3.0475
2026-07-29 13:00:00+00:00,3.58
2026-07-29 14:00:00+00:00,20.5725
2026-07-29 15:00:00+00:00,98.52
2026-07-29 16:00:00+00:00,150.0
2026-07-29 17:00:00+00:00,199.17
2026-07-29 18:00:00+00:00,220.02
2026-07-29 19:00:00+00:00,216.355
2026-07-29 20:00:00+00:00,192.925
2026-07-29 21:00:00+00:00,165.3275
2026-07-29 22:00:00+00:00,149.755
2026-07-29 23:00:00+00:00,142.385
2026-07-30 00:00:00+00:00,139.9975
2026-07-30 01:00:00+00:00,123.0975
2026-07-30 02:00:00+00:00,124.6575
2026-07-30 03:00:00+00:00,124.7925
2026-07-30 04:00:00+00:00,146.0025
2026-07-30 05:00:00+00:00,148.37
2026-07-30 06:00:00+00:00,142.01
2026-07-30 07:00:00+00:00,120.3275
2026-07-30 08:00:00+00:00,81.805
2026-07-30 09:00:00+00:00,25.735
2026-07-30 10:00:00+00:00,21.3975
2026-07-30 11:00:00+00:00,6.1325
2026-07-30 12:00:00+00:00,23.645
2026-07-30 13:00:00+00:00,28.995
2026-07-30 14:00:00+00:00,72.045
2026-07-30 15:00:00+00:00,104.96
2026-07-30 16:00:00+00:00,130.445
2026-07-30 17:00:00+00:00,161.0075
2026-07-30 18:00:00+00:00,176.0
2026-07-30 19:00:00+00:00,190.22
2026-07-30 20:00:00+00:00,190.2975
2026-07-30 21:00:00+00:00,170.82999999999998
2026-07-30 22:00:00+00:00,166.72
2026-07-30 23:00:00+00:00,155.1625
2026-07-31 00:00:00+00:00,144.4275
2026-07-31 01:00:00+00:00,130.6
2026-07-31 02:00:00+00:00,125.02
2026-07-31 03:00:00+00:00,139.8375
2026-07-31 04:00:00+00:00,163.79000000000002
2026-07-31 05:00:00+00:00,167.9975
2026-07-31 06:00:00+00:00,158.5925
2026-07-31 07:00:00+00:00,139.51
2026-07-31 08:00:00+00:00,114.525
2026-07-31 09:00:00+00:00,95.23
2026-07-31 10:00:00+00:00,94.13
2026-07-31 11:00:00+00:00,83.2675
2026-07-31 12:00:00+00:00,86.285
2026-07-31 13:00:00+00:00,69.9325
2026-07-31 14:00:00+00:00,79.5
2026-07-31 15:00:00+00:00,90.3425
2026-07-31 16:00:00+00:00,136.2875
2026-07-31 17:00:00+00:00,154.03
2026-07-31 18:00:00+00:00,167.69
2026-07-31 19:00:00+00:00,173.7975
2026-07-31 20:00:00+00:00,176.0125
2026-07-31 21:00:00+00:00,167.6575
2026-07-31 22:00:00+00:00,161.67000000000002
2026-07-31 23:00:00+00:00,153.06
2026-08-01 00:00:00+00:00,146.395
2026-08-01 01:00:00+00:00,143.1
2026-08-01 02:00:00+00:00,138.38
2026-08-01 03:00:00+00:00,144.51
2026-08-01 04:00:00+00:00,147.03750000000002
2026-08-01 05:00:00+00:00,146.4225
2026-08-01 06:00:00+00:00,139.60500000000002
2026-08-01 07:00:00+00:00,103.7725
2026-08-01 08:00:00+00:00,28.8275
2026-08-01 09:00:00+00:00,1.86
2026-08-01 10:00:00+00:00,0.975
2026-08-01 11:00:00+00:00,0.1275
2026-08-01 12:00:00+00:00,0.0
2026-08-01 13:00:00+00:00,0.2025
2026-08-01 14:00:00+00:00,0.7725
2026-08-01 15:00:00+00:00,26.262500000000003
2026-08-01 16:00:00+00:00,103.6025
2026-08-01 17:00:00+00:00,154.76999999999998
2026-08-01 18:00:00+00:00,182.3625
2026-08-01 19:00:00+00:00,181.41
2026-08-01 20:00:00+00:00,178.5475
2026-08-01 21:00:00+00:00,170.0
2026-08-01 22:00:00+00:00,161.12
2026-08-01 23:00:00+00:00,158.60500000000002
2026-08-02 00:00:00+00:00,155.0025
2026-08-02 01:00:00+00:00,146.6225
2026-08-02 02:00:00+00:00,143.21
2026-08-02 03:00:00+00:00,143.0025
2026-08-02 04:00:00+00:00,141.5
2026-08-02 05:00:00+00:00,138.0
2026-08-02 06:00:00+00:00,122.18
2026-08-02 07:00:00+00:00,49.769999999999996
2026-08-02 08:00:00+00:00,0.3975
2026-08-02 09:00:00+00:00,-0.027500000000000004
2026-08-02 10:00:00+00:00,-0.1075
2026-08-02 11:00:00+00:00,-2.5375
2026-08-02 12:00:00+00:00,-0.11
2026-08-02 13:00:00+00:00,-0.01
2026-08-02 14:00:00+00:00,0.0025
2026-08-02 15:00:00+00:00,34.8525
2026-08-02 16:00:00+00:00,129.35
2026-08-02 17:00:00+00:00,170.01
2026-08-02 18:00:00+00:00,183.8825
2026-08-02 19:00:00+00:00,179.845
2026-08-02 20:00:00+00:00,170.51999999999998
2026-08-02 21:00:00+00:00,156.815
2026-08-02 22:00:00+00:00,144.4
2026-08-02 23:00:00+00:00,138.51
2026-08-03 00:00:00+00:00,134.7725
2026-08-03 01:00:00+00:00,130.9825
2026-08-03 02:00:00+00:00,132.5375
2026-08-03 03:00:00+00:00,138.71
2026-08-03 04:00:00+00:00,149.39749999999998
2026-08-03 05:00:00+00:00,159.8175
2026-08-03 06:00:00+00:00,150.0
2026-08-03 07:00:00+00:00,138.08
2026-08-03 08:00:00+00:00,116.17
2026-08-03 09:00:00+00:00,98.8925
2026-08-03 10:00:00+00:00,75.6975
2026-08-03 11:00:00+00:00,47.24
2026-08-03 12:00:00+00:00,58.905
2026-08-03 13:00:00+00:00,81.96000000000001
2026-08-03 14:00:00+00:00,105.0
2026-08-03 15:00:00+00:00,137.43
2026-08-03 16:00:00+00:00,149.995
2026-08-03 17:00:00+00:00,174.73000000000002
2026-08-03 18:00:00+00:00,187.27
2026-08-03 19:00:00+00:00,186.38
2026-08-03 20:00:00+00:00,177.2725
2026-08-03 21:00:00+00:00,159.35750000000002
2026-08-03 22:00:00+00:00,156.2
2026-08-03 23:00:00+00:00,146.825
2026-08-04 00:00:00+00:00,140.68
2026-08-04 01:00:00+00:00,135.9725
2026-08-04 02:00:00+00:00,135.7425
2026-08-04 03:00:00+00:00,141.74
2026-08-04 04:00:00+00:00,163.21
2026-08-04 05:00:00+00:00,169.125
2026-08-04 06:00:00+00:00,161.49
2026-08-04 07:00:00+00:00,146.5375
2026-08-04 08:00:00+00:00,125.51
2026-08-04 09:00:00+00:00,103.87
2026-08-04 10:00:00+00:00,87.3125
2026-08-04 11:00:00+00:00,76.465
2026-08-04 12:00:00+00:00,84.0625
2026-08-04 13:00:00+00:00,82.705
2026-08-04 14:00:00+00:00,78.0
2026-08-04 15:00:00+00:00,99.11
2026-08-04 16:00:00+00:00,122.0025
2026-08-04 17:00:00+00:00,162.7275
2026-08-04 18:00:00+00:00,183.2675
2026-08-04 19:00:00+00:00,181.5
2026-08-04 20:00:00+00:00,182.285
2026-08-04 21:00:00+00:00,164.875
2026-08-04 22:00:00+00:00,152.625
2026-08-04 23:00:00+00:00,147.1125
2026-08-05 00:00:00+00:00,139.3725
2026-08-05 01:00:00+00:00,132.3275
2026-08-05 02:00:00+00:00,126.94
2026-08-05 03:00:00+00:00,130.715
2026-08-05 04:00:00+00:00,154.85
2026-08-05 05:00:00+00:00,150.70499999999998
2026-08-05 06:00:00+00:00,139.895
2026-08-05 07:00:00+00:00,112.0375
2026-08-05 08:00:00+00:00,64.8025
2026-08-05 09:00:00+00:00,16.4325
2026-08-05 10:00:00+00:00,1.335
2026-08-05 11:00:00+00:00,0.0
2026-08-05 12:00:00+00:00,0.0
2026-08-05 13:00:00+00:00,0.0
2026-08-05 14:00:00+00:00,0.0
2026-08-05 15:00:00+00:00,50.25
2026-08-05 16:00:00+00:00,95.2
2026-08-05 17:00:00+00:00,139.7375
2026-08-05 18:00:00+00:00,153.5425
2026-08-05 19:00:00+00:00,144.76
2026-08-05 20:00:00+00:00,164.14749999999998
2026-08-05 21:00:00+00:00,155.08749999999998
2026-08-05 22:00:00+00:00,152.6
2026-08-05 23:00:00+00:00,135.2775
2026-08-06 00:00:00+00:00,122.1125
2026-08-06 01:00:00+00:00,109.7
2026-08-06 02:00:00+00:00,109.315
2026-08-06 03:00:00+00:00,124.2625
2026-08-06 04:00:00+00:00,145.0575
2026-08-06 05:00:00+00:00,147.77
2026-08-06 06:00:00+00:00,140.23
2026-08-06 07:00:00+00:00,97.4575
2026-08-06 08:00:00+00:00,32.7725
2026-08-06 09:00:00+00:00,4.245
2026-08-06 10:00:00+00:00,5.135
2026-08-06 11:00:00+00:00,1.83
2026-08-06 12:00:00+00:00,3.01
2026-08-06 13:00:00+00:00,2.27
2026-08-06 14:00:00+00:00,3.5825
2026-08-06 15:00:00+00:00,46.02
2026-08-06 16:00:00+00:00,112.125
2026-08-06 17:00:00+00:00,151.4325
2026-08-06 18:00:00+00:00,171.505
2026-08-06 19:00:00+00:00,178.2425
2026-08-06 20:00:00+00:00,174.5275
2026-08-06 21:00:00+00:00,164.1225
2026-08-06 22:00:00+00:00,140.05
2026-08-06 23:00:00+00:00,140.1525
2026-08-07 00:00:00+00:00,128.4975
2026-08-07 01:00:00+00:00,122.84
2026-08-07 02:00:00+00:00,124.0975
2026-08-07 03:00:00+00:00,130.9425
2026-08-07 04:00:00+00:00,152.1225
2026-08-07 05:00:00+00:00,151.5025
2026-08-07 06:00:00+00:00,145.895
2026-08-07 07:00:00+00:00,121.105
2026-08-07 08:00:00+00:00,66.22
2026-08-07 09:00:00+00:00,30.8575
2026-08-07 10:00:00+00:00,20.45
2026-08-07 11:00:00+00:00,7.484999999999999
2026-08-07 12:00:00+00:00,14.515
2026-08-07 13:00:00+00:00,17.9925
2026-08-07 14:00:00+00:00,28.4025
2026-08-07 15:00:00+00:00,81.69500000000001
2026-08-07 16:00:00+00:00,123.42
2026-08-07 17:00:00+00:00,150.325
2026-08-07 18:00:00+00:00,162.09
2026-08-07 19:00:00+00:00,163.1225
2026-08-07 20:00:00+00:00,169.515
2026-08-07 21:00:00+00:00,156.9075
2026-08-07 22:00:00+00:00,150.2
2026-08-07 23:00:00+00:00,141.9925
2026-08-08 00:00:00+00:00,133.48
2026-08-08 01:00:00+00:00,119.6275
2026-08-08 02:00:00+00:00,117.3225
2026-08-08 03:00:00+00:00,130.37
2026-08-08 04:00:00+00:00,143.75
2026-08-08 05:00:00+00:00,137.6975
2026-08-08 06:00:00+00:00,115.0325
2026-08-08 07:00:00+00:00,62.545
2026-08-08 08:00:00+00:00,3.9275
2026-08-08 09:00:00+00:00,-0.052500000000000005
2026-08-08 10:00:00+00:00,-3.415
2026-08-08 11:00:00+00:00,-6.67
2026-08-08 12:00:00+00:00,-6.0
2026-08-08 13:00:00+00:00,-0.0625
2026-08-08 14:00:00+00:00,-0.0025
2026-08-08 15:00:00+00:00,50.425
2026-08-08 16:00:00+00:00,120.14
2026-08-08 17:00:00+00:00,161.7875
2026-08-08 18:00:00+00:00,176.085
2026-08-08 19:00:00+00:00,178.605
2026-08-08 20:00:00+00:00,170.85
2026-08-08 21:00:00+00:00,154.42000000000002
2026-08-08 22:00:00+00:00,145.27499999999998
2026-08-08 23:00:00+00:00,139.345
2026-08-09 00:00:00+00:00,136.4425
2026-08-09 01:00:00+00:00,133.95
2026-08-09 02:00:00+00:00,134.0275
2026-08-09 03:00:00+00:00,135.0
2026-08-09 04:00:00+00:00,131.7975
2026-08-09 05:00:00+00:00,118.5825
2026-08-09 06:00:00+00:00,91.4775
2026-08-09 07:00:00+00:00,26.9125
2026-08-09 08:00:00+00:00,0.32249999999999995
2026-08-09 09:00:00+00:00,-0.015
2026-08-09 10:00:00+00:00,-0.0425
2026-08-09 11:00:00+00:00,-0.10500000000000001
2026-08-09 12:00:00+00:00,-0.0975
2026-08-09 13:00:00+00:00,-0.01
2026-08-09 14:00:00+00:00,4.6075
2026-08-09 15:00:00+00:00,46.2325
2026-08-09 16:00:00+00:00,126.6325
2026-08-09 17:00:00+00:00,147.2
2026-08-09 18:00:00+00:00,163.01
2026-08-09 19:00:00+00:00,174.1325
2026-08-09 20:00:00+00:00,170.0
2026-08-09 21:00:00+00:00,157.675
2026-08-09 22:00:00+00:00,146.7
2026-08-09 23:00:00+00:00,138.8675
2026-08-10 00:00:00+00:00,132.2075
2026-08-10 01:00:00+00:00,127.3475
2026-08-10 02:00:00+00:00,127.5675
2026-08-10 03:00:00+00:00,143.075
2026-08-10 04:00:00+00:00,163.325
2026-08-10 05:00:00+00:00,164.7775
2026-08-10 06:00:00+00:00,160.885
2026-08-10 07:00:00+00:00,138.8825
2026-08-10 08:00:00+00:00,111.8975
2026-08-10 09:00:00+00:00,80.01
2026-08-10 10:00:00+00:00,62.587500000000006
2026-08-10 11:00:00+00:00,30.060000000000002
2026-08-10 12:00:00+00:00,34.95
2026-08-10 13:00:00+00:00,45.68
2026-08-10 14:00:00+00:00,62.295
2026-08-10 15:00:00+00:00,116.65
2026-08-10 16:00:00+00:00,150.17
2026-08-10 17:00:00+00:00,178.53
2026-08-10 18:00:00+00:00,188.24
2026-08-10 19:00:00+00:00,186.8
2026-08-10 20:00:00+00:00,175.0025
2026-08-10 21:00:00+00:00,157.2425
2026-08-10 22:00:00+00:00,146.495
2026-08-10 23:00:00+00:00,146.83
2026-08-11 00:00:00+00:00,140.7475
2026-08-11 01:00:00+00:00,133.295
2026-08-11 02:00:00+00:00,133.8975
2026-08-11 03:00:00+00:00,143.6025
2026-08-11 04:00:00+00:00,159.4375
2026-08-11 05:00:00+00:00,159.6975
2026-08-11 06:00:00+00:00,145.7975
2026-08-11 07:00:00+00:00,112.725
2026-08-11 08:00:00+00:00,59.9625
2026-08-11 09:00:00+00:00,25.1325
2026-08-11 10:00:00+00:00,14.275
2026-08-11 11:00:00+00:00,11.9325
2026-08-11 12:00:00+00:00,18.29
2026-08-11 13:00:00+00:00,22.785
2026-08-11 14:00:00+00:00,54.9875
2026-08-11 15:00:00+00:00,115.8025
2026-08-11 16:00:00+00:00,150.0425
2026-08-11 17:00:00+00:00,178.995
2026-08-11 18:00:00+00:00,189.0
2026-08-11 19:00:00+00:00,178.0
2026-08-11 20:00:00+00:00,168.1375
2026-08-11 21:00:00+00:00,153.16750000000002
2026-08-11 22:00:00+00:00,155.575
2026-08-11 23:00:00+00:00,149.505
2026-08-12 00:00:00+00:00,143.3
2026-08-12 01:00:00+00:00,139.7525
2026-08-12 02:00:00+00:00,139.9
2026-08-12 03:00:00+00:00,153.5
2026-08-12 04:00:00+00:00,157.31
2026-08-12 05:00:00+00:00,167.5425
2026-08-12 06:00:00+00:00,155.0925
2026-08-12 07:00:00+00:00,128.645
2026-08-12 08:00:00+00:00,87.80749999999999
2026-08-12 09:00:00+00:00,42.515
2026-08-12 10:00:00+00:00,29.0575
2026-08-12 11:00:00+00:00,16.3675
2026-08-12 12:00:00+00:00,36.4225
2026-08-12 13:00:00+00:00,73.19
2026-08-12 14:00:00+00:00,107.3875
2026-08-12 15:00:00+00:00,140.5875
2026-08-12 16:00:00+00:00,183.795
2026-08-12 17:00:00+00:00,300.0
2026-08-12 18:00:00+00:00,289.18
2026-08-12 19:00:00+00:00,229.62
2026-08-12 20:00:00+00:00,190.6625
2026-08-12 21:00:00+00:00,172.1
2026-08-12 22:00:00+00:00,154.1025
2026-08-12 23:00:00+00:00,147.5925
2026-08-13 00:00:00+00:00,143.4225
2026-08-13 01:00:00+00:00,142.7225
2026-08-13 02:00:00+00:00,144.92000000000002
2026-08-13 03:00:00+00:00,157.3975
2026-08-13 04:00:00+00:00,174.23250000000002
2026-08-13 05:00:00+00:00,171.0975
2026-08-13 06:00:00+00:00,156.8
2026-08-13 07:00:00+00:00,139.7175
2026-08-13 08:00:00+00:00,110.54
2026-08-13 09:00:00+00:00,67.675
2026-08-13 10:00:00+00:00,46.79
2026-08-13 11:00:00+00:00,34.785
2026-08-13 12:00:00+00:00,43.2725
2026-08-13 13:00:00+00:00,72.87
2026-08-13 14:00:00+00:00,116.7925
2026-08-13 15:00:00+00:00,150.365
2026-08-13 16:00:00+00:00,203.9975
2026-08-13 17:00:00+00:00,326.6
2026-08-13 18:00:00+00:00,338.8625
2026-08-13 19:00:00+00:00,270.01
2026-08-13 20:00:00+00:00,213.4825
2026-08-13 21:00:00+00:00,184.2625
2026-08-13 22:00:00+00:00,162.055
2026-08-13 23:00:00+00:00,155.7425
2026-08-14 00:00:00+00:00,145.73000000000002
2026-08-14 01:00:00+00:00,142.05
2026-08-14 02:00:00+00:00,143.9075
2026-08-14 03:00:00+00:00,154.6975
2026-08-14 04:00:00+00:00,171.95999999999998
2026-08-14 05:00:00+00:00,170.0825
2026-08-14 06:00:00+00:00,155.4325
2026-08-14 07:00:00+00:00,143.6625
2026-08-14 08:00:00+00:00,120.9625
2026-08-14 09:00:00+00:00,85.0
2026-08-14 10:00:00+00:00,50.505
2026-08-14 11:00:00+00:00,33.415
2026-08-14 12:00:00+00:00,50.61
2026-08-14 13:00:00+00:00,76.34
2026-08-14 14:00:00+00:00,116.32
2026-08-14 15:00:00+00:00,143.655
2026-08-14 16:00:00+00:00,180.025
2026-08-14 17:00:00+00:00,238.595
2026-08-14 18:00:00+00:00,249.9975
2026-08-14 19:00:00+00:00,231.57
2026-08-14 20:00:00+00:00,198.0
2026-08-14 21:00:00+00:00,177.5175
2026-08-14 22:00:00+00:00,169.4475
2026-08-14 23:00:00+00:00,162.3975
2026-08-15 00:00:00+00:00,156.9025
2026-08-15 01:00:00+00:00,156.9375
2026-08-15 02:00:00+00:00,154.515
2026-08-15 03:00:00+00:00,153.8425
2026-08-15 04:00:00+00:00,156.9825
2026-08-15 05:00:00+00:00,152.685
2026-08-15 06:00:00+00:00,143.1775
2026-08-15 07:00:00+00:00,116.5825
2026-08-15 08:00:00+00:00,65.17
2026-08-15 09:00:00+00:00,27.135
2026-08-15 10:00:00+00:00,19.9275
2026-08-15 11:00:00+00:00,8.35
2026-08-15 12:00:00+00:00,9.2025
2026-08-15 13:00:00+00:00,15.0975
2026-08-15 14:00:00+00:00,68.5875
2026-08-15 15:00:00+00:00,130.58249999999998
2026-08-15 16:00:00+00:00,165.0725
2026-08-15 17:00:00+00:00,179.985
2026-08-15 18:00:00+00:00,184.99
2026-08-15 19:00:00+00:00,183.3425
2026-08-15 20:00:00+00:00,179.5925
2026-08-15 21:00:00+00:00,173.99
2026-08-15 22:00:00+00:00,174.3125
2026-08-15 23:00:00+00:00,168.58749999999998
2026-08-16 00:00:00+00:00,165.32999999999998
2026-08-16 01:00:00+00:00,157.535
2026-08-16 02:00:00+00:00,156.9
2026-08-16 03:00:00+00:00,156.945
2026-08-16 04:00:00+00:00,156.6
2026-08-16 05:00:00+00:00,150.37
2026-08-16 06:00:00+00:00,146.4275
2026-08-16 07:00:00+00:00,125.1225
2026-08-16 08:00:00+00:00,96.9
2026-08-16 09:00:00+00:00,61.23
2026-08-16 10:00:00+00:00,43.53
2026-08-16 11:00:00+00:00,27.3375
2026-08-16 12:00:00+00:00,36.5575
2026-08-16 13:00:00+00:00,67.7025
2026-08-16 14:00:00+00:00,116.135
2026-08-16 15:00:00+00:00,145.325
2026-08-16 16:00:00+00:00,169.87
2026-08-16 17:00:00+00:00,187.97
2026-08-16 18:00:00+00:00,200.0175
2026-08-16 19:00:00+00:00,205.675
2026-08-16 20:00:00+00:00,206.535
2026-08-16 21:00:00+00:00,192.6475
2026-08-16 22:00:00+00:00,192.1275
2026-08-16 23:00:00+00:00,178.81
2026-08-17 00:00:00+00:00,163.9
2026-08-17 01:00:00+00:00,160.28
2026-08-17 02:00:00+00:00,159.07
2026-08-17 03:00:00+00:00,174.9675
2026-08-17 04:00:00+00:00,197.4
2026-08-17 05:00:00+00:00,205.15
2026-08-17 06:00:00+00:00,207.5125
2026-08-17 07:00:00+00:00,198.42
2026-08-17 08:00:00+00:00,174.4025
2026-08-17 09:00:00+00:00,165.8
2026-08-17 10:00:00+00:00,154.16
2026-08-17 11:00:00+00:00,149.815
2026-08-17 12:00:00+00:00,141.2825
2026-08-17 13:00:00+00:00,142.0275
2026-08-17 14:00:00+00:00,143.3425
2026-08-17 15:00:00+00:00,157.4075
2026-08-17 16:00:00+00:00,182.705
2026-08-17 17:00:00+00:00,206.44
2026-08-17 18:00:00+00:00,213.78
2026-08-17 19:00:00+00:00,210.0025
2026-08-17 20:00:00+00:00,197.705
2026-08-17 21:00:00+00:00,179.92000000000002
2026-08-17 22:00:00+00:00,173.5675
2026-08-17 23:00:00+00:00,159.7875
2026-08-18 00:00:00+00:00,150.805
2026-08-18 01:00:00+00:00,148.39249999999998
2026-08-18 02:00:00+00:00,149.22
2026-08-18 03:00:00+00:00,159.03
2026-08-18 04:00:00+00:00,180.1725
2026-08-18 05:00:00+00:00,188.8425
2026-08-18 06:00:00+00:00,185.22
2026-08-18 07:00:00+00:00,162.1775
2026-08-18 08:00:00+00:00,150.0
2026-08-18 09:00:00+00:00,133.85
2026-08-18 10:00:00+00:00,136.1775
2026-08-18 11:00:00+00:00,130.57
2026-08-18 12:00:00+00:00,131.315
2026-08-18 13:00:00+00:00,130.07999999999998
2026-08-18 14:00:00+00:00,133.5575
2026-08-18 15:00:00+00:00,149.175
2026-08-18 16:00:00+00:00,174.2225
2026-08-18 17:00:00+00:00,197.7125
2026-08-18 18:00:00+00:00,201.3425
2026-08-18 19:00:00+00:00,199.3025
2026-08-18 20:00:00+00:00,191.385
2026-08-18 21:00:00+00:00,177.1425
2026-08-18 22:00:00+00:00,176.6
2026-08-18 23:00:00+00:00,157.6
2026-08-19 00:00:00+00:00,151.4125
2026-08-19 01:00:00+00:00,147.3
2026-08-19 02:00:00+00:00,148.995
2026-08-19 03:00:00+00:00,161.9
2026-08-19 04:00:00+00:00,184.895
2026-08-19 05:00:00+00:00,192.63
2026-08-19 06:00:00+00:00,190.865
2026-08-19 07:00:00+00:00,169.675
2026-08-19 08:00:00+00:00,151.41
2026-08-19 09:00:00+00:00,142.96
2026-08-19 10:00:00+00:00,136.08249999999998
2026-08-19 11:00:00+00:00,123.8025
2026-08-19 12:00:00+00:00,126.675
2026-08-19 13:00:00+00:00,130.2375
2026-08-19 14:00:00+00:00,137.23250000000002
2026-08-19 15:00:00+00:00,154.5025
2026-08-19 16:00:00+00:00,184.7125
2026-08-19 17:00:00+00:00,207.8325
2026-08-19 18:00:00+00:00,209.6425
2026-08-19 19:00:00+00:00,206.1225
2026-08-19 20:00:00+00:00,199.0975
2026-08-19 21:00:00+00:00,186.5475
2026-08-19 22:00:00+00:00,172.7125
2026-08-19 23:00:00+00:00,162.35000000000002
2026-08-20 00:00:00+00:00,153.73250000000002
2026-08-20 01:00:00+00:00,148.0075
2026-08-20 02:00:00+00:00,148.065
2026-08-20 03:00:00+00:00,156.445
2026-08-20 04:00:00+00:00,173.1625
2026-08-20 05:00:00+00:00,182.5525
2026-08-20 06:00:00+00:00,171.7475
2026-08-20 07:00:00+00:00,154.505
2026-08-20 08:00:00+00:00,135.74
2026-08-20 09:00:00+00:00,111.7675
2026-08-20 10:00:00+00:00,89.77
2026-08-20 11:00:00+00:00,72.275
2026-08-20 12:00:00+00:00,73.735
2026-08-20 13:00:00+00:00,74.83
2026-08-20 14:00:00+00:00,81.86
2026-08-20 15:00:00+00:00,122.4
2026-08-20 16:00:00+00:00,150.64
2026-08-20 17:00:00+00:00,159.1
2026-08-20 18:00:00+00:00,182.81
2026-08-20 19:00:00+00:00,195.6175
2026-08-20 20:00:00+00:00,187.9275
2026-08-20 21:00:00+00:00,173.015
2026-08-20 22:00:00+00:00,170.35
2026-08-20 23:00:00+00:00,160.49
2026-08-21 00:00:00+00:00,153.1725
2026-08-21 01:00:00+00:00,151.5075
2026-08-21 02:00:00+00:00,153.39249999999998
2026-08-21 03:00:00+00:00,160.485
2026-08-21 04:00:00+00:00,177.245
2026-08-21 05:00:00+00:00,193.89
2026-08-21 06:00:00+00:00,192.585
2026-08-21 07:00:00+00:00,167.82999999999998
2026-08-21 08:00:00+00:00,149.0
2026-08-21 09:00:00+00:00,136.89
2026-08-21 10:00:00+00:00,136.2975
2026-08-21 11:00:00+00:00,102.2575
2026-08-21 12:00:00+00:00,95.08
2026-08-21 13:00:00+00:00,87.50750000000001
2026-08-21 14:00:00+00:00,55.3575
2026-08-21 15:00:00+00:00,133.19
2026-08-21 16:00:00+00:00,162.6925
2026-08-21 17:00:00+00:00,175.4
2026-08-21 18:00:00+00:00,193.0025
2026-08-21 19:00:00+00:00,198.67
2026-08-21 20:00:00+00:00,187.4925
2026-08-21 21:00:00+00:00,173.5
2026-08-21 22:00:00+00:00,169.11
2026-08-21 23:00:00+00:00,161.5775
2026-08-22 00:00:00+00:00,158.7125
2026-08-22 01:00:00+00:00,154.515
2026-08-22 02:00:00+00:00,149.3
2026-08-22 03:00:00+00:00,147.925
2026-08-22 04:00:00+00:00,154.1
2026-08-22 05:00:00+00:00,144.1
2026-08-22 06:00:00+00:00,128.13
2026-08-22 07:00:00+00:00,84.4425
2026-08-22 08:00:00+00:00,17.79
2026-08-22 09:00:00+00:00,-0.0025
2026-08-22 10:00:00+00:00,0.9975
2026-08-22 11:00:00+00:00,-0.005
2026-08-22 12:00:00+00:00,-0.01
2026-08-22 13:00:00+00:00,-0.0075
2026-08-22 14:00:00+00:00,-0.0075
2026-08-22 15:00:00+00:00,20.1725
2026-08-22 16:00:00+00:00,108.545
2026-08-22 17:00:00+00:00,152.22250000000005
2026-08-22 18:00:00+00:00,168.9675
2026-08-22 19:00:00+00:00,172.57
2026-08-22 20:00:00+00:00,166.0275
2026-08-22 21:00:00+00:00,155.595
2026-08-22 22:00:00+00:00,141.1925
2026-08-22 23:00:00+00:00,131.3875
2026-08-23 00:00:00+00:00,124.675
2026-08-23 01:00:00+00:00,120.6225
2026-08-23 02:00:00+00:00,115.365
2026-08-23 03:00:00+00:00,119.565
2026-08-23 04:00:00+00:00,119.53
2026-08-23 05:00:00+00:00,102.0925
2026-08-23 06:00:00+00:00,52.93
2026-08-23 07:00:00+00:00,1.295
2026-08-23 08:00:00+00:00,-0.0975
2026-08-23 09:00:00+00:00,-1.15
2026-08-23 10:00:00+00:00,-2.075
2026-08-23 11:00:00+00:00,-3.93
2026-08-23 12:00:00+00:00,-3.21
2026-08-23 13:00:00+00:00,-0.7050000000000001
2026-08-23 14:00:00+00:00,-0.015
2026-08-23 15:00:00+00:00,-0.0075
2026-08-23 16:00:00+00:00,64.285
2026-08-23 17:00:00+00:00,126.05
2026-08-23 18:00:00+00:00,147.13
2026-08-23 19:00:00+00:00,164.4425
2026-08-23 20:00:00+00:00,161.32
2026-08-23 21:00:00+00:00,154.51
2026-08-23 22:00:00+00:00,143.27
2026-08-23 23:00:00+00:00,127.92
2026-08-24 00:00:00+00:00,123.8875
2026-08-24 01:00:00+00:00,65.0
2026-08-24 02:00:00+00:00,92.7475
2026-08-24 03:00:00+00:00,119.7925
2026-08-24 04:00:00+00:00,146.8125
2026-08-24 05:00:00+00:00,165.6825
2026-08-24 06:00:00+00:00,161.7575
2026-08-24 07:00:00+00:00,93.3875
2026-08-24 08:00:00+00:00,36.8
2026-08-24 09:00:00+00:00,5.05
2026-08-24 10:00:00+00:00,20.0
2026-08-24 11:00:00+00:00,0.92
2026-08-24 12:00:00+00:00,14.9975
2026-08-24 13:00:00+00:00,17.71
2026-08-24 14:00:00+00:00,50.4675
2026-08-24 15:00:00+00:00,99.955
2026-08-24 16:00:00+00:00,160.615
2026-08-24 17:00:00+00:00,184.805
2026-08-24 18:00:00+00:00,177.6675
2026-08-24 19:00:00+00:00,189.3325
2026-08-24 20:00:00+00:00,174.915
2026-08-24 21:00:00+00:00,157.32
2026-08-24 22:00:00+00:00,155.24
2026-08-24 23:00:00+00:00,149.8325
2026-08-25 00:00:00+00:00,144.9975
2026-08-25 01:00:00+00:00,141.2825
2026-08-25 02:00:00+00:00,141.62
2026-08-25 03:00:00+00:00,149.5675
2026-08-25 04:00:00+00:00,168.405
2026-08-25 05:00:00+00:00,180.595
2026-08-25 06:00:00+00:00,175.24
2026-08-25 07:00:00+00:00,159.4475
2026-08-25 08:00:00+00:00,139.77
2026-08-25 09:00:00+00:00,125.29
2026-08-25 10:00:00+00:00,119.3125
2026-08-25 11:00:00+00:00,114.7625
2026-08-25 12:00:00+00:00,117.37
2026-08-25 13:00:00+00:00,119.8
2026-08-25 14:00:00+00:00,120.0
2026-08-25 15:00:00+00:00,146.945
2026-08-25 16:00:00+00:00,167.7475
2026-08-25 17:00:00+00:00,209.68
2026-08-25 18:00:00+00:00,206.1175
2026-08-25 19:00:00+00:00,188.1775
2026-08-25 20:00:00+00:00,184.8475
2026-08-25 21:00:00+00:00,168.09
2026-08-25 22:00:00+00:00,165.885
2026-08-25 23:00:00+00:00,158.01999999999998
2026-08-26 00:00:00+00:00,153.485
2026-08-26 01:00:00+00:00,151.75
2026-08-26 02:00:00+00:00,152.5
2026-08-26 03:00:00+00:00,160.165
2026-08-26 04:00:00+00:00,178.34
2026-08-26 05:00:00+00:00,190.23
2026-08-26 06:00:00+00:00,193.52
2026-08-26 07:00:00+00:00,169.7975
2026-08-26 08:00:00+00:00,146.0125
2026-08-26 09:00:00+00:00,137.1925
2026-08-26 10:00:00+00:00,133.6575
2026-08-26 11:00:00+00:00,125.01
2026-08-26 12:00:00+00:00,122.98
2026-08-26 13:00:00+00:00,119.06
2026-08-26 14:00:00+00:00,131.4475
2026-08-26 15:00:00+00:00,155.7625
2026-08-26 16:00:00+00:00,182.09
2026-08-26 17:00:00+00:00,212.3225
2026-08-26 18:00:00+00:00,189.0325
2026-08-26 19:00:00+00:00,182.905
2026-08-26 20:00:00+00:00,168.355
2026-08-26 21:00:00+00:00,156.635
2026-08-26 22:00:00+00:00,153.7025
2026-08-26 23:00:00+00:00,146.85500000000002
2026-08-27 00:00:00+00:00,139.3875
2026-08-27 01:00:00+00:00,138.29000000000002
2026-08-27 02:00:00+00:00,139.69
2026-08-27 03:00:00+00:00,150.125
2026-08-27 04:00:00+00:00,169.9925
2026-08-27 05:00:00+00:00,175.6325
2026-08-27 06:00:00+00:00,176.1175
2026-08-27 07:00:00+00:00,164.95749999999998
2026-08-27 08:00:00+00:00,146.7775
2026-08-27 09:00:00+00:00,131.165
2026-08-27 10:00:00+00:00,127.01
2026-08-27 11:00:00+00:00,107.0825
2026-08-27 12:00:00+00:00,123.395
2026-08-27 13:00:00+00:00,132.305
2026-08-27 14:00:00+00:00,146.79
2026-08-27 15:00:00+00:00,159.72750000000002
2026-08-27 16:00:00+00:00,188.4925
2026-08-27 17:00:00+00:00,207.465
2026-08-27 18:00:00+00:00,197.5
2026-08-27 19:00:00+00:00,186.54
2026-08-27 20:00:00+00:00,182.5475
2026-08-27 21:00:00+00:00,166.8475
2026-08-27 22:00:00+00:00,173.4525
2026-08-27 23:00:00+00:00,159.37
2026-08-28 00:00:00+00:00,150.7475
2026-08-28 01:00:00+00:00,144.64
2026-08-28 02:00:00+00:00,144.87
2026-08-28 03:00:00+00:00,152.48250000000002
2026-08-28 04:00:00+00:00,174.77249999999998
2026-08-28 05:00:00+00:00,180.8225
2026-08-28 06:00:00+00:00,174.6375
2026-08-28 07:00:00+00:00,160.1
2026-08-28 08:00:00+00:00,138.0975
2026-08-28 09:00:00+00:00,111.27
2026-08-28 10:00:00+00:00,96.5725
2026-08-28 11:00:00+00:00,34.59
2026-08-28 12:00:00+00:00,57.9975
2026-08-28 13:00:00+00:00,59.095
2026-08-28 14:00:00+00:00,50.4175
2026-08-28 15:00:00+00:00,83.11500000000001
2026-08-28 16:00:00+00:00,146.54500000000002
2026-08-28 17:00:00+00:00,167.9925
2026-08-28 18:00:00+00:00,177.905
2026-08-28 19:00:00+00:00,168.57
2026-08-28 20:00:00+00:00,163.57999999999998
2026-08-28 21:00:00+00:00,151.155
2026-08-28 22:00:00+00:00,135.005
2026-08-28 23:00:00+00:00,116.09
2026-08-29 00:00:00+00:00,103.81
2026-08-29 01:00:00+00:00,97.1275
2026-08-29 02:00:00+00:00,96.2625
2026-08-29 03:00:00+00:00,99.765
2026-08-29 04:00:00+00:00,101.26
2026-08-29 05:00:00+00:00,103.1375
2026-08-29 06:00:00+00:00,61.8
2026-08-29 07:00:00+00:00,5.5825000000000005
2026-08-29 08:00:00+00:00,-0.005
2026-08-29 09:00:00+00:00,-0.0325
2026-08-29 10:00:00+00:00,-0.0325
2026-08-29 11:00:00+00:00,-0.095
2026-08-29 12:00:00+00:00,-0.0225
2026-08-29 13:00:00+00:00,-0.0775
2026-08-29 14:00:00+00:00,-0.095
2026-08-29 15:00:00+00:00,-0.0125
2026-08-29 16:00:00+00:00,7.895
2026-08-29 17:00:00+00:00,100.0625
2026-08-29 18:00:00+00:00,132.28
2026-08-29 19:00:00+00:00,136.7975
2026-08-29 20:00:00+00:00,133.4475
2026-08-29 21:00:00+00:00,137.9975
2026-08-29 22:00:00+00:00,120.6525
2026-08-29 23:00:00+00:00,105.8925
2026-08-30 00:00:00+00:00,91.595
2026-08-30 01:00:00+00:00,84.2975
2026-08-30 02:00:00+00:00,76.515
2026-08-30 03:00:00+00:00,80.305
2026-08-30 04:00:00+00:00,76.3025
2026-08-30 05:00:00+00:00,62.98
2026-08-30 06:00:00+00:00,23.595
2026-08-30 07:00:00+00:00,1.3325
2026-08-30 08:00:00+00:00,-0.075
2026-08-30 09:00:00+00:00,-0.1375
2026-08-30 10:00:00+00:00,-0.5125
2026-08-30 11:00:00+00:00,-1.0125
2026-08-30 12:00:00+00:00,-0.9775
2026-08-30 13:00:00+00:00,-0.1125
2026-08-30 14:00:00+00:00,-0.0125
2026-08-30 15:00:00+00:00,0.37
2026-08-30 16:00:00+00:00,106.96
2026-08-30 17:00:00+00:00,184.2775
2026-08-30 18:00:00+00:00,193.8625
2026-08-30 19:00:00+00:00,193.575
2026-08-30 20:00:00+00:00,181.0875
2026-08-30 21:00:00+00:00,162.0
2026-08-30 22:00:00+00:00,157.27
2026-08-30 23:00:00+00:00,116.7125
2026-08-31 00:00:00+00:00,65.315
2026-08-31 01:00:00+00:00,5.9025
2026-08-31 02:00:00+00:00,0.0
2026-08-31 03:00:00+00:00,17.53
2026-08-31 04:00:00+00:00,127.5075
2026-08-31 05:00:00+00:00,160.6525
2026-08-31 06:00:00+00:00,162.4375
2026-08-31 07:00:00+00:00,85.5125
2026-08-31 08:00:00+00:00,0.795
2026-08-31 09:00:00+00:00,0.0
2026-08-31 10:00:00+00:00,0.0
2026-08-31 11:00:00+00:00,-0.01
2026-08-31 12:00:00+00:00,-0.01
2026-08-31 13:00:00+00:00,-0.01
2026-08-31 14:00:00+00:00,-0.005
2026-08-31 15:00:00+00:00,25.05
2026-08-31 16:00:00+00:00,137.2225
2026-08-31 17:00:00+00:00,181.605
2026-08-31 18:00:00+00:00,193.515
2026-08-31 19:00:00+00:00,185.235
2026-08-31 20:00:00+00:00,174.35
2026-08-31 21:00:00+00:00,167.575
2026-08-31 22:00:00+00:00,169.13
2026-08-31 23:00:00+00:00,162.24
2026-09-01 00:00:00+00:00,149.9925
2026-09-01 01:00:00+00:00,147.03
2026-09-01 02:00:00+00:00,148.22750000000002
2026-09-01 03:00:00+00:00,158.91
2026-09-01 04:00:00+00:00,192.28
2026-09-01 05:00:00+00:00,207.025
2026-09-01 06:00:00+00:00,194.1475
2026-09-01 07:00:00+00:00,162.9575
2026-09-01 08:00:00+00:00,124.4975
2026-09-01 09:00:00+00:00,89.9975
2026-09-01 10:00:00+00:00,53.695
2026-09-01 11:00:00+00:00,34.3525
2026-09-01 12:00:00+00:00,38.605
2026-09-01 13:00:00+00:00,56.18
2026-09-01 14:00:00+00:00,100.8125
2026-09-01 15:00:00+00:00,146.9025
2026-09-01 16:00:00+00:00,180.3375
2026-09-01 17:00:00+00:00,216.3025
2026-09-01 18:00:00+00:00,233.285
2026-09-01 19:00:00+00:00,218.325
2026-09-01 20:00:00+00:00,201.6525
2026-09-01 21:00:00+00:00,182.415
2026-09-01 22:00:00+00:00,176.04
2026-09-01 23:00:00+00:00,168.75
2026-09-02 00:00:00+00:00,157.69
2026-09-02 01:00:00+00:00,153.1025
2026-09-02 02:00:00+00:00,153.1975
2026-09-02 03:00:00+00:00,171.51
2026-09-02 04:00:00+00:00,199.5725
2026-09-02 05:00:00+00:00,211.6675
2026-09-02 06:00:00+00:00,201.7275
2026-09-02 07:00:00+00:00,173.8975
2026-09-02 08:00:00+00:00,148.1525
2026-09-02 09:00:00+00:00,123.935
2026-09-02 10:00:00+00:00,105.8275
2026-09-02 11:00:00+00:00,78.5325
2026-09-02 12:00:00+00:00,89.47
2026-09-02 13:00:00+00:00,101.78
2026-09-02 14:00:00+00:00,124.2375
2026-09-02 15:00:00+00:00,163.07999999999998
2026-09-02 16:00:00+00:00,192.505
2026-09-02 17:00:00+00:00,213.8075
2026-09-02 18:00:00+00:00,237.835
2026-09-02 19:00:00+00:00,216.6875
2026-09-02 20:00:00+00:00,196.1175
2026-09-02 21:00:00+00:00,167.27
2026-09-02 22:00:00+00:00,181.4425
2026-09-02 23:00:00+00:00,172.405
2026-09-03 00:00:00+00:00,157.39499999999998
2026-09-03 01:00:00+00:00,140.9825
2026-09-03 02:00:00+00:00,125.37
2026-09-03 03:00:00+00:00,142.43
2026-09-03 04:00:00+00:00,175.585
2026-09-03 05:00:00+00:00,190.9975
2026-09-03 06:00:00+00:00,181.06
2026-09-03 07:00:00+00:00,149.5825
2026-09-03 08:00:00+00:00,115.0925
2026-09-03 09:00:00+00:00,86.875
2026-09-03 10:00:00+00:00,56.5325
2026-09-03 11:00:00+00:00,33.63
2026-09-03 12:00:00+00:00,31.635
2026-09-03 13:00:00+00:00,35.5975
2026-09-03 14:00:00+00:00,69.4125
2026-09-03 15:00:00+00:00,130.735
2026-09-03 16:00:00+00:00,173.5075
2026-09-03 17:00:00+00:00,201.625
2026-09-03 18:00:00+00:00,218.9675
2026-09-03 19:00:00+00:00,198.9725
2026-09-03 20:00:00+00:00,181.55
2026-09-03 21:00:00+00:00,168.66
2026-09-03 22:00:00+00:00,157.2825
2026-09-03 23:00:00+00:00,139.34
2026-09-04 00:00:00+00:00,124.6275
2026-09-04 01:00:00+00:00,122.785
2026-09-04 02:00:00+00:00,121.64
2026-09-04 03:00:00+00:00,130.0
2026-09-04 04:00:00+00:00,161.5925
2026-09-04 05:00:00+00:00,174.85
2026-09-04 06:00:00+00:00,175.53
2026-09-04 07:00:00+00:00,144.4275
2026-09-04 08:00:00+00:00,92.99
2026-09-04 09:00:00+00:00,51.2325
2026-09-04 10:00:00+00:00,24.35
2026-09-04 11:00:00+00:00,3.25
2026-09-04 12:00:00+00:00,2.9425
2026-09-04 13:00:00+00:00,5.609999999999999
2026-09-04 14:00:00+00:00,10.99
2026-09-04 15:00:00+00:00,68.3125
2026-09-04 16:00:00+00:00,134.07
2026-09-04 17:00:00+00:00,167.0525
2026-09-04 18:00:00+00:00,169.6975
2026-09-04 19:00:00+00:00,160.45
2026-09-04 20:00:00+00:00,153.895
2026-09-04 21:00:00+00:00,145.8625
2026-09-04 22:00:00+00:00,96.4875
2026-09-04 23:00:00+00:00,103.4275
2026-09-05 00:00:00+00:00,80.6
2026-09-05 01:00:00+00:00,68.0075
2026-09-05 02:00:00+00:00,63.5275
2026-09-05 03:00:00+00:00,66.03
2026-09-05 04:00:00+00:00,75.9125
2026-09-05 05:00:00+00:00,76.96
2026-09-05 06:00:00+00:00,64.0975
2026-09-05 07:00:00+00:00,37.085
2026-09-05 08:00:00+00:00,12.885
2026-09-05 09:00:00+00:00,9.8375
2026-09-05 10:00:00+00:00,7.0425
2026-09-05 11:00:00+00:00,-0.005
2026-09-05 12:00:00+00:00,-0.0075
2026-09-05 13:00:00+00:00,1.005
2026-09-05 14:00:00+00:00,17.4025
2026-09-05 15:00:00+00:00,75.88499999999999
2026-09-05 16:00:00+00:00,151.495
2026-09-05 17:00:00+00:00,185.3875
2026-09-05 18:00:00+00:00,180.75
2026-09-05 19:00:00+00:00,181.21
2026-09-05 20:00:00+00:00,178.2275
2026-09-05 21:00:00+00:00,164.76999999999998
2026-09-05 22:00:00+00:00,166.6525
2026-09-05 23:00:00+00:00,163.9875
2026-09-06 00:00:00+00:00,160.3625
2026-09-06 01:00:00+00:00,151.7975
2026-09-06 02:00:00+00:00,146.475
2026-09-06 03:00:00+00:00,147.04500000000002
2026-09-06 04:00:00+00:00,148.41500000000002
2026-09-06 05:00:00+00:00,135.28
2026-09-06 06:00:00+00:00,112.7575
2026-09-06 07:00:00+00:00,39.595
2026-09-06 08:00:00+00:00,0.535
2026-09-06 09:00:00+00:00,-0.005
2026-09-06 10:00:00+00:00,-0.01
2026-09-06 11:00:00+00:00,-0.055
2026-09-06 12:00:00+00:00,-0.0925
2026-09-06 13:00:00+00:00,-0.005
2026-09-06 14:00:00+00:00,19.945
2026-09-06 15:00:00+00:00,116.5925
2026-09-06 16:00:00+00:00,187.225
2026-09-06 17:00:00+00:00,222.315
2026-09-06 18:00:00+00:00,227.655
2026-09-06 19:00:00+00:00,206.155
2026-09-06 20:00:00+00:00,189.385
2026-09-06 21:00:00+00:00,170.59
2026-09-06 22:00:00+00:00,156.28
2026-09-06 23:00:00+00:00,151.39
2026-09-07 00:00:00+00:00,149.14249999999998
2026-09-07 01:00:00+00:00,149.08249999999998
2026-09-07 02:00:00+00:00,152.1525
2026-09-07 03:00:00+00:00,173.6125
2026-09-07 04:00:00+00:00,209.7075
2026-09-07 05:00:00+00:00,222.29
2026-09-07 06:00:00+00:00,212.3075
2026-09-07 07:00:00+00:00,188.6625
2026-09-07 08:00:00+00:00,157.0925
2026-09-07 09:00:00+00:00,130.9375
2026-09-07 10:00:00+00:00,94.0075
2026-09-07 11:00:00+00:00,67.2625
2026-09-07 12:00:00+00:00,69.215
2026-09-07 13:00:00+00:00,85.1125
2026-09-07 14:00:00+00:00,119.6225
2026-09-07 15:00:00+00:00,161.54500000000002
2026-09-07 16:00:00+00:00,208.0
2026-09-07 17:00:00+00:00,245.81
2026-09-07 18:00:00+00:00,236.24
2026-09-07 19:00:00+00:00,208.0475
2026-09-07 20:00:00+00:00,191.5925
2026-09-07 21:00:00+00:00,178.64
2026-09-07 22:00:00+00:00,181.41
2026-09-07 23:00:00+00:00,171.575
2026-09-08 00:00:00+00:00,160.915
2026-09-08 01:00:00+00:00,156.9925
2026-09-08 02:00:00+00:00,156.055
2026-09-08 03:00:00+00:00,170.35500000000002
2026-09-08 04:00:00+00:00,198.845
2026-09-08 05:00:00+00:00,213.715
2026-09-08 06:00:00+00:00,200.735
2026-09-08 07:00:00+00:00,160.92
2026-09-08 08:00:00+00:00,132.5325
2026-09-08 09:00:00+00:00,88.7575
2026-09-08 10:00:00+00:00,64.84
2026-09-08 11:00:00+00:00,39.2225
2026-09-08 12:00:00+00:00,56.1175
2026-09-08 13:00:00+00:00,55.0525
2026-09-08 14:00:00+00:00,73.67500000000001
2026-09-08 15:00:00+00:00,134.975
2026-09-08 16:00:00+00:00,181.4175
2026-09-08 17:00:00+00:00,206.995
2026-09-08 18:00:00+00:00,200.705
2026-09-08 19:00:00+00:00,212.45
2026-09-08 20:00:00+00:00,196.875
2026-09-08 21:00:00+00:00,177.48250000000002
2026-09-08 22:00:00+00:00,150.675
2026-09-08 23:00:00+00:00,147.1325
2026-09-09 00:00:00+00:00,145.2575
2026-09-09 01:00:00+00:00,141.625
2026-09-09 02:00:00+00:00,139.3025
2026-09-09 03:00:00+00:00,143.63
2026-09-09 04:00:00+00:00,172.185
2026-09-09 05:00:00+00:00,198.305
2026-09-09 06:00:00+00:00,198.0125
2026-09-09 07:00:00+00:00,163.24
2026-09-09 08:00:00+00:00,129.5525
2026-09-09 09:00:00+00:00,105.355
2026-09-09 10:00:00+00:00,89.0475
2026-09-09 11:00:00+00:00,68.2225
2026-09-09 12:00:00+00:00,67.535
2026-09-09 13:00:00+00:00,86.16
2026-09-09 14:00:00+00:00,104.9975
2026-09-09 15:00:00+00:00,155.89
2026-09-09 16:00:00+00:00,185.6
2026-09-09 17:00:00+00:00,218.42
2026-09-09 18:00:00+00:00,212.935
2026-09-09 19:00:00+00:00,201.17
2026-09-09 20:00:00+00:00,187.9925
2026-09-09 21:00:00+00:00,175.10000000000002
2026-09-09 22:00:00+00:00,183.6225
2026-09-09 23:00:00+00:00,177.7925
2026-09-10 00:00:00+00:00,171.95
2026-09-10 01:00:00+00:00,167.84
2026-09-10 02:00:00+00:00,169.81
2026-09-10 03:00:00+00:00,184.2575
2026-09-10 04:00:00+00:00,212.2
2026-09-10 05:00:00+00:00,232.1325
2026-09-10 06:00:00+00:00,222.045
2026-09-10 07:00:00+00:00,185.3625
2026-09-10 08:00:00+00:00,148.4275
2026-09-10 09:00:00+00:00,107.7625
2026-09-10 10:00:00+00:00,65.3925
2026-09-10 11:00:00+00:00,19.5825
2026-09-10 12:00:00+00:00,67.7375
2026-09-10 13:00:00+00:00,99.435
2026-09-10 14:00:00+00:00,120.8525
2026-09-10 15:00:00+00:00,178.785
2026-09-10 16:00:00+00:00,220.0
2026-09-10 17:00:00+00:00,260.0
2026-09-10 18:00:00+00:00,271.53
2026-09-10 19:00:00+00:00,254.7225
2026-09-10 20:00:00+00:00,225.285
2026-09-10 21:00:00+00:00,199.8075
2026-09-10 22:00:00+00:00,184.9975
2026-09-10 23:00:00+00:00,180.7175
2026-09-11 00:00:00+00:00,171.655
2026-09-11 01:00:00+00:00,165.34
2026-09-11 02:00:00+00:00,167.39249999999998
2026-09-11 03:00:00+00:00,177.17000000000002
2026-09-11 04:00:00+00:00,205.8675
2026-09-11 05:00:00+00:00,224.275
2026-09-11 06:00:00+00:00,215.83
2026-09-11 07:00:00+00:00,197.185
2026-09-11 08:00:00+00:00,178.8225
2026-09-11 09:00:00+00:00,128.8325
2026-09-11 10:00:00+00:00,102.0025
2026-09-11 11:00:00+00:00,59.945
2026-09-11 12:00:00+00:00,69.62
2026-09-11 13:00:00+00:00,71.1
2026-09-11 14:00:00+00:00,104.9975
2026-09-11 15:00:00+00:00,170.37
2026-09-11 16:00:00+00:00,248.1575
2026-09-11 17:00:00+00:00,272.8825
2026-09-11 18:00:00+00:00,271.5225
2026-09-11 19:00:00+00:00,242.5
2026-09-11 20:00:00+00:00,224.965
2026-09-11 21:00:00+00:00,204.7775
2026-09-11 22:00:00+00:00,205.8025
2026-09-11 23:00:00+00:00,199.035
2026-09-12 00:00:00+00:00,196.385
2026-09-12 01:00:00+00:00,189.3
2026-09-12 02:00:00+00:00,184.2325
2026-09-12 03:00:00+00:00,186.1675
2026-09-12 04:00:00+00:00,191.685
2026-09-12 05:00:00+00:00,192.6625
2026-09-12 06:00:00+00:00,169.665
2026-09-12 07:00:00+00:00,125.6375
2026-09-12 08:00:00+00:00,44.565
2026-09-12 09:00:00+00:00,0.0275
2026-09-12 10:00:00+00:00,0.0
2026-09-12 11:00:00+00:00,0.0
2026-09-12 12:00:00+00:00,0.0
2026-09-12 13:00:00+00:00,0.0
2026-09-12 14:00:00+00:00,0.0725
2026-09-12 15:00:00+00:00,66.25
2026-09-12 16:00:00+00:00,180.2975
2026-09-12 17:00:00+00:00,205.1
2026-09-12 18:00:00+00:00,210.1925
2026-09-12 19:00:00+00:00,203.7025
2026-09-12 20:00:00+00:00,198.59
2026-09-12 21:00:00+00:00,190.975
2026-09-12 22:00:00+00:00,177.8275
2026-09-12 23:00:00+00:00,167.595
2026-09-13 00:00:00+00:00,163.0275
2026-09-13 01:00:00+00:00,161.73
2026-09-13 02:00:00+00:00,164.055
2026-09-13 03:00:00+00:00,168.03
2026-09-13 04:00:00+00:00,178.5925
2026-09-13 05:00:00+00:00,181.7025
2026-09-13 06:00:00+00:00,164.61
2026-09-13 07:00:00+00:00,96.6875
2026-09-13 08:00:00+00:00,21.822499999999998
2026-09-13 09:00:00+00:00,0.0
2026-09-13 10:00:00+00:00,-0.005
2026-09-13 11:00:00+00:00,-0.01
2026-09-13 12:00:00+00:00,-0.01
2026-09-13 13:00:00+00:00,-0.01
2026-09-13 14:00:00+00:00,7.55
2026-09-13 15:00:00+00:00,123.1925
2026-09-13 16:00:00+00:00,207.975
2026-09-13 17:00:00+00:00,230.01
2026-09-13 18:00:00+00:00,233.83
2026-09-13 19:00:00+00:00,232.37
2026-09-13 20:00:00+00:00,227.46
2026-09-13 21:00:00+00:00,210.5875
2026-09-13 22:00:00+00:00,201.705
2026-09-13 23:00:00+00:00,187.8925
2026-09-14 00:00:00+00:00,184.1725
2026-09-14 01:00:00+00:00,183.8675
2026-09-14 02:00:00+00:00,183.755
2026-09-14 03:00:00+00:00,200.95
2026-09-14 04:00:00+00:00,229.865
2026-09-14 05:00:00+00:00,255.025
2026-09-14 06:00:00+00:00,265.8925
2026-09-14 07:00:00+00:00,246.63
2026-09-14 08:00:00+00:00,210.1225
2026-09-14 09:00:00+00:00,196.3425
2026-09-14 10:00:00+00:00,180.5
2026-09-14 11:00:00+00:00,150.4
2026-09-14 12:00:00+00:00,158.615
2026-09-14 13:00:00+00:00,164.9
2026-09-14 14:00:00+00:00,173.475
2026-09-14 15:00:00+00:00,204.4825
2026-09-14 16:00:00+00:00,262.295
2026-09-14 17:00:00+00:00,298.005
2026-09-14 18:00:00+00:00,305.82
2026-09-14 19:00:00+00:00,279.12
2026-09-14 20:00:00+00:00,245.96
2026-09-14 21:00:00+00:00,222.1275
2026-09-14 22:00:00+00:00,209.265
2026-09-14 23:00:00+00:00,198.015
2026-09-15 00:00:00+00:00,188.6325
2026-09-15 01:00:00+00:00,185.655
2026-09-15 02:00:00+00:00,183.55
2026-09-15 03:00:00+00:00,197.1
2026-09-15 04:00:00+00:00,233.6425
2026-09-15 05:00:00+00:00,240.46
2026-09-15 06:00:00+00:00,233.1125
2026-09-15 07:00:00+00:00,197.2025
2026-09-15 08:00:00+00:00,145.96
2026-09-15 09:00:00+00:00,100.0025
2026-09-15 10:00:00+00:00,56.0
2026-09-15 11:00:00+00:00,38.39
2026-09-15 12:00:00+00:00,49.7725
2026-09-15 13:00:00+00:00,55.2675
2026-09-15 14:00:00+00:00,84.2825
2026-09-15 15:00:00+00:00,165.68
2026-09-15 16:00:00+00:00,220.96
2026-09-15 17:00:00+00:00,258.255
2026-09-15 18:00:00+00:00,246.805
2026-09-15 19:00:00+00:00,222.3225
2026-09-15 20:00:00+00:00,201.1875
2026-09-15 21:00:00+00:00,183.5775
2026-09-15 22:00:00+00:00,176.7725
2026-09-15 23:00:00+00:00,171.2925
2026-09-16 00:00:00+00:00,168.78
2026-09-16 01:00:00+00:00,165.1225
2026-09-16 02:00:00+00:00,162.5525
2026-09-16 03:00:00+00:00,176.9625
2026-09-16 04:00:00+00:00,205.0
2026-09-16 05:00:00+00:00,233.9425
2026-09-16 06:00:00+00:00,224.9925
2026-09-16 07:00:00+00:00,201.565
2026-09-16 08:00:00+00:00,195.1025
2026-09-16 09:00:00+00:00,152.5975
2026-09-16 10:00:00+00:00,120.6025
2026-09-16 11:00:00+00:00,93.995
2026-09-16 12:00:00+00:00,102.0025
2026-09-16 13:00:00+00:00,100.6
2026-09-16 14:00:00+00:00,118.21
2026-09-16 15:00:00+00:00,164.4275
2026-09-16 16:00:00+00:00,231.93
2026-09-16 17:00:00+00:00,255.72000000000003
2026-09-16 18:00:00+00:00,247.075
2026-09-16 19:00:00+00:00,220.5775
2026-09-16 20:00:00+00:00,202.485
2026-09-16 21:00:00+00:00,186.3075
2026-09-16 22:00:00+00:00,173.7
2026-09-16 23:00:00+00:00,155.99
2026-09-17 00:00:00+00:00,136.125
2026-09-17 01:00:00+00:00,125.455
2026-09-17 02:00:00+00:00,130.45499999999998
2026-09-17 03:00:00+00:00,140.515
2026-09-17 04:00:00+00:00,183.5425
2026-09-17 05:00:00+00:00,202.425
2026-09-17 06:00:00+00:00,197.7175
2026-09-17 07:00:00+00:00,165.015
2026-09-17 08:00:00+00:00,101.205
2026-09-17 09:00:00+00:00,8.4675
2026-09-17 10:00:00+00:00,0.25
2026-09-17 11:00:00+00:00,0.0
2026-09-17 12:00:00+00:00,0.0
2026-09-17 13:00:00+00:00,6.75
2026-09-17 14:00:00+00:00,29.8625
2026-09-17 15:00:00+00:00,97.5425
2026-09-17 16:00:00+00:00,175.0475
2026-09-17 17:00:00+00:00,211.19
2026-09-17 18:00:00+00:00,222.035
2026-09-17 19:00:00+00:00,209.8325
2026-09-17 20:00:00+00:00,195.7525
2026-09-17 21:00:00+00:00,181.97
